video_id,subject,frame_id,timestamp_sec,image_file,ocr_text_raw,ocr_text_clean,raw_word_count,clean_word_count,clean_status
v1,SQL,0,0.0,C:\NCKH\VIDEO_LEARNING_RESEARCH\data\processed\keyframes\v1\v1_00000s.png,"® ® it & = t & t >) Windows 10 x64 = Je Solution! Microsoft SOL Server Management Studio P- 8 xX o- 3-2 -t w ANwan ARRAD to - se SH-. Obyect Splorer ~9™x Connect= FF o~ + Securty ° Rep Katon . PotyBase * Management ° & Ready => b J o, aa 1st PM = Oo & a ~~ & * PB ABD cro B","it t t je p- 8 xx o- 3-2 -t w anwan arrad to se sh- obyect splorer 9 x connect= ff o securty rep katon potybase management ready b j o, aa 1st pm oo a pb abd cro b",69,41,useful
v1,SQL,1,10.0,C:\NCKH\VIDEO_LEARNING_RESEARCH\data\processed\keyframes\v1\v1_00010s.png,5 ® it & = t & t >) Windows 10 x64 = Je Solution! Microsott SOL Server Management Saudio P- 8 xX Fle Ect View Project Toos Window Helo o- S- 2-2 Anew ae ARRAD Boe - RPASH-. Obyect Soplorer ~9™x Connect= FF G+ + Secuety ° Rep Katon . Patyfase ° & Ready att ~ 1131 PM = O & sa ~~ ©: * FP A-*O8D on,5 it t t je microsott sol server management saudio p- 8 xx fle ect view project toos window helo o- s- 2-2 anew ae arrad boe rpash- obyect soplorer 9 x connect= ff g+ secuety rep katon patyfase ready att 1131 pm o sa fp a-*o8d on,69,48,useful
v1,SQL,2,20.0,C:\NCKH\VIDEO_LEARNING_RESEARCH\data\processed\keyframes\v1\v1_00020s.png,@ | ie a t Ci te *) Windows 10 x64 = Je Solution! Microsott SOL Server Management Studio P- @ x Fle Ect View Project Toos Window Helo o- B- 2-2 Wf Anrad ARGLRAB 82 - PASH-. Obyect Spore ~9™x Connect- ¥ *¥ G+ WS ocalosmSQLEP ass (8Q_ Secver 1S ON - DESKTE + Securty + ii Repicanon . PolyBase + ©) Manegemert + EF] kivect Hofve & Ready =: - 1151 PM : ae © 3i a ~~ & FP ABD Cocco 3,ie a t ci te je microsott sol server management studio p- x fle ect view project toos window helo o- b- 2-2 wf anrad arglrab 82 pash- obyect spore 9 x connect- g+ ws ocalosmsqlep ass (8q_ secver 1s on deskte securty ii repicanon polybase manegemert ef] kivect hofve ready 1151 pm ae 3i a fp abd cocco 3,85,60,useful
v1,SQL,3,30.0,C:\NCKH\VIDEO_LEARNING_RESEARCH\data\processed\keyframes\v1\v1_00030s.png,"© q ie oS t s-| ts * Windows 10 x64 * Je Solution! Micros SOL Server Management Saudio P- @ x Fle Ect View Project Toos Window Helo °- B- o- fw Bnwae ABRRAL a Bs _ DASH-. Object Explorer ~o™x Connect ¥ F ow i Cero cur . Detscase C agree - Tabes - le able eaternal | aches > © Greph “able: = Bocas BD dees wr 1 Secunty @oswerer Wiest _p» Dotsssse D acrans mE? Tabes «0 Extens Tesoute + Prog-ammeabi ry . Storage . Secunt, + oo) Securty + Rep eaten +) Polyitane 7 os Manegernent & Ready =: . Sonam ~ 1st pm : aa © i a ~~ ET PB Ase I""","q ie os t s- ts je micros sol server management saudio p- x fle ect view project toos window helo b- o- fw bnwae abrral a bs _ dash- o x connect f ow i cero cur detscase c agree tabes le able eaternal aches greph able: bocas bd dees wr 1 secunty oswerer wiest _p dotsssse d acrans me tabes 0 extens tesoute prog-ammeabi ry storage secunt, oo) securty rep eaten polyitane 7 os manegernent ready sonam 1st pm aa i a et pb ase i""",119,88,useful
v1,SQL,4,40.0,C:\NCKH\VIDEO_LEARNING_RESEARCH\data\processed\keyframes\v1\v1_00040s.png,> u S ¢ o ts * Windows 10 x64 - Lf Solution! Microsoft SOL Server Management Studio e- 8 x File Edt View Projet Toos Window Helo 0-5 B+ o-TP Anway BELA EF Bs / ase eD-. Obyect oxplore ~7™x Conmect> ¥ 7*¥ ow WS dcalbosr SQL Ress (50. Sesver 1S. G20 - DESI Wl Cem ogrour ° Detscaze C agrans - Tapes - le ables eaternal | sobes = 9 Graph ‘able: B da vo ' Exte-ns Inscucco ‘ Security @ievt t ‘ DotsosseD acrens = Tabes 7 Extemal T22bes = Gregh “able: +) Progranmabe ry + Storage . cunt yoo Secu FD Ready =: ry -_ o 1st PM = LD tyoereceroseach O Bi mw £ « Le AD os o020 5,u s o ts lf e- 8 x file edt view projet toos window helo 0-5 b+ o-tp anway bela ef bs ase ed- obyect oxplore 7 x conmect> 7* ow ws dcalbosr sql ress (50. sesver 1s. g20 desi wl cem ogrour detscaze c agrans tapes le ables eaternal sobes 9 graph able: b da vo exte-ns inscucco security ievt t dotsossed acrens tabes 7 extemal t22bes gregh able: progranmabe ry storage cunt yoo secu fd ready ry -_ o 1st pm ld tyoereceroseach o bi mw le ad os o020 5,125,93,useful
v1,SQL,5,50.0,C:\NCKH\VIDEO_LEARNING_RESEARCH\data\processed\keyframes\v1\v1_00050s.png,"ece nt & Ao B oa<« &< =) Windows 10 x64 o CR sOtauery3sq localhostiSOLEXPRESS.cempground2 (DESKTOP STCUCTEiWin10 (S4i)* Microsoft SOL Server Management Studic Quid Launch (Cito) Pe &@ x File Edt View Quey oject Took Window Help = ' = = @-0/5-o-Gi | Anna ABSLAA LFH/9-C-|Bl|s _ Be SD-,. © P| | campground? | Dente o VSS@lB) SRF SM = =| zel ey Obpect Explore: EES SOLQuery3scl LTCUGTE:WAnID Say"" + X ~ 1 2278-85-11', 2, 181, 1082, 1, ‘78.28 = = — , = Connect= ¥ *F o+ 2, 2878-05-12"", 4, 103, 1008, 1, “25.00 - = BB localhost\SQLEXPRESS (SQL Server 18.0.000 - DESI « 3, °2828-05-12°, 4, 104, 1081, 1, °24.90° a Databases 4, '2828-85-65°, 1, 101, 1602, 6, '18.88°), ~ ll System Databases 5, °2828-€5-19"", 2, 181, 1082, @, “8.89""); 2 Database Snsoshots = & Campground I + @@ Datasase Diagrams = @ Tables = Gil System Tables Table structure for table SPOT = Wl FaeTables = a Extemal Tables © Wi Graph Tables CREATE TABLE SPOT = Z doa CAMPER SPOT_MUMBER int NOT MULL, = B dea RESERVATION SPOT_KAME varchar(S@) DEFAULT MILL, = Bi despor SPOT_LENGTH int DEFAULT NUL. ¥ i Views SPOT_PULLTHRU int DEFAULT MULL, FB Externe! Resources SPOT_ELECTRIC_AMPS int DEFAULT WULL. FEE Syronyms SPOT_WATER int DEFAULT NULL, * Programmahilty SPOT_SEWER int DEFAULT HULL 4 El Service Beokne SPOI_RATE_WORMAL cecimal(19,2) DEFAULT MULL. © Gt Storage SPOI_RATE_PEAK decims](1@.2) O&FAULT NULL + @ Os30sFroject = @ camperound2 -- Dumping cata for table SPOT @ Datzoase Diagrams -- = Ml Tables = Mi Systen Tables TWSERT INTO SPOT (SPOT_NUMBER, SPOT_MAME, SPOT LENGTH, SPOT PULL THRU, SPOT_FLECTRIC_AMPS, SPOT_WATER, SPOT_STWER, SPOT_RATE_RORMAL, SPOT_RATE_PraK > FileTables 101, “The Pines’, 55, 1, 5@, 1, 1, ‘35.08 $7.88°), = Extemal Taobes 102, ‘The Glade’, 5@, 8, 5@, 1, 1, ‘33.88 42,63""), = Sl Greph Tables 103, “Tearcrop Spot’, 28, 6, 28, 1, @, “15.88"", *22.28°), + Wl Views 1@4, “Tent In Trees‘, @, 8, @, 1, @, ""12.88"", “15.08 * External Resources + Mf Synonyms + ll Programmability Indexes for dumped tables * Serace Broker + Storage * 0 Secunty % * Wl Secunty v ffx - 4 P « > Fe Connected 11773 lacalhosf SQLXFRESS (75.0 DESKTOP-STCUOTEWWinld _ campground? 000000 Orcas DD Res ln 117 Zo Chi NS FE Type here to search Oo F mS ow Ho « e ao DL _ BR","ece nt ao b oa< o cr sotauery3sq .cempground2 stcucteiwin10 (s4i) microsoft sol server management studic quid launch (cito) pe x file edt view quey oject took window help -0/5-o-gi anna abslaa lfh/9-c- bl s _ be sd- p campground dente o vss lb) srf sm zel ey obpect explore: ees solquery3scl ltcugte:wanid say"" x 1 2278-85-11' 2, 181, 1082, 1, 78.28 connect= *f o+ 2, 2878-05-12"" 4, 103, 1008, 1, 25.00 bb (sql server 18.0.000 desi 3, 2828-05-12 4, 104, 1081, 1, 24.90 a databases 4, '2828-85-65 1, 101, 1602, 6, '18.88 ll system databases 5, 2828- 5-19"" 2, 181, 1082, 8.89"" 2 database snsoshots campground i datasase diagrams tables gil system tables table structure for table spot wl faetables a extemal tables wi graph tables create table spot z doa camper spot_mumber int not mull, b dea reservation spot_kame varchar(s default mill, bi despor spot_length int default nul. i views spot_pullthru int default mull, fb externe resources spot_electric_amps int default wull. fee syronyms spot_water int default null, programmahilty spot_sewer int default hull 4 el service beokne spoi_rate_wormal cecimal(19,2) default mull. gt storage spoi_rate_peak decims](1 .2) o fault null os30sfroject camperound2 dumping cata for table spot datzoase diagrams ml tables mi systen tables twsert into spot (spot_number, spot_mame, spot length, spot pull thru, spot_flectric_amps, spot_water, spot_stwer, spot_rate_rormal, spot_rate_prak filetables 101, the pines 55, 1, 5 1, 1, 35.08 7.88 extemal taobes 102, the glade 5 8, 5 1, 1, 33.88 42,63"" sl greph tables 103, tearcrop spot 28, 6, 28, 1, 15.88"" *22.28 wl views 1 4, tent in trees 8, 1, ""12.88"" 15.08 external resources mf synonyms ll programmability indexes for dumped tables serace broker storage 0 secunty wl secunty v ffx 4 p fe lacalhosf sqlxfress (75.0 _ campground orcas dd res ln 117 zo chi ns fe oo f ms ow ho e ao dl _ br",390,311,useful
v1,SQL,6,60.0,C:\NCKH\VIDEO_LEARNING_RESEARCH\data\processed\keyframes\v1\v1_00060s.png,"eee lt & RA - B o®a+<« &« =) Windows 10 x64 a JE SOLQuery3sqi_ locelhost\SQLEXPRESS.cempgrounc2 (DESKTOP STCUCTE:Win1C (S4i}* Microsoft SQL Server Management Studic ee ns ee Peo & x File Edt View Query Project Took Wincow Help @-0/5-o-id| Anan BQLRAA LG2/9-C-|Blsa - BPs so-. © FB | campgroune? + | D eects o VES M(B) SR S| = =| Rl ey Obpect Explorer SEES SQLQuenSccl |_TOUGTE Wind Say"" > X Comet ¥ Fe Tras. + = BB localhost SQLEXPRESS (SQL Server 18.0.2000 - DESI « -- Table structure for rable CA@ER & @@ Databases -- + Gl System Dstabases SEReaTe TABLE CAMPER ~ @@ Database Snaoshots CAMPER_MUMBER int WOT MULL, = Campground CAMPER_LAST_MAME varchar(8) DEFAULT NULL, * tif Datadase Diagrams CAMPER_FIRST_WAME varchar(B) DEFAULT MULL, = Mi Tables CAYPER_ADDRESS varchar (17) DEFAULT MULL. = System Tables CAMPER_CITY varcher(1@) DEFAAT Ww . = M@ FdeTables CAMPER_STATE varchar(2) DEFAULT NULL, 7 @ Extemal Tadbes CAMPER_ZIP_CODE verchar(S) DEFAULT NULL, = 08 Graph Tables CAMPER_DRIVERS_LICERSE varcher(11) DEFAULT NULL, = Bo CAMPer CAMPER_EPAIL verchar(26) DEFAULT NULL = 3 dba RESERVATION * B dasror 7 View F il External Resources -- Dumping cata for table CAMPER to Syronyms -- © Programmahility 4 I Service Benkor —INSERT INTO CAMPER (CAMPER_NUMEER, CAMPER_LAST_MAME, CAMPER_FIRST_NAME, CAMPER_ADORESS, CAMPER_CITY, CAMPER_STATE, CAMPER_ZIP_CODE, CAMPER_DRIVERS_I * Mil Storage (1008, “Jomes"", ‘Jamie’, ""1278 Essex Pl"", “Birmingham’, ""AL"", °45251"", °)3998743-98°, “jjones#somewhere.com""), Ml Seasity (101, “Schmidt”, ""Pat"", ""4954 Spanglec key"", ""El Paso”, ""TX"", ""79919"", ""87622434"", ‘patwonderfu4lanoshere.net’), + @ As30sFmject 1002, ""Williams"", “Clifford”, ""956 Segull Lane’, “Portland’, ""ME"", ""4108"", ‘WIL885123"", ""williams9342@fcomail.com’), + Brest 1@03, “Coocer’, ‘Amanda’, ""P. 0. Box 998877"", ‘Portsmcuth”, “CH”, “4S662"", ""76548768897"", “cooperainomtere.net’); = @ camporound2 1004, “Sarah', ‘Smith’, '123 Main st.', ‘Birmingham’, ""AL"", ""45252"", ‘ABC1234557', ‘ssmitnl23imowtere.net'); + lll Datsoase Diagrams — = Mi Tables -- ----------------------------------------+---------------- = Ml Systen Tables = @ FaeTables - = @ Extemal Taoles -- Table structure for table RESERVATION = Ml Greph Tables -- + Views % External Resources =CREATE TABLE RESERVATION ( * M@ Synonyms RESV_MUMBER tnt NOT MULL, + aff Programmabiiny RES¥_DATE date DEFAULT MULL, + Oli Serace Broker RESV_MIGHTS int DEFAULT W * @ Storage SPOT_MUMBER int DEFAULT MULL, * Gl Secunty CAMPER_MUMBER Int DEFAULT NULL, bs * wf Secunty vfs - 4 E <2 > fe Connected 17} localhow SOLMPRESS (15.0 DESKTOP-STOUCTS\Winld _ campground? 000000 D-oas DD Res ln 17 co Chi NS","eee lt ra b o a+ a je solquery3sqi_ locelhost sqlexpress.cempgrounc2 stcucte:win1c (s4i} microsoft sql server management studic ee ns ee peo x file edt view query project took wincow help -0/5-o-id anan bqlraa lg2/9-c- blsa bps so- fb campgroune d eects o ves m(b) sr s rl ey obpect explorer sees sqlquensccl _tougte wind say"" x comet fe tras. bb sqlexpress (sql server 18.0.2000 desi table structure for rable ca er databases gl system dstabases sereate table camper database snaoshots camper_mumber int wot mull, campground camper_last_mame varchar(8) default null, tif datadase diagrams camper_first_wame varchar(b) default mull, mi tables cayper_address varchar (17) default mull. system tables camper_city varcher(1 defaat ww m fdetables camper_state varchar(2) default null, 7 extemal tadbes camper_zip_code verchar(s) default null, 08 graph tables camper_drivers_licerse varcher(11) default null, bo camper camper_epail verchar(26) default null 3 dba reservation b dasror 7 view f il external resources dumping cata for table camper to syronyms programmahility 4 i service benkor insert into camper (camper_numeer, camper_last_mame, camper_first_name, camper_adoress, camper_city, camper_state, camper_zip_code, camper_drivers_i mil storage (1008, jomes"" jamie ""1278 essex pl"" birmingham ""al"" -98 jjones ml seasity (101, schmidt ""pat"" ""4954 spanglec key"" ""el paso ""tx"" as30sfmject 1002, ""williams"" clifford ""956 segull lane portland ""me"" ""4108"" wil885123"" ""williams9342 brest 1 03, coocer amanda ""p. 0. box portsmcuth ch 4s662"" camporound2 1004, sarah' smith '123 main st. birmingham ""al"" abc1234557' lll datsoase diagrams mi tables ml systen tables faetables extemal taoles table structure for table reservation ml greph tables views external resources =create table reservation m synonyms resv_mumber tnt not mull, aff programmabiiny res _date date default mull, oli serace broker resv_mights int default w storage spot_mumber int default mull, gl secunty camper_mumber int default null, bs wf secunty vfs 4 e <2 fe 17} localhow solmpress (15.0 winld _ campground d-oas dd res ln 17 co chi ns",386,305,useful
v1,SQL,7,70.0,C:\NCKH\VIDEO_LEARNING_RESEARCH\data\processed\keyframes\v1\v1_00070s.png,"eee i & So Bo ®a=« &< =) Windows 10 x64 a CR sOLQuer3.sq localhost SOLEXPRESS.cempground2 (DESKTOP STCUCTEXWin10 (S4iI"" Microsoft SOL Server Management Studio Quick Launch (Cr+) Peo ox Fle Edt View Query Project Took Wincow Help @-0|8- c-Si P| Anwray B2LRA 4G8/9-C-\alA _ Bsee-. = © SF | campgcura? + | Db cecte o VES @(B) SRF SM = =\ FRB, Obpect Explorer SEEM SOUQuery3scl |_TOUGTEWintD iSayj7 = X Conme- ¥ HET O* _ ial = BB localhost SQLEXPRESS (SQL Server 18.0.2000 - DESI + -- Table structure for table CAMPER & M@@ Databases -- > Ml Syste: Databases SCREATE TABLE CAMPER + Ml Database Snsoshots CAMPER_MUMBER Jt WOT HULL, = @ Campground CAMPER _LAST_MAME varchar(B) DEFAULT fl, * wil Datsoase Diagrams CAMPER_FIRST_WAME varchar(B) DEFAULT = Gi Tables CAMPER_ADDRESS varchar (17) DEFAULT WL, = Mil System Tables CAMPER _CITY varchar(1@) DEFAULT NUL|, = W@ FdeTables CAMPER STATE verchar(2) DEFAULT MULL, 7 @@ Extemal Tables CAYPER_ZIP_CODE verchar(S) DEFAULT NULL, > @ Graph Tables CAPPER_DRIVERS_LICENSE varcher(11) DEFAULT NULL, = 3 dha CAMPER CAMPER_BPAIL verchar(26) DEFAULT NULL = 3 deaRESERVATION = Bdbasror 7 Wl Views ¥ fll External Resources -- Dumping cata for table CAMPER 5 Syronyms _- © 1 Programmahility 4 it Service Brokor INSERT INTO CAMPER (CAMPER_NUMEER, CAYPER_LAST_MAME, CAMPER_FIRST_NAME, CAMPER_ADDRESS, CAMPER_CITY, CAMPER_STATE, CAMPER_ZIP_CODE, CAPER_ORIVERS_I « Mil Storege 1086, ‘Jones’, ‘Jamie’, ""1278 Essex Pl"", ‘Birmingham’, ""AL"", “45251°, °J2998743-98"", “jjonesiisomewhere.cca"" Ml Seasity 1001, ""Schmidt"", ""Sat"", ""4954 Spanglec bey"", “El Paso"", ""TX"", ""79919"", ""87622424"", ‘pateonderfus4lanoxhere.net”), 2 @ asz0sFreject 1002, ""Williams"", “Cliffore’, “956 Segull Lane"", “Portland”, ""ME"", ""4108"", “WILS85123"", “williams98242pfcomail.com’), 2 Brest 1083, “Coocer’, “Amanca’, “P. 0. Box 998877"", ‘Portsmouth’, “OH', ""45662"", ° 76548768897"", “cooperaiinowtere.net’); = WW campsround2 1084, ‘Sarah’, ‘Smith’, ‘125 Main st.', ‘Birmingnam’, ‘AL’, ‘4$252°, ‘ABC1224567"", ‘ssmitnl23imoemere.net'); + Ml Datzoase Diagrams — = Mi Tables -- -------------------------------------------------------- = Ml Systen Tables = FieTables -- = @@ Extemal Taoles -- Table structure for table RESERVATION = Gl Greph Tables -- + Mi Views | + @@ External Resources SCREATE TABLE RESERVATION ( * Ml Synonyms RESV_MUMBER int NOT MULL, + Wf Programmability RESV_DATE date DEFAULT MULL, + Gl Senace Broker RES¥_NIGHTS int DEFAULT W * tl Storage SPOT_MUMBER int DEFAULT W + Ml Secunty CAMPER_MUMBER int DEFAULT NULL, ¥ , Security ~Bioox - 4 d <a ; > Fe Connected 1177) localhosf SQULXFRESS (75.0 DESKTOP_STCUOTEWWinl0 _ campground? 000000 Orcas","eee i so bo a= a cr solquer3.sq solexpress.cempground2 stcuctexwin10 (s4ii"" quick launch (cr+ peo ox fle edt view query project took wincow help -0 8- c-si p anwray b2lra 4g8/9-c- ala _ bsee- sf campgcura db cecte o ves (b) srf sm frb, obpect explorer seem souquery3scl _tougtewintd isayj7 x conme- het o* _ ial bb sqlexpress (sql server 18.0.2000 desi table structure for table camper m databases ml syste: databases screate table camper ml database snsoshots camper_mumber jt wot hull, campground camper _last_mame varchar(b) default fl, wil datsoase diagrams camper_first_wame varchar(b) default gi tables camper_address varchar (17) default wl, mil system tables camper _city varchar(1 default nul w fdetables camper state verchar(2) default mull, 7 extemal tables cayper_zip_code verchar(s) default null, graph tables capper_drivers_license varcher(11) default null, 3 dha camper camper_bpail verchar(26) default null 3 deareservation bdbasror 7 wl views fll external resources dumping cata for table camper 5 syronyms _- 1 programmahility 4 it service brokor insert into camper (camper_numeer, cayper_last_mame, camper_first_name, camper_address, camper_city, camper_state, camper_zip_code, caper_orivers_i mil storege 1086, jones jamie ""1278 essex pl"" birmingham ""al"" j2998743-98"" jjonesiisomewhere.cca"" ml seasity 1001, ""schmidt"" ""sat"" ""4954 spanglec bey"" el paso"" ""tx"" 2 asz0sfreject 1002, ""williams"" cliffore 956 segull lane"" portland ""me"" ""4108"" wils85123"" 2 brest 1083, coocer amanca p. 0. box portsmouth oh' ww campsround2 1084, sarah smith 125 main st. birmingnam al 4 252 abc1224567"" ml datzoase diagrams mi tables ml systen tables fietables extemal taoles table structure for table reservation gl greph tables mi views external resources screate table reservation ml synonyms resv_mumber int not mull, wf programmability resv_date date default mull, gl senace broker res _nights int default w tl storage spot_mumber int default w ml secunty camper_mumber int default null, security bioox 4 d <a fe 1177) localhosf squlxfress (75.0 _ campground orcas",386,299,useful
v1,SQL,8,80.0,C:\NCKH\VIDEO_LEARNING_RESEARCH\data\processed\keyframes\v1\v1_00080s.png,"eee uc Roe ®a-=k< =) Windows 10 x64 o JE SOLQuery3.sq!_ locelhost\SQLEXPRESS.cempground2 (DESKTOP STCUCTEAWin10 (S4i)* Microsoft SQL Server Management Studic Quick Launch (Carl +Q) P- 8 xX File Edt View Query Project Took Window Help 0-9/5- a-Si d| Anwagy ALQLAA LFH\/9-C-|B\A _ Meso, © FB | campground? + | D cente o Vv SS M(B) SR S| = =| Rl ey Obyect Explorer SEES SCOLQuerySscl |_TOUGTEWintD Say"" = X a _- = Cone ¥ Fe Tras =CREATE TABLE CAMPER ; =! BB localhost\SQLEXPRESS (SQL Server 18.0.2000 - DESI CAMPER_MUMBER int WOI HULL, & Mil Databases CAMPER_LAST_MAME varchar(8) DEFAULT MULL, > Ml System Databases CAMPER_FIRST_MAME varchar(B) DEFAULT W + @@ Database Snapshots CAMPER_ADORESS varchar (17) DEFAULT tv ~ Campground CAMPER_CITY varchar(18) DEFRAT wl, * if Detsoase Diagrams CAMPER_STATE varchar(2) DEFAULT Mul, = Mi Tables CAMPER_ZTP_CODE verchar(S) DEFAULT NUL), = i System Tables CAMPER_DRIVERS LICERSE varchar (11) DEFAULT NUL, = i FaeTebles CAMPER_EPATL verchar(26) DEFAULT 1 = a@ Gxtemal Fadtes = @ Greph Tables = 3 ha CAmper = 3B doaRESERVATION Dumping data for table CAMPER = Bi desror 7 ll Views * Gl Exteel Reurees INSERT IHTO CAMPER (CAMPER MUPBER. CAMPER LAST MAME, CAMPER FIRST MAME, CAMPER_ADDRESS. CAMPER_CITY. CAMPER STATE. CAMPER ZIP CODE. CAMPER DRIVERS | ¥ GE Syronyms (1008, “Jones”, ‘Jamie’, “1278 Essex Pl"", “Birmingham’. “AL”, “45251°, °73998742-98°, “jjo7esisomewhere.com’), ¥ Gl Programmabily (1001, *, ‘Pat’, '4954 Spangled bey"", “El Paso”, “TX', 79919"", 87622424"", ‘patworderful4lanoshere.net""), 1 El Service Broker (1962. pe *Cliffore’, “956 Segull Lane’, ‘Portland’, ""NE"", ""4108"", “WILESS123"". “willians96342pfoomail.com’), 4 Mil Storage (1003, * y*, ‘Mmanda"", “P. 0. Box 998877"", “Portsmouth”, “OH”, “A5662°, ""76548768897"", “cooperainonhere.net*); + Gl Seamity ©(1004, “Sarsh"", “Smith”, °123 Main st."", “Birwingram’, “AL”, ""45251"", ""ABC1234567"", “ssmitn123gnownere.net""); +» @ 1S305F reject = WW campcround2 + Datsoase Diagrams -- = Mi Tables -- lable structure for table RESERVATION -- System Tables =. = Fae Tables = @@ Extemal Tables SCREATE TABLE RESERVATION ( = @@ Greph Tables RESV_MUMBER int NOT MULL, + M@ Views RESV_DATE date DEFAULT MULL, * External Resources RESV_NIGHTS int DEFALAT W * G@ Synonyms SPOT_MUPBER int DEFAULT 1 + af Programmabiiny CAMPER_NUMBER int DEFAULT Wi * Serace Broker RESV_RATE_ PEAK int DEFAULT > % Gil Stomage RESV DEPOSIT decimal (10,2) DEFAULT W + © Secunty ‘ * Wl Secunty vffios - 4 = <2 , > } Connected 117} localhosf SQUXERESS (15.0_ DESKTOP-STOUCTSWinl0 campground? 000000 Oras","eee uc roe a-=k< o je solquery3.sq _ locelhost sqlexpress.cempground2 stcucteawin10 (s4i) microsoft sql server management studic quick launch (carl +q) p- 8 xx file edt view query project took window help 0-9/5- a-si d anwagy alqlaa lfh /9-c- b a _ meso, fb campground d cente o vv ss m(b) sr s rl ey obyect explorer sees scolquerysscl _tougtewintd say"" x a _- cone fe tras =create table camper bb (sql server 18.0.2000 desi camper_mumber int woi hull, mil databases camper_last_mame varchar(8) default mull, ml system databases camper_first_mame varchar(b) default w database snapshots camper_adoress varchar (17) default tv campground camper_city varchar(18) defrat wl, if detsoase diagrams camper_state varchar(2) default mul, mi tables camper_ztp_code verchar(s) default nul) i system tables camper_drivers licerse varchar (11) default nul, i faetebles camper_epatl verchar(26) default 1 a gxtemal fadtes greph tables 3 ha camper 3b doareservation dumping data for table camper bi desror 7 ll views gl exteel reurees insert ihto camper (camper mupber. camper last mame, camper first mame, camper_address. camper_city. camper state. camper zip code. camper drivers ge syronyms (1008, jones jamie 1278 essex pl"" birmingham al -98 gl programmabily (1001, pat '4954 spangled bey"" el paso tx' 1 el service broker (1962. pe *cliffore 956 segull lane portland ""ne"" ""4108"" wiless123"" 4 mil storage (1003, y* mmanda"" p. 0. box portsmouth oh a5662 gl seamity (1004, sarsh"" smith 123 main st. birwingram al ""abc1234567"" 1s305f reject ww campcround2 datsoase diagrams mi tables lable structure for table reservation system tables fae tables extemal tables screate table reservation greph tables resv_mumber int not mull, m views resv_date date default mull, external resources resv_nights int defalat w g synonyms spot_mupber int default 1 af programmabiiny camper_number int default wi serace broker resv_rate_ peak int default gil stomage resv deposit decimal (10,2) default w secunty wl secunty vffios 4 <2 117} localhosf squxeress (15.0_ campground oras",391,311,useful
v1,SQL,9,90.0,C:\NCKH\VIDEO_LEARNING_RESEARCH\data\processed\keyframes\v1\v1_00090s.png,"eee 1 & Seo B oa<« &< >) Windows 10 x64 = XR SQLQuery3.sq' localhost\SQLEXPRESS.campground2 (DESKTOP STCUQTS\Win 10 (S4)* ‘Microsoft SQL Server Management Stucic Quack Lunch (Ctrl+Q) Pe 8B Xx Fle Edt View Quey Ornject Took Wincow Help @-O/5- a-Si | Anna BQLAA LF4/9-C-|B|s - PP SB-. © | compgrouna? | Dente © Vv SME) 88 SM = =| tele. Obyect Sxplcre- ~9~x SQiQuanlscl LTQUQTa Wind Say"" =X ~ Comets ¥ Par Gs 7 7 = BB localhostiSQLEXPRESS (SQL Server 15.0.2000 - DESI ~ -- = Wf Datedases -- Table structure far table RESERVATION 4 ‘System Dstabases -- + WB Database Snapshots = Campground =CREATE TABLE RESERVATION * Ml Detaoase Diagrams RESV_MUMBER int NOT MULL, = Ml Tables RESV_DATE date DEFAULT MULL, = MG System Tables RESV_NIGHTS int DEFAULT = a FleTables SPOT_NUMBER int DEFAULT NUL, 7 @ Extemal Tadbes CAMPER_MUMBER Int DEFAULT NULL, Oi Graph Tables RESV_RATE_PEAK int DEFAULT NULL, = 3 ha lamPer RES¥_DEPOSIT decimal(1@,2) DEFAULT WULL = 3 dba RESERVATION * Bdaspor 7 al Views F Ml External Resources -- Dumping cata for table RESERVATION + Syronyms -- 1 Gl Programmahilty 4 Il Service Brokor INSERT (70 RESERVATION (RESV_MUMBER, RESV_OATE, RESVMIGHTS, SPOT_MUMBER, CAPER NUMBER. RESV AATE PEAK, RESV DEPOSIT) VALUES ii ll Storage (1, ""202@-@5-117| 2, 11, 1062, 1, *2¢.08""), “i Security (2, ""2828-@5-12"", 4, 103, 1008, 1, *25.28""), + @ S305 eject (3, °202-@5-22"", 4, 104, 1081, 1, ""24.9@""), + Brent (4, °2028-86-@5°, 1, 101, 1062, @, *1¢.9e""), @ camperound2 (S, ""2822-06-19"", 2, 161, 1062, @, ""@.68""); + @ Datzoase Diagrams | = Mi Tables -- -------------------------------------------------------- = lll Systen Tables = @ FaeTobles -- = Sf Ettemal Tables -- Table structure far table sPoT = Ml Greph Tables -- + Views + Ml External Resources =CREATE TABLE SPOT * OB Synonyms SPOT_MUMBER int MOT Mult, + afl Programmabiiry SPOT_WAME varchae(S@) DEFAULT MULL, * OG Senace Broker SPOT_LENGTH int DEFAULT W * Oi Storage SPOT_PULLTHRU int DEFAULT We * Wl Seaumty SPOT_ELECTRIC_AMPS int DEFAULT WILL, ¥, + Wl Secunty vffioos% - 4 , <f > Connected 117} localbosh SQUXERESS (75.0 _ DESKTOP-STCUOTEAWinld _ campground? O00 Orcas FM Type here to search Oo FF mS ow Hs e i BR","eee 1 seo b oa< xr sqlquery3.sq' .campground2 stcuqts win 10 (s4) microsoft sql server management stucic quack lunch (ctrl+q) pe 8b xx fle edt view quey ornject took wincow help -o/5- a-si anna bqlaa lf4/9-c- b s pp sb- compgrouna dente vv sme) 88 sm tele. obyect sxplcre- 9 x sqiquanlscl ltquqta wind say"" =x comets par gs 7 7 bb (sql server 15.0.2000 desi wf datedases table structure far table reservation 4 system dstabases wb database snapshots campground =create table reservation ml detaoase diagrams resv_mumber int not mull, ml tables resv_date date default mull, mg system tables resv_nights int default a fletables spot_number int default nul, 7 extemal tadbes camper_mumber int default null, oi graph tables resv_rate_peak int default null, 3 ha lamper res _deposit decimal(1 ,2) default wull 3 dba reservation bdaspor 7 al views f ml external resources dumping cata for table reservation syronyms 1 gl programmahilty 4 il service brokor insert (70 reservation (resv_mumber, resv_oate, resvmights, spot_mumber, caper number. resv aate peak, resv deposit) values ii ll storage (1, ""202 5-117 2, 11, 1062, 1, *2 .08"" i security (2, ""2828- 5-12"" 4, 103, 1008, 1, *25.28"" s305 eject (3, 202- 5-22"" 4, 104, 1081, 1, ""24.9 brent (4, 2028-86- 5 1, 101, 1062, *1 .9e"" camperound2 (s, ""2822-06-19"" 2, 161, 1062, .68"" datzoase diagrams mi tables lll systen tables faetobles sf ettemal tables table structure far table spot ml greph tables views ml external resources =create table spot ob synonyms spot_mumber int mot mult, afl programmabiiry spot_wame varchae(s default mull, og senace broker spot_length int default w oi storage spot_pullthru int default we wl seaumty spot_electric_amps int default will, wl secunty vffioos 4 <f 117} localbosh squxeress (75.0 _ _ campground o00 orcas fm oo ff ms ow hs e i br",363,298,useful
v1,SQL,10,100.0,C:\NCKH\VIDEO_LEARNING_RESEARCH\data\processed\keyframes\v1\v1_00100s.png,"ece nt & Ros a= &< =) Windows 10 x64 = JE SOLQuery3.sq!_ localhostiSQLEXPRESS.cempground2 (DESKTOP STCUCTE:Win10 (S4i}* Microsoft SQL Server Management Studic Sais Seinen (Cue fr= 2 x Fle Edt View Query moje Took Window Help @-0/5-b-Si | Anwagy ALSLAA LFH/9-C-|B\A (ASD. © F| campgoune? | DP eecte o VES @(B) SR SM = =/ Rl ey Obpect Explorer EES SO Quer3scl | TOUTE WanID sayy = X a rs Coma ¥ Yu YG + i a = B localhost\SQLEXPRESS (SQL Server 18.0.2000 - DESI ~ = INSERT INTO RESERVATION (RESV_MUMBER, RESV_DATE, RESV_NIGHTS, SPOT_NUMBER, CAMPER_MUMBER, RESV_RATE_PEAK, RESV_DEPOSIT) VALUES & Ml Databases 1, ""2828-25-11"", 2, 181, 1682, 1, '22.28'), = GB System Dstabases 2, 2828-85-12"", 4, 183, 1608, 1, '25.98' 2 Ostabase Snapshots 3, '2878-85-12', 4, 104, 1081, 1, '24.98° = Campground 4, °2828-6-05"", 1, 161, 1082, @, ‘10.90° * Ml Datsoase Diagrams 5, 2828-85-19"", 2, 181, 1082, @, ‘8.88°); = Mi Tables = System Tables Phan eee enn en nnn n nn nen men nn nnn nee en nese ee en nee nne ene nen ne ene = FdeTables = Extemal Tadbes ~ i Greph Tables -- Table structure tor teble SPOT = Bo Camper = 3 doa RESERVATION * Bdbospor CREATE TABLE SPOT ‘ Viewes, SPOT_WUMBER int NOT NULL, i Gt External Rescumces SPOT_NAME varchar(5@) DEFAULT NULL, ® Ei Syronyms _ ‘SPOT_LENGTH int DEFAULT NUL_, il Programmability SPOT_PULLTHRU int DEFAULT NULL # Il Service Brokor ‘SPOT_ELECTRIC_AMPS int DEFAULT NULL, ‘= Storage SPOT_WATER int DEFAULT NULL, + BB Seawity SPOT_SEWER int DEFAULT NULL, + @ 01S305Froject SPOT_RATE_MORMAL cecimal(10,2) DEFAULT ULL, * Brest SPOT_RATE_PEAK decimal(1@,2) DEFAULT NULL & @ Dataoase Diagrams if = Mil Tables =-- + @& System Tables ++ Dumping cata for table seor = @ FaeTables - = @& Extemal Tables = Mf Greph Tables SIMSERT INTO SPOT (SPOT_MUMBER, SPOT_MAME. SPOT_LENGTH, SPOT_PULLTHRU, SPOT_ELECTRIC_AMPS, SPOT_MATER, SPOT_SEHER, SPOT_RATE_NORMAL, SPOT_RATE_PEAK + Ml Views lel, ‘re Zines"", ssf) ap/Sa/ay ay ssiearyraziaa yy + Ml External Resources (102, “The Glade"", S@, 8, S®, 2, 1, ""32.08"", °47.02""), + Mf Synonyms (103, ‘Tearcrop Spot’, 20, ©, 28, 1, @, ""15.08"", '72.28°), i ll Programmabiity (104, ‘Tent Tn Trees"", 8, 8. 8, 1, ©, ‘12.28"", ‘15-08""); * UG Serace Broker 7 + Storage j= = * Wl Secunty Indexes tor dumped tables y * Security ~ Bios - << , <B > & Conneceed 1179) localhosf,SQUIGRESS (15.0 _ DESKTOP-STOUQTSWinld _ campground? 000000 Droas Pil Type here to search Oo FF mw HH « e eo Dl, B","ece nt ros a= je solquery3.sq _ .cempground2 stcucte:win10 (s4i} microsoft sql server management studic sais seinen (cue fr= 2 x fle edt view query moje took window help -0/5-b-si anwagy alslaa lfh/9-c- b a (asd. f campgoune dp eecte o ves (b) sr sm rl ey obpect explorer ees so quer3scl toute wanid sayy x a rs coma yu yg i a b (sql server 18.0.2000 desi insert into reservation (resv_mumber, resv_date, resv_nights, spot_number, camper_mumber, resv_rate_peak, resv_deposit) values ml databases 1, ""2828-25-11"" 2, 181, 1682, 1, '22.28' gb system dstabases 2, 2828-85-12"" 4, 183, 1608, 1, '25.98' 2 ostabase snapshots 3, '2878-85-12' 4, 104, 1081, 1, '24.98 campground 4, 2828-6-05"" 1, 161, 1082, 10.90 ml datsoase diagrams 5, 2828-85-19"" 2, 181, 1082, 8.88 mi tables system tables phan eee enn en nnn n nn nen men nn nnn nee en nese ee en nee nne ene nen ne ene fdetables extemal tadbes i greph tables table structure tor teble spot bo camper 3 doa reservation bdbospor create table spot viewes, spot_wumber int not null, i gt external rescumces spot_name varchar(5 default null, ei syronyms _ spot_length int default nul_, il programmability spot_pullthru int default null il service brokor spot_electric_amps int default null, storage spot_water int default null, bb seawity spot_sewer int default null, 01s305froject spot_rate_mormal cecimal(10,2) default ull, brest spot_rate_peak decimal(1 ,2) default null dataoase diagrams if mil tables system tables dumping cata for table seor faetables extemal tables mf greph tables simsert into spot (spot_mumber, spot_mame. spot_length, spot_pullthru, spot_electric_amps, spot_mater, spot_seher, spot_rate_normal, spot_rate_peak ml views lel, re zines"" ssf) ap/sa/ay ay ssiearyraziaa yy ml external resources (102, the glade"" s 8, s 2, 1, ""32.08"" 47.02"" mf synonyms (103, tearcrop spot 20, 28, 1, ""15.08"" '72.28 i ll programmabiity (104, tent tn trees"" 8, 8. 8, 1, 12.28"" 15-08"" ug serace broker 7 storage j= wl secunty indexes tor dumped tables y security bios <b conneceed 1179) localhosf,squigress (15.0 _ _ campground droas pil oo ff mw hh e eo dl, b",412,334,useful
v1,SQL,11,110.0,C:\NCKH\VIDEO_LEARNING_RESEARCH\data\processed\keyframes\v1\v1_00110s.png,"ese 1 & Ao B e®a=« &< =) Windows 10 x64 o R SOLQuery3.sq localhost,SOLEXPRESS. campground (DESKTOP STCUCTEWin 10 (S4is"" Microsoft SOL Server Management Stucic Quick Launch (Cerl+Q) Pe 8 xX Fle Edt View Query Onject Took Window Help @-0/35- c-Si d| Anray AQLAA LAG|9-C-|B\sa _ BAe SD-, © 9F | campground? | Deecte eV EGE) PR SN = =| tele. Obpect Explores SEES SOQuery3scl I TOUGTEWintD Say"" = X a"" T_RAT cimal(1@,2) DEFAULT MULL ra C -¥4¥erGs SPOT_RATE_PEAK decima = = BB localhost SQLEXPRESS (SQL Server 18.0.2000 - DESI « & M@@ Databases =-- + Gl System Dstabases -- Dumping cata for table S?0T 4 Dstabase Snsoshots =. = BB Campground + lt Detsoase Diagrams =IMSERT TNTO SPOT (SPOT_WUMBER, SPOT_MAME, SPOT_LENGTH, SPOT_PULLTHRU, SPOT_ELECTRIC_AMPS, SPOT_WATER, SPOT_STWER, SPOT_RATE_NORMAL, SPOT_RATE_PTAK = MiTabies 81, ‘== Fines"" 55,1) 58, 1) 1, ""35-88"", *42-68""), = SS Sistem Tables (02, “The Glade"", se. 8, 58, 1, 1, '33.60"", ""42.00°). ~ mS FaeTables (103, ‘Tearcrop Spot"", 20, ©, 28, 1, @, ""15.08"", '22.20""), = WB Ecemel Tobhes (104, “Tent In Trees"". 8, 8, ©. 1, ©, ""12.20"", °15.08""); =o Greph lables EEE = Bo Camper = 3 doa RESERVATION Indexes for dumped tables * Bi dasror . 1 Views © Nl Spronyms -- Indexes for teble CAMPER 1 Prog-ammability 8. Mil Service Beokor ALTER TASLE CAMPER 4 Ml Storage ADD PRIMARY KEY (CAMPER_NUPBER) ; © MB Seamity l 2 @ CS30SF reject a + Brest == Indexes for table RESERVATION = i camporound2 -- + Ml Datsoase Diagrams SALTER TASLE RESERVATION = Mi Tables ADD PRIMARY KEY (RESV_NUMGER)> + Gi System Tables = Wl FaeTables — = @ Extemal Tadles ~- Indexes for table SPOT = i Greph Tables _- + Wi Views SALTER TASLE SPOT * External Resources ADO PRIMARY KEY (SPOT_NUMBER) + EB Synonyms + Of Programmabiliny E-- * UH Serace Broker -- Constraints for cumped tables + Of Storage as * al Secunty + * Security ~Biox% - 4 , <2 ; > % Connected 17} localhos\ SQLEXERESS (15.0 DESKTOP-STCUQTS:Winl0 _ campground? 000000 Oroas f-fim O Type here to search e) Si | 7 ial Ht A P wo DD. - B","ese 1 ao b e a= o r solquery3.sq ,solexpress. campground stcuctewin 10 (s4is"" microsoft sol server management stucic quick launch (cerl+q) pe 8 xx fle edt view query onject took window help -0/35- c-si d anray aqlaa lag 9-c- b sa _ bae sd- 9f campground deecte ev ege) pr sn tele. obpect explores sees soquery3scl i tougtewintd say"" x a"" t_rat cimal(1 ,2) default mull ra c 4 ergs spot_rate_peak decima bb sqlexpress (sql server 18.0.2000 desi m databases gl system dstabases dumping cata for table s 0t 4 dstabase snsoshots bb campground lt detsoase diagrams =imsert tnto spot (spot_wumber, spot_mame, spot_length, spot_pullthru, spot_electric_amps, spot_water, spot_stwer, spot_rate_normal, spot_rate_ptak mitabies 81, fines"" 55,1) 58, 1) 1, ""35-88"" *42-68"" ss sistem tables (02, the glade"" se. 8, 58, 1, 1, '33.60"" ""42.00 ms faetables (103, tearcrop spot"" 20, 28, 1, ""15.08"" '22.20"" wb ecemel tobhes (104, tent in trees"" 8, 8, 1, ""12.20"" 15.08"" =o greph lables eee bo camper 3 doa reservation indexes for dumped tables bi dasror 1 views nl spronyms indexes for teble camper 1 prog-ammability 8. mil service beokor alter tasle camper 4 ml storage add primary key (camper_nupber) mb seamity l 2 cs30sf reject a brest indexes for table reservation i camporound2 ml datsoase diagrams salter tasle reservation mi tables add primary key (resv_numger) gi system tables wl faetables extemal tadles indexes for table spot i greph tables _- wi views salter tasle spot external resources ado primary key (spot_number) eb synonyms of programmabiliny e- uh serace broker constraints for cumped tables of storage as al secunty security biox 4 <2 17} localhos sqlexeress (15.0 :winl0 _ campground oroas f-fim o e) si 7 ial ht a p wo dd. b",358,286,useful
v1,SQL,12,120.0,C:\NCKH\VIDEO_LEARNING_RESEARCH\data\processed\keyframes\v1\v1_00120s.png,"eee ug Ro .B oaa= 6<¢ >) Windows 10 x64 a x =e aman == = = Quick Launch (Ctrl+Q) Pe 8 xX File Edt View Quey Omject Took Window Help @-0/5-o-Di | Anna AZLAS *H0/9-c-\BlA eee. © FB | campground? -|D mente 0 VSS GB) SR SN = =| Fel ee Obpect Explorer BEBE SQQuer3scl LTCUGTEWinID Say"" = X ™ -- ra Conmect> ¥ Faeyr ow rs = B localhost SQLEXPRESS (SQL Server 18.0.2000 - DESI « -- & M@@ Databases -- Indexes for table CAMPER a ‘System Dstabases -- + Wl Database Snsoshots SALTER TASLE CAMPER = Campground ADO PRIMARY KEY (CAMPER_NUMBER) ; + W Dataoase Diagrams = @@ Tables E-- = Gi System Tables -- Indexes for table RESERVATION = FdeTables - - Saemel Tables ALTER TABLE RESERVATION ir Graph Tables ADD PRIMARY KEY (RESV_HUMBER); = 3 da CAmper = 3 dso RESERVATION * Bi dbasror Indexes for teble SPOT F 0 View * a Externe Resources, —~ALTER TASLE SPOT * © Syronyms ADD PRIMARY KEY (SPOT_HUMBER); 1G Prog-ammabilty 1 Mt Service Brokor — © Mt Storage -- Constraints for cumped tables + Ol Seamity _- + @ 0S305Froject = i comporound2 -- Constraints for table RESERVAILON + @ Dataoase Diagrams -- = Ml Tables SALIER TASLE RESERVATION = WE System Tables ADO CONSTRAINT FK_CAMPER_NUMSER FOREIGN KEY (CAMPER_NUMSER) REFERENCES CASPER (CAMPER_NUMBER) ; + @@ FadeTables = @ Extemal Tables ALTER TASLE RESERVATION = @@ Greph Tables SOO CONSTRAINT FK_SPOT_MUMBER FOREIGN KEY (SPOT_MUMBER) REFERENCES SPOT (S°OT_MUMBER + Ml Views 7 + External Resources * ll Synonyms + Of Programmabiliny * Oi Serace Broker + Mt Storage * Wi Secunty ‘i + Security ~ Bios - ¢ , <2 : 5 Connected {177} localhosf SQUXERESS (15.0 DESKTOP-STCUQTS\Winld _ campground? 000000 Droas Pil 2 Type here to search Oo FF ma ow HH « a mee Does 5","eee ug ro .b oaa= 6< a x =e aman quick launch (ctrl+q) pe 8 xx file edt view quey omject took window help -0/5-o-di anna azlas *h0/9-c- bla eee. fb campground d mente 0 vss gb) sr sn fel ee obpect explorer bebe sqquer3scl ltcugtewinid say"" x ra conmect> faeyr ow rs b sqlexpress (sql server 18.0.2000 desi m databases indexes for table camper a system dstabases wl database snsoshots salter tasle camper campground ado primary key (camper_number) w dataoase diagrams tables e- gi system tables indexes for table reservation fdetables saemel tables alter table reservation ir graph tables add primary key (resv_humber) 3 da camper 3 dso reservation bi dbasror indexes for teble spot f 0 view a externe resources, alter tasle spot syronyms add primary key (spot_humber) 1g prog-ammabilty 1 mt service brokor mt storage constraints for cumped tables ol seamity _- 0s305froject i comporound2 constraints for table reservailon dataoase diagrams ml tables salier tasle reservation we system tables ado constraint fk_camper_numser foreign key (camper_numser) references casper (camper_number) fadetables extemal tables alter tasle reservation greph tables soo constraint fk_spot_mumber foreign key (spot_mumber) references spot (s ot_mumber ml views 7 external resources ll synonyms of programmabiliny oi serace broker mt storage wi secunty i security bios <2 5 {177} localhosf squxeress (15.0 winld _ campground droas pil 2 oo ff ma ow hh a mee does 5",308,229,useful
v1,SQL,13,130.0,C:\NCKH\VIDEO_LEARNING_RESEARCH\data\processed\keyframes\v1\v1_00130s.png,"ese rt & Aes o®a-+= &< =) Windows 10 x64 o R a a - a Studs Quick Launch (Cert +Q) Pe BX File Edt View Quey Project Took Window Help @-0/3- a-Si Anna ALLAA LG4/9-¢-|Bl|a ATES © FB | campground? + | DP cente o v SS M(B) FR S| = =| tele, Object Explorer SEEM SQUQuery3scl | TOUGTE Wand Say"" = X - rs come YT GH ~ * = GB localhost SQLEXPRESS (SQL Server 18.0.2000 - DESI « -- & M@@ Databases -- Indexes for table CAMPER + @@ System Databases -- + MB Database Snazoshots SALTER TASLE CAMPER = @ Campground ADO PRIMARY KY (CAMPTR_NUMBER + W@® Datasase Diagrams = Mi Tables E-- = Gl System Tables -- Indexes for table RESERVATION = i FieTables - = a Extemal Tables ALTER TABLE RESERVATION = MG Graph Tables ADD PRIMARY KEY (RESV_HUMBER); = Bocas = EB dso RESERVATION * Bi dospor Indexes for teble SPOT F a Views © Gil Externe! Resouress “ALTER TASLE SPOT GE Syronyms ADD PRIMARY KEY (SPOT_HUMEER); 1 Prog-ammabilty 4 EB Service Broker — * Mit Storage -- Constraints for cumped tables © Gi Seamity -- # @ CS3SFroject = Ww comporound2 -- Constraints for table RESERVATION + @ Datsoase Diagrams -- = Mi Tables SALTER TASLE RESERVATLOW = System Tables ADO CONSTRAINT FK_CAMPER_NUMSER FOREIGN KEY (CAnPeR_nurseR) REFERENCES CAMPER (CAMPER_NUMBER) ; = @ FaeTobles = Mi Extemal Tables ALTER TASLE RESERVATION = @@ Greph Tables SOO CONSTRAINT FK_SPOT_MUMBER FOREIeN KEY QSS000MIRBEN) REFERENCES SPOT (S°OT_MUMBER) : + Wi Views : - * External Resources * Mf Synonyms + Gf Programmabiliny * OM Serace Broker + Mf Storage + © Secunty i * Wl Secunty vffios - 4 = <2 é > F Connected 1173 localhosSQUAPRESS (15.0 DESKTOP-STOUQTEAWin10 __ campground? 0000.00 Droas Oo Res ln 116 col S7 Ch ST NS PaO Type here to search O 8 Lc a oe of mE aes 5","ese rt aes o a- o r a a a studs quick launch (cert +q) pe bx file edt view quey project took window help -0/3- a-si anna allaa lg4/9- bl a ates fb campground dp cente o v ss m(b) fr s tele, seem sququery3scl tougte wand say"" x rs come yt gh gb sqlexpress (sql server 18.0.2000 desi m databases indexes for table camper system databases mb database snazoshots salter tasle camper campground ado primary ky (camptr_number w datasase diagrams mi tables e- gl system tables indexes for table reservation i fietables a extemal tables alter table reservation mg graph tables add primary key (resv_humber) bocas eb dso reservation bi dospor indexes for teble spot f a views gil externe resouress alter tasle spot ge syronyms add primary key (spot_humeer) 1 prog-ammabilty 4 eb service broker mit storage constraints for cumped tables gi seamity cs3sfroject ww comporound2 constraints for table reservation datsoase diagrams mi tables salter tasle reservatlow system tables ado constraint fk_camper_numser foreign key (canper_nurser) references camper (camper_number) faetobles mi extemal tables alter tasle reservation greph tables soo constraint fk_spot_mumber foreien key qss000mirben) references spot (s ot_mumber) wi views external resources mf synonyms gf programmabiliny om serace broker mf storage secunty i wl secunty vffios 4 <2 f 1173 localhossquapress (15.0 __ campground 0000.00 droas oo res ln 116 col s7 ch st ns pao o 8 lc a oe of me aes 5",320,237,useful
v1,SQL,14,140.0,C:\NCKH\VIDEO_LEARNING_RESEARCH\data\processed\keyframes\v1\v1_00140s.png,"eee ri G Soe e®a<« &< =) Windows 10 x64 o R es — = mae Studs Quick Launch (Ctri+Q) Pe 8B xX Fie Edit View Quey Project Took Window Help O-0/3-o-Sld| Anwar BSLAE XTH/9-¢-\Blz _ Bsen-, © OF | campground + | D cocnte ov ES @(B) 8 SN = =| zel es Obpect Explores SEEM SOL Quory3scl |_TOUGTEWintD sayy = X a + rs Come ¥ FT OS = “ = BB localhostiSQLEXPRESS (SQL Server 15.0.2000 - DESI ~ i & M@@ Databases -- Indexes for table CAMPER + @B System Dstabases -- + MB Database Snapshots SALTER TASLE CAMPER = 8 Campground ADO PRIMARY KEY (CAMPTR_NUMBER) ; + W@) Dataoase Diagrams = M@ Tables E-- = SG System Tables -- Indexes for table RESERVATION = i FileTables - = Wl Gaemal Tebles ALTER TABLE RESERVATION = OG Greph Tables ADD PRIMARY KEY (RESV_HUMBER); = Boars = BB dsoRSERVATION * Bi daspor Indexes for teble SPOT F al Views ® a Externe! Resources ALTER TASLE SPOT ¥ OG Syronyms ADD PRIMARY KEY (SPOT_HUMEER); © i Programmahilty 8G Sorviecn Brokor Bee 4 Gt Storage -- Constraints for cumped tables # i Seamity -- 2 @ S305F reject = WS campsround2 -- Constraints for table RESERVATLON @ Datzoase Diagrams -- = MiTabies SALTER TASLE RESERVATION = ME System Tables 200 CONSTRAINT FK_CAMPER_NUMSER FOREIGN KEY (CAMPER_NUMSER) REFERENCES CAMPER CAMPER _MIBBER ; = @@ FaeTobles = ll Extemal Tables SALTER TASLE RESERVATION = @@ Greph Tables SOO CONSTRAINT FK_SPOT_MUMBER FOREIGN KEY (SPOT_MUMBER) REFERENCES SPOT (S°OT_MUMBER + Wi Views - + Wl External Resources + a Synonyms + Of Programmabilny * O@ Serace Broker * Of Storage * Secunty ~ * W@ Secunty vffios - 4 2 ‘ Ps } Connected 11773 lacalhosf\SQLEXFRESS (75.0 DESKTOP-STCUCTS\Winld _ cempground? 000000 Oroas Pil Type here to search (e) 3i maw # « A ane 5",eee ri g soe e a< o r es mae studs quick launch (ctri+q) pe 8b xx fie edit view quey project took window help o-0/3-o-sld anwar bslae xth/9- blz _ bsen- of campground d cocnte ov es (b) 8 sn zel es obpect explores seem sol quory3scl _tougtewintd sayy x a rs come ft os bb (sql server 15.0.2000 desi i m databases indexes for table camper b system dstabases mb database snapshots salter tasle camper 8 campground ado primary key (camptr_number) w dataoase diagrams m tables e- sg system tables indexes for table reservation i filetables wl gaemal tebles alter table reservation og greph tables add primary key (resv_humber) boars bb dsorservation bi daspor indexes for teble spot f al views a externe resources alter tasle spot og syronyms add primary key (spot_humeer) i programmahilty 8g sorviecn brokor bee 4 gt storage constraints for cumped tables i seamity 2 s305f reject ws campsround2 constraints for table reservatlon datzoase diagrams mitabies salter tasle reservation me system tables 200 constraint fk_camper_numser foreign key (camper_numser) references camper camper _mibber faetobles ll extemal tables salter tasle reservation greph tables soo constraint fk_spot_mumber foreign key (spot_mumber) references spot (s ot_mumber wi views wl external resources a synonyms of programmabilny o serace broker of storage secunty w secunty vffios 4 2 ps lacalhosf sqlexfress (75.0 winld _ cempground oroas pil (e) 3i maw a ane 5,309,232,useful
v1,SQL,15,150.0,C:\NCKH\VIDEO_LEARNING_RESEARCH\data\processed\keyframes\v1\v1_00150s.png,"eee 1 & Ao B eoa<« &< =) Windows 10 x64 3 32 SOLQuery3.sq! localhost SOLEXPRESS.cempground2 (DESKTOP STCUCTE:Win10 (S4i}"" Microsoft SQL Server Management Studio Cusick Launch (0nt+<y Pe 8 x Fie Edit View Quey roject Took Window Help O-0/3- o-S i Anan BLA XTA|9-c-\BlA _ sen-, © | campgoura? | DP eente o VES@(B/ SRF SM = =\zERl Sy Obpect Explore: SEES SOLQuery3scl | TOUGTEWintD Say"" + X 7 Connect ¥ Fe TGs ~ = “ = GB localhost SQLEXPRESS (SQL Server 18.0.2000 - DESI « -- & mf Databases -- Indexes for table CAMPER 4 ‘System Dstabases -- 2 Database Snsoshots SALTER TASLE CAMPER = Campground ADO PRIMARY KEY (CAMPER_NUMBER) ; + W® Detadase Diagrams = Mf Tables E-- = ali System Tables -- Indexes for table RESERVATION = FdeTables - - Eternal Tables ALTER TABLE RESERVATION = Mf Graph Tables ADD PRIMARY KEY (RESV_HUPBER); = B do CampPer = 3 doo RESERVATION = Bdaspor Ingexes for teble SPOT F a Views + « Externe! Resources —ALTER TASLE SPOT 2 soars ADD PRIMARY KEY (SPOT_HUMBER); © GE Programmahilty 4 El Sonice Beokor —_— 4 ii Storege -- Constraints for cumped tables + i Seamity -- = W camporound2 -- Constraints for table RESemvAlLON + @ Datzoase Diagrams -- = MiTabies SALTER TASLE RESERVATLOW = eee Tables QO CONSTROINT FK_CAMPER_NUMSER FOREIGN KEY (CAMPER_NUMSER) REFERENCES CAMPER (CAMPER_NUMBER) ; — deTables -a Ememal Tables ALTER TASLE RESERVATION = Sf Greph Tables 400 CONSTRAINT FK_SPOT_MUMBER FOREIGH KEV (SBOTIMURBER) REFERERCES SPOT (S°OT_MUMBER) ; + Wi Views : * External Resources + Ml Synonyms + Of Programmabilny * OG Serace Broker * Storage + Secunty er + Security ~Bjioo% - ¢ , a > Connected 117} localbosf\ SQLEXFRESS [75.0 DESKTOP-STCUCTS:Winl0 _ campground? 000000 Orcas EF Res ln 6 <ol 57 Ch SF NS = ¥e) Type here to search (e) 33 Ly ne if: * P eo L., ' 5","eee 1 ao b eoa< 3 32 solquery3.sq solexpress.cempground2 stcucte:win10 (s4i} cusick launch (0nt+<y pe 8 x fie edit view quey roject took window help o-0/3- o-s i anan bla xta 9-c- bla _ sen- campgoura dp eente o ves (b/ srf sm zerl sy obpect explore: sees solquery3scl tougtewintd say"" x 7 connect fe tgs gb sqlexpress (sql server 18.0.2000 desi mf databases indexes for table camper 4 system dstabases 2 database snsoshots salter tasle camper campground ado primary key (camper_number) w detadase diagrams mf tables e- ali system tables indexes for table reservation fdetables eternal tables alter table reservation mf graph tables add primary key (resv_hupber) b do campper 3 doo reservation bdaspor ingexes for teble spot f a views externe resources alter tasle spot 2 soars add primary key (spot_humber) ge programmahilty 4 el sonice beokor _ 4 ii storege constraints for cumped tables i seamity w camporound2 constraints for table resemvallon datzoase diagrams mitabies salter tasle reservatlow eee tables qo constroint fk_camper_numser foreign key (camper_numser) references camper (camper_number) detables -a ememal tables alter tasle reservation sf greph tables 400 constraint fk_spot_mumber foreigh kev (sbotimurber) refererces spot (s ot_mumber) wi views external resources ml synonyms of programmabilny og serace broker storage secunty er security bjioo a 117} localbosf sqlexfress [75.0 :winl0 _ campground orcas ef res ln 6 <ol 57 ch sf ns e) (e) 33 ly ne if: p eo l. 5",315,236,useful
v1,SQL,16,160.0,C:\NCKH\VIDEO_LEARNING_RESEARCH\data\processed\keyframes\v1\v1_00160s.png,"eee it & Soe oa<« &< | Windows 10 x64 o CR SOLQuery3sq localhostiSOLEXPRESS.compground2 (DESKTOP STCUCTEWin10 (S4i)* Microsoft SQL Server Management Studie Quick Launch (Cute) Peo 8 x File Edit View Quey Project Took Window Help O-0/3-o- CM P| Anan ALLA XGa|9-c-/Bl A _wsee-, FF [J ampyorce + | DP eente ov ES GB) iF Sen | Object Explores EEE SOLQuor3scl |_TOUQTEyWin1D Say"" = X ~ Comer VETO = =) BB localhostiSQLEXPRESS (SQL Server 15.0.2000 - DESI ~ -- Table structure for rable CAWER Mf Databases -- ai HB System Databases SCREATE TABLE CAMPER + @@ Database Snapshots CAMPER_MUBER int NOT NULL, = Campground CAMPER_LAST_MAME varchar(B) DEFAULT ML, + tif Datsoase Diagrams CAMPER_FIRST_WAME varchar(B) DEFAULT Bites CAMPER_ADDRESS varchar (17) DEFAULT NUL/, = System ables CAMPER _CITY varchar(1@) DEFAULT MUL, = i FaeTebles CAMPER STATE verchar(2) DEFAALT MULL, = External Tables CAMPER_ZIP_CODE verchar(S) DEFAULT NULL, i Gi Graph Tables CAYPER_DRIVERS_LICENSE varcher(11) DEFAULT NULL, = Bho AMPer CAYPER_BMAIL verchar(26) DEFAULT NULL = B dsoRSERVATION = Bi ospor 7 ll Views © Gl Exteel Resources -- Dumping cata for table CAMPER * o Syronyms -- © Programmahilty if Ml Service Broker 10% + 4 ” 1 il Storage EM Messages + ili Seasity 7 < 2 @ AS305Froject Eon 2 @ test 9 ave alienindy = camporound2 16 sues ohio * aaa Dagrems completicn tine: 2020-¢6-20223: 16:07. 2707S 300 = Ml System Tables = @ FaeTables = Mi Extemal Tables = Wil Greph Tables * Views + External Resources + Mf Synonyms + Of Programmabiliny * Serace Broker * Storage * Secunty “ * a Security vp so% - <2 : > @ Query executed successtully. localhost SQLEXPRESS (75.0 _ DESKTOP-STCUOTEAWin10 _ cempyround? 00000 Orcas = Bo Type here to search [e) =H imal ~ tt . P meio A 5","eee it soe oa< o cr solquery3sq .compground2 stcuctewin10 (s4i) microsoft sql server management studie quick launch (cute) peo 8 x file edit view quey project took window help o-0/3-o- cm p anan alla xga 9-c-/bl a _wsee- ff [j ampyorce dp eente ov es gb) if sen object explores eee solquor3scl _touqteywin1d say"" x comer veto bb (sql server 15.0.2000 desi table structure for rable cawer mf databases ai hb system databases screate table camper database snapshots camper_muber int not null, campground camper_last_mame varchar(b) default ml, tif datsoase diagrams camper_first_wame varchar(b) default bites camper_address varchar (17) default nul/ system ables camper _city varchar(1 default mul, i faetebles camper state verchar(2) defaalt mull, external tables camper_zip_code verchar(s) default null, i gi graph tables cayper_drivers_license varcher(11) default null, bho amper cayper_bmail verchar(26) default null b dsorservation bi ospor 7 ll views gl exteel resources dumping cata for table camper o syronyms programmahilty if ml service broker 10 4 1 il storage em messages ili seasity 7 2 as305froject eon 2 test 9 ave alienindy camporound2 16 sues ohio aaa dagrems completicn tine: 2020- 6- 16:07. 2707s 300 ml system tables faetables mi extemal tables wil greph tables views external resources mf synonyms of programmabiliny serace broker storage secunty a security vp so <2 query executed successtully. sqlexpress (75.0 _ _ cempyround orcas bo [e) =h imal tt p meio a 5",298,230,useful
v1,SQL,17,170.0,C:\NCKH\VIDEO_LEARNING_RESEARCH\data\processed\keyframes\v1\v1_00170s.png,"ese nt & A - B oa=<« &< =) Windows 10 x64 o LE SOLQuerésq locethostSQLEXPRESS.campgrounc2 (DESKTOP STCUCTE\Win10 (641) Microsoft SOL Sever Management Studio Quick Launch (Cert+Q) P- 8 x Fie Edit View Project Tools Window Help @-9/3-a-Siw| Anwagy ALQQRA ~G@e|o-C-|B\Aa _ BAe So-, P -¥¥aeroe s7TT"" script for Selectlopitous command from SSMS =*7<*7/ = =SELECT TOP (1008) [SPOT_NUMBER] “ = B localhost\SQLEXPRESS (SQL Server 18.0.2000 - DESI « [SPOT MAME] ~ & Ml Databases , [SPOT_LENGTH] = BS System Databases [Seor_ Puree] I 3 I Cotabave Snapshots [SPOT_ELECTRIC amps) 31 @ Compgound _ [SPOT MATER) = ‘ 5 : = = Wl External Tables ROM [camoground2)} .{ dbo}. {SPOT} = Wi Graph Tables = 3 ha Camper = 3 dboRESERVATION * Bi daspor + 2 Vew Gi Externe! Recaurees © Gl Syronyms © OE Progaammahilty Me 1 Gl Service Brokor 100% - 4 il Storage B fescue: gil Messages + Wi Seasity SPOT. NUMBER SPOT NAME SOOT LENGTH SPOT PULLTHRU SPOT ELECTRIC AMPS SPOT WATER SPOT SEMER SOOT SATE NORMAL SPOT RATE PEAK +) @ AS305Froject + Ga erre OS 3 2 1 1 500 200 a @ test 2 2 he Gate oJ c Ld) 1 1 mo on . @< ound? 2 . Teaerog Sect 2 . 2 ’ ° 15.00 p>] MPR s ee erin Tre: 0 ¢ e 1 Fy 1290 18.00 + @ Datzoase Diagrams = Ml Tables = ll Systen Tables = Gl FileTables = Ml Extemal Tables = Gl Greph Tables - + ena + ¥ dooRESERVATION = F do0spor + © Views * Externs! Resources * &@ Synonyms * Programmabiity * WM Serace Broker S < > © Query executed successiully. locathosRSQUXGRESS (15.0 DESKTOP-STCUQTS:Winld _ campground? 000000 4-oas","ese nt a b oa= o le solquer sq locethostsqlexpress.campgrounc2 stcucte win10 (641) microsoft sol sever management studio quick launch (cert+q) p- 8 x fie edit view project tools window help -9/3-a-siw anwagy alqqra g e o-c- b aa _ bae so- p aeroe s7tt"" script for selectlopitous command from ssms *7<*7/ =select top (1008) [spot_number] b (sql server 18.0.2000 desi [spot mame] ml databases [spot_length] bs system databases [seor_ puree] i 3 i cotabave snapshots [spot_electric amps) 31 compgound _ [spot mater) 5 wl external tables rom [camoground2) dbo} {spot} wi graph tables 3 ha camper 3 dboreservation bi daspor 2 vew gi externe recaurees gl syronyms oe progaammahilty me 1 gl service brokor 100 4 il storage b fescue: gil messages wi seasity spot. number spot name soot length spot pullthru spot electric amps spot water spot semer soot sate normal spot rate peak as305froject ga erre os 3 2 1 1 500 200 a test 2 2 he gate oj c ld) 1 1 mo on ound 2 teaerog sect 2 2 15.00 p> mpr s ee erin tre: 0 e 1 fy 1290 18.00 datzoase diagrams ml tables ll systen tables gl filetables ml extemal tables gl greph tables ena dooreservation f do0spor views externs resources synonyms programmabiity wm serace broker s query executed successiully. locathosrsquxgress (15.0 :winld _ campground 4-oas",287,225,useful
v1,SQL,18,180.0,C:\NCKH\VIDEO_LEARNING_RESEARCH\data\processed\keyframes\v1\v1_00180s.png,"= a CG t Windows 10 x64 LE SOLQuer7.sq locethostSQLEXPRESS.compgrounc2 (DESKTOP STCUCTEANin 10 (621) Microsoft SOL Sever Management Studio Quick Launch (Cert+@ P- @ x File Edt View Query Project Took Wincow Help @-0/5-o-Gibd| Anwragy AQLAA *Ga/9-¢-\B\sa _ BA SD-, © 98 | campgoura? + | D cente o VSS @(B) SRF SM = =| ele, Object Explore: ~ 0 x Eee eben eee SO QucSo) _ TCUQTE Win IC 1S SM QueySgi LTCUCTS erin C160 SQ Questsq LTCIQTaIn 0 SF a Cone ¥ FOTO | = “ = BB localhost SQLEXPRESS (SQL Server 18.0.2000 - DESI « & M@@ Databases > Ml System: Databases 2 Database Snapshots = 8 Campground + W@) Dataoase Diagrams = Mi Tables = System Tables = 8 FieTables = af Ettemal Tadtes = Gi Graph Tables = 3 ha Camper = 3 dba RESERVATION * Bdasror *OVvew FG Externe! Resources © i Syronyms 1G Prog-ammabilty 1 Bl Sonwce Broker 4 Gl Storage © MB Seamity + Brest & @ Datzoase Diagrams = Mi Tables = WS System Tables + @ FieTobles > @ Extemal Tables = @@ Greph Tables + F doo.CAMPER + ¥F GooRESERVATION = F doospor + © Views * O@ Stes! Resources * Gf Synonyms * @& Programmabiity * % OM Serace Broker von - < > F Connected 11773 localhosf SQLXERESS (75.0 DESKTOP-STCUOTEAWin10 _ campground? O00 0 roas tf JO Type here to search @) 33 mS ow Gs P eo Do B","a cg t le solquer7.sq locethostsqlexpress.compgrounc2 stcucteanin 10 (621) microsoft sol sever management studio quick launch (cert+ p- x file edt view query project took wincow help -0/5-o-gibd anwragy aqlaa *ga/9- b sa _ ba sd- 98 campgoura d cente o vss (b) srf sm ele, object explore: 0 x eee eben eee so qucso) _ tcuqte win ic 1s sm queysgi ltcucts erin c160 sq questsq ltciqtain 0 sf a cone foto bb sqlexpress (sql server 18.0.2000 desi m databases ml system: databases 2 database snapshots 8 campground w dataoase diagrams mi tables system tables 8 fietables af ettemal tadtes gi graph tables 3 ha camper 3 dba reservation bdasror *ovvew fg externe resources i syronyms 1g prog-ammabilty 1 bl sonwce broker 4 gl storage mb seamity brest datzoase diagrams mi tables ws system tables fietobles extemal tables greph tables f doo.camper f gooreservation f doospor views o stes resources gf synonyms programmabiity om serace broker von f localhosf sqlxeress (75.0 _ campground o00 0 roas tf jo 33 ms ow gs p eo do b",243,177,useful
v1,SQL,19,190.0,C:\NCKH\VIDEO_LEARNING_RESEARCH\data\processed\keyframes\v1\v1_00190s.png,"ese tk & SA < B oa<« &< =) Windows 10 x64 o CE SOLQuery8.sq!_ loceihostiSQLEXPRESS.compground2 (DESKTOP STCUCTEWin10 (S4iy* Microsoft SOL Server Management Studio Quick Launch (Cert+@ P- @ xX Fle Edt View Query Project Took Wincow Help @-0/3-o-Sid| Anna AQLQAA *Aa|9-C-\Bla _ Ms en-. $F | campy ourer + | Demnte ov 39GB) PF SN = =| eel e. Obyect Explorer EEE SOQuerySscl | TORTS Wind Say"" > X - G -¥¥e ros x eet all campers and their reservations = = BB localhost SQLEXPRESS (SQL Server 18.0.2000 - DESI « FROM CAYPER, RESERVATION, SPOT = Ml Databases WHERE “CAPPER. CAYPER_MLPBER - RESERVATION. CAMPER NUMBER = lll System Databases and RESERVATION. SPOT_MUMBER = SPOT.SPOT_MUPBER 2 Database Snapshots - = fe Campground + 8 Dataoase Diagrams = @@ Tables = GG System Tables = FdeTables = Extemal Tadbes = OG Greph Tables = 3 hamper = BB dsoRESERVATION * Bi daspor e 1 Views 7 GB Externe! Resources WE Syoonyms 1 Prog-ammability ¥ # Ml Service Brokor 100% 4 i Storage B Rests Gl Message: 4 i Seamity ER ZP CODE CAMPER CANERS UCENSE CAMPER EAR RESY NUMBER FESY CATE RESY NGHTS SPOT NUMBER CAMPER NUMBER RESY RATE PEAK RES DEPOST SPOT NUMBER SPOT Ki + @ cS30sF reject 73 WALES ""23. viseMiseomios 1 xoeess1 2 10 hind 1 2m m1 The Fre 2 @ test 7 09878328 prea Dicreatere cor 2 semees12 4 103 1000 ' 2300 18 Tomatoes . ie ound? 2 » pou PETONSERSREPRCEMESE NT 3 Ses 1> + = 1901 1 ae me Tetnt ro 43 WAL S85123 wligesStiilwoomaicom + eS 1 a] 18 . 13.00 wm The Pre + i Detsoase Diagrams 5 3 WALES 123 plies Soomsios 5 meeess3 2 11 +02 F 20 m The Fine = Ml Tables ll Systen Tables = Wl FileTables + @ Extemal Taotes = @@ Greph Tables + F doo.CAMPER + ¥ Goo. RESERVATION = F doospor * © Views * 0 tens! Resources + Synonyms * Programmabsity % Ol Serace Stoker va< > « > © Query executed successtully. jocalhosf\ SQUIGRESS (15.0_ | NGXTOP-STOUCTE\Winld _ campground? 000000 5 roas CF Res ln3 col AF Ch 47 NS","ese tk sa b oa< o ce solquery8.sq _ loceihostisqlexpress.compground2 stcuctewin10 (s4iy* quick launch (cert+ p- xx fle edt view query project took wincow help -0/3-o-sid anna aqlqaa *aa 9-c- bla _ ms en- f campy ourer demnte ov 39gb) pf sn eel e. obyect explorer eee soquerysscl torts wind say"" x g e ros x eet all campers and their reservations bb sqlexpress (sql server 18.0.2000 desi from cayper, reservation, spot ml databases where capper. cayper_mlpber reservation. camper number lll system databases and reservation. spot_mumber spot.spot_mupber 2 database snapshots fe campground 8 dataoase diagrams tables gg system tables fdetables extemal tadbes og greph tables 3 hamper bb dsoreservation bi daspor e 1 views 7 gb externe resources we syoonyms 1 prog-ammability ml service brokor 100 4 i storage b rests gl message: 4 i seamity er zp code camper caners ucense camper ear resy number fesy cate resy nghts spot number camper number resy rate peak res depost spot number spot ki cs30sf reject 73 wales ""23. visemiseomios 1 xoeess1 2 10 hind 1 2m m1 the fre 2 test 7 prea dicreatere cor 2 semees12 4 103 1000 2300 18 tomatoes ie ound 2 pou petonsersreprcemese nt 3 ses 1> 1901 1 ae me tetnt ro 43 wal s85123 wligesstiilwoomaicom es 1 a] 18 13.00 wm the pre i detsoase diagrams 5 3 wales 123 plies soomsios 5 meeess3 2 11 +02 f 20 m the fine ml tables ll systen tables wl filetables extemal taotes greph tables f doo.camper goo. reservation f doospor views 0 tens resources synonyms programmabsity ol serace stoker va< query executed successtully. jocalhosf squigress (15.0_ ngxtop-stoucte winld _ campground 5 roas cf res ln3 col af ch 47 ns",361,286,useful
v1,SQL,20,200.0,C:\NCKH\VIDEO_LEARNING_RESEARCH\data\processed\keyframes\v1\v1_00200s.png,"eee rg A - B ® a & < =) Windows 10 x64 a Le SOLQuery€sq!_locallhostSOLEXPRESS.cempground2 (DESKTOP STCUQTE,Win10 (S4i}"" Microsoft SQL Server Management Studio Quick Launch (Ctrl+c) P- @*X File Edt View Quey rject Took Window Help @-0/5-o-Gid| Anwragy AQLAA LGH/9-C-\B\sa _ Be SB-, $F | campyeurer -| Dect o VOR SRN = =| FHle. Obyect Explore: nea SQUQuersscl | TOUQTEWinlD (S47 = X ~ C -¥ Fares x cet all campers and their reservations cz = B localhost\SQLEXPRESS (SQL Server 18.0.2000 - DESI ~ FROM CAMPER, RESERVATION, SPOT = Ml Databases MHERE CAMPER CAMPER NUMBER — RESERVATION CAMPER WUPBER > lll System Databases and RESERVATION. SPOT_MUMBER = SPOT_SPOT_MUMBER 2 Database Snapshots = Campground + @® Dataoase Diagrams = Mi Tables = System Tables = FdeTables = a Gxtemal Tadtes = SG Graph Tables = 3 hacamper = 3 dea ReSERVATION * Béaspor . Views © GG Externe! Resources © GE Syronyms © Programmahility ¥ ¥ I Service Brokor 100% 4 il Storage B fescue: Gil Mexage= # Wl Seamity CAMPER NUMBER CAMPER LAST NAME CAMPER FRST NAME CAMPER ADDRESS CAMPER CTY CAMPER STATE CAMPER 2° CODE CAMPER DRVERS UCENSE CAMPER EMAL RESY NUMBER RE + @ cs35F reject + eae viene ee 96 Sequllere | Portes ME 21 rLaesi23 wiereMstersicon + x © text 2 “1a Jew — 1778 Ema Beringer al ass) EE jer mipiecer enters core 2 22 7 @@ campsround2 2 ‘2 ~ etusinal ""se 3904 Spasguc Tay = EN Paco ™ ww. renee femcrcetdegnonresre 2 = $ 4 1 h Valers Ci 958 Segui Lore Potase we ane weesiza wilersssi0iteersicom 4 2 + Mil Detsoase Diagrams 5 ce Vales fod $55 Sequl Lene Portes we one wrLeest2s wihereMitiGtorsicn § 2x = Mi Tables Ml System Tables = Ml FleTables > @ Extemal Tadtes = @ Greph Tables + doo.CAMPER + F do0.RESERVATION = F doospor * @ Views * OG Bens! Resources + G@ Syronyms * Ol Programmabriny % Ol Serace Stoker ~a< > < > @ Query executed successtully localbos SQUIXERESS (75.0 DESKTOP-STOUQTSWinl0 _ campground? 000000 5 roas CF Res ln Sol AF Cha? NS","eee rg a b a a le solquery sq _locallhostsolexpress.cempground2 stcuqte,win10 (s4i} quick launch (ctrl+c) p- *x file edt view quey rject took window help -0/5-o-gid anwragy aqlaa lgh/9-c- b sa _ be sb- f campyeurer dect o vor srn fhle. obyect explore: nea sququersscl touqtewinld (s47 x c fares x cet all campers and their reservations cz b (sql server 18.0.2000 desi from camper, reservation, spot ml databases mhere camper camper number reservation camper wupber lll system databases and reservation. spot_mumber spot_spot_mumber 2 database snapshots campground dataoase diagrams mi tables system tables fdetables a gxtemal tadtes sg graph tables 3 hacamper 3 dea reservation b aspor views gg externe resources ge syronyms programmahility i service brokor 100 4 il storage b fescue: gil mexage= wl seamity camper number camper last name camper frst name camper address camper cty camper state camper 2 code camper drvers ucense camper emal resy number re cs35f reject eae viene ee 96 sequllere portes me 21 rlaesi23 wieremstersicon x text 2 1a jew 1778 ema beringer al ass) ee jer mipiecer enters core 2 22 7 campsround2 2 2 etusinal ""se 3904 spasguc tay en paco ww. renee femcrcetdegnonresre 2 4 1 h valers ci 958 segui lore potase we ane weesiza wilersssi0iteersicom 4 2 mil detsoase diagrams 5 ce vales fod 55 sequl lene portes we one wrleest2s wiheremitigtorsicn 2x mi tables ml system tables ml fletables extemal tadtes greph tables doo.camper f do0.reservation f doospor views og bens resources g syronyms ol programmabriny ol serace stoker a< query executed successtully localbos squixeress (75.0 _ campground 5 roas cf res ln sol af cha ns",351,272,useful
v1,SQL,21,210.0,C:\NCKH\VIDEO_LEARNING_RESEARCH\data\processed\keyframes\v1\v1_00210s.png,"ese it & Ao B ®a<« &< =| Windows 10 x64 a JE SOLQuery@sq localhost\SQLEXPRESS.cempgrounc2 (DESKTOP STCUCTEAWin10 (S4i)* Microsoft SQL Server Management Stucic Quick Launch (Cite) Pe 8 x File Edt View Query Project Took Wincow Help @-0/3-o-Gi | Annan AZQLAA LHH|9-C-|\Bla _ WA SD-. © | compgroura? + | D recte ov SS @lB) SR S| = =| Rl ey Object Explore: EEE SOlQuerySscl | TOUTS WintD Say + X ~ -¥ ae roe x select all campers and their reservations ate = =SEL a = B localhost\SQLEXPRESS (SQL Server 18.0.2000 - DESI « FROA CAPER, RESERVATION, SPOT = Mil Datepases WHERE CAMPER.CAYPER NUMBER - RESERVATION. CAMPER NUMBER po ergata 2nd RESERVATION. SPUT_MMBER = SPOT SPOT MPEER + GB Database Snapshots ~ ~ - = 8 Campground + 8 Datacase Diagrams = Mf Tables = @) System Tables = FdeTables = a@ Extemal Fadtes = i Greph Tables = Bo Camper = B dsoRESERVATION * Bi daspor 7 all Views © GB Externe! Resources Gl Syronyms 1 Gl Prog-ammabilty “4 4 Gl Serwce Beokor 100% - 4 il Storage Bfesus Gil Messages 4 ili Seasity CAMPER NUMBER CANEER LAST NAME CAMPER FRST NAME CAMPER ADDRESS CAMPER CTY CAPER STATE CAMPER 2° CODE CAMPER DAVERS UCENSE CAMPER EMAL FESY NUMBER RE +) @ AS305Froject + feag vaitere ee 955 Sequllere = Portes Me 2106 wrLsest23 wie eGtersicn + Fo 2 Wrest 2 “to Jones a 1778 Emo Began ass) EE jermneiece anne core 2 2 . wc snd2 2 ‘oa Senet ve A004 Spangine Tay ei Pao ™ ms reek Pemercetsaeginomhwese 2 = OU: 4 ee Vales ibe 955 Sequilere Potase we ence erkaesiza wilerssS30gteeraicom 4 a + Mil Dateoase Diagrams 5 ce Vales ood $55 Segui Lave Pots we one erLaesi2s wilereiitigtersicn § Fad = M@ Tables + @ System Tables + @ FieTables = @ Extemal Tadtes = MB Greph Tables + £ doo.CAMPER + F GooRESERVATION = F doospor + @ Views * Externs! Resources + Synonyms + Gl Programmabsiny Wl Serace Srokes va«< > < > © Query executed successiully. localhos SQUIGRESS (15.0 DESKTOP-STOUQTS\Winl0 _ campground? 000000 5 roas","ese it ao b a< a je solquery sq .cempgrounc2 stcucteawin10 (s4i) microsoft sql server management stucic quick launch (cite) pe 8 x file edt view query project took wincow help -0/3-o-gi annan azqlaa lhh 9-c- bla _ wa sd- compgroura d recte ov ss lb) sr s rl ey object explore: eee solquerysscl touts wintd say x ae roe x select all campers and their reservations ate =sel a b (sql server 18.0.2000 desi froa caper, reservation, spot mil datepases where camper.cayper number reservation. camper number po ergata 2nd reservation. sput_mmber spot spot mpeer gb database snapshots 8 campground 8 datacase diagrams mf tables system tables fdetables a extemal fadtes i greph tables bo camper b dsoreservation bi daspor 7 all views gb externe resources gl syronyms 1 gl prog-ammabilty 4 4 gl serwce beokor 100 4 il storage bfesus gil messages 4 ili seasity camper number caneer last name camper frst name camper address camper cty caper state camper 2 code camper davers ucense camper emal fesy number re as305froject feag vaitere ee 955 sequllere portes me 2106 wrlsest23 wie egtersicn fo 2 wrest 2 to jones a 1778 emo began ass) ee jermneiece anne core 2 2 wc snd2 2 oa senet ve a004 spangine tay ei pao ms reek pemercetsaeginomhwese 2 ou: 4 ee vales ibe 955 sequilere potase we ence erkaesiza wilersss30gteeraicom 4 a mil dateoase diagrams 5 ce vales ood 55 segui lave pots we one erlaesi2s wilereiitigtersicn fad m tables system tables fietables extemal tadtes mb greph tables doo.camper f gooreservation f doospor views externs resources synonyms gl programmabsiny wl serace srokes va query executed successiully. localhos squigress (15.0 winl0 _ campground 5 roas",353,281,useful
v1,SQL,22,220.0,C:\NCKH\VIDEO_LEARNING_RESEARCH\data\processed\keyframes\v1\v1_00220s.png,"eee i & Ao B ®a<« &< =) Windows 10 x64 a CE SOLQuery6.sq localhost SOLEXPRESS.compgrounc2 (DESKTOP STCUCTE\in10 (S4iy* Microsoft SOL Server Management Studio Quick Launch (Ctrl +) Pe 8 x File Edt View Query Project Took Window Help O-0/5-5-S P| Annan BLLAL XAH/9-C-\Bla _Bsen-, 9 | compg onc? -| Peete © VS @E| RF SRN = =| Hl eo. Obyect Explorer EEE SOQuerySscl | TOTS Wand Say"" > X ~ C -¥¥arToe x eet all campers and their reservations + =SEL “ = BB localhost SQLEXPRESS (SQL Server 18.0.2000 - DESI « FROM CAPPER, RESERVATION, SPOT = Ml Databases HERE “CABPER.CAMPER WLPBER - RESERVATION. CARPER HUMBER = Ce SERS and RESERVATION: SPOT_MUMBER = SPOT-SPOT_IAPE the mubi part identifier “RESERVATION.CAMPER_ NUMBER” could not be bound. = @ Campground + Wf Dataoase Diagrams = Mi Tables = System Tables = FdeTables = @ Ettemal [adtes = OG Graph Tables = 3 ha Camper = 3 dsoRSERVATION * Bi daspor F a Views © GB Externe! Resources © Gi Syronyms 1G Prog-ammabilty - 1 Il Somice Beokor 100% - 4 Wl Storage B fess Gl Messages i Seamity CAMPER NUMBER CAMPER LAST NAME CAMPER FRST NAME CAMPER ADDRESS CAMPER CTY CAMPER STATE CAMPER 2° CODE CAMPER DAVERS UCENSE CAMPER EMAL REST NUMBER RE + @ cS305Froject + a valers es 555 Segui Lave Portes ME 2108 vrLaas123 wee eGhericn 7 2m 2 text 2 Jones — 1775 Emcee Beringer A assy EE fermpiccer eters core 2 7 - =I snd2 2 ‘o Sener *e 3904 Spasgus Tay Pao ™ we reek pemcroetseGrosrosre 2 = campgrou! 4 er Yalers Ciuc 954 Segui Lane Potase we ene erLeesiza ilersSSCGhereiico 4 pd + Mf Datsoase Diagrams 5 te Vales Cs 555 Segul Lore Portes Me “ne ersa5125 wikereitiGthersicn § cod = Mi Tables + GB System Tables = @ FaeTobles = @ Extemal Tables = Gil Greph Tables + ¥ doo.CAMPER + ¥F GooRESERVATION = F doospor + © Views * O@ Eternal Resources + G Synonyms * Programmabsity % Ol Serace Stoker ms i > < > @ Query executed successtully. localhost SQUEXPRESS (75.0 DESKTOP-STQUQTS:Winld _ campground? 000000 5 roas","eee i ao b a< a ce solquery6.sq solexpress.compgrounc2 stcucte in10 (s4iy* quick launch (ctrl pe 8 x file edt view query project took window help o-0/5-5-s p annan bllal xah/9-c- bla _bsen- 9 compg onc peete vs e rf srn hl eo. obyect explorer eee soquerysscl tots wand say"" x c artoe x eet all campers and their reservations =sel bb sqlexpress (sql server 18.0.2000 desi from capper, reservation, spot ml databases here cabper.camper wlpber reservation. carper humber ce sers and reservation: spot_mumber spot-spot_iape the mubi part identifier reservation.camper_ number could not be bound. campground wf dataoase diagrams mi tables system tables fdetables ettemal [adtes og graph tables 3 ha camper 3 dsorservation bi daspor f a views gb externe resources gi syronyms 1g prog-ammabilty 1 il somice beokor 100 4 wl storage b fess gl messages i seamity camper number camper last name camper frst name camper address camper cty camper state camper 2 code camper davers ucense camper emal rest number re cs305froject a valers es 555 segui lave portes me 2108 vrlaas123 wee eghericn 7 2m 2 text 2 jones 1775 emcee beringer a assy ee fermpiccer eters core 2 7 =i snd2 2 o sener *e 3904 spasgus tay pao we reek pemcroetsegrosrosre 2 campgrou 4 er yalers ciuc 954 segui lane potase we ene erleesiza ilerssscghereiico 4 pd mf datsoase diagrams 5 te vales cs 555 segul lore portes me ne ersa5125 wikereitigthersicn cod mi tables gb system tables faetobles extemal tables gil greph tables doo.camper f gooreservation f doospor views o eternal resources g synonyms programmabsity ol serace stoker ms i query executed successtully. squexpress (75.0 :winld _ campground 5 roas",356,278,useful
v1,SQL,23,230.0,C:\NCKH\VIDEO_LEARNING_RESEARCH\data\processed\keyframes\v1\v1_00230s.png,"ese © & Ao B eoa<« &< =) Windows 10 x64 o & SQLQuery@.sq local host\SQLEXPRESS.cempground2 (DESKTOP STCUQTS\Win10 (S4i}* Microsoft SOL Server Management Stucic Quick Launch (Cert+Q) Pe B@ x Fle Edit View Query Project Took Window Help @-0/5- a-Si Annan ARLAA *AA/9-C-|Blsa Bs ew-, $F | campy cree -| Demnte 8 ¥ 39 M(B) SF SO = =/ Ele. Obyect Explorer SEEPS SOUQuenSccl |_TOUGTEWinID S47 = X - Connmet- ¥ Pa yrgs x cet all campers and their reservations she = SEL “ = BB localhost\SQLEXPRESS (SQL Server 18.0.2000 - DESI « FROM CAMPER, RESERVATION, SPOT = i Databases WHERE CAMPER.CAPPER MLMBER - RESERVATION CAMPER NUMBER = BS System Databases 2nd RESERVATION. SPUT_MPBER = SPOT_SPOF MPEER + Ml Database Snsoshots - : - = BB Campground The multi part idectifier “SPOT.SPOT_NUMBER™ could not be bound. + @@ Dataoase Diagrams = Mi Tables = Gi System Tables = Gi FieTables = af Extemal ables = eG Graph Tables = 3 halamper = 3 doa RESERVATION * Bi daspor . 1 Views © GB Externe! Resources * Ml Syoonyms 1 Gl Prog-ammahility -. 1 I Service Brokor 100% 4 il Storage B Rests Gi Mesage: + Ei Seasity CAMPER NUMBER CAMPER LAST NAME CAMPER FRST NAME CAMPER ADDFESS CAMPER CTY CAMPER STATE CAMPER 2° CODE CAMPER DRYERS UCENSE CAMPER MAL RESY NUMBER RE + @ 0S830SFroject 7 3M Mailers es 955 Segui Lave Potess ME 2106 erLeas123 wie eGiersicon + 2m + Bites 2 180 Jones Janie 1778 Exe Berean hl asns) ET fer mdiecer enters ore 2 2 . @« snd2 2 ‘or nee ve <4 Spasgec tay Paso ™ we reek oomnaipeeneh siemahahenel 2 = DTP GFOU! 4 1 Yalers, Cie 995 Sequl re Potase we sve erkessiza wlers30Gherscom 4 pe | + i Detsoase Diagrams 5 18x Valen Cie 955 Segui Lene Pots we 2106 erLees125 wlereMStiitorsian 5 x = Mi Tables + Ml System Tables = Ml FiaeTobles = i Extemal Tables = Gl Greph Tables = ¥ doo.CAMPER + ¥ G20. RESERVATION = F doospor + © Views * Oi Sterns! Resources + G Synonyms * 0 Programmabriny Wl Serace Brakes a : < > @ Query executed successtully. localhos SQUIGRESS (15.0 DESKTOP_STOUQTS\Winld _ campground? 000000 5 roas","ese ao b eoa< o sqlquery .sq local host sqlexpress.cempground2 stcuqts win10 (s4i} microsoft sol server management stucic quick launch (cert+q) pe b x fle edit view query project took window help -0/5- a-si annan arlaa *aa/9-c- blsa bs ew- f campy cree demnte 8 39 m(b) sf so ele. obyect explorer seeps souquensccl _tougtewinid s47 x connmet- pa yrgs x cet all campers and their reservations she sel bb (sql server 18.0.2000 desi from camper, reservation, spot i databases where camper.capper mlmber reservation camper number bs system databases 2nd reservation. sput_mpber spot_spof mpeer ml database snsoshots bb campground the multi part idectifier spot.spot_number could not be bound. dataoase diagrams mi tables gi system tables gi fietables af extemal ables eg graph tables 3 halamper 3 doa reservation bi daspor 1 views gb externe resources ml syoonyms 1 gl prog-ammahility 1 i service brokor 100 4 il storage b rests gi mesage: ei seasity camper number camper last name camper frst name camper addfess camper cty camper state camper 2 code camper dryers ucense camper mal resy number re 0s830sfroject 7 3m mailers es 955 segui lave potess me 2106 erleas123 wie egiersicon 2m bites 2 180 jones janie 1778 exe berean hl asns) et fer mdiecer enters ore 2 2 snd2 2 or nee ve <4 spasgec tay paso we reek oomnaipeeneh siemahahenel 2 dtp gfou 4 1 yalers, cie 995 sequl re potase we sve erkessiza wlers30gherscom 4 pe i detsoase diagrams 5 18x valen cie 955 segui lene pots we 2106 erlees125 wleremstiitorsian 5 x mi tables ml system tables ml fiaetobles i extemal tables gl greph tables doo.camper g20. reservation f doospor views oi sterns resources g synonyms 0 programmabriny wl serace brakes a query executed successtully. localhos squigress (15.0 winld _ campground 5 roas",372,299,useful
v1,SQL,24,240.0,C:\NCKH\VIDEO_LEARNING_RESEARCH\data\processed\keyframes\v1\v1_00240s.png,"eee x & Rose oa<« &< *) Windows 10 x64 o CE sOLQuery@sqi_ locethostSQLEXPRESS cempground2 (DESKTOP STCUCTEWin10 (54i}* Microsoft SOL Server Management Studio Quick Launch (Certo) Pe ox File Edt View Query Project Took Wincow Help @-0/5-o-Gid| Anwragy AQLAA LHi/9-C-|Bl\a / DASH-. © | compgrouna? + | DP cents o VES M(B) SR SD) = =| ele, Obpect Explore Ee SOQuorySscl | TOTS Wind Say"" + X ~ -¥ ¥aergs x select all campers and their reservations ae ie =SEL “ = BB localhost\SQLEXPRESS (SQ. Server 15.0.2000 - DESI ~ FROM CAMPER, RESERVATION, SPOT] = Mi Datepsses GHERE CAMPER _CAYPER NUMBER = RESERVATION. CAMPER NUMBER SE ee pases 2nd RESERVATION. SPUT_MMBER = SPOT_SPOT MPEER + Ml Database Snapshots — i: ——— = @ Campground # tll Datanase Diagrams = a Tables = GG System Tables = Oi FdeTables = af Extemal Fables = OG Graph Tables = Bo camper = B dsoRESERVATION = Bdospor 7 ll Views © Externe! Resources ® © Syronyms © Gl Programmabilty * + Ell Service Broker 100% 4 iil Storage B fess: gil Messages # i Seamity CAMPER NUMBER CAMPER LAST NAWE CAMPER SRST NAME CAMPER ADDRESS CAMPER CTY CAMPER STATE CAMPER 2° CODE CAMPER DAVERS UCENSE CAMPER EMAL RESY NUMBER RE » @ cS35F reject + ag vate ee 55 Sequllere = Portes ME 2106 erLaesi23 wiereMsiersicon 7 Fs 2 text > Jota a 1778 Eee Beringer ass"" EE fer mneiecr ene core 2 7 _ 8 campcround2 2 1) Sena ve A304 Spangine Way ePa ™ wes reek comaipeeneeh sinaishahentel 2 = a 4 1 Vailers: Cipe 954 Sequilere Portaze we eve erLaesiza wilerss3CGtersicom 4 P| Wl Datsoase Diagrams 5 te Vales Cie 555 Segui Lore Portes we “08 erLaa5123 whereitiGterdicn § Fad = Mi Tables + System Tables = @ FaeTables = Ml Extemal Tables = i Greph Tables = ¥ doo.CAMPER + ¥ dooRISERVATION = F doospor + © Views * Ol Bens! Resouces + Gf Synonyms + Progranmmabiiny % Ol Serace Broker vas > < > @ Query executed successtully localbos\ SQLEXFRESS [75.0 DESKTOP-STCUCTS:Winld _ ceepground? 000000 5 oes","eee x rose oa< o ce solquery sqi_ locethostsqlexpress cempground2 stcuctewin10 (54i} quick launch (certo) pe ox file edt view query project took wincow help -0/5-o-gid anwragy aqlaa lhi/9-c- bl a dash- compgrouna dp cents o ves m(b) sr sd) ele, obpect explore ee soquorysscl tots wind say"" x aergs x select all campers and their reservations ae ie =sel bb (sq. server 15.0.2000 desi from camper, reservation, spot] mi datepsses ghere camper _cayper number reservation. camper number se ee pases 2nd reservation. sput_mmber spot_spot mpeer ml database snapshots i: campground tll datanase diagrams a tables gg system tables oi fdetables af extemal fables og graph tables bo camper b dsoreservation bdospor 7 ll views externe resources syronyms gl programmabilty ell service broker 100 4 iil storage b fess: gil messages i seamity camper number camper last nawe camper srst name camper address camper cty camper state camper 2 code camper davers ucense camper emal resy number re cs35f reject ag vate ee 55 sequllere portes me 2106 erlaesi23 wieremsiersicon 7 fs 2 text jota a 1778 eee beringer ass"" ee fer mneiecr ene core 2 7 _ 8 campcround2 2 1) sena ve a304 spangine way epa wes reek comaipeeneeh sinaishahentel 2 a 4 1 vailers: cipe 954 sequilere portaze we eve erlaesiza wilerss3cgtersicom 4 p wl datsoase diagrams 5 te vales cie 555 segui lore portes we 08 erlaa5123 whereitigterdicn fad mi tables system tables faetables ml extemal tables i greph tables doo.camper dooriservation f doospor views ol bens resouces gf synonyms progranmmabiiny ol serace broker vas query executed successtully localbos sqlexfress [75.0 :winld _ ceepground 5 oes",349,270,useful
v1,SQL,25,250.0,C:\NCKH\VIDEO_LEARNING_RESEARCH\data\processed\keyframes\v1\v1_00250s.png,"eee kt & Soe ®a<« &< =) Windows 10 x64 o LE SOLQuery@.sq loceihostSQLEXPRESS.compgrounc2 (DESKTOP STCUCTE\Wn10 (S4iy* Microsoft SOL Server Management Studio Quick Launch (Ctrl +) P- @ xX Fie Edt View Query Project Took Wincow Help @-0/5- a-Si d| Anwagy AQLAA LFH/9-C-|B\A _ BAe SE-, © F| campg ou? | Db eecte 0 VES GB) SRF SM = =| zee, Obpect Explorer EEE SOQuerySscl |_TOATE Wind Say"" = X ~ -¥¥aeres x select all campers and their reservations + Connect =SEL “ = BB localhost SQLEXPRESS (SQL Server 18.0.2000 - DESI « FROM CAMPER, RESERVATION, SPOT = Mt Databases WHERE CAMPER_CAYPER NUMBER - RESERVATION CAMPER NUMBER 2 Database Snapshots ~ = Campground # lll Datanase Diagrams = Mi Tables = Gi System Tables = Gi FlleTables = a@ Gxtemal Tabtes = i Graph Tables = 3 hamper = 3 do RESERVATION * Bdasror FW View Gl Extene! Resources © Gl Progaammahilty he 1 ll Service Beokor 100% 4 Mil Storage Bi fess: gil Mesage: 4 Mi Seasity CAMPER NUMBER CANEER LAST NAME CAMBER FRST NAME CAMPER ADDRESS CAMPER CTY CAPER STATE CAMPER 2° CODE CAMPER DAVERS UCENSE CAMPER EMAL FESY NUMBER RE +) @ AS305roject + fea Viters i 55 Sequllere = Portes Me 18 rLaesi23 wile eMGtersic + 2% 2 Brest 2 Jones — 1778 Ema Reinga ass EE jermeiece ames ore 2 22 =] snd? 3 1) Sener ve <A Spasgec Tay Pao ™ ws ree Pemcrcetaetinones se 2 = campgrou! 4 eR Yalers Cie 954 Segui Lene Potase we ene rkeesiza wilerssS30Gteorsicom 4 a & Ml Datsoase Diagrams 5 te Vilers Cie 555 Sequl Lore Pots we one eraa5123 wkereiitiGtherdicn § Pod = Mi Tables = Ml System Tables = @ FaeTables = Mi Extemal Tables = Ml Greph Tables = ¥ doo.CAMPER = ¥ dooRESERVATION = F doospor + © Views * 0 Bens! Resources * Synonyms, * i Programmabsiny wl Serace Stokes vas > < > © Query executed successiully localhos SQLEXERESS (75.0 DESKTOP-STCUOTE:Winl0 _ campground? 000000 5 roas CF Res ln Col 4? Ch 47 NS","eee kt soe a< o le solquery .sq loceihostsqlexpress.compgrounc2 stcucte wn10 (s4iy* quick launch (ctrl p- xx fie edt view query project took wincow help -0/5- a-si d anwagy aqlaa lfh/9-c- b a _ bae se- f campg ou db eecte 0 ves gb) srf sm zee, obpect explorer eee soquerysscl _toate wind say"" x aeres x select all campers and their reservations connect =sel bb sqlexpress (sql server 18.0.2000 desi from camper, reservation, spot mt databases where camper_cayper number reservation camper number 2 database snapshots campground lll datanase diagrams mi tables gi system tables gi flletables a gxtemal tabtes i graph tables 3 hamper 3 do reservation bdasror fw view gl extene resources gl progaammahilty he 1 ll service beokor 100 4 mil storage bi fess: gil mesage: 4 mi seasity camper number caneer last name camber frst name camper address camper cty caper state camper 2 code camper davers ucense camper emal fesy number re as305roject fea viters i 55 sequllere portes me 18 rlaesi23 wile emgtersic 2 2 brest 2 jones 1778 ema reinga ass ee jermeiece ames ore 2 22 snd 3 1) sener ve <a spasgec tay pao ws ree pemcrcetaetinones se 2 campgrou 4 er yalers cie 954 segui lene potase we ene rkeesiza wilersss30gteorsicom 4 a ml datsoase diagrams 5 te vilers cie 555 sequl lore pots we one eraa5123 wkereiitigtherdicn pod mi tables ml system tables faetables mi extemal tables ml greph tables doo.camper dooreservation f doospor views 0 bens resources synonyms, i programmabsiny wl serace stokes vas query executed successiully localhos sqlexeress (75.0 :winl0 _ campground 5 roas cf res ln col 4 ch 47 ns",343,275,useful
v1,SQL,26,260.0,C:\NCKH\VIDEO_LEARNING_RESEARCH\data\processed\keyframes\v1\v1_00260s.png,"= ¢ = ts ~ Windows 10 x64 JE SOLQuery@.sq! locethostiSOLEXPRESS.cempgrounc2 (DESKTOP STCUCTEiWin10 (S4i}* Microsoft SQL Server Management Studic Quick Launch (Cr+ P- 8 x File Edt View Quey Orject Took Wincow Help @-0/5-o-id| Anwagy ALQLAA LF2/9-C-|\B\|A _ BPs So-, © F | compgrouna? + | DP cecte o VES @lB) SR S| = |e e, Obyect Explorer Eee SQuerytscl | TORTS Want Say"" + X ~ -¥¥erge x ee all campers and their reservations + (Comet =SEL “ =! B localhost\SQLEXPRESS (SQL Server 1.02000 - DESI ~ FROM CAMPER, RESERVATION, SPOT = Mi Databases WHERE CAMPER_CAMPER NUMBER - RESERVATION CAMPER NUMBER > Mil System Databases and RESERVATION. SPOT NUMBER = SPOT_SPOT_MUPBER + Wl Database Snapshots = 8 Campground + W@ Dataoase Diagrams = M@ Tables = Gi System Tables = FdeTables = a@ Gxtemal Tadtes = eG Graph Tables = Boars = 3 dbo RESERVATION * Bdasror * View © Gf Externe! Resources © i Syronyms 1G Programmahilty # El Service Brokor 100% 4 il Storage B fess: il Messages # Gl Seamity CAMPER NUMBER CAMEER LAST NAME CAMPER FRST NAME CAMPER ADDRESS CAMPER CTY CAMPER STATE CAMPER 2° CODE CAMPER DRVERS UCENSE CAMPER EMAL RESY NUMBER RE © @ cS35F reject + ag vies ie 96 Sequllere | Portes ME ne wrLaes123 siereMGtersicon 7 x + text 2 “1m Jones a 1778 Emon Beringer i ass) AEE jormipiecer en tese core 2 72 . =] snd2 2 ‘eo Sener ve $904 Spasguc tay = EPaso ™ wes roe PemercEtsaetinomee. set 2 = Fo aT ee Viters Cbh= 9845 Segui lene Portase we one erLessiza wlerssS30Gherscm 4 a + lit Detaoase Diagrams 5 1 Vilewe Cio 855 Segullere Pots we 106 wrLassts siereiGtorsicn § x = @ Tables + Mil System Tables + @ FieTables > @ Extemal Taotes = Ml Greph Tables + doo.CAMPER + ¥ dooRESERVATION = F doospor + @ Views * Extens! Resources * I Synonyms * 0 Prog-ammabilny % Ol Serace Stoker va< > < > @ Query executed successtully. localhos SQUIGRESS (15.0 DESKTOP-STOUQTS\Winld __ campground? 000000 5 roa: tO Type here to search [e) 2 PS ~ Ts e ey DL B","ts je solquery .sq locethostisolexpress.cempgrounc2 stcucteiwin10 (s4i} microsoft sql server management studic quick launch (cr+ p- 8 x file edt view quey orject took wincow help -0/5-o-id anwagy alqlaa lf2/9-c- b a _ bps so- f compgrouna dp cecte o ves lb) sr s e e, obyect explorer eee squerytscl torts want say"" x erge x ee all campers and their reservations (comet =sel b (sql server 1. desi from camper, reservation, spot mi databases where camper_camper number reservation camper number mil system databases and reservation. spot number spot_spot_mupber wl database snapshots 8 campground w dataoase diagrams m tables gi system tables fdetables a gxtemal tadtes eg graph tables boars 3 dbo reservation bdasror view gf externe resources i syronyms 1g programmahilty el service brokor 100 4 il storage b fess: il messages gl seamity camper number cameer last name camper frst name camper address camper cty camper state camper 2 code camper drvers ucense camper emal resy number re cs35f reject ag vies ie 96 sequllere portes me ne wrlaes123 sieremgtersicon 7 x text 2 1m jones a 1778 emon beringer i ass) aee jormipiecer en tese core 2 72 snd2 2 eo sener ve 904 spasguc tay epaso wes roe pemercetsaetinomee. set 2 fo at ee viters cbh= 9845 segui lene portase we one erlessiza wlersss30gherscm 4 a lit detaoase diagrams 5 1 vilewe cio 855 segullere pots we 106 wrlassts siereigtorsicn x tables mil system tables fietables extemal taotes ml greph tables doo.camper dooreservation f doospor views extens resources i synonyms 0 prog-ammabilny ol serace stoker va< query executed successtully. localhos squigress (15.0 winld __ campground 5 roa: to [e) 2 ps ts e ey dl b",359,280,useful
v1,SQL,27,270.0,C:\NCKH\VIDEO_LEARNING_RESEARCH\data\processed\keyframes\v1\v1_00270s.png,"eee ni & Ao B ®a<« &< =| Windows 10 x64 o CE sOLQueré.sq! locelhostSQLEXPRESS.compground2 (DESKTOP STCUCTEWin10 (S4i}* Microsoft SOL Server Management Studio Quick Launch (Cert+Q P- @ Xx File Edt View Query Orject Took Window Help @-0/5- a-Si d| Annan AQLAA LHH|9-C-|\Bla _ Bs Sw-, © | campgoure? - | Deente o VES GB) SRF SN ==|zel ee Object Explore EEE SOQuerySscl |_TOATS Wand Say"" = X ~ -¥¥a Toe x elect all campers and their reservations + SS =SEL “ = B localhost\SQLEXPRESS (SQL Server 18.0.2000 - DESI ~ FROM ((CAMPER inner join RESERVATION = ll Datadases OM CAMPER CAMPER MURBER-RESERVATION CAMPER MUMEER) inner join SPOT > Mil System Databases OM RESERVATION. SPOT MOMGER - SPOT_SPOT MGEm| 3 Database Snapshots = 8 Campground + Mil Database Diagrams = Mi Tables = System Tables = FdeTables = External Tadbes = OG Greph Tables = Ska Camper = 3 dsoRESERVATION * Bi daspor ¥ al Views © Gl Externe! Resources © 9 Syronyms 1 Prog-ammabilty be 1 El Service Broker 100% 4 il Storage Bese: il Messages © il Seamity CAMPER NUMBER CAMPER LAST NAME CAMPER FRST NAME CAMPER ADDRESS CAMPER CTY CAMPER STATE CAMPER 2° CODE CAMPER ORVERS UCENSE CAMPER GMAL RESY NUMBER RE 2 @ cs;5F reject + eg vitae oe 96 Sequllere | Portes we 2106 vrLaest23 wiereMStersicon + Fo © text 2 “0 Jones — 1778 Emon P Beringer assy EME jermfiscer enters core 2 7 _ r= nd2 2 ‘or Senet ve 3904 Spasguc Tay E Paso ™ we renee pemcroetssegnonrosre a = compgrou: 4 1 Vales Cie 955 Sequllare Potase we ewe erkessiz3 lers30Gersicom 4 a + Mit Detzoase Diagrams 5 10 Vilewe io 855 Segullere = Portes RE 2106 rLassis sieretordicn 5 x = Mi Tables = System Tables + Ml FaeTables = @ Extemal Taoles = i Greph Tables = ¥ doo.CAMPER + F GooRESERVATION + WF deospor * @ Views * Of Eternal Resources * SG Synonyms . Programmabrity % al Serace Broker ~a< i < > @ Query executed successtully focalhos\SQUIGRESS (15.0 DESKTOP-STCUQTS:Winl0 _ campground? 000000 5 roa:","eee ni ao b a< o ce solquer .sq locelhostsqlexpress.compground2 stcuctewin10 (s4i} quick launch (cert+q p- xx file edt view query orject took window help -0/5- a-si d annan aqlaa lhh 9-c- bla _ bs sw- campgoure deente o ves gb) srf sn zel ee object explore eee soquerysscl _toats wand say"" x a toe x elect all campers and their reservations ss =sel b (sql server 18.0.2000 desi from (camper inner join reservation ll datadases om camper camper murber-reservation camper mumeer) inner join spot mil system databases om reservation. spot momger spot_spot mgem 3 database snapshots 8 campground mil database diagrams mi tables system tables fdetables external tadbes og greph tables ska camper 3 dsoreservation bi daspor al views gl externe resources 9 syronyms 1 prog-ammabilty be 1 el service broker 100 4 il storage bese: il messages il seamity camper number camper last name camper frst name camper address camper cty camper state camper 2 code camper orvers ucense camper gmal resy number re 2 cs;5f reject eg vitae oe 96 sequllere portes we 2106 vrlaest23 wieremstersicon fo text 2 0 jones 1778 emon p beringer assy eme jermfiscer enters core 2 7 _ r= nd2 2 or senet ve 3904 spasguc tay e paso we renee pemcroetssegnonrosre a compgrou: 4 1 vales cie 955 sequllare potase we ewe erkessiz3 lers30gersicom 4 a mit detzoase diagrams 5 10 vilewe io 855 segullere portes re 2106 rlassis sieretordicn 5 x mi tables system tables ml faetables extemal taoles i greph tables doo.camper f gooreservation wf deospor views of eternal resources sg synonyms programmabrity al serace broker a< i query executed successtully focalhos squigress (15.0 :winl0 _ campground 5 roa:",348,280,useful
v1,SQL,28,280.0,C:\NCKH\VIDEO_LEARNING_RESEARCH\data\processed\keyframes\v1\v1_00280s.png,"eve rg SA - B e®a<« &< =) Windows 10 x64 = LXE SOLQuery8.sq locelhostiSOLEXPRESS. cempground2 (DESKTOP STCUCTEIin10 (S4iy"" Microsoft SOL Server Management Studio Quick Launch (Ctrl +) P- @ x Fle Edt View Query Project Took Wincow Help @-0/5-o-Si| Anway ALQLAA LF2/9-C-|\B\a _ DPAeSE-, © OF | ampgoune? - | Deecte © VES AB) 22 SN = =| zee. Obpect Explorer EES SOQueySscl | TOTS Wind Say"" > X ~ -¥ Paros x cet all campers and their reservations + ee =SEL « = © locathost\SOLEXPRESS (SQ. Server 15.0200 - DESI « FROH (CAMPER inser join RESERVATION & Ml Databases GMUGARPER ESPER MPBER-RESERVATION. CAMPER MUMBER) inner join SPOT = BS System Databases OW RESERVATION. SPOT_MMGER - SPOT.SPOT_WPSER + Ml Database Snapshots — : ~ = Campground # Mil Dataoase Diagrams = Mi Tables = Gi System Tables = Oi FileTables = a Extemal Fables = a Greph Tables = 3 hamper = 3 dsoRESERVATION * Bi daspor 7 all Views GE Externe! Resources 1 Prog-ammabilty M4 4 El Service Beokor 100% 4 Mil Storage BB Resuts Gil Mesage: 4 ili Seasity CAMPER NUMBER CANEER LAST KAWE CAMBER FRST NAME CAMPER 200SESS CAMPER CTY CAKEER STATE CAMPER 2° CODE CAMPER DAVERS UCENSE CAMPER EMAL RESY NUMBER RE +) @ AS305Froject + ag i vies ee 3 Sequllere | Portes Me 2106 rLaasi23 wie eGtersice + x 2 test 2 “10 Jones a 1778 Ease Pe Beringer Al ass LE fer mieiecw onsen core 2 22 - - snd2 2 or hetuinal ""= 3904 Spasguc Tay E Paco ™ we sek pamcrontdegnonres ret 2 = pale thee 4 1a Vailers Cpe 954 Sequillere Portaze we ene wrLaesiza wilerss30Gtersicem 4 a + Mil Doteoase Diagrams 5 ce Vales food 555 Sequl ere Portes we one erLass123 wilereBitiGtersicn § 2 = Mi Tables = Ml Systen Tables = Mi FaeTables = Ml Extemal Tables = Ml Greph Tables = ¥ doo.CAMPER = ¥ dooRISERVATION = WF doospor + @ Views * M@ Eternal Resources * Synonyms, * i Progammabsiny a Serace Srokex vas > < > © Query executed successtully localhos SQLXERESS (75.0 DESKTOP_STOUCTS\Winld campground? 000000 5 roas","eve rg sa b e a< lxe solquery8.sq locelhostisolexpress. cempground2 stcucteiin10 (s4iy"" quick launch (ctrl p- x fle edt view query project took wincow help -0/5-o-si anway alqlaa lf2/9-c- b a _ dpaese- of ampgoune deecte ves ab) 22 sn zee. obpect explorer ees soqueysscl tots wind say"" x paros x cet all campers and their reservations ee =sel locathost solexpress (sq. server 15.0200 desi froh (camper inser join reservation ml databases gmugarper esper mpber-reservation. camper mumber) inner join spot bs system databases ow reservation. spot_mmger spot.spot_wpser ml database snapshots campground mil dataoase diagrams mi tables gi system tables oi filetables a extemal fables a greph tables 3 hamper 3 dsoreservation bi daspor 7 all views ge externe resources 1 prog-ammabilty m4 4 el service beokor 100 4 mil storage bb resuts gil mesage: 4 ili seasity camper number caneer last kawe camber frst name camper 200sess camper cty cakeer state camper 2 code camper davers ucense camper emal resy number re as305froject ag i vies ee 3 sequllere portes me 2106 rlaasi23 wie egtersice x 2 test 2 10 jones a 1778 ease pe beringer al ass le fer mieiecw onsen core 2 22 snd2 2 or hetuinal 3904 spasguc tay e paco we sek pamcrontdegnonres ret 2 pale thee 4 1a vailers cpe 954 sequillere portaze we ene wrlaesiza wilerss30gtersicem 4 a mil doteoase diagrams 5 ce vales food 555 sequl ere portes we one erlass123 wilerebitigtersicn 2 mi tables ml systen tables mi faetables ml extemal tables ml greph tables doo.camper dooriservation wf doospor views m eternal resources synonyms, i progammabsiny a serace srokex vas query executed successtully localhos sqlxeress (75.0 winld campground 5 roas",355,278,useful
v1,SQL,29,290.0,C:\NCKH\VIDEO_LEARNING_RESEARCH\data\processed\keyframes\v1\v1_00290s.png,"eee i & Ao B ®a<= &< =) Windows 10 x64 o CRE SOLQuery6.sq locelhostSQLEXPRESS.compgrounc2 (DESKTOP STCUCTE\in10 (S4iy* Microsoft SOL Server Management Studio Quick Launch (Ctrl +) Pe 8 x File Edt View Query Project Took Window Help @-0/35-o-Gid| Anna AZQLAA LHH|9-C-|B\a _ Pe So-, © 98 | campgoura? + | Deente © VSS@(B) SRF SM = =| ze By Obyect Sxplorer EES SQQuerySscl | TOUQTE\WintD Say"" > X ~ -¥¥a Toe x ce all campers and their reservations + = =SEL “ = B localhost\SQLEXPAESS (SQ. Server 15.0.2000 - DESI « FROM. (CAPER inser join RESERVATION = Wl Databases OM CAMPER CAMPER MUPMBER-RESERVATION CAMPER MIMBER) 2-0=° 552° SPOT = Dat Desbases OM” RESERVATION. SPUT_MAPSER = SPUT_SPOT_MPBER I 2 Database Snapshots ~ ~ ~ | = 8 Campground + 8 Dataoase Diagrams = Mi Tables = System Tables = FdeTables = a Ettemal Tables = OG Greph Tables = 3 hamper = B dsoRSERVATION * Bi daspor 7 ll Views © Gl Externe! Resources © Gi Syronyms 1 Prog-ammabilty 4 1 i Sonwice Beokor 100% = 4 Wil Storage B fess: Gl Messages # Wl Seamity CAMPER NUMBER CANEER LAST NAME CAMPER FRST NAME CAMPER ADDRESS CAMPER CTY CAMPER STATE CAMPER 2° CODE CAMPER D2VERS UCENSE CAMPER EMAL REST NUMBER RE + @ cS305Froject + ee vals es 955 Segui Lee Portes ME 216 rLaas123 weigher + 2m © text Pl) Jones — 1778 Eee Beringer Al ase"" EE fer mnpiecer antes core 2 7 7 =] nd2 2 1 scumeh ve s34 Spasgec Way Paco ™ wes reek Pemercetssetinonnee set 2 = campgrou! 4 eR Yilers Cin 954 Sequi Lene Potaze we ene rLeesiza ilerssS3CGteorsiicom 4 a * lif Datsoase Diagrams 5 te Vales Ce $55 Sequl Lore Portess RE “ne erLaa5123 wkereitiGthorsicn § Fad = Mi Tables — System Tables + @ FaeTables = @ Extemal Tadtes = i Greph Tables + ¥ doo.CAMPER + ¥F GooRESERVATION = FB doospor * @ Views * 0 tens! Resources * Gf Synonyms * Programmabiity % O Serace Stoker va«< > < > @ Query executed successtully. focalhosf\SQLEXPRESS [15.0 DESKTOP-STCUCTE,Win10 __ campground? 000000 5 roas","eee i ao b a< o cre solquery6.sq locelhostsqlexpress.compgrounc2 stcucte in10 (s4iy* quick launch (ctrl pe 8 x file edt view query project took window help -0/35-o-gid anna azqlaa lhh 9-c- b a _ pe so- 98 campgoura deente vss (b) srf sm ze by obyect sxplorer ees sqquerysscl touqte wintd say"" x a toe x ce all campers and their reservations =sel b (sq. server 15.0.2000 desi from. (caper inser join reservation wl databases om camper camper mupmber-reservation camper mimber) 2-0= 552 spot dat desbases om reservation. sput_mapser sput_spot_mpber i 2 database snapshots 8 campground 8 dataoase diagrams mi tables system tables fdetables a ettemal tables og greph tables 3 hamper b dsorservation bi daspor 7 ll views gl externe resources gi syronyms 1 prog-ammabilty 4 1 i sonwice beokor 100 4 wil storage b fess: gl messages wl seamity camper number caneer last name camper frst name camper address camper cty camper state camper 2 code camper d2vers ucense camper emal rest number re cs305froject ee vals es 955 segui lee portes me 216 rlaas123 weigher 2m text pl) jones 1778 eee beringer al ase"" ee fer mnpiecer antes core 2 7 7 nd2 2 1 scumeh ve s34 spasgec way paco wes reek pemercetssetinonnee set 2 campgrou 4 er yilers cin 954 sequi lene potaze we ene rleesiza ilersss3cgteorsiicom 4 a lif datsoase diagrams 5 te vales ce 55 sequl lore portess re ne erlaa5123 wkereitigthorsicn fad mi tables system tables faetables extemal tadtes i greph tables doo.camper f gooreservation fb doospor views 0 tens resources gf synonyms programmabiity o serace stoker va query executed successtully. focalhosf sqlexpress [15.0 ,win10 __ campground 5 roas",354,277,useful
v1,SQL,30,300.0,C:\NCKH\VIDEO_LEARNING_RESEARCH\data\processed\keyframes\v1\v1_00300s.png,"ese 1 & So B e®a-<« &< =) Windows 10 x64 o x — winto G4"" Mi sols M Studi Quick Launch (Ctrt+Q) Pe 8B xX File Edt View Quey noject Took Wincow Help @-0/35-o-Gid| Avra AQLAA %Ga|9-C-|B\sa _ BAe SB-, ©) mpg? -| DP eente § VES GB) 28 SN = =|zEl eS Obpect Explore EES SOQuorSscl | TOUQTEWintD Say"" > X ~ -¥¥a Toe x eet all campers and their reservations + = =SEL “ = © localhost\SQLEXPRESS (SQ. Server 15.0200 - DESI FROM inner join RESERVATION = Mf Datedases ou cues cesoen MUMBER-RESERVATION CAMPER MUMSER) innzr join spoT = Ml System Databases Ou “RESERVATIOW.SPOT_MUMSER - SPOT SPOT_MPSER 3 Dstabase Snapshots = Campground + W@ Datasase Diagrams = Mi Tables = System Tables = FdeTables = af Extemal [ables = OG Graph Tables = 3 ha Camper = B dsoRESERVATION * Bi dospor 7 ll Views © GG Externe! Resources © Gi Syronyms 1G Prog-ammabilty w. ¥ Ul Service Brokor 100% 4 til Storage Bfesus Gl Message: + i Seamity CAMPER NUMBER CAMPER LAST NAME CAMPER FRST NAME CAMPER ADDRESS CAMPER CTY CAMPER STATE CAMPER 2° CODE CAMPER DRVERS UCENSE CAMPER EMAL RESY NUMBER RE + @ 0S8305Froject + 3m Mates es 955 Segui Lave Portass ME 2106 rLaasi23 wie egies + =m © test 2 eo Jones a 1775 Ease Bergen al assy EE jormpiece enter core 2 22 _ wc ound? 2 or betusinal ""= S304 Spangine Way Pa ™ we reek pemcroetegnosrosre 2 = ANSE 4 1 Yalers Ci 956 Segui Lore Potase we ene wrLeesiza wilersss30Gteersicom 4 a Ml Detzoase Diagrams 5 ex Vales food $55 Segui ere Portes we 216 erLaest2s wkereMitiGtersicn § 2x = Ml Tables Ml System Tables = Wl FileTables = @ Extemal Taotes = il Greph Tables = ¥ doo.CAMPER + F GooRESERVATION = F dospor + @ Views * Externs! Resources * Synonyms, * Programmabsity % wl Serace Broker io > < > ©) Query executed successiully- locathosPSQUXGRESS (150 DESKTOP-STCUQTS:Winld _ campground? 000000 5S-oas Res ln3 Zol 48 Ch 48 NS","ese 1 so b e a- o x winto g4"" mi sols m studi quick launch (ctrt+q) pe 8b xx file edt view quey noject took wincow help -0/35-o-gid avra aqlaa ga 9-c- b sa _ bae sb- mpg dp eente ves gb) 28 sn zel es obpect explore ees soquorsscl touqtewintd say"" x a toe x eet all campers and their reservations =sel (sq. server 15.0200 desi from inner join reservation mf datedases ou cues cesoen mumber-reservation camper mumser) innzr join spot ml system databases ou reservatiow.spot_mumser spot spot_mpser 3 dstabase snapshots campground w datasase diagrams mi tables system tables fdetables af extemal [ables og graph tables 3 ha camper b dsoreservation bi dospor 7 ll views gg externe resources gi syronyms 1g prog-ammabilty w. ul service brokor 100 4 til storage bfesus gl message: i seamity camper number camper last name camper frst name camper address camper cty camper state camper 2 code camper drvers ucense camper emal resy number re 0s8305froject 3m mates es 955 segui lave portass me 2106 rlaasi23 wie egies =m test 2 eo jones a 1775 ease bergen al assy ee jormpiece enter core 2 22 _ wc ound 2 or betusinal s304 spangine way pa we reek pemcroetegnosrosre 2 anse 4 1 yalers ci 956 segui lore potase we ene wrleesiza wilersss30gteersicom 4 a ml detzoase diagrams 5 ex vales food 55 segui ere portes we 216 erlaest2s wkeremitigtersicn 2x ml tables ml system tables wl filetables extemal taotes il greph tables doo.camper f gooreservation f dospor views externs resources synonyms, programmabsity wl serace broker io query executed successiully- locathospsquxgress (150 :winld _ campground 5s-oas res ln3 zol 48 ch 48 ns",343,280,useful
v1,SQL,31,310.0,C:\NCKH\VIDEO_LEARNING_RESEARCH\data\processed\keyframes\v1\v1_00310s.png,"eee ik & Ao B ®a<« &< =) Windows 10 x64 o xR SQLQuery8.sq localhost\SQLEXPRESS.cempground2 (DESKTOP STCUQTE\Win10 (S4))* Microsoft SOL Server Management Stucic Quick Launch (Cert+Q) Pe 8 xX Fle Edt View Query Project Took Wincow Help @-O|5- c-Si | Anna B2SOAA £74/9-C-|B\sa _ BA SE-, $F | lompgreurct? | Deecte o VME) RR SM = =| tele. Obpect Sxplcrer EEE SOQuerySscl | TOAMTEWintD Say"" = X ~ -¥4ergs x eeiect all campers and their reservations she = =SEL « = BB locallhostiSQLEXPRESS (SQL Server 15.0.2000 - DESI ~ FROM ((CAMPER inse- join RESERVATION & Ml Databases OW CAMPER _CAMPER MUMBE2-RESERVATION CAMPER MUMSER) innzr join SPOT > Ml System Databases OW RESERVATION. SPOT_MUMBER - SPOT.SPOT MUGER | — 2 Database Snapshots = Campground + 8 Dataoase Diagrams = M@ Tables = System Tables = FdeTables = a Extemal Tables I = OG Greph Tables = 3 ha Camper = 3B dboRESERVATION * B dasror F a View © GB Externe! Resouress 1 Prog-ammability ¥ © Gt Service Brokor 100% = 4 il Storage B fess: Gl Messages | Gl Seamity CAMPER NUMBER CAMPER LAST NAME CAMPER FRST NAME CAMPER ADDRESS CAMPER CTY CAMPER STATE CAMPER 2° CODE CAMPER DRVERS UCENSE CAMPER EMAL RESY NUMBER RE + @ OS30SFroject + ee valers fo 955 Segui Lene Potass Me 2108 weLes123 wher eGhersicon + x © Wrest 2 “m0 bee — 1778 Ease Beige A ass"" EE jermipiscerentere core 2 2 =] und? 2 ‘or sete ve <A Spasgec Yay | Paco ™ ws bd PemCrcRtsaeeinonnee. set 2 = amps 4 19 Yalers Ci 956 SequiLere Portase we ane weeeesiza wilerss30Giersicom | 4 = * Mi Datsoase Diagrams 5 te Vilewe Cie $55 Sequl Lore Pots we ced eraas123 whereitiGtersicn § Pod = Mi Tables ~ System Tables — FileTables > @ Extemal Taotes = fl Greph Tables > ¥ doo.CAMPER + ¥ GooRESERVATION = F doospor + © Views * Externs! Resources * Synonyms, * 0 Programmabilny % al Serace Stoker va< > < > © Query executed successtully localhosh SQUXERESS (75.0 _ DESKTOP_STCUOTENWin10 _ campground? 000000 5 oes CF Res ln3 <o1 48 Ch 48 NS","eee ik ao b a< o xr sqlquery8.sq .cempground2 stcuqte win10 (s4) microsoft sol server management stucic quick launch (cert+q) pe 8 xx fle edt view query project took wincow help -o 5- c-si anna b2soaa 74/9-c- b sa _ ba se- f lompgreurct deecte o vme) rr sm tele. obpect sxplcrer eee soquerysscl toamtewintd say"" x 4ergs x eeiect all campers and their reservations she =sel bb locallhostisqlexpress (sql server 15.0.2000 desi from (camper inse- join reservation ml databases ow camper _camper mumbe2-reservation camper mumser) innzr join spot ml system databases ow reservation. spot_mumber spot.spot muger 2 database snapshots campground 8 dataoase diagrams m tables system tables fdetables a extemal tables i og greph tables 3 ha camper 3b dboreservation b dasror f a view gb externe resouress 1 prog-ammability gt service brokor 100 4 il storage b fess: gl messages gl seamity camper number camper last name camper frst name camper address camper cty camper state camper 2 code camper drvers ucense camper emal resy number re os30sfroject ee valers fo 955 segui lene potass me 2108 weles123 wher eghersicon x wrest 2 m0 bee 1778 ease beige a ass"" ee jermipiscerentere core 2 2 und 2 or sete ve <a spasgec yay paco ws bd pemcrcrtsaeeinonnee. set 2 amps 4 19 yalers ci 956 sequilere portase we ane weeeesiza wilerss30giersicom 4 mi datsoase diagrams 5 te vilewe cie 55 sequl lore pots we ced eraas123 whereitigtersicn pod mi tables system tables filetables extemal taotes fl greph tables doo.camper gooreservation f doospor views externs resources synonyms, 0 programmabilny al serace stoker va< query executed successtully localhosh squxeress (75.0 _ _ campground 5 oes cf res ln3 <o1 48 ch 48 ns",356,283,useful
v1,SQL,32,320.0,C:\NCKH\VIDEO_LEARNING_RESEARCH\data\processed\keyframes\v1\v1_00320s.png,"= t C ts Windows 10 x64 CE SOLQuery8.sq locelhostSOLEXPRESS.cempgrounc2 (DESKTOP STCUCTEIWin10 (S4iy"" Microsoft SOL Server Management Studio Quick Launch (Cert+@ P- @ Xx File Edt View Query Project Took Wincow Help @-0/5- c-Si d| Anwagy ALLAA LF2/9-C-|B\Aa _ BA SE-, © 98 | campground? + | Db cente © VES@(B) SRF SM = =| eel ey Object Explorer SESE SOLQuerSscl |_TOUQTEWinlD S47 = X . C a 2. x seiect all campers and their reservations = = BB localhost SQLEXPRESS (SQL Server 15.0.2000 - DESI « FROM ((CANER inner join RESERVATION = @ Datpsses OM CAMPER_CAMPER MUMBER-RESERVATION CAMPER MUMBER) inner join SPOT > ll System Databases OM RESERVATION. SPOT_WUMBER = SPOT_SPOT WUMBER + MB Database Snapshots = @ Campground + W® Datasase Diagrams = m@ Tables = System Tables = FdeTables = o@ Gxtemal Tabtes = eG Greph Tables = 3 ha Camper = 3 doRESERVATION * Bdaspor 7 0 View 7 GB Externe! Resources * oe Syronyms 1G Prog-ammability M4 4 Ell Service Broker 100% 4 Ml Storage BB Resuts Gl Mesage: + i Seamity CAMPER NUMBER CAMEER LAST NAWE CAMPER FRST NAME CAMPER ADDRESS CAMPER CTY CAMPER STATE CAMPER 2° CODE CAMPER DRVERS UCENSE CAMPER EMAL RESY NUMBER RE +» @ S30SFroject + fag vars ie 96 Sepullere Portes Me 218 rLaes123 siete 7 Fo 2 text 2 “10 Jones a 1778 Ease Reinga A ass"" EE fer mipiecer anne core 2 2 =} und? 2 to Seneee Pe 204 Spaague May E:Paxe ™ we ee Fatecrostssegnoatoreret 2 2 + 4 1eR Vaters Cin 95 Segui lene Portase we ene ertessiz3 wlerssSO Shores. com 4 P| * Ml Detzoase Diagrams = te Vales food $55 Sequll Lene Portesc we one wrLaesi2s wilereitiGtersicn § Fad = MW Tables — System Tables — FileTables > @ Extemal Tables = fl Greph Tables + F doo.CAMPER + ¥ GooRESERVATION = F doospor + © Views * 0 Bens! Resources * Synonyms, * 0 Prog-ammabslny % al Serace Stoker vas > « > @ Query executed successiully. localhosh SQLXPRESS (75.0 DESKTOP_STCUOTEWinl0 _ campground? 000000 5 oes tO Type here to search fe) = MS ow Hs e mo DL B","t c ts ce solquery8.sq locelhostsolexpress.cempgrounc2 stcucteiwin10 (s4iy"" quick launch (cert+ p- xx file edt view query project took wincow help -0/5- c-si d anwagy allaa lf2/9-c- b aa _ ba se- 98 campground db cente ves (b) srf sm eel ey sese solquersscl _touqtewinld s47 x c a 2. x seiect all campers and their reservations bb sqlexpress (sql server 15.0.2000 desi from (caner inner join reservation datpsses om camper_camper mumber-reservation camper mumber) inner join spot ll system databases om reservation. spot_wumber spot_spot wumber mb database snapshots campground w datasase diagrams m tables system tables fdetables o gxtemal tabtes eg greph tables 3 ha camper 3 doreservation bdaspor 7 0 view 7 gb externe resources oe syronyms 1g prog-ammability m4 4 ell service broker 100 4 ml storage bb resuts gl mesage: i seamity camper number cameer last nawe camper frst name camper address camper cty camper state camper 2 code camper drvers ucense camper emal resy number re s30sfroject fag vars ie 96 sepullere portes me 218 rlaes123 siete 7 fo 2 text 2 10 jones a 1778 ease reinga a ass"" ee fer mipiecer anne core 2 2 und 2 to seneee pe 204 spaague may e:paxe we ee fatecrostssegnoatoreret 2 2 4 1er vaters cin 95 segui lene portase we ene ertessiz3 wlerssso shores. com 4 p ml detzoase diagrams te vales food 55 sequll lene portesc we one wrlaesi2s wilereitigtersicn fad mw tables system tables filetables extemal tables fl greph tables f doo.camper gooreservation f doospor views 0 bens resources synonyms, 0 prog-ammabslny al serace stoker vas query executed successiully. localhosh sqlxpress (75.0 _ campground 5 oes to fe) ms ow hs e mo dl b",359,281,useful
v1,SQL,33,330.0,C:\NCKH\VIDEO_LEARNING_RESEARCH\data\processed\keyframes\v1\v1_00330s.png,"ese it & Ao B ®a<« &< =) Windows 10 x64 o CR SOLQuery@sqi localhost SOLEXPRESS compground2 (DESKTOP STCUCTE\Win10 (S4i}* Microsoft SQ Server Management Studio Cusick Launch (Cote) Pe & x File Edt View Query Project Took Window Help @-0|/5-o-Sid| Anway ALSLRA LFH/9-C-|B\Aa _ BASH, # MF | campy cure + | Dewnte 8 v 38 G/B) 2 | SN = =| zE\e. Obpect Explorer EEE SOQuerySscl | TORTS Wind Say"" > X - C -¥¥aroge -- Select all campers and their reservations including the campers who did not make any reservations. she = SELECT “ = BB localhost SQLEXPRESS (SQL Server 18.0.2000 - DESI « FROM ((CAMPER left join RESERVATION = Ml Databases ON CAMPER CAMPER MUMBER-RESERVATION CAMPER MUMSER) 1=ft join SPOT = Mil System Databases OM RESERVATION. SPOT RUMSER - SPOT.SPOT MUPGER 2 Database Snapshots eee ae = BB Campground + Mil Datsnase Diagrams = M@ Tables = System Tables = FdeTables = a Extemal Fables = eG Graph Tables = 3 ha Camper = 3 dboRESERVATION = Bdasror « Views © Gi Externe! Resouress I Syoonyms © 1 Programmahility i # Ul Service Brokor 100% - 4 tl Storage B fests Gl Merage: # il Seamity CAMPER NUMBER CAMPER LAST RAWE CAMPER FRST NAME CAMPER ADDRESS CAMPER CTY CAPER STATE CAMPER 2° CODE CAMPER DRVERS UCENSE CAMPER CMAL RESY NUMBER RE + @ OS30SProject 7 30 ever isso 1278 Eseex Beige AL “051 SRST JpeGroreetere oe 2 2m a @ test ? ‘or Scnerat Pe a i ™ Ts rca Petwordetejinoatwerea 7 = i @« ound? 2 ‘ox yates ome 1S equiure Potts “= one wrestsic3 bnanheesere-ensieinasll 1 = ro 4 1s Vilers Ch 9546 Segui lene Portase we ene ertessiza wheres Ghose: com a =a * Mf Datsoase Diagrams 5 te Valores Cie 355 Sequl Lore Pots we “108 era85125 wlereMitiGherdicn § 2m = M@ Tables € 15 Cooner Fearda PO boxe Pormmouh oH ez TSanenes? eaegeraitrombeea wet MEL nm + Ml System Tables ? 17 ae =m 13 Mom st Berge AL 257 ABC semi 2 Erowhere.nct ML ™ — FileTables = @ Extemal Tadtes = Gil Greph Tables + F doo.CAMPER + ¥ G20. RESERVATION = F dospor * @ Views * O@ tens! Resources * Synonyms . Programmabsity % Ol Serace Broker ~a< : < > @ Query executed successtully. localhos SQLIGRESS (15.0_ DESKTOP-STOUCTSWinl0 _ campground? 000000 Troas","ese it ao b a< o cr solquery sqi solexpress compground2 stcucte win10 (s4i} microsoft sq server management studio cusick launch (cote) pe x file edt view query project took window help -0 /5-o-sid anway alslra lfh/9-c- b aa _ bash, mf campy cure dewnte 8 v 38 g/b) 2 sn ze e. obpect explorer eee soquerysscl torts wind say"" x c aroge select all campers and their reservations including the campers who did not make any reservations. she select bb sqlexpress (sql server 18.0.2000 desi from (camper left join reservation ml databases on camper camper mumber-reservation camper mumser) 1=ft join spot mil system databases om reservation. spot rumser spot.spot mupger 2 database snapshots eee ae bb campground mil datsnase diagrams m tables system tables fdetables a extemal fables eg graph tables 3 ha camper 3 dboreservation bdasror views gi externe resouress i syoonyms 1 programmahility i ul service brokor 100 4 tl storage b fests gl merage: il seamity camper number camper last rawe camper frst name camper address camper cty caper state camper 2 code camper drvers ucense camper cmal resy number re os30sproject 7 30 ever isso 1278 eseex beige al 051 srst jpegroreetere oe 2 2m a test or scnerat pe a i ts rca petwordetejinoatwerea 7 i ound 2 ox yates ome 1s equiure potts one wrestsic3 bnanheesere-ensieinasll 1 ro 4 1s vilers ch 9546 segui lene portase we ene ertessiza wheres ghose: com a =a mf datsoase diagrams 5 te valores cie 355 sequl lore pots we 108 era85125 wleremitigherdicn 2m m tables 15 cooner fearda po boxe pormmouh oh ez tsanenes eaegeraitrombeea wet mel nm ml system tables 17 ae =m 13 mom st berge al 257 abc semi 2 erowhere.nct ml filetables extemal tadtes gil greph tables f doo.camper g20. reservation f dospor views o tens resources synonyms programmabsity ol serace broker a< query executed successtully. localhos sqligress (15.0_ _ campground troas",395,320,useful
v1,SQL,34,340.0,C:\NCKH\VIDEO_LEARNING_RESEARCH\data\processed\keyframes\v1\v1_00340s.png,"ese 1 & Bose ®a-= &< *) Windows 10 x64 o JE SOLQuery@sq! locelhostiSQLEXPRESS.cempground2 (DESKTOP STCUCTE:Win10 (S4i)* Microsoft SQL Server Management Studic Quick Launch (Certo Pe 8 xX File Edt View Quey Oroject Took Window Help 0-0/5 -o- Oi Anan ABZQLRA LAA/9-C-\BlA - Bes eD-, 1 | ampgoune? -| DP eecte o V ESA) fF SN ==|zel eS Obpect Explorer EES SQLQuerySscl | TOUQTE\WintD sayy > X ~ C -¥ 4a Tos -- Select all campers and their reservations including the campers who did not make any reservations. ste = SELECT “ = BB localhostiSQLEXPRESS (SQL Server 15.0.2000 - DESI ~ FROM ((CAMPER left join RESERVATION = Gf Datapsses OW CAMPER CAMPER MUMBE2-RESERVATION CAMPER MUMSER) 1=ft Join spoT + Ml System Databases ON RESERVATION. SPOT NUMBER = SPOT.SPOT WUMBER 2 Database Snapshots - = 8 Campground + @) Datasase Diagrams = Mi Tables = @ System Tables = FdeTables = External Tadbes = Oi Greph Tables = 3 ha Camper = 3 dooRESERVATION * Bdaspor + 1 Views © Externe! Resources © Gi Syronyms © Gl Progammahiity re 4 I Service Broker 100% 4 Il Storage Bfesus gl Mexage= 4 Wi Seamity CAMPER NUMBER CAMEER LAST NAME CAMPER FRST NAME CAMPER ADDRESS CAMPER CTY CAMPER STATE CAMPER 2° CODE CAMPER DRVERS UCENSE CAMPER EMAL RESY NUMBER RE + @ OS305Froject + 0 ewer jase 1278 Esvex Beige AL 51 RET perGrceeotere oe 2 2m 4 Gres 2 ‘or Scnerae Pe a i ™ 78 re Petwor det ejirostwera 3 I . =] snd2 2 ‘= yates om 38 Segal are votre “= one oruassizs L nemtapergny -paatrenat 1 = ro 4 1 Views Cfh= 955 Segui Lene Portasc we ene ertessiza wlerss30Gheracom 4 =a Ml Detsoase Diagrams 5 ce Vales food 555 Segui ere Portess we 216 erLaes123 wilereitiGhersicn § 2 = M@ Tables € 13 Cooser Fearda PO bos Ser Pormmouh cH Cd TSacense? eceperaitrombeea wet MEL Mm - System Tables ? to Bee Sam 123 Mom st Serge AL <5257 ABC? soma 2 iErowhere net ML ™ = Ml Extemal Tables = Ml Greph Tables = F doo.CAMPER + F doo RESERVATION = F dospot + @ Views + MG Eternal Resources + Gi Synonyms + W Programmabiity % Ol Serace Broker vas > < > @ Query executed successtully localhosh SQLXERESS (75.0 DESKTOP_STCUOTEWinld _ campground? OKO 7 ross",ese 1 bose a- o je solquery sq locelhostisqlexpress.cempground2 stcucte:win10 (s4i) microsoft sql server management studic quick launch (certo pe 8 xx file edt view quey oroject took window help 0-0/5 -o- oi anan abzqlra laa/9-c- bla bes ed- 1 ampgoune dp eecte o v esa) ff sn zel es obpect explorer ees sqlquerysscl touqte wintd sayy x c 4a tos select all campers and their reservations including the campers who did not make any reservations. ste select bb (sql server 15.0.2000 desi from (camper left join reservation gf datapsses ow camper camper mumbe2-reservation camper mumser) 1=ft join spot ml system databases on reservation. spot number spot.spot wumber 2 database snapshots 8 campground datasase diagrams mi tables system tables fdetables external tadbes oi greph tables 3 ha camper 3 dooreservation bdaspor 1 views externe resources gi syronyms gl progammahiity re 4 i service broker 100 4 il storage bfesus gl mexage= 4 wi seamity camper number cameer last name camper frst name camper address camper cty camper state camper 2 code camper drvers ucense camper emal resy number re os305froject 0 ewer jase 1278 esvex beige al 51 ret pergrceeotere oe 2 2m 4 gres 2 or scnerae pe a i 78 re petwor det ejirostwera 3 i snd2 2 yates om 38 segal are votre one oruassizs l nemtapergny -paatrenat 1 ro 4 1 views cfh= 955 segui lene portasc we ene ertessiza wlerss30gheracom 4 =a ml detsoase diagrams 5 ce vales food 555 segui ere portess we 216 erlaes123 wilereitighersicn 2 m tables 13 cooser fearda po bos ser pormmouh ch cd tsacense eceperaitrombeea wet mel mm system tables to bee sam 123 mom st serge al <5257 abc soma 2 ierowhere net ml ml extemal tables ml greph tables f doo.camper f doo reservation f dospot views mg eternal resources gi synonyms w programmabiity ol serace broker vas query executed successtully localhosh sqlxeress (75.0 _ campground oko 7 ross,391,322,useful
v1,SQL,35,350.0,C:\NCKH\VIDEO_LEARNING_RESEARCH\data\processed\keyframes\v1\v1_00350s.png,"eee 1 & So B eoa<« &< =) Windows 10 x64 o CE SOLQuery6.sq locelhostiSOLEXPRESS.compground2 (DESKTOP STCUCTE\in10 (S4iy* Microsoft SOL Server Management Studio Quick Launch (Cerl+Q) P- @ x File Edt View Query Project Took Window Help @-0/5-o-Siw| Anway ALSLAA LFH\/9-C-|\Bl\Aa _ BA SD-, 1 P| ompgouner «| Deoote VS OE sR SRN ==\ Hl e. Obyect Explorer MEE SOLQuerySscl |_TOUQTEWintD Say = X ~ Comcr> ¥ Puy G+ x eet all campers and their reservations including the campers who did mot make any reservations. ie = GB localhost SQLEXPRESS (SQL Server 18.0.2000 - DESI « FROM ( (CAMPER left join RESERVATION & Mf Databases OM CAMPER _CAMPER MUPBER-RESERVATION CAMPER MUMBER) 12ft join SPOT = Mil System Databases Ou RESERVATIOW.SPOT_MUMBER — SPOT.SPOT_MPSER 2 Dstabase Snsoshots = Campground + @ Dataoase Diagrams = Mi Tables = System Tables = FdeTables = Extemal Tadbes = Gi Graph Tables = 3 ha Camper = 3 dbo RESERVATION = Bdasror Fo Views © GB Externe! Resources © ME Syoonyms 1 Prog-ammability A 4 i Sorvice Broker 100% = 4 il Storage B Rests Gl Mesage: # i Seamity CAMPER CTY CAMPER STATE CAMPER 2° CODE CAMPER DRVERS UCENSE CAMPER Eu RESY NUMBER RESy DATE RESY NIGHTS SOT NUMBER CAMPER NUMBER FESy RATE PEM RES +) @ Cs30sP reject 7 Beige AL st waeeT348 jomGrcrestescom 2 moi. ¢ od woe 1 20 + @ rest > BPao ™ Tw see Patecrtetstefirostere re 3 poms 4 Pot wet 1 ue 2 Potarc “= an wai heres mora com ? SS 2 m “eS ’ xe = @ campsround2 4 Potare we 2108 reesizs leresSSteorsicon + pene m wee é we + Mil Detacase Diagrams 5 Peters Me 2106 ruaasi2s slereiitiGtorsian 5 mets 2 mt wee © oee = M@ Tables € Pouarouh cH se aaa ceepereftrostere scr NULL MAL MAL MULL MULL MULL au + Ml System Tables 2 Bergen A aaa) ABCTZRSS? somth 2rosbora net Lee MAL Lee ULL oe ie wa = Ml FaeTables = @& Extemal Tables = @@ Groph Tables = F doo.CAMPER + ¥ Go0.RESERVATION = F doospor + © Views * 0 tens! Resources * Gl Synonyms * 0 Programmabilny % O@ Serace Broker va«< > af 2: O Query executed suxcesstully. LS lacalhoshSQLEXPRESS [15.0 DESKTOP-STOUQTEAWin10 __ campground? 0000.00 Troas",eee 1 so b eoa< o ce solquery6.sq locelhostisolexpress.compground2 stcucte in10 (s4iy* quick launch (cerl+q) p- x file edt view query project took window help -0/5-o-siw anway alslaa lfh /9-c- bl aa _ ba sd- 1 p ompgouner deoote vs oe sr srn hl e. obyect explorer mee solquerysscl _touqtewintd say x comcr> puy g+ x eet all campers and their reservations including the campers who did mot make any reservations. ie gb sqlexpress (sql server 18.0.2000 desi from (camper left join reservation mf databases om camper _camper mupber-reservation camper mumber) 12ft join spot mil system databases ou reservatiow.spot_mumber spot.spot_mpser 2 dstabase snsoshots campground dataoase diagrams mi tables system tables fdetables extemal tadbes gi graph tables 3 ha camper 3 dbo reservation bdasror fo views gb externe resources me syoonyms 1 prog-ammability a 4 i sorvice broker 100 4 il storage b rests gl mesage: i seamity camper cty camper state camper 2 code camper drvers ucense camper eu resy number resy date resy nights sot number camper number fesy rate pem res cs30sp reject 7 beige al st waeet348 jomgrcrestescom 2 moi. od woe 1 20 rest bpao tw see patecrtetstefirostere re 3 poms 4 pot wet 1 ue 2 potarc an wai heres mora com ss 2 m es xe campsround2 4 potare we 2108 reesizs leresssteorsicon pene m wee we mil detacase diagrams 5 peters me 2106 ruaasi2s slereiitigtorsian 5 mets 2 mt wee oee m tables pouarouh ch se aaa ceepereftrostere scr null mal mal mull mull mull au ml system tables 2 bergen a aaa) abctzrss somth 2rosbora net lee mal lee ull oe ie wa ml faetables extemal tables groph tables f doo.camper go0.reservation f doospor views 0 tens resources gl synonyms 0 programmabilny o serace broker va af 2: o query executed suxcesstully. ls lacalhoshsqlexpress [15.0 __ campground 0000.00 troas,380,307,useful
v1,SQL,36,360.0,C:\NCKH\VIDEO_LEARNING_RESEARCH\data\processed\keyframes\v1\v1_00360s.png,"ese i & Ao B eoa<« &< =) Windows 10 x64 o LAE SOLQuery€sq!_ localhost\SOLEXPRESS.cempground2 (DESKTOP STCUCTE,Win10 (S4i}"" Microsoft SQL Server Management Studio Quick Launch (Cerl+Q) P- @ xX Fle Edt View Query rject Took Window Help @-0/3-o-Qid| Array AZQLAA LGa/9-C-\Blsa _ BA SD-. © F | campground? | Dente ov 38 GE) 88 SM = =| tele. Obpact Explorer REE SOQuerySscl |_TOATE Wind Say"" > X ~ C -¥4¥an Tos -- Select all campers and their reservations including the campers who did not make any reservations. aoe = SELECT “ =! BB localhost\SQLEXPRESS (SQL Server 18.0.2000 - DESI « FROM Bi left join RESERVATION = Ml Databases ow am a MUMBE2-RESERVATION CAMPER NUMBER) 127 join SPOT = BS System Databases Ou “RESERVATION. SPOT MUMBER - SPOT.SPOT_MUPBER 2 Database Snapshots ~ ~ - = 8 Campground + @@ Datacase Diagrams = Mi Tables i= System Tables = FdeTables = a@ Gxtemal Fadtes = eG Graph Tables = 3 hacamrer = B dooRESERVATION = Bdasror 7 Wl Views © GG) Externe! Resources © i Syronyms © Ml Progammahilty 4 ¥ I Service Beokor 100% 4 il Storage B fescue: Gl Message: # Ml Seamity CAMPER NUMBER CANPER LAST NAME CAMPER FRST NAME CAMPER ADDRESS CAMPER CTY CAMPER STATE CAMPER 2° CODE CAMPER D2VERS UCENSE CAMPER EMAL RESY NUMBER RE + @ cs30sF reject ntl. Jane 1278 Exes P Beige AL os WeT348 joomGrorcoterecoe 2 x © text 2 or Scherat Pe S751 Spangled ey F)/Pmo ™ 708 rrscras Patnordetitefinontewe re 3 7 . @« und2 2 ‘x were ome 34 equiure Rotate “ one erusssizs L semthpeogny raathetnat s] = APS 4 1 Yalers, Cine 955 Segui are Potase we ene orLessiz3 wlersS30Ghereaicom 4 | + Ml Detzoase Diagrams 5 ex Vales food $55 Sequll Lene eed we ed wrLasst2s wilereBitiGthersicn § 2x = Mi Tables € 13 Cooner Fearda PO bose Pormmcuh cH =r Sarees? eseperadtrombera wet MEL Mm + @& System Tables 2 Tee ae a= 13 toe Bere A 257 ABCs somata Erowhere rst MAL NM + @ FieTable: > @ Extemal Taotes = @@ Greph Tables + F doo.CAMPER + F doo.RESERVATION = F aospor + © Views * Oi Bens! Resources * Gi Synonyms * Programmabiity * Serace Broker ‘- < > < > ©) Query executed successiully. localhosSQUIGRESS [15.0 DESKTOP-STOUQTS.Winld _ cempground? 0000.00 7 roa: Pes ln3 col “4 Ch 14 NS","ese i ao b eoa< o lae solquery sq _ .cempground2 stcucte,win10 (s4i} quick launch (cerl+q) p- xx fle edt view query rject took window help -0/3-o-qid array azqlaa lga/9-c- blsa _ ba sd- f campground dente ov 38 ge) 88 sm tele. obpact explorer ree soquerysscl _toate wind say"" x c 4 an tos select all campers and their reservations including the campers who did not make any reservations. aoe select bb (sql server 18.0.2000 desi from bi left join reservation ml databases ow am a mumbe2-reservation camper number) 127 join spot bs system databases ou reservation. spot mumber spot.spot_mupber 2 database snapshots 8 campground datacase diagrams mi tables i= system tables fdetables a gxtemal fadtes eg graph tables 3 hacamrer b dooreservation bdasror 7 wl views gg) externe resources i syronyms ml progammahilty 4 i service beokor 100 4 il storage b fescue: gl message: ml seamity camper number canper last name camper frst name camper address camper cty camper state camper 2 code camper d2vers ucense camper emal resy number re cs30sf reject ntl. jane 1278 exes p beige al os wet348 joomgrorcoterecoe 2 x text 2 or scherat pe s751 spangled ey f)/pmo 708 rrscras patnordetitefinontewe re 3 7 und2 2 x were ome 34 equiure rotate one erusssizs l semthpeogny raathetnat s] aps 4 1 yalers, cine 955 segui are potase we ene orlessiz3 wlerss30ghereaicom 4 ml detzoase diagrams 5 ex vales food 55 sequll lene eed we ed wrlasst2s wilerebitigthersicn 2x mi tables 13 cooner fearda po bose pormmcuh ch =r sarees eseperadtrombera wet mel mm system tables 2 tee ae a= 13 toe bere a 257 abcs somata erowhere rst mal nm fietable: extemal taotes greph tables f doo.camper f doo.reservation f aospor views oi bens resources gi synonyms programmabiity serace broker query executed successiully. localhossquigress [15.0 .winld _ cempground 0000.00 7 roa: pes ln3 col 4 ch 14 ns",397,317,useful
v1,SQL,37,370.0,C:\NCKH\VIDEO_LEARNING_RESEARCH\data\processed\keyframes\v1\v1_00370s.png,"= t C ts Windows 10 x64 CE SOLQuery@.sq locelhostiSQLEXPRESS.compgrounc2 (DESKTOP STCUCTEIin10 (S4iy* Microsoft SQL Server Management Studio Quick Launch (Ctrl +) P- @*X Fle Edt View Query Oroject Took Window Help @-0/35-o-Gid| Array AQLAA LGa(/9-C-\Bla _ BASO-. # OF | campy cure -|Decote oe VS OER SRN ==\ Ele. Object Explorer SEEM SOUQuerySscl | TOUGTEWintD (S47 = X - C -¥4e res +- Select all campers and their reservations including the campers who did not make any reservations. ae = SELECT “ =! BB locallhost\SQLEXPRESS (SQL Server 18.0.2000 - DESI « FROM ( (GRABER le<t join RESERVATION ce Databases OM CAMPER CAMPER MUMBE2-RESERVATION CAMPER NUMBER) l=ft join SPOT + lil System Databases OM RESERVATION. SPOT_MUMBER = SPOT_SPOT_MUMBER + Ml Database Snapshots naannenenneneneenennssasaesesaeaeaeaeiaaaaaa = Campground + 8 Detadase Diagrams = Mi Tables = Gi System Tables = FdeTables = External Tables = Wl Graph Tables = 3 halamper = 3 do RESERVATION * Bdaspror + WD Vew © GB Externe! Resources ¥ Gl Syronyms © Gl Progaammabiity af ¥ Il Service Beokor 100% 4 Ml Storage B Rests Gil Mesage: Ml Seamity CAMPER NUMBER CANEER LAST NAME CAMPER FRST NAME CAMPER ADDRESS CAMPER CTY CANPER STATE CAMPER 2° CODE CAMPER D2VERS UCENSE CAMPER EMAL RESY NUMBER RE * t + [3890 fore Jeve 1278 Exec P Beige AL ost WETS348 joomGroreoterecoe 2 2x CS30SProject Lh. eee | ~ “ @ test 2 1) Scheie Pe <A Spengied Viey Fi Peo ™ Tne rca Petwordetleyinostwera 1 = 2 a + yates cd 9% Sequiure Potts “= one eruagsizs wheres emer com 1 = =] , = camporound2 4 1 Yalers: isc 954 Sequil Lane Potase = ewe erLaesiza wilerss3CGthersicem 4 a Ml Detsoase Diagrams 5 cox Vales od $55 SequllLere Portess BE “ne erLasst2s wikereMitigtersicn § 2x = Mi Tables € 13 Cooner Fearda PO Bose Pormmouh cH = TSaenes? eseperaitrombeea wet MEL NL + ll System Tables 2 1 zee am 123 Mom Berge AL a5257 ABCs? somata rowhere net MRL Mm = Ml FaeTables = @@ Extemal Tables = Mi Greph Tables = ¥ doo.CAMPER = F dooRiSERVATION = F dospor + © Views * 0 tens! Resources * Ml Synonyms . Programmabiity % Ol Serace Stoker va< > S = 7 @ Query executed successiully. lacalbosf SQLXFRESS (75.0 DESKTOP-_STCUQTEWWinl0 _ campground? 000000 7 oes f-i O Type here to search fe) 3} PS ww GH « P mo DO BR",t c ts ce solquery .sq locelhostisqlexpress.compgrounc2 stcucteiin10 (s4iy* quick launch (ctrl p- *x fle edt view query oroject took window help -0/35-o-gid array aqlaa lga(/9-c- bla _ baso- of campy cure decote oe vs oer srn ele. seem souquerysscl tougtewintd (s47 x c 4e res select all campers and their reservations including the campers who did not make any reservations. ae select bb locallhost sqlexpress (sql server 18.0.2000 desi from (graber le<t join reservation ce databases om camper camper mumbe2-reservation camper number) l=ft join spot lil system databases om reservation. spot_mumber spot_spot_mumber ml database snapshots naannenenneneneenennssasaesesaeaeaeaeiaaaaaa campground 8 detadase diagrams mi tables gi system tables fdetables external tables wl graph tables 3 halamper 3 do reservation bdaspror wd vew gb externe resources gl syronyms gl progaammabiity af il service beokor 100 4 ml storage b rests gil mesage: ml seamity camper number caneer last name camper frst name camper address camper cty canper state camper 2 code camper d2vers ucense camper emal resy number re t [3890 fore jeve 1278 exec p beige al ost wets348 joomgroreoterecoe 2 2x cs30sproject lh. eee test 2 1) scheie pe <a spengied viey fi peo tne rca petwordetleyinostwera 1 2 a yates cd 9 sequiure potts one eruagsizs wheres emer com 1 camporound2 4 1 yalers: isc 954 sequil lane potase ewe erlaesiza wilerss3cgthersicem 4 a ml detsoase diagrams 5 cox vales od 55 sequlllere portess be ne erlasst2s wikeremitigtersicn 2x mi tables 13 cooner fearda po bose pormmouh ch tsaenes eseperaitrombeea wet mel nl ll system tables 2 1 zee am 123 mom berge al a5257 abcs somata rowhere net mrl mm ml faetables extemal tables mi greph tables doo.camper f dooriservation f dospor views 0 tens resources ml synonyms programmabiity ol serace stoker va< s 7 query executed successiully. lacalbosf sqlxfress (75.0 _ campground 7 oes f-i o fe) 3} ps ww gh p mo do br,402,317,useful
v1,SQL,38,380.0,C:\NCKH\VIDEO_LEARNING_RESEARCH\data\processed\keyframes\v1\v1_00380s.png,"eee nt & SoBe o®oa=<= &< *) Windows 10 x64 o LE SOLQuery@.sq_ localhostSQLEXPRESS.compground2 (DESKTOP STCUCTE\Win10 (S4iy* Microsoft SQL Server Management Studio Quick Launch (Ctrl+) P- @ xX Fle Edt View Query Project Took Window Help O-0/3- o- Sit Anwar BSRAS XAL|9-o-\als _ BseD-, # OF | campy cure -| Dente 8 VSS GB) SO ==\ zee. Obpect Explorer RES SOQuerySscl | TOTS Wind Say"" = X - C -¥¥eres ++ Select campers who have made more than one reservation se =SELECT COUNT (RESERVATION. RESV NUMBER), CAMPER CAMPER NUMBER “ = B localhostiSQLEXPRESS (SQL Server 15.0.2000 - DESI ~ FROM CAMPER. RESERVATION ~ = Ml Datapases WHERE “CAPPER. CAYPER_MLMBER = RESERVATION CAMPER NUMBER = lil System Databases GROUP BY CAMPER CAMPER NUMBER 2 Database Snsoshots 7 = fe Campground + Wf Datasase Diagrams I = Mi Tables = Gl System Tables i= FdeTables = Extemal Tables = OG Graph Tables = 3 haCamper = 3 dboRESERVATION = Bdasror , Views F GB Externe! Resources | Syronyms 1 Prog-ammability ¥ ¥ ll Service Brokor 100% 4 tl Storage B fess Gl Mesace= + i Seamity (Mo cota rane; CAMPER BUNBER + @ Os30sFreject 7 ij + @ rest 2 + ret = WW campground2 , > = + @ Datsoase Diagrams = Mi Tables + @ System Tables — FileTables = @ Extemal Tadles = il Greph Tables + F doo.CAMPER + ¥ Goo. RESERVATION = F doospor * @ Views * OG tens! Resources * Synonyms * Programmabsity % Ol Serace Broker . < > @ Query executed successtully. lacalhosh SQLXFRESS (75.0 DESKTOP-STCUOTEWinld _ campground? O00 3 ross","eee nt sobe o oa= o le solquery .sq_ .compground2 stcucte win10 (s4iy* quick launch (ctrl+ p- xx fle edt view query project took window help o-0/3- o- sit anwar bsras xal 9-o- als _ bsed- of campy cure dente 8 vss gb) so zee. obpect explorer res soquerysscl tots wind say"" x c eres select campers who have made more than one reservation se =select count (reservation. resv number) camper camper number b (sql server 15.0.2000 desi from camper. reservation ml datapases where capper. cayper_mlmber reservation camper number lil system databases group by camper camper number 2 database snsoshots 7 fe campground wf datasase diagrams i mi tables gl system tables i= fdetables extemal tables og graph tables 3 hacamper 3 dboreservation bdasror views f gb externe resources syronyms 1 prog-ammability ll service brokor 100 4 tl storage b fess gl mesace= i seamity (mo cota rane; camper bunber os30sfreject 7 ij rest 2 ret ww campground2 datsoase diagrams mi tables system tables filetables extemal tadles il greph tables f doo.camper goo. reservation f doospor views og tens resources synonyms programmabsity ol serace broker query executed successtully. lacalhosh sqlxfress (75.0 _ campground o00 3 ross",268,196,useful
v1,SQL,39,390.0,C:\NCKH\VIDEO_LEARNING_RESEARCH\data\processed\keyframes\v1\v1_00390s.png,"eee nt & Ao B oa= &< =) Windows 10 x64 o CE SOLQuery@.sq locelhostSQLEXPRESS.compground2 (DESKTOP STCUCTE\Win10 (S4iy* Microsoft SOL Server Management Studio Quick Launch (Cert +Q) Pe 8x Fie Edit View Query Project Took Window Help @-0/5-o-t il t| Annan ALLAA LT2/9-C-|\BlA Geee-, > Ea “| Decote o VOOR SRN = =| tele. Object Explorer SEEMS SOUQuerySscl | TOUQTEWinlD (S47 = X . C a w -- Select campers who have made more than one reservation ate Lone os = SELECT COUNT (RESERVATION RESV_MUMBERT, CAMPER CAMPER MUPBER a = BB localhost SQLEXPRESS (SQ. Server 15.0.2000 - DESI FROM CAYPER. RESERVATION Tek! Seteceeicereeeteweees & @ Datsbases WHERE CAMPE2_CAYPER NUMBER = RESEI The multi pert identifier “RESERVATION.RESY_NUMBER” could not be bound. = lil System Dstabases GROUP 5V CAMPER CAPER MUMGER 2 Database Snapshots OILS = Campground + @@ Datasase Diagrams = Mi Tables = Gi System Tables = Oi FileTables = a Extemal Tables = 0 Graph Tables = 3 ha amper = 3 dsoRESERVATION * Bdbasror . [Views © G8 Externe! Resourees * El Syoonyms © Programmahility Ll 1 El Senco Brokor 100% © Gl Storage B fess: Gl Message: Ml Seasity (Moccia rome; CANEER HUMBER + @ 830s mje —— ee wee WW campcround2 + @ Datsoase Diagrams = Mi Tables = Ml System Tables = @ FaeTables = Wl Extemal Tables = Ml Greph Tables = ¥ doo.CAMPER + F do0.RESERVATION + WF deospor + © Views + Of tens! Resources + Ml Synomyms * Ol Programmabsity * Ol Serace Broker % < > © Query executed successiully. localbosf\SQUEXERESS (750 _ DESKTOP-STCUGTEWin10 _ campground? 00-0000 3 roas","eee nt ao b oa= o ce solquery .sq locelhostsqlexpress.compground2 stcucte win10 (s4iy* quick launch (cert +q) pe 8x fie edit view query project took window help -0/5-o-t il t annan allaa lt2/9-c- bla geee- ea decote o voor srn tele. seems souquerysscl touqtewinld (s47 x c a w select campers who have made more than one reservation ate lone os select count (reservation resv_mumbert, camper camper mupber a bb sqlexpress (sq. server 15.0.2000 desi from cayper. reservation tek seteceeicereeeteweees datsbases where campe2_cayper number resei the multi pert identifier reservation.resy_number could not be bound. lil system dstabases group 5v camper caper mumger 2 database snapshots oils campground datasase diagrams mi tables gi system tables oi filetables a extemal tables 0 graph tables 3 ha amper 3 dsoreservation bdbasror [views g8 externe resourees el syoonyms programmahility ll 1 el senco brokor 100 gl storage b fess: gl message: ml seasity (moccia rome; caneer humber 830s mje ee wee ww campcround2 datsoase diagrams mi tables ml system tables faetables wl extemal tables ml greph tables doo.camper f do0.reservation wf deospor views of tens resources ml synomyms ol programmabsity ol serace broker query executed successiully. localbosf squexeress (750 _ _ campground 00-0000 3 roas",269,201,useful
v1,SQL,40,400.0,C:\NCKH\VIDEO_LEARNING_RESEARCH\data\processed\keyframes\v1\v1_00400s.png,"ese nt & Soe ® a & < >) Windows 10 x64 o z = 2 (DESKTOP STCUCTEWinI0 (S4i}* Microsoft SOL S. Mi t Studio Quick Launch (Ctrt+Q) Pe BB xX File Edt View Query Ornject Took Window Help @-0/3-o-Gid| Anwragy AQLAA LHH|9-C-|B|sH - BPs So-,. $F | compgrourer + | Deente os VSS M(B) PF SN = =| zee. Obyect Explore EEE SOQuerySscl | TORTS Wind Say"" = X ~ 3 v ++ Select campers who have made more than one reservation += Soe — Cee = SELECT) COUNT (RESERVATION. RESV_M , CAMPER CAMPER_NUMBER “ =) BB localhostiSQLEXPRESS (SQL Server 15.0.2000 - DESI ~ FROM CAMPER. RESERVATION Se oe Mil Databases WHERE CRDER.CAMEER MMPRER = ay multi pert idantifinr “RESERVATION.RESY_NUMIBER” could not be bound. + Wil System Databases GROUP BY CAMPER.CUPER MLMGER 2 Ostabase Snaoshots a - = 8 Campground + W@ Datasase Diagrams = M@ Tables = System Tables = FdeTables = External Tadbes = OG Graph Tables = 3 hamper = BB dboRESERVATION * Bi daspor 7 Views FOG Externe! Resources [oe Syronyms 1 Prog-ammahility Mf 1 I Somice Beokor 100% = 4 tl Storage B Rese: Gl Mesage: 4 @ Seamty (Nocotmmrrame; CAMPER HUMEER = WW campground2 » “= + @ Datsoase Diagrams = Mil Tables = WB System Tables = Mi FaeTables = @ Extemal Taoles = GB Greph Tables = £ doo.CAMPER = ¥ dooRESERVATION = F doospor + © Views * 0 tens! Resources * Sf Synonyms * Programmabsity % OW Serace Broker ¥ < > © Query executed successtully localhosf SQLXPRESS (75.0 DESKTOP-_STCUOTEWWinl0 _ campground? 000000 3 oes CF Res ln2 col 37 Ch 37 NS","ese nt soe a o z 2 stcuctewini0 (s4i} microsoft sol s. mi t studio quick launch (ctrt+q) pe bb xx file edt view query ornject took window help -0/3-o-gid anwragy aqlaa lhh 9-c- b sh bps so- f compgrourer deente os vss m(b) pf sn zee. obyect explore eee soquerysscl torts wind say"" x 3 v select campers who have made more than one reservation soe cee select) count (reservation. resv_m camper camper_number bb (sql server 15.0.2000 desi from camper. reservation se oe mil databases where crder.cameer mmprer ay multi pert idantifinr reservation.resy_numiber could not be bound. wil system databases group by camper.cuper mlmger 2 ostabase snaoshots a 8 campground w datasase diagrams m tables system tables fdetables external tadbes og graph tables 3 hamper bb dboreservation bi daspor 7 views fog externe resources [oe syronyms 1 prog-ammahility mf 1 i somice beokor 100 4 tl storage b rese: gl mesage: 4 seamty (nocotmmrrame; camper humeer ww campground2 datsoase diagrams mil tables wb system tables mi faetables extemal taoles gb greph tables doo.camper dooreservation f doospor views 0 tens resources sf synonyms programmabsity ow serace broker query executed successtully localhosf sqlxpress (75.0 _ campground 3 oes cf res ch 37 ns",274,202,useful
v1,SQL,41,410.0,C:\NCKH\VIDEO_LEARNING_RESEARCH\data\processed\keyframes\v1\v1_00410s.png,"eee i & Ao Be oa<« &.< =) Windows 10 x64 o LAE SOLQuery€sq)_localhostiSOLEXPRESS.campground2 (DESKTOP STCUCTEAWin10 (S4i}* Microsoft SQL Server Management Studic Quick Launch (Ctrl +a) Phe plaiox File Edt View Query Project Took Wincow Help @©-O/S- a-Si | Anna ALSLASA £74/9-C-|B\|a - Deeo-, >) Eas “|| Dente os v 39 MB) 2 SN = =\ze\e. Obyect Explere: SEE SOQQuerdscl | TOUTE WinID say"" = X . C = w -- Select campers who have made more than one reservation oe OB a Fe =SELECT COUNT (RESERVATIQN RESV_NUMBER), CAMPER CAMPER _NURBER _ & lit Databases MHERE CAMPER_CAYPER NUMBER = RESERVATION CAMPER MLPBER > one conte GROW 5¥ GPPER. CER MUNER 2 Dstabase Snsoshots ~ = = Campground # Mil Database Diagrams = M@ Tables = Mi System Tables = Gi FaeTables = a Extemal Tables = a Graph Tables = 3 hacamper = BE dloReseRvATON * Bdasror . Views * Gl Externe! Resources * Ml Syronyms 1G Programmahilty 5 4 I Sonice Broker 100% - 4 Ml Storage B fests Gl Message: © Ml Seamity (Mo cote rome; CAMPER NUMBER + J CS305Froject + if 1000 = Wd campcround2 ane ead + @ Datsoase Diagrams = Mi Tables & Wl System Tables + @ FaeTables = Ml Extemal Tables = Ml Greph Tables = F doo.CAMPER + ¥ doo.RESERVATION = F doospor + @ Views * 0 tens! Resources * OG Synonyms + Ml Programmabsity WB Serace Broker es > BO Query executed successiuly localbosf SQUXGRESS (750 DESKTOP-STCUQTEWin10 _ campground? 0000.00 3 roa:","eee i ao be oa< o lae solquery sq)_localhostisolexpress.campground2 stcucteawin10 (s4i} microsoft sql server management studic quick launch (ctrl +a) phe plaiox file edt view query project took wincow help -o/s- a-si anna alslasa 74/9-c- b a deeo- eas dente os v 39 mb) 2 sn ze e. obyect explere: see soqquerdscl toute winid say"" x c w select campers who have made more than one reservation oe ob a fe =select count (reservatiqn resv_number) camper camper _nurber _ lit databases mhere camper_cayper number reservation camper mlpber one conte grow 5 gpper. cer muner 2 dstabase snsoshots campground mil database diagrams m tables mi system tables gi faetables a extemal tables a graph tables 3 hacamper be dloreservaton bdasror views gl externe resources ml syronyms 1g programmahilty 5 4 i sonice broker 100 4 ml storage b fests gl message: ml seamity (mo cote rome; camper number j cs305froject if 1000 wd campcround2 ane ead datsoase diagrams mi tables wl system tables faetables ml extemal tables ml greph tables f doo.camper doo.reservation f doospor views 0 tens resources og synonyms ml programmabsity wb serace broker es bo query executed successiuly localbosf squxgress (750 _ campground 0000.00 3 roa:",253,198,useful
v1,SQL,42,420.0,C:\NCKH\VIDEO_LEARNING_RESEARCH\data\processed\keyframes\v1\v1_00420s.png,"eee it & So B oa= &< >| Windows 10 x64 o CX sOLQuery@.sq localhost SQLEXPRESS.compground2 (DESKTOP STCUCTE\Win10 (S4iy"" Microsoft SQL Server Management Studio Quick Launch (Cert+Q P- @ x Fle Edit View Query Project Took Window Help @-0/5-o- Sit anwray ALQLAA LGa/9-C-| Bla se eo-, # OF | campy cure “|| Dente o V 38GB) SO = =| ze. Object Explarer SEEMS SQuerySscl |_TOUQTEWinlD (S47 = X . ++ Select campers who have made more than one reservation she Conmectr EY SY maIOe =SELECT COUNT (RESERVATION RESV NUMBER), CAMPER CAMPER NUMBER a =) BB localhostiSQLEXPRESS (SQL Server 15.0.2000 - DESI ~ FROM CAMPER. RESERVATION ———— eeneeneneenenenneaaaaas = ll Databases WHERE CAMPER CAMPER NLPEER = RESERPATION. CAMPER Meee = BB System Databases GROUP SY CAMPER. CAPER MUPBER + Ml Database Snsoshots ~ - = BB Campground + W@@ Dataoase Diagrams = Mi Tables = MG System Tables = i FieTables = af Gttemal Tabtes = a Greph Tables = 3 ha camper = 3 dso RESERVATION * Bdaspor . Views © GB Externe! Resources * Wl Syronyms © Programmahility if 1 Il Service Brokor 100% 1 il Storage Bese: il Messace: 4 Gi Seamity Moctumrrame; CAMPER KUMBER + @ cs30sFrmjet + ij 8 = WW campground2 an = + @ Datsoase Diagrams = Mi Tables + WE System Tables = @ FaeTables = @@ Extemal Tales = Ml Greph Tables = ¥ doo.CAMPER + ¥ Go0.RESERVATION = F doospor * @ Views * O@ Bens! Resources * Gf Synonyms * Oli Programmabsiny % OB Serace Stoker % < > © Query executed successtully. localhos SQLXERESS (75.0_ DESKTOP_STOUQTSWinl0 _ campground? 000000 3 roas","eee it so b oa= o cx solquery .sq sqlexpress.compground2 stcucte win10 (s4iy"" quick launch (cert+q p- x fle edit view query project took window help -0/5-o- sit anwray alqlaa lga/9-c- bla se eo- of campy cure dente o v 38gb) so ze. object explarer seems squerysscl _touqtewinld (s47 x select campers who have made more than one reservation she conmectr ey sy maioe =select count (reservation resv number) camper camper number a bb (sql server 15.0.2000 desi from camper. reservation eeneeneneenenenneaaaaas ll databases where camper camper nlpeer reserpation. camper meee bb system databases group sy camper. caper mupber ml database snsoshots bb campground w dataoase diagrams mi tables mg system tables i fietables af gttemal tabtes a greph tables 3 ha camper 3 dso reservation bdaspor views gb externe resources wl syronyms programmahility if 1 il service brokor 100 1 il storage bese: il messace: 4 gi seamity moctumrrame; camper kumber cs30sfrmjet ij 8 ww campground2 an datsoase diagrams mi tables we system tables faetables extemal tales ml greph tables doo.camper go0.reservation f doospor views o bens resources gf synonyms oli programmabsiny ob serace stoker query executed successtully. localhos sqlxeress (75.0_ _ campground 3 roas",272,196,useful
v1,SQL,43,430.0,C:\NCKH\VIDEO_LEARNING_RESEARCH\data\processed\keyframes\v1\v1_00430s.png,"ese i & Ao B e®a<« &< *) Windows 10 x64 o CX SOLQuery8.sq locelhostSOLEXPRESS.compgrounc2 (DESKTOP STCUCTEWin10 (S4iy* Microsoft SOL Server Management Studio Quick Launch (Cert+@ P- @ x Fle Edt View Query Project Took Window Help @-0/35-o- Gi d| Anwray AQLAA LHi/9-C-\Bla _ Deep-, OF | compgroune? + | Demnte 8 VSS MEF SN = =| eel e. Obyect Sxplere: EEE SO QuerySscl | TORTS Wind Say"" = X - C -¥ ae ros ++ Select campers who have made more than one reservation += = SELECT COUNT (RESERVATION RESV_MISER), CANPER.CAMPER MUPWER = = B localhost\SQLEXPRESS (SQL Server 15.0.2000 - DESI ~ FROM CAMPER, RESERVATION = ml Databases WHERE CAMPER_CAMPER NUMBER = RESERVATION CAMPER NUMBER = M System Databases OW av CoviR Cone GER [ 2 Database Snsoshots = @ Campground + W@® Dataoase Diagrams = i Tables = Ml System Tables = i FileTables = a@ Extemal Tables = a Greph Tables = 3 halamper = 3B dsoRESERVATION * Bdaspor + OW Vew FG Externe! Resources 7 oa Syronyms © GE Programmahiltty Me 4 Sonvice Broker 100% - 4 il Storage B Rests i Message: 4 Wl Seasity (Moccia rome; CAMPER HUMBER 2 Brest 2 + veer = WW campcround2 7 = + @ Datzoase Diagrams = Ml Tables + Wl System Tables = @ FaeTables = @ Etemal Tables = Gl Greph Tables = ¥ doo.CAMPER + ¥ go0.RESERVATION = FW dsospot + © Views * Of Synonyms * Ul Prog-ammabslny % Ol Serace Stoker ¥ < > BO Query executed successtully. localbosRSQLRESS (150 DESKTOP-STCUCTE.Winl campground? 00:00:00. 3 roas","ese i ao b e a< o cx solquery8.sq locelhostsolexpress.compgrounc2 stcuctewin10 (s4iy* quick launch (cert+ p- x fle edt view query project took window help -0/35-o- gi d anwray aqlaa lhi/9-c- bla _ deep- of compgroune demnte 8 vss mef sn eel e. obyect sxplere: eee so querysscl torts wind say"" x c ae ros select campers who have made more than one reservation select count (reservation resv_miser) canper.camper mupwer b (sql server 15.0.2000 desi from camper, reservation ml databases where camper_camper number reservation camper number m system databases ow av covir cone ger 2 database snsoshots campground w dataoase diagrams i tables ml system tables i filetables a extemal tables a greph tables 3 halamper 3b dsoreservation bdaspor ow vew fg externe resources 7 oa syronyms ge programmahiltty me 4 sonvice broker 100 4 il storage b rests i message: 4 wl seasity (moccia rome; camper humber 2 brest 2 veer ww campcround2 7 datzoase diagrams ml tables wl system tables faetables etemal tables gl greph tables doo.camper go0.reservation fw dsospot views of synonyms ul prog-ammabslny ol serace stoker bo query executed successtully. localbosrsqlress (150 .winl campground 00:00:00. 3 roas",262,191,useful
v1,SQL,44,440.0,C:\NCKH\VIDEO_LEARNING_RESEARCH\data\processed\keyframes\v1\v1_00440s.png,"eee re A - B ®a<« &< =) Windows 10 x64 o CX SOLQuer@.sq localhostSQLEXPRESS.cempground2 (DESKTOP STCUCTEWin10 (S4iy* Microsoft SOL Server Management Studio Quick Launch (Ctrl+Q) P- @ x Fle Edit View Query Praject Took Window Help @-O/3- o- Siw Anwar AGRA LGA|9-o-| als Ss ew-, $F | compgrourcr -| Demnte 8 v 39GB) 22 SN = =\ zl ev. Obyect Explorer MAE Sh CeerySscl L_TCUQTEYWinID Say"" + X : = a -- Select campers who have made more than one reservation Ea oN i o* =SELECT COUNT (RESERVATION. RESV NUMBER), CAMPER. CAMPER _NLFBER “ =! BB locallhost\ SQLEXPRESS (SQL Server 18.0.2000 - DESI + FROM CAMPER. RESERVATION ~~ ~~ ~ ~=36DhmsS—SCS<CS«TC;7; 3 STCStéSéCS = Ml Databases WHERE CAMPER_CAMPER WURIBER = RESERVATION. CAMPER WLPBER + Wl System Dstabases GROUP i 2 WUPGER 2 Database Snapshots = Campground + Ml Datsnase Diagrams = Mi Tables = System Tables = FdeTables = a Gxtemal Tabdtes = OG Graph Tables = 3 hamper = 3 dsoRESERVATION = Bdbasror . Views © GS Externe! Resources © GE Syronyms © OE Pragrammahilty i 4 ll Service Beokor 100% 4 il Storage B fess Ge Mesage: & @ Seamity (Nocotmmrrame; CAMPER HUMBER = WW campground2 » > = & @ Doatzoase Diagrams = Mi Tables - System Tables + @ FaeTables = @ Extemal Tadles = © Greph Tables + F doo.CAMPER = ¥ GooRESERVATION = F deospor * © Views * O@ Eternal Resources * Synonyms, * Progranmmabiny % al Serace Stoker ¥ < > BO Query executed successtully. localhosSQLEXFRESS (150 DESKTOP-STCUCTS.Winl __ <empqround? 000000 3 roas","eee re a b a< o cx solquer .sq .cempground2 stcuctewin10 (s4iy* quick launch (ctrl+q) p- x fle edit view query praject took window help -o/3- o- siw anwar agra lga 9-o- als ss ew- f compgrourcr demnte 8 v 39gb) 22 sn zl ev. obyect explorer mae sh ceerysscl l_tcuqteywinid say"" x a select campers who have made more than one reservation ea on i o* =select count (reservation. resv number) camper. camper _nlfber bb locallhost sqlexpress (sql server 18.0.2000 desi from camper. reservation =36dhmss scs<cs tc;7; 3 stcst s cs ml databases where camper_camper wuriber reservation. camper wlpber wl system dstabases group i 2 wupger 2 database snapshots campground ml datsnase diagrams mi tables system tables fdetables a gxtemal tabdtes og graph tables 3 hamper 3 dsoreservation bdbasror views gs externe resources ge syronyms oe pragrammahilty i 4 ll service beokor 100 4 il storage b fess ge mesage: seamity (nocotmmrrame; camper humber ww campground2 doatzoase diagrams mi tables system tables faetables extemal tadles greph tables f doo.camper gooreservation f deospor views o eternal resources synonyms, progranmmabiny al serace stoker bo query executed successtully. localhossqlexfress (150 .winl __ <empqround 3 roas",262,193,useful
v1,SQL,45,450.0,C:\NCKH\VIDEO_LEARNING_RESEARCH\data\processed\keyframes\v1\v1_00450s.png,"ese rt & SA o- B ®a<« &< >) Windows 10 x64 = BE SOLQuery@sqi_localhostiSOLEXPRESS.camoground2 (DESKTOP STCUCTE.Win10 (S4iI* Microsoft SQL Server Management Studic Quick Launch (Ctrl+Q) P- @ xX File Edt View Query Project Took Wincow Help @0-0/3-b-Gid| Anray AQLAA LHa/9-C-\Bla - BPAsSB-,. 9 OF | campy cure -|| Dente o v 39 M(B) 2 SN = =| zEe\e. Object Explorer EEE SCiQuerSscl | TOUQTE:WintD Say"" = X . G -¥ eros ++ Select campers who have made more than one reservation ae SSELECT COUNT (RESERVATION. RESV NUMBER), CAMPER CAMPER NUMBER “ =) BB localhost\SQLEXPRESS (SQL Server 18.0.2000 - DESI ~ FROM CAPPER RESERVATION ~ & Wl Databases BHERE “CAPPER. CAYPER_MLPBER = RESERVATION. CAMPER NUMBER ai Ml System Databases GROUP BY CAMPER CAMPER NUMBER 2 Dstabase Snapshots - = Campground + W® Dataoase Diagrams = M@ Tables = Gil System Tables = FdeTables = af Extemal Tables = OG Graph Tables = 3 ha lamper = 3 dsoRESERVATION * Bi daspor * WVew © GG Externe! Resources * WE Syronyms © Programmahility = 4 Sonice Broker 100% 4 il Storage B fess: Gl Mezages # i Seamity Moccumr rare; CAMPER HUMBER © B assesment 2 ota ae hole column = W camparound yo = + @ Datzoase Diagrams = Mi Tables = @& System Tables + @ FaeTables > @ Extemal Taotes = @& Greph Tables + ¥ doo.CAMPER + ¥ GooRESERVATION = F doospor + © Views * Oi Bates! Resources * Wf Synonyms + O Programmabiiny % Ol Serace Broker ce < > © Query executed successiully localhosRSQUEXFRESS (15.0 DESKTOP-STOUQTS:Winl0 _ campground? 00:00:00 3 -oas","ese rt sa o- b a< be solquery sqi_localhostisolexpress.camoground2 stcucte.win10 (s4ii* microsoft sql server management studic quick launch (ctrl+q) p- xx file edt view query project took wincow help 0-0/3-b-gid anray aqlaa lha/9-c- bla bpassb- 9 of campy cure dente o v 39 m(b) 2 sn zee e. eee sciquersscl touqte:wintd say"" x g eros select campers who have made more than one reservation ae sselect count (reservation. resv number) camper camper number bb (sql server 18.0.2000 desi from capper reservation wl databases bhere capper. cayper_mlpber reservation. camper number ai ml system databases group by camper camper number 2 dstabase snapshots campground w dataoase diagrams m tables gil system tables fdetables af extemal tables og graph tables 3 ha lamper 3 dsoreservation bi daspor wvew gg externe resources we syronyms programmahility 4 sonice broker 100 4 il storage b fess: gl mezages i seamity moccumr rare; camper humber b assesment 2 ota ae hole column w camparound yo datzoase diagrams mi tables system tables faetables extemal taotes greph tables doo.camper gooreservation f doospor views oi bates resources wf synonyms o programmabiiny ol serace broker ce query executed successiully localhosrsquexfress (15.0 :winl0 _ campground 00:00:00 3 -oas",267,196,useful
v1,SQL,46,460.0,C:\NCKH\VIDEO_LEARNING_RESEARCH\data\processed\keyframes\v1\v1_00460s.png,"eee it & S<- B ®@® a= &< =) Windows 10 x64 o CAE SOLQueryésq!_ localhost\SOLEXPRESS.cempground2 (DESKTOP STCUCTE:Win10 (S4i}"" Microsoft SQL Server Management Studio Quick Launch (Ctrl+c) P- @*x File Edt View Query Omject Took Window Help @-O}5- o-S| Anwar ABLSLAS LTh/9-C-\BlAa - Pese-, 2 MF ampyone -|| Dcecte 8 v 39GB) 8 SN = =| zl e. Obyect Explore: REE SOQuerySscl | TORTS Wind Say"" = X - Com? ¥ Pa TGs ++ Select campers who have made more than one reservation Ea =SELECT COUNT (RESERVATION RESV NUMBER), CAMPER CAMPER NUMBER “ =! BB locallhost\SQLEXPRESS (SQL Server 18.0.2000 - DESI + FROM CAMPER RESERVATION. ~ = Ml Databases HERE CAMPER _CAYPER MUMBER = RESERVATION CAMPER MLPBER ai Hil System Databases GROUP 5V CAMPER. CAPER NUMBER 2 Dstabase Snapshots - = WB Campground + M8 Dataoase Diagrams = Mi Tables = Gl System Tables = FdeTables = a@ Extemal Tadtes = 3 hamper = BB dsoRESERVATION * Bdaspor * View FG Externe! Resources FE Syronyms © Programmahility ¥ ¥ Ml Service Brokor 100% 4 til Storage Bi kesuss Gl verage: # i Seamity (Moccia rome; CAMPER HUMBER = WW camperound2 an Ss = + @ Datzoase Diagrams = Mi Tables += @ System Tables = Ml FileTables = @ Extemal Tadles = @@ Greph Tables = F doo.CAMPER + ¥ do0.RESERVATION = F deospor + © Views * 0 Bates! Resources * Gf Synonyms + Programmabiity % OG Serace Broker ¥ < > O Query executed successiully- localhosfSQUXFRESS (15.0 DESKTOP-STCUCTE:Win10 campground? 00:00:00 3 roa:","eee it s< b a= o cae solquery sq _ .cempground2 stcucte:win10 (s4i} quick launch (ctrl+c) p- *x file edt view query omject took window help -o}5- o-s anwar ablslas lth/9-c- blaa pese- 2 mf ampyone dcecte 8 v 39gb) 8 sn zl e. obyect explore: ree soquerysscl torts wind say"" x com pa tgs select campers who have made more than one reservation ea =select count (reservation resv number) camper camper number bb locallhost sqlexpress (sql server 18.0.2000 desi from camper reservation. ml databases here camper _cayper mumber reservation camper mlpber ai hil system databases group 5v camper. caper number 2 dstabase snapshots wb campground m8 dataoase diagrams mi tables gl system tables fdetables a extemal tadtes 3 hamper bb dsoreservation bdaspor view fg externe resources fe syronyms programmahility ml service brokor 100 4 til storage bi kesuss gl verage: i seamity (moccia rome; camper humber ww camperound2 an ss datzoase diagrams mi tables system tables ml filetables extemal tadles greph tables f doo.camper do0.reservation f deospor views 0 bates resources gf synonyms programmabiity og serace broker o query executed successiully- localhosfsquxfress (15.0 :win10 campground 00:00:00 3 roa:",254,189,useful
v1,SQL,47,470.0,C:\NCKH\VIDEO_LEARNING_RESEARCH\data\processed\keyframes\v1\v1_00470s.png,"eee 1 & Ao B e®a<« &< =) Windows 10 x64 o CBE SOLQuery€sq!_ localhost\SQLEXPRESS.cempground2 (DESKTOP STCUCTE,Win10 (S4i}"" Microsoft SQL Server Management Studic Quick Launch (Cert+Q P- @ x Fle Edt View Query Project Took Window Help @-0/5-o-Sid| Anwag BQLQAA *Ga/9-C-|Bla _@seo-. # OF | campy cure “|| Dewote « VOOR SRN = =| tEle. Obpect Sxplorer SEE SQuerSscl | TOUQTEWinID say"" = X ~ = wv +- Select campers who have made more than one reservation safe e gi fi Ws SSELECT COUNT (RESERVATION. RESV NUMBER JT CAMPER CAMPER NUMBER “ = B localhostiSQLEXPRESS (SQL Server 15.0.2000 - DESI ~ FROM CAMPER. RESERVATION i EMS Ml Databases LaIERE CARPER.CAEER MORBER = RESERVAT ThE Tull part identifier “RESERVATIONRESY_NUMBER™ could act be bound = Wl Syster Dstabases GROW BY GAPER GOPER MEER 2 Dstabase Snaoshots - = Campground + @@ Dataoase Diagrams = M@ Tables = Gi System Tables = i FileTables = a@ Gtemal Tadtes = OG Graph Tables = 3 hamper = 3 dsoRESERVATION * Bdbasror + DW Vew © GB Externe! Resources to Syronyms © Programmahility be 1 ll Service Brokor 100% 4 Mil Storage B Resets Gl Messages 4 Ml Seamity (Nocctmmr rome; CAMPER HUMBER 2 @ test 204 ani = WW camporound2 - = + @ Datsoase Diagrams = Mi Tables + Ml System Tables = Ml FaeTables = @ Extemal Tales = @ Greph Tables = ¥ doo.CAMPER + ¥ Go0.RESERVATION = F doospor * © Views * Wl Bens! Resources * Gl Synonyms * © Programmabiiny % Ml Serace Stoker ~ < > © Query executed successiully- localhost SQLEXERESS (150 DESKTOP-STCUCTERWin10 __ campground? 00:90.00 3 rons","eee 1 ao b e a< o cbe solquery sq _ .cempground2 stcucte,win10 (s4i} microsoft sql server management studic quick launch (cert+q p- x fle edt view query project took window help -0/5-o-sid anwag bqlqaa *ga/9-c- bla _ seo- of campy cure dewote voor srn tele. obpect sxplorer see squersscl touqtewinid say"" x wv select campers who have made more than one reservation safe e gi fi ws sselect count (reservation. resv number jt camper camper number b (sql server 15.0.2000 desi from camper. reservation i ems ml databases laiere carper.caeer morber reservat the tull part identifier reservationresy_number could act be bound wl syster dstabases grow by gaper goper meer 2 dstabase snaoshots campground dataoase diagrams m tables gi system tables i filetables a gtemal tadtes og graph tables 3 hamper 3 dsoreservation bdbasror dw vew gb externe resources to syronyms programmahility be 1 ll service brokor 100 4 mil storage b resets gl messages 4 ml seamity (nocctmmr rome; camper humber 2 test 204 ani ww camporound2 datsoase diagrams mi tables ml system tables ml faetables extemal tales greph tables doo.camper go0.reservation f doospor views wl bens resources gl synonyms programmabiiny ml serace stoker query executed successiully- sqlexeress (150 __ campground 00:90.00 3 rons",272,205,useful
v1,SQL,48,480.0,C:\NCKH\VIDEO_LEARNING_RESEARCH\data\processed\keyframes\v1\v1_00480s.png,"ese re Ao B ® a & < =| Windows 10 x64 o ae. SQLQuery8.sq localhost\SOLEXPRESS.campground2 (DESKTOP STCUQTS\Win10 (S4i* Microsoft SOL Server Management Stucic Quick Launch (Cert+Q) Pe B@ xX Fle Edit View Query Project Took Window Help @-0/5-o- Gi Anxay ALSLAe LGa/9-c-\BlA Ss ew-, MF | mpg -|| Dente os VSS M(B) SRO = =\ ze, Obyect Explorer REE SOQuerySscl | TOTS Wind Say"" = X - C -¥¥4¥aros ++ Select campers who have made more than one reservation ; = SSELECT COUNT (RESERVATION RESV NuMBER Tas 'F of reserva, CAWER. CAMPER NUMBER “ = © localhost SQLEXPRESS (SQL Server 18.0.2000 - DESI « FROM CAMPER, RESERVATION eeneneenenens ™ ——e = Ml Databases WHERE CAMPER CAMPER _MUMBER = RESERVATION_CAMPES_NUMBER = Ml System Databases GROUP BY CAMPER. CAMPER_NUMBER 2 Dstabase Snsoshots = Campground + W@ Dataoase Diagrams = @@ Tables = Mi System Tables = i FileTables = af Extemal ladles = eG Graph Tables = 3 hamper = 3 dba RESERVATION * Bi dospor « 1 Views © GB Externe! Resources * ME Syronyms 1 Prog-ammabilty wi 4 I Sonice Broker 100% = 4 til Storage B fesse: Gl Messages # ll Seamity (Moccia rane; CAMPER HUNGER # @ CS3SFroject + i} ee = Wi campround2 - 3 = + @ Datzoase Diagrams = Mi Tables + Ml System Tables = @ FaeTobles = @ Eternal Tadtes = @@ Greph Tables = ¥ doo.CAMPER + ¥ doo. RESERVATION + WF doospor + © Views * Gl Bens! Resources * Gl Synonyms * Ml Progvammabrlnty % al Serace Broker . < > @ Query executed successtully. localhosf SQLIGRESS (15.0 DESKTOP-STOUQTS\Winl _ campground? 000000 3 roas","ese re ao b a o ae. sqlquery8.sq .campground2 stcuqts win10 (s4i* microsoft sol server management stucic quick launch (cert+q) pe b xx fle edit view query project took window help -0/5-o- gi anxay alslae lga/9-c- bla ss ew- mf mpg dente os vss m(b) sro ze, obyect explorer ree soquerysscl tots wind say"" x c 4 aros select campers who have made more than one reservation sselect count (reservation resv number tas 'f of reserva, cawer. camper number sqlexpress (sql server 18.0.2000 desi from camper, reservation eeneneenenens e ml databases where camper camper _mumber reservation_campes_number ml system databases group by camper. camper_number 2 dstabase snsoshots campground w dataoase diagrams tables mi system tables i filetables af extemal ladles eg graph tables 3 hamper 3 dba reservation bi dospor 1 views gb externe resources me syronyms 1 prog-ammabilty wi 4 i sonice broker 100 4 til storage b fesse: gl messages ll seamity (moccia rane; camper hunger cs3sfroject i} ee wi campround2 3 datzoase diagrams mi tables ml system tables faetobles eternal tadtes greph tables doo.camper doo. reservation wf doospor views gl bens resources gl synonyms ml progvammabrlnty al serace broker query executed successtully. localhosf sqligress (15.0 winl _ campground 3 roas",275,202,useful
v1,SQL,49,490.0,C:\NCKH\VIDEO_LEARNING_RESEARCH\data\processed\keyframes\v1\v1_00490s.png,"eee 1 & Ao B eoa<« &< *| Windows 10 x64 o Be SOLQuery@.sq) localhost SOLEXPRESS.compground2 (DESKTOP STCUCTEXWin10 (S4ii* Microsoft SOL Server Management Studic Quick Launch (Ctrl+@ P- @ xX Fle Edt View Query Project Took Window Help O-0/3- 0-2 iw| Annan BQLAE XTa\9-c-\BlA -@sen-, 2M | ampgoune -|| Dente 8 v 39GB) 28 | SO = =/ zee. Obyect Explorer MERE SO QuerySscl | TOUQTE Wind Say"" + X ~ G -¥ eros. ++ Select campers who have made more than one reservation . she SSELECT COUNT (RESERVATION. RESV NUMBER) as 7 of reservation’, CAMPER CAMPER NUMBER “ =) B localhost\SQLEXPRESS (SQL Server 15.0200 - DESI + FROM CAPER RESERVATION T haanenennaenaenanaaae t i Databases HERE CAMPER.CAMPER MUMBER = RESERVATION. CAMPER NUMBER = MS System Databases GROUP BY CAMPER. CAPPER MUMBER 2 Dstabase Snapshots - = Campground + Mil Database Diagrams = Mi Tables = System Tables = FdeTables = af Extemal Tabbes = OG Graph Tables = 3 ha Camper = dso RESERVATION * Bi daspor +O Vew © Gl Externe! Resources © Gi Syronyms © l Progammahiity % 4 Il Sonice Beokor 100% 4 tl Storage B fess: Gl Messages # i Seamity Scfrmscrmics CAMPER NUMBER + @ S305F reject + ft ee 2 Brest 2 + vc: 7] cround? 2 23 wez + @ Dotzoase Diagrams = Ml Tables lll System Tables = Mi FaeTables > @ Extemal Tadtes = M8 Greph Tables + ¥ doo.CAMPER = ¥ dooRESERVATION = F dospor + © Views * 0 Sterns! Resources * Synonyms * 0 Prog-ammabilny % Ol Serace Broker oe < > @ Query executed successtully. localhosh SQLEXFRESS (75.0 DESKTOP-STCUOTEWinld _ campground? 000000 3 oes","eee 1 ao b eoa< o be solquery .sq) solexpress.compground2 stcuctexwin10 (s4ii* microsoft sol server management studic quick launch (ctrl+ p- xx fle edt view query project took window help o-0/3- 0-2 iw annan bqlae xta 9-c- bla sen- 2m ampgoune dente 8 v 39gb) 28 so zee. obyect explorer mere so querysscl touqte wind say"" x g eros. select campers who have made more than one reservation she sselect count (reservation. resv number) as 7 of reservation camper camper number b (sql server 15.0200 desi from caper reservation t haanenennaenaenanaaae t i databases here camper.camper mumber reservation. camper number ms system databases group by camper. capper mumber 2 dstabase snapshots campground mil database diagrams mi tables system tables fdetables af extemal tabbes og graph tables 3 ha camper dso reservation bi daspor +o vew gl externe resources gi syronyms l progammahiity 4 il sonice beokor 100 4 tl storage b fess: gl messages i seamity scfrmscrmics camper number s305f reject ft ee 2 brest 2 vc: 7] cround 2 23 wez dotzoase diagrams ml tables lll system tables mi faetables extemal tadtes m8 greph tables doo.camper dooreservation f dospor views 0 sterns resources synonyms 0 prog-ammabilny ol serace broker oe query executed successtully. localhosh sqlexfress (75.0 _ campground 3 oes",278,211,useful
v1,SQL,50,500.0,C:\NCKH\VIDEO_LEARNING_RESEARCH\data\processed\keyframes\v1\v1_00500s.png,"eee «rg Ao B oa<« &< =) Windows 10 x64 o RY SQLQueryG.sq' localhost\SQLEXPRESS.cempgrounc2 (DESKTOP STCUQTS\Win 10 (S4)* Microsoft SOL Server Management Stucic Quick Launch (Ctrl+Q) Pe B@ xX Fle Edt View Query Project Took Window Help @-0/S-o-Sie| Anwagy ALLAA LGO\/9-C-|B\A -Deee-. MF | ampgoune? -|| Dente © v 39GB) SF SN = =| zE\e. Object Explorer SEEM SOQ. QuonSscl |_TOUGTE:WintD sayy = X - Comet: ¥ Fa yrGos -- Select campers who have made more than one reservation + =SELECT COUNT (RESERVATION RESV_MUPBER) as 'F Of reservation’, CAMPER. CAMPER NUMBER “ =! B localhost\SQLEXPRESS (SQL Server 15.0.2000 - DESI ~ FROM CAMPER, RESERVATION - kz Wl Databases WHERE “CAPPER. CAYPER_NLMBER = RESERVATION. CAMPER NUMBER =e ee Daabases GROUP EY CAPER. CODER MUMGER 2 Ostabase Snapshots HAVING = = Campground I + @ Dataoase Diagrams = Mi Tables = Gl System Tables = FaeTables = a Gxtemal Tabtes = Wl Geph lables = 3 hamper = BB dsoRESERVATION = Bidbasror ' Views FG Externe! Resources FE Syronyms 1 1 Prog-ammabilty o 4 I Service Beokor 100% 4 Mt Storage 3B fesus GE Mez=age= 4 i Seamity Scfmscrmics CAMPER NUMBER + © OS30sFroject + 7 080 + Wrest 7 4 sees — @ camperound2 ; 3 wee + @ Dotzoase Diagrams = Mi Tables + @& System Tables — FieTables = @ Extemal Tadles = GB Greph Tables + doo.CAMPER + F do0.RESERVATION = F deospor * @ Views * Ol tens! Resources + Gf Synonyms * i Programmabiiny % a Sernce Stoker S < > @ Query executed successtully. localhos\SQUEXPRESS (15.0 DESKTOP-STCUQTS:Winl0 _ campground? 0000.00 3 roa:","eee rg ao b oa< o ry sqlqueryg.sq' .cempgrounc2 stcuqts win 10 (s4) microsoft sol server management stucic quick launch (ctrl+q) pe b xx fle edt view query project took window help -0/s-o-sie anwagy allaa lgo /9-c- b a -deee- mf ampgoune dente v 39gb) sf sn ze e. seem soq. quonsscl _tougte:wintd sayy x comet: fa yrgos select campers who have made more than one reservation =select count (reservation resv_mupber) as 'f of reservation camper. camper number b (sql server 15.0.2000 desi from camper, reservation kz wl databases where capper. cayper_nlmber reservation. camper number =e ee daabases group ey caper. coder mumger 2 ostabase snapshots having campground i dataoase diagrams mi tables gl system tables faetables a gxtemal tabtes wl geph lables 3 hamper bb dsoreservation bidbasror views fg externe resources fe syronyms 1 1 prog-ammabilty o 4 i service beokor 100 4 mt storage 3b fesus ge mez=age= 4 i seamity scfmscrmics camper number os30sfroject 7 080 wrest 7 4 sees camperound2 3 wee dotzoase diagrams mi tables system tables fietables extemal tadles gb greph tables doo.camper f do0.reservation f deospor views ol tens resources gf synonyms i programmabiiny a sernce stoker s query executed successtully. localhos squexpress (15.0 :winl0 _ campground 0000.00 3 roa:",267,207,useful
v1,SQL,51,510.0,C:\NCKH\VIDEO_LEARNING_RESEARCH\data\processed\keyframes\v1\v1_00510s.png,"eee 1 & Ao B eoa<« &< =) Windows 10 x64 3 CE SOLQueryé.sq locelhostiSOLEXPRESS.compgrounc2 (DESKTOP STCUCTE\Win10 (S4iy* Microsoft SOL Server Management Studio Quick Launch (Ctrt+Q Pe 8 x File Edt View Query rject Took Window Help @-O/5- o- | Anwar AZLASA LTHh/9-C-\Bl\Aa ‘Bs Se-. £ P| campy cure «| Deeote VOOR SRN = =| tHle. Object Explorer IEEE SOQuerSscl LTOUGTEWin1O Say"" = X ~ Comer? ¥ Fay Gs ++ Select campers who have made more than one reservation she SSELECT COUNT (RESERVATION RESV NUMBER) as ‘F Of reservation’, CAMPER CAMPER _MUMBER “ =! BB localhost\SQLEXPRESS (SQL Server 16.0.2000 - DESI + FROM CAMPER. RESERVATION. ~ = ml Databases WHERE CAMPER_CAYPER NUMBER = RESERVATION CAMPER NUMBER 21 Hl System Databases GROUP BY CAMPER. CASPER NUMBER 2 Database Snapshots Havin - = Campground - I + W@@ Datacase Diagrams = Mf Tables = Gi System Tables = FdeTables = af Extemal Tables = eG Graph Tables = 3 haCamper = 3 dboRESERVATION * Bi c&aspor + View: FO Externe! Resources © i Syronyms 1 Prog-ammabilty 4 Il Service Brokor 100% 4 i Storage B Rests Gl Message: + Ml Seamity Scfmscrmmcs CAMPER NUMER + @ test 2 + weet = Wi campground? »? “se + @ Datsoase Diagrams = Mi Tables + Ml System Tables + @ FieTobles = @ Extemal Tadles = @@ Groph Tables = F doo. CAMPER + ¥F dooRESERVATION = F doospor + © Views * 0 tens! Resources * G@ Synonyms * Progranmmabiiny % al Serace Broker > < > © Query executed successtully. localhos SQUEXERESS (75.0 DESKTOP-_STOUOTEAWinl0 _ campground? O00 3 oes i Res Iné col 7 Ch7 NS","eee 1 ao b eoa< 3 ce solquery .sq locelhostisolexpress.compgrounc2 stcucte win10 (s4iy* quick launch (ctrt+q pe 8 x file edt view query rject took window help -o/5- o- anwar azlasa lthh/9-c- bl aa bs se- p campy cure deeote voor srn thle. ieee soquersscl ltougtewin1o say"" x comer fay gs select campers who have made more than one reservation she sselect count (reservation resv number) as f of reservation camper camper _mumber bb (sql server 16.0.2000 desi from camper. reservation. ml databases where camper_cayper number reservation camper number 21 hl system databases group by camper. casper number 2 database snapshots havin campground i w datacase diagrams mf tables gi system tables fdetables af extemal tables eg graph tables 3 hacamper 3 dboreservation bi c aspor view: fo externe resources i syronyms 1 prog-ammabilty 4 il service brokor 100 4 i storage b rests gl message: ml seamity scfmscrmmcs camper numer test 2 weet wi campground se datsoase diagrams mi tables ml system tables fietobles extemal tadles groph tables f doo. camper f dooreservation f doospor views 0 tens resources g synonyms progranmmabiiny al serace broker query executed successtully. localhos squexeress (75.0 _ campground o00 3 oes i res in col 7 ch7 ns",274,204,useful
v1,SQL,52,520.0,C:\NCKH\VIDEO_LEARNING_RESEARCH\data\processed\keyframes\v1\v1_00520s.png,"eee nt & Sos a & < >) Windows 10 x64 o LAE SOLQuery€sq!_ localhost\SOLEXPRESS.cemoground2 (DESKTOP STCUCTEiWin10 (S4i}"" Microsoft SQL Server Management Studic Quick Launch (Cert+@ P- @*X Fle Edt View Query Project Took Window Help @-0/3-o-S it | Anna AQLAA %Ga/9-C-|\Blsa _@seo-, © FB | campgrourc? + | DP cecte ov SSMS) SR S| = =| ele. Object Explorer EEE SCiQuerSscl | TOUQTE:WintD (S47 = X . S ++ Select campers who have made more than one reservation += Comscrat inte CES =SELECT CGUNTURESERVATIONIRESVIMIMBER)| as ‘Fr of reservation’, CAMPER. CAMPER NUMBER “ =) BB localhostiSQLEXPRESS (SQL Server 15.0.2000 - DESI ~ FROM CAMPER. RESERVATION —_—_—_—_— = Ml Databases WHERE CAMPER_CAYPER MUMBER = RESERVATION CAMPER NLPBER = BS cistee Databases GROUP BY CAWPER-CAPPER_MUPEIER + Ml Database Snapshots HAVING oo = Campground aa I # Mil Datsoase Diagrams = Mi Tables = Mi System Tables = i FileTables = af Extemal Tables = 3 hamper = 3 dba RESERVATION * Bi daspor '* OVew © GB Externe! Resources © Wl Syronyms © Programmahility 4 1 i Service Broker 100% 4 tf Storage B Rese: Gl Message: 4 i Seasity Scfresermmos CAMPER NUMBER # @ AS305Froject 4. SS eo + Brest 2 D veer i campsround2 7 “= + @ Datsoase Diagrams = Mi Tables + @ System Tables + @ FaeTobles = @ Extemal Tables = Ml Greph Tables = ¥ doo.CAMPER + ¥ dooRSERVATION = F doospor + © Views * 0 tens! Resources * Synonyms, * Programmabsity % al Serace Broker S < > © Query executed successiully localhosRSQUEXERESS (15.0 DESKTOP-STOUQTS:Winld _ campground? 000000 3 -oas CF Res ln2 col 38 Ch 38 NS","eee nt sos a o lae solquery sq _ .cemoground2 stcucteiwin10 (s4i} microsoft sql server management studic quick launch (cert+ p- *x fle edt view query project took window help -0/3-o-s it anna aqlaa ga/9-c- blsa _ seo- fb campgrourc dp cecte ov ssms) sr s ele. eee sciquersscl touqte:wintd (s47 x s select campers who have made more than one reservation comscrat inte ces =select cguntureservationiresvimimber) as fr of reservation camper. camper number bb (sql server 15.0.2000 desi from camper. reservation _ _ _ _ ml databases where camper_cayper mumber reservation camper nlpber bs cistee databases group by cawper-capper_mupeier ml database snapshots having oo campground aa i mil datsoase diagrams mi tables mi system tables i filetables af extemal tables 3 hamper 3 dba reservation bi daspor ovew gb externe resources wl syronyms programmahility 4 1 i service broker 100 4 tf storage b rese: gl message: 4 i seasity scfresermmos camper number as305froject 4. ss eo brest 2 d veer i campsround2 7 datsoase diagrams mi tables system tables faetobles extemal tables ml greph tables doo.camper doorservation f doospor views 0 tens resources synonyms, programmabsity al serace broker s query executed successiully localhosrsquexeress (15.0 :winld _ campground 3 -oas cf res ch 38 ns",275,206,useful
v1,SQL,53,530.0,C:\NCKH\VIDEO_LEARNING_RESEARCH\data\processed\keyframes\v1\v1_00530s.png,"eee 1 & Ao B e®a<« &< =| Windows 10 x64 o & SOLQuery@.sqi_ localhost\SOLEXPRESS.campground2 (DESKTOP STCUCTE\Win10 (S4i}* Microsoft SQL Server Management Studio Quick Launch (Cert+Q) Pe 8 xX Fle Edt View Query Project Took Wincow Help @-0/5-o-S i d| Anwany ALLAA LF4\/9-C-|\B\A - DeSw-, LMF ampgouret -|| Dente 8 v 39 M(B) 2 SD = =| zEe\e. Object Explorer EEE SChQuenSscl | TOUQTEWintD S47 + X . Comet ¥ Fa yGgs ++ Select campers who have made more than one reservation . + =SELECT COUNT (RESERVATION RESV NUMBER) as ‘ Of reservation’, CAMPER. CAMPER MBER “ =! © localhost\SQLEXPRESS (SQL Server 15.0.2000 - DESI FROM CAPER. RESERVATION - - te Wl Databases WHERE CAMPER_CAYPER MUMBER = RESERVATION CAMPER WLPBER = Ml System Databases GROUP BY CAMPER. CAPPER NUMBER 2 Wl Database Snapshots HAVING COUNT (RESERVATION. RESV_NUMSER)>1] = © Campground ae + @@ Datacase Diagrams = Mi Tables = Mi System Tables = i FileTables = a Extemal Tables = 0G Graph Tables = 3 hamper = 3 dso RESERVATION * Bi caspor * View: © GB Extene! Resources os | Syronyms © GE Programmahility ~ 1 Ml Sennce Brokor 100% 4 il Storage B Rests Gl Mesage: 4 Mi Seasity Scfresermos CAMPER RUMEER + @ 830s roject 4 5 ee = WW campcround2 @ Datzoase Diagrams = Mi Tables + ll System Tables = @ FaeTables = @ Extemal Tables = 8 Greph Tables = ¥ doo.CAMPER + ¥ dooRSERVATION = F doospor + © Views + 0 Btens! Resources + O@ Synonyms + Programmabsiity % Ol Serace Stoker G = = © Query executed sxccessitully- localhoo SQUXERESS (15.0 DESKTOP-STOUCTS\Winld _ campground? 000000 4 roas",eee 1 ao b e a< o solquery .sqi_ .campground2 stcucte win10 (s4i} quick launch (cert+q) pe 8 xx fle edt view query project took wincow help -0/5-o-s i d anwany allaa lf4 /9-c- b a desw- lmf ampgouret dente 8 v 39 m(b) 2 sd zee e. eee schquensscl touqtewintd s47 x comet fa yggs select campers who have made more than one reservation =select count (reservation resv number) as of reservation camper. camper mber (sql server 15.0.2000 desi from caper. reservation te wl databases where camper_cayper mumber reservation camper wlpber ml system databases group by camper. capper number 2 wl database snapshots having count (reservation. resv_numser)>1] campground ae datacase diagrams mi tables mi system tables i filetables a extemal tables 0g graph tables 3 hamper 3 dso reservation bi caspor view: gb extene resources os syronyms ge programmahility 1 ml sennce brokor 100 4 il storage b rests gl mesage: 4 mi seasity scfresermos camper rumeer 830s roject 4 5 ee ww campcround2 datzoase diagrams mi tables ll system tables faetables extemal tables 8 greph tables doo.camper doorservation f doospor views 0 btens resources o synonyms programmabsiity ol serace stoker g query executed sxccessitully- localhoo squxeress (15.0 winld _ campground 4 roas,276,204,useful
v1,SQL,54,540.0,C:\NCKH\VIDEO_LEARNING_RESEARCH\data\processed\keyframes\v1\v1_00540s.png,"ese 1 & S<- B o®a<« &< =) Windows 10 x64 o x SQLQueryG.sq' localhost\SOLEXPRESS.cempgrounc2 (DESKTOP STCUQTE\Win10 (S4i* Microsoft SOL Server Management Stucic Quack Launch (Ctrl+Q) Pe 8B Xx Fle Edt Vier Query Project Took Window Help @-0/3-o-Gi | Anna AZLAA LHa|/9-C-\Bla - Deew-, MF | campru? -| D conte 8 v 33 OG) PF eR = =| Rv. Object Explorer EEE SCiQuerSscl | TOUQTEWintD Say"" = X - Commet- ¥ Faeyr Ggs +- Select campers who have made more than one reservation . sf =SELECT COUNT (RESERVATION RESV_MUMBER) as "" Of reservation’, CAMPER. CAMPER MBER « = B localhost\SQLEXPRESS (SQL Server 18.0.2000 - DESI ~ FROM CAMPER, RESERVATION - kz Wl Databases HERE CAMPER.CAYPER NUMBER = RESERVATION CAMPER WLPBER oO re ees GROUP 5 CARPER CHEER MFEER 2 Ml Database Snapshots HAVING COUNT (RESERVATION. RESV_NUMSER)>1 = 8 Campground ae + @® Dataoase Diagrams = Mi Tables = Gl System Tables = Gli FieTables = af Extemal Tables = Wi Graph Tables = 3 haCamper = BB dsoRESERVATION = Bdasror . Views # Gl Externe! Resources ¥ EE Syronyms © Programmahilty + 1 Ol Service Broker 100% 4 tl Storage B fess Gl Messages + il Seasity Scfresermmcs CAMPER RUMEER # J CS305Froject + Sy wee + Brest + @ Datzoase Diagrams = Mi Tables = Ml System Tables = @ FaeTables = @ Extemal Tadles = @ Greph Tables = ¥ doo.CAMPER + ¥ Go0.RESERVATION = F doospor * @ Views * OG Eternal Resources * Gf Synonyms * © Programmabiiny Wl Serace Sroker 3 eS z @ Query executed successtully- localhoo SQUXERESS (15.0_ DESKTOP_STOUQTS\Winld _ campground? 000000 7 roas","ese 1 s< b o a< o x sqlqueryg.sq' .cempgrounc2 stcuqte win10 (s4i* microsoft sol server management stucic quack launch (ctrl+q) pe 8b xx fle edt vier query project took window help -0/3-o-gi anna azlaa lha /9-c- bla deew- mf campru d conte 8 v 33 og) pf er rv. eee sciquersscl touqtewintd say"" x commet- faeyr ggs select campers who have made more than one reservation sf =select count (reservation resv_mumber) as of reservation camper. camper mber b (sql server 18.0.2000 desi from camper, reservation kz wl databases here camper.cayper number reservation camper wlpber oo re ees group 5 carper cheer mfeer 2 ml database snapshots having count (reservation. resv_numser)>1 8 campground ae dataoase diagrams mi tables gl system tables gli fietables af extemal tables wi graph tables 3 hacamper bb dsoreservation bdasror views gl externe resources ee syronyms programmahilty 1 ol service broker 100 4 tl storage b fess gl messages il seasity scfresermmcs camper rumeer j cs305froject sy wee brest datzoase diagrams mi tables ml system tables faetables extemal tadles greph tables doo.camper go0.reservation f doospor views og eternal resources gf synonyms programmabiiny wl serace sroker 3 es z query executed successtully- localhoo squxeress (15.0_ winld _ campground 7 roas",271,203,useful
v1,SQL,55,550.0,C:\NCKH\VIDEO_LEARNING_RESEARCH\data\processed\keyframes\v1\v1_00550s.png,"= b a & Windows 10 x64 CE SOLQueré.sq! locelhostSQLEXPRESS.compground2 (DESKTOP STCUCTE\in10 (S4i}* Microsoft SOL Server Management Studio Quick Launch (Cert+Q P- @ x File Edt View Query Project Took Wincow Help @-0/3-o-Sid| Anwag BQLAA *Ad/9-C-|Bla Ss ew-, 8M | mpg - | Dewnte = v 39GB) 2 P| SO = =| zee. Obyect Explorer SEES SOL QuorySccl | TOUTE WanID Sayr = X - C -¥¥4¥evyrou -- Select campers who have made more than one reservation . fe =SELECT COUNT (RESERVATION RESV NUMBER) as "" Of reservation’, CAMPER. CAMPER _MLPBER “ =! BB localhostiSQLEXPRESS (SQL Server 15.0.2000 - DESI + FROM CAMPER. RESERVATION ~ ~ & Mil Databases WHERE CAMPER_CAYPER MUMBER = RESERVATION CAMPER WLPBER = MB System Databases GROUP BY CARPER. CAPPER MUABER ~ Ml Database Snapshots HAVING COUNT (RESERVATION. RESV_MUMSER)>1 = 8 Campground acer + @ Datasase Diagrams = Mi Tables = Ml System Tables = i FieTables = a@ Extemal Tables = 3 hamper = 3 dba RESERVATION * Bdasror FW View © G8 Externe! Resources © Wl Syoonyms 1 @ Prog-ammability Se 4 Il Service Brokor 109% 4 tl Storage Bfesues Gl Message: & Wl Seamity Scfreseramon CAMPER NUMBER # @ S305F reject , eee ee + Brest + @ Datzoase Diagrams = Ml Tables + Ml System Tables = Wl FaeTobles = @ External Tadtes = Ml Greph Tables = ¥ doo.CAMPER + ¥ doo.RESERVATION = F deospor + © Views * O@ tens! Resources * I Synonyms * © Programmabiiny % all Serace Stoker oe < > @ Query executed successtully. localbosf SQLXFRESS (75.0 DESKTOP-_STCUOTEWinl0 _ campground? 000000 4 roas FM Type here to search Oo F mS ow HP o« P me DO B",b a ce solquer .sq locelhostsqlexpress.compground2 stcucte in10 (s4i} quick launch (cert+q p- x file edt view query project took wincow help -0/3-o-sid anwag bqlaa *ad/9-c- bla ss ew- 8m mpg dewnte v 39gb) 2 p so zee. obyect explorer sees sol quorysccl toute wanid sayr x c 4 evyrou select campers who have made more than one reservation fe =select count (reservation resv number) as of reservation camper. camper _mlpber bb (sql server 15.0.2000 desi from camper. reservation mil databases where camper_cayper mumber reservation camper wlpber mb system databases group by carper. capper muaber ml database snapshots having count (reservation. resv_mumser)>1 8 campground acer datasase diagrams mi tables ml system tables i fietables a extemal tables 3 hamper 3 dba reservation bdasror fw view g8 externe resources wl syoonyms 1 prog-ammability se 4 il service brokor 109 4 tl storage bfesues gl message: wl seamity scfreseramon camper number s305f reject eee ee brest datzoase diagrams ml tables ml system tables wl faetobles external tadtes ml greph tables doo.camper doo.reservation f deospor views o tens resources i synonyms programmabiiny all serace stoker oe query executed successtully. localbosf sqlxfress (75.0 _ campground 4 roas fm oo f ms ow hp o p me do b,282,204,useful
v1,SQL,56,560.0,C:\NCKH\VIDEO_LEARNING_RESEARCH\data\processed\keyframes\v1\v1_00560s.png,"eee it & SA <-- B ®oa<« &< =) Windows 10 x64 o CM SOLQuery@.sq locelhostSOLEXPRESS.compground2 (DESKTOP STCUCTE\Win10 (S4iy* Microsoft SOL Server Management Studio Quick Launch (Ctrl +Q) P- @ xX File Edit View Quey Project Took Window Help @-0/5-o-S i e| Anwagy ALQLAA LFH\/9-C-|B\A - BA SD-,. © | campgroure? | Dente o VES GB) SRF SM = =\zERl Sy Obpect Explore EEE SOQuerySscl | TOTS Wind Say"" = X ~ > v -- Select campers who didn't make any reservations she aati o ond = SELECT FAWPER CAMBER nunetl, CAPPER CAMPER FIRST MANE, CAMPER CAMPER LAST NAME * =! © localhost\SQLEXPRESS (SQL Server 15.0.2000 - DESI FROM CER & Mi Databases wicrRE + lll System Databases CAMPER _CAMPER NUMBER NOT IN ai Ml Database Sancho: CO SELECT RESERVATION. CANPER_ MURDER = BW Compgouns FROM RESERVATION); + 8 Detasase Diagrams = Mi Tables = Gl System Tables = a FaeTables = a Extemal Tables = 0 Graph Tables = 3 hamper = BZ dooREstRvATION = Bdaspor 7 Wl Views © OG Betene! Resources © Gi Syronyms © Gl Progaammahilty i # Il Service Brokor 100% 4 tl Storage Bese: gil Merapes * @ Seamity CAMPER FIRST NAME CAMPER LAST MAME # @ AS30Froject 7 Acordes Comper + text > Sem Sewn = @@ camperound2 @ Datsoase Diagrams = Mi Tables = Ml Systen Tables = @ FaeTobles = @ Extemal Taotes = Mil Greph Tables = ¥ doo.CAMPER = ¥ dooRISERVATION = F doospor + © Views * OG tens! Resources + Synonyms + 0 Programmabrinty % Wl Serace Broker S < > ©) Query executed successiulhy localhosf\ SQLIGRESS (15.0__ DESKTOP-STOUCTS\Winl0 __ campground? 000000 Z roas","eee it sa b oa< o cm solquery .sq locelhostsolexpress.compground2 stcucte win10 (s4iy* quick launch (ctrl +q) p- xx file edit view quey project took window help -0/5-o-s i e anwagy alqlaa lfh /9-c- b a ba sd- campgroure dente o ves gb) srf sm zerl sy obpect explore eee soquerysscl tots wind say"" x v select campers who didn't make any reservations she aati o ond select fawper camber nunetl, capper camper first mane, camper camper last name (sql server 15.0.2000 desi from cer mi databases wicrre lll system databases camper _camper number not in ai ml database sancho: co select reservation. canper_ murder bw compgouns from reservation) 8 detasase diagrams mi tables gl system tables a faetables a extemal tables 0 graph tables 3 hamper bz doorestrvation bdaspor 7 wl views og betene resources gi syronyms gl progaammahilty i il service brokor 100 4 tl storage bese: gil merapes seamity camper first name camper last mame as30froject 7 acordes comper text sem sewn camperound2 datsoase diagrams mi tables ml systen tables faetobles extemal taotes mil greph tables doo.camper dooriservation f doospor views og tens resources synonyms 0 programmabrinty wl serace broker s query executed successiulhy localhosf sqligress (15.0__ winl0 __ campground z roas",277,205,useful
v1,SQL,57,570.0,C:\NCKH\VIDEO_LEARNING_RESEARCH\data\processed\keyframes\v1\v1_00570s.png,"eee tk & Ao B oa<« &< =) Windows 10 x64 o CX SOLQuery8.sq localhostSQLEXPRESS.compground2 (DESKTOP STCUCTE\in10 (S4iy* Microsoft SOL Server Management Studio Quick Launeh (Ctrl+C) P- @ xX File Edit View Quey Project Took Window Help @-0/S-o-Sie| Anway ALQLAA LFH(/9-C-|\B\A _ BASD-, EF) campgoune? - | Deecto = VES GB) SRF SN = =| Fel e~ Obyect Sxplere- EEE SQQuorySscl | TOUTE WintD sayy = X ~ S -- Select campers who didn't make any reservations ca Soneect sos atime CEE: SSELECT CAMPER CAMPER NUMBER, CAMPER CAMPER FIRST NAME, CAMPER CAMPER LAST NAME “ =) BB localhostiSQLEXPRESS (SQL Server 15.0.2000 - DESI ~ FROM CAMPER = Ml Databases WERE + Ml System Dstabases CAMPER CAMPER NUMBER NOT IN 3! Wl Database Snapshots CT SELECT RESERVATION. CAPER MUMBER ~ BW Compgrouns FROM RESERVATION); + M@ Datasase Diagrams = Mi Tables = Gi System Tables = ai FileTables = af Extemal Tables = a Graph Tables = 3 hamper = BZ dooREstRvATION * Bdasror + © View: © G8 Gxterne! Resources Gl Syronyms © Gl Progaammahilty w ¥ Il Service Brokor 100% 4 il Storage Bfesues Gl Message: * Mi Seamity CAMPER NUMBER CAMPER FIRST MAME CAMPED LAST NAME 2 © 08305F reject 7 es] Arena omer + @ Datsoase Diagrams = Mi Tables + Ml Systen Tables = Wl FaeTables = @ Extemal Tadles = Mil Greph Tables = ¥ doo.CAMPER = ¥ dooRISERVATION = F doospor + © Views * 0 tens! Resources * 1 Synonyms * O Programmabiity * Ul Serace Broker >. < > @ Query executed successiully. localhos\SQLXPRESS (75.0 DESKTOP-STOUCTSWinl0 _ campground? 000000 Zoe:","eee tk ao b oa< o cx solquery8.sq .compground2 stcucte in10 (s4iy* quick launeh (ctrl+c) p- xx file edit view quey project took window help -0/s-o-sie anway alqlaa lfh(/9-c- b a _ basd- ef) campgoune deecto ves gb) srf sn fel e obyect sxplere- eee sqquorysscl toute wintd sayy x s select campers who didn't make any reservations ca soneect sos atime cee: sselect camper camper number, camper camper first name, camper camper last name bb (sql server 15.0.2000 desi from camper ml databases were ml system dstabases camper camper number not in 3 wl database snapshots ct select reservation. caper mumber bw compgrouns from reservation) m datasase diagrams mi tables gi system tables ai filetables af extemal tables a graph tables 3 hamper bz doorestrvation bdasror view: g8 gxterne resources gl syronyms gl progaammahilty w il service brokor 100 4 il storage bfesues gl message: mi seamity camper number camper first mame camped last name 2 08305f reject 7 es] arena omer datsoase diagrams mi tables ml systen tables wl faetables extemal tadles mil greph tables doo.camper dooriservation f doospor views 0 tens resources 1 synonyms o programmabiity ul serace broker query executed successiully. localhos sqlxpress (75.0 _ campground zoe:",268,201,useful
v1,SQL,58,580.0,C:\NCKH\VIDEO_LEARNING_RESEARCH\data\processed\keyframes\v1\v1_00580s.png,"eee 1 & Ao B eoa<« &< =) Windows 10 x64 o CME SOLQueryé.sqi localhost SQLEXPRESS.compground2 (DESKTOP STCUCTE\Win10 (S4i}* Microsoft SQL Server Management Studio Quick Launch (Ctrl +) P- @ xX File Edt View Query Project Took Window Help @0-0/35-o-Gid| Array AQLAA LHa|9-C-\Bl\sa - DPeSsp-, © 9F | campground? + | D cecte @ VSS MB) SR SD) = |e ey Object Explorer EEE SCiQuenSscl | TOUQTE:WintD (S47 + X . C = -- Select campers who didn't make any reservations aie TREC: =SELECT CAMPER CAMPER NUMBER, CAMPER CAMPER FIRST NAME, CAMPER CAMPER LAST NAME “ =) BB localhost\SQLEXPRESS (SQL Server 15.0.2000 - DESI ~ FROM c, a ———A—~——_—_—_ OO ——————_—_—_—e—_—_—_—_—_—_— = @ Databases uHERE — = lll System Dstabases aoc, Mitlid object name ‘CAMPER + W@ Database Snapshots (SELECT RESERVATION CAMPER NUMBER ~ BB Campground from aeservation >] + @) Datadase Diagrams = M@ Tables = System Tables = FdeTables = External Tadbes = OG Graph Tables = 3 hamper = 3 dboRESERVATION * OW Vew ® OG Exteel! Rewourees ¥ EB Syronyms © Programmahility Me 1 I Service Beokor 100% 4 il Storage B fests gl Message: + Ml Seamity CAMPER NUMBER CANEER FRST NAME CAMPER LAST NAME a @ test 2 ‘os Sera) il + @ Datzoase Diagrams = Mi Tables + Ml System Tables = i FaeTobles = @ Extemal Tables = Ml Groph Tables = ¥ doo.CAMPER + ¥ GooRESERVATION = F deospor + © Views * OG Eternal Resources * Gl Synonyms + Progrannmmabiny % Ol Serace Broker ¥ < > @ Query executed successtully. localhos\SQLEXERESS (15.0 DESKTOP-STCUTS:Winl0 _ campground? 000000 2 as fF Res ln? Sol 24 Ch 24 NS","eee 1 ao b eoa< o cme solquery .sqi sqlexpress.compground2 stcucte win10 (s4i} quick launch (ctrl p- xx file edt view query project took window help 0-0/35-o-gid array aqlaa lha 9-c- bl sa dpessp- 9f campground d cecte vss mb) sr sd) e ey eee sciquensscl touqte:wintd (s47 x c select campers who didn't make any reservations aie trec: =select camper camper number, camper camper first name, camper camper last name bb (sql server 15.0.2000 desi from c, a a _ _ _ oo _ _ _ e _ _ _ _ _ _ databases uhere lll system dstabases aoc, mitlid object name camper w database snapshots (select reservation camper number bb campground from aeservation datadase diagrams m tables system tables fdetables external tadbes og graph tables 3 hamper 3 dboreservation ow vew og exteel rewourees eb syronyms programmahility me 1 i service beokor 100 4 il storage b fests gl message: ml seamity camper number caneer frst name camper last name a test 2 os sera) il datzoase diagrams mi tables ml system tables i faetobles extemal tables ml groph tables doo.camper gooreservation f deospor views og eternal resources gl synonyms progrannmmabiny ol serace broker query executed successtully. localhos sqlexeress (15.0 :winl0 _ campground 2 as ff res ln sol 24 ch 24 ns",277,215,useful
v1,SQL,59,590.0,C:\NCKH\VIDEO_LEARNING_RESEARCH\data\processed\keyframes\v1\v1_00590s.png,"eee 1 & Ao B ®a<« &< =) Windows 10 x64 o LE SOLQuery€sq!_ localhost\SQLEXPRESS.cempground2 (DESKTOP STCUCTE:Win10 (S4i}"" Microsoft SQL Server Management Studic Quick Launch (Cert+@ P- @ x File Edt View Quey roject Took Window Help @-0/5- a-Si | Annan AQLAA LFH/9-C-|BlA _ BAe SB-, $F | compgrourcr + | Dente 8 v 39GB) 28 FSO = =| zee. Object Explorer EEE SChQuenSscl | TOQTE:WintD Say"" + X . a y --_Select campers who didn't make any reservations she See CO =SETECT CAMPER CAMPER NUMBER, CAMPER CAMPER FIRST NAME, CAMPER. CAMPER LAST NOME “ =! BB locallhost\ SQLEXPRESS (SQL Server 18.0.2000 - DESI + rReaonr °°» DOoOOO—E——S——r—Ov & M@ Datsbases uHERE > Mil System Databases CAMPER CAMPER NUMBER NOT IN + MM Database Snaoshots (SELECT RESERVATION. CAMPER NUMBER = BB Compground rom RESERVATION); + @) Dataoase Diagrams = Mi Tables = System Tables = FdeTables = af Extemal Tables = OG Graph Tables = 3 ha Camper = BB dooRESERVATION 7 ll Views FG Externe! Resources © Gi Syronyms © Gl Progaammahilty ha 4 OB Senco Broker 100% # Wl Storage Bese: Gl Message: + Wl Seamity CAMPER NUMBER CAMPER RST NAME CAMPED LAST NAME @ Datzoase Diagrams = Mi Tables + WS System Tables + @ FieTobles > @ Extemal Tadtes = Gl Greph Tables + F doo.CAMPER = ¥ dooRESERVATION = WF deospor * @ Views * O@ Btens! Resources * &@ Synonyms * Programmabsity % Ol Serace Broker . < > @ Query executed successtully. localhosSQLOIGRESS (15.0 DESKTOP-STCUQTS:Winl0 _ campground? 000000 2 roa:","eee 1 ao b a< o le solquery sq _ .cempground2 stcucte:win10 (s4i} microsoft sql server management studic quick launch (cert+ p- x file edt view quey roject took window help -0/5- a-si annan aqlaa lfh/9-c- bla _ bae sb- f compgrourcr dente 8 v 39gb) 28 fso zee. eee schquensscl toqte:wintd say"" x a y -_select campers who didn't make any reservations she see co =setect camper camper number, camper camper first name, camper. camper last nome bb locallhost sqlexpress (sql server 18.0.2000 desi rreaonr dooooo e s r ov m datsbases uhere mil system databases camper camper number not in mm database snaoshots (select reservation. camper number bb compground rom reservation) dataoase diagrams mi tables system tables fdetables af extemal tables og graph tables 3 ha camper bb dooreservation 7 ll views fg externe resources gi syronyms gl progaammahilty ha 4 ob senco broker 100 wl storage bese: gl message: wl seamity camper number camper rst name camped last name datzoase diagrams mi tables ws system tables fietobles extemal tadtes gl greph tables f doo.camper dooreservation wf deospor views o btens resources synonyms programmabsity ol serace broker query executed successtully. localhossqloigress (15.0 :winl0 _ campground 2 roa:",257,199,useful
v1,SQL,60,600.0,C:\NCKH\VIDEO_LEARNING_RESEARCH\data\processed\keyframes\v1\v1_00600s.png,"ese 1 & Soe ®a<« &< =| Windows 10 x64 o & SQLQuery@.sqi localhost\SQLEXPRESS.cempground2 (DESKTOP STCUCTE\Win10 (S4i}* Microsoft SQL Server Management Stucic Quick Launch (Cert+Q) Pe BB x Fie Edt View Query Project Took Wincow Help @-0/5-o-Siw| Anwagy ALQLAA LFH/9-C-|B\A - DPeep-,. 1 | campgoune? -| DP cente 8 vV ES GB) SRF SRN = =/zRle. Obpect Explore REE SO QuerySscl | TOTS Wind Say"" = X . C = -- Select campers who didn't make any reservations ae gt BEYICES, =SELECT CAMPER CAMPER NUMBER, CAMPER CAMPER FIRST NAME, CAMPER.CAMPER LAST MAME a = B localhost\SQLEXPAESS (SQ. Server 18.0.2000 - DESI « FRO CS eA IR ANIA RI = @ Databases a = Mil System Databases CAMPER CAMPER _MUMBER NOT IM 3 Ml Database Snapshots (SELECT RESERVATION CAMPER NUMBER = BW Compgrouns from ReseRvATION | # Ml Database Diagrams = @ Tables = Gi System Tables = Oi FleTables = af Extemal Tables = 0 Graph Tables = 3 ha Camper = BB dsoRESERVATION * Bi dospor +O Vew © GB Externe! Resources ¥ Ell Syronyms © OD Programmahility _ 0G Service Berokor 100% = 4 Mi Storage Bfesuss gl Message: 4 i Seasity CAMPER NUMBER CAMBER FRST NAME CAMPER LAST NAME = Wi campcround2 + @ Datzoase Diagrams = Ml Tables + Ml System Tables = Ml FaeTables > @ Extemal Taotes = Ml Greph Tables = ¥ doo.CAMPER + F Go0.RESERVATION = F deospor * @ Views * 0 Bens! Resources * @ Synonyms * Progranmmabsiny # ll Serace Brakes y : > BO Query executed successiuly loralhosA\SQLAFRESS (75.0 DESKTOP-STOUCTEWin10 _ campground? 000000 Z oes & Pes ln? Col 24 Ch 24 NS","ese 1 soe a< o sqlquery .sqi .cempground2 stcucte win10 (s4i} microsoft sql server management stucic quick launch (cert+q) pe bb x fie edt view query project took wincow help -0/5-o-siw anwagy alqlaa lfh/9-c- b a dpeep- 1 campgoune dp cente 8 vv es gb) srf srn /zrle. obpect explore ree so querysscl tots wind say"" x c select campers who didn't make any reservations ae gt beyices, =select camper camper number, camper camper first name, camper.camper last mame a b (sq. server 18.0.2000 desi fro cs ea ir ania ri databases a mil system databases camper camper _mumber not im 3 ml database snapshots (select reservation camper number bw compgrouns from reservation ml database diagrams tables gi system tables oi fletables af extemal tables 0 graph tables 3 ha camper bb dsoreservation bi dospor +o vew gb externe resources ell syronyms od programmahility _ 0g service berokor 100 4 mi storage bfesuss gl message: 4 i seasity camper number camber frst name camper last name wi campcround2 datzoase diagrams ml tables ml system tables ml faetables extemal taotes ml greph tables doo.camper f go0.reservation f deospor views 0 bens resources synonyms progranmmabsiny ll serace brakes y bo query executed successiuly loralhosa sqlafress (75.0 _ campground z oes pes ln col 24 ch 24 ns",275,215,useful
v1,SQL,61,610.0,C:\NCKH\VIDEO_LEARNING_RESEARCH\data\processed\keyframes\v1\v1_00610s.png,"eee ree Ao B oa<« &< =) Windows 10 x64 o x SQLQuery@.sqi localhost\SQLEXPRESS.cempground2 (DESKTOP STCUQTS\Win10 (S4i* Microsoft SOL Server Management Stucic Quick Launch (Ctrl +Q) Pe 8 xXx File Edt View Query Project Took Wincow Help @-0/S- a-Si | Anwagy ALSLAA LFH/9-C-|B\A _ BASD-, © 9B | campgcuna? + | dD cecte © VSS@(B) SRF SM = =| Eel ey Obpect Explorer REE SOQuerySscl | TORTS Wind Say"" = X ~ = -- Select campers who Gidn’t make any reservations ate coneectr aA ata Ee =SELECT CAMPER CAMPER NUMBER, CAMPER CAMPER FIRST NAME, CAMPER CAMPER LAST NOE “ =) BB localhostiSQLEXPRESS (SQL Server 15.0.2000 - DESI ~ FR CAPeRSCSCOC:—s—~C—CS = @ Datsbases uHERE > Ml System Databases CAMPER CAMPER NUMBER NOT IN = BS Compgrouns FROM RESERVATION i —— + @® Dataoase Diagrams = Mi Tables = Mi System Tables = Oi FileTables = a@ Ettemal Tabdbes = OG Graph Tables = 3 hamper = 3 dsoRESERVATION * Bdaspor + OW Vew F GG Exton! Resources © EE Syronyms © Of Progaammahilty ad # i Service Brokor 100% 4 il Storage Bese: gil Message: + i Seamity CAMPER NUMBER CAMPER RST NAME CAMPED LAST NAME + Wrest 7 ee Sentt) Seen = WW camporound2 + @@ Detsoase Diagrams = Ml Tables + Ml System Tables = @ FaeTables > @ Extemal Taotes = Ml Greph Tables = ¥ doo.CAMPER + ¥ doo. RESERVATION = WF doospor + © Views * 0 Bens! Resources + Synonyms * Programmabsity % al Serace Broker . < > © Query executed successtully localhos SQLXERESS (75.0 DESKTOP-STCUOTEWWinld _ campground? O00 Z ross £7 Res nF col 24 ch 24 NS","eee ree ao b oa< o x sqlquery .sqi .cempground2 stcuqts win10 (s4i* microsoft sol server management stucic quick launch (ctrl +q) pe 8 xxx file edt view query project took wincow help -0/s- a-si anwagy alslaa lfh/9-c- b a _ basd- 9b campgcuna dd cecte vss (b) srf sm eel ey obpect explorer ree soquerysscl torts wind say"" x select campers who gidn t make any reservations ate coneectr aa ata ee =select camper camper number, camper camper first name, camper camper last noe bb (sql server 15.0.2000 desi fr caperscscoc: s c cs datsbases uhere ml system databases camper camper number not in bs compgrouns from reservation i dataoase diagrams mi tables mi system tables oi filetables a ettemal tabdbes og graph tables 3 hamper 3 dsoreservation bdaspor ow vew f gg exton resources ee syronyms of progaammahilty ad i service brokor 100 4 il storage bese: gil message: i seamity camper number camper rst name camped last name wrest 7 ee sentt) seen ww camporound2 detsoase diagrams ml tables ml system tables faetables extemal taotes ml greph tables doo.camper doo. reservation wf doospor views 0 bens resources synonyms programmabsity al serace broker query executed successtully localhos sqlxeress (75.0 _ campground o00 z ross 7 res nf col 24 ch 24 ns",276,214,useful
v1,SQL,62,620.0,C:\NCKH\VIDEO_LEARNING_RESEARCH\data\processed\keyframes\v1\v1_00620s.png,"ese it & Soe o®a<« &< =) Windows 10 x64 o CX SOLQueré.sq locelhostSQLEXPRESS.compground2 (DESKTOP STCUCTE\Win10 (S4iy* Microsoft SOL Server Management Studio Quick Launch (Ctrl+Q) P- @ x File Edt View Query Project Took Wincow Help @-0/5-o-S MM Anna BLLAL XAH|9-c-\BlzA -Ssen-, $F | compg our? “| Decoto 8 VOOR SRN = =| Ele. Obpect Explore EEE SO QuerySscl | TOTS Wind Say"" > X - a -- Select campers who Gidn’t make any reservations Ea coneect Es a Rv CES =SELECT CAMPER CAMPER NUMBER, CAMPER CAMPER FIRST NAME, CAMPER. CAMPER LAST NAME “ =! BB localhost\SQLEXPRESS (SQL Server 18.0.2000 - DESI « RAR °°» »©}) DCO ee ——_—_—_— & M@ Datsbases uHeRE = Mil System Databases CAMPER CAMPER NUMBER NOT IN + Wl Database Snsoshots SECT Sener pen, en = @ Compgrouns FROM RESERVATION); + O@ Datasase Diagrams = Mi Tables = Gl System Tables = Oi FileTables = af Extemal ables = ai Graph Tables = 3 hamper = 3 dso RESERVATION . Views ¥ Gl Externe! Rewourees * Syronyms © GE Programmahility MA 1 I Service Brokor 100% - 4 il Storage Bests Gl Message: + ili Seasity CAMPER NUMBER CANEER FRST NAME CAMPER LAST NAME + @ C8305 reject 7 6 Arends Sooper + @ Datsoase Diagrams = Ml Tables = Ml System Tables = Ml FaeTables > @ Extemal Tadtes = ll Greph Tables = ¥ doo.CAMPER + F doo.RESERVATION + F deospor + @ Views * Ol Bates! Resources + Synonyms * © Programmabiiny * ll Serace Srokes v < > © Query executed succesctully. localhosPSQUEXERESS (15.0 DESKTOP-STCUQTS:Winld _ campground? 00:00:00 Z-oas","ese it soe o a< o cx solquer .sq locelhostsqlexpress.compground2 stcucte win10 (s4iy* quick launch (ctrl+q) p- x file edt view query project took wincow help -0/5-o-s mm anna bllal xah 9-c- blza -ssen- f compg our decoto 8 voor srn ele. obpect explore eee so querysscl tots wind say"" x a select campers who gidn t make any reservations ea coneect es a rv ces =select camper camper number, camper camper first name, camper. camper last name bb (sql server 18.0.2000 desi rar dco ee _ _ _ m datsbases uhere mil system databases camper camper number not in wl database snsoshots sect sener pen, en compgrouns from reservation) o datasase diagrams mi tables gl system tables oi filetables af extemal ables ai graph tables 3 hamper 3 dso reservation views gl externe rewourees syronyms ge programmahility ma 1 i service brokor 100 4 il storage bests gl message: ili seasity camper number caneer frst name camper last name c8305 reject 7 6 arends sooper datsoase diagrams ml tables ml system tables ml faetables extemal tadtes ll greph tables doo.camper f doo.reservation f deospor views ol bates resources synonyms programmabiiny ll serace srokes v query executed succesctully. localhospsquexeress (15.0 :winld _ campground 00:00:00 z-oas",268,205,useful
v1,SQL,63,630.0,C:\NCKH\VIDEO_LEARNING_RESEARCH\data\processed\keyframes\v1\v1_00630s.png,"eee it & Ao B e®a<« &< >) Windows 10 x64 o XR SOLQuery8.sq localhost,SOLEXPRESS. campground? (DESKTOP STCUCTEWin 10 (S4i)* Microsoft SOL Server Management Stucic Quick Launch (Cerl+Q) Pe 8 x File Edit View Quey oject Took Window Help @-0/35-o-Gi | Array AQLAA LGa|9-C-\Bl\a _ PAs SD-,. © F| campo? | Deecte « VES@(B) SRF SM = =| Fel By Clgart Explorer SIPIEE SQQuerySacl LICUCTEWEnID Say = X = -- Select campers who didn't make any reservations she Connea= a te = ty 6 =SELECT CAMPER CAMPER NUMBER, CAMPER CAMPER FIRST NAME, CAMPER. CAMPER LAST NAME “ =) BB localhostiSQLEXPRESS (SQL Server 15.0.2000 - DESI ~ RAR °° °° °° ——T— — = Mf Databases wirRE = lll System Databases CAMPER_CAMPER_MUMBER NOT IK + ME Database Snapshots SELECT RESERVATION. CARPER_MUPGER ~ WB Compgrouns FROM RESERVATION + Ml Datasase Diagrams I ‘ = Mi Tables = System Tables = FdeTables = Extemal Tadbes = eG Graph Tables = 3 hamper = 3 do RESERVATION = Bdasror ¥ al Views ¥ GB Externe! Resources ¥ 1 Syronyms 1 Prog-ammability ~~ 1 I Service Beokor 100% 4 Ml Storage B Rests Gl Mesage: + i Seamity CAPER NUMBER CAMPER FRST RANE CAMPER LAST NAME # @ 0S305F reject 7 eg Arende omer @ Datzoase Diagrams = Mi Tables = System Tables — FileTables = @ Extemal Tables = Bl Greph Tables + ¥ doo.CAMPER + F doo.RESERVATION = F doospor + © Views * Externs! Resources * Synonyms . Programmabsity % Ol Serace Broker ¥ < 7 > @ Query executed successtully. lacalhos SQLEXPRESS (75.0 DESKTOP_STCUOTEAWinl0 __ campground? 000000 Z ras i Res ln? Sol 2 Ch 21 NS t-m Type here to search [e) 33 mS ow GH « P eo DT BR","eee it ao b e a< o xr solquery8.sq ,solexpress. campground stcuctewin 10 (s4i) microsoft sol server management stucic quick launch (cerl+q) pe 8 x file edit view quey oject took window help -0/35-o-gi array aqlaa lga 9-c- bl a _ pas sd- f campo deecte ves (b) srf sm fel by clgart explorer sipiee sqquerysacl licuctewenid say x select campers who didn't make any reservations she connea= a te ty 6 =select camper camper number, camper camper first name, camper. camper last name bb (sql server 15.0.2000 desi rar t mf databases wirre lll system databases camper_camper_mumber not ik me database snapshots select reservation. carper_mupger wb compgrouns from reservation ml datasase diagrams i mi tables system tables fdetables extemal tadbes eg graph tables 3 hamper 3 do reservation bdasror al views gb externe resources 1 syronyms 1 prog-ammability 1 i service beokor 100 4 ml storage b rests gl mesage: i seamity caper number camper frst rane camper last name 0s305f reject 7 eg arende omer datzoase diagrams mi tables system tables filetables extemal tables bl greph tables doo.camper f doo.reservation f doospor views externs resources synonyms programmabsity ol serace broker 7 query executed successtully. lacalhos sqlexpress (75.0 __ campground z ras i res ln sol 2 ch 21 ns t-m [e) 33 ms ow gh p eo dt br",291,221,useful
v1,SQL,64,640.0,C:\NCKH\VIDEO_LEARNING_RESEARCH\data\processed\keyframes\v1\v1_00640s.png,"a t ci us = Windows 10 x64 JE SOLQuery@.sq! locethost\SQLEXPRESS.cempgrounc2 (DESKTOP STCUCTEiWin10 (S4i}"" Microsoft SQL Server Management Studic Quick Launch (Casto) Pe 8 x File Edt View Quey Onject Took Window Help @-0/S- a-Si | Anwagy ALQLAA LHH\/9-C-|B\Aa _ BA SD-,. # OF | campy cure - | Dewnte 8 v 38GB) 2 SN = =| zee. Object Explere: MIRE SU QueryBscl LTCUGTEWinID Say"" = X - 7 -- Select campers who Gidn't make any reservations Ea Comec: ¥ Ya YO + SSELECT CAMPER CAMPER NUMBER, CAMPER CAMPER FIRST NOME, CAMPER. CAMPER LAST NOME “ = B localhost\SQLEXPAESS (SQ) Server 16.02000 - DESI « ROH CERSSSC*~“‘“~*S*S*S”*S*S:<=StstC‘“=<“<; T( TT = Ml Databases uHeRE + Ml System Databases CAMPER CAMPER NUMBER NOT IN + M& Database Sososhots (SELECT RESERVATION. CAMPER MUMBER ~ BS Campground rom xeservation ); # Ml Database Diagrams — = Mi Tables = System Tables = FdeTables = Extemal Tadbes = OG Graph Tables = Bo CampPer = 3 dboRESERVATION = Bdasror 7 ll Views FG Externe! Resources | Syronyms 1 Gl Prog-ammabilty = 1 ll Service Broker 100% 4 Wf Storage B Rests Gl Message: + Gl Seamity CAMPER NUMBER CAMPER RST NAME CAMPED LAST NAME 2 J Cs305F reject Se cope = Wi campcround2 + Mf Dotsoase Diagrams = Mi Tables + Mil System Tables — FaeTables > @ Extemal Totes = Gl Greph Tables + F doo.CAMPER + ¥ doo.RESERVATION = WF deospor * @ Views * Externs! Resources * Synonyms * 0 Programmabsiny % Ol Serace Broker eS « > © Query executed successtully. localhos SQLXPRESS (15.0 DESKTOP_STOUCTS\Winl _ campground? 000000 Zroas GD Pes ln? Col 20 ch 20 NS = Bo Type here to search oO =H rs ~ tt a P moo I","a t ci us je solquery .sq locethost sqlexpress.cempgrounc2 stcucteiwin10 (s4i} microsoft sql server management studic quick launch (casto) pe 8 x file edt view quey onject took window help -0/s- a-si anwagy alqlaa lhh /9-c- b aa _ ba sd- of campy cure dewnte 8 v 38gb) 2 sn zee. object explere: mire su querybscl ltcugtewinid say"" x 7 select campers who gidn't make any reservations ea comec: ya yo sselect camper camper number, camper camper first nome, camper. camper last nome b (sq) server 16. desi roh cersssc* *s*s*s *s*s: =ststc t( tt ml databases uhere ml system databases camper camper number not in m database sososhots (select reservation. camper mumber bs campground rom xeservation ml database diagrams mi tables system tables fdetables extemal tadbes og graph tables bo campper 3 dboreservation bdasror 7 ll views fg externe resources syronyms 1 gl prog-ammabilty 1 ll service broker 100 4 wf storage b rests gl message: gl seamity camper number camper rst name camped last name 2 j cs305f reject se cope wi campcround2 mf dotsoase diagrams mi tables mil system tables faetables extemal totes gl greph tables f doo.camper doo.reservation wf deospor views externs resources synonyms 0 programmabsiny ol serace broker es query executed successtully. localhos sqlxpress (15.0 winl _ campground zroas gd pes ln col 20 ch 20 ns bo oo =h rs tt a p moo i",291,231,useful
v1,SQL,65,650.0,C:\NCKH\VIDEO_LEARNING_RESEARCH\data\processed\keyframes\v1\v1_00650s.png,"eee i & SoBe oa<« &< '*) Windows 10 x64 o CE SOLQuery6.sq! locelhostSQLEXPRESS.compground2 (DESKTOP STCUCTEWn10 (S4is* Microsoft SOL Server Management Studio Quick Launch (Cert+@ P- @ xX File Edit View Quey Project Took Window Help @-0/5-b-Si | Anway ALQLAA LGH\/9-C-|\B\sa _ BPA SE-, # OF | campy cure + | Dewoto = VOOR ARN == tHle. Obpect Explore EEE SOCuerySscl | TORTS Wand Say"" > X ~ C 3 -- Select campers who made reservations, this should have the same results as inner join ste af ALE eat =SELECT CAMPER CAMPER FIRST_NAME, CAMPER CAMPER LAST NOME a =) BB localhostiSQLEXPRESS (SQL Server 15.0.2000 - DESI ~ roox£R °° °° °° ° ° °° ° °° + @ @ 7-0 = Ml Databases eis TS 4 ‘System Dstabases ‘SELECT + M& Database Snaoshots FROM RESERVATION = Campground WHERE RESERVATION CAMPER MUMBER — CAMPER CAMPFR NUMBER) | + Of Datasase Diagrams = Mi Tables = Gi System Tables = Oi FideTables = a Extemal Tables = 0 Graph Tables = 3 hamper = 3 dsoRESERVATION = Bdasror 7 Wl Views GE Externe! Resources 1 Prog-ammabilty Ms # Il Service Brokor 100% 4 tl Storage Bi Rests Gl Merage: 4 Wi Seasity CAMPER PRST RAME CAMPER LAST MAME a Gres ? Pa Sted 7 @ campcround2 2 Cres wens + @ Datzoase Diagrams = Mi Tables + Ml System Tables = Wl FileTables = Ml Extemal Tables = Ml Greph Tables = ¥ doo.CAMPER = ¥ dooRISERVATION = F doospor * © Views * Ol tens! Resources * Synonyms * Programmabsity % Wl Serace Srokes S < > © Query executed successiully. localhosf SQUIGRESS (15.0 DESKTOP-STOUQTS\Winl _ campground? 000000 3 ras OT Res ln? col & Ch 60 NS","eee i sobe oa< o ce solquery6.sq locelhostsqlexpress.compground2 stcuctewn10 (s4is* quick launch (cert+ p- xx file edit view quey project took window help -0/5-b-si anway alqlaa lgh /9-c- b sa _ bpa se- of campy cure dewoto voor arn thle. obpect explore eee socuerysscl torts wand say"" x c 3 select campers who made reservations, this should have the same results as inner join ste af ale eat =select camper camper first_name, camper camper last nome a bb (sql server 15.0.2000 desi roox r 7-0 ml databases eis ts 4 system dstabases select m database snaoshots from reservation campground where reservation camper mumber camper campfr number) of datasase diagrams mi tables gi system tables oi fidetables a extemal tables 0 graph tables 3 hamper 3 dsoreservation bdasror 7 wl views ge externe resources 1 prog-ammabilty ms il service brokor 100 4 tl storage bi rests gl merage: 4 wi seasity camper prst rame camper last mame a gres pa sted 7 campcround2 2 cres wens datzoase diagrams mi tables ml system tables wl filetables ml extemal tables ml greph tables doo.camper dooriservation f doospor views ol tens resources synonyms programmabsity wl serace srokes s query executed successiully. localhosf squigress (15.0 winl _ campground 3 ras ot res ln col ch 60 ns",287,212,useful
v1,SQL,66,660.0,C:\NCKH\VIDEO_LEARNING_RESEARCH\data\processed\keyframes\v1\v1_00660s.png,"eve it & SoBe oa<«= &< =) Windows 10 x64 o LE SOLQuery@.sq localhost SOLEXPRESS cempground2 (DESKTOP STCUCTEWin10 (S4i}' Microsoft SQL Server Management Studio Quick Launch (Cerl+Q) P- 8 xX File Edt View Query Project Took Wincow Help @-0/5- a-Si | Anwagy ALQLAA LGO/9-C-|B\sa a oe EF | campgoure? -| Dente o VES GR) fF SN = =| zee. Obyect Explores SEES SOLQuerySscl | TOUTE WanID Say"" > X - Comc- ¥ Pay G+ -- Select campers who made reservations, this should have the same results as inner join fe = SELECT ER. CACAMPER CAMPER FIRST NAME, CAMPER CAMPER LAST MAME a = BB localhost\SQLEXPRESS (SQL Server 15.0.2000 - DESI « — Tye I I © Ml Databases WHERE 5xISTS > Gl System Dstabases SELECT + MB Database Snapshots FROM RESERVATION = © compground WHERE RESERVATION CAMPER MANGER - CAMPER. CAMPER MBER); * @ Datasase Diagrams ~ = @ Tables = i System Tables = a FaeTables = a Extemal [abtes = i Graph Tables = 3 hamper = 3 dba RESERVATION * Bi dasror e Views © OS Externe! Resources, WE Syronyms © © Programmahility + 1 Ml Service Benkor 100% - «© tl Storage Bese: il Messages & @ Seamty (CAMPER PEST KAME CAMPER LAST MAME 2 Been 2 Gres von = WW camporound2 + @ Datzoase Diagrams = Mi Tables = ll Systen Tables = Wl FileTables = Ml Extemal Tables = Ml Greph Tables = ¥ doo.CAMPER + F doo. RESERVATION + F deospor * © Views * O@ Gtenal Resources * Synonyms * Programmabiity * Wl Serace Stoker oo < > © Query executed successtully. localhos SQUENERESS (150 DESKTOP-STCUCTE:Win10 _ campground? 00.90.00 3 roas","eve it sobe oa< o le solquery .sq solexpress cempground2 stcuctewin10 (s4i} quick launch (cerl+q) p- 8 xx file edt view query project took wincow help -0/5- a-si anwagy alqlaa lgo/9-c- b sa a oe ef campgoure dente o ves gr) ff sn zee. obyect explores sees solquerysscl toute wanid say"" x comc- pay g+ select campers who made reservations, this should have the same results as inner join fe select er. cacamper camper first name, camper camper last mame a bb (sql server 15.0.2000 desi tye i i ml databases where 5xists gl system dstabases select mb database snapshots from reservation compground where reservation camper manger camper. camper mber) datasase diagrams tables i system tables a faetables a extemal [abtes i graph tables 3 hamper 3 dba reservation bi dasror e views os externe resources, we syronyms programmahility 1 ml service benkor 100 tl storage bese: il messages seamty (camper pest kame camper last mame 2 been 2 gres von ww camporound2 datzoase diagrams mi tables ll systen tables wl filetables ml extemal tables ml greph tables doo.camper f doo. reservation f deospor views o gtenal resources synonyms programmabiity wl serace stoker oo query executed successtully. localhos squeneress (150 :win10 _ campground 00.90.00 3 roas",279,206,useful
v1,SQL,67,670.0,C:\NCKH\VIDEO_LEARNING_RESEARCH\data\processed\keyframes\v1\v1_00670s.png,"ese 1 & A - B oa<« &< =) Windows 10 x64 o CRE SOLQuery6.sq! locelhostSOLEXPRESS.compground2 (DESKTOP STCUCTEWin10 (S4iy* Microsoft SOL Server Management Studio Quick Launch (Ctrl +Q) P- @ xX Fie Edit View Quey Projet Took Window Help @-0/5-o-Sid| Annan ALQLAA LFH\/9-C-|B\a - DBAeSH-, 1 P| compgoure + | Dewoto oe VOOR ARN = =| tHe. Obpect Explore SEES SOQLQuerySscl | TOUTE WinID Say"" = xX ~ a -- Select campers who made reservations, this should have the same results as inner join fe coneect 51 at ee CEe =SELECT CAMPER A_WUMBER, CAMPER CAMPER FIRST NAME, CAMPER. CAMPER LAST NAME “ =! © localhost\SQLEXPRESS (SQL Server 15.0.2000 - DESI + — a a ——— ————e oO —EAETSET—— = ll Databases WHERE EXISTS + Ml System Databases SELECT + @@ Database Snapshots FROM RESERVATION = @ Compground WIERE RESERVATION. CAMPER MUMBER — CAMPER CAMPER NUMBER); + O® Datasase Diagrams ~ = @ Tables = Gi System Tables = Oi FileTables = af Extemal Tables = eG Graph Tables = 3 hamper = 3 dsoRESERVATION = Bdasror Fw Views FOG Externe! Resources © Gl Syronyms © Gl Progammahilty MA ¥ Ml Service Brokor 109% 4 tl Storage Bi fess: Gil Mesage: + i Seamity CAMPER NUMBER CAMPER RST NAME CAMPER LAST NAME = fi campsround2 2 ear Om wns & @ Datzoase Diagrams = Mi Tables e System Tables + @ FieTable: = @ Extemal Tadtes = Ml Greph Tables = ¥ doo.CAMPER + ¥ doo. RESERVATION + WF deospor * © Views * 0 tens! Resouces * Synonyms . Programmabsity * all Serace Broken ¥ < > @ Query executed successtully. localhosf SQUXPRESS (15.0 DESKTOP-STOUQTS\Winl _ campground? 000000 3 roas","ese 1 a b oa< o cre solquery6.sq locelhostsolexpress.compground2 stcuctewin10 (s4iy* quick launch (ctrl +q) p- xx fie edit view quey projet took window help -0/5-o-sid annan alqlaa lfh /9-c- b a dbaesh- 1 p compgoure dewoto oe voor arn the. obpect explore sees soqlquerysscl toute winid say"" xx a select campers who made reservations, this should have the same results as inner join fe coneect 51 at ee cee =select camper a_wumber, camper camper first name, camper. camper last name (sql server 15.0.2000 desi a a e oo eaetset ll databases where exists ml system databases select database snapshots from reservation compground wiere reservation. camper mumber camper camper number) o datasase diagrams tables gi system tables oi filetables af extemal tables eg graph tables 3 hamper 3 dsoreservation bdasror fw views fog externe resources gl syronyms gl progammahilty ma ml service brokor 109 4 tl storage bi fess: gil mesage: i seamity camper number camper rst name camper last name fi campsround2 2 ear om wns datzoase diagrams mi tables e system tables fietable: extemal tadtes ml greph tables doo.camper doo. reservation wf deospor views 0 tens resouces synonyms programmabsity all serace broken query executed successtully. localhosf squxpress (15.0 winl _ campground 3 roas",280,205,useful
v1,SQL,68,680.0,C:\NCKH\VIDEO_LEARNING_RESEARCH\data\processed\keyframes\v1\v1_00680s.png,"ese xn & Res ®a<« &< ) Windows 10 x64 o i SQLQueryG.sq localhost\SQLEXPRESS.cempground2 (DESKTOP STCUQTE\Win10 (S4i* Microsoft SOL Server Management Stucic Quick Launch (Ctrl+Q) Pe 8B xX File Edt View Query Project Took Wincow Help @-0/S- a-Si | Anwagy ALQLAA LGH/9-C-|B\Aa _ DA SB-. EF | campgoure? -| Dente o VES GD) SF SN = =|zel eS Obpect Explorer EEE SOQuerySscl | TORTS Wind Say"" > X - Comec> ¥ Fa TGs -- Select campers who made reservations, this should have the same results as inner join she = SELECT CAPER CAMPER LPWER, CAMPER CAMPER FIRST NAME, CAMPER. CAMPER LAST MANE “ = B localhost\SQLEXPAESS (SQL Server 15.02000 - DESI « nae ~ eS - © Ml Databases WHERE ExIS7S + Ml System Databases SELECT = Ostabase Snapshots FROM RESERVATION = © Compground WHERE RESERVATION. CAMPER MUNBER - CAPER = : # tll Dataoase Diagrams : = M@ Tables = Gi System Tables = a FileTables = af Extemal Tables = a Greph Tables = 3 hamper = 3 dsoRESERVATION * Bi daspor + OD Vew ¥ Gl Externe! Resources © i Syronyms 1 Prog-ammabilty + 1 Ol Service Brokor 100% = 4 il Storage Bi Rests Gil Mesage: + ili Seasity CAMPER NUMBER CAMPER FRST NAME CAMPER LAST NAME + @ as30sFreject + SOMA] ewe ss 4 @ test 2 oH Pe fora . @ camperound2 2 ad Of ones @ Datsoase Diagrams = li Tables 2 System Tables = @ FaeTables = @ Extemal Tables = Ml Greph Tables = ¥ doo.CAMPER + ¥ G00. RESERVATION = F doospor + © Views * OG tens! Resources + Synonyms, * i Programmabriny wl Serace Srokes . < > @ Query executed successtully localhost SQLENPRESS (150 DESKTOP-STCUCTE.Win10 __ campground? 00.90.00 3 roa:","ese xn res a< o i sqlqueryg.sq .cempground2 stcuqte win10 (s4i* microsoft sol server management stucic quick launch (ctrl+q) pe 8b xx file edt view query project took wincow help -0/s- a-si anwagy alqlaa lgh/9-c- b aa _ da sb- ef campgoure dente o ves gd) sf sn zel es obpect explorer eee soquerysscl torts wind say"" x comec> fa tgs select campers who made reservations, this should have the same results as inner join she select caper camper lpwer, camper camper first name, camper. camper last mane b (sql server 15. desi nae es ml databases where exis7s ml system databases select ostabase snapshots from reservation compground where reservation. camper munber caper tll dataoase diagrams m tables gi system tables a filetables af extemal tables a greph tables 3 hamper 3 dsoreservation bi daspor od vew gl externe resources i syronyms 1 prog-ammabilty 1 ol service brokor 100 4 il storage bi rests gil mesage: ili seasity camper number camper frst name camper last name as30sfreject soma] ewe ss 4 test 2 oh pe fora camperound2 2 ad of ones datsoase diagrams li tables 2 system tables faetables extemal tables ml greph tables doo.camper g00. reservation f doospor views og tens resources synonyms, i programmabriny wl serace srokes query executed successtully sqlenpress (150 .win10 __ campground 00.90.00 3 roa:",293,220,useful
v1,SQL,69,690.0,C:\NCKH\VIDEO_LEARNING_RESEARCH\data\processed\keyframes\v1\v1_00690s.png,"ese it & Soe eoa<« &< >| Windows 10 x64 o CE SOLQuery6.sqi_ locelhostSOLEXPRESS.compground2 (DESKTOP STCUCTE\Win10 (S4iy* Microsoft SQL Server Management Studio Quick Launch (Ctrl+Q) P- @ xX File Edt View Query Project Took Window Help @-0/S-o-Si | Anway ALSLRA LFH(/9-C-|B\sa _ BPA SE-, OF) campgoune? - | Dente VES GB) SRF SN ==/ze\ we. Obpect Explorer EEE SO QuerySscl |_TOATE Wind Say"" > X ~ c -¥4¥a 7G -- Select campers who made reservations, this should have the same results as inner join + SSELECT CAPER. CAMPER IRDWER, CAWER CAMPER FIRST NAME, CAMPER.CANPER LAST MANE = =) BB localhostiSQLEXPRESS (SQL Server 15.0.2000 - DESI ~ FROM CAPERSSCS™S ~ ~ ~ ~ ~ = Ml Datapases WHERE ExIS7S + Ml System Databases SELECT + M@ Database Snsoshots FRod_ RESERVATION ~ Campground WHERE RESERVATION CAMPER NUMBER — CAMPER CAMPER NUMBER); + Mi Datasase Diagrams TO ———— = Mi Tables = Gi System Tables = Oi FaeTables = af Extemal Tables = a Graph Tables = 3 hamper = 3 dso RESERVATION = Bdaspor 7 Wl Views GG Externe! Resources 1 Prog-ammabilty bs 4 Ol Service Brokor 100% « il Storage BS Resuts Gl Mesage: + Wi Seasity CAMPER NUMBER CANEER FRST NAME CAMPER LAST NAME + @ cS30sFroject rt. nS Sead =f compcround2 2 oar Ones wes & @ Datzoase Diagrams = ll Tables + WE System Tables = Wl FileTobles = Mi Extemal Tables = Ml Greph Tables = ¥ doo.CAMPER = ¥ dooRESERVATION = F doospor * © Views * 0 tens! Resources * Synonyms, * W Programmabiity Ol Serace Broken ¥ < > @ Query executed successiully. localhosf SQUIXGRESS (15.0 DESKTOP-STOUQTS\Winld __ campground? 0000.00 3 roas","ese it soe eoa< o ce solquery6.sqi_ locelhostsolexpress.compground2 stcucte win10 (s4iy* quick launch (ctrl+q) p- xx file edt view query project took window help -0/s-o-si anway alslra lfh(/9-c- b sa _ bpa se- of) campgoune dente ves gb) srf sn /ze we. obpect explorer eee so querysscl _toate wind say"" x c 4 a 7g select campers who made reservations, this should have the same results as inner join sselect caper. camper irdwer, cawer camper first name, camper.canper last mane bb (sql server 15.0.2000 desi from capersscs s ml datapases where exis7s ml system databases select m database snsoshots frod_ reservation campground where reservation camper number camper camper number) mi datasase diagrams to mi tables gi system tables oi faetables af extemal tables a graph tables 3 hamper 3 dso reservation bdaspor 7 wl views gg externe resources 1 prog-ammabilty bs 4 ol service brokor 100 il storage bs resuts gl mesage: wi seasity camper number caneer frst name camper last name cs30sfroject rt. ns sead =f compcround2 2 oar ones wes datzoase diagrams ll tables we system tables wl filetobles mi extemal tables ml greph tables doo.camper dooreservation f doospor views 0 tens resources synonyms, w programmabiity ol serace broken query executed successiully. localhosf squixgress (15.0 winld __ campground 0000.00 3 roas",278,213,useful
v1,SQL,70,700.0,C:\NCKH\VIDEO_LEARNING_RESEARCH\data\processed\keyframes\v1\v1_00700s.png,"eee kt & Soe ®a<« &< =) Windows 10 x64 o LE SOLQueryé.sq!_ locelhostSOLEXPRESS.compground2 (DESKTOP STCUCTE\Win10 (S4iy"" Microsoft SOL Server Management Studio Quick Launch (Cerl+@ P- 8 x Fle Edt View Query Project Took Window Help @-0/S- a-Si | Anwany ALQLAA LGFH/9-C-|B\A _ BAe SD-,. $F | compgroura? - | Dente = v 38 M(B) 2 SN = =\ze\e. Obpect Explores SEEM SOL QuorySscl | TOUTE Wand sayy = X - Comer? ¥ Fa TGs -- Select campers who made reservations, this should have the same results as inner join she SSELECT CAWER.CANPER IRDWER, CAPER CAMPER FIRST NAME, CAMPER. CAMPER LAST MANE a = (B localhost SQLEXPRESS (SQL Server 15.0.2000 - DESI maa ~ — ~ & i Datsbases WHERE EXISTS + Ml System Databases SELECT + Ml Database Snapshots FROM RESERVATION = Campground wirre EE CAMPER MABER — CAMPER. CAPER OBER * lll Datsoase Diagrams = i Tables iti part identitier “RESERVATION.CAMPER_NUMBER™ could not 5e Sound. = Gi System Tables = Ol FileTables = a@ Extemal Tadbes = ai Graph Tables = 3 hamper = 3 dbo RESERVATION = Bdasror * View GG Externe! Resources © WE Syronyms 1 Prog-ammabilty ¥ ¥ Ml Service Brokor 100% 4 il Storage B Rests Gl Mesage: 4 li Seasity CAMPER NUMBER CAMPER FRST RANE CAMPER LAST NAME + @ asz0sPreject + OAT] ewe sea + Wrest 2 oF Pe fete 7) cround? 2 ter anes eomarss + @ Datsoase Diagrams = li Tables = Ml Systen Tables = Wl FaeTables = @ Extemal Tables = Ml Greph Tables = ¥ doo.CAMPER + ¥ Goo. RESERVATION = F do0spor + © Views * 0 Sterns! Resources * Synonyms, * 1 Programmabriny * ll Serace Srokes z x @ Query executed successtully- lacalhoshSQLEXPRESS [15.0 DESKTOP-STCUQTEAWin10 __ campground? 0000.00 3 roas ED Read: ln? <ol -0 Ch 10 NS","eee kt soe a< o le solquery .sq _ locelhostsolexpress.compground2 stcucte win10 (s4iy"" quick launch (cerl+ p- 8 x fle edt view query project took window help -0/s- a-si anwany alqlaa lgfh/9-c- b a _ bae sd- f compgroura dente v 38 m(b) 2 sn ze e. obpect explores seem sol quorysscl toute wand sayy x comer fa tgs select campers who made reservations, this should have the same results as inner join she sselect cawer.canper irdwer, caper camper first name, camper. camper last mane a (b sqlexpress (sql server 15.0.2000 desi maa i datsbases where exists ml system databases select ml database snapshots from reservation campground wirre ee camper maber camper. caper ober lll datsoase diagrams i tables iti part identitier reservation.camper_number could not 5e sound. gi system tables ol filetables a extemal tadbes ai graph tables 3 hamper 3 dbo reservation bdasror view gg externe resources we syronyms 1 prog-ammabilty ml service brokor 100 4 il storage b rests gl mesage: 4 li seasity camper number camper frst rane camper last name asz0spreject oat] ewe sea wrest 2 of pe fete 7) cround 2 ter anes eomarss datsoase diagrams li tables ml systen tables wl faetables extemal tables ml greph tables doo.camper goo. reservation f do0spor views 0 sterns resources synonyms, 1 programmabriny ll serace srokes z x query executed successtully- lacalhoshsqlexpress [15.0 __ campground 0000.00 3 roas ed read: ln <ol -0 ch 10 ns",304,238,useful
v1,SQL,71,710.0,C:\NCKH\VIDEO_LEARNING_RESEARCH\data\processed\keyframes\v1\v1_00710s.png,"eee it & Sos eoa<« &< =) Windows 10 x64 o xR SQLQuery@.sqi localhost\SQLEXPRESS.campground2 (DESKTOP STCUQTS\Win10 (S4i* Microsoft SOL Server Management Stucic Quick Launch (Ctrl+Q) Pe 8 xX Fle Edt View Query Project Took Window Help @-0/5- a-Si | Anway ALQLAA LFH\/9-C-|B\a a MF | mpg oun -|| Deecte sv 39 OB) 22 SN = =\zz\e. Obpect Explore: SEES SO QuerySscl | TOUGTEWintD Say"" + X - Comec> ¥ Fa TGs -- Select_caspers who made reservations, this should have the same results as inner join se = , = SELECT CAUPER CAMPER IADBER, CAMPER CANPER FIRS T_NAME, CAMPER CAMPER LAS! NAME . = © localhost SQLEXPRESS (SQL Server 18.0.2000 - DESI « FROM CA = Ml Databases tmiege cy TRE Multi part identifier “CAMPER CAMPER NUMBER"" could nat be bound = GB System Databases SELECT + @@ Database Snapshots FROM RESERVATION = © compground WHERE RESERVATION CAMPER MANBER - CAMPER. CAMPER MBER) ; # Ml Dataoase Diagrams ~ . = Mi Tables = Gi System Tables = Oi FileTables = a@ Etemal Tables = 0 Graph Tables = 3 hamper = BB dboRESERVATION = Bdasror . Views © GB Externe! Resources © ME Syoonyms 1 Prog-ammabilty . # Ol Service Brokor 100% - 4 tl Storage Bi fests Gl Mesage: # i Seamity CABPER NUMBER CANEER FRST NAME CAMPER LAST NAME + @ Os30sF reject + eg ase ios 4 Brest 2 oH Pe Steve = Wi campground2 2 1x One ecnass & @ Datzoase Diagrams = Mi Tables + Ml System Tables = @ FaeTables = @ Extemal Tadles = Ml Greph Tables = ¥ doo.CAMPER = ¥ dooRISERVATION = F doospor + © Views * O@ Eternal Resources * Synonyms * Progranmmabiiny al Serace Srokes ¥ ie > @ Query executed successtully localhosSQLEXERESS (15.0 DESKTOP-STCUQTS:Winl0 _ campground? 000000 3 roa:","eee it sos eoa< o xr sqlquery .sqi .campground2 stcuqts win10 (s4i* microsoft sol server management stucic quick launch (ctrl+q) pe 8 xx fle edt view query project took window help -0/5- a-si anway alqlaa lfh /9-c- b a a mf mpg oun deecte sv 39 ob) 22 sn zz e. obpect explore: sees so querysscl tougtewintd say"" x comec> fa tgs select_caspers who made reservations, this should have the same results as inner join se select cauper camper iadber, camper canper firs t_name, camper camper las name sqlexpress (sql server 18.0.2000 desi from ca ml databases tmiege cy tre multi part identifier camper camper number"" could nat be bound gb system databases select database snapshots from reservation compground where reservation camper manber camper. camper mber) ml dataoase diagrams mi tables gi system tables oi filetables a etemal tables 0 graph tables 3 hamper bb dboreservation bdasror views gb externe resources me syoonyms 1 prog-ammabilty ol service brokor 100 4 tl storage bi fests gl mesage: i seamity cabper number caneer frst name camper last name os30sf reject eg ase ios 4 brest 2 oh pe steve wi campground2 2 1x one ecnass datzoase diagrams mi tables ml system tables faetables extemal tadles ml greph tables doo.camper dooriservation f doospor views o eternal resources synonyms progranmmabiiny al serace srokes ie query executed successtully localhossqlexeress (15.0 :winl0 _ campground 3 roa:",302,230,useful
v1,SQL,72,720.0,C:\NCKH\VIDEO_LEARNING_RESEARCH\data\processed\keyframes\v1\v1_00720s.png,"eee i & S<- B oa<« &< >) Windows 10 x64 o LE SOLQuery@.sq_ localhost SQLEXPRESS cempground2 (DESKTOP STCUCTEWin10 (S4i}"" Microsoft SOL Server Management Studio Quick Launch (Cerl+Q) P- xX File Edt View Query Project Took Wincow Help @-0/5-o-Gi | Anwagy ALQLAA LGH\/9-C-|B\Aa - BPASE-, # | | campgouna2 + | Dente @ VES@(B) SRF SM = =| Fel By Object xplorer EEE SChQuerSscl | TOUQTEWintD (S4y"" = X ~ Ps -¥#e roe ++ Select campers who made reservations, this should have the same results as inner join ee = SELECT CAMPER CAMPER LPWER, CAMPER CAMPER FIRST NAME, CAMPER. CAMPER LAST MANE = = BB localmost\SQLEXPRESS (SQL Server 18.0.2000 - DESI « FROM CAPER ~ — ~ + Ml System Databases SELECT + @@ Database Snapshots FROM RESERVATION = WB Compgrouns WHERE RESCRVATION.CAMPIR MANGER - CAMPER. CAMPER MBER) ; + Wl Datadase Diagrams ~ = Mi Tables = ll System Tables = Wi FaeTables = aff Extemal Fabtes = a Graph Tables = 3 ho CAMPER = dba RESERVATION = Bdaspor + Views ® OS Externe! Resources, © GE Syronyms Ol Programmahilty . 4 I Service Brokor 100% # il Storage B Rests Gl Message: & @ Seamity (CAMPER NUMBER CAMPER FRST NAME CAMPER LAST NAME # 9 8305F reject a some + @ test 2 Pe Steve 7 =] c cund2 2 ‘eo Ores wnass & @ Datzoase Diagrams = Mi Tables = Ml Systen Tables \ = @ FileTobles = Ml Extemal Tables = Ml Greph Tables = ¥ doo.CAMPER + ¥ do0.RESERVATION = F doospor + © Views * 0 Sterns! Resources * Ef Synonyms * 0 Programmabiiny * Ol Serace Broker + < > @ Query executed successiully. localhosRSQUXERESS (15.0 DESKTOP-STCUQTS:Winld _ campground? 000000 3 -oas","eee i s< b oa< o le solquery .sq_ sqlexpress cempground2 stcuctewin10 (s4i} quick launch (cerl+q) p- xx file edt view query project took wincow help -0/5-o-gi anwagy alqlaa lgh /9-c- b aa bpase- campgouna2 dente ves (b) srf sm fel by object xplorer eee schquersscl touqtewintd (s4y"" x ps e roe select campers who made reservations, this should have the same results as inner join ee select camper camper lpwer, camper camper first name, camper. camper last mane bb localmost sqlexpress (sql server 18.0.2000 desi from caper ml system databases select database snapshots from reservation wb compgrouns where rescrvation.campir manger camper. camper mber) wl datadase diagrams mi tables ll system tables wi faetables aff extemal fabtes a graph tables 3 ho camper dba reservation bdaspor views os externe resources, ge syronyms ol programmahilty 4 i service brokor 100 il storage b rests gl message: seamity (camper number camper frst name camper last name 9 8305f reject a some test 2 pe steve 7 c cund2 2 eo ores wnass datzoase diagrams mi tables ml systen tables filetobles ml extemal tables ml greph tables doo.camper do0.reservation f doospor views 0 sterns resources ef synonyms 0 programmabiiny ol serace broker query executed successiully. localhosrsquxeress (15.0 :winld _ campground 3 -oas",290,209,useful
v1,SQL,73,730.0,C:\NCKH\VIDEO_LEARNING_RESEARCH\data\processed\keyframes\v1\v1_00730s.png,"ese i & Ao B oa<« &< =) Windows 10 x64 o CX SOLQueryé.sq! locelhostSQLEXPRESS.compgrounc2 (DESKTOP STCUCTEWin10 (S4i}* Microsoft SOL Server Management Studio Quick Launch (Cerl+Q) P- @ x File Edt View Query Project Took Wincow Help @-0/5-o-Sid| Anwagy ALQLAA LFH\/9-C-|B\Aa _ DBA SE-, © 9B | campgound? | D cecte © VSS GB) SRF SM = =| eel By Obpect Explorer EES SOQuerySscl | TOUGTEWintD Say"" = X ~ C -¥4a Gs -- Select campers who made reservations, this should have the same results as inner join + = SELECT CAMPER CAMPER MLPWER, CAMPER CAMPER FIRST NAME, CAMPER. CAMPER LAST MANE = = B localhostiSQLEXPRESS (SQL Server 15.0.2000 - DESI ~ FROM CAPERSCS~™S ~ ~ — ~ > Ml System: Databases SELECT 2 Wl Database Snapshots FROM RESERVATION = Campground WHERE RESERVATION CAMPER MUMBER — CAMPER. CAMPER NUMBER T + @ Dataoase Diagrams = @ Tables = Gi System Tables = Gi FileTables = a Extemal Tables = 0 Graph Tables = 3 hamper = 3B dbo RESERVATION FW View 7 Gi Externe! Resources 7 Ell Syronyms © Gl Progammahilty bel # Ml Service Brokor 100% # tl Storage BB Resuts Gl Mesage: + li Seasity CAMPER NUMBER CANEER FRST NAME CAMPER LAST NAME = fi campsround2 2 Cod Ome ones + @ Datzoase Diagrams = Mi Tables = Ml System Tables = @ FaeTables = @ Extemal Tadles = Gl Greph Tables = ¥ doo.CAMPER = ¥ dooRESERVATION = F doospor + © Views * O@ Eternal Resources + Synonyms * Of Programmabiity al Serace Srokex oo < > © Query executed successiully. localhosf SQUIXPRESS (15.0_ DESKTOP-STOUQTS\Winld _ campground? 000000 3 roas","ese i ao b oa< o cx solquery .sq locelhostsqlexpress.compgrounc2 stcuctewin10 (s4i} quick launch (cerl+q) p- x file edt view query project took wincow help -0/5-o-sid anwagy alqlaa lfh /9-c- b aa _ dba se- 9b campgound d cecte vss gb) srf sm eel by obpect explorer ees soquerysscl tougtewintd say"" x c 4a gs select campers who made reservations, this should have the same results as inner join select camper camper mlpwer, camper camper first name, camper. camper last mane b (sql server 15.0.2000 desi from caperscs s ml system: databases select 2 wl database snapshots from reservation campground where reservation camper mumber camper. camper number t dataoase diagrams tables gi system tables gi filetables a extemal tables 0 graph tables 3 hamper 3b dbo reservation fw view 7 gi externe resources 7 ell syronyms gl progammahilty bel ml service brokor 100 tl storage bb resuts gl mesage: li seasity camper number caneer frst name camper last name fi campsround2 2 cod ome ones datzoase diagrams mi tables ml system tables faetables extemal tadles gl greph tables doo.camper dooreservation f doospor views o eternal resources synonyms of programmabiity al serace srokex oo query executed successiully. localhosf squixpress (15.0_ winld _ campground 3 roas",274,204,useful
v2,Python,0,0.0,C:\NCKH\VIDEO_LEARNING_RESEARCH\data\processed\keyframes\v2\v2_00000s.png,Xe) a KeXe) of ay Mosh Hamedani codewithmosh.com = @moshhamedani ee,xe) a kexe) of ay moshhamedani ee,11,7,useful
v2,Python,1,10.0,C:\NCKH\VIDEO_LEARNING_RESEARCH\data\processed\keyframes\v2\v2_00010s.png,"io = » o @ app.py x >-m- CH a L . Python 3.7.0 64-bit @0 AO Python: Current File (Integrated Terminal) (HelloWorld) (J Installing packages... Ln1,Col1 Spaces:2 UTF-8 LF Python @ A2 |;",io o app.py x -m- ch a l python 3.7.0 64-bit 0 ao python: (integrated terminal) (helloworld) (j lf python a2,34,21,useful
v2,Python,2,20.0,C:\NCKH\VIDEO_LEARNING_RESEARCH\data\processed\keyframes\v2\v2_00020s.png,"io 1 PY @ app.py e > 0 one iS 1 print (""Sending}"") | ¥ CH a a L | Python 3.7.0 64-bit @0 AO Python: Current File (Integrated Terminal) (HelloWorld) (J Installing packages... Ln1,Col15 Spaces:2 UTF-8 LF Python @ 2 |;","io 1 py app.py e 0 one is 1 print ""sending} ch a a l python 3.7.0 64-bit 0 ao python: (integrated terminal) (helloworld) (j lf python 2",42,28,useful
v2,Python,3,30.0,C:\NCKH\VIDEO_LEARNING_RESEARCH\data\processed\keyframes\v2\v2_00030s.png,"2 tery 5 > om sah p 1 print(""Sending a message"") 2 print(""Sending a message"") © 3 print(""Sending a message"") il ¥ 4 \print(""Sending a message"") cr oe | %® . Python 3.7.0 64-bit @0 A0 Python: Current File (Integrated Terminal) (HelloWorld) (J Installing packages... Ln 4,Col1 Spaces:2 UTF-8 LF Python @ A2 |;","2 tery 5 om sah p 1 print(""sending a message"" 2 print(""sending a message"" 3 print(""sending a message"" il 4 print(""sending a message"" cr oe python 3.7.0 64-bit 0 a0 python: (integrated terminal) (helloworld) (j lf python a2",54,38,useful
v2,Python,4,40.0,C:\NCKH\VIDEO_LEARNING_RESEARCH\data\processed\keyframes\v2\v2_00040s.png,"2 @ app.py e > =) 2 1 fo r| | == for ® [1 for re @ format CH [1for/else wo =: from *z frozenset [1] async/for [] async/for/else #3 FileNotFoundError 3 FileExistsError *z FloatingPointError % | . Python 3.7.0 64-bit ©0440 ‘Python: Current File (Integrated Terminal) (HelloWorld) (2] Installing packages... Ln1,Col4 Spaces:2 UTF-8 LF Python @ @2 ;",2 app.py e 2 1 fo r for [1 for re format ch [1for/else wo from *z frozenset [1] async/for async/for/else 3 filenotfounderror 3 fileexistserror *z floatingpointerror python 3.7.0 64-bit 0440 python: (integrated terminal) (helloworld) (2] lf python 2,60,39,useful
v2,Python,5,50.0,C:\NCKH\VIDEO_LEARNING_RESEARCH\data\processed\keyframes\v2\v2_00050s.png,"2 ‘@ app.py @ > wo = 1 for number in ran 3 | 6 ge{((3)| a | ® range(stop) -> range object ¥ | | ~ param stop ‘range(start, stop[, step]) -> range wo : object cs | . Python 3.7.0 64-bit @0 AO Python: Current File (Integrated Terminal) (HelloWorld) (J Installing packages... Ln1,Col22 Spaces:2 UTF-8 LF Python @ A2 |;","2 app.py wo 1 for number in ran 3 6 ge{ (3) a range(stop) range object param stop range(start, stop[ step] range wo object cs python 3.7.0 64-bit 0 ao python: (integrated terminal) (helloworld) (j lf python a2",62,38,useful
v2,Python,6,60.0,C:\NCKH\VIDEO_LEARNING_RESEARCH\data\processed\keyframes\v2\v2_00060s.png,"i 2 > FY @ app.py @ > o - D 1 for number in range(3): i ® ae ¥ CH a a a . Python 3.7.0 64-bit @0 A0 Python: Current File (Integrated Terminal) (HelloWorld) (J Installing packages... Ln2,Col3 Spaces:2 UTF-8 LF Python @ 2 |;",i 2 fy app.py o d 1 for number in range(3) i ae ch a a a python 3.7.0 64-bit 0 a0 python: (integrated terminal) (helloworld) (j lf python 2,47,30,useful
v2,Python,7,70.0,C:\NCKH\VIDEO_LEARNING_RESEARCH\data\processed\keyframes\v2\v2_00070s.png,"(A @ app.py e > O ss D 1 for number in range(3): I 2 | print(""Attempt}') © “s CH wo * L| . Python 3.7.0 64-bit @0 A0 Python: Current File (Integrated Terminal) (HelloWorld) (J Installing packages... Ln 2,Col17 Spaces:2 UTF-8 LF Pythn @ @2 ,","(a app.py e o ss d 1 for number in range(3) i 2 print(""attempt} s ch wo l python 3.7.0 64-bit 0 a0 python: (integrated terminal) (helloworld) (j lf pythn 2",47,31,useful
v2,Python,8,80.0,C:\NCKH\VIDEO_LEARNING_RESEARCH\data\processed\keyframes\v2\v2_00080s.png,"fi) @ app.py x > mn OUTPUT: ---) (ana ,* = ff ' p 1 for number in range(3): Attempt ) prin emp emp 2 int (""Att t"") Att t © 3 Attempt Ws [a i ws A LI . Python 3.7.0 64-bit @0 A0 Python: Current File (Integrated Terminal) (HelloWorld) (J Installing packages... Ln2,Col19 Spaces:2 UTF-8 LF Python @ @2 ,","fi) app.py x mn output: (ana ff p 1 for number in range(3) attempt prin emp emp 2 int ""att t"" att t 3 attempt ws [a i ws a li python 3.7.0 64-bit 0 a0 python: (integrated terminal) (helloworld) (j lf python 2",62,44,useful
v2,Python,9,90.0,C:\NCKH\VIDEO_LEARNING_RESEARCH\data\processed\keyframes\v2\v2_00090s.png,"fy @ app.py x > m OUTPUT: -:- | ou * = ef 2 js 1 for number in range(3): Attempt 2 print|(""Attempt"", number)| Attempt © 3 Attempt us [a i a c a . Python 3.7.0 64-bit @0 A0 Python: Current File (Integrated Terminal) (HelloWorld) (J Installing packages... Ln2,Col28 Spaces:2 UTF-8 LF Pythn @ @2 ,","fy app.py x m output: ou ef 2 js 1 for number in range(3) attempt 2 print ""attempt"" number) attempt 3 attempt us [a i a c a python 3.7.0 64-bit 0 a0 python: (integrated terminal) (helloworld) (j lf pythn 2",57,41,useful
v2,Python,10,100.0,C:\NCKH\VIDEO_LEARNING_RESEARCH\data\processed\keyframes\v2\v2_00100s.png,"i) @ app.py x > La OUTPUT: “=< (Cat ,* = Ff "" 2 1 for number in range(3): Attempt 0 2 print(""Attempt"", number) Attempt 1 © 3 I Attempt 2 ¥ [a ji a a i) . Python 3.7.0 64-bit @0 AO Python: Current File (Integrated Terminal) (HelloWorld) (J Installing packages... Ln 2, Col 29 (52 selected) Spaces:2 UTF-8 LF Python @ A2 |;","i) app.py x la output: (cat ff 2 1 for number in range(3) attempt 0 2 print(""attempt"" number) attempt 1 3 i attempt 2 [a ji a a i) python 3.7.0 64-bit 0 ao python: (integrated terminal) (helloworld) (j (52 selected) lf python a2",65,44,useful
v2,Python,11,110.0,C:\NCKH\VIDEO_LEARNING_RESEARCH\data\processed\keyframes\v2\v2_00110s.png,"i) @ app.py x > mo 7” OUTPUT: “-:- (cone 7 = , Q 1 for number in range(3): Attempt 0 2 print(""Attempt"", number) | Attempt 1 l © 3 Attempt 2x ‘s CH a * L| . Python 3.7.0 64-bit @0 A0 Python: Current File (Integrated Terminal) (HelloWorld) (J Installing packages... Ln 1, Col 11(6 selected) Spaces:2 UTF-8 LF Python @ A2 |;","i) app.py x mo 7 output: (cone 7 q 1 for number in range(3) attempt 0 2 print(""attempt"" number) attempt 1 l 3 attempt 2x s ch a l python 3.7.0 64-bit 0 a0 python: (integrated terminal) (helloworld) (j (6 selected) lf python a2",64,44,useful
v2,Python,12,120.0,C:\NCKH\VIDEO_LEARNING_RESEARCH\data\processed\keyframes\v2\v2_00120s.png,"fi) @ app.py x > mn OUTPUT: “-:- (Cou 7 = oo 6 1 for number in range(3): Attempt 1| 2. print|(""Attempt"", number + 1) Attempt 2. 1 © 3 Attempt 3 ¥ CH wo * a . Python 3.7.0 64-bit @0 A0 Python: Current File (Integrated Terminal) (HelloWorld) (J Installing packages... Ln2,Col32 Spaces:2 UTF-8 LF Python @ A2 |","fi) app.py x mn output: (cou 7 oo 6 1 for number in range(3) attempt 1 2. print ""attempt"" number 1) attempt 2. 1 3 attempt 3 ch wo a python 3.7.0 64-bit 0 a0 python: (integrated terminal) (helloworld) (j lf python a2",60,43,useful
v2,Python,13,130.0,C:\NCKH\VIDEO_LEARNING_RESEARCH\data\processed\keyframes\v2\v2_00130s.png,"2 @ app.py e > Oo S p 1 for number in range(3): 2 print(""Attempt"", number + 1, ))| l ® 3 Uw CH wo A a . Python 3.7.0 64-bit @0 AO Python: Current File (Integrated Terminal) (HelloWorld) (J Installing packages... Ln2,Col34 Spaces:2 UTF-8 LF Python @ 2 |","2 app.py e oo s p 1 for number in range(3) 2 print(""attempt"" number 1, l 3 uw ch wo a a python 3.7.0 64-bit 0 ao python: (integrated terminal) (helloworld) (j lf python 2",50,35,useful
v2,Python,14,140.0,C:\NCKH\VIDEO_LEARNING_RESEARCH\data\processed\keyframes\v2\v2_00140s.png,"2 @ app.py e@ >» O =) & 1 for number in range(3): | 2 print(""Attempt"", number + 1, number + 1) | © 3 ¥ CH a Ga *e . Python 3.7.0 64-bit @0 AO Python: Current File (Integrated Terminal) (HelloWorld) (J Installing packages... Ln 2, Col 34 (10 selected) Spaces:2 UTF-8 LF Python @ 2 |;","2 app.py e o 1 for number in range(3) 2 print(""attempt"" number 1, number 1) 3 ch a ga *e python 3.7.0 64-bit 0 ao python: (integrated terminal) (helloworld) (j (10 selected) lf python 2",58,35,useful
v2,Python,15,150.0,C:\NCKH\VIDEO_LEARNING_RESEARCH\data\processed\keyframes\v2\v2_00150s.png,"2 @ app.py e > om =) ie 1 for number in range(3): 2 print(""Attempt"", number + 1, (number + 1) x ""."") © 3 ie CH we * ou . Python 3.7.0 64-bit @0 AO Python: Current File (Integrated Terminal) (HelloWorld) (J Installing packages... Ln 2, Col 45 (1 selected) Spaces:2 UTF-8 LF Python @ 2 |;","2 app.py e om ie 1 for number in range(3) 2 print(""attempt"" number 1, (number 1) x 3 ie ch we ou python 3.7.0 64-bit 0 ao python: (integrated terminal) (helloworld) (j (1 selected) lf python 2",58,37,useful
v2,Python,16,160.0,C:\NCKH\VIDEO_LEARNING_RESEARCH\data\processed\keyframes\v2\v2_00160s.png,"fi) @ app.py x > m- output see Code ) = x p 1 for number in range(3): _| Attempt 1. } 2 print(""Attempt"", number + 1, (nun ; Attempt 2 .. © 3 Attempt 3 ... ¥ [a fo ws “5 a . Python 3.7.0 64-bit @0A0 Python: Current File (Integrated Terminal) (HelloWorld) (J Installing packages... Ln2,Col33 Spaces:2 UTF-8 LF Pythn @ @2 ,","fi) app.py x m- output see code x p 1 for number in range(3) _ attempt 1. 2 print(""attempt"" number 1, (nun attempt 2 3 attempt 3 [a fo ws 5 a python 3.7.0 64-bit 0a0 python: (integrated terminal) (helloworld) (j lf pythn 2",65,44,useful
v2,Python,17,170.0,C:\NCKH\VIDEO_LEARNING_RESEARCH\data\processed\keyframes\v2\v2_00170s.png,"fi) @ app.py x > a) 2 1 for number in range(B): | 2 print(""Attempt"", number + 1, (number + 1) x ""."") ) 3 We CH Pd . b> . Python 3.7.0 64-bit @0 A0 Python: Current File (Integrated Terminal) (HelloWorld) (J Installing packages... Ln 1, Col 21 (1 selected) Spaces:2 UTF-8 LF Python @ A2 |","fi) app.py x a) 2 1 for number in range(b) 2 print(""attempt"" number 1, (number 1) x 3 we ch pd b> python 3.7.0 64-bit 0 a0 python: (integrated terminal) (helloworld) (j (1 selected) lf python a2",58,37,useful
v2,Python,18,180.0,C:\NCKH\VIDEO_LEARNING_RESEARCH\data\processed\keyframes\v2\v2_00180s.png,"2 ‘@ app.py e > =) 3B 1 for number in range(1, 4): / | 2 print(""Attempt"", number + 1, (number + 1) x ""."") © 3 ve CH Pd % a . Python 3.7.0 64-bit @0 AO Python: Current File (Integrated Terminal) (HelloWorld) (J Installing packages... Ln2, Col 26 Spaces:2 UTF-8 LF Python @ A2 |","2 app.py e 3b 1 for number in range(1, 4) 2 print(""attempt"" number 1, (number 1) x 3 ve ch pd a python 3.7.0 64-bit 0 ao python: (integrated terminal) (helloworld) (j lf python a2",57,35,useful
v2,Python,19,190.0,C:\NCKH\VIDEO_LEARNING_RESEARCH\data\processed\keyframes\v2\v2_00190s.png,"2 @ app.py e > sa p 1 for number in range(1, 4): t 2 _ print(""Attempt"", number, number * ""."") ® 3 @~ number i ue CH wo a % . Python 3.7.0 64-bit @0 AO Python: Current File (Integrated Terminal) (HelloWorld) (J Installing packages... Ln2,Col36 Spaces:2 UTF-8 LF Python @ A2 |;","2 app.py e sa p 1 for number in range(1, 4) t 2 _ print(""attempt"" number, number 3 number i ue ch wo a python 3.7.0 64-bit 0 ao python: (integrated terminal) (helloworld) (j lf python a2",54,37,useful
v2,Python,20,200.0,C:\NCKH\VIDEO_LEARNING_RESEARCH\data\processed\keyframes\v2\v2_00200s.png,"i) @ app.py =x a ve p 1 for number in range(1, 4): 2 print(""Attempt"", number, number * ""."") © 3 ¥ CH ws *. a . Python 3.7.0 64-bit @0 A0 Python: Current File (Integrated Terminal) (HelloWorld) (J Installing packages... Ln 1, Col 24 (1 selected) Spaces:2 UTF-8 LF Python @ A2 |;","i) app.py =x a ve p 1 for number in range(1, 4) 2 print(""attempt"" number, number 3 ch ws a python 3.7.0 64-bit 0 a0 python: (integrated terminal) (helloworld) (j (1 selected) lf python a2",54,35,useful
v2,Python,21,210.0,C:\NCKH\VIDEO_LEARNING_RESEARCH\data\processed\keyframes\v2\v2_00210s.png,"i) @ app.py x > mo oureur , = Ff "" 2 1 for number in range(|1, 10, 2): Attempt 1. 2 print(""Attempt"", number, number + | Attempt 3 ... © 3 Attempt 5 ..... Ms Attempt 7 .sseees CH Attempt 9, = L . Python 3.7.0 64-bit ©0440 ‘Python: Current File (Integrated Terminal) (HelloWorld) (2J Installing packages... Ln1,Col29 Spaces:2 UTF-8 LF Python @ @2 ,","i) app.py x mo oureur ff 2 1 for number in range( 1, 10, 2) attempt 1. 2 print(""attempt"" number, number attempt 3 3 attempt 5 ms attempt 7 .sseees ch attempt 9, l python 3.7.0 64-bit 0440 python: (integrated terminal) (helloworld) (2j lf python 2",66,46,useful
v2,Python,22,220.0,C:\NCKH\VIDEO_LEARNING_RESEARCH\data\processed\keyframes\v2\v2_00220s.png,"For..Else "" Mosh Hamedani — codewithmosh.com ‘ @moshhamedani ee",for..else moshhamedani ee,9,3,useful
v2,Python,23,230.0,C:\NCKH\VIDEO_LEARNING_RESEARCH\data\processed\keyframes\v2\v2_00230s.png,"fi) @ app.py x > as p 1 for number in range(3): 2 print(""Attempt"") rh ® 3 | W CH ws a ) . Python 3.7.0 64-bit @0 AO Python: Current File (Integrated Terminal) (HelloWorld) (J Installing packages... Ln3,Col1 Spaces:2 UTF-8 LF Python @ @2 ;","fi) app.py x as p 1 for number in range(3) 2 print(""attempt"" rh 3 w ch ws a python 3.7.0 64-bit 0 ao python: (integrated terminal) (helloworld) (j lf python 2",46,31,useful
v2,Python,24,240.0,C:\NCKH\VIDEO_LEARNING_RESEARCH\data\processed\keyframes\v2\v2_00240s.png,"fi) @ app.py x > oS =) is 1 for number in range(3): t 2 | print(""Attempt"") ® 3 Ms CH ws % > | . Python 3.7.0 64-bit ©0440 _‘ Python: Current File (Integrated Terminal) (HelloWorld) (2] Installing packages... Ln 2, Col 1(21 selected) Spaces:2 UTF-8 LF Python @ @2 |","fi) app.py x os is 1 for number in range(3) t 2 print(""attempt"" 3 ms ch ws python 3.7.0 64-bit 0440 _ python: (integrated terminal) (helloworld) (2] (21 selected) lf python 2",52,32,useful
v2,Python,25,250.0,C:\NCKH\VIDEO_LEARNING_RESEARCH\data\processed\keyframes\v2\v2_00250s.png,"(A @ app.py e > al 2 1 successful = True 2 for number in range(3): © 3 print (""Attempt"") ¥ 4 CH wo a % . Python 3.7.0 64-bit @0 A0 Python: Current File (Integrated Terminal) (HelloWorid) 4 Installing packages... Ln1, Col18 Spaces:2 UTF-8 LF Python @ A2 |","(a app.py e al 2 1 successful true 2 for number in range(3) 3 print ""attempt"" 4 ch wo a python 3.7.0 64-bit 0 a0 python: (integrated terminal) (helloworid) 4 lf python a2",50,33,useful
v2,Python,26,260.0,C:\NCKH\VIDEO_LEARNING_RESEARCH\data\processed\keyframes\v2\v2_00260s.png,"2 @ app.py e > ca = | 2 1 successful = True 2 for number in range(3): © 3 print (""Attempt"") f ¥ 4 if successful: ce 5 | wo 6 % >| | Python 3.7.0 64-bit @0 A0 Python: Current File (Integrated Terminal) (HelloWorld) (J Installing packages... Ln 5, Col7 Spaces:2 UTF-8 LF Pythn @ @2 ,","2 app.py e ca 2 1 successful true 2 for number in range(3) 3 print ""attempt"" f 4 if successful: ce 5 wo 6 python 3.7.0 64-bit 0 a0 python: (integrated terminal) (helloworld) (j lf pythn 2",59,37,useful
v2,Python,27,270.0,C:\NCKH\VIDEO_LEARNING_RESEARCH\data\processed\keyframes\v2\v2_00270s.png,"2 @ app.py @ > a vee 2 1 successful = True | 2 for number in range(3): ® 3 print (""Attempt"") ¥ 4 if successful: ~ cH 5 print(""Successful"") we 3) | break 7 % > | | Python 3.7.0 64-bit 040 _ Python: Current File (Integrated Terminal) (HelloWorld) C4 Installing packages... Ln6,Col12 Spaces:2 UTF-8 LF Pythn @ @2 ,","2 app.py a vee 2 1 successful true 2 for number in range(3) 3 print ""attempt"" 4 if successful: ch 5 print(""successful"" we 3) break 7 python 3.7.0 64-bit 040 _ python: (integrated terminal) (helloworld) c4 lf pythn 2",61,39,useful
v2,Python,28,280.0,C:\NCKH\VIDEO_LEARNING_RESEARCH\data\processed\keyframes\v2\v2_00280s.png,"i) @ app.py x > Oo =a Q 1 successful = True 2 for number in range(3): ® 3 print (""Attempt"") us 4 if successful: - cH 5 print(""Successful"") we 3) | break 4 I | ) . Python 3.7.0 64-bit @0 A0 Python: Current File (Integrated Terminal) (HelloWorld) (J Installing packages... Ln6,Col14 Spaces:2 UTF-8 LF Python @ 2 |","i) app.py x oo =a q 1 successful true 2 for number in range(3) 3 print ""attempt"" us 4 if successful: ch 5 print(""successful"" we 3) break 4 i python 3.7.0 64-bit 0 a0 python: (integrated terminal) (helloworld) (j lf python 2",60,42,useful
v2,Python,29,290.0,C:\NCKH\VIDEO_LEARNING_RESEARCH\data\processed\keyframes\v2\v2_00290s.png,"i) @ app.py x > Oo = J) 1 successful = True eI 2 for number in range(3): © 3 print(""Attempt"") “s 4 if successful: cH 5 print(""Successful"") we 6 break 4 | %® . Python 3.7.0 64-bit ©0440 _— Python: Current File (Integrated Terminal) (HelloWorld) (2 Installing packages... Ln2,Col24 Spaces:2 UTF-8 LF Pythn @ @2 ,","i) app.py x oo j) 1 successful true ei 2 for number in range(3) 3 print(""attempt"" s 4 if successful: ch 5 print(""successful"" we 6 break 4 python 3.7.0 64-bit 0440 _ python: (integrated terminal) (helloworld) (2 lf pythn 2",57,40,useful
v2,Python,30,300.0,C:\NCKH\VIDEO_LEARNING_RESEARCH\data\processed\keyframes\v2\v2_00300s.png,"i) @ app.py x > il J) 1 successful = True 2 for number in range(3): © 3 print (""Attempt"") i s 4 if successful: cH 5 print(""Successful"") we 6 break 7 L | ) . Python 3.7.0 64-bit @0 A0 Python: Current File (Integrated Terminal) (HelloWorld) (J Installing packages... Ln 4, Col 5 (14 selected) Spaces:2 UTF-8 LF Python @ M2","i) app.py x il j) 1 successful true 2 for number in range(3) 3 print ""attempt"" i s 4 if successful: ch 5 print(""successful"" we 6 break 7 l python 3.7.0 64-bit 0 a0 python: (integrated terminal) (helloworld) (j (14 selected) lf python m2",62,44,useful
v2,Python,31,310.0,C:\NCKH\VIDEO_LEARNING_RESEARCH\data\processed\keyframes\v2\v2_00310s.png,"i) @ app.py x > = Q 1 successful = True 2 for number in range(3): © 3 print (""Attempt"") i s 4 if successful: cH 5 print(""Successful"") wo 6 break ; L | ) . Python 3.7.0 64-bit @0 AO Python: Current File (Integrated Terminal) (HelloWorld) (J Installing packages... Ln 4, Col19 (14 selected) Spaces:2 UTF-8 LF Python @ M2 |,","i) app.py x q 1 successful true 2 for number in range(3) 3 print ""attempt"" i s 4 if successful: ch 5 print(""successful"" wo 6 break l python 3.7.0 64-bit 0 ao python: (integrated terminal) (helloworld) (j (14 selected) lf python m2",62,42,useful
v2,Python,32,320.0,C:\NCKH\VIDEO_LEARNING_RESEARCH\data\processed\keyframes\v2\v2_00320s.png,"i) @ app.py x > ae =a 2 1 successful = True | 2 for number in range(3): © 3 print(""Attempt"") i ¥ 4 if successful: cH 5 print(""Successful"") we 6 break : L | ) . Python 3.7.0 64-bit @0 A0 Python: Current File (Integrated Terminal) (HelloWorld) (J Installing packages... Ln 4, Col19 (14 selected) Spaces:2 UTF-8 LF Python @ M2 |","i) app.py x ae =a 2 1 successful true 2 for number in range(3) 3 print(""attempt"" i 4 if successful: ch 5 print(""successful"" we 6 break l python 3.7.0 64-bit 0 a0 python: (integrated terminal) (helloworld) (j (14 selected) lf python m2",63,42,useful
v2,Python,33,330.0,C:\NCKH\VIDEO_LEARNING_RESEARCH\data\processed\keyframes\v2\v2_00330s.png,"2 @ app.py @ > ue ve Q 1 successful = False | 2 for number in range(3): © 3 print (""Attempt"") ¥ 4 if successful: ch 5 print (""Successful"") | we 6 break 7 | | ) . Python 3.7.0 64-bit ©0440 _‘ Python: Current File (Integrated Terminal) (HelloWorld) (2 Installing packages... Ln7,Col1 Spaces:2 UTF-8 LF Python @ M2 ,","2 app.py ue ve q 1 successful false 2 for number in range(3) 3 print ""attempt"" 4 if successful: ch 5 print ""successful"" we 6 break 7 python 3.7.0 64-bit 0440 _ python: (integrated terminal) (helloworld) (2 lf python m2",61,40,useful
v2,Python,34,340.0,C:\NCKH\VIDEO_LEARNING_RESEARCH\data\processed\keyframes\v2\v2_00340s.png,"2 @ app.py e > =e 2 1 successful = False ui 2 for number in range(3): ® 3 print (""Attempt"") ¥ 4 if successful: cH 5 print(""Successful"") we 6 break 7 else: S J a % . Python 3.7.0 64-bit @0 A0 Python: Current File (Integrated Terminal) (HelloWorid) Installing packages... Ln 2, Col 24 (23 selected) Spaces:2 UTF-8 LF Python @ A2 |","2 app.py e =e 2 1 successful false ui 2 for number in range(3) 3 print ""attempt"" 4 if successful: ch 5 print(""successful"" we 6 break 7 else: s j a python 3.7.0 64-bit 0 a0 python: (integrated terminal) (helloworid) (23 selected) lf python a2",64,45,useful
v2,Python,35,350.0,C:\NCKH\VIDEO_LEARNING_RESEARCH\data\processed\keyframes\v2\v2_00350s.png,"2 @ apppy © > ES vo 2 1 successful = False | 2 for number in range(3): © 3 print (""Attempt"") rs) 4 if successful: cH 5 print(""Successful"") - we 6 break 7 else: 8 | pri @ print i 3 property *z ProcessLookupError #3 PermissionError PP *z PendingDeprecationWarn i) . Python 3.7.0 64-bit ©0240 ‘Python: Current File (Integrated Terminal) (HelloWorld) (2J Installing packages... Ln 8, Col6 Spaces:2 UTF-8 LF Pythn @ @2 ,","2 apppy es vo 2 1 successful false 2 for number in range(3) 3 print ""attempt"" rs) 4 if successful: ch 5 print(""successful"" we 6 break 7 else: 8 pri print i 3 property *z processlookuperror 3 permissionerror pp *z pendingdeprecationwarn i) python 3.7.0 64-bit 0240 python: (integrated terminal) (helloworld) (2j lf pythn 2",75,54,useful
v2,Python,36,360.0,C:\NCKH\VIDEO_LEARNING_RESEARCH\data\processed\keyframes\v2\v2_00360s.png,"A @ apppy x > m -~| ourur .. Code -een<cax. (6 1 successful = False | Attempt 2 for number in range(3): Attempt © 3 print(""Attempt"") Attempt ¥ 4 if successful: Attempted 3 times and failed fa 5 print (""Successfi - wo 6 break i 7 else: 8 print(""Attempted 3 - 9 | ) . Python 3.7.0 64-bit ©0440 ‘Python: Current File (Integrated Terminal) (HelloWorld) (2J Installing packages... Ln 8 Col40 Spaces:2 UTF-8 LF Python @ @2 ,","a apppy x m ourur code -een<cax. (6 1 successful false attempt 2 for number in range(3) attempt 3 print(""attempt"" attempt 4 if successful: attempted 3 times and failed fa 5 print ""successfi wo 6 break i 7 else: 8 print(""attempted 3 9 python 3.7.0 64-bit 0440 python: (integrated terminal) (helloworld) (2j lf python 2",79,55,useful
v2,Python,37,370.0,C:\NCKH\VIDEO_LEARNING_RESEARCH\data\processed\keyframes\v2\v2_00370s.png,"2 @ app.py © > i = Q 1 successful = True| . 2 for number in ran =: True © 3 print (""Attempt"") “s 4 if successful: cH 5 print(""Successful"") we 6 break 7 else: 8 print(""Attempted 3 times and failed"") ) L %® . Python 3.7.0 64-bit ©0440 ‘Python: Current File (Integrated Terminal) (HelloWorld) (21 Installing packages... Ln1,Col18 Spaces:2 UTF-8 LF Pythn @ @2 ,","2 app.py i q 1 successful true 2 for number in ran true 3 print ""attempt"" s 4 if successful: ch 5 print(""successful"" we 6 break 7 else: 8 print(""attempted 3 times and failed"" l python 3.7.0 64-bit 0440 python: (integrated terminal) (helloworld) (21 lf pythn 2",67,47,useful
v2,Python,38,380.0,C:\NCKH\VIDEO_LEARNING_RESEARCH\data\processed\keyframes\v2\v2_00380s.png,"A @ app.py x > mm | prongs ourPuT Code +See oO < oK S 1 successful = True Attempt | 2 for number in range(3): Successful © 3 print (""Attempt"") | uf 4 if successful: cH 5 print (""Successf I we 6 break 7 else: 3} print(""Attempted 3 | 9 * o . Python 3.7.0 64-bit ©0440 ‘Python: Current File (Integrated Terminal) (HelloWorld) 2] Installing packages... Ln7,Col1 Spaces:2 UTF-8 LF Python @ @2","a app.py x mm prongs ourput code +see oo ok s 1 successful true attempt 2 for number in range(3) successful 3 print ""attempt"" uf 4 if successful: ch 5 print ""successf i we 6 break 7 else: 3} print(""attempted 3 9 o python 3.7.0 64-bit 0440 python: (integrated terminal) (helloworld) 2] lf python 2",74,55,useful
v2,Python,39,390.0,C:\NCKH\VIDEO_LEARNING_RESEARCH\data\processed\keyframes\v2\v2_00390s.png,"i = ~ hh) @ app.py x >m- CH a L | Python 3.7.0 64-bit @0 AO Python: Current File (Integrated Terminal) (HelloWorld) (J Installing packages... Ln1,Col1 Spaces:2 UTF-8 LF Python @ A2 |;",i hh) app.py x >m- ch a l python 3.7.0 64-bit 0 ao python: (integrated terminal) (helloworld) (j lf python a2,34,21,useful
v2,Python,40,400.0,C:\NCKH\VIDEO_LEARNING_RESEARCH\data\processed\keyframes\v2\v2_00400s.png,"io = ™~ PF) ery x [> las CH SUBSCRIBE i) . Python 3.7.0 64-bit @0 A0 Python: Current File (Integrated Terminal) (HelloWorld) (J Installing packages... Ln1,Col1 Spaces:2 UTF-8 LF Python @ A2 |;",io pf) ery x las ch subscribe i) python 3.7.0 64-bit 0 a0 python: (integrated terminal) (helloworld) (j lf python a2,34,21,useful
v2,Python,41,410.0,C:\NCKH\VIDEO_LEARNING_RESEARCH\data\processed\keyframes\v2\v2_00410s.png,"o > PY @ app.py e >-m p 1 for x in range(5): ® 2 LU 1 CH wo * L| . Python 3.7.0 64-bit @0 A0 Python: Current File (Integrated Terminal) (HelloWorld) (J Installing packages... Ln2,Col3 Spaces:2 UTF-8 LF Python @ A2 |",o py app.py e -m p 1 for x in range(5) 2 lu 1 ch wo l python 3.7.0 64-bit 0 a0 python: (integrated terminal) (helloworld) (j lf python a2,44,30,useful
v2,Python,42,420.0,C:\NCKH\VIDEO_LEARNING_RESEARCH\data\processed\keyframes\v2\v2_00420s.png,"2 @ app.py e > ae =i) 1 for x in range(5): ye) ; 2 for y in range(3): LI ® 3 pr i == pass cH & pow wo @ print #3 property [_] pdb [ 1 pudb #z PendingDeprecat ionWarn *z PermissionError #z; ProcessLookupError oS i) . Python 3.7.0 64-bit ©0440 ‘Python: Current File (Integrated Terminal) (HelloWorld) (2] Installing packages... Ln3,Col7 Spaces:2 UTF-8 LF Pythn @ @2 ,",2 app.py e ae =i) 1 for x in range(5) ye) 2 for y in range(3) li 3 pr i pass ch pow wo print 3 property [_] pdb 1 pudb z pendingdeprecat ionwarn *z permissionerror z; processlookuperror os i) python 3.7.0 64-bit 0440 python: (integrated terminal) (helloworld) (2] lf pythn 2,70,52,useful
v2,Python,43,430.0,C:\NCKH\VIDEO_LEARNING_RESEARCH\data\processed\keyframes\v2\v2_00430s.png,"8 @ apppy @ a a p 1 for x in range(5): 2 for y in range(3): z © 3. sprint ('"""""") W CH ws % a . Python 3.7.0 64-bit @0 A0 Python: Current File (Integrated Terminal) (HelloWorld) (J Installing packages... Ln3,Col13 Spaces:2 UTF-8 LF Python @ @2 ,",8 apppy a a p 1 for x in range(5) 2 for y in range(3) z 3. sprint w ch ws a python 3.7.0 64-bit 0 a0 python: (integrated terminal) (helloworld) (j lf python 2,50,35,useful
v2,Python,44,440.0,C:\NCKH\VIDEO_LEARNING_RESEARCH\data\processed\keyframes\v2\v2_00440s.png,"2 f@ app.py e > ae =) ie 1 for x in range(5): 2 for y in range(3): © 3 print(f""({xt, Hy})"") I Ms CH ws % a . Python 3.7.0 64-bit @0 AO Python: Current File (Integrated Terminal) (HelloWorld) (J Installing packages... Ln 3, Col21 Spaces:2 UTF-8 LF Python @ @2 ,","2 f app.py e ae ie 1 for x in range(5) 2 for y in range(3) 3 print(f"" {xt, hy} i ms ch ws a python 3.7.0 64-bit 0 ao python: (integrated terminal) (helloworld) (j lf python 2",53,38,useful
v2,Python,45,450.0,C:\NCKH\VIDEO_LEARNING_RESEARCH\data\processed\keyframes\v2\v2_00450s.png,"i) @ app.py x > oO ~~ | OUTPUT +» Code a = 1 for x in range(5): (0, Q) | p 2 for y in range(3): (@, 1) Sy 3 _ print(#""({x}, Hly})"") I (@, 2) ’ ¥ 4 (1, 0) cy (1, 1) o (1, 2) (2, 0) (2, 1) (2, 2) (3, 0) (3, 1) (3, 2) (4, 0) % (4, 1) i python 3.7.064-bit 040 Python: Current File (Integrated Terminal) (HelloWorld) C4) Installing packages... : Ln3,Col25 Spaces:2 UTF-8 LF Pythn @ M2,","i) app.py x oo output code a 1 for x in range(5) (0, q) p 2 for y in range(3) 1) sy 3 _ print( {x} hly} i 2) 4 (1, 0) cy (1, 1) o (1, 2) (2, 0) (2, 1) (2, 2) (3, 0) (3, 1) (3, 2) (4, 0) (4, 1) i python 3.7.064-bit 040 python: (integrated terminal) (helloworld) c4) lf pythn m2,",86,66,useful
v2,Python,46,460.0,C:\NCKH\VIDEO_LEARNING_RESEARCH\data\processed\keyframes\v2\v2_00460s.png,"i) @ app.py x > Oo ~~ | OUTPUT ~~.) (Coda 7 Sen < ? p 1 for x in range(5): | (0, Q) 2 for y in range(3): (@, 1) S 3 print(#""({x}, {y})"") (0, 2) Be 4 (1, 0) cH (1, 1) we (1, 2) (2, 0) (2, 1) (2, 2) (3, 0) (3, 1) (3, 2) (4, 0) % (4, 1) | python 3.7.064-bit 040 Python: Current File (Integrated Terminal) (HelloWorld) C4) Installing packages... : Ln1,Col1 Spaces:2 UTF-8 LF Pythn @ @2,","i) app.py x oo output (coda 7 sen p 1 for x in range(5) (0, q) 2 for y in range(3) 1) s 3 print( {x} {y} (0, 2) be 4 (1, 0) ch (1, 1) we (1, 2) (2, 0) (2, 1) (2, 2) (3, 0) (3, 1) (3, 2) (4, 0) (4, 1) python 3.7.064-bit 040 python: (integrated terminal) (helloworld) c4) lf pythn 2,",85,66,useful
v2,Python,47,470.0,C:\NCKH\VIDEO_LEARNING_RESEARCH\data\processed\keyframes\v2\v2_00470s.png,"i) @ app.py x > m ~ | our s+ Code i <a p 1 for x in range(5);| (0, Q) 2 for y in range(3): (@, 1) GS 3 print(#""({x}, {y})"") (0, 2) Ms 4 (1, @) cH (1, 1) we ey) (2, @) (2, 1) (2, 2) (3, @) (3, 1) (3, 2) aD) % (4, 1) L | . Python 3.7.0 64-bit ©0440 ‘Python: Current File (Integrated Terminal) (HelloWorld) (J Installing packages... Ln 1, Col 19 (18 selected) Spaces:2 UTF-8 LF Pythn @ @2 ,","i) app.py x m our s+ code i <a p 1 for x in range(5) (0, q) 2 for y in range(3) 1) gs 3 print( {x} {y} (0, 2) ms 4 (1, ch (1, 1) we ey) (2, (2, 1) (2, 2) (3, (3, 1) (3, 2) ad) (4, 1) l python 3.7.0 64-bit 0440 python: (integrated terminal) (helloworld) (j (18 selected) lf pythn 2",88,66,useful
v2,Python,48,480.0,C:\NCKH\VIDEO_LEARNING_RESEARCH\data\processed\keyframes\v2\v2_00480s.png,"A @ app.py x > Om ~~ | OUTPUT +» Code * 2en < o 1 for x in range(5): _ (0, 0) | fe) 2 for y in range(3): (@, 1) ® 3 print(f""({x}, {y})"") (0, 2) ¥ 4 (1, @) cH (1, 1) we y) (2, @) (2, 1) (2, 2) (3, 0) (3, 1) (3, 2) (4, 0) % (4, 1) L | . Python 3.7.0 64-bit ©0440 ‘Python: Current File (Integrated Terminal) (HelloWorld) (21 Installing packages... Ln 2, Col1(4 selected) Spaces:2 UTF-8 LF Python @ M2 ,","a app.py x om output code 2en o 1 for x in range(5) _ (0, 0) fe) 2 for y in range(3) 1) 3 print(f"" {x} {y} (0, 2) 4 (1, ch (1, 1) we y) (2, (2, 1) (2, 2) (3, 0) (3, 1) (3, 2) (4, 0) (4, 1) l python 3.7.0 64-bit 0440 python: (integrated terminal) (helloworld) (21 (4 selected) lf python m2",91,66,useful
v2,Python,49,490.0,C:\NCKH\VIDEO_LEARNING_RESEARCH\data\processed\keyframes\v2\v2_00490s.png,"i) @ app.py x > Oo ~~ | OUTPUT —--- | Code » 2a 4 < ? 1 for x in range(5): (0, @) ye) ; 2 for y in range(3): — (0, 1) S 3 print(#""({x}, {y})"")| (0, 2) ¥ 4 (1, 0) cH (1, 1) . (1, 2) (2, 0) (2, 1) (2, 2) (3, 0) (3, 1) (3, 2) (4, @) % (4, 1) a . Python 3.7.0 64-bit ©0440 _‘ Python: Current File (Integrated Terminal) (HelloWorld) (2) Installing packages... Ln 3, Col 29 (20 selected) Spaces:2 UTF-8 LF Python @ M2 ,","i) app.py x oo output code 2a 4 1 for x in range(5) (0, ye) 2 for y in range(3) (0, 1) s 3 print( {x} {y} (0, 2) 4 (1, 0) ch (1, 1) (1, 2) (2, 0) (2, 1) (2, 2) (3, 0) (3, 1) (3, 2) (4, (4, 1) a python 3.7.0 64-bit 0440 _ python: (integrated terminal) (helloworld) (2) (20 selected) lf python m2",96,68,useful
v2,Python,50,500.0,C:\NCKH\VIDEO_LEARNING_RESEARCH\data\processed\keyframes\v2\v2_00500s.png,"fi) Seam 6 > Oo ~~ | OUTPUT «Code + eens o 1 for x in range(5): (@, @) | p ; 2 for y in range(3): — (0, 1) © 3 print(f""({x}, {y})"")| (@, 2) ‘s 4 (1, @) cs ’ (1, 1) . (1, 2) (2, 0) (2, 1) (2, 2) (3, Q) (3, 1) (3, 2) (Ca) % (4, 1) a . Python 3.7.0 64-bit @0 A0 Python: Current File (Integrated Terminal) (HelloWorld) (J Installing packages... Ln 3, Col 29 (20 selected) Spaces:2 UTF-8 LF Python @ A2 |","fi) seam 6 oo output code eens o 1 for x in range(5) p 2 for y in range(3) (0, 1) 3 print(f"" {x} {y} 2) s 4 (1, cs (1, 1) (1, 2) (2, 0) (2, 1) (2, 2) (3, q) (3, 1) (3, 2) (ca) (4, 1) a python 3.7.0 64-bit 0 a0 python: (integrated terminal) (helloworld) (j (20 selected) lf python a2",92,65,useful
v2,Python,51,510.0,C:\NCKH\VIDEO_LEARNING_RESEARCH\data\processed\keyframes\v2\v2_00510s.png,"fi) @ app.py x > Om ~» | OUTPUT <-"" oda ,* 2egn< o 1 for x in range(5): _ (0, 0) fe) ; 2 for y in range(3): (Q, 1) S 3 print(#""({x}, {y})"") (0, 2) 8 4 (1, @) cH (1, 1) we . a) (2, @) (2, 1) (2, 2) (3, @) (3, 1) (3, 2) (4, 0) % (4, 1) L | . Python 3.7.0 64-bit ©0440 ‘Python: Current File (Integrated Terminal) (HelloWorld) (21 Installing packages... Ln 2, Col 23 (18 selected) Spaces:2 UTF-8 LF Pythn @ @2 ,","fi) app.py x om output oda 2egn< o 1 for x in range(5) _ (0, 0) fe) 2 for y in range(3) (q, 1) s 3 print( {x} {y} (0, 2) 8 4 (1, ch (1, 1) we a) (2, (2, 1) (2, 2) (3, (3, 1) (3, 2) (4, 0) (4, 1) l python 3.7.0 64-bit 0440 python: (integrated terminal) (helloworld) (21 (18 selected) lf pythn 2",93,68,useful
v2,Python,52,520.0,C:\NCKH\VIDEO_LEARNING_RESEARCH\data\processed\keyframes\v2\v2_00520s.png,"i) @ app.py x > Oo | OUTPUT! --.| Coda * 2gen < =f 1 for x in range(5): _ (0, 0) | fe) 2 for y in range(3): (®@, 1) A © 3 print(f""({x}, {y})"") (@, 2)| rs 4 (1, @) [a / (1, 1) o (1, 2) (2, @) (2, 1) (2, 2) (3, ) (3, 1) (3, 2) CD) % (4, 1) a . Python 3.7.0 64-bit ©0440 ‘Python: Current File (Integrated Terminal) (HelloWorld) (21 Installing packages... Ln 2, Col 23 (18 selected) Spaces:2 UTF-8 LF Pythn @ @2 ,","i) app.py x oo output coda 2gen =f 1 for x in range(5) _ (0, 0) fe) 2 for y in range(3) 1) a 3 print(f"" {x} {y} 2) rs 4 (1, [a (1, 1) o (1, 2) (2, (2, 1) (2, 2) (3, (3, 1) (3, 2) cd) (4, 1) a python 3.7.0 64-bit 0440 python: (integrated terminal) (helloworld) (21 (18 selected) lf pythn 2",93,66,useful
v2,Python,53,530.0,C:\NCKH\VIDEO_LEARNING_RESEARCH\data\processed\keyframes\v2\v2_00530s.png,"i) @ app.py x > m ~| our s+ Code een <a 1 for x in range(5): (0, Q) ye) , 2 for y in range(3): (@, 1) = ® 3 print(f""({x}, {y})"") (0, 2) s 4 (1, 0) [a : (aaa) a, (1, 2) (2, @) (2, 1) (2, 2) (3, @) (3, 1) (3, 2) (4, Q@) % (4, 1) a python 3.7.064-bit 040 Python: Current File (Integrated Terminal) (HelloWorld) C4) Installing packages... Ln1,Col1(18 selected) Spaces:2 UTF-8 LF Python @ M2,","i) app.py x m our s+ code een <a 1 for x in range(5) (0, q) ye) 2 for y in range(3) 1) 3 print(f"" {x} {y} (0, 2) s 4 (1, 0) [a (aaa) a, (1, 2) (2, (2, 1) (2, 2) (3, (3, 1) (3, 2) (4, q (4, 1) a python 3.7.064-bit 040 python: (integrated terminal) (helloworld) c4) (18 selected) lf python m2,",83,66,useful
v2,Python,54,540.0,C:\NCKH\VIDEO_LEARNING_RESEARCH\data\processed\keyframes\v2\v2_00540s.png,"i) @ apppy x pom ~ | ourrur Code seen <a 1 for x in range(5): _ (0, 0) fe) ; 2 for y in range(3):| (@, 1) LI S 3 print(f""({x}, {y})"") (0, 2) Ye 4 (1, 0) cH (1, 1) e (1, 2) (2, @) (2, 1) (2, 2) (3, @) (3, 1) (3, 2) (4, @) % (4, 1) a . Python 3.7.0 64-bit @0 AO Python: Current File (Integrated Terminal) (HelloWorld) (J Installing packages... Ln 2, Col 23 (18 selected) Spaces:2 UTF-8 LF Pythn @ @2 ,","i) apppy x pom ourrur code seen <a 1 for x in range(5) _ (0, 0) fe) 2 for y in range(3) 1) li s 3 print(f"" {x} {y} (0, 2) ye 4 (1, 0) ch (1, 1) e (1, 2) (2, (2, 1) (2, 2) (3, (3, 1) (3, 2) (4, (4, 1) a python 3.7.0 64-bit 0 ao python: (integrated terminal) (helloworld) (j (18 selected) lf pythn 2",91,70,useful
v2,Python,55,550.0,C:\NCKH\VIDEO_LEARNING_RESEARCH\data\processed\keyframes\v2\v2_00550s.png,"i) 2 apppy x pom ~| ourrur code ,ee no <Q) p 1 for x in range(5): _ (0, 0) 2 for y in range(3): (@, 1) GS 3 print(#""({x}, {y})"") (0, 2) ¥ 4 (1, @) cH (1, 1) | Ps (1, 2)h (2, 0) (2, 1) (2, 2) (3, @) (3, 1) (3, 2) (4, @) %% (4, 1) | . Python 3.7.0 64-bit @0 A0 Python: Current File (Integrated Terminal) (HelloWorld) (J Installing packages... Ln 2, Col 23 (18 selected) Spaces:2 UTF-8 LF Pythn @ @2 ,","i) 2 apppy x pom ourrur code ,ee no <q) p 1 for x in range(5) _ (0, 0) 2 for y in range(3) 1) gs 3 print( {x} {y} (0, 2) 4 (1, ch (1, 1) ps (1, 2)h (2, 0) (2, 1) (2, 2) (3, (3, 1) (3, 2) (4, (4, 1) python 3.7.0 64-bit 0 a0 python: (integrated terminal) (helloworld) (j (18 selected) lf pythn 2",90,69,useful
v2,Python,56,560.0,C:\NCKH\VIDEO_LEARNING_RESEARCH\data\processed\keyframes\v2\v2_00560s.png,"i) @ app.py x > =o p 1 for x in range(5): 2 print(x) =f ® 3 | CH ws % a . Python 3.7.0 64-bit @0 AO Python: Current File (Integrated Terminal) (HelloWorld) (J Installing packages... Ln3,Col1 Spaces:2 UTF-8 LF Python @ M2 |",i) app.py x =o p 1 for x in range(5) 2 print(x) =f 3 ch ws a python 3.7.0 64-bit 0 ao python: (integrated terminal) (helloworld) (j lf python m2,45,30,useful
v2,Python,57,570.0,C:\NCKH\VIDEO_LEARNING_RESEARCH\data\processed\keyframes\v2\v2_00570s.png,"2 @ app.py e > am 2 1 type ® “3 type i *; TypeError Xs [] try/except ic} [|] try/except/else we [] try/except/else/finall [ ] try/except/finally % a . Python 3.7.0 64-bit @0 A0 Python: Current File (Integrated Terminal) (HelloWorld) (J Installing packages... Ln1,ColS Spaces:2 UTF-8 LF Python @ i Wry","2 app.py e am 2 1 type 3 type i typeerror xs try/except ic} try/except/else we try/except/else/finall try/except/finally a python 3.7.0 64-bit 0 a0 python: (integrated terminal) (helloworld) (j ln1,cols lf python i wry",52,34,useful
v2,Python,58,580.0,C:\NCKH\VIDEO_LEARNING_RESEARCH\data\processed\keyframes\v2\v2_00580s.png,"i) f@ app.py x > m- | OUTPUT... Code a aa =| 2 6 1 print(type(5)) _ <class ‘int'> ® ; | ¥ CH ws * i] . Python 3.7.0 64-bit @0 A0 Python: Current File (Integrated Terminal) (HelloWorld) (J Installing packages... Ln2,Col1 Spaces:2 UTF-8 LF Python @ A2 |",i) f app.py x m- output. code a aa 2 6 1 print(type(5) _ <class int' ch ws i] python 3.7.0 64-bit 0 a0 python: (integrated terminal) (helloworld) (j lf python a2,50,32,useful
v2,Python,59,590.0,C:\NCKH\VIDEO_LEARNING_RESEARCH\data\processed\keyframes\v2\v2_00590s.png,"2 @ apppy > m | OUTPUT =» Code p=eepn<a. Q 1 print(type(5)) <class ‘int'> 2 print(type((|))) l ® ¥ CH ws “4 L . Python 3.7.0 64-bit @0 A0 Python: Current File (Integrated Terminal) (HelloWorld) (J Installing packages... : Ln2,Col12 Spaces:2 UTF-8 LF Python @ a2",2 apppy m output code p=eepn<a. q 1 print(type(5) <class int' 2 print(type( l ch ws 4 l python 3.7.0 64-bit 0 a0 python: (integrated terminal) (helloworld) (j lf python a2,47,31,useful
v2,Python,60,600.0,C:\NCKH\VIDEO_LEARNING_RESEARCH\data\processed\keyframes\v2\v2_00600s.png,"fi) Sem > m ~ | ourur w (Code -Se no <a B 1 print(type(5)) | <class 'int'> 2 print(type(range((5))) ) | <class ""range'> © 3 . i CH ws % Ga . Python 3.7.0 64-bit ©0440 ‘Python: Current File (Integrated Terminal) (HelloWorld) 2] Installing packages... Ln2,Col19 Spaces:2 UTF-8 LF Python @ @2 ,","fi) sem m ourur w (code -se no <a b 1 print(type(5) <class 'int' 2 print(type(range((5) <class ""range' 3 i ch ws ga python 3.7.0 64-bit 0440 python: (integrated terminal) (helloworld) 2] lf python 2",54,35,useful
v2,Python,61,610.0,C:\NCKH\VIDEO_LEARNING_RESEARCH\data\processed\keyframes\v2\v2_00610s.png,"i) @ app.py x > m ~| our s (coae 2=eepnca. 2 1 print(type(5)) _ <class ‘int'> i A 2 print(type(range(5))) <class 'range|'> 3 ¥ CH I a * | a . Python 3.7.0 64-bit @0 AO Python: Current File (Integrated Terminal) (HelloWorld) (J Installing packages... Ln 2, Col 17 (5 selected) Spaces:2 UTF-8 LF Python @ 2 |;",i) app.py x m our s (coae 2=eepnca. 2 1 print(type(5) _ <class int' i a 2 print(type(range(5) <class 'range 3 ch i a a python 3.7.0 64-bit 0 ao python: (integrated terminal) (helloworld) (j (5 selected) lf python 2,59,40,useful
v2,Python,62,620.0,C:\NCKH\VIDEO_LEARNING_RESEARCH\data\processed\keyframes\v2\v2_00620s.png,"i) Seam 6 pom ~ | ourrur code eeen<e 2 1 print(type(5)) <class 'int'> : 2 print(type(range(5))) _ <class 'range'> S 3 rs CH we a ) . Python 3.7.0 64-bit @0 A0 Python: Current File (Integrated Terminal) (HelloWorld) (J Installing packages... : Ln3,Col1 Spaces:2 UTF-8 LF Python @ @2 ;",i) seam 6 pom ourrur code eeen<e 2 1 print(type(5) <class 'int' 2 print(type(range(5) _ <class 'range' s 3 rs ch we a python 3.7.0 64-bit 0 a0 python: (integrated terminal) (helloworld) (j lf python 2,51,36,useful
v2,Python,63,630.0,C:\NCKH\VIDEO_LEARNING_RESEARCH\data\processed\keyframes\v2\v2_00630s.png,"2 @ app.py @ > m ~| our + Code see nd <a 1 print(type(5)) <class ‘int'> pe) ; 5 2 print(type(range(5))) <class 'range'> © 3 ¥ 4 # Iterable | cs 5 for| wo =: for [| for @ format [1] for/else =: from *; frozenset [ ] async/for og [] async/for/else — % #3 FileNotFoundError . Python 3.7.0 64-bit @0 40 @. Li labmvaictcErrar ges... Ln5,Col4 Spaces:2 UTF-8 LF Pythn @ @2 ,",2 app.py m our code see nd <a 1 print(type(5) <class int' pe) 5 2 print(type(range(5) <class 'range' 3 4 iterable cs 5 for wo for for format [1] for/else from frozenset async/for og async/for/else 3 filenotfounderror python 3.7.0 64-bit 0 40 li labmvaictcerrar ges. lf pythn 2,75,48,useful
v2,Python,64,640.0,C:\NCKH\VIDEO_LEARNING_RESEARCH\data\processed\keyframes\v2\v2_00640s.png,"2 eee . > =] OUTPUT tee Code + = » =h i 1 print(type(5)) -_ <class ‘int'> Pp 7 | | | B 2 print(type(range(5))) <class ‘range'> © S ¥ 4 # Iterable il cH 5 for x in range(5): ow L | ) . Python 3.7.0 64-bit @0 AO Python: Current File (Integrated Terminal) (HelloWorld) (2 Installing packages... Ln 5, Col 10 (8 selected) Spaces:2 UTF-8 LF Python @ A2 |;",2 eee output tee code =h i 1 print(type(5) -_ <class int' pp 7 b 2 print(type(range(5) <class range' s 4 iterable il ch 5 for x in range(5) ow l python 3.7.0 64-bit 0 ao python: (integrated terminal) (helloworld) (2 (8 selected) lf python a2,73,46,useful
v2,Python,65,650.0,C:\NCKH\VIDEO_LEARNING_RESEARCH\data\processed\keyframes\v2\v2_00650s.png,"2 ® wp Py > =] ouTPuT bee Code a= Ff y < =a 1 print(type(5)) - <class ‘int'> | fe) ; i 2 print(type(range(5))) <class 'range'> ) 3 ¥ 4 # Iterable | cs 5 for k in range(5): a % a . Python 3.7.0 64-bit @0 AO Python: Current File (Integrated Terminal) (HelloWorld) (J Installing packages... Ln5, Col 5 (1 selected) Spaces:2 UTF-8 LF Python @ A2 |",2 wp py output bee code a= ff y =a 1 print(type(5) <class int' fe) i 2 print(type(range(5) <class 'range' 3 4 iterable cs 5 for k in range(5) a a python 3.7.0 64-bit 0 ao python: (integrated terminal) (helloworld) (j (1 selected) lf python a2,70,46,useful
v2,Python,66,660.0,C:\NCKH\VIDEO_LEARNING_RESEARCH\data\processed\keyframes\v2\v2_00660s.png,"2 @ app.py © > m ~| OUTPUT» Code Seon =) ) 1 print(type(5)) - <class ‘int'> | p 7 | | ry 2 print(type(range(5))) <class 'range'> © 3 vs 4 # Iterable | CH 5 for x in ""Python"": oe 6 [| * | . Python 3.7.0 64-bit @0 AO Python: Current File (Integrated Terminal) (HelloWorld) (J Installing packages... : Ln6,Col3 Spaces:2 UTF-8 LF Python @ A2 |","2 app.py m output code seon 1 print(type(5) <class int' p 7 ry 2 print(type(range(5) <class 'range' 3 vs 4 iterable ch 5 for x in ""python"" oe 6 python 3.7.0 64-bit 0 ao python: (integrated terminal) (helloworld) (j lf python a2",69,42,useful
v2,Python,67,670.0,C:\NCKH\VIDEO_LEARNING_RESEARCH\data\processed\keyframes\v2\v2_00670s.png,"fi) @ app.py =x > om “| OUTPUT «=. Code 2,=eepncg fe) t P 2 # Iterable y © 3 for x in ""Python"": t ue 4 print (x) h CH 5 re) a n e L~ . Python 3.7.0 64-bit @0 A0 Python: Current File (Integrated Terminal) (HelloWorld) (J Installing packages... Ln1,Col1 Spaces:2 UTF-8 LF Pythn @ @2 ,","fi) app.py =x om output code 2,=eepncg fe) t p 2 iterable y 3 for x in ""python"" t ue 4 print (x) h ch 5 re) a n e l python 3.7.0 64-bit 0 a0 python: (integrated terminal) (helloworld) (j lf pythn 2",60,44,useful
v2,Python,68,680.0,C:\NCKH\VIDEO_LEARNING_RESEARCH\data\processed\keyframes\v2\v2_00680s.png,"io > fh) @ app.py x > Oo ~~ | OUTPUT = --» | Code * 2egn < eal) A P | J 2 # Iterable - y © 3 for x in Python"": t ¥ 4 print(x) h E 5 fe) wo n i a i) . Python 3.7.0 64-bit @0 A0 Python: Current File (Integrated Terminal) (HelloWorld) (J Installing packages... : Ln3,Col10 Spaces:2 UTF-8 LF Python @ @2 ,","io fh) app.py x oo output code 2egn eal) a p j 2 iterable y 3 for x in python"" t 4 print(x) h e 5 fe) wo n i a i) python 3.7.0 64-bit 0 a0 python: (integrated terminal) (helloworld) (j lf python 2",71,45,useful
v2,Python,69,690.0,C:\NCKH\VIDEO_LEARNING_RESEARCH\data\processed\keyframes\v2\v2_00690s.png,"o os ay Py @ app.py e > m ~~ | OUTPUT <- (a * 2gena < iil ° 1 p 2 # Iterable y ® | | 3 for x in [fl, 2, 3, 4{l|: t 1S 4 print(x) h CH 5 fe) wo n L | ') | Python 3.7.0 64-bit @0 AO Python: Current File (Integrated Terminal) (HelloWorld) (J Installing packages... : Ln 3, Col21 Spaces:2 UTF-8 LF Python @ @2 ,","o os ay py app.py e m output (a 2gena iil 1 p 2 iterable y 3 for x in [fl, 2, 3, 4{l t 1s 4 print(x) h ch 5 fe) wo n l python 3.7.0 64-bit 0 ao python: (integrated terminal) (helloworld) (j lf python 2",75,48,useful
v2,Python,70,700.0,C:\NCKH\VIDEO_LEARNING_RESEARCH\data\processed\keyframes\v2\v2_00700s.png,"f = ay ih @ app.py x > m ~ | ourur “Code Senn < a 1 1 je 2 # Iterable 1 y) ® 3 for x in [fl, 2, 3, 4{l|: 3 ¥ . print (x) 4 E 5 wo | *e . . Python 3.7.0 64-bit @0 AO Python: Current File (Integrated Terminal) (HelloWorld) (J Installing packages... Ln 3, Col21 Spaces:2 UTF-8 LF Python @ @2 ,","f ay ih app.py x m ourur code senn a 1 1 je 2 iterable 1 y) 3 for x in [fl, 2, 3, 4{l 3 print (x) 4 e 5 wo *e python 3.7.0 64-bit 0 ao python: (integrated terminal) (helloworld) (j lf python 2",70,46,useful
v2,Python,71,710.0,C:\NCKH\VIDEO_LEARNING_RESEARCH\data\processed\keyframes\v2\v2_00710s.png,"a = 2 \ pepe x p om ~ | ourrur code i a | 1 1 p 2 # Iterable I 2 © 3 for x in [1, 2, 3, 4]: 3 “ 4 print(x) 4 CH 5 ww a I i | | Python 3.7.0 64-bit @0 AO Python: Current File (Integrated Terminal) (HelloWorid) (4 Installing packages... Ln3,Col1 Spaces:2 UTF-8 LF Python @ A2 |;","a 2 pepe x p om ourrur code i a 1 1 p 2 iterable i 2 3 for x in [1, 2, 3, 4] 3 4 print(x) 4 ch 5 ww a i i python 3.7.0 64-bit 0 ao python: (integrated terminal) (helloworid) (4 lf python a2",67,48,useful
v2,Python,72,720.0,C:\NCKH\VIDEO_LEARNING_RESEARCH\data\processed\keyframes\v2\v2_00720s.png,"2 @ apppy > o ~~ | OUTPUT =» Code Seen < a 1 1 a 2 # Iterable B 2 © 3 for item in shopping_cart: 3 ¥ 4 print(item) 4 & wo % Ga . Python 3.7.0 64-bit @0 AO Python: Current File (Integrated Terminal) (HelloWorld) (J Installing packages... Ln3,Col14 Spaces:2 UTF-8 LF Pythn @ @2 ,",2 apppy o output code seen a 1 1 a 2 iterable b 2 3 for item in shopping_cart: 3 4 print(item) 4 wo ga python 3.7.0 64-bit 0 ao python: (integrated terminal) (helloworld) (j lf pythn 2,59,38,useful
v2,Python,73,730.0,C:\NCKH\VIDEO_LEARNING_RESEARCH\data\processed\keyframes\v2\v2_00730s.png,"io _ 7) ay © ney e > m ~ | oumur we Uete Je Gon 6 FI Q 1 1 | 2 # Iterable a 2 © 3 for item in shopping_cart: 3 ¥ 4 print(item) 4 CH ws a *e . Python 3.7.0 64-bit @0 A0 Python: Current File (Integrated Terminal) (HelloWorld) (J Installing packages... Ln 3, Col 27 (14 selected) Spaces:2 UTF-8 LF Pythn @ @2 ,",io _ 7) ay ney e m oumur we uete je gon 6 fi q 1 1 2 iterable a 2 3 for item in shopping_cart: 3 4 print(item) 4 ch ws a *e python 3.7.0 64-bit 0 a0 python: (integrated terminal) (helloworld) (j (14 selected) lf pythn 2,70,49,useful
v2,Python,74,740.0,C:\NCKH\VIDEO_LEARNING_RESEARCH\data\processed\keyframes\v2\v2_00740s.png,"2 ® apppy > om ~ | OUTPUT ++ Code a a 1 1 2 2 # Iterable _ 2 ® 3 for item in shopping_cart: 3 Ys 4 print(item) 4 cy us e | Python 3.7.0 64-bit @0 A0 Python: Current File (Integrated Terminal) (HelloWorld) (4 Installing packages... Ln 3, Col 27 (14 selected) Spaces:2 UTF-8 LF Pythn @ 2 ,",2 apppy om output code a a 1 1 2 2 iterable _ 2 3 for item in shopping_cart: 3 ys 4 print(item) 4 cy us e python 3.7.0 64-bit 0 a0 python: (integrated terminal) (helloworld) (4 (14 selected) lf pythn 2,62,42,useful
v2,Python,75,750.0,C:\NCKH\VIDEO_LEARNING_RESEARCH\data\processed\keyframes\v2\v2_00750s.png,"io ey fe) OUTPUT «.- Code 2 stron < & x cH We have 4 even numbers a A Show AllCommands @#P GotoFile %#P FindinFiles @3#F Start Debugging F5 Toggle Terminal “~*~ * L- | | Python 3.7.0 64-bit @0 40 @a,","io ey fe) output code 2 stron x ch we have 4 even numbers a a show allcommands p gotofile p findinfiles 3 f start debugging f5 toggle terminal l- python 3.7.0 64-bit 0 40 a,",42,36,useful
v2,Python,76,760.0,C:\NCKH\VIDEO_LEARNING_RESEARCH\data\processed\keyframes\v2\v2_00760s.png,"io ny fh) OUTPUT ..- Code 1Ssef OD < Bx Je) z 4 ® 6 ¥ 8 fa We have 4 even numbers wo 2 Show AllCommands ?#P GotoFile %#P Findin Files @#F Start Debugging F5 Toggle Terminal ~*~ * L- | Python 3.7.0 64-bit @0 40 @a,","io ny fh) output code 1ssef od bx je) z 4 6 8 fa we have 4 even numbers wo 2 show allcommands p gotofile p findin files f start debugging f5 toggle terminal l- python 3.7.0 64-bit 0 40 a,",48,41,useful
v2,Python,77,770.0,C:\NCKH\VIDEO_LEARNING_RESEARCH\data\processed\keyframes\v2\v2_00770s.png,"8 @ app.py © mam =I 2 1 range((|1, 10,)| es | range(stop) -> range | © object | . range(start, stop[, step]) -> range - object s Return an object that produces a caniuanca nf intanare fram ctart J tt L . Python 3.7.0 64-bit @0 40 Ln1,Col13 Spaces:8 UTF-8 LF Pythn @ &@ |","8 app.py mam =i 2 1 range( 1, 10, es range(stop) range object range(start, stop[ step] range object s return an object that produces a caniuanca nf intanare fram ctart j tt l python 3.7.0 64-bit 0 40 lf pythn",56,40,useful
v2,Python,78,780.0,C:\NCKH\VIDEO_LEARNING_RESEARCH\data\processed\keyframes\v2\v2_00780s.png,"o >» > @ app.py @ > m-: 2 1 range((|1, 10) | w E ad | % | Python 3.7.0 64-bit ©0440 Ln1i,Col12 Spaces:8& UTF-8 LF Python @ a,","o app.py m- 2 1 range( 1, 10) w e ad python 3.7.0 64-bit 0440 ln1i,col12 lf python a,",30,19,useful
v2,Python,79,790.0,C:\NCKH\VIDEO_LEARNING_RESEARCH\data\processed\keyframes\v2\v2_00790s.png,Solution,,1,0,empty
v2,Python,80,800.0,C:\NCKH\VIDEO_LEARNING_RESEARCH\data\processed\keyframes\v2\v2_00800s.png,"2 @ app.py © i oa | Q 1 for number in range(1, 10): i 25 eat cS) Ne CH ww tt | | Python 3.7.0 64-bit ©0440 Ln2,Col& Spaces:8 UTF-8 LF Python @ fy)","2 app.py i oa q 1 for number in range(1, 10) i 25 eat cs) ne ch ww tt python 3.7.0 64-bit 0440 ln2,col lf python fy)",35,27,useful
v2,Python,81,810.0,C:\NCKH\VIDEO_LEARNING_RESEARCH\data\processed\keyframes\v2\v2_00810s.png,"p 1 for number in range(1, 10): 2 if number % 2 == Q: © 3 | print(()| I ¥ print(value, ..., sep=' | & "", end='\n', file wo =sys.stdout, flush=False) param value Prints the values to a stream, or to L Fe | Python 3.7.0 64-bit ©0440 Ln3,Col1& Spaces:8 UTF-8 LF Python @ az","p 1 for number in range(1, 10) 2 if number 2 q: 3 print( i print(value, sep= end= n' file wo =sys.stdout, flush=false) param value prints the values to a stream, or to l fe python 3.7.0 64-bit 0440 lf python az",55,42,useful
v2,Python,82,820.0,C:\NCKH\VIDEO_LEARNING_RESEARCH\data\processed\keyframes\v2\v2_00820s.png,"i) @ app.py x > mm - CHEty vee Code * 2e& Of} < x p 1 for number in range(1, 10): 2 } 2 if number % 2 == Q: 4 © 3 print (number) + 6 ¥ 4 8 CH A I % | | Python 3.7.0 64-bit ©0440 Ln 4,Col1 Spaces:8 UTF-8 LF Python @ i yp","i) app.py x mm chety vee code 2e of} x p 1 for number in range(1, 10) 2 2 if number 2 q: 4 3 print (number) 6 4 8 ch a i python 3.7.0 64-bit 0440 lf python i yp",60,41,useful
v2,Python,83,830.0,C:\NCKH\VIDEO_LEARNING_RESEARCH\data\processed\keyframes\v2\v2_00830s.png,"i » rr @ apppy @ > uae * 2 1 count = @ 2 for number in range(1, 10): ~ © 3 if number % 2 == 0: us 4 print (number) & 5 a | > x | Python 3.7.0 64-bit ©0440 Ln 3,Col24 Spaces:@ UTF-8 LF Pythn @ &@ z","i rr apppy uae 2 1 count 2 for number in range(1, 10) 3 if number 2 0: us 4 print (number) 5 a x python 3.7.0 64-bit 0440 spaces: lf pythn z",53,33,useful
v2,Python,84,840.0,C:\NCKH\VIDEO_LEARNING_RESEARCH\data\processed\keyframes\v2\v2_00840s.png,"2 ‘@ app.py e > a | 2 1 count = Q 2 for number in range(1, 10): GS 3 if number % 2 == 0: Me 4 count += 1 Mt C3} 5 print (number) wo 3) print @ print i % | | Python 3.7.0 64-bit @0 40 Ln6,Col6 Spaces:8 UTF-8 LF Pythn @ &@ ,z","2 app.py e a 2 1 count q 2 for number in range(1, 10) gs 3 if number 2 0: me 4 count 1 mt c3} 5 print (number) wo 3) print print i python 3.7.0 64-bit 0 40 lf pythn ,z",58,42,useful
v2,Python,85,850.0,C:\NCKH\VIDEO_LEARNING_RESEARCH\data\processed\keyframes\v2\v2_00850s.png,"i) @ app.py x > m-:- Coit oo Code > 2 } < x J) 1 count = @ 2 2 for number in range(1, 10): 4 3 if number % 2 == 0: 6 vd 4 count += 1 4 8 cH 5 print (number) We have 4 even numbers ae, 6 print(f""We have {count} even r : a I tt a | Python 3.7.0 64-bit @0 40 Ln6,Col37 Spaces:8 UTF-8 LF Pythn @ &@ z","i) app.py x m- coit oo code 2 x j) 1 count 2 2 for number in range(1, 10) 4 3 if number 2 0: 6 vd 4 count 1 4 8 ch 5 print (number) we have 4 even numbers ae, 6 print(f""we have {count} even r a i tt a python 3.7.0 64-bit 0 40 lf pythn z",77,60,useful
v2,Python,86,860.0,C:\NCKH\VIDEO_LEARNING_RESEARCH\data\processed\keyframes\v2\v2_00860s.png,"(ny Mosh Hamedani ~~ codewithmosh.com J @moshhamedani \ ae VAX f / P P, tie ts i ~ J > a '","(ny j moshhamedani ae vax f p p, tie ts i j a",22,13,useful
v2,Python,87,870.0,C:\NCKH\VIDEO_LEARNING_RESEARCH\data\processed\keyframes\v2\v2_00870s.png,SUBSCRIBE for more videos like this,subscribe for more videos like this,6,6,useful
v2,Python,88,880.0,C:\NCKH\VIDEO_LEARNING_RESEARCH\data\processed\keyframes\v2\v2_00880s.png,SUBSCRIBE for more videos like this a,subscribe for more videos like this a,7,7,useful
v3,Java,0,0.0,C:\NCKH\VIDEO_LEARNING_RESEARCH\data\processed\keyframes\v3\v3_00000s.png,(ey f @ 4 | » a Abs'trac x ods,(ey f 4 a abs'trac x ods,10,7,useful
v3,Java,1,10.0,C:\NCKH\VIDEO_LEARNING_RESEARCH\data\processed\keyframes\v3\v3_00010s.png,in — = 7 . ’ ) .,in 7,8,2,useful
v3,Java,2,20.0,C:\NCKH\VIDEO_LEARNING_RESEARCH\data\processed\keyframes\v3\v3_00020s.png,o 4 } 4 SS ‘ bY ; =>. L.. | (es ; we ‘ y,o 4 4 ss by l. (es we y,16,9,useful
v3,Java,3,30.0,C:\NCKH\VIDEO_LEARNING_RESEARCH\data\processed\keyframes\v3\v3_00030s.png,File Edit Source Refactor Navigate Search Project Run Window Help = —_ 7 mt BS eraiiwZA=w Wik~OrQrO vit ge PQripyr Artsvero- a a os ~~ — us eo J Catjava J Arémaijava ~~ | 2 public class AbstractClasses { F - 4- public static void main(String[] args) { = ' ye 5 | | 6 } : 8 } 9 >,_ 7 mt bs eraiiwza=w wik orqro vit ge pqripyr artsvero- a a os us eo j catjava j ar maijava 2 public class abstractclasses f 4- public static void main(string[ args) ye 5 6 8 9,61,37,useful
v3,Java,4,40.0,C:\NCKH\VIDEO_LEARNING_RESEARCH\data\processed\keyframes\v3\v3_00040s.png,Eile Edit Source Refactor Navigate Search Project Run Window Help - — ee) ty Mwai AO My OvQr Orit Ge QriB Arte er > : _2public class Cat { | ( 3 5 4} — 5 > K | Writabie |smartinen (33:28 i 7),eile edit source refactor navigate search project run window help ee) ty mwai ao my ovqr orit ge qrib arte er _2public class cat 3 5 4} 5 k writabie smartinen (33:28 i 7),44,34,useful
v3,Java,5,50.0,C:\NCKH\VIDEO_LEARNING_RESEARCH\data\processed\keyframes\v3\v3_00050s.png,"File Edit Source Refactor Navigate Search Project Run Window Help . ity MMe SSO Gey OvQrOvrit ge WQ~ityr Aree ero —— - _ BH J ‘ApstractClassesjava J *Catjava 12 |J Animaljava a 1 §B public abslclass Cat { | 3 : , ue 5 . > K | writable | Smart insert Ja:ats12 : a",ity mme sso gey ovqrovrit ge wq ityr aree ero _ bh j apstractclassesjava j *catjava 12 j animaljava a 1 b public abslclass cat 3 ue 5 k writable smart insert ja:ats12 a,55,34,useful
v3,Java,6,60.0,C:\NCKH\VIDEO_LEARNING_RESEARCH\data\processed\keyframes\v3\v3_00060s.png,rile Edit Source Refactor Navigate Search Project Run Window Help a 2 OOS Sia BRO SOME CSIR TOS P| 7 — er y ae J *Catjava & J Animaljava §8 public abstract |class Cat { : 3 ' ) aa; ess 5 > a | writable | Smart insert Ja:17:18 E nF,rile edit source refactor navigate search project run window help a 2 oos sia bro some csir tos p 7 er y ae j *catjava j animaljava 8 public abstract class cat 3 aa; ess 5 a writable smart insert ja:17:18 e nf,52,43,useful
v3,Java,7,70.0,C:\NCKH\VIDEO_LEARNING_RESEARCH\data\processed\keyframes\v3\v3_00070s.png,Poe Sire etre er oe Py — —— eu a 1 a ise 2 public class AbstractClasses { 2 [3 - 4- public static void main(String[] args) { 6 = Cat myCat| = new Cat(); 7 7 3} 9} 10 > \ | writable | Smart insert |e:1415) i a,poe sire etre er oe py eu a 1 a ise 2 public class abstractclasses 2 [3 4- public static void main(string[ args) 6 cat mycat new cat( 7 7 3} 9} 10 writable smart insert e:1415) i a,50,39,useful
v3,Java,8,80.0,C:\NCKH\VIDEO_LEARNING_RESEARCH\data\processed\keyframes\v3\v3_00080s.png,"EIU RRA Wik O-~Qr Orit eri PQ~ip B-tHe~>- ’ me = 4 ""a J *Catjava 2 J Animaljava MB public class Cat extends Anil { q 3 z 4} is 5 4 > a | writable | Smart insert | 2:29:30 i x)","eiu rra wik o- qr orit eri pq ip b-the me 4 ""a j *catjava 2 j animaljava mb public class cat extends anil q 3 z 4} is 5 4 a writable smart insert 2:29:30 i x)",43,38,useful
v3,Java,9,90.0,C:\NCKH\VIDEO_LEARNING_RESEARCH\data\processed\keyframes\v3\v3_00090s.png,File Edit Source Refactor Navigate Search Project Run Window Help a ty BB wwii a5 Gikky Ov Qr Orit Cv PQviy Av EH er>~ a —— i “ 2 J “AbstractClasope ive @ J “Catjava J *Animaljava % 1 2 public class Animal { | int age; : String name;| bs 5} 6 > w | writable | Smart insert [4:15:51 : a},a ty bb wwii a5 gikky ov qr orit cv pqviy av eh er> a i 2 j abstractclasope ive j catjava j *animaljava 1 2 public class animal int age; string name; bs 5} 6 w writable smart insert [4:15:51 a},63,42,useful
v3,Java,10,100.0,C:\NCKH\VIDEO_LEARNING_RESEARCH\data\processed\keyframes\v3\v3_00100s.png,rile Edit Source Refactor Navigate Search Project Run Window Help a.) at Mw Rie AP Wk Ov AC vit CrP Qi A tH e~>- . 7 5 1 2 public class Animal { | int age; ¢ F String name;| &. 5} = 6 > N | Writabie |smarinen [as15251 i y,rile edit source refactor navigate search project run window help a. at mw rie ap wk ov ac vit crp qi a th e 7 5 1 2 public class animal int age; f string name; 5} 6 n writabie smarinen [as15251 i y,52,44,useful
v3,Java,11,110.0,C:\NCKH\VIDEO_LEARNING_RESEARCH\data\processed\keyframes\v3\v3_00110s.png,file Edit Source Refactor Navigate Search Project Run Window Help — ty BS wraiig= i @ik-OrQrOvrieg- PQ~ipyr- Arte Hero- se —a — ian 4 rn Catjava’ J *Animaljava & 2 public class Animal { | q 7 e © i int age; °™™ : String namexer 5 } 6 > w | writable | Smart insert Ja:15:51 i a?,ty bs wraiig= i ik-orqrovrieg- pq ipyr- arte hero- se a ian 4 rn catjava j *animaljava 2 public class animal q 7 e i int age; string namexer 5 6 w writable smart insert ja:15:51 i a,59,38,useful
v3,Java,12,120.0,C:\NCKH\VIDEO_LEARNING_RESEARCH\data\processed\keyframes\v3\v3_00120s.png,rile Edit Source Refactor Navigate Search Project Run Window Help =a ini ie abstract class Animal { | 5 int age; Pl j 4 String name;| $-- = > } 6 > Ny | writabie |smartinen [415260 i 7),rile edit source refactor navigate search project run window help =a ini ie abstract class animal 5 int age; pl j 4 string name; 6 ny writabie smartinen i 7),39,30,useful
v3,Java,13,130.0,C:\NCKH\VIDEO_LEARNING_RESEARCH\data\processed\keyframes\v3\v3_00130s.png,"Eile Edit Source Refactor Navigate Search Project Run Window Help cman en) it MMi wien £5 f Mik~ Or QrOrit gi PQripy Arte er>- se <i : = iy a J = Catjava J *Animaljava & public abstract class Animal { "" int age; e String name, a , 7} 8 > woid is an invalid type for the variable makeNoise | writable | Smart insert |6:3:68 H a","eile edit source refactor navigate search project run window help cman en) it mmi wien 5 f mik or qrorit gi pqripy arte er> se <i iy a j catjava j *animaljava public abstract class animal int age; e string name, a 7} 8 woid is an invalid type for the variable makenoise writable smart insert 6:3:68 h a",69,59,useful
v3,Java,14,140.0,C:\NCKH\VIDEO_LEARNING_RESEARCH\data\processed\keyframes\v3\v3_00140s.png,"rile Edit Source Refactor Navigate Search Project Run Window Help — iid ICs il Vik~ Ov QrO vik Gri PQrity Bvt Her >~ a - i - = is 5 J ""un J Catjava J *Animaljava & public abstract class Animal { int age; e String name; > public void makeNoise() { a 10 > \ | writable | Smart insert |7:5:99 i a}","rile edit source refactor navigate search project run window help iid ics il vik ov qro vik gri pqrity bvt her a i is 5 j ""un j catjava j *animaljava public abstract class animal int age; e string name; public void makenoise( a 10 writable smart insert 7:5:99 i a}",64,51,useful
v3,Java,15,150.0,C:\NCKH\VIDEO_LEARNING_RESEARCH\data\processed\keyframes\v3\v3_00150s.png,file Edit Source Refactor Navigate Search Project Run Window Help = - DOS SE Oe eC Re) —_——— “/aieenaaeiiianes ‘Era J Catjava J *Animaljava & | public abstract class Animal { | waa int age; P| ~~ String name; = he ° public abstract void makeNoise() { | 9} 10 > L | writable | Smart insert [6:19:84 i x},dos se oe ec re) _ /aieenaaeiiianes era j catjava j *animaljava public abstract class animal waa int age; p string name; he public abstract void makenoise( 9} 10 l writable smart insert [6:19:84 i x},60,36,useful
v3,Java,16,160.0,C:\NCKH\VIDEO_LEARNING_RESEARCH\data\processed\keyframes\v3\v3_00160s.png,File Edit Source Refactor Navigate Search Project Run Window Help cata) at Mw wie £50 Tk Ov Ar OC vit GP QviBy Aree er >- wt . S / cn J Catjava J *Animaljava & public abstract class Animal { ¢ int age; : | String name; = public abstract void makeNoise();| ‘i 7} 8 > K | writable | Smart insert | 6:36: 101 : a},cata) at mw wie 50 tk ov ar oc vit gp qviby aree er wt s cn j catjava j *animaljava public abstract class animal int age; string name; public abstract void makenoise( i 7} 8 k writable smart insert 6:36: 101 a},67,43,useful
v3,Java,17,170.0,C:\NCKH\VIDEO_LEARNING_RESEARCH\data\processed\keyframes\v3\v3_00170s.png,rile Edit Source Refactor Navigate Search Project Run Window Help ee ity OMe ies £0 kr OvrQr Orie dg PQ~ihy- Br tH ere — —_— S J *AbstractClassesjava J Catjava & J *Animaljava a. 1 : . * 2public class Cat extends Animal { X 3 Q The type Cat must implement the inherited abstract method Animal.makeNoise() 2 quick fixes available: bo - i > Add unimplemented methods | ’ 4} — b- | K | writable | Smart insert [3:32:39 : a},rile edit source refactor navigate search project run window help ee ity ome ies 0 kr ovrqr orie dg pq ihy- br th ere _ s j *abstractclassesjava j catjava j *animaljava a. 1 2public class cat extends animal x 3 q the type cat must implement the inherited abstract method animal.makenoise( 2 quick fixes available: bo i add unimplemented methods 4} b- k writable smart insert [3:32:39 a},83,69,useful
v3,Java,18,180.0,C:\NCKH\VIDEO_LEARNING_RESEARCH\data\processed\keyframes\v3\v3_00180s.png,file Edit Source Refactor Navigate Search Project Run Window Help ay BB eieie AS Gk Ov Q+ Orit eg-iWQripy Arto er>- = cf. *AbstractClassesjava J *Catjava % |) *Animaljava — “ 1 2 public class Cat extends Animal { { > @Override a. ' ~~ public void makeNoise() { “ y = 9 10 } 11 > . | writable | Smart insert [6:5 (40) i x?,ay bb eieie as gk ov q+ orit eg-iwqripy arto er> cf. *abstractclassesjava j *catjava *animaljava 1 2 public class cat extends animal override a. public void makenoise( y 9 10 11 writable smart insert [6:5 (40) i x,67,39,useful
v3,Java,19,190.0,C:\NCKH\VIDEO_LEARNING_RESEARCH\data\processed\keyframes\v3\v3_00190s.png,"Eile Edit Source Refactor Navigate Search Project Run Window Help MM weeT ASP MOV Ar Orit ee PQ Arte er >~ — = s 1 2 public class Cat extends Animal { @Override = public void makeNoisel() { F System.out.println(""Meow"") ; } 8 9} 10 > N | Writabie |smaninen [5:2419) i ‘y","eile edit source refactor navigate search project run window help mm weet asp mov ar orit ee pq arte er s 1 2 public class cat extends animal override public void makenoisel( f system.out.println(""meow"" 8 9} 10 n writabie smaninen [5:2419) i y",53,43,useful
v3,Java,20,200.0,C:\NCKH\VIDEO_LEARNING_RESEARCH\data\processed\keyframes\v3\v3_00200s.png,rtike Edit Source Refactor Navigate Search Project Run Window Help = oie pe ee eee | ° * : 2 public abstract class Animal { | ) 3 int age; ” 4 String name; = > 5 a 6 public abstract void makeNoise(); 5 7} 8 > K | Writabie |smaninen [es 11:76 ; 4,rtike edit source refactor navigate search project run window help oie pe ee eee 2 public abstract class animal 3 int age; 4 string name; 5 a 6 public abstract void makenoise( 5 7} 8 k writabie smaninen [es 11:76 4,55,41,useful
v3,Java,21,210.0,C:\NCKH\VIDEO_LEARNING_RESEARCH\data\processed\keyframes\v3\v3_00210s.png,A. 1 2 public abstract class Animal { | 3 int age; Pa | 4 String name; t—- 5 M8 public abstract void makeNoise(); 7} 8 > K | Writabie |smartinsen [16:25:90 i y,a. 1 2 public abstract class animal 3 int age; pa 4 string name; t 5 m8 public abstract void makenoise( 7} 8 k writabie smartinsen [16:25:90 i y,34,29,useful
v3,Java,22,220.0,C:\NCKH\VIDEO_LEARNING_RESEARCH\data\processed\keyframes\v3\v3_00220s.png,"rile Edit Source Refactor Navigate Search Project Run Window Help — Bl 2 public abstract class Animal { | 3 int age; - y 4 String name;| = | ) MB public abstract void makeNoise(); , 7} 8 > XK | Writabie |smarinen [4:15:60 i y",rile edit source refactor navigate search project run window help bl 2 public abstract class animal 3 int age; y 4 string name; mb public abstract void makenoise( 7} 8 xk writabie smarinen [4:15:60 i y,46,36,useful
v3,Java,23,230.0,C:\NCKH\VIDEO_LEARNING_RESEARCH\data\processed\keyframes\v3\v3_00230s.png,"tile Edit Source Refactor Navigate Search Project Run Window Help at BM wen 25 b Gitky Ov QrO vik Cr PQripy ArH er >~ ie 5, = ) *Catjava J *Animaljava & ; 2 public abstract class Animal { | \ 3 int age;| : | 4 String name; — ) M8 public abstract void makeNoise(); 7} 8 > \ | writable | Smart insert [3:11:44 i a}","tile edit source refactor navigate search project run window help at bm wen 25 b gitky ov qro vik cr pqripy arh er ie 5, *catjava j *animaljava 2 public abstract class animal 3 int age; 4 string name; m8 public abstract void makenoise( 7} 8 writable smart insert [3:11:44 i a}",68,52,useful
v3,Java,24,240.0,C:\NCKH\VIDEO_LEARNING_RESEARCH\data\processed\keyframes\v3\v3_00240s.png,"FEile Edit Source Refactor Navigate Search Project Run Window Help = 7 it MMi wera £5 Mike Ov Ar OC vik Gr Qviby Be tH e~>- ill , rT ) *Catjava J *Animaljava & ‘ 2 public abstract class Animal { 3 int age; Pa 4 String name; — ) 3 public abstract void makeNoise(); 2} 10 > 7 | writable | Smart insert | 8:3: 109 i 7%",feile edit source refactor navigate search project run window help 7 it mmi wera 5 mike ov ar oc vik gr qviby be th e ill rt *catjava j *animaljava 2 public abstract class animal 3 int age; pa 4 string name; 3 public abstract void makenoise( 2} 10 7 writable smart insert 8:3: 109 i 7,69,57,useful
v3,Java,25,250.0,C:\NCKH\VIDEO_LEARNING_RESEARCH\data\processed\keyframes\v3\v3_00250s.png,"rile Edit Source Refactor Navigate Search Project Run Window Help i MM wiwieia AP Mike Ov Ar O vik Ge QviBy A tH e~>- ie 7 rm ! “Catjava J *Animaljava & 2 public abstract class Animal { | 3 int age; . 4 String name; : = 5 —J public abstract void makeNoise(); public void prantName() { System.out.println(""My name is "" + name); | } 11} 12 > \ | writable | Smart insert |e:2419) i a}","rile edit source refactor navigate search project run window help i mm wiwieia ap mike ov ar o vik ge qviby a th e ie 7 rm catjava j *animaljava 2 public abstract class animal 3 int age; 4 string name; 5 j public abstract void makenoise( public void prantname( system.out.println(""my name is name) 11} 12 writable smart insert e:2419) i a}",78,62,useful
v3,Java,26,260.0,C:\NCKH\VIDEO_LEARNING_RESEARCH\data\processed\keyframes\v3\v3_00260s.png,"File Edit Source Refactor Navigate Search Project Run Window Help ee phd oie Ce Oe AE | a 2 public abstract class Animal { | Taq 3 int age; - y 4 String name;| = public abstract void makeNoise(); public void printName() { System.out.println(""My name is "" + name); } 11 } 172 > | writable | Smart insert ]4:15:60 i a}","ee phd oie ce oe ae a 2 public abstract class animal taq 3 int age; y 4 string name; public abstract void makenoise( public void printname( system.out.println(""my name is name) 11 172 writable smart insert ]4:15:60 i a}",62,39,useful
v3,Java,27,270.0,C:\NCKH\VIDEO_LEARNING_RESEARCH\data\processed\keyframes\v3\v3_00270s.png,"Eile Edit Source Refactor Navigate Search Project Run Window Help i ty BB wraiaiwgs ih Wik Ov @v O vik Evi Qvib yr Av EF Er >~ a ms y 2 public abstract class Animal { | 3 int age; e | 4 String name; = eS 5 3 public abstract void makeNoise(); rj public void printName() { System.out.println(""My name is "" + name); } 11 } 12 > N | Writabie |smarinen (|6:3319) i y","eile edit source refactor navigate search project run window help i ty bb wraiaiwgs ih wik ov v o vik evi qvib yr av ef er a ms y 2 public abstract class animal 3 int age; e 4 string name; es 5 3 public abstract void makenoise( rj public void printname( system.out.println(""my name is name) 11 12 n writabie smarinen 6:3319) i y",76,64,useful
v3,Java,28,280.0,C:\NCKH\VIDEO_LEARNING_RESEARCH\data\processed\keyframes\v3\v3_00280s.png,File Edit Source Refactor Navigate Search Project Run Window Help 2 public interface AnimalStuff { | 3 } MA public absitract void poop(); t- 5} 2 - > \ | writable | Smart insert | 4:13:48 i 1),2 public interface animalstuff 3 ma public absitract void poop( t- 5} 2 writable smart insert 4:13:48 i 1),38,19,useful
v3,Java,29,290.0,C:\NCKH\VIDEO_LEARNING_RESEARCH\data\processed\keyframes\v3\v3_00290s.png,"File Edit Source Refactor Navigate Search Project Run Window Help s 1 4 public class Cat implements K | 3 e 4* public void makeNoise() { = 5 System.out.println( ""Meow"" ); — 6 } 7 8 i} 9 > \ [WRRSIE fect CIEE 4","s 1 4 public class cat implements k 3 e 4* public void makenoise( 5 system.out.println( ""meow"" 6 7 8 i} 9 [wrrsie fect ciee 4",44,26,useful
v3,Java,30,300.0,C:\NCKH\VIDEO_LEARNING_RESEARCH\data\processed\keyframes\v3\v3_00300s.png,"Eile Edit Source Refactor Navigate Search Project Run Window Help = ty BB wei AS @ik~ Or QrO vit ge: PQr-ipyr Bre ver>- a — : ‘ = = Dale J *Catjava & J *Animaljava J *AnimalStuffjava | 9 public class Cat implements AnimalStuffy \ 4 public void sissectams ” | “ a 5 System.out.println(""“Meow""); 3 7 8} 9 > K | writable | Smart insert |2:40¢01) : x","eile edit source refactor navigate search project run window help ty bb wei as ik or qro vit ge: pqr-ipyr bre ver> a dale j *catjava j *animaljava j *animalstuffjava 9 public class cat implements animalstuffy 4 public void sissectams a 5 system.out.println( meow"" 3 7 8} 9 k writable smart insert 2:40 01) x",69,55,useful
v3,Java,31,310.0,C:\NCKH\VIDEO_LEARNING_RESEARCH\data\processed\keyframes\v3\v3_00310s.png,"File Edit Source Refactor Navigate Search Project. Run Window Help —_ at BM ween Ap Vik~OvrQrOrit gr PQripyr Artver>- a i pass — s J AbstractOlassesjava J *Catjava #% J ‘ariqulieve #2 J *AnimalStuftjava s 1 MB public class Cat implements AnimalStuff{ 3 .. 4- public void makeNoise() { — 5 System.out.println( ""Meow"" ); 6 } @Override public void poop() { System.out.println(""Phlbblobpblbop"") ; 2 13 } 14 > | writable | Smart insert |9:23:150 : : x}","file edit source refactor navigate search project. run window help _ at bm ween ap vik ovrqrorit gr pqripyr artver> a i pass s j abstractolassesjava j *catjava j ariqulieve 2 j *animalstuftjava s 1 mb public class cat implements animalstuff{ 3 4- public void makenoise( 5 system.out.println( ""meow"" 6 override public void poop( system.out.println(""phlbblobpblbop"" 2 13 14 writable smart insert 9:23:150 x}",77,63,useful
v3,Java,32,320.0,C:\NCKH\VIDEO_LEARNING_RESEARCH\data\processed\keyframes\v3\v3_00320s.png,File Edit Source Refactor Navigate Search Project Run Window Help Se ty MM wee PSP Ov QO vit Ge WQriBy Arte er >- = a. 1 2 public interface AnimalStuff { MA public void poop); 5} = 6 > K | writable | Smart insert Ja:19@) i 1),se ty mm wee psp ov qo vit ge wqriby arte er a. 1 2 public interface animalstuff ma public void poop) 5} 6 k writable smart insert ja:19 i 1),48,31,useful
v3,Java,33,330.0,C:\NCKH\VIDEO_LEARNING_RESEARCH\data\processed\keyframes\v3\v3_00330s.png,"File Edit Source Refactor Navigate Search Project Run Window Help MB public class Cat ex| implements AnimalStuff{ a 3 .. 4* public void makeNoise() { = 5 System.out.println( ""Meow"" ); : 6 } iE @Override public void poop() { System.out.printin(""Phlbblobpblbop”"" ) ; } 12 13} 14 > 7 | writable | Smart insert | 2:20:21 i a}","mb public class cat ex implements animalstuff{ a 3 4* public void makenoise( 5 system.out.println( ""meow"" 6 ie override public void poop( system.out.printin(""phlbblobpblbop 12 13} 14 7 writable smart insert 2:20:21 i a}",57,33,useful
v3,Java,34,340.0,C:\NCKH\VIDEO_LEARNING_RESEARCH\data\processed\keyframes\v3\v3_00340s.png,"Eile Edit Source Refactor Navigate Search Project Run Window Help ty Berea AS Wiky Ov Qr Orit Cv PQritpy Br eH er>~ a a — 7 za J *Catjava J *Animaljava J *AnimalStuftjava = 2 public interface AnimalStuff { | \"" int age; “. Strin| = public void poop(); 7 7 8 > w | writable | Smart insert |5:8:55 i a?",eile edit source refactor navigate search project run window help ty berea as wiky ov qr orit cv pqritpy br eh er> a a 7 za j *catjava j *animaljava j *animalstuftjava 2 public interface animalstuff int age; strin public void poop( 7 7 8 w writable smart insert 5:8:55 i a,62,52,useful
v3,Java,35,350.0,C:\NCKH\VIDEO_LEARNING_RESEARCH\data\processed\keyframes\v3\v3_00350s.png,"rile Edit Source Refactor Navigate Search Project Run Window Help it BM wea a5 8 Wikv Ov QrO vit Gr PQripyr Ar teer>- a s , S Zi J *Catjava / *Animaljava J *AnimalStuftjava = 2 public interface AnimalStuff { J. : . int age = 1; = String name = ""Lar|""; public void poop(); 8 } 9 > \ | writable | Smart insert [5:21:72 : 1}","rile edit source refactor navigate search project run window help it bm wea a5 8 wikv ov qro vit gr pqripyr ar teer> a s s zi j *catjava *animaljava j *animalstuftjava 2 public interface animalstuff j. int age 1; string name ""lar public void poop( 8 9 writable smart insert [5:21:72 1}",68,53,useful
v3,Java,36,360.0,C:\NCKH\VIDEO_LEARNING_RESEARCH\data\processed\keyframes\v3\v3_00360s.png,Eile Edit Source Refactor Navigate Search Project Run Window Help a iene RMS ee AS PH Ake y Ov QrO vik Cv QriByv Are HEr>~ Z — = ™ 2 public interface AnimalStuff { i < int age = 1; ; ; t he String name = ‘Larry ; public void poop(); | 8 } 9 > \ | writable | Smart insert Ja:14:49 i a},eile edit source refactor navigate search project run window help a iene rms ee as ph ake y ov qro vik cv qribyv are her> z 2 public interface animalstuff i int age 1; t he string name larry public void poop( 8 9 writable smart insert ja:14:49 i a},66,50,useful
v3,Java,37,370.0,C:\NCKH\VIDEO_LEARNING_RESEARCH\data\processed\keyframes\v3\v3_00370s.png,"Poss Sire eter rer er oe ———_—_——— a ty J a } *Catjava J *Animaljava & J *AnimalStuffjava 2 public abstract class Animal { | 3 int age; c ” 4 String name; ne 5 . public abstract void makeNoise(); public void printName() { System.out.println(""My name is "" + name); I } ill} 12 > \ | writable | Smart insert Ja:11:56 : a?","poss sire eter rer er oe _ _ a ty j a *catjava j *animaljava j *animalstuffjava 2 public abstract class animal 3 int age; c 4 string name; ne 5 public abstract void makenoise( public void printname( system.out.println(""my name is name) i ill} 12 writable smart insert ja:11:56 a",64,50,useful
v3,Java,38,380.0,C:\NCKH\VIDEO_LEARNING_RESEARCH\data\processed\keyframes\v3\v3_00380s.png,"2 public abstract class Animal { 3 int age; 7 ! 4 String name;| t . public abstract void makeNoise(); public void printName() { System.out.printlin(""My name is "" + name); } 11 } 2 > K | writabie |smaninen [415260 i y","2 public abstract class animal 3 int age; 7 4 string name; t public abstract void makenoise( public void printname( system.out.printlin(""my name is name) 11 2 k writabie smaninen i y",42,31,useful
v3,Java,39,390.0,C:\NCKH\VIDEO_LEARNING_RESEARCH\data\processed\keyframes\v3\v3_00390s.png,"Eile Edit Source Refactor Navigate Search Project Run Window Help it MG wi aiin £50 Wik-~O-vrQrOvitg- PQripy B- EH E~>- EH — , aie | —_—— J *Catjava J *Animaljaya &% J *AnimalStuftjave s 1 2 public abstract class Animal { | 3 int age; Pa 4 String name;| = 5 a public abstract void makeNoise(); ) public void printName() { System.out.println(""My name is "" + name); | } 11 } 1172 > | writable | Smart insert ]4:15:60 : :","eile edit source refactor navigate search project run window help it mg wi aiin 50 wik- o-vrqrovitg- pqripy b- eh e eh aie _ j *catjava j *animaljaya j *animalstuftjave s 1 2 public abstract class animal 3 int age; pa 4 string name; 5 a public abstract void makenoise( public void printname( system.out.println(""my name is name) 11 1172 writable smart insert ]4:15:60",81,63,useful
v3,Java,40,400.0,C:\NCKH\VIDEO_LEARNING_RESEARCH\data\processed\keyframes\v3\v3_00400s.png,file Edit Source Refactor Navigate Search Project Run Window Help : ty BRS wee AS Mike Ov Ar O vik CrP Ari Br Are Her >~ Z . o = J *Catjava ) “Animaljava J *AnimalStuftjava = 2 public interface AnimalStuff { | 3 a e ) MA public void peop); bk Si} 6 \ | writable | Smart insert Ja:1914) i x,ty brs wee as mike ov ar o vik crp ari br are her z o j *catjava animaljava j *animalstuftjava 2 public interface animalstuff 3 a e ma public void peop) bk si} 6 writable smart insert ja:1914) i x,63,41,useful
v3,Java,41,410.0,C:\NCKH\VIDEO_LEARNING_RESEARCH\data\processed\keyframes\v3\v3_00410s.png,"Ble Edit Source Refactor Navigate Search Project Run Window Help , iy Rw ees ASH Tike Ov Ar Orie CrP Qrib vr Art Her >~ il ee Gita. 2 public abstract class Animal { 3 int age; r 4 String name; by 5 4 public abstract void makeNoise(); public void printName() { System.out.println(""My name is "" + name); } 11 } 12 \ | Writabie | Smart insert Jast:0 i x)","ble edit source refactor navigate search project run window help iy rw ees ash tike ov ar orie crp qrib vr art her il ee gita. 2 public abstract class animal 3 int age; r 4 string name; by 5 4 public abstract void makenoise( public void printname( system.out.println(""my name is name) 11 12 writabie smart insert jast:0 i x)",71,60,useful
v4,SQL,0,0.0,C:\NCKH\VIDEO_LEARNING_RESEARCH\data\processed\keyframes\v4\v4_00000s.png,r NY ST,r ny st,3,3,useful
v4,SQL,1,10.0,C:\NCKH\VIDEO_LEARNING_RESEARCH\data\processed\keyframes\v4\v4_00010s.png,7 = Database Management Cysteme GROUP BY and HAVING clause in SQL,7 database management cysteme group by and having clause in sql,12,11,useful
v4,SQL,2,20.0,C:\NCKH\VIDEO_LEARNING_RESEARCH\data\processed\keyframes\v4\v4_00020s.png,=z =% Database Management Systeme GROUP BY and HAVING clause in SQL nesoacademy.org Sry,=z database management systeme group by and having clause in sql sry,14,12,useful
v4,SQL,3,30.0,C:\NCKH\VIDEO_LEARNING_RESEARCH\data\processed\keyframes\v4\v4_00030s.png,GROUP BY clause in SQL ¥ ' nesoacademy.org oS,group by clause in sql os,9,6,useful
v4,SQL,4,40.0,C:\NCKH\VIDEO_LEARNING_RESEARCH\data\processed\keyframes\v4\v4_00040s.png,GROUP BY clause in SQL Fi &§ © | Gnesoacademy ¥ nesoacademy.org fs,group by clause in sql fi gnesoacademy fs,13,8,useful
v4,SQL,5,50.0,C:\NCKH\VIDEO_LEARNING_RESEARCH\data\processed\keyframes\v4\v4_00050s.png,GROUP BY clause in SQL Fi O) @nesoacademy ¥ nesoacademy.org fs,group by clause in sql fi o) nesoacademy fs,11,9,useful
v4,SQL,6,60.0,C:\NCKH\VIDEO_LEARNING_RESEARCH\data\processed\keyframes\v4\v4_00060s.png,GROUP BY clause in SQL ¥ ' nesoacademy.org oS,group by clause in sql os,9,6,useful
v4,SQL,7,70.0,C:\NCKH\VIDEO_LEARNING_RESEARCH\data\processed\keyframes\v4\v4_00070s.png,GROUP BY clause in SQL ¥ ' nesoacademy.org oS,group by clause in sql os,9,6,useful
v4,SQL,8,80.0,C:\NCKH\VIDEO_LEARNING_RESEARCH\data\processed\keyframes\v4\v4_00080s.png,GROUP BY clause in SQL * Find the number of students jn each class. ' nesoacademy.org oS,group by clause in sql find the number of students jn each class. os,17,14,useful
v4,SQL,9,90.0,C:\NCKH\VIDEO_LEARNING_RESEARCH\data\processed\keyframes\v4\v4_00090s.png,GROUP BY clause in SQL * Find the number of students in each class. * Arranges data into groups. ¥ nesoacademy.org BS,group by clause in sql find the number of students in each class. arranges data into groups. bs,22,18,useful
v4,SQL,10,100.0,C:\NCKH\VIDEO_LEARNING_RESEARCH\data\processed\keyframes\v4\v4_00100s.png,GROUP BY clause in SQL * Find the number of students in each class. * Arranges data into groups. ¥ nesoacademy.org BS,group by clause in sql find the number of students in each class. arranges data into groups. bs,22,18,useful
v4,SQL,11,110.0,C:\NCKH\VIDEO_LEARNING_RESEARCH\data\processed\keyframes\v4\v4_00110s.png,GROUP BY clause in SQL * Find the number of students in each class. * Arranges data into groups. ¥ nesoacademy.org BS,group by clause in sql find the number of students in each class. arranges data into groups. bs,22,18,useful
v4,SQL,12,120.0,C:\NCKH\VIDEO_LEARNING_RESEARCH\data\processed\keyframes\v4\v4_00120s.png,GROUP BY clause in SQL * Find the number of students in each class. * Arranges data into groups. * Groups rows that have same values. ¥ nesoacademy.org oS,group by clause in sql find the number of students in each class. arranges data into groups. groups rows that have same values. os,29,24,useful
v4,SQL,13,130.0,C:\NCKH\VIDEO_LEARNING_RESEARCH\data\processed\keyframes\v4\v4_00130s.png,GROUP BY clause in SQL * Find the number of students in each class. * Arranges data into groups. * Groups rows that have same values. * Often used with aggregate functions. ¥ nesoacademy.org oS,group by clause in sql find the number of students in each class. arranges data into groups. groups rows that have same values. often used with aggregate functions. os,35,29,useful
v4,SQL,14,140.0,C:\NCKH\VIDEO_LEARNING_RESEARCH\data\processed\keyframes\v4\v4_00140s.png,GROUP BY clause in SQL * Find the number of students in each class. * Arranges data into groups. * Groups rows that have same values. * Often used with aggregate functions. ¥ nesoacademy.org oS,group by clause in sql find the number of students in each class. arranges data into groups. groups rows that have same values. often used with aggregate functions. os,35,29,useful
v4,SQL,15,150.0,C:\NCKH\VIDEO_LEARNING_RESEARCH\data\processed\keyframes\v4\v4_00150s.png,fo Th GROUP BY clause Employee eee [TET 102 | Robin | QA | 60000 | Bangalore | 103 | Ala | HR | 35000 | Chennai _| 104 | Yusuf | sv | 68000 | Hyderabad 105 | Rovi_| SYS | 62000 | Bangalore | 106 | Roj_| HR | 45000 | Chennai _| 107 | Toyent | S¥5 | 25000 | Ronchi 108 | Prk | OP | 38000 | Abmedebod “109_|Ne_| HR [23000 | Bongcore ' nesoacademy.org oS,fo th group by clause employee eee [tet 102 robin qa bangalore 103 ala hr chennai _ 104 yusuf sv hyderabad 105 rovi_ sys bangalore 106 roj_ hr chennai _ 107 toyent s 5 ronchi 108 prk op abmedebod 109_ ne_ hr bongcore os,81,44,useful
v4,SQL,16,160.0,C:\NCKH\VIDEO_LEARNING_RESEARCH\data\processed\keyframes\v4\v4_00160s.png,"a hh GROUP BY clause SELECT COUNT(ID), City FROM Employee Employee “tor | John | HR | 50000 | New Delhi 102 | Robin | @A | 60000 | Banscore ""105 [Ae | HR | 35000 | Chennot | “104 | Yusuf | SYS | 68000 | Hyderabed 105_| Revi | SYS | 62000 | Bengolre | “106 | Rei_| HR_| 48000 | Chem _ ~1o7_|Toyont | SYS | 25000 | Ranchi | 108 | Prot | OP | 55000 | Ahmedabod | 109_| Ne | HR [23000 | Bonscore ' nesoacademy.org oS","a hh group by clause select count(id) city from employee employee tor john hr new delhi 102 robin a banscore ""105 [ae hr chennot 104 yusuf sys hyderabed 105_ revi sys bengolre 106 rei_ hr_ chem _ 1o7_ toyont sys ranchi 108 prot op ahmedabod 109_ ne hr bonscore os",93,50,useful
v4,SQL,17,170.0,C:\NCKH\VIDEO_LEARNING_RESEARCH\data\processed\keyframes\v4\v4_00170s.png,"é Ih GROUP BY clause SELECT COUNT(ID), City FROM Employee Employee ior [en | HR | 0000 |New Doi on | Rein |x | c0000 | Berle 0s Aye | HR | 8500 | Chemo os | Re | SYS | 2000 | Bengals oe [fer | WR | 48000 [Chen or eyet | SYS | 25000 | Ranch oe Prk | OP | 38000 | Aimed on [Nei | WR [ 25000 | Benelve ' nesoacademy.org oS",ih group by clause select count(id) city from employee employee ior [en hr 0000 new doi on rein x c0000 berle 0s aye hr 8500 chemo os re sys 2000 bengals oe [fer wr [chen or eyet sys ranch oe prk op aimed on [nei wr benelve os,78,48,useful
v4,SQL,18,180.0,C:\NCKH\VIDEO_LEARNING_RESEARCH\data\processed\keyframes\v4\v4_00180s.png,"iO Th GROUP BY clause SELECT COUNT(ID), City FROM Employee Employee “Tor | john | HR | 0000 | New Deli 102 | Robin | @A | 60000 | Banglore ""105 [Aye | HR | 35000 | Chennot | “104 | Yusuf | SYS | 68000 | Hyderabed ~105_| Revi | S¥5 | 62000 | Bengolre | 106 | Rai_| HR | 48000 | Chem 107 Joyent | 8¥5 | 25000 | Ronchi 108 | Prot | OP | 5000 | Amedabod | ~109_| Ne | HR | 23000 | Bongoore ' nesoacademy.org oS","io th group by clause select count(id) city from employee employee tor john hr 0000 new deli 102 robin a banglore ""105 [aye hr chennot 104 yusuf sys hyderabed 105_ revi s 5 bengolre 106 rai_ hr chem 107 joyent 8 5 ronchi 108 prot op 5000 amedabod 109_ ne hr bongoore os",94,53,useful
v4,SQL,19,190.0,C:\NCKH\VIDEO_LEARNING_RESEARCH\data\processed\keyframes\v4\v4_00190s.png,"a nh GROUP BY clause SELECT COUNT(ID), City FROM Employee Employee “tor | john | HR | 0000 | New Delhi 102 | Robin | @A | 60000 | Benecore ""105 [Ae | HR | 35000 | Chennot | “104 | Yusuf | SYS | 68000 | Hyderabed ~105_| Revi | SYS | 62000 | Bengolre | “106 | Rei_| HR | 48000 | Chem ~107_|Toyont| SYS | 25000 | — Ranchi | 108 | Prk | OP | 38000 | Abmedebod 109_| Nel | HR | 23000 | Bongcore ' nesoacademy.org qs a","a nh group by clause select count(id) city from employee employee tor john hr 0000 new delhi 102 robin a benecore ""105 [ae hr chennot 104 yusuf sys hyderabed 105_ revi sys bengolre 106 rei_ hr chem 107_ toyont sys ranchi 108 prk op abmedebod 109_ nel hr bongcore qs a",94,51,useful
v4,SQL,20,200.0,C:\NCKH\VIDEO_LEARNING_RESEARCH\data\processed\keyframes\v4\v4_00200s.png,"iO Th GROUP BY clause SELECT COUNT(ID), Gity FROM Employee Employee “tor | john | HR | 50000 | New Delhi 102 | Robin | @A | 60000 | Banglore ""105 | Aye | HR | 35000 | Chennot | 104 | Yusuf | SYS | 68000 | Hyderabod ""105 | Revi | S¥5 | 62000 | Bengolre | 106 | Rei_| HR | 48000 | Chemnet _ 107 | Toyent | S¥5 | 25000 | Ronchi 108 | Prot | OP | 55000 | Ahmedabod | 109_|Nel_| HR | 23000 | Bongcore ' nesoacademy.org oS","io th group by clause select count(id) gity from employee employee tor john hr new delhi 102 robin a banglore ""105 aye hr chennot 104 yusuf sys hyderabod ""105 revi s 5 bengolre 106 rei_ hr chemnet _ 107 toyent s 5 ronchi 108 prot op ahmedabod 109_ nel_ hr bongcore os",96,52,useful
v4,SQL,21,210.0,C:\NCKH\VIDEO_LEARNING_RESEARCH\data\processed\keyframes\v4\v4_00210s.png,"a Th GROUP BY clause SELECT COUNT(ID), City FROM Employee Employee “tor | john | HR | 0000 | New Delhi 102 | Robin | @A | 60000 | Boneclore “105 [Aye | HR | 35000 | Chennot | “104 | Yusuf | SYS | 68000 | Hderobod | 105 | Revi | S¥5 | 62000 | Bengolre | 106 | Rei_| HR | 48000 | Chem _ 107 Joyent | S¥5 | 25000 | Ronchi ebro ' nesoacademy.org oS",a th group by clause select count(id) city from employee employee tor john hr 0000 new delhi 102 robin a boneclore 105 [aye hr chennot 104 yusuf sys hderobod 105 revi s 5 bengolre 106 rei_ hr chem _ 107 joyent s 5 ronchi ebro os,80,46,useful
v4,SQL,22,220.0,C:\NCKH\VIDEO_LEARNING_RESEARCH\data\processed\keyframes\v4\v4_00220s.png,"oO Ty GROUP BY clause SELECT COUNT(ID), ony FROM Employee Employee | “Tor | John | HR | 50000 | New Deli | 102 | Robin | @A | 60000 | Bongcore 105 [Ae [HR | 38000 | Chennet 1 Amedabed ~104_| Yusuf | SYS | 68000 | Hrderobod 5 Bongcore | 105_| Revi | SVS | 62000 | Bongolore | 8 Chennai “106 [Rei _| HR | 46000 | Chennai a 107 Jayant | S¥5 | 25000 | Renchi 108 | Prk | OP | 38000 | Ahmedebod Rene | 109 | Nel_| HR | 28000 | Bongolore | nesoacademy.org qs a ea",oo ty group by clause select count(id) ony from employee employee tor john hr new deli 102 robin a bongcore 105 [ae [hr chennet 1 amedabed 104_ yusuf sys hrderobod 5 bongcore 105_ revi svs bongolore 8 chennai 106 [rei _ hr chennai a 107 jayant s 5 renchi 108 prk op ahmedebod rene 109 nel_ hr bongolore qs a ea,104,61,useful
v4,SQL,23,230.0,C:\NCKH\VIDEO_LEARNING_RESEARCH\data\processed\keyframes\v4\v4_00230s.png,"J lin GROUP BY clause SELECT COUNT(ID), City FROM Employee Employee | “ior [en | HR | $00 | New Dei oa | Rein | A | 60000 | Benga 7os_| Abe | HR 8000/[ Che 1 | Aedatod | aor | Yeah | YS | e000 | Fred | stenoses Row | 55 | 000 | Berle af hems) oe | Ras | HR | 8000 | Chea Fsbo} For [eyo 5¥5 | 8000 | Roc oe Prk | OP | 35000 | Aimed poe} oe | Net | | 8000 | Bont nesoacademy.org BS Ny J",j lin group by clause select count(id) city from employee employee ior [en hr 00 new dei oa rein a benga 7os_ abe hr 8000/ che 1 aedatod aor yeah ys e000 fred stenoses row 55 000 berle af hems) oe ras hr 8000 chea fsbo} for [eyo 5 5 8000 roc oe prk op aimed poe} oe net 8000 bont bs ny j,98,64,useful
v4,SQL,24,240.0,C:\NCKH\VIDEO_LEARNING_RESEARCH\data\processed\keyframes\v4\v4_00240s.png,"a lin GROUP BY clause SELECT COUNT(ID), City FROM Employee Employee | ior [en | HR | 0000 | New Di oa | Robin | GA | 0000 | Bangalore os Abe | HR 8000 | Chem oe | Yooh | vs | et000 | dered SF erste | (0s | Rw | 5¥5 | 2000 | Bons a cheer} os | tay | | 000 | Chemet — 1 Hesbed | or eyo) 5¥5 | 8000 | Roc ee pone | on | Nat | HR 000 Bonga SS nesoacademy.org Ny J",a lin group by clause select count(id) city from employee employee ior [en hr 0000 new di oa robin ga 0000 bangalore os abe hr 8000 chem oe yooh vs et000 dered sf erste (0s rw 5 5 2000 bons a cheer} os tay 000 chemet 1 hesbed or eyo) 5 5 8000 roc ee pone on nat hr 000 bonga ss ny j,93,64,useful
v4,SQL,25,250.0,C:\NCKH\VIDEO_LEARNING_RESEARCH\data\processed\keyframes\v4\v4_00250s.png,"J lin GROUP BY clause SELECT COUNT(ID), City FROM Employee Employee | “ior [en | HR | $000 | New Dei oa | Rein | Qn | c0000 | Berle os| Abe | HR 8000 | Chen | Aedatod | aor | Yeah | YS | e000 | Fred | sf tense | as Row | 55 | 000 | Berle os [Rai | HA | 45000 | Chat 1 Hsted | or eyo 5¥5 | 8000 | Roc New deti| ee Pek OP | 38000 | Aired po} oe | Nat | 8000 | Bont nesoacademy.org dS Ny J",j lin group by clause select count(id) city from employee employee ior [en hr 000 new dei oa rein qn c0000 berle os abe hr 8000 chen aedatod aor yeah ys e000 fred sf tense as row 55 000 berle os [rai ha chat 1 hsted or eyo 5 5 8000 roc new deti ee pek op aired po} oe nat 8000 bont ds ny j,100,66,useful
v4,SQL,26,260.0,C:\NCKH\VIDEO_LEARNING_RESEARCH\data\processed\keyframes\v4\v4_00260s.png,"iO Th GROUP BY clause SELECT COUNT(ID), City FROM Employee Employee | tor | John | HR | 50000 | New Deli 102 | Robin | GA | 60000 | Bengolre | ~105_[ Ae | HR | 38000 | Chennat 1 Amedabod ~104_| Yusuf | SYS 68000 | Hrderobod 3 Begone | 105_| Revi | SVS | 62000 | Bongolore | “106 | Rej_| HR | 46000 | Chennot_| | Hirao 107 Jayant | S¥5 | 25000 | Ronchi New eth 108 | Prk | OP | 38000 | Abmedebod 1 Ranchi 109. | Nel_[ HR | 25000 | Bangalore | nesoacademy.org qs a -”",io th group by clause select count(id) city from employee employee tor john hr new deli 102 robin ga bengolre 105_[ ae hr chennat 1 amedabod 104_ yusuf sys hrderobod 3 begone 105_ revi svs bongolore 106 rej_ hr chennot_ hirao 107 jayant s 5 ronchi new eth 108 prk op abmedebod 1 ranchi 109. nel_[ hr bangalore qs a,105,60,useful
v4,SQL,27,270.0,C:\NCKH\VIDEO_LEARNING_RESEARCH\data\processed\keyframes\v4\v4_00270s.png,"iO Th GROUP BY clause SELECT COUNT(ID), City FROM Employee Employee | Tor | John | HR | 50000 | New Delhi | 102 | Robin | @A | 60000 | Bonsclore ~105_[ Aye [HR | 35000 | Chennet | Aimedabod “t04_| Yosuf | S¥S | 68000 | Hyderabod | 5 Bangalore ~105_| Revi | ¥5 | 62000 | Bongolore 8 Chennai “106 [Rei _| HR | 46000 | Chennai | Hider 107 Jayant | S¥5 | 25000 | Ronchi New eth 108 | Prk | OP | 38000 | Abmedebod Rene #00 [Ne [HR | 28000 | Bongslore | nesoacademy.org qs a -",io th group by clause select count(id) city from employee employee tor john hr new delhi 102 robin a bonsclore 105_[ aye [hr chennet aimedabod t04_ yosuf s s hyderabod 5 bangalore 105_ revi 5 bongolore 8 chennai 106 [rei _ hr chennai hider 107 jayant s 5 ronchi new eth 108 prk op abmedebod rene 00 [ne [hr bongslore qs a,104,62,useful
v4,SQL,28,280.0,C:\NCKH\VIDEO_LEARNING_RESEARCH\data\processed\keyframes\v4\v4_00280s.png,"J lin GROUP BY clause SELECT COUNT(ID), City FROM Employee Employee | “ior en | HR $000 | New Dei oa | Rein | On | c0000 | Borers os| Abe | HR 8000 | Chen — a eee af hems) oe | Ras | HR | 8000 | Chea 1) Hested | or eyo) 5¥5 | 8000 | Roc New beti| ee Pek OP | 38000 | Aired | po} oe | Net | 8000 [Bont nesoacademy.org BS Ny y,","j lin group by clause select count(id) city from employee employee ior en hr 000 new dei oa rein on c0000 borers os abe hr 8000 chen a eee af hems) oe ras hr 8000 chea 1) hested or eyo) 5 5 8000 roc new beti ee pek op aired po} oe net 8000 [bont bs ny y,",81,58,useful
v4,SQL,29,290.0,C:\NCKH\VIDEO_LEARNING_RESEARCH\data\processed\keyframes\v4\v4_00290s.png,HAVING clause in SQL * To filter groups based og a specified list of conditions. nesoacademy.org BS,having clause in sql to filter groups based og a specified list of conditions. bs,17,15,useful
v4,SQL,30,300.0,C:\NCKH\VIDEO_LEARNING_RESEARCH\data\processed\keyframes\v4\v4_00300s.png,HAVING clause in SQL Fi O) @nesoacademy w * To filter groups based on a specified list of conditions. nesoacademy.org qd,having clause in sql fi o) nesoacademy w to filter groups based on a specified list of conditions. qd,21,19,useful
v4,SQL,31,310.0,C:\NCKH\VIDEO_LEARNING_RESEARCH\data\processed\keyframes\v4\v4_00310s.png,HAVING clause in SQL Fi (o) @nesoacademy * To filter groups based on a specified list of conditions. ¥ nesoacademy.org gS,having clause in sql fi (o) nesoacademy to filter groups based on a specified list of conditions. gs,21,18,useful
v4,SQL,32,320.0,C:\NCKH\VIDEO_LEARNING_RESEARCH\data\processed\keyframes\v4\v4_00320s.png,HAVING clause in SQL * To filter groups based on a specified list of conditions. * Restricts the results returned by the GROUP BY clause. ¥ nesoacademy.org oS,having clause in sql to filter groups based on a specified list of conditions. restricts the results returned by the group by clause. os,28,24,useful
v4,SQL,33,330.0,C:\NCKH\VIDEO_LEARNING_RESEARCH\data\processed\keyframes\v4\v4_00330s.png,HAVING clause in SQL ¥ * To filter groups based on a specified list of conditions. * Restricts the results returned by the GROUP BY clause. * WHERE keyword cannot be used with aggregate func! nesoacademy.org gS,having clause in sql to filter groups based on a specified list of conditions. restricts the results returned by the group by clause. where keyword cannot be used with aggregate func gs,37,32,useful
v4,SQL,34,340.0,C:\NCKH\VIDEO_LEARNING_RESEARCH\data\processed\keyframes\v4\v4_00340s.png,HAVING clause in SQL * To filter groups based on a specified list of conditions. * Restricts the results returned by the GROUP BY clause. * WHERE keyword cannot be used with aggregate functions. * Groups rows that have same values. nesoacademy.org oS,having clause in sql to filter groups based on a specified list of conditions. restricts the results returned by the group by clause. where keyword cannot be used with aggregate functions. groups rows that have same values. os,43,38,useful
v4,SQL,35,350.0,C:\NCKH\VIDEO_LEARNING_RESEARCH\data\processed\keyframes\v4\v4_00350s.png,HAVING clause in SQL * To filter groups based on a specified list of conditions. * Restricts the results returned by the GROUP BY clause. *& WHERE keyword cannot be used with aggregate functions. * Groups rows that have same values. * Often used with aggregate functions. ¥ nesoacademy.org gS,having clause in sql to filter groups based on a specified list of conditions. restricts the results returned by the group by clause. where keyword cannot be used with aggregate functions. groups rows that have same values. often used with aggregate functions. gs,50,43,useful
v4,SQL,36,360.0,C:\NCKH\VIDEO_LEARNING_RESEARCH\data\processed\keyframes\v4\v4_00360s.png,"oO In HAVING clause in SQL SELECT COUNT(ID), City FROM Employee Employee GROUP BY City HAVING COUNT(ID) >= 2; | ID | Name | Dept | Salary | City ior [en | HR | 0000 |New Doi oa | Rein | QA | c0000 | Berelre 0s Aye | HR | 85000 | Chemo ior | YosF | S¥S | e8000 | Fyerobed os | Rei | SYS | 2000 | Bengals * Fos [Ra | Ht | #8000 [Chen [ey | SYS 8000 | Roc 8 Poth | OP | $8000_| Ahmedabad on [Nei | WR | 25000 | Benelre ' nesoacademy.org oS",oo in having clause in sql select count(id) city from employee employee group by city having count(id) 2; id name dept salary city ior [en hr 0000 new doi oa rein qa c0000 berelre 0s aye hr chemo ior yosf s s e8000 fyerobed os rei sys 2000 bengals fos [ra ht 8000 [chen [ey sys 8000 roc 8 poth op 8000_ ahmedabad on [nei wr benelre os,104,68,useful
v4,SQL,37,370.0,C:\NCKH\VIDEO_LEARNING_RESEARCH\data\processed\keyframes\v4\v4_00370s.png,"a Th HAVING clause in SQL SELECT COUNT(ID), City FROM Employee Employee GROUP BY City HAVING COUNT(ID) >= 2; | ID | Name | Dept | Salary | City ior | John |W [30000 | New Dei oa | Rbin | aA | 60000 | Bengals os Abe | HR 8000-[ Chews or | Yasf | SVS | 6000 | Hyderabad os Row | 5¥5 | 62000-| Benge os Ra | HA | 48000 | Chere or [ey | SYS 8000 | Roc | Pk | OP | 38000 | Aimedobed oe [Nei | HR [28000 | Bengals ' nesoacademy.org oS",a th having clause in sql select count(id) city from employee employee group by city having count(id) 2; id name dept salary city ior john w new dei oa rbin aa bengals os abe hr 8000- chews or yasf svs 6000 hyderabad os row 5 5 benge os ra ha chere or [ey sys 8000 roc pk op aimedobed oe [nei hr bengals os,101,64,useful
v4,SQL,38,380.0,C:\NCKH\VIDEO_LEARNING_RESEARCH\data\processed\keyframes\v4\v4_00380s.png,"fo Nin HAVING clause in SQL SELECT COUNT(ID), City FROM Employee Employee GROUP BY City HAVING COUNT(ID) >= 2; | ID | Name | Dept | Salary | City | + For [dein | HR [0000 | New Dei oa | Rein | QA | c0000 | Benelre 0s Ave | HR | 85000 | Chemo or | Yasf | 55 | 62000 | Hyderabad 0s | Rei | SYS | 2000 | nga ros [fer | WR | #8000 [Cherm or ey | SYS 8000 | Roc 8 Path | OP | $8000_| Ahmedabad on [Nei | wR [25000 | Bengelve nesoacademy.org qs a -",fo nin having clause in sql select count(id) city from employee employee group by city having count(id) 2; id name dept salary city for [dein hr [0000 new dei oa rein qa c0000 benelre 0s ave hr chemo or yasf 55 hyderabad 0s rei sys 2000 nga ros [fer wr 8000 [cherm or ey sys 8000 roc 8 path op 8000_ ahmedabad on [nei wr bengelve qs a,106,68,useful
v4,SQL,39,390.0,C:\NCKH\VIDEO_LEARNING_RESEARCH\data\processed\keyframes\v4\v4_00390s.png,"io Ih HAVING clause in SQL SELECT COUNT(ID), City FROM Employee Employee GROUP BY City HAVING CQUNT(ID) >= 2; | ID | Name | Dept | Salary | City | “Ior | Jobn [HR | 50000 | New Doi ten Robin | GA | 60000 | Bongloe 05 | Abe | HR | 5000 | Chena | Bereslee | oe | Yat | SYS | 68000 | Hyderabad | Pe | Ghemmst || 105 | Rew _| SYS | 62000 | Bonlre 06 | Rei) HR | 45000, | Chemo ter Jaye | S¥5 | 25000 | Ronchi ee | Protk | OP | 38000 | Akmedabod ep | Nei_| HR | 25000,| Bongloe nesoacademy.org qs a -”",io ih having clause in sql select count(id) city from employee employee group by city having cqunt(id) 2; id name dept salary city ior jobn [hr new doi ten robin ga bongloe 05 abe hr 5000 chena bereslee oe yat sys hyderabad pe ghemmst 105 rew _ sys bonlre 06 rei) hr chemo ter jaye s 5 ronchi ee protk op akmedabod ep nei_ hr bongloe qs a,118,68,useful
v4,SQL,40,400.0,C:\NCKH\VIDEO_LEARNING_RESEARCH\data\processed\keyframes\v4\v4_00400s.png,"a Th, GROUP BY clause SELECT COUNT(ID), City FROM Employee Employee | or | John | HR | 50000 | New Dali ror | Robin | A | 60000 | Bongo | 105 | Ae | HR | 35000 | Chemoi | | Aimed 5 Bongslore | 10s | Revi | SYS | 62000 | Borasore | 2 | Chen 106 | Re} | HR | 48000 | Chennat— 1 ierabod 107 [Joyo | SYS | 25000) Ronchi New Dei 108 | Pronk | OP | 35000 | Ahmedabod | Rene 109 | Nei | HR | 25000 | Boraclore_| nesoacademy.org qs a -","a th, group by clause select count(id) city from employee employee or john hr new dali ror robin a bongo 105 ae hr chemoi aimed 5 bongslore 10s revi sys borasore 2 chen 106 re} hr chennat 1 ierabod 107 [joyo sys ronchi new dei 108 pronk op ahmedabod rene 109 nei hr boraclore_ qs a",104,56,useful
v4,SQL,41,410.0,C:\NCKH\VIDEO_LEARNING_RESEARCH\data\processed\keyframes\v4\v4_00410s.png,"fo a HAVING clause in SQL SELECT COUNT(ID), City FROM Employee Employee GROUP BY City HAVING COUNTI(ID) >= 2; | ID | Name | Dept | Salary | City | ior | John |W | 30000 | New Dei oa | bin | OA | 60000 | Bengals 7s| Abe | HR | 2000 | Chemet — 5 Bows) (oe | Yu | SYS [e000 | Herbed | aT Ghent | | Ra | 8 | 000,| Bangle os Ra | HA | 1800 | Chere or | eyo | SYS | 000-| Roni — [Prk | OP | 35000 | Aimedobed oe [Nei | HR [28000 | Bengals nesoacademy.org qs a -","fo a having clause in sql select count(id) city from employee employee group by city having counti(id) 2; id name dept salary city ior john w new dei oa bin oa bengals 7s abe hr 2000 chemet 5 bows) (oe yu sys [e000 herbed at ghent ra 8 000, bangle os ra ha 1800 chere or eyo sys 000- roni [prk op aimedobed oe [nei hr bengals qs a",113,69,useful
v4,SQL,42,420.0,C:\NCKH\VIDEO_LEARNING_RESEARCH\data\processed\keyframes\v4\v4_00420s.png,"io Ih HAVING clause in SQL SELECT COUNT(ID), City FROM Employee Employee GROUP BY City HAVING COUNT(ID) >= 2; | ID | Name | Dept | Salary | City | Tor | Jobe | HR | 50000 | New Doi ien_| Robin | GA | 60000 | Bonglore 05 | Abe | HR | 5000 | Chest | Bereslre | 0 | Weak |) SYS | 68000) Frdeabod Pe | Ghemmst | | 05 | Re $¥5 | 62000 | Bonlre tee | Rei | HR | 45000.| Chemo “ter ayo | S¥5 | 25000 | Ronchi ee | Protk | OF | 38000 | Akmedabod iep | Nei_| HR | 25000 | Bongloe nesoacademy.org qs a -”",io ih having clause in sql select count(id) city from employee employee group by city having count(id) 2; id name dept salary city tor jobe hr new doi ien_ robin ga bonglore 05 abe hr 5000 chest bereslre 0 weak sys frdeabod pe ghemmst 05 re 5 bonlre tee rei hr chemo ter ayo s 5 ronchi ee protk of akmedabod iep nei_ hr bongloe qs a,118,67,useful
v4,SQL,43,430.0,C:\NCKH\VIDEO_LEARNING_RESEARCH\data\processed\keyframes\v4\v4_00430s.png,"io > HAVING clause in SQL SELECT COUNT(ID), City FROM Employee Employee ry GROUP BY City HAVING COUNT(ID) >= 2; | ID | Name | Dept | Salary | City | ior | John | wR [30000 | New Dei oa | bin | aA | 60000 | Bengals 0s_| Abe | HR | 8000 | Cemet — oe | Yeoh |v | e000 | Herbed af chem | ae Ra | | 000 | Bele os [Rat | HA | 1800 | Cheat [ey | SYS 8000 | Roc os Praik | OF | 38000 | Ameo or | Nel | HR 2000-[ Bans nesoacademy.org qs = -",io having clause in sql select count(id) city from employee employee ry group by city having count(id) 2; id name dept salary city ior john wr new dei oa bin aa bengals 0s_ abe hr 8000 cemet oe yeoh v e000 herbed af chem ae ra 000 bele os [rat ha 1800 cheat [ey sys 8000 roc os praik of ameo or nel hr 2000- bans qs,109,67,useful
v4,SQL,44,440.0,C:\NCKH\VIDEO_LEARNING_RESEARCH\data\processed\keyframes\v4\v4_00440s.png,f Ih Homework Employee * [| ow [oon [Sey [ Sy Tor | John | HR | 50000 | New Delhi 102 | Robin | QA | 60000 | Bangalore _ 103 | Alya | HR | 35000 | Chennai 104 | Yusuf | SYS | 68000 | Hyderabad _ 105 | Ravi | SYS | 62000 | Bangalore _ 106 | Raj | HR | 45000 | Chennai or [Joe |5¥5 | 8000 | Ree oo | Prank [OF | 3000 | Ainedbad | roe |e [HA [000 | Bona ' nesoacademy.org oS,f ih homework employee ow [oon [sey sy tor john hr new delhi 102 robin qa bangalore _ 103 alya hr chennai 104 yusuf sys hyderabad _ 105 ravi sys bangalore _ 106 raj hr chennai or [joe 5 5 8000 ree oo prank [of 3000 ainedbad roe e [ha [000 bona os,94,53,useful
v4,SQL,45,450.0,C:\NCKH\VIDEO_LEARNING_RESEARCH\data\processed\keyframes\v4\v4_00450s.png,a Th Homework Employee 1. Find the department wise count of | ID | Name | Dept | Salary City | all employees “tor | John [HR | 50000 | New Deli | 2. Hoy many departments have | 102 | Robin | QA | 60000 | Bangalore | ~105| Aye | HR 33000 | Chennet “04 | Yusuf | SYS | 68000 | Hrderobod | “105 | Rew | SYS | 62000 | Bongslore _ “t06 | Ret | HR | 45000 | Chennat “tor [Jayant | SYS | 25000 | Ranchi 108 | Pratik | OP | 35000 | Abmedebod | “109 | Nel | HR] 25000 | Bongslore nesoacademy.org fS = -,a th homework employee 1. find the department wise count of id name dept salary city all employees tor john [hr new deli 2. hoy many departments have 102 robin qa bangalore 105 aye hr chennet 04 yusuf sys hrderobod 105 rew sys bongslore _ t06 ret hr chennat tor [jayant sys ranchi 108 pratik op abmedebod 109 nel hr] bongslore fs,115,62,useful
v4,SQL,46,460.0,C:\NCKH\VIDEO_LEARNING_RESEARCH\data\processed\keyframes\v4\v4_00460s.png,G a Homework Employee 1. Find the department wise count of | ID | Name | Dept | Salary | City | Tengtaes ior | John |W | 30000 | New Dei teats 08 ae Ht [ 8000 [Chea os Row | 5¥5 | 61000-| Benge os Rai HA | 1800 | Chere | eyo | SYS | 8000/| Roni — oe [Nei | HR [28000 | Bengals nesoacademy.org = -,g a homework employee 1. find the department wise count of id name dept salary city tengtaes ior john w new dei teats 08 ae ht 8000 [chea os row 5 5 benge os rai ha 1800 chere eyo sys 8000/ roni oe [nei hr bengals,71,46,useful
v4,SQL,47,470.0,C:\NCKH\VIDEO_LEARNING_RESEARCH\data\processed\keyframes\v4\v4_00470s.png,"13 26 zo%. = v So) 2 Get Fi @nesoacademy Ik= >i Neso Academy ' App @nesoacademy 532 G46 03 + C PROGRAMMING — @nesoacademy Static and Dynamic Scoping (Part 1) * q n . < Comments Bookmark Download Share Up next __A Stare & Piano) Static and Dynamic i ems Scoping (Part 1) a3 [Crvpensios J Diem) Static and Dynamic i , [- } Scoping (Part 2) _ accecy 1"" Y Gia] © Static and Dynamic t Scoping (Part 3) $19 11 LC Pregrameniog 4 aaehine ineeeee) Static and Dynamic : Scoping (Part 4)","13 26 zo v so) 2 get fi nesoacademy ik= >i neso academy app nesoacademy 532 g46 03 c programming nesoacademy static and dynamic scoping (part 1) q n comments bookmark download share up next __a stare piano) static and dynamic i ems scoping (part 1) a3 [crvpensios j diem) static and dynamic i scoping (part 2) _ accecy 1"" y gia] static and dynamic t scoping (part 3) 19 11 lc pregrameniog 4 aaehine ineeeee) static and dynamic scoping (part 4)",95,82,useful
v5,Java,0,0.0,C:\NCKH\VIDEO_LEARNING_RESEARCH\data\processed\keyframes\v5\v5_00000s.png,G BB versrroject ~ Version control ~ CurentFiey > O& : &Qeg- a x! Project ~ @Mainjava « i fa see © EQ MyFirstProject ©\Usors\H4t 1 -@ > Didea ee 2(> public class Main { » Ose GMain 3) public static void main(String[] args) { @ .gtignore © MyfirstProject.int 4 > Ub External Libraries . . . EP Scratches and Consoles 5 // Interface = A blueprint for a class that specifies a set of abstract methods é Hil that implementing classes MUST define. 7 // Supports multiple inheritance-like behavior. 9 } 1 } ® (cs) 0} ye : OMyFirstProject > src > @ Main > @} main SB LF UTF-B 4spaces of,g bb versrroject curentfiey o qeg- a x project mainjava i fa see eq myfirstproject usors h4t 1 didea ee 2( public class main ose gmain 3) public static void main(string[ args) .gtignore myfirstproject.int 4 ub ep 5 interface a blueprint for a class that specifies a set of abstract methods hil that implementing classes must define. 7 supports multiple inheritance-like behavior. 9 1 (cs) 0} ye omyfirstproject src main main sb lf utf-b 4spaces of,113,76,useful
v5,Java,1,10.0,C:\NCKH\VIDEO_LEARNING_RESEARCH\data\processed\keyframes\v5\v5_00010s.png,Pt) BB merstrroect ~ Version control ~ CurentFiey & & ? &Qet- a x! o Project ~ @ Main java * : Be see YER MyFirstProject ©:\Ucors\He 1 - @ > Bideo ats 2(> public class Main { @Man 3p public static vqid main(String[] args) { @ grignore ; B MyFirstProject.int 4 > Ub Externaé Libraries . . . E? Scratches and Consoles 5 ° // [Interface = A blueprint for a class that specifies a set of abstract methods : // that implementing classes MUST define. 7 // Supports multiple inheritance-like behavior. 9 } 10 } ® B ® SURC RINE — . porn OMyfirstProject > src > G@ Main > § main 5:12 (@chars) LF UTF-6 4spaces of,pt) bb merstrroect curentfiey qet- a x o project main java be see yer myfirstproject ucors he 1 bideo ats 2( public class main man 3p public static vqid main(string[ args) grignore b myfirstproject.int 4 ub externa libraries e 5 [interface a blueprint for a class that specifies a set of abstract methods that implementing classes must define. 7 supports multiple inheritance-like behavior. 9 10 b surc rine porn omyfirstproject src g main main 5:12 chars) lf utf-6 4spaces of,120,80,useful
v5,Java,2,20.0,C:\NCKH\VIDEO_LEARNING_RESEARCH\data\processed\keyframes\v5\v5_00020s.png,"G BB mversirroect ~ Version control ~ CurentFiey > & : &Qe- a x! [B) Project ~ @ Mon java» : A see ¥ CQ MyFirstProject © \Ucors\H4F 1 “~ @ > D jdeo we 2(> ‘lic class Main { Man 3(> public static void main(String[] args) { @ .otignore © MyFirstProject.int 4 > th Externat Libraries . = IP Scratches and Consoles 5 // InterFace = A blueprint for a class that specifies a set of abstract methods 6 // that implementing classes MUST define. a ) // Supports multiple inheritance-Like behavior.| 9 } ® [2 ® SURCSRIRE "" obi OMyfirstProject > src > GMain > § main 7:68 LF UTF-B 4spacos of",g bb mversirroect curentfiey qe- a x [b) project mon java a see cq myfirstproject ucors h4f 1 d jdeo we 2( lic class main man 3( public static void main(string[ args) .otignore myfirstproject.int 4 th externat libraries ip 5 interface a blueprint for a class that specifies a set of abstract methods 6 that implementing classes must define. a supports multiple inheritance-like behavior. 9 [2 surcsrire obi omyfirstproject src gmain main 7:68 lf utf-b 4spacos of,114,77,useful
v5,Java,3,30.0,C:\NCKH\VIDEO_LEARNING_RESEARCH\data\processed\keyframes\v5\v5_00030s.png,G SB mvrrsirroect » Version control ~ Curentfiey BD & : &Qeg- a x! [B) Project ~ @ Main java * if wee -¥ DQ MyFiestProject (:\Ucurs\HF 1 ~ @ > Dideo as 2(> ‘lic class Main { GMan 3(> public static void main(String[] args) { gtiqnore GB Myf irstProject.int 4 > Ub External Libraries = Ri - B® Scratches and Consoles 5 ¢ // Interface = A blueprint for a class that specifies a set of abstract methods é // Tthat implementing classes MUST define. 7 // Supports multiple inheritance-like behavior. 9 } ® [oy ® SURC ORIN » porn OMyfirstProject > src > G@Main > §) main $:21(@chars) LF UTF-B 4spaces of,g sb mvrrsirroect curentfiey bd qeg- a x [b) project main java if wee dq myfiestproject ucurs hf 1 dideo as 2( lic class main gman 3( public static void main(string[ args) gtiqnore gb myf irstproject.int 4 ub ri b 5 interface a blueprint for a class that specifies a set of abstract methods tthat implementing classes must define. 7 supports multiple inheritance-like behavior. 9 [oy surc orin porn omyfirstproject src g main main :21( chars) lf utf-b 4spaces of,114,80,useful
v5,Java,4,40.0,C:\NCKH\VIDEO_LEARNING_RESEARCH\data\processed\keyframes\v5\v5_00040s.png,Gi BB rerstrroject - Varsion control » CurentFiey > & } &2Qe- oo x’ [Project ~ E Manjave i @ vee» EQ MyFiestProject OU cors\HF 1 ~ @ > DB ideo aE 2(> public class Main { Ra 3p public static void main(String[] args) { eusersnoneeet 4 T > th External Libraries . . . B® scratches and Consoles 5 // Interface = A blueprint for a class that specifies a set of abstract methods é // that implementing classes MUST define. 7 iii Supports multiple inheritance-Like behavior. . New Java Class. ° k © heme 1 } © class © Wtertace ® Record © Enum @ Annotation @® Exception ® io) ® SURE SRINE OMyfirstProject > src > @Main > §) main 7:68 LF UTF-8 4spaces of,gi bb rerstrroject varsion control curentfiey 2qe- oo x [project e manjave i vee eq myfiestproject ou cors hf 1 db ideo ae 2( public class main ra 3p public static void main(string[ args) eusersnoneeet 4 t th b 5 interface a blueprint for a class that specifies a set of abstract methods that implementing classes must define. 7 iii supports multiple inheritance-like behavior. new java class. k heme 1 class wtertace record enum annotation exception io) sure srine omyfirstproject src main main 7:68 lf 4spaces of,128,87,useful
v5,Java,5,50.0,C:\NCKH\VIDEO_LEARNING_RESEARCH\data\processed\keyframes\v5\v5_00050s.png,re) ‘Ble Eat Yow | tavante gate Code Bofactor Buld Run Tools VCS Window Hop Current Fis t 2aQem - o x! G tew > Project... : la © Qpen. Project from Existing Sources... ai-~ @ Bacoos Proyecie > Project fromtyersion Conteot... ce Prey { rca Eciecs Module... & Sepungs... Curt Alt+S Module from Existing Sources... C) Project Structure... CHrivAlteSHU*S © Java Class File Properties > & kotlin class/Fite Local History > = Fite B Save an CirleS 0 Scratch File Cirle AlteShitteinsert & Reload All from Disk CirleAitey — @ Package Repar IDE package-intojava invalidate Caches... @ module-info.java Manage IDE Sattings > <> HTML Fite Now Projects Sotup > @ Resource Bundio Save Fie as Tempjate... ® EditorContig File Export > © Swing UI Designer > @ Print... Power Save Mode Ext ® 8 o) -—_ p poral OMyFirstProject > sro > @DPrey R88 CFF TFB Aspnes ft,re) ble eat yow tavante gate code bofactor buld run tools vcs window hop current fis t 2aqem o x g tew project. la qpen. project from existing sources. ai- bacoos proyecie project fromtyersion conteot. ce prey rca eciecs module. sepungs. curt alt+s module from existing sources. c) project structure. chrivalteshu*s java class file properties kotlin class/fite local history fite b save an cirles 0 scratch file cirle alteshitteinsert reload all from disk cirleaitey package repar ide package-intojava invalidate caches. module-info.java manage ide sattings html fite now projects sotup resource bundio save fie as tempjate. editorcontig file export swing ui designer print. power save mode ext 8 o) _ p poral omyfirstproject sro dprey r88 cff tfb aspnes ft,149,119,useful
v5,Java,6,60.0,C:\NCKH\VIDEO_LEARNING_RESEARCH\data\processed\keyframes\v5\v5_00060s.png,G = GB myFestProject ~ Version control ~ rk Curentfiey D> O : 2ag- a x 1D Project ~ BMainjava — @ Proyjava x @) Predator java : ie | SA Tighe kcnci public interface Prey { ain ie > Clout 5 » Ose : Gain © Predator 3 @ grignore } Bi MyFirstProjoct.imt 5 > ti External Libraries ~ B Scraichos and Consoles ® [2] fe) sare p poral,g gb myfestproject rk curentfiey d> o 2ag- a x 1d project bmainjava proyjava x predator java ie sa tighe kcnci public interface prey ain ie clout 5 ose gain predator 3 grignore bi myfirstprojoct.imt 5 ti b scraichos and consoles [2] fe) sare p poral,70,46,useful
v5,Java,7,70.0,C:\NCKH\VIDEO_LEARNING_RESEARCH\data\processed\keyframes\v5\v5_00070s.png,re) = WB vytiesroject » Version control Curentfley DO &Qe- oso x' o Project ~ 8 Main java © Proyjava * —@ Predator java : al eens 1 public interface Prey { a: ‘ee > Clout 5 Gan j * oe 3 void fled()|; Oprey 4 } @ grignore © MyrirsrProject int 5 > tih External Libraries . © Scratches and Consoles ® 8 © Sar ORIE p poertil OMyFirstProject > src > @ Prey > @ flee 1:22 (4 chars} CRLF UTF-8 4spaces of,re) wb vytiesroject curentfley do qe- oso x' o project 8 main java proyjava predator java al eens 1 public interface prey a: ee clout 5 gan j oe 3 void fled( oprey 4 grignore myrirsrproject int 5 tih 8 sar orie p poertil omyfirstproject src prey flee 1:22 (4 chars} crlf 4spaces of,85,54,useful
v5,Java,8,80.0,C:\NCKH\VIDEO_LEARNING_RESEARCH\data\processed\keyframes\v5\v5_00080s.png,G RB versirec~ Version control ~ Curentfley DO &2Qe- oa x' o Project ~ 8 Main. java D Prey.java @ Predator java ?: Oo aie aeens 1 public interface Predator { are le > Diout ) ¥ Ose : : Gan ; . ea 3 void hunt();| @ gtignore Bi MyFicerProject it 5 > th Externat Libraries ~ © Scraichos and Consoles ® 8 0} SURO RInE » posrha OMyFirstProject > src > @) Predator > $ hunt 2:17 CRE UTF-8 4Aspaces of,g rb versirec curentfley do 2qe- oa x' o project 8 main. java d prey.java predator java oo aie aeens 1 public interface predator are le diout ose gan ea 3 void hunt( gtignore bi myficerproject it 5 th externat libraries scraichos and consoles 8 0} suro rine posrha omyfirstproject src predator hunt 2:17 cre 4aspaces of,83,57,useful
v5,Java,9,90.0,C:\NCKH\VIDEO_LEARNING_RESEARCH\data\processed\keyframes\v5\v5_00090s.png,Ps) SB oyFistrroject version control ~ CurentFiey © OG : & ae ao x! © Project ~ 8 Main java Proy java Predator java © Rabbit java 7 Oo an) © Users\HF - . Bir eee 1 public class Rabbit { e > Coat ) » Ose : } Gan 4 I © Predator © Prey @ grignore © MyFirstProject.int > Ob External Libraries B Scratches and Consoles New Java Class © Fish © Class © Wntertace @ Record © Enum @ Annotation @ Exception F e h ® [2] ) mom } ya bourtw OMyfirstProject > src > © Rabbit E21 CRLF UTF-B 4spaces of,ps) sb oyfistrroject curentfiey og ae ao x project 8 main java proy java predator java rabbit java 7 oo an) users hf bir eee 1 public class rabbit e coat ose gan 4 i predator prey grignore myfirstproject.int ob b new java class fish class wntertace record enum annotation exception f e h [2] mom ya bourtw omyfirstproject src rabbit e21 crlf utf-b 4spaces of,106,66,useful
v5,Java,10,100.0,C:\NCKH\VIDEO_LEARNING_RESEARCH\data\processed\keyframes\v5\v5_00100s.png,G = BB vyrsiroect ~ Version control ~ CurrentFiey © OG : &Qemet- a x! o Project ~ © Main java D Prey java ) Predatorjava © Rabbitjava * Fish java © Hawicjava : Oo nf} we C:\Users\HE . ~ aiee © | Seager oT public class Rabbit| { me > Clout ry »- Ose . } @Fish 4 © Hawk . GMan © Predator @ Prey © Raboit @ .gtignore © MyFirstProject.int > th Externat Libraries B Scratches and Consoles ® 8 (0) sao p power OMyfirstProject > src > © Rabbit 1:20 (6 chars) CRLF UTF-8 4spaces of,g bb vyrsiroect currentfiey og qemet- a x o project main java d prey java predatorjava rabbitjava fish java hawicjava oo nf} we c: users he aiee seager ot public class rabbit me clout ry ose fish 4 hawk gman predator prey raboit .gtignore myfirstproject.int th externat libraries b 8 (0) sao p power omyfirstproject src rabbit 1:20 (6 chars) crlf 4spaces of,100,63,useful
v5,Java,11,110.0,C:\NCKH\VIDEO_LEARNING_RESEARCH\data\processed\keyframes\v5\v5_00110s.png,i = BB ryrsterojct ¥ Version control ~ CurrentFiey > O : &Qgmg - oa x) o Project ~ 8 Main java D Proy.java D) Predator java © Rabbit java Fishjava © Hawiejava i; ia ene | public class Rabbit implementsl “cle > Clout 5 xs 2 & OFish 3 © Hawk GMan @ Predator © Proy © Rabott @ gtignore © MyFirstProject.int > th External Libraries B Scratches and Consoles ® 8 (0) saSEnE » aba OMyfirstProject > src > © Rabbit E31 CREF UTF-B 4spaces cf,i bb ryrsterojct currentfiey o qgmg oa x) o project 8 main java d proy.java d) predator java rabbit java fishjava hawiejava i; ia ene public class rabbit implementsl cle clout 5 xs 2 ofish 3 hawk gman predator proy rabott gtignore myfirstproject.int th b 8 (0) sasene aba omyfirstproject src rabbit e31 cref utf-b 4spaces cf,88,57,useful
v5,Java,12,120.0,C:\NCKH\VIDEO_LEARNING_RESEARCH\data\processed\keyframes\v5\v5_00120s.png,G = Bi ynrreieriec - Version control ~ CurentFiey > GO & Qe - a x! Project ~ 8 Main.java D Prey.java ») Predator java © Rabbitjava « = © Fishjava © Hawic jaa i 7a | ee a public class Rabbit implements Prey‘| erar-~ @ > Clout 5 j - One . } OFisn z © Hawk GMen © Predator @ Proy © Raboit @ gtignore © MyFirstProject.int > th External Libraries B Scraichos and Consoles ® 8 (0) saoK v porta OMyFirstProject > src > © Rabbit 1:37 CRLF UTF-8 4spaces gf,g bi ynrreieriec curentfiey go qe a x project 8 main.java d prey.java predator java rabbitjava fishjava hawic jaa i 7a ee a public class rabbit implements prey erar- clout 5 j one ofisn z hawk gmen predator proy raboit gtignore myfirstproject.int th b scraichos and consoles 8 (0) saok v porta omyfirstproject src rabbit 1:37 crlf 4spaces gf,94,59,useful
v5,Java,13,130.0,C:\NCKH\VIDEO_LEARNING_RESEARCH\data\processed\keyframes\v5\v5_00130s.png,G = BB ryersteroject » Version control ~ CurentFiey > O : & Qe - oa x! [B) Project ~ BMainjava © Proyjava «Predator java Rabbit java Fish Jove Hawk ave : see ¥ CQ MyFirstProject ©\Ucors\He ; 7 airr- @ eee 1@ public interface Pney| { > Clout ) v One ‘ @Fish z ; . © Howe 5 Gy void flee(); © Predator © Proy 5 © Raboit . @ .gitignore GO Myf irstProject.int > th Externat Libraries B Scratches and Consoles ® 8 p boven OMyfirstProject > src > @ Prey 1:22 (4 chars} CRLF UTF-8 4spaces of,g bb ryersteroject curentfiey o qe oa x [b) project bmainjava proyjava predator java rabbit java fish jove hawk ave see cq myfirstproject ucors he 7 airr- eee 1 public interface pney clout v one fish z howe 5 gy void flee( predator proy 5 raboit .gitignore go myf irstproject.int th externat libraries b 8 p boven omyfirstproject src prey 1:22 (4 chars} crlf 4spaces of,101,66,useful
v5,Java,14,140.0,C:\NCKH\VIDEO_LEARNING_RESEARCH\data\processed\keyframes\v5\v5_00140s.png,G = Bh pn ersierjec - Version control ~ Curentfiey D> © ? &Qe- a x! o Project ~ 8 Main java ) Prey java ) Predatorjava © Rabbit java * Fish java © Hawk java ; & alberta: = 1 public class Rabbit implements Prey{ os > Dout 9 v Ose : OFish © Hawk 3 q. y © Predator @ Proy S © Raboit ~ @ gtiqnore © MyFirstProject.int > th Externat Libearies B Scratches and Consoles ® 8 o} ance v porta OMyFirstProject > src > © Rabbit 3:6 CRLF UTF-6 4spaces cf,g bh pn ersierjec curentfiey d> qe- a x o project 8 main java prey java predatorjava rabbit java fish java hawk java alberta: 1 public class rabbit implements prey{ os dout 9 v ose ofish hawk 3 q. y predator proy s raboit gtiqnore myfirstproject.int th externat libearies b 8 o} ance v porta omyfirstproject src rabbit 3:6 crlf utf-6 4spaces cf,96,63,useful
v5,Java,15,150.0,C:\NCKH\VIDEO_LEARNING_RESEARCH\data\processed\keyframes\v5\v5_00150s.png,G = BB yFrsteroect » Version control ~ CurentFilay > OG : &Qe- a x! 1D) Project ~ 3 Main java Proy.java ) Predator java © Rabbit java * Fish java Hawi java i 7 eae weer 9 public class Rabbit implements Prey{ ou > Doout ) - Ose . @Fish z . Sie @Override Cn 4@ publicvoid flee(){ - © Rabbit . @ gtignore 6 } GB MyFirstProjectint > th External Libraries 7 } BP Scratches and Consoles saa ® veer [3] 0} » SS OMyfirstProject > src > © Rabbit > @ flee 4&1 CRLF UTF-6 4spaces of,g bb yfrsteroect curentfilay og qe- a x 1d) project 3 main java proy.java predator java rabbit java fish java hawi java i 7 eae weer 9 public class rabbit implements prey{ ou doout ose fish z sie override cn 4 publicvoid flee( rabbit gtignore 6 gb myfirstprojectint th 7 bp saa veer [3] 0} ss omyfirstproject src rabbit flee 4 1 crlf utf-6 4spaces of,100,66,useful
v5,Java,16,160.0,C:\NCKH\VIDEO_LEARNING_RESEARCH\data\processed\keyframes\v5\v5_00160s.png,"G = BB dyFesirrojoct ~ Version control ~ Curentfiey & OG ¢ &Qe- a x! DB Project ~ 8 Main java Proy.java ) Predator java @ Rabbit java * Fishjava Havwic java : me | ee Sn a public class Rabbit implements Prey{ a-*fe > Clout ) »~ Ose ° OFish r4 + Haw @Override oe 4@ public void flee(){ Healt 5 System.out.println(""xThe rabbit is punnink"") ; O .grignore 6 } GO MyFirstProject.int > tb External Libraries 7 } IB Scratches and Consoles ® =) — (a) SrarRInE p pow OMyfirstProject > arc > © Rabbit > @ flee 5:46 CRLF UTF-B 4spacos of","g bb dyfesirrojoct curentfiey og qe- a x db project 8 main java proy.java predator java rabbit java fishjava havwic java me ee sn a public class rabbit implements prey{ a-*fe clout ose ofish r4 haw override oe 4 public void flee( healt 5 system.out.println(""xthe rabbit is punnink"" o .grignore 6 go myfirstproject.int tb 7 ib (a) srarrine p pow omyfirstproject arc rabbit flee 5:46 crlf utf-b 4spacos of",104,69,useful
v5,Java,17,170.0,C:\NCKH\VIDEO_LEARNING_RESEARCH\data\processed\keyframes\v5\v5_00170s.png,!) BB mersttroect ~ Version control ~ CurentFiey > & : &Qeg- a x! o Project ~ @Manjava < © Preyjava ) Predator java Rabbit java © Fish java Hawi java i Fea ves» G3 MyFiestProject ©\Ucors\HF 1 -@ > DB idea ae 2(> public class Main { ire 3p public static void main(String[] args) { Hawk GMan 4 OProy 5 // Interface = A blueprint for a class that specifies a set of abstract methods @ gtignore é // that implementing classes MUST define. Gi MyFirstProject.imt ; : c - . . > th Externat Litearies 7 // Supports multiple inheritance-Like behavior. EB? Scratches and Consoles > 9 Rabbit ral 11 } ® 8 (0) SUBCRIBE ep a porn OMyfirstProject > src > @Main > §) main 928 LF UTF-B 4spaces of,bb mersttroect curentfiey qeg- a x o project manjava preyjava predator java rabbit java fish java hawi java i fea ves g3 myfiestproject ucors hf 1 db idea ae 2( public class main ire 3p public static void main(string[ args) hawk gman 4 oproy 5 interface a blueprint for a class that specifies a set of abstract methods gtignore that implementing classes must define. gi myfirstproject.imt c th externat litearies 7 supports multiple inheritance-like behavior. eb 9 rabbit ral 11 8 (0) subcribe ep a porn omyfirstproject src main main 928 lf utf-b 4spaces of,133,95,useful
v5,Java,18,180.0,C:\NCKH\VIDEO_LEARNING_RESEARCH\data\processed\keyframes\v5\v5_00180s.png,G = Bh pn ersieriec - Version control ~ Curentfiey & OG : &Qegt- a x! o Project ~ @ Main java « ) Proy. java. ) Predator java @ Rabbit java Fish.java Havwic java r : fe see» ER MyFiestProject (:\Ucors\HF 1 ¥ @ > BD jideo are 2(> public class Main { ores 3p public static void main(String[] args) { ©) Hawk Gan 4 © Predator © Proy 5 // Interface = A blueprint for a class that specifies a set of abstract methods © Rabo 3 O .ctignore é // that implementing classes MUST define. Samedi | 7 // Supports multiple inheritance-like behavior. B Scratchos and Consoles - : Rabbit rabbit = new Rabbit(); 11 e rabbit.flee(); ® 8 ——s ® SURCSRINE p peer OMyfirstProject > src > G@Main > & main BLE ——— ns 11:23 LF OUTF-B 4spaces cf,g bh pn ersieriec curentfiey og qegt- a x o project main java proy. java. predator java rabbit java fish.java havwic java r fe see er myfiestproject ucors hf 1 bd jideo are 2( public class main ores 3p public static void main(string[ args) hawk gan 4 predator proy 5 interface a blueprint for a class that specifies a set of abstract methods rabo 3 o .ctignore that implementing classes must define. samedi 7 supports multiple inheritance-like behavior. b scratchos and consoles rabbit rabbit new rabbit( 11 e rabbit.flee( 8 s surcsrine p peer omyfirstproject src g main main ble ns 11:23 lf outf-b 4spaces cf,143,106,useful
v5,Java,19,190.0,C:\NCKH\VIDEO_LEARNING_RESEARCH\data\processed\keyframes\v5\v5_00190s.png,"G SB opertroiec - Version control ~ Curentfiay © OG : &Qeg- a x! o Project ~ 8 Main java D Proy java D Predator java Rabbit java Fish java © Hawicjaa : ie area | public class Hawk implements_PH ae > Clout 5 »~ Ose ‘ } @Fish z © Hawk , GMan © Predator @ Prey © Rabo @ gtignore GB MyFirstProjectint > th External Libraries Scratches and Consoles ® 8 0} SHAT RInE p peer OMyfirstProject > src > © Hawk 1:30 CRLF UTF-8 4apacos of",g sb opertroiec curentfiay og qeg- a x o project 8 main java d proy java d predator java rabbit java fish java hawicjaa ie area public class hawk implements_ph ae clout 5 ose fish z hawk gman predator prey rabo gtignore gb myfirstprojectint th 8 0} shat rine p peer omyfirstproject src hawk 1:30 crlf 4apacos of,89,58,useful
v5,Java,20,200.0,C:\NCKH\VIDEO_LEARNING_RESEARCH\data\processed\keyframes\v5\v5_00200s.png,re) = BB percirojec v Version control ~ Ourentfley D & } &Qe- oa x' o Project ~ 8 Main java ) Proy.java. @ Predator java » Rabbit java Fishjava © Hawyara » : ee oe Gurenrope ie 1 @y public interface Predator { Gia ae ae aes > Clout ) » Ose . : Sia 3Q void hunt(Q); © Predator t @ gtignore © MyFirstProject.imt > tth Externat Libearies B Scratches and Consoles ® 8 p boven OMyfirstProject > src > @ Predator 24 (13 chars) CRLF UTF-8 4Aspaces of,re) bb percirojec v ourentfley d qe- oa x' o project 8 main java proy.java. predator java rabbit java fishjava hawyara ee oe gurenrope ie 1 y public interface predator gia ae ae aes clout ose sia 3q void hunt(q) predator t gtignore myfirstproject.imt tth externat libearies b 8 p boven omyfirstproject src predator 24 (13 chars) crlf 4aspaces of,91,60,useful
v5,Java,21,210.0,C:\NCKH\VIDEO_LEARNING_RESEARCH\data\processed\keyframes\v5\v5_00210s.png,"re) = BB ry fiesirroject » version controt Curentfley D G& i &BQe- oa x' 1D Project ~ 8 Main java ) Prey.java, ) Predator java Rabbit java Fish.java © Hawkjava * i: Ret =) SSeS 1 public class Hawk implements Predator{ “me > Dout 9] v Ose ’ OFish Zz + Onn @Override oe 4 void hunt(){ - © Rabo 5 | @ .gtignore 6 } GB MyFirstProject.int > th Externat Libraries 7 } I Scratches and Consoles == ® posta a] (9) » | OMyfirstProject > arc > @ Hawk > @hunt 5:9 CRLF UTF-8 4spacos of","re) bb ry fiesirroject version controt curentfley d g i bqe- oa x' 1d project 8 main java prey.java, predator java rabbit java fish.java hawkjava i: ret sses 1 public class hawk implements predator{ me dout 9] v ose ofish zz onn override oe 4 void hunt( rabo 5 .gtignore 6 gb myfirstproject.int th externat libraries 7 i posta a] (9) omyfirstproject arc hawk hunt 5:9 crlf 4spacos of",99,69,useful
v5,Java,22,220.0,C:\NCKH\VIDEO_LEARNING_RESEARCH\data\processed\keyframes\v5\v5_00220s.png,"Ps CurrentFiey > OG : B3Qagm- o x' 8) BS Bb mptistproject ~ version control ~ a: : . 7: oOo Project ~ 8 Main java Prey.java ) Predator java Rabbit java Fish.java © Hawi java ae Gal merece see public class Hawk implements Predator{ > D idea > Clout ) »~ Ose . ore 5 @O0verride ae 4@ public void hunt(){ a > "" > "" . O Prey 5 System.out.println(""xThe hawk isk ); © Rabo O gtignore 6 } GB MyFirstProjectint > Ub External Libraries 7 } BP Scratches and Consoles ® o = . whole , 5:38 CRLF UTF-8 4spaces of OMyfirstProject > src > © Hawk > @ hunt","ps currentfiey og b3qagm- o x' 8) bs bb mptistproject a: 7: ooo project 8 main java prey.java predator java rabbit java fish.java hawi java ae gal merece see public class hawk implements predator{ d idea clout ose ore 5 o0verride ae 4 public void hunt( a o prey 5 system.out.println(""xthe hawk isk rabo o gtignore 6 gb myfirstprojectint ub 7 bp o whole 5:38 crlf 4spaces of omyfirstproject src hawk hunt",113,72,useful
v5,Java,23,230.0,C:\NCKH\VIDEO_LEARNING_RESEARCH\data\processed\keyframes\v5\v5_00230s.png,"G = Bh pn ersierojec - Version control ~ Curentfiey & O& : &aQet- oa x! o Project ~ @Manjava * ) Prey.java, ) Predator java © Rabbit java Fish java Hawic java : see YQ MyFiestProject ©:\Ucors\H 1 airv- @ > DB ideo a 2(> public class Main { a 3p public static void main(String[] args) { ©) Hawk GMan 4 © Predator . . - © Proy 5 // Interface = A blueprint for a class that specifies a set of abstract methods e ean é // that implementing classes MUST define. G MyFirstProjectint . . . . . > th Externat Litearies 7 // Supports multiple inheritance-Like behavior. BP Scratches and Consoles : : Rabbit rabbit = new Rabbit(); 10 e Hawk hawk = new Hawk(); 11 12 rabbit.flee(); I 14 } - } ® 8 ® SURE oRIBE p : porn OMYyFirstProject > src > @ Main > §} main 10:32 LF UTF-8 4spaces","g bh pn ersierojec curentfiey o aqet- oa x o project manjava prey.java, predator java rabbit java fish java hawic java see yq myfiestproject ucors h 1 airv- db ideo a 2( public class main a 3p public static void main(string[ args) hawk gman 4 predator proy 5 interface a blueprint for a class that specifies a set of abstract methods e ean that implementing classes must define. g myfirstprojectint th externat litearies 7 supports multiple inheritance-like behavior. bp rabbit rabbit new rabbit( 10 e hawk hawk new hawk( 11 12 rabbit.flee( i 14 8 sure oribe p porn omyyfirstproject src main main 10:32 lf 4spaces",158,106,useful
v5,Java,24,240.0,C:\NCKH\VIDEO_LEARNING_RESEARCH\data\processed\keyframes\v5\v5_00240s.png,is) = B mpistrroject ~ Version control ~ CurentFiey > O ? &Qet- a x! Project ~ @ Man java * Prey java ) Predator java Rabbit java Fish java Hawi java i > Dideo < > Deut } 12 rabbit. flee(); » Ose | OFisn 13 hawk. hunt(); © Hawk GMan 1 © Preda Orey } © Rabe © B.gtignore } Run I Main — Ge a) = %*The rabbit is running away* 6 5 : © The hawk is huntings ® 1} 8 p peer OMyfirstProject > src > @Main > § main 13:21 LE UTF-B 4spaces of,is) b mpistrroject curentfiey o qet- a x project man java prey java predator java rabbit java fish java hawi java i dideo deut 12 rabbit. flee( ose ofisn 13 hawk. hunt( hawk gman 1 preda orey rabe b.gtignore run i main ge a) *the rabbit is running away* 6 5 the hawk is huntings 1} 8 p peer omyfirstproject src main main 13:21 le utf-b 4spaces of,100,68,useful
v5,Java,25,250.0,C:\NCKH\VIDEO_LEARNING_RESEARCH\data\processed\keyframes\v5\v5_00250s.png,"G = BB myFrsroect ~ Version control ~ Curentfiey & OG : &Qet- a x! o Project ~ @Manjava < © Preyjava ) Predator java ©) Rabbit java Fish,java Hawi java i: Pe sey ERMyFirstProject \\sors\HF 4] a2-~ @ > BD jidea a8 2(> public class Main { oe 3pyv public static void main(String[] args) { Hawk Gan 4 @ Predator © Proy 5 vy // Interface = A blueprint for a class that specifies a set of abstract methods © Rabo > @ .tignore 6 // that implementing classes MUST define. 5 me eat taie ] Wy Supports multiple inheritance-like behavior. BP Scratches and Consoles : 9 Rabbit rabbit = new Rabbit(); 10 Hawk hawk = new Hawk(); 11 ry } 14 } ® a) Sear Seint (aj sans p 7 porn OMyfirstProject > src > @Main > G main 1e9 LF UTF-B 4spaces of","g bb myfrsroect curentfiey og qet- a x o project manjava preyjava predator java rabbit java fish,java hawi java i: pe sey ermyfirstproject sors hf 4] a2- bd jidea a8 2( public class main oe 3pyv public static void main(string[ args) hawk gan 4 predator proy 5 vy interface a blueprint for a class that specifies a set of abstract methods rabo .tignore 6 that implementing classes must define. 5 me eat taie wy supports multiple inheritance-like behavior. bp 9 rabbit rabbit new rabbit( 10 hawk hawk new hawk( 11 ry 14 a) sear seint (aj sans p 7 porn omyfirstproject src main g main 1e9 lf utf-b 4spaces of",146,110,useful
v5,Java,26,260.0,C:\NCKH\VIDEO_LEARNING_RESEARCH\data\processed\keyframes\v5\v5_00260s.png,G = BB myFirstProject » Version control ~ Curentfilay > OG ? &Qe- a x! o Project ~ 8 Main. java D Proy.java D Predatcr java © Rabbit java © Fishjava » Hawic java : ¥ o-\Users\Ht . F FAB. Te) SE edict a public class Fish q ‘712 > Clout 5 » Ose . } OFish z © Hawk I Gen © Predator © Proy © Raboit @ gtignore © MyFirstProject.int > Oh External Libraries B Scratches and Consoles Svar ORE ® poral [2] (6) » —— OMyfirstProject > src > © Fish h19 CRE UTF-8 4apaces gf,g bb myfirstproject curentfilay og qe- a x o project 8 main. java d proy.java d predatcr java rabbit java fishjava hawic java o- users ht f fab. te) se edict a public class fish q 712 clout 5 ose ofish z hawk i gen predator proy raboit gtignore myfirstproject.int oh b svar ore poral [2] (6) omyfirstproject src fish h19 cre 4apaces gf,99,64,useful
v5,Java,27,270.0,C:\NCKH\VIDEO_LEARNING_RESEARCH\data\processed\keyframes\v5\v5_00270s.png,"G = BB myprsircect ~ Version control ~ Curentfiey D> OG : &Qeg- a x! o Project ~ 9 Main java ) Proy.java ) Predator java Rabbit java © Fishjave » Hawk java : 4 =) | RRSRERRA TIGRE 7 public class Fish implements Prey, Predatolf oe > Doout 9 » Ose . } OFish z © Hawk GMan © Predator © Proy © Raboit @ .gtignore Gl MyFirstProjectint > th Externa’ Libraries B Scratches and Consoles ® 8 © sant p boven OMyfirstProject > src > © Fish at CRLF UTF-B 4spaces of","g bb myprsircect curentfiey d> og qeg- a x o project 9 main java proy.java predator java rabbit java fishjave hawk java 4 rrsrerra tigre 7 public class fish implements prey, predatolf oe doout 9 ose ofish z hawk gman predator proy raboit .gtignore gl myfirstprojectint th externa libraries b 8 sant p boven omyfirstproject src fish at crlf utf-b 4spaces of",94,62,useful
v5,Java,28,280.0,C:\NCKH\VIDEO_LEARNING_RESEARCH\data\processed\keyframes\v5\v5_00280s.png,"fa — Wh myrestProject Version control ~ Curentfiby > OG &2aQgm- sa x! o Project ~ § Main java Proyjava ) Predator java Rabbit java © Fishjava » Hawic java : 7S mo ee aa public class Fish implements Prey, Predator{ meh a > Clout y e. 3 @Override = Gan aee 4 puby @ gtignore 6 GB MyFirstProject.int 7 > th External Libraries BP Scratches and Consoles ® io (6) Svan yp porta oMyFirstProject > aro > @Fim 8 CRE UTFB A sprcos ft |","fa wh myrestproject curentfiby og 2aqgm- sa x o project main java proyjava predator java rabbit java fishjava hawic java 7s mo ee aa public class fish implements prey, predator{ meh a clout y e. 3 override gan aee 4 puby gtignore 6 gb myfirstproject.int 7 th bp io (6) svan yp porta omyfirstproject aro fim 8 cre utfb a sprcos ft",86,62,useful
v5,Java,29,290.0,C:\NCKH\VIDEO_LEARNING_RESEARCH\data\processed\keyframes\v5\v5_00290s.png,"re = B vyFrsiProject ~ Version control ~ Curentfley D> O& ? &2Qge- oa x' 1D Project 8 Main java ) Prey java ) Predator java Rabbitjva © Fishjova * © Hawk java i is | V RUAN CMewely 1 public class Fish implements Prey, Predator{ peach ee > Dout ) » Ose : OFisn r4 + © Haw @Override oe 4@ public void flee(){ ee 5 System.out.println(""xThe fish is swimming awayk"") ; @ gtignore 6 } GB MyFirstProject.int > th External Libraries 7 } B Scratches and Consoles ® 8 —— (6) alia p poral OMyFirstProject > src > © Fish > © fice S55 CREF UTF-8 4spaces cf","re b vyfrsiproject curentfley d> o 2qge- oa x' 1d project 8 main java prey java predator java rabbitjva fishjova hawk java i is v ruan cmewely 1 public class fish implements prey, predator{ peach ee dout ose ofisn r4 haw override oe 4 public void flee( ee 5 system.out.println(""xthe fish is swimming awayk"" gtignore 6 gb myfirstproject.int th 7 b 8 (6) alia p poral omyfirstproject src fish fice s55 cref 4spaces cf",110,74,useful
v5,Java,30,300.0,C:\NCKH\VIDEO_LEARNING_RESEARCH\data\processed\keyframes\v5\v5_00300s.png,"Po) = BB Frsr00c1 ~ Version control ~ Curentfiey © O ? &4Qes - oa x! Project ~ 8 Main java D Prey java ) Predator java Rabbit java © Fishjava » Hawi java i 7 | eee, public class Fish implements Prey, Predator{ dios! > Dost v One ‘ OFish z 7 eh @Override sa 6G public void flee(){ ae. 5 System.out.println(""*The fish is swimming awayx""); G MyFirstProject.int > Ob External Libraries ""7? B Scratches and Consoles : : @Override j 9@f public void hunt();| 10 } ® 8 — (6) =a p pow OMyfirstProject > src > © Fish > @ hunt 924 CRLF UTF-8 4spacos of","po) bb frsr00c1 curentfiey o 4qes oa x project 8 main java d prey java predator java rabbit java fishjava hawi java i 7 eee, public class fish implements prey, predator{ dios dost v one ofish z 7 eh override sa 6g public void flee( ae. 5 system.out.println( *the fish is swimming awayx"" g myfirstproject.int ob ""7 b override j 9 f public void hunt( 10 8 (6) =a p pow omyfirstproject src fish hunt 924 crlf 4spacos of",109,79,useful
v5,Java,31,310.0,C:\NCKH\VIDEO_LEARNING_RESEARCH\data\processed\keyframes\v5\v5_00310s.png,"ro = BB by Ferro ~ Version control ~ Curentfley > O i Bag -o x’! 'D Project ~ @ Mypiava * Proy.java ) Predator java Rabbit java © Fishjava » Hawic java : es mm | en public class Fish implements Prey, Predator{ a-~t > Dout »~ Osre ° ons 3 @Override oe 4@ public void flee(){ ceed 5 System.out.println(""xThe fish is swimming awayx""); @ gtignore é } GB MyFirstProject.int > th Externat Libraries 7 BP Scratches and Consoles @O0verride @ public void hunt(){ 10 ° System.out.printin(""*The fish is hunting"") ; 11 } 12 } Suarseint e pow 2) (6) » SSS OMyfirstProject > arc > © Fish > @hunt 10:49 CRLF UTF-B 4spacos of","ro bb by ferro curentfley o i bag -o x 'd project mypiava proy.java predator java rabbit java fishjava hawic java es mm en public class fish implements prey, predator{ a- t dout osre ons 3 override oe 4 public void flee( ceed 5 system.out.println(""xthe fish is swimming awayx"" gtignore gb myfirstproject.int th externat libraries 7 bp o0verride public void hunt( 10 system.out.printin( *the fish is hunting"" 11 12 suarseint e pow 2) (6) sss omyfirstproject arc fish hunt 10:49 crlf utf-b 4spacos of",116,84,useful
v5,Java,32,320.0,C:\NCKH\VIDEO_LEARNING_RESEARCH\data\processed\keyframes\v5\v5_00320s.png,G = BB vyeriroect » Version control ~ CurentFiey > & : &Qeg- a x! o Project ~ @ Manjava * ) Prey.java. ) Predator java Rabbit java © Fish java Hawic java : es sey CR MyFirstProject ©:\\Ucors\HF 1 a3 ~ @ > D jdea ca 2(> public class Main { <2 3p public static void main(String[] args) { Hawk GMan 4 © Predator OProy 5 // Interface = A blueprint for a class that specifies a set of abstract methods © Aras é // that implementing classes MUST define. Neri ] // Supports multiple inheritance-like behavior. © Scratches and Consoles ; : Rabbit rabbit = new Rabbit(); 1 Hawk hawk = new Hawk(); 11 Fish fish = new Fish(); 13 fish. flee() || I i } Sune SRR @ potl [2 o p l OMyFirstProject > src > @ Main > @ main 13:21 LF UTF-6 4spaces of,g bb vyeriroect curentfiey qeg- a x o project manjava prey.java. predator java rabbit java fish java hawic java es sey cr myfirstproject ucors hf 1 a3 d jdea ca 2( public class main <2 3p public static void main(string[ args) hawk gman 4 predator oproy 5 interface a blueprint for a class that specifies a set of abstract methods aras that implementing classes must define. neri supports multiple inheritance-like behavior. rabbit rabbit new rabbit( 1 hawk hawk new hawk( 11 fish fish new fish( 13 fish. flee( i i sune srr potl [2 o p l omyfirstproject src main main 13:21 lf utf-6 4spaces of,150,106,useful
v5,Java,33,330.0,C:\NCKH\VIDEO_LEARNING_RESEARCH\data\processed\keyframes\v5\v5_00330s.png,"i) = B mpicsteroject Varsion control ~ Cunentfiey Db O : & Qe - a x) 1D) Project » 8 Main.java ) Proy java ) Predator.java Rabbit java © Fishjava » Hawiejave : @ ~~ Guwresomet cues 4 pUbLic Class Fish implemedts Prey, Predatori{ ie rate @Override oer 4@ public void flee(){ oe 5 System.out.println(""*The fish is swimming away""); 2 grignore é } GB MyFirstProject.int > th External Libraries IP Scratches and Consoles @O0verride @ public void hunt(){ System.out.println(""*The fish is huntingx""); } 2 } ® i) fo) alia p pow OMyfirstProject > src > © Fish 1:44 (8 chars) LF UTF-B 4spaces gf","i) b mpicsteroject varsion control cunentfiey db o qe a x) 1d) project 8 main.java proy java predator.java rabbit java fishjava hawiejave guwresomet cues 4 public class fish implemedts prey, predatori{ ie rate override oer 4 public void flee( oe 5 system.out.println( *the fish is swimming away"" 2 grignore gb myfirstproject.int th ip o0verride public void hunt( system.out.println( *the fish is huntingx"" 2 i) fo) alia p pow omyfirstproject src fish 1:44 (8 chars) lf utf-b 4spaces gf",104,78,useful
v5,Java,34,340.0,C:\NCKH\VIDEO_LEARNING_RESEARCH\data\processed\keyframes\v5\v5_00340s.png,1!) BBB merstrroect ~ version control Curentfisy & O& } &2Qeg- o x! oo Project ~ @ Main java * ) Proy.java ) Predator java Rabbit java Fish.java Hawk java i v7 ~ GumrenPope cues 2 > public class Main { ar--Te a 3 public static void main(String[] args) { Ci // Interface = A blueprint for a class that specifies a set of abstract methods oe! é // that implementing classes MUST define. Cpe 7 // Supports multiple inheritance-like behavior. © MyFirstProject.int > th External Libraries _ | 9 Rabbit rabbit = new Rabbit(); 10 Hawk hawk = new Hawk(); 11 Fish fish = new Fish(); 13 fish. flee(); 14 fish. hunt();| ® 3) fo) baie 3 : port LOMyFirstProject > sro > Man > Sma TFB Asprcos ft |,1 bbb merstrroect curentfisy o 2qeg- o x oo project main java proy.java predator java rabbit java fish.java hawk java i v7 gumrenpope cues 2 public class main ar--te a 3 public static void main(string[ args) ci interface a blueprint for a class that specifies a set of abstract methods oe that implementing classes must define. cpe 7 supports multiple inheritance-like behavior. myfirstproject.int th _ 9 rabbit rabbit new rabbit( 10 hawk hawk new hawk( 11 fish fish new fish( 13 fish. flee( 14 fish. hunt( 3) fo) baie 3 port lomyfirstproject sro man sma tfb asprcos ft,131,98,useful
v5,Java,35,350.0,C:\NCKH\VIDEO_LEARNING_RESEARCH\data\processed\keyframes\v5\v5_00350s.png,"Cc BB vrrsrroect ~ Version control » CurentFiey Db & ? &Qeg- a x! o Project ~ @ Main java « ) Proy java ) Predator.java © Rabbit java © Fish java Hawk java : sss ¥ EQ MyfirstProject c or a az-- @ > D jideo ped 2(> public class Main { | OFisn 3p public static void main(String[] args) { a 5 // Interface = A blueprint for a class that specifies a set of abstract methods Ppt 6 // that implementing classes MUST define. veccaiua, 7 // Supports multiple inheritance-like behavior. BP Scratches and Consoles = 9 Rabbit rabbit = new Rabbit(); 1 Hawk hawk = new Hawk(); 11 Fish fish = new Fish();| 3 fish.flee(); , 14 fish. hunt(); 17 } ® 8 ate s sb","cc bb vrrsrroect curentfiey db qeg- a x o project main java proy java predator.java rabbit java fish java hawk java sss eq myfirstproject c or a az- d jideo ped 2( public class main ofisn 3p public static void main(string[ args) a 5 interface a blueprint for a class that specifies a set of abstract methods ppt 6 that implementing classes must define. veccaiua, 7 supports multiple inheritance-like behavior. bp 9 rabbit rabbit new rabbit( 1 hawk hawk new hawk( 11 fish fish new fish( 3 fish.flee( 14 fish. hunt( 17 8 ate s sb",130,96,useful
v5,Java,36,360.0,C:\NCKH\VIDEO_LEARNING_RESEARCH\data\processed\keyframes\v5\v5_00360s.png,Pa) BB rersirrject - Version control ¥ Curentfiey & & : &Qeg- a x) o Project ~ @ Mainjava = © Proyjava ) Predator java ©) Rabbit java © Fishjava © Hawicjava i see} CQ MyFiestProject ©\Usors\He 1 a2-~ @ > Dideo sees 2(> public class Main { OFish 3p public static void main(String[] args) { © Hawk Oprey // Interface = A blueprint for a class that specifies a set of abstract methods “pee 6 e // that implementing classesf must| define. nce 7 // Supports multiple inheritance-Like behavior. Scratches and Consoles 3 3 Rabbit rabbit = new Rabbit(); 10 Hawk hawk = new Hawk(); 11 Fish fish = new Fish(); 13 fish.flee(); 14 fish.hunt(); ® 8 0} » SSS OMyFirstProject > src > @ Main > G main 6:54(4chars) LF UTF-B 4apaces cf,pa) bb rersirrject curentfiey qeg- a x) o project mainjava proyjava predator java rabbit java fishjava hawicjava i see} cq myfiestproject usors he 1 a2- dideo sees 2( public class main ofish 3p public static void main(string[ args) hawk oprey interface a blueprint for a class that specifies a set of abstract methods pee 6 e that implementing classesf must define. nce 7 supports multiple inheritance-like behavior. 3 3 rabbit rabbit new rabbit( 10 hawk hawk new hawk( 11 fish fish new fish( 13 fish.flee( 14 fish.hunt( 8 0} sss omyfirstproject src main g main 6:54(4chars) lf utf-b 4apaces cf,135,100,useful
v5,Java,37,370.0,C:\NCKH\VIDEO_LEARNING_RESEARCH\data\processed\keyframes\v5\v5_00370s.png,"Cy BB vverstrect ~ arica conic © CurentFiev & O : &2Qe@- 0 x’ o Project ~ @Manjava =< © Prey java ) Predator java Rabbit java © Fish java Hawic java, : & see YER MyFiestProject ©\\isors\i4"" 1 az-~ Te > Dideo ais 2(> public class Main { ™». ore ois 3p public static void main(String[] args) { ©) Hawk Gan ‘ pi 5 2 // Interface = A blueprint for a class that specifies a set of abstract methods | Pp Sees 6 // that implementing classes MUST define. Brae 7 // I Supports multiple inheritance-like behavior. BP Scratches and Consoles 8 9 Rabbit rabbit = new Rabbit(); Hawk hawk = new Hawk(); 11 Fish fish = new Fish(); 13 fish.flee(); 4 fish. hunt(); 1 } 17 } ® 8 0} » —E—_ LOMyFirstProject > sro > GMain > Sma 2B chars) LE UTF-B Aspro ff |","cy bb vverstrect arica conic curentfiev o 2qe 0 x o project manjava prey java predator java rabbit java fish java hawic java, see yer myfiestproject isors i4"" 1 az- te dideo ais 2( public class main ore ois 3p public static void main(string[ args) hawk gan pi 5 2 interface a blueprint for a class that specifies a set of abstract methods pp sees 6 that implementing classes must define. brae 7 i supports multiple inheritance-like behavior. bp 8 9 rabbit rabbit new rabbit( hawk hawk new hawk( 11 fish fish new fish( 13 fish.flee( 4 fish. hunt( 1 17 8 0} e _ lomyfirstproject sro gmain sma 2b chars) le utf-b aspro ff",149,115,useful
