video_id,subject,frame_id,timestamp_sec,duration_sec,frame_interval_sec,image_file,status,capture_method
v1,SQL,0,0,731.521,10,C:\NCKH\VIDEO_LEARNING_RESEARCH\data\processed\ocr_best_integration\keyframes_full\v1\v1_00000s.png,success,
v1,SQL,1,10,731.521,10,C:\NCKH\VIDEO_LEARNING_RESEARCH\data\processed\ocr_best_integration\keyframes_full\v1\v1_00010s.png,success,
v1,SQL,2,20,731.521,10,C:\NCKH\VIDEO_LEARNING_RESEARCH\data\processed\ocr_best_integration\keyframes_full\v1\v1_00020s.png,success,
v1,SQL,3,30,731.521,10,C:\NCKH\VIDEO_LEARNING_RESEARCH\data\processed\ocr_best_integration\keyframes_full\v1\v1_00030s.png,success,
v1,SQL,4,40,731.521,10,C:\NCKH\VIDEO_LEARNING_RESEARCH\data\processed\ocr_best_integration\keyframes_full\v1\v1_00040s.png,success,
v1,SQL,5,50,731.521,10,C:\NCKH\VIDEO_LEARNING_RESEARCH\data\processed\ocr_best_integration\keyframes_full\v1\v1_00050s.png,success,
v1,SQL,6,60,731.521,10,C:\NCKH\VIDEO_LEARNING_RESEARCH\data\processed\ocr_best_integration\keyframes_full\v1\v1_00060s.png,success,
v1,SQL,7,70,731.521,10,C:\NCKH\VIDEO_LEARNING_RESEARCH\data\processed\ocr_best_integration\keyframes_full\v1\v1_00070s.png,success,
v1,SQL,8,80,731.521,10,C:\NCKH\VIDEO_LEARNING_RESEARCH\data\processed\ocr_best_integration\keyframes_full\v1\v1_00080s.png,success,
v1,SQL,9,90,731.521,10,C:\NCKH\VIDEO_LEARNING_RESEARCH\data\processed\ocr_best_integration\keyframes_full\v1\v1_00090s.png,success,
v1,SQL,10,100,731.521,10,C:\NCKH\VIDEO_LEARNING_RESEARCH\data\processed\ocr_best_integration\keyframes_full\v1\v1_00100s.png,success,
v1,SQL,11,110,731.521,10,C:\NCKH\VIDEO_LEARNING_RESEARCH\data\processed\ocr_best_integration\keyframes_full\v1\v1_00110s.png,success,
v1,SQL,12,120,731.521,10,C:\NCKH\VIDEO_LEARNING_RESEARCH\data\processed\ocr_best_integration\keyframes_full\v1\v1_00120s.png,success,
v1,SQL,13,130,731.521,10,C:\NCKH\VIDEO_LEARNING_RESEARCH\data\processed\ocr_best_integration\keyframes_full\v1\v1_00130s.png,success,
v1,SQL,14,140,731.521,10,C:\NCKH\VIDEO_LEARNING_RESEARCH\data\processed\ocr_best_integration\keyframes_full\v1\v1_00140s.png,success,
v1,SQL,15,150,731.521,10,C:\NCKH\VIDEO_LEARNING_RESEARCH\data\processed\ocr_best_integration\keyframes_full\v1\v1_00150s.png,success,
v1,SQL,16,160,731.521,10,C:\NCKH\VIDEO_LEARNING_RESEARCH\data\processed\ocr_best_integration\keyframes_full\v1\v1_00160s.png,success,
v1,SQL,17,170,731.521,10,C:\NCKH\VIDEO_LEARNING_RESEARCH\data\processed\ocr_best_integration\keyframes_full\v1\v1_00170s.png,success,
v1,SQL,18,180,731.521,10,C:\NCKH\VIDEO_LEARNING_RESEARCH\data\processed\ocr_best_integration\keyframes_full\v1\v1_00180s.png,success,
v1,SQL,19,190,731.521,10,C:\NCKH\VIDEO_LEARNING_RESEARCH\data\processed\ocr_best_integration\keyframes_full\v1\v1_00190s.png,success,
v1,SQL,20,200,731.521,10,C:\NCKH\VIDEO_LEARNING_RESEARCH\data\processed\ocr_best_integration\keyframes_full\v1\v1_00200s.png,success,
v1,SQL,21,210,731.521,10,C:\NCKH\VIDEO_LEARNING_RESEARCH\data\processed\ocr_best_integration\keyframes_full\v1\v1_00210s.png,success,
v1,SQL,22,220,731.521,10,C:\NCKH\VIDEO_LEARNING_RESEARCH\data\processed\ocr_best_integration\keyframes_full\v1\v1_00220s.png,success,
v1,SQL,23,230,731.521,10,C:\NCKH\VIDEO_LEARNING_RESEARCH\data\processed\ocr_best_integration\keyframes_full\v1\v1_00230s.png,success,
v1,SQL,24,240,731.521,10,C:\NCKH\VIDEO_LEARNING_RESEARCH\data\processed\ocr_best_integration\keyframes_full\v1\v1_00240s.png,success,
v1,SQL,25,250,731.521,10,C:\NCKH\VIDEO_LEARNING_RESEARCH\data\processed\ocr_best_integration\keyframes_full\v1\v1_00250s.png,success,
v1,SQL,26,260,731.521,10,C:\NCKH\VIDEO_LEARNING_RESEARCH\data\processed\ocr_best_integration\keyframes_full\v1\v1_00260s.png,success,
v1,SQL,27,270,731.521,10,C:\NCKH\VIDEO_LEARNING_RESEARCH\data\processed\ocr_best_integration\keyframes_full\v1\v1_00270s.png,success,
v1,SQL,28,280,731.521,10,C:\NCKH\VIDEO_LEARNING_RESEARCH\data\processed\ocr_best_integration\keyframes_full\v1\v1_00280s.png,success,
v1,SQL,29,290,731.521,10,C:\NCKH\VIDEO_LEARNING_RESEARCH\data\processed\ocr_best_integration\keyframes_full\v1\v1_00290s.png,success,
v1,SQL,30,300,731.521,10,C:\NCKH\VIDEO_LEARNING_RESEARCH\data\processed\ocr_best_integration\keyframes_full\v1\v1_00300s.png,success,
v1,SQL,31,310,731.521,10,C:\NCKH\VIDEO_LEARNING_RESEARCH\data\processed\ocr_best_integration\keyframes_full\v1\v1_00310s.png,success,
v1,SQL,32,320,731.521,10,C:\NCKH\VIDEO_LEARNING_RESEARCH\data\processed\ocr_best_integration\keyframes_full\v1\v1_00320s.png,success,
v1,SQL,33,330,731.521,10,C:\NCKH\VIDEO_LEARNING_RESEARCH\data\processed\ocr_best_integration\keyframes_full\v1\v1_00330s.png,success,
v1,SQL,34,340,731.521,10,C:\NCKH\VIDEO_LEARNING_RESEARCH\data\processed\ocr_best_integration\keyframes_full\v1\v1_00340s.png,success,
v1,SQL,35,350,731.521,10,C:\NCKH\VIDEO_LEARNING_RESEARCH\data\processed\ocr_best_integration\keyframes_full\v1\v1_00350s.png,success,
v1,SQL,36,360,731.521,10,C:\NCKH\VIDEO_LEARNING_RESEARCH\data\processed\ocr_best_integration\keyframes_full\v1\v1_00360s.png,success,
v1,SQL,37,370,731.521,10,C:\NCKH\VIDEO_LEARNING_RESEARCH\data\processed\ocr_best_integration\keyframes_full\v1\v1_00370s.png,success,
v1,SQL,38,380,731.521,10,C:\NCKH\VIDEO_LEARNING_RESEARCH\data\processed\ocr_best_integration\keyframes_full\v1\v1_00380s.png,success,
v1,SQL,39,390,731.521,10,C:\NCKH\VIDEO_LEARNING_RESEARCH\data\processed\ocr_best_integration\keyframes_full\v1\v1_00390s.png,success,
v1,SQL,40,400,731.521,10,C:\NCKH\VIDEO_LEARNING_RESEARCH\data\processed\ocr_best_integration\keyframes_full\v1\v1_00400s.png,success,
v1,SQL,41,410,731.521,10,C:\NCKH\VIDEO_LEARNING_RESEARCH\data\processed\ocr_best_integration\keyframes_full\v1\v1_00410s.png,success,
v1,SQL,42,420,731.521,10,C:\NCKH\VIDEO_LEARNING_RESEARCH\data\processed\ocr_best_integration\keyframes_full\v1\v1_00420s.png,success,
v1,SQL,43,430,731.521,10,C:\NCKH\VIDEO_LEARNING_RESEARCH\data\processed\ocr_best_integration\keyframes_full\v1\v1_00430s.png,success,
v1,SQL,44,440,731.521,10,C:\NCKH\VIDEO_LEARNING_RESEARCH\data\processed\ocr_best_integration\keyframes_full\v1\v1_00440s.png,success,
v1,SQL,45,450,731.521,10,C:\NCKH\VIDEO_LEARNING_RESEARCH\data\processed\ocr_best_integration\keyframes_full\v1\v1_00450s.png,success,
v1,SQL,46,460,731.521,10,C:\NCKH\VIDEO_LEARNING_RESEARCH\data\processed\ocr_best_integration\keyframes_full\v1\v1_00460s.png,success,
v1,SQL,47,470,731.521,10,C:\NCKH\VIDEO_LEARNING_RESEARCH\data\processed\ocr_best_integration\keyframes_full\v1\v1_00470s.png,success,
v1,SQL,48,480,731.521,10,C:\NCKH\VIDEO_LEARNING_RESEARCH\data\processed\ocr_best_integration\keyframes_full\v1\v1_00480s.png,success,
v1,SQL,49,490,731.521,10,C:\NCKH\VIDEO_LEARNING_RESEARCH\data\processed\ocr_best_integration\keyframes_full\v1\v1_00490s.png,success,
v1,SQL,50,500,731.521,10,C:\NCKH\VIDEO_LEARNING_RESEARCH\data\processed\ocr_best_integration\keyframes_full\v1\v1_00500s.png,success,
v1,SQL,51,510,731.521,10,C:\NCKH\VIDEO_LEARNING_RESEARCH\data\processed\ocr_best_integration\keyframes_full\v1\v1_00510s.png,success,
v1,SQL,52,520,731.521,10,C:\NCKH\VIDEO_LEARNING_RESEARCH\data\processed\ocr_best_integration\keyframes_full\v1\v1_00520s.png,success,
v1,SQL,53,530,731.521,10,C:\NCKH\VIDEO_LEARNING_RESEARCH\data\processed\ocr_best_integration\keyframes_full\v1\v1_00530s.png,success,
v1,SQL,54,540,731.521,10,C:\NCKH\VIDEO_LEARNING_RESEARCH\data\processed\ocr_best_integration\keyframes_full\v1\v1_00540s.png,success,
v1,SQL,55,550,731.521,10,C:\NCKH\VIDEO_LEARNING_RESEARCH\data\processed\ocr_best_integration\keyframes_full\v1\v1_00550s.png,success,
v1,SQL,56,560,731.521,10,C:\NCKH\VIDEO_LEARNING_RESEARCH\data\processed\ocr_best_integration\keyframes_full\v1\v1_00560s.png,success,
v1,SQL,57,570,731.521,10,C:\NCKH\VIDEO_LEARNING_RESEARCH\data\processed\ocr_best_integration\keyframes_full\v1\v1_00570s.png,success,
v1,SQL,58,580,731.521,10,C:\NCKH\VIDEO_LEARNING_RESEARCH\data\processed\ocr_best_integration\keyframes_full\v1\v1_00580s.png,success,
v1,SQL,59,590,731.521,10,C:\NCKH\VIDEO_LEARNING_RESEARCH\data\processed\ocr_best_integration\keyframes_full\v1\v1_00590s.png,success,
v1,SQL,60,600,731.521,10,C:\NCKH\VIDEO_LEARNING_RESEARCH\data\processed\ocr_best_integration\keyframes_full\v1\v1_00600s.png,success,
v1,SQL,61,610,731.521,10,C:\NCKH\VIDEO_LEARNING_RESEARCH\data\processed\ocr_best_integration\keyframes_full\v1\v1_00610s.png,success,
v1,SQL,62,620,731.521,10,C:\NCKH\VIDEO_LEARNING_RESEARCH\data\processed\ocr_best_integration\keyframes_full\v1\v1_00620s.png,success,
v1,SQL,63,630,731.521,10,C:\NCKH\VIDEO_LEARNING_RESEARCH\data\processed\ocr_best_integration\keyframes_full\v1\v1_00630s.png,success,
v1,SQL,64,640,731.521,10,C:\NCKH\VIDEO_LEARNING_RESEARCH\data\processed\ocr_best_integration\keyframes_full\v1\v1_00640s.png,success,
v1,SQL,65,650,731.521,10,C:\NCKH\VIDEO_LEARNING_RESEARCH\data\processed\ocr_best_integration\keyframes_full\v1\v1_00650s.png,success,
v1,SQL,66,660,731.521,10,C:\NCKH\VIDEO_LEARNING_RESEARCH\data\processed\ocr_best_integration\keyframes_full\v1\v1_00660s.png,success,
v1,SQL,67,670,731.521,10,C:\NCKH\VIDEO_LEARNING_RESEARCH\data\processed\ocr_best_integration\keyframes_full\v1\v1_00670s.png,success,
v1,SQL,68,680,731.521,10,C:\NCKH\VIDEO_LEARNING_RESEARCH\data\processed\ocr_best_integration\keyframes_full\v1\v1_00680s.png,success,
v1,SQL,69,690,731.521,10,C:\NCKH\VIDEO_LEARNING_RESEARCH\data\processed\ocr_best_integration\keyframes_full\v1\v1_00690s.png,success,
v1,SQL,70,700,731.521,10,C:\NCKH\VIDEO_LEARNING_RESEARCH\data\processed\ocr_best_integration\keyframes_full\v1\v1_00700s.png,success,
v1,SQL,71,710,731.521,10,C:\NCKH\VIDEO_LEARNING_RESEARCH\data\processed\ocr_best_integration\keyframes_full\v1\v1_00710s.png,success,
v1,SQL,72,720,731.521,10,C:\NCKH\VIDEO_LEARNING_RESEARCH\data\processed\ocr_best_integration\keyframes_full\v1\v1_00720s.png,success,
v1,SQL,73,730,731.521,10,C:\NCKH\VIDEO_LEARNING_RESEARCH\data\processed\ocr_best_integration\keyframes_full\v1\v1_00730s.png,success,
v2,Python,0,0,881.041,10,C:\NCKH\VIDEO_LEARNING_RESEARCH\data\processed\ocr_best_integration\keyframes_full\v2\v2_00000s.png,success,
v2,Python,1,10,881.041,10,C:\NCKH\VIDEO_LEARNING_RESEARCH\data\processed\ocr_best_integration\keyframes_full\v2\v2_00010s.png,success,
v2,Python,2,20,881.041,10,C:\NCKH\VIDEO_LEARNING_RESEARCH\data\processed\ocr_best_integration\keyframes_full\v2\v2_00020s.png,success,
v2,Python,3,30,881.041,10,C:\NCKH\VIDEO_LEARNING_RESEARCH\data\processed\ocr_best_integration\keyframes_full\v2\v2_00030s.png,success,
v2,Python,4,40,881.041,10,C:\NCKH\VIDEO_LEARNING_RESEARCH\data\processed\ocr_best_integration\keyframes_full\v2\v2_00040s.png,success,
v2,Python,5,50,881.041,10,C:\NCKH\VIDEO_LEARNING_RESEARCH\data\processed\ocr_best_integration\keyframes_full\v2\v2_00050s.png,success,
v2,Python,6,60,881.041,10,C:\NCKH\VIDEO_LEARNING_RESEARCH\data\processed\ocr_best_integration\keyframes_full\v2\v2_00060s.png,success,
v2,Python,7,70,881.041,10,C:\NCKH\VIDEO_LEARNING_RESEARCH\data\processed\ocr_best_integration\keyframes_full\v2\v2_00070s.png,success,
v2,Python,8,80,881.041,10,C:\NCKH\VIDEO_LEARNING_RESEARCH\data\processed\ocr_best_integration\keyframes_full\v2\v2_00080s.png,success,
v2,Python,9,90,881.041,10,C:\NCKH\VIDEO_LEARNING_RESEARCH\data\processed\ocr_best_integration\keyframes_full\v2\v2_00090s.png,success,
v2,Python,10,100,881.041,10,C:\NCKH\VIDEO_LEARNING_RESEARCH\data\processed\ocr_best_integration\keyframes_full\v2\v2_00100s.png,success,
v2,Python,11,110,881.041,10,C:\NCKH\VIDEO_LEARNING_RESEARCH\data\processed\ocr_best_integration\keyframes_full\v2\v2_00110s.png,success,
v2,Python,12,120,881.041,10,C:\NCKH\VIDEO_LEARNING_RESEARCH\data\processed\ocr_best_integration\keyframes_full\v2\v2_00120s.png,success,
v2,Python,13,130,881.041,10,C:\NCKH\VIDEO_LEARNING_RESEARCH\data\processed\ocr_best_integration\keyframes_full\v2\v2_00130s.png,success,
v2,Python,14,140,881.041,10,C:\NCKH\VIDEO_LEARNING_RESEARCH\data\processed\ocr_best_integration\keyframes_full\v2\v2_00140s.png,success,
v2,Python,15,150,881.041,10,C:\NCKH\VIDEO_LEARNING_RESEARCH\data\processed\ocr_best_integration\keyframes_full\v2\v2_00150s.png,success,
v2,Python,16,160,881.041,10,C:\NCKH\VIDEO_LEARNING_RESEARCH\data\processed\ocr_best_integration\keyframes_full\v2\v2_00160s.png,success,
v2,Python,17,170,881.041,10,C:\NCKH\VIDEO_LEARNING_RESEARCH\data\processed\ocr_best_integration\keyframes_full\v2\v2_00170s.png,success,
v2,Python,18,180,881.041,10,C:\NCKH\VIDEO_LEARNING_RESEARCH\data\processed\ocr_best_integration\keyframes_full\v2\v2_00180s.png,success,
v2,Python,19,190,881.041,10,C:\NCKH\VIDEO_LEARNING_RESEARCH\data\processed\ocr_best_integration\keyframes_full\v2\v2_00190s.png,success,
v2,Python,20,200,881.041,10,C:\NCKH\VIDEO_LEARNING_RESEARCH\data\processed\ocr_best_integration\keyframes_full\v2\v2_00200s.png,success,
v2,Python,21,210,881.041,10,C:\NCKH\VIDEO_LEARNING_RESEARCH\data\processed\ocr_best_integration\keyframes_full\v2\v2_00210s.png,success,
v2,Python,22,220,881.041,10,C:\NCKH\VIDEO_LEARNING_RESEARCH\data\processed\ocr_best_integration\keyframes_full\v2\v2_00220s.png,success,
v2,Python,23,230,881.041,10,C:\NCKH\VIDEO_LEARNING_RESEARCH\data\processed\ocr_best_integration\keyframes_full\v2\v2_00230s.png,success,
v2,Python,24,240,881.041,10,C:\NCKH\VIDEO_LEARNING_RESEARCH\data\processed\ocr_best_integration\keyframes_full\v2\v2_00240s.png,success,
v2,Python,25,250,881.041,10,C:\NCKH\VIDEO_LEARNING_RESEARCH\data\processed\ocr_best_integration\keyframes_full\v2\v2_00250s.png,success,
v2,Python,26,260,881.041,10,C:\NCKH\VIDEO_LEARNING_RESEARCH\data\processed\ocr_best_integration\keyframes_full\v2\v2_00260s.png,success,
v2,Python,27,270,881.041,10,C:\NCKH\VIDEO_LEARNING_RESEARCH\data\processed\ocr_best_integration\keyframes_full\v2\v2_00270s.png,success,
v2,Python,28,280,881.041,10,C:\NCKH\VIDEO_LEARNING_RESEARCH\data\processed\ocr_best_integration\keyframes_full\v2\v2_00280s.png,success,
v2,Python,29,290,881.041,10,C:\NCKH\VIDEO_LEARNING_RESEARCH\data\processed\ocr_best_integration\keyframes_full\v2\v2_00290s.png,success,
v2,Python,30,300,881.041,10,C:\NCKH\VIDEO_LEARNING_RESEARCH\data\processed\ocr_best_integration\keyframes_full\v2\v2_00300s.png,success,
v2,Python,31,310,881.041,10,C:\NCKH\VIDEO_LEARNING_RESEARCH\data\processed\ocr_best_integration\keyframes_full\v2\v2_00310s.png,success,
v2,Python,32,320,881.041,10,C:\NCKH\VIDEO_LEARNING_RESEARCH\data\processed\ocr_best_integration\keyframes_full\v2\v2_00320s.png,success,
v2,Python,33,330,881.041,10,C:\NCKH\VIDEO_LEARNING_RESEARCH\data\processed\ocr_best_integration\keyframes_full\v2\v2_00330s.png,success,
v2,Python,34,340,881.041,10,C:\NCKH\VIDEO_LEARNING_RESEARCH\data\processed\ocr_best_integration\keyframes_full\v2\v2_00340s.png,success,
v2,Python,35,350,881.041,10,C:\NCKH\VIDEO_LEARNING_RESEARCH\data\processed\ocr_best_integration\keyframes_full\v2\v2_00350s.png,success,
v2,Python,36,360,881.041,10,C:\NCKH\VIDEO_LEARNING_RESEARCH\data\processed\ocr_best_integration\keyframes_full\v2\v2_00360s.png,success,
v2,Python,37,370,881.041,10,C:\NCKH\VIDEO_LEARNING_RESEARCH\data\processed\ocr_best_integration\keyframes_full\v2\v2_00370s.png,success,
v2,Python,38,380,881.041,10,C:\NCKH\VIDEO_LEARNING_RESEARCH\data\processed\ocr_best_integration\keyframes_full\v2\v2_00380s.png,success,
v2,Python,39,390,881.041,10,C:\NCKH\VIDEO_LEARNING_RESEARCH\data\processed\ocr_best_integration\keyframes_full\v2\v2_00390s.png,success,
v2,Python,40,400,881.041,10,C:\NCKH\VIDEO_LEARNING_RESEARCH\data\processed\ocr_best_integration\keyframes_full\v2\v2_00400s.png,success,
v2,Python,41,410,881.041,10,C:\NCKH\VIDEO_LEARNING_RESEARCH\data\processed\ocr_best_integration\keyframes_full\v2\v2_00410s.png,success,
v2,Python,42,420,881.041,10,C:\NCKH\VIDEO_LEARNING_RESEARCH\data\processed\ocr_best_integration\keyframes_full\v2\v2_00420s.png,success,
v2,Python,43,430,881.041,10,C:\NCKH\VIDEO_LEARNING_RESEARCH\data\processed\ocr_best_integration\keyframes_full\v2\v2_00430s.png,success,
v2,Python,44,440,881.041,10,C:\NCKH\VIDEO_LEARNING_RESEARCH\data\processed\ocr_best_integration\keyframes_full\v2\v2_00440s.png,success,
v2,Python,45,450,881.041,10,C:\NCKH\VIDEO_LEARNING_RESEARCH\data\processed\ocr_best_integration\keyframes_full\v2\v2_00450s.png,success,
v2,Python,46,460,881.041,10,C:\NCKH\VIDEO_LEARNING_RESEARCH\data\processed\ocr_best_integration\keyframes_full\v2\v2_00460s.png,success,
v2,Python,47,470,881.041,10,C:\NCKH\VIDEO_LEARNING_RESEARCH\data\processed\ocr_best_integration\keyframes_full\v2\v2_00470s.png,success,
v2,Python,48,480,881.041,10,C:\NCKH\VIDEO_LEARNING_RESEARCH\data\processed\ocr_best_integration\keyframes_full\v2\v2_00480s.png,success,
v2,Python,49,490,881.041,10,C:\NCKH\VIDEO_LEARNING_RESEARCH\data\processed\ocr_best_integration\keyframes_full\v2\v2_00490s.png,success,
v2,Python,50,500,881.041,10,C:\NCKH\VIDEO_LEARNING_RESEARCH\data\processed\ocr_best_integration\keyframes_full\v2\v2_00500s.png,success,
v2,Python,51,510,881.041,10,C:\NCKH\VIDEO_LEARNING_RESEARCH\data\processed\ocr_best_integration\keyframes_full\v2\v2_00510s.png,success,
v2,Python,52,520,881.041,10,C:\NCKH\VIDEO_LEARNING_RESEARCH\data\processed\ocr_best_integration\keyframes_full\v2\v2_00520s.png,success,
v2,Python,53,530,881.041,10,C:\NCKH\VIDEO_LEARNING_RESEARCH\data\processed\ocr_best_integration\keyframes_full\v2\v2_00530s.png,success,
v2,Python,54,540,881.041,10,C:\NCKH\VIDEO_LEARNING_RESEARCH\data\processed\ocr_best_integration\keyframes_full\v2\v2_00540s.png,success,
v2,Python,55,550,881.041,10,C:\NCKH\VIDEO_LEARNING_RESEARCH\data\processed\ocr_best_integration\keyframes_full\v2\v2_00550s.png,success,
v2,Python,56,560,881.041,10,C:\NCKH\VIDEO_LEARNING_RESEARCH\data\processed\ocr_best_integration\keyframes_full\v2\v2_00560s.png,success,
v2,Python,57,570,881.041,10,C:\NCKH\VIDEO_LEARNING_RESEARCH\data\processed\ocr_best_integration\keyframes_full\v2\v2_00570s.png,success,
v2,Python,58,580,881.041,10,C:\NCKH\VIDEO_LEARNING_RESEARCH\data\processed\ocr_best_integration\keyframes_full\v2\v2_00580s.png,success,
v2,Python,59,590,881.041,10,C:\NCKH\VIDEO_LEARNING_RESEARCH\data\processed\ocr_best_integration\keyframes_full\v2\v2_00590s.png,success,
v2,Python,60,600,881.041,10,C:\NCKH\VIDEO_LEARNING_RESEARCH\data\processed\ocr_best_integration\keyframes_full\v2\v2_00600s.png,success,
v2,Python,61,610,881.041,10,C:\NCKH\VIDEO_LEARNING_RESEARCH\data\processed\ocr_best_integration\keyframes_full\v2\v2_00610s.png,success,
v2,Python,62,620,881.041,10,C:\NCKH\VIDEO_LEARNING_RESEARCH\data\processed\ocr_best_integration\keyframes_full\v2\v2_00620s.png,success,
v2,Python,63,630,881.041,10,C:\NCKH\VIDEO_LEARNING_RESEARCH\data\processed\ocr_best_integration\keyframes_full\v2\v2_00630s.png,success,
v2,Python,64,640,881.041,10,C:\NCKH\VIDEO_LEARNING_RESEARCH\data\processed\ocr_best_integration\keyframes_full\v2\v2_00640s.png,success,
v2,Python,65,650,881.041,10,C:\NCKH\VIDEO_LEARNING_RESEARCH\data\processed\ocr_best_integration\keyframes_full\v2\v2_00650s.png,success,
v2,Python,66,660,881.041,10,C:\NCKH\VIDEO_LEARNING_RESEARCH\data\processed\ocr_best_integration\keyframes_full\v2\v2_00660s.png,success,
v2,Python,67,670,881.041,10,C:\NCKH\VIDEO_LEARNING_RESEARCH\data\processed\ocr_best_integration\keyframes_full\v2\v2_00670s.png,success,
v2,Python,68,680,881.041,10,C:\NCKH\VIDEO_LEARNING_RESEARCH\data\processed\ocr_best_integration\keyframes_full\v2\v2_00680s.png,success,
v2,Python,69,690,881.041,10,C:\NCKH\VIDEO_LEARNING_RESEARCH\data\processed\ocr_best_integration\keyframes_full\v2\v2_00690s.png,success,
v2,Python,70,700,881.041,10,C:\NCKH\VIDEO_LEARNING_RESEARCH\data\processed\ocr_best_integration\keyframes_full\v2\v2_00700s.png,success,
v2,Python,71,710,881.041,10,C:\NCKH\VIDEO_LEARNING_RESEARCH\data\processed\ocr_best_integration\keyframes_full\v2\v2_00710s.png,success,
v2,Python,72,720,881.041,10,C:\NCKH\VIDEO_LEARNING_RESEARCH\data\processed\ocr_best_integration\keyframes_full\v2\v2_00720s.png,success,
v2,Python,73,730,881.041,10,C:\NCKH\VIDEO_LEARNING_RESEARCH\data\processed\ocr_best_integration\keyframes_full\v2\v2_00730s.png,success,
v2,Python,74,740,881.041,10,C:\NCKH\VIDEO_LEARNING_RESEARCH\data\processed\ocr_best_integration\keyframes_full\v2\v2_00740s.png,success,
v2,Python,75,750,881.041,10,C:\NCKH\VIDEO_LEARNING_RESEARCH\data\processed\ocr_best_integration\keyframes_full\v2\v2_00750s.png,success,
v2,Python,76,760,881.041,10,C:\NCKH\VIDEO_LEARNING_RESEARCH\data\processed\ocr_best_integration\keyframes_full\v2\v2_00760s.png,success,
v2,Python,77,770,881.041,10,C:\NCKH\VIDEO_LEARNING_RESEARCH\data\processed\ocr_best_integration\keyframes_full\v2\v2_00770s.png,success,
v2,Python,78,780,881.041,10,C:\NCKH\VIDEO_LEARNING_RESEARCH\data\processed\ocr_best_integration\keyframes_full\v2\v2_00780s.png,success,
v2,Python,79,790,881.041,10,C:\NCKH\VIDEO_LEARNING_RESEARCH\data\processed\ocr_best_integration\keyframes_full\v2\v2_00790s.png,success,
v2,Python,80,800,881.041,10,C:\NCKH\VIDEO_LEARNING_RESEARCH\data\processed\ocr_best_integration\keyframes_full\v2\v2_00800s.png,success,
v2,Python,81,810,881.041,10,C:\NCKH\VIDEO_LEARNING_RESEARCH\data\processed\ocr_best_integration\keyframes_full\v2\v2_00810s.png,success,
v2,Python,82,820,881.041,10,C:\NCKH\VIDEO_LEARNING_RESEARCH\data\processed\ocr_best_integration\keyframes_full\v2\v2_00820s.png,success,
v2,Python,83,830,881.041,10,C:\NCKH\VIDEO_LEARNING_RESEARCH\data\processed\ocr_best_integration\keyframes_full\v2\v2_00830s.png,success,
v2,Python,84,840,881.041,10,C:\NCKH\VIDEO_LEARNING_RESEARCH\data\processed\ocr_best_integration\keyframes_full\v2\v2_00840s.png,success,
v2,Python,85,850,881.041,10,C:\NCKH\VIDEO_LEARNING_RESEARCH\data\processed\ocr_best_integration\keyframes_full\v2\v2_00850s.png,success,
v2,Python,86,860,881.041,10,C:\NCKH\VIDEO_LEARNING_RESEARCH\data\processed\ocr_best_integration\keyframes_full\v2\v2_00860s.png,success,
v2,Python,87,870,881.041,10,C:\NCKH\VIDEO_LEARNING_RESEARCH\data\processed\ocr_best_integration\keyframes_full\v2\v2_00870s.png,success,
v2,Python,88,880,881.041,10,C:\NCKH\VIDEO_LEARNING_RESEARCH\data\processed\ocr_best_integration\keyframes_full\v2\v2_00880s.png,success,
v3,Java,0,0,419.401,10,C:\NCKH\VIDEO_LEARNING_RESEARCH\data\processed\ocr_best_integration\keyframes_full\v3\v3_00000s.png,success,
v3,Java,1,10,419.401,10,C:\NCKH\VIDEO_LEARNING_RESEARCH\data\processed\ocr_best_integration\keyframes_full\v3\v3_00010s.png,success,
v3,Java,2,20,419.401,10,C:\NCKH\VIDEO_LEARNING_RESEARCH\data\processed\ocr_best_integration\keyframes_full\v3\v3_00020s.png,success,
v3,Java,3,30,419.401,10,C:\NCKH\VIDEO_LEARNING_RESEARCH\data\processed\ocr_best_integration\keyframes_full\v3\v3_00030s.png,success,
v3,Java,4,40,419.401,10,C:\NCKH\VIDEO_LEARNING_RESEARCH\data\processed\ocr_best_integration\keyframes_full\v3\v3_00040s.png,success,
v3,Java,5,50,419.401,10,C:\NCKH\VIDEO_LEARNING_RESEARCH\data\processed\ocr_best_integration\keyframes_full\v3\v3_00050s.png,success,
v3,Java,6,60,419.401,10,C:\NCKH\VIDEO_LEARNING_RESEARCH\data\processed\ocr_best_integration\keyframes_full\v3\v3_00060s.png,success,
v3,Java,7,70,419.401,10,C:\NCKH\VIDEO_LEARNING_RESEARCH\data\processed\ocr_best_integration\keyframes_full\v3\v3_00070s.png,success,
v3,Java,8,80,419.401,10,C:\NCKH\VIDEO_LEARNING_RESEARCH\data\processed\ocr_best_integration\keyframes_full\v3\v3_00080s.png,success,
v3,Java,9,90,419.401,10,C:\NCKH\VIDEO_LEARNING_RESEARCH\data\processed\ocr_best_integration\keyframes_full\v3\v3_00090s.png,success,
v3,Java,10,100,419.401,10,C:\NCKH\VIDEO_LEARNING_RESEARCH\data\processed\ocr_best_integration\keyframes_full\v3\v3_00100s.png,success,
v3,Java,11,110,419.401,10,C:\NCKH\VIDEO_LEARNING_RESEARCH\data\processed\ocr_best_integration\keyframes_full\v3\v3_00110s.png,success,
v3,Java,12,120,419.401,10,C:\NCKH\VIDEO_LEARNING_RESEARCH\data\processed\ocr_best_integration\keyframes_full\v3\v3_00120s.png,success,
v3,Java,13,130,419.401,10,C:\NCKH\VIDEO_LEARNING_RESEARCH\data\processed\ocr_best_integration\keyframes_full\v3\v3_00130s.png,success,
v3,Java,14,140,419.401,10,C:\NCKH\VIDEO_LEARNING_RESEARCH\data\processed\ocr_best_integration\keyframes_full\v3\v3_00140s.png,success,
v3,Java,15,150,419.401,10,C:\NCKH\VIDEO_LEARNING_RESEARCH\data\processed\ocr_best_integration\keyframes_full\v3\v3_00150s.png,success,
v3,Java,16,160,419.401,10,C:\NCKH\VIDEO_LEARNING_RESEARCH\data\processed\ocr_best_integration\keyframes_full\v3\v3_00160s.png,success,
v3,Java,17,170,419.401,10,C:\NCKH\VIDEO_LEARNING_RESEARCH\data\processed\ocr_best_integration\keyframes_full\v3\v3_00170s.png,success,
v3,Java,18,180,419.401,10,C:\NCKH\VIDEO_LEARNING_RESEARCH\data\processed\ocr_best_integration\keyframes_full\v3\v3_00180s.png,success,
v3,Java,19,190,419.401,10,C:\NCKH\VIDEO_LEARNING_RESEARCH\data\processed\ocr_best_integration\keyframes_full\v3\v3_00190s.png,success,
v3,Java,20,200,419.401,10,C:\NCKH\VIDEO_LEARNING_RESEARCH\data\processed\ocr_best_integration\keyframes_full\v3\v3_00200s.png,success,
v3,Java,21,210,419.401,10,C:\NCKH\VIDEO_LEARNING_RESEARCH\data\processed\ocr_best_integration\keyframes_full\v3\v3_00210s.png,success,
v3,Java,22,220,419.401,10,C:\NCKH\VIDEO_LEARNING_RESEARCH\data\processed\ocr_best_integration\keyframes_full\v3\v3_00220s.png,success,
v3,Java,23,230,419.401,10,C:\NCKH\VIDEO_LEARNING_RESEARCH\data\processed\ocr_best_integration\keyframes_full\v3\v3_00230s.png,success,
v3,Java,24,240,419.401,10,C:\NCKH\VIDEO_LEARNING_RESEARCH\data\processed\ocr_best_integration\keyframes_full\v3\v3_00240s.png,success,
v3,Java,25,250,419.401,10,C:\NCKH\VIDEO_LEARNING_RESEARCH\data\processed\ocr_best_integration\keyframes_full\v3\v3_00250s.png,success,
v3,Java,26,260,419.401,10,C:\NCKH\VIDEO_LEARNING_RESEARCH\data\processed\ocr_best_integration\keyframes_full\v3\v3_00260s.png,success,
v3,Java,27,270,419.401,10,C:\NCKH\VIDEO_LEARNING_RESEARCH\data\processed\ocr_best_integration\keyframes_full\v3\v3_00270s.png,success,
v3,Java,28,280,419.401,10,C:\NCKH\VIDEO_LEARNING_RESEARCH\data\processed\ocr_best_integration\keyframes_full\v3\v3_00280s.png,success,
v3,Java,29,290,419.401,10,C:\NCKH\VIDEO_LEARNING_RESEARCH\data\processed\ocr_best_integration\keyframes_full\v3\v3_00290s.png,success,
v3,Java,30,300,419.401,10,C:\NCKH\VIDEO_LEARNING_RESEARCH\data\processed\ocr_best_integration\keyframes_full\v3\v3_00300s.png,success,
v3,Java,31,310,419.401,10,C:\NCKH\VIDEO_LEARNING_RESEARCH\data\processed\ocr_best_integration\keyframes_full\v3\v3_00310s.png,success,
v3,Java,32,320,419.401,10,C:\NCKH\VIDEO_LEARNING_RESEARCH\data\processed\ocr_best_integration\keyframes_full\v3\v3_00320s.png,success,
v3,Java,33,330,419.401,10,C:\NCKH\VIDEO_LEARNING_RESEARCH\data\processed\ocr_best_integration\keyframes_full\v3\v3_00330s.png,success,
v3,Java,34,340,419.401,10,C:\NCKH\VIDEO_LEARNING_RESEARCH\data\processed\ocr_best_integration\keyframes_full\v3\v3_00340s.png,success,
v3,Java,35,350,419.401,10,C:\NCKH\VIDEO_LEARNING_RESEARCH\data\processed\ocr_best_integration\keyframes_full\v3\v3_00350s.png,success,
v3,Java,36,360,419.401,10,C:\NCKH\VIDEO_LEARNING_RESEARCH\data\processed\ocr_best_integration\keyframes_full\v3\v3_00360s.png,success,
v3,Java,37,370,419.401,10,C:\NCKH\VIDEO_LEARNING_RESEARCH\data\processed\ocr_best_integration\keyframes_full\v3\v3_00370s.png,success,
v3,Java,38,380,419.401,10,C:\NCKH\VIDEO_LEARNING_RESEARCH\data\processed\ocr_best_integration\keyframes_full\v3\v3_00380s.png,success,
v3,Java,39,390,419.401,10,C:\NCKH\VIDEO_LEARNING_RESEARCH\data\processed\ocr_best_integration\keyframes_full\v3\v3_00390s.png,success,
v3,Java,40,400,419.401,10,C:\NCKH\VIDEO_LEARNING_RESEARCH\data\processed\ocr_best_integration\keyframes_full\v3\v3_00400s.png,success,
v3,Java,41,410,419.401,10,C:\NCKH\VIDEO_LEARNING_RESEARCH\data\processed\ocr_best_integration\keyframes_full\v3\v3_00410s.png,success,
v4,SQL,0,0,476.801,10,C:\NCKH\VIDEO_LEARNING_RESEARCH\data\processed\ocr_best_integration\keyframes_full\v4\v4_00000s.png,success,
v4,SQL,1,10,476.801,10,C:\NCKH\VIDEO_LEARNING_RESEARCH\data\processed\ocr_best_integration\keyframes_full\v4\v4_00010s.png,success,
v4,SQL,2,20,476.801,10,C:\NCKH\VIDEO_LEARNING_RESEARCH\data\processed\ocr_best_integration\keyframes_full\v4\v4_00020s.png,success,
v4,SQL,3,30,476.801,10,C:\NCKH\VIDEO_LEARNING_RESEARCH\data\processed\ocr_best_integration\keyframes_full\v4\v4_00030s.png,success,
v4,SQL,4,40,476.801,10,C:\NCKH\VIDEO_LEARNING_RESEARCH\data\processed\ocr_best_integration\keyframes_full\v4\v4_00040s.png,success,
v4,SQL,5,50,476.801,10,C:\NCKH\VIDEO_LEARNING_RESEARCH\data\processed\ocr_best_integration\keyframes_full\v4\v4_00050s.png,success,
v4,SQL,6,60,476.801,10,C:\NCKH\VIDEO_LEARNING_RESEARCH\data\processed\ocr_best_integration\keyframes_full\v4\v4_00060s.png,success,
v4,SQL,7,70,476.801,10,C:\NCKH\VIDEO_LEARNING_RESEARCH\data\processed\ocr_best_integration\keyframes_full\v4\v4_00070s.png,success,
v4,SQL,8,80,476.801,10,C:\NCKH\VIDEO_LEARNING_RESEARCH\data\processed\ocr_best_integration\keyframes_full\v4\v4_00080s.png,success,
v4,SQL,9,90,476.801,10,C:\NCKH\VIDEO_LEARNING_RESEARCH\data\processed\ocr_best_integration\keyframes_full\v4\v4_00090s.png,success,
v4,SQL,10,100,476.801,10,C:\NCKH\VIDEO_LEARNING_RESEARCH\data\processed\ocr_best_integration\keyframes_full\v4\v4_00100s.png,success,
v4,SQL,11,110,476.801,10,C:\NCKH\VIDEO_LEARNING_RESEARCH\data\processed\ocr_best_integration\keyframes_full\v4\v4_00110s.png,success,
v4,SQL,12,120,476.801,10,C:\NCKH\VIDEO_LEARNING_RESEARCH\data\processed\ocr_best_integration\keyframes_full\v4\v4_00120s.png,success,
v4,SQL,13,130,476.801,10,C:\NCKH\VIDEO_LEARNING_RESEARCH\data\processed\ocr_best_integration\keyframes_full\v4\v4_00130s.png,success,
v4,SQL,14,140,476.801,10,C:\NCKH\VIDEO_LEARNING_RESEARCH\data\processed\ocr_best_integration\keyframes_full\v4\v4_00140s.png,success,
v4,SQL,15,150,476.801,10,C:\NCKH\VIDEO_LEARNING_RESEARCH\data\processed\ocr_best_integration\keyframes_full\v4\v4_00150s.png,success,
v4,SQL,16,160,476.801,10,C:\NCKH\VIDEO_LEARNING_RESEARCH\data\processed\ocr_best_integration\keyframes_full\v4\v4_00160s.png,success,
v4,SQL,17,170,476.801,10,C:\NCKH\VIDEO_LEARNING_RESEARCH\data\processed\ocr_best_integration\keyframes_full\v4\v4_00170s.png,success,
v4,SQL,18,180,476.801,10,C:\NCKH\VIDEO_LEARNING_RESEARCH\data\processed\ocr_best_integration\keyframes_full\v4\v4_00180s.png,success,
v4,SQL,19,190,476.801,10,C:\NCKH\VIDEO_LEARNING_RESEARCH\data\processed\ocr_best_integration\keyframes_full\v4\v4_00190s.png,success,
v4,SQL,20,200,476.801,10,C:\NCKH\VIDEO_LEARNING_RESEARCH\data\processed\ocr_best_integration\keyframes_full\v4\v4_00200s.png,success,
v4,SQL,21,210,476.801,10,C:\NCKH\VIDEO_LEARNING_RESEARCH\data\processed\ocr_best_integration\keyframes_full\v4\v4_00210s.png,success,
v4,SQL,22,220,476.801,10,C:\NCKH\VIDEO_LEARNING_RESEARCH\data\processed\ocr_best_integration\keyframes_full\v4\v4_00220s.png,success,
v4,SQL,23,230,476.801,10,C:\NCKH\VIDEO_LEARNING_RESEARCH\data\processed\ocr_best_integration\keyframes_full\v4\v4_00230s.png,success,
v4,SQL,24,240,476.801,10,C:\NCKH\VIDEO_LEARNING_RESEARCH\data\processed\ocr_best_integration\keyframes_full\v4\v4_00240s.png,success,
v4,SQL,25,250,476.801,10,C:\NCKH\VIDEO_LEARNING_RESEARCH\data\processed\ocr_best_integration\keyframes_full\v4\v4_00250s.png,success,
v4,SQL,26,260,476.801,10,C:\NCKH\VIDEO_LEARNING_RESEARCH\data\processed\ocr_best_integration\keyframes_full\v4\v4_00260s.png,success,
v4,SQL,27,270,476.801,10,C:\NCKH\VIDEO_LEARNING_RESEARCH\data\processed\ocr_best_integration\keyframes_full\v4\v4_00270s.png,success,
v4,SQL,28,280,476.801,10,C:\NCKH\VIDEO_LEARNING_RESEARCH\data\processed\ocr_best_integration\keyframes_full\v4\v4_00280s.png,success,
v4,SQL,29,290,476.801,10,C:\NCKH\VIDEO_LEARNING_RESEARCH\data\processed\ocr_best_integration\keyframes_full\v4\v4_00290s.png,success,
v4,SQL,30,300,476.801,10,C:\NCKH\VIDEO_LEARNING_RESEARCH\data\processed\ocr_best_integration\keyframes_full\v4\v4_00300s.png,success,
v4,SQL,31,310,476.801,10,C:\NCKH\VIDEO_LEARNING_RESEARCH\data\processed\ocr_best_integration\keyframes_full\v4\v4_00310s.png,success,
v4,SQL,32,320,476.801,10,C:\NCKH\VIDEO_LEARNING_RESEARCH\data\processed\ocr_best_integration\keyframes_full\v4\v4_00320s.png,success,
v4,SQL,33,330,476.801,10,C:\NCKH\VIDEO_LEARNING_RESEARCH\data\processed\ocr_best_integration\keyframes_full\v4\v4_00330s.png,success,
v4,SQL,34,340,476.801,10,C:\NCKH\VIDEO_LEARNING_RESEARCH\data\processed\ocr_best_integration\keyframes_full\v4\v4_00340s.png,success,
v4,SQL,35,350,476.801,10,C:\NCKH\VIDEO_LEARNING_RESEARCH\data\processed\ocr_best_integration\keyframes_full\v4\v4_00350s.png,success,
v4,SQL,36,360,476.801,10,C:\NCKH\VIDEO_LEARNING_RESEARCH\data\processed\ocr_best_integration\keyframes_full\v4\v4_00360s.png,success,
v4,SQL,37,370,476.801,10,C:\NCKH\VIDEO_LEARNING_RESEARCH\data\processed\ocr_best_integration\keyframes_full\v4\v4_00370s.png,success,
v4,SQL,38,380,476.801,10,C:\NCKH\VIDEO_LEARNING_RESEARCH\data\processed\ocr_best_integration\keyframes_full\v4\v4_00380s.png,success,
v4,SQL,39,390,476.801,10,C:\NCKH\VIDEO_LEARNING_RESEARCH\data\processed\ocr_best_integration\keyframes_full\v4\v4_00390s.png,success,
v4,SQL,40,400,476.801,10,C:\NCKH\VIDEO_LEARNING_RESEARCH\data\processed\ocr_best_integration\keyframes_full\v4\v4_00400s.png,success,
v4,SQL,41,410,476.801,10,C:\NCKH\VIDEO_LEARNING_RESEARCH\data\processed\ocr_best_integration\keyframes_full\v4\v4_00410s.png,success,
v4,SQL,42,420,476.801,10,C:\NCKH\VIDEO_LEARNING_RESEARCH\data\processed\ocr_best_integration\keyframes_full\v4\v4_00420s.png,success,
v4,SQL,43,430,476.801,10,C:\NCKH\VIDEO_LEARNING_RESEARCH\data\processed\ocr_best_integration\keyframes_full\v4\v4_00430s.png,success,
v4,SQL,44,440,476.801,10,C:\NCKH\VIDEO_LEARNING_RESEARCH\data\processed\ocr_best_integration\keyframes_full\v4\v4_00440s.png,success,
v4,SQL,45,450,476.801,10,C:\NCKH\VIDEO_LEARNING_RESEARCH\data\processed\ocr_best_integration\keyframes_full\v4\v4_00450s.png,success,
v4,SQL,46,460,476.801,10,C:\NCKH\VIDEO_LEARNING_RESEARCH\data\processed\ocr_best_integration\keyframes_full\v4\v4_00460s.png,success,
v4,SQL,47,470,476.801,10,C:\NCKH\VIDEO_LEARNING_RESEARCH\data\processed\ocr_best_integration\keyframes_full\v4\v4_00470s.png,success,
v5,Java,0,0,375.441,10,C:\NCKH\VIDEO_LEARNING_RESEARCH\data\processed\ocr_best_integration\keyframes_full\v5\v5_00000s.png,success,
v5,Java,1,10,375.441,10,C:\NCKH\VIDEO_LEARNING_RESEARCH\data\processed\ocr_best_integration\keyframes_full\v5\v5_00010s.png,success,
v5,Java,2,20,375.441,10,C:\NCKH\VIDEO_LEARNING_RESEARCH\data\processed\ocr_best_integration\keyframes_full\v5\v5_00020s.png,success,
v5,Java,3,30,375.441,10,C:\NCKH\VIDEO_LEARNING_RESEARCH\data\processed\ocr_best_integration\keyframes_full\v5\v5_00030s.png,success,
v5,Java,4,40,375.441,10,C:\NCKH\VIDEO_LEARNING_RESEARCH\data\processed\ocr_best_integration\keyframes_full\v5\v5_00040s.png,success,
v5,Java,5,50,375.441,10,C:\NCKH\VIDEO_LEARNING_RESEARCH\data\processed\ocr_best_integration\keyframes_full\v5\v5_00050s.png,success,
v5,Java,6,60,375.441,10,C:\NCKH\VIDEO_LEARNING_RESEARCH\data\processed\ocr_best_integration\keyframes_full\v5\v5_00060s.png,success,
v5,Java,7,70,375.441,10,C:\NCKH\VIDEO_LEARNING_RESEARCH\data\processed\ocr_best_integration\keyframes_full\v5\v5_00070s.png,success,
v5,Java,8,80,375.441,10,C:\NCKH\VIDEO_LEARNING_RESEARCH\data\processed\ocr_best_integration\keyframes_full\v5\v5_00080s.png,success,
v5,Java,9,90,375.441,10,C:\NCKH\VIDEO_LEARNING_RESEARCH\data\processed\ocr_best_integration\keyframes_full\v5\v5_00090s.png,success,
v5,Java,10,100,375.441,10,C:\NCKH\VIDEO_LEARNING_RESEARCH\data\processed\ocr_best_integration\keyframes_full\v5\v5_00100s.png,success,
v5,Java,11,110,375.441,10,C:\NCKH\VIDEO_LEARNING_RESEARCH\data\processed\ocr_best_integration\keyframes_full\v5\v5_00110s.png,success,
v5,Java,12,120,375.441,10,C:\NCKH\VIDEO_LEARNING_RESEARCH\data\processed\ocr_best_integration\keyframes_full\v5\v5_00120s.png,success,
v5,Java,13,130,375.441,10,C:\NCKH\VIDEO_LEARNING_RESEARCH\data\processed\ocr_best_integration\keyframes_full\v5\v5_00130s.png,success,
v5,Java,14,140,375.441,10,C:\NCKH\VIDEO_LEARNING_RESEARCH\data\processed\ocr_best_integration\keyframes_full\v5\v5_00140s.png,success,
v5,Java,15,150,375.441,10,C:\NCKH\VIDEO_LEARNING_RESEARCH\data\processed\ocr_best_integration\keyframes_full\v5\v5_00150s.png,success,
v5,Java,16,160,375.441,10,C:\NCKH\VIDEO_LEARNING_RESEARCH\data\processed\ocr_best_integration\keyframes_full\v5\v5_00160s.png,success,
v5,Java,17,170,375.441,10,C:\NCKH\VIDEO_LEARNING_RESEARCH\data\processed\ocr_best_integration\keyframes_full\v5\v5_00170s.png,success,
v5,Java,18,180,375.441,10,C:\NCKH\VIDEO_LEARNING_RESEARCH\data\processed\ocr_best_integration\keyframes_full\v5\v5_00180s.png,success,
v5,Java,19,190,375.441,10,C:\NCKH\VIDEO_LEARNING_RESEARCH\data\processed\ocr_best_integration\keyframes_full\v5\v5_00190s.png,success,
v5,Java,20,200,375.441,10,C:\NCKH\VIDEO_LEARNING_RESEARCH\data\processed\ocr_best_integration\keyframes_full\v5\v5_00200s.png,success,
v5,Java,21,210,375.441,10,C:\NCKH\VIDEO_LEARNING_RESEARCH\data\processed\ocr_best_integration\keyframes_full\v5\v5_00210s.png,success,
v5,Java,22,220,375.441,10,C:\NCKH\VIDEO_LEARNING_RESEARCH\data\processed\ocr_best_integration\keyframes_full\v5\v5_00220s.png,success,
v5,Java,23,230,375.441,10,C:\NCKH\VIDEO_LEARNING_RESEARCH\data\processed\ocr_best_integration\keyframes_full\v5\v5_00230s.png,success,
v5,Java,24,240,375.441,10,C:\NCKH\VIDEO_LEARNING_RESEARCH\data\processed\ocr_best_integration\keyframes_full\v5\v5_00240s.png,success,
v5,Java,25,250,375.441,10,C:\NCKH\VIDEO_LEARNING_RESEARCH\data\processed\ocr_best_integration\keyframes_full\v5\v5_00250s.png,success,
v5,Java,26,260,375.441,10,C:\NCKH\VIDEO_LEARNING_RESEARCH\data\processed\ocr_best_integration\keyframes_full\v5\v5_00260s.png,success,
v5,Java,27,270,375.441,10,C:\NCKH\VIDEO_LEARNING_RESEARCH\data\processed\ocr_best_integration\keyframes_full\v5\v5_00270s.png,success,
v5,Java,28,280,375.441,10,C:\NCKH\VIDEO_LEARNING_RESEARCH\data\processed\ocr_best_integration\keyframes_full\v5\v5_00280s.png,success,
v5,Java,29,290,375.441,10,C:\NCKH\VIDEO_LEARNING_RESEARCH\data\processed\ocr_best_integration\keyframes_full\v5\v5_00290s.png,success,
v5,Java,30,300,375.441,10,C:\NCKH\VIDEO_LEARNING_RESEARCH\data\processed\ocr_best_integration\keyframes_full\v5\v5_00300s.png,success,
v5,Java,31,310,375.441,10,C:\NCKH\VIDEO_LEARNING_RESEARCH\data\processed\ocr_best_integration\keyframes_full\v5\v5_00310s.png,success,
v5,Java,32,320,375.441,10,C:\NCKH\VIDEO_LEARNING_RESEARCH\data\processed\ocr_best_integration\keyframes_full\v5\v5_00320s.png,success,
v5,Java,33,330,375.441,10,C:\NCKH\VIDEO_LEARNING_RESEARCH\data\processed\ocr_best_integration\keyframes_full\v5\v5_00330s.png,success,
v5,Java,34,340,375.441,10,C:\NCKH\VIDEO_LEARNING_RESEARCH\data\processed\ocr_best_integration\keyframes_full\v5\v5_00340s.png,success,
v5,Java,35,350,375.441,10,C:\NCKH\VIDEO_LEARNING_RESEARCH\data\processed\ocr_best_integration\keyframes_full\v5\v5_00350s.png,success,
v5,Java,36,360,375.441,10,C:\NCKH\VIDEO_LEARNING_RESEARCH\data\processed\ocr_best_integration\keyframes_full\v5\v5_00360s.png,success,
v5,Java,37,370,375.441,10,C:\NCKH\VIDEO_LEARNING_RESEARCH\data\processed\ocr_best_integration\keyframes_full\v5\v5_00370s.png,success,
v6,SQL,0,0,425.421,10,C:\NCKH\VIDEO_LEARNING_RESEARCH\data\processed\ocr_best_integration\keyframes_full\v6\v6_00000s.png,success,
v6,SQL,1,10,425.421,10,C:\NCKH\VIDEO_LEARNING_RESEARCH\data\processed\ocr_best_integration\keyframes_full\v6\v6_00010s.png,success,
v6,SQL,2,20,425.421,10,C:\NCKH\VIDEO_LEARNING_RESEARCH\data\processed\ocr_best_integration\keyframes_full\v6\v6_00020s.png,success,
v6,SQL,3,30,425.421,10,C:\NCKH\VIDEO_LEARNING_RESEARCH\data\processed\ocr_best_integration\keyframes_full\v6\v6_00030s.png,success,
v6,SQL,4,40,425.421,10,C:\NCKH\VIDEO_LEARNING_RESEARCH\data\processed\ocr_best_integration\keyframes_full\v6\v6_00040s.png,success,
v6,SQL,5,50,425.421,10,C:\NCKH\VIDEO_LEARNING_RESEARCH\data\processed\ocr_best_integration\keyframes_full\v6\v6_00050s.png,success,
v6,SQL,6,60,425.421,10,C:\NCKH\VIDEO_LEARNING_RESEARCH\data\processed\ocr_best_integration\keyframes_full\v6\v6_00060s.png,success,
v6,SQL,7,70,425.421,10,C:\NCKH\VIDEO_LEARNING_RESEARCH\data\processed\ocr_best_integration\keyframes_full\v6\v6_00070s.png,success,
v6,SQL,8,80,425.421,10,C:\NCKH\VIDEO_LEARNING_RESEARCH\data\processed\ocr_best_integration\keyframes_full\v6\v6_00080s.png,success,
v6,SQL,9,90,425.421,10,C:\NCKH\VIDEO_LEARNING_RESEARCH\data\processed\ocr_best_integration\keyframes_full\v6\v6_00090s.png,success,
v6,SQL,10,100,425.421,10,C:\NCKH\VIDEO_LEARNING_RESEARCH\data\processed\ocr_best_integration\keyframes_full\v6\v6_00100s.png,success,
v6,SQL,11,110,425.421,10,C:\NCKH\VIDEO_LEARNING_RESEARCH\data\processed\ocr_best_integration\keyframes_full\v6\v6_00110s.png,success,
v6,SQL,12,120,425.421,10,C:\NCKH\VIDEO_LEARNING_RESEARCH\data\processed\ocr_best_integration\keyframes_full\v6\v6_00120s.png,success,
v6,SQL,13,130,425.421,10,C:\NCKH\VIDEO_LEARNING_RESEARCH\data\processed\ocr_best_integration\keyframes_full\v6\v6_00130s.png,success,
v6,SQL,14,140,425.421,10,C:\NCKH\VIDEO_LEARNING_RESEARCH\data\processed\ocr_best_integration\keyframes_full\v6\v6_00140s.png,success,
v6,SQL,15,150,425.421,10,C:\NCKH\VIDEO_LEARNING_RESEARCH\data\processed\ocr_best_integration\keyframes_full\v6\v6_00150s.png,success,
v6,SQL,16,160,425.421,10,C:\NCKH\VIDEO_LEARNING_RESEARCH\data\processed\ocr_best_integration\keyframes_full\v6\v6_00160s.png,success,
v6,SQL,17,170,425.421,10,C:\NCKH\VIDEO_LEARNING_RESEARCH\data\processed\ocr_best_integration\keyframes_full\v6\v6_00170s.png,success,
v6,SQL,18,180,425.421,10,C:\NCKH\VIDEO_LEARNING_RESEARCH\data\processed\ocr_best_integration\keyframes_full\v6\v6_00180s.png,success,
v6,SQL,19,190,425.421,10,C:\NCKH\VIDEO_LEARNING_RESEARCH\data\processed\ocr_best_integration\keyframes_full\v6\v6_00190s.png,success,
v6,SQL,20,200,425.421,10,C:\NCKH\VIDEO_LEARNING_RESEARCH\data\processed\ocr_best_integration\keyframes_full\v6\v6_00200s.png,success,
v6,SQL,21,210,425.421,10,C:\NCKH\VIDEO_LEARNING_RESEARCH\data\processed\ocr_best_integration\keyframes_full\v6\v6_00210s.png,success,
v6,SQL,22,220,425.421,10,C:\NCKH\VIDEO_LEARNING_RESEARCH\data\processed\ocr_best_integration\keyframes_full\v6\v6_00220s.png,success,
v6,SQL,23,230,425.421,10,C:\NCKH\VIDEO_LEARNING_RESEARCH\data\processed\ocr_best_integration\keyframes_full\v6\v6_00230s.png,success,
v6,SQL,24,240,425.421,10,C:\NCKH\VIDEO_LEARNING_RESEARCH\data\processed\ocr_best_integration\keyframes_full\v6\v6_00240s.png,success,
v6,SQL,25,250,425.421,10,C:\NCKH\VIDEO_LEARNING_RESEARCH\data\processed\ocr_best_integration\keyframes_full\v6\v6_00250s.png,success,
v6,SQL,26,260,425.421,10,C:\NCKH\VIDEO_LEARNING_RESEARCH\data\processed\ocr_best_integration\keyframes_full\v6\v6_00260s.png,success,
v6,SQL,27,270,425.421,10,C:\NCKH\VIDEO_LEARNING_RESEARCH\data\processed\ocr_best_integration\keyframes_full\v6\v6_00270s.png,success,
v6,SQL,28,280,425.421,10,C:\NCKH\VIDEO_LEARNING_RESEARCH\data\processed\ocr_best_integration\keyframes_full\v6\v6_00280s.png,success,
v6,SQL,29,290,425.421,10,C:\NCKH\VIDEO_LEARNING_RESEARCH\data\processed\ocr_best_integration\keyframes_full\v6\v6_00290s.png,success,
v6,SQL,30,300,425.421,10,C:\NCKH\VIDEO_LEARNING_RESEARCH\data\processed\ocr_best_integration\keyframes_full\v6\v6_00300s.png,success,
v6,SQL,31,310,425.421,10,C:\NCKH\VIDEO_LEARNING_RESEARCH\data\processed\ocr_best_integration\keyframes_full\v6\v6_00310s.png,success,
v6,SQL,32,320,425.421,10,C:\NCKH\VIDEO_LEARNING_RESEARCH\data\processed\ocr_best_integration\keyframes_full\v6\v6_00320s.png,success,
v6,SQL,33,330,425.421,10,C:\NCKH\VIDEO_LEARNING_RESEARCH\data\processed\ocr_best_integration\keyframes_full\v6\v6_00330s.png,success,
v6,SQL,34,340,425.421,10,C:\NCKH\VIDEO_LEARNING_RESEARCH\data\processed\ocr_best_integration\keyframes_full\v6\v6_00340s.png,success,
v6,SQL,35,350,425.421,10,C:\NCKH\VIDEO_LEARNING_RESEARCH\data\processed\ocr_best_integration\keyframes_full\v6\v6_00350s.png,success,
v6,SQL,36,360,425.421,10,C:\NCKH\VIDEO_LEARNING_RESEARCH\data\processed\ocr_best_integration\keyframes_full\v6\v6_00360s.png,success,
v6,SQL,37,370,425.421,10,C:\NCKH\VIDEO_LEARNING_RESEARCH\data\processed\ocr_best_integration\keyframes_full\v6\v6_00370s.png,success,
v6,SQL,38,380,425.421,10,C:\NCKH\VIDEO_LEARNING_RESEARCH\data\processed\ocr_best_integration\keyframes_full\v6\v6_00380s.png,success,
v6,SQL,39,390,425.421,10,C:\NCKH\VIDEO_LEARNING_RESEARCH\data\processed\ocr_best_integration\keyframes_full\v6\v6_00390s.png,success,
v6,SQL,40,400,425.421,10,C:\NCKH\VIDEO_LEARNING_RESEARCH\data\processed\ocr_best_integration\keyframes_full\v6\v6_00400s.png,success,
v6,SQL,41,410,425.421,10,C:\NCKH\VIDEO_LEARNING_RESEARCH\data\processed\ocr_best_integration\keyframes_full\v6\v6_00410s.png,success,
v6,SQL,42,420,425.421,10,C:\NCKH\VIDEO_LEARNING_RESEARCH\data\processed\ocr_best_integration\keyframes_full\v6\v6_00420s.png,success,
v7,SQL,0,0,15.061,10,C:\NCKH\VIDEO_LEARNING_RESEARCH\data\processed\ocr_best_integration\keyframes_full\v7\v7_00000s.png,success,
v7,SQL,1,10,15.061,10,C:\NCKH\VIDEO_LEARNING_RESEARCH\data\processed\ocr_best_integration\keyframes_full\v7\v7_00010s.png,success,
v8,SQL,0,0,1059.401,10,C:\NCKH\VIDEO_LEARNING_RESEARCH\data\processed\ocr_best_integration\keyframes_full\v8\v8_00000s.png,success,
v8,SQL,1,10,1059.401,10,C:\NCKH\VIDEO_LEARNING_RESEARCH\data\processed\ocr_best_integration\keyframes_full\v8\v8_00010s.png,success,
v8,SQL,2,20,1059.401,10,C:\NCKH\VIDEO_LEARNING_RESEARCH\data\processed\ocr_best_integration\keyframes_full\v8\v8_00020s.png,success,
v8,SQL,3,30,1059.401,10,C:\NCKH\VIDEO_LEARNING_RESEARCH\data\processed\ocr_best_integration\keyframes_full\v8\v8_00030s.png,success,
v8,SQL,4,40,1059.401,10,C:\NCKH\VIDEO_LEARNING_RESEARCH\data\processed\ocr_best_integration\keyframes_full\v8\v8_00040s.png,success,
v8,SQL,5,50,1059.401,10,C:\NCKH\VIDEO_LEARNING_RESEARCH\data\processed\ocr_best_integration\keyframes_full\v8\v8_00050s.png,success,
v8,SQL,6,60,1059.401,10,C:\NCKH\VIDEO_LEARNING_RESEARCH\data\processed\ocr_best_integration\keyframes_full\v8\v8_00060s.png,success,
v8,SQL,7,70,1059.401,10,C:\NCKH\VIDEO_LEARNING_RESEARCH\data\processed\ocr_best_integration\keyframes_full\v8\v8_00070s.png,success,
v8,SQL,8,80,1059.401,10,C:\NCKH\VIDEO_LEARNING_RESEARCH\data\processed\ocr_best_integration\keyframes_full\v8\v8_00080s.png,success,
v8,SQL,9,90,1059.401,10,C:\NCKH\VIDEO_LEARNING_RESEARCH\data\processed\ocr_best_integration\keyframes_full\v8\v8_00090s.png,success,
v8,SQL,10,100,1059.401,10,C:\NCKH\VIDEO_LEARNING_RESEARCH\data\processed\ocr_best_integration\keyframes_full\v8\v8_00100s.png,success,
v8,SQL,11,110,1059.401,10,C:\NCKH\VIDEO_LEARNING_RESEARCH\data\processed\ocr_best_integration\keyframes_full\v8\v8_00110s.png,success,
v8,SQL,12,120,1059.401,10,C:\NCKH\VIDEO_LEARNING_RESEARCH\data\processed\ocr_best_integration\keyframes_full\v8\v8_00120s.png,success,
v8,SQL,13,130,1059.401,10,C:\NCKH\VIDEO_LEARNING_RESEARCH\data\processed\ocr_best_integration\keyframes_full\v8\v8_00130s.png,success,
v8,SQL,14,140,1059.401,10,C:\NCKH\VIDEO_LEARNING_RESEARCH\data\processed\ocr_best_integration\keyframes_full\v8\v8_00140s.png,success,
v8,SQL,15,150,1059.401,10,C:\NCKH\VIDEO_LEARNING_RESEARCH\data\processed\ocr_best_integration\keyframes_full\v8\v8_00150s.png,success,
v8,SQL,16,160,1059.401,10,C:\NCKH\VIDEO_LEARNING_RESEARCH\data\processed\ocr_best_integration\keyframes_full\v8\v8_00160s.png,success,
v8,SQL,17,170,1059.401,10,C:\NCKH\VIDEO_LEARNING_RESEARCH\data\processed\ocr_best_integration\keyframes_full\v8\v8_00170s.png,success,
v8,SQL,18,180,1059.401,10,C:\NCKH\VIDEO_LEARNING_RESEARCH\data\processed\ocr_best_integration\keyframes_full\v8\v8_00180s.png,success,
v8,SQL,19,190,1059.401,10,C:\NCKH\VIDEO_LEARNING_RESEARCH\data\processed\ocr_best_integration\keyframes_full\v8\v8_00190s.png,success,
v8,SQL,20,200,1059.401,10,C:\NCKH\VIDEO_LEARNING_RESEARCH\data\processed\ocr_best_integration\keyframes_full\v8\v8_00200s.png,success,
v8,SQL,21,210,1059.401,10,C:\NCKH\VIDEO_LEARNING_RESEARCH\data\processed\ocr_best_integration\keyframes_full\v8\v8_00210s.png,success,
v8,SQL,22,220,1059.401,10,C:\NCKH\VIDEO_LEARNING_RESEARCH\data\processed\ocr_best_integration\keyframes_full\v8\v8_00220s.png,success,
v8,SQL,23,230,1059.401,10,C:\NCKH\VIDEO_LEARNING_RESEARCH\data\processed\ocr_best_integration\keyframes_full\v8\v8_00230s.png,success,
v8,SQL,24,240,1059.401,10,C:\NCKH\VIDEO_LEARNING_RESEARCH\data\processed\ocr_best_integration\keyframes_full\v8\v8_00240s.png,success,
v8,SQL,25,250,1059.401,10,C:\NCKH\VIDEO_LEARNING_RESEARCH\data\processed\ocr_best_integration\keyframes_full\v8\v8_00250s.png,success,
v8,SQL,26,260,1059.401,10,C:\NCKH\VIDEO_LEARNING_RESEARCH\data\processed\ocr_best_integration\keyframes_full\v8\v8_00260s.png,success,
v8,SQL,27,270,1059.401,10,C:\NCKH\VIDEO_LEARNING_RESEARCH\data\processed\ocr_best_integration\keyframes_full\v8\v8_00270s.png,success,
v8,SQL,28,280,1059.401,10,C:\NCKH\VIDEO_LEARNING_RESEARCH\data\processed\ocr_best_integration\keyframes_full\v8\v8_00280s.png,success,
v8,SQL,29,290,1059.401,10,C:\NCKH\VIDEO_LEARNING_RESEARCH\data\processed\ocr_best_integration\keyframes_full\v8\v8_00290s.png,success,
v8,SQL,30,300,1059.401,10,C:\NCKH\VIDEO_LEARNING_RESEARCH\data\processed\ocr_best_integration\keyframes_full\v8\v8_00300s.png,success,
v8,SQL,31,310,1059.401,10,C:\NCKH\VIDEO_LEARNING_RESEARCH\data\processed\ocr_best_integration\keyframes_full\v8\v8_00310s.png,success,
v8,SQL,32,320,1059.401,10,C:\NCKH\VIDEO_LEARNING_RESEARCH\data\processed\ocr_best_integration\keyframes_full\v8\v8_00320s.png,success,
v8,SQL,33,330,1059.401,10,C:\NCKH\VIDEO_LEARNING_RESEARCH\data\processed\ocr_best_integration\keyframes_full\v8\v8_00330s.png,success,
v8,SQL,34,340,1059.401,10,C:\NCKH\VIDEO_LEARNING_RESEARCH\data\processed\ocr_best_integration\keyframes_full\v8\v8_00340s.png,success,
v8,SQL,35,350,1059.401,10,C:\NCKH\VIDEO_LEARNING_RESEARCH\data\processed\ocr_best_integration\keyframes_full\v8\v8_00350s.png,success,
v8,SQL,36,360,1059.401,10,C:\NCKH\VIDEO_LEARNING_RESEARCH\data\processed\ocr_best_integration\keyframes_full\v8\v8_00360s.png,success,
v8,SQL,37,370,1059.401,10,C:\NCKH\VIDEO_LEARNING_RESEARCH\data\processed\ocr_best_integration\keyframes_full\v8\v8_00370s.png,success,
v8,SQL,38,380,1059.401,10,C:\NCKH\VIDEO_LEARNING_RESEARCH\data\processed\ocr_best_integration\keyframes_full\v8\v8_00380s.png,success,
v8,SQL,39,390,1059.401,10,C:\NCKH\VIDEO_LEARNING_RESEARCH\data\processed\ocr_best_integration\keyframes_full\v8\v8_00390s.png,success,
v8,SQL,40,400,1059.401,10,C:\NCKH\VIDEO_LEARNING_RESEARCH\data\processed\ocr_best_integration\keyframes_full\v8\v8_00400s.png,success,
v8,SQL,41,410,1059.401,10,C:\NCKH\VIDEO_LEARNING_RESEARCH\data\processed\ocr_best_integration\keyframes_full\v8\v8_00410s.png,success,
v8,SQL,42,420,1059.401,10,C:\NCKH\VIDEO_LEARNING_RESEARCH\data\processed\ocr_best_integration\keyframes_full\v8\v8_00420s.png,success,
v8,SQL,43,430,1059.401,10,C:\NCKH\VIDEO_LEARNING_RESEARCH\data\processed\ocr_best_integration\keyframes_full\v8\v8_00430s.png,success,
v8,SQL,44,440,1059.401,10,C:\NCKH\VIDEO_LEARNING_RESEARCH\data\processed\ocr_best_integration\keyframes_full\v8\v8_00440s.png,success,
v8,SQL,45,450,1059.401,10,C:\NCKH\VIDEO_LEARNING_RESEARCH\data\processed\ocr_best_integration\keyframes_full\v8\v8_00450s.png,success,
v8,SQL,46,460,1059.401,10,C:\NCKH\VIDEO_LEARNING_RESEARCH\data\processed\ocr_best_integration\keyframes_full\v8\v8_00460s.png,success,
v8,SQL,47,470,1059.401,10,C:\NCKH\VIDEO_LEARNING_RESEARCH\data\processed\ocr_best_integration\keyframes_full\v8\v8_00470s.png,success,
v8,SQL,48,480,1059.401,10,C:\NCKH\VIDEO_LEARNING_RESEARCH\data\processed\ocr_best_integration\keyframes_full\v8\v8_00480s.png,success,
v8,SQL,49,490,1059.401,10,C:\NCKH\VIDEO_LEARNING_RESEARCH\data\processed\ocr_best_integration\keyframes_full\v8\v8_00490s.png,success,
v8,SQL,50,500,1059.401,10,C:\NCKH\VIDEO_LEARNING_RESEARCH\data\processed\ocr_best_integration\keyframes_full\v8\v8_00500s.png,success,
v8,SQL,51,510,1059.401,10,C:\NCKH\VIDEO_LEARNING_RESEARCH\data\processed\ocr_best_integration\keyframes_full\v8\v8_00510s.png,success,
v8,SQL,52,520,1059.401,10,C:\NCKH\VIDEO_LEARNING_RESEARCH\data\processed\ocr_best_integration\keyframes_full\v8\v8_00520s.png,success,
v8,SQL,53,530,1059.401,10,C:\NCKH\VIDEO_LEARNING_RESEARCH\data\processed\ocr_best_integration\keyframes_full\v8\v8_00530s.png,success,
v8,SQL,54,540,1059.401,10,C:\NCKH\VIDEO_LEARNING_RESEARCH\data\processed\ocr_best_integration\keyframes_full\v8\v8_00540s.png,success,
v8,SQL,55,550,1059.401,10,C:\NCKH\VIDEO_LEARNING_RESEARCH\data\processed\ocr_best_integration\keyframes_full\v8\v8_00550s.png,success,
v8,SQL,56,560,1059.401,10,C:\NCKH\VIDEO_LEARNING_RESEARCH\data\processed\ocr_best_integration\keyframes_full\v8\v8_00560s.png,success,
v8,SQL,57,570,1059.401,10,C:\NCKH\VIDEO_LEARNING_RESEARCH\data\processed\ocr_best_integration\keyframes_full\v8\v8_00570s.png,success,
v8,SQL,58,580,1059.401,10,C:\NCKH\VIDEO_LEARNING_RESEARCH\data\processed\ocr_best_integration\keyframes_full\v8\v8_00580s.png,success,
v8,SQL,59,590,1059.401,10,C:\NCKH\VIDEO_LEARNING_RESEARCH\data\processed\ocr_best_integration\keyframes_full\v8\v8_00590s.png,success,
v8,SQL,60,600,1059.401,10,C:\NCKH\VIDEO_LEARNING_RESEARCH\data\processed\ocr_best_integration\keyframes_full\v8\v8_00600s.png,success,
v8,SQL,61,610,1059.401,10,C:\NCKH\VIDEO_LEARNING_RESEARCH\data\processed\ocr_best_integration\keyframes_full\v8\v8_00610s.png,success,
v8,SQL,62,620,1059.401,10,C:\NCKH\VIDEO_LEARNING_RESEARCH\data\processed\ocr_best_integration\keyframes_full\v8\v8_00620s.png,success,
v8,SQL,63,630,1059.401,10,C:\NCKH\VIDEO_LEARNING_RESEARCH\data\processed\ocr_best_integration\keyframes_full\v8\v8_00630s.png,success,
v8,SQL,64,640,1059.401,10,C:\NCKH\VIDEO_LEARNING_RESEARCH\data\processed\ocr_best_integration\keyframes_full\v8\v8_00640s.png,success,
v8,SQL,65,650,1059.401,10,C:\NCKH\VIDEO_LEARNING_RESEARCH\data\processed\ocr_best_integration\keyframes_full\v8\v8_00650s.png,success,
v8,SQL,66,660,1059.401,10,C:\NCKH\VIDEO_LEARNING_RESEARCH\data\processed\ocr_best_integration\keyframes_full\v8\v8_00660s.png,success,
v8,SQL,67,670,1059.401,10,C:\NCKH\VIDEO_LEARNING_RESEARCH\data\processed\ocr_best_integration\keyframes_full\v8\v8_00670s.png,success,
v8,SQL,68,680,1059.401,10,C:\NCKH\VIDEO_LEARNING_RESEARCH\data\processed\ocr_best_integration\keyframes_full\v8\v8_00680s.png,success,
v8,SQL,69,690,1059.401,10,C:\NCKH\VIDEO_LEARNING_RESEARCH\data\processed\ocr_best_integration\keyframes_full\v8\v8_00690s.png,success,
v8,SQL,70,700,1059.401,10,C:\NCKH\VIDEO_LEARNING_RESEARCH\data\processed\ocr_best_integration\keyframes_full\v8\v8_00700s.png,success,
v8,SQL,71,710,1059.401,10,C:\NCKH\VIDEO_LEARNING_RESEARCH\data\processed\ocr_best_integration\keyframes_full\v8\v8_00710s.png,success,
v8,SQL,72,720,1059.401,10,C:\NCKH\VIDEO_LEARNING_RESEARCH\data\processed\ocr_best_integration\keyframes_full\v8\v8_00720s.png,success,
v8,SQL,73,730,1059.401,10,C:\NCKH\VIDEO_LEARNING_RESEARCH\data\processed\ocr_best_integration\keyframes_full\v8\v8_00730s.png,success,
v8,SQL,74,740,1059.401,10,C:\NCKH\VIDEO_LEARNING_RESEARCH\data\processed\ocr_best_integration\keyframes_full\v8\v8_00740s.png,success,
v8,SQL,75,750,1059.401,10,C:\NCKH\VIDEO_LEARNING_RESEARCH\data\processed\ocr_best_integration\keyframes_full\v8\v8_00750s.png,success,
v8,SQL,76,760,1059.401,10,C:\NCKH\VIDEO_LEARNING_RESEARCH\data\processed\ocr_best_integration\keyframes_full\v8\v8_00760s.png,success,
v8,SQL,77,770,1059.401,10,C:\NCKH\VIDEO_LEARNING_RESEARCH\data\processed\ocr_best_integration\keyframes_full\v8\v8_00770s.png,success,
v8,SQL,78,780,1059.401,10,C:\NCKH\VIDEO_LEARNING_RESEARCH\data\processed\ocr_best_integration\keyframes_full\v8\v8_00780s.png,success,
v8,SQL,79,790,1059.401,10,C:\NCKH\VIDEO_LEARNING_RESEARCH\data\processed\ocr_best_integration\keyframes_full\v8\v8_00790s.png,success,
v8,SQL,80,800,1059.401,10,C:\NCKH\VIDEO_LEARNING_RESEARCH\data\processed\ocr_best_integration\keyframes_full\v8\v8_00800s.png,success,
v8,SQL,81,810,1059.401,10,C:\NCKH\VIDEO_LEARNING_RESEARCH\data\processed\ocr_best_integration\keyframes_full\v8\v8_00810s.png,success,
v8,SQL,82,820,1059.401,10,C:\NCKH\VIDEO_LEARNING_RESEARCH\data\processed\ocr_best_integration\keyframes_full\v8\v8_00820s.png,success,
v8,SQL,83,830,1059.401,10,C:\NCKH\VIDEO_LEARNING_RESEARCH\data\processed\ocr_best_integration\keyframes_full\v8\v8_00830s.png,success,
v8,SQL,84,840,1059.401,10,C:\NCKH\VIDEO_LEARNING_RESEARCH\data\processed\ocr_best_integration\keyframes_full\v8\v8_00840s.png,success,
v8,SQL,85,850,1059.401,10,C:\NCKH\VIDEO_LEARNING_RESEARCH\data\processed\ocr_best_integration\keyframes_full\v8\v8_00850s.png,success,
v8,SQL,86,860,1059.401,10,C:\NCKH\VIDEO_LEARNING_RESEARCH\data\processed\ocr_best_integration\keyframes_full\v8\v8_00860s.png,success,
v8,SQL,87,870,1059.401,10,C:\NCKH\VIDEO_LEARNING_RESEARCH\data\processed\ocr_best_integration\keyframes_full\v8\v8_00870s.png,success,
v8,SQL,88,880,1059.401,10,C:\NCKH\VIDEO_LEARNING_RESEARCH\data\processed\ocr_best_integration\keyframes_full\v8\v8_00880s.png,success,
v8,SQL,89,890,1059.401,10,C:\NCKH\VIDEO_LEARNING_RESEARCH\data\processed\ocr_best_integration\keyframes_full\v8\v8_00890s.png,success,
v8,SQL,90,900,1059.401,10,C:\NCKH\VIDEO_LEARNING_RESEARCH\data\processed\ocr_best_integration\keyframes_full\v8\v8_00900s.png,success,
v8,SQL,91,910,1059.401,10,C:\NCKH\VIDEO_LEARNING_RESEARCH\data\processed\ocr_best_integration\keyframes_full\v8\v8_00910s.png,success,
v8,SQL,92,920,1059.401,10,C:\NCKH\VIDEO_LEARNING_RESEARCH\data\processed\ocr_best_integration\keyframes_full\v8\v8_00920s.png,success,
v8,SQL,93,930,1059.401,10,C:\NCKH\VIDEO_LEARNING_RESEARCH\data\processed\ocr_best_integration\keyframes_full\v8\v8_00930s.png,success,
v8,SQL,94,940,1059.401,10,C:\NCKH\VIDEO_LEARNING_RESEARCH\data\processed\ocr_best_integration\keyframes_full\v8\v8_00940s.png,success,
v8,SQL,95,950,1059.401,10,C:\NCKH\VIDEO_LEARNING_RESEARCH\data\processed\ocr_best_integration\keyframes_full\v8\v8_00950s.png,success,
v8,SQL,96,960,1059.401,10,C:\NCKH\VIDEO_LEARNING_RESEARCH\data\processed\ocr_best_integration\keyframes_full\v8\v8_00960s.png,success,
v8,SQL,97,970,1059.401,10,C:\NCKH\VIDEO_LEARNING_RESEARCH\data\processed\ocr_best_integration\keyframes_full\v8\v8_00970s.png,success,
v8,SQL,98,980,1059.401,10,C:\NCKH\VIDEO_LEARNING_RESEARCH\data\processed\ocr_best_integration\keyframes_full\v8\v8_00980s.png,success,
v8,SQL,99,990,1059.401,10,C:\NCKH\VIDEO_LEARNING_RESEARCH\data\processed\ocr_best_integration\keyframes_full\v8\v8_00990s.png,success,
v8,SQL,100,1000,1059.401,10,C:\NCKH\VIDEO_LEARNING_RESEARCH\data\processed\ocr_best_integration\keyframes_full\v8\v8_01000s.png,success,
v8,SQL,101,1010,1059.401,10,C:\NCKH\VIDEO_LEARNING_RESEARCH\data\processed\ocr_best_integration\keyframes_full\v8\v8_01010s.png,success,
v8,SQL,102,1020,1059.401,10,C:\NCKH\VIDEO_LEARNING_RESEARCH\data\processed\ocr_best_integration\keyframes_full\v8\v8_01020s.png,success,
v8,SQL,103,1030,1059.401,10,C:\NCKH\VIDEO_LEARNING_RESEARCH\data\processed\ocr_best_integration\keyframes_full\v8\v8_01030s.png,success,
v8,SQL,104,1040,1059.401,10,C:\NCKH\VIDEO_LEARNING_RESEARCH\data\processed\ocr_best_integration\keyframes_full\v8\v8_01040s.png,success,
v8,SQL,105,1050,1059.401,10,C:\NCKH\VIDEO_LEARNING_RESEARCH\data\processed\ocr_best_integration\keyframes_full\v8\v8_01050s.png,success,
v9,SQL,0,0,700.701,10,C:\NCKH\VIDEO_LEARNING_RESEARCH\data\processed\ocr_best_integration\keyframes_full\v9\v9_00000s.png,success,
v9,SQL,1,10,700.701,10,C:\NCKH\VIDEO_LEARNING_RESEARCH\data\processed\ocr_best_integration\keyframes_full\v9\v9_00010s.png,success,
v9,SQL,2,20,700.701,10,C:\NCKH\VIDEO_LEARNING_RESEARCH\data\processed\ocr_best_integration\keyframes_full\v9\v9_00020s.png,success,
v9,SQL,3,30,700.701,10,C:\NCKH\VIDEO_LEARNING_RESEARCH\data\processed\ocr_best_integration\keyframes_full\v9\v9_00030s.png,success,
v9,SQL,4,40,700.701,10,C:\NCKH\VIDEO_LEARNING_RESEARCH\data\processed\ocr_best_integration\keyframes_full\v9\v9_00040s.png,success,
v9,SQL,5,50,700.701,10,C:\NCKH\VIDEO_LEARNING_RESEARCH\data\processed\ocr_best_integration\keyframes_full\v9\v9_00050s.png,success,
v9,SQL,6,60,700.701,10,C:\NCKH\VIDEO_LEARNING_RESEARCH\data\processed\ocr_best_integration\keyframes_full\v9\v9_00060s.png,success,
v9,SQL,7,70,700.701,10,C:\NCKH\VIDEO_LEARNING_RESEARCH\data\processed\ocr_best_integration\keyframes_full\v9\v9_00070s.png,success,
v9,SQL,8,80,700.701,10,C:\NCKH\VIDEO_LEARNING_RESEARCH\data\processed\ocr_best_integration\keyframes_full\v9\v9_00080s.png,success,
v9,SQL,9,90,700.701,10,C:\NCKH\VIDEO_LEARNING_RESEARCH\data\processed\ocr_best_integration\keyframes_full\v9\v9_00090s.png,success,
v9,SQL,10,100,700.701,10,C:\NCKH\VIDEO_LEARNING_RESEARCH\data\processed\ocr_best_integration\keyframes_full\v9\v9_00100s.png,success,
v9,SQL,11,110,700.701,10,C:\NCKH\VIDEO_LEARNING_RESEARCH\data\processed\ocr_best_integration\keyframes_full\v9\v9_00110s.png,success,
v9,SQL,12,120,700.701,10,C:\NCKH\VIDEO_LEARNING_RESEARCH\data\processed\ocr_best_integration\keyframes_full\v9\v9_00120s.png,success,
v9,SQL,13,130,700.701,10,C:\NCKH\VIDEO_LEARNING_RESEARCH\data\processed\ocr_best_integration\keyframes_full\v9\v9_00130s.png,success,
v9,SQL,14,140,700.701,10,C:\NCKH\VIDEO_LEARNING_RESEARCH\data\processed\ocr_best_integration\keyframes_full\v9\v9_00140s.png,success,
v9,SQL,15,150,700.701,10,C:\NCKH\VIDEO_LEARNING_RESEARCH\data\processed\ocr_best_integration\keyframes_full\v9\v9_00150s.png,success,
v9,SQL,16,160,700.701,10,C:\NCKH\VIDEO_LEARNING_RESEARCH\data\processed\ocr_best_integration\keyframes_full\v9\v9_00160s.png,success,
v9,SQL,17,170,700.701,10,C:\NCKH\VIDEO_LEARNING_RESEARCH\data\processed\ocr_best_integration\keyframes_full\v9\v9_00170s.png,success,
v9,SQL,18,180,700.701,10,C:\NCKH\VIDEO_LEARNING_RESEARCH\data\processed\ocr_best_integration\keyframes_full\v9\v9_00180s.png,success,
v9,SQL,19,190,700.701,10,C:\NCKH\VIDEO_LEARNING_RESEARCH\data\processed\ocr_best_integration\keyframes_full\v9\v9_00190s.png,success,
v9,SQL,20,200,700.701,10,C:\NCKH\VIDEO_LEARNING_RESEARCH\data\processed\ocr_best_integration\keyframes_full\v9\v9_00200s.png,success,
v9,SQL,21,210,700.701,10,C:\NCKH\VIDEO_LEARNING_RESEARCH\data\processed\ocr_best_integration\keyframes_full\v9\v9_00210s.png,success,
v9,SQL,22,220,700.701,10,C:\NCKH\VIDEO_LEARNING_RESEARCH\data\processed\ocr_best_integration\keyframes_full\v9\v9_00220s.png,success,
v9,SQL,23,230,700.701,10,C:\NCKH\VIDEO_LEARNING_RESEARCH\data\processed\ocr_best_integration\keyframes_full\v9\v9_00230s.png,success,
v9,SQL,24,240,700.701,10,C:\NCKH\VIDEO_LEARNING_RESEARCH\data\processed\ocr_best_integration\keyframes_full\v9\v9_00240s.png,success,
v9,SQL,25,250,700.701,10,C:\NCKH\VIDEO_LEARNING_RESEARCH\data\processed\ocr_best_integration\keyframes_full\v9\v9_00250s.png,success,
v9,SQL,26,260,700.701,10,C:\NCKH\VIDEO_LEARNING_RESEARCH\data\processed\ocr_best_integration\keyframes_full\v9\v9_00260s.png,success,
v9,SQL,27,270,700.701,10,C:\NCKH\VIDEO_LEARNING_RESEARCH\data\processed\ocr_best_integration\keyframes_full\v9\v9_00270s.png,success,
v9,SQL,28,280,700.701,10,C:\NCKH\VIDEO_LEARNING_RESEARCH\data\processed\ocr_best_integration\keyframes_full\v9\v9_00280s.png,success,
v9,SQL,29,290,700.701,10,C:\NCKH\VIDEO_LEARNING_RESEARCH\data\processed\ocr_best_integration\keyframes_full\v9\v9_00290s.png,success,
v9,SQL,30,300,700.701,10,C:\NCKH\VIDEO_LEARNING_RESEARCH\data\processed\ocr_best_integration\keyframes_full\v9\v9_00300s.png,success,
v9,SQL,31,310,700.701,10,C:\NCKH\VIDEO_LEARNING_RESEARCH\data\processed\ocr_best_integration\keyframes_full\v9\v9_00310s.png,success,
v9,SQL,32,320,700.701,10,C:\NCKH\VIDEO_LEARNING_RESEARCH\data\processed\ocr_best_integration\keyframes_full\v9\v9_00320s.png,success,
v9,SQL,33,330,700.701,10,C:\NCKH\VIDEO_LEARNING_RESEARCH\data\processed\ocr_best_integration\keyframes_full\v9\v9_00330s.png,success,
v9,SQL,34,340,700.701,10,C:\NCKH\VIDEO_LEARNING_RESEARCH\data\processed\ocr_best_integration\keyframes_full\v9\v9_00340s.png,success,
v9,SQL,35,350,700.701,10,C:\NCKH\VIDEO_LEARNING_RESEARCH\data\processed\ocr_best_integration\keyframes_full\v9\v9_00350s.png,success,
v9,SQL,36,360,700.701,10,C:\NCKH\VIDEO_LEARNING_RESEARCH\data\processed\ocr_best_integration\keyframes_full\v9\v9_00360s.png,success,
v9,SQL,37,370,700.701,10,C:\NCKH\VIDEO_LEARNING_RESEARCH\data\processed\ocr_best_integration\keyframes_full\v9\v9_00370s.png,success,
v9,SQL,38,380,700.701,10,C:\NCKH\VIDEO_LEARNING_RESEARCH\data\processed\ocr_best_integration\keyframes_full\v9\v9_00380s.png,success,
v9,SQL,39,390,700.701,10,C:\NCKH\VIDEO_LEARNING_RESEARCH\data\processed\ocr_best_integration\keyframes_full\v9\v9_00390s.png,success,
v9,SQL,40,400,700.701,10,C:\NCKH\VIDEO_LEARNING_RESEARCH\data\processed\ocr_best_integration\keyframes_full\v9\v9_00400s.png,success,
v9,SQL,41,410,700.701,10,C:\NCKH\VIDEO_LEARNING_RESEARCH\data\processed\ocr_best_integration\keyframes_full\v9\v9_00410s.png,success,
v9,SQL,42,420,700.701,10,C:\NCKH\VIDEO_LEARNING_RESEARCH\data\processed\ocr_best_integration\keyframes_full\v9\v9_00420s.png,success,
v9,SQL,43,430,700.701,10,C:\NCKH\VIDEO_LEARNING_RESEARCH\data\processed\ocr_best_integration\keyframes_full\v9\v9_00430s.png,success,
v9,SQL,44,440,700.701,10,C:\NCKH\VIDEO_LEARNING_RESEARCH\data\processed\ocr_best_integration\keyframes_full\v9\v9_00440s.png,success,
v9,SQL,45,450,700.701,10,C:\NCKH\VIDEO_LEARNING_RESEARCH\data\processed\ocr_best_integration\keyframes_full\v9\v9_00450s.png,success,
v9,SQL,46,460,700.701,10,C:\NCKH\VIDEO_LEARNING_RESEARCH\data\processed\ocr_best_integration\keyframes_full\v9\v9_00460s.png,success,
v9,SQL,47,470,700.701,10,C:\NCKH\VIDEO_LEARNING_RESEARCH\data\processed\ocr_best_integration\keyframes_full\v9\v9_00470s.png,success,
v9,SQL,48,480,700.701,10,C:\NCKH\VIDEO_LEARNING_RESEARCH\data\processed\ocr_best_integration\keyframes_full\v9\v9_00480s.png,success,
v9,SQL,49,490,700.701,10,C:\NCKH\VIDEO_LEARNING_RESEARCH\data\processed\ocr_best_integration\keyframes_full\v9\v9_00490s.png,success,
v9,SQL,50,500,700.701,10,C:\NCKH\VIDEO_LEARNING_RESEARCH\data\processed\ocr_best_integration\keyframes_full\v9\v9_00500s.png,success,
v9,SQL,51,510,700.701,10,C:\NCKH\VIDEO_LEARNING_RESEARCH\data\processed\ocr_best_integration\keyframes_full\v9\v9_00510s.png,success,
v9,SQL,52,520,700.701,10,C:\NCKH\VIDEO_LEARNING_RESEARCH\data\processed\ocr_best_integration\keyframes_full\v9\v9_00520s.png,success,
v9,SQL,53,530,700.701,10,C:\NCKH\VIDEO_LEARNING_RESEARCH\data\processed\ocr_best_integration\keyframes_full\v9\v9_00530s.png,success,
v9,SQL,54,540,700.701,10,C:\NCKH\VIDEO_LEARNING_RESEARCH\data\processed\ocr_best_integration\keyframes_full\v9\v9_00540s.png,success,
v9,SQL,55,550,700.701,10,C:\NCKH\VIDEO_LEARNING_RESEARCH\data\processed\ocr_best_integration\keyframes_full\v9\v9_00550s.png,success,
v9,SQL,56,560,700.701,10,C:\NCKH\VIDEO_LEARNING_RESEARCH\data\processed\ocr_best_integration\keyframes_full\v9\v9_00560s.png,success,
v9,SQL,57,570,700.701,10,C:\NCKH\VIDEO_LEARNING_RESEARCH\data\processed\ocr_best_integration\keyframes_full\v9\v9_00570s.png,success,
v9,SQL,58,580,700.701,10,C:\NCKH\VIDEO_LEARNING_RESEARCH\data\processed\ocr_best_integration\keyframes_full\v9\v9_00580s.png,success,
v9,SQL,59,590,700.701,10,C:\NCKH\VIDEO_LEARNING_RESEARCH\data\processed\ocr_best_integration\keyframes_full\v9\v9_00590s.png,success,
v9,SQL,60,600,700.701,10,C:\NCKH\VIDEO_LEARNING_RESEARCH\data\processed\ocr_best_integration\keyframes_full\v9\v9_00600s.png,success,
v9,SQL,61,610,700.701,10,C:\NCKH\VIDEO_LEARNING_RESEARCH\data\processed\ocr_best_integration\keyframes_full\v9\v9_00610s.png,success,
v9,SQL,62,620,700.701,10,C:\NCKH\VIDEO_LEARNING_RESEARCH\data\processed\ocr_best_integration\keyframes_full\v9\v9_00620s.png,success,
v9,SQL,63,630,700.701,10,C:\NCKH\VIDEO_LEARNING_RESEARCH\data\processed\ocr_best_integration\keyframes_full\v9\v9_00630s.png,success,
v9,SQL,64,640,700.701,10,C:\NCKH\VIDEO_LEARNING_RESEARCH\data\processed\ocr_best_integration\keyframes_full\v9\v9_00640s.png,success,
v9,SQL,65,650,700.701,10,C:\NCKH\VIDEO_LEARNING_RESEARCH\data\processed\ocr_best_integration\keyframes_full\v9\v9_00650s.png,success,
v9,SQL,66,660,700.701,10,C:\NCKH\VIDEO_LEARNING_RESEARCH\data\processed\ocr_best_integration\keyframes_full\v9\v9_00660s.png,success,
v9,SQL,67,670,700.701,10,C:\NCKH\VIDEO_LEARNING_RESEARCH\data\processed\ocr_best_integration\keyframes_full\v9\v9_00670s.png,success,
v9,SQL,68,680,700.701,10,C:\NCKH\VIDEO_LEARNING_RESEARCH\data\processed\ocr_best_integration\keyframes_full\v9\v9_00680s.png,success,
v9,SQL,69,690,700.701,10,C:\NCKH\VIDEO_LEARNING_RESEARCH\data\processed\ocr_best_integration\keyframes_full\v9\v9_00690s.png,success,
v10,SQL,0,0,1254.541,10,C:\NCKH\VIDEO_LEARNING_RESEARCH\data\processed\ocr_best_integration\keyframes_full\v10\v10_00000s.png,success,fast
v10,SQL,1,10,1254.541,10,C:\NCKH\VIDEO_LEARNING_RESEARCH\data\processed\ocr_best_integration\keyframes_full\v10\v10_00010s.png,success,fast
v10,SQL,2,20,1254.541,10,C:\NCKH\VIDEO_LEARNING_RESEARCH\data\processed\ocr_best_integration\keyframes_full\v10\v10_00020s.png,success,fast
v10,SQL,3,30,1254.541,10,C:\NCKH\VIDEO_LEARNING_RESEARCH\data\processed\ocr_best_integration\keyframes_full\v10\v10_00030s.png,success,fast
v10,SQL,4,40,1254.541,10,C:\NCKH\VIDEO_LEARNING_RESEARCH\data\processed\ocr_best_integration\keyframes_full\v10\v10_00040s.png,success,fast
v10,SQL,5,50,1254.541,10,C:\NCKH\VIDEO_LEARNING_RESEARCH\data\processed\ocr_best_integration\keyframes_full\v10\v10_00050s.png,success,fast
v10,SQL,6,60,1254.541,10,C:\NCKH\VIDEO_LEARNING_RESEARCH\data\processed\ocr_best_integration\keyframes_full\v10\v10_00060s.png,success,recovery
v10,SQL,7,70,1254.541,10,C:\NCKH\VIDEO_LEARNING_RESEARCH\data\processed\ocr_best_integration\keyframes_full\v10\v10_00070s.png,success,fast
v10,SQL,8,80,1254.541,10,C:\NCKH\VIDEO_LEARNING_RESEARCH\data\processed\ocr_best_integration\keyframes_full\v10\v10_00080s.png,success,fast
v10,SQL,9,90,1254.541,10,C:\NCKH\VIDEO_LEARNING_RESEARCH\data\processed\ocr_best_integration\keyframes_full\v10\v10_00090s.png,success,fast
v10,SQL,10,100,1254.541,10,C:\NCKH\VIDEO_LEARNING_RESEARCH\data\processed\ocr_best_integration\keyframes_full\v10\v10_00100s.png,success,fast
v10,SQL,11,110,1254.541,10,C:\NCKH\VIDEO_LEARNING_RESEARCH\data\processed\ocr_best_integration\keyframes_full\v10\v10_00110s.png,success,fast
v10,SQL,12,120,1254.541,10,C:\NCKH\VIDEO_LEARNING_RESEARCH\data\processed\ocr_best_integration\keyframes_full\v10\v10_00120s.png,success,recovery
v10,SQL,13,130,1254.541,10,C:\NCKH\VIDEO_LEARNING_RESEARCH\data\processed\ocr_best_integration\keyframes_full\v10\v10_00130s.png,success,fast
v10,SQL,14,140,1254.541,10,C:\NCKH\VIDEO_LEARNING_RESEARCH\data\processed\ocr_best_integration\keyframes_full\v10\v10_00140s.png,success,fast
v10,SQL,15,150,1254.541,10,C:\NCKH\VIDEO_LEARNING_RESEARCH\data\processed\ocr_best_integration\keyframes_full\v10\v10_00150s.png,success,fast
v10,SQL,16,160,1254.541,10,C:\NCKH\VIDEO_LEARNING_RESEARCH\data\processed\ocr_best_integration\keyframes_full\v10\v10_00160s.png,success,fast
v10,SQL,17,170,1254.541,10,C:\NCKH\VIDEO_LEARNING_RESEARCH\data\processed\ocr_best_integration\keyframes_full\v10\v10_00170s.png,success,fast
v10,SQL,18,180,1254.541,10,C:\NCKH\VIDEO_LEARNING_RESEARCH\data\processed\ocr_best_integration\keyframes_full\v10\v10_00180s.png,success,recovery
v10,SQL,19,190,1254.541,10,C:\NCKH\VIDEO_LEARNING_RESEARCH\data\processed\ocr_best_integration\keyframes_full\v10\v10_00190s.png,success,fast
v10,SQL,20,200,1254.541,10,C:\NCKH\VIDEO_LEARNING_RESEARCH\data\processed\ocr_best_integration\keyframes_full\v10\v10_00200s.png,success,fast
v10,SQL,21,210,1254.541,10,C:\NCKH\VIDEO_LEARNING_RESEARCH\data\processed\ocr_best_integration\keyframes_full\v10\v10_00210s.png,success,fast
v10,SQL,22,220,1254.541,10,C:\NCKH\VIDEO_LEARNING_RESEARCH\data\processed\ocr_best_integration\keyframes_full\v10\v10_00220s.png,success,fast
v10,SQL,23,230,1254.541,10,C:\NCKH\VIDEO_LEARNING_RESEARCH\data\processed\ocr_best_integration\keyframes_full\v10\v10_00230s.png,success,fast
v10,SQL,24,240,1254.541,10,C:\NCKH\VIDEO_LEARNING_RESEARCH\data\processed\ocr_best_integration\keyframes_full\v10\v10_00240s.png,success,recovery
v10,SQL,25,250,1254.541,10,C:\NCKH\VIDEO_LEARNING_RESEARCH\data\processed\ocr_best_integration\keyframes_full\v10\v10_00250s.png,success,fast
v10,SQL,26,260,1254.541,10,C:\NCKH\VIDEO_LEARNING_RESEARCH\data\processed\ocr_best_integration\keyframes_full\v10\v10_00260s.png,success,fast
v10,SQL,27,270,1254.541,10,C:\NCKH\VIDEO_LEARNING_RESEARCH\data\processed\ocr_best_integration\keyframes_full\v10\v10_00270s.png,success,fast
v10,SQL,28,280,1254.541,10,C:\NCKH\VIDEO_LEARNING_RESEARCH\data\processed\ocr_best_integration\keyframes_full\v10\v10_00280s.png,success,fast
v10,SQL,29,290,1254.541,10,C:\NCKH\VIDEO_LEARNING_RESEARCH\data\processed\ocr_best_integration\keyframes_full\v10\v10_00290s.png,success,fast
v10,SQL,30,300,1254.541,10,,failed,failed
v10,SQL,31,310,1254.541,10,C:\NCKH\VIDEO_LEARNING_RESEARCH\data\processed\ocr_best_integration\keyframes_full\v10\v10_00310s.png,success,fast
v10,SQL,32,320,1254.541,10,C:\NCKH\VIDEO_LEARNING_RESEARCH\data\processed\ocr_best_integration\keyframes_full\v10\v10_00320s.png,success,fast
v10,SQL,33,330,1254.541,10,C:\NCKH\VIDEO_LEARNING_RESEARCH\data\processed\ocr_best_integration\keyframes_full\v10\v10_00330s.png,success,fast
v10,SQL,34,340,1254.541,10,C:\NCKH\VIDEO_LEARNING_RESEARCH\data\processed\ocr_best_integration\keyframes_full\v10\v10_00340s.png,success,fast
v10,SQL,35,350,1254.541,10,C:\NCKH\VIDEO_LEARNING_RESEARCH\data\processed\ocr_best_integration\keyframes_full\v10\v10_00350s.png,success,fast
v10,SQL,36,360,1254.541,10,,failed,failed
v10,SQL,37,370,1254.541,10,C:\NCKH\VIDEO_LEARNING_RESEARCH\data\processed\ocr_best_integration\keyframes_full\v10\v10_00370s.png,success,fast
v10,SQL,38,380,1254.541,10,C:\NCKH\VIDEO_LEARNING_RESEARCH\data\processed\ocr_best_integration\keyframes_full\v10\v10_00380s.png,success,fast
v10,SQL,39,390,1254.541,10,C:\NCKH\VIDEO_LEARNING_RESEARCH\data\processed\ocr_best_integration\keyframes_full\v10\v10_00390s.png,success,fast
v10,SQL,40,400,1254.541,10,C:\NCKH\VIDEO_LEARNING_RESEARCH\data\processed\ocr_best_integration\keyframes_full\v10\v10_00400s.png,success,fast
v10,SQL,41,410,1254.541,10,C:\NCKH\VIDEO_LEARNING_RESEARCH\data\processed\ocr_best_integration\keyframes_full\v10\v10_00410s.png,success,fast
v10,SQL,42,420,1254.541,10,C:\NCKH\VIDEO_LEARNING_RESEARCH\data\processed\ocr_best_integration\keyframes_full\v10\v10_00420s.png,success,recovery
v10,SQL,43,430,1254.541,10,C:\NCKH\VIDEO_LEARNING_RESEARCH\data\processed\ocr_best_integration\keyframes_full\v10\v10_00430s.png,success,fast
v10,SQL,44,440,1254.541,10,C:\NCKH\VIDEO_LEARNING_RESEARCH\data\processed\ocr_best_integration\keyframes_full\v10\v10_00440s.png,success,fast
v10,SQL,45,450,1254.541,10,C:\NCKH\VIDEO_LEARNING_RESEARCH\data\processed\ocr_best_integration\keyframes_full\v10\v10_00450s.png,success,fast
v10,SQL,46,460,1254.541,10,C:\NCKH\VIDEO_LEARNING_RESEARCH\data\processed\ocr_best_integration\keyframes_full\v10\v10_00460s.png,success,fast
v10,SQL,47,470,1254.541,10,C:\NCKH\VIDEO_LEARNING_RESEARCH\data\processed\ocr_best_integration\keyframes_full\v10\v10_00470s.png,success,fast
v10,SQL,48,480,1254.541,10,C:\NCKH\VIDEO_LEARNING_RESEARCH\data\processed\ocr_best_integration\keyframes_full\v10\v10_00480s.png,success,recovery
v10,SQL,49,490,1254.541,10,C:\NCKH\VIDEO_LEARNING_RESEARCH\data\processed\ocr_best_integration\keyframes_full\v10\v10_00490s.png,success,fast
v10,SQL,50,500,1254.541,10,C:\NCKH\VIDEO_LEARNING_RESEARCH\data\processed\ocr_best_integration\keyframes_full\v10\v10_00500s.png,success,fast
v10,SQL,51,510,1254.541,10,C:\NCKH\VIDEO_LEARNING_RESEARCH\data\processed\ocr_best_integration\keyframes_full\v10\v10_00510s.png,success,fast
v10,SQL,52,520,1254.541,10,C:\NCKH\VIDEO_LEARNING_RESEARCH\data\processed\ocr_best_integration\keyframes_full\v10\v10_00520s.png,success,fast
v10,SQL,53,530,1254.541,10,C:\NCKH\VIDEO_LEARNING_RESEARCH\data\processed\ocr_best_integration\keyframes_full\v10\v10_00530s.png,success,fast
v10,SQL,54,540,1254.541,10,C:\NCKH\VIDEO_LEARNING_RESEARCH\data\processed\ocr_best_integration\keyframes_full\v10\v10_00540s.png,success,recovery
v10,SQL,55,550,1254.541,10,C:\NCKH\VIDEO_LEARNING_RESEARCH\data\processed\ocr_best_integration\keyframes_full\v10\v10_00550s.png,success,fast
v10,SQL,56,560,1254.541,10,C:\NCKH\VIDEO_LEARNING_RESEARCH\data\processed\ocr_best_integration\keyframes_full\v10\v10_00560s.png,success,fast
v10,SQL,57,570,1254.541,10,C:\NCKH\VIDEO_LEARNING_RESEARCH\data\processed\ocr_best_integration\keyframes_full\v10\v10_00570s.png,success,fast
v10,SQL,58,580,1254.541,10,C:\NCKH\VIDEO_LEARNING_RESEARCH\data\processed\ocr_best_integration\keyframes_full\v10\v10_00580s.png,success,fast
v10,SQL,59,590,1254.541,10,C:\NCKH\VIDEO_LEARNING_RESEARCH\data\processed\ocr_best_integration\keyframes_full\v10\v10_00590s.png,success,fast
v10,SQL,60,600,1254.541,10,C:\NCKH\VIDEO_LEARNING_RESEARCH\data\processed\ocr_best_integration\keyframes_full\v10\v10_00600s.png,success,recovery
v10,SQL,61,610,1254.541,10,C:\NCKH\VIDEO_LEARNING_RESEARCH\data\processed\ocr_best_integration\keyframes_full\v10\v10_00610s.png,success,fast
v10,SQL,62,620,1254.541,10,C:\NCKH\VIDEO_LEARNING_RESEARCH\data\processed\ocr_best_integration\keyframes_full\v10\v10_00620s.png,success,fast
v10,SQL,63,630,1254.541,10,C:\NCKH\VIDEO_LEARNING_RESEARCH\data\processed\ocr_best_integration\keyframes_full\v10\v10_00630s.png,success,fast
v10,SQL,64,640,1254.541,10,C:\NCKH\VIDEO_LEARNING_RESEARCH\data\processed\ocr_best_integration\keyframes_full\v10\v10_00640s.png,success,fast
v10,SQL,65,650,1254.541,10,C:\NCKH\VIDEO_LEARNING_RESEARCH\data\processed\ocr_best_integration\keyframes_full\v10\v10_00650s.png,success,fast
v10,SQL,66,660,1254.541,10,C:\NCKH\VIDEO_LEARNING_RESEARCH\data\processed\ocr_best_integration\keyframes_full\v10\v10_00660s.png,success,recovery
v10,SQL,67,670,1254.541,10,C:\NCKH\VIDEO_LEARNING_RESEARCH\data\processed\ocr_best_integration\keyframes_full\v10\v10_00670s.png,success,fast
v10,SQL,68,680,1254.541,10,C:\NCKH\VIDEO_LEARNING_RESEARCH\data\processed\ocr_best_integration\keyframes_full\v10\v10_00680s.png,success,fast
v10,SQL,69,690,1254.541,10,C:\NCKH\VIDEO_LEARNING_RESEARCH\data\processed\ocr_best_integration\keyframes_full\v10\v10_00690s.png,success,fast
v10,SQL,70,700,1254.541,10,C:\NCKH\VIDEO_LEARNING_RESEARCH\data\processed\ocr_best_integration\keyframes_full\v10\v10_00700s.png,success,fast
v10,SQL,71,710,1254.541,10,C:\NCKH\VIDEO_LEARNING_RESEARCH\data\processed\ocr_best_integration\keyframes_full\v10\v10_00710s.png,success,fast
v10,SQL,72,720,1254.541,10,C:\NCKH\VIDEO_LEARNING_RESEARCH\data\processed\ocr_best_integration\keyframes_full\v10\v10_00720s.png,success,recovery
v10,SQL,73,730,1254.541,10,C:\NCKH\VIDEO_LEARNING_RESEARCH\data\processed\ocr_best_integration\keyframes_full\v10\v10_00730s.png,success,fast
v10,SQL,74,740,1254.541,10,C:\NCKH\VIDEO_LEARNING_RESEARCH\data\processed\ocr_best_integration\keyframes_full\v10\v10_00740s.png,success,fast
v10,SQL,75,750,1254.541,10,C:\NCKH\VIDEO_LEARNING_RESEARCH\data\processed\ocr_best_integration\keyframes_full\v10\v10_00750s.png,success,fast
v10,SQL,76,760,1254.541,10,C:\NCKH\VIDEO_LEARNING_RESEARCH\data\processed\ocr_best_integration\keyframes_full\v10\v10_00760s.png,success,fast
v10,SQL,77,770,1254.541,10,C:\NCKH\VIDEO_LEARNING_RESEARCH\data\processed\ocr_best_integration\keyframes_full\v10\v10_00770s.png,success,fast
v10,SQL,78,780,1254.541,10,C:\NCKH\VIDEO_LEARNING_RESEARCH\data\processed\ocr_best_integration\keyframes_full\v10\v10_00780s.png,success,recovery
v10,SQL,79,790,1254.541,10,C:\NCKH\VIDEO_LEARNING_RESEARCH\data\processed\ocr_best_integration\keyframes_full\v10\v10_00790s.png,success,fast
v10,SQL,80,800,1254.541,10,C:\NCKH\VIDEO_LEARNING_RESEARCH\data\processed\ocr_best_integration\keyframes_full\v10\v10_00800s.png,success,fast
v10,SQL,81,810,1254.541,10,C:\NCKH\VIDEO_LEARNING_RESEARCH\data\processed\ocr_best_integration\keyframes_full\v10\v10_00810s.png,success,fast
v10,SQL,82,820,1254.541,10,C:\NCKH\VIDEO_LEARNING_RESEARCH\data\processed\ocr_best_integration\keyframes_full\v10\v10_00820s.png,success,fast
v10,SQL,83,830,1254.541,10,C:\NCKH\VIDEO_LEARNING_RESEARCH\data\processed\ocr_best_integration\keyframes_full\v10\v10_00830s.png,success,fast
v10,SQL,84,840,1254.541,10,C:\NCKH\VIDEO_LEARNING_RESEARCH\data\processed\ocr_best_integration\keyframes_full\v10\v10_00840s.png,success,recovery
v10,SQL,85,850,1254.541,10,C:\NCKH\VIDEO_LEARNING_RESEARCH\data\processed\ocr_best_integration\keyframes_full\v10\v10_00850s.png,success,fast
v10,SQL,86,860,1254.541,10,C:\NCKH\VIDEO_LEARNING_RESEARCH\data\processed\ocr_best_integration\keyframes_full\v10\v10_00860s.png,success,fast
v10,SQL,87,870,1254.541,10,C:\NCKH\VIDEO_LEARNING_RESEARCH\data\processed\ocr_best_integration\keyframes_full\v10\v10_00870s.png,success,fast
v10,SQL,88,880,1254.541,10,C:\NCKH\VIDEO_LEARNING_RESEARCH\data\processed\ocr_best_integration\keyframes_full\v10\v10_00880s.png,success,fast
v10,SQL,89,890,1254.541,10,C:\NCKH\VIDEO_LEARNING_RESEARCH\data\processed\ocr_best_integration\keyframes_full\v10\v10_00890s.png,success,fast
v10,SQL,90,900,1254.541,10,C:\NCKH\VIDEO_LEARNING_RESEARCH\data\processed\ocr_best_integration\keyframes_full\v10\v10_00900s.png,success,recovery
v10,SQL,91,910,1254.541,10,C:\NCKH\VIDEO_LEARNING_RESEARCH\data\processed\ocr_best_integration\keyframes_full\v10\v10_00910s.png,success,fast
v10,SQL,92,920,1254.541,10,C:\NCKH\VIDEO_LEARNING_RESEARCH\data\processed\ocr_best_integration\keyframes_full\v10\v10_00920s.png,success,fast
v10,SQL,93,930,1254.541,10,C:\NCKH\VIDEO_LEARNING_RESEARCH\data\processed\ocr_best_integration\keyframes_full\v10\v10_00930s.png,success,fast
v10,SQL,94,940,1254.541,10,C:\NCKH\VIDEO_LEARNING_RESEARCH\data\processed\ocr_best_integration\keyframes_full\v10\v10_00940s.png,success,fast
v10,SQL,95,950,1254.541,10,C:\NCKH\VIDEO_LEARNING_RESEARCH\data\processed\ocr_best_integration\keyframes_full\v10\v10_00950s.png,success,fast
v10,SQL,96,960,1254.541,10,C:\NCKH\VIDEO_LEARNING_RESEARCH\data\processed\ocr_best_integration\keyframes_full\v10\v10_00960s.png,success,recovery
v10,SQL,97,970,1254.541,10,C:\NCKH\VIDEO_LEARNING_RESEARCH\data\processed\ocr_best_integration\keyframes_full\v10\v10_00970s.png,success,fast
v10,SQL,98,980,1254.541,10,C:\NCKH\VIDEO_LEARNING_RESEARCH\data\processed\ocr_best_integration\keyframes_full\v10\v10_00980s.png,success,fast
v10,SQL,99,990,1254.541,10,C:\NCKH\VIDEO_LEARNING_RESEARCH\data\processed\ocr_best_integration\keyframes_full\v10\v10_00990s.png,success,fast
v10,SQL,100,1000,1254.541,10,C:\NCKH\VIDEO_LEARNING_RESEARCH\data\processed\ocr_best_integration\keyframes_full\v10\v10_01000s.png,success,fast
v10,SQL,101,1010,1254.541,10,C:\NCKH\VIDEO_LEARNING_RESEARCH\data\processed\ocr_best_integration\keyframes_full\v10\v10_01010s.png,success,fast
v10,SQL,102,1020,1254.541,10,C:\NCKH\VIDEO_LEARNING_RESEARCH\data\processed\ocr_best_integration\keyframes_full\v10\v10_01020s.png,success,recovery
v10,SQL,103,1030,1254.541,10,C:\NCKH\VIDEO_LEARNING_RESEARCH\data\processed\ocr_best_integration\keyframes_full\v10\v10_01030s.png,success,fast
v10,SQL,104,1040,1254.541,10,C:\NCKH\VIDEO_LEARNING_RESEARCH\data\processed\ocr_best_integration\keyframes_full\v10\v10_01040s.png,success,fast
v10,SQL,105,1050,1254.541,10,C:\NCKH\VIDEO_LEARNING_RESEARCH\data\processed\ocr_best_integration\keyframes_full\v10\v10_01050s.png,success,fast
v10,SQL,106,1060,1254.541,10,C:\NCKH\VIDEO_LEARNING_RESEARCH\data\processed\ocr_best_integration\keyframes_full\v10\v10_01060s.png,success,fast
v10,SQL,107,1070,1254.541,10,C:\NCKH\VIDEO_LEARNING_RESEARCH\data\processed\ocr_best_integration\keyframes_full\v10\v10_01070s.png,success,fast
v10,SQL,108,1080,1254.541,10,,failed,failed
v10,SQL,109,1090,1254.541,10,C:\NCKH\VIDEO_LEARNING_RESEARCH\data\processed\ocr_best_integration\keyframes_full\v10\v10_01090s.png,success,fast
v10,SQL,110,1100,1254.541,10,C:\NCKH\VIDEO_LEARNING_RESEARCH\data\processed\ocr_best_integration\keyframes_full\v10\v10_01100s.png,success,fast
v10,SQL,111,1110,1254.541,10,C:\NCKH\VIDEO_LEARNING_RESEARCH\data\processed\ocr_best_integration\keyframes_full\v10\v10_01110s.png,success,fast
v10,SQL,112,1120,1254.541,10,C:\NCKH\VIDEO_LEARNING_RESEARCH\data\processed\ocr_best_integration\keyframes_full\v10\v10_01120s.png,success,fast
v10,SQL,113,1130,1254.541,10,C:\NCKH\VIDEO_LEARNING_RESEARCH\data\processed\ocr_best_integration\keyframes_full\v10\v10_01130s.png,success,fast
v10,SQL,114,1140,1254.541,10,C:\NCKH\VIDEO_LEARNING_RESEARCH\data\processed\ocr_best_integration\keyframes_full\v10\v10_01140s.png,success,recovery
v10,SQL,115,1150,1254.541,10,C:\NCKH\VIDEO_LEARNING_RESEARCH\data\processed\ocr_best_integration\keyframes_full\v10\v10_01150s.png,success,fast
v10,SQL,116,1160,1254.541,10,C:\NCKH\VIDEO_LEARNING_RESEARCH\data\processed\ocr_best_integration\keyframes_full\v10\v10_01160s.png,success,fast
v10,SQL,117,1170,1254.541,10,C:\NCKH\VIDEO_LEARNING_RESEARCH\data\processed\ocr_best_integration\keyframes_full\v10\v10_01170s.png,success,fast
v10,SQL,118,1180,1254.541,10,C:\NCKH\VIDEO_LEARNING_RESEARCH\data\processed\ocr_best_integration\keyframes_full\v10\v10_01180s.png,success,fast
v10,SQL,119,1190,1254.541,10,C:\NCKH\VIDEO_LEARNING_RESEARCH\data\processed\ocr_best_integration\keyframes_full\v10\v10_01190s.png,success,fast
v10,SQL,120,1200,1254.541,10,C:\NCKH\VIDEO_LEARNING_RESEARCH\data\processed\ocr_best_integration\keyframes_full\v10\v10_01200s.png,success,recovery
v10,SQL,121,1210,1254.541,10,C:\NCKH\VIDEO_LEARNING_RESEARCH\data\processed\ocr_best_integration\keyframes_full\v10\v10_01210s.png,success,fast
v10,SQL,122,1220,1254.541,10,C:\NCKH\VIDEO_LEARNING_RESEARCH\data\processed\ocr_best_integration\keyframes_full\v10\v10_01220s.png,success,fast
v10,SQL,123,1230,1254.541,10,C:\NCKH\VIDEO_LEARNING_RESEARCH\data\processed\ocr_best_integration\keyframes_full\v10\v10_01230s.png,success,fast
v10,SQL,124,1240,1254.541,10,C:\NCKH\VIDEO_LEARNING_RESEARCH\data\processed\ocr_best_integration\keyframes_full\v10\v10_01240s.png,success,fast
v10,SQL,125,1250,1254.541,10,C:\NCKH\VIDEO_LEARNING_RESEARCH\data\processed\ocr_best_integration\keyframes_full\v10\v10_01250s.png,success,fast
v11,SQL,0,0,30.061,10,C:\NCKH\VIDEO_LEARNING_RESEARCH\data\processed\ocr_best_integration\keyframes_full\v11\v11_00000s.png,success,fast
v11,SQL,1,10,30.061,10,C:\NCKH\VIDEO_LEARNING_RESEARCH\data\processed\ocr_best_integration\keyframes_full\v11\v11_00010s.png,success,fast
v11,SQL,2,20,30.061,10,C:\NCKH\VIDEO_LEARNING_RESEARCH\data\processed\ocr_best_integration\keyframes_full\v11\v11_00020s.png,success,fast
v12,SQL,0,0,5.021,10,C:\NCKH\VIDEO_LEARNING_RESEARCH\data\processed\ocr_best_integration\keyframes_full\v12\v12_00000s.png,success,fast
v13,SQL,0,0,1007.401,10,C:\NCKH\VIDEO_LEARNING_RESEARCH\data\processed\ocr_best_integration\keyframes_full\v13\v13_00000s.png,success,fast
v13,SQL,1,10,1007.401,10,C:\NCKH\VIDEO_LEARNING_RESEARCH\data\processed\ocr_best_integration\keyframes_full\v13\v13_00010s.png,success,fast
v13,SQL,2,20,1007.401,10,C:\NCKH\VIDEO_LEARNING_RESEARCH\data\processed\ocr_best_integration\keyframes_full\v13\v13_00020s.png,success,fast
v13,SQL,3,30,1007.401,10,C:\NCKH\VIDEO_LEARNING_RESEARCH\data\processed\ocr_best_integration\keyframes_full\v13\v13_00030s.png,success,fast
v13,SQL,4,40,1007.401,10,C:\NCKH\VIDEO_LEARNING_RESEARCH\data\processed\ocr_best_integration\keyframes_full\v13\v13_00040s.png,success,fast
v13,SQL,5,50,1007.401,10,C:\NCKH\VIDEO_LEARNING_RESEARCH\data\processed\ocr_best_integration\keyframes_full\v13\v13_00050s.png,success,fast
v13,SQL,6,60,1007.401,10,C:\NCKH\VIDEO_LEARNING_RESEARCH\data\processed\ocr_best_integration\keyframes_full\v13\v13_00060s.png,success,recovery
v13,SQL,7,70,1007.401,10,C:\NCKH\VIDEO_LEARNING_RESEARCH\data\processed\ocr_best_integration\keyframes_full\v13\v13_00070s.png,success,fast
v13,SQL,8,80,1007.401,10,C:\NCKH\VIDEO_LEARNING_RESEARCH\data\processed\ocr_best_integration\keyframes_full\v13\v13_00080s.png,success,fast
v13,SQL,9,90,1007.401,10,C:\NCKH\VIDEO_LEARNING_RESEARCH\data\processed\ocr_best_integration\keyframes_full\v13\v13_00090s.png,success,fast
v13,SQL,10,100,1007.401,10,C:\NCKH\VIDEO_LEARNING_RESEARCH\data\processed\ocr_best_integration\keyframes_full\v13\v13_00100s.png,success,fast
v13,SQL,11,110,1007.401,10,C:\NCKH\VIDEO_LEARNING_RESEARCH\data\processed\ocr_best_integration\keyframes_full\v13\v13_00110s.png,success,fast
v13,SQL,12,120,1007.401,10,C:\NCKH\VIDEO_LEARNING_RESEARCH\data\processed\ocr_best_integration\keyframes_full\v13\v13_00120s.png,success,recovery
v13,SQL,13,130,1007.401,10,C:\NCKH\VIDEO_LEARNING_RESEARCH\data\processed\ocr_best_integration\keyframes_full\v13\v13_00130s.png,success,fast
v13,SQL,14,140,1007.401,10,C:\NCKH\VIDEO_LEARNING_RESEARCH\data\processed\ocr_best_integration\keyframes_full\v13\v13_00140s.png,success,fast
v13,SQL,15,150,1007.401,10,C:\NCKH\VIDEO_LEARNING_RESEARCH\data\processed\ocr_best_integration\keyframes_full\v13\v13_00150s.png,success,fast
v13,SQL,16,160,1007.401,10,C:\NCKH\VIDEO_LEARNING_RESEARCH\data\processed\ocr_best_integration\keyframes_full\v13\v13_00160s.png,success,fast
v13,SQL,17,170,1007.401,10,C:\NCKH\VIDEO_LEARNING_RESEARCH\data\processed\ocr_best_integration\keyframes_full\v13\v13_00170s.png,success,fast
v13,SQL,18,180,1007.401,10,C:\NCKH\VIDEO_LEARNING_RESEARCH\data\processed\ocr_best_integration\keyframes_full\v13\v13_00180s.png,success,recovery
v13,SQL,19,190,1007.401,10,C:\NCKH\VIDEO_LEARNING_RESEARCH\data\processed\ocr_best_integration\keyframes_full\v13\v13_00190s.png,success,fast
v13,SQL,20,200,1007.401,10,C:\NCKH\VIDEO_LEARNING_RESEARCH\data\processed\ocr_best_integration\keyframes_full\v13\v13_00200s.png,success,fast
v13,SQL,21,210,1007.401,10,C:\NCKH\VIDEO_LEARNING_RESEARCH\data\processed\ocr_best_integration\keyframes_full\v13\v13_00210s.png,success,fast
v13,SQL,22,220,1007.401,10,C:\NCKH\VIDEO_LEARNING_RESEARCH\data\processed\ocr_best_integration\keyframes_full\v13\v13_00220s.png,success,fast
v13,SQL,23,230,1007.401,10,C:\NCKH\VIDEO_LEARNING_RESEARCH\data\processed\ocr_best_integration\keyframes_full\v13\v13_00230s.png,success,fast
v13,SQL,24,240,1007.401,10,C:\NCKH\VIDEO_LEARNING_RESEARCH\data\processed\ocr_best_integration\keyframes_full\v13\v13_00240s.png,success,recovery
v13,SQL,25,250,1007.401,10,C:\NCKH\VIDEO_LEARNING_RESEARCH\data\processed\ocr_best_integration\keyframes_full\v13\v13_00250s.png,success,fast
v13,SQL,26,260,1007.401,10,C:\NCKH\VIDEO_LEARNING_RESEARCH\data\processed\ocr_best_integration\keyframes_full\v13\v13_00260s.png,success,fast
v13,SQL,27,270,1007.401,10,C:\NCKH\VIDEO_LEARNING_RESEARCH\data\processed\ocr_best_integration\keyframes_full\v13\v13_00270s.png,success,fast
v13,SQL,28,280,1007.401,10,C:\NCKH\VIDEO_LEARNING_RESEARCH\data\processed\ocr_best_integration\keyframes_full\v13\v13_00280s.png,success,fast
v13,SQL,29,290,1007.401,10,C:\NCKH\VIDEO_LEARNING_RESEARCH\data\processed\ocr_best_integration\keyframes_full\v13\v13_00290s.png,success,fast
v13,SQL,30,300,1007.401,10,,failed,failed
v13,SQL,31,310,1007.401,10,C:\NCKH\VIDEO_LEARNING_RESEARCH\data\processed\ocr_best_integration\keyframes_full\v13\v13_00310s.png,success,fast
v13,SQL,32,320,1007.401,10,C:\NCKH\VIDEO_LEARNING_RESEARCH\data\processed\ocr_best_integration\keyframes_full\v13\v13_00320s.png,success,fast
v13,SQL,33,330,1007.401,10,C:\NCKH\VIDEO_LEARNING_RESEARCH\data\processed\ocr_best_integration\keyframes_full\v13\v13_00330s.png,success,fast
v13,SQL,34,340,1007.401,10,C:\NCKH\VIDEO_LEARNING_RESEARCH\data\processed\ocr_best_integration\keyframes_full\v13\v13_00340s.png,success,fast
v13,SQL,35,350,1007.401,10,C:\NCKH\VIDEO_LEARNING_RESEARCH\data\processed\ocr_best_integration\keyframes_full\v13\v13_00350s.png,success,fast
v13,SQL,36,360,1007.401,10,C:\NCKH\VIDEO_LEARNING_RESEARCH\data\processed\ocr_best_integration\keyframes_full\v13\v13_00360s.png,success,recovery
v13,SQL,37,370,1007.401,10,C:\NCKH\VIDEO_LEARNING_RESEARCH\data\processed\ocr_best_integration\keyframes_full\v13\v13_00370s.png,success,fast
v13,SQL,38,380,1007.401,10,C:\NCKH\VIDEO_LEARNING_RESEARCH\data\processed\ocr_best_integration\keyframes_full\v13\v13_00380s.png,success,fast
v13,SQL,39,390,1007.401,10,C:\NCKH\VIDEO_LEARNING_RESEARCH\data\processed\ocr_best_integration\keyframes_full\v13\v13_00390s.png,success,fast
v13,SQL,40,400,1007.401,10,C:\NCKH\VIDEO_LEARNING_RESEARCH\data\processed\ocr_best_integration\keyframes_full\v13\v13_00400s.png,success,fast
v13,SQL,41,410,1007.401,10,C:\NCKH\VIDEO_LEARNING_RESEARCH\data\processed\ocr_best_integration\keyframes_full\v13\v13_00410s.png,success,fast
v13,SQL,42,420,1007.401,10,C:\NCKH\VIDEO_LEARNING_RESEARCH\data\processed\ocr_best_integration\keyframes_full\v13\v13_00420s.png,success,recovery
v13,SQL,43,430,1007.401,10,C:\NCKH\VIDEO_LEARNING_RESEARCH\data\processed\ocr_best_integration\keyframes_full\v13\v13_00430s.png,success,fast
v13,SQL,44,440,1007.401,10,C:\NCKH\VIDEO_LEARNING_RESEARCH\data\processed\ocr_best_integration\keyframes_full\v13\v13_00440s.png,success,fast
v13,SQL,45,450,1007.401,10,C:\NCKH\VIDEO_LEARNING_RESEARCH\data\processed\ocr_best_integration\keyframes_full\v13\v13_00450s.png,success,fast
v13,SQL,46,460,1007.401,10,C:\NCKH\VIDEO_LEARNING_RESEARCH\data\processed\ocr_best_integration\keyframes_full\v13\v13_00460s.png,success,fast
v13,SQL,47,470,1007.401,10,C:\NCKH\VIDEO_LEARNING_RESEARCH\data\processed\ocr_best_integration\keyframes_full\v13\v13_00470s.png,success,fast
v13,SQL,48,480,1007.401,10,C:\NCKH\VIDEO_LEARNING_RESEARCH\data\processed\ocr_best_integration\keyframes_full\v13\v13_00480s.png,success,recovery
v13,SQL,49,490,1007.401,10,C:\NCKH\VIDEO_LEARNING_RESEARCH\data\processed\ocr_best_integration\keyframes_full\v13\v13_00490s.png,success,fast
v13,SQL,50,500,1007.401,10,C:\NCKH\VIDEO_LEARNING_RESEARCH\data\processed\ocr_best_integration\keyframes_full\v13\v13_00500s.png,success,fast
v13,SQL,51,510,1007.401,10,C:\NCKH\VIDEO_LEARNING_RESEARCH\data\processed\ocr_best_integration\keyframes_full\v13\v13_00510s.png,success,fast
v13,SQL,52,520,1007.401,10,C:\NCKH\VIDEO_LEARNING_RESEARCH\data\processed\ocr_best_integration\keyframes_full\v13\v13_00520s.png,success,fast
v13,SQL,53,530,1007.401,10,C:\NCKH\VIDEO_LEARNING_RESEARCH\data\processed\ocr_best_integration\keyframes_full\v13\v13_00530s.png,success,fast
v13,SQL,54,540,1007.401,10,,failed,failed
v13,SQL,55,550,1007.401,10,C:\NCKH\VIDEO_LEARNING_RESEARCH\data\processed\ocr_best_integration\keyframes_full\v13\v13_00550s.png,success,fast
v13,SQL,56,560,1007.401,10,C:\NCKH\VIDEO_LEARNING_RESEARCH\data\processed\ocr_best_integration\keyframes_full\v13\v13_00560s.png,success,fast
v13,SQL,57,570,1007.401,10,C:\NCKH\VIDEO_LEARNING_RESEARCH\data\processed\ocr_best_integration\keyframes_full\v13\v13_00570s.png,success,fast
v13,SQL,58,580,1007.401,10,C:\NCKH\VIDEO_LEARNING_RESEARCH\data\processed\ocr_best_integration\keyframes_full\v13\v13_00580s.png,success,fast
v13,SQL,59,590,1007.401,10,C:\NCKH\VIDEO_LEARNING_RESEARCH\data\processed\ocr_best_integration\keyframes_full\v13\v13_00590s.png,success,fast
v13,SQL,60,600,1007.401,10,,failed,failed
v13,SQL,61,610,1007.401,10,C:\NCKH\VIDEO_LEARNING_RESEARCH\data\processed\ocr_best_integration\keyframes_full\v13\v13_00610s.png,success,fast
v13,SQL,62,620,1007.401,10,C:\NCKH\VIDEO_LEARNING_RESEARCH\data\processed\ocr_best_integration\keyframes_full\v13\v13_00620s.png,success,fast
v13,SQL,63,630,1007.401,10,C:\NCKH\VIDEO_LEARNING_RESEARCH\data\processed\ocr_best_integration\keyframes_full\v13\v13_00630s.png,success,fast
v13,SQL,64,640,1007.401,10,C:\NCKH\VIDEO_LEARNING_RESEARCH\data\processed\ocr_best_integration\keyframes_full\v13\v13_00640s.png,success,fast
v13,SQL,65,650,1007.401,10,C:\NCKH\VIDEO_LEARNING_RESEARCH\data\processed\ocr_best_integration\keyframes_full\v13\v13_00650s.png,success,fast
v13,SQL,66,660,1007.401,10,C:\NCKH\VIDEO_LEARNING_RESEARCH\data\processed\ocr_best_integration\keyframes_full\v13\v13_00660s.png,success,recovery
v13,SQL,67,670,1007.401,10,C:\NCKH\VIDEO_LEARNING_RESEARCH\data\processed\ocr_best_integration\keyframes_full\v13\v13_00670s.png,success,fast
v13,SQL,68,680,1007.401,10,C:\NCKH\VIDEO_LEARNING_RESEARCH\data\processed\ocr_best_integration\keyframes_full\v13\v13_00680s.png,success,fast
v13,SQL,69,690,1007.401,10,C:\NCKH\VIDEO_LEARNING_RESEARCH\data\processed\ocr_best_integration\keyframes_full\v13\v13_00690s.png,success,fast
v13,SQL,70,700,1007.401,10,C:\NCKH\VIDEO_LEARNING_RESEARCH\data\processed\ocr_best_integration\keyframes_full\v13\v13_00700s.png,success,fast
v13,SQL,71,710,1007.401,10,C:\NCKH\VIDEO_LEARNING_RESEARCH\data\processed\ocr_best_integration\keyframes_full\v13\v13_00710s.png,success,fast
v13,SQL,72,720,1007.401,10,C:\NCKH\VIDEO_LEARNING_RESEARCH\data\processed\ocr_best_integration\keyframes_full\v13\v13_00720s.png,success,recovery
v13,SQL,73,730,1007.401,10,C:\NCKH\VIDEO_LEARNING_RESEARCH\data\processed\ocr_best_integration\keyframes_full\v13\v13_00730s.png,success,fast
v13,SQL,74,740,1007.401,10,C:\NCKH\VIDEO_LEARNING_RESEARCH\data\processed\ocr_best_integration\keyframes_full\v13\v13_00740s.png,success,fast
v13,SQL,75,750,1007.401,10,C:\NCKH\VIDEO_LEARNING_RESEARCH\data\processed\ocr_best_integration\keyframes_full\v13\v13_00750s.png,success,fast
v13,SQL,76,760,1007.401,10,C:\NCKH\VIDEO_LEARNING_RESEARCH\data\processed\ocr_best_integration\keyframes_full\v13\v13_00760s.png,success,fast
v13,SQL,77,770,1007.401,10,C:\NCKH\VIDEO_LEARNING_RESEARCH\data\processed\ocr_best_integration\keyframes_full\v13\v13_00770s.png,success,fast
v13,SQL,78,780,1007.401,10,C:\NCKH\VIDEO_LEARNING_RESEARCH\data\processed\ocr_best_integration\keyframes_full\v13\v13_00780s.png,success,recovery
v13,SQL,79,790,1007.401,10,C:\NCKH\VIDEO_LEARNING_RESEARCH\data\processed\ocr_best_integration\keyframes_full\v13\v13_00790s.png,success,fast
v13,SQL,80,800,1007.401,10,C:\NCKH\VIDEO_LEARNING_RESEARCH\data\processed\ocr_best_integration\keyframes_full\v13\v13_00800s.png,success,fast
v13,SQL,81,810,1007.401,10,C:\NCKH\VIDEO_LEARNING_RESEARCH\data\processed\ocr_best_integration\keyframes_full\v13\v13_00810s.png,success,fast
v13,SQL,82,820,1007.401,10,C:\NCKH\VIDEO_LEARNING_RESEARCH\data\processed\ocr_best_integration\keyframes_full\v13\v13_00820s.png,success,fast
v13,SQL,83,830,1007.401,10,C:\NCKH\VIDEO_LEARNING_RESEARCH\data\processed\ocr_best_integration\keyframes_full\v13\v13_00830s.png,success,fast
v13,SQL,84,840,1007.401,10,,failed,failed
v13,SQL,85,850,1007.401,10,C:\NCKH\VIDEO_LEARNING_RESEARCH\data\processed\ocr_best_integration\keyframes_full\v13\v13_00850s.png,success,fast
v13,SQL,86,860,1007.401,10,C:\NCKH\VIDEO_LEARNING_RESEARCH\data\processed\ocr_best_integration\keyframes_full\v13\v13_00860s.png,success,fast
v13,SQL,87,870,1007.401,10,C:\NCKH\VIDEO_LEARNING_RESEARCH\data\processed\ocr_best_integration\keyframes_full\v13\v13_00870s.png,success,fast
v13,SQL,88,880,1007.401,10,C:\NCKH\VIDEO_LEARNING_RESEARCH\data\processed\ocr_best_integration\keyframes_full\v13\v13_00880s.png,success,fast
v13,SQL,89,890,1007.401,10,C:\NCKH\VIDEO_LEARNING_RESEARCH\data\processed\ocr_best_integration\keyframes_full\v13\v13_00890s.png,success,fast
v13,SQL,90,900,1007.401,10,,failed,failed
v13,SQL,91,910,1007.401,10,,failed,failed
v13,SQL,92,920,1007.401,10,C:\NCKH\VIDEO_LEARNING_RESEARCH\data\processed\ocr_best_integration\keyframes_full\v13\v13_00920s.png,success,fast
v13,SQL,93,930,1007.401,10,C:\NCKH\VIDEO_LEARNING_RESEARCH\data\processed\ocr_best_integration\keyframes_full\v13\v13_00930s.png,success,fast
v13,SQL,94,940,1007.401,10,C:\NCKH\VIDEO_LEARNING_RESEARCH\data\processed\ocr_best_integration\keyframes_full\v13\v13_00940s.png,success,fast
v13,SQL,95,950,1007.401,10,C:\NCKH\VIDEO_LEARNING_RESEARCH\data\processed\ocr_best_integration\keyframes_full\v13\v13_00950s.png,success,fast
v13,SQL,96,960,1007.401,10,C:\NCKH\VIDEO_LEARNING_RESEARCH\data\processed\ocr_best_integration\keyframes_full\v13\v13_00960s.png,success,fast
v13,SQL,97,970,1007.401,10,C:\NCKH\VIDEO_LEARNING_RESEARCH\data\processed\ocr_best_integration\keyframes_full\v13\v13_00970s.png,success,recovery
v13,SQL,98,980,1007.401,10,C:\NCKH\VIDEO_LEARNING_RESEARCH\data\processed\ocr_best_integration\keyframes_full\v13\v13_00980s.png,success,fast
v13,SQL,99,990,1007.401,10,C:\NCKH\VIDEO_LEARNING_RESEARCH\data\processed\ocr_best_integration\keyframes_full\v13\v13_00990s.png,success,fast
v13,SQL,100,1000,1007.401,10,C:\NCKH\VIDEO_LEARNING_RESEARCH\data\processed\ocr_best_integration\keyframes_full\v13\v13_01000s.png,success,fast
v14,Python,0,0,613.721,10,C:\NCKH\VIDEO_LEARNING_RESEARCH\data\processed\ocr_best_integration\keyframes_full\v14\v14_00000s.png,success,fast
v14,Python,1,10,613.721,10,C:\NCKH\VIDEO_LEARNING_RESEARCH\data\processed\ocr_best_integration\keyframes_full\v14\v14_00010s.png,success,fast
v14,Python,2,20,613.721,10,C:\NCKH\VIDEO_LEARNING_RESEARCH\data\processed\ocr_best_integration\keyframes_full\v14\v14_00020s.png,success,fast
v14,Python,3,30,613.721,10,C:\NCKH\VIDEO_LEARNING_RESEARCH\data\processed\ocr_best_integration\keyframes_full\v14\v14_00030s.png,success,fast
v14,Python,4,40,613.721,10,C:\NCKH\VIDEO_LEARNING_RESEARCH\data\processed\ocr_best_integration\keyframes_full\v14\v14_00040s.png,success,fast
v14,Python,5,50,613.721,10,C:\NCKH\VIDEO_LEARNING_RESEARCH\data\processed\ocr_best_integration\keyframes_full\v14\v14_00050s.png,success,fast
v14,Python,6,60,613.721,10,C:\NCKH\VIDEO_LEARNING_RESEARCH\data\processed\ocr_best_integration\keyframes_full\v14\v14_00060s.png,success,recovery
v14,Python,7,70,613.721,10,C:\NCKH\VIDEO_LEARNING_RESEARCH\data\processed\ocr_best_integration\keyframes_full\v14\v14_00070s.png,success,fast
v14,Python,8,80,613.721,10,C:\NCKH\VIDEO_LEARNING_RESEARCH\data\processed\ocr_best_integration\keyframes_full\v14\v14_00080s.png,success,fast
v14,Python,9,90,613.721,10,C:\NCKH\VIDEO_LEARNING_RESEARCH\data\processed\ocr_best_integration\keyframes_full\v14\v14_00090s.png,success,fast
v14,Python,10,100,613.721,10,C:\NCKH\VIDEO_LEARNING_RESEARCH\data\processed\ocr_best_integration\keyframes_full\v14\v14_00100s.png,success,fast
v14,Python,11,110,613.721,10,C:\NCKH\VIDEO_LEARNING_RESEARCH\data\processed\ocr_best_integration\keyframes_full\v14\v14_00110s.png,success,fast
v14,Python,12,120,613.721,10,C:\NCKH\VIDEO_LEARNING_RESEARCH\data\processed\ocr_best_integration\keyframes_full\v14\v14_00120s.png,success,recovery
v14,Python,13,130,613.721,10,C:\NCKH\VIDEO_LEARNING_RESEARCH\data\processed\ocr_best_integration\keyframes_full\v14\v14_00130s.png,success,fast
v14,Python,14,140,613.721,10,C:\NCKH\VIDEO_LEARNING_RESEARCH\data\processed\ocr_best_integration\keyframes_full\v14\v14_00140s.png,success,fast
v14,Python,15,150,613.721,10,C:\NCKH\VIDEO_LEARNING_RESEARCH\data\processed\ocr_best_integration\keyframes_full\v14\v14_00150s.png,success,fast
v14,Python,16,160,613.721,10,C:\NCKH\VIDEO_LEARNING_RESEARCH\data\processed\ocr_best_integration\keyframes_full\v14\v14_00160s.png,success,fast
v14,Python,17,170,613.721,10,C:\NCKH\VIDEO_LEARNING_RESEARCH\data\processed\ocr_best_integration\keyframes_full\v14\v14_00170s.png,success,fast
v14,Python,18,180,613.721,10,,failed,failed
v14,Python,19,190,613.721,10,C:\NCKH\VIDEO_LEARNING_RESEARCH\data\processed\ocr_best_integration\keyframes_full\v14\v14_00190s.png,success,fast
v14,Python,20,200,613.721,10,C:\NCKH\VIDEO_LEARNING_RESEARCH\data\processed\ocr_best_integration\keyframes_full\v14\v14_00200s.png,success,fast
v14,Python,21,210,613.721,10,C:\NCKH\VIDEO_LEARNING_RESEARCH\data\processed\ocr_best_integration\keyframes_full\v14\v14_00210s.png,success,fast
v14,Python,22,220,613.721,10,C:\NCKH\VIDEO_LEARNING_RESEARCH\data\processed\ocr_best_integration\keyframes_full\v14\v14_00220s.png,success,fast
v14,Python,23,230,613.721,10,C:\NCKH\VIDEO_LEARNING_RESEARCH\data\processed\ocr_best_integration\keyframes_full\v14\v14_00230s.png,success,fast
v14,Python,24,240,613.721,10,C:\NCKH\VIDEO_LEARNING_RESEARCH\data\processed\ocr_best_integration\keyframes_full\v14\v14_00240s.png,success,recovery
v14,Python,25,250,613.721,10,C:\NCKH\VIDEO_LEARNING_RESEARCH\data\processed\ocr_best_integration\keyframes_full\v14\v14_00250s.png,success,fast
v14,Python,26,260,613.721,10,C:\NCKH\VIDEO_LEARNING_RESEARCH\data\processed\ocr_best_integration\keyframes_full\v14\v14_00260s.png,success,fast
v14,Python,27,270,613.721,10,C:\NCKH\VIDEO_LEARNING_RESEARCH\data\processed\ocr_best_integration\keyframes_full\v14\v14_00270s.png,success,fast
v14,Python,28,280,613.721,10,C:\NCKH\VIDEO_LEARNING_RESEARCH\data\processed\ocr_best_integration\keyframes_full\v14\v14_00280s.png,success,fast
v14,Python,29,290,613.721,10,C:\NCKH\VIDEO_LEARNING_RESEARCH\data\processed\ocr_best_integration\keyframes_full\v14\v14_00290s.png,success,fast
v14,Python,30,300,613.721,10,C:\NCKH\VIDEO_LEARNING_RESEARCH\data\processed\ocr_best_integration\keyframes_full\v14\v14_00300s.png,success,recovery
v14,Python,31,310,613.721,10,C:\NCKH\VIDEO_LEARNING_RESEARCH\data\processed\ocr_best_integration\keyframes_full\v14\v14_00310s.png,success,fast
v14,Python,32,320,613.721,10,C:\NCKH\VIDEO_LEARNING_RESEARCH\data\processed\ocr_best_integration\keyframes_full\v14\v14_00320s.png,success,fast
v14,Python,33,330,613.721,10,C:\NCKH\VIDEO_LEARNING_RESEARCH\data\processed\ocr_best_integration\keyframes_full\v14\v14_00330s.png,success,fast
v14,Python,34,340,613.721,10,C:\NCKH\VIDEO_LEARNING_RESEARCH\data\processed\ocr_best_integration\keyframes_full\v14\v14_00340s.png,success,fast
v14,Python,35,350,613.721,10,C:\NCKH\VIDEO_LEARNING_RESEARCH\data\processed\ocr_best_integration\keyframes_full\v14\v14_00350s.png,success,fast
v14,Python,36,360,613.721,10,C:\NCKH\VIDEO_LEARNING_RESEARCH\data\processed\ocr_best_integration\keyframes_full\v14\v14_00360s.png,success,recovery
v14,Python,37,370,613.721,10,C:\NCKH\VIDEO_LEARNING_RESEARCH\data\processed\ocr_best_integration\keyframes_full\v14\v14_00370s.png,success,fast
v14,Python,38,380,613.721,10,C:\NCKH\VIDEO_LEARNING_RESEARCH\data\processed\ocr_best_integration\keyframes_full\v14\v14_00380s.png,success,fast
v14,Python,39,390,613.721,10,C:\NCKH\VIDEO_LEARNING_RESEARCH\data\processed\ocr_best_integration\keyframes_full\v14\v14_00390s.png,success,fast
v14,Python,40,400,613.721,10,C:\NCKH\VIDEO_LEARNING_RESEARCH\data\processed\ocr_best_integration\keyframes_full\v14\v14_00400s.png,success,fast
v14,Python,41,410,613.721,10,C:\NCKH\VIDEO_LEARNING_RESEARCH\data\processed\ocr_best_integration\keyframes_full\v14\v14_00410s.png,success,fast
v14,Python,42,420,613.721,10,C:\NCKH\VIDEO_LEARNING_RESEARCH\data\processed\ocr_best_integration\keyframes_full\v14\v14_00420s.png,success,recovery
v14,Python,43,430,613.721,10,C:\NCKH\VIDEO_LEARNING_RESEARCH\data\processed\ocr_best_integration\keyframes_full\v14\v14_00430s.png,success,fast
v14,Python,44,440,613.721,10,C:\NCKH\VIDEO_LEARNING_RESEARCH\data\processed\ocr_best_integration\keyframes_full\v14\v14_00440s.png,success,fast
v14,Python,45,450,613.721,10,C:\NCKH\VIDEO_LEARNING_RESEARCH\data\processed\ocr_best_integration\keyframes_full\v14\v14_00450s.png,success,fast
v14,Python,46,460,613.721,10,C:\NCKH\VIDEO_LEARNING_RESEARCH\data\processed\ocr_best_integration\keyframes_full\v14\v14_00460s.png,success,fast
v14,Python,47,470,613.721,10,C:\NCKH\VIDEO_LEARNING_RESEARCH\data\processed\ocr_best_integration\keyframes_full\v14\v14_00470s.png,success,fast
v14,Python,48,480,613.721,10,C:\NCKH\VIDEO_LEARNING_RESEARCH\data\processed\ocr_best_integration\keyframes_full\v14\v14_00480s.png,success,recovery
v14,Python,49,490,613.721,10,C:\NCKH\VIDEO_LEARNING_RESEARCH\data\processed\ocr_best_integration\keyframes_full\v14\v14_00490s.png,success,fast
v14,Python,50,500,613.721,10,C:\NCKH\VIDEO_LEARNING_RESEARCH\data\processed\ocr_best_integration\keyframes_full\v14\v14_00500s.png,success,fast
v14,Python,51,510,613.721,10,C:\NCKH\VIDEO_LEARNING_RESEARCH\data\processed\ocr_best_integration\keyframes_full\v14\v14_00510s.png,success,fast
v14,Python,52,520,613.721,10,C:\NCKH\VIDEO_LEARNING_RESEARCH\data\processed\ocr_best_integration\keyframes_full\v14\v14_00520s.png,success,fast
v14,Python,53,530,613.721,10,C:\NCKH\VIDEO_LEARNING_RESEARCH\data\processed\ocr_best_integration\keyframes_full\v14\v14_00530s.png,success,fast
v14,Python,54,540,613.721,10,C:\NCKH\VIDEO_LEARNING_RESEARCH\data\processed\ocr_best_integration\keyframes_full\v14\v14_00540s.png,success,recovery
v14,Python,55,550,613.721,10,C:\NCKH\VIDEO_LEARNING_RESEARCH\data\processed\ocr_best_integration\keyframes_full\v14\v14_00550s.png,success,fast
v14,Python,56,560,613.721,10,C:\NCKH\VIDEO_LEARNING_RESEARCH\data\processed\ocr_best_integration\keyframes_full\v14\v14_00560s.png,success,fast
v14,Python,57,570,613.721,10,C:\NCKH\VIDEO_LEARNING_RESEARCH\data\processed\ocr_best_integration\keyframes_full\v14\v14_00570s.png,success,fast
v14,Python,58,580,613.721,10,C:\NCKH\VIDEO_LEARNING_RESEARCH\data\processed\ocr_best_integration\keyframes_full\v14\v14_00580s.png,success,fast
v14,Python,59,590,613.721,10,C:\NCKH\VIDEO_LEARNING_RESEARCH\data\processed\ocr_best_integration\keyframes_full\v14\v14_00590s.png,success,fast
v14,Python,60,600,613.721,10,C:\NCKH\VIDEO_LEARNING_RESEARCH\data\processed\ocr_best_integration\keyframes_full\v14\v14_00600s.png,success,recovery
v14,Python,61,610,613.721,10,C:\NCKH\VIDEO_LEARNING_RESEARCH\data\processed\ocr_best_integration\keyframes_full\v14\v14_00610s.png,success,fast
v15,Python,0,0,544.941,10,C:\NCKH\VIDEO_LEARNING_RESEARCH\data\processed\ocr_best_integration\keyframes_full\v15\v15_00000s.png,success,fast
v15,Python,1,10,544.941,10,C:\NCKH\VIDEO_LEARNING_RESEARCH\data\processed\ocr_best_integration\keyframes_full\v15\v15_00010s.png,success,fast
v15,Python,2,20,544.941,10,C:\NCKH\VIDEO_LEARNING_RESEARCH\data\processed\ocr_best_integration\keyframes_full\v15\v15_00020s.png,success,fast
v15,Python,3,30,544.941,10,C:\NCKH\VIDEO_LEARNING_RESEARCH\data\processed\ocr_best_integration\keyframes_full\v15\v15_00030s.png,success,fast
v15,Python,4,40,544.941,10,C:\NCKH\VIDEO_LEARNING_RESEARCH\data\processed\ocr_best_integration\keyframes_full\v15\v15_00040s.png,success,fast
v15,Python,5,50,544.941,10,C:\NCKH\VIDEO_LEARNING_RESEARCH\data\processed\ocr_best_integration\keyframes_full\v15\v15_00050s.png,success,fast
v15,Python,6,60,544.941,10,,failed,failed
v15,Python,7,70,544.941,10,C:\NCKH\VIDEO_LEARNING_RESEARCH\data\processed\ocr_best_integration\keyframes_full\v15\v15_00070s.png,success,fast
v15,Python,8,80,544.941,10,C:\NCKH\VIDEO_LEARNING_RESEARCH\data\processed\ocr_best_integration\keyframes_full\v15\v15_00080s.png,success,fast
v15,Python,9,90,544.941,10,C:\NCKH\VIDEO_LEARNING_RESEARCH\data\processed\ocr_best_integration\keyframes_full\v15\v15_00090s.png,success,fast
v15,Python,10,100,544.941,10,C:\NCKH\VIDEO_LEARNING_RESEARCH\data\processed\ocr_best_integration\keyframes_full\v15\v15_00100s.png,success,fast
v15,Python,11,110,544.941,10,C:\NCKH\VIDEO_LEARNING_RESEARCH\data\processed\ocr_best_integration\keyframes_full\v15\v15_00110s.png,success,fast
v15,Python,12,120,544.941,10,C:\NCKH\VIDEO_LEARNING_RESEARCH\data\processed\ocr_best_integration\keyframes_full\v15\v15_00120s.png,success,recovery
v15,Python,13,130,544.941,10,C:\NCKH\VIDEO_LEARNING_RESEARCH\data\processed\ocr_best_integration\keyframes_full\v15\v15_00130s.png,success,fast
v15,Python,14,140,544.941,10,C:\NCKH\VIDEO_LEARNING_RESEARCH\data\processed\ocr_best_integration\keyframes_full\v15\v15_00140s.png,success,fast
v15,Python,15,150,544.941,10,C:\NCKH\VIDEO_LEARNING_RESEARCH\data\processed\ocr_best_integration\keyframes_full\v15\v15_00150s.png,success,fast
v15,Python,16,160,544.941,10,C:\NCKH\VIDEO_LEARNING_RESEARCH\data\processed\ocr_best_integration\keyframes_full\v15\v15_00160s.png,success,fast
v15,Python,17,170,544.941,10,C:\NCKH\VIDEO_LEARNING_RESEARCH\data\processed\ocr_best_integration\keyframes_full\v15\v15_00170s.png,success,fast
v15,Python,18,180,544.941,10,C:\NCKH\VIDEO_LEARNING_RESEARCH\data\processed\ocr_best_integration\keyframes_full\v15\v15_00180s.png,success,recovery
v15,Python,19,190,544.941,10,C:\NCKH\VIDEO_LEARNING_RESEARCH\data\processed\ocr_best_integration\keyframes_full\v15\v15_00190s.png,success,fast
v15,Python,20,200,544.941,10,C:\NCKH\VIDEO_LEARNING_RESEARCH\data\processed\ocr_best_integration\keyframes_full\v15\v15_00200s.png,success,fast
v15,Python,21,210,544.941,10,C:\NCKH\VIDEO_LEARNING_RESEARCH\data\processed\ocr_best_integration\keyframes_full\v15\v15_00210s.png,success,fast
v15,Python,22,220,544.941,10,C:\NCKH\VIDEO_LEARNING_RESEARCH\data\processed\ocr_best_integration\keyframes_full\v15\v15_00220s.png,success,fast
v15,Python,23,230,544.941,10,C:\NCKH\VIDEO_LEARNING_RESEARCH\data\processed\ocr_best_integration\keyframes_full\v15\v15_00230s.png,success,fast
v15,Python,24,240,544.941,10,C:\NCKH\VIDEO_LEARNING_RESEARCH\data\processed\ocr_best_integration\keyframes_full\v15\v15_00240s.png,success,recovery
v15,Python,25,250,544.941,10,C:\NCKH\VIDEO_LEARNING_RESEARCH\data\processed\ocr_best_integration\keyframes_full\v15\v15_00250s.png,success,fast
v15,Python,26,260,544.941,10,C:\NCKH\VIDEO_LEARNING_RESEARCH\data\processed\ocr_best_integration\keyframes_full\v15\v15_00260s.png,success,fast
v15,Python,27,270,544.941,10,C:\NCKH\VIDEO_LEARNING_RESEARCH\data\processed\ocr_best_integration\keyframes_full\v15\v15_00270s.png,success,fast
v15,Python,28,280,544.941,10,C:\NCKH\VIDEO_LEARNING_RESEARCH\data\processed\ocr_best_integration\keyframes_full\v15\v15_00280s.png,success,fast
v15,Python,29,290,544.941,10,C:\NCKH\VIDEO_LEARNING_RESEARCH\data\processed\ocr_best_integration\keyframes_full\v15\v15_00290s.png,success,fast
v15,Python,30,300,544.941,10,C:\NCKH\VIDEO_LEARNING_RESEARCH\data\processed\ocr_best_integration\keyframes_full\v15\v15_00300s.png,success,recovery
v15,Python,31,310,544.941,10,C:\NCKH\VIDEO_LEARNING_RESEARCH\data\processed\ocr_best_integration\keyframes_full\v15\v15_00310s.png,success,fast
v15,Python,32,320,544.941,10,C:\NCKH\VIDEO_LEARNING_RESEARCH\data\processed\ocr_best_integration\keyframes_full\v15\v15_00320s.png,success,fast
v15,Python,33,330,544.941,10,C:\NCKH\VIDEO_LEARNING_RESEARCH\data\processed\ocr_best_integration\keyframes_full\v15\v15_00330s.png,success,fast
v15,Python,34,340,544.941,10,C:\NCKH\VIDEO_LEARNING_RESEARCH\data\processed\ocr_best_integration\keyframes_full\v15\v15_00340s.png,success,fast
v15,Python,35,350,544.941,10,C:\NCKH\VIDEO_LEARNING_RESEARCH\data\processed\ocr_best_integration\keyframes_full\v15\v15_00350s.png,success,fast
v15,Python,36,360,544.941,10,C:\NCKH\VIDEO_LEARNING_RESEARCH\data\processed\ocr_best_integration\keyframes_full\v15\v15_00360s.png,success,recovery
v15,Python,37,370,544.941,10,C:\NCKH\VIDEO_LEARNING_RESEARCH\data\processed\ocr_best_integration\keyframes_full\v15\v15_00370s.png,success,fast
v15,Python,38,380,544.941,10,C:\NCKH\VIDEO_LEARNING_RESEARCH\data\processed\ocr_best_integration\keyframes_full\v15\v15_00380s.png,success,fast
v15,Python,39,390,544.941,10,C:\NCKH\VIDEO_LEARNING_RESEARCH\data\processed\ocr_best_integration\keyframes_full\v15\v15_00390s.png,success,fast
v15,Python,40,400,544.941,10,C:\NCKH\VIDEO_LEARNING_RESEARCH\data\processed\ocr_best_integration\keyframes_full\v15\v15_00400s.png,success,fast
v15,Python,41,410,544.941,10,C:\NCKH\VIDEO_LEARNING_RESEARCH\data\processed\ocr_best_integration\keyframes_full\v15\v15_00410s.png,success,fast
v15,Python,42,420,544.941,10,,failed,failed
v15,Python,43,430,544.941,10,C:\NCKH\VIDEO_LEARNING_RESEARCH\data\processed\ocr_best_integration\keyframes_full\v15\v15_00430s.png,success,fast
v15,Python,44,440,544.941,10,C:\NCKH\VIDEO_LEARNING_RESEARCH\data\processed\ocr_best_integration\keyframes_full\v15\v15_00440s.png,success,fast
v15,Python,45,450,544.941,10,C:\NCKH\VIDEO_LEARNING_RESEARCH\data\processed\ocr_best_integration\keyframes_full\v15\v15_00450s.png,success,fast
v15,Python,46,460,544.941,10,C:\NCKH\VIDEO_LEARNING_RESEARCH\data\processed\ocr_best_integration\keyframes_full\v15\v15_00460s.png,success,fast
v15,Python,47,470,544.941,10,C:\NCKH\VIDEO_LEARNING_RESEARCH\data\processed\ocr_best_integration\keyframes_full\v15\v15_00470s.png,success,fast
v15,Python,48,480,544.941,10,,failed,failed
v15,Python,49,490,544.941,10,C:\NCKH\VIDEO_LEARNING_RESEARCH\data\processed\ocr_best_integration\keyframes_full\v15\v15_00490s.png,success,fast
v15,Python,50,500,544.941,10,C:\NCKH\VIDEO_LEARNING_RESEARCH\data\processed\ocr_best_integration\keyframes_full\v15\v15_00500s.png,success,fast
v15,Python,51,510,544.941,10,C:\NCKH\VIDEO_LEARNING_RESEARCH\data\processed\ocr_best_integration\keyframes_full\v15\v15_00510s.png,success,fast
v15,Python,52,520,544.941,10,C:\NCKH\VIDEO_LEARNING_RESEARCH\data\processed\ocr_best_integration\keyframes_full\v15\v15_00520s.png,success,fast
v15,Python,53,530,544.941,10,C:\NCKH\VIDEO_LEARNING_RESEARCH\data\processed\ocr_best_integration\keyframes_full\v15\v15_00530s.png,success,fast
v15,Python,54,540,544.941,10,C:\NCKH\VIDEO_LEARNING_RESEARCH\data\processed\ocr_best_integration\keyframes_full\v15\v15_00540s.png,success,recovery
v16,Python,0,0,343.401,10,C:\NCKH\VIDEO_LEARNING_RESEARCH\data\processed\ocr_best_integration\keyframes_full\v16\v16_00000s.png,success,recovery
v16,Python,1,10,343.401,10,C:\NCKH\VIDEO_LEARNING_RESEARCH\data\processed\ocr_best_integration\keyframes_full\v16\v16_00010s.png,success,fast
v16,Python,2,20,343.401,10,C:\NCKH\VIDEO_LEARNING_RESEARCH\data\processed\ocr_best_integration\keyframes_full\v16\v16_00020s.png,success,fast
v16,Python,3,30,343.401,10,C:\NCKH\VIDEO_LEARNING_RESEARCH\data\processed\ocr_best_integration\keyframes_full\v16\v16_00030s.png,success,fast
v16,Python,4,40,343.401,10,C:\NCKH\VIDEO_LEARNING_RESEARCH\data\processed\ocr_best_integration\keyframes_full\v16\v16_00040s.png,success,fast
v16,Python,5,50,343.401,10,C:\NCKH\VIDEO_LEARNING_RESEARCH\data\processed\ocr_best_integration\keyframes_full\v16\v16_00050s.png,success,fast
v16,Python,6,60,343.401,10,C:\NCKH\VIDEO_LEARNING_RESEARCH\data\processed\ocr_best_integration\keyframes_full\v16\v16_00060s.png,success,recovery
v16,Python,7,70,343.401,10,C:\NCKH\VIDEO_LEARNING_RESEARCH\data\processed\ocr_best_integration\keyframes_full\v16\v16_00070s.png,success,fast
v16,Python,8,80,343.401,10,C:\NCKH\VIDEO_LEARNING_RESEARCH\data\processed\ocr_best_integration\keyframes_full\v16\v16_00080s.png,success,fast
v16,Python,9,90,343.401,10,C:\NCKH\VIDEO_LEARNING_RESEARCH\data\processed\ocr_best_integration\keyframes_full\v16\v16_00090s.png,success,fast
v16,Python,10,100,343.401,10,C:\NCKH\VIDEO_LEARNING_RESEARCH\data\processed\ocr_best_integration\keyframes_full\v16\v16_00100s.png,success,fast
v16,Python,11,110,343.401,10,C:\NCKH\VIDEO_LEARNING_RESEARCH\data\processed\ocr_best_integration\keyframes_full\v16\v16_00110s.png,success,fast
v16,Python,12,120,343.401,10,,failed,failed
v16,Python,13,130,343.401,10,C:\NCKH\VIDEO_LEARNING_RESEARCH\data\processed\ocr_best_integration\keyframes_full\v16\v16_00130s.png,success,fast
v16,Python,14,140,343.401,10,C:\NCKH\VIDEO_LEARNING_RESEARCH\data\processed\ocr_best_integration\keyframes_full\v16\v16_00140s.png,success,fast
v16,Python,15,150,343.401,10,C:\NCKH\VIDEO_LEARNING_RESEARCH\data\processed\ocr_best_integration\keyframes_full\v16\v16_00150s.png,success,fast
v16,Python,16,160,343.401,10,C:\NCKH\VIDEO_LEARNING_RESEARCH\data\processed\ocr_best_integration\keyframes_full\v16\v16_00160s.png,success,fast
v16,Python,17,170,343.401,10,C:\NCKH\VIDEO_LEARNING_RESEARCH\data\processed\ocr_best_integration\keyframes_full\v16\v16_00170s.png,success,fast
v16,Python,18,180,343.401,10,,failed,failed
v16,Python,19,190,343.401,10,C:\NCKH\VIDEO_LEARNING_RESEARCH\data\processed\ocr_best_integration\keyframes_full\v16\v16_00190s.png,success,fast
v16,Python,20,200,343.401,10,C:\NCKH\VIDEO_LEARNING_RESEARCH\data\processed\ocr_best_integration\keyframes_full\v16\v16_00200s.png,success,fast
v16,Python,21,210,343.401,10,C:\NCKH\VIDEO_LEARNING_RESEARCH\data\processed\ocr_best_integration\keyframes_full\v16\v16_00210s.png,success,fast
v16,Python,22,220,343.401,10,C:\NCKH\VIDEO_LEARNING_RESEARCH\data\processed\ocr_best_integration\keyframes_full\v16\v16_00220s.png,success,fast
v16,Python,23,230,343.401,10,C:\NCKH\VIDEO_LEARNING_RESEARCH\data\processed\ocr_best_integration\keyframes_full\v16\v16_00230s.png,success,fast
v16,Python,24,240,343.401,10,C:\NCKH\VIDEO_LEARNING_RESEARCH\data\processed\ocr_best_integration\keyframes_full\v16\v16_00240s.png,success,recovery
v16,Python,25,250,343.401,10,C:\NCKH\VIDEO_LEARNING_RESEARCH\data\processed\ocr_best_integration\keyframes_full\v16\v16_00250s.png,success,fast
v16,Python,26,260,343.401,10,C:\NCKH\VIDEO_LEARNING_RESEARCH\data\processed\ocr_best_integration\keyframes_full\v16\v16_00260s.png,success,fast
v16,Python,27,270,343.401,10,C:\NCKH\VIDEO_LEARNING_RESEARCH\data\processed\ocr_best_integration\keyframes_full\v16\v16_00270s.png,success,fast
v16,Python,28,280,343.401,10,C:\NCKH\VIDEO_LEARNING_RESEARCH\data\processed\ocr_best_integration\keyframes_full\v16\v16_00280s.png,success,fast
v16,Python,29,290,343.401,10,C:\NCKH\VIDEO_LEARNING_RESEARCH\data\processed\ocr_best_integration\keyframes_full\v16\v16_00290s.png,success,fast
v16,Python,30,300,343.401,10,,failed,failed
v16,Python,31,310,343.401,10,C:\NCKH\VIDEO_LEARNING_RESEARCH\data\processed\ocr_best_integration\keyframes_full\v16\v16_00310s.png,success,fast
v16,Python,32,320,343.401,10,C:\NCKH\VIDEO_LEARNING_RESEARCH\data\processed\ocr_best_integration\keyframes_full\v16\v16_00320s.png,success,fast
v16,Python,33,330,343.401,10,C:\NCKH\VIDEO_LEARNING_RESEARCH\data\processed\ocr_best_integration\keyframes_full\v16\v16_00330s.png,success,fast
v16,Python,34,340,343.401,10,C:\NCKH\VIDEO_LEARNING_RESEARCH\data\processed\ocr_best_integration\keyframes_full\v16\v16_00340s.png,success,fast
v17,Python,0,0,318.501,10,C:\NCKH\VIDEO_LEARNING_RESEARCH\data\processed\ocr_best_integration\keyframes_full\v17\v17_00000s.png,success,fast
v17,Python,1,10,318.501,10,C:\NCKH\VIDEO_LEARNING_RESEARCH\data\processed\ocr_best_integration\keyframes_full\v17\v17_00010s.png,success,fast
v17,Python,2,20,318.501,10,C:\NCKH\VIDEO_LEARNING_RESEARCH\data\processed\ocr_best_integration\keyframes_full\v17\v17_00020s.png,success,recovery
v17,Python,3,30,318.501,10,C:\NCKH\VIDEO_LEARNING_RESEARCH\data\processed\ocr_best_integration\keyframes_full\v17\v17_00030s.png,success,fast
v17,Python,4,40,318.501,10,C:\NCKH\VIDEO_LEARNING_RESEARCH\data\processed\ocr_best_integration\keyframes_full\v17\v17_00040s.png,success,fast
v17,Python,5,50,318.501,10,C:\NCKH\VIDEO_LEARNING_RESEARCH\data\processed\ocr_best_integration\keyframes_full\v17\v17_00050s.png,success,fast
v17,Python,6,60,318.501,10,C:\NCKH\VIDEO_LEARNING_RESEARCH\data\processed\ocr_best_integration\keyframes_full\v17\v17_00060s.png,success,fast
v17,Python,7,70,318.501,10,C:\NCKH\VIDEO_LEARNING_RESEARCH\data\processed\ocr_best_integration\keyframes_full\v17\v17_00070s.png,success,fast
v17,Python,8,80,318.501,10,C:\NCKH\VIDEO_LEARNING_RESEARCH\data\processed\ocr_best_integration\keyframes_full\v17\v17_00080s.png,success,recovery
v17,Python,9,90,318.501,10,C:\NCKH\VIDEO_LEARNING_RESEARCH\data\processed\ocr_best_integration\keyframes_full\v17\v17_00090s.png,success,fast
v17,Python,10,100,318.501,10,C:\NCKH\VIDEO_LEARNING_RESEARCH\data\processed\ocr_best_integration\keyframes_full\v17\v17_00100s.png,success,fast
v17,Python,11,110,318.501,10,C:\NCKH\VIDEO_LEARNING_RESEARCH\data\processed\ocr_best_integration\keyframes_full\v17\v17_00110s.png,success,fast
v17,Python,12,120,318.501,10,C:\NCKH\VIDEO_LEARNING_RESEARCH\data\processed\ocr_best_integration\keyframes_full\v17\v17_00120s.png,success,fast
v17,Python,13,130,318.501,10,C:\NCKH\VIDEO_LEARNING_RESEARCH\data\processed\ocr_best_integration\keyframes_full\v17\v17_00130s.png,success,fast
v17,Python,14,140,318.501,10,C:\NCKH\VIDEO_LEARNING_RESEARCH\data\processed\ocr_best_integration\keyframes_full\v17\v17_00140s.png,success,recovery
v17,Python,15,150,318.501,10,C:\NCKH\VIDEO_LEARNING_RESEARCH\data\processed\ocr_best_integration\keyframes_full\v17\v17_00150s.png,success,fast
v17,Python,16,160,318.501,10,C:\NCKH\VIDEO_LEARNING_RESEARCH\data\processed\ocr_best_integration\keyframes_full\v17\v17_00160s.png,success,fast
v17,Python,17,170,318.501,10,C:\NCKH\VIDEO_LEARNING_RESEARCH\data\processed\ocr_best_integration\keyframes_full\v17\v17_00170s.png,success,fast
v17,Python,18,180,318.501,10,C:\NCKH\VIDEO_LEARNING_RESEARCH\data\processed\ocr_best_integration\keyframes_full\v17\v17_00180s.png,success,fast
v17,Python,19,190,318.501,10,C:\NCKH\VIDEO_LEARNING_RESEARCH\data\processed\ocr_best_integration\keyframes_full\v17\v17_00190s.png,success,fast
v17,Python,20,200,318.501,10,,failed,failed
v17,Python,21,210,318.501,10,C:\NCKH\VIDEO_LEARNING_RESEARCH\data\processed\ocr_best_integration\keyframes_full\v17\v17_00210s.png,success,fast
v17,Python,22,220,318.501,10,C:\NCKH\VIDEO_LEARNING_RESEARCH\data\processed\ocr_best_integration\keyframes_full\v17\v17_00220s.png,success,fast
v17,Python,23,230,318.501,10,C:\NCKH\VIDEO_LEARNING_RESEARCH\data\processed\ocr_best_integration\keyframes_full\v17\v17_00230s.png,success,fast
v17,Python,24,240,318.501,10,C:\NCKH\VIDEO_LEARNING_RESEARCH\data\processed\ocr_best_integration\keyframes_full\v17\v17_00240s.png,success,fast
v17,Python,25,250,318.501,10,C:\NCKH\VIDEO_LEARNING_RESEARCH\data\processed\ocr_best_integration\keyframes_full\v17\v17_00250s.png,success,fast
v17,Python,26,260,318.501,10,,failed,failed
v17,Python,27,270,318.501,10,C:\NCKH\VIDEO_LEARNING_RESEARCH\data\processed\ocr_best_integration\keyframes_full\v17\v17_00270s.png,success,fast
v17,Python,28,280,318.501,10,C:\NCKH\VIDEO_LEARNING_RESEARCH\data\processed\ocr_best_integration\keyframes_full\v17\v17_00280s.png,success,fast
v17,Python,29,290,318.501,10,C:\NCKH\VIDEO_LEARNING_RESEARCH\data\processed\ocr_best_integration\keyframes_full\v17\v17_00290s.png,success,fast
v17,Python,30,300,318.501,10,C:\NCKH\VIDEO_LEARNING_RESEARCH\data\processed\ocr_best_integration\keyframes_full\v17\v17_00300s.png,success,fast
v17,Python,31,310,318.501,10,C:\NCKH\VIDEO_LEARNING_RESEARCH\data\processed\ocr_best_integration\keyframes_full\v17\v17_00310s.png,success,fast
v18,Python,0,0,63.621,10,C:\NCKH\VIDEO_LEARNING_RESEARCH\data\processed\ocr_best_integration\keyframes_full\v18\v18_00000s.png,success,fast
v18,Python,1,10,63.621,10,C:\NCKH\VIDEO_LEARNING_RESEARCH\data\processed\ocr_best_integration\keyframes_full\v18\v18_00010s.png,success,fast
v18,Python,2,20,63.621,10,C:\NCKH\VIDEO_LEARNING_RESEARCH\data\processed\ocr_best_integration\keyframes_full\v18\v18_00020s.png,success,fast
v18,Python,3,30,63.621,10,C:\NCKH\VIDEO_LEARNING_RESEARCH\data\processed\ocr_best_integration\keyframes_full\v18\v18_00030s.png,success,fast
v18,Python,4,40,63.621,10,C:\NCKH\VIDEO_LEARNING_RESEARCH\data\processed\ocr_best_integration\keyframes_full\v18\v18_00040s.png,success,fast
v18,Python,5,50,63.621,10,C:\NCKH\VIDEO_LEARNING_RESEARCH\data\processed\ocr_best_integration\keyframes_full\v18\v18_00050s.png,success,fast
v18,Python,6,60,63.621,10,C:\NCKH\VIDEO_LEARNING_RESEARCH\data\processed\ocr_best_integration\keyframes_full\v18\v18_00060s.png,success,fast
v19,Python,0,0,619.101,10,C:\NCKH\VIDEO_LEARNING_RESEARCH\data\processed\ocr_best_integration\keyframes_full\v19\v19_00000s.png,success,fast
v19,Python,1,10,619.101,10,C:\NCKH\VIDEO_LEARNING_RESEARCH\data\processed\ocr_best_integration\keyframes_full\v19\v19_00010s.png,success,fast
v19,Python,2,20,619.101,10,C:\NCKH\VIDEO_LEARNING_RESEARCH\data\processed\ocr_best_integration\keyframes_full\v19\v19_00020s.png,success,fast
v19,Python,3,30,619.101,10,C:\NCKH\VIDEO_LEARNING_RESEARCH\data\processed\ocr_best_integration\keyframes_full\v19\v19_00030s.png,success,fast
v19,Python,4,40,619.101,10,C:\NCKH\VIDEO_LEARNING_RESEARCH\data\processed\ocr_best_integration\keyframes_full\v19\v19_00040s.png,success,fast
v19,Python,5,50,619.101,10,C:\NCKH\VIDEO_LEARNING_RESEARCH\data\processed\ocr_best_integration\keyframes_full\v19\v19_00050s.png,success,fast
v19,Python,6,60,619.101,10,C:\NCKH\VIDEO_LEARNING_RESEARCH\data\processed\ocr_best_integration\keyframes_full\v19\v19_00060s.png,success,recovery
v19,Python,7,70,619.101,10,C:\NCKH\VIDEO_LEARNING_RESEARCH\data\processed\ocr_best_integration\keyframes_full\v19\v19_00070s.png,success,fast
v19,Python,8,80,619.101,10,C:\NCKH\VIDEO_LEARNING_RESEARCH\data\processed\ocr_best_integration\keyframes_full\v19\v19_00080s.png,success,fast
v19,Python,9,90,619.101,10,C:\NCKH\VIDEO_LEARNING_RESEARCH\data\processed\ocr_best_integration\keyframes_full\v19\v19_00090s.png,success,fast
v19,Python,10,100,619.101,10,C:\NCKH\VIDEO_LEARNING_RESEARCH\data\processed\ocr_best_integration\keyframes_full\v19\v19_00100s.png,success,fast
v19,Python,11,110,619.101,10,C:\NCKH\VIDEO_LEARNING_RESEARCH\data\processed\ocr_best_integration\keyframes_full\v19\v19_00110s.png,success,fast
v19,Python,12,120,619.101,10,C:\NCKH\VIDEO_LEARNING_RESEARCH\data\processed\ocr_best_integration\keyframes_full\v19\v19_00120s.png,success,recovery
v19,Python,13,130,619.101,10,C:\NCKH\VIDEO_LEARNING_RESEARCH\data\processed\ocr_best_integration\keyframes_full\v19\v19_00130s.png,success,fast
v19,Python,14,140,619.101,10,C:\NCKH\VIDEO_LEARNING_RESEARCH\data\processed\ocr_best_integration\keyframes_full\v19\v19_00140s.png,success,fast
v19,Python,15,150,619.101,10,C:\NCKH\VIDEO_LEARNING_RESEARCH\data\processed\ocr_best_integration\keyframes_full\v19\v19_00150s.png,success,fast
v19,Python,16,160,619.101,10,C:\NCKH\VIDEO_LEARNING_RESEARCH\data\processed\ocr_best_integration\keyframes_full\v19\v19_00160s.png,success,fast
v19,Python,17,170,619.101,10,C:\NCKH\VIDEO_LEARNING_RESEARCH\data\processed\ocr_best_integration\keyframes_full\v19\v19_00170s.png,success,fast
v19,Python,18,180,619.101,10,C:\NCKH\VIDEO_LEARNING_RESEARCH\data\processed\ocr_best_integration\keyframes_full\v19\v19_00180s.png,success,recovery
v19,Python,19,190,619.101,10,C:\NCKH\VIDEO_LEARNING_RESEARCH\data\processed\ocr_best_integration\keyframes_full\v19\v19_00190s.png,success,fast
v19,Python,20,200,619.101,10,C:\NCKH\VIDEO_LEARNING_RESEARCH\data\processed\ocr_best_integration\keyframes_full\v19\v19_00200s.png,success,fast
v19,Python,21,210,619.101,10,C:\NCKH\VIDEO_LEARNING_RESEARCH\data\processed\ocr_best_integration\keyframes_full\v19\v19_00210s.png,success,fast
v19,Python,22,220,619.101,10,C:\NCKH\VIDEO_LEARNING_RESEARCH\data\processed\ocr_best_integration\keyframes_full\v19\v19_00220s.png,success,fast
v19,Python,23,230,619.101,10,C:\NCKH\VIDEO_LEARNING_RESEARCH\data\processed\ocr_best_integration\keyframes_full\v19\v19_00230s.png,success,fast
v19,Python,24,240,619.101,10,,failed,failed
v19,Python,25,250,619.101,10,C:\NCKH\VIDEO_LEARNING_RESEARCH\data\processed\ocr_best_integration\keyframes_full\v19\v19_00250s.png,success,fast
v19,Python,26,260,619.101,10,C:\NCKH\VIDEO_LEARNING_RESEARCH\data\processed\ocr_best_integration\keyframes_full\v19\v19_00260s.png,success,fast
v19,Python,27,270,619.101,10,C:\NCKH\VIDEO_LEARNING_RESEARCH\data\processed\ocr_best_integration\keyframes_full\v19\v19_00270s.png,success,fast
v19,Python,28,280,619.101,10,C:\NCKH\VIDEO_LEARNING_RESEARCH\data\processed\ocr_best_integration\keyframes_full\v19\v19_00280s.png,success,fast
v19,Python,29,290,619.101,10,C:\NCKH\VIDEO_LEARNING_RESEARCH\data\processed\ocr_best_integration\keyframes_full\v19\v19_00290s.png,success,fast
v19,Python,30,300,619.101,10,C:\NCKH\VIDEO_LEARNING_RESEARCH\data\processed\ocr_best_integration\keyframes_full\v19\v19_00300s.png,success,recovery
v19,Python,31,310,619.101,10,C:\NCKH\VIDEO_LEARNING_RESEARCH\data\processed\ocr_best_integration\keyframes_full\v19\v19_00310s.png,success,fast
v19,Python,32,320,619.101,10,C:\NCKH\VIDEO_LEARNING_RESEARCH\data\processed\ocr_best_integration\keyframes_full\v19\v19_00320s.png,success,fast
v19,Python,33,330,619.101,10,C:\NCKH\VIDEO_LEARNING_RESEARCH\data\processed\ocr_best_integration\keyframes_full\v19\v19_00330s.png,success,fast
v19,Python,34,340,619.101,10,C:\NCKH\VIDEO_LEARNING_RESEARCH\data\processed\ocr_best_integration\keyframes_full\v19\v19_00340s.png,success,fast
v19,Python,35,350,619.101,10,C:\NCKH\VIDEO_LEARNING_RESEARCH\data\processed\ocr_best_integration\keyframes_full\v19\v19_00350s.png,success,fast
v19,Python,36,360,619.101,10,C:\NCKH\VIDEO_LEARNING_RESEARCH\data\processed\ocr_best_integration\keyframes_full\v19\v19_00360s.png,success,recovery
v19,Python,37,370,619.101,10,C:\NCKH\VIDEO_LEARNING_RESEARCH\data\processed\ocr_best_integration\keyframes_full\v19\v19_00370s.png,success,fast
v19,Python,38,380,619.101,10,C:\NCKH\VIDEO_LEARNING_RESEARCH\data\processed\ocr_best_integration\keyframes_full\v19\v19_00380s.png,success,fast
v19,Python,39,390,619.101,10,C:\NCKH\VIDEO_LEARNING_RESEARCH\data\processed\ocr_best_integration\keyframes_full\v19\v19_00390s.png,success,fast
v19,Python,40,400,619.101,10,C:\NCKH\VIDEO_LEARNING_RESEARCH\data\processed\ocr_best_integration\keyframes_full\v19\v19_00400s.png,success,fast
v19,Python,41,410,619.101,10,C:\NCKH\VIDEO_LEARNING_RESEARCH\data\processed\ocr_best_integration\keyframes_full\v19\v19_00410s.png,success,fast
v19,Python,42,420,619.101,10,,failed,failed
v19,Python,43,430,619.101,10,C:\NCKH\VIDEO_LEARNING_RESEARCH\data\processed\ocr_best_integration\keyframes_full\v19\v19_00430s.png,success,fast
v19,Python,44,440,619.101,10,C:\NCKH\VIDEO_LEARNING_RESEARCH\data\processed\ocr_best_integration\keyframes_full\v19\v19_00440s.png,success,fast
v19,Python,45,450,619.101,10,C:\NCKH\VIDEO_LEARNING_RESEARCH\data\processed\ocr_best_integration\keyframes_full\v19\v19_00450s.png,success,fast
v19,Python,46,460,619.101,10,C:\NCKH\VIDEO_LEARNING_RESEARCH\data\processed\ocr_best_integration\keyframes_full\v19\v19_00460s.png,success,fast
v19,Python,47,470,619.101,10,C:\NCKH\VIDEO_LEARNING_RESEARCH\data\processed\ocr_best_integration\keyframes_full\v19\v19_00470s.png,success,fast
v19,Python,48,480,619.101,10,C:\NCKH\VIDEO_LEARNING_RESEARCH\data\processed\ocr_best_integration\keyframes_full\v19\v19_00480s.png,success,recovery
v19,Python,49,490,619.101,10,C:\NCKH\VIDEO_LEARNING_RESEARCH\data\processed\ocr_best_integration\keyframes_full\v19\v19_00490s.png,success,fast
v19,Python,50,500,619.101,10,C:\NCKH\VIDEO_LEARNING_RESEARCH\data\processed\ocr_best_integration\keyframes_full\v19\v19_00500s.png,success,fast
v19,Python,51,510,619.101,10,C:\NCKH\VIDEO_LEARNING_RESEARCH\data\processed\ocr_best_integration\keyframes_full\v19\v19_00510s.png,success,fast
v19,Python,52,520,619.101,10,C:\NCKH\VIDEO_LEARNING_RESEARCH\data\processed\ocr_best_integration\keyframes_full\v19\v19_00520s.png,success,fast
v19,Python,53,530,619.101,10,C:\NCKH\VIDEO_LEARNING_RESEARCH\data\processed\ocr_best_integration\keyframes_full\v19\v19_00530s.png,success,fast
v19,Python,54,540,619.101,10,,failed,failed
v19,Python,55,550,619.101,10,C:\NCKH\VIDEO_LEARNING_RESEARCH\data\processed\ocr_best_integration\keyframes_full\v19\v19_00550s.png,success,fast
v19,Python,56,560,619.101,10,C:\NCKH\VIDEO_LEARNING_RESEARCH\data\processed\ocr_best_integration\keyframes_full\v19\v19_00560s.png,success,fast
v19,Python,57,570,619.101,10,C:\NCKH\VIDEO_LEARNING_RESEARCH\data\processed\ocr_best_integration\keyframes_full\v19\v19_00570s.png,success,fast
v19,Python,58,580,619.101,10,C:\NCKH\VIDEO_LEARNING_RESEARCH\data\processed\ocr_best_integration\keyframes_full\v19\v19_00580s.png,success,fast
v19,Python,59,590,619.101,10,C:\NCKH\VIDEO_LEARNING_RESEARCH\data\processed\ocr_best_integration\keyframes_full\v19\v19_00590s.png,success,fast
v19,Python,60,600,619.101,10,C:\NCKH\VIDEO_LEARNING_RESEARCH\data\processed\ocr_best_integration\keyframes_full\v19\v19_00600s.png,success,recovery
v19,Python,61,610,619.101,10,C:\NCKH\VIDEO_LEARNING_RESEARCH\data\processed\ocr_best_integration\keyframes_full\v19\v19_00610s.png,success,fast
v20,Python,0,0,1240.841,10,C:\NCKH\VIDEO_LEARNING_RESEARCH\data\processed\ocr_best_integration\keyframes_full\v20\v20_00000s.png,success,fast
v20,Python,1,10,1240.841,10,C:\NCKH\VIDEO_LEARNING_RESEARCH\data\processed\ocr_best_integration\keyframes_full\v20\v20_00010s.png,success,fast
v20,Python,2,20,1240.841,10,C:\NCKH\VIDEO_LEARNING_RESEARCH\data\processed\ocr_best_integration\keyframes_full\v20\v20_00020s.png,success,fast
v20,Python,3,30,1240.841,10,C:\NCKH\VIDEO_LEARNING_RESEARCH\data\processed\ocr_best_integration\keyframes_full\v20\v20_00030s.png,success,fast
v20,Python,4,40,1240.841,10,C:\NCKH\VIDEO_LEARNING_RESEARCH\data\processed\ocr_best_integration\keyframes_full\v20\v20_00040s.png,success,fast
v20,Python,5,50,1240.841,10,C:\NCKH\VIDEO_LEARNING_RESEARCH\data\processed\ocr_best_integration\keyframes_full\v20\v20_00050s.png,success,fast
v20,Python,6,60,1240.841,10,C:\NCKH\VIDEO_LEARNING_RESEARCH\data\processed\ocr_best_integration\keyframes_full\v20\v20_00060s.png,success,recovery
v20,Python,7,70,1240.841,10,C:\NCKH\VIDEO_LEARNING_RESEARCH\data\processed\ocr_best_integration\keyframes_full\v20\v20_00070s.png,success,fast
v20,Python,8,80,1240.841,10,C:\NCKH\VIDEO_LEARNING_RESEARCH\data\processed\ocr_best_integration\keyframes_full\v20\v20_00080s.png,success,fast
v20,Python,9,90,1240.841,10,C:\NCKH\VIDEO_LEARNING_RESEARCH\data\processed\ocr_best_integration\keyframes_full\v20\v20_00090s.png,success,fast
v20,Python,10,100,1240.841,10,C:\NCKH\VIDEO_LEARNING_RESEARCH\data\processed\ocr_best_integration\keyframes_full\v20\v20_00100s.png,success,fast
v20,Python,11,110,1240.841,10,C:\NCKH\VIDEO_LEARNING_RESEARCH\data\processed\ocr_best_integration\keyframes_full\v20\v20_00110s.png,success,fast
v20,Python,12,120,1240.841,10,C:\NCKH\VIDEO_LEARNING_RESEARCH\data\processed\ocr_best_integration\keyframes_full\v20\v20_00120s.png,success,recovery
v20,Python,13,130,1240.841,10,C:\NCKH\VIDEO_LEARNING_RESEARCH\data\processed\ocr_best_integration\keyframes_full\v20\v20_00130s.png,success,fast
v20,Python,14,140,1240.841,10,C:\NCKH\VIDEO_LEARNING_RESEARCH\data\processed\ocr_best_integration\keyframes_full\v20\v20_00140s.png,success,fast
v20,Python,15,150,1240.841,10,C:\NCKH\VIDEO_LEARNING_RESEARCH\data\processed\ocr_best_integration\keyframes_full\v20\v20_00150s.png,success,fast
v20,Python,16,160,1240.841,10,C:\NCKH\VIDEO_LEARNING_RESEARCH\data\processed\ocr_best_integration\keyframes_full\v20\v20_00160s.png,success,fast
v20,Python,17,170,1240.841,10,C:\NCKH\VIDEO_LEARNING_RESEARCH\data\processed\ocr_best_integration\keyframes_full\v20\v20_00170s.png,success,fast
v20,Python,18,180,1240.841,10,C:\NCKH\VIDEO_LEARNING_RESEARCH\data\processed\ocr_best_integration\keyframes_full\v20\v20_00180s.png,success,recovery
v20,Python,19,190,1240.841,10,C:\NCKH\VIDEO_LEARNING_RESEARCH\data\processed\ocr_best_integration\keyframes_full\v20\v20_00190s.png,success,fast
v20,Python,20,200,1240.841,10,C:\NCKH\VIDEO_LEARNING_RESEARCH\data\processed\ocr_best_integration\keyframes_full\v20\v20_00200s.png,success,fast
v20,Python,21,210,1240.841,10,C:\NCKH\VIDEO_LEARNING_RESEARCH\data\processed\ocr_best_integration\keyframes_full\v20\v20_00210s.png,success,fast
v20,Python,22,220,1240.841,10,C:\NCKH\VIDEO_LEARNING_RESEARCH\data\processed\ocr_best_integration\keyframes_full\v20\v20_00220s.png,success,fast
v20,Python,23,230,1240.841,10,C:\NCKH\VIDEO_LEARNING_RESEARCH\data\processed\ocr_best_integration\keyframes_full\v20\v20_00230s.png,success,fast
v20,Python,24,240,1240.841,10,C:\NCKH\VIDEO_LEARNING_RESEARCH\data\processed\ocr_best_integration\keyframes_full\v20\v20_00240s.png,success,recovery
v20,Python,25,250,1240.841,10,C:\NCKH\VIDEO_LEARNING_RESEARCH\data\processed\ocr_best_integration\keyframes_full\v20\v20_00250s.png,success,fast
v20,Python,26,260,1240.841,10,C:\NCKH\VIDEO_LEARNING_RESEARCH\data\processed\ocr_best_integration\keyframes_full\v20\v20_00260s.png,success,fast
v20,Python,27,270,1240.841,10,C:\NCKH\VIDEO_LEARNING_RESEARCH\data\processed\ocr_best_integration\keyframes_full\v20\v20_00270s.png,success,fast
v20,Python,28,280,1240.841,10,C:\NCKH\VIDEO_LEARNING_RESEARCH\data\processed\ocr_best_integration\keyframes_full\v20\v20_00280s.png,success,fast
v20,Python,29,290,1240.841,10,C:\NCKH\VIDEO_LEARNING_RESEARCH\data\processed\ocr_best_integration\keyframes_full\v20\v20_00290s.png,success,fast
v20,Python,30,300,1240.841,10,C:\NCKH\VIDEO_LEARNING_RESEARCH\data\processed\ocr_best_integration\keyframes_full\v20\v20_00300s.png,success,recovery
v20,Python,31,310,1240.841,10,C:\NCKH\VIDEO_LEARNING_RESEARCH\data\processed\ocr_best_integration\keyframes_full\v20\v20_00310s.png,success,fast
v20,Python,32,320,1240.841,10,C:\NCKH\VIDEO_LEARNING_RESEARCH\data\processed\ocr_best_integration\keyframes_full\v20\v20_00320s.png,success,fast
v20,Python,33,330,1240.841,10,C:\NCKH\VIDEO_LEARNING_RESEARCH\data\processed\ocr_best_integration\keyframes_full\v20\v20_00330s.png,success,fast
v20,Python,34,340,1240.841,10,C:\NCKH\VIDEO_LEARNING_RESEARCH\data\processed\ocr_best_integration\keyframes_full\v20\v20_00340s.png,success,fast
v20,Python,35,350,1240.841,10,C:\NCKH\VIDEO_LEARNING_RESEARCH\data\processed\ocr_best_integration\keyframes_full\v20\v20_00350s.png,success,fast
v20,Python,36,360,1240.841,10,,failed,failed
v20,Python,37,370,1240.841,10,,failed,failed
v20,Python,38,380,1240.841,10,C:\NCKH\VIDEO_LEARNING_RESEARCH\data\processed\ocr_best_integration\keyframes_full\v20\v20_00380s.png,success,fast
v20,Python,39,390,1240.841,10,C:\NCKH\VIDEO_LEARNING_RESEARCH\data\processed\ocr_best_integration\keyframes_full\v20\v20_00390s.png,success,fast
v20,Python,40,400,1240.841,10,C:\NCKH\VIDEO_LEARNING_RESEARCH\data\processed\ocr_best_integration\keyframes_full\v20\v20_00400s.png,success,fast
v20,Python,41,410,1240.841,10,C:\NCKH\VIDEO_LEARNING_RESEARCH\data\processed\ocr_best_integration\keyframes_full\v20\v20_00410s.png,success,fast
v20,Python,42,420,1240.841,10,C:\NCKH\VIDEO_LEARNING_RESEARCH\data\processed\ocr_best_integration\keyframes_full\v20\v20_00420s.png,success,fast
v20,Python,43,430,1240.841,10,C:\NCKH\VIDEO_LEARNING_RESEARCH\data\processed\ocr_best_integration\keyframes_full\v20\v20_00430s.png,success,recovery
v20,Python,44,440,1240.841,10,C:\NCKH\VIDEO_LEARNING_RESEARCH\data\processed\ocr_best_integration\keyframes_full\v20\v20_00440s.png,success,fast
v20,Python,45,450,1240.841,10,C:\NCKH\VIDEO_LEARNING_RESEARCH\data\processed\ocr_best_integration\keyframes_full\v20\v20_00450s.png,success,fast
v20,Python,46,460,1240.841,10,C:\NCKH\VIDEO_LEARNING_RESEARCH\data\processed\ocr_best_integration\keyframes_full\v20\v20_00460s.png,success,fast
v20,Python,47,470,1240.841,10,C:\NCKH\VIDEO_LEARNING_RESEARCH\data\processed\ocr_best_integration\keyframes_full\v20\v20_00470s.png,success,fast
v20,Python,48,480,1240.841,10,C:\NCKH\VIDEO_LEARNING_RESEARCH\data\processed\ocr_best_integration\keyframes_full\v20\v20_00480s.png,success,fast
v20,Python,49,490,1240.841,10,C:\NCKH\VIDEO_LEARNING_RESEARCH\data\processed\ocr_best_integration\keyframes_full\v20\v20_00490s.png,success,recovery
v20,Python,50,500,1240.841,10,C:\NCKH\VIDEO_LEARNING_RESEARCH\data\processed\ocr_best_integration\keyframes_full\v20\v20_00500s.png,success,fast
v20,Python,51,510,1240.841,10,C:\NCKH\VIDEO_LEARNING_RESEARCH\data\processed\ocr_best_integration\keyframes_full\v20\v20_00510s.png,success,fast
v20,Python,52,520,1240.841,10,C:\NCKH\VIDEO_LEARNING_RESEARCH\data\processed\ocr_best_integration\keyframes_full\v20\v20_00520s.png,success,fast
v20,Python,53,530,1240.841,10,C:\NCKH\VIDEO_LEARNING_RESEARCH\data\processed\ocr_best_integration\keyframes_full\v20\v20_00530s.png,success,fast
v20,Python,54,540,1240.841,10,C:\NCKH\VIDEO_LEARNING_RESEARCH\data\processed\ocr_best_integration\keyframes_full\v20\v20_00540s.png,success,fast
v20,Python,55,550,1240.841,10,C:\NCKH\VIDEO_LEARNING_RESEARCH\data\processed\ocr_best_integration\keyframes_full\v20\v20_00550s.png,success,recovery
v20,Python,56,560,1240.841,10,C:\NCKH\VIDEO_LEARNING_RESEARCH\data\processed\ocr_best_integration\keyframes_full\v20\v20_00560s.png,success,fast
v20,Python,57,570,1240.841,10,C:\NCKH\VIDEO_LEARNING_RESEARCH\data\processed\ocr_best_integration\keyframes_full\v20\v20_00570s.png,success,fast
v20,Python,58,580,1240.841,10,C:\NCKH\VIDEO_LEARNING_RESEARCH\data\processed\ocr_best_integration\keyframes_full\v20\v20_00580s.png,success,fast
v20,Python,59,590,1240.841,10,C:\NCKH\VIDEO_LEARNING_RESEARCH\data\processed\ocr_best_integration\keyframes_full\v20\v20_00590s.png,success,fast
v20,Python,60,600,1240.841,10,C:\NCKH\VIDEO_LEARNING_RESEARCH\data\processed\ocr_best_integration\keyframes_full\v20\v20_00600s.png,success,fast
v20,Python,61,610,1240.841,10,C:\NCKH\VIDEO_LEARNING_RESEARCH\data\processed\ocr_best_integration\keyframes_full\v20\v20_00610s.png,success,recovery
v20,Python,62,620,1240.841,10,C:\NCKH\VIDEO_LEARNING_RESEARCH\data\processed\ocr_best_integration\keyframes_full\v20\v20_00620s.png,success,fast
v20,Python,63,630,1240.841,10,C:\NCKH\VIDEO_LEARNING_RESEARCH\data\processed\ocr_best_integration\keyframes_full\v20\v20_00630s.png,success,fast
v20,Python,64,640,1240.841,10,C:\NCKH\VIDEO_LEARNING_RESEARCH\data\processed\ocr_best_integration\keyframes_full\v20\v20_00640s.png,success,fast
v20,Python,65,650,1240.841,10,C:\NCKH\VIDEO_LEARNING_RESEARCH\data\processed\ocr_best_integration\keyframes_full\v20\v20_00650s.png,success,fast
v20,Python,66,660,1240.841,10,C:\NCKH\VIDEO_LEARNING_RESEARCH\data\processed\ocr_best_integration\keyframes_full\v20\v20_00660s.png,success,fast
v20,Python,67,670,1240.841,10,C:\NCKH\VIDEO_LEARNING_RESEARCH\data\processed\ocr_best_integration\keyframes_full\v20\v20_00670s.png,success,recovery
v20,Python,68,680,1240.841,10,C:\NCKH\VIDEO_LEARNING_RESEARCH\data\processed\ocr_best_integration\keyframes_full\v20\v20_00680s.png,success,fast
v20,Python,69,690,1240.841,10,C:\NCKH\VIDEO_LEARNING_RESEARCH\data\processed\ocr_best_integration\keyframes_full\v20\v20_00690s.png,success,fast
v20,Python,70,700,1240.841,10,C:\NCKH\VIDEO_LEARNING_RESEARCH\data\processed\ocr_best_integration\keyframes_full\v20\v20_00700s.png,success,fast
v20,Python,71,710,1240.841,10,C:\NCKH\VIDEO_LEARNING_RESEARCH\data\processed\ocr_best_integration\keyframes_full\v20\v20_00710s.png,success,fast
v20,Python,72,720,1240.841,10,C:\NCKH\VIDEO_LEARNING_RESEARCH\data\processed\ocr_best_integration\keyframes_full\v20\v20_00720s.png,success,fast
v20,Python,73,730,1240.841,10,C:\NCKH\VIDEO_LEARNING_RESEARCH\data\processed\ocr_best_integration\keyframes_full\v20\v20_00730s.png,success,recovery
v20,Python,74,740,1240.841,10,C:\NCKH\VIDEO_LEARNING_RESEARCH\data\processed\ocr_best_integration\keyframes_full\v20\v20_00740s.png,success,fast
v20,Python,75,750,1240.841,10,C:\NCKH\VIDEO_LEARNING_RESEARCH\data\processed\ocr_best_integration\keyframes_full\v20\v20_00750s.png,success,fast
v20,Python,76,760,1240.841,10,C:\NCKH\VIDEO_LEARNING_RESEARCH\data\processed\ocr_best_integration\keyframes_full\v20\v20_00760s.png,success,fast
v20,Python,77,770,1240.841,10,C:\NCKH\VIDEO_LEARNING_RESEARCH\data\processed\ocr_best_integration\keyframes_full\v20\v20_00770s.png,success,fast
v20,Python,78,780,1240.841,10,C:\NCKH\VIDEO_LEARNING_RESEARCH\data\processed\ocr_best_integration\keyframes_full\v20\v20_00780s.png,success,fast
v20,Python,79,790,1240.841,10,C:\NCKH\VIDEO_LEARNING_RESEARCH\data\processed\ocr_best_integration\keyframes_full\v20\v20_00790s.png,success,recovery
v20,Python,80,800,1240.841,10,C:\NCKH\VIDEO_LEARNING_RESEARCH\data\processed\ocr_best_integration\keyframes_full\v20\v20_00800s.png,success,fast
v20,Python,81,810,1240.841,10,C:\NCKH\VIDEO_LEARNING_RESEARCH\data\processed\ocr_best_integration\keyframes_full\v20\v20_00810s.png,success,fast
v20,Python,82,820,1240.841,10,C:\NCKH\VIDEO_LEARNING_RESEARCH\data\processed\ocr_best_integration\keyframes_full\v20\v20_00820s.png,success,fast
v20,Python,83,830,1240.841,10,C:\NCKH\VIDEO_LEARNING_RESEARCH\data\processed\ocr_best_integration\keyframes_full\v20\v20_00830s.png,success,fast
v20,Python,84,840,1240.841,10,C:\NCKH\VIDEO_LEARNING_RESEARCH\data\processed\ocr_best_integration\keyframes_full\v20\v20_00840s.png,success,fast
v20,Python,85,850,1240.841,10,C:\NCKH\VIDEO_LEARNING_RESEARCH\data\processed\ocr_best_integration\keyframes_full\v20\v20_00850s.png,success,recovery
v20,Python,86,860,1240.841,10,C:\NCKH\VIDEO_LEARNING_RESEARCH\data\processed\ocr_best_integration\keyframes_full\v20\v20_00860s.png,success,fast
v20,Python,87,870,1240.841,10,C:\NCKH\VIDEO_LEARNING_RESEARCH\data\processed\ocr_best_integration\keyframes_full\v20\v20_00870s.png,success,fast
v20,Python,88,880,1240.841,10,C:\NCKH\VIDEO_LEARNING_RESEARCH\data\processed\ocr_best_integration\keyframes_full\v20\v20_00880s.png,success,fast
v20,Python,89,890,1240.841,10,C:\NCKH\VIDEO_LEARNING_RESEARCH\data\processed\ocr_best_integration\keyframes_full\v20\v20_00890s.png,success,fast
v20,Python,90,900,1240.841,10,C:\NCKH\VIDEO_LEARNING_RESEARCH\data\processed\ocr_best_integration\keyframes_full\v20\v20_00900s.png,success,fast
v20,Python,91,910,1240.841,10,C:\NCKH\VIDEO_LEARNING_RESEARCH\data\processed\ocr_best_integration\keyframes_full\v20\v20_00910s.png,success,recovery
v20,Python,92,920,1240.841,10,C:\NCKH\VIDEO_LEARNING_RESEARCH\data\processed\ocr_best_integration\keyframes_full\v20\v20_00920s.png,success,fast
v20,Python,93,930,1240.841,10,C:\NCKH\VIDEO_LEARNING_RESEARCH\data\processed\ocr_best_integration\keyframes_full\v20\v20_00930s.png,success,fast
v20,Python,94,940,1240.841,10,C:\NCKH\VIDEO_LEARNING_RESEARCH\data\processed\ocr_best_integration\keyframes_full\v20\v20_00940s.png,success,fast
v20,Python,95,950,1240.841,10,C:\NCKH\VIDEO_LEARNING_RESEARCH\data\processed\ocr_best_integration\keyframes_full\v20\v20_00950s.png,success,fast
v20,Python,96,960,1240.841,10,C:\NCKH\VIDEO_LEARNING_RESEARCH\data\processed\ocr_best_integration\keyframes_full\v20\v20_00960s.png,success,fast
v20,Python,97,970,1240.841,10,C:\NCKH\VIDEO_LEARNING_RESEARCH\data\processed\ocr_best_integration\keyframes_full\v20\v20_00970s.png,success,recovery
v20,Python,98,980,1240.841,10,C:\NCKH\VIDEO_LEARNING_RESEARCH\data\processed\ocr_best_integration\keyframes_full\v20\v20_00980s.png,success,fast
v20,Python,99,990,1240.841,10,C:\NCKH\VIDEO_LEARNING_RESEARCH\data\processed\ocr_best_integration\keyframes_full\v20\v20_00990s.png,success,fast
v20,Python,100,1000,1240.841,10,C:\NCKH\VIDEO_LEARNING_RESEARCH\data\processed\ocr_best_integration\keyframes_full\v20\v20_01000s.png,success,fast
v20,Python,101,1010,1240.841,10,C:\NCKH\VIDEO_LEARNING_RESEARCH\data\processed\ocr_best_integration\keyframes_full\v20\v20_01010s.png,success,fast
v20,Python,102,1020,1240.841,10,C:\NCKH\VIDEO_LEARNING_RESEARCH\data\processed\ocr_best_integration\keyframes_full\v20\v20_01020s.png,success,fast
v20,Python,103,1030,1240.841,10,,failed,failed
v20,Python,104,1040,1240.841,10,C:\NCKH\VIDEO_LEARNING_RESEARCH\data\processed\ocr_best_integration\keyframes_full\v20\v20_01040s.png,success,fast
v20,Python,105,1050,1240.841,10,C:\NCKH\VIDEO_LEARNING_RESEARCH\data\processed\ocr_best_integration\keyframes_full\v20\v20_01050s.png,success,fast
v20,Python,106,1060,1240.841,10,C:\NCKH\VIDEO_LEARNING_RESEARCH\data\processed\ocr_best_integration\keyframes_full\v20\v20_01060s.png,success,fast
v20,Python,107,1070,1240.841,10,C:\NCKH\VIDEO_LEARNING_RESEARCH\data\processed\ocr_best_integration\keyframes_full\v20\v20_01070s.png,success,fast
v20,Python,108,1080,1240.841,10,C:\NCKH\VIDEO_LEARNING_RESEARCH\data\processed\ocr_best_integration\keyframes_full\v20\v20_01080s.png,success,fast
v20,Python,109,1090,1240.841,10,C:\NCKH\VIDEO_LEARNING_RESEARCH\data\processed\ocr_best_integration\keyframes_full\v20\v20_01090s.png,success,recovery
v20,Python,110,1100,1240.841,10,C:\NCKH\VIDEO_LEARNING_RESEARCH\data\processed\ocr_best_integration\keyframes_full\v20\v20_01100s.png,success,fast
v20,Python,111,1110,1240.841,10,C:\NCKH\VIDEO_LEARNING_RESEARCH\data\processed\ocr_best_integration\keyframes_full\v20\v20_01110s.png,success,fast
v20,Python,112,1120,1240.841,10,C:\NCKH\VIDEO_LEARNING_RESEARCH\data\processed\ocr_best_integration\keyframes_full\v20\v20_01120s.png,success,fast
v20,Python,113,1130,1240.841,10,C:\NCKH\VIDEO_LEARNING_RESEARCH\data\processed\ocr_best_integration\keyframes_full\v20\v20_01130s.png,success,fast
v20,Python,114,1140,1240.841,10,C:\NCKH\VIDEO_LEARNING_RESEARCH\data\processed\ocr_best_integration\keyframes_full\v20\v20_01140s.png,success,fast
v20,Python,115,1150,1240.841,10,C:\NCKH\VIDEO_LEARNING_RESEARCH\data\processed\ocr_best_integration\keyframes_full\v20\v20_01150s.png,success,recovery
v20,Python,116,1160,1240.841,10,C:\NCKH\VIDEO_LEARNING_RESEARCH\data\processed\ocr_best_integration\keyframes_full\v20\v20_01160s.png,success,fast
v20,Python,117,1170,1240.841,10,C:\NCKH\VIDEO_LEARNING_RESEARCH\data\processed\ocr_best_integration\keyframes_full\v20\v20_01170s.png,success,fast
v20,Python,118,1180,1240.841,10,C:\NCKH\VIDEO_LEARNING_RESEARCH\data\processed\ocr_best_integration\keyframes_full\v20\v20_01180s.png,success,fast
v20,Python,119,1190,1240.841,10,C:\NCKH\VIDEO_LEARNING_RESEARCH\data\processed\ocr_best_integration\keyframes_full\v20\v20_01190s.png,success,fast
v20,Python,120,1200,1240.841,10,C:\NCKH\VIDEO_LEARNING_RESEARCH\data\processed\ocr_best_integration\keyframes_full\v20\v20_01200s.png,success,fast
v20,Python,121,1210,1240.841,10,C:\NCKH\VIDEO_LEARNING_RESEARCH\data\processed\ocr_best_integration\keyframes_full\v20\v20_01210s.png,success,recovery
v20,Python,122,1220,1240.841,10,C:\NCKH\VIDEO_LEARNING_RESEARCH\data\processed\ocr_best_integration\keyframes_full\v20\v20_01220s.png,success,fast
v20,Python,123,1230,1240.841,10,C:\NCKH\VIDEO_LEARNING_RESEARCH\data\processed\ocr_best_integration\keyframes_full\v20\v20_01230s.png,success,fast
v21,Python,0,0,1577.641,10,C:\NCKH\VIDEO_LEARNING_RESEARCH\data\processed\ocr_best_integration\keyframes_full\v21\v21_00000s.png,success,fast
v21,Python,1,10,1577.641,10,C:\NCKH\VIDEO_LEARNING_RESEARCH\data\processed\ocr_best_integration\keyframes_full\v21\v21_00010s.png,success,fast
v21,Python,2,20,1577.641,10,C:\NCKH\VIDEO_LEARNING_RESEARCH\data\processed\ocr_best_integration\keyframes_full\v21\v21_00020s.png,success,fast
v21,Python,3,30,1577.641,10,C:\NCKH\VIDEO_LEARNING_RESEARCH\data\processed\ocr_best_integration\keyframes_full\v21\v21_00030s.png,success,fast
v21,Python,4,40,1577.641,10,C:\NCKH\VIDEO_LEARNING_RESEARCH\data\processed\ocr_best_integration\keyframes_full\v21\v21_00040s.png,success,fast
v21,Python,5,50,1577.641,10,C:\NCKH\VIDEO_LEARNING_RESEARCH\data\processed\ocr_best_integration\keyframes_full\v21\v21_00050s.png,success,fast
v21,Python,6,60,1577.641,10,C:\NCKH\VIDEO_LEARNING_RESEARCH\data\processed\ocr_best_integration\keyframes_full\v21\v21_00060s.png,success,recovery
v21,Python,7,70,1577.641,10,C:\NCKH\VIDEO_LEARNING_RESEARCH\data\processed\ocr_best_integration\keyframes_full\v21\v21_00070s.png,success,fast
v21,Python,8,80,1577.641,10,C:\NCKH\VIDEO_LEARNING_RESEARCH\data\processed\ocr_best_integration\keyframes_full\v21\v21_00080s.png,success,fast
v21,Python,9,90,1577.641,10,C:\NCKH\VIDEO_LEARNING_RESEARCH\data\processed\ocr_best_integration\keyframes_full\v21\v21_00090s.png,success,fast
v21,Python,10,100,1577.641,10,C:\NCKH\VIDEO_LEARNING_RESEARCH\data\processed\ocr_best_integration\keyframes_full\v21\v21_00100s.png,success,fast
v21,Python,11,110,1577.641,10,C:\NCKH\VIDEO_LEARNING_RESEARCH\data\processed\ocr_best_integration\keyframes_full\v21\v21_00110s.png,success,fast
v21,Python,12,120,1577.641,10,C:\NCKH\VIDEO_LEARNING_RESEARCH\data\processed\ocr_best_integration\keyframes_full\v21\v21_00120s.png,success,recovery
v21,Python,13,130,1577.641,10,C:\NCKH\VIDEO_LEARNING_RESEARCH\data\processed\ocr_best_integration\keyframes_full\v21\v21_00130s.png,success,fast
v21,Python,14,140,1577.641,10,C:\NCKH\VIDEO_LEARNING_RESEARCH\data\processed\ocr_best_integration\keyframes_full\v21\v21_00140s.png,success,fast
v21,Python,15,150,1577.641,10,C:\NCKH\VIDEO_LEARNING_RESEARCH\data\processed\ocr_best_integration\keyframes_full\v21\v21_00150s.png,success,fast
v21,Python,16,160,1577.641,10,C:\NCKH\VIDEO_LEARNING_RESEARCH\data\processed\ocr_best_integration\keyframes_full\v21\v21_00160s.png,success,fast
v21,Python,17,170,1577.641,10,C:\NCKH\VIDEO_LEARNING_RESEARCH\data\processed\ocr_best_integration\keyframes_full\v21\v21_00170s.png,success,fast
v21,Python,18,180,1577.641,10,,failed,failed
v21,Python,19,190,1577.641,10,C:\NCKH\VIDEO_LEARNING_RESEARCH\data\processed\ocr_best_integration\keyframes_full\v21\v21_00190s.png,success,fast
v21,Python,20,200,1577.641,10,C:\NCKH\VIDEO_LEARNING_RESEARCH\data\processed\ocr_best_integration\keyframes_full\v21\v21_00200s.png,success,fast
v21,Python,21,210,1577.641,10,C:\NCKH\VIDEO_LEARNING_RESEARCH\data\processed\ocr_best_integration\keyframes_full\v21\v21_00210s.png,success,fast
v21,Python,22,220,1577.641,10,C:\NCKH\VIDEO_LEARNING_RESEARCH\data\processed\ocr_best_integration\keyframes_full\v21\v21_00220s.png,success,fast
v21,Python,23,230,1577.641,10,C:\NCKH\VIDEO_LEARNING_RESEARCH\data\processed\ocr_best_integration\keyframes_full\v21\v21_00230s.png,success,fast
v21,Python,24,240,1577.641,10,C:\NCKH\VIDEO_LEARNING_RESEARCH\data\processed\ocr_best_integration\keyframes_full\v21\v21_00240s.png,success,recovery
v21,Python,25,250,1577.641,10,C:\NCKH\VIDEO_LEARNING_RESEARCH\data\processed\ocr_best_integration\keyframes_full\v21\v21_00250s.png,success,fast
v21,Python,26,260,1577.641,10,C:\NCKH\VIDEO_LEARNING_RESEARCH\data\processed\ocr_best_integration\keyframes_full\v21\v21_00260s.png,success,fast
v21,Python,27,270,1577.641,10,C:\NCKH\VIDEO_LEARNING_RESEARCH\data\processed\ocr_best_integration\keyframes_full\v21\v21_00270s.png,success,fast
v21,Python,28,280,1577.641,10,C:\NCKH\VIDEO_LEARNING_RESEARCH\data\processed\ocr_best_integration\keyframes_full\v21\v21_00280s.png,success,fast
v21,Python,29,290,1577.641,10,C:\NCKH\VIDEO_LEARNING_RESEARCH\data\processed\ocr_best_integration\keyframes_full\v21\v21_00290s.png,success,fast
v21,Python,30,300,1577.641,10,C:\NCKH\VIDEO_LEARNING_RESEARCH\data\processed\ocr_best_integration\keyframes_full\v21\v21_00300s.png,success,recovery
v21,Python,31,310,1577.641,10,C:\NCKH\VIDEO_LEARNING_RESEARCH\data\processed\ocr_best_integration\keyframes_full\v21\v21_00310s.png,success,fast
v21,Python,32,320,1577.641,10,C:\NCKH\VIDEO_LEARNING_RESEARCH\data\processed\ocr_best_integration\keyframes_full\v21\v21_00320s.png,success,fast
v21,Python,33,330,1577.641,10,C:\NCKH\VIDEO_LEARNING_RESEARCH\data\processed\ocr_best_integration\keyframes_full\v21\v21_00330s.png,success,fast
v21,Python,34,340,1577.641,10,C:\NCKH\VIDEO_LEARNING_RESEARCH\data\processed\ocr_best_integration\keyframes_full\v21\v21_00340s.png,success,fast
v21,Python,35,350,1577.641,10,C:\NCKH\VIDEO_LEARNING_RESEARCH\data\processed\ocr_best_integration\keyframes_full\v21\v21_00350s.png,success,fast
v21,Python,36,360,1577.641,10,,failed,failed
v21,Python,37,370,1577.641,10,C:\NCKH\VIDEO_LEARNING_RESEARCH\data\processed\ocr_best_integration\keyframes_full\v21\v21_00370s.png,success,fast
v21,Python,38,380,1577.641,10,C:\NCKH\VIDEO_LEARNING_RESEARCH\data\processed\ocr_best_integration\keyframes_full\v21\v21_00380s.png,success,fast
v21,Python,39,390,1577.641,10,C:\NCKH\VIDEO_LEARNING_RESEARCH\data\processed\ocr_best_integration\keyframes_full\v21\v21_00390s.png,success,fast
v21,Python,40,400,1577.641,10,C:\NCKH\VIDEO_LEARNING_RESEARCH\data\processed\ocr_best_integration\keyframes_full\v21\v21_00400s.png,success,fast
v21,Python,41,410,1577.641,10,C:\NCKH\VIDEO_LEARNING_RESEARCH\data\processed\ocr_best_integration\keyframes_full\v21\v21_00410s.png,success,fast
v21,Python,42,420,1577.641,10,C:\NCKH\VIDEO_LEARNING_RESEARCH\data\processed\ocr_best_integration\keyframes_full\v21\v21_00420s.png,success,recovery
v21,Python,43,430,1577.641,10,C:\NCKH\VIDEO_LEARNING_RESEARCH\data\processed\ocr_best_integration\keyframes_full\v21\v21_00430s.png,success,fast
v21,Python,44,440,1577.641,10,C:\NCKH\VIDEO_LEARNING_RESEARCH\data\processed\ocr_best_integration\keyframes_full\v21\v21_00440s.png,success,fast
v21,Python,45,450,1577.641,10,C:\NCKH\VIDEO_LEARNING_RESEARCH\data\processed\ocr_best_integration\keyframes_full\v21\v21_00450s.png,success,fast
v21,Python,46,460,1577.641,10,C:\NCKH\VIDEO_LEARNING_RESEARCH\data\processed\ocr_best_integration\keyframes_full\v21\v21_00460s.png,success,fast
v21,Python,47,470,1577.641,10,C:\NCKH\VIDEO_LEARNING_RESEARCH\data\processed\ocr_best_integration\keyframes_full\v21\v21_00470s.png,success,fast
v21,Python,48,480,1577.641,10,C:\NCKH\VIDEO_LEARNING_RESEARCH\data\processed\ocr_best_integration\keyframes_full\v21\v21_00480s.png,success,recovery
v21,Python,49,490,1577.641,10,C:\NCKH\VIDEO_LEARNING_RESEARCH\data\processed\ocr_best_integration\keyframes_full\v21\v21_00490s.png,success,fast
v21,Python,50,500,1577.641,10,C:\NCKH\VIDEO_LEARNING_RESEARCH\data\processed\ocr_best_integration\keyframes_full\v21\v21_00500s.png,success,fast
v21,Python,51,510,1577.641,10,C:\NCKH\VIDEO_LEARNING_RESEARCH\data\processed\ocr_best_integration\keyframes_full\v21\v21_00510s.png,success,fast
v21,Python,52,520,1577.641,10,C:\NCKH\VIDEO_LEARNING_RESEARCH\data\processed\ocr_best_integration\keyframes_full\v21\v21_00520s.png,success,fast
v21,Python,53,530,1577.641,10,C:\NCKH\VIDEO_LEARNING_RESEARCH\data\processed\ocr_best_integration\keyframes_full\v21\v21_00530s.png,success,fast
v21,Python,54,540,1577.641,10,C:\NCKH\VIDEO_LEARNING_RESEARCH\data\processed\ocr_best_integration\keyframes_full\v21\v21_00540s.png,success,recovery
v21,Python,55,550,1577.641,10,C:\NCKH\VIDEO_LEARNING_RESEARCH\data\processed\ocr_best_integration\keyframes_full\v21\v21_00550s.png,success,fast
v21,Python,56,560,1577.641,10,C:\NCKH\VIDEO_LEARNING_RESEARCH\data\processed\ocr_best_integration\keyframes_full\v21\v21_00560s.png,success,fast
v21,Python,57,570,1577.641,10,C:\NCKH\VIDEO_LEARNING_RESEARCH\data\processed\ocr_best_integration\keyframes_full\v21\v21_00570s.png,success,fast
v21,Python,58,580,1577.641,10,C:\NCKH\VIDEO_LEARNING_RESEARCH\data\processed\ocr_best_integration\keyframes_full\v21\v21_00580s.png,success,fast
v21,Python,59,590,1577.641,10,C:\NCKH\VIDEO_LEARNING_RESEARCH\data\processed\ocr_best_integration\keyframes_full\v21\v21_00590s.png,success,fast
v21,Python,60,600,1577.641,10,C:\NCKH\VIDEO_LEARNING_RESEARCH\data\processed\ocr_best_integration\keyframes_full\v21\v21_00600s.png,success,recovery
v21,Python,61,610,1577.641,10,C:\NCKH\VIDEO_LEARNING_RESEARCH\data\processed\ocr_best_integration\keyframes_full\v21\v21_00610s.png,success,fast
v21,Python,62,620,1577.641,10,C:\NCKH\VIDEO_LEARNING_RESEARCH\data\processed\ocr_best_integration\keyframes_full\v21\v21_00620s.png,success,fast
v21,Python,63,630,1577.641,10,C:\NCKH\VIDEO_LEARNING_RESEARCH\data\processed\ocr_best_integration\keyframes_full\v21\v21_00630s.png,success,fast
v21,Python,64,640,1577.641,10,C:\NCKH\VIDEO_LEARNING_RESEARCH\data\processed\ocr_best_integration\keyframes_full\v21\v21_00640s.png,success,fast
v21,Python,65,650,1577.641,10,C:\NCKH\VIDEO_LEARNING_RESEARCH\data\processed\ocr_best_integration\keyframes_full\v21\v21_00650s.png,success,fast
v21,Python,66,660,1577.641,10,C:\NCKH\VIDEO_LEARNING_RESEARCH\data\processed\ocr_best_integration\keyframes_full\v21\v21_00660s.png,success,recovery
v21,Python,67,670,1577.641,10,C:\NCKH\VIDEO_LEARNING_RESEARCH\data\processed\ocr_best_integration\keyframes_full\v21\v21_00670s.png,success,fast
v21,Python,68,680,1577.641,10,C:\NCKH\VIDEO_LEARNING_RESEARCH\data\processed\ocr_best_integration\keyframes_full\v21\v21_00680s.png,success,fast
v21,Python,69,690,1577.641,10,C:\NCKH\VIDEO_LEARNING_RESEARCH\data\processed\ocr_best_integration\keyframes_full\v21\v21_00690s.png,success,fast
v21,Python,70,700,1577.641,10,C:\NCKH\VIDEO_LEARNING_RESEARCH\data\processed\ocr_best_integration\keyframes_full\v21\v21_00700s.png,success,fast
v21,Python,71,710,1577.641,10,C:\NCKH\VIDEO_LEARNING_RESEARCH\data\processed\ocr_best_integration\keyframes_full\v21\v21_00710s.png,success,fast
v21,Python,72,720,1577.641,10,C:\NCKH\VIDEO_LEARNING_RESEARCH\data\processed\ocr_best_integration\keyframes_full\v21\v21_00720s.png,success,recovery
v21,Python,73,730,1577.641,10,C:\NCKH\VIDEO_LEARNING_RESEARCH\data\processed\ocr_best_integration\keyframes_full\v21\v21_00730s.png,success,fast
v21,Python,74,740,1577.641,10,C:\NCKH\VIDEO_LEARNING_RESEARCH\data\processed\ocr_best_integration\keyframes_full\v21\v21_00740s.png,success,fast
v21,Python,75,750,1577.641,10,C:\NCKH\VIDEO_LEARNING_RESEARCH\data\processed\ocr_best_integration\keyframes_full\v21\v21_00750s.png,success,fast
v21,Python,76,760,1577.641,10,C:\NCKH\VIDEO_LEARNING_RESEARCH\data\processed\ocr_best_integration\keyframes_full\v21\v21_00760s.png,success,fast
v21,Python,77,770,1577.641,10,C:\NCKH\VIDEO_LEARNING_RESEARCH\data\processed\ocr_best_integration\keyframes_full\v21\v21_00770s.png,success,fast
v21,Python,78,780,1577.641,10,C:\NCKH\VIDEO_LEARNING_RESEARCH\data\processed\ocr_best_integration\keyframes_full\v21\v21_00780s.png,success,recovery
v21,Python,79,790,1577.641,10,C:\NCKH\VIDEO_LEARNING_RESEARCH\data\processed\ocr_best_integration\keyframes_full\v21\v21_00790s.png,success,fast
v21,Python,80,800,1577.641,10,C:\NCKH\VIDEO_LEARNING_RESEARCH\data\processed\ocr_best_integration\keyframes_full\v21\v21_00800s.png,success,fast
v21,Python,81,810,1577.641,10,C:\NCKH\VIDEO_LEARNING_RESEARCH\data\processed\ocr_best_integration\keyframes_full\v21\v21_00810s.png,success,fast
v21,Python,82,820,1577.641,10,C:\NCKH\VIDEO_LEARNING_RESEARCH\data\processed\ocr_best_integration\keyframes_full\v21\v21_00820s.png,success,fast
v21,Python,83,830,1577.641,10,C:\NCKH\VIDEO_LEARNING_RESEARCH\data\processed\ocr_best_integration\keyframes_full\v21\v21_00830s.png,success,fast
v21,Python,84,840,1577.641,10,C:\NCKH\VIDEO_LEARNING_RESEARCH\data\processed\ocr_best_integration\keyframes_full\v21\v21_00840s.png,success,recovery
v21,Python,85,850,1577.641,10,C:\NCKH\VIDEO_LEARNING_RESEARCH\data\processed\ocr_best_integration\keyframes_full\v21\v21_00850s.png,success,fast
v21,Python,86,860,1577.641,10,C:\NCKH\VIDEO_LEARNING_RESEARCH\data\processed\ocr_best_integration\keyframes_full\v21\v21_00860s.png,success,fast
v21,Python,87,870,1577.641,10,C:\NCKH\VIDEO_LEARNING_RESEARCH\data\processed\ocr_best_integration\keyframes_full\v21\v21_00870s.png,success,fast
v21,Python,88,880,1577.641,10,C:\NCKH\VIDEO_LEARNING_RESEARCH\data\processed\ocr_best_integration\keyframes_full\v21\v21_00880s.png,success,fast
v21,Python,89,890,1577.641,10,C:\NCKH\VIDEO_LEARNING_RESEARCH\data\processed\ocr_best_integration\keyframes_full\v21\v21_00890s.png,success,fast
v21,Python,90,900,1577.641,10,,failed,failed
v21,Python,91,910,1577.641,10,C:\NCKH\VIDEO_LEARNING_RESEARCH\data\processed\ocr_best_integration\keyframes_full\v21\v21_00910s.png,success,fast
v21,Python,92,920,1577.641,10,C:\NCKH\VIDEO_LEARNING_RESEARCH\data\processed\ocr_best_integration\keyframes_full\v21\v21_00920s.png,success,fast
v21,Python,93,930,1577.641,10,C:\NCKH\VIDEO_LEARNING_RESEARCH\data\processed\ocr_best_integration\keyframes_full\v21\v21_00930s.png,success,fast
v21,Python,94,940,1577.641,10,C:\NCKH\VIDEO_LEARNING_RESEARCH\data\processed\ocr_best_integration\keyframes_full\v21\v21_00940s.png,success,fast
v21,Python,95,950,1577.641,10,C:\NCKH\VIDEO_LEARNING_RESEARCH\data\processed\ocr_best_integration\keyframes_full\v21\v21_00950s.png,success,fast
v21,Python,96,960,1577.641,10,,failed,failed
v21,Python,97,970,1577.641,10,C:\NCKH\VIDEO_LEARNING_RESEARCH\data\processed\ocr_best_integration\keyframes_full\v21\v21_00970s.png,success,fast
v21,Python,98,980,1577.641,10,C:\NCKH\VIDEO_LEARNING_RESEARCH\data\processed\ocr_best_integration\keyframes_full\v21\v21_00980s.png,success,fast
v21,Python,99,990,1577.641,10,C:\NCKH\VIDEO_LEARNING_RESEARCH\data\processed\ocr_best_integration\keyframes_full\v21\v21_00990s.png,success,fast
v21,Python,100,1000,1577.641,10,C:\NCKH\VIDEO_LEARNING_RESEARCH\data\processed\ocr_best_integration\keyframes_full\v21\v21_01000s.png,success,fast
v21,Python,101,1010,1577.641,10,C:\NCKH\VIDEO_LEARNING_RESEARCH\data\processed\ocr_best_integration\keyframes_full\v21\v21_01010s.png,success,fast
v21,Python,102,1020,1577.641,10,C:\NCKH\VIDEO_LEARNING_RESEARCH\data\processed\ocr_best_integration\keyframes_full\v21\v21_01020s.png,success,recovery
v21,Python,103,1030,1577.641,10,C:\NCKH\VIDEO_LEARNING_RESEARCH\data\processed\ocr_best_integration\keyframes_full\v21\v21_01030s.png,success,fast
v21,Python,104,1040,1577.641,10,C:\NCKH\VIDEO_LEARNING_RESEARCH\data\processed\ocr_best_integration\keyframes_full\v21\v21_01040s.png,success,fast
v21,Python,105,1050,1577.641,10,C:\NCKH\VIDEO_LEARNING_RESEARCH\data\processed\ocr_best_integration\keyframes_full\v21\v21_01050s.png,success,fast
v21,Python,106,1060,1577.641,10,C:\NCKH\VIDEO_LEARNING_RESEARCH\data\processed\ocr_best_integration\keyframes_full\v21\v21_01060s.png,success,fast
v21,Python,107,1070,1577.641,10,C:\NCKH\VIDEO_LEARNING_RESEARCH\data\processed\ocr_best_integration\keyframes_full\v21\v21_01070s.png,success,fast
v21,Python,108,1080,1577.641,10,,failed,failed
v21,Python,109,1090,1577.641,10,C:\NCKH\VIDEO_LEARNING_RESEARCH\data\processed\ocr_best_integration\keyframes_full\v21\v21_01090s.png,success,fast
v21,Python,110,1100,1577.641,10,C:\NCKH\VIDEO_LEARNING_RESEARCH\data\processed\ocr_best_integration\keyframes_full\v21\v21_01100s.png,success,fast
v21,Python,111,1110,1577.641,10,C:\NCKH\VIDEO_LEARNING_RESEARCH\data\processed\ocr_best_integration\keyframes_full\v21\v21_01110s.png,success,fast
v21,Python,112,1120,1577.641,10,C:\NCKH\VIDEO_LEARNING_RESEARCH\data\processed\ocr_best_integration\keyframes_full\v21\v21_01120s.png,success,fast
v21,Python,113,1130,1577.641,10,C:\NCKH\VIDEO_LEARNING_RESEARCH\data\processed\ocr_best_integration\keyframes_full\v21\v21_01130s.png,success,fast
v21,Python,114,1140,1577.641,10,C:\NCKH\VIDEO_LEARNING_RESEARCH\data\processed\ocr_best_integration\keyframes_full\v21\v21_01140s.png,success,recovery
v21,Python,115,1150,1577.641,10,C:\NCKH\VIDEO_LEARNING_RESEARCH\data\processed\ocr_best_integration\keyframes_full\v21\v21_01150s.png,success,fast
v21,Python,116,1160,1577.641,10,C:\NCKH\VIDEO_LEARNING_RESEARCH\data\processed\ocr_best_integration\keyframes_full\v21\v21_01160s.png,success,fast
v21,Python,117,1170,1577.641,10,C:\NCKH\VIDEO_LEARNING_RESEARCH\data\processed\ocr_best_integration\keyframes_full\v21\v21_01170s.png,success,fast
v21,Python,118,1180,1577.641,10,C:\NCKH\VIDEO_LEARNING_RESEARCH\data\processed\ocr_best_integration\keyframes_full\v21\v21_01180s.png,success,fast
v21,Python,119,1190,1577.641,10,C:\NCKH\VIDEO_LEARNING_RESEARCH\data\processed\ocr_best_integration\keyframes_full\v21\v21_01190s.png,success,fast
v21,Python,120,1200,1577.641,10,C:\NCKH\VIDEO_LEARNING_RESEARCH\data\processed\ocr_best_integration\keyframes_full\v21\v21_01200s.png,success,recovery
v21,Python,121,1210,1577.641,10,C:\NCKH\VIDEO_LEARNING_RESEARCH\data\processed\ocr_best_integration\keyframes_full\v21\v21_01210s.png,success,fast
v21,Python,122,1220,1577.641,10,C:\NCKH\VIDEO_LEARNING_RESEARCH\data\processed\ocr_best_integration\keyframes_full\v21\v21_01220s.png,success,fast
v21,Python,123,1230,1577.641,10,C:\NCKH\VIDEO_LEARNING_RESEARCH\data\processed\ocr_best_integration\keyframes_full\v21\v21_01230s.png,success,fast
v21,Python,124,1240,1577.641,10,C:\NCKH\VIDEO_LEARNING_RESEARCH\data\processed\ocr_best_integration\keyframes_full\v21\v21_01240s.png,success,fast
v21,Python,125,1250,1577.641,10,C:\NCKH\VIDEO_LEARNING_RESEARCH\data\processed\ocr_best_integration\keyframes_full\v21\v21_01250s.png,success,fast
v21,Python,126,1260,1577.641,10,,failed,failed
v21,Python,127,1270,1577.641,10,C:\NCKH\VIDEO_LEARNING_RESEARCH\data\processed\ocr_best_integration\keyframes_full\v21\v21_01270s.png,success,recovery
v21,Python,128,1280,1577.641,10,C:\NCKH\VIDEO_LEARNING_RESEARCH\data\processed\ocr_best_integration\keyframes_full\v21\v21_01280s.png,success,fast
v21,Python,129,1290,1577.641,10,C:\NCKH\VIDEO_LEARNING_RESEARCH\data\processed\ocr_best_integration\keyframes_full\v21\v21_01290s.png,success,fast
v21,Python,130,1300,1577.641,10,C:\NCKH\VIDEO_LEARNING_RESEARCH\data\processed\ocr_best_integration\keyframes_full\v21\v21_01300s.png,success,fast
v21,Python,131,1310,1577.641,10,C:\NCKH\VIDEO_LEARNING_RESEARCH\data\processed\ocr_best_integration\keyframes_full\v21\v21_01310s.png,success,fast
v21,Python,132,1320,1577.641,10,C:\NCKH\VIDEO_LEARNING_RESEARCH\data\processed\ocr_best_integration\keyframes_full\v21\v21_01320s.png,success,fast
v21,Python,133,1330,1577.641,10,,failed,failed
v21,Python,134,1340,1577.641,10,C:\NCKH\VIDEO_LEARNING_RESEARCH\data\processed\ocr_best_integration\keyframes_full\v21\v21_01340s.png,success,fast
v21,Python,135,1350,1577.641,10,C:\NCKH\VIDEO_LEARNING_RESEARCH\data\processed\ocr_best_integration\keyframes_full\v21\v21_01350s.png,success,fast
v21,Python,136,1360,1577.641,10,C:\NCKH\VIDEO_LEARNING_RESEARCH\data\processed\ocr_best_integration\keyframes_full\v21\v21_01360s.png,success,fast
v21,Python,137,1370,1577.641,10,C:\NCKH\VIDEO_LEARNING_RESEARCH\data\processed\ocr_best_integration\keyframes_full\v21\v21_01370s.png,success,fast
v21,Python,138,1380,1577.641,10,C:\NCKH\VIDEO_LEARNING_RESEARCH\data\processed\ocr_best_integration\keyframes_full\v21\v21_01380s.png,success,fast
v21,Python,139,1390,1577.641,10,C:\NCKH\VIDEO_LEARNING_RESEARCH\data\processed\ocr_best_integration\keyframes_full\v21\v21_01390s.png,success,recovery
v21,Python,140,1400,1577.641,10,C:\NCKH\VIDEO_LEARNING_RESEARCH\data\processed\ocr_best_integration\keyframes_full\v21\v21_01400s.png,success,fast
v21,Python,141,1410,1577.641,10,C:\NCKH\VIDEO_LEARNING_RESEARCH\data\processed\ocr_best_integration\keyframes_full\v21\v21_01410s.png,success,fast
v21,Python,142,1420,1577.641,10,C:\NCKH\VIDEO_LEARNING_RESEARCH\data\processed\ocr_best_integration\keyframes_full\v21\v21_01420s.png,success,fast
v21,Python,143,1430,1577.641,10,C:\NCKH\VIDEO_LEARNING_RESEARCH\data\processed\ocr_best_integration\keyframes_full\v21\v21_01430s.png,success,fast
v21,Python,144,1440,1577.641,10,C:\NCKH\VIDEO_LEARNING_RESEARCH\data\processed\ocr_best_integration\keyframes_full\v21\v21_01440s.png,success,fast
v21,Python,145,1450,1577.641,10,C:\NCKH\VIDEO_LEARNING_RESEARCH\data\processed\ocr_best_integration\keyframes_full\v21\v21_01450s.png,success,recovery
v21,Python,146,1460,1577.641,10,C:\NCKH\VIDEO_LEARNING_RESEARCH\data\processed\ocr_best_integration\keyframes_full\v21\v21_01460s.png,success,fast
v21,Python,147,1470,1577.641,10,C:\NCKH\VIDEO_LEARNING_RESEARCH\data\processed\ocr_best_integration\keyframes_full\v21\v21_01470s.png,success,fast
v21,Python,148,1480,1577.641,10,C:\NCKH\VIDEO_LEARNING_RESEARCH\data\processed\ocr_best_integration\keyframes_full\v21\v21_01480s.png,success,fast
v21,Python,149,1490,1577.641,10,C:\NCKH\VIDEO_LEARNING_RESEARCH\data\processed\ocr_best_integration\keyframes_full\v21\v21_01490s.png,success,fast
v21,Python,150,1500,1577.641,10,C:\NCKH\VIDEO_LEARNING_RESEARCH\data\processed\ocr_best_integration\keyframes_full\v21\v21_01500s.png,success,fast
v21,Python,151,1510,1577.641,10,,failed,failed
v21,Python,152,1520,1577.641,10,C:\NCKH\VIDEO_LEARNING_RESEARCH\data\processed\ocr_best_integration\keyframes_full\v21\v21_01520s.png,success,fast
v21,Python,153,1530,1577.641,10,C:\NCKH\VIDEO_LEARNING_RESEARCH\data\processed\ocr_best_integration\keyframes_full\v21\v21_01530s.png,success,fast
v21,Python,154,1540,1577.641,10,C:\NCKH\VIDEO_LEARNING_RESEARCH\data\processed\ocr_best_integration\keyframes_full\v21\v21_01540s.png,success,fast
v21,Python,155,1550,1577.641,10,C:\NCKH\VIDEO_LEARNING_RESEARCH\data\processed\ocr_best_integration\keyframes_full\v21\v21_01550s.png,success,fast
v21,Python,156,1560,1577.641,10,C:\NCKH\VIDEO_LEARNING_RESEARCH\data\processed\ocr_best_integration\keyframes_full\v21\v21_01560s.png,success,fast
v21,Python,157,1570,1577.641,10,C:\NCKH\VIDEO_LEARNING_RESEARCH\data\processed\ocr_best_integration\keyframes_full\v21\v21_01570s.png,success,recovery
v22,Python,0,0,100.741,10,C:\NCKH\VIDEO_LEARNING_RESEARCH\data\processed\ocr_best_integration\keyframes_full\v22\v22_00000s.png,success,fast
v22,Python,1,10,100.741,10,C:\NCKH\VIDEO_LEARNING_RESEARCH\data\processed\ocr_best_integration\keyframes_full\v22\v22_00010s.png,success,fast
v22,Python,2,20,100.741,10,C:\NCKH\VIDEO_LEARNING_RESEARCH\data\processed\ocr_best_integration\keyframes_full\v22\v22_00020s.png,success,fast
v22,Python,3,30,100.741,10,C:\NCKH\VIDEO_LEARNING_RESEARCH\data\processed\ocr_best_integration\keyframes_full\v22\v22_00030s.png,success,fast
v22,Python,4,40,100.741,10,C:\NCKH\VIDEO_LEARNING_RESEARCH\data\processed\ocr_best_integration\keyframes_full\v22\v22_00040s.png,success,fast
v22,Python,5,50,100.741,10,C:\NCKH\VIDEO_LEARNING_RESEARCH\data\processed\ocr_best_integration\keyframes_full\v22\v22_00050s.png,success,fast
v22,Python,6,60,100.741,10,C:\NCKH\VIDEO_LEARNING_RESEARCH\data\processed\ocr_best_integration\keyframes_full\v22\v22_00060s.png,success,recovery
v22,Python,7,70,100.741,10,C:\NCKH\VIDEO_LEARNING_RESEARCH\data\processed\ocr_best_integration\keyframes_full\v22\v22_00070s.png,success,fast
v22,Python,8,80,100.741,10,C:\NCKH\VIDEO_LEARNING_RESEARCH\data\processed\ocr_best_integration\keyframes_full\v22\v22_00080s.png,success,fast
v22,Python,9,90,100.741,10,C:\NCKH\VIDEO_LEARNING_RESEARCH\data\processed\ocr_best_integration\keyframes_full\v22\v22_00090s.png,success,fast
v23,Java,0,0,1888.261,10,C:\NCKH\VIDEO_LEARNING_RESEARCH\data\processed\ocr_best_integration\keyframes_full\v23\v23_00000s.png,success,fast
v23,Java,1,10,1888.261,10,C:\NCKH\VIDEO_LEARNING_RESEARCH\data\processed\ocr_best_integration\keyframes_full\v23\v23_00010s.png,success,fast
v23,Java,2,20,1888.261,10,C:\NCKH\VIDEO_LEARNING_RESEARCH\data\processed\ocr_best_integration\keyframes_full\v23\v23_00020s.png,success,fast
v23,Java,3,30,1888.261,10,C:\NCKH\VIDEO_LEARNING_RESEARCH\data\processed\ocr_best_integration\keyframes_full\v23\v23_00030s.png,success,fast
v23,Java,4,40,1888.261,10,C:\NCKH\VIDEO_LEARNING_RESEARCH\data\processed\ocr_best_integration\keyframes_full\v23\v23_00040s.png,success,fast
v23,Java,5,50,1888.261,10,C:\NCKH\VIDEO_LEARNING_RESEARCH\data\processed\ocr_best_integration\keyframes_full\v23\v23_00050s.png,success,fast
v23,Java,6,60,1888.261,10,C:\NCKH\VIDEO_LEARNING_RESEARCH\data\processed\ocr_best_integration\keyframes_full\v23\v23_00060s.png,success,recovery
v23,Java,7,70,1888.261,10,C:\NCKH\VIDEO_LEARNING_RESEARCH\data\processed\ocr_best_integration\keyframes_full\v23\v23_00070s.png,success,fast
v23,Java,8,80,1888.261,10,C:\NCKH\VIDEO_LEARNING_RESEARCH\data\processed\ocr_best_integration\keyframes_full\v23\v23_00080s.png,success,fast
v23,Java,9,90,1888.261,10,C:\NCKH\VIDEO_LEARNING_RESEARCH\data\processed\ocr_best_integration\keyframes_full\v23\v23_00090s.png,success,fast
v23,Java,10,100,1888.261,10,C:\NCKH\VIDEO_LEARNING_RESEARCH\data\processed\ocr_best_integration\keyframes_full\v23\v23_00100s.png,success,fast
v23,Java,11,110,1888.261,10,C:\NCKH\VIDEO_LEARNING_RESEARCH\data\processed\ocr_best_integration\keyframes_full\v23\v23_00110s.png,success,fast
v23,Java,12,120,1888.261,10,C:\NCKH\VIDEO_LEARNING_RESEARCH\data\processed\ocr_best_integration\keyframes_full\v23\v23_00120s.png,success,recovery
v23,Java,13,130,1888.261,10,C:\NCKH\VIDEO_LEARNING_RESEARCH\data\processed\ocr_best_integration\keyframes_full\v23\v23_00130s.png,success,fast
v23,Java,14,140,1888.261,10,C:\NCKH\VIDEO_LEARNING_RESEARCH\data\processed\ocr_best_integration\keyframes_full\v23\v23_00140s.png,success,fast
v23,Java,15,150,1888.261,10,C:\NCKH\VIDEO_LEARNING_RESEARCH\data\processed\ocr_best_integration\keyframes_full\v23\v23_00150s.png,success,fast
v23,Java,16,160,1888.261,10,C:\NCKH\VIDEO_LEARNING_RESEARCH\data\processed\ocr_best_integration\keyframes_full\v23\v23_00160s.png,success,fast
v23,Java,17,170,1888.261,10,C:\NCKH\VIDEO_LEARNING_RESEARCH\data\processed\ocr_best_integration\keyframes_full\v23\v23_00170s.png,success,fast
v23,Java,18,180,1888.261,10,,failed,failed
v23,Java,19,190,1888.261,10,C:\NCKH\VIDEO_LEARNING_RESEARCH\data\processed\ocr_best_integration\keyframes_full\v23\v23_00190s.png,success,fast
v23,Java,20,200,1888.261,10,C:\NCKH\VIDEO_LEARNING_RESEARCH\data\processed\ocr_best_integration\keyframes_full\v23\v23_00200s.png,success,fast
v23,Java,21,210,1888.261,10,C:\NCKH\VIDEO_LEARNING_RESEARCH\data\processed\ocr_best_integration\keyframes_full\v23\v23_00210s.png,success,fast
v23,Java,22,220,1888.261,10,C:\NCKH\VIDEO_LEARNING_RESEARCH\data\processed\ocr_best_integration\keyframes_full\v23\v23_00220s.png,success,fast
v23,Java,23,230,1888.261,10,C:\NCKH\VIDEO_LEARNING_RESEARCH\data\processed\ocr_best_integration\keyframes_full\v23\v23_00230s.png,success,fast
v23,Java,24,240,1888.261,10,C:\NCKH\VIDEO_LEARNING_RESEARCH\data\processed\ocr_best_integration\keyframes_full\v23\v23_00240s.png,success,recovery
v23,Java,25,250,1888.261,10,C:\NCKH\VIDEO_LEARNING_RESEARCH\data\processed\ocr_best_integration\keyframes_full\v23\v23_00250s.png,success,fast
v23,Java,26,260,1888.261,10,C:\NCKH\VIDEO_LEARNING_RESEARCH\data\processed\ocr_best_integration\keyframes_full\v23\v23_00260s.png,success,fast
v23,Java,27,270,1888.261,10,C:\NCKH\VIDEO_LEARNING_RESEARCH\data\processed\ocr_best_integration\keyframes_full\v23\v23_00270s.png,success,fast
v23,Java,28,280,1888.261,10,C:\NCKH\VIDEO_LEARNING_RESEARCH\data\processed\ocr_best_integration\keyframes_full\v23\v23_00280s.png,success,fast
v23,Java,29,290,1888.261,10,C:\NCKH\VIDEO_LEARNING_RESEARCH\data\processed\ocr_best_integration\keyframes_full\v23\v23_00290s.png,success,fast
v23,Java,30,300,1888.261,10,C:\NCKH\VIDEO_LEARNING_RESEARCH\data\processed\ocr_best_integration\keyframes_full\v23\v23_00300s.png,success,recovery
v23,Java,31,310,1888.261,10,C:\NCKH\VIDEO_LEARNING_RESEARCH\data\processed\ocr_best_integration\keyframes_full\v23\v23_00310s.png,success,fast
v23,Java,32,320,1888.261,10,C:\NCKH\VIDEO_LEARNING_RESEARCH\data\processed\ocr_best_integration\keyframes_full\v23\v23_00320s.png,success,fast
v23,Java,33,330,1888.261,10,C:\NCKH\VIDEO_LEARNING_RESEARCH\data\processed\ocr_best_integration\keyframes_full\v23\v23_00330s.png,success,fast
v23,Java,34,340,1888.261,10,C:\NCKH\VIDEO_LEARNING_RESEARCH\data\processed\ocr_best_integration\keyframes_full\v23\v23_00340s.png,success,fast
v23,Java,35,350,1888.261,10,C:\NCKH\VIDEO_LEARNING_RESEARCH\data\processed\ocr_best_integration\keyframes_full\v23\v23_00350s.png,success,fast
v23,Java,36,360,1888.261,10,C:\NCKH\VIDEO_LEARNING_RESEARCH\data\processed\ocr_best_integration\keyframes_full\v23\v23_00360s.png,success,recovery
v23,Java,37,370,1888.261,10,C:\NCKH\VIDEO_LEARNING_RESEARCH\data\processed\ocr_best_integration\keyframes_full\v23\v23_00370s.png,success,fast
v23,Java,38,380,1888.261,10,C:\NCKH\VIDEO_LEARNING_RESEARCH\data\processed\ocr_best_integration\keyframes_full\v23\v23_00380s.png,success,fast
v23,Java,39,390,1888.261,10,C:\NCKH\VIDEO_LEARNING_RESEARCH\data\processed\ocr_best_integration\keyframes_full\v23\v23_00390s.png,success,fast
v23,Java,40,400,1888.261,10,C:\NCKH\VIDEO_LEARNING_RESEARCH\data\processed\ocr_best_integration\keyframes_full\v23\v23_00400s.png,success,fast
v23,Java,41,410,1888.261,10,C:\NCKH\VIDEO_LEARNING_RESEARCH\data\processed\ocr_best_integration\keyframes_full\v23\v23_00410s.png,success,fast
v23,Java,42,420,1888.261,10,C:\NCKH\VIDEO_LEARNING_RESEARCH\data\processed\ocr_best_integration\keyframes_full\v23\v23_00420s.png,success,recovery
v23,Java,43,430,1888.261,10,C:\NCKH\VIDEO_LEARNING_RESEARCH\data\processed\ocr_best_integration\keyframes_full\v23\v23_00430s.png,success,fast
v23,Java,44,440,1888.261,10,C:\NCKH\VIDEO_LEARNING_RESEARCH\data\processed\ocr_best_integration\keyframes_full\v23\v23_00440s.png,success,fast
v23,Java,45,450,1888.261,10,C:\NCKH\VIDEO_LEARNING_RESEARCH\data\processed\ocr_best_integration\keyframes_full\v23\v23_00450s.png,success,fast
v23,Java,46,460,1888.261,10,C:\NCKH\VIDEO_LEARNING_RESEARCH\data\processed\ocr_best_integration\keyframes_full\v23\v23_00460s.png,success,fast
v23,Java,47,470,1888.261,10,C:\NCKH\VIDEO_LEARNING_RESEARCH\data\processed\ocr_best_integration\keyframes_full\v23\v23_00470s.png,success,fast
v23,Java,48,480,1888.261,10,C:\NCKH\VIDEO_LEARNING_RESEARCH\data\processed\ocr_best_integration\keyframes_full\v23\v23_00480s.png,success,recovery
v23,Java,49,490,1888.261,10,C:\NCKH\VIDEO_LEARNING_RESEARCH\data\processed\ocr_best_integration\keyframes_full\v23\v23_00490s.png,success,fast
v23,Java,50,500,1888.261,10,C:\NCKH\VIDEO_LEARNING_RESEARCH\data\processed\ocr_best_integration\keyframes_full\v23\v23_00500s.png,success,fast
v23,Java,51,510,1888.261,10,C:\NCKH\VIDEO_LEARNING_RESEARCH\data\processed\ocr_best_integration\keyframes_full\v23\v23_00510s.png,success,fast
v23,Java,52,520,1888.261,10,C:\NCKH\VIDEO_LEARNING_RESEARCH\data\processed\ocr_best_integration\keyframes_full\v23\v23_00520s.png,success,fast
v23,Java,53,530,1888.261,10,C:\NCKH\VIDEO_LEARNING_RESEARCH\data\processed\ocr_best_integration\keyframes_full\v23\v23_00530s.png,success,fast
v23,Java,54,540,1888.261,10,C:\NCKH\VIDEO_LEARNING_RESEARCH\data\processed\ocr_best_integration\keyframes_full\v23\v23_00540s.png,success,recovery
v23,Java,55,550,1888.261,10,C:\NCKH\VIDEO_LEARNING_RESEARCH\data\processed\ocr_best_integration\keyframes_full\v23\v23_00550s.png,success,fast
v23,Java,56,560,1888.261,10,C:\NCKH\VIDEO_LEARNING_RESEARCH\data\processed\ocr_best_integration\keyframes_full\v23\v23_00560s.png,success,fast
v23,Java,57,570,1888.261,10,C:\NCKH\VIDEO_LEARNING_RESEARCH\data\processed\ocr_best_integration\keyframes_full\v23\v23_00570s.png,success,fast
v23,Java,58,580,1888.261,10,C:\NCKH\VIDEO_LEARNING_RESEARCH\data\processed\ocr_best_integration\keyframes_full\v23\v23_00580s.png,success,fast
v23,Java,59,590,1888.261,10,C:\NCKH\VIDEO_LEARNING_RESEARCH\data\processed\ocr_best_integration\keyframes_full\v23\v23_00590s.png,success,fast
v23,Java,60,600,1888.261,10,,failed,failed
v23,Java,61,610,1888.261,10,C:\NCKH\VIDEO_LEARNING_RESEARCH\data\processed\ocr_best_integration\keyframes_full\v23\v23_00610s.png,success,recovery
v23,Java,62,620,1888.261,10,C:\NCKH\VIDEO_LEARNING_RESEARCH\data\processed\ocr_best_integration\keyframes_full\v23\v23_00620s.png,success,fast
v23,Java,63,630,1888.261,10,C:\NCKH\VIDEO_LEARNING_RESEARCH\data\processed\ocr_best_integration\keyframes_full\v23\v23_00630s.png,success,fast
v23,Java,64,640,1888.261,10,C:\NCKH\VIDEO_LEARNING_RESEARCH\data\processed\ocr_best_integration\keyframes_full\v23\v23_00640s.png,success,fast
v23,Java,65,650,1888.261,10,C:\NCKH\VIDEO_LEARNING_RESEARCH\data\processed\ocr_best_integration\keyframes_full\v23\v23_00650s.png,success,fast
v23,Java,66,660,1888.261,10,C:\NCKH\VIDEO_LEARNING_RESEARCH\data\processed\ocr_best_integration\keyframes_full\v23\v23_00660s.png,success,fast
v23,Java,67,670,1888.261,10,,failed,failed
v23,Java,68,680,1888.261,10,C:\NCKH\VIDEO_LEARNING_RESEARCH\data\processed\ocr_best_integration\keyframes_full\v23\v23_00680s.png,success,fast
v23,Java,69,690,1888.261,10,C:\NCKH\VIDEO_LEARNING_RESEARCH\data\processed\ocr_best_integration\keyframes_full\v23\v23_00690s.png,success,fast
v23,Java,70,700,1888.261,10,C:\NCKH\VIDEO_LEARNING_RESEARCH\data\processed\ocr_best_integration\keyframes_full\v23\v23_00700s.png,success,fast
v23,Java,71,710,1888.261,10,C:\NCKH\VIDEO_LEARNING_RESEARCH\data\processed\ocr_best_integration\keyframes_full\v23\v23_00710s.png,success,fast
v23,Java,72,720,1888.261,10,C:\NCKH\VIDEO_LEARNING_RESEARCH\data\processed\ocr_best_integration\keyframes_full\v23\v23_00720s.png,success,fast
v23,Java,73,730,1888.261,10,C:\NCKH\VIDEO_LEARNING_RESEARCH\data\processed\ocr_best_integration\keyframes_full\v23\v23_00730s.png,success,recovery
v23,Java,74,740,1888.261,10,C:\NCKH\VIDEO_LEARNING_RESEARCH\data\processed\ocr_best_integration\keyframes_full\v23\v23_00740s.png,success,fast
v23,Java,75,750,1888.261,10,C:\NCKH\VIDEO_LEARNING_RESEARCH\data\processed\ocr_best_integration\keyframes_full\v23\v23_00750s.png,success,fast
v23,Java,76,760,1888.261,10,C:\NCKH\VIDEO_LEARNING_RESEARCH\data\processed\ocr_best_integration\keyframes_full\v23\v23_00760s.png,success,fast
v23,Java,77,770,1888.261,10,C:\NCKH\VIDEO_LEARNING_RESEARCH\data\processed\ocr_best_integration\keyframes_full\v23\v23_00770s.png,success,fast
v23,Java,78,780,1888.261,10,C:\NCKH\VIDEO_LEARNING_RESEARCH\data\processed\ocr_best_integration\keyframes_full\v23\v23_00780s.png,success,fast
v23,Java,79,790,1888.261,10,C:\NCKH\VIDEO_LEARNING_RESEARCH\data\processed\ocr_best_integration\keyframes_full\v23\v23_00790s.png,success,recovery
v23,Java,80,800,1888.261,10,C:\NCKH\VIDEO_LEARNING_RESEARCH\data\processed\ocr_best_integration\keyframes_full\v23\v23_00800s.png,success,fast
v23,Java,81,810,1888.261,10,C:\NCKH\VIDEO_LEARNING_RESEARCH\data\processed\ocr_best_integration\keyframes_full\v23\v23_00810s.png,success,fast
v23,Java,82,820,1888.261,10,C:\NCKH\VIDEO_LEARNING_RESEARCH\data\processed\ocr_best_integration\keyframes_full\v23\v23_00820s.png,success,fast
v23,Java,83,830,1888.261,10,C:\NCKH\VIDEO_LEARNING_RESEARCH\data\processed\ocr_best_integration\keyframes_full\v23\v23_00830s.png,success,fast
v23,Java,84,840,1888.261,10,C:\NCKH\VIDEO_LEARNING_RESEARCH\data\processed\ocr_best_integration\keyframes_full\v23\v23_00840s.png,success,fast
v23,Java,85,850,1888.261,10,C:\NCKH\VIDEO_LEARNING_RESEARCH\data\processed\ocr_best_integration\keyframes_full\v23\v23_00850s.png,success,recovery
v23,Java,86,860,1888.261,10,C:\NCKH\VIDEO_LEARNING_RESEARCH\data\processed\ocr_best_integration\keyframes_full\v23\v23_00860s.png,success,fast
v23,Java,87,870,1888.261,10,C:\NCKH\VIDEO_LEARNING_RESEARCH\data\processed\ocr_best_integration\keyframes_full\v23\v23_00870s.png,success,fast
v23,Java,88,880,1888.261,10,C:\NCKH\VIDEO_LEARNING_RESEARCH\data\processed\ocr_best_integration\keyframes_full\v23\v23_00880s.png,success,fast
v23,Java,89,890,1888.261,10,C:\NCKH\VIDEO_LEARNING_RESEARCH\data\processed\ocr_best_integration\keyframes_full\v23\v23_00890s.png,success,fast
v23,Java,90,900,1888.261,10,C:\NCKH\VIDEO_LEARNING_RESEARCH\data\processed\ocr_best_integration\keyframes_full\v23\v23_00900s.png,success,fast
v23,Java,91,910,1888.261,10,C:\NCKH\VIDEO_LEARNING_RESEARCH\data\processed\ocr_best_integration\keyframes_full\v23\v23_00910s.png,success,recovery
v23,Java,92,920,1888.261,10,C:\NCKH\VIDEO_LEARNING_RESEARCH\data\processed\ocr_best_integration\keyframes_full\v23\v23_00920s.png,success,fast
v23,Java,93,930,1888.261,10,C:\NCKH\VIDEO_LEARNING_RESEARCH\data\processed\ocr_best_integration\keyframes_full\v23\v23_00930s.png,success,fast
v23,Java,94,940,1888.261,10,C:\NCKH\VIDEO_LEARNING_RESEARCH\data\processed\ocr_best_integration\keyframes_full\v23\v23_00940s.png,success,fast
v23,Java,95,950,1888.261,10,C:\NCKH\VIDEO_LEARNING_RESEARCH\data\processed\ocr_best_integration\keyframes_full\v23\v23_00950s.png,success,fast
v23,Java,96,960,1888.261,10,C:\NCKH\VIDEO_LEARNING_RESEARCH\data\processed\ocr_best_integration\keyframes_full\v23\v23_00960s.png,success,fast
v23,Java,97,970,1888.261,10,C:\NCKH\VIDEO_LEARNING_RESEARCH\data\processed\ocr_best_integration\keyframes_full\v23\v23_00970s.png,success,recovery
v23,Java,98,980,1888.261,10,C:\NCKH\VIDEO_LEARNING_RESEARCH\data\processed\ocr_best_integration\keyframes_full\v23\v23_00980s.png,success,fast
v23,Java,99,990,1888.261,10,C:\NCKH\VIDEO_LEARNING_RESEARCH\data\processed\ocr_best_integration\keyframes_full\v23\v23_00990s.png,success,fast
v23,Java,100,1000,1888.261,10,C:\NCKH\VIDEO_LEARNING_RESEARCH\data\processed\ocr_best_integration\keyframes_full\v23\v23_01000s.png,success,fast
v23,Java,101,1010,1888.261,10,C:\NCKH\VIDEO_LEARNING_RESEARCH\data\processed\ocr_best_integration\keyframes_full\v23\v23_01010s.png,success,fast
v23,Java,102,1020,1888.261,10,C:\NCKH\VIDEO_LEARNING_RESEARCH\data\processed\ocr_best_integration\keyframes_full\v23\v23_01020s.png,success,fast
v23,Java,103,1030,1888.261,10,C:\NCKH\VIDEO_LEARNING_RESEARCH\data\processed\ocr_best_integration\keyframes_full\v23\v23_01030s.png,success,recovery
v23,Java,104,1040,1888.261,10,C:\NCKH\VIDEO_LEARNING_RESEARCH\data\processed\ocr_best_integration\keyframes_full\v23\v23_01040s.png,success,fast
v23,Java,105,1050,1888.261,10,C:\NCKH\VIDEO_LEARNING_RESEARCH\data\processed\ocr_best_integration\keyframes_full\v23\v23_01050s.png,success,fast
v23,Java,106,1060,1888.261,10,C:\NCKH\VIDEO_LEARNING_RESEARCH\data\processed\ocr_best_integration\keyframes_full\v23\v23_01060s.png,success,fast
v23,Java,107,1070,1888.261,10,C:\NCKH\VIDEO_LEARNING_RESEARCH\data\processed\ocr_best_integration\keyframes_full\v23\v23_01070s.png,success,fast
v23,Java,108,1080,1888.261,10,C:\NCKH\VIDEO_LEARNING_RESEARCH\data\processed\ocr_best_integration\keyframes_full\v23\v23_01080s.png,success,fast
v23,Java,109,1090,1888.261,10,C:\NCKH\VIDEO_LEARNING_RESEARCH\data\processed\ocr_best_integration\keyframes_full\v23\v23_01090s.png,success,recovery
v23,Java,110,1100,1888.261,10,C:\NCKH\VIDEO_LEARNING_RESEARCH\data\processed\ocr_best_integration\keyframes_full\v23\v23_01100s.png,success,fast
v23,Java,111,1110,1888.261,10,C:\NCKH\VIDEO_LEARNING_RESEARCH\data\processed\ocr_best_integration\keyframes_full\v23\v23_01110s.png,success,fast
v23,Java,112,1120,1888.261,10,C:\NCKH\VIDEO_LEARNING_RESEARCH\data\processed\ocr_best_integration\keyframes_full\v23\v23_01120s.png,success,fast
v23,Java,113,1130,1888.261,10,C:\NCKH\VIDEO_LEARNING_RESEARCH\data\processed\ocr_best_integration\keyframes_full\v23\v23_01130s.png,success,fast
v23,Java,114,1140,1888.261,10,C:\NCKH\VIDEO_LEARNING_RESEARCH\data\processed\ocr_best_integration\keyframes_full\v23\v23_01140s.png,success,fast
v23,Java,115,1150,1888.261,10,C:\NCKH\VIDEO_LEARNING_RESEARCH\data\processed\ocr_best_integration\keyframes_full\v23\v23_01150s.png,success,recovery
v23,Java,116,1160,1888.261,10,C:\NCKH\VIDEO_LEARNING_RESEARCH\data\processed\ocr_best_integration\keyframes_full\v23\v23_01160s.png,success,fast
v23,Java,117,1170,1888.261,10,C:\NCKH\VIDEO_LEARNING_RESEARCH\data\processed\ocr_best_integration\keyframes_full\v23\v23_01170s.png,success,fast
v23,Java,118,1180,1888.261,10,C:\NCKH\VIDEO_LEARNING_RESEARCH\data\processed\ocr_best_integration\keyframes_full\v23\v23_01180s.png,success,fast
v23,Java,119,1190,1888.261,10,C:\NCKH\VIDEO_LEARNING_RESEARCH\data\processed\ocr_best_integration\keyframes_full\v23\v23_01190s.png,success,fast
v23,Java,120,1200,1888.261,10,C:\NCKH\VIDEO_LEARNING_RESEARCH\data\processed\ocr_best_integration\keyframes_full\v23\v23_01200s.png,success,fast
v23,Java,121,1210,1888.261,10,C:\NCKH\VIDEO_LEARNING_RESEARCH\data\processed\ocr_best_integration\keyframes_full\v23\v23_01210s.png,success,recovery
v23,Java,122,1220,1888.261,10,C:\NCKH\VIDEO_LEARNING_RESEARCH\data\processed\ocr_best_integration\keyframes_full\v23\v23_01220s.png,success,fast
v23,Java,123,1230,1888.261,10,C:\NCKH\VIDEO_LEARNING_RESEARCH\data\processed\ocr_best_integration\keyframes_full\v23\v23_01230s.png,success,fast
v23,Java,124,1240,1888.261,10,C:\NCKH\VIDEO_LEARNING_RESEARCH\data\processed\ocr_best_integration\keyframes_full\v23\v23_01240s.png,success,fast
v23,Java,125,1250,1888.261,10,C:\NCKH\VIDEO_LEARNING_RESEARCH\data\processed\ocr_best_integration\keyframes_full\v23\v23_01250s.png,success,fast
v23,Java,126,1260,1888.261,10,C:\NCKH\VIDEO_LEARNING_RESEARCH\data\processed\ocr_best_integration\keyframes_full\v23\v23_01260s.png,success,fast
v23,Java,127,1270,1888.261,10,C:\NCKH\VIDEO_LEARNING_RESEARCH\data\processed\ocr_best_integration\keyframes_full\v23\v23_01270s.png,success,recovery
v23,Java,128,1280,1888.261,10,C:\NCKH\VIDEO_LEARNING_RESEARCH\data\processed\ocr_best_integration\keyframes_full\v23\v23_01280s.png,success,fast
v23,Java,129,1290,1888.261,10,C:\NCKH\VIDEO_LEARNING_RESEARCH\data\processed\ocr_best_integration\keyframes_full\v23\v23_01290s.png,success,fast
v23,Java,130,1300,1888.261,10,C:\NCKH\VIDEO_LEARNING_RESEARCH\data\processed\ocr_best_integration\keyframes_full\v23\v23_01300s.png,success,fast
v23,Java,131,1310,1888.261,10,C:\NCKH\VIDEO_LEARNING_RESEARCH\data\processed\ocr_best_integration\keyframes_full\v23\v23_01310s.png,success,fast
v23,Java,132,1320,1888.261,10,C:\NCKH\VIDEO_LEARNING_RESEARCH\data\processed\ocr_best_integration\keyframes_full\v23\v23_01320s.png,success,fast
v23,Java,133,1330,1888.261,10,C:\NCKH\VIDEO_LEARNING_RESEARCH\data\processed\ocr_best_integration\keyframes_full\v23\v23_01330s.png,success,recovery
v23,Java,134,1340,1888.261,10,C:\NCKH\VIDEO_LEARNING_RESEARCH\data\processed\ocr_best_integration\keyframes_full\v23\v23_01340s.png,success,fast
v23,Java,135,1350,1888.261,10,C:\NCKH\VIDEO_LEARNING_RESEARCH\data\processed\ocr_best_integration\keyframes_full\v23\v23_01350s.png,success,fast
v23,Java,136,1360,1888.261,10,C:\NCKH\VIDEO_LEARNING_RESEARCH\data\processed\ocr_best_integration\keyframes_full\v23\v23_01360s.png,success,fast
v23,Java,137,1370,1888.261,10,C:\NCKH\VIDEO_LEARNING_RESEARCH\data\processed\ocr_best_integration\keyframes_full\v23\v23_01370s.png,success,fast
v23,Java,138,1380,1888.261,10,C:\NCKH\VIDEO_LEARNING_RESEARCH\data\processed\ocr_best_integration\keyframes_full\v23\v23_01380s.png,success,fast
v23,Java,139,1390,1888.261,10,C:\NCKH\VIDEO_LEARNING_RESEARCH\data\processed\ocr_best_integration\keyframes_full\v23\v23_01390s.png,success,recovery
v23,Java,140,1400,1888.261,10,C:\NCKH\VIDEO_LEARNING_RESEARCH\data\processed\ocr_best_integration\keyframes_full\v23\v23_01400s.png,success,fast
v23,Java,141,1410,1888.261,10,C:\NCKH\VIDEO_LEARNING_RESEARCH\data\processed\ocr_best_integration\keyframes_full\v23\v23_01410s.png,success,fast
v23,Java,142,1420,1888.261,10,C:\NCKH\VIDEO_LEARNING_RESEARCH\data\processed\ocr_best_integration\keyframes_full\v23\v23_01420s.png,success,fast
v23,Java,143,1430,1888.261,10,C:\NCKH\VIDEO_LEARNING_RESEARCH\data\processed\ocr_best_integration\keyframes_full\v23\v23_01430s.png,success,fast
v23,Java,144,1440,1888.261,10,C:\NCKH\VIDEO_LEARNING_RESEARCH\data\processed\ocr_best_integration\keyframes_full\v23\v23_01440s.png,success,fast
v23,Java,145,1450,1888.261,10,C:\NCKH\VIDEO_LEARNING_RESEARCH\data\processed\ocr_best_integration\keyframes_full\v23\v23_01450s.png,success,recovery
v23,Java,146,1460,1888.261,10,C:\NCKH\VIDEO_LEARNING_RESEARCH\data\processed\ocr_best_integration\keyframes_full\v23\v23_01460s.png,success,fast
v23,Java,147,1470,1888.261,10,C:\NCKH\VIDEO_LEARNING_RESEARCH\data\processed\ocr_best_integration\keyframes_full\v23\v23_01470s.png,success,fast
v23,Java,148,1480,1888.261,10,C:\NCKH\VIDEO_LEARNING_RESEARCH\data\processed\ocr_best_integration\keyframes_full\v23\v23_01480s.png,success,fast
v23,Java,149,1490,1888.261,10,C:\NCKH\VIDEO_LEARNING_RESEARCH\data\processed\ocr_best_integration\keyframes_full\v23\v23_01490s.png,success,fast
v23,Java,150,1500,1888.261,10,C:\NCKH\VIDEO_LEARNING_RESEARCH\data\processed\ocr_best_integration\keyframes_full\v23\v23_01500s.png,success,fast
v23,Java,151,1510,1888.261,10,C:\NCKH\VIDEO_LEARNING_RESEARCH\data\processed\ocr_best_integration\keyframes_full\v23\v23_01510s.png,success,recovery
v23,Java,152,1520,1888.261,10,C:\NCKH\VIDEO_LEARNING_RESEARCH\data\processed\ocr_best_integration\keyframes_full\v23\v23_01520s.png,success,fast
v23,Java,153,1530,1888.261,10,C:\NCKH\VIDEO_LEARNING_RESEARCH\data\processed\ocr_best_integration\keyframes_full\v23\v23_01530s.png,success,fast
v23,Java,154,1540,1888.261,10,C:\NCKH\VIDEO_LEARNING_RESEARCH\data\processed\ocr_best_integration\keyframes_full\v23\v23_01540s.png,success,fast
v23,Java,155,1550,1888.261,10,C:\NCKH\VIDEO_LEARNING_RESEARCH\data\processed\ocr_best_integration\keyframes_full\v23\v23_01550s.png,success,fast
v23,Java,156,1560,1888.261,10,C:\NCKH\VIDEO_LEARNING_RESEARCH\data\processed\ocr_best_integration\keyframes_full\v23\v23_01560s.png,success,fast
v23,Java,157,1570,1888.261,10,C:\NCKH\VIDEO_LEARNING_RESEARCH\data\processed\ocr_best_integration\keyframes_full\v23\v23_01570s.png,success,recovery
v23,Java,158,1580,1888.261,10,C:\NCKH\VIDEO_LEARNING_RESEARCH\data\processed\ocr_best_integration\keyframes_full\v23\v23_01580s.png,success,fast
v23,Java,159,1590,1888.261,10,C:\NCKH\VIDEO_LEARNING_RESEARCH\data\processed\ocr_best_integration\keyframes_full\v23\v23_01590s.png,success,fast
v23,Java,160,1600,1888.261,10,C:\NCKH\VIDEO_LEARNING_RESEARCH\data\processed\ocr_best_integration\keyframes_full\v23\v23_01600s.png,success,fast
v23,Java,161,1610,1888.261,10,C:\NCKH\VIDEO_LEARNING_RESEARCH\data\processed\ocr_best_integration\keyframes_full\v23\v23_01610s.png,success,fast
v23,Java,162,1620,1888.261,10,C:\NCKH\VIDEO_LEARNING_RESEARCH\data\processed\ocr_best_integration\keyframes_full\v23\v23_01620s.png,success,fast
v23,Java,163,1630,1888.261,10,C:\NCKH\VIDEO_LEARNING_RESEARCH\data\processed\ocr_best_integration\keyframes_full\v23\v23_01630s.png,success,recovery
v23,Java,164,1640,1888.261,10,C:\NCKH\VIDEO_LEARNING_RESEARCH\data\processed\ocr_best_integration\keyframes_full\v23\v23_01640s.png,success,fast
v23,Java,165,1650,1888.261,10,C:\NCKH\VIDEO_LEARNING_RESEARCH\data\processed\ocr_best_integration\keyframes_full\v23\v23_01650s.png,success,fast
v23,Java,166,1660,1888.261,10,C:\NCKH\VIDEO_LEARNING_RESEARCH\data\processed\ocr_best_integration\keyframes_full\v23\v23_01660s.png,success,fast
v23,Java,167,1670,1888.261,10,C:\NCKH\VIDEO_LEARNING_RESEARCH\data\processed\ocr_best_integration\keyframes_full\v23\v23_01670s.png,success,fast
v23,Java,168,1680,1888.261,10,C:\NCKH\VIDEO_LEARNING_RESEARCH\data\processed\ocr_best_integration\keyframes_full\v23\v23_01680s.png,success,fast
v23,Java,169,1690,1888.261,10,C:\NCKH\VIDEO_LEARNING_RESEARCH\data\processed\ocr_best_integration\keyframes_full\v23\v23_01690s.png,success,recovery
v23,Java,170,1700,1888.261,10,C:\NCKH\VIDEO_LEARNING_RESEARCH\data\processed\ocr_best_integration\keyframes_full\v23\v23_01700s.png,success,fast
v23,Java,171,1710,1888.261,10,C:\NCKH\VIDEO_LEARNING_RESEARCH\data\processed\ocr_best_integration\keyframes_full\v23\v23_01710s.png,success,fast
v23,Java,172,1720,1888.261,10,C:\NCKH\VIDEO_LEARNING_RESEARCH\data\processed\ocr_best_integration\keyframes_full\v23\v23_01720s.png,success,fast
v23,Java,173,1730,1888.261,10,C:\NCKH\VIDEO_LEARNING_RESEARCH\data\processed\ocr_best_integration\keyframes_full\v23\v23_01730s.png,success,fast
v23,Java,174,1740,1888.261,10,C:\NCKH\VIDEO_LEARNING_RESEARCH\data\processed\ocr_best_integration\keyframes_full\v23\v23_01740s.png,success,fast
v23,Java,175,1750,1888.261,10,C:\NCKH\VIDEO_LEARNING_RESEARCH\data\processed\ocr_best_integration\keyframes_full\v23\v23_01750s.png,success,recovery
v23,Java,176,1760,1888.261,10,C:\NCKH\VIDEO_LEARNING_RESEARCH\data\processed\ocr_best_integration\keyframes_full\v23\v23_01760s.png,success,fast
v23,Java,177,1770,1888.261,10,C:\NCKH\VIDEO_LEARNING_RESEARCH\data\processed\ocr_best_integration\keyframes_full\v23\v23_01770s.png,success,fast
v23,Java,178,1780,1888.261,10,C:\NCKH\VIDEO_LEARNING_RESEARCH\data\processed\ocr_best_integration\keyframes_full\v23\v23_01780s.png,success,fast
v23,Java,179,1790,1888.261,10,C:\NCKH\VIDEO_LEARNING_RESEARCH\data\processed\ocr_best_integration\keyframes_full\v23\v23_01790s.png,success,fast
v23,Java,180,1800,1888.261,10,C:\NCKH\VIDEO_LEARNING_RESEARCH\data\processed\ocr_best_integration\keyframes_full\v23\v23_01800s.png,success,fast
v23,Java,181,1810,1888.261,10,,failed,failed
v23,Java,182,1820,1888.261,10,C:\NCKH\VIDEO_LEARNING_RESEARCH\data\processed\ocr_best_integration\keyframes_full\v23\v23_01820s.png,success,fast
v23,Java,183,1830,1888.261,10,C:\NCKH\VIDEO_LEARNING_RESEARCH\data\processed\ocr_best_integration\keyframes_full\v23\v23_01830s.png,success,fast
v23,Java,184,1840,1888.261,10,C:\NCKH\VIDEO_LEARNING_RESEARCH\data\processed\ocr_best_integration\keyframes_full\v23\v23_01840s.png,success,fast
v23,Java,185,1850,1888.261,10,C:\NCKH\VIDEO_LEARNING_RESEARCH\data\processed\ocr_best_integration\keyframes_full\v23\v23_01850s.png,success,fast
v23,Java,186,1860,1888.261,10,C:\NCKH\VIDEO_LEARNING_RESEARCH\data\processed\ocr_best_integration\keyframes_full\v23\v23_01860s.png,success,fast
v23,Java,187,1870,1888.261,10,C:\NCKH\VIDEO_LEARNING_RESEARCH\data\processed\ocr_best_integration\keyframes_full\v23\v23_01870s.png,success,recovery
v23,Java,188,1880,1888.261,10,C:\NCKH\VIDEO_LEARNING_RESEARCH\data\processed\ocr_best_integration\keyframes_full\v23\v23_01880s.png,success,fast
v24,Java,0,0,664.301,10,C:\NCKH\VIDEO_LEARNING_RESEARCH\data\processed\ocr_best_integration\keyframes_full\v24\v24_00000s.png,success,fast
v24,Java,1,10,664.301,10,C:\NCKH\VIDEO_LEARNING_RESEARCH\data\processed\ocr_best_integration\keyframes_full\v24\v24_00010s.png,success,fast
v24,Java,2,20,664.301,10,C:\NCKH\VIDEO_LEARNING_RESEARCH\data\processed\ocr_best_integration\keyframes_full\v24\v24_00020s.png,success,fast
v24,Java,3,30,664.301,10,C:\NCKH\VIDEO_LEARNING_RESEARCH\data\processed\ocr_best_integration\keyframes_full\v24\v24_00030s.png,success,fast
v24,Java,4,40,664.301,10,C:\NCKH\VIDEO_LEARNING_RESEARCH\data\processed\ocr_best_integration\keyframes_full\v24\v24_00040s.png,success,fast
v24,Java,5,50,664.301,10,C:\NCKH\VIDEO_LEARNING_RESEARCH\data\processed\ocr_best_integration\keyframes_full\v24\v24_00050s.png,success,fast
v24,Java,6,60,664.301,10,,failed,failed
v24,Java,7,70,664.301,10,C:\NCKH\VIDEO_LEARNING_RESEARCH\data\processed\ocr_best_integration\keyframes_full\v24\v24_00070s.png,success,fast
v24,Java,8,80,664.301,10,C:\NCKH\VIDEO_LEARNING_RESEARCH\data\processed\ocr_best_integration\keyframes_full\v24\v24_00080s.png,success,fast
v24,Java,9,90,664.301,10,C:\NCKH\VIDEO_LEARNING_RESEARCH\data\processed\ocr_best_integration\keyframes_full\v24\v24_00090s.png,success,fast
v24,Java,10,100,664.301,10,C:\NCKH\VIDEO_LEARNING_RESEARCH\data\processed\ocr_best_integration\keyframes_full\v24\v24_00100s.png,success,fast
v24,Java,11,110,664.301,10,C:\NCKH\VIDEO_LEARNING_RESEARCH\data\processed\ocr_best_integration\keyframes_full\v24\v24_00110s.png,success,fast
v24,Java,12,120,664.301,10,C:\NCKH\VIDEO_LEARNING_RESEARCH\data\processed\ocr_best_integration\keyframes_full\v24\v24_00120s.png,success,recovery
v24,Java,13,130,664.301,10,C:\NCKH\VIDEO_LEARNING_RESEARCH\data\processed\ocr_best_integration\keyframes_full\v24\v24_00130s.png,success,fast
v24,Java,14,140,664.301,10,C:\NCKH\VIDEO_LEARNING_RESEARCH\data\processed\ocr_best_integration\keyframes_full\v24\v24_00140s.png,success,fast
v24,Java,15,150,664.301,10,C:\NCKH\VIDEO_LEARNING_RESEARCH\data\processed\ocr_best_integration\keyframes_full\v24\v24_00150s.png,success,fast
v24,Java,16,160,664.301,10,C:\NCKH\VIDEO_LEARNING_RESEARCH\data\processed\ocr_best_integration\keyframes_full\v24\v24_00160s.png,success,fast
v24,Java,17,170,664.301,10,C:\NCKH\VIDEO_LEARNING_RESEARCH\data\processed\ocr_best_integration\keyframes_full\v24\v24_00170s.png,success,fast
v24,Java,18,180,664.301,10,,failed,failed
v24,Java,19,190,664.301,10,C:\NCKH\VIDEO_LEARNING_RESEARCH\data\processed\ocr_best_integration\keyframes_full\v24\v24_00190s.png,success,fast
v24,Java,20,200,664.301,10,C:\NCKH\VIDEO_LEARNING_RESEARCH\data\processed\ocr_best_integration\keyframes_full\v24\v24_00200s.png,success,fast
v24,Java,21,210,664.301,10,C:\NCKH\VIDEO_LEARNING_RESEARCH\data\processed\ocr_best_integration\keyframes_full\v24\v24_00210s.png,success,fast
v24,Java,22,220,664.301,10,C:\NCKH\VIDEO_LEARNING_RESEARCH\data\processed\ocr_best_integration\keyframes_full\v24\v24_00220s.png,success,fast
v24,Java,23,230,664.301,10,C:\NCKH\VIDEO_LEARNING_RESEARCH\data\processed\ocr_best_integration\keyframes_full\v24\v24_00230s.png,success,fast
v24,Java,24,240,664.301,10,C:\NCKH\VIDEO_LEARNING_RESEARCH\data\processed\ocr_best_integration\keyframes_full\v24\v24_00240s.png,success,recovery
v24,Java,25,250,664.301,10,C:\NCKH\VIDEO_LEARNING_RESEARCH\data\processed\ocr_best_integration\keyframes_full\v24\v24_00250s.png,success,fast
v24,Java,26,260,664.301,10,C:\NCKH\VIDEO_LEARNING_RESEARCH\data\processed\ocr_best_integration\keyframes_full\v24\v24_00260s.png,success,fast
v24,Java,27,270,664.301,10,C:\NCKH\VIDEO_LEARNING_RESEARCH\data\processed\ocr_best_integration\keyframes_full\v24\v24_00270s.png,success,fast
v24,Java,28,280,664.301,10,C:\NCKH\VIDEO_LEARNING_RESEARCH\data\processed\ocr_best_integration\keyframes_full\v24\v24_00280s.png,success,fast
v24,Java,29,290,664.301,10,C:\NCKH\VIDEO_LEARNING_RESEARCH\data\processed\ocr_best_integration\keyframes_full\v24\v24_00290s.png,success,fast
v24,Java,30,300,664.301,10,C:\NCKH\VIDEO_LEARNING_RESEARCH\data\processed\ocr_best_integration\keyframes_full\v24\v24_00300s.png,success,recovery
v24,Java,31,310,664.301,10,C:\NCKH\VIDEO_LEARNING_RESEARCH\data\processed\ocr_best_integration\keyframes_full\v24\v24_00310s.png,success,fast
v24,Java,32,320,664.301,10,C:\NCKH\VIDEO_LEARNING_RESEARCH\data\processed\ocr_best_integration\keyframes_full\v24\v24_00320s.png,success,fast
v24,Java,33,330,664.301,10,C:\NCKH\VIDEO_LEARNING_RESEARCH\data\processed\ocr_best_integration\keyframes_full\v24\v24_00330s.png,success,fast
v24,Java,34,340,664.301,10,C:\NCKH\VIDEO_LEARNING_RESEARCH\data\processed\ocr_best_integration\keyframes_full\v24\v24_00340s.png,success,fast
v24,Java,35,350,664.301,10,C:\NCKH\VIDEO_LEARNING_RESEARCH\data\processed\ocr_best_integration\keyframes_full\v24\v24_00350s.png,success,fast
v24,Java,36,360,664.301,10,C:\NCKH\VIDEO_LEARNING_RESEARCH\data\processed\ocr_best_integration\keyframes_full\v24\v24_00360s.png,success,recovery
v24,Java,37,370,664.301,10,C:\NCKH\VIDEO_LEARNING_RESEARCH\data\processed\ocr_best_integration\keyframes_full\v24\v24_00370s.png,success,fast
v24,Java,38,380,664.301,10,C:\NCKH\VIDEO_LEARNING_RESEARCH\data\processed\ocr_best_integration\keyframes_full\v24\v24_00380s.png,success,fast
v24,Java,39,390,664.301,10,C:\NCKH\VIDEO_LEARNING_RESEARCH\data\processed\ocr_best_integration\keyframes_full\v24\v24_00390s.png,success,fast
v24,Java,40,400,664.301,10,C:\NCKH\VIDEO_LEARNING_RESEARCH\data\processed\ocr_best_integration\keyframes_full\v24\v24_00400s.png,success,fast
v24,Java,41,410,664.301,10,C:\NCKH\VIDEO_LEARNING_RESEARCH\data\processed\ocr_best_integration\keyframes_full\v24\v24_00410s.png,success,fast
v24,Java,42,420,664.301,10,C:\NCKH\VIDEO_LEARNING_RESEARCH\data\processed\ocr_best_integration\keyframes_full\v24\v24_00420s.png,success,recovery
v24,Java,43,430,664.301,10,C:\NCKH\VIDEO_LEARNING_RESEARCH\data\processed\ocr_best_integration\keyframes_full\v24\v24_00430s.png,success,fast
v24,Java,44,440,664.301,10,C:\NCKH\VIDEO_LEARNING_RESEARCH\data\processed\ocr_best_integration\keyframes_full\v24\v24_00440s.png,success,fast
v24,Java,45,450,664.301,10,C:\NCKH\VIDEO_LEARNING_RESEARCH\data\processed\ocr_best_integration\keyframes_full\v24\v24_00450s.png,success,fast
v24,Java,46,460,664.301,10,C:\NCKH\VIDEO_LEARNING_RESEARCH\data\processed\ocr_best_integration\keyframes_full\v24\v24_00460s.png,success,fast
v24,Java,47,470,664.301,10,C:\NCKH\VIDEO_LEARNING_RESEARCH\data\processed\ocr_best_integration\keyframes_full\v24\v24_00470s.png,success,fast
v24,Java,48,480,664.301,10,,failed,failed
v24,Java,49,490,664.301,10,C:\NCKH\VIDEO_LEARNING_RESEARCH\data\processed\ocr_best_integration\keyframes_full\v24\v24_00490s.png,success,fast
v24,Java,50,500,664.301,10,C:\NCKH\VIDEO_LEARNING_RESEARCH\data\processed\ocr_best_integration\keyframes_full\v24\v24_00500s.png,success,fast
v24,Java,51,510,664.301,10,C:\NCKH\VIDEO_LEARNING_RESEARCH\data\processed\ocr_best_integration\keyframes_full\v24\v24_00510s.png,success,fast
v24,Java,52,520,664.301,10,C:\NCKH\VIDEO_LEARNING_RESEARCH\data\processed\ocr_best_integration\keyframes_full\v24\v24_00520s.png,success,fast
v24,Java,53,530,664.301,10,C:\NCKH\VIDEO_LEARNING_RESEARCH\data\processed\ocr_best_integration\keyframes_full\v24\v24_00530s.png,success,fast
v24,Java,54,540,664.301,10,,failed,failed
v24,Java,55,550,664.301,10,C:\NCKH\VIDEO_LEARNING_RESEARCH\data\processed\ocr_best_integration\keyframes_full\v24\v24_00550s.png,success,fast
v24,Java,56,560,664.301,10,C:\NCKH\VIDEO_LEARNING_RESEARCH\data\processed\ocr_best_integration\keyframes_full\v24\v24_00560s.png,success,fast
v24,Java,57,570,664.301,10,C:\NCKH\VIDEO_LEARNING_RESEARCH\data\processed\ocr_best_integration\keyframes_full\v24\v24_00570s.png,success,fast
v24,Java,58,580,664.301,10,C:\NCKH\VIDEO_LEARNING_RESEARCH\data\processed\ocr_best_integration\keyframes_full\v24\v24_00580s.png,success,fast
v24,Java,59,590,664.301,10,C:\NCKH\VIDEO_LEARNING_RESEARCH\data\processed\ocr_best_integration\keyframes_full\v24\v24_00590s.png,success,fast
v24,Java,60,600,664.301,10,C:\NCKH\VIDEO_LEARNING_RESEARCH\data\processed\ocr_best_integration\keyframes_full\v24\v24_00600s.png,success,recovery
v24,Java,61,610,664.301,10,C:\NCKH\VIDEO_LEARNING_RESEARCH\data\processed\ocr_best_integration\keyframes_full\v24\v24_00610s.png,success,fast
v24,Java,62,620,664.301,10,C:\NCKH\VIDEO_LEARNING_RESEARCH\data\processed\ocr_best_integration\keyframes_full\v24\v24_00620s.png,success,fast
v24,Java,63,630,664.301,10,C:\NCKH\VIDEO_LEARNING_RESEARCH\data\processed\ocr_best_integration\keyframes_full\v24\v24_00630s.png,success,fast
v24,Java,64,640,664.301,10,C:\NCKH\VIDEO_LEARNING_RESEARCH\data\processed\ocr_best_integration\keyframes_full\v24\v24_00640s.png,success,fast
v24,Java,65,650,664.301,10,C:\NCKH\VIDEO_LEARNING_RESEARCH\data\processed\ocr_best_integration\keyframes_full\v24\v24_00650s.png,success,fast
v24,Java,66,660,664.301,10,C:\NCKH\VIDEO_LEARNING_RESEARCH\data\processed\ocr_best_integration\keyframes_full\v24\v24_00660s.png,success,recovery
v25,Java,0,0,375.401,10,C:\NCKH\VIDEO_LEARNING_RESEARCH\data\processed\ocr_best_integration\keyframes_full\v25\v25_00000s.png,success,fast
v25,Java,1,10,375.401,10,C:\NCKH\VIDEO_LEARNING_RESEARCH\data\processed\ocr_best_integration\keyframes_full\v25\v25_00010s.png,success,fast
v25,Java,2,20,375.401,10,C:\NCKH\VIDEO_LEARNING_RESEARCH\data\processed\ocr_best_integration\keyframes_full\v25\v25_00020s.png,success,fast
v25,Java,3,30,375.401,10,C:\NCKH\VIDEO_LEARNING_RESEARCH\data\processed\ocr_best_integration\keyframes_full\v25\v25_00030s.png,success,fast
v25,Java,4,40,375.401,10,C:\NCKH\VIDEO_LEARNING_RESEARCH\data\processed\ocr_best_integration\keyframes_full\v25\v25_00040s.png,success,fast
v25,Java,5,50,375.401,10,C:\NCKH\VIDEO_LEARNING_RESEARCH\data\processed\ocr_best_integration\keyframes_full\v25\v25_00050s.png,success,fast
v25,Java,6,60,375.401,10,C:\NCKH\VIDEO_LEARNING_RESEARCH\data\processed\ocr_best_integration\keyframes_full\v25\v25_00060s.png,success,recovery
v25,Java,7,70,375.401,10,C:\NCKH\VIDEO_LEARNING_RESEARCH\data\processed\ocr_best_integration\keyframes_full\v25\v25_00070s.png,success,fast
v25,Java,8,80,375.401,10,C:\NCKH\VIDEO_LEARNING_RESEARCH\data\processed\ocr_best_integration\keyframes_full\v25\v25_00080s.png,success,fast
v25,Java,9,90,375.401,10,C:\NCKH\VIDEO_LEARNING_RESEARCH\data\processed\ocr_best_integration\keyframes_full\v25\v25_00090s.png,success,fast
v25,Java,10,100,375.401,10,C:\NCKH\VIDEO_LEARNING_RESEARCH\data\processed\ocr_best_integration\keyframes_full\v25\v25_00100s.png,success,fast
v25,Java,11,110,375.401,10,C:\NCKH\VIDEO_LEARNING_RESEARCH\data\processed\ocr_best_integration\keyframes_full\v25\v25_00110s.png,success,fast
v25,Java,12,120,375.401,10,,failed,failed
v25,Java,13,130,375.401,10,C:\NCKH\VIDEO_LEARNING_RESEARCH\data\processed\ocr_best_integration\keyframes_full\v25\v25_00130s.png,success,fast
v25,Java,14,140,375.401,10,C:\NCKH\VIDEO_LEARNING_RESEARCH\data\processed\ocr_best_integration\keyframes_full\v25\v25_00140s.png,success,fast
v25,Java,15,150,375.401,10,C:\NCKH\VIDEO_LEARNING_RESEARCH\data\processed\ocr_best_integration\keyframes_full\v25\v25_00150s.png,success,fast
v25,Java,16,160,375.401,10,C:\NCKH\VIDEO_LEARNING_RESEARCH\data\processed\ocr_best_integration\keyframes_full\v25\v25_00160s.png,success,fast
v25,Java,17,170,375.401,10,C:\NCKH\VIDEO_LEARNING_RESEARCH\data\processed\ocr_best_integration\keyframes_full\v25\v25_00170s.png,success,fast
v25,Java,18,180,375.401,10,C:\NCKH\VIDEO_LEARNING_RESEARCH\data\processed\ocr_best_integration\keyframes_full\v25\v25_00180s.png,success,recovery
v25,Java,19,190,375.401,10,C:\NCKH\VIDEO_LEARNING_RESEARCH\data\processed\ocr_best_integration\keyframes_full\v25\v25_00190s.png,success,fast
v25,Java,20,200,375.401,10,C:\NCKH\VIDEO_LEARNING_RESEARCH\data\processed\ocr_best_integration\keyframes_full\v25\v25_00200s.png,success,fast
v25,Java,21,210,375.401,10,C:\NCKH\VIDEO_LEARNING_RESEARCH\data\processed\ocr_best_integration\keyframes_full\v25\v25_00210s.png,success,fast
v25,Java,22,220,375.401,10,C:\NCKH\VIDEO_LEARNING_RESEARCH\data\processed\ocr_best_integration\keyframes_full\v25\v25_00220s.png,success,fast
v25,Java,23,230,375.401,10,C:\NCKH\VIDEO_LEARNING_RESEARCH\data\processed\ocr_best_integration\keyframes_full\v25\v25_00230s.png,success,fast
v25,Java,24,240,375.401,10,,failed,failed
v25,Java,25,250,375.401,10,C:\NCKH\VIDEO_LEARNING_RESEARCH\data\processed\ocr_best_integration\keyframes_full\v25\v25_00250s.png,success,fast
v25,Java,26,260,375.401,10,C:\NCKH\VIDEO_LEARNING_RESEARCH\data\processed\ocr_best_integration\keyframes_full\v25\v25_00260s.png,success,fast
v25,Java,27,270,375.401,10,C:\NCKH\VIDEO_LEARNING_RESEARCH\data\processed\ocr_best_integration\keyframes_full\v25\v25_00270s.png,success,fast
v25,Java,28,280,375.401,10,C:\NCKH\VIDEO_LEARNING_RESEARCH\data\processed\ocr_best_integration\keyframes_full\v25\v25_00280s.png,success,fast
v25,Java,29,290,375.401,10,C:\NCKH\VIDEO_LEARNING_RESEARCH\data\processed\ocr_best_integration\keyframes_full\v25\v25_00290s.png,success,fast
v25,Java,30,300,375.401,10,C:\NCKH\VIDEO_LEARNING_RESEARCH\data\processed\ocr_best_integration\keyframes_full\v25\v25_00300s.png,success,recovery
v25,Java,31,310,375.401,10,C:\NCKH\VIDEO_LEARNING_RESEARCH\data\processed\ocr_best_integration\keyframes_full\v25\v25_00310s.png,success,fast
v25,Java,32,320,375.401,10,C:\NCKH\VIDEO_LEARNING_RESEARCH\data\processed\ocr_best_integration\keyframes_full\v25\v25_00320s.png,success,fast
v25,Java,33,330,375.401,10,C:\NCKH\VIDEO_LEARNING_RESEARCH\data\processed\ocr_best_integration\keyframes_full\v25\v25_00330s.png,success,fast
v25,Java,34,340,375.401,10,C:\NCKH\VIDEO_LEARNING_RESEARCH\data\processed\ocr_best_integration\keyframes_full\v25\v25_00340s.png,success,fast
v25,Java,35,350,375.401,10,C:\NCKH\VIDEO_LEARNING_RESEARCH\data\processed\ocr_best_integration\keyframes_full\v25\v25_00350s.png,success,fast
v25,Java,36,360,375.401,10,,failed,failed
v25,Java,37,370,375.401,10,,failed,failed
v26,Java,0,0,327.121,10,C:\NCKH\VIDEO_LEARNING_RESEARCH\data\processed\ocr_best_integration\keyframes_full\v26\v26_00000s.png,success,fast
v26,Java,1,10,327.121,10,C:\NCKH\VIDEO_LEARNING_RESEARCH\data\processed\ocr_best_integration\keyframes_full\v26\v26_00010s.png,success,fast
v26,Java,2,20,327.121,10,C:\NCKH\VIDEO_LEARNING_RESEARCH\data\processed\ocr_best_integration\keyframes_full\v26\v26_00020s.png,success,fast
v26,Java,3,30,327.121,10,C:\NCKH\VIDEO_LEARNING_RESEARCH\data\processed\ocr_best_integration\keyframes_full\v26\v26_00030s.png,success,fast
v26,Java,4,40,327.121,10,C:\NCKH\VIDEO_LEARNING_RESEARCH\data\processed\ocr_best_integration\keyframes_full\v26\v26_00040s.png,success,fast
v26,Java,5,50,327.121,10,C:\NCKH\VIDEO_LEARNING_RESEARCH\data\processed\ocr_best_integration\keyframes_full\v26\v26_00050s.png,success,fast
v26,Java,6,60,327.121,10,C:\NCKH\VIDEO_LEARNING_RESEARCH\data\processed\ocr_best_integration\keyframes_full\v26\v26_00060s.png,success,recovery
v26,Java,7,70,327.121,10,C:\NCKH\VIDEO_LEARNING_RESEARCH\data\processed\ocr_best_integration\keyframes_full\v26\v26_00070s.png,success,fast
v26,Java,8,80,327.121,10,C:\NCKH\VIDEO_LEARNING_RESEARCH\data\processed\ocr_best_integration\keyframes_full\v26\v26_00080s.png,success,fast
v26,Java,9,90,327.121,10,C:\NCKH\VIDEO_LEARNING_RESEARCH\data\processed\ocr_best_integration\keyframes_full\v26\v26_00090s.png,success,fast
v26,Java,10,100,327.121,10,C:\NCKH\VIDEO_LEARNING_RESEARCH\data\processed\ocr_best_integration\keyframes_full\v26\v26_00100s.png,success,fast
v26,Java,11,110,327.121,10,C:\NCKH\VIDEO_LEARNING_RESEARCH\data\processed\ocr_best_integration\keyframes_full\v26\v26_00110s.png,success,fast
v26,Java,12,120,327.121,10,,failed,failed
v26,Java,13,130,327.121,10,C:\NCKH\VIDEO_LEARNING_RESEARCH\data\processed\ocr_best_integration\keyframes_full\v26\v26_00130s.png,success,fast
v26,Java,14,140,327.121,10,C:\NCKH\VIDEO_LEARNING_RESEARCH\data\processed\ocr_best_integration\keyframes_full\v26\v26_00140s.png,success,fast
v26,Java,15,150,327.121,10,C:\NCKH\VIDEO_LEARNING_RESEARCH\data\processed\ocr_best_integration\keyframes_full\v26\v26_00150s.png,success,fast
v26,Java,16,160,327.121,10,C:\NCKH\VIDEO_LEARNING_RESEARCH\data\processed\ocr_best_integration\keyframes_full\v26\v26_00160s.png,success,fast
v26,Java,17,170,327.121,10,C:\NCKH\VIDEO_LEARNING_RESEARCH\data\processed\ocr_best_integration\keyframes_full\v26\v26_00170s.png,success,fast
v26,Java,18,180,327.121,10,,failed,failed
v26,Java,19,190,327.121,10,C:\NCKH\VIDEO_LEARNING_RESEARCH\data\processed\ocr_best_integration\keyframes_full\v26\v26_00190s.png,success,fast
v26,Java,20,200,327.121,10,C:\NCKH\VIDEO_LEARNING_RESEARCH\data\processed\ocr_best_integration\keyframes_full\v26\v26_00200s.png,success,fast
v26,Java,21,210,327.121,10,C:\NCKH\VIDEO_LEARNING_RESEARCH\data\processed\ocr_best_integration\keyframes_full\v26\v26_00210s.png,success,fast
v26,Java,22,220,327.121,10,C:\NCKH\VIDEO_LEARNING_RESEARCH\data\processed\ocr_best_integration\keyframes_full\v26\v26_00220s.png,success,fast
v26,Java,23,230,327.121,10,C:\NCKH\VIDEO_LEARNING_RESEARCH\data\processed\ocr_best_integration\keyframes_full\v26\v26_00230s.png,success,fast
v26,Java,24,240,327.121,10,C:\NCKH\VIDEO_LEARNING_RESEARCH\data\processed\ocr_best_integration\keyframes_full\v26\v26_00240s.png,success,recovery
v26,Java,25,250,327.121,10,C:\NCKH\VIDEO_LEARNING_RESEARCH\data\processed\ocr_best_integration\keyframes_full\v26\v26_00250s.png,success,fast
v26,Java,26,260,327.121,10,C:\NCKH\VIDEO_LEARNING_RESEARCH\data\processed\ocr_best_integration\keyframes_full\v26\v26_00260s.png,success,fast
v26,Java,27,270,327.121,10,C:\NCKH\VIDEO_LEARNING_RESEARCH\data\processed\ocr_best_integration\keyframes_full\v26\v26_00270s.png,success,fast
v26,Java,28,280,327.121,10,C:\NCKH\VIDEO_LEARNING_RESEARCH\data\processed\ocr_best_integration\keyframes_full\v26\v26_00280s.png,success,fast
v26,Java,29,290,327.121,10,C:\NCKH\VIDEO_LEARNING_RESEARCH\data\processed\ocr_best_integration\keyframes_full\v26\v26_00290s.png,success,fast
v26,Java,30,300,327.121,10,C:\NCKH\VIDEO_LEARNING_RESEARCH\data\processed\ocr_best_integration\keyframes_full\v26\v26_00300s.png,success,recovery
v26,Java,31,310,327.121,10,C:\NCKH\VIDEO_LEARNING_RESEARCH\data\processed\ocr_best_integration\keyframes_full\v26\v26_00310s.png,success,fast
v26,Java,32,320,327.121,10,C:\NCKH\VIDEO_LEARNING_RESEARCH\data\processed\ocr_best_integration\keyframes_full\v26\v26_00320s.png,success,fast
v27,Java,0,0,525.8855328798186,10,C:\NCKH\VIDEO_LEARNING_RESEARCH\data\processed\ocr_best_integration\keyframes_full\v27\v27_00000s.png,success,fast
v27,Java,1,10,525.8855328798186,10,C:\NCKH\VIDEO_LEARNING_RESEARCH\data\processed\ocr_best_integration\keyframes_full\v27\v27_00010s.png,success,fast
v27,Java,2,20,525.8855328798186,10,C:\NCKH\VIDEO_LEARNING_RESEARCH\data\processed\ocr_best_integration\keyframes_full\v27\v27_00020s.png,success,fast
v27,Java,3,30,525.8855328798186,10,C:\NCKH\VIDEO_LEARNING_RESEARCH\data\processed\ocr_best_integration\keyframes_full\v27\v27_00030s.png,success,fast
v27,Java,4,40,525.8855328798186,10,C:\NCKH\VIDEO_LEARNING_RESEARCH\data\processed\ocr_best_integration\keyframes_full\v27\v27_00040s.png,success,fast
v27,Java,5,50,525.8855328798186,10,C:\NCKH\VIDEO_LEARNING_RESEARCH\data\processed\ocr_best_integration\keyframes_full\v27\v27_00050s.png,success,fast
v27,Java,6,60,525.8855328798186,10,C:\NCKH\VIDEO_LEARNING_RESEARCH\data\processed\ocr_best_integration\keyframes_full\v27\v27_00060s.png,success,recovery
v27,Java,7,70,525.8855328798186,10,C:\NCKH\VIDEO_LEARNING_RESEARCH\data\processed\ocr_best_integration\keyframes_full\v27\v27_00070s.png,success,fast
v27,Java,8,80,525.8855328798186,10,C:\NCKH\VIDEO_LEARNING_RESEARCH\data\processed\ocr_best_integration\keyframes_full\v27\v27_00080s.png,success,fast
v27,Java,9,90,525.8855328798186,10,C:\NCKH\VIDEO_LEARNING_RESEARCH\data\processed\ocr_best_integration\keyframes_full\v27\v27_00090s.png,success,fast
v27,Java,10,100,525.8855328798186,10,C:\NCKH\VIDEO_LEARNING_RESEARCH\data\processed\ocr_best_integration\keyframes_full\v27\v27_00100s.png,success,fast
v27,Java,11,110,525.8855328798186,10,C:\NCKH\VIDEO_LEARNING_RESEARCH\data\processed\ocr_best_integration\keyframes_full\v27\v27_00110s.png,success,fast
v27,Java,12,120,525.8855328798186,10,C:\NCKH\VIDEO_LEARNING_RESEARCH\data\processed\ocr_best_integration\keyframes_full\v27\v27_00120s.png,success,recovery
v27,Java,13,130,525.8855328798186,10,C:\NCKH\VIDEO_LEARNING_RESEARCH\data\processed\ocr_best_integration\keyframes_full\v27\v27_00130s.png,success,fast
v27,Java,14,140,525.8855328798186,10,C:\NCKH\VIDEO_LEARNING_RESEARCH\data\processed\ocr_best_integration\keyframes_full\v27\v27_00140s.png,success,fast
v27,Java,15,150,525.8855328798186,10,C:\NCKH\VIDEO_LEARNING_RESEARCH\data\processed\ocr_best_integration\keyframes_full\v27\v27_00150s.png,success,fast
v27,Java,16,160,525.8855328798186,10,C:\NCKH\VIDEO_LEARNING_RESEARCH\data\processed\ocr_best_integration\keyframes_full\v27\v27_00160s.png,success,fast
v27,Java,17,170,525.8855328798186,10,C:\NCKH\VIDEO_LEARNING_RESEARCH\data\processed\ocr_best_integration\keyframes_full\v27\v27_00170s.png,success,fast
v27,Java,18,180,525.8855328798186,10,C:\NCKH\VIDEO_LEARNING_RESEARCH\data\processed\ocr_best_integration\keyframes_full\v27\v27_00180s.png,success,recovery
v27,Java,19,190,525.8855328798186,10,C:\NCKH\VIDEO_LEARNING_RESEARCH\data\processed\ocr_best_integration\keyframes_full\v27\v27_00190s.png,success,fast
v27,Java,20,200,525.8855328798186,10,C:\NCKH\VIDEO_LEARNING_RESEARCH\data\processed\ocr_best_integration\keyframes_full\v27\v27_00200s.png,success,fast
v27,Java,21,210,525.8855328798186,10,C:\NCKH\VIDEO_LEARNING_RESEARCH\data\processed\ocr_best_integration\keyframes_full\v27\v27_00210s.png,success,fast
v27,Java,22,220,525.8855328798186,10,C:\NCKH\VIDEO_LEARNING_RESEARCH\data\processed\ocr_best_integration\keyframes_full\v27\v27_00220s.png,success,fast
v27,Java,23,230,525.8855328798186,10,C:\NCKH\VIDEO_LEARNING_RESEARCH\data\processed\ocr_best_integration\keyframes_full\v27\v27_00230s.png,success,fast
v27,Java,24,240,525.8855328798186,10,C:\NCKH\VIDEO_LEARNING_RESEARCH\data\processed\ocr_best_integration\keyframes_full\v27\v27_00240s.png,success,recovery
v27,Java,25,250,525.8855328798186,10,C:\NCKH\VIDEO_LEARNING_RESEARCH\data\processed\ocr_best_integration\keyframes_full\v27\v27_00250s.png,success,fast
v27,Java,26,260,525.8855328798186,10,C:\NCKH\VIDEO_LEARNING_RESEARCH\data\processed\ocr_best_integration\keyframes_full\v27\v27_00260s.png,success,fast
v27,Java,27,270,525.8855328798186,10,C:\NCKH\VIDEO_LEARNING_RESEARCH\data\processed\ocr_best_integration\keyframes_full\v27\v27_00270s.png,success,fast
v27,Java,28,280,525.8855328798186,10,C:\NCKH\VIDEO_LEARNING_RESEARCH\data\processed\ocr_best_integration\keyframes_full\v27\v27_00280s.png,success,fast
v27,Java,29,290,525.8855328798186,10,C:\NCKH\VIDEO_LEARNING_RESEARCH\data\processed\ocr_best_integration\keyframes_full\v27\v27_00290s.png,success,fast
v27,Java,30,300,525.8855328798186,10,,failed,failed
v27,Java,31,310,525.8855328798186,10,C:\NCKH\VIDEO_LEARNING_RESEARCH\data\processed\ocr_best_integration\keyframes_full\v27\v27_00310s.png,success,fast
v27,Java,32,320,525.8855328798186,10,C:\NCKH\VIDEO_LEARNING_RESEARCH\data\processed\ocr_best_integration\keyframes_full\v27\v27_00320s.png,success,fast
v27,Java,33,330,525.8855328798186,10,C:\NCKH\VIDEO_LEARNING_RESEARCH\data\processed\ocr_best_integration\keyframes_full\v27\v27_00330s.png,success,fast
v27,Java,34,340,525.8855328798186,10,C:\NCKH\VIDEO_LEARNING_RESEARCH\data\processed\ocr_best_integration\keyframes_full\v27\v27_00340s.png,success,fast
v27,Java,35,350,525.8855328798186,10,C:\NCKH\VIDEO_LEARNING_RESEARCH\data\processed\ocr_best_integration\keyframes_full\v27\v27_00350s.png,success,fast
v27,Java,36,360,525.8855328798186,10,,failed,failed
v27,Java,37,370,525.8855328798186,10,C:\NCKH\VIDEO_LEARNING_RESEARCH\data\processed\ocr_best_integration\keyframes_full\v27\v27_00370s.png,success,recovery
v27,Java,38,380,525.8855328798186,10,C:\NCKH\VIDEO_LEARNING_RESEARCH\data\processed\ocr_best_integration\keyframes_full\v27\v27_00380s.png,success,fast
v27,Java,39,390,525.8855328798186,10,C:\NCKH\VIDEO_LEARNING_RESEARCH\data\processed\ocr_best_integration\keyframes_full\v27\v27_00390s.png,success,fast
v27,Java,40,400,525.8855328798186,10,C:\NCKH\VIDEO_LEARNING_RESEARCH\data\processed\ocr_best_integration\keyframes_full\v27\v27_00400s.png,success,fast
v27,Java,41,410,525.8855328798186,10,C:\NCKH\VIDEO_LEARNING_RESEARCH\data\processed\ocr_best_integration\keyframes_full\v27\v27_00410s.png,success,fast
v27,Java,42,420,525.8855328798186,10,C:\NCKH\VIDEO_LEARNING_RESEARCH\data\processed\ocr_best_integration\keyframes_full\v27\v27_00420s.png,success,fast
v27,Java,43,430,525.8855328798186,10,C:\NCKH\VIDEO_LEARNING_RESEARCH\data\processed\ocr_best_integration\keyframes_full\v27\v27_00430s.png,success,recovery
v27,Java,44,440,525.8855328798186,10,C:\NCKH\VIDEO_LEARNING_RESEARCH\data\processed\ocr_best_integration\keyframes_full\v27\v27_00440s.png,success,fast
v27,Java,45,450,525.8855328798186,10,C:\NCKH\VIDEO_LEARNING_RESEARCH\data\processed\ocr_best_integration\keyframes_full\v27\v27_00450s.png,success,fast
v27,Java,46,460,525.8855328798186,10,C:\NCKH\VIDEO_LEARNING_RESEARCH\data\processed\ocr_best_integration\keyframes_full\v27\v27_00460s.png,success,fast
v27,Java,47,470,525.8855328798186,10,C:\NCKH\VIDEO_LEARNING_RESEARCH\data\processed\ocr_best_integration\keyframes_full\v27\v27_00470s.png,success,fast
v27,Java,48,480,525.8855328798186,10,C:\NCKH\VIDEO_LEARNING_RESEARCH\data\processed\ocr_best_integration\keyframes_full\v27\v27_00480s.png,success,fast
v27,Java,49,490,525.8855328798186,10,C:\NCKH\VIDEO_LEARNING_RESEARCH\data\processed\ocr_best_integration\keyframes_full\v27\v27_00490s.png,success,recovery
v27,Java,50,500,525.8855328798186,10,C:\NCKH\VIDEO_LEARNING_RESEARCH\data\processed\ocr_best_integration\keyframes_full\v27\v27_00500s.png,success,fast
v27,Java,51,510,525.8855328798186,10,C:\NCKH\VIDEO_LEARNING_RESEARCH\data\processed\ocr_best_integration\keyframes_full\v27\v27_00510s.png,success,fast
v27,Java,52,520,525.8855328798186,10,C:\NCKH\VIDEO_LEARNING_RESEARCH\data\processed\ocr_best_integration\keyframes_full\v27\v27_00520s.png,success,fast
v28,Java,0,0,853.861,10,C:\NCKH\VIDEO_LEARNING_RESEARCH\data\processed\ocr_best_integration\keyframes_full\v28\v28_00000s.png,success,fast
v28,Java,1,10,853.861,10,C:\NCKH\VIDEO_LEARNING_RESEARCH\data\processed\ocr_best_integration\keyframes_full\v28\v28_00010s.png,success,fast
v28,Java,2,20,853.861,10,C:\NCKH\VIDEO_LEARNING_RESEARCH\data\processed\ocr_best_integration\keyframes_full\v28\v28_00020s.png,success,fast
v28,Java,3,30,853.861,10,C:\NCKH\VIDEO_LEARNING_RESEARCH\data\processed\ocr_best_integration\keyframes_full\v28\v28_00030s.png,success,fast
v28,Java,4,40,853.861,10,C:\NCKH\VIDEO_LEARNING_RESEARCH\data\processed\ocr_best_integration\keyframes_full\v28\v28_00040s.png,success,fast
v28,Java,5,50,853.861,10,C:\NCKH\VIDEO_LEARNING_RESEARCH\data\processed\ocr_best_integration\keyframes_full\v28\v28_00050s.png,success,fast
v28,Java,6,60,853.861,10,C:\NCKH\VIDEO_LEARNING_RESEARCH\data\processed\ocr_best_integration\keyframes_full\v28\v28_00060s.png,success,recovery
v28,Java,7,70,853.861,10,C:\NCKH\VIDEO_LEARNING_RESEARCH\data\processed\ocr_best_integration\keyframes_full\v28\v28_00070s.png,success,fast
v28,Java,8,80,853.861,10,C:\NCKH\VIDEO_LEARNING_RESEARCH\data\processed\ocr_best_integration\keyframes_full\v28\v28_00080s.png,success,fast
v28,Java,9,90,853.861,10,C:\NCKH\VIDEO_LEARNING_RESEARCH\data\processed\ocr_best_integration\keyframes_full\v28\v28_00090s.png,success,fast
v28,Java,10,100,853.861,10,C:\NCKH\VIDEO_LEARNING_RESEARCH\data\processed\ocr_best_integration\keyframes_full\v28\v28_00100s.png,success,fast
v28,Java,11,110,853.861,10,C:\NCKH\VIDEO_LEARNING_RESEARCH\data\processed\ocr_best_integration\keyframes_full\v28\v28_00110s.png,success,fast
v28,Java,12,120,853.861,10,,failed,failed
v28,Java,13,130,853.861,10,C:\NCKH\VIDEO_LEARNING_RESEARCH\data\processed\ocr_best_integration\keyframes_full\v28\v28_00130s.png,success,fast
v28,Java,14,140,853.861,10,C:\NCKH\VIDEO_LEARNING_RESEARCH\data\processed\ocr_best_integration\keyframes_full\v28\v28_00140s.png,success,fast
v28,Java,15,150,853.861,10,C:\NCKH\VIDEO_LEARNING_RESEARCH\data\processed\ocr_best_integration\keyframes_full\v28\v28_00150s.png,success,fast
v28,Java,16,160,853.861,10,C:\NCKH\VIDEO_LEARNING_RESEARCH\data\processed\ocr_best_integration\keyframes_full\v28\v28_00160s.png,success,fast
v28,Java,17,170,853.861,10,C:\NCKH\VIDEO_LEARNING_RESEARCH\data\processed\ocr_best_integration\keyframes_full\v28\v28_00170s.png,success,fast
v28,Java,18,180,853.861,10,C:\NCKH\VIDEO_LEARNING_RESEARCH\data\processed\ocr_best_integration\keyframes_full\v28\v28_00180s.png,success,recovery
v28,Java,19,190,853.861,10,C:\NCKH\VIDEO_LEARNING_RESEARCH\data\processed\ocr_best_integration\keyframes_full\v28\v28_00190s.png,success,fast
v28,Java,20,200,853.861,10,C:\NCKH\VIDEO_LEARNING_RESEARCH\data\processed\ocr_best_integration\keyframes_full\v28\v28_00200s.png,success,fast
v28,Java,21,210,853.861,10,C:\NCKH\VIDEO_LEARNING_RESEARCH\data\processed\ocr_best_integration\keyframes_full\v28\v28_00210s.png,success,fast
v28,Java,22,220,853.861,10,C:\NCKH\VIDEO_LEARNING_RESEARCH\data\processed\ocr_best_integration\keyframes_full\v28\v28_00220s.png,success,fast
v28,Java,23,230,853.861,10,C:\NCKH\VIDEO_LEARNING_RESEARCH\data\processed\ocr_best_integration\keyframes_full\v28\v28_00230s.png,success,fast
v28,Java,24,240,853.861,10,C:\NCKH\VIDEO_LEARNING_RESEARCH\data\processed\ocr_best_integration\keyframes_full\v28\v28_00240s.png,success,recovery
v28,Java,25,250,853.861,10,C:\NCKH\VIDEO_LEARNING_RESEARCH\data\processed\ocr_best_integration\keyframes_full\v28\v28_00250s.png,success,fast
v28,Java,26,260,853.861,10,C:\NCKH\VIDEO_LEARNING_RESEARCH\data\processed\ocr_best_integration\keyframes_full\v28\v28_00260s.png,success,fast
v28,Java,27,270,853.861,10,C:\NCKH\VIDEO_LEARNING_RESEARCH\data\processed\ocr_best_integration\keyframes_full\v28\v28_00270s.png,success,fast
v28,Java,28,280,853.861,10,C:\NCKH\VIDEO_LEARNING_RESEARCH\data\processed\ocr_best_integration\keyframes_full\v28\v28_00280s.png,success,fast
v28,Java,29,290,853.861,10,C:\NCKH\VIDEO_LEARNING_RESEARCH\data\processed\ocr_best_integration\keyframes_full\v28\v28_00290s.png,success,fast
v28,Java,30,300,853.861,10,C:\NCKH\VIDEO_LEARNING_RESEARCH\data\processed\ocr_best_integration\keyframes_full\v28\v28_00300s.png,success,recovery
v28,Java,31,310,853.861,10,C:\NCKH\VIDEO_LEARNING_RESEARCH\data\processed\ocr_best_integration\keyframes_full\v28\v28_00310s.png,success,fast
v28,Java,32,320,853.861,10,C:\NCKH\VIDEO_LEARNING_RESEARCH\data\processed\ocr_best_integration\keyframes_full\v28\v28_00320s.png,success,fast
v28,Java,33,330,853.861,10,C:\NCKH\VIDEO_LEARNING_RESEARCH\data\processed\ocr_best_integration\keyframes_full\v28\v28_00330s.png,success,fast
v28,Java,34,340,853.861,10,C:\NCKH\VIDEO_LEARNING_RESEARCH\data\processed\ocr_best_integration\keyframes_full\v28\v28_00340s.png,success,fast
v28,Java,35,350,853.861,10,C:\NCKH\VIDEO_LEARNING_RESEARCH\data\processed\ocr_best_integration\keyframes_full\v28\v28_00350s.png,success,fast
v28,Java,36,360,853.861,10,C:\NCKH\VIDEO_LEARNING_RESEARCH\data\processed\ocr_best_integration\keyframes_full\v28\v28_00360s.png,success,recovery
v28,Java,37,370,853.861,10,C:\NCKH\VIDEO_LEARNING_RESEARCH\data\processed\ocr_best_integration\keyframes_full\v28\v28_00370s.png,success,fast
v28,Java,38,380,853.861,10,C:\NCKH\VIDEO_LEARNING_RESEARCH\data\processed\ocr_best_integration\keyframes_full\v28\v28_00380s.png,success,fast
v28,Java,39,390,853.861,10,C:\NCKH\VIDEO_LEARNING_RESEARCH\data\processed\ocr_best_integration\keyframes_full\v28\v28_00390s.png,success,fast
v28,Java,40,400,853.861,10,C:\NCKH\VIDEO_LEARNING_RESEARCH\data\processed\ocr_best_integration\keyframes_full\v28\v28_00400s.png,success,fast
v28,Java,41,410,853.861,10,C:\NCKH\VIDEO_LEARNING_RESEARCH\data\processed\ocr_best_integration\keyframes_full\v28\v28_00410s.png,success,fast
v28,Java,42,420,853.861,10,C:\NCKH\VIDEO_LEARNING_RESEARCH\data\processed\ocr_best_integration\keyframes_full\v28\v28_00420s.png,success,recovery
v28,Java,43,430,853.861,10,C:\NCKH\VIDEO_LEARNING_RESEARCH\data\processed\ocr_best_integration\keyframes_full\v28\v28_00430s.png,success,fast
v28,Java,44,440,853.861,10,C:\NCKH\VIDEO_LEARNING_RESEARCH\data\processed\ocr_best_integration\keyframes_full\v28\v28_00440s.png,success,fast
v28,Java,45,450,853.861,10,C:\NCKH\VIDEO_LEARNING_RESEARCH\data\processed\ocr_best_integration\keyframes_full\v28\v28_00450s.png,success,fast
v28,Java,46,460,853.861,10,C:\NCKH\VIDEO_LEARNING_RESEARCH\data\processed\ocr_best_integration\keyframes_full\v28\v28_00460s.png,success,fast
v28,Java,47,470,853.861,10,C:\NCKH\VIDEO_LEARNING_RESEARCH\data\processed\ocr_best_integration\keyframes_full\v28\v28_00470s.png,success,fast
v28,Java,48,480,853.861,10,,failed,failed
v28,Java,49,490,853.861,10,C:\NCKH\VIDEO_LEARNING_RESEARCH\data\processed\ocr_best_integration\keyframes_full\v28\v28_00490s.png,success,fast
v28,Java,50,500,853.861,10,C:\NCKH\VIDEO_LEARNING_RESEARCH\data\processed\ocr_best_integration\keyframes_full\v28\v28_00500s.png,success,fast
v28,Java,51,510,853.861,10,C:\NCKH\VIDEO_LEARNING_RESEARCH\data\processed\ocr_best_integration\keyframes_full\v28\v28_00510s.png,success,fast
v28,Java,52,520,853.861,10,C:\NCKH\VIDEO_LEARNING_RESEARCH\data\processed\ocr_best_integration\keyframes_full\v28\v28_00520s.png,success,fast
v28,Java,53,530,853.861,10,C:\NCKH\VIDEO_LEARNING_RESEARCH\data\processed\ocr_best_integration\keyframes_full\v28\v28_00530s.png,success,fast
v28,Java,54,540,853.861,10,C:\NCKH\VIDEO_LEARNING_RESEARCH\data\processed\ocr_best_integration\keyframes_full\v28\v28_00540s.png,success,recovery
v28,Java,55,550,853.861,10,C:\NCKH\VIDEO_LEARNING_RESEARCH\data\processed\ocr_best_integration\keyframes_full\v28\v28_00550s.png,success,fast
v28,Java,56,560,853.861,10,C:\NCKH\VIDEO_LEARNING_RESEARCH\data\processed\ocr_best_integration\keyframes_full\v28\v28_00560s.png,success,fast
v28,Java,57,570,853.861,10,C:\NCKH\VIDEO_LEARNING_RESEARCH\data\processed\ocr_best_integration\keyframes_full\v28\v28_00570s.png,success,fast
v28,Java,58,580,853.861,10,C:\NCKH\VIDEO_LEARNING_RESEARCH\data\processed\ocr_best_integration\keyframes_full\v28\v28_00580s.png,success,fast
v28,Java,59,590,853.861,10,C:\NCKH\VIDEO_LEARNING_RESEARCH\data\processed\ocr_best_integration\keyframes_full\v28\v28_00590s.png,success,fast
v28,Java,60,600,853.861,10,C:\NCKH\VIDEO_LEARNING_RESEARCH\data\processed\ocr_best_integration\keyframes_full\v28\v28_00600s.png,success,recovery
v28,Java,61,610,853.861,10,C:\NCKH\VIDEO_LEARNING_RESEARCH\data\processed\ocr_best_integration\keyframes_full\v28\v28_00610s.png,success,fast
v28,Java,62,620,853.861,10,C:\NCKH\VIDEO_LEARNING_RESEARCH\data\processed\ocr_best_integration\keyframes_full\v28\v28_00620s.png,success,fast
v28,Java,63,630,853.861,10,C:\NCKH\VIDEO_LEARNING_RESEARCH\data\processed\ocr_best_integration\keyframes_full\v28\v28_00630s.png,success,fast
v28,Java,64,640,853.861,10,C:\NCKH\VIDEO_LEARNING_RESEARCH\data\processed\ocr_best_integration\keyframes_full\v28\v28_00640s.png,success,fast
v28,Java,65,650,853.861,10,C:\NCKH\VIDEO_LEARNING_RESEARCH\data\processed\ocr_best_integration\keyframes_full\v28\v28_00650s.png,success,fast
v28,Java,66,660,853.861,10,C:\NCKH\VIDEO_LEARNING_RESEARCH\data\processed\ocr_best_integration\keyframes_full\v28\v28_00660s.png,success,recovery
v28,Java,67,670,853.861,10,C:\NCKH\VIDEO_LEARNING_RESEARCH\data\processed\ocr_best_integration\keyframes_full\v28\v28_00670s.png,success,fast
v28,Java,68,680,853.861,10,C:\NCKH\VIDEO_LEARNING_RESEARCH\data\processed\ocr_best_integration\keyframes_full\v28\v28_00680s.png,success,fast
v28,Java,69,690,853.861,10,C:\NCKH\VIDEO_LEARNING_RESEARCH\data\processed\ocr_best_integration\keyframes_full\v28\v28_00690s.png,success,fast
v28,Java,70,700,853.861,10,C:\NCKH\VIDEO_LEARNING_RESEARCH\data\processed\ocr_best_integration\keyframes_full\v28\v28_00700s.png,success,fast
v28,Java,71,710,853.861,10,C:\NCKH\VIDEO_LEARNING_RESEARCH\data\processed\ocr_best_integration\keyframes_full\v28\v28_00710s.png,success,fast
v28,Java,72,720,853.861,10,C:\NCKH\VIDEO_LEARNING_RESEARCH\data\processed\ocr_best_integration\keyframes_full\v28\v28_00720s.png,success,recovery
v28,Java,73,730,853.861,10,C:\NCKH\VIDEO_LEARNING_RESEARCH\data\processed\ocr_best_integration\keyframes_full\v28\v28_00730s.png,success,fast
v28,Java,74,740,853.861,10,C:\NCKH\VIDEO_LEARNING_RESEARCH\data\processed\ocr_best_integration\keyframes_full\v28\v28_00740s.png,success,fast
v28,Java,75,750,853.861,10,C:\NCKH\VIDEO_LEARNING_RESEARCH\data\processed\ocr_best_integration\keyframes_full\v28\v28_00750s.png,success,fast
v28,Java,76,760,853.861,10,C:\NCKH\VIDEO_LEARNING_RESEARCH\data\processed\ocr_best_integration\keyframes_full\v28\v28_00760s.png,success,fast
v28,Java,77,770,853.861,10,C:\NCKH\VIDEO_LEARNING_RESEARCH\data\processed\ocr_best_integration\keyframes_full\v28\v28_00770s.png,success,fast
v28,Java,78,780,853.861,10,C:\NCKH\VIDEO_LEARNING_RESEARCH\data\processed\ocr_best_integration\keyframes_full\v28\v28_00780s.png,success,recovery
v28,Java,79,790,853.861,10,C:\NCKH\VIDEO_LEARNING_RESEARCH\data\processed\ocr_best_integration\keyframes_full\v28\v28_00790s.png,success,fast
v28,Java,80,800,853.861,10,C:\NCKH\VIDEO_LEARNING_RESEARCH\data\processed\ocr_best_integration\keyframes_full\v28\v28_00800s.png,success,fast
v28,Java,81,810,853.861,10,C:\NCKH\VIDEO_LEARNING_RESEARCH\data\processed\ocr_best_integration\keyframes_full\v28\v28_00810s.png,success,fast
v28,Java,82,820,853.861,10,C:\NCKH\VIDEO_LEARNING_RESEARCH\data\processed\ocr_best_integration\keyframes_full\v28\v28_00820s.png,success,fast
v28,Java,83,830,853.861,10,C:\NCKH\VIDEO_LEARNING_RESEARCH\data\processed\ocr_best_integration\keyframes_full\v28\v28_00830s.png,success,fast
v28,Java,84,840,853.861,10,C:\NCKH\VIDEO_LEARNING_RESEARCH\data\processed\ocr_best_integration\keyframes_full\v28\v28_00840s.png,success,recovery
v28,Java,85,850,853.861,10,C:\NCKH\VIDEO_LEARNING_RESEARCH\data\processed\ocr_best_integration\keyframes_full\v28\v28_00850s.png,success,fast
v29,Java,0,0,534.981,10,C:\NCKH\VIDEO_LEARNING_RESEARCH\data\processed\ocr_best_integration\keyframes_full\v29\v29_00000s.png,success,fast
v29,Java,1,10,534.981,10,C:\NCKH\VIDEO_LEARNING_RESEARCH\data\processed\ocr_best_integration\keyframes_full\v29\v29_00010s.png,success,fast
v29,Java,2,20,534.981,10,C:\NCKH\VIDEO_LEARNING_RESEARCH\data\processed\ocr_best_integration\keyframes_full\v29\v29_00020s.png,success,fast
v29,Java,3,30,534.981,10,C:\NCKH\VIDEO_LEARNING_RESEARCH\data\processed\ocr_best_integration\keyframes_full\v29\v29_00030s.png,success,fast
v29,Java,4,40,534.981,10,C:\NCKH\VIDEO_LEARNING_RESEARCH\data\processed\ocr_best_integration\keyframes_full\v29\v29_00040s.png,success,fast
v29,Java,5,50,534.981,10,C:\NCKH\VIDEO_LEARNING_RESEARCH\data\processed\ocr_best_integration\keyframes_full\v29\v29_00050s.png,success,fast
v29,Java,6,60,534.981,10,C:\NCKH\VIDEO_LEARNING_RESEARCH\data\processed\ocr_best_integration\keyframes_full\v29\v29_00060s.png,success,recovery
v29,Java,7,70,534.981,10,C:\NCKH\VIDEO_LEARNING_RESEARCH\data\processed\ocr_best_integration\keyframes_full\v29\v29_00070s.png,success,fast
v29,Java,8,80,534.981,10,C:\NCKH\VIDEO_LEARNING_RESEARCH\data\processed\ocr_best_integration\keyframes_full\v29\v29_00080s.png,success,fast
v29,Java,9,90,534.981,10,C:\NCKH\VIDEO_LEARNING_RESEARCH\data\processed\ocr_best_integration\keyframes_full\v29\v29_00090s.png,success,fast
v29,Java,10,100,534.981,10,C:\NCKH\VIDEO_LEARNING_RESEARCH\data\processed\ocr_best_integration\keyframes_full\v29\v29_00100s.png,success,fast
v29,Java,11,110,534.981,10,C:\NCKH\VIDEO_LEARNING_RESEARCH\data\processed\ocr_best_integration\keyframes_full\v29\v29_00110s.png,success,fast
v29,Java,12,120,534.981,10,,failed,failed
v29,Java,13,130,534.981,10,C:\NCKH\VIDEO_LEARNING_RESEARCH\data\processed\ocr_best_integration\keyframes_full\v29\v29_00130s.png,success,fast
v29,Java,14,140,534.981,10,C:\NCKH\VIDEO_LEARNING_RESEARCH\data\processed\ocr_best_integration\keyframes_full\v29\v29_00140s.png,success,fast
v29,Java,15,150,534.981,10,C:\NCKH\VIDEO_LEARNING_RESEARCH\data\processed\ocr_best_integration\keyframes_full\v29\v29_00150s.png,success,fast
v29,Java,16,160,534.981,10,C:\NCKH\VIDEO_LEARNING_RESEARCH\data\processed\ocr_best_integration\keyframes_full\v29\v29_00160s.png,success,fast
v29,Java,17,170,534.981,10,C:\NCKH\VIDEO_LEARNING_RESEARCH\data\processed\ocr_best_integration\keyframes_full\v29\v29_00170s.png,success,fast
v29,Java,18,180,534.981,10,C:\NCKH\VIDEO_LEARNING_RESEARCH\data\processed\ocr_best_integration\keyframes_full\v29\v29_00180s.png,success,recovery
v29,Java,19,190,534.981,10,C:\NCKH\VIDEO_LEARNING_RESEARCH\data\processed\ocr_best_integration\keyframes_full\v29\v29_00190s.png,success,fast
v29,Java,20,200,534.981,10,C:\NCKH\VIDEO_LEARNING_RESEARCH\data\processed\ocr_best_integration\keyframes_full\v29\v29_00200s.png,success,fast
v29,Java,21,210,534.981,10,C:\NCKH\VIDEO_LEARNING_RESEARCH\data\processed\ocr_best_integration\keyframes_full\v29\v29_00210s.png,success,fast
v29,Java,22,220,534.981,10,C:\NCKH\VIDEO_LEARNING_RESEARCH\data\processed\ocr_best_integration\keyframes_full\v29\v29_00220s.png,success,fast
v29,Java,23,230,534.981,10,C:\NCKH\VIDEO_LEARNING_RESEARCH\data\processed\ocr_best_integration\keyframes_full\v29\v29_00230s.png,success,fast
v29,Java,24,240,534.981,10,,failed,failed
v29,Java,25,250,534.981,10,C:\NCKH\VIDEO_LEARNING_RESEARCH\data\processed\ocr_best_integration\keyframes_full\v29\v29_00250s.png,success,fast
v29,Java,26,260,534.981,10,C:\NCKH\VIDEO_LEARNING_RESEARCH\data\processed\ocr_best_integration\keyframes_full\v29\v29_00260s.png,success,fast
v29,Java,27,270,534.981,10,C:\NCKH\VIDEO_LEARNING_RESEARCH\data\processed\ocr_best_integration\keyframes_full\v29\v29_00270s.png,success,fast
v29,Java,28,280,534.981,10,C:\NCKH\VIDEO_LEARNING_RESEARCH\data\processed\ocr_best_integration\keyframes_full\v29\v29_00280s.png,success,fast
v29,Java,29,290,534.981,10,C:\NCKH\VIDEO_LEARNING_RESEARCH\data\processed\ocr_best_integration\keyframes_full\v29\v29_00290s.png,success,fast
v29,Java,30,300,534.981,10,C:\NCKH\VIDEO_LEARNING_RESEARCH\data\processed\ocr_best_integration\keyframes_full\v29\v29_00300s.png,success,recovery
v29,Java,31,310,534.981,10,C:\NCKH\VIDEO_LEARNING_RESEARCH\data\processed\ocr_best_integration\keyframes_full\v29\v29_00310s.png,success,fast
v29,Java,32,320,534.981,10,C:\NCKH\VIDEO_LEARNING_RESEARCH\data\processed\ocr_best_integration\keyframes_full\v29\v29_00320s.png,success,fast
v29,Java,33,330,534.981,10,C:\NCKH\VIDEO_LEARNING_RESEARCH\data\processed\ocr_best_integration\keyframes_full\v29\v29_00330s.png,success,fast
v29,Java,34,340,534.981,10,C:\NCKH\VIDEO_LEARNING_RESEARCH\data\processed\ocr_best_integration\keyframes_full\v29\v29_00340s.png,success,fast
v29,Java,35,350,534.981,10,C:\NCKH\VIDEO_LEARNING_RESEARCH\data\processed\ocr_best_integration\keyframes_full\v29\v29_00350s.png,success,fast
v29,Java,36,360,534.981,10,C:\NCKH\VIDEO_LEARNING_RESEARCH\data\processed\ocr_best_integration\keyframes_full\v29\v29_00360s.png,success,recovery
v29,Java,37,370,534.981,10,C:\NCKH\VIDEO_LEARNING_RESEARCH\data\processed\ocr_best_integration\keyframes_full\v29\v29_00370s.png,success,fast
v29,Java,38,380,534.981,10,C:\NCKH\VIDEO_LEARNING_RESEARCH\data\processed\ocr_best_integration\keyframes_full\v29\v29_00380s.png,success,fast
v29,Java,39,390,534.981,10,C:\NCKH\VIDEO_LEARNING_RESEARCH\data\processed\ocr_best_integration\keyframes_full\v29\v29_00390s.png,success,fast
v29,Java,40,400,534.981,10,C:\NCKH\VIDEO_LEARNING_RESEARCH\data\processed\ocr_best_integration\keyframes_full\v29\v29_00400s.png,success,fast
v29,Java,41,410,534.981,10,C:\NCKH\VIDEO_LEARNING_RESEARCH\data\processed\ocr_best_integration\keyframes_full\v29\v29_00410s.png,success,fast
v29,Java,42,420,534.981,10,C:\NCKH\VIDEO_LEARNING_RESEARCH\data\processed\ocr_best_integration\keyframes_full\v29\v29_00420s.png,success,recovery
v29,Java,43,430,534.981,10,C:\NCKH\VIDEO_LEARNING_RESEARCH\data\processed\ocr_best_integration\keyframes_full\v29\v29_00430s.png,success,fast
v29,Java,44,440,534.981,10,C:\NCKH\VIDEO_LEARNING_RESEARCH\data\processed\ocr_best_integration\keyframes_full\v29\v29_00440s.png,success,fast
v29,Java,45,450,534.981,10,C:\NCKH\VIDEO_LEARNING_RESEARCH\data\processed\ocr_best_integration\keyframes_full\v29\v29_00450s.png,success,fast
v29,Java,46,460,534.981,10,C:\NCKH\VIDEO_LEARNING_RESEARCH\data\processed\ocr_best_integration\keyframes_full\v29\v29_00460s.png,success,fast
v29,Java,47,470,534.981,10,C:\NCKH\VIDEO_LEARNING_RESEARCH\data\processed\ocr_best_integration\keyframes_full\v29\v29_00470s.png,success,fast
v29,Java,48,480,534.981,10,C:\NCKH\VIDEO_LEARNING_RESEARCH\data\processed\ocr_best_integration\keyframes_full\v29\v29_00480s.png,success,recovery
v29,Java,49,490,534.981,10,C:\NCKH\VIDEO_LEARNING_RESEARCH\data\processed\ocr_best_integration\keyframes_full\v29\v29_00490s.png,success,fast
v29,Java,50,500,534.981,10,C:\NCKH\VIDEO_LEARNING_RESEARCH\data\processed\ocr_best_integration\keyframes_full\v29\v29_00500s.png,success,fast
v29,Java,51,510,534.981,10,C:\NCKH\VIDEO_LEARNING_RESEARCH\data\processed\ocr_best_integration\keyframes_full\v29\v29_00510s.png,success,fast
v29,Java,52,520,534.981,10,C:\NCKH\VIDEO_LEARNING_RESEARCH\data\processed\ocr_best_integration\keyframes_full\v29\v29_00520s.png,success,fast
v29,Java,53,530,534.981,10,C:\NCKH\VIDEO_LEARNING_RESEARCH\data\processed\ocr_best_integration\keyframes_full\v29\v29_00530s.png,success,fast
v30,Java,0,0,149.001,10,C:\NCKH\VIDEO_LEARNING_RESEARCH\data\processed\ocr_best_integration\keyframes_full\v30\v30_00000s.png,success,fast
v30,Java,1,10,149.001,10,C:\NCKH\VIDEO_LEARNING_RESEARCH\data\processed\ocr_best_integration\keyframes_full\v30\v30_00010s.png,success,fast
v30,Java,2,20,149.001,10,C:\NCKH\VIDEO_LEARNING_RESEARCH\data\processed\ocr_best_integration\keyframes_full\v30\v30_00020s.png,success,fast
v30,Java,3,30,149.001,10,C:\NCKH\VIDEO_LEARNING_RESEARCH\data\processed\ocr_best_integration\keyframes_full\v30\v30_00030s.png,success,fast
v30,Java,4,40,149.001,10,C:\NCKH\VIDEO_LEARNING_RESEARCH\data\processed\ocr_best_integration\keyframes_full\v30\v30_00040s.png,success,fast
v30,Java,5,50,149.001,10,C:\NCKH\VIDEO_LEARNING_RESEARCH\data\processed\ocr_best_integration\keyframes_full\v30\v30_00050s.png,success,fast
v30,Java,6,60,149.001,10,C:\NCKH\VIDEO_LEARNING_RESEARCH\data\processed\ocr_best_integration\keyframes_full\v30\v30_00060s.png,success,recovery
v30,Java,7,70,149.001,10,C:\NCKH\VIDEO_LEARNING_RESEARCH\data\processed\ocr_best_integration\keyframes_full\v30\v30_00070s.png,success,fast
v30,Java,8,80,149.001,10,C:\NCKH\VIDEO_LEARNING_RESEARCH\data\processed\ocr_best_integration\keyframes_full\v30\v30_00080s.png,success,fast
v30,Java,9,90,149.001,10,C:\NCKH\VIDEO_LEARNING_RESEARCH\data\processed\ocr_best_integration\keyframes_full\v30\v30_00090s.png,success,fast
v30,Java,10,100,149.001,10,C:\NCKH\VIDEO_LEARNING_RESEARCH\data\processed\ocr_best_integration\keyframes_full\v30\v30_00100s.png,success,fast
v30,Java,11,110,149.001,10,C:\NCKH\VIDEO_LEARNING_RESEARCH\data\processed\ocr_best_integration\keyframes_full\v30\v30_00110s.png,success,fast
v30,Java,12,120,149.001,10,,failed,failed
v30,Java,13,130,149.001,10,C:\NCKH\VIDEO_LEARNING_RESEARCH\data\processed\ocr_best_integration\keyframes_full\v30\v30_00130s.png,success,fast
v30,Java,14,140,149.001,10,C:\NCKH\VIDEO_LEARNING_RESEARCH\data\processed\ocr_best_integration\keyframes_full\v30\v30_00140s.png,success,fast
v31,C++,0,0,2112.341,10,C:\NCKH\VIDEO_LEARNING_RESEARCH\data\processed\ocr_best_integration\keyframes_full\v31\v31_00000s.png,success,fast
v31,C++,1,10,2112.341,10,C:\NCKH\VIDEO_LEARNING_RESEARCH\data\processed\ocr_best_integration\keyframes_full\v31\v31_00010s.png,success,fast
v31,C++,2,20,2112.341,10,C:\NCKH\VIDEO_LEARNING_RESEARCH\data\processed\ocr_best_integration\keyframes_full\v31\v31_00020s.png,success,fast
v31,C++,3,30,2112.341,10,C:\NCKH\VIDEO_LEARNING_RESEARCH\data\processed\ocr_best_integration\keyframes_full\v31\v31_00030s.png,success,fast
v31,C++,4,40,2112.341,10,C:\NCKH\VIDEO_LEARNING_RESEARCH\data\processed\ocr_best_integration\keyframes_full\v31\v31_00040s.png,success,fast
v31,C++,5,50,2112.341,10,C:\NCKH\VIDEO_LEARNING_RESEARCH\data\processed\ocr_best_integration\keyframes_full\v31\v31_00050s.png,success,fast
v31,C++,6,60,2112.341,10,C:\NCKH\VIDEO_LEARNING_RESEARCH\data\processed\ocr_best_integration\keyframes_full\v31\v31_00060s.png,success,recovery
v31,C++,7,70,2112.341,10,C:\NCKH\VIDEO_LEARNING_RESEARCH\data\processed\ocr_best_integration\keyframes_full\v31\v31_00070s.png,success,fast
v31,C++,8,80,2112.341,10,C:\NCKH\VIDEO_LEARNING_RESEARCH\data\processed\ocr_best_integration\keyframes_full\v31\v31_00080s.png,success,fast
v31,C++,9,90,2112.341,10,C:\NCKH\VIDEO_LEARNING_RESEARCH\data\processed\ocr_best_integration\keyframes_full\v31\v31_00090s.png,success,fast
v31,C++,10,100,2112.341,10,C:\NCKH\VIDEO_LEARNING_RESEARCH\data\processed\ocr_best_integration\keyframes_full\v31\v31_00100s.png,success,fast
v31,C++,11,110,2112.341,10,C:\NCKH\VIDEO_LEARNING_RESEARCH\data\processed\ocr_best_integration\keyframes_full\v31\v31_00110s.png,success,fast
v31,C++,12,120,2112.341,10,,failed,failed
v31,C++,13,130,2112.341,10,C:\NCKH\VIDEO_LEARNING_RESEARCH\data\processed\ocr_best_integration\keyframes_full\v31\v31_00130s.png,success,fast
v31,C++,14,140,2112.341,10,C:\NCKH\VIDEO_LEARNING_RESEARCH\data\processed\ocr_best_integration\keyframes_full\v31\v31_00140s.png,success,fast
v31,C++,15,150,2112.341,10,C:\NCKH\VIDEO_LEARNING_RESEARCH\data\processed\ocr_best_integration\keyframes_full\v31\v31_00150s.png,success,fast
v31,C++,16,160,2112.341,10,C:\NCKH\VIDEO_LEARNING_RESEARCH\data\processed\ocr_best_integration\keyframes_full\v31\v31_00160s.png,success,fast
v31,C++,17,170,2112.341,10,C:\NCKH\VIDEO_LEARNING_RESEARCH\data\processed\ocr_best_integration\keyframes_full\v31\v31_00170s.png,success,fast
v31,C++,18,180,2112.341,10,C:\NCKH\VIDEO_LEARNING_RESEARCH\data\processed\ocr_best_integration\keyframes_full\v31\v31_00180s.png,success,recovery
v31,C++,19,190,2112.341,10,C:\NCKH\VIDEO_LEARNING_RESEARCH\data\processed\ocr_best_integration\keyframes_full\v31\v31_00190s.png,success,fast
v31,C++,20,200,2112.341,10,C:\NCKH\VIDEO_LEARNING_RESEARCH\data\processed\ocr_best_integration\keyframes_full\v31\v31_00200s.png,success,fast
v31,C++,21,210,2112.341,10,C:\NCKH\VIDEO_LEARNING_RESEARCH\data\processed\ocr_best_integration\keyframes_full\v31\v31_00210s.png,success,fast
v31,C++,22,220,2112.341,10,C:\NCKH\VIDEO_LEARNING_RESEARCH\data\processed\ocr_best_integration\keyframes_full\v31\v31_00220s.png,success,fast
v31,C++,23,230,2112.341,10,C:\NCKH\VIDEO_LEARNING_RESEARCH\data\processed\ocr_best_integration\keyframes_full\v31\v31_00230s.png,success,fast
v31,C++,24,240,2112.341,10,C:\NCKH\VIDEO_LEARNING_RESEARCH\data\processed\ocr_best_integration\keyframes_full\v31\v31_00240s.png,success,recovery
v31,C++,25,250,2112.341,10,C:\NCKH\VIDEO_LEARNING_RESEARCH\data\processed\ocr_best_integration\keyframes_full\v31\v31_00250s.png,success,fast
v31,C++,26,260,2112.341,10,C:\NCKH\VIDEO_LEARNING_RESEARCH\data\processed\ocr_best_integration\keyframes_full\v31\v31_00260s.png,success,fast
v31,C++,27,270,2112.341,10,C:\NCKH\VIDEO_LEARNING_RESEARCH\data\processed\ocr_best_integration\keyframes_full\v31\v31_00270s.png,success,fast
v31,C++,28,280,2112.341,10,C:\NCKH\VIDEO_LEARNING_RESEARCH\data\processed\ocr_best_integration\keyframes_full\v31\v31_00280s.png,success,fast
v31,C++,29,290,2112.341,10,C:\NCKH\VIDEO_LEARNING_RESEARCH\data\processed\ocr_best_integration\keyframes_full\v31\v31_00290s.png,success,fast
v31,C++,30,300,2112.341,10,C:\NCKH\VIDEO_LEARNING_RESEARCH\data\processed\ocr_best_integration\keyframes_full\v31\v31_00300s.png,success,recovery
v31,C++,31,310,2112.341,10,C:\NCKH\VIDEO_LEARNING_RESEARCH\data\processed\ocr_best_integration\keyframes_full\v31\v31_00310s.png,success,fast
v31,C++,32,320,2112.341,10,C:\NCKH\VIDEO_LEARNING_RESEARCH\data\processed\ocr_best_integration\keyframes_full\v31\v31_00320s.png,success,fast
v31,C++,33,330,2112.341,10,C:\NCKH\VIDEO_LEARNING_RESEARCH\data\processed\ocr_best_integration\keyframes_full\v31\v31_00330s.png,success,fast
v31,C++,34,340,2112.341,10,C:\NCKH\VIDEO_LEARNING_RESEARCH\data\processed\ocr_best_integration\keyframes_full\v31\v31_00340s.png,success,fast
v31,C++,35,350,2112.341,10,C:\NCKH\VIDEO_LEARNING_RESEARCH\data\processed\ocr_best_integration\keyframes_full\v31\v31_00350s.png,success,fast
v31,C++,36,360,2112.341,10,C:\NCKH\VIDEO_LEARNING_RESEARCH\data\processed\ocr_best_integration\keyframes_full\v31\v31_00360s.png,success,recovery
v31,C++,37,370,2112.341,10,C:\NCKH\VIDEO_LEARNING_RESEARCH\data\processed\ocr_best_integration\keyframes_full\v31\v31_00370s.png,success,fast
v31,C++,38,380,2112.341,10,C:\NCKH\VIDEO_LEARNING_RESEARCH\data\processed\ocr_best_integration\keyframes_full\v31\v31_00380s.png,success,fast
v31,C++,39,390,2112.341,10,C:\NCKH\VIDEO_LEARNING_RESEARCH\data\processed\ocr_best_integration\keyframes_full\v31\v31_00390s.png,success,fast
v31,C++,40,400,2112.341,10,C:\NCKH\VIDEO_LEARNING_RESEARCH\data\processed\ocr_best_integration\keyframes_full\v31\v31_00400s.png,success,fast
v31,C++,41,410,2112.341,10,C:\NCKH\VIDEO_LEARNING_RESEARCH\data\processed\ocr_best_integration\keyframes_full\v31\v31_00410s.png,success,fast
v31,C++,42,420,2112.341,10,C:\NCKH\VIDEO_LEARNING_RESEARCH\data\processed\ocr_best_integration\keyframes_full\v31\v31_00420s.png,success,recovery
v31,C++,43,430,2112.341,10,C:\NCKH\VIDEO_LEARNING_RESEARCH\data\processed\ocr_best_integration\keyframes_full\v31\v31_00430s.png,success,fast
v31,C++,44,440,2112.341,10,C:\NCKH\VIDEO_LEARNING_RESEARCH\data\processed\ocr_best_integration\keyframes_full\v31\v31_00440s.png,success,fast
v31,C++,45,450,2112.341,10,C:\NCKH\VIDEO_LEARNING_RESEARCH\data\processed\ocr_best_integration\keyframes_full\v31\v31_00450s.png,success,fast
v31,C++,46,460,2112.341,10,C:\NCKH\VIDEO_LEARNING_RESEARCH\data\processed\ocr_best_integration\keyframes_full\v31\v31_00460s.png,success,fast
v31,C++,47,470,2112.341,10,C:\NCKH\VIDEO_LEARNING_RESEARCH\data\processed\ocr_best_integration\keyframes_full\v31\v31_00470s.png,success,fast
v31,C++,48,480,2112.341,10,C:\NCKH\VIDEO_LEARNING_RESEARCH\data\processed\ocr_best_integration\keyframes_full\v31\v31_00480s.png,success,recovery
v31,C++,49,490,2112.341,10,C:\NCKH\VIDEO_LEARNING_RESEARCH\data\processed\ocr_best_integration\keyframes_full\v31\v31_00490s.png,success,fast
v31,C++,50,500,2112.341,10,C:\NCKH\VIDEO_LEARNING_RESEARCH\data\processed\ocr_best_integration\keyframes_full\v31\v31_00500s.png,success,fast
v31,C++,51,510,2112.341,10,C:\NCKH\VIDEO_LEARNING_RESEARCH\data\processed\ocr_best_integration\keyframes_full\v31\v31_00510s.png,success,fast
v31,C++,52,520,2112.341,10,C:\NCKH\VIDEO_LEARNING_RESEARCH\data\processed\ocr_best_integration\keyframes_full\v31\v31_00520s.png,success,fast
v31,C++,53,530,2112.341,10,C:\NCKH\VIDEO_LEARNING_RESEARCH\data\processed\ocr_best_integration\keyframes_full\v31\v31_00530s.png,success,fast
v31,C++,54,540,2112.341,10,C:\NCKH\VIDEO_LEARNING_RESEARCH\data\processed\ocr_best_integration\keyframes_full\v31\v31_00540s.png,success,recovery
v31,C++,55,550,2112.341,10,C:\NCKH\VIDEO_LEARNING_RESEARCH\data\processed\ocr_best_integration\keyframes_full\v31\v31_00550s.png,success,fast
v31,C++,56,560,2112.341,10,C:\NCKH\VIDEO_LEARNING_RESEARCH\data\processed\ocr_best_integration\keyframes_full\v31\v31_00560s.png,success,fast
v31,C++,57,570,2112.341,10,C:\NCKH\VIDEO_LEARNING_RESEARCH\data\processed\ocr_best_integration\keyframes_full\v31\v31_00570s.png,success,fast
v31,C++,58,580,2112.341,10,C:\NCKH\VIDEO_LEARNING_RESEARCH\data\processed\ocr_best_integration\keyframes_full\v31\v31_00580s.png,success,fast
v31,C++,59,590,2112.341,10,C:\NCKH\VIDEO_LEARNING_RESEARCH\data\processed\ocr_best_integration\keyframes_full\v31\v31_00590s.png,success,fast
v31,C++,60,600,2112.341,10,C:\NCKH\VIDEO_LEARNING_RESEARCH\data\processed\ocr_best_integration\keyframes_full\v31\v31_00600s.png,success,recovery
v31,C++,61,610,2112.341,10,C:\NCKH\VIDEO_LEARNING_RESEARCH\data\processed\ocr_best_integration\keyframes_full\v31\v31_00610s.png,success,fast
v31,C++,62,620,2112.341,10,C:\NCKH\VIDEO_LEARNING_RESEARCH\data\processed\ocr_best_integration\keyframes_full\v31\v31_00620s.png,success,fast
v31,C++,63,630,2112.341,10,C:\NCKH\VIDEO_LEARNING_RESEARCH\data\processed\ocr_best_integration\keyframes_full\v31\v31_00630s.png,success,fast
v31,C++,64,640,2112.341,10,C:\NCKH\VIDEO_LEARNING_RESEARCH\data\processed\ocr_best_integration\keyframes_full\v31\v31_00640s.png,success,fast
v31,C++,65,650,2112.341,10,C:\NCKH\VIDEO_LEARNING_RESEARCH\data\processed\ocr_best_integration\keyframes_full\v31\v31_00650s.png,success,fast
v31,C++,66,660,2112.341,10,C:\NCKH\VIDEO_LEARNING_RESEARCH\data\processed\ocr_best_integration\keyframes_full\v31\v31_00660s.png,success,recovery
v31,C++,67,670,2112.341,10,C:\NCKH\VIDEO_LEARNING_RESEARCH\data\processed\ocr_best_integration\keyframes_full\v31\v31_00670s.png,success,fast
v31,C++,68,680,2112.341,10,C:\NCKH\VIDEO_LEARNING_RESEARCH\data\processed\ocr_best_integration\keyframes_full\v31\v31_00680s.png,success,fast
v31,C++,69,690,2112.341,10,C:\NCKH\VIDEO_LEARNING_RESEARCH\data\processed\ocr_best_integration\keyframes_full\v31\v31_00690s.png,success,fast
v31,C++,70,700,2112.341,10,C:\NCKH\VIDEO_LEARNING_RESEARCH\data\processed\ocr_best_integration\keyframes_full\v31\v31_00700s.png,success,fast
v31,C++,71,710,2112.341,10,C:\NCKH\VIDEO_LEARNING_RESEARCH\data\processed\ocr_best_integration\keyframes_full\v31\v31_00710s.png,success,fast
v31,C++,72,720,2112.341,10,C:\NCKH\VIDEO_LEARNING_RESEARCH\data\processed\ocr_best_integration\keyframes_full\v31\v31_00720s.png,success,recovery
v31,C++,73,730,2112.341,10,C:\NCKH\VIDEO_LEARNING_RESEARCH\data\processed\ocr_best_integration\keyframes_full\v31\v31_00730s.png,success,fast
v31,C++,74,740,2112.341,10,C:\NCKH\VIDEO_LEARNING_RESEARCH\data\processed\ocr_best_integration\keyframes_full\v31\v31_00740s.png,success,fast
v31,C++,75,750,2112.341,10,C:\NCKH\VIDEO_LEARNING_RESEARCH\data\processed\ocr_best_integration\keyframes_full\v31\v31_00750s.png,success,fast
v31,C++,76,760,2112.341,10,C:\NCKH\VIDEO_LEARNING_RESEARCH\data\processed\ocr_best_integration\keyframes_full\v31\v31_00760s.png,success,fast
v31,C++,77,770,2112.341,10,C:\NCKH\VIDEO_LEARNING_RESEARCH\data\processed\ocr_best_integration\keyframes_full\v31\v31_00770s.png,success,fast
v31,C++,78,780,2112.341,10,,failed,failed
v31,C++,79,790,2112.341,10,C:\NCKH\VIDEO_LEARNING_RESEARCH\data\processed\ocr_best_integration\keyframes_full\v31\v31_00790s.png,success,fast
v31,C++,80,800,2112.341,10,C:\NCKH\VIDEO_LEARNING_RESEARCH\data\processed\ocr_best_integration\keyframes_full\v31\v31_00800s.png,success,fast
v31,C++,81,810,2112.341,10,C:\NCKH\VIDEO_LEARNING_RESEARCH\data\processed\ocr_best_integration\keyframes_full\v31\v31_00810s.png,success,fast
v31,C++,82,820,2112.341,10,C:\NCKH\VIDEO_LEARNING_RESEARCH\data\processed\ocr_best_integration\keyframes_full\v31\v31_00820s.png,success,fast
v31,C++,83,830,2112.341,10,C:\NCKH\VIDEO_LEARNING_RESEARCH\data\processed\ocr_best_integration\keyframes_full\v31\v31_00830s.png,success,fast
v31,C++,84,840,2112.341,10,C:\NCKH\VIDEO_LEARNING_RESEARCH\data\processed\ocr_best_integration\keyframes_full\v31\v31_00840s.png,success,recovery
v31,C++,85,850,2112.341,10,C:\NCKH\VIDEO_LEARNING_RESEARCH\data\processed\ocr_best_integration\keyframes_full\v31\v31_00850s.png,success,fast
v31,C++,86,860,2112.341,10,C:\NCKH\VIDEO_LEARNING_RESEARCH\data\processed\ocr_best_integration\keyframes_full\v31\v31_00860s.png,success,fast
v31,C++,87,870,2112.341,10,C:\NCKH\VIDEO_LEARNING_RESEARCH\data\processed\ocr_best_integration\keyframes_full\v31\v31_00870s.png,success,fast
v31,C++,88,880,2112.341,10,C:\NCKH\VIDEO_LEARNING_RESEARCH\data\processed\ocr_best_integration\keyframes_full\v31\v31_00880s.png,success,fast
v31,C++,89,890,2112.341,10,C:\NCKH\VIDEO_LEARNING_RESEARCH\data\processed\ocr_best_integration\keyframes_full\v31\v31_00890s.png,success,fast
v31,C++,90,900,2112.341,10,,failed,failed
v31,C++,91,910,2112.341,10,C:\NCKH\VIDEO_LEARNING_RESEARCH\data\processed\ocr_best_integration\keyframes_full\v31\v31_00910s.png,success,fast
v31,C++,92,920,2112.341,10,C:\NCKH\VIDEO_LEARNING_RESEARCH\data\processed\ocr_best_integration\keyframes_full\v31\v31_00920s.png,success,fast
v31,C++,93,930,2112.341,10,C:\NCKH\VIDEO_LEARNING_RESEARCH\data\processed\ocr_best_integration\keyframes_full\v31\v31_00930s.png,success,fast
v31,C++,94,940,2112.341,10,C:\NCKH\VIDEO_LEARNING_RESEARCH\data\processed\ocr_best_integration\keyframes_full\v31\v31_00940s.png,success,fast
v31,C++,95,950,2112.341,10,C:\NCKH\VIDEO_LEARNING_RESEARCH\data\processed\ocr_best_integration\keyframes_full\v31\v31_00950s.png,success,fast
v31,C++,96,960,2112.341,10,,failed,failed
v31,C++,97,970,2112.341,10,C:\NCKH\VIDEO_LEARNING_RESEARCH\data\processed\ocr_best_integration\keyframes_full\v31\v31_00970s.png,success,fast
v31,C++,98,980,2112.341,10,C:\NCKH\VIDEO_LEARNING_RESEARCH\data\processed\ocr_best_integration\keyframes_full\v31\v31_00980s.png,success,fast
v31,C++,99,990,2112.341,10,C:\NCKH\VIDEO_LEARNING_RESEARCH\data\processed\ocr_best_integration\keyframes_full\v31\v31_00990s.png,success,fast
v31,C++,100,1000,2112.341,10,C:\NCKH\VIDEO_LEARNING_RESEARCH\data\processed\ocr_best_integration\keyframes_full\v31\v31_01000s.png,success,fast
v31,C++,101,1010,2112.341,10,C:\NCKH\VIDEO_LEARNING_RESEARCH\data\processed\ocr_best_integration\keyframes_full\v31\v31_01010s.png,success,fast
v31,C++,102,1020,2112.341,10,,failed,failed
v31,C++,103,1030,2112.341,10,C:\NCKH\VIDEO_LEARNING_RESEARCH\data\processed\ocr_best_integration\keyframes_full\v31\v31_01030s.png,success,fast
v31,C++,104,1040,2112.341,10,C:\NCKH\VIDEO_LEARNING_RESEARCH\data\processed\ocr_best_integration\keyframes_full\v31\v31_01040s.png,success,fast
v31,C++,105,1050,2112.341,10,C:\NCKH\VIDEO_LEARNING_RESEARCH\data\processed\ocr_best_integration\keyframes_full\v31\v31_01050s.png,success,fast
v31,C++,106,1060,2112.341,10,C:\NCKH\VIDEO_LEARNING_RESEARCH\data\processed\ocr_best_integration\keyframes_full\v31\v31_01060s.png,success,fast
v31,C++,107,1070,2112.341,10,C:\NCKH\VIDEO_LEARNING_RESEARCH\data\processed\ocr_best_integration\keyframes_full\v31\v31_01070s.png,success,fast
v31,C++,108,1080,2112.341,10,,failed,failed
v31,C++,109,1090,2112.341,10,C:\NCKH\VIDEO_LEARNING_RESEARCH\data\processed\ocr_best_integration\keyframes_full\v31\v31_01090s.png,success,fast
v31,C++,110,1100,2112.341,10,C:\NCKH\VIDEO_LEARNING_RESEARCH\data\processed\ocr_best_integration\keyframes_full\v31\v31_01100s.png,success,fast
v31,C++,111,1110,2112.341,10,C:\NCKH\VIDEO_LEARNING_RESEARCH\data\processed\ocr_best_integration\keyframes_full\v31\v31_01110s.png,success,fast
v31,C++,112,1120,2112.341,10,C:\NCKH\VIDEO_LEARNING_RESEARCH\data\processed\ocr_best_integration\keyframes_full\v31\v31_01120s.png,success,fast
v31,C++,113,1130,2112.341,10,C:\NCKH\VIDEO_LEARNING_RESEARCH\data\processed\ocr_best_integration\keyframes_full\v31\v31_01130s.png,success,fast
v31,C++,114,1140,2112.341,10,,failed,failed
v31,C++,115,1150,2112.341,10,C:\NCKH\VIDEO_LEARNING_RESEARCH\data\processed\ocr_best_integration\keyframes_full\v31\v31_01150s.png,success,fast
v31,C++,116,1160,2112.341,10,C:\NCKH\VIDEO_LEARNING_RESEARCH\data\processed\ocr_best_integration\keyframes_full\v31\v31_01160s.png,success,fast
v31,C++,117,1170,2112.341,10,C:\NCKH\VIDEO_LEARNING_RESEARCH\data\processed\ocr_best_integration\keyframes_full\v31\v31_01170s.png,success,fast
v31,C++,118,1180,2112.341,10,C:\NCKH\VIDEO_LEARNING_RESEARCH\data\processed\ocr_best_integration\keyframes_full\v31\v31_01180s.png,success,fast
v31,C++,119,1190,2112.341,10,C:\NCKH\VIDEO_LEARNING_RESEARCH\data\processed\ocr_best_integration\keyframes_full\v31\v31_01190s.png,success,fast
v31,C++,120,1200,2112.341,10,C:\NCKH\VIDEO_LEARNING_RESEARCH\data\processed\ocr_best_integration\keyframes_full\v31\v31_01200s.png,success,recovery
v31,C++,121,1210,2112.341,10,C:\NCKH\VIDEO_LEARNING_RESEARCH\data\processed\ocr_best_integration\keyframes_full\v31\v31_01210s.png,success,fast
v31,C++,122,1220,2112.341,10,C:\NCKH\VIDEO_LEARNING_RESEARCH\data\processed\ocr_best_integration\keyframes_full\v31\v31_01220s.png,success,fast
v31,C++,123,1230,2112.341,10,C:\NCKH\VIDEO_LEARNING_RESEARCH\data\processed\ocr_best_integration\keyframes_full\v31\v31_01230s.png,success,fast
v31,C++,124,1240,2112.341,10,C:\NCKH\VIDEO_LEARNING_RESEARCH\data\processed\ocr_best_integration\keyframes_full\v31\v31_01240s.png,success,fast
v31,C++,125,1250,2112.341,10,C:\NCKH\VIDEO_LEARNING_RESEARCH\data\processed\ocr_best_integration\keyframes_full\v31\v31_01250s.png,success,fast
v31,C++,126,1260,2112.341,10,C:\NCKH\VIDEO_LEARNING_RESEARCH\data\processed\ocr_best_integration\keyframes_full\v31\v31_01260s.png,success,recovery
v31,C++,127,1270,2112.341,10,C:\NCKH\VIDEO_LEARNING_RESEARCH\data\processed\ocr_best_integration\keyframes_full\v31\v31_01270s.png,success,fast
v31,C++,128,1280,2112.341,10,C:\NCKH\VIDEO_LEARNING_RESEARCH\data\processed\ocr_best_integration\keyframes_full\v31\v31_01280s.png,success,fast
v31,C++,129,1290,2112.341,10,C:\NCKH\VIDEO_LEARNING_RESEARCH\data\processed\ocr_best_integration\keyframes_full\v31\v31_01290s.png,success,fast
v31,C++,130,1300,2112.341,10,C:\NCKH\VIDEO_LEARNING_RESEARCH\data\processed\ocr_best_integration\keyframes_full\v31\v31_01300s.png,success,fast
v31,C++,131,1310,2112.341,10,C:\NCKH\VIDEO_LEARNING_RESEARCH\data\processed\ocr_best_integration\keyframes_full\v31\v31_01310s.png,success,fast
v31,C++,132,1320,2112.341,10,C:\NCKH\VIDEO_LEARNING_RESEARCH\data\processed\ocr_best_integration\keyframes_full\v31\v31_01320s.png,success,recovery
v31,C++,133,1330,2112.341,10,C:\NCKH\VIDEO_LEARNING_RESEARCH\data\processed\ocr_best_integration\keyframes_full\v31\v31_01330s.png,success,fast
v31,C++,134,1340,2112.341,10,C:\NCKH\VIDEO_LEARNING_RESEARCH\data\processed\ocr_best_integration\keyframes_full\v31\v31_01340s.png,success,fast
v31,C++,135,1350,2112.341,10,C:\NCKH\VIDEO_LEARNING_RESEARCH\data\processed\ocr_best_integration\keyframes_full\v31\v31_01350s.png,success,fast
v31,C++,136,1360,2112.341,10,C:\NCKH\VIDEO_LEARNING_RESEARCH\data\processed\ocr_best_integration\keyframes_full\v31\v31_01360s.png,success,fast
v31,C++,137,1370,2112.341,10,C:\NCKH\VIDEO_LEARNING_RESEARCH\data\processed\ocr_best_integration\keyframes_full\v31\v31_01370s.png,success,fast
v31,C++,138,1380,2112.341,10,,failed,failed
v31,C++,139,1390,2112.341,10,C:\NCKH\VIDEO_LEARNING_RESEARCH\data\processed\ocr_best_integration\keyframes_full\v31\v31_01390s.png,success,fast
v31,C++,140,1400,2112.341,10,C:\NCKH\VIDEO_LEARNING_RESEARCH\data\processed\ocr_best_integration\keyframes_full\v31\v31_01400s.png,success,fast
v31,C++,141,1410,2112.341,10,C:\NCKH\VIDEO_LEARNING_RESEARCH\data\processed\ocr_best_integration\keyframes_full\v31\v31_01410s.png,success,fast
v31,C++,142,1420,2112.341,10,C:\NCKH\VIDEO_LEARNING_RESEARCH\data\processed\ocr_best_integration\keyframes_full\v31\v31_01420s.png,success,fast
v31,C++,143,1430,2112.341,10,C:\NCKH\VIDEO_LEARNING_RESEARCH\data\processed\ocr_best_integration\keyframes_full\v31\v31_01430s.png,success,fast
v31,C++,144,1440,2112.341,10,C:\NCKH\VIDEO_LEARNING_RESEARCH\data\processed\ocr_best_integration\keyframes_full\v31\v31_01440s.png,success,recovery
v31,C++,145,1450,2112.341,10,C:\NCKH\VIDEO_LEARNING_RESEARCH\data\processed\ocr_best_integration\keyframes_full\v31\v31_01450s.png,success,fast
v31,C++,146,1460,2112.341,10,C:\NCKH\VIDEO_LEARNING_RESEARCH\data\processed\ocr_best_integration\keyframes_full\v31\v31_01460s.png,success,fast
v31,C++,147,1470,2112.341,10,C:\NCKH\VIDEO_LEARNING_RESEARCH\data\processed\ocr_best_integration\keyframes_full\v31\v31_01470s.png,success,fast
v31,C++,148,1480,2112.341,10,C:\NCKH\VIDEO_LEARNING_RESEARCH\data\processed\ocr_best_integration\keyframes_full\v31\v31_01480s.png,success,fast
v31,C++,149,1490,2112.341,10,C:\NCKH\VIDEO_LEARNING_RESEARCH\data\processed\ocr_best_integration\keyframes_full\v31\v31_01490s.png,success,fast
v31,C++,150,1500,2112.341,10,C:\NCKH\VIDEO_LEARNING_RESEARCH\data\processed\ocr_best_integration\keyframes_full\v31\v31_01500s.png,success,recovery
v31,C++,151,1510,2112.341,10,C:\NCKH\VIDEO_LEARNING_RESEARCH\data\processed\ocr_best_integration\keyframes_full\v31\v31_01510s.png,success,fast
v31,C++,152,1520,2112.341,10,C:\NCKH\VIDEO_LEARNING_RESEARCH\data\processed\ocr_best_integration\keyframes_full\v31\v31_01520s.png,success,fast
v31,C++,153,1530,2112.341,10,C:\NCKH\VIDEO_LEARNING_RESEARCH\data\processed\ocr_best_integration\keyframes_full\v31\v31_01530s.png,success,fast
v31,C++,154,1540,2112.341,10,C:\NCKH\VIDEO_LEARNING_RESEARCH\data\processed\ocr_best_integration\keyframes_full\v31\v31_01540s.png,success,fast
v31,C++,155,1550,2112.341,10,C:\NCKH\VIDEO_LEARNING_RESEARCH\data\processed\ocr_best_integration\keyframes_full\v31\v31_01550s.png,success,fast
v31,C++,156,1560,2112.341,10,,failed,failed
v31,C++,157,1570,2112.341,10,C:\NCKH\VIDEO_LEARNING_RESEARCH\data\processed\ocr_best_integration\keyframes_full\v31\v31_01570s.png,success,fast
v31,C++,158,1580,2112.341,10,C:\NCKH\VIDEO_LEARNING_RESEARCH\data\processed\ocr_best_integration\keyframes_full\v31\v31_01580s.png,success,fast
v31,C++,159,1590,2112.341,10,C:\NCKH\VIDEO_LEARNING_RESEARCH\data\processed\ocr_best_integration\keyframes_full\v31\v31_01590s.png,success,fast
v31,C++,160,1600,2112.341,10,C:\NCKH\VIDEO_LEARNING_RESEARCH\data\processed\ocr_best_integration\keyframes_full\v31\v31_01600s.png,success,fast
v31,C++,161,1610,2112.341,10,C:\NCKH\VIDEO_LEARNING_RESEARCH\data\processed\ocr_best_integration\keyframes_full\v31\v31_01610s.png,success,fast
v31,C++,162,1620,2112.341,10,C:\NCKH\VIDEO_LEARNING_RESEARCH\data\processed\ocr_best_integration\keyframes_full\v31\v31_01620s.png,success,recovery
v31,C++,163,1630,2112.341,10,C:\NCKH\VIDEO_LEARNING_RESEARCH\data\processed\ocr_best_integration\keyframes_full\v31\v31_01630s.png,success,fast
v31,C++,164,1640,2112.341,10,C:\NCKH\VIDEO_LEARNING_RESEARCH\data\processed\ocr_best_integration\keyframes_full\v31\v31_01640s.png,success,fast
v31,C++,165,1650,2112.341,10,C:\NCKH\VIDEO_LEARNING_RESEARCH\data\processed\ocr_best_integration\keyframes_full\v31\v31_01650s.png,success,fast
v31,C++,166,1660,2112.341,10,C:\NCKH\VIDEO_LEARNING_RESEARCH\data\processed\ocr_best_integration\keyframes_full\v31\v31_01660s.png,success,fast
v31,C++,167,1670,2112.341,10,C:\NCKH\VIDEO_LEARNING_RESEARCH\data\processed\ocr_best_integration\keyframes_full\v31\v31_01670s.png,success,fast
v31,C++,168,1680,2112.341,10,C:\NCKH\VIDEO_LEARNING_RESEARCH\data\processed\ocr_best_integration\keyframes_full\v31\v31_01680s.png,success,recovery
v31,C++,169,1690,2112.341,10,C:\NCKH\VIDEO_LEARNING_RESEARCH\data\processed\ocr_best_integration\keyframes_full\v31\v31_01690s.png,success,fast
v31,C++,170,1700,2112.341,10,C:\NCKH\VIDEO_LEARNING_RESEARCH\data\processed\ocr_best_integration\keyframes_full\v31\v31_01700s.png,success,fast
v31,C++,171,1710,2112.341,10,C:\NCKH\VIDEO_LEARNING_RESEARCH\data\processed\ocr_best_integration\keyframes_full\v31\v31_01710s.png,success,fast
v31,C++,172,1720,2112.341,10,C:\NCKH\VIDEO_LEARNING_RESEARCH\data\processed\ocr_best_integration\keyframes_full\v31\v31_01720s.png,success,fast
v31,C++,173,1730,2112.341,10,C:\NCKH\VIDEO_LEARNING_RESEARCH\data\processed\ocr_best_integration\keyframes_full\v31\v31_01730s.png,success,fast
v31,C++,174,1740,2112.341,10,C:\NCKH\VIDEO_LEARNING_RESEARCH\data\processed\ocr_best_integration\keyframes_full\v31\v31_01740s.png,success,recovery
v31,C++,175,1750,2112.341,10,C:\NCKH\VIDEO_LEARNING_RESEARCH\data\processed\ocr_best_integration\keyframes_full\v31\v31_01750s.png,success,fast
v31,C++,176,1760,2112.341,10,C:\NCKH\VIDEO_LEARNING_RESEARCH\data\processed\ocr_best_integration\keyframes_full\v31\v31_01760s.png,success,fast
v31,C++,177,1770,2112.341,10,C:\NCKH\VIDEO_LEARNING_RESEARCH\data\processed\ocr_best_integration\keyframes_full\v31\v31_01770s.png,success,fast
v31,C++,178,1780,2112.341,10,C:\NCKH\VIDEO_LEARNING_RESEARCH\data\processed\ocr_best_integration\keyframes_full\v31\v31_01780s.png,success,fast
v31,C++,179,1790,2112.341,10,C:\NCKH\VIDEO_LEARNING_RESEARCH\data\processed\ocr_best_integration\keyframes_full\v31\v31_01790s.png,success,fast
v31,C++,180,1800,2112.341,10,C:\NCKH\VIDEO_LEARNING_RESEARCH\data\processed\ocr_best_integration\keyframes_full\v31\v31_01800s.png,success,recovery
v31,C++,181,1810,2112.341,10,C:\NCKH\VIDEO_LEARNING_RESEARCH\data\processed\ocr_best_integration\keyframes_full\v31\v31_01810s.png,success,fast
v31,C++,182,1820,2112.341,10,C:\NCKH\VIDEO_LEARNING_RESEARCH\data\processed\ocr_best_integration\keyframes_full\v31\v31_01820s.png,success,fast
v31,C++,183,1830,2112.341,10,C:\NCKH\VIDEO_LEARNING_RESEARCH\data\processed\ocr_best_integration\keyframes_full\v31\v31_01830s.png,success,fast
v31,C++,184,1840,2112.341,10,C:\NCKH\VIDEO_LEARNING_RESEARCH\data\processed\ocr_best_integration\keyframes_full\v31\v31_01840s.png,success,fast
v31,C++,185,1850,2112.341,10,C:\NCKH\VIDEO_LEARNING_RESEARCH\data\processed\ocr_best_integration\keyframes_full\v31\v31_01850s.png,success,fast
v31,C++,186,1860,2112.341,10,,failed,failed
v31,C++,187,1870,2112.341,10,C:\NCKH\VIDEO_LEARNING_RESEARCH\data\processed\ocr_best_integration\keyframes_full\v31\v31_01870s.png,success,fast
v31,C++,188,1880,2112.341,10,C:\NCKH\VIDEO_LEARNING_RESEARCH\data\processed\ocr_best_integration\keyframes_full\v31\v31_01880s.png,success,fast
v31,C++,189,1890,2112.341,10,C:\NCKH\VIDEO_LEARNING_RESEARCH\data\processed\ocr_best_integration\keyframes_full\v31\v31_01890s.png,success,fast
v31,C++,190,1900,2112.341,10,C:\NCKH\VIDEO_LEARNING_RESEARCH\data\processed\ocr_best_integration\keyframes_full\v31\v31_01900s.png,success,fast
v31,C++,191,1910,2112.341,10,C:\NCKH\VIDEO_LEARNING_RESEARCH\data\processed\ocr_best_integration\keyframes_full\v31\v31_01910s.png,success,fast
v31,C++,192,1920,2112.341,10,C:\NCKH\VIDEO_LEARNING_RESEARCH\data\processed\ocr_best_integration\keyframes_full\v31\v31_01920s.png,success,recovery
v31,C++,193,1930,2112.341,10,C:\NCKH\VIDEO_LEARNING_RESEARCH\data\processed\ocr_best_integration\keyframes_full\v31\v31_01930s.png,success,fast
v31,C++,194,1940,2112.341,10,C:\NCKH\VIDEO_LEARNING_RESEARCH\data\processed\ocr_best_integration\keyframes_full\v31\v31_01940s.png,success,fast
v31,C++,195,1950,2112.341,10,C:\NCKH\VIDEO_LEARNING_RESEARCH\data\processed\ocr_best_integration\keyframes_full\v31\v31_01950s.png,success,fast
v31,C++,196,1960,2112.341,10,C:\NCKH\VIDEO_LEARNING_RESEARCH\data\processed\ocr_best_integration\keyframes_full\v31\v31_01960s.png,success,fast
v31,C++,197,1970,2112.341,10,C:\NCKH\VIDEO_LEARNING_RESEARCH\data\processed\ocr_best_integration\keyframes_full\v31\v31_01970s.png,success,fast
v31,C++,198,1980,2112.341,10,C:\NCKH\VIDEO_LEARNING_RESEARCH\data\processed\ocr_best_integration\keyframes_full\v31\v31_01980s.png,success,recovery
v31,C++,199,1990,2112.341,10,C:\NCKH\VIDEO_LEARNING_RESEARCH\data\processed\ocr_best_integration\keyframes_full\v31\v31_01990s.png,success,fast
v31,C++,200,2000,2112.341,10,C:\NCKH\VIDEO_LEARNING_RESEARCH\data\processed\ocr_best_integration\keyframes_full\v31\v31_02000s.png,success,fast
v31,C++,201,2010,2112.341,10,C:\NCKH\VIDEO_LEARNING_RESEARCH\data\processed\ocr_best_integration\keyframes_full\v31\v31_02010s.png,success,fast
v31,C++,202,2020,2112.341,10,C:\NCKH\VIDEO_LEARNING_RESEARCH\data\processed\ocr_best_integration\keyframes_full\v31\v31_02020s.png,success,fast
v31,C++,203,2030,2112.341,10,C:\NCKH\VIDEO_LEARNING_RESEARCH\data\processed\ocr_best_integration\keyframes_full\v31\v31_02030s.png,success,fast
v31,C++,204,2040,2112.341,10,C:\NCKH\VIDEO_LEARNING_RESEARCH\data\processed\ocr_best_integration\keyframes_full\v31\v31_02040s.png,success,recovery
v31,C++,205,2050,2112.341,10,C:\NCKH\VIDEO_LEARNING_RESEARCH\data\processed\ocr_best_integration\keyframes_full\v31\v31_02050s.png,success,fast
v31,C++,206,2060,2112.341,10,C:\NCKH\VIDEO_LEARNING_RESEARCH\data\processed\ocr_best_integration\keyframes_full\v31\v31_02060s.png,success,fast
v31,C++,207,2070,2112.341,10,C:\NCKH\VIDEO_LEARNING_RESEARCH\data\processed\ocr_best_integration\keyframes_full\v31\v31_02070s.png,success,fast
v31,C++,208,2080,2112.341,10,C:\NCKH\VIDEO_LEARNING_RESEARCH\data\processed\ocr_best_integration\keyframes_full\v31\v31_02080s.png,success,fast
v31,C++,209,2090,2112.341,10,C:\NCKH\VIDEO_LEARNING_RESEARCH\data\processed\ocr_best_integration\keyframes_full\v31\v31_02090s.png,success,fast
v31,C++,210,2100,2112.341,10,,failed,failed
v31,C++,211,2110,2112.341,10,C:\NCKH\VIDEO_LEARNING_RESEARCH\data\processed\ocr_best_integration\keyframes_full\v31\v31_02110s.png,success,fast
v32,C++,0,0,683.041,10,C:\NCKH\VIDEO_LEARNING_RESEARCH\data\processed\ocr_best_integration\keyframes_full\v32\v32_00000s.png,success,fast
v32,C++,1,10,683.041,10,C:\NCKH\VIDEO_LEARNING_RESEARCH\data\processed\ocr_best_integration\keyframes_full\v32\v32_00010s.png,success,fast
v32,C++,2,20,683.041,10,C:\NCKH\VIDEO_LEARNING_RESEARCH\data\processed\ocr_best_integration\keyframes_full\v32\v32_00020s.png,success,fast
v32,C++,3,30,683.041,10,C:\NCKH\VIDEO_LEARNING_RESEARCH\data\processed\ocr_best_integration\keyframes_full\v32\v32_00030s.png,success,fast
v32,C++,4,40,683.041,10,C:\NCKH\VIDEO_LEARNING_RESEARCH\data\processed\ocr_best_integration\keyframes_full\v32\v32_00040s.png,success,fast
v32,C++,5,50,683.041,10,C:\NCKH\VIDEO_LEARNING_RESEARCH\data\processed\ocr_best_integration\keyframes_full\v32\v32_00050s.png,success,fast
v32,C++,6,60,683.041,10,C:\NCKH\VIDEO_LEARNING_RESEARCH\data\processed\ocr_best_integration\keyframes_full\v32\v32_00060s.png,success,recovery
v32,C++,7,70,683.041,10,C:\NCKH\VIDEO_LEARNING_RESEARCH\data\processed\ocr_best_integration\keyframes_full\v32\v32_00070s.png,success,fast
v32,C++,8,80,683.041,10,C:\NCKH\VIDEO_LEARNING_RESEARCH\data\processed\ocr_best_integration\keyframes_full\v32\v32_00080s.png,success,fast
v32,C++,9,90,683.041,10,C:\NCKH\VIDEO_LEARNING_RESEARCH\data\processed\ocr_best_integration\keyframes_full\v32\v32_00090s.png,success,fast
v32,C++,10,100,683.041,10,C:\NCKH\VIDEO_LEARNING_RESEARCH\data\processed\ocr_best_integration\keyframes_full\v32\v32_00100s.png,success,fast
v32,C++,11,110,683.041,10,C:\NCKH\VIDEO_LEARNING_RESEARCH\data\processed\ocr_best_integration\keyframes_full\v32\v32_00110s.png,success,fast
v32,C++,12,120,683.041,10,C:\NCKH\VIDEO_LEARNING_RESEARCH\data\processed\ocr_best_integration\keyframes_full\v32\v32_00120s.png,success,recovery
v32,C++,13,130,683.041,10,C:\NCKH\VIDEO_LEARNING_RESEARCH\data\processed\ocr_best_integration\keyframes_full\v32\v32_00130s.png,success,fast
v32,C++,14,140,683.041,10,C:\NCKH\VIDEO_LEARNING_RESEARCH\data\processed\ocr_best_integration\keyframes_full\v32\v32_00140s.png,success,fast
v32,C++,15,150,683.041,10,C:\NCKH\VIDEO_LEARNING_RESEARCH\data\processed\ocr_best_integration\keyframes_full\v32\v32_00150s.png,success,fast
v32,C++,16,160,683.041,10,C:\NCKH\VIDEO_LEARNING_RESEARCH\data\processed\ocr_best_integration\keyframes_full\v32\v32_00160s.png,success,fast
v32,C++,17,170,683.041,10,C:\NCKH\VIDEO_LEARNING_RESEARCH\data\processed\ocr_best_integration\keyframes_full\v32\v32_00170s.png,success,fast
v32,C++,18,180,683.041,10,C:\NCKH\VIDEO_LEARNING_RESEARCH\data\processed\ocr_best_integration\keyframes_full\v32\v32_00180s.png,success,recovery
v32,C++,19,190,683.041,10,C:\NCKH\VIDEO_LEARNING_RESEARCH\data\processed\ocr_best_integration\keyframes_full\v32\v32_00190s.png,success,fast
v32,C++,20,200,683.041,10,C:\NCKH\VIDEO_LEARNING_RESEARCH\data\processed\ocr_best_integration\keyframes_full\v32\v32_00200s.png,success,fast
v32,C++,21,210,683.041,10,C:\NCKH\VIDEO_LEARNING_RESEARCH\data\processed\ocr_best_integration\keyframes_full\v32\v32_00210s.png,success,fast
v32,C++,22,220,683.041,10,C:\NCKH\VIDEO_LEARNING_RESEARCH\data\processed\ocr_best_integration\keyframes_full\v32\v32_00220s.png,success,fast
v32,C++,23,230,683.041,10,C:\NCKH\VIDEO_LEARNING_RESEARCH\data\processed\ocr_best_integration\keyframes_full\v32\v32_00230s.png,success,fast
v32,C++,24,240,683.041,10,,failed,failed
v32,C++,25,250,683.041,10,C:\NCKH\VIDEO_LEARNING_RESEARCH\data\processed\ocr_best_integration\keyframes_full\v32\v32_00250s.png,success,fast
v32,C++,26,260,683.041,10,C:\NCKH\VIDEO_LEARNING_RESEARCH\data\processed\ocr_best_integration\keyframes_full\v32\v32_00260s.png,success,fast
v32,C++,27,270,683.041,10,C:\NCKH\VIDEO_LEARNING_RESEARCH\data\processed\ocr_best_integration\keyframes_full\v32\v32_00270s.png,success,fast
v32,C++,28,280,683.041,10,C:\NCKH\VIDEO_LEARNING_RESEARCH\data\processed\ocr_best_integration\keyframes_full\v32\v32_00280s.png,success,fast
v32,C++,29,290,683.041,10,C:\NCKH\VIDEO_LEARNING_RESEARCH\data\processed\ocr_best_integration\keyframes_full\v32\v32_00290s.png,success,fast
v32,C++,30,300,683.041,10,C:\NCKH\VIDEO_LEARNING_RESEARCH\data\processed\ocr_best_integration\keyframes_full\v32\v32_00300s.png,success,recovery
v32,C++,31,310,683.041,10,C:\NCKH\VIDEO_LEARNING_RESEARCH\data\processed\ocr_best_integration\keyframes_full\v32\v32_00310s.png,success,fast
v32,C++,32,320,683.041,10,C:\NCKH\VIDEO_LEARNING_RESEARCH\data\processed\ocr_best_integration\keyframes_full\v32\v32_00320s.png,success,fast
v32,C++,33,330,683.041,10,C:\NCKH\VIDEO_LEARNING_RESEARCH\data\processed\ocr_best_integration\keyframes_full\v32\v32_00330s.png,success,fast
v32,C++,34,340,683.041,10,C:\NCKH\VIDEO_LEARNING_RESEARCH\data\processed\ocr_best_integration\keyframes_full\v32\v32_00340s.png,success,fast
v32,C++,35,350,683.041,10,C:\NCKH\VIDEO_LEARNING_RESEARCH\data\processed\ocr_best_integration\keyframes_full\v32\v32_00350s.png,success,fast
v32,C++,36,360,683.041,10,,failed,failed
v32,C++,37,370,683.041,10,C:\NCKH\VIDEO_LEARNING_RESEARCH\data\processed\ocr_best_integration\keyframes_full\v32\v32_00370s.png,success,fast
v32,C++,38,380,683.041,10,C:\NCKH\VIDEO_LEARNING_RESEARCH\data\processed\ocr_best_integration\keyframes_full\v32\v32_00380s.png,success,fast
v32,C++,39,390,683.041,10,C:\NCKH\VIDEO_LEARNING_RESEARCH\data\processed\ocr_best_integration\keyframes_full\v32\v32_00390s.png,success,fast
v32,C++,40,400,683.041,10,C:\NCKH\VIDEO_LEARNING_RESEARCH\data\processed\ocr_best_integration\keyframes_full\v32\v32_00400s.png,success,fast
v32,C++,41,410,683.041,10,C:\NCKH\VIDEO_LEARNING_RESEARCH\data\processed\ocr_best_integration\keyframes_full\v32\v32_00410s.png,success,fast
v32,C++,42,420,683.041,10,C:\NCKH\VIDEO_LEARNING_RESEARCH\data\processed\ocr_best_integration\keyframes_full\v32\v32_00420s.png,success,recovery
v32,C++,43,430,683.041,10,C:\NCKH\VIDEO_LEARNING_RESEARCH\data\processed\ocr_best_integration\keyframes_full\v32\v32_00430s.png,success,fast
v32,C++,44,440,683.041,10,C:\NCKH\VIDEO_LEARNING_RESEARCH\data\processed\ocr_best_integration\keyframes_full\v32\v32_00440s.png,success,fast
v32,C++,45,450,683.041,10,C:\NCKH\VIDEO_LEARNING_RESEARCH\data\processed\ocr_best_integration\keyframes_full\v32\v32_00450s.png,success,fast
v32,C++,46,460,683.041,10,C:\NCKH\VIDEO_LEARNING_RESEARCH\data\processed\ocr_best_integration\keyframes_full\v32\v32_00460s.png,success,fast
v32,C++,47,470,683.041,10,C:\NCKH\VIDEO_LEARNING_RESEARCH\data\processed\ocr_best_integration\keyframes_full\v32\v32_00470s.png,success,fast
v32,C++,48,480,683.041,10,C:\NCKH\VIDEO_LEARNING_RESEARCH\data\processed\ocr_best_integration\keyframes_full\v32\v32_00480s.png,success,recovery
v32,C++,49,490,683.041,10,C:\NCKH\VIDEO_LEARNING_RESEARCH\data\processed\ocr_best_integration\keyframes_full\v32\v32_00490s.png,success,fast
v32,C++,50,500,683.041,10,C:\NCKH\VIDEO_LEARNING_RESEARCH\data\processed\ocr_best_integration\keyframes_full\v32\v32_00500s.png,success,fast
v32,C++,51,510,683.041,10,C:\NCKH\VIDEO_LEARNING_RESEARCH\data\processed\ocr_best_integration\keyframes_full\v32\v32_00510s.png,success,fast
v32,C++,52,520,683.041,10,C:\NCKH\VIDEO_LEARNING_RESEARCH\data\processed\ocr_best_integration\keyframes_full\v32\v32_00520s.png,success,fast
v32,C++,53,530,683.041,10,C:\NCKH\VIDEO_LEARNING_RESEARCH\data\processed\ocr_best_integration\keyframes_full\v32\v32_00530s.png,success,fast
v32,C++,54,540,683.041,10,C:\NCKH\VIDEO_LEARNING_RESEARCH\data\processed\ocr_best_integration\keyframes_full\v32\v32_00540s.png,success,recovery
v32,C++,55,550,683.041,10,C:\NCKH\VIDEO_LEARNING_RESEARCH\data\processed\ocr_best_integration\keyframes_full\v32\v32_00550s.png,success,fast
v32,C++,56,560,683.041,10,C:\NCKH\VIDEO_LEARNING_RESEARCH\data\processed\ocr_best_integration\keyframes_full\v32\v32_00560s.png,success,fast
v32,C++,57,570,683.041,10,C:\NCKH\VIDEO_LEARNING_RESEARCH\data\processed\ocr_best_integration\keyframes_full\v32\v32_00570s.png,success,fast
v32,C++,58,580,683.041,10,C:\NCKH\VIDEO_LEARNING_RESEARCH\data\processed\ocr_best_integration\keyframes_full\v32\v32_00580s.png,success,fast
v32,C++,59,590,683.041,10,C:\NCKH\VIDEO_LEARNING_RESEARCH\data\processed\ocr_best_integration\keyframes_full\v32\v32_00590s.png,success,fast
v32,C++,60,600,683.041,10,,failed,failed
v32,C++,61,610,683.041,10,C:\NCKH\VIDEO_LEARNING_RESEARCH\data\processed\ocr_best_integration\keyframes_full\v32\v32_00610s.png,success,fast
v32,C++,62,620,683.041,10,C:\NCKH\VIDEO_LEARNING_RESEARCH\data\processed\ocr_best_integration\keyframes_full\v32\v32_00620s.png,success,fast
v32,C++,63,630,683.041,10,C:\NCKH\VIDEO_LEARNING_RESEARCH\data\processed\ocr_best_integration\keyframes_full\v32\v32_00630s.png,success,fast
v32,C++,64,640,683.041,10,C:\NCKH\VIDEO_LEARNING_RESEARCH\data\processed\ocr_best_integration\keyframes_full\v32\v32_00640s.png,success,fast
v32,C++,65,650,683.041,10,C:\NCKH\VIDEO_LEARNING_RESEARCH\data\processed\ocr_best_integration\keyframes_full\v32\v32_00650s.png,success,fast
v32,C++,66,660,683.041,10,C:\NCKH\VIDEO_LEARNING_RESEARCH\data\processed\ocr_best_integration\keyframes_full\v32\v32_00660s.png,success,recovery
v32,C++,67,670,683.041,10,C:\NCKH\VIDEO_LEARNING_RESEARCH\data\processed\ocr_best_integration\keyframes_full\v32\v32_00670s.png,success,fast
v32,C++,68,680,683.041,10,C:\NCKH\VIDEO_LEARNING_RESEARCH\data\processed\ocr_best_integration\keyframes_full\v32\v32_00680s.png,success,fast
v33,C++,0,0,670.321,10,C:\NCKH\VIDEO_LEARNING_RESEARCH\data\processed\ocr_best_integration\keyframes_full\v33\v33_00000s.png,success,fast
v33,C++,1,10,670.321,10,C:\NCKH\VIDEO_LEARNING_RESEARCH\data\processed\ocr_best_integration\keyframes_full\v33\v33_00010s.png,success,fast
v33,C++,2,20,670.321,10,C:\NCKH\VIDEO_LEARNING_RESEARCH\data\processed\ocr_best_integration\keyframes_full\v33\v33_00020s.png,success,fast
v33,C++,3,30,670.321,10,C:\NCKH\VIDEO_LEARNING_RESEARCH\data\processed\ocr_best_integration\keyframes_full\v33\v33_00030s.png,success,fast
v33,C++,4,40,670.321,10,C:\NCKH\VIDEO_LEARNING_RESEARCH\data\processed\ocr_best_integration\keyframes_full\v33\v33_00040s.png,success,fast
v33,C++,5,50,670.321,10,C:\NCKH\VIDEO_LEARNING_RESEARCH\data\processed\ocr_best_integration\keyframes_full\v33\v33_00050s.png,success,fast
v33,C++,6,60,670.321,10,,failed,failed
v33,C++,7,70,670.321,10,C:\NCKH\VIDEO_LEARNING_RESEARCH\data\processed\ocr_best_integration\keyframes_full\v33\v33_00070s.png,success,fast
v33,C++,8,80,670.321,10,C:\NCKH\VIDEO_LEARNING_RESEARCH\data\processed\ocr_best_integration\keyframes_full\v33\v33_00080s.png,success,fast
v33,C++,9,90,670.321,10,C:\NCKH\VIDEO_LEARNING_RESEARCH\data\processed\ocr_best_integration\keyframes_full\v33\v33_00090s.png,success,fast
v33,C++,10,100,670.321,10,C:\NCKH\VIDEO_LEARNING_RESEARCH\data\processed\ocr_best_integration\keyframes_full\v33\v33_00100s.png,success,fast
v33,C++,11,110,670.321,10,C:\NCKH\VIDEO_LEARNING_RESEARCH\data\processed\ocr_best_integration\keyframes_full\v33\v33_00110s.png,success,fast
v33,C++,12,120,670.321,10,,failed,failed
v33,C++,13,130,670.321,10,C:\NCKH\VIDEO_LEARNING_RESEARCH\data\processed\ocr_best_integration\keyframes_full\v33\v33_00130s.png,success,fast
v33,C++,14,140,670.321,10,C:\NCKH\VIDEO_LEARNING_RESEARCH\data\processed\ocr_best_integration\keyframes_full\v33\v33_00140s.png,success,fast
v33,C++,15,150,670.321,10,C:\NCKH\VIDEO_LEARNING_RESEARCH\data\processed\ocr_best_integration\keyframes_full\v33\v33_00150s.png,success,fast
v33,C++,16,160,670.321,10,C:\NCKH\VIDEO_LEARNING_RESEARCH\data\processed\ocr_best_integration\keyframes_full\v33\v33_00160s.png,success,fast
v33,C++,17,170,670.321,10,C:\NCKH\VIDEO_LEARNING_RESEARCH\data\processed\ocr_best_integration\keyframes_full\v33\v33_00170s.png,success,fast
v33,C++,18,180,670.321,10,C:\NCKH\VIDEO_LEARNING_RESEARCH\data\processed\ocr_best_integration\keyframes_full\v33\v33_00180s.png,success,recovery
v33,C++,19,190,670.321,10,C:\NCKH\VIDEO_LEARNING_RESEARCH\data\processed\ocr_best_integration\keyframes_full\v33\v33_00190s.png,success,fast
v33,C++,20,200,670.321,10,C:\NCKH\VIDEO_LEARNING_RESEARCH\data\processed\ocr_best_integration\keyframes_full\v33\v33_00200s.png,success,fast
v33,C++,21,210,670.321,10,C:\NCKH\VIDEO_LEARNING_RESEARCH\data\processed\ocr_best_integration\keyframes_full\v33\v33_00210s.png,success,fast
v33,C++,22,220,670.321,10,C:\NCKH\VIDEO_LEARNING_RESEARCH\data\processed\ocr_best_integration\keyframes_full\v33\v33_00220s.png,success,fast
v33,C++,23,230,670.321,10,C:\NCKH\VIDEO_LEARNING_RESEARCH\data\processed\ocr_best_integration\keyframes_full\v33\v33_00230s.png,success,fast
v33,C++,24,240,670.321,10,,failed,failed
v33,C++,25,250,670.321,10,C:\NCKH\VIDEO_LEARNING_RESEARCH\data\processed\ocr_best_integration\keyframes_full\v33\v33_00250s.png,success,fast
v33,C++,26,260,670.321,10,C:\NCKH\VIDEO_LEARNING_RESEARCH\data\processed\ocr_best_integration\keyframes_full\v33\v33_00260s.png,success,fast
v33,C++,27,270,670.321,10,C:\NCKH\VIDEO_LEARNING_RESEARCH\data\processed\ocr_best_integration\keyframes_full\v33\v33_00270s.png,success,fast
v33,C++,28,280,670.321,10,C:\NCKH\VIDEO_LEARNING_RESEARCH\data\processed\ocr_best_integration\keyframes_full\v33\v33_00280s.png,success,fast
v33,C++,29,290,670.321,10,C:\NCKH\VIDEO_LEARNING_RESEARCH\data\processed\ocr_best_integration\keyframes_full\v33\v33_00290s.png,success,fast
v33,C++,30,300,670.321,10,C:\NCKH\VIDEO_LEARNING_RESEARCH\data\processed\ocr_best_integration\keyframes_full\v33\v33_00300s.png,success,recovery
v33,C++,31,310,670.321,10,C:\NCKH\VIDEO_LEARNING_RESEARCH\data\processed\ocr_best_integration\keyframes_full\v33\v33_00310s.png,success,fast
v33,C++,32,320,670.321,10,C:\NCKH\VIDEO_LEARNING_RESEARCH\data\processed\ocr_best_integration\keyframes_full\v33\v33_00320s.png,success,fast
v33,C++,33,330,670.321,10,C:\NCKH\VIDEO_LEARNING_RESEARCH\data\processed\ocr_best_integration\keyframes_full\v33\v33_00330s.png,success,fast
v33,C++,34,340,670.321,10,C:\NCKH\VIDEO_LEARNING_RESEARCH\data\processed\ocr_best_integration\keyframes_full\v33\v33_00340s.png,success,fast
v33,C++,35,350,670.321,10,C:\NCKH\VIDEO_LEARNING_RESEARCH\data\processed\ocr_best_integration\keyframes_full\v33\v33_00350s.png,success,fast
v33,C++,36,360,670.321,10,C:\NCKH\VIDEO_LEARNING_RESEARCH\data\processed\ocr_best_integration\keyframes_full\v33\v33_00360s.png,success,recovery
v33,C++,37,370,670.321,10,C:\NCKH\VIDEO_LEARNING_RESEARCH\data\processed\ocr_best_integration\keyframes_full\v33\v33_00370s.png,success,fast
v33,C++,38,380,670.321,10,C:\NCKH\VIDEO_LEARNING_RESEARCH\data\processed\ocr_best_integration\keyframes_full\v33\v33_00380s.png,success,fast
v33,C++,39,390,670.321,10,C:\NCKH\VIDEO_LEARNING_RESEARCH\data\processed\ocr_best_integration\keyframes_full\v33\v33_00390s.png,success,fast
v33,C++,40,400,670.321,10,C:\NCKH\VIDEO_LEARNING_RESEARCH\data\processed\ocr_best_integration\keyframes_full\v33\v33_00400s.png,success,fast
v33,C++,41,410,670.321,10,C:\NCKH\VIDEO_LEARNING_RESEARCH\data\processed\ocr_best_integration\keyframes_full\v33\v33_00410s.png,success,fast
v33,C++,42,420,670.321,10,,failed,failed
v33,C++,43,430,670.321,10,C:\NCKH\VIDEO_LEARNING_RESEARCH\data\processed\ocr_best_integration\keyframes_full\v33\v33_00430s.png,success,fast
v33,C++,44,440,670.321,10,C:\NCKH\VIDEO_LEARNING_RESEARCH\data\processed\ocr_best_integration\keyframes_full\v33\v33_00440s.png,success,fast
v33,C++,45,450,670.321,10,C:\NCKH\VIDEO_LEARNING_RESEARCH\data\processed\ocr_best_integration\keyframes_full\v33\v33_00450s.png,success,fast
v33,C++,46,460,670.321,10,C:\NCKH\VIDEO_LEARNING_RESEARCH\data\processed\ocr_best_integration\keyframes_full\v33\v33_00460s.png,success,fast
v33,C++,47,470,670.321,10,C:\NCKH\VIDEO_LEARNING_RESEARCH\data\processed\ocr_best_integration\keyframes_full\v33\v33_00470s.png,success,fast
v33,C++,48,480,670.321,10,C:\NCKH\VIDEO_LEARNING_RESEARCH\data\processed\ocr_best_integration\keyframes_full\v33\v33_00480s.png,success,recovery
v33,C++,49,490,670.321,10,C:\NCKH\VIDEO_LEARNING_RESEARCH\data\processed\ocr_best_integration\keyframes_full\v33\v33_00490s.png,success,fast
v33,C++,50,500,670.321,10,C:\NCKH\VIDEO_LEARNING_RESEARCH\data\processed\ocr_best_integration\keyframes_full\v33\v33_00500s.png,success,fast
v33,C++,51,510,670.321,10,C:\NCKH\VIDEO_LEARNING_RESEARCH\data\processed\ocr_best_integration\keyframes_full\v33\v33_00510s.png,success,fast
v33,C++,52,520,670.321,10,C:\NCKH\VIDEO_LEARNING_RESEARCH\data\processed\ocr_best_integration\keyframes_full\v33\v33_00520s.png,success,fast
v33,C++,53,530,670.321,10,C:\NCKH\VIDEO_LEARNING_RESEARCH\data\processed\ocr_best_integration\keyframes_full\v33\v33_00530s.png,success,fast
v33,C++,54,540,670.321,10,C:\NCKH\VIDEO_LEARNING_RESEARCH\data\processed\ocr_best_integration\keyframes_full\v33\v33_00540s.png,success,recovery
v33,C++,55,550,670.321,10,C:\NCKH\VIDEO_LEARNING_RESEARCH\data\processed\ocr_best_integration\keyframes_full\v33\v33_00550s.png,success,fast
v33,C++,56,560,670.321,10,C:\NCKH\VIDEO_LEARNING_RESEARCH\data\processed\ocr_best_integration\keyframes_full\v33\v33_00560s.png,success,fast
v33,C++,57,570,670.321,10,C:\NCKH\VIDEO_LEARNING_RESEARCH\data\processed\ocr_best_integration\keyframes_full\v33\v33_00570s.png,success,fast
v33,C++,58,580,670.321,10,C:\NCKH\VIDEO_LEARNING_RESEARCH\data\processed\ocr_best_integration\keyframes_full\v33\v33_00580s.png,success,fast
v33,C++,59,590,670.321,10,C:\NCKH\VIDEO_LEARNING_RESEARCH\data\processed\ocr_best_integration\keyframes_full\v33\v33_00590s.png,success,fast
v33,C++,60,600,670.321,10,,failed,failed
v33,C++,61,610,670.321,10,C:\NCKH\VIDEO_LEARNING_RESEARCH\data\processed\ocr_best_integration\keyframes_full\v33\v33_00610s.png,success,fast
v33,C++,62,620,670.321,10,C:\NCKH\VIDEO_LEARNING_RESEARCH\data\processed\ocr_best_integration\keyframes_full\v33\v33_00620s.png,success,fast
v33,C++,63,630,670.321,10,C:\NCKH\VIDEO_LEARNING_RESEARCH\data\processed\ocr_best_integration\keyframes_full\v33\v33_00630s.png,success,fast
v33,C++,64,640,670.321,10,C:\NCKH\VIDEO_LEARNING_RESEARCH\data\processed\ocr_best_integration\keyframes_full\v33\v33_00640s.png,success,fast
v33,C++,65,650,670.321,10,C:\NCKH\VIDEO_LEARNING_RESEARCH\data\processed\ocr_best_integration\keyframes_full\v33\v33_00650s.png,success,fast
v33,C++,66,660,670.321,10,C:\NCKH\VIDEO_LEARNING_RESEARCH\data\processed\ocr_best_integration\keyframes_full\v33\v33_00660s.png,success,recovery
v34,C++,0,0,612.141,10,C:\NCKH\VIDEO_LEARNING_RESEARCH\data\processed\ocr_best_integration\keyframes_full\v34\v34_00000s.png,success,fast
v34,C++,1,10,612.141,10,C:\NCKH\VIDEO_LEARNING_RESEARCH\data\processed\ocr_best_integration\keyframes_full\v34\v34_00010s.png,success,fast
v34,C++,2,20,612.141,10,C:\NCKH\VIDEO_LEARNING_RESEARCH\data\processed\ocr_best_integration\keyframes_full\v34\v34_00020s.png,success,fast
v34,C++,3,30,612.141,10,C:\NCKH\VIDEO_LEARNING_RESEARCH\data\processed\ocr_best_integration\keyframes_full\v34\v34_00030s.png,success,fast
v34,C++,4,40,612.141,10,C:\NCKH\VIDEO_LEARNING_RESEARCH\data\processed\ocr_best_integration\keyframes_full\v34\v34_00040s.png,success,fast
v34,C++,5,50,612.141,10,C:\NCKH\VIDEO_LEARNING_RESEARCH\data\processed\ocr_best_integration\keyframes_full\v34\v34_00050s.png,success,fast
v34,C++,6,60,612.141,10,,failed,failed
v34,C++,7,70,612.141,10,C:\NCKH\VIDEO_LEARNING_RESEARCH\data\processed\ocr_best_integration\keyframes_full\v34\v34_00070s.png,success,fast
v34,C++,8,80,612.141,10,C:\NCKH\VIDEO_LEARNING_RESEARCH\data\processed\ocr_best_integration\keyframes_full\v34\v34_00080s.png,success,fast
v34,C++,9,90,612.141,10,C:\NCKH\VIDEO_LEARNING_RESEARCH\data\processed\ocr_best_integration\keyframes_full\v34\v34_00090s.png,success,fast
v34,C++,10,100,612.141,10,C:\NCKH\VIDEO_LEARNING_RESEARCH\data\processed\ocr_best_integration\keyframes_full\v34\v34_00100s.png,success,fast
v34,C++,11,110,612.141,10,C:\NCKH\VIDEO_LEARNING_RESEARCH\data\processed\ocr_best_integration\keyframes_full\v34\v34_00110s.png,success,fast
v34,C++,12,120,612.141,10,C:\NCKH\VIDEO_LEARNING_RESEARCH\data\processed\ocr_best_integration\keyframes_full\v34\v34_00120s.png,success,recovery
v34,C++,13,130,612.141,10,C:\NCKH\VIDEO_LEARNING_RESEARCH\data\processed\ocr_best_integration\keyframes_full\v34\v34_00130s.png,success,fast
v34,C++,14,140,612.141,10,C:\NCKH\VIDEO_LEARNING_RESEARCH\data\processed\ocr_best_integration\keyframes_full\v34\v34_00140s.png,success,fast
v34,C++,15,150,612.141,10,C:\NCKH\VIDEO_LEARNING_RESEARCH\data\processed\ocr_best_integration\keyframes_full\v34\v34_00150s.png,success,fast
v34,C++,16,160,612.141,10,C:\NCKH\VIDEO_LEARNING_RESEARCH\data\processed\ocr_best_integration\keyframes_full\v34\v34_00160s.png,success,fast
v34,C++,17,170,612.141,10,C:\NCKH\VIDEO_LEARNING_RESEARCH\data\processed\ocr_best_integration\keyframes_full\v34\v34_00170s.png,success,fast
v34,C++,18,180,612.141,10,C:\NCKH\VIDEO_LEARNING_RESEARCH\data\processed\ocr_best_integration\keyframes_full\v34\v34_00180s.png,success,recovery
v34,C++,19,190,612.141,10,C:\NCKH\VIDEO_LEARNING_RESEARCH\data\processed\ocr_best_integration\keyframes_full\v34\v34_00190s.png,success,fast
v34,C++,20,200,612.141,10,C:\NCKH\VIDEO_LEARNING_RESEARCH\data\processed\ocr_best_integration\keyframes_full\v34\v34_00200s.png,success,fast
v34,C++,21,210,612.141,10,C:\NCKH\VIDEO_LEARNING_RESEARCH\data\processed\ocr_best_integration\keyframes_full\v34\v34_00210s.png,success,fast
v34,C++,22,220,612.141,10,C:\NCKH\VIDEO_LEARNING_RESEARCH\data\processed\ocr_best_integration\keyframes_full\v34\v34_00220s.png,success,fast
v34,C++,23,230,612.141,10,C:\NCKH\VIDEO_LEARNING_RESEARCH\data\processed\ocr_best_integration\keyframes_full\v34\v34_00230s.png,success,fast
v34,C++,24,240,612.141,10,C:\NCKH\VIDEO_LEARNING_RESEARCH\data\processed\ocr_best_integration\keyframes_full\v34\v34_00240s.png,success,recovery
v34,C++,25,250,612.141,10,C:\NCKH\VIDEO_LEARNING_RESEARCH\data\processed\ocr_best_integration\keyframes_full\v34\v34_00250s.png,success,fast
v34,C++,26,260,612.141,10,C:\NCKH\VIDEO_LEARNING_RESEARCH\data\processed\ocr_best_integration\keyframes_full\v34\v34_00260s.png,success,fast
v34,C++,27,270,612.141,10,C:\NCKH\VIDEO_LEARNING_RESEARCH\data\processed\ocr_best_integration\keyframes_full\v34\v34_00270s.png,success,fast
v34,C++,28,280,612.141,10,C:\NCKH\VIDEO_LEARNING_RESEARCH\data\processed\ocr_best_integration\keyframes_full\v34\v34_00280s.png,success,fast
v34,C++,29,290,612.141,10,C:\NCKH\VIDEO_LEARNING_RESEARCH\data\processed\ocr_best_integration\keyframes_full\v34\v34_00290s.png,success,fast
v34,C++,30,300,612.141,10,,failed,failed
v34,C++,31,310,612.141,10,C:\NCKH\VIDEO_LEARNING_RESEARCH\data\processed\ocr_best_integration\keyframes_full\v34\v34_00310s.png,success,fast
v34,C++,32,320,612.141,10,C:\NCKH\VIDEO_LEARNING_RESEARCH\data\processed\ocr_best_integration\keyframes_full\v34\v34_00320s.png,success,fast
v34,C++,33,330,612.141,10,C:\NCKH\VIDEO_LEARNING_RESEARCH\data\processed\ocr_best_integration\keyframes_full\v34\v34_00330s.png,success,fast
v34,C++,34,340,612.141,10,C:\NCKH\VIDEO_LEARNING_RESEARCH\data\processed\ocr_best_integration\keyframes_full\v34\v34_00340s.png,success,fast
v34,C++,35,350,612.141,10,C:\NCKH\VIDEO_LEARNING_RESEARCH\data\processed\ocr_best_integration\keyframes_full\v34\v34_00350s.png,success,fast
v34,C++,36,360,612.141,10,C:\NCKH\VIDEO_LEARNING_RESEARCH\data\processed\ocr_best_integration\keyframes_full\v34\v34_00360s.png,success,recovery
v34,C++,37,370,612.141,10,C:\NCKH\VIDEO_LEARNING_RESEARCH\data\processed\ocr_best_integration\keyframes_full\v34\v34_00370s.png,success,fast
v34,C++,38,380,612.141,10,C:\NCKH\VIDEO_LEARNING_RESEARCH\data\processed\ocr_best_integration\keyframes_full\v34\v34_00380s.png,success,fast
v34,C++,39,390,612.141,10,C:\NCKH\VIDEO_LEARNING_RESEARCH\data\processed\ocr_best_integration\keyframes_full\v34\v34_00390s.png,success,fast
v34,C++,40,400,612.141,10,C:\NCKH\VIDEO_LEARNING_RESEARCH\data\processed\ocr_best_integration\keyframes_full\v34\v34_00400s.png,success,fast
v34,C++,41,410,612.141,10,C:\NCKH\VIDEO_LEARNING_RESEARCH\data\processed\ocr_best_integration\keyframes_full\v34\v34_00410s.png,success,fast
v34,C++,42,420,612.141,10,,failed,failed
v34,C++,43,430,612.141,10,C:\NCKH\VIDEO_LEARNING_RESEARCH\data\processed\ocr_best_integration\keyframes_full\v34\v34_00430s.png,success,fast
v34,C++,44,440,612.141,10,C:\NCKH\VIDEO_LEARNING_RESEARCH\data\processed\ocr_best_integration\keyframes_full\v34\v34_00440s.png,success,fast
v34,C++,45,450,612.141,10,C:\NCKH\VIDEO_LEARNING_RESEARCH\data\processed\ocr_best_integration\keyframes_full\v34\v34_00450s.png,success,fast
v34,C++,46,460,612.141,10,C:\NCKH\VIDEO_LEARNING_RESEARCH\data\processed\ocr_best_integration\keyframes_full\v34\v34_00460s.png,success,fast
v34,C++,47,470,612.141,10,C:\NCKH\VIDEO_LEARNING_RESEARCH\data\processed\ocr_best_integration\keyframes_full\v34\v34_00470s.png,success,fast
v34,C++,48,480,612.141,10,C:\NCKH\VIDEO_LEARNING_RESEARCH\data\processed\ocr_best_integration\keyframes_full\v34\v34_00480s.png,success,recovery
v34,C++,49,490,612.141,10,C:\NCKH\VIDEO_LEARNING_RESEARCH\data\processed\ocr_best_integration\keyframes_full\v34\v34_00490s.png,success,fast
v34,C++,50,500,612.141,10,C:\NCKH\VIDEO_LEARNING_RESEARCH\data\processed\ocr_best_integration\keyframes_full\v34\v34_00500s.png,success,fast
v34,C++,51,510,612.141,10,C:\NCKH\VIDEO_LEARNING_RESEARCH\data\processed\ocr_best_integration\keyframes_full\v34\v34_00510s.png,success,fast
v34,C++,52,520,612.141,10,C:\NCKH\VIDEO_LEARNING_RESEARCH\data\processed\ocr_best_integration\keyframes_full\v34\v34_00520s.png,success,fast
v34,C++,53,530,612.141,10,C:\NCKH\VIDEO_LEARNING_RESEARCH\data\processed\ocr_best_integration\keyframes_full\v34\v34_00530s.png,success,fast
v34,C++,54,540,612.141,10,,failed,failed
v34,C++,55,550,612.141,10,C:\NCKH\VIDEO_LEARNING_RESEARCH\data\processed\ocr_best_integration\keyframes_full\v34\v34_00550s.png,success,fast
v34,C++,56,560,612.141,10,C:\NCKH\VIDEO_LEARNING_RESEARCH\data\processed\ocr_best_integration\keyframes_full\v34\v34_00560s.png,success,fast
v34,C++,57,570,612.141,10,C:\NCKH\VIDEO_LEARNING_RESEARCH\data\processed\ocr_best_integration\keyframes_full\v34\v34_00570s.png,success,fast
v34,C++,58,580,612.141,10,C:\NCKH\VIDEO_LEARNING_RESEARCH\data\processed\ocr_best_integration\keyframes_full\v34\v34_00580s.png,success,fast
v34,C++,59,590,612.141,10,C:\NCKH\VIDEO_LEARNING_RESEARCH\data\processed\ocr_best_integration\keyframes_full\v34\v34_00590s.png,success,fast
v34,C++,60,600,612.141,10,,failed,failed
v34,C++,61,610,612.141,10,C:\NCKH\VIDEO_LEARNING_RESEARCH\data\processed\ocr_best_integration\keyframes_full\v34\v34_00610s.png,success,fast
v35,C++,0,0,495.561,10,C:\NCKH\VIDEO_LEARNING_RESEARCH\data\processed\ocr_best_integration\keyframes_full\v35\v35_00000s.png,success,fast
v35,C++,1,10,495.561,10,C:\NCKH\VIDEO_LEARNING_RESEARCH\data\processed\ocr_best_integration\keyframes_full\v35\v35_00010s.png,success,fast
v35,C++,2,20,495.561,10,C:\NCKH\VIDEO_LEARNING_RESEARCH\data\processed\ocr_best_integration\keyframes_full\v35\v35_00020s.png,success,fast
v35,C++,3,30,495.561,10,C:\NCKH\VIDEO_LEARNING_RESEARCH\data\processed\ocr_best_integration\keyframes_full\v35\v35_00030s.png,success,fast
v35,C++,4,40,495.561,10,C:\NCKH\VIDEO_LEARNING_RESEARCH\data\processed\ocr_best_integration\keyframes_full\v35\v35_00040s.png,success,fast
v35,C++,5,50,495.561,10,C:\NCKH\VIDEO_LEARNING_RESEARCH\data\processed\ocr_best_integration\keyframes_full\v35\v35_00050s.png,success,fast
v35,C++,6,60,495.561,10,,failed,failed
v35,C++,7,70,495.561,10,C:\NCKH\VIDEO_LEARNING_RESEARCH\data\processed\ocr_best_integration\keyframes_full\v35\v35_00070s.png,success,fast
v35,C++,8,80,495.561,10,C:\NCKH\VIDEO_LEARNING_RESEARCH\data\processed\ocr_best_integration\keyframes_full\v35\v35_00080s.png,success,fast
v35,C++,9,90,495.561,10,C:\NCKH\VIDEO_LEARNING_RESEARCH\data\processed\ocr_best_integration\keyframes_full\v35\v35_00090s.png,success,fast
v35,C++,10,100,495.561,10,C:\NCKH\VIDEO_LEARNING_RESEARCH\data\processed\ocr_best_integration\keyframes_full\v35\v35_00100s.png,success,fast
v35,C++,11,110,495.561,10,C:\NCKH\VIDEO_LEARNING_RESEARCH\data\processed\ocr_best_integration\keyframes_full\v35\v35_00110s.png,success,fast
v35,C++,12,120,495.561,10,C:\NCKH\VIDEO_LEARNING_RESEARCH\data\processed\ocr_best_integration\keyframes_full\v35\v35_00120s.png,success,recovery
v35,C++,13,130,495.561,10,C:\NCKH\VIDEO_LEARNING_RESEARCH\data\processed\ocr_best_integration\keyframes_full\v35\v35_00130s.png,success,fast
v35,C++,14,140,495.561,10,C:\NCKH\VIDEO_LEARNING_RESEARCH\data\processed\ocr_best_integration\keyframes_full\v35\v35_00140s.png,success,fast
v35,C++,15,150,495.561,10,C:\NCKH\VIDEO_LEARNING_RESEARCH\data\processed\ocr_best_integration\keyframes_full\v35\v35_00150s.png,success,fast
v35,C++,16,160,495.561,10,C:\NCKH\VIDEO_LEARNING_RESEARCH\data\processed\ocr_best_integration\keyframes_full\v35\v35_00160s.png,success,fast
v35,C++,17,170,495.561,10,C:\NCKH\VIDEO_LEARNING_RESEARCH\data\processed\ocr_best_integration\keyframes_full\v35\v35_00170s.png,success,fast
v35,C++,18,180,495.561,10,,failed,failed
v35,C++,19,190,495.561,10,C:\NCKH\VIDEO_LEARNING_RESEARCH\data\processed\ocr_best_integration\keyframes_full\v35\v35_00190s.png,success,fast
v35,C++,20,200,495.561,10,C:\NCKH\VIDEO_LEARNING_RESEARCH\data\processed\ocr_best_integration\keyframes_full\v35\v35_00200s.png,success,fast
v35,C++,21,210,495.561,10,C:\NCKH\VIDEO_LEARNING_RESEARCH\data\processed\ocr_best_integration\keyframes_full\v35\v35_00210s.png,success,fast
v35,C++,22,220,495.561,10,C:\NCKH\VIDEO_LEARNING_RESEARCH\data\processed\ocr_best_integration\keyframes_full\v35\v35_00220s.png,success,fast
v35,C++,23,230,495.561,10,C:\NCKH\VIDEO_LEARNING_RESEARCH\data\processed\ocr_best_integration\keyframes_full\v35\v35_00230s.png,success,fast
v35,C++,24,240,495.561,10,C:\NCKH\VIDEO_LEARNING_RESEARCH\data\processed\ocr_best_integration\keyframes_full\v35\v35_00240s.png,success,recovery
v35,C++,25,250,495.561,10,C:\NCKH\VIDEO_LEARNING_RESEARCH\data\processed\ocr_best_integration\keyframes_full\v35\v35_00250s.png,success,fast
v35,C++,26,260,495.561,10,C:\NCKH\VIDEO_LEARNING_RESEARCH\data\processed\ocr_best_integration\keyframes_full\v35\v35_00260s.png,success,fast
v35,C++,27,270,495.561,10,C:\NCKH\VIDEO_LEARNING_RESEARCH\data\processed\ocr_best_integration\keyframes_full\v35\v35_00270s.png,success,fast
v35,C++,28,280,495.561,10,C:\NCKH\VIDEO_LEARNING_RESEARCH\data\processed\ocr_best_integration\keyframes_full\v35\v35_00280s.png,success,fast
v35,C++,29,290,495.561,10,C:\NCKH\VIDEO_LEARNING_RESEARCH\data\processed\ocr_best_integration\keyframes_full\v35\v35_00290s.png,success,fast
v35,C++,30,300,495.561,10,C:\NCKH\VIDEO_LEARNING_RESEARCH\data\processed\ocr_best_integration\keyframes_full\v35\v35_00300s.png,success,recovery
v35,C++,31,310,495.561,10,C:\NCKH\VIDEO_LEARNING_RESEARCH\data\processed\ocr_best_integration\keyframes_full\v35\v35_00310s.png,success,fast
v35,C++,32,320,495.561,10,C:\NCKH\VIDEO_LEARNING_RESEARCH\data\processed\ocr_best_integration\keyframes_full\v35\v35_00320s.png,success,fast
v35,C++,33,330,495.561,10,C:\NCKH\VIDEO_LEARNING_RESEARCH\data\processed\ocr_best_integration\keyframes_full\v35\v35_00330s.png,success,fast
v35,C++,34,340,495.561,10,C:\NCKH\VIDEO_LEARNING_RESEARCH\data\processed\ocr_best_integration\keyframes_full\v35\v35_00340s.png,success,fast
v35,C++,35,350,495.561,10,C:\NCKH\VIDEO_LEARNING_RESEARCH\data\processed\ocr_best_integration\keyframes_full\v35\v35_00350s.png,success,fast
v35,C++,36,360,495.561,10,C:\NCKH\VIDEO_LEARNING_RESEARCH\data\processed\ocr_best_integration\keyframes_full\v35\v35_00360s.png,success,recovery
v35,C++,37,370,495.561,10,C:\NCKH\VIDEO_LEARNING_RESEARCH\data\processed\ocr_best_integration\keyframes_full\v35\v35_00370s.png,success,fast
v35,C++,38,380,495.561,10,C:\NCKH\VIDEO_LEARNING_RESEARCH\data\processed\ocr_best_integration\keyframes_full\v35\v35_00380s.png,success,fast
v35,C++,39,390,495.561,10,C:\NCKH\VIDEO_LEARNING_RESEARCH\data\processed\ocr_best_integration\keyframes_full\v35\v35_00390s.png,success,fast
v35,C++,40,400,495.561,10,C:\NCKH\VIDEO_LEARNING_RESEARCH\data\processed\ocr_best_integration\keyframes_full\v35\v35_00400s.png,success,fast
v35,C++,41,410,495.561,10,C:\NCKH\VIDEO_LEARNING_RESEARCH\data\processed\ocr_best_integration\keyframes_full\v35\v35_00410s.png,success,fast
v35,C++,42,420,495.561,10,C:\NCKH\VIDEO_LEARNING_RESEARCH\data\processed\ocr_best_integration\keyframes_full\v35\v35_00420s.png,success,recovery
v35,C++,43,430,495.561,10,C:\NCKH\VIDEO_LEARNING_RESEARCH\data\processed\ocr_best_integration\keyframes_full\v35\v35_00430s.png,success,fast
v35,C++,44,440,495.561,10,C:\NCKH\VIDEO_LEARNING_RESEARCH\data\processed\ocr_best_integration\keyframes_full\v35\v35_00440s.png,success,fast
v35,C++,45,450,495.561,10,C:\NCKH\VIDEO_LEARNING_RESEARCH\data\processed\ocr_best_integration\keyframes_full\v35\v35_00450s.png,success,fast
v35,C++,46,460,495.561,10,C:\NCKH\VIDEO_LEARNING_RESEARCH\data\processed\ocr_best_integration\keyframes_full\v35\v35_00460s.png,success,fast
v35,C++,47,470,495.561,10,C:\NCKH\VIDEO_LEARNING_RESEARCH\data\processed\ocr_best_integration\keyframes_full\v35\v35_00470s.png,success,fast
v35,C++,48,480,495.561,10,,failed,failed
v35,C++,49,490,495.561,10,C:\NCKH\VIDEO_LEARNING_RESEARCH\data\processed\ocr_best_integration\keyframes_full\v35\v35_00490s.png,success,fast
v36,C++,0,0,5.021,10,C:\NCKH\VIDEO_LEARNING_RESEARCH\data\processed\ocr_best_integration\keyframes_full\v36\v36_00000s.png,success,fast
v37,C++,0,0,63.621,10,C:\NCKH\VIDEO_LEARNING_RESEARCH\data\processed\ocr_best_integration\keyframes_full\v37\v37_00000s.png,success,fast
v37,C++,1,10,63.621,10,C:\NCKH\VIDEO_LEARNING_RESEARCH\data\processed\ocr_best_integration\keyframes_full\v37\v37_00010s.png,success,fast
v37,C++,2,20,63.621,10,C:\NCKH\VIDEO_LEARNING_RESEARCH\data\processed\ocr_best_integration\keyframes_full\v37\v37_00020s.png,success,fast
v37,C++,3,30,63.621,10,C:\NCKH\VIDEO_LEARNING_RESEARCH\data\processed\ocr_best_integration\keyframes_full\v37\v37_00030s.png,success,fast
v37,C++,4,40,63.621,10,C:\NCKH\VIDEO_LEARNING_RESEARCH\data\processed\ocr_best_integration\keyframes_full\v37\v37_00040s.png,success,fast
v37,C++,5,50,63.621,10,C:\NCKH\VIDEO_LEARNING_RESEARCH\data\processed\ocr_best_integration\keyframes_full\v37\v37_00050s.png,success,fast
v37,C++,6,60,63.621,10,C:\NCKH\VIDEO_LEARNING_RESEARCH\data\processed\ocr_best_integration\keyframes_full\v37\v37_00060s.png,success,fast
v38,C++,0,0,479.681,10,C:\NCKH\VIDEO_LEARNING_RESEARCH\data\processed\ocr_best_integration\keyframes_full\v38\v38_00000s.png,success,fast
v38,C++,1,10,479.681,10,C:\NCKH\VIDEO_LEARNING_RESEARCH\data\processed\ocr_best_integration\keyframes_full\v38\v38_00010s.png,success,fast
v38,C++,2,20,479.681,10,C:\NCKH\VIDEO_LEARNING_RESEARCH\data\processed\ocr_best_integration\keyframes_full\v38\v38_00020s.png,success,fast
v38,C++,3,30,479.681,10,C:\NCKH\VIDEO_LEARNING_RESEARCH\data\processed\ocr_best_integration\keyframes_full\v38\v38_00030s.png,success,fast
v38,C++,4,40,479.681,10,C:\NCKH\VIDEO_LEARNING_RESEARCH\data\processed\ocr_best_integration\keyframes_full\v38\v38_00040s.png,success,fast
v38,C++,5,50,479.681,10,C:\NCKH\VIDEO_LEARNING_RESEARCH\data\processed\ocr_best_integration\keyframes_full\v38\v38_00050s.png,success,fast
v38,C++,6,60,479.681,10,,failed,failed
v38,C++,7,70,479.681,10,C:\NCKH\VIDEO_LEARNING_RESEARCH\data\processed\ocr_best_integration\keyframes_full\v38\v38_00070s.png,success,fast
v38,C++,8,80,479.681,10,C:\NCKH\VIDEO_LEARNING_RESEARCH\data\processed\ocr_best_integration\keyframes_full\v38\v38_00080s.png,success,fast
v38,C++,9,90,479.681,10,C:\NCKH\VIDEO_LEARNING_RESEARCH\data\processed\ocr_best_integration\keyframes_full\v38\v38_00090s.png,success,fast
v38,C++,10,100,479.681,10,C:\NCKH\VIDEO_LEARNING_RESEARCH\data\processed\ocr_best_integration\keyframes_full\v38\v38_00100s.png,success,fast
v38,C++,11,110,479.681,10,C:\NCKH\VIDEO_LEARNING_RESEARCH\data\processed\ocr_best_integration\keyframes_full\v38\v38_00110s.png,success,fast
v38,C++,12,120,479.681,10,C:\NCKH\VIDEO_LEARNING_RESEARCH\data\processed\ocr_best_integration\keyframes_full\v38\v38_00120s.png,success,recovery
v38,C++,13,130,479.681,10,C:\NCKH\VIDEO_LEARNING_RESEARCH\data\processed\ocr_best_integration\keyframes_full\v38\v38_00130s.png,success,fast
v38,C++,14,140,479.681,10,C:\NCKH\VIDEO_LEARNING_RESEARCH\data\processed\ocr_best_integration\keyframes_full\v38\v38_00140s.png,success,fast
v38,C++,15,150,479.681,10,C:\NCKH\VIDEO_LEARNING_RESEARCH\data\processed\ocr_best_integration\keyframes_full\v38\v38_00150s.png,success,fast
v38,C++,16,160,479.681,10,C:\NCKH\VIDEO_LEARNING_RESEARCH\data\processed\ocr_best_integration\keyframes_full\v38\v38_00160s.png,success,fast
v38,C++,17,170,479.681,10,C:\NCKH\VIDEO_LEARNING_RESEARCH\data\processed\ocr_best_integration\keyframes_full\v38\v38_00170s.png,success,fast
v38,C++,18,180,479.681,10,,failed,failed
v38,C++,19,190,479.681,10,C:\NCKH\VIDEO_LEARNING_RESEARCH\data\processed\ocr_best_integration\keyframes_full\v38\v38_00190s.png,success,fast
v38,C++,20,200,479.681,10,C:\NCKH\VIDEO_LEARNING_RESEARCH\data\processed\ocr_best_integration\keyframes_full\v38\v38_00200s.png,success,fast
v38,C++,21,210,479.681,10,C:\NCKH\VIDEO_LEARNING_RESEARCH\data\processed\ocr_best_integration\keyframes_full\v38\v38_00210s.png,success,fast
v38,C++,22,220,479.681,10,C:\NCKH\VIDEO_LEARNING_RESEARCH\data\processed\ocr_best_integration\keyframes_full\v38\v38_00220s.png,success,fast
v38,C++,23,230,479.681,10,C:\NCKH\VIDEO_LEARNING_RESEARCH\data\processed\ocr_best_integration\keyframes_full\v38\v38_00230s.png,success,fast
v38,C++,24,240,479.681,10,,failed,failed
v38,C++,25,250,479.681,10,C:\NCKH\VIDEO_LEARNING_RESEARCH\data\processed\ocr_best_integration\keyframes_full\v38\v38_00250s.png,success,fast
v38,C++,26,260,479.681,10,C:\NCKH\VIDEO_LEARNING_RESEARCH\data\processed\ocr_best_integration\keyframes_full\v38\v38_00260s.png,success,fast
v38,C++,27,270,479.681,10,C:\NCKH\VIDEO_LEARNING_RESEARCH\data\processed\ocr_best_integration\keyframes_full\v38\v38_00270s.png,success,fast
v38,C++,28,280,479.681,10,C:\NCKH\VIDEO_LEARNING_RESEARCH\data\processed\ocr_best_integration\keyframes_full\v38\v38_00280s.png,success,fast
v38,C++,29,290,479.681,10,C:\NCKH\VIDEO_LEARNING_RESEARCH\data\processed\ocr_best_integration\keyframes_full\v38\v38_00290s.png,success,fast
v38,C++,30,300,479.681,10,C:\NCKH\VIDEO_LEARNING_RESEARCH\data\processed\ocr_best_integration\keyframes_full\v38\v38_00300s.png,success,recovery
v38,C++,31,310,479.681,10,C:\NCKH\VIDEO_LEARNING_RESEARCH\data\processed\ocr_best_integration\keyframes_full\v38\v38_00310s.png,success,fast
v38,C++,32,320,479.681,10,C:\NCKH\VIDEO_LEARNING_RESEARCH\data\processed\ocr_best_integration\keyframes_full\v38\v38_00320s.png,success,fast
v38,C++,33,330,479.681,10,C:\NCKH\VIDEO_LEARNING_RESEARCH\data\processed\ocr_best_integration\keyframes_full\v38\v38_00330s.png,success,fast
v38,C++,34,340,479.681,10,C:\NCKH\VIDEO_LEARNING_RESEARCH\data\processed\ocr_best_integration\keyframes_full\v38\v38_00340s.png,success,fast
v38,C++,35,350,479.681,10,C:\NCKH\VIDEO_LEARNING_RESEARCH\data\processed\ocr_best_integration\keyframes_full\v38\v38_00350s.png,success,fast
v38,C++,36,360,479.681,10,,failed,failed
v38,C++,37,370,479.681,10,C:\NCKH\VIDEO_LEARNING_RESEARCH\data\processed\ocr_best_integration\keyframes_full\v38\v38_00370s.png,success,fast
v38,C++,38,380,479.681,10,C:\NCKH\VIDEO_LEARNING_RESEARCH\data\processed\ocr_best_integration\keyframes_full\v38\v38_00380s.png,success,fast
v38,C++,39,390,479.681,10,C:\NCKH\VIDEO_LEARNING_RESEARCH\data\processed\ocr_best_integration\keyframes_full\v38\v38_00390s.png,success,fast
v38,C++,40,400,479.681,10,C:\NCKH\VIDEO_LEARNING_RESEARCH\data\processed\ocr_best_integration\keyframes_full\v38\v38_00400s.png,success,fast
v38,C++,41,410,479.681,10,C:\NCKH\VIDEO_LEARNING_RESEARCH\data\processed\ocr_best_integration\keyframes_full\v38\v38_00410s.png,success,fast
v38,C++,42,420,479.681,10,C:\NCKH\VIDEO_LEARNING_RESEARCH\data\processed\ocr_best_integration\keyframes_full\v38\v38_00420s.png,success,recovery
v38,C++,43,430,479.681,10,C:\NCKH\VIDEO_LEARNING_RESEARCH\data\processed\ocr_best_integration\keyframes_full\v38\v38_00430s.png,success,fast
v38,C++,44,440,479.681,10,C:\NCKH\VIDEO_LEARNING_RESEARCH\data\processed\ocr_best_integration\keyframes_full\v38\v38_00440s.png,success,fast
v38,C++,45,450,479.681,10,C:\NCKH\VIDEO_LEARNING_RESEARCH\data\processed\ocr_best_integration\keyframes_full\v38\v38_00450s.png,success,fast
v38,C++,46,460,479.681,10,C:\NCKH\VIDEO_LEARNING_RESEARCH\data\processed\ocr_best_integration\keyframes_full\v38\v38_00460s.png,success,fast
v38,C++,47,470,479.681,10,C:\NCKH\VIDEO_LEARNING_RESEARCH\data\processed\ocr_best_integration\keyframes_full\v38\v38_00470s.png,success,fast
v39,C++,0,0,580.561,10,C:\NCKH\VIDEO_LEARNING_RESEARCH\data\processed\ocr_best_integration\keyframes_full\v39\v39_00000s.png,success,fast
v39,C++,1,10,580.561,10,C:\NCKH\VIDEO_LEARNING_RESEARCH\data\processed\ocr_best_integration\keyframes_full\v39\v39_00010s.png,success,fast
v39,C++,2,20,580.561,10,C:\NCKH\VIDEO_LEARNING_RESEARCH\data\processed\ocr_best_integration\keyframes_full\v39\v39_00020s.png,success,fast
v39,C++,3,30,580.561,10,C:\NCKH\VIDEO_LEARNING_RESEARCH\data\processed\ocr_best_integration\keyframes_full\v39\v39_00030s.png,success,fast
v39,C++,4,40,580.561,10,C:\NCKH\VIDEO_LEARNING_RESEARCH\data\processed\ocr_best_integration\keyframes_full\v39\v39_00040s.png,success,fast
v39,C++,5,50,580.561,10,C:\NCKH\VIDEO_LEARNING_RESEARCH\data\processed\ocr_best_integration\keyframes_full\v39\v39_00050s.png,success,fast
v39,C++,6,60,580.561,10,C:\NCKH\VIDEO_LEARNING_RESEARCH\data\processed\ocr_best_integration\keyframes_full\v39\v39_00060s.png,success,recovery
v39,C++,7,70,580.561,10,C:\NCKH\VIDEO_LEARNING_RESEARCH\data\processed\ocr_best_integration\keyframes_full\v39\v39_00070s.png,success,fast
v39,C++,8,80,580.561,10,C:\NCKH\VIDEO_LEARNING_RESEARCH\data\processed\ocr_best_integration\keyframes_full\v39\v39_00080s.png,success,fast
v39,C++,9,90,580.561,10,C:\NCKH\VIDEO_LEARNING_RESEARCH\data\processed\ocr_best_integration\keyframes_full\v39\v39_00090s.png,success,fast
v39,C++,10,100,580.561,10,C:\NCKH\VIDEO_LEARNING_RESEARCH\data\processed\ocr_best_integration\keyframes_full\v39\v39_00100s.png,success,fast
v39,C++,11,110,580.561,10,C:\NCKH\VIDEO_LEARNING_RESEARCH\data\processed\ocr_best_integration\keyframes_full\v39\v39_00110s.png,success,fast
v39,C++,12,120,580.561,10,C:\NCKH\VIDEO_LEARNING_RESEARCH\data\processed\ocr_best_integration\keyframes_full\v39\v39_00120s.png,success,recovery
v39,C++,13,130,580.561,10,C:\NCKH\VIDEO_LEARNING_RESEARCH\data\processed\ocr_best_integration\keyframes_full\v39\v39_00130s.png,success,fast
v39,C++,14,140,580.561,10,C:\NCKH\VIDEO_LEARNING_RESEARCH\data\processed\ocr_best_integration\keyframes_full\v39\v39_00140s.png,success,fast
v39,C++,15,150,580.561,10,C:\NCKH\VIDEO_LEARNING_RESEARCH\data\processed\ocr_best_integration\keyframes_full\v39\v39_00150s.png,success,fast
v39,C++,16,160,580.561,10,C:\NCKH\VIDEO_LEARNING_RESEARCH\data\processed\ocr_best_integration\keyframes_full\v39\v39_00160s.png,success,fast
v39,C++,17,170,580.561,10,C:\NCKH\VIDEO_LEARNING_RESEARCH\data\processed\ocr_best_integration\keyframes_full\v39\v39_00170s.png,success,fast
v39,C++,18,180,580.561,10,C:\NCKH\VIDEO_LEARNING_RESEARCH\data\processed\ocr_best_integration\keyframes_full\v39\v39_00180s.png,success,recovery
v39,C++,19,190,580.561,10,C:\NCKH\VIDEO_LEARNING_RESEARCH\data\processed\ocr_best_integration\keyframes_full\v39\v39_00190s.png,success,fast
v39,C++,20,200,580.561,10,C:\NCKH\VIDEO_LEARNING_RESEARCH\data\processed\ocr_best_integration\keyframes_full\v39\v39_00200s.png,success,fast
v39,C++,21,210,580.561,10,C:\NCKH\VIDEO_LEARNING_RESEARCH\data\processed\ocr_best_integration\keyframes_full\v39\v39_00210s.png,success,fast
v39,C++,22,220,580.561,10,C:\NCKH\VIDEO_LEARNING_RESEARCH\data\processed\ocr_best_integration\keyframes_full\v39\v39_00220s.png,success,fast
v39,C++,23,230,580.561,10,C:\NCKH\VIDEO_LEARNING_RESEARCH\data\processed\ocr_best_integration\keyframes_full\v39\v39_00230s.png,success,fast
v39,C++,24,240,580.561,10,,failed,failed
v39,C++,25,250,580.561,10,C:\NCKH\VIDEO_LEARNING_RESEARCH\data\processed\ocr_best_integration\keyframes_full\v39\v39_00250s.png,success,fast
v39,C++,26,260,580.561,10,C:\NCKH\VIDEO_LEARNING_RESEARCH\data\processed\ocr_best_integration\keyframes_full\v39\v39_00260s.png,success,fast
v39,C++,27,270,580.561,10,C:\NCKH\VIDEO_LEARNING_RESEARCH\data\processed\ocr_best_integration\keyframes_full\v39\v39_00270s.png,success,fast
v39,C++,28,280,580.561,10,C:\NCKH\VIDEO_LEARNING_RESEARCH\data\processed\ocr_best_integration\keyframes_full\v39\v39_00280s.png,success,fast
v39,C++,29,290,580.561,10,C:\NCKH\VIDEO_LEARNING_RESEARCH\data\processed\ocr_best_integration\keyframes_full\v39\v39_00290s.png,success,fast
v39,C++,30,300,580.561,10,C:\NCKH\VIDEO_LEARNING_RESEARCH\data\processed\ocr_best_integration\keyframes_full\v39\v39_00300s.png,success,recovery
v39,C++,31,310,580.561,10,C:\NCKH\VIDEO_LEARNING_RESEARCH\data\processed\ocr_best_integration\keyframes_full\v39\v39_00310s.png,success,fast
v39,C++,32,320,580.561,10,C:\NCKH\VIDEO_LEARNING_RESEARCH\data\processed\ocr_best_integration\keyframes_full\v39\v39_00320s.png,success,fast
v39,C++,33,330,580.561,10,C:\NCKH\VIDEO_LEARNING_RESEARCH\data\processed\ocr_best_integration\keyframes_full\v39\v39_00330s.png,success,fast
v39,C++,34,340,580.561,10,C:\NCKH\VIDEO_LEARNING_RESEARCH\data\processed\ocr_best_integration\keyframes_full\v39\v39_00340s.png,success,fast
v39,C++,35,350,580.561,10,C:\NCKH\VIDEO_LEARNING_RESEARCH\data\processed\ocr_best_integration\keyframes_full\v39\v39_00350s.png,success,fast
v39,C++,36,360,580.561,10,C:\NCKH\VIDEO_LEARNING_RESEARCH\data\processed\ocr_best_integration\keyframes_full\v39\v39_00360s.png,success,recovery
v39,C++,37,370,580.561,10,C:\NCKH\VIDEO_LEARNING_RESEARCH\data\processed\ocr_best_integration\keyframes_full\v39\v39_00370s.png,success,fast
v39,C++,38,380,580.561,10,C:\NCKH\VIDEO_LEARNING_RESEARCH\data\processed\ocr_best_integration\keyframes_full\v39\v39_00380s.png,success,fast
v39,C++,39,390,580.561,10,C:\NCKH\VIDEO_LEARNING_RESEARCH\data\processed\ocr_best_integration\keyframes_full\v39\v39_00390s.png,success,fast
v39,C++,40,400,580.561,10,C:\NCKH\VIDEO_LEARNING_RESEARCH\data\processed\ocr_best_integration\keyframes_full\v39\v39_00400s.png,success,fast
v39,C++,41,410,580.561,10,C:\NCKH\VIDEO_LEARNING_RESEARCH\data\processed\ocr_best_integration\keyframes_full\v39\v39_00410s.png,success,fast
v39,C++,42,420,580.561,10,,failed,failed
v39,C++,43,430,580.561,10,C:\NCKH\VIDEO_LEARNING_RESEARCH\data\processed\ocr_best_integration\keyframes_full\v39\v39_00430s.png,success,fast
v39,C++,44,440,580.561,10,C:\NCKH\VIDEO_LEARNING_RESEARCH\data\processed\ocr_best_integration\keyframes_full\v39\v39_00440s.png,success,fast
v39,C++,45,450,580.561,10,C:\NCKH\VIDEO_LEARNING_RESEARCH\data\processed\ocr_best_integration\keyframes_full\v39\v39_00450s.png,success,fast
v39,C++,46,460,580.561,10,C:\NCKH\VIDEO_LEARNING_RESEARCH\data\processed\ocr_best_integration\keyframes_full\v39\v39_00460s.png,success,fast
v39,C++,47,470,580.561,10,C:\NCKH\VIDEO_LEARNING_RESEARCH\data\processed\ocr_best_integration\keyframes_full\v39\v39_00470s.png,success,fast
v39,C++,48,480,580.561,10,C:\NCKH\VIDEO_LEARNING_RESEARCH\data\processed\ocr_best_integration\keyframes_full\v39\v39_00480s.png,success,recovery
v39,C++,49,490,580.561,10,C:\NCKH\VIDEO_LEARNING_RESEARCH\data\processed\ocr_best_integration\keyframes_full\v39\v39_00490s.png,success,fast
v39,C++,50,500,580.561,10,C:\NCKH\VIDEO_LEARNING_RESEARCH\data\processed\ocr_best_integration\keyframes_full\v39\v39_00500s.png,success,fast
v39,C++,51,510,580.561,10,C:\NCKH\VIDEO_LEARNING_RESEARCH\data\processed\ocr_best_integration\keyframes_full\v39\v39_00510s.png,success,fast
v39,C++,52,520,580.561,10,C:\NCKH\VIDEO_LEARNING_RESEARCH\data\processed\ocr_best_integration\keyframes_full\v39\v39_00520s.png,success,fast
v39,C++,53,530,580.561,10,C:\NCKH\VIDEO_LEARNING_RESEARCH\data\processed\ocr_best_integration\keyframes_full\v39\v39_00530s.png,success,fast
v39,C++,54,540,580.561,10,,failed,failed
v39,C++,55,550,580.561,10,C:\NCKH\VIDEO_LEARNING_RESEARCH\data\processed\ocr_best_integration\keyframes_full\v39\v39_00550s.png,success,fast
v39,C++,56,560,580.561,10,C:\NCKH\VIDEO_LEARNING_RESEARCH\data\processed\ocr_best_integration\keyframes_full\v39\v39_00560s.png,success,fast
v39,C++,57,570,580.561,10,C:\NCKH\VIDEO_LEARNING_RESEARCH\data\processed\ocr_best_integration\keyframes_full\v39\v39_00570s.png,success,fast
v40,C++,0,0,5.021,10,C:\NCKH\VIDEO_LEARNING_RESEARCH\data\processed\ocr_best_integration\keyframes_full\v40\v40_00000s.png,success,fast
