video_id,subject,frame_id,timestamp_sec,image_file,roi_source,context_label,roi_confidence,matched_patterns,roi_top,roi_left,roi_right,roi_bottom,roi_coordinates,status
v1,SQL,0,0,C:\NCKH\VIDEO_LEARNING_RESEARCH\data\processed\ocr_best_integration\keyframes_roi\v1\v1_00000s.png,video_specific,,,,0.18,0.235,0.0,0.06,"255,127,1086,665",success
v1,SQL,1,10,C:\NCKH\VIDEO_LEARNING_RESEARCH\data\processed\ocr_best_integration\keyframes_roi\v1\v1_00010s.png,video_specific,,,,0.18,0.235,0.0,0.06,"255,127,1086,665",success
v1,SQL,2,20,C:\NCKH\VIDEO_LEARNING_RESEARCH\data\processed\ocr_best_integration\keyframes_roi\v1\v1_00020s.png,video_specific,,,,0.18,0.235,0.0,0.06,"255,127,1086,665",success
v1,SQL,3,30,C:\NCKH\VIDEO_LEARNING_RESEARCH\data\processed\ocr_best_integration\keyframes_roi\v1\v1_00030s.png,video_specific,,,,0.18,0.235,0.0,0.06,"255,127,1086,665",success
v1,SQL,4,40,C:\NCKH\VIDEO_LEARNING_RESEARCH\data\processed\ocr_best_integration\keyframes_roi\v1\v1_00040s.png,video_specific,,,,0.18,0.235,0.0,0.06,"255,127,1086,665",success
v1,SQL,5,50,C:\NCKH\VIDEO_LEARNING_RESEARCH\data\processed\ocr_best_integration\keyframes_roi\v1\v1_00050s.png,video_specific,,,,0.18,0.235,0.0,0.06,"255,127,1086,665",success
v1,SQL,6,60,C:\NCKH\VIDEO_LEARNING_RESEARCH\data\processed\ocr_best_integration\keyframes_roi\v1\v1_00060s.png,video_specific,,,,0.18,0.235,0.0,0.06,"255,127,1086,665",success
v1,SQL,7,70,C:\NCKH\VIDEO_LEARNING_RESEARCH\data\processed\ocr_best_integration\keyframes_roi\v1\v1_00070s.png,video_specific,,,,0.18,0.235,0.0,0.06,"255,127,1086,665",success
v1,SQL,8,80,C:\NCKH\VIDEO_LEARNING_RESEARCH\data\processed\ocr_best_integration\keyframes_roi\v1\v1_00080s.png,video_specific,,,,0.18,0.235,0.0,0.06,"255,127,1086,665",success
v1,SQL,9,90,C:\NCKH\VIDEO_LEARNING_RESEARCH\data\processed\ocr_best_integration\keyframes_roi\v1\v1_00090s.png,video_specific,,,,0.18,0.235,0.0,0.06,"255,127,1086,665",success
v1,SQL,10,100,C:\NCKH\VIDEO_LEARNING_RESEARCH\data\processed\ocr_best_integration\keyframes_roi\v1\v1_00100s.png,video_specific,,,,0.18,0.235,0.0,0.06,"255,127,1086,665",success
v1,SQL,11,110,C:\NCKH\VIDEO_LEARNING_RESEARCH\data\processed\ocr_best_integration\keyframes_roi\v1\v1_00110s.png,video_specific,,,,0.18,0.235,0.0,0.06,"255,127,1086,665",success
v1,SQL,12,120,C:\NCKH\VIDEO_LEARNING_RESEARCH\data\processed\ocr_best_integration\keyframes_roi\v1\v1_00120s.png,video_specific,,,,0.18,0.235,0.0,0.06,"255,127,1086,665",success
v1,SQL,13,130,C:\NCKH\VIDEO_LEARNING_RESEARCH\data\processed\ocr_best_integration\keyframes_roi\v1\v1_00130s.png,video_specific,,,,0.18,0.235,0.0,0.06,"255,127,1086,665",success
v1,SQL,14,140,C:\NCKH\VIDEO_LEARNING_RESEARCH\data\processed\ocr_best_integration\keyframes_roi\v1\v1_00140s.png,video_specific,,,,0.18,0.235,0.0,0.06,"255,127,1086,665",success
v1,SQL,15,150,C:\NCKH\VIDEO_LEARNING_RESEARCH\data\processed\ocr_best_integration\keyframes_roi\v1\v1_00150s.png,video_specific,,,,0.18,0.235,0.0,0.06,"255,127,1086,665",success
v1,SQL,16,160,C:\NCKH\VIDEO_LEARNING_RESEARCH\data\processed\ocr_best_integration\keyframes_roi\v1\v1_00160s.png,video_specific,,,,0.18,0.235,0.0,0.06,"255,127,1086,665",success
v1,SQL,17,170,C:\NCKH\VIDEO_LEARNING_RESEARCH\data\processed\ocr_best_integration\keyframes_roi\v1\v1_00170s.png,video_specific,,,,0.18,0.235,0.0,0.06,"255,127,1086,665",success
v1,SQL,18,180,C:\NCKH\VIDEO_LEARNING_RESEARCH\data\processed\ocr_best_integration\keyframes_roi\v1\v1_00180s.png,video_specific,,,,0.18,0.235,0.0,0.06,"255,127,1086,665",success
v1,SQL,19,190,C:\NCKH\VIDEO_LEARNING_RESEARCH\data\processed\ocr_best_integration\keyframes_roi\v1\v1_00190s.png,video_specific,,,,0.18,0.235,0.0,0.06,"255,127,1086,665",success
v1,SQL,20,200,C:\NCKH\VIDEO_LEARNING_RESEARCH\data\processed\ocr_best_integration\keyframes_roi\v1\v1_00200s.png,video_specific,,,,0.18,0.235,0.0,0.06,"255,127,1086,665",success
v1,SQL,21,210,C:\NCKH\VIDEO_LEARNING_RESEARCH\data\processed\ocr_best_integration\keyframes_roi\v1\v1_00210s.png,video_specific,,,,0.18,0.235,0.0,0.06,"255,127,1086,665",success
v1,SQL,22,220,C:\NCKH\VIDEO_LEARNING_RESEARCH\data\processed\ocr_best_integration\keyframes_roi\v1\v1_00220s.png,video_specific,,,,0.18,0.235,0.0,0.06,"255,127,1086,665",success
v1,SQL,23,230,C:\NCKH\VIDEO_LEARNING_RESEARCH\data\processed\ocr_best_integration\keyframes_roi\v1\v1_00230s.png,video_specific,,,,0.18,0.235,0.0,0.06,"255,127,1086,665",success
v1,SQL,24,240,C:\NCKH\VIDEO_LEARNING_RESEARCH\data\processed\ocr_best_integration\keyframes_roi\v1\v1_00240s.png,video_specific,,,,0.18,0.235,0.0,0.06,"255,127,1086,665",success
v1,SQL,25,250,C:\NCKH\VIDEO_LEARNING_RESEARCH\data\processed\ocr_best_integration\keyframes_roi\v1\v1_00250s.png,video_specific,,,,0.18,0.235,0.0,0.06,"255,127,1086,665",success
v1,SQL,26,260,C:\NCKH\VIDEO_LEARNING_RESEARCH\data\processed\ocr_best_integration\keyframes_roi\v1\v1_00260s.png,video_specific,,,,0.18,0.235,0.0,0.06,"255,127,1086,665",success
v1,SQL,27,270,C:\NCKH\VIDEO_LEARNING_RESEARCH\data\processed\ocr_best_integration\keyframes_roi\v1\v1_00270s.png,video_specific,,,,0.18,0.235,0.0,0.06,"255,127,1086,665",success
v1,SQL,28,280,C:\NCKH\VIDEO_LEARNING_RESEARCH\data\processed\ocr_best_integration\keyframes_roi\v1\v1_00280s.png,video_specific,,,,0.18,0.235,0.0,0.06,"255,127,1086,665",success
v1,SQL,29,290,C:\NCKH\VIDEO_LEARNING_RESEARCH\data\processed\ocr_best_integration\keyframes_roi\v1\v1_00290s.png,video_specific,,,,0.18,0.235,0.0,0.06,"255,127,1086,665",success
v1,SQL,30,300,C:\NCKH\VIDEO_LEARNING_RESEARCH\data\processed\ocr_best_integration\keyframes_roi\v1\v1_00300s.png,video_specific,,,,0.18,0.235,0.0,0.06,"255,127,1086,665",success
v1,SQL,31,310,C:\NCKH\VIDEO_LEARNING_RESEARCH\data\processed\ocr_best_integration\keyframes_roi\v1\v1_00310s.png,video_specific,,,,0.18,0.235,0.0,0.06,"255,127,1086,665",success
v1,SQL,32,320,C:\NCKH\VIDEO_LEARNING_RESEARCH\data\processed\ocr_best_integration\keyframes_roi\v1\v1_00320s.png,video_specific,,,,0.18,0.235,0.0,0.06,"255,127,1086,665",success
v1,SQL,33,330,C:\NCKH\VIDEO_LEARNING_RESEARCH\data\processed\ocr_best_integration\keyframes_roi\v1\v1_00330s.png,video_specific,,,,0.18,0.235,0.0,0.06,"255,127,1086,665",success
v1,SQL,34,340,C:\NCKH\VIDEO_LEARNING_RESEARCH\data\processed\ocr_best_integration\keyframes_roi\v1\v1_00340s.png,video_specific,,,,0.18,0.235,0.0,0.06,"255,127,1086,665",success
v1,SQL,35,350,C:\NCKH\VIDEO_LEARNING_RESEARCH\data\processed\ocr_best_integration\keyframes_roi\v1\v1_00350s.png,video_specific,,,,0.18,0.235,0.0,0.06,"255,127,1086,665",success
v1,SQL,36,360,C:\NCKH\VIDEO_LEARNING_RESEARCH\data\processed\ocr_best_integration\keyframes_roi\v1\v1_00360s.png,video_specific,,,,0.18,0.235,0.0,0.06,"255,127,1086,665",success
v1,SQL,37,370,C:\NCKH\VIDEO_LEARNING_RESEARCH\data\processed\ocr_best_integration\keyframes_roi\v1\v1_00370s.png,video_specific,,,,0.18,0.235,0.0,0.06,"255,127,1086,665",success
v1,SQL,38,380,C:\NCKH\VIDEO_LEARNING_RESEARCH\data\processed\ocr_best_integration\keyframes_roi\v1\v1_00380s.png,video_specific,,,,0.18,0.235,0.0,0.06,"255,127,1086,665",success
v1,SQL,39,390,C:\NCKH\VIDEO_LEARNING_RESEARCH\data\processed\ocr_best_integration\keyframes_roi\v1\v1_00390s.png,video_specific,,,,0.18,0.235,0.0,0.06,"255,127,1086,665",success
v1,SQL,40,400,C:\NCKH\VIDEO_LEARNING_RESEARCH\data\processed\ocr_best_integration\keyframes_roi\v1\v1_00400s.png,video_specific,,,,0.18,0.235,0.0,0.06,"255,127,1086,665",success
v1,SQL,41,410,C:\NCKH\VIDEO_LEARNING_RESEARCH\data\processed\ocr_best_integration\keyframes_roi\v1\v1_00410s.png,video_specific,,,,0.18,0.235,0.0,0.06,"255,127,1086,665",success
v1,SQL,42,420,C:\NCKH\VIDEO_LEARNING_RESEARCH\data\processed\ocr_best_integration\keyframes_roi\v1\v1_00420s.png,video_specific,,,,0.18,0.235,0.0,0.06,"255,127,1086,665",success
v1,SQL,43,430,C:\NCKH\VIDEO_LEARNING_RESEARCH\data\processed\ocr_best_integration\keyframes_roi\v1\v1_00430s.png,video_specific,,,,0.18,0.235,0.0,0.06,"255,127,1086,665",success
v1,SQL,44,440,C:\NCKH\VIDEO_LEARNING_RESEARCH\data\processed\ocr_best_integration\keyframes_roi\v1\v1_00440s.png,video_specific,,,,0.18,0.235,0.0,0.06,"255,127,1086,665",success
v1,SQL,45,450,C:\NCKH\VIDEO_LEARNING_RESEARCH\data\processed\ocr_best_integration\keyframes_roi\v1\v1_00450s.png,video_specific,,,,0.18,0.235,0.0,0.06,"255,127,1086,665",success
v1,SQL,46,460,C:\NCKH\VIDEO_LEARNING_RESEARCH\data\processed\ocr_best_integration\keyframes_roi\v1\v1_00460s.png,video_specific,,,,0.18,0.235,0.0,0.06,"255,127,1086,665",success
v1,SQL,47,470,C:\NCKH\VIDEO_LEARNING_RESEARCH\data\processed\ocr_best_integration\keyframes_roi\v1\v1_00470s.png,video_specific,,,,0.18,0.235,0.0,0.06,"255,127,1086,665",success
v1,SQL,48,480,C:\NCKH\VIDEO_LEARNING_RESEARCH\data\processed\ocr_best_integration\keyframes_roi\v1\v1_00480s.png,video_specific,,,,0.18,0.235,0.0,0.06,"255,127,1086,665",success
v1,SQL,49,490,C:\NCKH\VIDEO_LEARNING_RESEARCH\data\processed\ocr_best_integration\keyframes_roi\v1\v1_00490s.png,video_specific,,,,0.18,0.235,0.0,0.06,"255,127,1086,665",success
v1,SQL,50,500,C:\NCKH\VIDEO_LEARNING_RESEARCH\data\processed\ocr_best_integration\keyframes_roi\v1\v1_00500s.png,video_specific,,,,0.18,0.235,0.0,0.06,"255,127,1086,665",success
v1,SQL,51,510,C:\NCKH\VIDEO_LEARNING_RESEARCH\data\processed\ocr_best_integration\keyframes_roi\v1\v1_00510s.png,video_specific,,,,0.18,0.235,0.0,0.06,"255,127,1086,665",success
v1,SQL,52,520,C:\NCKH\VIDEO_LEARNING_RESEARCH\data\processed\ocr_best_integration\keyframes_roi\v1\v1_00520s.png,video_specific,,,,0.18,0.235,0.0,0.06,"255,127,1086,665",success
v1,SQL,53,530,C:\NCKH\VIDEO_LEARNING_RESEARCH\data\processed\ocr_best_integration\keyframes_roi\v1\v1_00530s.png,video_specific,,,,0.18,0.235,0.0,0.06,"255,127,1086,665",success
v1,SQL,54,540,C:\NCKH\VIDEO_LEARNING_RESEARCH\data\processed\ocr_best_integration\keyframes_roi\v1\v1_00540s.png,video_specific,,,,0.18,0.235,0.0,0.06,"255,127,1086,665",success
v1,SQL,55,550,C:\NCKH\VIDEO_LEARNING_RESEARCH\data\processed\ocr_best_integration\keyframes_roi\v1\v1_00550s.png,video_specific,,,,0.18,0.235,0.0,0.06,"255,127,1086,665",success
v1,SQL,56,560,C:\NCKH\VIDEO_LEARNING_RESEARCH\data\processed\ocr_best_integration\keyframes_roi\v1\v1_00560s.png,video_specific,,,,0.18,0.235,0.0,0.06,"255,127,1086,665",success
v1,SQL,57,570,C:\NCKH\VIDEO_LEARNING_RESEARCH\data\processed\ocr_best_integration\keyframes_roi\v1\v1_00570s.png,video_specific,,,,0.18,0.235,0.0,0.06,"255,127,1086,665",success
v1,SQL,58,580,C:\NCKH\VIDEO_LEARNING_RESEARCH\data\processed\ocr_best_integration\keyframes_roi\v1\v1_00580s.png,video_specific,,,,0.18,0.235,0.0,0.06,"255,127,1086,665",success
v1,SQL,59,590,C:\NCKH\VIDEO_LEARNING_RESEARCH\data\processed\ocr_best_integration\keyframes_roi\v1\v1_00590s.png,video_specific,,,,0.18,0.235,0.0,0.06,"255,127,1086,665",success
v1,SQL,60,600,C:\NCKH\VIDEO_LEARNING_RESEARCH\data\processed\ocr_best_integration\keyframes_roi\v1\v1_00600s.png,video_specific,,,,0.18,0.235,0.0,0.06,"255,127,1086,665",success
v1,SQL,61,610,C:\NCKH\VIDEO_LEARNING_RESEARCH\data\processed\ocr_best_integration\keyframes_roi\v1\v1_00610s.png,video_specific,,,,0.18,0.235,0.0,0.06,"255,127,1086,665",success
v1,SQL,62,620,C:\NCKH\VIDEO_LEARNING_RESEARCH\data\processed\ocr_best_integration\keyframes_roi\v1\v1_00620s.png,video_specific,,,,0.18,0.235,0.0,0.06,"255,127,1086,665",success
v1,SQL,63,630,C:\NCKH\VIDEO_LEARNING_RESEARCH\data\processed\ocr_best_integration\keyframes_roi\v1\v1_00630s.png,video_specific,,,,0.18,0.235,0.0,0.06,"255,127,1086,665",success
v1,SQL,64,640,C:\NCKH\VIDEO_LEARNING_RESEARCH\data\processed\ocr_best_integration\keyframes_roi\v1\v1_00640s.png,video_specific,,,,0.18,0.235,0.0,0.06,"255,127,1086,665",success
v1,SQL,65,650,C:\NCKH\VIDEO_LEARNING_RESEARCH\data\processed\ocr_best_integration\keyframes_roi\v1\v1_00650s.png,video_specific,,,,0.18,0.235,0.0,0.06,"255,127,1086,665",success
v1,SQL,66,660,C:\NCKH\VIDEO_LEARNING_RESEARCH\data\processed\ocr_best_integration\keyframes_roi\v1\v1_00660s.png,video_specific,,,,0.18,0.235,0.0,0.06,"255,127,1086,665",success
v1,SQL,67,670,C:\NCKH\VIDEO_LEARNING_RESEARCH\data\processed\ocr_best_integration\keyframes_roi\v1\v1_00670s.png,video_specific,,,,0.18,0.235,0.0,0.06,"255,127,1086,665",success
v1,SQL,68,680,C:\NCKH\VIDEO_LEARNING_RESEARCH\data\processed\ocr_best_integration\keyframes_roi\v1\v1_00680s.png,video_specific,,,,0.18,0.235,0.0,0.06,"255,127,1086,665",success
v1,SQL,69,690,C:\NCKH\VIDEO_LEARNING_RESEARCH\data\processed\ocr_best_integration\keyframes_roi\v1\v1_00690s.png,video_specific,,,,0.18,0.235,0.0,0.06,"255,127,1086,665",success
v1,SQL,70,700,C:\NCKH\VIDEO_LEARNING_RESEARCH\data\processed\ocr_best_integration\keyframes_roi\v1\v1_00700s.png,video_specific,,,,0.18,0.235,0.0,0.06,"255,127,1086,665",success
v1,SQL,71,710,C:\NCKH\VIDEO_LEARNING_RESEARCH\data\processed\ocr_best_integration\keyframes_roi\v1\v1_00710s.png,video_specific,,,,0.18,0.235,0.0,0.06,"255,127,1086,665",success
v1,SQL,72,720,C:\NCKH\VIDEO_LEARNING_RESEARCH\data\processed\ocr_best_integration\keyframes_roi\v1\v1_00720s.png,video_specific,,,,0.18,0.235,0.0,0.06,"255,127,1086,665",success
v1,SQL,73,730,C:\NCKH\VIDEO_LEARNING_RESEARCH\data\processed\ocr_best_integration\keyframes_roi\v1\v1_00730s.png,video_specific,,,,0.18,0.235,0.0,0.06,"255,127,1086,665",success
v2,Python,0,0,C:\NCKH\VIDEO_LEARNING_RESEARCH\data\processed\ocr_best_integration\keyframes_roi\v2\v2_00000s.png,video_specific,,,,0.05,0.04,0.0,0.12,"43,30,1086,537",success
v2,Python,1,10,C:\NCKH\VIDEO_LEARNING_RESEARCH\data\processed\ocr_best_integration\keyframes_roi\v2\v2_00010s.png,video_specific,,,,0.05,0.04,0.0,0.12,"43,30,1086,537",success
v2,Python,2,20,C:\NCKH\VIDEO_LEARNING_RESEARCH\data\processed\ocr_best_integration\keyframes_roi\v2\v2_00020s.png,video_specific,,,,0.05,0.04,0.0,0.12,"43,30,1086,537",success
v2,Python,3,30,C:\NCKH\VIDEO_LEARNING_RESEARCH\data\processed\ocr_best_integration\keyframes_roi\v2\v2_00030s.png,video_specific,,,,0.05,0.04,0.0,0.12,"43,30,1086,537",success
v2,Python,4,40,C:\NCKH\VIDEO_LEARNING_RESEARCH\data\processed\ocr_best_integration\keyframes_roi\v2\v2_00040s.png,video_specific,,,,0.05,0.04,0.0,0.12,"43,30,1086,537",success
v2,Python,5,50,C:\NCKH\VIDEO_LEARNING_RESEARCH\data\processed\ocr_best_integration\keyframes_roi\v2\v2_00050s.png,video_specific,,,,0.05,0.04,0.0,0.12,"43,30,1086,537",success
v2,Python,6,60,C:\NCKH\VIDEO_LEARNING_RESEARCH\data\processed\ocr_best_integration\keyframes_roi\v2\v2_00060s.png,video_specific,,,,0.05,0.04,0.0,0.12,"43,30,1086,537",success
v2,Python,7,70,C:\NCKH\VIDEO_LEARNING_RESEARCH\data\processed\ocr_best_integration\keyframes_roi\v2\v2_00070s.png,video_specific,,,,0.05,0.04,0.0,0.12,"43,30,1086,537",success
v2,Python,8,80,C:\NCKH\VIDEO_LEARNING_RESEARCH\data\processed\ocr_best_integration\keyframes_roi\v2\v2_00080s.png,video_specific,,,,0.05,0.04,0.0,0.12,"43,30,1086,537",success
v2,Python,9,90,C:\NCKH\VIDEO_LEARNING_RESEARCH\data\processed\ocr_best_integration\keyframes_roi\v2\v2_00090s.png,video_specific,,,,0.05,0.04,0.0,0.12,"43,30,1086,537",success
v2,Python,10,100,C:\NCKH\VIDEO_LEARNING_RESEARCH\data\processed\ocr_best_integration\keyframes_roi\v2\v2_00100s.png,video_specific,,,,0.05,0.04,0.0,0.12,"43,30,1086,537",success
v2,Python,11,110,C:\NCKH\VIDEO_LEARNING_RESEARCH\data\processed\ocr_best_integration\keyframes_roi\v2\v2_00110s.png,video_specific,,,,0.05,0.04,0.0,0.12,"43,30,1086,537",success
v2,Python,12,120,C:\NCKH\VIDEO_LEARNING_RESEARCH\data\processed\ocr_best_integration\keyframes_roi\v2\v2_00120s.png,video_specific,,,,0.05,0.04,0.0,0.12,"43,30,1086,537",success
v2,Python,13,130,C:\NCKH\VIDEO_LEARNING_RESEARCH\data\processed\ocr_best_integration\keyframes_roi\v2\v2_00130s.png,video_specific,,,,0.05,0.04,0.0,0.12,"43,30,1086,537",success
v2,Python,14,140,C:\NCKH\VIDEO_LEARNING_RESEARCH\data\processed\ocr_best_integration\keyframes_roi\v2\v2_00140s.png,video_specific,,,,0.05,0.04,0.0,0.12,"43,30,1086,537",success
v2,Python,15,150,C:\NCKH\VIDEO_LEARNING_RESEARCH\data\processed\ocr_best_integration\keyframes_roi\v2\v2_00150s.png,video_specific,,,,0.05,0.04,0.0,0.12,"43,30,1086,537",success
v2,Python,16,160,C:\NCKH\VIDEO_LEARNING_RESEARCH\data\processed\ocr_best_integration\keyframes_roi\v2\v2_00160s.png,video_specific,,,,0.05,0.04,0.0,0.12,"43,30,1086,537",success
v2,Python,17,170,C:\NCKH\VIDEO_LEARNING_RESEARCH\data\processed\ocr_best_integration\keyframes_roi\v2\v2_00170s.png,video_specific,,,,0.05,0.04,0.0,0.12,"43,30,1086,537",success
v2,Python,18,180,C:\NCKH\VIDEO_LEARNING_RESEARCH\data\processed\ocr_best_integration\keyframes_roi\v2\v2_00180s.png,video_specific,,,,0.05,0.04,0.0,0.12,"43,30,1086,537",success
v2,Python,19,190,C:\NCKH\VIDEO_LEARNING_RESEARCH\data\processed\ocr_best_integration\keyframes_roi\v2\v2_00190s.png,video_specific,,,,0.05,0.04,0.0,0.12,"43,30,1086,537",success
v2,Python,20,200,C:\NCKH\VIDEO_LEARNING_RESEARCH\data\processed\ocr_best_integration\keyframes_roi\v2\v2_00200s.png,video_specific,,,,0.05,0.04,0.0,0.12,"43,30,1086,537",success
v2,Python,21,210,C:\NCKH\VIDEO_LEARNING_RESEARCH\data\processed\ocr_best_integration\keyframes_roi\v2\v2_00210s.png,video_specific,,,,0.05,0.04,0.0,0.12,"43,30,1086,537",success
v2,Python,22,220,C:\NCKH\VIDEO_LEARNING_RESEARCH\data\processed\ocr_best_integration\keyframes_roi\v2\v2_00220s.png,video_specific,,,,0.05,0.04,0.0,0.12,"43,30,1086,537",success
v2,Python,23,230,C:\NCKH\VIDEO_LEARNING_RESEARCH\data\processed\ocr_best_integration\keyframes_roi\v2\v2_00230s.png,video_specific,,,,0.05,0.04,0.0,0.12,"43,30,1086,537",success
v2,Python,24,240,C:\NCKH\VIDEO_LEARNING_RESEARCH\data\processed\ocr_best_integration\keyframes_roi\v2\v2_00240s.png,video_specific,,,,0.05,0.04,0.0,0.12,"43,30,1086,537",success
v2,Python,25,250,C:\NCKH\VIDEO_LEARNING_RESEARCH\data\processed\ocr_best_integration\keyframes_roi\v2\v2_00250s.png,video_specific,,,,0.05,0.04,0.0,0.12,"43,30,1086,537",success
v2,Python,26,260,C:\NCKH\VIDEO_LEARNING_RESEARCH\data\processed\ocr_best_integration\keyframes_roi\v2\v2_00260s.png,video_specific,,,,0.05,0.04,0.0,0.12,"43,30,1086,537",success
v2,Python,27,270,C:\NCKH\VIDEO_LEARNING_RESEARCH\data\processed\ocr_best_integration\keyframes_roi\v2\v2_00270s.png,video_specific,,,,0.05,0.04,0.0,0.12,"43,30,1086,537",success
v2,Python,28,280,C:\NCKH\VIDEO_LEARNING_RESEARCH\data\processed\ocr_best_integration\keyframes_roi\v2\v2_00280s.png,video_specific,,,,0.05,0.04,0.0,0.12,"43,30,1086,537",success
v2,Python,29,290,C:\NCKH\VIDEO_LEARNING_RESEARCH\data\processed\ocr_best_integration\keyframes_roi\v2\v2_00290s.png,video_specific,,,,0.05,0.04,0.0,0.12,"43,30,1086,537",success
v2,Python,30,300,C:\NCKH\VIDEO_LEARNING_RESEARCH\data\processed\ocr_best_integration\keyframes_roi\v2\v2_00300s.png,video_specific,,,,0.05,0.04,0.0,0.12,"43,30,1086,537",success
v2,Python,31,310,C:\NCKH\VIDEO_LEARNING_RESEARCH\data\processed\ocr_best_integration\keyframes_roi\v2\v2_00310s.png,video_specific,,,,0.05,0.04,0.0,0.12,"43,30,1086,537",success
v2,Python,32,320,C:\NCKH\VIDEO_LEARNING_RESEARCH\data\processed\ocr_best_integration\keyframes_roi\v2\v2_00320s.png,video_specific,,,,0.05,0.04,0.0,0.12,"43,30,1086,537",success
v2,Python,33,330,C:\NCKH\VIDEO_LEARNING_RESEARCH\data\processed\ocr_best_integration\keyframes_roi\v2\v2_00330s.png,video_specific,,,,0.05,0.04,0.0,0.12,"43,30,1086,537",success
v2,Python,34,340,C:\NCKH\VIDEO_LEARNING_RESEARCH\data\processed\ocr_best_integration\keyframes_roi\v2\v2_00340s.png,video_specific,,,,0.05,0.04,0.0,0.12,"43,30,1086,537",success
v2,Python,35,350,C:\NCKH\VIDEO_LEARNING_RESEARCH\data\processed\ocr_best_integration\keyframes_roi\v2\v2_00350s.png,video_specific,,,,0.05,0.04,0.0,0.12,"43,30,1086,537",success
v2,Python,36,360,C:\NCKH\VIDEO_LEARNING_RESEARCH\data\processed\ocr_best_integration\keyframes_roi\v2\v2_00360s.png,video_specific,,,,0.05,0.04,0.0,0.12,"43,30,1086,537",success
v2,Python,37,370,C:\NCKH\VIDEO_LEARNING_RESEARCH\data\processed\ocr_best_integration\keyframes_roi\v2\v2_00370s.png,video_specific,,,,0.05,0.04,0.0,0.12,"43,30,1086,537",success
v2,Python,38,380,C:\NCKH\VIDEO_LEARNING_RESEARCH\data\processed\ocr_best_integration\keyframes_roi\v2\v2_00380s.png,video_specific,,,,0.05,0.04,0.0,0.12,"43,30,1086,537",success
v2,Python,39,390,C:\NCKH\VIDEO_LEARNING_RESEARCH\data\processed\ocr_best_integration\keyframes_roi\v2\v2_00390s.png,video_specific,,,,0.05,0.04,0.0,0.12,"43,30,1086,537",success
v2,Python,40,400,C:\NCKH\VIDEO_LEARNING_RESEARCH\data\processed\ocr_best_integration\keyframes_roi\v2\v2_00400s.png,video_specific,,,,0.05,0.04,0.0,0.12,"43,30,1086,537",success
v2,Python,41,410,C:\NCKH\VIDEO_LEARNING_RESEARCH\data\processed\ocr_best_integration\keyframes_roi\v2\v2_00410s.png,video_specific,,,,0.05,0.04,0.0,0.12,"43,30,1086,537",success
v2,Python,42,420,C:\NCKH\VIDEO_LEARNING_RESEARCH\data\processed\ocr_best_integration\keyframes_roi\v2\v2_00420s.png,video_specific,,,,0.05,0.04,0.0,0.12,"43,30,1086,537",success
v2,Python,43,430,C:\NCKH\VIDEO_LEARNING_RESEARCH\data\processed\ocr_best_integration\keyframes_roi\v2\v2_00430s.png,video_specific,,,,0.05,0.04,0.0,0.12,"43,30,1086,537",success
v2,Python,44,440,C:\NCKH\VIDEO_LEARNING_RESEARCH\data\processed\ocr_best_integration\keyframes_roi\v2\v2_00440s.png,video_specific,,,,0.05,0.04,0.0,0.12,"43,30,1086,537",success
v2,Python,45,450,C:\NCKH\VIDEO_LEARNING_RESEARCH\data\processed\ocr_best_integration\keyframes_roi\v2\v2_00450s.png,video_specific,,,,0.05,0.04,0.0,0.12,"43,30,1086,537",success
v2,Python,46,460,C:\NCKH\VIDEO_LEARNING_RESEARCH\data\processed\ocr_best_integration\keyframes_roi\v2\v2_00460s.png,video_specific,,,,0.05,0.04,0.0,0.12,"43,30,1086,537",success
v2,Python,47,470,C:\NCKH\VIDEO_LEARNING_RESEARCH\data\processed\ocr_best_integration\keyframes_roi\v2\v2_00470s.png,video_specific,,,,0.05,0.04,0.0,0.12,"43,30,1086,537",success
v2,Python,48,480,C:\NCKH\VIDEO_LEARNING_RESEARCH\data\processed\ocr_best_integration\keyframes_roi\v2\v2_00480s.png,video_specific,,,,0.05,0.04,0.0,0.12,"43,30,1086,537",success
v2,Python,49,490,C:\NCKH\VIDEO_LEARNING_RESEARCH\data\processed\ocr_best_integration\keyframes_roi\v2\v2_00490s.png,video_specific,,,,0.05,0.04,0.0,0.12,"43,30,1086,537",success
v2,Python,50,500,C:\NCKH\VIDEO_LEARNING_RESEARCH\data\processed\ocr_best_integration\keyframes_roi\v2\v2_00500s.png,video_specific,,,,0.05,0.04,0.0,0.12,"43,30,1086,537",success
v2,Python,51,510,C:\NCKH\VIDEO_LEARNING_RESEARCH\data\processed\ocr_best_integration\keyframes_roi\v2\v2_00510s.png,video_specific,,,,0.05,0.04,0.0,0.12,"43,30,1086,537",success
v2,Python,52,520,C:\NCKH\VIDEO_LEARNING_RESEARCH\data\processed\ocr_best_integration\keyframes_roi\v2\v2_00520s.png,video_specific,,,,0.05,0.04,0.0,0.12,"43,30,1086,537",success
v2,Python,53,530,C:\NCKH\VIDEO_LEARNING_RESEARCH\data\processed\ocr_best_integration\keyframes_roi\v2\v2_00530s.png,video_specific,,,,0.05,0.04,0.0,0.12,"43,30,1086,537",success
v2,Python,54,540,C:\NCKH\VIDEO_LEARNING_RESEARCH\data\processed\ocr_best_integration\keyframes_roi\v2\v2_00540s.png,video_specific,,,,0.05,0.04,0.0,0.12,"43,30,1086,537",success
v2,Python,55,550,C:\NCKH\VIDEO_LEARNING_RESEARCH\data\processed\ocr_best_integration\keyframes_roi\v2\v2_00550s.png,video_specific,,,,0.05,0.04,0.0,0.12,"43,30,1086,537",success
v2,Python,56,560,C:\NCKH\VIDEO_LEARNING_RESEARCH\data\processed\ocr_best_integration\keyframes_roi\v2\v2_00560s.png,video_specific,,,,0.05,0.04,0.0,0.12,"43,30,1086,537",success
v2,Python,57,570,C:\NCKH\VIDEO_LEARNING_RESEARCH\data\processed\ocr_best_integration\keyframes_roi\v2\v2_00570s.png,video_specific,,,,0.05,0.04,0.0,0.12,"43,30,1086,537",success
v2,Python,58,580,C:\NCKH\VIDEO_LEARNING_RESEARCH\data\processed\ocr_best_integration\keyframes_roi\v2\v2_00580s.png,video_specific,,,,0.05,0.04,0.0,0.12,"43,30,1086,537",success
v2,Python,59,590,C:\NCKH\VIDEO_LEARNING_RESEARCH\data\processed\ocr_best_integration\keyframes_roi\v2\v2_00590s.png,video_specific,,,,0.05,0.04,0.0,0.12,"43,30,1086,537",success
v2,Python,60,600,C:\NCKH\VIDEO_LEARNING_RESEARCH\data\processed\ocr_best_integration\keyframes_roi\v2\v2_00600s.png,video_specific,,,,0.05,0.04,0.0,0.12,"43,30,1086,537",success
v2,Python,61,610,C:\NCKH\VIDEO_LEARNING_RESEARCH\data\processed\ocr_best_integration\keyframes_roi\v2\v2_00610s.png,video_specific,,,,0.05,0.04,0.0,0.12,"43,30,1086,537",success
v2,Python,62,620,C:\NCKH\VIDEO_LEARNING_RESEARCH\data\processed\ocr_best_integration\keyframes_roi\v2\v2_00620s.png,video_specific,,,,0.05,0.04,0.0,0.12,"43,30,1086,537",success
v2,Python,63,630,C:\NCKH\VIDEO_LEARNING_RESEARCH\data\processed\ocr_best_integration\keyframes_roi\v2\v2_00630s.png,video_specific,,,,0.05,0.04,0.0,0.12,"43,30,1086,537",success
v2,Python,64,640,C:\NCKH\VIDEO_LEARNING_RESEARCH\data\processed\ocr_best_integration\keyframes_roi\v2\v2_00640s.png,video_specific,,,,0.05,0.04,0.0,0.12,"43,30,1086,537",success
v2,Python,65,650,C:\NCKH\VIDEO_LEARNING_RESEARCH\data\processed\ocr_best_integration\keyframes_roi\v2\v2_00650s.png,video_specific,,,,0.05,0.04,0.0,0.12,"43,30,1086,537",success
v2,Python,66,660,C:\NCKH\VIDEO_LEARNING_RESEARCH\data\processed\ocr_best_integration\keyframes_roi\v2\v2_00660s.png,video_specific,,,,0.05,0.04,0.0,0.12,"43,30,1086,537",success
v2,Python,67,670,C:\NCKH\VIDEO_LEARNING_RESEARCH\data\processed\ocr_best_integration\keyframes_roi\v2\v2_00670s.png,video_specific,,,,0.05,0.04,0.0,0.12,"43,30,1086,537",success
v2,Python,68,680,C:\NCKH\VIDEO_LEARNING_RESEARCH\data\processed\ocr_best_integration\keyframes_roi\v2\v2_00680s.png,video_specific,,,,0.05,0.04,0.0,0.12,"43,30,1086,537",success
v2,Python,69,690,C:\NCKH\VIDEO_LEARNING_RESEARCH\data\processed\ocr_best_integration\keyframes_roi\v2\v2_00690s.png,video_specific,,,,0.05,0.04,0.0,0.12,"43,30,1086,537",success
v2,Python,70,700,C:\NCKH\VIDEO_LEARNING_RESEARCH\data\processed\ocr_best_integration\keyframes_roi\v2\v2_00700s.png,video_specific,,,,0.05,0.04,0.0,0.12,"43,30,1086,537",success
v2,Python,71,710,C:\NCKH\VIDEO_LEARNING_RESEARCH\data\processed\ocr_best_integration\keyframes_roi\v2\v2_00710s.png,video_specific,,,,0.05,0.04,0.0,0.12,"43,30,1086,537",success
v2,Python,72,720,C:\NCKH\VIDEO_LEARNING_RESEARCH\data\processed\ocr_best_integration\keyframes_roi\v2\v2_00720s.png,video_specific,,,,0.05,0.04,0.0,0.12,"43,30,1086,537",success
v2,Python,73,730,C:\NCKH\VIDEO_LEARNING_RESEARCH\data\processed\ocr_best_integration\keyframes_roi\v2\v2_00730s.png,video_specific,,,,0.05,0.04,0.0,0.12,"43,30,1086,537",success
v2,Python,74,740,C:\NCKH\VIDEO_LEARNING_RESEARCH\data\processed\ocr_best_integration\keyframes_roi\v2\v2_00740s.png,video_specific,,,,0.05,0.04,0.0,0.12,"43,30,1086,537",success
v2,Python,75,750,C:\NCKH\VIDEO_LEARNING_RESEARCH\data\processed\ocr_best_integration\keyframes_roi\v2\v2_00750s.png,video_specific,,,,0.05,0.04,0.0,0.12,"43,30,1086,537",success
v2,Python,76,760,C:\NCKH\VIDEO_LEARNING_RESEARCH\data\processed\ocr_best_integration\keyframes_roi\v2\v2_00760s.png,video_specific,,,,0.05,0.04,0.0,0.12,"43,30,1086,537",success
v2,Python,77,770,C:\NCKH\VIDEO_LEARNING_RESEARCH\data\processed\ocr_best_integration\keyframes_roi\v2\v2_00770s.png,video_specific,,,,0.05,0.04,0.0,0.12,"43,30,1086,537",success
v2,Python,78,780,C:\NCKH\VIDEO_LEARNING_RESEARCH\data\processed\ocr_best_integration\keyframes_roi\v2\v2_00780s.png,video_specific,,,,0.05,0.04,0.0,0.12,"43,30,1086,537",success
v2,Python,79,790,C:\NCKH\VIDEO_LEARNING_RESEARCH\data\processed\ocr_best_integration\keyframes_roi\v2\v2_00790s.png,video_specific,,,,0.05,0.04,0.0,0.12,"43,30,1086,537",success
v2,Python,80,800,C:\NCKH\VIDEO_LEARNING_RESEARCH\data\processed\ocr_best_integration\keyframes_roi\v2\v2_00800s.png,video_specific,,,,0.05,0.04,0.0,0.12,"43,30,1086,537",success
v2,Python,81,810,C:\NCKH\VIDEO_LEARNING_RESEARCH\data\processed\ocr_best_integration\keyframes_roi\v2\v2_00810s.png,video_specific,,,,0.05,0.04,0.0,0.12,"43,30,1086,537",success
v2,Python,82,820,C:\NCKH\VIDEO_LEARNING_RESEARCH\data\processed\ocr_best_integration\keyframes_roi\v2\v2_00820s.png,video_specific,,,,0.05,0.04,0.0,0.12,"43,30,1086,537",success
v2,Python,83,830,C:\NCKH\VIDEO_LEARNING_RESEARCH\data\processed\ocr_best_integration\keyframes_roi\v2\v2_00830s.png,video_specific,,,,0.05,0.04,0.0,0.12,"43,30,1086,537",success
v2,Python,84,840,C:\NCKH\VIDEO_LEARNING_RESEARCH\data\processed\ocr_best_integration\keyframes_roi\v2\v2_00840s.png,video_specific,,,,0.05,0.04,0.0,0.12,"43,30,1086,537",success
v2,Python,85,850,C:\NCKH\VIDEO_LEARNING_RESEARCH\data\processed\ocr_best_integration\keyframes_roi\v2\v2_00850s.png,video_specific,,,,0.05,0.04,0.0,0.12,"43,30,1086,537",success
v2,Python,86,860,C:\NCKH\VIDEO_LEARNING_RESEARCH\data\processed\ocr_best_integration\keyframes_roi\v2\v2_00860s.png,video_specific,,,,0.05,0.04,0.0,0.12,"43,30,1086,537",success
v2,Python,87,870,C:\NCKH\VIDEO_LEARNING_RESEARCH\data\processed\ocr_best_integration\keyframes_roi\v2\v2_00870s.png,video_specific,,,,0.05,0.04,0.0,0.12,"43,30,1086,537",success
v2,Python,88,880,C:\NCKH\VIDEO_LEARNING_RESEARCH\data\processed\ocr_best_integration\keyframes_roi\v2\v2_00880s.png,video_specific,,,,0.05,0.04,0.0,0.12,"43,30,1086,537",success
v3,Java,0,0,C:\NCKH\VIDEO_LEARNING_RESEARCH\data\processed\ocr_best_integration\keyframes_roi\v3\v3_00000s.png,video_specific,,,,0.0,0.0,0.0,0.15,"0,0,1086,519",success
v3,Java,1,10,C:\NCKH\VIDEO_LEARNING_RESEARCH\data\processed\ocr_best_integration\keyframes_roi\v3\v3_00010s.png,video_specific,,,,0.0,0.0,0.0,0.15,"0,0,1086,519",success
v3,Java,2,20,C:\NCKH\VIDEO_LEARNING_RESEARCH\data\processed\ocr_best_integration\keyframes_roi\v3\v3_00020s.png,video_specific,,,,0.0,0.0,0.0,0.15,"0,0,1086,519",success
v3,Java,3,30,C:\NCKH\VIDEO_LEARNING_RESEARCH\data\processed\ocr_best_integration\keyframes_roi\v3\v3_00030s.png,video_specific,,,,0.0,0.0,0.0,0.15,"0,0,1086,519",success
v3,Java,4,40,C:\NCKH\VIDEO_LEARNING_RESEARCH\data\processed\ocr_best_integration\keyframes_roi\v3\v3_00040s.png,video_specific,,,,0.0,0.0,0.0,0.15,"0,0,1086,519",success
v3,Java,5,50,C:\NCKH\VIDEO_LEARNING_RESEARCH\data\processed\ocr_best_integration\keyframes_roi\v3\v3_00050s.png,video_specific,,,,0.0,0.0,0.0,0.15,"0,0,1086,519",success
v3,Java,6,60,C:\NCKH\VIDEO_LEARNING_RESEARCH\data\processed\ocr_best_integration\keyframes_roi\v3\v3_00060s.png,video_specific,,,,0.0,0.0,0.0,0.15,"0,0,1086,519",success
v3,Java,7,70,C:\NCKH\VIDEO_LEARNING_RESEARCH\data\processed\ocr_best_integration\keyframes_roi\v3\v3_00070s.png,video_specific,,,,0.0,0.0,0.0,0.15,"0,0,1086,519",success
v3,Java,8,80,C:\NCKH\VIDEO_LEARNING_RESEARCH\data\processed\ocr_best_integration\keyframes_roi\v3\v3_00080s.png,video_specific,,,,0.0,0.0,0.0,0.15,"0,0,1086,519",success
v3,Java,9,90,C:\NCKH\VIDEO_LEARNING_RESEARCH\data\processed\ocr_best_integration\keyframes_roi\v3\v3_00090s.png,video_specific,,,,0.0,0.0,0.0,0.15,"0,0,1086,519",success
v3,Java,10,100,C:\NCKH\VIDEO_LEARNING_RESEARCH\data\processed\ocr_best_integration\keyframes_roi\v3\v3_00100s.png,video_specific,,,,0.0,0.0,0.0,0.15,"0,0,1086,519",success
v3,Java,11,110,C:\NCKH\VIDEO_LEARNING_RESEARCH\data\processed\ocr_best_integration\keyframes_roi\v3\v3_00110s.png,video_specific,,,,0.0,0.0,0.0,0.15,"0,0,1086,519",success
v3,Java,12,120,C:\NCKH\VIDEO_LEARNING_RESEARCH\data\processed\ocr_best_integration\keyframes_roi\v3\v3_00120s.png,video_specific,,,,0.0,0.0,0.0,0.15,"0,0,1086,519",success
v3,Java,13,130,C:\NCKH\VIDEO_LEARNING_RESEARCH\data\processed\ocr_best_integration\keyframes_roi\v3\v3_00130s.png,video_specific,,,,0.0,0.0,0.0,0.15,"0,0,1086,519",success
v3,Java,14,140,C:\NCKH\VIDEO_LEARNING_RESEARCH\data\processed\ocr_best_integration\keyframes_roi\v3\v3_00140s.png,video_specific,,,,0.0,0.0,0.0,0.15,"0,0,1086,519",success
v3,Java,15,150,C:\NCKH\VIDEO_LEARNING_RESEARCH\data\processed\ocr_best_integration\keyframes_roi\v3\v3_00150s.png,video_specific,,,,0.0,0.0,0.0,0.15,"0,0,1086,519",success
v3,Java,16,160,C:\NCKH\VIDEO_LEARNING_RESEARCH\data\processed\ocr_best_integration\keyframes_roi\v3\v3_00160s.png,video_specific,,,,0.0,0.0,0.0,0.15,"0,0,1086,519",success
v3,Java,17,170,C:\NCKH\VIDEO_LEARNING_RESEARCH\data\processed\ocr_best_integration\keyframes_roi\v3\v3_00170s.png,video_specific,,,,0.0,0.0,0.0,0.15,"0,0,1086,519",success
v3,Java,18,180,C:\NCKH\VIDEO_LEARNING_RESEARCH\data\processed\ocr_best_integration\keyframes_roi\v3\v3_00180s.png,video_specific,,,,0.0,0.0,0.0,0.15,"0,0,1086,519",success
v3,Java,19,190,C:\NCKH\VIDEO_LEARNING_RESEARCH\data\processed\ocr_best_integration\keyframes_roi\v3\v3_00190s.png,video_specific,,,,0.0,0.0,0.0,0.15,"0,0,1086,519",success
v3,Java,20,200,C:\NCKH\VIDEO_LEARNING_RESEARCH\data\processed\ocr_best_integration\keyframes_roi\v3\v3_00200s.png,video_specific,,,,0.0,0.0,0.0,0.15,"0,0,1086,519",success
v3,Java,21,210,C:\NCKH\VIDEO_LEARNING_RESEARCH\data\processed\ocr_best_integration\keyframes_roi\v3\v3_00210s.png,video_specific,,,,0.0,0.0,0.0,0.15,"0,0,1086,519",success
v3,Java,22,220,C:\NCKH\VIDEO_LEARNING_RESEARCH\data\processed\ocr_best_integration\keyframes_roi\v3\v3_00220s.png,video_specific,,,,0.0,0.0,0.0,0.15,"0,0,1086,519",success
v3,Java,23,230,C:\NCKH\VIDEO_LEARNING_RESEARCH\data\processed\ocr_best_integration\keyframes_roi\v3\v3_00230s.png,video_specific,,,,0.0,0.0,0.0,0.15,"0,0,1086,519",success
v3,Java,24,240,C:\NCKH\VIDEO_LEARNING_RESEARCH\data\processed\ocr_best_integration\keyframes_roi\v3\v3_00240s.png,video_specific,,,,0.0,0.0,0.0,0.15,"0,0,1086,519",success
v3,Java,25,250,C:\NCKH\VIDEO_LEARNING_RESEARCH\data\processed\ocr_best_integration\keyframes_roi\v3\v3_00250s.png,video_specific,,,,0.0,0.0,0.0,0.15,"0,0,1086,519",success
v3,Java,26,260,C:\NCKH\VIDEO_LEARNING_RESEARCH\data\processed\ocr_best_integration\keyframes_roi\v3\v3_00260s.png,video_specific,,,,0.0,0.0,0.0,0.15,"0,0,1086,519",success
v3,Java,27,270,C:\NCKH\VIDEO_LEARNING_RESEARCH\data\processed\ocr_best_integration\keyframes_roi\v3\v3_00270s.png,video_specific,,,,0.0,0.0,0.0,0.15,"0,0,1086,519",success
v3,Java,28,280,C:\NCKH\VIDEO_LEARNING_RESEARCH\data\processed\ocr_best_integration\keyframes_roi\v3\v3_00280s.png,video_specific,,,,0.0,0.0,0.0,0.15,"0,0,1086,519",success
v3,Java,29,290,C:\NCKH\VIDEO_LEARNING_RESEARCH\data\processed\ocr_best_integration\keyframes_roi\v3\v3_00290s.png,video_specific,,,,0.0,0.0,0.0,0.15,"0,0,1086,519",success
v3,Java,30,300,C:\NCKH\VIDEO_LEARNING_RESEARCH\data\processed\ocr_best_integration\keyframes_roi\v3\v3_00300s.png,video_specific,,,,0.0,0.0,0.0,0.15,"0,0,1086,519",success
v3,Java,31,310,C:\NCKH\VIDEO_LEARNING_RESEARCH\data\processed\ocr_best_integration\keyframes_roi\v3\v3_00310s.png,video_specific,,,,0.0,0.0,0.0,0.15,"0,0,1086,519",success
v3,Java,32,320,C:\NCKH\VIDEO_LEARNING_RESEARCH\data\processed\ocr_best_integration\keyframes_roi\v3\v3_00320s.png,video_specific,,,,0.0,0.0,0.0,0.15,"0,0,1086,519",success
v3,Java,33,330,C:\NCKH\VIDEO_LEARNING_RESEARCH\data\processed\ocr_best_integration\keyframes_roi\v3\v3_00330s.png,video_specific,,,,0.0,0.0,0.0,0.15,"0,0,1086,519",success
v3,Java,34,340,C:\NCKH\VIDEO_LEARNING_RESEARCH\data\processed\ocr_best_integration\keyframes_roi\v3\v3_00340s.png,video_specific,,,,0.0,0.0,0.0,0.15,"0,0,1086,519",success
v3,Java,35,350,C:\NCKH\VIDEO_LEARNING_RESEARCH\data\processed\ocr_best_integration\keyframes_roi\v3\v3_00350s.png,video_specific,,,,0.0,0.0,0.0,0.15,"0,0,1086,519",success
v3,Java,36,360,C:\NCKH\VIDEO_LEARNING_RESEARCH\data\processed\ocr_best_integration\keyframes_roi\v3\v3_00360s.png,video_specific,,,,0.0,0.0,0.0,0.15,"0,0,1086,519",success
v3,Java,37,370,C:\NCKH\VIDEO_LEARNING_RESEARCH\data\processed\ocr_best_integration\keyframes_roi\v3\v3_00370s.png,video_specific,,,,0.0,0.0,0.0,0.15,"0,0,1086,519",success
v3,Java,38,380,C:\NCKH\VIDEO_LEARNING_RESEARCH\data\processed\ocr_best_integration\keyframes_roi\v3\v3_00380s.png,video_specific,,,,0.0,0.0,0.0,0.15,"0,0,1086,519",success
v3,Java,39,390,C:\NCKH\VIDEO_LEARNING_RESEARCH\data\processed\ocr_best_integration\keyframes_roi\v3\v3_00390s.png,video_specific,,,,0.0,0.0,0.0,0.15,"0,0,1086,519",success
v3,Java,40,400,C:\NCKH\VIDEO_LEARNING_RESEARCH\data\processed\ocr_best_integration\keyframes_roi\v3\v3_00400s.png,video_specific,,,,0.0,0.0,0.0,0.15,"0,0,1086,519",success
v3,Java,41,410,C:\NCKH\VIDEO_LEARNING_RESEARCH\data\processed\ocr_best_integration\keyframes_roi\v3\v3_00410s.png,video_specific,,,,0.0,0.0,0.0,0.15,"0,0,1086,519",success
v4,SQL,0,0,C:\NCKH\VIDEO_LEARNING_RESEARCH\data\processed\ocr_best_integration\keyframes_roi\v4\v4_00000s.png,video_specific,,,,0.0,0.0,0.0,0.08,"0,0,1086,562",success
v4,SQL,1,10,C:\NCKH\VIDEO_LEARNING_RESEARCH\data\processed\ocr_best_integration\keyframes_roi\v4\v4_00010s.png,video_specific,,,,0.0,0.0,0.0,0.08,"0,0,1086,562",success
v4,SQL,2,20,C:\NCKH\VIDEO_LEARNING_RESEARCH\data\processed\ocr_best_integration\keyframes_roi\v4\v4_00020s.png,video_specific,,,,0.0,0.0,0.0,0.08,"0,0,1086,562",success
v4,SQL,3,30,C:\NCKH\VIDEO_LEARNING_RESEARCH\data\processed\ocr_best_integration\keyframes_roi\v4\v4_00030s.png,video_specific,,,,0.0,0.0,0.0,0.08,"0,0,1086,562",success
v4,SQL,4,40,C:\NCKH\VIDEO_LEARNING_RESEARCH\data\processed\ocr_best_integration\keyframes_roi\v4\v4_00040s.png,video_specific,,,,0.0,0.0,0.0,0.08,"0,0,1086,562",success
v4,SQL,5,50,C:\NCKH\VIDEO_LEARNING_RESEARCH\data\processed\ocr_best_integration\keyframes_roi\v4\v4_00050s.png,video_specific,,,,0.0,0.0,0.0,0.08,"0,0,1086,562",success
v4,SQL,6,60,C:\NCKH\VIDEO_LEARNING_RESEARCH\data\processed\ocr_best_integration\keyframes_roi\v4\v4_00060s.png,video_specific,,,,0.0,0.0,0.0,0.08,"0,0,1086,562",success
v4,SQL,7,70,C:\NCKH\VIDEO_LEARNING_RESEARCH\data\processed\ocr_best_integration\keyframes_roi\v4\v4_00070s.png,video_specific,,,,0.0,0.0,0.0,0.08,"0,0,1086,562",success
v4,SQL,8,80,C:\NCKH\VIDEO_LEARNING_RESEARCH\data\processed\ocr_best_integration\keyframes_roi\v4\v4_00080s.png,video_specific,,,,0.0,0.0,0.0,0.08,"0,0,1086,562",success
v4,SQL,9,90,C:\NCKH\VIDEO_LEARNING_RESEARCH\data\processed\ocr_best_integration\keyframes_roi\v4\v4_00090s.png,video_specific,,,,0.0,0.0,0.0,0.08,"0,0,1086,562",success
v4,SQL,10,100,C:\NCKH\VIDEO_LEARNING_RESEARCH\data\processed\ocr_best_integration\keyframes_roi\v4\v4_00100s.png,video_specific,,,,0.0,0.0,0.0,0.08,"0,0,1086,562",success
v4,SQL,11,110,C:\NCKH\VIDEO_LEARNING_RESEARCH\data\processed\ocr_best_integration\keyframes_roi\v4\v4_00110s.png,video_specific,,,,0.0,0.0,0.0,0.08,"0,0,1086,562",success
v4,SQL,12,120,C:\NCKH\VIDEO_LEARNING_RESEARCH\data\processed\ocr_best_integration\keyframes_roi\v4\v4_00120s.png,video_specific,,,,0.0,0.0,0.0,0.08,"0,0,1086,562",success
v4,SQL,13,130,C:\NCKH\VIDEO_LEARNING_RESEARCH\data\processed\ocr_best_integration\keyframes_roi\v4\v4_00130s.png,video_specific,,,,0.0,0.0,0.0,0.08,"0,0,1086,562",success
v4,SQL,14,140,C:\NCKH\VIDEO_LEARNING_RESEARCH\data\processed\ocr_best_integration\keyframes_roi\v4\v4_00140s.png,video_specific,,,,0.0,0.0,0.0,0.08,"0,0,1086,562",success
v4,SQL,15,150,C:\NCKH\VIDEO_LEARNING_RESEARCH\data\processed\ocr_best_integration\keyframes_roi\v4\v4_00150s.png,video_specific,,,,0.0,0.0,0.0,0.08,"0,0,1086,562",success
v4,SQL,16,160,C:\NCKH\VIDEO_LEARNING_RESEARCH\data\processed\ocr_best_integration\keyframes_roi\v4\v4_00160s.png,video_specific,,,,0.0,0.0,0.0,0.08,"0,0,1086,562",success
v4,SQL,17,170,C:\NCKH\VIDEO_LEARNING_RESEARCH\data\processed\ocr_best_integration\keyframes_roi\v4\v4_00170s.png,video_specific,,,,0.0,0.0,0.0,0.08,"0,0,1086,562",success
v4,SQL,18,180,C:\NCKH\VIDEO_LEARNING_RESEARCH\data\processed\ocr_best_integration\keyframes_roi\v4\v4_00180s.png,video_specific,,,,0.0,0.0,0.0,0.08,"0,0,1086,562",success
v4,SQL,19,190,C:\NCKH\VIDEO_LEARNING_RESEARCH\data\processed\ocr_best_integration\keyframes_roi\v4\v4_00190s.png,video_specific,,,,0.0,0.0,0.0,0.08,"0,0,1086,562",success
v4,SQL,20,200,C:\NCKH\VIDEO_LEARNING_RESEARCH\data\processed\ocr_best_integration\keyframes_roi\v4\v4_00200s.png,video_specific,,,,0.0,0.0,0.0,0.08,"0,0,1086,562",success
v4,SQL,21,210,C:\NCKH\VIDEO_LEARNING_RESEARCH\data\processed\ocr_best_integration\keyframes_roi\v4\v4_00210s.png,video_specific,,,,0.0,0.0,0.0,0.08,"0,0,1086,562",success
v4,SQL,22,220,C:\NCKH\VIDEO_LEARNING_RESEARCH\data\processed\ocr_best_integration\keyframes_roi\v4\v4_00220s.png,video_specific,,,,0.0,0.0,0.0,0.08,"0,0,1086,562",success
v4,SQL,23,230,C:\NCKH\VIDEO_LEARNING_RESEARCH\data\processed\ocr_best_integration\keyframes_roi\v4\v4_00230s.png,video_specific,,,,0.0,0.0,0.0,0.08,"0,0,1086,562",success
v4,SQL,24,240,C:\NCKH\VIDEO_LEARNING_RESEARCH\data\processed\ocr_best_integration\keyframes_roi\v4\v4_00240s.png,video_specific,,,,0.0,0.0,0.0,0.08,"0,0,1086,562",success
v4,SQL,25,250,C:\NCKH\VIDEO_LEARNING_RESEARCH\data\processed\ocr_best_integration\keyframes_roi\v4\v4_00250s.png,video_specific,,,,0.0,0.0,0.0,0.08,"0,0,1086,562",success
v4,SQL,26,260,C:\NCKH\VIDEO_LEARNING_RESEARCH\data\processed\ocr_best_integration\keyframes_roi\v4\v4_00260s.png,video_specific,,,,0.0,0.0,0.0,0.08,"0,0,1086,562",success
v4,SQL,27,270,C:\NCKH\VIDEO_LEARNING_RESEARCH\data\processed\ocr_best_integration\keyframes_roi\v4\v4_00270s.png,video_specific,,,,0.0,0.0,0.0,0.08,"0,0,1086,562",success
v4,SQL,28,280,C:\NCKH\VIDEO_LEARNING_RESEARCH\data\processed\ocr_best_integration\keyframes_roi\v4\v4_00280s.png,video_specific,,,,0.0,0.0,0.0,0.08,"0,0,1086,562",success
v4,SQL,29,290,C:\NCKH\VIDEO_LEARNING_RESEARCH\data\processed\ocr_best_integration\keyframes_roi\v4\v4_00290s.png,video_specific,,,,0.0,0.0,0.0,0.08,"0,0,1086,562",success
v4,SQL,30,300,C:\NCKH\VIDEO_LEARNING_RESEARCH\data\processed\ocr_best_integration\keyframes_roi\v4\v4_00300s.png,video_specific,,,,0.0,0.0,0.0,0.08,"0,0,1086,562",success
v4,SQL,31,310,C:\NCKH\VIDEO_LEARNING_RESEARCH\data\processed\ocr_best_integration\keyframes_roi\v4\v4_00310s.png,video_specific,,,,0.0,0.0,0.0,0.08,"0,0,1086,562",success
v4,SQL,32,320,C:\NCKH\VIDEO_LEARNING_RESEARCH\data\processed\ocr_best_integration\keyframes_roi\v4\v4_00320s.png,video_specific,,,,0.0,0.0,0.0,0.08,"0,0,1086,562",success
v4,SQL,33,330,C:\NCKH\VIDEO_LEARNING_RESEARCH\data\processed\ocr_best_integration\keyframes_roi\v4\v4_00330s.png,video_specific,,,,0.0,0.0,0.0,0.08,"0,0,1086,562",success
v4,SQL,34,340,C:\NCKH\VIDEO_LEARNING_RESEARCH\data\processed\ocr_best_integration\keyframes_roi\v4\v4_00340s.png,video_specific,,,,0.0,0.0,0.0,0.08,"0,0,1086,562",success
v4,SQL,35,350,C:\NCKH\VIDEO_LEARNING_RESEARCH\data\processed\ocr_best_integration\keyframes_roi\v4\v4_00350s.png,video_specific,,,,0.0,0.0,0.0,0.08,"0,0,1086,562",success
v4,SQL,36,360,C:\NCKH\VIDEO_LEARNING_RESEARCH\data\processed\ocr_best_integration\keyframes_roi\v4\v4_00360s.png,video_specific,,,,0.0,0.0,0.0,0.08,"0,0,1086,562",success
v4,SQL,37,370,C:\NCKH\VIDEO_LEARNING_RESEARCH\data\processed\ocr_best_integration\keyframes_roi\v4\v4_00370s.png,video_specific,,,,0.0,0.0,0.0,0.08,"0,0,1086,562",success
v4,SQL,38,380,C:\NCKH\VIDEO_LEARNING_RESEARCH\data\processed\ocr_best_integration\keyframes_roi\v4\v4_00380s.png,video_specific,,,,0.0,0.0,0.0,0.08,"0,0,1086,562",success
v4,SQL,39,390,C:\NCKH\VIDEO_LEARNING_RESEARCH\data\processed\ocr_best_integration\keyframes_roi\v4\v4_00390s.png,video_specific,,,,0.0,0.0,0.0,0.08,"0,0,1086,562",success
v4,SQL,40,400,C:\NCKH\VIDEO_LEARNING_RESEARCH\data\processed\ocr_best_integration\keyframes_roi\v4\v4_00400s.png,video_specific,,,,0.0,0.0,0.0,0.08,"0,0,1086,562",success
v4,SQL,41,410,C:\NCKH\VIDEO_LEARNING_RESEARCH\data\processed\ocr_best_integration\keyframes_roi\v4\v4_00410s.png,video_specific,,,,0.0,0.0,0.0,0.08,"0,0,1086,562",success
v4,SQL,42,420,C:\NCKH\VIDEO_LEARNING_RESEARCH\data\processed\ocr_best_integration\keyframes_roi\v4\v4_00420s.png,video_specific,,,,0.0,0.0,0.0,0.08,"0,0,1086,562",success
v4,SQL,43,430,C:\NCKH\VIDEO_LEARNING_RESEARCH\data\processed\ocr_best_integration\keyframes_roi\v4\v4_00430s.png,video_specific,,,,0.0,0.0,0.0,0.08,"0,0,1086,562",success
v4,SQL,44,440,C:\NCKH\VIDEO_LEARNING_RESEARCH\data\processed\ocr_best_integration\keyframes_roi\v4\v4_00440s.png,video_specific,,,,0.0,0.0,0.0,0.08,"0,0,1086,562",success
v4,SQL,45,450,C:\NCKH\VIDEO_LEARNING_RESEARCH\data\processed\ocr_best_integration\keyframes_roi\v4\v4_00450s.png,video_specific,,,,0.0,0.0,0.0,0.08,"0,0,1086,562",success
v4,SQL,46,460,C:\NCKH\VIDEO_LEARNING_RESEARCH\data\processed\ocr_best_integration\keyframes_roi\v4\v4_00460s.png,video_specific,,,,0.0,0.0,0.0,0.08,"0,0,1086,562",success
v4,SQL,47,470,C:\NCKH\VIDEO_LEARNING_RESEARCH\data\processed\ocr_best_integration\keyframes_roi\v4\v4_00470s.png,video_specific,,,,0.0,0.0,0.0,0.08,"0,0,1086,562",success
v5,Java,0,0,C:\NCKH\VIDEO_LEARNING_RESEARCH\data\processed\ocr_best_integration\keyframes_roi\v5\v5_00000s.png,video_specific,,,,0.07,0.14,0.0,0.12,"152,42,1086,537",success
v5,Java,1,10,C:\NCKH\VIDEO_LEARNING_RESEARCH\data\processed\ocr_best_integration\keyframes_roi\v5\v5_00010s.png,video_specific,,,,0.07,0.14,0.0,0.12,"152,42,1086,537",success
v5,Java,2,20,C:\NCKH\VIDEO_LEARNING_RESEARCH\data\processed\ocr_best_integration\keyframes_roi\v5\v5_00020s.png,video_specific,,,,0.07,0.14,0.0,0.12,"152,42,1086,537",success
v5,Java,3,30,C:\NCKH\VIDEO_LEARNING_RESEARCH\data\processed\ocr_best_integration\keyframes_roi\v5\v5_00030s.png,video_specific,,,,0.07,0.14,0.0,0.12,"152,42,1086,537",success
v5,Java,4,40,C:\NCKH\VIDEO_LEARNING_RESEARCH\data\processed\ocr_best_integration\keyframes_roi\v5\v5_00040s.png,video_specific,,,,0.07,0.14,0.0,0.12,"152,42,1086,537",success
v5,Java,5,50,C:\NCKH\VIDEO_LEARNING_RESEARCH\data\processed\ocr_best_integration\keyframes_roi\v5\v5_00050s.png,video_specific,,,,0.07,0.14,0.0,0.12,"152,42,1086,537",success
v5,Java,6,60,C:\NCKH\VIDEO_LEARNING_RESEARCH\data\processed\ocr_best_integration\keyframes_roi\v5\v5_00060s.png,video_specific,,,,0.07,0.14,0.0,0.12,"152,42,1086,537",success
v5,Java,7,70,C:\NCKH\VIDEO_LEARNING_RESEARCH\data\processed\ocr_best_integration\keyframes_roi\v5\v5_00070s.png,video_specific,,,,0.07,0.14,0.0,0.12,"152,42,1086,537",success
v5,Java,8,80,C:\NCKH\VIDEO_LEARNING_RESEARCH\data\processed\ocr_best_integration\keyframes_roi\v5\v5_00080s.png,video_specific,,,,0.07,0.14,0.0,0.12,"152,42,1086,537",success
v5,Java,9,90,C:\NCKH\VIDEO_LEARNING_RESEARCH\data\processed\ocr_best_integration\keyframes_roi\v5\v5_00090s.png,video_specific,,,,0.07,0.14,0.0,0.12,"152,42,1086,537",success
v5,Java,10,100,C:\NCKH\VIDEO_LEARNING_RESEARCH\data\processed\ocr_best_integration\keyframes_roi\v5\v5_00100s.png,video_specific,,,,0.07,0.14,0.0,0.12,"152,42,1086,537",success
v5,Java,11,110,C:\NCKH\VIDEO_LEARNING_RESEARCH\data\processed\ocr_best_integration\keyframes_roi\v5\v5_00110s.png,video_specific,,,,0.07,0.14,0.0,0.12,"152,42,1086,537",success
v5,Java,12,120,C:\NCKH\VIDEO_LEARNING_RESEARCH\data\processed\ocr_best_integration\keyframes_roi\v5\v5_00120s.png,video_specific,,,,0.07,0.14,0.0,0.12,"152,42,1086,537",success
v5,Java,13,130,C:\NCKH\VIDEO_LEARNING_RESEARCH\data\processed\ocr_best_integration\keyframes_roi\v5\v5_00130s.png,video_specific,,,,0.07,0.14,0.0,0.12,"152,42,1086,537",success
v5,Java,14,140,C:\NCKH\VIDEO_LEARNING_RESEARCH\data\processed\ocr_best_integration\keyframes_roi\v5\v5_00140s.png,video_specific,,,,0.07,0.14,0.0,0.12,"152,42,1086,537",success
v5,Java,15,150,C:\NCKH\VIDEO_LEARNING_RESEARCH\data\processed\ocr_best_integration\keyframes_roi\v5\v5_00150s.png,video_specific,,,,0.07,0.14,0.0,0.12,"152,42,1086,537",success
v5,Java,16,160,C:\NCKH\VIDEO_LEARNING_RESEARCH\data\processed\ocr_best_integration\keyframes_roi\v5\v5_00160s.png,video_specific,,,,0.07,0.14,0.0,0.12,"152,42,1086,537",success
v5,Java,17,170,C:\NCKH\VIDEO_LEARNING_RESEARCH\data\processed\ocr_best_integration\keyframes_roi\v5\v5_00170s.png,video_specific,,,,0.07,0.14,0.0,0.12,"152,42,1086,537",success
v5,Java,18,180,C:\NCKH\VIDEO_LEARNING_RESEARCH\data\processed\ocr_best_integration\keyframes_roi\v5\v5_00180s.png,video_specific,,,,0.07,0.14,0.0,0.12,"152,42,1086,537",success
v5,Java,19,190,C:\NCKH\VIDEO_LEARNING_RESEARCH\data\processed\ocr_best_integration\keyframes_roi\v5\v5_00190s.png,video_specific,,,,0.07,0.14,0.0,0.12,"152,42,1086,537",success
v5,Java,20,200,C:\NCKH\VIDEO_LEARNING_RESEARCH\data\processed\ocr_best_integration\keyframes_roi\v5\v5_00200s.png,video_specific,,,,0.07,0.14,0.0,0.12,"152,42,1086,537",success
v5,Java,21,210,C:\NCKH\VIDEO_LEARNING_RESEARCH\data\processed\ocr_best_integration\keyframes_roi\v5\v5_00210s.png,video_specific,,,,0.07,0.14,0.0,0.12,"152,42,1086,537",success
v5,Java,22,220,C:\NCKH\VIDEO_LEARNING_RESEARCH\data\processed\ocr_best_integration\keyframes_roi\v5\v5_00220s.png,video_specific,,,,0.07,0.14,0.0,0.12,"152,42,1086,537",success
v5,Java,23,230,C:\NCKH\VIDEO_LEARNING_RESEARCH\data\processed\ocr_best_integration\keyframes_roi\v5\v5_00230s.png,video_specific,,,,0.07,0.14,0.0,0.12,"152,42,1086,537",success
v5,Java,24,240,C:\NCKH\VIDEO_LEARNING_RESEARCH\data\processed\ocr_best_integration\keyframes_roi\v5\v5_00240s.png,video_specific,,,,0.07,0.14,0.0,0.12,"152,42,1086,537",success
v5,Java,25,250,C:\NCKH\VIDEO_LEARNING_RESEARCH\data\processed\ocr_best_integration\keyframes_roi\v5\v5_00250s.png,video_specific,,,,0.07,0.14,0.0,0.12,"152,42,1086,537",success
v5,Java,26,260,C:\NCKH\VIDEO_LEARNING_RESEARCH\data\processed\ocr_best_integration\keyframes_roi\v5\v5_00260s.png,video_specific,,,,0.07,0.14,0.0,0.12,"152,42,1086,537",success
v5,Java,27,270,C:\NCKH\VIDEO_LEARNING_RESEARCH\data\processed\ocr_best_integration\keyframes_roi\v5\v5_00270s.png,video_specific,,,,0.07,0.14,0.0,0.12,"152,42,1086,537",success
v5,Java,28,280,C:\NCKH\VIDEO_LEARNING_RESEARCH\data\processed\ocr_best_integration\keyframes_roi\v5\v5_00280s.png,video_specific,,,,0.07,0.14,0.0,0.12,"152,42,1086,537",success
v5,Java,29,290,C:\NCKH\VIDEO_LEARNING_RESEARCH\data\processed\ocr_best_integration\keyframes_roi\v5\v5_00290s.png,video_specific,,,,0.07,0.14,0.0,0.12,"152,42,1086,537",success
v5,Java,30,300,C:\NCKH\VIDEO_LEARNING_RESEARCH\data\processed\ocr_best_integration\keyframes_roi\v5\v5_00300s.png,video_specific,,,,0.07,0.14,0.0,0.12,"152,42,1086,537",success
v5,Java,31,310,C:\NCKH\VIDEO_LEARNING_RESEARCH\data\processed\ocr_best_integration\keyframes_roi\v5\v5_00310s.png,video_specific,,,,0.07,0.14,0.0,0.12,"152,42,1086,537",success
v5,Java,32,320,C:\NCKH\VIDEO_LEARNING_RESEARCH\data\processed\ocr_best_integration\keyframes_roi\v5\v5_00320s.png,video_specific,,,,0.07,0.14,0.0,0.12,"152,42,1086,537",success
v5,Java,33,330,C:\NCKH\VIDEO_LEARNING_RESEARCH\data\processed\ocr_best_integration\keyframes_roi\v5\v5_00330s.png,video_specific,,,,0.07,0.14,0.0,0.12,"152,42,1086,537",success
v5,Java,34,340,C:\NCKH\VIDEO_LEARNING_RESEARCH\data\processed\ocr_best_integration\keyframes_roi\v5\v5_00340s.png,video_specific,,,,0.07,0.14,0.0,0.12,"152,42,1086,537",success
v5,Java,35,350,C:\NCKH\VIDEO_LEARNING_RESEARCH\data\processed\ocr_best_integration\keyframes_roi\v5\v5_00350s.png,video_specific,,,,0.07,0.14,0.0,0.12,"152,42,1086,537",success
v5,Java,36,360,C:\NCKH\VIDEO_LEARNING_RESEARCH\data\processed\ocr_best_integration\keyframes_roi\v5\v5_00360s.png,video_specific,,,,0.07,0.14,0.0,0.12,"152,42,1086,537",success
v5,Java,37,370,C:\NCKH\VIDEO_LEARNING_RESEARCH\data\processed\ocr_best_integration\keyframes_roi\v5\v5_00370s.png,video_specific,,,,0.07,0.14,0.0,0.12,"152,42,1086,537",success
v6,SQL,0,0,C:\NCKH\VIDEO_LEARNING_RESEARCH\data\processed\ocr_best_integration\keyframes_roi\v6\v6_00000s.png,subject_default,,low,,0.15,0.2,0.0,0.06,"194,109,971,684",success
v6,SQL,1,10,C:\NCKH\VIDEO_LEARNING_RESEARCH\data\processed\ocr_best_integration\keyframes_roi\v6\v6_00010s.png,subject_default,,low,,0.15,0.2,0.0,0.06,"194,109,971,684",success
v6,SQL,2,20,C:\NCKH\VIDEO_LEARNING_RESEARCH\data\processed\ocr_best_integration\keyframes_roi\v6\v6_00020s.png,subject_default,,low,,0.15,0.2,0.0,0.06,"194,109,971,684",success
v6,SQL,3,30,C:\NCKH\VIDEO_LEARNING_RESEARCH\data\processed\ocr_best_integration\keyframes_roi\v6\v6_00030s.png,subject_default,,low,,0.15,0.2,0.0,0.06,"194,109,971,684",success
v6,SQL,4,40,C:\NCKH\VIDEO_LEARNING_RESEARCH\data\processed\ocr_best_integration\keyframes_roi\v6\v6_00040s.png,subject_default,,low,,0.15,0.2,0.0,0.06,"194,109,971,684",success
v6,SQL,5,50,C:\NCKH\VIDEO_LEARNING_RESEARCH\data\processed\ocr_best_integration\keyframes_roi\v6\v6_00050s.png,subject_default,,low,,0.15,0.2,0.0,0.06,"194,109,971,684",success
v6,SQL,6,60,C:\NCKH\VIDEO_LEARNING_RESEARCH\data\processed\ocr_best_integration\keyframes_roi\v6\v6_00060s.png,subject_default,,low,,0.15,0.2,0.0,0.06,"194,109,971,684",success
v6,SQL,7,70,C:\NCKH\VIDEO_LEARNING_RESEARCH\data\processed\ocr_best_integration\keyframes_roi\v6\v6_00070s.png,subject_default,,low,,0.15,0.2,0.0,0.06,"194,109,971,684",success
v6,SQL,8,80,C:\NCKH\VIDEO_LEARNING_RESEARCH\data\processed\ocr_best_integration\keyframes_roi\v6\v6_00080s.png,subject_default,,low,,0.15,0.2,0.0,0.06,"194,109,971,684",success
v6,SQL,9,90,C:\NCKH\VIDEO_LEARNING_RESEARCH\data\processed\ocr_best_integration\keyframes_roi\v6\v6_00090s.png,subject_default,,low,,0.15,0.2,0.0,0.06,"194,109,971,684",success
v6,SQL,10,100,C:\NCKH\VIDEO_LEARNING_RESEARCH\data\processed\ocr_best_integration\keyframes_roi\v6\v6_00100s.png,subject_default,,low,,0.15,0.2,0.0,0.06,"194,109,971,684",success
v6,SQL,11,110,C:\NCKH\VIDEO_LEARNING_RESEARCH\data\processed\ocr_best_integration\keyframes_roi\v6\v6_00110s.png,subject_default,,low,,0.15,0.2,0.0,0.06,"194,109,971,684",success
v6,SQL,12,120,C:\NCKH\VIDEO_LEARNING_RESEARCH\data\processed\ocr_best_integration\keyframes_roi\v6\v6_00120s.png,subject_default,,low,,0.15,0.2,0.0,0.06,"194,109,971,684",success
v6,SQL,13,130,C:\NCKH\VIDEO_LEARNING_RESEARCH\data\processed\ocr_best_integration\keyframes_roi\v6\v6_00130s.png,subject_default,,low,,0.15,0.2,0.0,0.06,"194,109,971,684",success
v6,SQL,14,140,C:\NCKH\VIDEO_LEARNING_RESEARCH\data\processed\ocr_best_integration\keyframes_roi\v6\v6_00140s.png,subject_default,,low,,0.15,0.2,0.0,0.06,"194,109,971,684",success
v6,SQL,15,150,C:\NCKH\VIDEO_LEARNING_RESEARCH\data\processed\ocr_best_integration\keyframes_roi\v6\v6_00150s.png,subject_default,,low,,0.15,0.2,0.0,0.06,"194,109,971,684",success
v6,SQL,16,160,C:\NCKH\VIDEO_LEARNING_RESEARCH\data\processed\ocr_best_integration\keyframes_roi\v6\v6_00160s.png,subject_default,,low,,0.15,0.2,0.0,0.06,"194,109,971,684",success
v6,SQL,17,170,C:\NCKH\VIDEO_LEARNING_RESEARCH\data\processed\ocr_best_integration\keyframes_roi\v6\v6_00170s.png,subject_default,,low,,0.15,0.2,0.0,0.06,"194,109,971,684",success
v6,SQL,18,180,C:\NCKH\VIDEO_LEARNING_RESEARCH\data\processed\ocr_best_integration\keyframes_roi\v6\v6_00180s.png,subject_default,,low,,0.15,0.2,0.0,0.06,"194,109,971,684",success
v6,SQL,19,190,C:\NCKH\VIDEO_LEARNING_RESEARCH\data\processed\ocr_best_integration\keyframes_roi\v6\v6_00190s.png,subject_default,,low,,0.15,0.2,0.0,0.06,"194,109,971,684",success
v6,SQL,20,200,C:\NCKH\VIDEO_LEARNING_RESEARCH\data\processed\ocr_best_integration\keyframes_roi\v6\v6_00200s.png,subject_default,,low,,0.15,0.2,0.0,0.06,"194,109,971,684",success
v6,SQL,21,210,C:\NCKH\VIDEO_LEARNING_RESEARCH\data\processed\ocr_best_integration\keyframes_roi\v6\v6_00210s.png,subject_default,,low,,0.15,0.2,0.0,0.06,"194,109,971,684",success
v6,SQL,22,220,C:\NCKH\VIDEO_LEARNING_RESEARCH\data\processed\ocr_best_integration\keyframes_roi\v6\v6_00220s.png,subject_default,,low,,0.15,0.2,0.0,0.06,"194,109,971,684",success
v6,SQL,23,230,C:\NCKH\VIDEO_LEARNING_RESEARCH\data\processed\ocr_best_integration\keyframes_roi\v6\v6_00230s.png,subject_default,,low,,0.15,0.2,0.0,0.06,"194,109,971,684",success
v6,SQL,24,240,C:\NCKH\VIDEO_LEARNING_RESEARCH\data\processed\ocr_best_integration\keyframes_roi\v6\v6_00240s.png,subject_default,,low,,0.15,0.2,0.0,0.06,"194,109,971,684",success
v6,SQL,25,250,C:\NCKH\VIDEO_LEARNING_RESEARCH\data\processed\ocr_best_integration\keyframes_roi\v6\v6_00250s.png,subject_default,,low,,0.15,0.2,0.0,0.06,"194,109,971,684",success
v6,SQL,26,260,C:\NCKH\VIDEO_LEARNING_RESEARCH\data\processed\ocr_best_integration\keyframes_roi\v6\v6_00260s.png,subject_default,,low,,0.15,0.2,0.0,0.06,"194,109,971,684",success
v6,SQL,27,270,C:\NCKH\VIDEO_LEARNING_RESEARCH\data\processed\ocr_best_integration\keyframes_roi\v6\v6_00270s.png,subject_default,,low,,0.15,0.2,0.0,0.06,"194,109,971,684",success
v6,SQL,28,280,C:\NCKH\VIDEO_LEARNING_RESEARCH\data\processed\ocr_best_integration\keyframes_roi\v6\v6_00280s.png,subject_default,,low,,0.15,0.2,0.0,0.06,"194,109,971,684",success
v6,SQL,29,290,C:\NCKH\VIDEO_LEARNING_RESEARCH\data\processed\ocr_best_integration\keyframes_roi\v6\v6_00290s.png,subject_default,,low,,0.15,0.2,0.0,0.06,"194,109,971,684",success
v6,SQL,30,300,C:\NCKH\VIDEO_LEARNING_RESEARCH\data\processed\ocr_best_integration\keyframes_roi\v6\v6_00300s.png,subject_default,,low,,0.15,0.2,0.0,0.06,"194,109,971,684",success
v6,SQL,31,310,C:\NCKH\VIDEO_LEARNING_RESEARCH\data\processed\ocr_best_integration\keyframes_roi\v6\v6_00310s.png,subject_default,,low,,0.15,0.2,0.0,0.06,"194,109,971,684",success
v6,SQL,32,320,C:\NCKH\VIDEO_LEARNING_RESEARCH\data\processed\ocr_best_integration\keyframes_roi\v6\v6_00320s.png,subject_default,,low,,0.15,0.2,0.0,0.06,"194,109,971,684",success
v6,SQL,33,330,C:\NCKH\VIDEO_LEARNING_RESEARCH\data\processed\ocr_best_integration\keyframes_roi\v6\v6_00330s.png,subject_default,,low,,0.15,0.2,0.0,0.06,"194,109,971,684",success
v6,SQL,34,340,C:\NCKH\VIDEO_LEARNING_RESEARCH\data\processed\ocr_best_integration\keyframes_roi\v6\v6_00340s.png,subject_default,,low,,0.15,0.2,0.0,0.06,"194,109,971,684",success
v6,SQL,35,350,C:\NCKH\VIDEO_LEARNING_RESEARCH\data\processed\ocr_best_integration\keyframes_roi\v6\v6_00350s.png,subject_default,,low,,0.15,0.2,0.0,0.06,"194,109,971,684",success
v6,SQL,36,360,C:\NCKH\VIDEO_LEARNING_RESEARCH\data\processed\ocr_best_integration\keyframes_roi\v6\v6_00360s.png,subject_default,,low,,0.15,0.2,0.0,0.06,"194,109,971,684",success
v6,SQL,37,370,C:\NCKH\VIDEO_LEARNING_RESEARCH\data\processed\ocr_best_integration\keyframes_roi\v6\v6_00370s.png,subject_default,,low,,0.15,0.2,0.0,0.06,"194,109,971,684",success
v6,SQL,38,380,C:\NCKH\VIDEO_LEARNING_RESEARCH\data\processed\ocr_best_integration\keyframes_roi\v6\v6_00380s.png,subject_default,,low,,0.15,0.2,0.0,0.06,"194,109,971,684",success
v6,SQL,39,390,C:\NCKH\VIDEO_LEARNING_RESEARCH\data\processed\ocr_best_integration\keyframes_roi\v6\v6_00390s.png,subject_default,,low,,0.15,0.2,0.0,0.06,"194,109,971,684",success
v6,SQL,40,400,C:\NCKH\VIDEO_LEARNING_RESEARCH\data\processed\ocr_best_integration\keyframes_roi\v6\v6_00400s.png,subject_default,,low,,0.15,0.2,0.0,0.06,"194,109,971,684",success
v6,SQL,41,410,C:\NCKH\VIDEO_LEARNING_RESEARCH\data\processed\ocr_best_integration\keyframes_roi\v6\v6_00410s.png,subject_default,,low,,0.15,0.2,0.0,0.06,"194,109,971,684",success
v6,SQL,42,420,C:\NCKH\VIDEO_LEARNING_RESEARCH\data\processed\ocr_best_integration\keyframes_roi\v6\v6_00420s.png,subject_default,,low,,0.15,0.2,0.0,0.06,"194,109,971,684",success
v7,SQL,0,0,C:\NCKH\VIDEO_LEARNING_RESEARCH\data\processed\ocr_best_integration\keyframes_roi\v7\v7_00000s.png,subject_default,,low,,0.15,0.2,0.0,0.06,"217,91,1086,574",success
v7,SQL,1,10,C:\NCKH\VIDEO_LEARNING_RESEARCH\data\processed\ocr_best_integration\keyframes_roi\v7\v7_00010s.png,subject_default,,low,,0.15,0.2,0.0,0.06,"217,91,1086,574",success
v8,SQL,0,0,C:\NCKH\VIDEO_LEARNING_RESEARCH\data\processed\ocr_best_integration\keyframes_roi\v8\v8_00000s.png,subject_default,,low,,0.15,0.2,0.0,0.06,"217,91,1086,574",success
v8,SQL,1,10,C:\NCKH\VIDEO_LEARNING_RESEARCH\data\processed\ocr_best_integration\keyframes_roi\v8\v8_00010s.png,subject_default,,low,,0.15,0.2,0.0,0.06,"217,91,1086,574",success
v8,SQL,2,20,C:\NCKH\VIDEO_LEARNING_RESEARCH\data\processed\ocr_best_integration\keyframes_roi\v8\v8_00020s.png,subject_default,,low,,0.15,0.2,0.0,0.06,"217,91,1086,574",success
v8,SQL,3,30,C:\NCKH\VIDEO_LEARNING_RESEARCH\data\processed\ocr_best_integration\keyframes_roi\v8\v8_00030s.png,subject_default,,low,,0.15,0.2,0.0,0.06,"217,91,1086,574",success
v8,SQL,4,40,C:\NCKH\VIDEO_LEARNING_RESEARCH\data\processed\ocr_best_integration\keyframes_roi\v8\v8_00040s.png,subject_default,,low,,0.15,0.2,0.0,0.06,"217,91,1086,574",success
v8,SQL,5,50,C:\NCKH\VIDEO_LEARNING_RESEARCH\data\processed\ocr_best_integration\keyframes_roi\v8\v8_00050s.png,subject_default,,low,,0.15,0.2,0.0,0.06,"217,91,1086,574",success
v8,SQL,6,60,C:\NCKH\VIDEO_LEARNING_RESEARCH\data\processed\ocr_best_integration\keyframes_roi\v8\v8_00060s.png,subject_default,,low,,0.15,0.2,0.0,0.06,"217,91,1086,574",success
v8,SQL,7,70,C:\NCKH\VIDEO_LEARNING_RESEARCH\data\processed\ocr_best_integration\keyframes_roi\v8\v8_00070s.png,subject_default,,low,,0.15,0.2,0.0,0.06,"217,91,1086,574",success
v8,SQL,8,80,C:\NCKH\VIDEO_LEARNING_RESEARCH\data\processed\ocr_best_integration\keyframes_roi\v8\v8_00080s.png,subject_default,,low,,0.15,0.2,0.0,0.06,"217,91,1086,574",success
v8,SQL,9,90,C:\NCKH\VIDEO_LEARNING_RESEARCH\data\processed\ocr_best_integration\keyframes_roi\v8\v8_00090s.png,subject_default,,low,,0.15,0.2,0.0,0.06,"217,91,1086,574",success
v8,SQL,10,100,C:\NCKH\VIDEO_LEARNING_RESEARCH\data\processed\ocr_best_integration\keyframes_roi\v8\v8_00100s.png,subject_default,,low,,0.15,0.2,0.0,0.06,"217,91,1086,574",success
v8,SQL,11,110,C:\NCKH\VIDEO_LEARNING_RESEARCH\data\processed\ocr_best_integration\keyframes_roi\v8\v8_00110s.png,subject_default,,low,,0.15,0.2,0.0,0.06,"217,91,1086,574",success
v8,SQL,12,120,C:\NCKH\VIDEO_LEARNING_RESEARCH\data\processed\ocr_best_integration\keyframes_roi\v8\v8_00120s.png,subject_default,,low,,0.15,0.2,0.0,0.06,"217,91,1086,574",success
v8,SQL,13,130,C:\NCKH\VIDEO_LEARNING_RESEARCH\data\processed\ocr_best_integration\keyframes_roi\v8\v8_00130s.png,subject_default,,low,,0.15,0.2,0.0,0.06,"217,91,1086,574",success
v8,SQL,14,140,C:\NCKH\VIDEO_LEARNING_RESEARCH\data\processed\ocr_best_integration\keyframes_roi\v8\v8_00140s.png,subject_default,,low,,0.15,0.2,0.0,0.06,"217,91,1086,574",success
v8,SQL,15,150,C:\NCKH\VIDEO_LEARNING_RESEARCH\data\processed\ocr_best_integration\keyframes_roi\v8\v8_00150s.png,subject_default,,low,,0.15,0.2,0.0,0.06,"217,91,1086,574",success
v8,SQL,16,160,C:\NCKH\VIDEO_LEARNING_RESEARCH\data\processed\ocr_best_integration\keyframes_roi\v8\v8_00160s.png,subject_default,,low,,0.15,0.2,0.0,0.06,"217,91,1086,574",success
v8,SQL,17,170,C:\NCKH\VIDEO_LEARNING_RESEARCH\data\processed\ocr_best_integration\keyframes_roi\v8\v8_00170s.png,subject_default,,low,,0.15,0.2,0.0,0.06,"217,91,1086,574",success
v8,SQL,18,180,C:\NCKH\VIDEO_LEARNING_RESEARCH\data\processed\ocr_best_integration\keyframes_roi\v8\v8_00180s.png,subject_default,,low,,0.15,0.2,0.0,0.06,"217,91,1086,574",success
v8,SQL,19,190,C:\NCKH\VIDEO_LEARNING_RESEARCH\data\processed\ocr_best_integration\keyframes_roi\v8\v8_00190s.png,subject_default,,low,,0.15,0.2,0.0,0.06,"217,91,1086,574",success
v8,SQL,20,200,C:\NCKH\VIDEO_LEARNING_RESEARCH\data\processed\ocr_best_integration\keyframes_roi\v8\v8_00200s.png,subject_default,,low,,0.15,0.2,0.0,0.06,"217,91,1086,574",success
v8,SQL,21,210,C:\NCKH\VIDEO_LEARNING_RESEARCH\data\processed\ocr_best_integration\keyframes_roi\v8\v8_00210s.png,subject_default,,low,,0.15,0.2,0.0,0.06,"217,91,1086,574",success
v8,SQL,22,220,C:\NCKH\VIDEO_LEARNING_RESEARCH\data\processed\ocr_best_integration\keyframes_roi\v8\v8_00220s.png,subject_default,,low,,0.15,0.2,0.0,0.06,"217,91,1086,574",success
v8,SQL,23,230,C:\NCKH\VIDEO_LEARNING_RESEARCH\data\processed\ocr_best_integration\keyframes_roi\v8\v8_00230s.png,subject_default,,low,,0.15,0.2,0.0,0.06,"217,91,1086,574",success
v8,SQL,24,240,C:\NCKH\VIDEO_LEARNING_RESEARCH\data\processed\ocr_best_integration\keyframes_roi\v8\v8_00240s.png,subject_default,,low,,0.15,0.2,0.0,0.06,"217,91,1086,574",success
v8,SQL,25,250,C:\NCKH\VIDEO_LEARNING_RESEARCH\data\processed\ocr_best_integration\keyframes_roi\v8\v8_00250s.png,subject_default,,low,,0.15,0.2,0.0,0.06,"217,91,1086,574",success
v8,SQL,26,260,C:\NCKH\VIDEO_LEARNING_RESEARCH\data\processed\ocr_best_integration\keyframes_roi\v8\v8_00260s.png,subject_default,,low,,0.15,0.2,0.0,0.06,"217,91,1086,574",success
v8,SQL,27,270,C:\NCKH\VIDEO_LEARNING_RESEARCH\data\processed\ocr_best_integration\keyframes_roi\v8\v8_00270s.png,subject_default,,low,,0.15,0.2,0.0,0.06,"217,91,1086,574",success
v8,SQL,28,280,C:\NCKH\VIDEO_LEARNING_RESEARCH\data\processed\ocr_best_integration\keyframes_roi\v8\v8_00280s.png,subject_default,,low,,0.15,0.2,0.0,0.06,"217,91,1086,574",success
v8,SQL,29,290,C:\NCKH\VIDEO_LEARNING_RESEARCH\data\processed\ocr_best_integration\keyframes_roi\v8\v8_00290s.png,subject_default,,low,,0.15,0.2,0.0,0.06,"217,91,1086,574",success
v8,SQL,30,300,C:\NCKH\VIDEO_LEARNING_RESEARCH\data\processed\ocr_best_integration\keyframes_roi\v8\v8_00300s.png,subject_default,,low,,0.15,0.2,0.0,0.06,"217,91,1086,574",success
v8,SQL,31,310,C:\NCKH\VIDEO_LEARNING_RESEARCH\data\processed\ocr_best_integration\keyframes_roi\v8\v8_00310s.png,subject_default,,low,,0.15,0.2,0.0,0.06,"217,91,1086,574",success
v8,SQL,32,320,C:\NCKH\VIDEO_LEARNING_RESEARCH\data\processed\ocr_best_integration\keyframes_roi\v8\v8_00320s.png,subject_default,,low,,0.15,0.2,0.0,0.06,"217,91,1086,574",success
v8,SQL,33,330,C:\NCKH\VIDEO_LEARNING_RESEARCH\data\processed\ocr_best_integration\keyframes_roi\v8\v8_00330s.png,subject_default,,low,,0.15,0.2,0.0,0.06,"217,91,1086,574",success
v8,SQL,34,340,C:\NCKH\VIDEO_LEARNING_RESEARCH\data\processed\ocr_best_integration\keyframes_roi\v8\v8_00340s.png,subject_default,,low,,0.15,0.2,0.0,0.06,"217,91,1086,574",success
v8,SQL,35,350,C:\NCKH\VIDEO_LEARNING_RESEARCH\data\processed\ocr_best_integration\keyframes_roi\v8\v8_00350s.png,subject_default,,low,,0.15,0.2,0.0,0.06,"217,91,1086,574",success
v8,SQL,36,360,C:\NCKH\VIDEO_LEARNING_RESEARCH\data\processed\ocr_best_integration\keyframes_roi\v8\v8_00360s.png,subject_default,,low,,0.15,0.2,0.0,0.06,"217,91,1086,574",success
v8,SQL,37,370,C:\NCKH\VIDEO_LEARNING_RESEARCH\data\processed\ocr_best_integration\keyframes_roi\v8\v8_00370s.png,subject_default,,low,,0.15,0.2,0.0,0.06,"217,91,1086,574",success
v8,SQL,38,380,C:\NCKH\VIDEO_LEARNING_RESEARCH\data\processed\ocr_best_integration\keyframes_roi\v8\v8_00380s.png,subject_default,,low,,0.15,0.2,0.0,0.06,"217,91,1086,574",success
v8,SQL,39,390,C:\NCKH\VIDEO_LEARNING_RESEARCH\data\processed\ocr_best_integration\keyframes_roi\v8\v8_00390s.png,subject_default,,low,,0.15,0.2,0.0,0.06,"217,91,1086,574",success
v8,SQL,40,400,C:\NCKH\VIDEO_LEARNING_RESEARCH\data\processed\ocr_best_integration\keyframes_roi\v8\v8_00400s.png,subject_default,,low,,0.15,0.2,0.0,0.06,"217,91,1086,574",success
v8,SQL,41,410,C:\NCKH\VIDEO_LEARNING_RESEARCH\data\processed\ocr_best_integration\keyframes_roi\v8\v8_00410s.png,subject_default,,low,,0.15,0.2,0.0,0.06,"217,91,1086,574",success
v8,SQL,42,420,C:\NCKH\VIDEO_LEARNING_RESEARCH\data\processed\ocr_best_integration\keyframes_roi\v8\v8_00420s.png,subject_default,,low,,0.15,0.2,0.0,0.06,"217,91,1086,574",success
v8,SQL,43,430,C:\NCKH\VIDEO_LEARNING_RESEARCH\data\processed\ocr_best_integration\keyframes_roi\v8\v8_00430s.png,subject_default,,low,,0.15,0.2,0.0,0.06,"217,91,1086,574",success
v8,SQL,44,440,C:\NCKH\VIDEO_LEARNING_RESEARCH\data\processed\ocr_best_integration\keyframes_roi\v8\v8_00440s.png,subject_default,,low,,0.15,0.2,0.0,0.06,"217,91,1086,574",success
v8,SQL,45,450,C:\NCKH\VIDEO_LEARNING_RESEARCH\data\processed\ocr_best_integration\keyframes_roi\v8\v8_00450s.png,subject_default,,low,,0.15,0.2,0.0,0.06,"217,91,1086,574",success
v8,SQL,46,460,C:\NCKH\VIDEO_LEARNING_RESEARCH\data\processed\ocr_best_integration\keyframes_roi\v8\v8_00460s.png,subject_default,,low,,0.15,0.2,0.0,0.06,"217,91,1086,574",success
v8,SQL,47,470,C:\NCKH\VIDEO_LEARNING_RESEARCH\data\processed\ocr_best_integration\keyframes_roi\v8\v8_00470s.png,subject_default,,low,,0.15,0.2,0.0,0.06,"217,91,1086,574",success
v8,SQL,48,480,C:\NCKH\VIDEO_LEARNING_RESEARCH\data\processed\ocr_best_integration\keyframes_roi\v8\v8_00480s.png,subject_default,,low,,0.15,0.2,0.0,0.06,"217,91,1086,574",success
v8,SQL,49,490,C:\NCKH\VIDEO_LEARNING_RESEARCH\data\processed\ocr_best_integration\keyframes_roi\v8\v8_00490s.png,subject_default,,low,,0.15,0.2,0.0,0.06,"217,91,1086,574",success
v8,SQL,50,500,C:\NCKH\VIDEO_LEARNING_RESEARCH\data\processed\ocr_best_integration\keyframes_roi\v8\v8_00500s.png,subject_default,,low,,0.15,0.2,0.0,0.06,"217,91,1086,574",success
v8,SQL,51,510,C:\NCKH\VIDEO_LEARNING_RESEARCH\data\processed\ocr_best_integration\keyframes_roi\v8\v8_00510s.png,subject_default,,low,,0.15,0.2,0.0,0.06,"217,91,1086,574",success
v8,SQL,52,520,C:\NCKH\VIDEO_LEARNING_RESEARCH\data\processed\ocr_best_integration\keyframes_roi\v8\v8_00520s.png,subject_default,,low,,0.15,0.2,0.0,0.06,"217,91,1086,574",success
v8,SQL,53,530,C:\NCKH\VIDEO_LEARNING_RESEARCH\data\processed\ocr_best_integration\keyframes_roi\v8\v8_00530s.png,subject_default,,low,,0.15,0.2,0.0,0.06,"217,91,1086,574",success
v8,SQL,54,540,C:\NCKH\VIDEO_LEARNING_RESEARCH\data\processed\ocr_best_integration\keyframes_roi\v8\v8_00540s.png,subject_default,,low,,0.15,0.2,0.0,0.06,"217,91,1086,574",success
v8,SQL,55,550,C:\NCKH\VIDEO_LEARNING_RESEARCH\data\processed\ocr_best_integration\keyframes_roi\v8\v8_00550s.png,subject_default,,low,,0.15,0.2,0.0,0.06,"217,91,1086,574",success
v8,SQL,56,560,C:\NCKH\VIDEO_LEARNING_RESEARCH\data\processed\ocr_best_integration\keyframes_roi\v8\v8_00560s.png,subject_default,,low,,0.15,0.2,0.0,0.06,"217,91,1086,574",success
v8,SQL,57,570,C:\NCKH\VIDEO_LEARNING_RESEARCH\data\processed\ocr_best_integration\keyframes_roi\v8\v8_00570s.png,subject_default,,low,,0.15,0.2,0.0,0.06,"217,91,1086,574",success
v8,SQL,58,580,C:\NCKH\VIDEO_LEARNING_RESEARCH\data\processed\ocr_best_integration\keyframes_roi\v8\v8_00580s.png,subject_default,,low,,0.15,0.2,0.0,0.06,"217,91,1086,574",success
v8,SQL,59,590,C:\NCKH\VIDEO_LEARNING_RESEARCH\data\processed\ocr_best_integration\keyframes_roi\v8\v8_00590s.png,subject_default,,low,,0.15,0.2,0.0,0.06,"217,91,1086,574",success
v8,SQL,60,600,C:\NCKH\VIDEO_LEARNING_RESEARCH\data\processed\ocr_best_integration\keyframes_roi\v8\v8_00600s.png,subject_default,,low,,0.15,0.2,0.0,0.06,"217,91,1086,574",success
v8,SQL,61,610,C:\NCKH\VIDEO_LEARNING_RESEARCH\data\processed\ocr_best_integration\keyframes_roi\v8\v8_00610s.png,subject_default,,low,,0.15,0.2,0.0,0.06,"217,91,1086,574",success
v8,SQL,62,620,C:\NCKH\VIDEO_LEARNING_RESEARCH\data\processed\ocr_best_integration\keyframes_roi\v8\v8_00620s.png,subject_default,,low,,0.15,0.2,0.0,0.06,"217,91,1086,574",success
v8,SQL,63,630,C:\NCKH\VIDEO_LEARNING_RESEARCH\data\processed\ocr_best_integration\keyframes_roi\v8\v8_00630s.png,subject_default,,low,,0.15,0.2,0.0,0.06,"217,91,1086,574",success
v8,SQL,64,640,C:\NCKH\VIDEO_LEARNING_RESEARCH\data\processed\ocr_best_integration\keyframes_roi\v8\v8_00640s.png,subject_default,,low,,0.15,0.2,0.0,0.06,"217,91,1086,574",success
v8,SQL,65,650,C:\NCKH\VIDEO_LEARNING_RESEARCH\data\processed\ocr_best_integration\keyframes_roi\v8\v8_00650s.png,subject_default,,low,,0.15,0.2,0.0,0.06,"217,91,1086,574",success
v8,SQL,66,660,C:\NCKH\VIDEO_LEARNING_RESEARCH\data\processed\ocr_best_integration\keyframes_roi\v8\v8_00660s.png,subject_default,,low,,0.15,0.2,0.0,0.06,"217,91,1086,574",success
v8,SQL,67,670,C:\NCKH\VIDEO_LEARNING_RESEARCH\data\processed\ocr_best_integration\keyframes_roi\v8\v8_00670s.png,subject_default,,low,,0.15,0.2,0.0,0.06,"217,91,1086,574",success
v8,SQL,68,680,C:\NCKH\VIDEO_LEARNING_RESEARCH\data\processed\ocr_best_integration\keyframes_roi\v8\v8_00680s.png,subject_default,,low,,0.15,0.2,0.0,0.06,"217,91,1086,574",success
v8,SQL,69,690,C:\NCKH\VIDEO_LEARNING_RESEARCH\data\processed\ocr_best_integration\keyframes_roi\v8\v8_00690s.png,subject_default,,low,,0.15,0.2,0.0,0.06,"217,91,1086,574",success
v8,SQL,70,700,C:\NCKH\VIDEO_LEARNING_RESEARCH\data\processed\ocr_best_integration\keyframes_roi\v8\v8_00700s.png,subject_default,,low,,0.15,0.2,0.0,0.06,"217,91,1086,574",success
v8,SQL,71,710,C:\NCKH\VIDEO_LEARNING_RESEARCH\data\processed\ocr_best_integration\keyframes_roi\v8\v8_00710s.png,subject_default,,low,,0.15,0.2,0.0,0.06,"217,91,1086,574",success
v8,SQL,72,720,C:\NCKH\VIDEO_LEARNING_RESEARCH\data\processed\ocr_best_integration\keyframes_roi\v8\v8_00720s.png,subject_default,,low,,0.15,0.2,0.0,0.06,"217,91,1086,574",success
v8,SQL,73,730,C:\NCKH\VIDEO_LEARNING_RESEARCH\data\processed\ocr_best_integration\keyframes_roi\v8\v8_00730s.png,subject_default,,low,,0.15,0.2,0.0,0.06,"217,91,1086,574",success
v8,SQL,74,740,C:\NCKH\VIDEO_LEARNING_RESEARCH\data\processed\ocr_best_integration\keyframes_roi\v8\v8_00740s.png,subject_default,,low,,0.15,0.2,0.0,0.06,"217,91,1086,574",success
v8,SQL,75,750,C:\NCKH\VIDEO_LEARNING_RESEARCH\data\processed\ocr_best_integration\keyframes_roi\v8\v8_00750s.png,subject_default,,low,,0.15,0.2,0.0,0.06,"217,91,1086,574",success
v8,SQL,76,760,C:\NCKH\VIDEO_LEARNING_RESEARCH\data\processed\ocr_best_integration\keyframes_roi\v8\v8_00760s.png,subject_default,,low,,0.15,0.2,0.0,0.06,"217,91,1086,574",success
v8,SQL,77,770,C:\NCKH\VIDEO_LEARNING_RESEARCH\data\processed\ocr_best_integration\keyframes_roi\v8\v8_00770s.png,subject_default,,low,,0.15,0.2,0.0,0.06,"217,91,1086,574",success
v8,SQL,78,780,C:\NCKH\VIDEO_LEARNING_RESEARCH\data\processed\ocr_best_integration\keyframes_roi\v8\v8_00780s.png,subject_default,,low,,0.15,0.2,0.0,0.06,"217,91,1086,574",success
v8,SQL,79,790,C:\NCKH\VIDEO_LEARNING_RESEARCH\data\processed\ocr_best_integration\keyframes_roi\v8\v8_00790s.png,subject_default,,low,,0.15,0.2,0.0,0.06,"217,91,1086,574",success
v8,SQL,80,800,C:\NCKH\VIDEO_LEARNING_RESEARCH\data\processed\ocr_best_integration\keyframes_roi\v8\v8_00800s.png,subject_default,,low,,0.15,0.2,0.0,0.06,"217,91,1086,574",success
v8,SQL,81,810,C:\NCKH\VIDEO_LEARNING_RESEARCH\data\processed\ocr_best_integration\keyframes_roi\v8\v8_00810s.png,subject_default,,low,,0.15,0.2,0.0,0.06,"217,91,1086,574",success
v8,SQL,82,820,C:\NCKH\VIDEO_LEARNING_RESEARCH\data\processed\ocr_best_integration\keyframes_roi\v8\v8_00820s.png,subject_default,,low,,0.15,0.2,0.0,0.06,"217,91,1086,574",success
v8,SQL,83,830,C:\NCKH\VIDEO_LEARNING_RESEARCH\data\processed\ocr_best_integration\keyframes_roi\v8\v8_00830s.png,subject_default,,low,,0.15,0.2,0.0,0.06,"217,91,1086,574",success
v8,SQL,84,840,C:\NCKH\VIDEO_LEARNING_RESEARCH\data\processed\ocr_best_integration\keyframes_roi\v8\v8_00840s.png,subject_default,,low,,0.15,0.2,0.0,0.06,"217,91,1086,574",success
v8,SQL,85,850,C:\NCKH\VIDEO_LEARNING_RESEARCH\data\processed\ocr_best_integration\keyframes_roi\v8\v8_00850s.png,subject_default,,low,,0.15,0.2,0.0,0.06,"217,91,1086,574",success
v8,SQL,86,860,C:\NCKH\VIDEO_LEARNING_RESEARCH\data\processed\ocr_best_integration\keyframes_roi\v8\v8_00860s.png,subject_default,,low,,0.15,0.2,0.0,0.06,"217,91,1086,574",success
v8,SQL,87,870,C:\NCKH\VIDEO_LEARNING_RESEARCH\data\processed\ocr_best_integration\keyframes_roi\v8\v8_00870s.png,subject_default,,low,,0.15,0.2,0.0,0.06,"217,91,1086,574",success
v8,SQL,88,880,C:\NCKH\VIDEO_LEARNING_RESEARCH\data\processed\ocr_best_integration\keyframes_roi\v8\v8_00880s.png,subject_default,,low,,0.15,0.2,0.0,0.06,"217,91,1086,574",success
v8,SQL,89,890,C:\NCKH\VIDEO_LEARNING_RESEARCH\data\processed\ocr_best_integration\keyframes_roi\v8\v8_00890s.png,subject_default,,low,,0.15,0.2,0.0,0.06,"217,91,1086,574",success
v8,SQL,90,900,C:\NCKH\VIDEO_LEARNING_RESEARCH\data\processed\ocr_best_integration\keyframes_roi\v8\v8_00900s.png,subject_default,,low,,0.15,0.2,0.0,0.06,"217,91,1086,574",success
v8,SQL,91,910,C:\NCKH\VIDEO_LEARNING_RESEARCH\data\processed\ocr_best_integration\keyframes_roi\v8\v8_00910s.png,subject_default,,low,,0.15,0.2,0.0,0.06,"217,91,1086,574",success
v8,SQL,92,920,C:\NCKH\VIDEO_LEARNING_RESEARCH\data\processed\ocr_best_integration\keyframes_roi\v8\v8_00920s.png,subject_default,,low,,0.15,0.2,0.0,0.06,"217,91,1086,574",success
v8,SQL,93,930,C:\NCKH\VIDEO_LEARNING_RESEARCH\data\processed\ocr_best_integration\keyframes_roi\v8\v8_00930s.png,subject_default,,low,,0.15,0.2,0.0,0.06,"217,91,1086,574",success
v8,SQL,94,940,C:\NCKH\VIDEO_LEARNING_RESEARCH\data\processed\ocr_best_integration\keyframes_roi\v8\v8_00940s.png,subject_default,,low,,0.15,0.2,0.0,0.06,"217,91,1086,574",success
v8,SQL,95,950,C:\NCKH\VIDEO_LEARNING_RESEARCH\data\processed\ocr_best_integration\keyframes_roi\v8\v8_00950s.png,subject_default,,low,,0.15,0.2,0.0,0.06,"217,91,1086,574",success
v8,SQL,96,960,C:\NCKH\VIDEO_LEARNING_RESEARCH\data\processed\ocr_best_integration\keyframes_roi\v8\v8_00960s.png,subject_default,,low,,0.15,0.2,0.0,0.06,"217,91,1086,574",success
v8,SQL,97,970,C:\NCKH\VIDEO_LEARNING_RESEARCH\data\processed\ocr_best_integration\keyframes_roi\v8\v8_00970s.png,subject_default,,low,,0.15,0.2,0.0,0.06,"217,91,1086,574",success
v8,SQL,98,980,C:\NCKH\VIDEO_LEARNING_RESEARCH\data\processed\ocr_best_integration\keyframes_roi\v8\v8_00980s.png,subject_default,,low,,0.15,0.2,0.0,0.06,"217,91,1086,574",success
v8,SQL,99,990,C:\NCKH\VIDEO_LEARNING_RESEARCH\data\processed\ocr_best_integration\keyframes_roi\v8\v8_00990s.png,subject_default,,low,,0.15,0.2,0.0,0.06,"217,91,1086,574",success
v8,SQL,100,1000,C:\NCKH\VIDEO_LEARNING_RESEARCH\data\processed\ocr_best_integration\keyframes_roi\v8\v8_01000s.png,subject_default,,low,,0.15,0.2,0.0,0.06,"217,91,1086,574",success
v8,SQL,101,1010,C:\NCKH\VIDEO_LEARNING_RESEARCH\data\processed\ocr_best_integration\keyframes_roi\v8\v8_01010s.png,subject_default,,low,,0.15,0.2,0.0,0.06,"217,91,1086,574",success
v8,SQL,102,1020,C:\NCKH\VIDEO_LEARNING_RESEARCH\data\processed\ocr_best_integration\keyframes_roi\v8\v8_01020s.png,subject_default,,low,,0.15,0.2,0.0,0.06,"217,91,1086,574",success
v8,SQL,103,1030,C:\NCKH\VIDEO_LEARNING_RESEARCH\data\processed\ocr_best_integration\keyframes_roi\v8\v8_01030s.png,subject_default,,low,,0.15,0.2,0.0,0.06,"217,91,1086,574",success
v8,SQL,104,1040,C:\NCKH\VIDEO_LEARNING_RESEARCH\data\processed\ocr_best_integration\keyframes_roi\v8\v8_01040s.png,subject_default,,low,,0.15,0.2,0.0,0.06,"217,91,1086,574",success
v8,SQL,105,1050,C:\NCKH\VIDEO_LEARNING_RESEARCH\data\processed\ocr_best_integration\keyframes_roi\v8\v8_01050s.png,subject_default,,low,,0.15,0.2,0.0,0.06,"217,91,1086,574",success
v9,SQL,0,0,C:\NCKH\VIDEO_LEARNING_RESEARCH\data\processed\ocr_best_integration\keyframes_roi\v9\v9_00000s.png,subject_default,,low,,0.15,0.2,0.0,0.06,"217,91,1086,574",success
v9,SQL,1,10,C:\NCKH\VIDEO_LEARNING_RESEARCH\data\processed\ocr_best_integration\keyframes_roi\v9\v9_00010s.png,subject_default,,low,,0.15,0.2,0.0,0.06,"217,91,1086,574",success
v9,SQL,2,20,C:\NCKH\VIDEO_LEARNING_RESEARCH\data\processed\ocr_best_integration\keyframes_roi\v9\v9_00020s.png,subject_default,slide_fullbleed,low,neso_academy,0.15,0.2,0.0,0.06,"217,91,1086,574",success
v9,SQL,3,30,C:\NCKH\VIDEO_LEARNING_RESEARCH\data\processed\ocr_best_integration\keyframes_roi\v9\v9_00030s.png,subject_default,slide_fullbleed,low,neso_academy,0.15,0.2,0.0,0.06,"217,91,1086,574",success
v9,SQL,4,40,C:\NCKH\VIDEO_LEARNING_RESEARCH\data\processed\ocr_best_integration\keyframes_roi\v9\v9_00040s.png,subject_default,slide_fullbleed,low,neso_academy,0.15,0.2,0.0,0.06,"217,91,1086,574",success
v9,SQL,5,50,C:\NCKH\VIDEO_LEARNING_RESEARCH\data\processed\ocr_best_integration\keyframes_roi\v9\v9_00050s.png,subject_default,,low,,0.15,0.2,0.0,0.06,"217,91,1086,574",success
v9,SQL,6,60,C:\NCKH\VIDEO_LEARNING_RESEARCH\data\processed\ocr_best_integration\keyframes_roi\v9\v9_00060s.png,subject_default,,low,,0.15,0.2,0.0,0.06,"217,91,1086,574",success
v9,SQL,7,70,C:\NCKH\VIDEO_LEARNING_RESEARCH\data\processed\ocr_best_integration\keyframes_roi\v9\v9_00070s.png,subject_default,,low,,0.15,0.2,0.0,0.06,"217,91,1086,574",success
v9,SQL,8,80,C:\NCKH\VIDEO_LEARNING_RESEARCH\data\processed\ocr_best_integration\keyframes_roi\v9\v9_00080s.png,subject_default,slide_fullbleed,low,neso_academy,0.15,0.2,0.0,0.06,"217,91,1086,574",success
v9,SQL,9,90,C:\NCKH\VIDEO_LEARNING_RESEARCH\data\processed\ocr_best_integration\keyframes_roi\v9\v9_00090s.png,subject_default,slide_fullbleed,low,neso_academy,0.15,0.2,0.0,0.06,"217,91,1086,574",success
v9,SQL,10,100,C:\NCKH\VIDEO_LEARNING_RESEARCH\data\processed\ocr_best_integration\keyframes_roi\v9\v9_00100s.png,subject_default,slide_fullbleed,low,neso_academy,0.15,0.2,0.0,0.06,"217,91,1086,574",success
v9,SQL,11,110,C:\NCKH\VIDEO_LEARNING_RESEARCH\data\processed\ocr_best_integration\keyframes_roi\v9\v9_00110s.png,subject_default,slide_fullbleed,low,neso_academy,0.15,0.2,0.0,0.06,"217,91,1086,574",success
v9,SQL,12,120,C:\NCKH\VIDEO_LEARNING_RESEARCH\data\processed\ocr_best_integration\keyframes_roi\v9\v9_00120s.png,subject_default,slide_fullbleed,low,neso_academy,0.15,0.2,0.0,0.06,"217,91,1086,574",success
v9,SQL,13,130,C:\NCKH\VIDEO_LEARNING_RESEARCH\data\processed\ocr_best_integration\keyframes_roi\v9\v9_00130s.png,subject_default,slide_fullbleed,low,neso_academy,0.15,0.2,0.0,0.06,"217,91,1086,574",success
v9,SQL,14,140,C:\NCKH\VIDEO_LEARNING_RESEARCH\data\processed\ocr_best_integration\keyframes_roi\v9\v9_00140s.png,subject_default,slide_fullbleed,low,neso_academy,0.15,0.2,0.0,0.06,"217,91,1086,574",success
v9,SQL,15,150,C:\NCKH\VIDEO_LEARNING_RESEARCH\data\processed\ocr_best_integration\keyframes_roi\v9\v9_00150s.png,subject_default,slide_fullbleed,low,neso_academy,0.15,0.2,0.0,0.06,"217,91,1086,574",success
v9,SQL,16,160,C:\NCKH\VIDEO_LEARNING_RESEARCH\data\processed\ocr_best_integration\keyframes_roi\v9\v9_00160s.png,subject_default,slide_fullbleed,low,neso_academy,0.15,0.2,0.0,0.06,"217,91,1086,574",success
v9,SQL,17,170,C:\NCKH\VIDEO_LEARNING_RESEARCH\data\processed\ocr_best_integration\keyframes_roi\v9\v9_00170s.png,subject_default,slide_fullbleed,low,neso_academy,0.15,0.2,0.0,0.06,"217,91,1086,574",success
v9,SQL,18,180,C:\NCKH\VIDEO_LEARNING_RESEARCH\data\processed\ocr_best_integration\keyframes_roi\v9\v9_00180s.png,subject_default,slide_fullbleed,low,neso_academy,0.15,0.2,0.0,0.06,"217,91,1086,574",success
v9,SQL,19,190,C:\NCKH\VIDEO_LEARNING_RESEARCH\data\processed\ocr_best_integration\keyframes_roi\v9\v9_00190s.png,subject_default,slide_fullbleed,low,neso_academy,0.15,0.2,0.0,0.06,"217,91,1086,574",success
v9,SQL,20,200,C:\NCKH\VIDEO_LEARNING_RESEARCH\data\processed\ocr_best_integration\keyframes_roi\v9\v9_00200s.png,subject_default,slide_fullbleed,low,neso_academy,0.15,0.2,0.0,0.06,"217,91,1086,574",success
v9,SQL,21,210,C:\NCKH\VIDEO_LEARNING_RESEARCH\data\processed\ocr_best_integration\keyframes_roi\v9\v9_00210s.png,subject_default,slide_fullbleed,low,neso_academy,0.15,0.2,0.0,0.06,"217,91,1086,574",success
v9,SQL,22,220,C:\NCKH\VIDEO_LEARNING_RESEARCH\data\processed\ocr_best_integration\keyframes_roi\v9\v9_00220s.png,subject_default,slide_fullbleed,low,neso_academy,0.15,0.2,0.0,0.06,"217,91,1086,574",success
v9,SQL,23,230,C:\NCKH\VIDEO_LEARNING_RESEARCH\data\processed\ocr_best_integration\keyframes_roi\v9\v9_00230s.png,subject_default,slide_fullbleed,low,neso_academy,0.15,0.2,0.0,0.06,"217,91,1086,574",success
v9,SQL,24,240,C:\NCKH\VIDEO_LEARNING_RESEARCH\data\processed\ocr_best_integration\keyframes_roi\v9\v9_00240s.png,subject_default,slide_fullbleed,low,neso_academy,0.15,0.2,0.0,0.06,"217,91,1086,574",success
v9,SQL,25,250,C:\NCKH\VIDEO_LEARNING_RESEARCH\data\processed\ocr_best_integration\keyframes_roi\v9\v9_00250s.png,subject_default,slide_fullbleed,low,neso_academy,0.15,0.2,0.0,0.06,"217,91,1086,574",success
v9,SQL,26,260,C:\NCKH\VIDEO_LEARNING_RESEARCH\data\processed\ocr_best_integration\keyframes_roi\v9\v9_00260s.png,subject_default,slide_fullbleed,low,neso_academy,0.15,0.2,0.0,0.06,"217,91,1086,574",success
v9,SQL,27,270,C:\NCKH\VIDEO_LEARNING_RESEARCH\data\processed\ocr_best_integration\keyframes_roi\v9\v9_00270s.png,subject_default,slide_fullbleed,low,neso_academy,0.15,0.2,0.0,0.06,"217,91,1086,574",success
v9,SQL,28,280,C:\NCKH\VIDEO_LEARNING_RESEARCH\data\processed\ocr_best_integration\keyframes_roi\v9\v9_00280s.png,subject_default,slide_fullbleed,low,neso_academy,0.15,0.2,0.0,0.06,"217,91,1086,574",success
v9,SQL,29,290,C:\NCKH\VIDEO_LEARNING_RESEARCH\data\processed\ocr_best_integration\keyframes_roi\v9\v9_00290s.png,subject_default,slide_fullbleed,low,neso_academy,0.15,0.2,0.0,0.06,"217,91,1086,574",success
v9,SQL,30,300,C:\NCKH\VIDEO_LEARNING_RESEARCH\data\processed\ocr_best_integration\keyframes_roi\v9\v9_00300s.png,subject_default,slide_fullbleed,low,neso_academy,0.15,0.2,0.0,0.06,"217,91,1086,574",success
v9,SQL,31,310,C:\NCKH\VIDEO_LEARNING_RESEARCH\data\processed\ocr_best_integration\keyframes_roi\v9\v9_00310s.png,subject_default,slide_fullbleed,low,neso_academy,0.15,0.2,0.0,0.06,"217,91,1086,574",success
v9,SQL,32,320,C:\NCKH\VIDEO_LEARNING_RESEARCH\data\processed\ocr_best_integration\keyframes_roi\v9\v9_00320s.png,subject_default,slide_fullbleed,low,neso_academy,0.15,0.2,0.0,0.06,"217,91,1086,574",success
v9,SQL,33,330,C:\NCKH\VIDEO_LEARNING_RESEARCH\data\processed\ocr_best_integration\keyframes_roi\v9\v9_00330s.png,subject_default,slide_fullbleed,low,neso_academy,0.15,0.2,0.0,0.06,"217,91,1086,574",success
v9,SQL,34,340,C:\NCKH\VIDEO_LEARNING_RESEARCH\data\processed\ocr_best_integration\keyframes_roi\v9\v9_00340s.png,subject_default,slide_fullbleed,low,neso_academy,0.15,0.2,0.0,0.06,"217,91,1086,574",success
v9,SQL,35,350,C:\NCKH\VIDEO_LEARNING_RESEARCH\data\processed\ocr_best_integration\keyframes_roi\v9\v9_00350s.png,subject_default,slide_fullbleed,low,neso_academy,0.15,0.2,0.0,0.06,"217,91,1086,574",success
v9,SQL,36,360,C:\NCKH\VIDEO_LEARNING_RESEARCH\data\processed\ocr_best_integration\keyframes_roi\v9\v9_00360s.png,subject_default,slide_fullbleed,low,neso_academy,0.15,0.2,0.0,0.06,"217,91,1086,574",success
v9,SQL,37,370,C:\NCKH\VIDEO_LEARNING_RESEARCH\data\processed\ocr_best_integration\keyframes_roi\v9\v9_00370s.png,subject_default,slide_fullbleed,low,neso_academy,0.15,0.2,0.0,0.06,"217,91,1086,574",success
v9,SQL,38,380,C:\NCKH\VIDEO_LEARNING_RESEARCH\data\processed\ocr_best_integration\keyframes_roi\v9\v9_00380s.png,subject_default,slide_fullbleed,low,neso_academy,0.15,0.2,0.0,0.06,"217,91,1086,574",success
v9,SQL,39,390,C:\NCKH\VIDEO_LEARNING_RESEARCH\data\processed\ocr_best_integration\keyframes_roi\v9\v9_00390s.png,subject_default,slide_fullbleed,low,neso_academy,0.15,0.2,0.0,0.06,"217,91,1086,574",success
v9,SQL,40,400,C:\NCKH\VIDEO_LEARNING_RESEARCH\data\processed\ocr_best_integration\keyframes_roi\v9\v9_00400s.png,subject_default,slide_fullbleed,low,neso_academy,0.15,0.2,0.0,0.06,"217,91,1086,574",success
v9,SQL,41,410,C:\NCKH\VIDEO_LEARNING_RESEARCH\data\processed\ocr_best_integration\keyframes_roi\v9\v9_00410s.png,subject_default,slide_fullbleed,low,neso_academy,0.15,0.2,0.0,0.06,"217,91,1086,574",success
v9,SQL,42,420,C:\NCKH\VIDEO_LEARNING_RESEARCH\data\processed\ocr_best_integration\keyframes_roi\v9\v9_00420s.png,subject_default,slide_fullbleed,low,neso_academy,0.15,0.2,0.0,0.06,"217,91,1086,574",success
v9,SQL,43,430,C:\NCKH\VIDEO_LEARNING_RESEARCH\data\processed\ocr_best_integration\keyframes_roi\v9\v9_00430s.png,subject_default,slide_fullbleed,low,neso_academy,0.15,0.2,0.0,0.06,"217,91,1086,574",success
v9,SQL,44,440,C:\NCKH\VIDEO_LEARNING_RESEARCH\data\processed\ocr_best_integration\keyframes_roi\v9\v9_00440s.png,subject_default,slide_fullbleed,low,neso_academy,0.15,0.2,0.0,0.06,"217,91,1086,574",success
v9,SQL,45,450,C:\NCKH\VIDEO_LEARNING_RESEARCH\data\processed\ocr_best_integration\keyframes_roi\v9\v9_00450s.png,subject_default,slide_fullbleed,low,neso_academy,0.15,0.2,0.0,0.06,"217,91,1086,574",success
v9,SQL,46,460,C:\NCKH\VIDEO_LEARNING_RESEARCH\data\processed\ocr_best_integration\keyframes_roi\v9\v9_00460s.png,subject_default,slide_fullbleed,low,neso_academy,0.15,0.2,0.0,0.06,"217,91,1086,574",success
v9,SQL,47,470,C:\NCKH\VIDEO_LEARNING_RESEARCH\data\processed\ocr_best_integration\keyframes_roi\v9\v9_00470s.png,subject_default,slide_fullbleed,low,neso_academy,0.15,0.2,0.0,0.06,"217,91,1086,574",success
v9,SQL,48,480,C:\NCKH\VIDEO_LEARNING_RESEARCH\data\processed\ocr_best_integration\keyframes_roi\v9\v9_00480s.png,subject_default,slide_fullbleed,low,neso_academy,0.15,0.2,0.0,0.06,"217,91,1086,574",success
v9,SQL,49,490,C:\NCKH\VIDEO_LEARNING_RESEARCH\data\processed\ocr_best_integration\keyframes_roi\v9\v9_00490s.png,subject_default,,low,,0.15,0.2,0.0,0.06,"217,91,1086,574",success
v9,SQL,50,500,C:\NCKH\VIDEO_LEARNING_RESEARCH\data\processed\ocr_best_integration\keyframes_roi\v9\v9_00500s.png,subject_default,slide_fullbleed,low,neso_academy,0.15,0.2,0.0,0.06,"217,91,1086,574",success
v9,SQL,51,510,C:\NCKH\VIDEO_LEARNING_RESEARCH\data\processed\ocr_best_integration\keyframes_roi\v9\v9_00510s.png,subject_default,slide_fullbleed,low,neso_academy,0.15,0.2,0.0,0.06,"217,91,1086,574",success
v9,SQL,52,520,C:\NCKH\VIDEO_LEARNING_RESEARCH\data\processed\ocr_best_integration\keyframes_roi\v9\v9_00520s.png,subject_default,slide_fullbleed,low,neso_academy,0.15,0.2,0.0,0.06,"217,91,1086,574",success
v9,SQL,53,530,C:\NCKH\VIDEO_LEARNING_RESEARCH\data\processed\ocr_best_integration\keyframes_roi\v9\v9_00530s.png,subject_default,slide_fullbleed,low,neso_academy,0.15,0.2,0.0,0.06,"217,91,1086,574",success
v9,SQL,54,540,C:\NCKH\VIDEO_LEARNING_RESEARCH\data\processed\ocr_best_integration\keyframes_roi\v9\v9_00540s.png,subject_default,vscode,low,eol_status,0.15,0.2,0.0,0.06,"217,91,1086,574",success
v9,SQL,55,550,C:\NCKH\VIDEO_LEARNING_RESEARCH\data\processed\ocr_best_integration\keyframes_roi\v9\v9_00550s.png,subject_default,slide_fullbleed,low,neso_academy,0.15,0.2,0.0,0.06,"217,91,1086,574",success
v9,SQL,56,560,C:\NCKH\VIDEO_LEARNING_RESEARCH\data\processed\ocr_best_integration\keyframes_roi\v9\v9_00560s.png,subject_default,slide_fullbleed,low,neso_academy,0.15,0.2,0.0,0.06,"217,91,1086,574",success
v9,SQL,57,570,C:\NCKH\VIDEO_LEARNING_RESEARCH\data\processed\ocr_best_integration\keyframes_roi\v9\v9_00570s.png,subject_default,slide_fullbleed,low,neso_academy,0.15,0.2,0.0,0.06,"217,91,1086,574",success
v9,SQL,58,580,C:\NCKH\VIDEO_LEARNING_RESEARCH\data\processed\ocr_best_integration\keyframes_roi\v9\v9_00580s.png,subject_default,slide_fullbleed,low,neso_academy,0.15,0.2,0.0,0.06,"217,91,1086,574",success
v9,SQL,59,590,C:\NCKH\VIDEO_LEARNING_RESEARCH\data\processed\ocr_best_integration\keyframes_roi\v9\v9_00590s.png,subject_default,slide_fullbleed,low,neso_academy,0.15,0.2,0.0,0.06,"217,91,1086,574",success
v9,SQL,60,600,C:\NCKH\VIDEO_LEARNING_RESEARCH\data\processed\ocr_best_integration\keyframes_roi\v9\v9_00600s.png,subject_default,slide_fullbleed,low,neso_academy,0.15,0.2,0.0,0.06,"217,91,1086,574",success
v9,SQL,61,610,C:\NCKH\VIDEO_LEARNING_RESEARCH\data\processed\ocr_best_integration\keyframes_roi\v9\v9_00610s.png,subject_default,slide_fullbleed,low,neso_academy,0.15,0.2,0.0,0.06,"217,91,1086,574",success
v9,SQL,62,620,C:\NCKH\VIDEO_LEARNING_RESEARCH\data\processed\ocr_best_integration\keyframes_roi\v9\v9_00620s.png,subject_default,slide_fullbleed,low,neso_academy,0.15,0.2,0.0,0.06,"217,91,1086,574",success
v9,SQL,63,630,C:\NCKH\VIDEO_LEARNING_RESEARCH\data\processed\ocr_best_integration\keyframes_roi\v9\v9_00630s.png,subject_default,slide_fullbleed,low,neso_academy,0.15,0.2,0.0,0.06,"217,91,1086,574",success
v9,SQL,64,640,C:\NCKH\VIDEO_LEARNING_RESEARCH\data\processed\ocr_best_integration\keyframes_roi\v9\v9_00640s.png,subject_default,slide_fullbleed,low,neso_academy,0.15,0.2,0.0,0.06,"217,91,1086,574",success
v9,SQL,65,650,C:\NCKH\VIDEO_LEARNING_RESEARCH\data\processed\ocr_best_integration\keyframes_roi\v9\v9_00650s.png,subject_default,slide_fullbleed,low,neso_academy,0.15,0.2,0.0,0.06,"217,91,1086,574",success
v9,SQL,66,660,C:\NCKH\VIDEO_LEARNING_RESEARCH\data\processed\ocr_best_integration\keyframes_roi\v9\v9_00660s.png,subject_default,slide_fullbleed,low,neso_academy,0.15,0.2,0.0,0.06,"217,91,1086,574",success
v9,SQL,67,670,C:\NCKH\VIDEO_LEARNING_RESEARCH\data\processed\ocr_best_integration\keyframes_roi\v9\v9_00670s.png,subject_default,slide_fullbleed,low,neso_academy,0.15,0.2,0.0,0.06,"217,91,1086,574",success
v9,SQL,68,680,C:\NCKH\VIDEO_LEARNING_RESEARCH\data\processed\ocr_best_integration\keyframes_roi\v9\v9_00680s.png,subject_default,slide_fullbleed,low,neso_academy,0.15,0.2,0.0,0.06,"217,91,1086,574",success
v9,SQL,69,690,C:\NCKH\VIDEO_LEARNING_RESEARCH\data\processed\ocr_best_integration\keyframes_roi\v9\v9_00690s.png,subject_default,,low,,0.15,0.2,0.0,0.06,"217,91,1086,574",success
v10,SQL,0,0,C:\NCKH\VIDEO_LEARNING_RESEARCH\data\processed\ocr_best_integration\keyframes_roi\v10\v10_00000s.png,subject_default,,low,,0.15,0.2,0.0,0.06,"217,91,1086,574",success
v10,SQL,1,10,C:\NCKH\VIDEO_LEARNING_RESEARCH\data\processed\ocr_best_integration\keyframes_roi\v10\v10_00010s.png,subject_default,,low,,0.15,0.2,0.0,0.06,"217,91,1086,574",success
v10,SQL,2,20,C:\NCKH\VIDEO_LEARNING_RESEARCH\data\processed\ocr_best_integration\keyframes_roi\v10\v10_00020s.png,subject_default,,low,,0.15,0.2,0.0,0.06,"217,91,1086,574",success
v10,SQL,3,30,C:\NCKH\VIDEO_LEARNING_RESEARCH\data\processed\ocr_best_integration\keyframes_roi\v10\v10_00030s.png,subject_default,,low,,0.15,0.2,0.0,0.06,"217,91,1086,574",success
v10,SQL,4,40,C:\NCKH\VIDEO_LEARNING_RESEARCH\data\processed\ocr_best_integration\keyframes_roi\v10\v10_00040s.png,subject_default,,low,,0.15,0.2,0.0,0.06,"217,91,1086,574",success
v10,SQL,5,50,C:\NCKH\VIDEO_LEARNING_RESEARCH\data\processed\ocr_best_integration\keyframes_roi\v10\v10_00050s.png,subject_default,,low,,0.15,0.2,0.0,0.06,"217,91,1086,574",success
v10,SQL,6,60,C:\NCKH\VIDEO_LEARNING_RESEARCH\data\processed\ocr_best_integration\keyframes_roi\v10\v10_00060s.png,subject_default,,low,,0.15,0.2,0.0,0.06,"217,91,1086,574",success
v10,SQL,7,70,C:\NCKH\VIDEO_LEARNING_RESEARCH\data\processed\ocr_best_integration\keyframes_roi\v10\v10_00070s.png,subject_default,,low,,0.15,0.2,0.0,0.06,"217,91,1086,574",success
v10,SQL,8,80,C:\NCKH\VIDEO_LEARNING_RESEARCH\data\processed\ocr_best_integration\keyframes_roi\v10\v10_00080s.png,subject_default,,low,,0.15,0.2,0.0,0.06,"217,91,1086,574",success
v10,SQL,9,90,C:\NCKH\VIDEO_LEARNING_RESEARCH\data\processed\ocr_best_integration\keyframes_roi\v10\v10_00090s.png,subject_default,,low,,0.15,0.2,0.0,0.06,"217,91,1086,574",success
v10,SQL,10,100,C:\NCKH\VIDEO_LEARNING_RESEARCH\data\processed\ocr_best_integration\keyframes_roi\v10\v10_00100s.png,subject_default,,low,,0.15,0.2,0.0,0.06,"217,91,1086,574",success
v10,SQL,11,110,C:\NCKH\VIDEO_LEARNING_RESEARCH\data\processed\ocr_best_integration\keyframes_roi\v10\v10_00110s.png,subject_default,,low,,0.15,0.2,0.0,0.06,"217,91,1086,574",success
v10,SQL,12,120,C:\NCKH\VIDEO_LEARNING_RESEARCH\data\processed\ocr_best_integration\keyframes_roi\v10\v10_00120s.png,subject_default,,low,,0.15,0.2,0.0,0.06,"217,91,1086,574",success
v10,SQL,13,130,C:\NCKH\VIDEO_LEARNING_RESEARCH\data\processed\ocr_best_integration\keyframes_roi\v10\v10_00130s.png,subject_default,,low,,0.15,0.2,0.0,0.06,"217,91,1086,574",success
v10,SQL,14,140,C:\NCKH\VIDEO_LEARNING_RESEARCH\data\processed\ocr_best_integration\keyframes_roi\v10\v10_00140s.png,subject_default,,low,,0.15,0.2,0.0,0.06,"217,91,1086,574",success
v10,SQL,15,150,C:\NCKH\VIDEO_LEARNING_RESEARCH\data\processed\ocr_best_integration\keyframes_roi\v10\v10_00150s.png,subject_default,,low,,0.15,0.2,0.0,0.06,"217,91,1086,574",success
v10,SQL,16,160,C:\NCKH\VIDEO_LEARNING_RESEARCH\data\processed\ocr_best_integration\keyframes_roi\v10\v10_00160s.png,subject_default,,low,,0.15,0.2,0.0,0.06,"217,91,1086,574",success
v10,SQL,17,170,C:\NCKH\VIDEO_LEARNING_RESEARCH\data\processed\ocr_best_integration\keyframes_roi\v10\v10_00170s.png,subject_default,,low,,0.15,0.2,0.0,0.06,"217,91,1086,574",success
v10,SQL,18,180,C:\NCKH\VIDEO_LEARNING_RESEARCH\data\processed\ocr_best_integration\keyframes_roi\v10\v10_00180s.png,subject_default,,low,,0.15,0.2,0.0,0.06,"217,91,1086,574",success
v10,SQL,19,190,C:\NCKH\VIDEO_LEARNING_RESEARCH\data\processed\ocr_best_integration\keyframes_roi\v10\v10_00190s.png,subject_default,,low,,0.15,0.2,0.0,0.06,"217,91,1086,574",success
v10,SQL,20,200,C:\NCKH\VIDEO_LEARNING_RESEARCH\data\processed\ocr_best_integration\keyframes_roi\v10\v10_00200s.png,subject_default,,low,,0.15,0.2,0.0,0.06,"217,91,1086,574",success
v10,SQL,21,210,C:\NCKH\VIDEO_LEARNING_RESEARCH\data\processed\ocr_best_integration\keyframes_roi\v10\v10_00210s.png,subject_default,,low,,0.15,0.2,0.0,0.06,"217,91,1086,574",success
v10,SQL,22,220,C:\NCKH\VIDEO_LEARNING_RESEARCH\data\processed\ocr_best_integration\keyframes_roi\v10\v10_00220s.png,subject_default,,low,,0.15,0.2,0.0,0.06,"217,91,1086,574",success
v10,SQL,23,230,C:\NCKH\VIDEO_LEARNING_RESEARCH\data\processed\ocr_best_integration\keyframes_roi\v10\v10_00230s.png,subject_default,,low,,0.15,0.2,0.0,0.06,"217,91,1086,574",success
v10,SQL,24,240,C:\NCKH\VIDEO_LEARNING_RESEARCH\data\processed\ocr_best_integration\keyframes_roi\v10\v10_00240s.png,subject_default,,low,,0.15,0.2,0.0,0.06,"217,91,1086,574",success
v10,SQL,25,250,C:\NCKH\VIDEO_LEARNING_RESEARCH\data\processed\ocr_best_integration\keyframes_roi\v10\v10_00250s.png,subject_default,,low,,0.15,0.2,0.0,0.06,"217,91,1086,574",success
v10,SQL,26,260,C:\NCKH\VIDEO_LEARNING_RESEARCH\data\processed\ocr_best_integration\keyframes_roi\v10\v10_00260s.png,subject_default,,low,,0.15,0.2,0.0,0.06,"217,91,1086,574",success
v10,SQL,27,270,C:\NCKH\VIDEO_LEARNING_RESEARCH\data\processed\ocr_best_integration\keyframes_roi\v10\v10_00270s.png,subject_default,,low,,0.15,0.2,0.0,0.06,"217,91,1086,574",success
v10,SQL,28,280,C:\NCKH\VIDEO_LEARNING_RESEARCH\data\processed\ocr_best_integration\keyframes_roi\v10\v10_00280s.png,subject_default,,low,,0.15,0.2,0.0,0.06,"217,91,1086,574",success
v10,SQL,29,290,C:\NCKH\VIDEO_LEARNING_RESEARCH\data\processed\ocr_best_integration\keyframes_roi\v10\v10_00290s.png,subject_default,,low,,0.15,0.2,0.0,0.06,"217,91,1086,574",success
v10,SQL,30,300,C:\NCKH\VIDEO_LEARNING_RESEARCH\data\processed\ocr_best_integration\keyframes_roi\v10\v10_00300s.png,subject_default,,low,,0.15,0.2,0.0,0.06,"217,91,1086,574",success
v10,SQL,31,310,C:\NCKH\VIDEO_LEARNING_RESEARCH\data\processed\ocr_best_integration\keyframes_roi\v10\v10_00310s.png,subject_default,,low,,0.15,0.2,0.0,0.06,"217,91,1086,574",success
v10,SQL,32,320,C:\NCKH\VIDEO_LEARNING_RESEARCH\data\processed\ocr_best_integration\keyframes_roi\v10\v10_00320s.png,context,vscode,high,encoding_status;eol_status,0.05,0.04,0.0,0.12,"43,30,1086,537",success
v10,SQL,33,330,C:\NCKH\VIDEO_LEARNING_RESEARCH\data\processed\ocr_best_integration\keyframes_roi\v10\v10_00330s.png,context,vscode,high,ln_col_status;encoding_status;eol_status,0.05,0.04,0.0,0.12,"43,30,1086,537",success
v10,SQL,34,340,C:\NCKH\VIDEO_LEARNING_RESEARCH\data\processed\ocr_best_integration\keyframes_roi\v10\v10_00340s.png,context,vscode,high,ln_col_status;encoding_status;eol_status,0.05,0.04,0.0,0.12,"43,30,1086,537",success
v10,SQL,35,350,C:\NCKH\VIDEO_LEARNING_RESEARCH\data\processed\ocr_best_integration\keyframes_roi\v10\v10_00350s.png,subject_default,,low,,0.15,0.2,0.0,0.06,"217,91,1086,574",success
v10,SQL,36,360,C:\NCKH\VIDEO_LEARNING_RESEARCH\data\processed\ocr_best_integration\keyframes_roi\v10\v10_00360s.png,context,vscode,high,ln_col_status;encoding_status;eol_status,0.05,0.04,0.0,0.12,"43,30,1086,537",success
v10,SQL,37,370,C:\NCKH\VIDEO_LEARNING_RESEARCH\data\processed\ocr_best_integration\keyframes_roi\v10\v10_00370s.png,context,vscode,high,ln_col_status;encoding_status;eol_status,0.05,0.04,0.0,0.12,"43,30,1086,537",success
v10,SQL,38,380,C:\NCKH\VIDEO_LEARNING_RESEARCH\data\processed\ocr_best_integration\keyframes_roi\v10\v10_00380s.png,context,vscode,high,ln_col_status;encoding_status;eol_status,0.05,0.04,0.0,0.12,"43,30,1086,537",success
v10,SQL,39,390,C:\NCKH\VIDEO_LEARNING_RESEARCH\data\processed\ocr_best_integration\keyframes_roi\v10\v10_00390s.png,context,vscode,high,ln_col_status;encoding_status;eol_status,0.05,0.04,0.0,0.12,"43,30,1086,537",success
v10,SQL,40,400,C:\NCKH\VIDEO_LEARNING_RESEARCH\data\processed\ocr_best_integration\keyframes_roi\v10\v10_00400s.png,context,vscode,high,ln_col_status;encoding_status;eol_status,0.05,0.04,0.0,0.12,"43,30,1086,537",success
v10,SQL,41,410,C:\NCKH\VIDEO_LEARNING_RESEARCH\data\processed\ocr_best_integration\keyframes_roi\v10\v10_00410s.png,context,vscode,high,ln_col_status;encoding_status;eol_status,0.05,0.04,0.0,0.12,"43,30,1086,537",success
v10,SQL,42,420,C:\NCKH\VIDEO_LEARNING_RESEARCH\data\processed\ocr_best_integration\keyframes_roi\v10\v10_00420s.png,subject_default,,low,,0.15,0.2,0.0,0.06,"217,91,1086,574",success
v10,SQL,43,430,C:\NCKH\VIDEO_LEARNING_RESEARCH\data\processed\ocr_best_integration\keyframes_roi\v10\v10_00430s.png,subject_default,,low,,0.15,0.2,0.0,0.06,"217,91,1086,574",success
v10,SQL,44,440,C:\NCKH\VIDEO_LEARNING_RESEARCH\data\processed\ocr_best_integration\keyframes_roi\v10\v10_00440s.png,subject_default,,low,,0.15,0.2,0.0,0.06,"217,91,1086,574",success
v10,SQL,45,450,C:\NCKH\VIDEO_LEARNING_RESEARCH\data\processed\ocr_best_integration\keyframes_roi\v10\v10_00450s.png,context,vscode,high,ln_col_status;encoding_status;eol_status,0.05,0.04,0.0,0.12,"43,30,1086,537",success
v10,SQL,46,460,C:\NCKH\VIDEO_LEARNING_RESEARCH\data\processed\ocr_best_integration\keyframes_roi\v10\v10_00460s.png,subject_default,,low,,0.15,0.2,0.0,0.06,"217,91,1086,574",success
v10,SQL,47,470,C:\NCKH\VIDEO_LEARNING_RESEARCH\data\processed\ocr_best_integration\keyframes_roi\v10\v10_00470s.png,subject_default,,low,,0.15,0.2,0.0,0.06,"217,91,1086,574",success
v10,SQL,48,480,C:\NCKH\VIDEO_LEARNING_RESEARCH\data\processed\ocr_best_integration\keyframes_roi\v10\v10_00480s.png,subject_default,,low,,0.15,0.2,0.0,0.06,"217,91,1086,574",success
v10,SQL,49,490,C:\NCKH\VIDEO_LEARNING_RESEARCH\data\processed\ocr_best_integration\keyframes_roi\v10\v10_00490s.png,subject_default,,low,,0.15,0.2,0.0,0.06,"217,91,1086,574",success
v10,SQL,50,500,C:\NCKH\VIDEO_LEARNING_RESEARCH\data\processed\ocr_best_integration\keyframes_roi\v10\v10_00500s.png,subject_default,,low,,0.15,0.2,0.0,0.06,"217,91,1086,574",success
v10,SQL,51,510,C:\NCKH\VIDEO_LEARNING_RESEARCH\data\processed\ocr_best_integration\keyframes_roi\v10\v10_00510s.png,subject_default,,low,,0.15,0.2,0.0,0.06,"217,91,1086,574",success
v10,SQL,52,520,C:\NCKH\VIDEO_LEARNING_RESEARCH\data\processed\ocr_best_integration\keyframes_roi\v10\v10_00520s.png,context,vscode,high,ln_col_status;encoding_status;eol_status,0.05,0.04,0.0,0.12,"43,30,1086,537",success
v10,SQL,53,530,C:\NCKH\VIDEO_LEARNING_RESEARCH\data\processed\ocr_best_integration\keyframes_roi\v10\v10_00530s.png,subject_default,,low,,0.15,0.2,0.0,0.06,"217,91,1086,574",success
v10,SQL,54,540,C:\NCKH\VIDEO_LEARNING_RESEARCH\data\processed\ocr_best_integration\keyframes_roi\v10\v10_00540s.png,subject_default,,low,,0.15,0.2,0.0,0.06,"217,91,1086,574",success
v10,SQL,55,550,C:\NCKH\VIDEO_LEARNING_RESEARCH\data\processed\ocr_best_integration\keyframes_roi\v10\v10_00550s.png,subject_default,,low,,0.15,0.2,0.0,0.06,"217,91,1086,574",success
v10,SQL,56,560,C:\NCKH\VIDEO_LEARNING_RESEARCH\data\processed\ocr_best_integration\keyframes_roi\v10\v10_00560s.png,subject_default,,low,,0.15,0.2,0.0,0.06,"217,91,1086,574",success
v10,SQL,57,570,C:\NCKH\VIDEO_LEARNING_RESEARCH\data\processed\ocr_best_integration\keyframes_roi\v10\v10_00570s.png,subject_default,,low,,0.15,0.2,0.0,0.06,"217,91,1086,574",success
v10,SQL,58,580,C:\NCKH\VIDEO_LEARNING_RESEARCH\data\processed\ocr_best_integration\keyframes_roi\v10\v10_00580s.png,context,vscode,high,ln_col_status;encoding_status;eol_status,0.05,0.04,0.0,0.12,"43,30,1086,537",success
v10,SQL,59,590,C:\NCKH\VIDEO_LEARNING_RESEARCH\data\processed\ocr_best_integration\keyframes_roi\v10\v10_00590s.png,context,vscode,high,ln_col_status;encoding_status;eol_status,0.05,0.04,0.0,0.12,"43,30,1086,537",success
v10,SQL,60,600,C:\NCKH\VIDEO_LEARNING_RESEARCH\data\processed\ocr_best_integration\keyframes_roi\v10\v10_00600s.png,subject_default,,low,,0.15,0.2,0.0,0.06,"217,91,1086,574",success
v10,SQL,61,610,C:\NCKH\VIDEO_LEARNING_RESEARCH\data\processed\ocr_best_integration\keyframes_roi\v10\v10_00610s.png,subject_default,,low,,0.15,0.2,0.0,0.06,"217,91,1086,574",success
v10,SQL,62,620,C:\NCKH\VIDEO_LEARNING_RESEARCH\data\processed\ocr_best_integration\keyframes_roi\v10\v10_00620s.png,subject_default,,low,,0.15,0.2,0.0,0.06,"217,91,1086,574",success
v10,SQL,63,630,C:\NCKH\VIDEO_LEARNING_RESEARCH\data\processed\ocr_best_integration\keyframes_roi\v10\v10_00630s.png,subject_default,,low,,0.15,0.2,0.0,0.06,"217,91,1086,574",success
v10,SQL,64,640,C:\NCKH\VIDEO_LEARNING_RESEARCH\data\processed\ocr_best_integration\keyframes_roi\v10\v10_00640s.png,subject_default,,low,,0.15,0.2,0.0,0.06,"217,91,1086,574",success
v10,SQL,65,650,C:\NCKH\VIDEO_LEARNING_RESEARCH\data\processed\ocr_best_integration\keyframes_roi\v10\v10_00650s.png,subject_default,,low,,0.15,0.2,0.0,0.06,"217,91,1086,574",success
v10,SQL,66,660,C:\NCKH\VIDEO_LEARNING_RESEARCH\data\processed\ocr_best_integration\keyframes_roi\v10\v10_00660s.png,context,vscode,high,ln_col_status;encoding_status;eol_status,0.05,0.04,0.0,0.12,"43,30,1086,537",success
v10,SQL,67,670,C:\NCKH\VIDEO_LEARNING_RESEARCH\data\processed\ocr_best_integration\keyframes_roi\v10\v10_00670s.png,subject_default,,low,,0.15,0.2,0.0,0.06,"217,91,1086,574",success
v10,SQL,68,680,C:\NCKH\VIDEO_LEARNING_RESEARCH\data\processed\ocr_best_integration\keyframes_roi\v10\v10_00680s.png,subject_default,,low,,0.15,0.2,0.0,0.06,"217,91,1086,574",success
v10,SQL,69,690,C:\NCKH\VIDEO_LEARNING_RESEARCH\data\processed\ocr_best_integration\keyframes_roi\v10\v10_00690s.png,subject_default,,low,,0.15,0.2,0.0,0.06,"217,91,1086,574",success
v10,SQL,70,700,C:\NCKH\VIDEO_LEARNING_RESEARCH\data\processed\ocr_best_integration\keyframes_roi\v10\v10_00700s.png,subject_default,,low,,0.15,0.2,0.0,0.06,"217,91,1086,574",success
v10,SQL,71,710,C:\NCKH\VIDEO_LEARNING_RESEARCH\data\processed\ocr_best_integration\keyframes_roi\v10\v10_00710s.png,subject_default,,low,,0.15,0.2,0.0,0.06,"217,91,1086,574",success
v10,SQL,72,720,C:\NCKH\VIDEO_LEARNING_RESEARCH\data\processed\ocr_best_integration\keyframes_roi\v10\v10_00720s.png,subject_default,,low,,0.15,0.2,0.0,0.06,"217,91,1086,574",success
v10,SQL,73,730,C:\NCKH\VIDEO_LEARNING_RESEARCH\data\processed\ocr_best_integration\keyframes_roi\v10\v10_00730s.png,subject_default,,low,,0.15,0.2,0.0,0.06,"217,91,1086,574",success
v10,SQL,74,740,C:\NCKH\VIDEO_LEARNING_RESEARCH\data\processed\ocr_best_integration\keyframes_roi\v10\v10_00740s.png,subject_default,,low,,0.15,0.2,0.0,0.06,"217,91,1086,574",success
v10,SQL,75,750,C:\NCKH\VIDEO_LEARNING_RESEARCH\data\processed\ocr_best_integration\keyframes_roi\v10\v10_00750s.png,context,vscode,high,ln_col_status;encoding_status;eol_status,0.05,0.04,0.0,0.12,"43,30,1086,537",success
v10,SQL,76,760,C:\NCKH\VIDEO_LEARNING_RESEARCH\data\processed\ocr_best_integration\keyframes_roi\v10\v10_00760s.png,subject_default,,low,,0.15,0.2,0.0,0.06,"217,91,1086,574",success
v10,SQL,77,770,C:\NCKH\VIDEO_LEARNING_RESEARCH\data\processed\ocr_best_integration\keyframes_roi\v10\v10_00770s.png,subject_default,,low,,0.15,0.2,0.0,0.06,"217,91,1086,574",success
v10,SQL,78,780,C:\NCKH\VIDEO_LEARNING_RESEARCH\data\processed\ocr_best_integration\keyframes_roi\v10\v10_00780s.png,subject_default,,low,,0.15,0.2,0.0,0.06,"217,91,1086,574",success
v10,SQL,79,790,C:\NCKH\VIDEO_LEARNING_RESEARCH\data\processed\ocr_best_integration\keyframes_roi\v10\v10_00790s.png,subject_default,,low,,0.15,0.2,0.0,0.06,"217,91,1086,574",success
v10,SQL,80,800,C:\NCKH\VIDEO_LEARNING_RESEARCH\data\processed\ocr_best_integration\keyframes_roi\v10\v10_00800s.png,subject_default,,low,,0.15,0.2,0.0,0.06,"217,91,1086,574",success
v10,SQL,81,810,C:\NCKH\VIDEO_LEARNING_RESEARCH\data\processed\ocr_best_integration\keyframes_roi\v10\v10_00810s.png,subject_default,,low,,0.15,0.2,0.0,0.06,"217,91,1086,574",success
v10,SQL,82,820,C:\NCKH\VIDEO_LEARNING_RESEARCH\data\processed\ocr_best_integration\keyframes_roi\v10\v10_00820s.png,subject_default,,low,,0.15,0.2,0.0,0.06,"217,91,1086,574",success
v10,SQL,83,830,C:\NCKH\VIDEO_LEARNING_RESEARCH\data\processed\ocr_best_integration\keyframes_roi\v10\v10_00830s.png,subject_default,,low,,0.15,0.2,0.0,0.06,"217,91,1086,574",success
v10,SQL,84,840,C:\NCKH\VIDEO_LEARNING_RESEARCH\data\processed\ocr_best_integration\keyframes_roi\v10\v10_00840s.png,context,vscode,high,ln_col_status;encoding_status;eol_status,0.05,0.04,0.0,0.12,"43,30,1086,537",success
v10,SQL,85,850,C:\NCKH\VIDEO_LEARNING_RESEARCH\data\processed\ocr_best_integration\keyframes_roi\v10\v10_00850s.png,context,vscode,high,ln_col_status;encoding_status;eol_status,0.05,0.04,0.0,0.12,"43,30,1086,537",success
v10,SQL,86,860,C:\NCKH\VIDEO_LEARNING_RESEARCH\data\processed\ocr_best_integration\keyframes_roi\v10\v10_00860s.png,subject_default,,low,,0.15,0.2,0.0,0.06,"217,91,1086,574",success
v10,SQL,87,870,C:\NCKH\VIDEO_LEARNING_RESEARCH\data\processed\ocr_best_integration\keyframes_roi\v10\v10_00870s.png,subject_default,,low,,0.15,0.2,0.0,0.06,"217,91,1086,574",success
v10,SQL,88,880,C:\NCKH\VIDEO_LEARNING_RESEARCH\data\processed\ocr_best_integration\keyframes_roi\v10\v10_00880s.png,subject_default,,low,,0.15,0.2,0.0,0.06,"217,91,1086,574",success
v10,SQL,89,890,C:\NCKH\VIDEO_LEARNING_RESEARCH\data\processed\ocr_best_integration\keyframes_roi\v10\v10_00890s.png,subject_default,,low,,0.15,0.2,0.0,0.06,"217,91,1086,574",success
v10,SQL,90,900,C:\NCKH\VIDEO_LEARNING_RESEARCH\data\processed\ocr_best_integration\keyframes_roi\v10\v10_00900s.png,subject_default,,low,,0.15,0.2,0.0,0.06,"217,91,1086,574",success
v10,SQL,91,910,C:\NCKH\VIDEO_LEARNING_RESEARCH\data\processed\ocr_best_integration\keyframes_roi\v10\v10_00910s.png,subject_default,,low,,0.15,0.2,0.0,0.06,"217,91,1086,574",success
v10,SQL,92,920,C:\NCKH\VIDEO_LEARNING_RESEARCH\data\processed\ocr_best_integration\keyframes_roi\v10\v10_00920s.png,subject_default,,low,,0.15,0.2,0.0,0.06,"217,91,1086,574",success
v10,SQL,93,930,C:\NCKH\VIDEO_LEARNING_RESEARCH\data\processed\ocr_best_integration\keyframes_roi\v10\v10_00930s.png,subject_default,,low,,0.15,0.2,0.0,0.06,"217,91,1086,574",success
v10,SQL,94,940,C:\NCKH\VIDEO_LEARNING_RESEARCH\data\processed\ocr_best_integration\keyframes_roi\v10\v10_00940s.png,subject_default,,low,,0.15,0.2,0.0,0.06,"217,91,1086,574",success
v10,SQL,95,950,C:\NCKH\VIDEO_LEARNING_RESEARCH\data\processed\ocr_best_integration\keyframes_roi\v10\v10_00950s.png,subject_default,,low,,0.15,0.2,0.0,0.06,"217,91,1086,574",success
v10,SQL,96,960,C:\NCKH\VIDEO_LEARNING_RESEARCH\data\processed\ocr_best_integration\keyframes_roi\v10\v10_00960s.png,subject_default,,low,,0.15,0.2,0.0,0.06,"217,91,1086,574",success
v10,SQL,97,970,C:\NCKH\VIDEO_LEARNING_RESEARCH\data\processed\ocr_best_integration\keyframes_roi\v10\v10_00970s.png,context,vscode,high,ln_col_status;encoding_status;eol_status,0.05,0.04,0.0,0.12,"43,30,1086,537",success
v10,SQL,98,980,C:\NCKH\VIDEO_LEARNING_RESEARCH\data\processed\ocr_best_integration\keyframes_roi\v10\v10_00980s.png,subject_default,,low,,0.15,0.2,0.0,0.06,"217,91,1086,574",success
v10,SQL,99,990,C:\NCKH\VIDEO_LEARNING_RESEARCH\data\processed\ocr_best_integration\keyframes_roi\v10\v10_00990s.png,subject_default,,low,,0.15,0.2,0.0,0.06,"217,91,1086,574",success
v10,SQL,100,1000,C:\NCKH\VIDEO_LEARNING_RESEARCH\data\processed\ocr_best_integration\keyframes_roi\v10\v10_01000s.png,subject_default,,low,,0.15,0.2,0.0,0.06,"217,91,1086,574",success
v10,SQL,101,1010,C:\NCKH\VIDEO_LEARNING_RESEARCH\data\processed\ocr_best_integration\keyframes_roi\v10\v10_01010s.png,subject_default,,low,,0.15,0.2,0.0,0.06,"217,91,1086,574",success
v10,SQL,102,1020,C:\NCKH\VIDEO_LEARNING_RESEARCH\data\processed\ocr_best_integration\keyframes_roi\v10\v10_01020s.png,subject_default,,low,,0.15,0.2,0.0,0.06,"217,91,1086,574",success
v10,SQL,103,1030,C:\NCKH\VIDEO_LEARNING_RESEARCH\data\processed\ocr_best_integration\keyframes_roi\v10\v10_01030s.png,subject_default,,low,,0.15,0.2,0.0,0.06,"217,91,1086,574",success
v10,SQL,104,1040,C:\NCKH\VIDEO_LEARNING_RESEARCH\data\processed\ocr_best_integration\keyframes_roi\v10\v10_01040s.png,subject_default,,low,,0.15,0.2,0.0,0.06,"217,91,1086,574",success
v10,SQL,105,1050,C:\NCKH\VIDEO_LEARNING_RESEARCH\data\processed\ocr_best_integration\keyframes_roi\v10\v10_01050s.png,subject_default,,low,,0.15,0.2,0.0,0.06,"217,91,1086,574",success
v10,SQL,106,1060,C:\NCKH\VIDEO_LEARNING_RESEARCH\data\processed\ocr_best_integration\keyframes_roi\v10\v10_01060s.png,subject_default,,low,,0.15,0.2,0.0,0.06,"217,91,1086,574",success
v10,SQL,107,1070,C:\NCKH\VIDEO_LEARNING_RESEARCH\data\processed\ocr_best_integration\keyframes_roi\v10\v10_01070s.png,subject_default,,low,,0.15,0.2,0.0,0.06,"217,91,1086,574",success
v10,SQL,108,1080,C:\NCKH\VIDEO_LEARNING_RESEARCH\data\processed\ocr_best_integration\keyframes_roi\v10\v10_01080s.png,subject_default,,low,,0.15,0.2,0.0,0.06,"217,91,1086,574",success
v10,SQL,109,1090,C:\NCKH\VIDEO_LEARNING_RESEARCH\data\processed\ocr_best_integration\keyframes_roi\v10\v10_01090s.png,context,vscode,high,ln_col_status;encoding_status;eol_status,0.05,0.04,0.0,0.12,"43,30,1086,537",success
v10,SQL,110,1100,C:\NCKH\VIDEO_LEARNING_RESEARCH\data\processed\ocr_best_integration\keyframes_roi\v10\v10_01100s.png,subject_default,,low,,0.15,0.2,0.0,0.06,"217,91,1086,574",success
v10,SQL,111,1110,C:\NCKH\VIDEO_LEARNING_RESEARCH\data\processed\ocr_best_integration\keyframes_roi\v10\v10_01110s.png,context,vscode,high,ln_col_status;encoding_status;eol_status,0.05,0.04,0.0,0.12,"43,30,1086,537",success
v10,SQL,112,1120,C:\NCKH\VIDEO_LEARNING_RESEARCH\data\processed\ocr_best_integration\keyframes_roi\v10\v10_01120s.png,subject_default,,low,,0.15,0.2,0.0,0.06,"217,91,1086,574",success
v10,SQL,113,1130,C:\NCKH\VIDEO_LEARNING_RESEARCH\data\processed\ocr_best_integration\keyframes_roi\v10\v10_01130s.png,subject_default,,low,,0.15,0.2,0.0,0.06,"217,91,1086,574",success
v10,SQL,114,1140,C:\NCKH\VIDEO_LEARNING_RESEARCH\data\processed\ocr_best_integration\keyframes_roi\v10\v10_01140s.png,subject_default,,low,,0.15,0.2,0.0,0.06,"217,91,1086,574",success
v10,SQL,115,1150,C:\NCKH\VIDEO_LEARNING_RESEARCH\data\processed\ocr_best_integration\keyframes_roi\v10\v10_01150s.png,subject_default,,low,,0.15,0.2,0.0,0.06,"217,91,1086,574",success
v10,SQL,116,1160,C:\NCKH\VIDEO_LEARNING_RESEARCH\data\processed\ocr_best_integration\keyframes_roi\v10\v10_01160s.png,subject_default,,low,,0.15,0.2,0.0,0.06,"217,91,1086,574",success
v10,SQL,117,1170,C:\NCKH\VIDEO_LEARNING_RESEARCH\data\processed\ocr_best_integration\keyframes_roi\v10\v10_01170s.png,subject_default,,low,,0.15,0.2,0.0,0.06,"217,91,1086,574",success
v10,SQL,118,1180,C:\NCKH\VIDEO_LEARNING_RESEARCH\data\processed\ocr_best_integration\keyframes_roi\v10\v10_01180s.png,subject_default,,low,,0.15,0.2,0.0,0.06,"217,91,1086,574",success
v10,SQL,119,1190,C:\NCKH\VIDEO_LEARNING_RESEARCH\data\processed\ocr_best_integration\keyframes_roi\v10\v10_01190s.png,subject_default,,low,,0.15,0.2,0.0,0.06,"217,91,1086,574",success
v10,SQL,120,1200,C:\NCKH\VIDEO_LEARNING_RESEARCH\data\processed\ocr_best_integration\keyframes_roi\v10\v10_01200s.png,subject_default,,low,,0.15,0.2,0.0,0.06,"217,91,1086,574",success
v10,SQL,121,1210,C:\NCKH\VIDEO_LEARNING_RESEARCH\data\processed\ocr_best_integration\keyframes_roi\v10\v10_01210s.png,subject_default,,low,,0.15,0.2,0.0,0.06,"217,91,1086,574",success
v10,SQL,122,1220,C:\NCKH\VIDEO_LEARNING_RESEARCH\data\processed\ocr_best_integration\keyframes_roi\v10\v10_01220s.png,context,vscode,high,ln_col_status;encoding_status;eol_status,0.05,0.04,0.0,0.12,"43,30,1086,537",success
v10,SQL,123,1230,C:\NCKH\VIDEO_LEARNING_RESEARCH\data\processed\ocr_best_integration\keyframes_roi\v10\v10_01230s.png,subject_default,,low,,0.15,0.2,0.0,0.06,"217,91,1086,574",success
v10,SQL,124,1240,C:\NCKH\VIDEO_LEARNING_RESEARCH\data\processed\ocr_best_integration\keyframes_roi\v10\v10_01240s.png,subject_default,,low,,0.15,0.2,0.0,0.06,"217,91,1086,574",success
v10,SQL,125,1250,C:\NCKH\VIDEO_LEARNING_RESEARCH\data\processed\ocr_best_integration\keyframes_roi\v10\v10_01250s.png,subject_default,,low,,0.15,0.2,0.0,0.06,"217,91,1086,574",success
v11,SQL,0,0,C:\NCKH\VIDEO_LEARNING_RESEARCH\data\processed\ocr_best_integration\keyframes_roi\v11\v11_00000s.png,subject_default,,low,,0.15,0.2,0.0,0.06,"217,91,1086,574",success
v11,SQL,1,10,C:\NCKH\VIDEO_LEARNING_RESEARCH\data\processed\ocr_best_integration\keyframes_roi\v11\v11_00010s.png,subject_default,,low,,0.15,0.2,0.0,0.06,"217,91,1086,574",success
v11,SQL,2,20,C:\NCKH\VIDEO_LEARNING_RESEARCH\data\processed\ocr_best_integration\keyframes_roi\v11\v11_00020s.png,subject_default,,low,,0.15,0.2,0.0,0.06,"217,91,1086,574",success
v12,SQL,0,0,C:\NCKH\VIDEO_LEARNING_RESEARCH\data\processed\ocr_best_integration\keyframes_roi\v12\v12_00000s.png,subject_default,,low,,0.15,0.2,0.0,0.06,"217,91,1086,574",success
v13,SQL,0,0,C:\NCKH\VIDEO_LEARNING_RESEARCH\data\processed\ocr_best_integration\keyframes_roi\v13\v13_00000s.png,subject_default,,low,,0.15,0.2,0.0,0.06,"217,91,1086,574",success
v13,SQL,1,10,C:\NCKH\VIDEO_LEARNING_RESEARCH\data\processed\ocr_best_integration\keyframes_roi\v13\v13_00010s.png,subject_default,,low,,0.15,0.2,0.0,0.06,"217,91,1086,574",success
v13,SQL,2,20,C:\NCKH\VIDEO_LEARNING_RESEARCH\data\processed\ocr_best_integration\keyframes_roi\v13\v13_00020s.png,subject_default,,low,,0.15,0.2,0.0,0.06,"217,91,1086,574",success
v13,SQL,3,30,C:\NCKH\VIDEO_LEARNING_RESEARCH\data\processed\ocr_best_integration\keyframes_roi\v13\v13_00030s.png,subject_default,,low,,0.15,0.2,0.0,0.06,"217,91,1086,574",success
v13,SQL,4,40,C:\NCKH\VIDEO_LEARNING_RESEARCH\data\processed\ocr_best_integration\keyframes_roi\v13\v13_00040s.png,subject_default,,low,,0.15,0.2,0.0,0.06,"217,91,1086,574",success
v13,SQL,5,50,C:\NCKH\VIDEO_LEARNING_RESEARCH\data\processed\ocr_best_integration\keyframes_roi\v13\v13_00050s.png,subject_default,,low,,0.15,0.2,0.0,0.06,"217,91,1086,574",success
v13,SQL,6,60,C:\NCKH\VIDEO_LEARNING_RESEARCH\data\processed\ocr_best_integration\keyframes_roi\v13\v13_00060s.png,subject_default,,low,,0.15,0.2,0.0,0.06,"217,91,1086,574",success
v13,SQL,7,70,C:\NCKH\VIDEO_LEARNING_RESEARCH\data\processed\ocr_best_integration\keyframes_roi\v13\v13_00070s.png,subject_default,,low,,0.15,0.2,0.0,0.06,"217,91,1086,574",success
v13,SQL,8,80,C:\NCKH\VIDEO_LEARNING_RESEARCH\data\processed\ocr_best_integration\keyframes_roi\v13\v13_00080s.png,subject_default,,low,,0.15,0.2,0.0,0.06,"217,91,1086,574",success
v13,SQL,9,90,C:\NCKH\VIDEO_LEARNING_RESEARCH\data\processed\ocr_best_integration\keyframes_roi\v13\v13_00090s.png,subject_default,,low,,0.15,0.2,0.0,0.06,"217,91,1086,574",success
v13,SQL,10,100,C:\NCKH\VIDEO_LEARNING_RESEARCH\data\processed\ocr_best_integration\keyframes_roi\v13\v13_00100s.png,subject_default,,low,,0.15,0.2,0.0,0.06,"217,91,1086,574",success
v13,SQL,11,110,C:\NCKH\VIDEO_LEARNING_RESEARCH\data\processed\ocr_best_integration\keyframes_roi\v13\v13_00110s.png,subject_default,,low,,0.15,0.2,0.0,0.06,"217,91,1086,574",success
v13,SQL,12,120,C:\NCKH\VIDEO_LEARNING_RESEARCH\data\processed\ocr_best_integration\keyframes_roi\v13\v13_00120s.png,subject_default,,low,,0.15,0.2,0.0,0.06,"217,91,1086,574",success
v13,SQL,13,130,C:\NCKH\VIDEO_LEARNING_RESEARCH\data\processed\ocr_best_integration\keyframes_roi\v13\v13_00130s.png,subject_default,,low,,0.15,0.2,0.0,0.06,"217,91,1086,574",success
v13,SQL,14,140,C:\NCKH\VIDEO_LEARNING_RESEARCH\data\processed\ocr_best_integration\keyframes_roi\v13\v13_00140s.png,subject_default,,low,,0.15,0.2,0.0,0.06,"217,91,1086,574",success
v13,SQL,15,150,C:\NCKH\VIDEO_LEARNING_RESEARCH\data\processed\ocr_best_integration\keyframes_roi\v13\v13_00150s.png,subject_default,,low,,0.15,0.2,0.0,0.06,"217,91,1086,574",success
v13,SQL,16,160,C:\NCKH\VIDEO_LEARNING_RESEARCH\data\processed\ocr_best_integration\keyframes_roi\v13\v13_00160s.png,subject_default,,low,,0.15,0.2,0.0,0.06,"217,91,1086,574",success
v13,SQL,17,170,C:\NCKH\VIDEO_LEARNING_RESEARCH\data\processed\ocr_best_integration\keyframes_roi\v13\v13_00170s.png,subject_default,,low,,0.15,0.2,0.0,0.06,"217,91,1086,574",success
v13,SQL,18,180,C:\NCKH\VIDEO_LEARNING_RESEARCH\data\processed\ocr_best_integration\keyframes_roi\v13\v13_00180s.png,subject_default,,low,,0.15,0.2,0.0,0.06,"217,91,1086,574",success
v13,SQL,19,190,C:\NCKH\VIDEO_LEARNING_RESEARCH\data\processed\ocr_best_integration\keyframes_roi\v13\v13_00190s.png,subject_default,,low,,0.15,0.2,0.0,0.06,"217,91,1086,574",success
v13,SQL,20,200,C:\NCKH\VIDEO_LEARNING_RESEARCH\data\processed\ocr_best_integration\keyframes_roi\v13\v13_00200s.png,subject_default,,low,,0.15,0.2,0.0,0.06,"217,91,1086,574",success
v13,SQL,21,210,C:\NCKH\VIDEO_LEARNING_RESEARCH\data\processed\ocr_best_integration\keyframes_roi\v13\v13_00210s.png,subject_default,,low,,0.15,0.2,0.0,0.06,"217,91,1086,574",success
v13,SQL,22,220,C:\NCKH\VIDEO_LEARNING_RESEARCH\data\processed\ocr_best_integration\keyframes_roi\v13\v13_00220s.png,subject_default,,low,,0.15,0.2,0.0,0.06,"217,91,1086,574",success
v13,SQL,23,230,C:\NCKH\VIDEO_LEARNING_RESEARCH\data\processed\ocr_best_integration\keyframes_roi\v13\v13_00230s.png,subject_default,,low,,0.15,0.2,0.0,0.06,"217,91,1086,574",success
v13,SQL,24,240,C:\NCKH\VIDEO_LEARNING_RESEARCH\data\processed\ocr_best_integration\keyframes_roi\v13\v13_00240s.png,subject_default,,low,,0.15,0.2,0.0,0.06,"217,91,1086,574",success
v13,SQL,25,250,C:\NCKH\VIDEO_LEARNING_RESEARCH\data\processed\ocr_best_integration\keyframes_roi\v13\v13_00250s.png,subject_default,,low,,0.15,0.2,0.0,0.06,"217,91,1086,574",success
v13,SQL,26,260,C:\NCKH\VIDEO_LEARNING_RESEARCH\data\processed\ocr_best_integration\keyframes_roi\v13\v13_00260s.png,subject_default,,low,,0.15,0.2,0.0,0.06,"217,91,1086,574",success
v13,SQL,27,270,C:\NCKH\VIDEO_LEARNING_RESEARCH\data\processed\ocr_best_integration\keyframes_roi\v13\v13_00270s.png,subject_default,,low,,0.15,0.2,0.0,0.06,"217,91,1086,574",success
v13,SQL,28,280,C:\NCKH\VIDEO_LEARNING_RESEARCH\data\processed\ocr_best_integration\keyframes_roi\v13\v13_00280s.png,subject_default,,low,,0.15,0.2,0.0,0.06,"217,91,1086,574",success
v13,SQL,29,290,C:\NCKH\VIDEO_LEARNING_RESEARCH\data\processed\ocr_best_integration\keyframes_roi\v13\v13_00290s.png,subject_default,,low,,0.15,0.2,0.0,0.06,"217,91,1086,574",success
v13,SQL,30,300,C:\NCKH\VIDEO_LEARNING_RESEARCH\data\processed\ocr_best_integration\keyframes_roi\v13\v13_00300s.png,subject_default,,low,,0.15,0.2,0.0,0.06,"217,91,1086,574",success
v13,SQL,31,310,C:\NCKH\VIDEO_LEARNING_RESEARCH\data\processed\ocr_best_integration\keyframes_roi\v13\v13_00310s.png,subject_default,,low,,0.15,0.2,0.0,0.06,"217,91,1086,574",success
v13,SQL,32,320,C:\NCKH\VIDEO_LEARNING_RESEARCH\data\processed\ocr_best_integration\keyframes_roi\v13\v13_00320s.png,subject_default,,low,,0.15,0.2,0.0,0.06,"217,91,1086,574",success
v13,SQL,33,330,C:\NCKH\VIDEO_LEARNING_RESEARCH\data\processed\ocr_best_integration\keyframes_roi\v13\v13_00330s.png,subject_default,,low,,0.15,0.2,0.0,0.06,"217,91,1086,574",success
v13,SQL,34,340,C:\NCKH\VIDEO_LEARNING_RESEARCH\data\processed\ocr_best_integration\keyframes_roi\v13\v13_00340s.png,subject_default,,low,,0.15,0.2,0.0,0.06,"217,91,1086,574",success
v13,SQL,35,350,C:\NCKH\VIDEO_LEARNING_RESEARCH\data\processed\ocr_best_integration\keyframes_roi\v13\v13_00350s.png,subject_default,,low,,0.15,0.2,0.0,0.06,"217,91,1086,574",success
v13,SQL,36,360,C:\NCKH\VIDEO_LEARNING_RESEARCH\data\processed\ocr_best_integration\keyframes_roi\v13\v13_00360s.png,subject_default,,low,,0.15,0.2,0.0,0.06,"217,91,1086,574",success
v13,SQL,37,370,C:\NCKH\VIDEO_LEARNING_RESEARCH\data\processed\ocr_best_integration\keyframes_roi\v13\v13_00370s.png,subject_default,,low,,0.15,0.2,0.0,0.06,"217,91,1086,574",success
v13,SQL,38,380,C:\NCKH\VIDEO_LEARNING_RESEARCH\data\processed\ocr_best_integration\keyframes_roi\v13\v13_00380s.png,subject_default,,low,,0.15,0.2,0.0,0.06,"217,91,1086,574",success
v13,SQL,39,390,C:\NCKH\VIDEO_LEARNING_RESEARCH\data\processed\ocr_best_integration\keyframes_roi\v13\v13_00390s.png,subject_default,,low,,0.15,0.2,0.0,0.06,"217,91,1086,574",success
v13,SQL,40,400,C:\NCKH\VIDEO_LEARNING_RESEARCH\data\processed\ocr_best_integration\keyframes_roi\v13\v13_00400s.png,subject_default,,low,,0.15,0.2,0.0,0.06,"217,91,1086,574",success
v13,SQL,41,410,C:\NCKH\VIDEO_LEARNING_RESEARCH\data\processed\ocr_best_integration\keyframes_roi\v13\v13_00410s.png,subject_default,,low,,0.15,0.2,0.0,0.06,"217,91,1086,574",success
v13,SQL,42,420,C:\NCKH\VIDEO_LEARNING_RESEARCH\data\processed\ocr_best_integration\keyframes_roi\v13\v13_00420s.png,subject_default,,low,,0.15,0.2,0.0,0.06,"217,91,1086,574",success
v13,SQL,43,430,C:\NCKH\VIDEO_LEARNING_RESEARCH\data\processed\ocr_best_integration\keyframes_roi\v13\v13_00430s.png,subject_default,,low,,0.15,0.2,0.0,0.06,"217,91,1086,574",success
v13,SQL,44,440,C:\NCKH\VIDEO_LEARNING_RESEARCH\data\processed\ocr_best_integration\keyframes_roi\v13\v13_00440s.png,subject_default,,low,,0.15,0.2,0.0,0.06,"217,91,1086,574",success
v13,SQL,45,450,C:\NCKH\VIDEO_LEARNING_RESEARCH\data\processed\ocr_best_integration\keyframes_roi\v13\v13_00450s.png,subject_default,,low,,0.15,0.2,0.0,0.06,"217,91,1086,574",success
v13,SQL,46,460,C:\NCKH\VIDEO_LEARNING_RESEARCH\data\processed\ocr_best_integration\keyframes_roi\v13\v13_00460s.png,subject_default,,low,,0.15,0.2,0.0,0.06,"217,91,1086,574",success
v13,SQL,47,470,C:\NCKH\VIDEO_LEARNING_RESEARCH\data\processed\ocr_best_integration\keyframes_roi\v13\v13_00470s.png,subject_default,,low,,0.15,0.2,0.0,0.06,"217,91,1086,574",success
v13,SQL,48,480,C:\NCKH\VIDEO_LEARNING_RESEARCH\data\processed\ocr_best_integration\keyframes_roi\v13\v13_00480s.png,subject_default,,low,,0.15,0.2,0.0,0.06,"217,91,1086,574",success
v13,SQL,49,490,C:\NCKH\VIDEO_LEARNING_RESEARCH\data\processed\ocr_best_integration\keyframes_roi\v13\v13_00490s.png,subject_default,,low,,0.15,0.2,0.0,0.06,"217,91,1086,574",success
v13,SQL,50,500,C:\NCKH\VIDEO_LEARNING_RESEARCH\data\processed\ocr_best_integration\keyframes_roi\v13\v13_00500s.png,subject_default,,low,,0.15,0.2,0.0,0.06,"217,91,1086,574",success
v13,SQL,51,510,C:\NCKH\VIDEO_LEARNING_RESEARCH\data\processed\ocr_best_integration\keyframes_roi\v13\v13_00510s.png,subject_default,,low,,0.15,0.2,0.0,0.06,"217,91,1086,574",success
v13,SQL,52,520,C:\NCKH\VIDEO_LEARNING_RESEARCH\data\processed\ocr_best_integration\keyframes_roi\v13\v13_00520s.png,subject_default,,low,,0.15,0.2,0.0,0.06,"217,91,1086,574",success
v13,SQL,53,530,C:\NCKH\VIDEO_LEARNING_RESEARCH\data\processed\ocr_best_integration\keyframes_roi\v13\v13_00530s.png,subject_default,,low,,0.15,0.2,0.0,0.06,"217,91,1086,574",success
v13,SQL,54,540,C:\NCKH\VIDEO_LEARNING_RESEARCH\data\processed\ocr_best_integration\keyframes_roi\v13\v13_00540s.png,subject_default,,low,,0.15,0.2,0.0,0.06,"217,91,1086,574",success
v13,SQL,55,550,C:\NCKH\VIDEO_LEARNING_RESEARCH\data\processed\ocr_best_integration\keyframes_roi\v13\v13_00550s.png,subject_default,,low,,0.15,0.2,0.0,0.06,"217,91,1086,574",success
v13,SQL,56,560,C:\NCKH\VIDEO_LEARNING_RESEARCH\data\processed\ocr_best_integration\keyframes_roi\v13\v13_00560s.png,subject_default,,low,,0.15,0.2,0.0,0.06,"217,91,1086,574",success
v13,SQL,57,570,C:\NCKH\VIDEO_LEARNING_RESEARCH\data\processed\ocr_best_integration\keyframes_roi\v13\v13_00570s.png,subject_default,,low,,0.15,0.2,0.0,0.06,"217,91,1086,574",success
v13,SQL,58,580,C:\NCKH\VIDEO_LEARNING_RESEARCH\data\processed\ocr_best_integration\keyframes_roi\v13\v13_00580s.png,subject_default,,low,,0.15,0.2,0.0,0.06,"217,91,1086,574",success
v13,SQL,59,590,C:\NCKH\VIDEO_LEARNING_RESEARCH\data\processed\ocr_best_integration\keyframes_roi\v13\v13_00590s.png,subject_default,,low,,0.15,0.2,0.0,0.06,"217,91,1086,574",success
v13,SQL,60,600,C:\NCKH\VIDEO_LEARNING_RESEARCH\data\processed\ocr_best_integration\keyframes_roi\v13\v13_00600s.png,subject_default,,low,,0.15,0.2,0.0,0.06,"217,91,1086,574",success
v13,SQL,61,610,C:\NCKH\VIDEO_LEARNING_RESEARCH\data\processed\ocr_best_integration\keyframes_roi\v13\v13_00610s.png,subject_default,,low,,0.15,0.2,0.0,0.06,"217,91,1086,574",success
v13,SQL,62,620,C:\NCKH\VIDEO_LEARNING_RESEARCH\data\processed\ocr_best_integration\keyframes_roi\v13\v13_00620s.png,subject_default,,low,,0.15,0.2,0.0,0.06,"217,91,1086,574",success
v13,SQL,63,630,C:\NCKH\VIDEO_LEARNING_RESEARCH\data\processed\ocr_best_integration\keyframes_roi\v13\v13_00630s.png,subject_default,,low,,0.15,0.2,0.0,0.06,"217,91,1086,574",success
v13,SQL,64,640,C:\NCKH\VIDEO_LEARNING_RESEARCH\data\processed\ocr_best_integration\keyframes_roi\v13\v13_00640s.png,subject_default,,low,,0.15,0.2,0.0,0.06,"217,91,1086,574",success
v13,SQL,65,650,C:\NCKH\VIDEO_LEARNING_RESEARCH\data\processed\ocr_best_integration\keyframes_roi\v13\v13_00650s.png,subject_default,,low,,0.15,0.2,0.0,0.06,"217,91,1086,574",success
v13,SQL,66,660,C:\NCKH\VIDEO_LEARNING_RESEARCH\data\processed\ocr_best_integration\keyframes_roi\v13\v13_00660s.png,subject_default,,low,,0.15,0.2,0.0,0.06,"217,91,1086,574",success
v13,SQL,67,670,C:\NCKH\VIDEO_LEARNING_RESEARCH\data\processed\ocr_best_integration\keyframes_roi\v13\v13_00670s.png,subject_default,,low,,0.15,0.2,0.0,0.06,"217,91,1086,574",success
v13,SQL,68,680,C:\NCKH\VIDEO_LEARNING_RESEARCH\data\processed\ocr_best_integration\keyframes_roi\v13\v13_00680s.png,subject_default,vscode,low,eol_status,0.15,0.2,0.0,0.06,"217,91,1086,574",success
v13,SQL,69,690,C:\NCKH\VIDEO_LEARNING_RESEARCH\data\processed\ocr_best_integration\keyframes_roi\v13\v13_00690s.png,subject_default,,low,,0.15,0.2,0.0,0.06,"217,91,1086,574",success
v13,SQL,70,700,C:\NCKH\VIDEO_LEARNING_RESEARCH\data\processed\ocr_best_integration\keyframes_roi\v13\v13_00700s.png,subject_default,,low,,0.15,0.2,0.0,0.06,"217,91,1086,574",success
v13,SQL,71,710,C:\NCKH\VIDEO_LEARNING_RESEARCH\data\processed\ocr_best_integration\keyframes_roi\v13\v13_00710s.png,subject_default,,low,,0.15,0.2,0.0,0.06,"217,91,1086,574",success
v13,SQL,72,720,C:\NCKH\VIDEO_LEARNING_RESEARCH\data\processed\ocr_best_integration\keyframes_roi\v13\v13_00720s.png,subject_default,,low,,0.15,0.2,0.0,0.06,"217,91,1086,574",success
v13,SQL,73,730,C:\NCKH\VIDEO_LEARNING_RESEARCH\data\processed\ocr_best_integration\keyframes_roi\v13\v13_00730s.png,subject_default,,low,,0.15,0.2,0.0,0.06,"217,91,1086,574",success
v13,SQL,74,740,C:\NCKH\VIDEO_LEARNING_RESEARCH\data\processed\ocr_best_integration\keyframes_roi\v13\v13_00740s.png,subject_default,,low,,0.15,0.2,0.0,0.06,"217,91,1086,574",success
v13,SQL,75,750,C:\NCKH\VIDEO_LEARNING_RESEARCH\data\processed\ocr_best_integration\keyframes_roi\v13\v13_00750s.png,subject_default,,low,,0.15,0.2,0.0,0.06,"217,91,1086,574",success
v13,SQL,76,760,C:\NCKH\VIDEO_LEARNING_RESEARCH\data\processed\ocr_best_integration\keyframes_roi\v13\v13_00760s.png,subject_default,,low,,0.15,0.2,0.0,0.06,"217,91,1086,574",success
v13,SQL,77,770,C:\NCKH\VIDEO_LEARNING_RESEARCH\data\processed\ocr_best_integration\keyframes_roi\v13\v13_00770s.png,subject_default,,low,,0.15,0.2,0.0,0.06,"217,91,1086,574",success
v13,SQL,78,780,C:\NCKH\VIDEO_LEARNING_RESEARCH\data\processed\ocr_best_integration\keyframes_roi\v13\v13_00780s.png,subject_default,,low,,0.15,0.2,0.0,0.06,"217,91,1086,574",success
v13,SQL,79,790,C:\NCKH\VIDEO_LEARNING_RESEARCH\data\processed\ocr_best_integration\keyframes_roi\v13\v13_00790s.png,subject_default,,low,,0.15,0.2,0.0,0.06,"217,91,1086,574",success
v13,SQL,80,800,C:\NCKH\VIDEO_LEARNING_RESEARCH\data\processed\ocr_best_integration\keyframes_roi\v13\v13_00800s.png,subject_default,,low,,0.15,0.2,0.0,0.06,"217,91,1086,574",success
v13,SQL,81,810,C:\NCKH\VIDEO_LEARNING_RESEARCH\data\processed\ocr_best_integration\keyframes_roi\v13\v13_00810s.png,subject_default,,low,,0.15,0.2,0.0,0.06,"217,91,1086,574",success
v13,SQL,82,820,C:\NCKH\VIDEO_LEARNING_RESEARCH\data\processed\ocr_best_integration\keyframes_roi\v13\v13_00820s.png,subject_default,,low,,0.15,0.2,0.0,0.06,"217,91,1086,574",success
v13,SQL,83,830,C:\NCKH\VIDEO_LEARNING_RESEARCH\data\processed\ocr_best_integration\keyframes_roi\v13\v13_00830s.png,subject_default,,low,,0.15,0.2,0.0,0.06,"217,91,1086,574",success
v13,SQL,84,840,C:\NCKH\VIDEO_LEARNING_RESEARCH\data\processed\ocr_best_integration\keyframes_roi\v13\v13_00840s.png,subject_default,,low,,0.15,0.2,0.0,0.06,"217,91,1086,574",success
v13,SQL,85,850,C:\NCKH\VIDEO_LEARNING_RESEARCH\data\processed\ocr_best_integration\keyframes_roi\v13\v13_00850s.png,subject_default,,low,,0.15,0.2,0.0,0.06,"217,91,1086,574",success
v13,SQL,86,860,C:\NCKH\VIDEO_LEARNING_RESEARCH\data\processed\ocr_best_integration\keyframes_roi\v13\v13_00860s.png,subject_default,,low,,0.15,0.2,0.0,0.06,"217,91,1086,574",success
v13,SQL,87,870,C:\NCKH\VIDEO_LEARNING_RESEARCH\data\processed\ocr_best_integration\keyframes_roi\v13\v13_00870s.png,subject_default,,low,,0.15,0.2,0.0,0.06,"217,91,1086,574",success
v13,SQL,88,880,C:\NCKH\VIDEO_LEARNING_RESEARCH\data\processed\ocr_best_integration\keyframes_roi\v13\v13_00880s.png,subject_default,,low,,0.15,0.2,0.0,0.06,"217,91,1086,574",success
v13,SQL,89,890,C:\NCKH\VIDEO_LEARNING_RESEARCH\data\processed\ocr_best_integration\keyframes_roi\v13\v13_00890s.png,subject_default,,low,,0.15,0.2,0.0,0.06,"217,91,1086,574",success
v13,SQL,90,900,C:\NCKH\VIDEO_LEARNING_RESEARCH\data\processed\ocr_best_integration\keyframes_roi\v13\v13_00900s.png,subject_default,,low,,0.15,0.2,0.0,0.06,"217,91,1086,574",success
v13,SQL,91,910,C:\NCKH\VIDEO_LEARNING_RESEARCH\data\processed\ocr_best_integration\keyframes_roi\v13\v13_00910s.png,subject_default,,low,,0.15,0.2,0.0,0.06,"217,91,1086,574",success
v13,SQL,92,920,C:\NCKH\VIDEO_LEARNING_RESEARCH\data\processed\ocr_best_integration\keyframes_roi\v13\v13_00920s.png,subject_default,,low,,0.15,0.2,0.0,0.06,"217,91,1086,574",success
v13,SQL,93,930,C:\NCKH\VIDEO_LEARNING_RESEARCH\data\processed\ocr_best_integration\keyframes_roi\v13\v13_00930s.png,subject_default,,low,,0.15,0.2,0.0,0.06,"217,91,1086,574",success
v13,SQL,94,940,C:\NCKH\VIDEO_LEARNING_RESEARCH\data\processed\ocr_best_integration\keyframes_roi\v13\v13_00940s.png,subject_default,,low,,0.15,0.2,0.0,0.06,"217,91,1086,574",success
v13,SQL,95,950,C:\NCKH\VIDEO_LEARNING_RESEARCH\data\processed\ocr_best_integration\keyframes_roi\v13\v13_00950s.png,subject_default,,low,,0.15,0.2,0.0,0.06,"217,91,1086,574",success
v13,SQL,96,960,C:\NCKH\VIDEO_LEARNING_RESEARCH\data\processed\ocr_best_integration\keyframes_roi\v13\v13_00960s.png,subject_default,,low,,0.15,0.2,0.0,0.06,"217,91,1086,574",success
v13,SQL,97,970,C:\NCKH\VIDEO_LEARNING_RESEARCH\data\processed\ocr_best_integration\keyframes_roi\v13\v13_00970s.png,subject_default,,low,,0.15,0.2,0.0,0.06,"217,91,1086,574",success
v13,SQL,98,980,C:\NCKH\VIDEO_LEARNING_RESEARCH\data\processed\ocr_best_integration\keyframes_roi\v13\v13_00980s.png,subject_default,,low,,0.15,0.2,0.0,0.06,"217,91,1086,574",success
v13,SQL,99,990,C:\NCKH\VIDEO_LEARNING_RESEARCH\data\processed\ocr_best_integration\keyframes_roi\v13\v13_00990s.png,subject_default,,low,,0.15,0.2,0.0,0.06,"217,91,1086,574",success
v13,SQL,100,1000,C:\NCKH\VIDEO_LEARNING_RESEARCH\data\processed\ocr_best_integration\keyframes_roi\v13\v13_01000s.png,subject_default,,low,,0.15,0.2,0.0,0.06,"217,91,1086,574",success
v14,Python,0,0,C:\NCKH\VIDEO_LEARNING_RESEARCH\data\processed\ocr_best_integration\keyframes_roi\v14\v14_00000s.png,subject_default,,low,,0.05,0.04,0.0,0.1,"43,30,1086,549",success
v14,Python,1,10,C:\NCKH\VIDEO_LEARNING_RESEARCH\data\processed\ocr_best_integration\keyframes_roi\v14\v14_00010s.png,subject_default,,low,,0.05,0.04,0.0,0.1,"43,30,1086,549",success
v14,Python,2,20,C:\NCKH\VIDEO_LEARNING_RESEARCH\data\processed\ocr_best_integration\keyframes_roi\v14\v14_00020s.png,subject_default,,low,,0.05,0.04,0.0,0.1,"43,30,1086,549",success
v14,Python,3,30,C:\NCKH\VIDEO_LEARNING_RESEARCH\data\processed\ocr_best_integration\keyframes_roi\v14\v14_00030s.png,subject_default,,low,,0.05,0.04,0.0,0.1,"43,30,1086,549",success
v14,Python,4,40,C:\NCKH\VIDEO_LEARNING_RESEARCH\data\processed\ocr_best_integration\keyframes_roi\v14\v14_00040s.png,subject_default,,low,,0.05,0.04,0.0,0.1,"43,30,1086,549",success
v14,Python,5,50,C:\NCKH\VIDEO_LEARNING_RESEARCH\data\processed\ocr_best_integration\keyframes_roi\v14\v14_00050s.png,subject_default,,low,,0.05,0.04,0.0,0.1,"43,30,1086,549",success
v14,Python,6,60,C:\NCKH\VIDEO_LEARNING_RESEARCH\data\processed\ocr_best_integration\keyframes_roi\v14\v14_00060s.png,subject_default,,low,,0.05,0.04,0.0,0.1,"43,30,1086,549",success
v14,Python,7,70,C:\NCKH\VIDEO_LEARNING_RESEARCH\data\processed\ocr_best_integration\keyframes_roi\v14\v14_00070s.png,subject_default,,low,,0.05,0.04,0.0,0.1,"43,30,1086,549",success
v14,Python,8,80,C:\NCKH\VIDEO_LEARNING_RESEARCH\data\processed\ocr_best_integration\keyframes_roi\v14\v14_00080s.png,subject_default,,low,,0.05,0.04,0.0,0.1,"43,30,1086,549",success
v14,Python,9,90,C:\NCKH\VIDEO_LEARNING_RESEARCH\data\processed\ocr_best_integration\keyframes_roi\v14\v14_00090s.png,subject_default,,low,,0.05,0.04,0.0,0.1,"43,30,1086,549",success
v14,Python,10,100,C:\NCKH\VIDEO_LEARNING_RESEARCH\data\processed\ocr_best_integration\keyframes_roi\v14\v14_00100s.png,subject_default,,low,,0.05,0.04,0.0,0.1,"43,30,1086,549",success
v14,Python,11,110,C:\NCKH\VIDEO_LEARNING_RESEARCH\data\processed\ocr_best_integration\keyframes_roi\v14\v14_00110s.png,subject_default,,low,,0.05,0.04,0.0,0.1,"43,30,1086,549",success
v14,Python,12,120,C:\NCKH\VIDEO_LEARNING_RESEARCH\data\processed\ocr_best_integration\keyframes_roi\v14\v14_00120s.png,subject_default,,low,,0.05,0.04,0.0,0.1,"43,30,1086,549",success
v14,Python,13,130,C:\NCKH\VIDEO_LEARNING_RESEARCH\data\processed\ocr_best_integration\keyframes_roi\v14\v14_00130s.png,subject_default,,low,,0.05,0.04,0.0,0.1,"43,30,1086,549",success
v14,Python,14,140,C:\NCKH\VIDEO_LEARNING_RESEARCH\data\processed\ocr_best_integration\keyframes_roi\v14\v14_00140s.png,subject_default,,low,,0.05,0.04,0.0,0.1,"43,30,1086,549",success
v14,Python,15,150,C:\NCKH\VIDEO_LEARNING_RESEARCH\data\processed\ocr_best_integration\keyframes_roi\v14\v14_00150s.png,subject_default,,low,,0.05,0.04,0.0,0.1,"43,30,1086,549",success
v14,Python,16,160,C:\NCKH\VIDEO_LEARNING_RESEARCH\data\processed\ocr_best_integration\keyframes_roi\v14\v14_00160s.png,subject_default,,low,,0.05,0.04,0.0,0.1,"43,30,1086,549",success
v14,Python,17,170,C:\NCKH\VIDEO_LEARNING_RESEARCH\data\processed\ocr_best_integration\keyframes_roi\v14\v14_00170s.png,subject_default,,low,,0.05,0.04,0.0,0.1,"43,30,1086,549",success
v14,Python,18,180,C:\NCKH\VIDEO_LEARNING_RESEARCH\data\processed\ocr_best_integration\keyframes_roi\v14\v14_00180s.png,subject_default,,low,,0.05,0.04,0.0,0.1,"38,36,971,655",success
v14,Python,19,190,C:\NCKH\VIDEO_LEARNING_RESEARCH\data\processed\ocr_best_integration\keyframes_roi\v14\v14_00190s.png,subject_default,,low,,0.05,0.04,0.0,0.1,"43,30,1086,549",success
v14,Python,20,200,C:\NCKH\VIDEO_LEARNING_RESEARCH\data\processed\ocr_best_integration\keyframes_roi\v14\v14_00200s.png,subject_default,,low,,0.05,0.04,0.0,0.1,"43,30,1086,549",success
v14,Python,21,210,C:\NCKH\VIDEO_LEARNING_RESEARCH\data\processed\ocr_best_integration\keyframes_roi\v14\v14_00210s.png,subject_default,,low,,0.05,0.04,0.0,0.1,"43,30,1086,549",success
v14,Python,22,220,C:\NCKH\VIDEO_LEARNING_RESEARCH\data\processed\ocr_best_integration\keyframes_roi\v14\v14_00220s.png,subject_default,,low,,0.05,0.04,0.0,0.1,"43,30,1086,549",success
v14,Python,23,230,C:\NCKH\VIDEO_LEARNING_RESEARCH\data\processed\ocr_best_integration\keyframes_roi\v14\v14_00230s.png,subject_default,,low,,0.05,0.04,0.0,0.1,"43,30,1086,549",success
v14,Python,24,240,C:\NCKH\VIDEO_LEARNING_RESEARCH\data\processed\ocr_best_integration\keyframes_roi\v14\v14_00240s.png,subject_default,,low,,0.05,0.04,0.0,0.1,"43,30,1086,549",success
v14,Python,25,250,C:\NCKH\VIDEO_LEARNING_RESEARCH\data\processed\ocr_best_integration\keyframes_roi\v14\v14_00250s.png,subject_default,,low,,0.05,0.04,0.0,0.1,"43,30,1086,549",success
v14,Python,26,260,C:\NCKH\VIDEO_LEARNING_RESEARCH\data\processed\ocr_best_integration\keyframes_roi\v14\v14_00260s.png,subject_default,,low,,0.05,0.04,0.0,0.1,"43,30,1086,549",success
v14,Python,27,270,C:\NCKH\VIDEO_LEARNING_RESEARCH\data\processed\ocr_best_integration\keyframes_roi\v14\v14_00270s.png,subject_default,,low,,0.05,0.04,0.0,0.1,"43,30,1086,549",success
v14,Python,28,280,C:\NCKH\VIDEO_LEARNING_RESEARCH\data\processed\ocr_best_integration\keyframes_roi\v14\v14_00280s.png,subject_default,,low,,0.05,0.04,0.0,0.1,"43,30,1086,549",success
v14,Python,29,290,C:\NCKH\VIDEO_LEARNING_RESEARCH\data\processed\ocr_best_integration\keyframes_roi\v14\v14_00290s.png,subject_default,,low,,0.05,0.04,0.0,0.1,"43,30,1086,549",success
v14,Python,30,300,C:\NCKH\VIDEO_LEARNING_RESEARCH\data\processed\ocr_best_integration\keyframes_roi\v14\v14_00300s.png,subject_default,,low,,0.05,0.04,0.0,0.1,"43,30,1086,549",success
v14,Python,31,310,C:\NCKH\VIDEO_LEARNING_RESEARCH\data\processed\ocr_best_integration\keyframes_roi\v14\v14_00310s.png,subject_default,,low,,0.05,0.04,0.0,0.1,"43,30,1086,549",success
v14,Python,32,320,C:\NCKH\VIDEO_LEARNING_RESEARCH\data\processed\ocr_best_integration\keyframes_roi\v14\v14_00320s.png,subject_default,,low,,0.05,0.04,0.0,0.1,"43,30,1086,549",success
v14,Python,33,330,C:\NCKH\VIDEO_LEARNING_RESEARCH\data\processed\ocr_best_integration\keyframes_roi\v14\v14_00330s.png,subject_default,,low,,0.05,0.04,0.0,0.1,"43,30,1086,549",success
v14,Python,34,340,C:\NCKH\VIDEO_LEARNING_RESEARCH\data\processed\ocr_best_integration\keyframes_roi\v14\v14_00340s.png,subject_default,,low,,0.05,0.04,0.0,0.1,"43,30,1086,549",success
v14,Python,35,350,C:\NCKH\VIDEO_LEARNING_RESEARCH\data\processed\ocr_best_integration\keyframes_roi\v14\v14_00350s.png,subject_default,,low,,0.05,0.04,0.0,0.1,"43,30,1086,549",success
v14,Python,36,360,C:\NCKH\VIDEO_LEARNING_RESEARCH\data\processed\ocr_best_integration\keyframes_roi\v14\v14_00360s.png,subject_default,,low,,0.05,0.04,0.0,0.1,"43,30,1086,549",success
v14,Python,37,370,C:\NCKH\VIDEO_LEARNING_RESEARCH\data\processed\ocr_best_integration\keyframes_roi\v14\v14_00370s.png,subject_default,,low,,0.05,0.04,0.0,0.1,"43,30,1086,549",success
v14,Python,38,380,C:\NCKH\VIDEO_LEARNING_RESEARCH\data\processed\ocr_best_integration\keyframes_roi\v14\v14_00380s.png,subject_default,,low,,0.05,0.04,0.0,0.1,"43,30,1086,549",success
v14,Python,39,390,C:\NCKH\VIDEO_LEARNING_RESEARCH\data\processed\ocr_best_integration\keyframes_roi\v14\v14_00390s.png,subject_default,,low,,0.05,0.04,0.0,0.1,"43,30,1086,549",success
v14,Python,40,400,C:\NCKH\VIDEO_LEARNING_RESEARCH\data\processed\ocr_best_integration\keyframes_roi\v14\v14_00400s.png,subject_default,,low,,0.05,0.04,0.0,0.1,"43,30,1086,549",success
v14,Python,41,410,C:\NCKH\VIDEO_LEARNING_RESEARCH\data\processed\ocr_best_integration\keyframes_roi\v14\v14_00410s.png,subject_default,,low,,0.05,0.04,0.0,0.1,"43,30,1086,549",success
v14,Python,42,420,C:\NCKH\VIDEO_LEARNING_RESEARCH\data\processed\ocr_best_integration\keyframes_roi\v14\v14_00420s.png,subject_default,,low,,0.05,0.04,0.0,0.1,"43,30,1086,549",success
v14,Python,43,430,C:\NCKH\VIDEO_LEARNING_RESEARCH\data\processed\ocr_best_integration\keyframes_roi\v14\v14_00430s.png,subject_default,,low,,0.05,0.04,0.0,0.1,"43,30,1086,549",success
v14,Python,44,440,C:\NCKH\VIDEO_LEARNING_RESEARCH\data\processed\ocr_best_integration\keyframes_roi\v14\v14_00440s.png,subject_default,,low,,0.05,0.04,0.0,0.1,"43,30,1086,549",success
v14,Python,45,450,C:\NCKH\VIDEO_LEARNING_RESEARCH\data\processed\ocr_best_integration\keyframes_roi\v14\v14_00450s.png,subject_default,,low,,0.05,0.04,0.0,0.1,"43,30,1086,549",success
v14,Python,46,460,C:\NCKH\VIDEO_LEARNING_RESEARCH\data\processed\ocr_best_integration\keyframes_roi\v14\v14_00460s.png,subject_default,,low,,0.05,0.04,0.0,0.1,"43,30,1086,549",success
v14,Python,47,470,C:\NCKH\VIDEO_LEARNING_RESEARCH\data\processed\ocr_best_integration\keyframes_roi\v14\v14_00470s.png,subject_default,,low,,0.05,0.04,0.0,0.1,"43,30,1086,549",success
v14,Python,48,480,C:\NCKH\VIDEO_LEARNING_RESEARCH\data\processed\ocr_best_integration\keyframes_roi\v14\v14_00480s.png,subject_default,,low,,0.05,0.04,0.0,0.1,"43,30,1086,549",success
v14,Python,49,490,C:\NCKH\VIDEO_LEARNING_RESEARCH\data\processed\ocr_best_integration\keyframes_roi\v14\v14_00490s.png,subject_default,,low,,0.05,0.04,0.0,0.1,"43,30,1086,549",success
v14,Python,50,500,C:\NCKH\VIDEO_LEARNING_RESEARCH\data\processed\ocr_best_integration\keyframes_roi\v14\v14_00500s.png,subject_default,,low,,0.05,0.04,0.0,0.1,"43,30,1086,549",success
v14,Python,51,510,C:\NCKH\VIDEO_LEARNING_RESEARCH\data\processed\ocr_best_integration\keyframes_roi\v14\v14_00510s.png,subject_default,,low,,0.05,0.04,0.0,0.1,"43,30,1086,549",success
v14,Python,52,520,C:\NCKH\VIDEO_LEARNING_RESEARCH\data\processed\ocr_best_integration\keyframes_roi\v14\v14_00520s.png,subject_default,,low,,0.05,0.04,0.0,0.1,"43,30,1086,549",success
v14,Python,53,530,C:\NCKH\VIDEO_LEARNING_RESEARCH\data\processed\ocr_best_integration\keyframes_roi\v14\v14_00530s.png,subject_default,,low,,0.05,0.04,0.0,0.1,"43,30,1086,549",success
v14,Python,54,540,C:\NCKH\VIDEO_LEARNING_RESEARCH\data\processed\ocr_best_integration\keyframes_roi\v14\v14_00540s.png,subject_default,,low,,0.05,0.04,0.0,0.1,"43,30,1086,549",success
v14,Python,55,550,C:\NCKH\VIDEO_LEARNING_RESEARCH\data\processed\ocr_best_integration\keyframes_roi\v14\v14_00550s.png,subject_default,,low,,0.05,0.04,0.0,0.1,"43,30,1086,549",success
v14,Python,56,560,C:\NCKH\VIDEO_LEARNING_RESEARCH\data\processed\ocr_best_integration\keyframes_roi\v14\v14_00560s.png,subject_default,,low,,0.05,0.04,0.0,0.1,"43,30,1086,549",success
v14,Python,57,570,C:\NCKH\VIDEO_LEARNING_RESEARCH\data\processed\ocr_best_integration\keyframes_roi\v14\v14_00570s.png,subject_default,,low,,0.05,0.04,0.0,0.1,"43,30,1086,549",success
v14,Python,58,580,C:\NCKH\VIDEO_LEARNING_RESEARCH\data\processed\ocr_best_integration\keyframes_roi\v14\v14_00580s.png,subject_default,,low,,0.05,0.04,0.0,0.1,"43,30,1086,549",success
v14,Python,59,590,C:\NCKH\VIDEO_LEARNING_RESEARCH\data\processed\ocr_best_integration\keyframes_roi\v14\v14_00590s.png,subject_default,,low,,0.05,0.04,0.0,0.1,"43,30,1086,549",success
v14,Python,60,600,C:\NCKH\VIDEO_LEARNING_RESEARCH\data\processed\ocr_best_integration\keyframes_roi\v14\v14_00600s.png,subject_default,,low,,0.05,0.04,0.0,0.1,"43,30,1086,549",success
v14,Python,61,610,C:\NCKH\VIDEO_LEARNING_RESEARCH\data\processed\ocr_best_integration\keyframes_roi\v14\v14_00610s.png,subject_default,,low,,0.05,0.04,0.0,0.1,"43,30,1086,549",success
v15,Python,0,0,C:\NCKH\VIDEO_LEARNING_RESEARCH\data\processed\ocr_best_integration\keyframes_roi\v15\v15_00000s.png,subject_default,,low,,0.05,0.04,0.0,0.1,"43,30,1086,549",success
v15,Python,1,10,C:\NCKH\VIDEO_LEARNING_RESEARCH\data\processed\ocr_best_integration\keyframes_roi\v15\v15_00010s.png,subject_default,,low,,0.05,0.04,0.0,0.1,"43,30,1086,549",success
v15,Python,2,20,C:\NCKH\VIDEO_LEARNING_RESEARCH\data\processed\ocr_best_integration\keyframes_roi\v15\v15_00020s.png,subject_default,,low,,0.05,0.04,0.0,0.1,"43,30,1086,549",success
v15,Python,3,30,C:\NCKH\VIDEO_LEARNING_RESEARCH\data\processed\ocr_best_integration\keyframes_roi\v15\v15_00030s.png,subject_default,,low,,0.05,0.04,0.0,0.1,"43,30,1086,549",success
v15,Python,4,40,C:\NCKH\VIDEO_LEARNING_RESEARCH\data\processed\ocr_best_integration\keyframes_roi\v15\v15_00040s.png,subject_default,,low,,0.05,0.04,0.0,0.1,"43,30,1086,549",success
v15,Python,5,50,C:\NCKH\VIDEO_LEARNING_RESEARCH\data\processed\ocr_best_integration\keyframes_roi\v15\v15_00050s.png,subject_default,,low,,0.05,0.04,0.0,0.1,"43,30,1086,549",success
v15,Python,6,60,C:\NCKH\VIDEO_LEARNING_RESEARCH\data\processed\ocr_best_integration\keyframes_roi\v15\v15_00060s.png,subject_default,,low,,0.05,0.04,0.0,0.1,"43,30,1086,549",success
v15,Python,7,70,C:\NCKH\VIDEO_LEARNING_RESEARCH\data\processed\ocr_best_integration\keyframes_roi\v15\v15_00070s.png,subject_default,,low,,0.05,0.04,0.0,0.1,"43,30,1086,549",success
v15,Python,8,80,C:\NCKH\VIDEO_LEARNING_RESEARCH\data\processed\ocr_best_integration\keyframes_roi\v15\v15_00080s.png,subject_default,,low,,0.05,0.04,0.0,0.1,"43,30,1086,549",success
v15,Python,9,90,C:\NCKH\VIDEO_LEARNING_RESEARCH\data\processed\ocr_best_integration\keyframes_roi\v15\v15_00090s.png,subject_default,,low,,0.05,0.04,0.0,0.1,"43,30,1086,549",success
v15,Python,10,100,C:\NCKH\VIDEO_LEARNING_RESEARCH\data\processed\ocr_best_integration\keyframes_roi\v15\v15_00100s.png,subject_default,,low,,0.05,0.04,0.0,0.1,"43,30,1086,549",success
v15,Python,11,110,C:\NCKH\VIDEO_LEARNING_RESEARCH\data\processed\ocr_best_integration\keyframes_roi\v15\v15_00110s.png,subject_default,,low,,0.05,0.04,0.0,0.1,"43,30,1086,549",success
v15,Python,12,120,C:\NCKH\VIDEO_LEARNING_RESEARCH\data\processed\ocr_best_integration\keyframes_roi\v15\v15_00120s.png,subject_default,,low,,0.05,0.04,0.0,0.1,"43,30,1086,549",success
v15,Python,13,130,C:\NCKH\VIDEO_LEARNING_RESEARCH\data\processed\ocr_best_integration\keyframes_roi\v15\v15_00130s.png,subject_default,,low,,0.05,0.04,0.0,0.1,"43,30,1086,549",success
v15,Python,14,140,C:\NCKH\VIDEO_LEARNING_RESEARCH\data\processed\ocr_best_integration\keyframes_roi\v15\v15_00140s.png,subject_default,,low,,0.05,0.04,0.0,0.1,"43,30,1086,549",success
v15,Python,15,150,C:\NCKH\VIDEO_LEARNING_RESEARCH\data\processed\ocr_best_integration\keyframes_roi\v15\v15_00150s.png,subject_default,,low,,0.05,0.04,0.0,0.1,"43,30,1086,549",success
v15,Python,16,160,C:\NCKH\VIDEO_LEARNING_RESEARCH\data\processed\ocr_best_integration\keyframes_roi\v15\v15_00160s.png,subject_default,,low,,0.05,0.04,0.0,0.1,"43,30,1086,549",success
v15,Python,17,170,C:\NCKH\VIDEO_LEARNING_RESEARCH\data\processed\ocr_best_integration\keyframes_roi\v15\v15_00170s.png,subject_default,,low,,0.05,0.04,0.0,0.1,"43,30,1086,549",success
v15,Python,18,180,C:\NCKH\VIDEO_LEARNING_RESEARCH\data\processed\ocr_best_integration\keyframes_roi\v15\v15_00180s.png,subject_default,,low,,0.05,0.04,0.0,0.1,"43,30,1086,549",success
v15,Python,19,190,C:\NCKH\VIDEO_LEARNING_RESEARCH\data\processed\ocr_best_integration\keyframes_roi\v15\v15_00190s.png,subject_default,,low,,0.05,0.04,0.0,0.1,"43,30,1086,549",success
v15,Python,20,200,C:\NCKH\VIDEO_LEARNING_RESEARCH\data\processed\ocr_best_integration\keyframes_roi\v15\v15_00200s.png,subject_default,,low,,0.05,0.04,0.0,0.1,"43,30,1086,549",success
v15,Python,21,210,C:\NCKH\VIDEO_LEARNING_RESEARCH\data\processed\ocr_best_integration\keyframes_roi\v15\v15_00210s.png,subject_default,,low,,0.05,0.04,0.0,0.1,"43,30,1086,549",success
v15,Python,22,220,C:\NCKH\VIDEO_LEARNING_RESEARCH\data\processed\ocr_best_integration\keyframes_roi\v15\v15_00220s.png,subject_default,,low,,0.05,0.04,0.0,0.1,"43,30,1086,549",success
v15,Python,23,230,C:\NCKH\VIDEO_LEARNING_RESEARCH\data\processed\ocr_best_integration\keyframes_roi\v15\v15_00230s.png,subject_default,,low,,0.05,0.04,0.0,0.1,"43,30,1086,549",success
v15,Python,24,240,C:\NCKH\VIDEO_LEARNING_RESEARCH\data\processed\ocr_best_integration\keyframes_roi\v15\v15_00240s.png,subject_default,,low,,0.05,0.04,0.0,0.1,"43,30,1086,549",success
v15,Python,25,250,C:\NCKH\VIDEO_LEARNING_RESEARCH\data\processed\ocr_best_integration\keyframes_roi\v15\v15_00250s.png,subject_default,,low,,0.05,0.04,0.0,0.1,"43,30,1086,549",success
v15,Python,26,260,C:\NCKH\VIDEO_LEARNING_RESEARCH\data\processed\ocr_best_integration\keyframes_roi\v15\v15_00260s.png,subject_default,,low,,0.05,0.04,0.0,0.1,"43,30,1086,549",success
v15,Python,27,270,C:\NCKH\VIDEO_LEARNING_RESEARCH\data\processed\ocr_best_integration\keyframes_roi\v15\v15_00270s.png,subject_default,,low,,0.05,0.04,0.0,0.1,"43,30,1086,549",success
v15,Python,28,280,C:\NCKH\VIDEO_LEARNING_RESEARCH\data\processed\ocr_best_integration\keyframes_roi\v15\v15_00280s.png,subject_default,,low,,0.05,0.04,0.0,0.1,"43,30,1086,549",success
v15,Python,29,290,C:\NCKH\VIDEO_LEARNING_RESEARCH\data\processed\ocr_best_integration\keyframes_roi\v15\v15_00290s.png,subject_default,,low,,0.05,0.04,0.0,0.1,"43,30,1086,549",success
v15,Python,30,300,C:\NCKH\VIDEO_LEARNING_RESEARCH\data\processed\ocr_best_integration\keyframes_roi\v15\v15_00300s.png,subject_default,,low,,0.05,0.04,0.0,0.1,"43,30,1086,549",success
v15,Python,31,310,C:\NCKH\VIDEO_LEARNING_RESEARCH\data\processed\ocr_best_integration\keyframes_roi\v15\v15_00310s.png,subject_default,,low,,0.05,0.04,0.0,0.1,"43,30,1086,549",success
v15,Python,32,320,C:\NCKH\VIDEO_LEARNING_RESEARCH\data\processed\ocr_best_integration\keyframes_roi\v15\v15_00320s.png,subject_default,,low,,0.05,0.04,0.0,0.1,"43,30,1086,549",success
v15,Python,33,330,C:\NCKH\VIDEO_LEARNING_RESEARCH\data\processed\ocr_best_integration\keyframes_roi\v15\v15_00330s.png,subject_default,,low,,0.05,0.04,0.0,0.1,"43,30,1086,549",success
v15,Python,34,340,C:\NCKH\VIDEO_LEARNING_RESEARCH\data\processed\ocr_best_integration\keyframes_roi\v15\v15_00340s.png,subject_default,,low,,0.05,0.04,0.0,0.1,"43,30,1086,549",success
v15,Python,35,350,C:\NCKH\VIDEO_LEARNING_RESEARCH\data\processed\ocr_best_integration\keyframes_roi\v15\v15_00350s.png,subject_default,,low,,0.05,0.04,0.0,0.1,"43,30,1086,549",success
v15,Python,36,360,C:\NCKH\VIDEO_LEARNING_RESEARCH\data\processed\ocr_best_integration\keyframes_roi\v15\v15_00360s.png,subject_default,,low,,0.05,0.04,0.0,0.1,"43,30,1086,549",success
v15,Python,37,370,C:\NCKH\VIDEO_LEARNING_RESEARCH\data\processed\ocr_best_integration\keyframes_roi\v15\v15_00370s.png,subject_default,,low,,0.05,0.04,0.0,0.1,"43,30,1086,549",success
v15,Python,38,380,C:\NCKH\VIDEO_LEARNING_RESEARCH\data\processed\ocr_best_integration\keyframes_roi\v15\v15_00380s.png,subject_default,,low,,0.05,0.04,0.0,0.1,"43,30,1086,549",success
v15,Python,39,390,C:\NCKH\VIDEO_LEARNING_RESEARCH\data\processed\ocr_best_integration\keyframes_roi\v15\v15_00390s.png,subject_default,,low,,0.05,0.04,0.0,0.1,"43,30,1086,549",success
v15,Python,40,400,C:\NCKH\VIDEO_LEARNING_RESEARCH\data\processed\ocr_best_integration\keyframes_roi\v15\v15_00400s.png,subject_default,,low,,0.05,0.04,0.0,0.1,"43,30,1086,549",success
v15,Python,41,410,C:\NCKH\VIDEO_LEARNING_RESEARCH\data\processed\ocr_best_integration\keyframes_roi\v15\v15_00410s.png,subject_default,,low,,0.05,0.04,0.0,0.1,"43,30,1086,549",success
v15,Python,42,420,C:\NCKH\VIDEO_LEARNING_RESEARCH\data\processed\ocr_best_integration\keyframes_roi\v15\v15_00420s.png,subject_default,,low,,0.05,0.04,0.0,0.1,"43,30,1086,549",success
v15,Python,43,430,C:\NCKH\VIDEO_LEARNING_RESEARCH\data\processed\ocr_best_integration\keyframes_roi\v15\v15_00430s.png,subject_default,,low,,0.05,0.04,0.0,0.1,"43,30,1086,549",success
v15,Python,44,440,C:\NCKH\VIDEO_LEARNING_RESEARCH\data\processed\ocr_best_integration\keyframes_roi\v15\v15_00440s.png,subject_default,,low,,0.05,0.04,0.0,0.1,"43,30,1086,549",success
v15,Python,45,450,C:\NCKH\VIDEO_LEARNING_RESEARCH\data\processed\ocr_best_integration\keyframes_roi\v15\v15_00450s.png,subject_default,,low,,0.05,0.04,0.0,0.1,"43,30,1086,549",success
v15,Python,46,460,C:\NCKH\VIDEO_LEARNING_RESEARCH\data\processed\ocr_best_integration\keyframes_roi\v15\v15_00460s.png,subject_default,,low,,0.05,0.04,0.0,0.1,"43,30,1086,549",success
v15,Python,47,470,C:\NCKH\VIDEO_LEARNING_RESEARCH\data\processed\ocr_best_integration\keyframes_roi\v15\v15_00470s.png,subject_default,,low,,0.05,0.04,0.0,0.1,"43,30,1086,549",success
v15,Python,48,480,C:\NCKH\VIDEO_LEARNING_RESEARCH\data\processed\ocr_best_integration\keyframes_roi\v15\v15_00480s.png,subject_default,,low,,0.05,0.04,0.0,0.1,"43,30,1086,549",success
v15,Python,49,490,C:\NCKH\VIDEO_LEARNING_RESEARCH\data\processed\ocr_best_integration\keyframes_roi\v15\v15_00490s.png,subject_default,,low,,0.05,0.04,0.0,0.1,"43,30,1086,549",success
v15,Python,50,500,C:\NCKH\VIDEO_LEARNING_RESEARCH\data\processed\ocr_best_integration\keyframes_roi\v15\v15_00500s.png,subject_default,,low,,0.05,0.04,0.0,0.1,"43,30,1086,549",success
v15,Python,51,510,C:\NCKH\VIDEO_LEARNING_RESEARCH\data\processed\ocr_best_integration\keyframes_roi\v15\v15_00510s.png,subject_default,,low,,0.05,0.04,0.0,0.1,"43,30,1086,549",success
v15,Python,52,520,C:\NCKH\VIDEO_LEARNING_RESEARCH\data\processed\ocr_best_integration\keyframes_roi\v15\v15_00520s.png,subject_default,,low,,0.05,0.04,0.0,0.1,"43,30,1086,549",success
v15,Python,53,530,C:\NCKH\VIDEO_LEARNING_RESEARCH\data\processed\ocr_best_integration\keyframes_roi\v15\v15_00530s.png,subject_default,,low,,0.05,0.04,0.0,0.1,"43,30,1086,549",success
v15,Python,54,540,C:\NCKH\VIDEO_LEARNING_RESEARCH\data\processed\ocr_best_integration\keyframes_roi\v15\v15_00540s.png,subject_default,,low,,0.05,0.04,0.0,0.1,"43,30,1086,549",success
v16,Python,0,0,C:\NCKH\VIDEO_LEARNING_RESEARCH\data\processed\ocr_best_integration\keyframes_roi\v16\v16_00000s.png,subject_default,,low,,0.05,0.04,0.0,0.1,"43,30,1086,549",success
v16,Python,1,10,C:\NCKH\VIDEO_LEARNING_RESEARCH\data\processed\ocr_best_integration\keyframes_roi\v16\v16_00010s.png,subject_default,,low,,0.05,0.04,0.0,0.1,"43,30,1086,549",success
v16,Python,2,20,C:\NCKH\VIDEO_LEARNING_RESEARCH\data\processed\ocr_best_integration\keyframes_roi\v16\v16_00020s.png,subject_default,,low,,0.05,0.04,0.0,0.1,"43,30,1086,549",success
v16,Python,3,30,C:\NCKH\VIDEO_LEARNING_RESEARCH\data\processed\ocr_best_integration\keyframes_roi\v16\v16_00030s.png,subject_default,,low,,0.05,0.04,0.0,0.1,"43,30,1086,549",success
v16,Python,4,40,C:\NCKH\VIDEO_LEARNING_RESEARCH\data\processed\ocr_best_integration\keyframes_roi\v16\v16_00040s.png,subject_default,,low,,0.05,0.04,0.0,0.1,"43,30,1086,549",success
v16,Python,5,50,C:\NCKH\VIDEO_LEARNING_RESEARCH\data\processed\ocr_best_integration\keyframes_roi\v16\v16_00050s.png,subject_default,,low,,0.05,0.04,0.0,0.1,"43,30,1086,549",success
v16,Python,6,60,C:\NCKH\VIDEO_LEARNING_RESEARCH\data\processed\ocr_best_integration\keyframes_roi\v16\v16_00060s.png,subject_default,,low,,0.05,0.04,0.0,0.1,"43,30,1086,549",success
v16,Python,7,70,C:\NCKH\VIDEO_LEARNING_RESEARCH\data\processed\ocr_best_integration\keyframes_roi\v16\v16_00070s.png,subject_default,,low,,0.05,0.04,0.0,0.1,"43,30,1086,549",success
v16,Python,8,80,C:\NCKH\VIDEO_LEARNING_RESEARCH\data\processed\ocr_best_integration\keyframes_roi\v16\v16_00080s.png,subject_default,,low,,0.05,0.04,0.0,0.1,"43,30,1086,549",success
v16,Python,9,90,C:\NCKH\VIDEO_LEARNING_RESEARCH\data\processed\ocr_best_integration\keyframes_roi\v16\v16_00090s.png,subject_default,,low,,0.05,0.04,0.0,0.1,"43,30,1086,549",success
v16,Python,10,100,C:\NCKH\VIDEO_LEARNING_RESEARCH\data\processed\ocr_best_integration\keyframes_roi\v16\v16_00100s.png,subject_default,,low,,0.05,0.04,0.0,0.1,"43,30,1086,549",success
v16,Python,11,110,C:\NCKH\VIDEO_LEARNING_RESEARCH\data\processed\ocr_best_integration\keyframes_roi\v16\v16_00110s.png,subject_default,,low,,0.05,0.04,0.0,0.1,"43,30,1086,549",success
v16,Python,12,120,C:\NCKH\VIDEO_LEARNING_RESEARCH\data\processed\ocr_best_integration\keyframes_roi\v16\v16_00120s.png,subject_default,,low,,0.05,0.04,0.0,0.1,"43,30,1086,549",success
v16,Python,13,130,C:\NCKH\VIDEO_LEARNING_RESEARCH\data\processed\ocr_best_integration\keyframes_roi\v16\v16_00130s.png,subject_default,,low,,0.05,0.04,0.0,0.1,"43,30,1086,549",success
v16,Python,14,140,C:\NCKH\VIDEO_LEARNING_RESEARCH\data\processed\ocr_best_integration\keyframes_roi\v16\v16_00140s.png,subject_default,,low,,0.05,0.04,0.0,0.1,"43,30,1086,549",success
v16,Python,15,150,C:\NCKH\VIDEO_LEARNING_RESEARCH\data\processed\ocr_best_integration\keyframes_roi\v16\v16_00150s.png,subject_default,,low,,0.05,0.04,0.0,0.1,"43,30,1086,549",success
v16,Python,16,160,C:\NCKH\VIDEO_LEARNING_RESEARCH\data\processed\ocr_best_integration\keyframes_roi\v16\v16_00160s.png,subject_default,,low,,0.05,0.04,0.0,0.1,"43,30,1086,549",success
v16,Python,17,170,C:\NCKH\VIDEO_LEARNING_RESEARCH\data\processed\ocr_best_integration\keyframes_roi\v16\v16_00170s.png,subject_default,,low,,0.05,0.04,0.0,0.1,"43,30,1086,549",success
v16,Python,18,180,C:\NCKH\VIDEO_LEARNING_RESEARCH\data\processed\ocr_best_integration\keyframes_roi\v16\v16_00180s.png,subject_default,,low,,0.05,0.04,0.0,0.1,"43,30,1086,549",success
v16,Python,19,190,C:\NCKH\VIDEO_LEARNING_RESEARCH\data\processed\ocr_best_integration\keyframes_roi\v16\v16_00190s.png,subject_default,,low,,0.05,0.04,0.0,0.1,"43,30,1086,549",success
v16,Python,20,200,C:\NCKH\VIDEO_LEARNING_RESEARCH\data\processed\ocr_best_integration\keyframes_roi\v16\v16_00200s.png,subject_default,,low,,0.05,0.04,0.0,0.1,"43,30,1086,549",success
v16,Python,21,210,C:\NCKH\VIDEO_LEARNING_RESEARCH\data\processed\ocr_best_integration\keyframes_roi\v16\v16_00210s.png,subject_default,,low,,0.05,0.04,0.0,0.1,"43,30,1086,549",success
v16,Python,22,220,C:\NCKH\VIDEO_LEARNING_RESEARCH\data\processed\ocr_best_integration\keyframes_roi\v16\v16_00220s.png,subject_default,,low,,0.05,0.04,0.0,0.1,"43,30,1086,549",success
v16,Python,23,230,C:\NCKH\VIDEO_LEARNING_RESEARCH\data\processed\ocr_best_integration\keyframes_roi\v16\v16_00230s.png,subject_default,,low,,0.05,0.04,0.0,0.1,"43,30,1086,549",success
v16,Python,24,240,C:\NCKH\VIDEO_LEARNING_RESEARCH\data\processed\ocr_best_integration\keyframes_roi\v16\v16_00240s.png,subject_default,,low,,0.05,0.04,0.0,0.1,"43,30,1086,549",success
v16,Python,25,250,C:\NCKH\VIDEO_LEARNING_RESEARCH\data\processed\ocr_best_integration\keyframes_roi\v16\v16_00250s.png,subject_default,,low,,0.05,0.04,0.0,0.1,"43,30,1086,549",success
v16,Python,26,260,C:\NCKH\VIDEO_LEARNING_RESEARCH\data\processed\ocr_best_integration\keyframes_roi\v16\v16_00260s.png,subject_default,,low,,0.05,0.04,0.0,0.1,"43,30,1086,549",success
v16,Python,27,270,C:\NCKH\VIDEO_LEARNING_RESEARCH\data\processed\ocr_best_integration\keyframes_roi\v16\v16_00270s.png,subject_default,,low,,0.05,0.04,0.0,0.1,"43,30,1086,549",success
v16,Python,28,280,C:\NCKH\VIDEO_LEARNING_RESEARCH\data\processed\ocr_best_integration\keyframes_roi\v16\v16_00280s.png,subject_default,,low,,0.05,0.04,0.0,0.1,"43,30,1086,549",success
v16,Python,29,290,C:\NCKH\VIDEO_LEARNING_RESEARCH\data\processed\ocr_best_integration\keyframes_roi\v16\v16_00290s.png,subject_default,,low,,0.05,0.04,0.0,0.1,"43,30,1086,549",success
v16,Python,30,300,C:\NCKH\VIDEO_LEARNING_RESEARCH\data\processed\ocr_best_integration\keyframes_roi\v16\v16_00300s.png,subject_default,,low,,0.05,0.04,0.0,0.1,"43,30,1086,549",success
v16,Python,31,310,C:\NCKH\VIDEO_LEARNING_RESEARCH\data\processed\ocr_best_integration\keyframes_roi\v16\v16_00310s.png,subject_default,,low,,0.05,0.04,0.0,0.1,"43,30,1086,549",success
v16,Python,32,320,C:\NCKH\VIDEO_LEARNING_RESEARCH\data\processed\ocr_best_integration\keyframes_roi\v16\v16_00320s.png,subject_default,,low,,0.05,0.04,0.0,0.1,"43,30,1086,549",success
v16,Python,33,330,C:\NCKH\VIDEO_LEARNING_RESEARCH\data\processed\ocr_best_integration\keyframes_roi\v16\v16_00330s.png,subject_default,,low,,0.05,0.04,0.0,0.1,"43,30,1086,549",success
v16,Python,34,340,C:\NCKH\VIDEO_LEARNING_RESEARCH\data\processed\ocr_best_integration\keyframes_roi\v16\v16_00340s.png,subject_default,,low,,0.05,0.04,0.0,0.1,"43,30,1086,549",success
v17,Python,0,0,C:\NCKH\VIDEO_LEARNING_RESEARCH\data\processed\ocr_best_integration\keyframes_roi\v17\v17_00000s.png,subject_default,,low,,0.05,0.04,0.0,0.1,"43,30,1086,549",success
v17,Python,1,10,C:\NCKH\VIDEO_LEARNING_RESEARCH\data\processed\ocr_best_integration\keyframes_roi\v17\v17_00010s.png,subject_default,,low,,0.05,0.04,0.0,0.1,"43,30,1086,549",success
v17,Python,2,20,C:\NCKH\VIDEO_LEARNING_RESEARCH\data\processed\ocr_best_integration\keyframes_roi\v17\v17_00020s.png,subject_default,,low,,0.05,0.04,0.0,0.1,"43,30,1086,549",success
v17,Python,3,30,C:\NCKH\VIDEO_LEARNING_RESEARCH\data\processed\ocr_best_integration\keyframes_roi\v17\v17_00030s.png,subject_default,vscode,low,eol_status,0.05,0.04,0.0,0.1,"43,30,1086,549",success
v17,Python,4,40,C:\NCKH\VIDEO_LEARNING_RESEARCH\data\processed\ocr_best_integration\keyframes_roi\v17\v17_00040s.png,subject_default,,low,,0.05,0.04,0.0,0.1,"43,30,1086,549",success
v17,Python,5,50,C:\NCKH\VIDEO_LEARNING_RESEARCH\data\processed\ocr_best_integration\keyframes_roi\v17\v17_00050s.png,subject_default,,low,,0.05,0.04,0.0,0.1,"43,30,1086,549",success
v17,Python,6,60,C:\NCKH\VIDEO_LEARNING_RESEARCH\data\processed\ocr_best_integration\keyframes_roi\v17\v17_00060s.png,subject_default,,low,,0.05,0.04,0.0,0.1,"43,30,1086,549",success
v17,Python,7,70,C:\NCKH\VIDEO_LEARNING_RESEARCH\data\processed\ocr_best_integration\keyframes_roi\v17\v17_00070s.png,subject_default,,low,,0.05,0.04,0.0,0.1,"43,30,1086,549",success
v17,Python,8,80,C:\NCKH\VIDEO_LEARNING_RESEARCH\data\processed\ocr_best_integration\keyframes_roi\v17\v17_00080s.png,subject_default,,low,,0.05,0.04,0.0,0.1,"43,30,1086,549",success
v17,Python,9,90,C:\NCKH\VIDEO_LEARNING_RESEARCH\data\processed\ocr_best_integration\keyframes_roi\v17\v17_00090s.png,subject_default,,low,,0.05,0.04,0.0,0.1,"43,30,1086,549",success
v17,Python,10,100,C:\NCKH\VIDEO_LEARNING_RESEARCH\data\processed\ocr_best_integration\keyframes_roi\v17\v17_00100s.png,subject_default,,low,,0.05,0.04,0.0,0.1,"43,30,1086,549",success
v17,Python,11,110,C:\NCKH\VIDEO_LEARNING_RESEARCH\data\processed\ocr_best_integration\keyframes_roi\v17\v17_00110s.png,subject_default,,low,,0.05,0.04,0.0,0.1,"43,30,1086,549",success
v17,Python,12,120,C:\NCKH\VIDEO_LEARNING_RESEARCH\data\processed\ocr_best_integration\keyframes_roi\v17\v17_00120s.png,subject_default,,low,,0.05,0.04,0.0,0.1,"43,30,1086,549",success
v17,Python,13,130,C:\NCKH\VIDEO_LEARNING_RESEARCH\data\processed\ocr_best_integration\keyframes_roi\v17\v17_00130s.png,subject_default,,low,,0.05,0.04,0.0,0.1,"43,30,1086,549",success
v17,Python,14,140,C:\NCKH\VIDEO_LEARNING_RESEARCH\data\processed\ocr_best_integration\keyframes_roi\v17\v17_00140s.png,subject_default,,low,,0.05,0.04,0.0,0.1,"43,30,1086,549",success
v17,Python,15,150,C:\NCKH\VIDEO_LEARNING_RESEARCH\data\processed\ocr_best_integration\keyframes_roi\v17\v17_00150s.png,subject_default,,low,,0.05,0.04,0.0,0.1,"43,30,1086,549",success
v17,Python,16,160,C:\NCKH\VIDEO_LEARNING_RESEARCH\data\processed\ocr_best_integration\keyframes_roi\v17\v17_00160s.png,subject_default,,low,,0.05,0.04,0.0,0.1,"43,30,1086,549",success
v17,Python,17,170,C:\NCKH\VIDEO_LEARNING_RESEARCH\data\processed\ocr_best_integration\keyframes_roi\v17\v17_00170s.png,subject_default,,low,,0.05,0.04,0.0,0.1,"43,30,1086,549",success
v17,Python,18,180,C:\NCKH\VIDEO_LEARNING_RESEARCH\data\processed\ocr_best_integration\keyframes_roi\v17\v17_00180s.png,subject_default,,low,,0.05,0.04,0.0,0.1,"43,30,1086,549",success
v17,Python,19,190,C:\NCKH\VIDEO_LEARNING_RESEARCH\data\processed\ocr_best_integration\keyframes_roi\v17\v17_00190s.png,subject_default,,low,,0.05,0.04,0.0,0.1,"43,30,1086,549",success
v17,Python,20,200,C:\NCKH\VIDEO_LEARNING_RESEARCH\data\processed\ocr_best_integration\keyframes_roi\v17\v17_00200s.png,subject_default,,low,,0.05,0.04,0.0,0.1,"43,30,1086,549",success
v17,Python,21,210,C:\NCKH\VIDEO_LEARNING_RESEARCH\data\processed\ocr_best_integration\keyframes_roi\v17\v17_00210s.png,subject_default,,low,,0.05,0.04,0.0,0.1,"43,30,1086,549",success
v17,Python,22,220,C:\NCKH\VIDEO_LEARNING_RESEARCH\data\processed\ocr_best_integration\keyframes_roi\v17\v17_00220s.png,subject_default,,low,,0.05,0.04,0.0,0.1,"43,30,1086,549",success
v17,Python,23,230,C:\NCKH\VIDEO_LEARNING_RESEARCH\data\processed\ocr_best_integration\keyframes_roi\v17\v17_00230s.png,subject_default,,low,,0.05,0.04,0.0,0.1,"43,30,1086,549",success
v17,Python,24,240,C:\NCKH\VIDEO_LEARNING_RESEARCH\data\processed\ocr_best_integration\keyframes_roi\v17\v17_00240s.png,subject_default,vscode,low,eol_status,0.05,0.04,0.0,0.1,"43,30,1086,549",success
v17,Python,25,250,C:\NCKH\VIDEO_LEARNING_RESEARCH\data\processed\ocr_best_integration\keyframes_roi\v17\v17_00250s.png,subject_default,,low,,0.05,0.04,0.0,0.1,"43,30,1086,549",success
v17,Python,26,260,C:\NCKH\VIDEO_LEARNING_RESEARCH\data\processed\ocr_best_integration\keyframes_roi\v17\v17_00260s.png,subject_default,,low,,0.05,0.04,0.0,0.1,"43,30,1086,549",success
v17,Python,27,270,C:\NCKH\VIDEO_LEARNING_RESEARCH\data\processed\ocr_best_integration\keyframes_roi\v17\v17_00270s.png,subject_default,,low,,0.05,0.04,0.0,0.1,"43,30,1086,549",success
v17,Python,28,280,C:\NCKH\VIDEO_LEARNING_RESEARCH\data\processed\ocr_best_integration\keyframes_roi\v17\v17_00280s.png,subject_default,,low,,0.05,0.04,0.0,0.1,"43,30,1086,549",success
v17,Python,29,290,C:\NCKH\VIDEO_LEARNING_RESEARCH\data\processed\ocr_best_integration\keyframes_roi\v17\v17_00290s.png,subject_default,,low,,0.05,0.04,0.0,0.1,"43,30,1086,549",success
v17,Python,30,300,C:\NCKH\VIDEO_LEARNING_RESEARCH\data\processed\ocr_best_integration\keyframes_roi\v17\v17_00300s.png,subject_default,,low,,0.05,0.04,0.0,0.1,"43,30,1086,549",success
v17,Python,31,310,C:\NCKH\VIDEO_LEARNING_RESEARCH\data\processed\ocr_best_integration\keyframes_roi\v17\v17_00310s.png,subject_default,,low,,0.05,0.04,0.0,0.1,"43,30,1086,549",success
v18,Python,0,0,C:\NCKH\VIDEO_LEARNING_RESEARCH\data\processed\ocr_best_integration\keyframes_roi\v18\v18_00000s.png,subject_default,,low,,0.05,0.04,0.0,0.1,"43,30,1086,549",success
v18,Python,1,10,C:\NCKH\VIDEO_LEARNING_RESEARCH\data\processed\ocr_best_integration\keyframes_roi\v18\v18_00010s.png,subject_default,,low,,0.05,0.04,0.0,0.1,"43,30,1086,549",success
v18,Python,2,20,C:\NCKH\VIDEO_LEARNING_RESEARCH\data\processed\ocr_best_integration\keyframes_roi\v18\v18_00020s.png,subject_default,,low,,0.05,0.04,0.0,0.1,"43,30,1086,549",success
v18,Python,3,30,C:\NCKH\VIDEO_LEARNING_RESEARCH\data\processed\ocr_best_integration\keyframes_roi\v18\v18_00030s.png,subject_default,,low,,0.05,0.04,0.0,0.1,"43,30,1086,549",success
v18,Python,4,40,C:\NCKH\VIDEO_LEARNING_RESEARCH\data\processed\ocr_best_integration\keyframes_roi\v18\v18_00040s.png,subject_default,,low,,0.05,0.04,0.0,0.1,"43,30,1086,549",success
v18,Python,5,50,C:\NCKH\VIDEO_LEARNING_RESEARCH\data\processed\ocr_best_integration\keyframes_roi\v18\v18_00050s.png,subject_default,,low,,0.05,0.04,0.0,0.1,"43,30,1086,549",success
v18,Python,6,60,C:\NCKH\VIDEO_LEARNING_RESEARCH\data\processed\ocr_best_integration\keyframes_roi\v18\v18_00060s.png,subject_default,,low,,0.05,0.04,0.0,0.1,"43,30,1086,549",success
v19,Python,0,0,C:\NCKH\VIDEO_LEARNING_RESEARCH\data\processed\ocr_best_integration\keyframes_roi\v19\v19_00000s.png,subject_default,,low,,0.05,0.04,0.0,0.1,"43,30,1086,549",success
v19,Python,1,10,C:\NCKH\VIDEO_LEARNING_RESEARCH\data\processed\ocr_best_integration\keyframes_roi\v19\v19_00010s.png,subject_default,intellij,low,scratches_consoles,0.05,0.04,0.0,0.1,"43,30,1086,549",success
v19,Python,2,20,C:\NCKH\VIDEO_LEARNING_RESEARCH\data\processed\ocr_best_integration\keyframes_roi\v19\v19_00020s.png,subject_default,intellij,low,scratches_consoles,0.05,0.04,0.0,0.1,"43,30,1086,549",success
v19,Python,3,30,C:\NCKH\VIDEO_LEARNING_RESEARCH\data\processed\ocr_best_integration\keyframes_roi\v19\v19_00030s.png,subject_default,intellij,low,scratches_consoles,0.05,0.04,0.0,0.1,"43,30,1086,549",success
v19,Python,4,40,C:\NCKH\VIDEO_LEARNING_RESEARCH\data\processed\ocr_best_integration\keyframes_roi\v19\v19_00040s.png,subject_default,intellij,low,scratches_consoles,0.05,0.04,0.0,0.1,"43,30,1086,549",success
v19,Python,5,50,C:\NCKH\VIDEO_LEARNING_RESEARCH\data\processed\ocr_best_integration\keyframes_roi\v19\v19_00050s.png,subject_default,intellij,low,scratches_consoles,0.05,0.04,0.0,0.1,"43,30,1086,549",success
v19,Python,6,60,C:\NCKH\VIDEO_LEARNING_RESEARCH\data\processed\ocr_best_integration\keyframes_roi\v19\v19_00060s.png,subject_default,intellij,low,scratches_consoles,0.05,0.04,0.0,0.1,"43,30,1086,549",success
v19,Python,7,70,C:\NCKH\VIDEO_LEARNING_RESEARCH\data\processed\ocr_best_integration\keyframes_roi\v19\v19_00070s.png,subject_default,intellij,low,scratches_consoles,0.05,0.04,0.0,0.1,"43,30,1086,549",success
v19,Python,8,80,C:\NCKH\VIDEO_LEARNING_RESEARCH\data\processed\ocr_best_integration\keyframes_roi\v19\v19_00080s.png,subject_default,intellij,low,scratches_consoles,0.05,0.04,0.0,0.1,"43,30,1086,549",success
v19,Python,9,90,C:\NCKH\VIDEO_LEARNING_RESEARCH\data\processed\ocr_best_integration\keyframes_roi\v19\v19_00090s.png,subject_default,intellij,low,scratches_consoles,0.05,0.04,0.0,0.1,"43,30,1086,549",success
v19,Python,10,100,C:\NCKH\VIDEO_LEARNING_RESEARCH\data\processed\ocr_best_integration\keyframes_roi\v19\v19_00100s.png,subject_default,intellij,low,scratches_consoles,0.05,0.04,0.0,0.1,"43,30,1086,549",success
v19,Python,11,110,C:\NCKH\VIDEO_LEARNING_RESEARCH\data\processed\ocr_best_integration\keyframes_roi\v19\v19_00110s.png,subject_default,intellij,low,scratches_consoles,0.05,0.04,0.0,0.1,"43,30,1086,549",success
v19,Python,12,120,C:\NCKH\VIDEO_LEARNING_RESEARCH\data\processed\ocr_best_integration\keyframes_roi\v19\v19_00120s.png,subject_default,intellij,low,scratches_consoles,0.05,0.04,0.0,0.1,"43,30,1086,549",success
v19,Python,13,130,C:\NCKH\VIDEO_LEARNING_RESEARCH\data\processed\ocr_best_integration\keyframes_roi\v19\v19_00130s.png,subject_default,intellij,low,scratches_consoles,0.05,0.04,0.0,0.1,"43,30,1086,549",success
v19,Python,14,140,C:\NCKH\VIDEO_LEARNING_RESEARCH\data\processed\ocr_best_integration\keyframes_roi\v19\v19_00140s.png,subject_default,intellij,low,scratches_consoles,0.05,0.04,0.0,0.1,"43,30,1086,549",success
v19,Python,15,150,C:\NCKH\VIDEO_LEARNING_RESEARCH\data\processed\ocr_best_integration\keyframes_roi\v19\v19_00150s.png,subject_default,intellij,low,scratches_consoles,0.05,0.04,0.0,0.1,"43,30,1086,549",success
v19,Python,16,160,C:\NCKH\VIDEO_LEARNING_RESEARCH\data\processed\ocr_best_integration\keyframes_roi\v19\v19_00160s.png,subject_default,intellij,low,scratches_consoles,0.05,0.04,0.0,0.1,"43,30,1086,549",success
v19,Python,17,170,C:\NCKH\VIDEO_LEARNING_RESEARCH\data\processed\ocr_best_integration\keyframes_roi\v19\v19_00170s.png,subject_default,intellij,low,scratches_consoles,0.05,0.04,0.0,0.1,"43,30,1086,549",success
v19,Python,18,180,C:\NCKH\VIDEO_LEARNING_RESEARCH\data\processed\ocr_best_integration\keyframes_roi\v19\v19_00180s.png,subject_default,intellij,low,scratches_consoles,0.05,0.04,0.0,0.1,"43,30,1086,549",success
v19,Python,19,190,C:\NCKH\VIDEO_LEARNING_RESEARCH\data\processed\ocr_best_integration\keyframes_roi\v19\v19_00190s.png,subject_default,intellij,low,scratches_consoles,0.05,0.04,0.0,0.1,"43,30,1086,549",success
v19,Python,20,200,C:\NCKH\VIDEO_LEARNING_RESEARCH\data\processed\ocr_best_integration\keyframes_roi\v19\v19_00200s.png,subject_default,intellij,low,scratches_consoles,0.05,0.04,0.0,0.1,"43,30,1086,549",success
v19,Python,21,210,C:\NCKH\VIDEO_LEARNING_RESEARCH\data\processed\ocr_best_integration\keyframes_roi\v19\v19_00210s.png,subject_default,intellij,low,scratches_consoles,0.05,0.04,0.0,0.1,"43,30,1086,549",success
v19,Python,22,220,C:\NCKH\VIDEO_LEARNING_RESEARCH\data\processed\ocr_best_integration\keyframes_roi\v19\v19_00220s.png,subject_default,intellij,low,scratches_consoles,0.05,0.04,0.0,0.1,"43,30,1086,549",success
v19,Python,23,230,C:\NCKH\VIDEO_LEARNING_RESEARCH\data\processed\ocr_best_integration\keyframes_roi\v19\v19_00230s.png,subject_default,intellij,low,scratches_consoles,0.05,0.04,0.0,0.1,"43,30,1086,549",success
v19,Python,24,240,C:\NCKH\VIDEO_LEARNING_RESEARCH\data\processed\ocr_best_integration\keyframes_roi\v19\v19_00240s.png,subject_default,,low,,0.05,0.04,0.0,0.1,"43,30,1086,549",success
v19,Python,25,250,C:\NCKH\VIDEO_LEARNING_RESEARCH\data\processed\ocr_best_integration\keyframes_roi\v19\v19_00250s.png,subject_default,intellij,low,scratches_consoles,0.05,0.04,0.0,0.1,"43,30,1086,549",success
v19,Python,26,260,C:\NCKH\VIDEO_LEARNING_RESEARCH\data\processed\ocr_best_integration\keyframes_roi\v19\v19_00260s.png,subject_default,intellij,low,scratches_consoles,0.05,0.04,0.0,0.1,"43,30,1086,549",success
v19,Python,27,270,C:\NCKH\VIDEO_LEARNING_RESEARCH\data\processed\ocr_best_integration\keyframes_roi\v19\v19_00270s.png,subject_default,intellij,low,scratches_consoles,0.05,0.04,0.0,0.1,"43,30,1086,549",success
v19,Python,28,280,C:\NCKH\VIDEO_LEARNING_RESEARCH\data\processed\ocr_best_integration\keyframes_roi\v19\v19_00280s.png,subject_default,intellij,low,scratches_consoles,0.05,0.04,0.0,0.1,"43,30,1086,549",success
v19,Python,29,290,C:\NCKH\VIDEO_LEARNING_RESEARCH\data\processed\ocr_best_integration\keyframes_roi\v19\v19_00290s.png,subject_default,intellij,low,scratches_consoles,0.05,0.04,0.0,0.1,"43,30,1086,549",success
v19,Python,30,300,C:\NCKH\VIDEO_LEARNING_RESEARCH\data\processed\ocr_best_integration\keyframes_roi\v19\v19_00300s.png,subject_default,intellij,low,scratches_consoles,0.05,0.04,0.0,0.1,"43,30,1086,549",success
v19,Python,31,310,C:\NCKH\VIDEO_LEARNING_RESEARCH\data\processed\ocr_best_integration\keyframes_roi\v19\v19_00310s.png,subject_default,intellij,low,scratches_consoles,0.05,0.04,0.0,0.1,"43,30,1086,549",success
v19,Python,32,320,C:\NCKH\VIDEO_LEARNING_RESEARCH\data\processed\ocr_best_integration\keyframes_roi\v19\v19_00320s.png,subject_default,intellij,low,scratches_consoles,0.05,0.04,0.0,0.1,"43,30,1086,549",success
v19,Python,33,330,C:\NCKH\VIDEO_LEARNING_RESEARCH\data\processed\ocr_best_integration\keyframes_roi\v19\v19_00330s.png,subject_default,intellij,low,scratches_consoles,0.05,0.04,0.0,0.1,"43,30,1086,549",success
v19,Python,34,340,C:\NCKH\VIDEO_LEARNING_RESEARCH\data\processed\ocr_best_integration\keyframes_roi\v19\v19_00340s.png,subject_default,intellij,low,scratches_consoles,0.05,0.04,0.0,0.1,"43,30,1086,549",success
v19,Python,35,350,C:\NCKH\VIDEO_LEARNING_RESEARCH\data\processed\ocr_best_integration\keyframes_roi\v19\v19_00350s.png,subject_default,intellij,low,scratches_consoles,0.05,0.04,0.0,0.1,"43,30,1086,549",success
v19,Python,36,360,C:\NCKH\VIDEO_LEARNING_RESEARCH\data\processed\ocr_best_integration\keyframes_roi\v19\v19_00360s.png,subject_default,intellij,low,scratches_consoles,0.05,0.04,0.0,0.1,"43,30,1086,549",success
v19,Python,37,370,C:\NCKH\VIDEO_LEARNING_RESEARCH\data\processed\ocr_best_integration\keyframes_roi\v19\v19_00370s.png,subject_default,intellij,low,scratches_consoles,0.05,0.04,0.0,0.1,"43,30,1086,549",success
v19,Python,38,380,C:\NCKH\VIDEO_LEARNING_RESEARCH\data\processed\ocr_best_integration\keyframes_roi\v19\v19_00380s.png,subject_default,intellij,low,scratches_consoles,0.05,0.04,0.0,0.1,"43,30,1086,549",success
v19,Python,39,390,C:\NCKH\VIDEO_LEARNING_RESEARCH\data\processed\ocr_best_integration\keyframes_roi\v19\v19_00390s.png,subject_default,intellij,low,scratches_consoles,0.05,0.04,0.0,0.1,"43,30,1086,549",success
v19,Python,40,400,C:\NCKH\VIDEO_LEARNING_RESEARCH\data\processed\ocr_best_integration\keyframes_roi\v19\v19_00400s.png,subject_default,intellij,low,scratches_consoles,0.05,0.04,0.0,0.1,"43,30,1086,549",success
v19,Python,41,410,C:\NCKH\VIDEO_LEARNING_RESEARCH\data\processed\ocr_best_integration\keyframes_roi\v19\v19_00410s.png,subject_default,intellij,low,scratches_consoles,0.05,0.04,0.0,0.1,"43,30,1086,549",success
v19,Python,42,420,C:\NCKH\VIDEO_LEARNING_RESEARCH\data\processed\ocr_best_integration\keyframes_roi\v19\v19_00420s.png,subject_default,intellij,low,scratches_consoles,0.05,0.04,0.0,0.1,"43,30,1086,549",success
v19,Python,43,430,C:\NCKH\VIDEO_LEARNING_RESEARCH\data\processed\ocr_best_integration\keyframes_roi\v19\v19_00430s.png,subject_default,intellij,low,scratches_consoles,0.05,0.04,0.0,0.1,"43,30,1086,549",success
v19,Python,44,440,C:\NCKH\VIDEO_LEARNING_RESEARCH\data\processed\ocr_best_integration\keyframes_roi\v19\v19_00440s.png,subject_default,intellij,low,scratches_consoles,0.05,0.04,0.0,0.1,"43,30,1086,549",success
v19,Python,45,450,C:\NCKH\VIDEO_LEARNING_RESEARCH\data\processed\ocr_best_integration\keyframes_roi\v19\v19_00450s.png,subject_default,intellij,low,scratches_consoles,0.05,0.04,0.0,0.1,"43,30,1086,549",success
v19,Python,46,460,C:\NCKH\VIDEO_LEARNING_RESEARCH\data\processed\ocr_best_integration\keyframes_roi\v19\v19_00460s.png,subject_default,,low,,0.05,0.04,0.0,0.1,"43,30,1086,549",success
v19,Python,47,470,C:\NCKH\VIDEO_LEARNING_RESEARCH\data\processed\ocr_best_integration\keyframes_roi\v19\v19_00470s.png,subject_default,,low,,0.05,0.04,0.0,0.1,"43,30,1086,549",success
v19,Python,48,480,C:\NCKH\VIDEO_LEARNING_RESEARCH\data\processed\ocr_best_integration\keyframes_roi\v19\v19_00480s.png,subject_default,intellij,low,scratches_consoles,0.05,0.04,0.0,0.1,"43,30,1086,549",success
v19,Python,49,490,C:\NCKH\VIDEO_LEARNING_RESEARCH\data\processed\ocr_best_integration\keyframes_roi\v19\v19_00490s.png,subject_default,intellij,low,scratches_consoles,0.05,0.04,0.0,0.1,"43,30,1086,549",success
v19,Python,50,500,C:\NCKH\VIDEO_LEARNING_RESEARCH\data\processed\ocr_best_integration\keyframes_roi\v19\v19_00500s.png,subject_default,intellij,low,scratches_consoles,0.05,0.04,0.0,0.1,"43,30,1086,549",success
v19,Python,51,510,C:\NCKH\VIDEO_LEARNING_RESEARCH\data\processed\ocr_best_integration\keyframes_roi\v19\v19_00510s.png,subject_default,intellij,low,scratches_consoles,0.05,0.04,0.0,0.1,"43,30,1086,549",success
v19,Python,52,520,C:\NCKH\VIDEO_LEARNING_RESEARCH\data\processed\ocr_best_integration\keyframes_roi\v19\v19_00520s.png,subject_default,intellij,low,scratches_consoles,0.05,0.04,0.0,0.1,"43,30,1086,549",success
v19,Python,53,530,C:\NCKH\VIDEO_LEARNING_RESEARCH\data\processed\ocr_best_integration\keyframes_roi\v19\v19_00530s.png,subject_default,intellij,low,scratches_consoles,0.05,0.04,0.0,0.1,"43,30,1086,549",success
v19,Python,54,540,C:\NCKH\VIDEO_LEARNING_RESEARCH\data\processed\ocr_best_integration\keyframes_roi\v19\v19_00540s.png,subject_default,intellij,low,scratches_consoles,0.05,0.04,0.0,0.1,"43,30,1086,549",success
v19,Python,55,550,C:\NCKH\VIDEO_LEARNING_RESEARCH\data\processed\ocr_best_integration\keyframes_roi\v19\v19_00550s.png,subject_default,intellij,low,scratches_consoles,0.05,0.04,0.0,0.1,"43,30,1086,549",success
v19,Python,56,560,C:\NCKH\VIDEO_LEARNING_RESEARCH\data\processed\ocr_best_integration\keyframes_roi\v19\v19_00560s.png,subject_default,intellij,low,scratches_consoles,0.05,0.04,0.0,0.1,"43,30,1086,549",success
v19,Python,57,570,C:\NCKH\VIDEO_LEARNING_RESEARCH\data\processed\ocr_best_integration\keyframes_roi\v19\v19_00570s.png,subject_default,vscode,low,eol_status,0.05,0.04,0.0,0.1,"43,30,1086,549",success
v19,Python,58,580,C:\NCKH\VIDEO_LEARNING_RESEARCH\data\processed\ocr_best_integration\keyframes_roi\v19\v19_00580s.png,subject_default,intellij,low,scratches_consoles,0.05,0.04,0.0,0.1,"43,30,1086,549",success
v19,Python,59,590,C:\NCKH\VIDEO_LEARNING_RESEARCH\data\processed\ocr_best_integration\keyframes_roi\v19\v19_00590s.png,subject_default,intellij,low,scratches_consoles,0.05,0.04,0.0,0.1,"43,30,1086,549",success
v19,Python,60,600,C:\NCKH\VIDEO_LEARNING_RESEARCH\data\processed\ocr_best_integration\keyframes_roi\v19\v19_00600s.png,subject_default,intellij,low,scratches_consoles,0.05,0.04,0.0,0.1,"43,30,1086,549",success
v19,Python,61,610,C:\NCKH\VIDEO_LEARNING_RESEARCH\data\processed\ocr_best_integration\keyframes_roi\v19\v19_00610s.png,subject_default,,low,,0.05,0.04,0.0,0.1,"43,30,1086,549",success
v20,Python,0,0,C:\NCKH\VIDEO_LEARNING_RESEARCH\data\processed\ocr_best_integration\keyframes_roi\v20\v20_00000s.png,subject_default,,low,,0.05,0.04,0.0,0.1,"43,30,1086,549",success
v20,Python,1,10,C:\NCKH\VIDEO_LEARNING_RESEARCH\data\processed\ocr_best_integration\keyframes_roi\v20\v20_00010s.png,subject_default,,low,,0.05,0.04,0.0,0.1,"43,30,1086,549",success
v20,Python,2,20,C:\NCKH\VIDEO_LEARNING_RESEARCH\data\processed\ocr_best_integration\keyframes_roi\v20\v20_00020s.png,subject_default,,low,,0.05,0.04,0.0,0.1,"43,30,1086,549",success
v20,Python,3,30,C:\NCKH\VIDEO_LEARNING_RESEARCH\data\processed\ocr_best_integration\keyframes_roi\v20\v20_00030s.png,subject_default,,low,,0.05,0.04,0.0,0.1,"43,30,1086,549",success
v20,Python,4,40,C:\NCKH\VIDEO_LEARNING_RESEARCH\data\processed\ocr_best_integration\keyframes_roi\v20\v20_00040s.png,subject_default,,low,,0.05,0.04,0.0,0.1,"43,30,1086,549",success
v20,Python,5,50,C:\NCKH\VIDEO_LEARNING_RESEARCH\data\processed\ocr_best_integration\keyframes_roi\v20\v20_00050s.png,subject_default,,low,,0.05,0.04,0.0,0.1,"43,30,1086,549",success
v20,Python,6,60,C:\NCKH\VIDEO_LEARNING_RESEARCH\data\processed\ocr_best_integration\keyframes_roi\v20\v20_00060s.png,subject_default,,low,,0.05,0.04,0.0,0.1,"43,30,1086,549",success
v20,Python,7,70,C:\NCKH\VIDEO_LEARNING_RESEARCH\data\processed\ocr_best_integration\keyframes_roi\v20\v20_00070s.png,subject_default,,low,,0.05,0.04,0.0,0.1,"43,30,1086,549",success
v20,Python,8,80,C:\NCKH\VIDEO_LEARNING_RESEARCH\data\processed\ocr_best_integration\keyframes_roi\v20\v20_00080s.png,subject_default,,low,,0.05,0.04,0.0,0.1,"43,30,1086,549",success
v20,Python,9,90,C:\NCKH\VIDEO_LEARNING_RESEARCH\data\processed\ocr_best_integration\keyframes_roi\v20\v20_00090s.png,subject_default,,low,,0.05,0.04,0.0,0.1,"43,30,1086,549",success
v20,Python,10,100,C:\NCKH\VIDEO_LEARNING_RESEARCH\data\processed\ocr_best_integration\keyframes_roi\v20\v20_00100s.png,subject_default,,low,,0.05,0.04,0.0,0.1,"43,30,1086,549",success
v20,Python,11,110,C:\NCKH\VIDEO_LEARNING_RESEARCH\data\processed\ocr_best_integration\keyframes_roi\v20\v20_00110s.png,subject_default,,low,,0.05,0.04,0.0,0.1,"43,30,1086,549",success
v20,Python,12,120,C:\NCKH\VIDEO_LEARNING_RESEARCH\data\processed\ocr_best_integration\keyframes_roi\v20\v20_00120s.png,subject_default,,low,,0.05,0.04,0.0,0.1,"43,30,1086,549",success
v20,Python,13,130,C:\NCKH\VIDEO_LEARNING_RESEARCH\data\processed\ocr_best_integration\keyframes_roi\v20\v20_00130s.png,subject_default,,low,,0.05,0.04,0.0,0.1,"43,30,1086,549",success
v20,Python,14,140,C:\NCKH\VIDEO_LEARNING_RESEARCH\data\processed\ocr_best_integration\keyframes_roi\v20\v20_00140s.png,subject_default,,low,,0.05,0.04,0.0,0.1,"43,30,1086,549",success
v20,Python,15,150,C:\NCKH\VIDEO_LEARNING_RESEARCH\data\processed\ocr_best_integration\keyframes_roi\v20\v20_00150s.png,subject_default,,low,,0.05,0.04,0.0,0.1,"43,30,1086,549",success
v20,Python,16,160,C:\NCKH\VIDEO_LEARNING_RESEARCH\data\processed\ocr_best_integration\keyframes_roi\v20\v20_00160s.png,subject_default,,low,,0.05,0.04,0.0,0.1,"43,30,1086,549",success
v20,Python,17,170,C:\NCKH\VIDEO_LEARNING_RESEARCH\data\processed\ocr_best_integration\keyframes_roi\v20\v20_00170s.png,subject_default,,low,,0.05,0.04,0.0,0.1,"43,30,1086,549",success
v20,Python,18,180,C:\NCKH\VIDEO_LEARNING_RESEARCH\data\processed\ocr_best_integration\keyframes_roi\v20\v20_00180s.png,subject_default,,low,,0.05,0.04,0.0,0.1,"43,30,1086,549",success
v20,Python,19,190,C:\NCKH\VIDEO_LEARNING_RESEARCH\data\processed\ocr_best_integration\keyframes_roi\v20\v20_00190s.png,subject_default,,low,,0.05,0.04,0.0,0.1,"43,30,1086,549",success
v20,Python,20,200,C:\NCKH\VIDEO_LEARNING_RESEARCH\data\processed\ocr_best_integration\keyframes_roi\v20\v20_00200s.png,subject_default,,low,,0.05,0.04,0.0,0.1,"43,30,1086,549",success
v20,Python,21,210,C:\NCKH\VIDEO_LEARNING_RESEARCH\data\processed\ocr_best_integration\keyframes_roi\v20\v20_00210s.png,subject_default,,low,,0.05,0.04,0.0,0.1,"43,30,1086,549",success
v20,Python,22,220,C:\NCKH\VIDEO_LEARNING_RESEARCH\data\processed\ocr_best_integration\keyframes_roi\v20\v20_00220s.png,subject_default,,low,,0.05,0.04,0.0,0.1,"43,30,1086,549",success
v20,Python,23,230,C:\NCKH\VIDEO_LEARNING_RESEARCH\data\processed\ocr_best_integration\keyframes_roi\v20\v20_00230s.png,subject_default,,low,,0.05,0.04,0.0,0.1,"43,30,1086,549",success
v20,Python,24,240,C:\NCKH\VIDEO_LEARNING_RESEARCH\data\processed\ocr_best_integration\keyframes_roi\v20\v20_00240s.png,subject_default,,low,,0.05,0.04,0.0,0.1,"43,30,1086,549",success
v20,Python,25,250,C:\NCKH\VIDEO_LEARNING_RESEARCH\data\processed\ocr_best_integration\keyframes_roi\v20\v20_00250s.png,subject_default,,low,,0.05,0.04,0.0,0.1,"43,30,1086,549",success
v20,Python,26,260,C:\NCKH\VIDEO_LEARNING_RESEARCH\data\processed\ocr_best_integration\keyframes_roi\v20\v20_00260s.png,subject_default,,low,,0.05,0.04,0.0,0.1,"43,30,1086,549",success
v20,Python,27,270,C:\NCKH\VIDEO_LEARNING_RESEARCH\data\processed\ocr_best_integration\keyframes_roi\v20\v20_00270s.png,subject_default,,low,,0.05,0.04,0.0,0.1,"43,30,1086,549",success
v20,Python,28,280,C:\NCKH\VIDEO_LEARNING_RESEARCH\data\processed\ocr_best_integration\keyframes_roi\v20\v20_00280s.png,subject_default,,low,,0.05,0.04,0.0,0.1,"43,30,1086,549",success
v20,Python,29,290,C:\NCKH\VIDEO_LEARNING_RESEARCH\data\processed\ocr_best_integration\keyframes_roi\v20\v20_00290s.png,subject_default,,low,,0.05,0.04,0.0,0.1,"43,30,1086,549",success
v20,Python,30,300,C:\NCKH\VIDEO_LEARNING_RESEARCH\data\processed\ocr_best_integration\keyframes_roi\v20\v20_00300s.png,subject_default,,low,,0.05,0.04,0.0,0.1,"43,30,1086,549",success
v20,Python,31,310,C:\NCKH\VIDEO_LEARNING_RESEARCH\data\processed\ocr_best_integration\keyframes_roi\v20\v20_00310s.png,subject_default,,low,,0.05,0.04,0.0,0.1,"43,30,1086,549",success
v20,Python,32,320,C:\NCKH\VIDEO_LEARNING_RESEARCH\data\processed\ocr_best_integration\keyframes_roi\v20\v20_00320s.png,subject_default,,low,,0.05,0.04,0.0,0.1,"43,30,1086,549",success
v20,Python,33,330,C:\NCKH\VIDEO_LEARNING_RESEARCH\data\processed\ocr_best_integration\keyframes_roi\v20\v20_00330s.png,subject_default,,low,,0.05,0.04,0.0,0.1,"43,30,1086,549",success
v20,Python,34,340,C:\NCKH\VIDEO_LEARNING_RESEARCH\data\processed\ocr_best_integration\keyframes_roi\v20\v20_00340s.png,subject_default,,low,,0.05,0.04,0.0,0.1,"43,30,1086,549",success
v20,Python,35,350,C:\NCKH\VIDEO_LEARNING_RESEARCH\data\processed\ocr_best_integration\keyframes_roi\v20\v20_00350s.png,subject_default,,low,,0.05,0.04,0.0,0.1,"43,30,1086,549",success
v20,Python,36,360,C:\NCKH\VIDEO_LEARNING_RESEARCH\data\processed\ocr_best_integration\keyframes_roi\v20\v20_00360s.png,subject_default,,low,,0.05,0.04,0.0,0.1,"43,30,1086,549",success
v20,Python,37,370,C:\NCKH\VIDEO_LEARNING_RESEARCH\data\processed\ocr_best_integration\keyframes_roi\v20\v20_00370s.png,subject_default,,low,,0.05,0.04,0.0,0.1,"43,30,1086,549",success
v20,Python,38,380,C:\NCKH\VIDEO_LEARNING_RESEARCH\data\processed\ocr_best_integration\keyframes_roi\v20\v20_00380s.png,subject_default,,low,,0.05,0.04,0.0,0.1,"43,30,1086,549",success
v20,Python,39,390,C:\NCKH\VIDEO_LEARNING_RESEARCH\data\processed\ocr_best_integration\keyframes_roi\v20\v20_00390s.png,subject_default,,low,,0.05,0.04,0.0,0.1,"43,30,1086,549",success
v20,Python,40,400,C:\NCKH\VIDEO_LEARNING_RESEARCH\data\processed\ocr_best_integration\keyframes_roi\v20\v20_00400s.png,subject_default,,low,,0.05,0.04,0.0,0.1,"43,30,1086,549",success
v20,Python,41,410,C:\NCKH\VIDEO_LEARNING_RESEARCH\data\processed\ocr_best_integration\keyframes_roi\v20\v20_00410s.png,subject_default,,low,,0.05,0.04,0.0,0.1,"43,30,1086,549",success
v20,Python,42,420,C:\NCKH\VIDEO_LEARNING_RESEARCH\data\processed\ocr_best_integration\keyframes_roi\v20\v20_00420s.png,subject_default,,low,,0.05,0.04,0.0,0.1,"43,30,1086,549",success
v20,Python,43,430,C:\NCKH\VIDEO_LEARNING_RESEARCH\data\processed\ocr_best_integration\keyframes_roi\v20\v20_00430s.png,subject_default,,low,,0.05,0.04,0.0,0.1,"43,30,1086,549",success
v20,Python,44,440,C:\NCKH\VIDEO_LEARNING_RESEARCH\data\processed\ocr_best_integration\keyframes_roi\v20\v20_00440s.png,subject_default,,low,,0.05,0.04,0.0,0.1,"43,30,1086,549",success
v20,Python,45,450,C:\NCKH\VIDEO_LEARNING_RESEARCH\data\processed\ocr_best_integration\keyframes_roi\v20\v20_00450s.png,subject_default,,low,,0.05,0.04,0.0,0.1,"43,30,1086,549",success
v20,Python,46,460,C:\NCKH\VIDEO_LEARNING_RESEARCH\data\processed\ocr_best_integration\keyframes_roi\v20\v20_00460s.png,subject_default,,low,,0.05,0.04,0.0,0.1,"43,30,1086,549",success
v20,Python,47,470,C:\NCKH\VIDEO_LEARNING_RESEARCH\data\processed\ocr_best_integration\keyframes_roi\v20\v20_00470s.png,subject_default,,low,,0.05,0.04,0.0,0.1,"43,30,1086,549",success
v20,Python,48,480,C:\NCKH\VIDEO_LEARNING_RESEARCH\data\processed\ocr_best_integration\keyframes_roi\v20\v20_00480s.png,subject_default,,low,,0.05,0.04,0.0,0.1,"43,30,1086,549",success
v20,Python,49,490,C:\NCKH\VIDEO_LEARNING_RESEARCH\data\processed\ocr_best_integration\keyframes_roi\v20\v20_00490s.png,subject_default,,low,,0.05,0.04,0.0,0.1,"43,30,1086,549",success
v20,Python,50,500,C:\NCKH\VIDEO_LEARNING_RESEARCH\data\processed\ocr_best_integration\keyframes_roi\v20\v20_00500s.png,subject_default,,low,,0.05,0.04,0.0,0.1,"43,30,1086,549",success
v20,Python,51,510,C:\NCKH\VIDEO_LEARNING_RESEARCH\data\processed\ocr_best_integration\keyframes_roi\v20\v20_00510s.png,subject_default,,low,,0.05,0.04,0.0,0.1,"43,30,1086,549",success
v20,Python,52,520,C:\NCKH\VIDEO_LEARNING_RESEARCH\data\processed\ocr_best_integration\keyframes_roi\v20\v20_00520s.png,subject_default,,low,,0.05,0.04,0.0,0.1,"43,30,1086,549",success
v20,Python,53,530,C:\NCKH\VIDEO_LEARNING_RESEARCH\data\processed\ocr_best_integration\keyframes_roi\v20\v20_00530s.png,subject_default,,low,,0.05,0.04,0.0,0.1,"43,30,1086,549",success
v20,Python,54,540,C:\NCKH\VIDEO_LEARNING_RESEARCH\data\processed\ocr_best_integration\keyframes_roi\v20\v20_00540s.png,subject_default,,low,,0.05,0.04,0.0,0.1,"43,30,1086,549",success
v20,Python,55,550,C:\NCKH\VIDEO_LEARNING_RESEARCH\data\processed\ocr_best_integration\keyframes_roi\v20\v20_00550s.png,subject_default,,low,,0.05,0.04,0.0,0.1,"43,30,1086,549",success
v20,Python,56,560,C:\NCKH\VIDEO_LEARNING_RESEARCH\data\processed\ocr_best_integration\keyframes_roi\v20\v20_00560s.png,subject_default,,low,,0.05,0.04,0.0,0.1,"43,30,1086,549",success
v20,Python,57,570,C:\NCKH\VIDEO_LEARNING_RESEARCH\data\processed\ocr_best_integration\keyframes_roi\v20\v20_00570s.png,subject_default,,low,,0.05,0.04,0.0,0.1,"43,30,1086,549",success
v20,Python,58,580,C:\NCKH\VIDEO_LEARNING_RESEARCH\data\processed\ocr_best_integration\keyframes_roi\v20\v20_00580s.png,subject_default,,low,,0.05,0.04,0.0,0.1,"43,30,1086,549",success
v20,Python,59,590,C:\NCKH\VIDEO_LEARNING_RESEARCH\data\processed\ocr_best_integration\keyframes_roi\v20\v20_00590s.png,subject_default,,low,,0.05,0.04,0.0,0.1,"43,30,1086,549",success
v20,Python,60,600,C:\NCKH\VIDEO_LEARNING_RESEARCH\data\processed\ocr_best_integration\keyframes_roi\v20\v20_00600s.png,subject_default,,low,,0.05,0.04,0.0,0.1,"43,30,1086,549",success
v20,Python,61,610,C:\NCKH\VIDEO_LEARNING_RESEARCH\data\processed\ocr_best_integration\keyframes_roi\v20\v20_00610s.png,subject_default,,low,,0.05,0.04,0.0,0.1,"43,30,1086,549",success
v20,Python,62,620,C:\NCKH\VIDEO_LEARNING_RESEARCH\data\processed\ocr_best_integration\keyframes_roi\v20\v20_00620s.png,subject_default,,low,,0.05,0.04,0.0,0.1,"43,30,1086,549",success
v20,Python,63,630,C:\NCKH\VIDEO_LEARNING_RESEARCH\data\processed\ocr_best_integration\keyframes_roi\v20\v20_00630s.png,subject_default,,low,,0.05,0.04,0.0,0.1,"43,30,1086,549",success
v20,Python,64,640,C:\NCKH\VIDEO_LEARNING_RESEARCH\data\processed\ocr_best_integration\keyframes_roi\v20\v20_00640s.png,subject_default,,low,,0.05,0.04,0.0,0.1,"43,30,1086,549",success
v20,Python,65,650,C:\NCKH\VIDEO_LEARNING_RESEARCH\data\processed\ocr_best_integration\keyframes_roi\v20\v20_00650s.png,subject_default,,low,,0.05,0.04,0.0,0.1,"43,30,1086,549",success
v20,Python,66,660,C:\NCKH\VIDEO_LEARNING_RESEARCH\data\processed\ocr_best_integration\keyframes_roi\v20\v20_00660s.png,subject_default,,low,,0.05,0.04,0.0,0.1,"43,30,1086,549",success
v20,Python,67,670,C:\NCKH\VIDEO_LEARNING_RESEARCH\data\processed\ocr_best_integration\keyframes_roi\v20\v20_00670s.png,subject_default,,low,,0.05,0.04,0.0,0.1,"43,30,1086,549",success
v20,Python,68,680,C:\NCKH\VIDEO_LEARNING_RESEARCH\data\processed\ocr_best_integration\keyframes_roi\v20\v20_00680s.png,subject_default,,low,,0.05,0.04,0.0,0.1,"43,30,1086,549",success
v20,Python,69,690,C:\NCKH\VIDEO_LEARNING_RESEARCH\data\processed\ocr_best_integration\keyframes_roi\v20\v20_00690s.png,subject_default,,low,,0.05,0.04,0.0,0.1,"43,30,1086,549",success
v20,Python,70,700,C:\NCKH\VIDEO_LEARNING_RESEARCH\data\processed\ocr_best_integration\keyframes_roi\v20\v20_00700s.png,subject_default,,low,,0.05,0.04,0.0,0.1,"43,30,1086,549",success
v20,Python,71,710,C:\NCKH\VIDEO_LEARNING_RESEARCH\data\processed\ocr_best_integration\keyframes_roi\v20\v20_00710s.png,subject_default,,low,,0.05,0.04,0.0,0.1,"43,30,1086,549",success
v20,Python,72,720,C:\NCKH\VIDEO_LEARNING_RESEARCH\data\processed\ocr_best_integration\keyframes_roi\v20\v20_00720s.png,subject_default,,low,,0.05,0.04,0.0,0.1,"43,30,1086,549",success
v20,Python,73,730,C:\NCKH\VIDEO_LEARNING_RESEARCH\data\processed\ocr_best_integration\keyframes_roi\v20\v20_00730s.png,subject_default,,low,,0.05,0.04,0.0,0.1,"43,30,1086,549",success
v20,Python,74,740,C:\NCKH\VIDEO_LEARNING_RESEARCH\data\processed\ocr_best_integration\keyframes_roi\v20\v20_00740s.png,subject_default,,low,,0.05,0.04,0.0,0.1,"43,30,1086,549",success
v20,Python,75,750,C:\NCKH\VIDEO_LEARNING_RESEARCH\data\processed\ocr_best_integration\keyframes_roi\v20\v20_00750s.png,subject_default,,low,,0.05,0.04,0.0,0.1,"43,30,1086,549",success
v20,Python,76,760,C:\NCKH\VIDEO_LEARNING_RESEARCH\data\processed\ocr_best_integration\keyframes_roi\v20\v20_00760s.png,subject_default,,low,,0.05,0.04,0.0,0.1,"43,30,1086,549",success
v20,Python,77,770,C:\NCKH\VIDEO_LEARNING_RESEARCH\data\processed\ocr_best_integration\keyframes_roi\v20\v20_00770s.png,subject_default,,low,,0.05,0.04,0.0,0.1,"43,30,1086,549",success
v20,Python,78,780,C:\NCKH\VIDEO_LEARNING_RESEARCH\data\processed\ocr_best_integration\keyframes_roi\v20\v20_00780s.png,subject_default,,low,,0.05,0.04,0.0,0.1,"43,30,1086,549",success
v20,Python,79,790,C:\NCKH\VIDEO_LEARNING_RESEARCH\data\processed\ocr_best_integration\keyframes_roi\v20\v20_00790s.png,subject_default,,low,,0.05,0.04,0.0,0.1,"43,30,1086,549",success
v20,Python,80,800,C:\NCKH\VIDEO_LEARNING_RESEARCH\data\processed\ocr_best_integration\keyframes_roi\v20\v20_00800s.png,subject_default,,low,,0.05,0.04,0.0,0.1,"43,30,1086,549",success
v20,Python,81,810,C:\NCKH\VIDEO_LEARNING_RESEARCH\data\processed\ocr_best_integration\keyframes_roi\v20\v20_00810s.png,subject_default,,low,,0.05,0.04,0.0,0.1,"43,30,1086,549",success
v20,Python,82,820,C:\NCKH\VIDEO_LEARNING_RESEARCH\data\processed\ocr_best_integration\keyframes_roi\v20\v20_00820s.png,subject_default,,low,,0.05,0.04,0.0,0.1,"43,30,1086,549",success
v20,Python,83,830,C:\NCKH\VIDEO_LEARNING_RESEARCH\data\processed\ocr_best_integration\keyframes_roi\v20\v20_00830s.png,subject_default,,low,,0.05,0.04,0.0,0.1,"43,30,1086,549",success
v20,Python,84,840,C:\NCKH\VIDEO_LEARNING_RESEARCH\data\processed\ocr_best_integration\keyframes_roi\v20\v20_00840s.png,subject_default,,low,,0.05,0.04,0.0,0.1,"43,30,1086,549",success
v20,Python,85,850,C:\NCKH\VIDEO_LEARNING_RESEARCH\data\processed\ocr_best_integration\keyframes_roi\v20\v20_00850s.png,subject_default,,low,,0.05,0.04,0.0,0.1,"43,30,1086,549",success
v20,Python,86,860,C:\NCKH\VIDEO_LEARNING_RESEARCH\data\processed\ocr_best_integration\keyframes_roi\v20\v20_00860s.png,subject_default,,low,,0.05,0.04,0.0,0.1,"43,30,1086,549",success
v20,Python,87,870,C:\NCKH\VIDEO_LEARNING_RESEARCH\data\processed\ocr_best_integration\keyframes_roi\v20\v20_00870s.png,subject_default,,low,,0.05,0.04,0.0,0.1,"43,30,1086,549",success
v20,Python,88,880,C:\NCKH\VIDEO_LEARNING_RESEARCH\data\processed\ocr_best_integration\keyframes_roi\v20\v20_00880s.png,subject_default,,low,,0.05,0.04,0.0,0.1,"43,30,1086,549",success
v20,Python,89,890,C:\NCKH\VIDEO_LEARNING_RESEARCH\data\processed\ocr_best_integration\keyframes_roi\v20\v20_00890s.png,subject_default,,low,,0.05,0.04,0.0,0.1,"43,30,1086,549",success
v20,Python,90,900,C:\NCKH\VIDEO_LEARNING_RESEARCH\data\processed\ocr_best_integration\keyframes_roi\v20\v20_00900s.png,subject_default,,low,,0.05,0.04,0.0,0.1,"43,30,1086,549",success
v20,Python,91,910,C:\NCKH\VIDEO_LEARNING_RESEARCH\data\processed\ocr_best_integration\keyframes_roi\v20\v20_00910s.png,subject_default,,low,,0.05,0.04,0.0,0.1,"43,30,1086,549",success
v20,Python,92,920,C:\NCKH\VIDEO_LEARNING_RESEARCH\data\processed\ocr_best_integration\keyframes_roi\v20\v20_00920s.png,subject_default,,low,,0.05,0.04,0.0,0.1,"43,30,1086,549",success
v20,Python,93,930,C:\NCKH\VIDEO_LEARNING_RESEARCH\data\processed\ocr_best_integration\keyframes_roi\v20\v20_00930s.png,subject_default,,low,,0.05,0.04,0.0,0.1,"43,30,1086,549",success
v20,Python,94,940,C:\NCKH\VIDEO_LEARNING_RESEARCH\data\processed\ocr_best_integration\keyframes_roi\v20\v20_00940s.png,subject_default,,low,,0.05,0.04,0.0,0.1,"43,30,1086,549",success
v20,Python,95,950,C:\NCKH\VIDEO_LEARNING_RESEARCH\data\processed\ocr_best_integration\keyframes_roi\v20\v20_00950s.png,subject_default,,low,,0.05,0.04,0.0,0.1,"43,30,1086,549",success
v20,Python,96,960,C:\NCKH\VIDEO_LEARNING_RESEARCH\data\processed\ocr_best_integration\keyframes_roi\v20\v20_00960s.png,subject_default,,low,,0.05,0.04,0.0,0.1,"43,30,1086,549",success
v20,Python,97,970,C:\NCKH\VIDEO_LEARNING_RESEARCH\data\processed\ocr_best_integration\keyframes_roi\v20\v20_00970s.png,subject_default,,low,,0.05,0.04,0.0,0.1,"43,30,1086,549",success
v20,Python,98,980,C:\NCKH\VIDEO_LEARNING_RESEARCH\data\processed\ocr_best_integration\keyframes_roi\v20\v20_00980s.png,subject_default,,low,,0.05,0.04,0.0,0.1,"43,30,1086,549",success
v20,Python,99,990,C:\NCKH\VIDEO_LEARNING_RESEARCH\data\processed\ocr_best_integration\keyframes_roi\v20\v20_00990s.png,subject_default,,low,,0.05,0.04,0.0,0.1,"43,30,1086,549",success
v20,Python,100,1000,C:\NCKH\VIDEO_LEARNING_RESEARCH\data\processed\ocr_best_integration\keyframes_roi\v20\v20_01000s.png,subject_default,,low,,0.05,0.04,0.0,0.1,"43,30,1086,549",success
v20,Python,101,1010,C:\NCKH\VIDEO_LEARNING_RESEARCH\data\processed\ocr_best_integration\keyframes_roi\v20\v20_01010s.png,subject_default,,low,,0.05,0.04,0.0,0.1,"43,30,1086,549",success
v20,Python,102,1020,C:\NCKH\VIDEO_LEARNING_RESEARCH\data\processed\ocr_best_integration\keyframes_roi\v20\v20_01020s.png,subject_default,,low,,0.05,0.04,0.0,0.1,"43,30,1086,549",success
v20,Python,103,1030,C:\NCKH\VIDEO_LEARNING_RESEARCH\data\processed\ocr_best_integration\keyframes_roi\v20\v20_01030s.png,subject_default,,low,,0.05,0.04,0.0,0.1,"43,30,1086,549",success
v20,Python,104,1040,C:\NCKH\VIDEO_LEARNING_RESEARCH\data\processed\ocr_best_integration\keyframes_roi\v20\v20_01040s.png,subject_default,,low,,0.05,0.04,0.0,0.1,"43,30,1086,549",success
v20,Python,105,1050,C:\NCKH\VIDEO_LEARNING_RESEARCH\data\processed\ocr_best_integration\keyframes_roi\v20\v20_01050s.png,subject_default,,low,,0.05,0.04,0.0,0.1,"43,30,1086,549",success
v20,Python,106,1060,C:\NCKH\VIDEO_LEARNING_RESEARCH\data\processed\ocr_best_integration\keyframes_roi\v20\v20_01060s.png,subject_default,,low,,0.05,0.04,0.0,0.1,"43,30,1086,549",success
v20,Python,107,1070,C:\NCKH\VIDEO_LEARNING_RESEARCH\data\processed\ocr_best_integration\keyframes_roi\v20\v20_01070s.png,subject_default,,low,,0.05,0.04,0.0,0.1,"43,30,1086,549",success
v20,Python,108,1080,C:\NCKH\VIDEO_LEARNING_RESEARCH\data\processed\ocr_best_integration\keyframes_roi\v20\v20_01080s.png,subject_default,,low,,0.05,0.04,0.0,0.1,"43,30,1086,549",success
v20,Python,109,1090,C:\NCKH\VIDEO_LEARNING_RESEARCH\data\processed\ocr_best_integration\keyframes_roi\v20\v20_01090s.png,subject_default,,low,,0.05,0.04,0.0,0.1,"43,30,1086,549",success
v20,Python,110,1100,C:\NCKH\VIDEO_LEARNING_RESEARCH\data\processed\ocr_best_integration\keyframes_roi\v20\v20_01100s.png,subject_default,,low,,0.05,0.04,0.0,0.1,"43,30,1086,549",success
v20,Python,111,1110,C:\NCKH\VIDEO_LEARNING_RESEARCH\data\processed\ocr_best_integration\keyframes_roi\v20\v20_01110s.png,subject_default,,low,,0.05,0.04,0.0,0.1,"43,30,1086,549",success
v20,Python,112,1120,C:\NCKH\VIDEO_LEARNING_RESEARCH\data\processed\ocr_best_integration\keyframes_roi\v20\v20_01120s.png,subject_default,,low,,0.05,0.04,0.0,0.1,"43,30,1086,549",success
v20,Python,113,1130,C:\NCKH\VIDEO_LEARNING_RESEARCH\data\processed\ocr_best_integration\keyframes_roi\v20\v20_01130s.png,subject_default,,low,,0.05,0.04,0.0,0.1,"43,30,1086,549",success
v20,Python,114,1140,C:\NCKH\VIDEO_LEARNING_RESEARCH\data\processed\ocr_best_integration\keyframes_roi\v20\v20_01140s.png,subject_default,,low,,0.05,0.04,0.0,0.1,"43,30,1086,549",success
v20,Python,115,1150,C:\NCKH\VIDEO_LEARNING_RESEARCH\data\processed\ocr_best_integration\keyframes_roi\v20\v20_01150s.png,subject_default,,low,,0.05,0.04,0.0,0.1,"43,30,1086,549",success
v20,Python,116,1160,C:\NCKH\VIDEO_LEARNING_RESEARCH\data\processed\ocr_best_integration\keyframes_roi\v20\v20_01160s.png,subject_default,,low,,0.05,0.04,0.0,0.1,"43,30,1086,549",success
v20,Python,117,1170,C:\NCKH\VIDEO_LEARNING_RESEARCH\data\processed\ocr_best_integration\keyframes_roi\v20\v20_01170s.png,subject_default,,low,,0.05,0.04,0.0,0.1,"43,30,1086,549",success
v20,Python,118,1180,C:\NCKH\VIDEO_LEARNING_RESEARCH\data\processed\ocr_best_integration\keyframes_roi\v20\v20_01180s.png,subject_default,,low,,0.05,0.04,0.0,0.1,"43,30,1086,549",success
v20,Python,119,1190,C:\NCKH\VIDEO_LEARNING_RESEARCH\data\processed\ocr_best_integration\keyframes_roi\v20\v20_01190s.png,subject_default,,low,,0.05,0.04,0.0,0.1,"43,30,1086,549",success
v20,Python,120,1200,C:\NCKH\VIDEO_LEARNING_RESEARCH\data\processed\ocr_best_integration\keyframes_roi\v20\v20_01200s.png,subject_default,,low,,0.05,0.04,0.0,0.1,"43,30,1086,549",success
v20,Python,121,1210,C:\NCKH\VIDEO_LEARNING_RESEARCH\data\processed\ocr_best_integration\keyframes_roi\v20\v20_01210s.png,subject_default,,low,,0.05,0.04,0.0,0.1,"43,30,1086,549",success
v20,Python,122,1220,C:\NCKH\VIDEO_LEARNING_RESEARCH\data\processed\ocr_best_integration\keyframes_roi\v20\v20_01220s.png,subject_default,,low,,0.05,0.04,0.0,0.1,"43,30,1086,549",success
v20,Python,123,1230,C:\NCKH\VIDEO_LEARNING_RESEARCH\data\processed\ocr_best_integration\keyframes_roi\v20\v20_01230s.png,subject_default,,low,,0.05,0.04,0.0,0.1,"43,30,1086,549",success
v21,Python,0,0,C:\NCKH\VIDEO_LEARNING_RESEARCH\data\processed\ocr_best_integration\keyframes_roi\v21\v21_00000s.png,subject_default,,low,,0.05,0.04,0.0,0.1,"43,30,1086,549",success
v21,Python,1,10,C:\NCKH\VIDEO_LEARNING_RESEARCH\data\processed\ocr_best_integration\keyframes_roi\v21\v21_00010s.png,context,vscode,high,ln_col_status;encoding_status;eol_status,0.05,0.04,0.0,0.12,"43,30,1086,537",success
v21,Python,2,20,C:\NCKH\VIDEO_LEARNING_RESEARCH\data\processed\ocr_best_integration\keyframes_roi\v21\v21_00020s.png,subject_default,vscode,low,eol_status,0.05,0.04,0.0,0.1,"43,30,1086,549",success
v21,Python,3,30,C:\NCKH\VIDEO_LEARNING_RESEARCH\data\processed\ocr_best_integration\keyframes_roi\v21\v21_00030s.png,context,vscode,high,encoding_status;eol_status,0.05,0.04,0.0,0.12,"43,30,1086,537",success
v21,Python,4,40,C:\NCKH\VIDEO_LEARNING_RESEARCH\data\processed\ocr_best_integration\keyframes_roi\v21\v21_00040s.png,context,vscode,high,ln_col_status;encoding_status;eol_status,0.05,0.04,0.0,0.12,"43,30,1086,537",success
v21,Python,5,50,C:\NCKH\VIDEO_LEARNING_RESEARCH\data\processed\ocr_best_integration\keyframes_roi\v21\v21_00050s.png,context,vscode,high,ln_col_status;eol_status,0.05,0.04,0.0,0.12,"43,30,1086,537",success
v21,Python,6,60,C:\NCKH\VIDEO_LEARNING_RESEARCH\data\processed\ocr_best_integration\keyframes_roi\v21\v21_00060s.png,context,vscode,high,ln_col_status;encoding_status;eol_status,0.05,0.04,0.0,0.12,"43,30,1086,537",success
v21,Python,7,70,C:\NCKH\VIDEO_LEARNING_RESEARCH\data\processed\ocr_best_integration\keyframes_roi\v21\v21_00070s.png,context,vscode,high,ln_col_status;encoding_status;eol_status,0.05,0.04,0.0,0.12,"43,30,1086,537",success
v21,Python,8,80,C:\NCKH\VIDEO_LEARNING_RESEARCH\data\processed\ocr_best_integration\keyframes_roi\v21\v21_00080s.png,context,vscode,high,ln_col_status;eol_status,0.05,0.04,0.0,0.12,"43,30,1086,537",success
v21,Python,9,90,C:\NCKH\VIDEO_LEARNING_RESEARCH\data\processed\ocr_best_integration\keyframes_roi\v21\v21_00090s.png,subject_default,,low,,0.05,0.04,0.0,0.1,"43,30,1086,549",success
v21,Python,10,100,C:\NCKH\VIDEO_LEARNING_RESEARCH\data\processed\ocr_best_integration\keyframes_roi\v21\v21_00100s.png,subject_default,,low,,0.05,0.04,0.0,0.1,"43,30,1086,549",success
v21,Python,11,110,C:\NCKH\VIDEO_LEARNING_RESEARCH\data\processed\ocr_best_integration\keyframes_roi\v21\v21_00110s.png,subject_default,,low,,0.05,0.04,0.0,0.1,"43,30,1086,549",success
v21,Python,12,120,C:\NCKH\VIDEO_LEARNING_RESEARCH\data\processed\ocr_best_integration\keyframes_roi\v21\v21_00120s.png,subject_default,,low,,0.05,0.04,0.0,0.1,"43,30,1086,549",success
v21,Python,13,130,C:\NCKH\VIDEO_LEARNING_RESEARCH\data\processed\ocr_best_integration\keyframes_roi\v21\v21_00130s.png,subject_default,,low,,0.05,0.04,0.0,0.1,"43,30,1086,549",success
v21,Python,14,140,C:\NCKH\VIDEO_LEARNING_RESEARCH\data\processed\ocr_best_integration\keyframes_roi\v21\v21_00140s.png,subject_default,,low,,0.05,0.04,0.0,0.1,"43,30,1086,549",success
v21,Python,15,150,C:\NCKH\VIDEO_LEARNING_RESEARCH\data\processed\ocr_best_integration\keyframes_roi\v21\v21_00150s.png,subject_default,,low,,0.05,0.04,0.0,0.1,"43,30,1086,549",success
v21,Python,16,160,C:\NCKH\VIDEO_LEARNING_RESEARCH\data\processed\ocr_best_integration\keyframes_roi\v21\v21_00160s.png,subject_default,,low,,0.05,0.04,0.0,0.1,"43,30,1086,549",success
v21,Python,17,170,C:\NCKH\VIDEO_LEARNING_RESEARCH\data\processed\ocr_best_integration\keyframes_roi\v21\v21_00170s.png,subject_default,,low,,0.05,0.04,0.0,0.1,"43,30,1086,549",success
v21,Python,18,180,C:\NCKH\VIDEO_LEARNING_RESEARCH\data\processed\ocr_best_integration\keyframes_roi\v21\v21_00180s.png,subject_default,,low,,0.05,0.04,0.0,0.1,"43,30,1086,549",success
v21,Python,19,190,C:\NCKH\VIDEO_LEARNING_RESEARCH\data\processed\ocr_best_integration\keyframes_roi\v21\v21_00190s.png,subject_default,,low,,0.05,0.04,0.0,0.1,"43,30,1086,549",success
v21,Python,20,200,C:\NCKH\VIDEO_LEARNING_RESEARCH\data\processed\ocr_best_integration\keyframes_roi\v21\v21_00200s.png,subject_default,,low,,0.05,0.04,0.0,0.1,"43,30,1086,549",success
v21,Python,21,210,C:\NCKH\VIDEO_LEARNING_RESEARCH\data\processed\ocr_best_integration\keyframes_roi\v21\v21_00210s.png,subject_default,,low,,0.05,0.04,0.0,0.1,"43,30,1086,549",success
v21,Python,22,220,C:\NCKH\VIDEO_LEARNING_RESEARCH\data\processed\ocr_best_integration\keyframes_roi\v21\v21_00220s.png,subject_default,,low,,0.05,0.04,0.0,0.1,"43,30,1086,549",success
v21,Python,23,230,C:\NCKH\VIDEO_LEARNING_RESEARCH\data\processed\ocr_best_integration\keyframes_roi\v21\v21_00230s.png,subject_default,,low,,0.05,0.04,0.0,0.1,"43,30,1086,549",success
v21,Python,24,240,C:\NCKH\VIDEO_LEARNING_RESEARCH\data\processed\ocr_best_integration\keyframes_roi\v21\v21_00240s.png,subject_default,,low,,0.05,0.04,0.0,0.1,"43,30,1086,549",success
v21,Python,25,250,C:\NCKH\VIDEO_LEARNING_RESEARCH\data\processed\ocr_best_integration\keyframes_roi\v21\v21_00250s.png,subject_default,,low,,0.05,0.04,0.0,0.1,"43,30,1086,549",success
v21,Python,26,260,C:\NCKH\VIDEO_LEARNING_RESEARCH\data\processed\ocr_best_integration\keyframes_roi\v21\v21_00260s.png,subject_default,,low,,0.05,0.04,0.0,0.1,"43,30,1086,549",success
v21,Python,27,270,C:\NCKH\VIDEO_LEARNING_RESEARCH\data\processed\ocr_best_integration\keyframes_roi\v21\v21_00270s.png,subject_default,,low,,0.05,0.04,0.0,0.1,"43,30,1086,549",success
v21,Python,28,280,C:\NCKH\VIDEO_LEARNING_RESEARCH\data\processed\ocr_best_integration\keyframes_roi\v21\v21_00280s.png,subject_default,,low,,0.05,0.04,0.0,0.1,"43,30,1086,549",success
v21,Python,29,290,C:\NCKH\VIDEO_LEARNING_RESEARCH\data\processed\ocr_best_integration\keyframes_roi\v21\v21_00290s.png,subject_default,,low,,0.05,0.04,0.0,0.1,"43,30,1086,549",success
v21,Python,30,300,C:\NCKH\VIDEO_LEARNING_RESEARCH\data\processed\ocr_best_integration\keyframes_roi\v21\v21_00300s.png,subject_default,,low,,0.05,0.04,0.0,0.1,"43,30,1086,549",success
v21,Python,31,310,C:\NCKH\VIDEO_LEARNING_RESEARCH\data\processed\ocr_best_integration\keyframes_roi\v21\v21_00310s.png,subject_default,,low,,0.05,0.04,0.0,0.1,"43,30,1086,549",success
v21,Python,32,320,C:\NCKH\VIDEO_LEARNING_RESEARCH\data\processed\ocr_best_integration\keyframes_roi\v21\v21_00320s.png,subject_default,,low,,0.05,0.04,0.0,0.1,"43,30,1086,549",success
v21,Python,33,330,C:\NCKH\VIDEO_LEARNING_RESEARCH\data\processed\ocr_best_integration\keyframes_roi\v21\v21_00330s.png,subject_default,,low,,0.05,0.04,0.0,0.1,"43,30,1086,549",success
v21,Python,34,340,C:\NCKH\VIDEO_LEARNING_RESEARCH\data\processed\ocr_best_integration\keyframes_roi\v21\v21_00340s.png,subject_default,,low,,0.05,0.04,0.0,0.1,"43,30,1086,549",success
v21,Python,35,350,C:\NCKH\VIDEO_LEARNING_RESEARCH\data\processed\ocr_best_integration\keyframes_roi\v21\v21_00350s.png,subject_default,,low,,0.05,0.04,0.0,0.1,"43,30,1086,549",success
v21,Python,36,360,C:\NCKH\VIDEO_LEARNING_RESEARCH\data\processed\ocr_best_integration\keyframes_roi\v21\v21_00360s.png,subject_default,,low,,0.05,0.04,0.0,0.1,"43,30,1086,549",success
v21,Python,37,370,C:\NCKH\VIDEO_LEARNING_RESEARCH\data\processed\ocr_best_integration\keyframes_roi\v21\v21_00370s.png,subject_default,,low,,0.05,0.04,0.0,0.1,"43,30,1086,549",success
v21,Python,38,380,C:\NCKH\VIDEO_LEARNING_RESEARCH\data\processed\ocr_best_integration\keyframes_roi\v21\v21_00380s.png,subject_default,,low,,0.05,0.04,0.0,0.1,"43,30,1086,549",success
v21,Python,39,390,C:\NCKH\VIDEO_LEARNING_RESEARCH\data\processed\ocr_best_integration\keyframes_roi\v21\v21_00390s.png,subject_default,,low,,0.05,0.04,0.0,0.1,"43,30,1086,549",success
v21,Python,40,400,C:\NCKH\VIDEO_LEARNING_RESEARCH\data\processed\ocr_best_integration\keyframes_roi\v21\v21_00400s.png,subject_default,,low,,0.05,0.04,0.0,0.1,"43,30,1086,549",success
v21,Python,41,410,C:\NCKH\VIDEO_LEARNING_RESEARCH\data\processed\ocr_best_integration\keyframes_roi\v21\v21_00410s.png,subject_default,,low,,0.05,0.04,0.0,0.1,"43,30,1086,549",success
v21,Python,42,420,C:\NCKH\VIDEO_LEARNING_RESEARCH\data\processed\ocr_best_integration\keyframes_roi\v21\v21_00420s.png,subject_default,,low,,0.05,0.04,0.0,0.1,"43,30,1086,549",success
v21,Python,43,430,C:\NCKH\VIDEO_LEARNING_RESEARCH\data\processed\ocr_best_integration\keyframes_roi\v21\v21_00430s.png,subject_default,,low,,0.05,0.04,0.0,0.1,"43,30,1086,549",success
v21,Python,44,440,C:\NCKH\VIDEO_LEARNING_RESEARCH\data\processed\ocr_best_integration\keyframes_roi\v21\v21_00440s.png,subject_default,,low,,0.05,0.04,0.0,0.1,"43,30,1086,549",success
v21,Python,45,450,C:\NCKH\VIDEO_LEARNING_RESEARCH\data\processed\ocr_best_integration\keyframes_roi\v21\v21_00450s.png,subject_default,,low,,0.05,0.04,0.0,0.1,"43,30,1086,549",success
v21,Python,46,460,C:\NCKH\VIDEO_LEARNING_RESEARCH\data\processed\ocr_best_integration\keyframes_roi\v21\v21_00460s.png,subject_default,,low,,0.05,0.04,0.0,0.1,"43,30,1086,549",success
v21,Python,47,470,C:\NCKH\VIDEO_LEARNING_RESEARCH\data\processed\ocr_best_integration\keyframes_roi\v21\v21_00470s.png,subject_default,,low,,0.05,0.04,0.0,0.1,"43,30,1086,549",success
v21,Python,48,480,C:\NCKH\VIDEO_LEARNING_RESEARCH\data\processed\ocr_best_integration\keyframes_roi\v21\v21_00480s.png,subject_default,,low,,0.05,0.04,0.0,0.1,"43,30,1086,549",success
v21,Python,49,490,C:\NCKH\VIDEO_LEARNING_RESEARCH\data\processed\ocr_best_integration\keyframes_roi\v21\v21_00490s.png,subject_default,,low,,0.05,0.04,0.0,0.1,"43,30,1086,549",success
v21,Python,50,500,C:\NCKH\VIDEO_LEARNING_RESEARCH\data\processed\ocr_best_integration\keyframes_roi\v21\v21_00500s.png,subject_default,,low,,0.05,0.04,0.0,0.1,"43,30,1086,549",success
v21,Python,51,510,C:\NCKH\VIDEO_LEARNING_RESEARCH\data\processed\ocr_best_integration\keyframes_roi\v21\v21_00510s.png,subject_default,,low,,0.05,0.04,0.0,0.1,"43,30,1086,549",success
v21,Python,52,520,C:\NCKH\VIDEO_LEARNING_RESEARCH\data\processed\ocr_best_integration\keyframes_roi\v21\v21_00520s.png,subject_default,,low,,0.05,0.04,0.0,0.1,"43,30,1086,549",success
v21,Python,53,530,C:\NCKH\VIDEO_LEARNING_RESEARCH\data\processed\ocr_best_integration\keyframes_roi\v21\v21_00530s.png,subject_default,,low,,0.05,0.04,0.0,0.1,"43,30,1086,549",success
v21,Python,54,540,C:\NCKH\VIDEO_LEARNING_RESEARCH\data\processed\ocr_best_integration\keyframes_roi\v21\v21_00540s.png,subject_default,,low,,0.05,0.04,0.0,0.1,"43,30,1086,549",success
v21,Python,55,550,C:\NCKH\VIDEO_LEARNING_RESEARCH\data\processed\ocr_best_integration\keyframes_roi\v21\v21_00550s.png,subject_default,,low,,0.05,0.04,0.0,0.1,"43,30,1086,549",success
v21,Python,56,560,C:\NCKH\VIDEO_LEARNING_RESEARCH\data\processed\ocr_best_integration\keyframes_roi\v21\v21_00560s.png,subject_default,,low,,0.05,0.04,0.0,0.1,"43,30,1086,549",success
v21,Python,57,570,C:\NCKH\VIDEO_LEARNING_RESEARCH\data\processed\ocr_best_integration\keyframes_roi\v21\v21_00570s.png,subject_default,,low,,0.05,0.04,0.0,0.1,"43,30,1086,549",success
v21,Python,58,580,C:\NCKH\VIDEO_LEARNING_RESEARCH\data\processed\ocr_best_integration\keyframes_roi\v21\v21_00580s.png,subject_default,,low,,0.05,0.04,0.0,0.1,"43,30,1086,549",success
v21,Python,59,590,C:\NCKH\VIDEO_LEARNING_RESEARCH\data\processed\ocr_best_integration\keyframes_roi\v21\v21_00590s.png,subject_default,,low,,0.05,0.04,0.0,0.1,"43,30,1086,549",success
v21,Python,60,600,C:\NCKH\VIDEO_LEARNING_RESEARCH\data\processed\ocr_best_integration\keyframes_roi\v21\v21_00600s.png,subject_default,,low,,0.05,0.04,0.0,0.1,"43,30,1086,549",success
v21,Python,61,610,C:\NCKH\VIDEO_LEARNING_RESEARCH\data\processed\ocr_best_integration\keyframes_roi\v21\v21_00610s.png,subject_default,,low,,0.05,0.04,0.0,0.1,"43,30,1086,549",success
v21,Python,62,620,C:\NCKH\VIDEO_LEARNING_RESEARCH\data\processed\ocr_best_integration\keyframes_roi\v21\v21_00620s.png,subject_default,,low,,0.05,0.04,0.0,0.1,"43,30,1086,549",success
v21,Python,63,630,C:\NCKH\VIDEO_LEARNING_RESEARCH\data\processed\ocr_best_integration\keyframes_roi\v21\v21_00630s.png,subject_default,,low,,0.05,0.04,0.0,0.1,"43,30,1086,549",success
v21,Python,64,640,C:\NCKH\VIDEO_LEARNING_RESEARCH\data\processed\ocr_best_integration\keyframes_roi\v21\v21_00640s.png,subject_default,,low,,0.05,0.04,0.0,0.1,"43,30,1086,549",success
v21,Python,65,650,C:\NCKH\VIDEO_LEARNING_RESEARCH\data\processed\ocr_best_integration\keyframes_roi\v21\v21_00650s.png,subject_default,,low,,0.05,0.04,0.0,0.1,"43,30,1086,549",success
v21,Python,66,660,C:\NCKH\VIDEO_LEARNING_RESEARCH\data\processed\ocr_best_integration\keyframes_roi\v21\v21_00660s.png,subject_default,,low,,0.05,0.04,0.0,0.1,"43,30,1086,549",success
v21,Python,67,670,C:\NCKH\VIDEO_LEARNING_RESEARCH\data\processed\ocr_best_integration\keyframes_roi\v21\v21_00670s.png,subject_default,,low,,0.05,0.04,0.0,0.1,"43,30,1086,549",success
v21,Python,68,680,C:\NCKH\VIDEO_LEARNING_RESEARCH\data\processed\ocr_best_integration\keyframes_roi\v21\v21_00680s.png,subject_default,,low,,0.05,0.04,0.0,0.1,"43,30,1086,549",success
v21,Python,69,690,C:\NCKH\VIDEO_LEARNING_RESEARCH\data\processed\ocr_best_integration\keyframes_roi\v21\v21_00690s.png,subject_default,,low,,0.05,0.04,0.0,0.1,"43,30,1086,549",success
v21,Python,70,700,C:\NCKH\VIDEO_LEARNING_RESEARCH\data\processed\ocr_best_integration\keyframes_roi\v21\v21_00700s.png,subject_default,,low,,0.05,0.04,0.0,0.1,"43,30,1086,549",success
v21,Python,71,710,C:\NCKH\VIDEO_LEARNING_RESEARCH\data\processed\ocr_best_integration\keyframes_roi\v21\v21_00710s.png,subject_default,,low,,0.05,0.04,0.0,0.1,"43,30,1086,549",success
v21,Python,72,720,C:\NCKH\VIDEO_LEARNING_RESEARCH\data\processed\ocr_best_integration\keyframes_roi\v21\v21_00720s.png,subject_default,,low,,0.05,0.04,0.0,0.1,"43,30,1086,549",success
v21,Python,73,730,C:\NCKH\VIDEO_LEARNING_RESEARCH\data\processed\ocr_best_integration\keyframes_roi\v21\v21_00730s.png,subject_default,,low,,0.05,0.04,0.0,0.1,"43,30,1086,549",success
v21,Python,74,740,C:\NCKH\VIDEO_LEARNING_RESEARCH\data\processed\ocr_best_integration\keyframes_roi\v21\v21_00740s.png,subject_default,,low,,0.05,0.04,0.0,0.1,"43,30,1086,549",success
v21,Python,75,750,C:\NCKH\VIDEO_LEARNING_RESEARCH\data\processed\ocr_best_integration\keyframes_roi\v21\v21_00750s.png,subject_default,,low,,0.05,0.04,0.0,0.1,"43,30,1086,549",success
v21,Python,76,760,C:\NCKH\VIDEO_LEARNING_RESEARCH\data\processed\ocr_best_integration\keyframes_roi\v21\v21_00760s.png,subject_default,,low,,0.05,0.04,0.0,0.1,"43,30,1086,549",success
v21,Python,77,770,C:\NCKH\VIDEO_LEARNING_RESEARCH\data\processed\ocr_best_integration\keyframes_roi\v21\v21_00770s.png,subject_default,,low,,0.05,0.04,0.0,0.1,"43,30,1086,549",success
v21,Python,78,780,C:\NCKH\VIDEO_LEARNING_RESEARCH\data\processed\ocr_best_integration\keyframes_roi\v21\v21_00780s.png,subject_default,,low,,0.05,0.04,0.0,0.1,"43,30,1086,549",success
v21,Python,79,790,C:\NCKH\VIDEO_LEARNING_RESEARCH\data\processed\ocr_best_integration\keyframes_roi\v21\v21_00790s.png,subject_default,,low,,0.05,0.04,0.0,0.1,"43,30,1086,549",success
v21,Python,80,800,C:\NCKH\VIDEO_LEARNING_RESEARCH\data\processed\ocr_best_integration\keyframes_roi\v21\v21_00800s.png,subject_default,,low,,0.05,0.04,0.0,0.1,"43,30,1086,549",success
v21,Python,81,810,C:\NCKH\VIDEO_LEARNING_RESEARCH\data\processed\ocr_best_integration\keyframes_roi\v21\v21_00810s.png,subject_default,,low,,0.05,0.04,0.0,0.1,"43,30,1086,549",success
v21,Python,82,820,C:\NCKH\VIDEO_LEARNING_RESEARCH\data\processed\ocr_best_integration\keyframes_roi\v21\v21_00820s.png,subject_default,,low,,0.05,0.04,0.0,0.1,"43,30,1086,549",success
v21,Python,83,830,C:\NCKH\VIDEO_LEARNING_RESEARCH\data\processed\ocr_best_integration\keyframes_roi\v21\v21_00830s.png,subject_default,,low,,0.05,0.04,0.0,0.1,"43,30,1086,549",success
v21,Python,84,840,C:\NCKH\VIDEO_LEARNING_RESEARCH\data\processed\ocr_best_integration\keyframes_roi\v21\v21_00840s.png,subject_default,,low,,0.05,0.04,0.0,0.1,"43,30,1086,549",success
v21,Python,85,850,C:\NCKH\VIDEO_LEARNING_RESEARCH\data\processed\ocr_best_integration\keyframes_roi\v21\v21_00850s.png,subject_default,,low,,0.05,0.04,0.0,0.1,"43,30,1086,549",success
v21,Python,86,860,C:\NCKH\VIDEO_LEARNING_RESEARCH\data\processed\ocr_best_integration\keyframes_roi\v21\v21_00860s.png,subject_default,,low,,0.05,0.04,0.0,0.1,"43,30,1086,549",success
v21,Python,87,870,C:\NCKH\VIDEO_LEARNING_RESEARCH\data\processed\ocr_best_integration\keyframes_roi\v21\v21_00870s.png,subject_default,,low,,0.05,0.04,0.0,0.1,"43,30,1086,549",success
v21,Python,88,880,C:\NCKH\VIDEO_LEARNING_RESEARCH\data\processed\ocr_best_integration\keyframes_roi\v21\v21_00880s.png,subject_default,,low,,0.05,0.04,0.0,0.1,"43,30,1086,549",success
v21,Python,89,890,C:\NCKH\VIDEO_LEARNING_RESEARCH\data\processed\ocr_best_integration\keyframes_roi\v21\v21_00890s.png,subject_default,,low,,0.05,0.04,0.0,0.1,"43,30,1086,549",success
v21,Python,90,900,C:\NCKH\VIDEO_LEARNING_RESEARCH\data\processed\ocr_best_integration\keyframes_roi\v21\v21_00900s.png,subject_default,,low,,0.05,0.04,0.0,0.1,"43,30,1086,549",success
v21,Python,91,910,C:\NCKH\VIDEO_LEARNING_RESEARCH\data\processed\ocr_best_integration\keyframes_roi\v21\v21_00910s.png,subject_default,,low,,0.05,0.04,0.0,0.1,"43,30,1086,549",success
v21,Python,92,920,C:\NCKH\VIDEO_LEARNING_RESEARCH\data\processed\ocr_best_integration\keyframes_roi\v21\v21_00920s.png,subject_default,,low,,0.05,0.04,0.0,0.1,"43,30,1086,549",success
v21,Python,93,930,C:\NCKH\VIDEO_LEARNING_RESEARCH\data\processed\ocr_best_integration\keyframes_roi\v21\v21_00930s.png,subject_default,,low,,0.05,0.04,0.0,0.1,"43,30,1086,549",success
v21,Python,94,940,C:\NCKH\VIDEO_LEARNING_RESEARCH\data\processed\ocr_best_integration\keyframes_roi\v21\v21_00940s.png,subject_default,,low,,0.05,0.04,0.0,0.1,"43,30,1086,549",success
v21,Python,95,950,C:\NCKH\VIDEO_LEARNING_RESEARCH\data\processed\ocr_best_integration\keyframes_roi\v21\v21_00950s.png,subject_default,,low,,0.05,0.04,0.0,0.1,"43,30,1086,549",success
v21,Python,96,960,C:\NCKH\VIDEO_LEARNING_RESEARCH\data\processed\ocr_best_integration\keyframes_roi\v21\v21_00960s.png,subject_default,,low,,0.05,0.04,0.0,0.1,"43,30,1086,549",success
v21,Python,97,970,C:\NCKH\VIDEO_LEARNING_RESEARCH\data\processed\ocr_best_integration\keyframes_roi\v21\v21_00970s.png,subject_default,,low,,0.05,0.04,0.0,0.1,"43,30,1086,549",success
v21,Python,98,980,C:\NCKH\VIDEO_LEARNING_RESEARCH\data\processed\ocr_best_integration\keyframes_roi\v21\v21_00980s.png,subject_default,,low,,0.05,0.04,0.0,0.1,"43,30,1086,549",success
v21,Python,99,990,C:\NCKH\VIDEO_LEARNING_RESEARCH\data\processed\ocr_best_integration\keyframes_roi\v21\v21_00990s.png,subject_default,,low,,0.05,0.04,0.0,0.1,"43,30,1086,549",success
v21,Python,100,1000,C:\NCKH\VIDEO_LEARNING_RESEARCH\data\processed\ocr_best_integration\keyframes_roi\v21\v21_01000s.png,subject_default,,low,,0.05,0.04,0.0,0.1,"43,30,1086,549",success
v21,Python,101,1010,C:\NCKH\VIDEO_LEARNING_RESEARCH\data\processed\ocr_best_integration\keyframes_roi\v21\v21_01010s.png,subject_default,,low,,0.05,0.04,0.0,0.1,"43,30,1086,549",success
v21,Python,102,1020,C:\NCKH\VIDEO_LEARNING_RESEARCH\data\processed\ocr_best_integration\keyframes_roi\v21\v21_01020s.png,subject_default,,low,,0.05,0.04,0.0,0.1,"43,30,1086,549",success
v21,Python,103,1030,C:\NCKH\VIDEO_LEARNING_RESEARCH\data\processed\ocr_best_integration\keyframes_roi\v21\v21_01030s.png,subject_default,,low,,0.05,0.04,0.0,0.1,"43,30,1086,549",success
v21,Python,104,1040,C:\NCKH\VIDEO_LEARNING_RESEARCH\data\processed\ocr_best_integration\keyframes_roi\v21\v21_01040s.png,subject_default,,low,,0.05,0.04,0.0,0.1,"43,30,1086,549",success
v21,Python,105,1050,C:\NCKH\VIDEO_LEARNING_RESEARCH\data\processed\ocr_best_integration\keyframes_roi\v21\v21_01050s.png,subject_default,vscode,low,eol_status,0.05,0.04,0.0,0.1,"43,30,1086,549",success
v21,Python,106,1060,C:\NCKH\VIDEO_LEARNING_RESEARCH\data\processed\ocr_best_integration\keyframes_roi\v21\v21_01060s.png,subject_default,,low,,0.05,0.04,0.0,0.1,"43,30,1086,549",success
v21,Python,107,1070,C:\NCKH\VIDEO_LEARNING_RESEARCH\data\processed\ocr_best_integration\keyframes_roi\v21\v21_01070s.png,subject_default,,low,,0.05,0.04,0.0,0.1,"43,30,1086,549",success
v21,Python,108,1080,C:\NCKH\VIDEO_LEARNING_RESEARCH\data\processed\ocr_best_integration\keyframes_roi\v21\v21_01080s.png,subject_default,,low,,0.05,0.04,0.0,0.1,"43,30,1086,549",success
v21,Python,109,1090,C:\NCKH\VIDEO_LEARNING_RESEARCH\data\processed\ocr_best_integration\keyframes_roi\v21\v21_01090s.png,subject_default,,low,,0.05,0.04,0.0,0.1,"43,30,1086,549",success
v21,Python,110,1100,C:\NCKH\VIDEO_LEARNING_RESEARCH\data\processed\ocr_best_integration\keyframes_roi\v21\v21_01100s.png,subject_default,,low,,0.05,0.04,0.0,0.1,"43,30,1086,549",success
v21,Python,111,1110,C:\NCKH\VIDEO_LEARNING_RESEARCH\data\processed\ocr_best_integration\keyframes_roi\v21\v21_01110s.png,subject_default,,low,,0.05,0.04,0.0,0.1,"43,30,1086,549",success
v21,Python,112,1120,C:\NCKH\VIDEO_LEARNING_RESEARCH\data\processed\ocr_best_integration\keyframes_roi\v21\v21_01120s.png,subject_default,,low,,0.05,0.04,0.0,0.1,"43,30,1086,549",success
v21,Python,113,1130,C:\NCKH\VIDEO_LEARNING_RESEARCH\data\processed\ocr_best_integration\keyframes_roi\v21\v21_01130s.png,subject_default,,low,,0.05,0.04,0.0,0.1,"43,30,1086,549",success
v21,Python,114,1140,C:\NCKH\VIDEO_LEARNING_RESEARCH\data\processed\ocr_best_integration\keyframes_roi\v21\v21_01140s.png,subject_default,,low,,0.05,0.04,0.0,0.1,"43,30,1086,549",success
v21,Python,115,1150,C:\NCKH\VIDEO_LEARNING_RESEARCH\data\processed\ocr_best_integration\keyframes_roi\v21\v21_01150s.png,subject_default,,low,,0.05,0.04,0.0,0.1,"43,30,1086,549",success
v21,Python,116,1160,C:\NCKH\VIDEO_LEARNING_RESEARCH\data\processed\ocr_best_integration\keyframes_roi\v21\v21_01160s.png,subject_default,,low,,0.05,0.04,0.0,0.1,"43,30,1086,549",success
v21,Python,117,1170,C:\NCKH\VIDEO_LEARNING_RESEARCH\data\processed\ocr_best_integration\keyframes_roi\v21\v21_01170s.png,subject_default,,low,,0.05,0.04,0.0,0.1,"43,30,1086,549",success
v21,Python,118,1180,C:\NCKH\VIDEO_LEARNING_RESEARCH\data\processed\ocr_best_integration\keyframes_roi\v21\v21_01180s.png,subject_default,,low,,0.05,0.04,0.0,0.1,"43,30,1086,549",success
v21,Python,119,1190,C:\NCKH\VIDEO_LEARNING_RESEARCH\data\processed\ocr_best_integration\keyframes_roi\v21\v21_01190s.png,subject_default,,low,,0.05,0.04,0.0,0.1,"43,30,1086,549",success
v21,Python,120,1200,C:\NCKH\VIDEO_LEARNING_RESEARCH\data\processed\ocr_best_integration\keyframes_roi\v21\v21_01200s.png,subject_default,,low,,0.05,0.04,0.0,0.1,"43,30,1086,549",success
v21,Python,121,1210,C:\NCKH\VIDEO_LEARNING_RESEARCH\data\processed\ocr_best_integration\keyframes_roi\v21\v21_01210s.png,subject_default,,low,,0.05,0.04,0.0,0.1,"43,30,1086,549",success
v21,Python,122,1220,C:\NCKH\VIDEO_LEARNING_RESEARCH\data\processed\ocr_best_integration\keyframes_roi\v21\v21_01220s.png,subject_default,,low,,0.05,0.04,0.0,0.1,"43,30,1086,549",success
v21,Python,123,1230,C:\NCKH\VIDEO_LEARNING_RESEARCH\data\processed\ocr_best_integration\keyframes_roi\v21\v21_01230s.png,subject_default,,low,,0.05,0.04,0.0,0.1,"43,30,1086,549",success
v21,Python,124,1240,C:\NCKH\VIDEO_LEARNING_RESEARCH\data\processed\ocr_best_integration\keyframes_roi\v21\v21_01240s.png,subject_default,,low,,0.05,0.04,0.0,0.1,"43,30,1086,549",success
v21,Python,125,1250,C:\NCKH\VIDEO_LEARNING_RESEARCH\data\processed\ocr_best_integration\keyframes_roi\v21\v21_01250s.png,subject_default,,low,,0.05,0.04,0.0,0.1,"43,30,1086,549",success
v21,Python,126,1260,C:\NCKH\VIDEO_LEARNING_RESEARCH\data\processed\ocr_best_integration\keyframes_roi\v21\v21_01260s.png,subject_default,,low,,0.05,0.04,0.0,0.1,"43,30,1086,549",success
v21,Python,127,1270,C:\NCKH\VIDEO_LEARNING_RESEARCH\data\processed\ocr_best_integration\keyframes_roi\v21\v21_01270s.png,subject_default,,low,,0.05,0.04,0.0,0.1,"43,30,1086,549",success
v21,Python,128,1280,C:\NCKH\VIDEO_LEARNING_RESEARCH\data\processed\ocr_best_integration\keyframes_roi\v21\v21_01280s.png,subject_default,,low,,0.05,0.04,0.0,0.1,"43,30,1086,549",success
v21,Python,129,1290,C:\NCKH\VIDEO_LEARNING_RESEARCH\data\processed\ocr_best_integration\keyframes_roi\v21\v21_01290s.png,subject_default,,low,,0.05,0.04,0.0,0.1,"43,30,1086,549",success
v21,Python,130,1300,C:\NCKH\VIDEO_LEARNING_RESEARCH\data\processed\ocr_best_integration\keyframes_roi\v21\v21_01300s.png,subject_default,,low,,0.05,0.04,0.0,0.1,"43,30,1086,549",success
v21,Python,131,1310,C:\NCKH\VIDEO_LEARNING_RESEARCH\data\processed\ocr_best_integration\keyframes_roi\v21\v21_01310s.png,subject_default,,low,,0.05,0.04,0.0,0.1,"43,30,1086,549",success
v21,Python,132,1320,C:\NCKH\VIDEO_LEARNING_RESEARCH\data\processed\ocr_best_integration\keyframes_roi\v21\v21_01320s.png,subject_default,,low,,0.05,0.04,0.0,0.1,"43,30,1086,549",success
v21,Python,133,1330,C:\NCKH\VIDEO_LEARNING_RESEARCH\data\processed\ocr_best_integration\keyframes_roi\v21\v21_01330s.png,subject_default,,low,,0.05,0.04,0.0,0.1,"43,30,1086,549",success
v21,Python,134,1340,C:\NCKH\VIDEO_LEARNING_RESEARCH\data\processed\ocr_best_integration\keyframes_roi\v21\v21_01340s.png,subject_default,,low,,0.05,0.04,0.0,0.1,"43,30,1086,549",success
v21,Python,135,1350,C:\NCKH\VIDEO_LEARNING_RESEARCH\data\processed\ocr_best_integration\keyframes_roi\v21\v21_01350s.png,subject_default,,low,,0.05,0.04,0.0,0.1,"43,30,1086,549",success
v21,Python,136,1360,C:\NCKH\VIDEO_LEARNING_RESEARCH\data\processed\ocr_best_integration\keyframes_roi\v21\v21_01360s.png,subject_default,,low,,0.05,0.04,0.0,0.1,"43,30,1086,549",success
v21,Python,137,1370,C:\NCKH\VIDEO_LEARNING_RESEARCH\data\processed\ocr_best_integration\keyframes_roi\v21\v21_01370s.png,subject_default,,low,,0.05,0.04,0.0,0.1,"43,30,1086,549",success
v21,Python,138,1380,C:\NCKH\VIDEO_LEARNING_RESEARCH\data\processed\ocr_best_integration\keyframes_roi\v21\v21_01380s.png,subject_default,,low,,0.05,0.04,0.0,0.1,"43,30,1086,549",success
v21,Python,139,1390,C:\NCKH\VIDEO_LEARNING_RESEARCH\data\processed\ocr_best_integration\keyframes_roi\v21\v21_01390s.png,subject_default,,low,,0.05,0.04,0.0,0.1,"43,30,1086,549",success
v21,Python,140,1400,C:\NCKH\VIDEO_LEARNING_RESEARCH\data\processed\ocr_best_integration\keyframes_roi\v21\v21_01400s.png,subject_default,,low,,0.05,0.04,0.0,0.1,"43,30,1086,549",success
v21,Python,141,1410,C:\NCKH\VIDEO_LEARNING_RESEARCH\data\processed\ocr_best_integration\keyframes_roi\v21\v21_01410s.png,subject_default,,low,,0.05,0.04,0.0,0.1,"43,30,1086,549",success
v21,Python,142,1420,C:\NCKH\VIDEO_LEARNING_RESEARCH\data\processed\ocr_best_integration\keyframes_roi\v21\v21_01420s.png,subject_default,,low,,0.05,0.04,0.0,0.1,"43,30,1086,549",success
v21,Python,143,1430,C:\NCKH\VIDEO_LEARNING_RESEARCH\data\processed\ocr_best_integration\keyframes_roi\v21\v21_01430s.png,subject_default,,low,,0.05,0.04,0.0,0.1,"43,30,1086,549",success
v21,Python,144,1440,C:\NCKH\VIDEO_LEARNING_RESEARCH\data\processed\ocr_best_integration\keyframes_roi\v21\v21_01440s.png,subject_default,,low,,0.05,0.04,0.0,0.1,"43,30,1086,549",success
v21,Python,145,1450,C:\NCKH\VIDEO_LEARNING_RESEARCH\data\processed\ocr_best_integration\keyframes_roi\v21\v21_01450s.png,subject_default,,low,,0.05,0.04,0.0,0.1,"43,30,1086,549",success
v21,Python,146,1460,C:\NCKH\VIDEO_LEARNING_RESEARCH\data\processed\ocr_best_integration\keyframes_roi\v21\v21_01460s.png,subject_default,,low,,0.05,0.04,0.0,0.1,"43,30,1086,549",success
v21,Python,147,1470,C:\NCKH\VIDEO_LEARNING_RESEARCH\data\processed\ocr_best_integration\keyframes_roi\v21\v21_01470s.png,subject_default,,low,,0.05,0.04,0.0,0.1,"43,30,1086,549",success
v21,Python,148,1480,C:\NCKH\VIDEO_LEARNING_RESEARCH\data\processed\ocr_best_integration\keyframes_roi\v21\v21_01480s.png,subject_default,,low,,0.05,0.04,0.0,0.1,"43,30,1086,549",success
v21,Python,149,1490,C:\NCKH\VIDEO_LEARNING_RESEARCH\data\processed\ocr_best_integration\keyframes_roi\v21\v21_01490s.png,subject_default,,low,,0.05,0.04,0.0,0.1,"43,30,1086,549",success
v21,Python,150,1500,C:\NCKH\VIDEO_LEARNING_RESEARCH\data\processed\ocr_best_integration\keyframes_roi\v21\v21_01500s.png,subject_default,,low,,0.05,0.04,0.0,0.1,"43,30,1086,549",success
v21,Python,151,1510,C:\NCKH\VIDEO_LEARNING_RESEARCH\data\processed\ocr_best_integration\keyframes_roi\v21\v21_01510s.png,subject_default,,low,,0.05,0.04,0.0,0.1,"43,30,1086,549",success
v21,Python,152,1520,C:\NCKH\VIDEO_LEARNING_RESEARCH\data\processed\ocr_best_integration\keyframes_roi\v21\v21_01520s.png,subject_default,,low,,0.05,0.04,0.0,0.1,"43,30,1086,549",success
v21,Python,153,1530,C:\NCKH\VIDEO_LEARNING_RESEARCH\data\processed\ocr_best_integration\keyframes_roi\v21\v21_01530s.png,subject_default,,low,,0.05,0.04,0.0,0.1,"43,30,1086,549",success
v21,Python,154,1540,C:\NCKH\VIDEO_LEARNING_RESEARCH\data\processed\ocr_best_integration\keyframes_roi\v21\v21_01540s.png,subject_default,,low,,0.05,0.04,0.0,0.1,"43,30,1086,549",success
v21,Python,155,1550,C:\NCKH\VIDEO_LEARNING_RESEARCH\data\processed\ocr_best_integration\keyframes_roi\v21\v21_01550s.png,subject_default,,low,,0.05,0.04,0.0,0.1,"43,30,1086,549",success
v21,Python,156,1560,C:\NCKH\VIDEO_LEARNING_RESEARCH\data\processed\ocr_best_integration\keyframes_roi\v21\v21_01560s.png,subject_default,,low,,0.05,0.04,0.0,0.1,"43,30,1086,549",success
v21,Python,157,1570,C:\NCKH\VIDEO_LEARNING_RESEARCH\data\processed\ocr_best_integration\keyframes_roi\v21\v21_01570s.png,subject_default,,low,,0.05,0.04,0.0,0.1,"43,30,1086,549",success
v22,Python,0,0,C:\NCKH\VIDEO_LEARNING_RESEARCH\data\processed\ocr_best_integration\keyframes_roi\v22\v22_00000s.png,subject_default,,low,,0.05,0.04,0.0,0.1,"43,30,1086,549",success
v22,Python,1,10,C:\NCKH\VIDEO_LEARNING_RESEARCH\data\processed\ocr_best_integration\keyframes_roi\v22\v22_00010s.png,subject_default,,low,,0.05,0.04,0.0,0.1,"43,30,1086,549",success
v22,Python,2,20,C:\NCKH\VIDEO_LEARNING_RESEARCH\data\processed\ocr_best_integration\keyframes_roi\v22\v22_00020s.png,subject_default,,low,,0.05,0.04,0.0,0.1,"43,30,1086,549",success
v22,Python,3,30,C:\NCKH\VIDEO_LEARNING_RESEARCH\data\processed\ocr_best_integration\keyframes_roi\v22\v22_00030s.png,subject_default,,low,,0.05,0.04,0.0,0.1,"43,30,1086,549",success
v22,Python,4,40,C:\NCKH\VIDEO_LEARNING_RESEARCH\data\processed\ocr_best_integration\keyframes_roi\v22\v22_00040s.png,subject_default,,low,,0.05,0.04,0.0,0.1,"43,30,1086,549",success
v22,Python,5,50,C:\NCKH\VIDEO_LEARNING_RESEARCH\data\processed\ocr_best_integration\keyframes_roi\v22\v22_00050s.png,subject_default,,low,,0.05,0.04,0.0,0.1,"43,30,1086,549",success
v22,Python,6,60,C:\NCKH\VIDEO_LEARNING_RESEARCH\data\processed\ocr_best_integration\keyframes_roi\v22\v22_00060s.png,subject_default,,low,,0.05,0.04,0.0,0.1,"43,30,1086,549",success
v22,Python,7,70,C:\NCKH\VIDEO_LEARNING_RESEARCH\data\processed\ocr_best_integration\keyframes_roi\v22\v22_00070s.png,subject_default,,low,,0.05,0.04,0.0,0.1,"43,30,1086,549",success
v22,Python,8,80,C:\NCKH\VIDEO_LEARNING_RESEARCH\data\processed\ocr_best_integration\keyframes_roi\v22\v22_00080s.png,subject_default,,low,,0.05,0.04,0.0,0.1,"43,30,1086,549",success
v22,Python,9,90,C:\NCKH\VIDEO_LEARNING_RESEARCH\data\processed\ocr_best_integration\keyframes_roi\v22\v22_00090s.png,subject_default,,low,,0.05,0.04,0.0,0.1,"43,30,1086,549",success
v23,Java,0,0,C:\NCKH\VIDEO_LEARNING_RESEARCH\data\processed\ocr_best_integration\keyframes_roi\v23\v23_00000s.png,subject_default,,low,,0.07,0.12,0.0,0.1,"130,42,1086,549",success
v23,Java,1,10,C:\NCKH\VIDEO_LEARNING_RESEARCH\data\processed\ocr_best_integration\keyframes_roi\v23\v23_00010s.png,subject_default,,low,,0.07,0.12,0.0,0.1,"130,42,1086,549",success
v23,Java,2,20,C:\NCKH\VIDEO_LEARNING_RESEARCH\data\processed\ocr_best_integration\keyframes_roi\v23\v23_00020s.png,subject_default,,low,,0.07,0.12,0.0,0.1,"130,42,1086,549",success
v23,Java,3,30,C:\NCKH\VIDEO_LEARNING_RESEARCH\data\processed\ocr_best_integration\keyframes_roi\v23\v23_00030s.png,subject_default,,low,,0.07,0.12,0.0,0.1,"130,42,1086,549",success
v23,Java,4,40,C:\NCKH\VIDEO_LEARNING_RESEARCH\data\processed\ocr_best_integration\keyframes_roi\v23\v23_00040s.png,subject_default,,low,,0.07,0.12,0.0,0.1,"130,42,1086,549",success
v23,Java,5,50,C:\NCKH\VIDEO_LEARNING_RESEARCH\data\processed\ocr_best_integration\keyframes_roi\v23\v23_00050s.png,subject_default,,low,,0.07,0.12,0.0,0.1,"130,42,1086,549",success
v23,Java,6,60,C:\NCKH\VIDEO_LEARNING_RESEARCH\data\processed\ocr_best_integration\keyframes_roi\v23\v23_00060s.png,subject_default,,low,,0.07,0.12,0.0,0.1,"130,42,1086,549",success
v23,Java,7,70,C:\NCKH\VIDEO_LEARNING_RESEARCH\data\processed\ocr_best_integration\keyframes_roi\v23\v23_00070s.png,subject_default,,low,,0.07,0.12,0.0,0.1,"130,42,1086,549",success
v23,Java,8,80,C:\NCKH\VIDEO_LEARNING_RESEARCH\data\processed\ocr_best_integration\keyframes_roi\v23\v23_00080s.png,subject_default,,low,,0.07,0.12,0.0,0.1,"130,42,1086,549",success
v23,Java,9,90,C:\NCKH\VIDEO_LEARNING_RESEARCH\data\processed\ocr_best_integration\keyframes_roi\v23\v23_00090s.png,subject_default,,low,,0.07,0.12,0.0,0.1,"130,42,1086,549",success
v23,Java,10,100,C:\NCKH\VIDEO_LEARNING_RESEARCH\data\processed\ocr_best_integration\keyframes_roi\v23\v23_00100s.png,subject_default,,low,,0.07,0.12,0.0,0.1,"130,42,1086,549",success
v23,Java,11,110,C:\NCKH\VIDEO_LEARNING_RESEARCH\data\processed\ocr_best_integration\keyframes_roi\v23\v23_00110s.png,subject_default,,low,,0.07,0.12,0.0,0.1,"130,42,1086,549",success
v23,Java,12,120,C:\NCKH\VIDEO_LEARNING_RESEARCH\data\processed\ocr_best_integration\keyframes_roi\v23\v23_00120s.png,subject_default,,low,,0.07,0.12,0.0,0.1,"130,42,1086,549",success
v23,Java,13,130,C:\NCKH\VIDEO_LEARNING_RESEARCH\data\processed\ocr_best_integration\keyframes_roi\v23\v23_00130s.png,subject_default,,low,,0.07,0.12,0.0,0.1,"130,42,1086,549",success
v23,Java,14,140,C:\NCKH\VIDEO_LEARNING_RESEARCH\data\processed\ocr_best_integration\keyframes_roi\v23\v23_00140s.png,subject_default,,low,,0.07,0.12,0.0,0.1,"130,42,1086,549",success
v23,Java,15,150,C:\NCKH\VIDEO_LEARNING_RESEARCH\data\processed\ocr_best_integration\keyframes_roi\v23\v23_00150s.png,subject_default,,low,,0.07,0.12,0.0,0.1,"130,42,1086,549",success
v23,Java,16,160,C:\NCKH\VIDEO_LEARNING_RESEARCH\data\processed\ocr_best_integration\keyframes_roi\v23\v23_00160s.png,subject_default,,low,,0.07,0.12,0.0,0.1,"130,42,1086,549",success
v23,Java,17,170,C:\NCKH\VIDEO_LEARNING_RESEARCH\data\processed\ocr_best_integration\keyframes_roi\v23\v23_00170s.png,subject_default,,low,,0.07,0.12,0.0,0.1,"130,42,1086,549",success
v23,Java,18,180,C:\NCKH\VIDEO_LEARNING_RESEARCH\data\processed\ocr_best_integration\keyframes_roi\v23\v23_00180s.png,subject_default,,low,,0.07,0.12,0.0,0.1,"130,42,1086,549",success
v23,Java,19,190,C:\NCKH\VIDEO_LEARNING_RESEARCH\data\processed\ocr_best_integration\keyframes_roi\v23\v23_00190s.png,subject_default,,low,,0.07,0.12,0.0,0.1,"130,42,1086,549",success
v23,Java,20,200,C:\NCKH\VIDEO_LEARNING_RESEARCH\data\processed\ocr_best_integration\keyframes_roi\v23\v23_00200s.png,subject_default,,low,,0.07,0.12,0.0,0.1,"130,42,1086,549",success
v23,Java,21,210,C:\NCKH\VIDEO_LEARNING_RESEARCH\data\processed\ocr_best_integration\keyframes_roi\v23\v23_00210s.png,subject_default,,low,,0.07,0.12,0.0,0.1,"130,42,1086,549",success
v23,Java,22,220,C:\NCKH\VIDEO_LEARNING_RESEARCH\data\processed\ocr_best_integration\keyframes_roi\v23\v23_00220s.png,subject_default,,low,,0.07,0.12,0.0,0.1,"130,42,1086,549",success
v23,Java,23,230,C:\NCKH\VIDEO_LEARNING_RESEARCH\data\processed\ocr_best_integration\keyframes_roi\v23\v23_00230s.png,subject_default,,low,,0.07,0.12,0.0,0.1,"130,42,1086,549",success
v23,Java,24,240,C:\NCKH\VIDEO_LEARNING_RESEARCH\data\processed\ocr_best_integration\keyframes_roi\v23\v23_00240s.png,subject_default,,low,,0.07,0.12,0.0,0.1,"130,42,1086,549",success
v23,Java,25,250,C:\NCKH\VIDEO_LEARNING_RESEARCH\data\processed\ocr_best_integration\keyframes_roi\v23\v23_00250s.png,subject_default,,low,,0.07,0.12,0.0,0.1,"130,42,1086,549",success
v23,Java,26,260,C:\NCKH\VIDEO_LEARNING_RESEARCH\data\processed\ocr_best_integration\keyframes_roi\v23\v23_00260s.png,subject_default,,low,,0.07,0.12,0.0,0.1,"130,42,1086,549",success
v23,Java,27,270,C:\NCKH\VIDEO_LEARNING_RESEARCH\data\processed\ocr_best_integration\keyframes_roi\v23\v23_00270s.png,subject_default,,low,,0.07,0.12,0.0,0.1,"130,42,1086,549",success
v23,Java,28,280,C:\NCKH\VIDEO_LEARNING_RESEARCH\data\processed\ocr_best_integration\keyframes_roi\v23\v23_00280s.png,subject_default,,low,,0.07,0.12,0.0,0.1,"130,42,1086,549",success
v23,Java,29,290,C:\NCKH\VIDEO_LEARNING_RESEARCH\data\processed\ocr_best_integration\keyframes_roi\v23\v23_00290s.png,subject_default,,low,,0.07,0.12,0.0,0.1,"130,42,1086,549",success
v23,Java,30,300,C:\NCKH\VIDEO_LEARNING_RESEARCH\data\processed\ocr_best_integration\keyframes_roi\v23\v23_00300s.png,subject_default,,low,,0.07,0.12,0.0,0.1,"130,42,1086,549",success
v23,Java,31,310,C:\NCKH\VIDEO_LEARNING_RESEARCH\data\processed\ocr_best_integration\keyframes_roi\v23\v23_00310s.png,subject_default,,low,,0.07,0.12,0.0,0.1,"130,42,1086,549",success
v23,Java,32,320,C:\NCKH\VIDEO_LEARNING_RESEARCH\data\processed\ocr_best_integration\keyframes_roi\v23\v23_00320s.png,subject_default,,low,,0.07,0.12,0.0,0.1,"130,42,1086,549",success
v23,Java,33,330,C:\NCKH\VIDEO_LEARNING_RESEARCH\data\processed\ocr_best_integration\keyframes_roi\v23\v23_00330s.png,subject_default,,low,,0.07,0.12,0.0,0.1,"130,42,1086,549",success
v23,Java,34,340,C:\NCKH\VIDEO_LEARNING_RESEARCH\data\processed\ocr_best_integration\keyframes_roi\v23\v23_00340s.png,subject_default,,low,,0.07,0.12,0.0,0.1,"130,42,1086,549",success
v23,Java,35,350,C:\NCKH\VIDEO_LEARNING_RESEARCH\data\processed\ocr_best_integration\keyframes_roi\v23\v23_00350s.png,subject_default,,low,,0.07,0.12,0.0,0.1,"130,42,1086,549",success
v23,Java,36,360,C:\NCKH\VIDEO_LEARNING_RESEARCH\data\processed\ocr_best_integration\keyframes_roi\v23\v23_00360s.png,subject_default,,low,,0.07,0.12,0.0,0.1,"130,42,1086,549",success
v23,Java,37,370,C:\NCKH\VIDEO_LEARNING_RESEARCH\data\processed\ocr_best_integration\keyframes_roi\v23\v23_00370s.png,subject_default,,low,,0.07,0.12,0.0,0.1,"130,42,1086,549",success
v23,Java,38,380,C:\NCKH\VIDEO_LEARNING_RESEARCH\data\processed\ocr_best_integration\keyframes_roi\v23\v23_00380s.png,subject_default,,low,,0.07,0.12,0.0,0.1,"130,42,1086,549",success
v23,Java,39,390,C:\NCKH\VIDEO_LEARNING_RESEARCH\data\processed\ocr_best_integration\keyframes_roi\v23\v23_00390s.png,subject_default,,low,,0.07,0.12,0.0,0.1,"130,42,1086,549",success
v23,Java,40,400,C:\NCKH\VIDEO_LEARNING_RESEARCH\data\processed\ocr_best_integration\keyframes_roi\v23\v23_00400s.png,subject_default,,low,,0.07,0.12,0.0,0.1,"130,42,1086,549",success
v23,Java,41,410,C:\NCKH\VIDEO_LEARNING_RESEARCH\data\processed\ocr_best_integration\keyframes_roi\v23\v23_00410s.png,subject_default,,low,,0.07,0.12,0.0,0.1,"130,42,1086,549",success
v23,Java,42,420,C:\NCKH\VIDEO_LEARNING_RESEARCH\data\processed\ocr_best_integration\keyframes_roi\v23\v23_00420s.png,subject_default,,low,,0.07,0.12,0.0,0.1,"130,42,1086,549",success
v23,Java,43,430,C:\NCKH\VIDEO_LEARNING_RESEARCH\data\processed\ocr_best_integration\keyframes_roi\v23\v23_00430s.png,subject_default,,low,,0.07,0.12,0.0,0.1,"130,42,1086,549",success
v23,Java,44,440,C:\NCKH\VIDEO_LEARNING_RESEARCH\data\processed\ocr_best_integration\keyframes_roi\v23\v23_00440s.png,subject_default,,low,,0.07,0.12,0.0,0.1,"130,42,1086,549",success
v23,Java,45,450,C:\NCKH\VIDEO_LEARNING_RESEARCH\data\processed\ocr_best_integration\keyframes_roi\v23\v23_00450s.png,subject_default,,low,,0.07,0.12,0.0,0.1,"130,42,1086,549",success
v23,Java,46,460,C:\NCKH\VIDEO_LEARNING_RESEARCH\data\processed\ocr_best_integration\keyframes_roi\v23\v23_00460s.png,subject_default,,low,,0.07,0.12,0.0,0.1,"130,42,1086,549",success
v23,Java,47,470,C:\NCKH\VIDEO_LEARNING_RESEARCH\data\processed\ocr_best_integration\keyframes_roi\v23\v23_00470s.png,subject_default,,low,,0.07,0.12,0.0,0.1,"130,42,1086,549",success
v23,Java,48,480,C:\NCKH\VIDEO_LEARNING_RESEARCH\data\processed\ocr_best_integration\keyframes_roi\v23\v23_00480s.png,subject_default,,low,,0.07,0.12,0.0,0.1,"130,42,1086,549",success
v23,Java,49,490,C:\NCKH\VIDEO_LEARNING_RESEARCH\data\processed\ocr_best_integration\keyframes_roi\v23\v23_00490s.png,subject_default,,low,,0.07,0.12,0.0,0.1,"130,42,1086,549",success
v23,Java,50,500,C:\NCKH\VIDEO_LEARNING_RESEARCH\data\processed\ocr_best_integration\keyframes_roi\v23\v23_00500s.png,subject_default,,low,,0.07,0.12,0.0,0.1,"130,42,1086,549",success
v23,Java,51,510,C:\NCKH\VIDEO_LEARNING_RESEARCH\data\processed\ocr_best_integration\keyframes_roi\v23\v23_00510s.png,subject_default,,low,,0.07,0.12,0.0,0.1,"130,42,1086,549",success
v23,Java,52,520,C:\NCKH\VIDEO_LEARNING_RESEARCH\data\processed\ocr_best_integration\keyframes_roi\v23\v23_00520s.png,subject_default,,low,,0.07,0.12,0.0,0.1,"130,42,1086,549",success
v23,Java,53,530,C:\NCKH\VIDEO_LEARNING_RESEARCH\data\processed\ocr_best_integration\keyframes_roi\v23\v23_00530s.png,subject_default,,low,,0.07,0.12,0.0,0.1,"130,42,1086,549",success
v23,Java,54,540,C:\NCKH\VIDEO_LEARNING_RESEARCH\data\processed\ocr_best_integration\keyframes_roi\v23\v23_00540s.png,subject_default,,low,,0.07,0.12,0.0,0.1,"130,42,1086,549",success
v23,Java,55,550,C:\NCKH\VIDEO_LEARNING_RESEARCH\data\processed\ocr_best_integration\keyframes_roi\v23\v23_00550s.png,subject_default,,low,,0.07,0.12,0.0,0.1,"130,42,1086,549",success
v23,Java,56,560,C:\NCKH\VIDEO_LEARNING_RESEARCH\data\processed\ocr_best_integration\keyframes_roi\v23\v23_00560s.png,subject_default,,low,,0.07,0.12,0.0,0.1,"130,42,1086,549",success
v23,Java,57,570,C:\NCKH\VIDEO_LEARNING_RESEARCH\data\processed\ocr_best_integration\keyframes_roi\v23\v23_00570s.png,subject_default,,low,,0.07,0.12,0.0,0.1,"130,42,1086,549",success
v23,Java,58,580,C:\NCKH\VIDEO_LEARNING_RESEARCH\data\processed\ocr_best_integration\keyframes_roi\v23\v23_00580s.png,subject_default,,low,,0.07,0.12,0.0,0.1,"130,42,1086,549",success
v23,Java,59,590,C:\NCKH\VIDEO_LEARNING_RESEARCH\data\processed\ocr_best_integration\keyframes_roi\v23\v23_00590s.png,subject_default,,low,,0.07,0.12,0.0,0.1,"130,42,1086,549",success
v23,Java,60,600,C:\NCKH\VIDEO_LEARNING_RESEARCH\data\processed\ocr_best_integration\keyframes_roi\v23\v23_00600s.png,subject_default,,low,,0.07,0.12,0.0,0.1,"130,42,1086,549",success
v23,Java,61,610,C:\NCKH\VIDEO_LEARNING_RESEARCH\data\processed\ocr_best_integration\keyframes_roi\v23\v23_00610s.png,subject_default,,low,,0.07,0.12,0.0,0.1,"130,42,1086,549",success
v23,Java,62,620,C:\NCKH\VIDEO_LEARNING_RESEARCH\data\processed\ocr_best_integration\keyframes_roi\v23\v23_00620s.png,subject_default,,low,,0.07,0.12,0.0,0.1,"130,42,1086,549",success
v23,Java,63,630,C:\NCKH\VIDEO_LEARNING_RESEARCH\data\processed\ocr_best_integration\keyframes_roi\v23\v23_00630s.png,subject_default,,low,,0.07,0.12,0.0,0.1,"130,42,1086,549",success
v23,Java,64,640,C:\NCKH\VIDEO_LEARNING_RESEARCH\data\processed\ocr_best_integration\keyframes_roi\v23\v23_00640s.png,subject_default,,low,,0.07,0.12,0.0,0.1,"130,42,1086,549",success
v23,Java,65,650,C:\NCKH\VIDEO_LEARNING_RESEARCH\data\processed\ocr_best_integration\keyframes_roi\v23\v23_00650s.png,subject_default,,low,,0.07,0.12,0.0,0.1,"130,42,1086,549",success
v23,Java,66,660,C:\NCKH\VIDEO_LEARNING_RESEARCH\data\processed\ocr_best_integration\keyframes_roi\v23\v23_00660s.png,subject_default,vscode,low,eol_status,0.07,0.12,0.0,0.1,"130,42,1086,549",success
v23,Java,67,670,C:\NCKH\VIDEO_LEARNING_RESEARCH\data\processed\ocr_best_integration\keyframes_roi\v23\v23_00670s.png,subject_default,,low,,0.07,0.12,0.0,0.1,"130,42,1086,549",success
v23,Java,68,680,C:\NCKH\VIDEO_LEARNING_RESEARCH\data\processed\ocr_best_integration\keyframes_roi\v23\v23_00680s.png,subject_default,,low,,0.07,0.12,0.0,0.1,"130,42,1086,549",success
v23,Java,69,690,C:\NCKH\VIDEO_LEARNING_RESEARCH\data\processed\ocr_best_integration\keyframes_roi\v23\v23_00690s.png,subject_default,,low,,0.07,0.12,0.0,0.1,"130,42,1086,549",success
v23,Java,70,700,C:\NCKH\VIDEO_LEARNING_RESEARCH\data\processed\ocr_best_integration\keyframes_roi\v23\v23_00700s.png,subject_default,,low,,0.07,0.12,0.0,0.1,"130,42,1086,549",success
v23,Java,71,710,C:\NCKH\VIDEO_LEARNING_RESEARCH\data\processed\ocr_best_integration\keyframes_roi\v23\v23_00710s.png,subject_default,,low,,0.07,0.12,0.0,0.1,"130,42,1086,549",success
v23,Java,72,720,C:\NCKH\VIDEO_LEARNING_RESEARCH\data\processed\ocr_best_integration\keyframes_roi\v23\v23_00720s.png,subject_default,,low,,0.07,0.12,0.0,0.1,"130,42,1086,549",success
v23,Java,73,730,C:\NCKH\VIDEO_LEARNING_RESEARCH\data\processed\ocr_best_integration\keyframes_roi\v23\v23_00730s.png,subject_default,,low,,0.07,0.12,0.0,0.1,"130,42,1086,549",success
v23,Java,74,740,C:\NCKH\VIDEO_LEARNING_RESEARCH\data\processed\ocr_best_integration\keyframes_roi\v23\v23_00740s.png,subject_default,,low,,0.07,0.12,0.0,0.1,"130,42,1086,549",success
v23,Java,75,750,C:\NCKH\VIDEO_LEARNING_RESEARCH\data\processed\ocr_best_integration\keyframes_roi\v23\v23_00750s.png,subject_default,,low,,0.07,0.12,0.0,0.1,"130,42,1086,549",success
v23,Java,76,760,C:\NCKH\VIDEO_LEARNING_RESEARCH\data\processed\ocr_best_integration\keyframes_roi\v23\v23_00760s.png,subject_default,,low,,0.07,0.12,0.0,0.1,"130,42,1086,549",success
v23,Java,77,770,C:\NCKH\VIDEO_LEARNING_RESEARCH\data\processed\ocr_best_integration\keyframes_roi\v23\v23_00770s.png,subject_default,,low,,0.07,0.12,0.0,0.1,"130,42,1086,549",success
v23,Java,78,780,C:\NCKH\VIDEO_LEARNING_RESEARCH\data\processed\ocr_best_integration\keyframes_roi\v23\v23_00780s.png,subject_default,vscode,low,eol_status,0.07,0.12,0.0,0.1,"130,42,1086,549",success
v23,Java,79,790,C:\NCKH\VIDEO_LEARNING_RESEARCH\data\processed\ocr_best_integration\keyframes_roi\v23\v23_00790s.png,subject_default,,low,,0.07,0.12,0.0,0.1,"130,42,1086,549",success
v23,Java,80,800,C:\NCKH\VIDEO_LEARNING_RESEARCH\data\processed\ocr_best_integration\keyframes_roi\v23\v23_00800s.png,subject_default,,low,,0.07,0.12,0.0,0.1,"130,42,1086,549",success
v23,Java,81,810,C:\NCKH\VIDEO_LEARNING_RESEARCH\data\processed\ocr_best_integration\keyframes_roi\v23\v23_00810s.png,subject_default,,low,,0.07,0.12,0.0,0.1,"130,42,1086,549",success
v23,Java,82,820,C:\NCKH\VIDEO_LEARNING_RESEARCH\data\processed\ocr_best_integration\keyframes_roi\v23\v23_00820s.png,subject_default,vscode,low,eol_status,0.07,0.12,0.0,0.1,"130,42,1086,549",success
v23,Java,83,830,C:\NCKH\VIDEO_LEARNING_RESEARCH\data\processed\ocr_best_integration\keyframes_roi\v23\v23_00830s.png,subject_default,,low,,0.07,0.12,0.0,0.1,"130,42,1086,549",success
v23,Java,84,840,C:\NCKH\VIDEO_LEARNING_RESEARCH\data\processed\ocr_best_integration\keyframes_roi\v23\v23_00840s.png,subject_default,,low,,0.07,0.12,0.0,0.1,"130,42,1086,549",success
v23,Java,85,850,C:\NCKH\VIDEO_LEARNING_RESEARCH\data\processed\ocr_best_integration\keyframes_roi\v23\v23_00850s.png,subject_default,,low,,0.07,0.12,0.0,0.1,"130,42,1086,549",success
v23,Java,86,860,C:\NCKH\VIDEO_LEARNING_RESEARCH\data\processed\ocr_best_integration\keyframes_roi\v23\v23_00860s.png,subject_default,,low,,0.07,0.12,0.0,0.1,"130,42,1086,549",success
v23,Java,87,870,C:\NCKH\VIDEO_LEARNING_RESEARCH\data\processed\ocr_best_integration\keyframes_roi\v23\v23_00870s.png,subject_default,,low,,0.07,0.12,0.0,0.1,"130,42,1086,549",success
v23,Java,88,880,C:\NCKH\VIDEO_LEARNING_RESEARCH\data\processed\ocr_best_integration\keyframes_roi\v23\v23_00880s.png,subject_default,,low,,0.07,0.12,0.0,0.1,"130,42,1086,549",success
v23,Java,89,890,C:\NCKH\VIDEO_LEARNING_RESEARCH\data\processed\ocr_best_integration\keyframes_roi\v23\v23_00890s.png,subject_default,,low,,0.07,0.12,0.0,0.1,"130,42,1086,549",success
v23,Java,90,900,C:\NCKH\VIDEO_LEARNING_RESEARCH\data\processed\ocr_best_integration\keyframes_roi\v23\v23_00900s.png,subject_default,,low,,0.07,0.12,0.0,0.1,"130,42,1086,549",success
v23,Java,91,910,C:\NCKH\VIDEO_LEARNING_RESEARCH\data\processed\ocr_best_integration\keyframes_roi\v23\v23_00910s.png,subject_default,,low,,0.07,0.12,0.0,0.1,"130,42,1086,549",success
v23,Java,92,920,C:\NCKH\VIDEO_LEARNING_RESEARCH\data\processed\ocr_best_integration\keyframes_roi\v23\v23_00920s.png,subject_default,,low,,0.07,0.12,0.0,0.1,"130,42,1086,549",success
v23,Java,93,930,C:\NCKH\VIDEO_LEARNING_RESEARCH\data\processed\ocr_best_integration\keyframes_roi\v23\v23_00930s.png,subject_default,,low,,0.07,0.12,0.0,0.1,"130,42,1086,549",success
v23,Java,94,940,C:\NCKH\VIDEO_LEARNING_RESEARCH\data\processed\ocr_best_integration\keyframes_roi\v23\v23_00940s.png,subject_default,,low,,0.07,0.12,0.0,0.1,"130,42,1086,549",success
v23,Java,95,950,C:\NCKH\VIDEO_LEARNING_RESEARCH\data\processed\ocr_best_integration\keyframes_roi\v23\v23_00950s.png,subject_default,,low,,0.07,0.12,0.0,0.1,"130,42,1086,549",success
v23,Java,96,960,C:\NCKH\VIDEO_LEARNING_RESEARCH\data\processed\ocr_best_integration\keyframes_roi\v23\v23_00960s.png,subject_default,,low,,0.07,0.12,0.0,0.1,"130,42,1086,549",success
v23,Java,97,970,C:\NCKH\VIDEO_LEARNING_RESEARCH\data\processed\ocr_best_integration\keyframes_roi\v23\v23_00970s.png,subject_default,,low,,0.07,0.12,0.0,0.1,"130,42,1086,549",success
v23,Java,98,980,C:\NCKH\VIDEO_LEARNING_RESEARCH\data\processed\ocr_best_integration\keyframes_roi\v23\v23_00980s.png,subject_default,,low,,0.07,0.12,0.0,0.1,"130,42,1086,549",success
v23,Java,99,990,C:\NCKH\VIDEO_LEARNING_RESEARCH\data\processed\ocr_best_integration\keyframes_roi\v23\v23_00990s.png,subject_default,,low,,0.07,0.12,0.0,0.1,"130,42,1086,549",success
v23,Java,100,1000,C:\NCKH\VIDEO_LEARNING_RESEARCH\data\processed\ocr_best_integration\keyframes_roi\v23\v23_01000s.png,subject_default,,low,,0.07,0.12,0.0,0.1,"130,42,1086,549",success
v23,Java,101,1010,C:\NCKH\VIDEO_LEARNING_RESEARCH\data\processed\ocr_best_integration\keyframes_roi\v23\v23_01010s.png,subject_default,,low,,0.07,0.12,0.0,0.1,"130,42,1086,549",success
v23,Java,102,1020,C:\NCKH\VIDEO_LEARNING_RESEARCH\data\processed\ocr_best_integration\keyframes_roi\v23\v23_01020s.png,subject_default,,low,,0.07,0.12,0.0,0.1,"130,42,1086,549",success
v23,Java,103,1030,C:\NCKH\VIDEO_LEARNING_RESEARCH\data\processed\ocr_best_integration\keyframes_roi\v23\v23_01030s.png,subject_default,,low,,0.07,0.12,0.0,0.1,"130,42,1086,549",success
v23,Java,104,1040,C:\NCKH\VIDEO_LEARNING_RESEARCH\data\processed\ocr_best_integration\keyframes_roi\v23\v23_01040s.png,subject_default,,low,,0.07,0.12,0.0,0.1,"130,42,1086,549",success
v23,Java,105,1050,C:\NCKH\VIDEO_LEARNING_RESEARCH\data\processed\ocr_best_integration\keyframes_roi\v23\v23_01050s.png,subject_default,,low,,0.07,0.12,0.0,0.1,"130,42,1086,549",success
v23,Java,106,1060,C:\NCKH\VIDEO_LEARNING_RESEARCH\data\processed\ocr_best_integration\keyframes_roi\v23\v23_01060s.png,subject_default,,low,,0.07,0.12,0.0,0.1,"130,42,1086,549",success
v23,Java,107,1070,C:\NCKH\VIDEO_LEARNING_RESEARCH\data\processed\ocr_best_integration\keyframes_roi\v23\v23_01070s.png,subject_default,,low,,0.07,0.12,0.0,0.1,"130,42,1086,549",success
v23,Java,108,1080,C:\NCKH\VIDEO_LEARNING_RESEARCH\data\processed\ocr_best_integration\keyframes_roi\v23\v23_01080s.png,subject_default,,low,,0.07,0.12,0.0,0.1,"130,42,1086,549",success
v23,Java,109,1090,C:\NCKH\VIDEO_LEARNING_RESEARCH\data\processed\ocr_best_integration\keyframes_roi\v23\v23_01090s.png,subject_default,,low,,0.07,0.12,0.0,0.1,"130,42,1086,549",success
v23,Java,110,1100,C:\NCKH\VIDEO_LEARNING_RESEARCH\data\processed\ocr_best_integration\keyframes_roi\v23\v23_01100s.png,subject_default,,low,,0.07,0.12,0.0,0.1,"130,42,1086,549",success
v23,Java,111,1110,C:\NCKH\VIDEO_LEARNING_RESEARCH\data\processed\ocr_best_integration\keyframes_roi\v23\v23_01110s.png,subject_default,,low,,0.07,0.12,0.0,0.1,"130,42,1086,549",success
v23,Java,112,1120,C:\NCKH\VIDEO_LEARNING_RESEARCH\data\processed\ocr_best_integration\keyframes_roi\v23\v23_01120s.png,subject_default,,low,,0.07,0.12,0.0,0.1,"130,42,1086,549",success
v23,Java,113,1130,C:\NCKH\VIDEO_LEARNING_RESEARCH\data\processed\ocr_best_integration\keyframes_roi\v23\v23_01130s.png,subject_default,,low,,0.07,0.12,0.0,0.1,"130,42,1086,549",success
v23,Java,114,1140,C:\NCKH\VIDEO_LEARNING_RESEARCH\data\processed\ocr_best_integration\keyframes_roi\v23\v23_01140s.png,subject_default,,low,,0.07,0.12,0.0,0.1,"130,42,1086,549",success
v23,Java,115,1150,C:\NCKH\VIDEO_LEARNING_RESEARCH\data\processed\ocr_best_integration\keyframes_roi\v23\v23_01150s.png,subject_default,,low,,0.07,0.12,0.0,0.1,"130,42,1086,549",success
v23,Java,116,1160,C:\NCKH\VIDEO_LEARNING_RESEARCH\data\processed\ocr_best_integration\keyframes_roi\v23\v23_01160s.png,subject_default,,low,,0.07,0.12,0.0,0.1,"130,42,1086,549",success
v23,Java,117,1170,C:\NCKH\VIDEO_LEARNING_RESEARCH\data\processed\ocr_best_integration\keyframes_roi\v23\v23_01170s.png,subject_default,,low,,0.07,0.12,0.0,0.1,"130,42,1086,549",success
v23,Java,118,1180,C:\NCKH\VIDEO_LEARNING_RESEARCH\data\processed\ocr_best_integration\keyframes_roi\v23\v23_01180s.png,subject_default,,low,,0.07,0.12,0.0,0.1,"130,42,1086,549",success
v23,Java,119,1190,C:\NCKH\VIDEO_LEARNING_RESEARCH\data\processed\ocr_best_integration\keyframes_roi\v23\v23_01190s.png,subject_default,,low,,0.07,0.12,0.0,0.1,"130,42,1086,549",success
v23,Java,120,1200,C:\NCKH\VIDEO_LEARNING_RESEARCH\data\processed\ocr_best_integration\keyframes_roi\v23\v23_01200s.png,subject_default,,low,,0.07,0.12,0.0,0.1,"130,42,1086,549",success
v23,Java,121,1210,C:\NCKH\VIDEO_LEARNING_RESEARCH\data\processed\ocr_best_integration\keyframes_roi\v23\v23_01210s.png,subject_default,,low,,0.07,0.12,0.0,0.1,"130,42,1086,549",success
v23,Java,122,1220,C:\NCKH\VIDEO_LEARNING_RESEARCH\data\processed\ocr_best_integration\keyframes_roi\v23\v23_01220s.png,subject_default,,low,,0.07,0.12,0.0,0.1,"130,42,1086,549",success
v23,Java,123,1230,C:\NCKH\VIDEO_LEARNING_RESEARCH\data\processed\ocr_best_integration\keyframes_roi\v23\v23_01230s.png,subject_default,,low,,0.07,0.12,0.0,0.1,"130,42,1086,549",success
v23,Java,124,1240,C:\NCKH\VIDEO_LEARNING_RESEARCH\data\processed\ocr_best_integration\keyframes_roi\v23\v23_01240s.png,subject_default,,low,,0.07,0.12,0.0,0.1,"130,42,1086,549",success
v23,Java,125,1250,C:\NCKH\VIDEO_LEARNING_RESEARCH\data\processed\ocr_best_integration\keyframes_roi\v23\v23_01250s.png,subject_default,,low,,0.07,0.12,0.0,0.1,"130,42,1086,549",success
v23,Java,126,1260,C:\NCKH\VIDEO_LEARNING_RESEARCH\data\processed\ocr_best_integration\keyframes_roi\v23\v23_01260s.png,subject_default,,low,,0.07,0.12,0.0,0.1,"130,42,1086,549",success
v23,Java,127,1270,C:\NCKH\VIDEO_LEARNING_RESEARCH\data\processed\ocr_best_integration\keyframes_roi\v23\v23_01270s.png,subject_default,,low,,0.07,0.12,0.0,0.1,"130,42,1086,549",success
v23,Java,128,1280,C:\NCKH\VIDEO_LEARNING_RESEARCH\data\processed\ocr_best_integration\keyframes_roi\v23\v23_01280s.png,subject_default,,low,,0.07,0.12,0.0,0.1,"130,42,1086,549",success
v23,Java,129,1290,C:\NCKH\VIDEO_LEARNING_RESEARCH\data\processed\ocr_best_integration\keyframes_roi\v23\v23_01290s.png,subject_default,,low,,0.07,0.12,0.0,0.1,"130,42,1086,549",success
v23,Java,130,1300,C:\NCKH\VIDEO_LEARNING_RESEARCH\data\processed\ocr_best_integration\keyframes_roi\v23\v23_01300s.png,subject_default,,low,,0.07,0.12,0.0,0.1,"130,42,1086,549",success
v23,Java,131,1310,C:\NCKH\VIDEO_LEARNING_RESEARCH\data\processed\ocr_best_integration\keyframes_roi\v23\v23_01310s.png,subject_default,,low,,0.07,0.12,0.0,0.1,"130,42,1086,549",success
v23,Java,132,1320,C:\NCKH\VIDEO_LEARNING_RESEARCH\data\processed\ocr_best_integration\keyframes_roi\v23\v23_01320s.png,subject_default,,low,,0.07,0.12,0.0,0.1,"130,42,1086,549",success
v23,Java,133,1330,C:\NCKH\VIDEO_LEARNING_RESEARCH\data\processed\ocr_best_integration\keyframes_roi\v23\v23_01330s.png,subject_default,,low,,0.07,0.12,0.0,0.1,"130,42,1086,549",success
v23,Java,134,1340,C:\NCKH\VIDEO_LEARNING_RESEARCH\data\processed\ocr_best_integration\keyframes_roi\v23\v23_01340s.png,subject_default,,low,,0.07,0.12,0.0,0.1,"130,42,1086,549",success
v23,Java,135,1350,C:\NCKH\VIDEO_LEARNING_RESEARCH\data\processed\ocr_best_integration\keyframes_roi\v23\v23_01350s.png,subject_default,,low,,0.07,0.12,0.0,0.1,"130,42,1086,549",success
v23,Java,136,1360,C:\NCKH\VIDEO_LEARNING_RESEARCH\data\processed\ocr_best_integration\keyframes_roi\v23\v23_01360s.png,subject_default,,low,,0.07,0.12,0.0,0.1,"130,42,1086,549",success
v23,Java,137,1370,C:\NCKH\VIDEO_LEARNING_RESEARCH\data\processed\ocr_best_integration\keyframes_roi\v23\v23_01370s.png,subject_default,,low,,0.07,0.12,0.0,0.1,"130,42,1086,549",success
v23,Java,138,1380,C:\NCKH\VIDEO_LEARNING_RESEARCH\data\processed\ocr_best_integration\keyframes_roi\v23\v23_01380s.png,subject_default,,low,,0.07,0.12,0.0,0.1,"130,42,1086,549",success
v23,Java,139,1390,C:\NCKH\VIDEO_LEARNING_RESEARCH\data\processed\ocr_best_integration\keyframes_roi\v23\v23_01390s.png,subject_default,,low,,0.07,0.12,0.0,0.1,"130,42,1086,549",success
v23,Java,140,1400,C:\NCKH\VIDEO_LEARNING_RESEARCH\data\processed\ocr_best_integration\keyframes_roi\v23\v23_01400s.png,subject_default,,low,,0.07,0.12,0.0,0.1,"130,42,1086,549",success
v23,Java,141,1410,C:\NCKH\VIDEO_LEARNING_RESEARCH\data\processed\ocr_best_integration\keyframes_roi\v23\v23_01410s.png,subject_default,,low,,0.07,0.12,0.0,0.1,"130,42,1086,549",success
v23,Java,142,1420,C:\NCKH\VIDEO_LEARNING_RESEARCH\data\processed\ocr_best_integration\keyframes_roi\v23\v23_01420s.png,subject_default,,low,,0.07,0.12,0.0,0.1,"130,42,1086,549",success
v23,Java,143,1430,C:\NCKH\VIDEO_LEARNING_RESEARCH\data\processed\ocr_best_integration\keyframes_roi\v23\v23_01430s.png,subject_default,,low,,0.07,0.12,0.0,0.1,"130,42,1086,549",success
v23,Java,144,1440,C:\NCKH\VIDEO_LEARNING_RESEARCH\data\processed\ocr_best_integration\keyframes_roi\v23\v23_01440s.png,subject_default,,low,,0.07,0.12,0.0,0.1,"130,42,1086,549",success
v23,Java,145,1450,C:\NCKH\VIDEO_LEARNING_RESEARCH\data\processed\ocr_best_integration\keyframes_roi\v23\v23_01450s.png,subject_default,,low,,0.07,0.12,0.0,0.1,"130,42,1086,549",success
v23,Java,146,1460,C:\NCKH\VIDEO_LEARNING_RESEARCH\data\processed\ocr_best_integration\keyframes_roi\v23\v23_01460s.png,subject_default,,low,,0.07,0.12,0.0,0.1,"130,42,1086,549",success
v23,Java,147,1470,C:\NCKH\VIDEO_LEARNING_RESEARCH\data\processed\ocr_best_integration\keyframes_roi\v23\v23_01470s.png,subject_default,,low,,0.07,0.12,0.0,0.1,"130,42,1086,549",success
v23,Java,148,1480,C:\NCKH\VIDEO_LEARNING_RESEARCH\data\processed\ocr_best_integration\keyframes_roi\v23\v23_01480s.png,subject_default,,low,,0.07,0.12,0.0,0.1,"130,42,1086,549",success
v23,Java,149,1490,C:\NCKH\VIDEO_LEARNING_RESEARCH\data\processed\ocr_best_integration\keyframes_roi\v23\v23_01490s.png,subject_default,,low,,0.07,0.12,0.0,0.1,"130,42,1086,549",success
v23,Java,150,1500,C:\NCKH\VIDEO_LEARNING_RESEARCH\data\processed\ocr_best_integration\keyframes_roi\v23\v23_01500s.png,subject_default,,low,,0.07,0.12,0.0,0.1,"130,42,1086,549",success
v23,Java,151,1510,C:\NCKH\VIDEO_LEARNING_RESEARCH\data\processed\ocr_best_integration\keyframes_roi\v23\v23_01510s.png,subject_default,,low,,0.07,0.12,0.0,0.1,"130,42,1086,549",success
v23,Java,152,1520,C:\NCKH\VIDEO_LEARNING_RESEARCH\data\processed\ocr_best_integration\keyframes_roi\v23\v23_01520s.png,subject_default,,low,,0.07,0.12,0.0,0.1,"130,42,1086,549",success
v23,Java,153,1530,C:\NCKH\VIDEO_LEARNING_RESEARCH\data\processed\ocr_best_integration\keyframes_roi\v23\v23_01530s.png,subject_default,,low,,0.07,0.12,0.0,0.1,"130,42,1086,549",success
v23,Java,154,1540,C:\NCKH\VIDEO_LEARNING_RESEARCH\data\processed\ocr_best_integration\keyframes_roi\v23\v23_01540s.png,subject_default,,low,,0.07,0.12,0.0,0.1,"130,42,1086,549",success
v23,Java,155,1550,C:\NCKH\VIDEO_LEARNING_RESEARCH\data\processed\ocr_best_integration\keyframes_roi\v23\v23_01550s.png,subject_default,,low,,0.07,0.12,0.0,0.1,"130,42,1086,549",success
v23,Java,156,1560,C:\NCKH\VIDEO_LEARNING_RESEARCH\data\processed\ocr_best_integration\keyframes_roi\v23\v23_01560s.png,subject_default,,low,,0.07,0.12,0.0,0.1,"130,42,1086,549",success
v23,Java,157,1570,C:\NCKH\VIDEO_LEARNING_RESEARCH\data\processed\ocr_best_integration\keyframes_roi\v23\v23_01570s.png,subject_default,,low,,0.07,0.12,0.0,0.1,"130,42,1086,549",success
v23,Java,158,1580,C:\NCKH\VIDEO_LEARNING_RESEARCH\data\processed\ocr_best_integration\keyframes_roi\v23\v23_01580s.png,subject_default,,low,,0.07,0.12,0.0,0.1,"130,42,1086,549",success
v23,Java,159,1590,C:\NCKH\VIDEO_LEARNING_RESEARCH\data\processed\ocr_best_integration\keyframes_roi\v23\v23_01590s.png,subject_default,,low,,0.07,0.12,0.0,0.1,"130,42,1086,549",success
v23,Java,160,1600,C:\NCKH\VIDEO_LEARNING_RESEARCH\data\processed\ocr_best_integration\keyframes_roi\v23\v23_01600s.png,subject_default,,low,,0.07,0.12,0.0,0.1,"130,42,1086,549",success
v23,Java,161,1610,C:\NCKH\VIDEO_LEARNING_RESEARCH\data\processed\ocr_best_integration\keyframes_roi\v23\v23_01610s.png,subject_default,,low,,0.07,0.12,0.0,0.1,"130,42,1086,549",success
v23,Java,162,1620,C:\NCKH\VIDEO_LEARNING_RESEARCH\data\processed\ocr_best_integration\keyframes_roi\v23\v23_01620s.png,subject_default,,low,,0.07,0.12,0.0,0.1,"130,42,1086,549",success
v23,Java,163,1630,C:\NCKH\VIDEO_LEARNING_RESEARCH\data\processed\ocr_best_integration\keyframes_roi\v23\v23_01630s.png,subject_default,,low,,0.07,0.12,0.0,0.1,"130,42,1086,549",success
v23,Java,164,1640,C:\NCKH\VIDEO_LEARNING_RESEARCH\data\processed\ocr_best_integration\keyframes_roi\v23\v23_01640s.png,subject_default,,low,,0.07,0.12,0.0,0.1,"130,42,1086,549",success
v23,Java,165,1650,C:\NCKH\VIDEO_LEARNING_RESEARCH\data\processed\ocr_best_integration\keyframes_roi\v23\v23_01650s.png,subject_default,,low,,0.07,0.12,0.0,0.1,"130,42,1086,549",success
v23,Java,166,1660,C:\NCKH\VIDEO_LEARNING_RESEARCH\data\processed\ocr_best_integration\keyframes_roi\v23\v23_01660s.png,subject_default,,low,,0.07,0.12,0.0,0.1,"130,42,1086,549",success
v23,Java,167,1670,C:\NCKH\VIDEO_LEARNING_RESEARCH\data\processed\ocr_best_integration\keyframes_roi\v23\v23_01670s.png,subject_default,,low,,0.07,0.12,0.0,0.1,"130,42,1086,549",success
v23,Java,168,1680,C:\NCKH\VIDEO_LEARNING_RESEARCH\data\processed\ocr_best_integration\keyframes_roi\v23\v23_01680s.png,subject_default,,low,,0.07,0.12,0.0,0.1,"130,42,1086,549",success
v23,Java,169,1690,C:\NCKH\VIDEO_LEARNING_RESEARCH\data\processed\ocr_best_integration\keyframes_roi\v23\v23_01690s.png,subject_default,,low,,0.07,0.12,0.0,0.1,"130,42,1086,549",success
v23,Java,170,1700,C:\NCKH\VIDEO_LEARNING_RESEARCH\data\processed\ocr_best_integration\keyframes_roi\v23\v23_01700s.png,subject_default,,low,,0.07,0.12,0.0,0.1,"130,42,1086,549",success
v23,Java,171,1710,C:\NCKH\VIDEO_LEARNING_RESEARCH\data\processed\ocr_best_integration\keyframes_roi\v23\v23_01710s.png,subject_default,,low,,0.07,0.12,0.0,0.1,"130,42,1086,549",success
v23,Java,172,1720,C:\NCKH\VIDEO_LEARNING_RESEARCH\data\processed\ocr_best_integration\keyframes_roi\v23\v23_01720s.png,subject_default,,low,,0.07,0.12,0.0,0.1,"130,42,1086,549",success
v23,Java,173,1730,C:\NCKH\VIDEO_LEARNING_RESEARCH\data\processed\ocr_best_integration\keyframes_roi\v23\v23_01730s.png,subject_default,,low,,0.07,0.12,0.0,0.1,"130,42,1086,549",success
v23,Java,174,1740,C:\NCKH\VIDEO_LEARNING_RESEARCH\data\processed\ocr_best_integration\keyframes_roi\v23\v23_01740s.png,subject_default,,low,,0.07,0.12,0.0,0.1,"130,42,1086,549",success
v23,Java,175,1750,C:\NCKH\VIDEO_LEARNING_RESEARCH\data\processed\ocr_best_integration\keyframes_roi\v23\v23_01750s.png,subject_default,,low,,0.07,0.12,0.0,0.1,"130,42,1086,549",success
v23,Java,176,1760,C:\NCKH\VIDEO_LEARNING_RESEARCH\data\processed\ocr_best_integration\keyframes_roi\v23\v23_01760s.png,subject_default,,low,,0.07,0.12,0.0,0.1,"130,42,1086,549",success
v23,Java,177,1770,C:\NCKH\VIDEO_LEARNING_RESEARCH\data\processed\ocr_best_integration\keyframes_roi\v23\v23_01770s.png,subject_default,,low,,0.07,0.12,0.0,0.1,"130,42,1086,549",success
v23,Java,178,1780,C:\NCKH\VIDEO_LEARNING_RESEARCH\data\processed\ocr_best_integration\keyframes_roi\v23\v23_01780s.png,subject_default,,low,,0.07,0.12,0.0,0.1,"130,42,1086,549",success
v23,Java,179,1790,C:\NCKH\VIDEO_LEARNING_RESEARCH\data\processed\ocr_best_integration\keyframes_roi\v23\v23_01790s.png,subject_default,,low,,0.07,0.12,0.0,0.1,"130,42,1086,549",success
v23,Java,180,1800,C:\NCKH\VIDEO_LEARNING_RESEARCH\data\processed\ocr_best_integration\keyframes_roi\v23\v23_01800s.png,subject_default,,low,,0.07,0.12,0.0,0.1,"130,42,1086,549",success
v23,Java,181,1810,C:\NCKH\VIDEO_LEARNING_RESEARCH\data\processed\ocr_best_integration\keyframes_roi\v23\v23_01810s.png,subject_default,,low,,0.07,0.12,0.0,0.1,"130,42,1086,549",success
v23,Java,182,1820,C:\NCKH\VIDEO_LEARNING_RESEARCH\data\processed\ocr_best_integration\keyframes_roi\v23\v23_01820s.png,subject_default,,low,,0.07,0.12,0.0,0.1,"130,42,1086,549",success
v23,Java,183,1830,C:\NCKH\VIDEO_LEARNING_RESEARCH\data\processed\ocr_best_integration\keyframes_roi\v23\v23_01830s.png,subject_default,,low,,0.07,0.12,0.0,0.1,"130,42,1086,549",success
v23,Java,184,1840,C:\NCKH\VIDEO_LEARNING_RESEARCH\data\processed\ocr_best_integration\keyframes_roi\v23\v23_01840s.png,subject_default,,low,,0.07,0.12,0.0,0.1,"130,42,1086,549",success
v23,Java,185,1850,C:\NCKH\VIDEO_LEARNING_RESEARCH\data\processed\ocr_best_integration\keyframes_roi\v23\v23_01850s.png,subject_default,,low,,0.07,0.12,0.0,0.1,"130,42,1086,549",success
v23,Java,186,1860,C:\NCKH\VIDEO_LEARNING_RESEARCH\data\processed\ocr_best_integration\keyframes_roi\v23\v23_01860s.png,subject_default,,low,,0.07,0.12,0.0,0.1,"130,42,1086,549",success
v23,Java,187,1870,C:\NCKH\VIDEO_LEARNING_RESEARCH\data\processed\ocr_best_integration\keyframes_roi\v23\v23_01870s.png,subject_default,,low,,0.07,0.12,0.0,0.1,"130,42,1086,549",success
v23,Java,188,1880,C:\NCKH\VIDEO_LEARNING_RESEARCH\data\processed\ocr_best_integration\keyframes_roi\v23\v23_01880s.png,subject_default,,low,,0.07,0.12,0.0,0.1,"130,42,1086,549",success
v24,Java,0,0,C:\NCKH\VIDEO_LEARNING_RESEARCH\data\processed\ocr_best_integration\keyframes_roi\v24\v24_00000s.png,subject_default,,low,,0.07,0.12,0.0,0.1,"130,42,1086,549",success
v24,Java,1,10,C:\NCKH\VIDEO_LEARNING_RESEARCH\data\processed\ocr_best_integration\keyframes_roi\v24\v24_00010s.png,subject_default,,low,,0.07,0.12,0.0,0.1,"130,42,1086,549",success
v24,Java,2,20,C:\NCKH\VIDEO_LEARNING_RESEARCH\data\processed\ocr_best_integration\keyframes_roi\v24\v24_00020s.png,subject_default,,low,,0.07,0.12,0.0,0.1,"130,42,1086,549",success
v24,Java,3,30,C:\NCKH\VIDEO_LEARNING_RESEARCH\data\processed\ocr_best_integration\keyframes_roi\v24\v24_00030s.png,subject_default,,low,,0.07,0.12,0.0,0.1,"130,42,1086,549",success
v24,Java,4,40,C:\NCKH\VIDEO_LEARNING_RESEARCH\data\processed\ocr_best_integration\keyframes_roi\v24\v24_00040s.png,subject_default,,low,,0.07,0.12,0.0,0.1,"130,42,1086,549",success
v24,Java,5,50,C:\NCKH\VIDEO_LEARNING_RESEARCH\data\processed\ocr_best_integration\keyframes_roi\v24\v24_00050s.png,subject_default,,low,,0.07,0.12,0.0,0.1,"130,42,1086,549",success
v24,Java,6,60,C:\NCKH\VIDEO_LEARNING_RESEARCH\data\processed\ocr_best_integration\keyframes_roi\v24\v24_00060s.png,subject_default,,low,,0.07,0.12,0.0,0.1,"130,42,1086,549",success
v24,Java,7,70,C:\NCKH\VIDEO_LEARNING_RESEARCH\data\processed\ocr_best_integration\keyframes_roi\v24\v24_00070s.png,subject_default,,low,,0.07,0.12,0.0,0.1,"130,42,1086,549",success
v24,Java,8,80,C:\NCKH\VIDEO_LEARNING_RESEARCH\data\processed\ocr_best_integration\keyframes_roi\v24\v24_00080s.png,subject_default,,low,,0.07,0.12,0.0,0.1,"130,42,1086,549",success
v24,Java,9,90,C:\NCKH\VIDEO_LEARNING_RESEARCH\data\processed\ocr_best_integration\keyframes_roi\v24\v24_00090s.png,subject_default,,low,,0.07,0.12,0.0,0.1,"130,42,1086,549",success
v24,Java,10,100,C:\NCKH\VIDEO_LEARNING_RESEARCH\data\processed\ocr_best_integration\keyframes_roi\v24\v24_00100s.png,subject_default,,low,,0.07,0.12,0.0,0.1,"130,42,1086,549",success
v24,Java,11,110,C:\NCKH\VIDEO_LEARNING_RESEARCH\data\processed\ocr_best_integration\keyframes_roi\v24\v24_00110s.png,subject_default,,low,,0.07,0.12,0.0,0.1,"130,42,1086,549",success
v24,Java,12,120,C:\NCKH\VIDEO_LEARNING_RESEARCH\data\processed\ocr_best_integration\keyframes_roi\v24\v24_00120s.png,subject_default,,low,,0.07,0.12,0.0,0.1,"130,42,1086,549",success
v24,Java,13,130,C:\NCKH\VIDEO_LEARNING_RESEARCH\data\processed\ocr_best_integration\keyframes_roi\v24\v24_00130s.png,subject_default,,low,,0.07,0.12,0.0,0.1,"130,42,1086,549",success
v24,Java,14,140,C:\NCKH\VIDEO_LEARNING_RESEARCH\data\processed\ocr_best_integration\keyframes_roi\v24\v24_00140s.png,subject_default,,low,,0.07,0.12,0.0,0.1,"130,42,1086,549",success
v24,Java,15,150,C:\NCKH\VIDEO_LEARNING_RESEARCH\data\processed\ocr_best_integration\keyframes_roi\v24\v24_00150s.png,subject_default,,low,,0.07,0.12,0.0,0.1,"130,42,1086,549",success
v24,Java,16,160,C:\NCKH\VIDEO_LEARNING_RESEARCH\data\processed\ocr_best_integration\keyframes_roi\v24\v24_00160s.png,subject_default,,low,,0.07,0.12,0.0,0.1,"130,42,1086,549",success
v24,Java,17,170,C:\NCKH\VIDEO_LEARNING_RESEARCH\data\processed\ocr_best_integration\keyframes_roi\v24\v24_00170s.png,subject_default,,low,,0.07,0.12,0.0,0.1,"130,42,1086,549",success
v24,Java,18,180,C:\NCKH\VIDEO_LEARNING_RESEARCH\data\processed\ocr_best_integration\keyframes_roi\v24\v24_00180s.png,subject_default,,low,,0.07,0.12,0.0,0.1,"130,42,1086,549",success
v24,Java,19,190,C:\NCKH\VIDEO_LEARNING_RESEARCH\data\processed\ocr_best_integration\keyframes_roi\v24\v24_00190s.png,subject_default,,low,,0.07,0.12,0.0,0.1,"130,42,1086,549",success
v24,Java,20,200,C:\NCKH\VIDEO_LEARNING_RESEARCH\data\processed\ocr_best_integration\keyframes_roi\v24\v24_00200s.png,subject_default,,low,,0.07,0.12,0.0,0.1,"130,42,1086,549",success
v24,Java,21,210,C:\NCKH\VIDEO_LEARNING_RESEARCH\data\processed\ocr_best_integration\keyframes_roi\v24\v24_00210s.png,subject_default,,low,,0.07,0.12,0.0,0.1,"130,42,1086,549",success
v24,Java,22,220,C:\NCKH\VIDEO_LEARNING_RESEARCH\data\processed\ocr_best_integration\keyframes_roi\v24\v24_00220s.png,subject_default,,low,,0.07,0.12,0.0,0.1,"130,42,1086,549",success
v24,Java,23,230,C:\NCKH\VIDEO_LEARNING_RESEARCH\data\processed\ocr_best_integration\keyframes_roi\v24\v24_00230s.png,subject_default,,low,,0.07,0.12,0.0,0.1,"130,42,1086,549",success
v24,Java,24,240,C:\NCKH\VIDEO_LEARNING_RESEARCH\data\processed\ocr_best_integration\keyframes_roi\v24\v24_00240s.png,subject_default,,low,,0.07,0.12,0.0,0.1,"130,42,1086,549",success
v24,Java,25,250,C:\NCKH\VIDEO_LEARNING_RESEARCH\data\processed\ocr_best_integration\keyframes_roi\v24\v24_00250s.png,subject_default,,low,,0.07,0.12,0.0,0.1,"130,42,1086,549",success
v24,Java,26,260,C:\NCKH\VIDEO_LEARNING_RESEARCH\data\processed\ocr_best_integration\keyframes_roi\v24\v24_00260s.png,subject_default,,low,,0.07,0.12,0.0,0.1,"130,42,1086,549",success
v24,Java,27,270,C:\NCKH\VIDEO_LEARNING_RESEARCH\data\processed\ocr_best_integration\keyframes_roi\v24\v24_00270s.png,subject_default,,low,,0.07,0.12,0.0,0.1,"130,42,1086,549",success
v24,Java,28,280,C:\NCKH\VIDEO_LEARNING_RESEARCH\data\processed\ocr_best_integration\keyframes_roi\v24\v24_00280s.png,subject_default,,low,,0.07,0.12,0.0,0.1,"130,42,1086,549",success
v24,Java,29,290,C:\NCKH\VIDEO_LEARNING_RESEARCH\data\processed\ocr_best_integration\keyframes_roi\v24\v24_00290s.png,subject_default,,low,,0.07,0.12,0.0,0.1,"130,42,1086,549",success
v24,Java,30,300,C:\NCKH\VIDEO_LEARNING_RESEARCH\data\processed\ocr_best_integration\keyframes_roi\v24\v24_00300s.png,subject_default,,low,,0.07,0.12,0.0,0.1,"130,42,1086,549",success
v24,Java,31,310,C:\NCKH\VIDEO_LEARNING_RESEARCH\data\processed\ocr_best_integration\keyframes_roi\v24\v24_00310s.png,subject_default,,low,,0.07,0.12,0.0,0.1,"130,42,1086,549",success
v24,Java,32,320,C:\NCKH\VIDEO_LEARNING_RESEARCH\data\processed\ocr_best_integration\keyframes_roi\v24\v24_00320s.png,subject_default,,low,,0.07,0.12,0.0,0.1,"130,42,1086,549",success
v24,Java,33,330,C:\NCKH\VIDEO_LEARNING_RESEARCH\data\processed\ocr_best_integration\keyframes_roi\v24\v24_00330s.png,subject_default,,low,,0.07,0.12,0.0,0.1,"130,42,1086,549",success
v24,Java,34,340,C:\NCKH\VIDEO_LEARNING_RESEARCH\data\processed\ocr_best_integration\keyframes_roi\v24\v24_00340s.png,subject_default,,low,,0.07,0.12,0.0,0.1,"130,42,1086,549",success
v24,Java,35,350,C:\NCKH\VIDEO_LEARNING_RESEARCH\data\processed\ocr_best_integration\keyframes_roi\v24\v24_00350s.png,subject_default,,low,,0.07,0.12,0.0,0.1,"130,42,1086,549",success
v24,Java,36,360,C:\NCKH\VIDEO_LEARNING_RESEARCH\data\processed\ocr_best_integration\keyframes_roi\v24\v24_00360s.png,subject_default,,low,,0.07,0.12,0.0,0.1,"130,42,1086,549",success
v24,Java,37,370,C:\NCKH\VIDEO_LEARNING_RESEARCH\data\processed\ocr_best_integration\keyframes_roi\v24\v24_00370s.png,subject_default,,low,,0.07,0.12,0.0,0.1,"130,42,1086,549",success
v24,Java,38,380,C:\NCKH\VIDEO_LEARNING_RESEARCH\data\processed\ocr_best_integration\keyframes_roi\v24\v24_00380s.png,subject_default,,low,,0.07,0.12,0.0,0.1,"130,42,1086,549",success
v24,Java,39,390,C:\NCKH\VIDEO_LEARNING_RESEARCH\data\processed\ocr_best_integration\keyframes_roi\v24\v24_00390s.png,subject_default,,low,,0.07,0.12,0.0,0.1,"130,42,1086,549",success
v24,Java,40,400,C:\NCKH\VIDEO_LEARNING_RESEARCH\data\processed\ocr_best_integration\keyframes_roi\v24\v24_00400s.png,subject_default,,low,,0.07,0.12,0.0,0.1,"130,42,1086,549",success
v24,Java,41,410,C:\NCKH\VIDEO_LEARNING_RESEARCH\data\processed\ocr_best_integration\keyframes_roi\v24\v24_00410s.png,subject_default,,low,,0.07,0.12,0.0,0.1,"130,42,1086,549",success
v24,Java,42,420,C:\NCKH\VIDEO_LEARNING_RESEARCH\data\processed\ocr_best_integration\keyframes_roi\v24\v24_00420s.png,subject_default,,low,,0.07,0.12,0.0,0.1,"130,42,1086,549",success
v24,Java,43,430,C:\NCKH\VIDEO_LEARNING_RESEARCH\data\processed\ocr_best_integration\keyframes_roi\v24\v24_00430s.png,subject_default,,low,,0.07,0.12,0.0,0.1,"130,42,1086,549",success
v24,Java,44,440,C:\NCKH\VIDEO_LEARNING_RESEARCH\data\processed\ocr_best_integration\keyframes_roi\v24\v24_00440s.png,subject_default,,low,,0.07,0.12,0.0,0.1,"130,42,1086,549",success
v24,Java,45,450,C:\NCKH\VIDEO_LEARNING_RESEARCH\data\processed\ocr_best_integration\keyframes_roi\v24\v24_00450s.png,subject_default,,low,,0.07,0.12,0.0,0.1,"130,42,1086,549",success
v24,Java,46,460,C:\NCKH\VIDEO_LEARNING_RESEARCH\data\processed\ocr_best_integration\keyframes_roi\v24\v24_00460s.png,subject_default,,low,,0.07,0.12,0.0,0.1,"130,42,1086,549",success
v24,Java,47,470,C:\NCKH\VIDEO_LEARNING_RESEARCH\data\processed\ocr_best_integration\keyframes_roi\v24\v24_00470s.png,subject_default,,low,,0.07,0.12,0.0,0.1,"130,42,1086,549",success
v24,Java,48,480,C:\NCKH\VIDEO_LEARNING_RESEARCH\data\processed\ocr_best_integration\keyframes_roi\v24\v24_00480s.png,subject_default,,low,,0.07,0.12,0.0,0.1,"130,42,1086,549",success
v24,Java,49,490,C:\NCKH\VIDEO_LEARNING_RESEARCH\data\processed\ocr_best_integration\keyframes_roi\v24\v24_00490s.png,subject_default,,low,,0.07,0.12,0.0,0.1,"130,42,1086,549",success
v24,Java,50,500,C:\NCKH\VIDEO_LEARNING_RESEARCH\data\processed\ocr_best_integration\keyframes_roi\v24\v24_00500s.png,subject_default,,low,,0.07,0.12,0.0,0.1,"130,42,1086,549",success
v24,Java,51,510,C:\NCKH\VIDEO_LEARNING_RESEARCH\data\processed\ocr_best_integration\keyframes_roi\v24\v24_00510s.png,subject_default,,low,,0.07,0.12,0.0,0.1,"130,42,1086,549",success
v24,Java,52,520,C:\NCKH\VIDEO_LEARNING_RESEARCH\data\processed\ocr_best_integration\keyframes_roi\v24\v24_00520s.png,subject_default,,low,,0.07,0.12,0.0,0.1,"130,42,1086,549",success
v24,Java,53,530,C:\NCKH\VIDEO_LEARNING_RESEARCH\data\processed\ocr_best_integration\keyframes_roi\v24\v24_00530s.png,subject_default,,low,,0.07,0.12,0.0,0.1,"130,42,1086,549",success
v24,Java,54,540,C:\NCKH\VIDEO_LEARNING_RESEARCH\data\processed\ocr_best_integration\keyframes_roi\v24\v24_00540s.png,subject_default,,low,,0.07,0.12,0.0,0.1,"130,42,1086,549",success
v24,Java,55,550,C:\NCKH\VIDEO_LEARNING_RESEARCH\data\processed\ocr_best_integration\keyframes_roi\v24\v24_00550s.png,subject_default,,low,,0.07,0.12,0.0,0.1,"130,42,1086,549",success
v24,Java,56,560,C:\NCKH\VIDEO_LEARNING_RESEARCH\data\processed\ocr_best_integration\keyframes_roi\v24\v24_00560s.png,subject_default,,low,,0.07,0.12,0.0,0.1,"130,42,1086,549",success
v24,Java,57,570,C:\NCKH\VIDEO_LEARNING_RESEARCH\data\processed\ocr_best_integration\keyframes_roi\v24\v24_00570s.png,subject_default,,low,,0.07,0.12,0.0,0.1,"130,42,1086,549",success
v24,Java,58,580,C:\NCKH\VIDEO_LEARNING_RESEARCH\data\processed\ocr_best_integration\keyframes_roi\v24\v24_00580s.png,subject_default,,low,,0.07,0.12,0.0,0.1,"130,42,1086,549",success
v24,Java,59,590,C:\NCKH\VIDEO_LEARNING_RESEARCH\data\processed\ocr_best_integration\keyframes_roi\v24\v24_00590s.png,subject_default,,low,,0.07,0.12,0.0,0.1,"130,42,1086,549",success
v24,Java,60,600,C:\NCKH\VIDEO_LEARNING_RESEARCH\data\processed\ocr_best_integration\keyframes_roi\v24\v24_00600s.png,subject_default,,low,,0.07,0.12,0.0,0.1,"130,42,1086,549",success
v24,Java,61,610,C:\NCKH\VIDEO_LEARNING_RESEARCH\data\processed\ocr_best_integration\keyframes_roi\v24\v24_00610s.png,subject_default,,low,,0.07,0.12,0.0,0.1,"130,42,1086,549",success
v24,Java,62,620,C:\NCKH\VIDEO_LEARNING_RESEARCH\data\processed\ocr_best_integration\keyframes_roi\v24\v24_00620s.png,subject_default,,low,,0.07,0.12,0.0,0.1,"130,42,1086,549",success
v24,Java,63,630,C:\NCKH\VIDEO_LEARNING_RESEARCH\data\processed\ocr_best_integration\keyframes_roi\v24\v24_00630s.png,subject_default,,low,,0.07,0.12,0.0,0.1,"130,42,1086,549",success
v24,Java,64,640,C:\NCKH\VIDEO_LEARNING_RESEARCH\data\processed\ocr_best_integration\keyframes_roi\v24\v24_00640s.png,subject_default,,low,,0.07,0.12,0.0,0.1,"130,42,1086,549",success
v24,Java,65,650,C:\NCKH\VIDEO_LEARNING_RESEARCH\data\processed\ocr_best_integration\keyframes_roi\v24\v24_00650s.png,subject_default,,low,,0.07,0.12,0.0,0.1,"130,42,1086,549",success
v24,Java,66,660,C:\NCKH\VIDEO_LEARNING_RESEARCH\data\processed\ocr_best_integration\keyframes_roi\v24\v24_00660s.png,subject_default,,low,,0.07,0.12,0.0,0.1,"130,42,1086,549",success
v25,Java,0,0,C:\NCKH\VIDEO_LEARNING_RESEARCH\data\processed\ocr_best_integration\keyframes_roi\v25\v25_00000s.png,subject_default,,low,,0.07,0.12,0.0,0.1,"130,42,1086,549",success
v25,Java,1,10,C:\NCKH\VIDEO_LEARNING_RESEARCH\data\processed\ocr_best_integration\keyframes_roi\v25\v25_00010s.png,subject_default,,low,,0.07,0.12,0.0,0.1,"130,42,1086,549",success
v25,Java,2,20,C:\NCKH\VIDEO_LEARNING_RESEARCH\data\processed\ocr_best_integration\keyframes_roi\v25\v25_00020s.png,subject_default,,low,,0.07,0.12,0.0,0.1,"130,42,1086,549",success
v25,Java,3,30,C:\NCKH\VIDEO_LEARNING_RESEARCH\data\processed\ocr_best_integration\keyframes_roi\v25\v25_00030s.png,subject_default,,low,,0.07,0.12,0.0,0.1,"130,42,1086,549",success
v25,Java,4,40,C:\NCKH\VIDEO_LEARNING_RESEARCH\data\processed\ocr_best_integration\keyframes_roi\v25\v25_00040s.png,subject_default,,low,,0.07,0.12,0.0,0.1,"130,42,1086,549",success
v25,Java,5,50,C:\NCKH\VIDEO_LEARNING_RESEARCH\data\processed\ocr_best_integration\keyframes_roi\v25\v25_00050s.png,subject_default,,low,,0.07,0.12,0.0,0.1,"130,42,1086,549",success
v25,Java,6,60,C:\NCKH\VIDEO_LEARNING_RESEARCH\data\processed\ocr_best_integration\keyframes_roi\v25\v25_00060s.png,subject_default,,low,,0.07,0.12,0.0,0.1,"130,42,1086,549",success
v25,Java,7,70,C:\NCKH\VIDEO_LEARNING_RESEARCH\data\processed\ocr_best_integration\keyframes_roi\v25\v25_00070s.png,subject_default,,low,,0.07,0.12,0.0,0.1,"130,42,1086,549",success
v25,Java,8,80,C:\NCKH\VIDEO_LEARNING_RESEARCH\data\processed\ocr_best_integration\keyframes_roi\v25\v25_00080s.png,subject_default,,low,,0.07,0.12,0.0,0.1,"130,42,1086,549",success
v25,Java,9,90,C:\NCKH\VIDEO_LEARNING_RESEARCH\data\processed\ocr_best_integration\keyframes_roi\v25\v25_00090s.png,subject_default,,low,,0.07,0.12,0.0,0.1,"130,42,1086,549",success
v25,Java,10,100,C:\NCKH\VIDEO_LEARNING_RESEARCH\data\processed\ocr_best_integration\keyframes_roi\v25\v25_00100s.png,subject_default,,low,,0.07,0.12,0.0,0.1,"130,42,1086,549",success
v25,Java,11,110,C:\NCKH\VIDEO_LEARNING_RESEARCH\data\processed\ocr_best_integration\keyframes_roi\v25\v25_00110s.png,subject_default,,low,,0.07,0.12,0.0,0.1,"130,42,1086,549",success
v25,Java,12,120,C:\NCKH\VIDEO_LEARNING_RESEARCH\data\processed\ocr_best_integration\keyframes_roi\v25\v25_00120s.png,subject_default,,low,,0.07,0.12,0.0,0.1,"130,42,1086,549",success
v25,Java,13,130,C:\NCKH\VIDEO_LEARNING_RESEARCH\data\processed\ocr_best_integration\keyframes_roi\v25\v25_00130s.png,subject_default,,low,,0.07,0.12,0.0,0.1,"130,42,1086,549",success
v25,Java,14,140,C:\NCKH\VIDEO_LEARNING_RESEARCH\data\processed\ocr_best_integration\keyframes_roi\v25\v25_00140s.png,subject_default,,low,,0.07,0.12,0.0,0.1,"130,42,1086,549",success
v25,Java,15,150,C:\NCKH\VIDEO_LEARNING_RESEARCH\data\processed\ocr_best_integration\keyframes_roi\v25\v25_00150s.png,subject_default,,low,,0.07,0.12,0.0,0.1,"130,42,1086,549",success
v25,Java,16,160,C:\NCKH\VIDEO_LEARNING_RESEARCH\data\processed\ocr_best_integration\keyframes_roi\v25\v25_00160s.png,subject_default,,low,,0.07,0.12,0.0,0.1,"130,42,1086,549",success
v25,Java,17,170,C:\NCKH\VIDEO_LEARNING_RESEARCH\data\processed\ocr_best_integration\keyframes_roi\v25\v25_00170s.png,subject_default,,low,,0.07,0.12,0.0,0.1,"130,42,1086,549",success
v25,Java,18,180,C:\NCKH\VIDEO_LEARNING_RESEARCH\data\processed\ocr_best_integration\keyframes_roi\v25\v25_00180s.png,subject_default,,low,,0.07,0.12,0.0,0.1,"130,42,1086,549",success
v25,Java,19,190,C:\NCKH\VIDEO_LEARNING_RESEARCH\data\processed\ocr_best_integration\keyframes_roi\v25\v25_00190s.png,subject_default,,low,,0.07,0.12,0.0,0.1,"130,42,1086,549",success
v25,Java,20,200,C:\NCKH\VIDEO_LEARNING_RESEARCH\data\processed\ocr_best_integration\keyframes_roi\v25\v25_00200s.png,subject_default,,low,,0.07,0.12,0.0,0.1,"130,42,1086,549",success
v25,Java,21,210,C:\NCKH\VIDEO_LEARNING_RESEARCH\data\processed\ocr_best_integration\keyframes_roi\v25\v25_00210s.png,subject_default,,low,,0.07,0.12,0.0,0.1,"130,42,1086,549",success
v25,Java,22,220,C:\NCKH\VIDEO_LEARNING_RESEARCH\data\processed\ocr_best_integration\keyframes_roi\v25\v25_00220s.png,subject_default,,low,,0.07,0.12,0.0,0.1,"130,42,1086,549",success
v25,Java,23,230,C:\NCKH\VIDEO_LEARNING_RESEARCH\data\processed\ocr_best_integration\keyframes_roi\v25\v25_00230s.png,subject_default,,low,,0.07,0.12,0.0,0.1,"130,42,1086,549",success
v25,Java,24,240,C:\NCKH\VIDEO_LEARNING_RESEARCH\data\processed\ocr_best_integration\keyframes_roi\v25\v25_00240s.png,subject_default,,low,,0.07,0.12,0.0,0.1,"130,42,1086,549",success
v25,Java,25,250,C:\NCKH\VIDEO_LEARNING_RESEARCH\data\processed\ocr_best_integration\keyframes_roi\v25\v25_00250s.png,subject_default,,low,,0.07,0.12,0.0,0.1,"130,42,1086,549",success
v25,Java,26,260,C:\NCKH\VIDEO_LEARNING_RESEARCH\data\processed\ocr_best_integration\keyframes_roi\v25\v25_00260s.png,subject_default,,low,,0.07,0.12,0.0,0.1,"130,42,1086,549",success
v25,Java,27,270,C:\NCKH\VIDEO_LEARNING_RESEARCH\data\processed\ocr_best_integration\keyframes_roi\v25\v25_00270s.png,subject_default,,low,,0.07,0.12,0.0,0.1,"130,42,1086,549",success
v25,Java,28,280,C:\NCKH\VIDEO_LEARNING_RESEARCH\data\processed\ocr_best_integration\keyframes_roi\v25\v25_00280s.png,subject_default,,low,,0.07,0.12,0.0,0.1,"130,42,1086,549",success
v25,Java,29,290,C:\NCKH\VIDEO_LEARNING_RESEARCH\data\processed\ocr_best_integration\keyframes_roi\v25\v25_00290s.png,subject_default,,low,,0.07,0.12,0.0,0.1,"130,42,1086,549",success
v25,Java,30,300,C:\NCKH\VIDEO_LEARNING_RESEARCH\data\processed\ocr_best_integration\keyframes_roi\v25\v25_00300s.png,subject_default,,low,,0.07,0.12,0.0,0.1,"130,42,1086,549",success
v25,Java,31,310,C:\NCKH\VIDEO_LEARNING_RESEARCH\data\processed\ocr_best_integration\keyframes_roi\v25\v25_00310s.png,subject_default,,low,,0.07,0.12,0.0,0.1,"130,42,1086,549",success
v25,Java,32,320,C:\NCKH\VIDEO_LEARNING_RESEARCH\data\processed\ocr_best_integration\keyframes_roi\v25\v25_00320s.png,subject_default,,low,,0.07,0.12,0.0,0.1,"130,42,1086,549",success
v25,Java,33,330,C:\NCKH\VIDEO_LEARNING_RESEARCH\data\processed\ocr_best_integration\keyframes_roi\v25\v25_00330s.png,subject_default,,low,,0.07,0.12,0.0,0.1,"130,42,1086,549",success
v25,Java,34,340,C:\NCKH\VIDEO_LEARNING_RESEARCH\data\processed\ocr_best_integration\keyframes_roi\v25\v25_00340s.png,subject_default,,low,,0.07,0.12,0.0,0.1,"130,42,1086,549",success
v25,Java,35,350,C:\NCKH\VIDEO_LEARNING_RESEARCH\data\processed\ocr_best_integration\keyframes_roi\v25\v25_00350s.png,subject_default,,low,,0.07,0.12,0.0,0.1,"130,42,1086,549",success
v25,Java,36,360,C:\NCKH\VIDEO_LEARNING_RESEARCH\data\processed\ocr_best_integration\keyframes_roi\v25\v25_00360s.png,subject_default,,low,,0.07,0.12,0.0,0.1,"130,42,1086,549",success
v25,Java,37,370,C:\NCKH\VIDEO_LEARNING_RESEARCH\data\processed\ocr_best_integration\keyframes_roi\v25\v25_00370s.png,subject_default,,low,,0.07,0.12,0.0,0.1,"153,50,1280,648",success
v26,Java,0,0,C:\NCKH\VIDEO_LEARNING_RESEARCH\data\processed\ocr_best_integration\keyframes_roi\v26\v26_00000s.png,subject_default,,low,,0.07,0.12,0.0,0.1,"130,42,1086,549",success
v26,Java,1,10,C:\NCKH\VIDEO_LEARNING_RESEARCH\data\processed\ocr_best_integration\keyframes_roi\v26\v26_00010s.png,subject_default,,low,,0.07,0.12,0.0,0.1,"130,42,1086,549",success
v26,Java,2,20,C:\NCKH\VIDEO_LEARNING_RESEARCH\data\processed\ocr_best_integration\keyframes_roi\v26\v26_00020s.png,subject_default,,low,,0.07,0.12,0.0,0.1,"130,42,1086,549",success
v26,Java,3,30,C:\NCKH\VIDEO_LEARNING_RESEARCH\data\processed\ocr_best_integration\keyframes_roi\v26\v26_00030s.png,subject_default,,low,,0.07,0.12,0.0,0.1,"130,42,1086,549",success
v26,Java,4,40,C:\NCKH\VIDEO_LEARNING_RESEARCH\data\processed\ocr_best_integration\keyframes_roi\v26\v26_00040s.png,subject_default,,low,,0.07,0.12,0.0,0.1,"130,42,1086,549",success
v26,Java,5,50,C:\NCKH\VIDEO_LEARNING_RESEARCH\data\processed\ocr_best_integration\keyframes_roi\v26\v26_00050s.png,subject_default,,low,,0.07,0.12,0.0,0.1,"130,42,1086,549",success
v26,Java,6,60,C:\NCKH\VIDEO_LEARNING_RESEARCH\data\processed\ocr_best_integration\keyframes_roi\v26\v26_00060s.png,subject_default,,low,,0.07,0.12,0.0,0.1,"130,42,1086,549",success
v26,Java,7,70,C:\NCKH\VIDEO_LEARNING_RESEARCH\data\processed\ocr_best_integration\keyframes_roi\v26\v26_00070s.png,subject_default,,low,,0.07,0.12,0.0,0.1,"130,42,1086,549",success
v26,Java,8,80,C:\NCKH\VIDEO_LEARNING_RESEARCH\data\processed\ocr_best_integration\keyframes_roi\v26\v26_00080s.png,subject_default,,low,,0.07,0.12,0.0,0.1,"130,42,1086,549",success
v26,Java,9,90,C:\NCKH\VIDEO_LEARNING_RESEARCH\data\processed\ocr_best_integration\keyframes_roi\v26\v26_00090s.png,subject_default,,low,,0.07,0.12,0.0,0.1,"130,42,1086,549",success
v26,Java,10,100,C:\NCKH\VIDEO_LEARNING_RESEARCH\data\processed\ocr_best_integration\keyframes_roi\v26\v26_00100s.png,subject_default,,low,,0.07,0.12,0.0,0.1,"130,42,1086,549",success
v26,Java,11,110,C:\NCKH\VIDEO_LEARNING_RESEARCH\data\processed\ocr_best_integration\keyframes_roi\v26\v26_00110s.png,subject_default,,low,,0.07,0.12,0.0,0.1,"130,42,1086,549",success
v26,Java,12,120,C:\NCKH\VIDEO_LEARNING_RESEARCH\data\processed\ocr_best_integration\keyframes_roi\v26\v26_00120s.png,subject_default,,low,,0.07,0.12,0.0,0.1,"130,42,1086,549",success
v26,Java,13,130,C:\NCKH\VIDEO_LEARNING_RESEARCH\data\processed\ocr_best_integration\keyframes_roi\v26\v26_00130s.png,subject_default,,low,,0.07,0.12,0.0,0.1,"130,42,1086,549",success
v26,Java,14,140,C:\NCKH\VIDEO_LEARNING_RESEARCH\data\processed\ocr_best_integration\keyframes_roi\v26\v26_00140s.png,subject_default,,low,,0.07,0.12,0.0,0.1,"130,42,1086,549",success
v26,Java,15,150,C:\NCKH\VIDEO_LEARNING_RESEARCH\data\processed\ocr_best_integration\keyframes_roi\v26\v26_00150s.png,subject_default,,low,,0.07,0.12,0.0,0.1,"130,42,1086,549",success
v26,Java,16,160,C:\NCKH\VIDEO_LEARNING_RESEARCH\data\processed\ocr_best_integration\keyframes_roi\v26\v26_00160s.png,subject_default,,low,,0.07,0.12,0.0,0.1,"130,42,1086,549",success
v26,Java,17,170,C:\NCKH\VIDEO_LEARNING_RESEARCH\data\processed\ocr_best_integration\keyframes_roi\v26\v26_00170s.png,subject_default,,low,,0.07,0.12,0.0,0.1,"130,42,1086,549",success
v26,Java,18,180,C:\NCKH\VIDEO_LEARNING_RESEARCH\data\processed\ocr_best_integration\keyframes_roi\v26\v26_00180s.png,subject_default,,low,,0.07,0.12,0.0,0.1,"130,42,1086,549",success
v26,Java,19,190,C:\NCKH\VIDEO_LEARNING_RESEARCH\data\processed\ocr_best_integration\keyframes_roi\v26\v26_00190s.png,subject_default,,low,,0.07,0.12,0.0,0.1,"130,42,1086,549",success
v26,Java,20,200,C:\NCKH\VIDEO_LEARNING_RESEARCH\data\processed\ocr_best_integration\keyframes_roi\v26\v26_00200s.png,subject_default,,low,,0.07,0.12,0.0,0.1,"130,42,1086,549",success
v26,Java,21,210,C:\NCKH\VIDEO_LEARNING_RESEARCH\data\processed\ocr_best_integration\keyframes_roi\v26\v26_00210s.png,subject_default,,low,,0.07,0.12,0.0,0.1,"130,42,1086,549",success
v26,Java,22,220,C:\NCKH\VIDEO_LEARNING_RESEARCH\data\processed\ocr_best_integration\keyframes_roi\v26\v26_00220s.png,subject_default,,low,,0.07,0.12,0.0,0.1,"130,42,1086,549",success
v26,Java,23,230,C:\NCKH\VIDEO_LEARNING_RESEARCH\data\processed\ocr_best_integration\keyframes_roi\v26\v26_00230s.png,subject_default,,low,,0.07,0.12,0.0,0.1,"130,42,1086,549",success
v26,Java,24,240,C:\NCKH\VIDEO_LEARNING_RESEARCH\data\processed\ocr_best_integration\keyframes_roi\v26\v26_00240s.png,subject_default,,low,,0.07,0.12,0.0,0.1,"130,42,1086,549",success
v26,Java,25,250,C:\NCKH\VIDEO_LEARNING_RESEARCH\data\processed\ocr_best_integration\keyframes_roi\v26\v26_00250s.png,subject_default,,low,,0.07,0.12,0.0,0.1,"130,42,1086,549",success
v26,Java,26,260,C:\NCKH\VIDEO_LEARNING_RESEARCH\data\processed\ocr_best_integration\keyframes_roi\v26\v26_00260s.png,subject_default,,low,,0.07,0.12,0.0,0.1,"130,42,1086,549",success
v26,Java,27,270,C:\NCKH\VIDEO_LEARNING_RESEARCH\data\processed\ocr_best_integration\keyframes_roi\v26\v26_00270s.png,subject_default,,low,,0.07,0.12,0.0,0.1,"130,42,1086,549",success
v26,Java,28,280,C:\NCKH\VIDEO_LEARNING_RESEARCH\data\processed\ocr_best_integration\keyframes_roi\v26\v26_00280s.png,subject_default,,low,,0.07,0.12,0.0,0.1,"130,42,1086,549",success
v26,Java,29,290,C:\NCKH\VIDEO_LEARNING_RESEARCH\data\processed\ocr_best_integration\keyframes_roi\v26\v26_00290s.png,subject_default,,low,,0.07,0.12,0.0,0.1,"130,42,1086,549",success
v26,Java,30,300,C:\NCKH\VIDEO_LEARNING_RESEARCH\data\processed\ocr_best_integration\keyframes_roi\v26\v26_00300s.png,subject_default,,low,,0.07,0.12,0.0,0.1,"130,42,1086,549",success
v26,Java,31,310,C:\NCKH\VIDEO_LEARNING_RESEARCH\data\processed\ocr_best_integration\keyframes_roi\v26\v26_00310s.png,subject_default,,low,,0.07,0.12,0.0,0.1,"130,42,1086,549",success
v26,Java,32,320,C:\NCKH\VIDEO_LEARNING_RESEARCH\data\processed\ocr_best_integration\keyframes_roi\v26\v26_00320s.png,subject_default,,low,,0.07,0.12,0.0,0.1,"130,42,1086,549",success
v27,Java,0,0,C:\NCKH\VIDEO_LEARNING_RESEARCH\data\processed\ocr_best_integration\keyframes_roi\v27\v27_00000s.png,subject_default,,low,,0.07,0.12,0.0,0.1,"130,42,1086,549",success
v27,Java,1,10,C:\NCKH\VIDEO_LEARNING_RESEARCH\data\processed\ocr_best_integration\keyframes_roi\v27\v27_00010s.png,subject_default,,low,,0.07,0.12,0.0,0.1,"130,42,1086,549",success
v27,Java,2,20,C:\NCKH\VIDEO_LEARNING_RESEARCH\data\processed\ocr_best_integration\keyframes_roi\v27\v27_00020s.png,subject_default,,low,,0.07,0.12,0.0,0.1,"130,42,1086,549",success
v27,Java,3,30,C:\NCKH\VIDEO_LEARNING_RESEARCH\data\processed\ocr_best_integration\keyframes_roi\v27\v27_00030s.png,subject_default,,low,,0.07,0.12,0.0,0.1,"130,42,1086,549",success
v27,Java,4,40,C:\NCKH\VIDEO_LEARNING_RESEARCH\data\processed\ocr_best_integration\keyframes_roi\v27\v27_00040s.png,subject_default,,low,,0.07,0.12,0.0,0.1,"130,42,1086,549",success
v27,Java,5,50,C:\NCKH\VIDEO_LEARNING_RESEARCH\data\processed\ocr_best_integration\keyframes_roi\v27\v27_00050s.png,subject_default,,low,,0.07,0.12,0.0,0.1,"130,42,1086,549",success
v27,Java,6,60,C:\NCKH\VIDEO_LEARNING_RESEARCH\data\processed\ocr_best_integration\keyframes_roi\v27\v27_00060s.png,subject_default,,low,,0.07,0.12,0.0,0.1,"130,42,1086,549",success
v27,Java,7,70,C:\NCKH\VIDEO_LEARNING_RESEARCH\data\processed\ocr_best_integration\keyframes_roi\v27\v27_00070s.png,subject_default,,low,,0.07,0.12,0.0,0.1,"130,42,1086,549",success
v27,Java,8,80,C:\NCKH\VIDEO_LEARNING_RESEARCH\data\processed\ocr_best_integration\keyframes_roi\v27\v27_00080s.png,subject_default,,low,,0.07,0.12,0.0,0.1,"130,42,1086,549",success
v27,Java,9,90,C:\NCKH\VIDEO_LEARNING_RESEARCH\data\processed\ocr_best_integration\keyframes_roi\v27\v27_00090s.png,subject_default,,low,,0.07,0.12,0.0,0.1,"130,42,1086,549",success
v27,Java,10,100,C:\NCKH\VIDEO_LEARNING_RESEARCH\data\processed\ocr_best_integration\keyframes_roi\v27\v27_00100s.png,subject_default,,low,,0.07,0.12,0.0,0.1,"130,42,1086,549",success
v27,Java,11,110,C:\NCKH\VIDEO_LEARNING_RESEARCH\data\processed\ocr_best_integration\keyframes_roi\v27\v27_00110s.png,subject_default,,low,,0.07,0.12,0.0,0.1,"130,42,1086,549",success
v27,Java,12,120,C:\NCKH\VIDEO_LEARNING_RESEARCH\data\processed\ocr_best_integration\keyframes_roi\v27\v27_00120s.png,subject_default,,low,,0.07,0.12,0.0,0.1,"130,42,1086,549",success
v27,Java,13,130,C:\NCKH\VIDEO_LEARNING_RESEARCH\data\processed\ocr_best_integration\keyframes_roi\v27\v27_00130s.png,subject_default,,low,,0.07,0.12,0.0,0.1,"130,42,1086,549",success
v27,Java,14,140,C:\NCKH\VIDEO_LEARNING_RESEARCH\data\processed\ocr_best_integration\keyframes_roi\v27\v27_00140s.png,subject_default,,low,,0.07,0.12,0.0,0.1,"130,42,1086,549",success
v27,Java,15,150,C:\NCKH\VIDEO_LEARNING_RESEARCH\data\processed\ocr_best_integration\keyframes_roi\v27\v27_00150s.png,subject_default,,low,,0.07,0.12,0.0,0.1,"130,42,1086,549",success
v27,Java,16,160,C:\NCKH\VIDEO_LEARNING_RESEARCH\data\processed\ocr_best_integration\keyframes_roi\v27\v27_00160s.png,subject_default,,low,,0.07,0.12,0.0,0.1,"130,42,1086,549",success
v27,Java,17,170,C:\NCKH\VIDEO_LEARNING_RESEARCH\data\processed\ocr_best_integration\keyframes_roi\v27\v27_00170s.png,subject_default,,low,,0.07,0.12,0.0,0.1,"130,42,1086,549",success
v27,Java,18,180,C:\NCKH\VIDEO_LEARNING_RESEARCH\data\processed\ocr_best_integration\keyframes_roi\v27\v27_00180s.png,subject_default,,low,,0.07,0.12,0.0,0.1,"130,42,1086,549",success
v27,Java,19,190,C:\NCKH\VIDEO_LEARNING_RESEARCH\data\processed\ocr_best_integration\keyframes_roi\v27\v27_00190s.png,subject_default,,low,,0.07,0.12,0.0,0.1,"130,42,1086,549",success
v27,Java,20,200,C:\NCKH\VIDEO_LEARNING_RESEARCH\data\processed\ocr_best_integration\keyframes_roi\v27\v27_00200s.png,subject_default,,low,,0.07,0.12,0.0,0.1,"130,42,1086,549",success
v27,Java,21,210,C:\NCKH\VIDEO_LEARNING_RESEARCH\data\processed\ocr_best_integration\keyframes_roi\v27\v27_00210s.png,subject_default,,low,,0.07,0.12,0.0,0.1,"130,42,1086,549",success
v27,Java,22,220,C:\NCKH\VIDEO_LEARNING_RESEARCH\data\processed\ocr_best_integration\keyframes_roi\v27\v27_00220s.png,subject_default,,low,,0.07,0.12,0.0,0.1,"130,42,1086,549",success
v27,Java,23,230,C:\NCKH\VIDEO_LEARNING_RESEARCH\data\processed\ocr_best_integration\keyframes_roi\v27\v27_00230s.png,subject_default,,low,,0.07,0.12,0.0,0.1,"130,42,1086,549",success
v27,Java,24,240,C:\NCKH\VIDEO_LEARNING_RESEARCH\data\processed\ocr_best_integration\keyframes_roi\v27\v27_00240s.png,subject_default,,low,,0.07,0.12,0.0,0.1,"130,42,1086,549",success
v27,Java,25,250,C:\NCKH\VIDEO_LEARNING_RESEARCH\data\processed\ocr_best_integration\keyframes_roi\v27\v27_00250s.png,subject_default,,low,,0.07,0.12,0.0,0.1,"130,42,1086,549",success
v27,Java,26,260,C:\NCKH\VIDEO_LEARNING_RESEARCH\data\processed\ocr_best_integration\keyframes_roi\v27\v27_00260s.png,subject_default,,low,,0.07,0.12,0.0,0.1,"130,42,1086,549",success
v27,Java,27,270,C:\NCKH\VIDEO_LEARNING_RESEARCH\data\processed\ocr_best_integration\keyframes_roi\v27\v27_00270s.png,subject_default,,low,,0.07,0.12,0.0,0.1,"130,42,1086,549",success
v27,Java,28,280,C:\NCKH\VIDEO_LEARNING_RESEARCH\data\processed\ocr_best_integration\keyframes_roi\v27\v27_00280s.png,subject_default,,low,,0.07,0.12,0.0,0.1,"130,42,1086,549",success
v27,Java,29,290,C:\NCKH\VIDEO_LEARNING_RESEARCH\data\processed\ocr_best_integration\keyframes_roi\v27\v27_00290s.png,subject_default,,low,,0.07,0.12,0.0,0.1,"130,42,1086,549",success
v27,Java,30,300,C:\NCKH\VIDEO_LEARNING_RESEARCH\data\processed\ocr_best_integration\keyframes_roi\v27\v27_00300s.png,subject_default,,low,,0.07,0.12,0.0,0.1,"130,42,1086,549",success
v27,Java,31,310,C:\NCKH\VIDEO_LEARNING_RESEARCH\data\processed\ocr_best_integration\keyframes_roi\v27\v27_00310s.png,subject_default,,low,,0.07,0.12,0.0,0.1,"130,42,1086,549",success
v27,Java,32,320,C:\NCKH\VIDEO_LEARNING_RESEARCH\data\processed\ocr_best_integration\keyframes_roi\v27\v27_00320s.png,subject_default,,low,,0.07,0.12,0.0,0.1,"130,42,1086,549",success
v27,Java,33,330,C:\NCKH\VIDEO_LEARNING_RESEARCH\data\processed\ocr_best_integration\keyframes_roi\v27\v27_00330s.png,subject_default,,low,,0.07,0.12,0.0,0.1,"130,42,1086,549",success
v27,Java,34,340,C:\NCKH\VIDEO_LEARNING_RESEARCH\data\processed\ocr_best_integration\keyframes_roi\v27\v27_00340s.png,subject_default,,low,,0.07,0.12,0.0,0.1,"130,42,1086,549",success
v27,Java,35,350,C:\NCKH\VIDEO_LEARNING_RESEARCH\data\processed\ocr_best_integration\keyframes_roi\v27\v27_00350s.png,subject_default,,low,,0.07,0.12,0.0,0.1,"130,42,1086,549",success
v27,Java,36,360,C:\NCKH\VIDEO_LEARNING_RESEARCH\data\processed\ocr_best_integration\keyframes_roi\v27\v27_00360s.png,subject_default,,low,,0.07,0.12,0.0,0.1,"130,42,1086,549",success
v27,Java,37,370,C:\NCKH\VIDEO_LEARNING_RESEARCH\data\processed\ocr_best_integration\keyframes_roi\v27\v27_00370s.png,subject_default,,low,,0.07,0.12,0.0,0.1,"130,42,1086,549",success
v27,Java,38,380,C:\NCKH\VIDEO_LEARNING_RESEARCH\data\processed\ocr_best_integration\keyframes_roi\v27\v27_00380s.png,subject_default,,low,,0.07,0.12,0.0,0.1,"130,42,1086,549",success
v27,Java,39,390,C:\NCKH\VIDEO_LEARNING_RESEARCH\data\processed\ocr_best_integration\keyframes_roi\v27\v27_00390s.png,subject_default,,low,,0.07,0.12,0.0,0.1,"130,42,1086,549",success
v27,Java,40,400,C:\NCKH\VIDEO_LEARNING_RESEARCH\data\processed\ocr_best_integration\keyframes_roi\v27\v27_00400s.png,subject_default,,low,,0.07,0.12,0.0,0.1,"130,42,1086,549",success
v27,Java,41,410,C:\NCKH\VIDEO_LEARNING_RESEARCH\data\processed\ocr_best_integration\keyframes_roi\v27\v27_00410s.png,subject_default,,low,,0.07,0.12,0.0,0.1,"130,42,1086,549",success
v27,Java,42,420,C:\NCKH\VIDEO_LEARNING_RESEARCH\data\processed\ocr_best_integration\keyframes_roi\v27\v27_00420s.png,subject_default,,low,,0.07,0.12,0.0,0.1,"130,42,1086,549",success
v27,Java,43,430,C:\NCKH\VIDEO_LEARNING_RESEARCH\data\processed\ocr_best_integration\keyframes_roi\v27\v27_00430s.png,subject_default,,low,,0.07,0.12,0.0,0.1,"130,42,1086,549",success
v27,Java,44,440,C:\NCKH\VIDEO_LEARNING_RESEARCH\data\processed\ocr_best_integration\keyframes_roi\v27\v27_00440s.png,subject_default,,low,,0.07,0.12,0.0,0.1,"130,42,1086,549",success
v27,Java,45,450,C:\NCKH\VIDEO_LEARNING_RESEARCH\data\processed\ocr_best_integration\keyframes_roi\v27\v27_00450s.png,subject_default,,low,,0.07,0.12,0.0,0.1,"130,42,1086,549",success
v27,Java,46,460,C:\NCKH\VIDEO_LEARNING_RESEARCH\data\processed\ocr_best_integration\keyframes_roi\v27\v27_00460s.png,subject_default,,low,,0.07,0.12,0.0,0.1,"130,42,1086,549",success
v27,Java,47,470,C:\NCKH\VIDEO_LEARNING_RESEARCH\data\processed\ocr_best_integration\keyframes_roi\v27\v27_00470s.png,subject_default,,low,,0.07,0.12,0.0,0.1,"130,42,1086,549",success
v27,Java,48,480,C:\NCKH\VIDEO_LEARNING_RESEARCH\data\processed\ocr_best_integration\keyframes_roi\v27\v27_00480s.png,subject_default,,low,,0.07,0.12,0.0,0.1,"130,42,1086,549",success
v27,Java,49,490,C:\NCKH\VIDEO_LEARNING_RESEARCH\data\processed\ocr_best_integration\keyframes_roi\v27\v27_00490s.png,subject_default,,low,,0.07,0.12,0.0,0.1,"130,42,1086,549",success
v27,Java,50,500,C:\NCKH\VIDEO_LEARNING_RESEARCH\data\processed\ocr_best_integration\keyframes_roi\v27\v27_00500s.png,subject_default,,low,,0.07,0.12,0.0,0.1,"130,42,1086,549",success
v27,Java,51,510,C:\NCKH\VIDEO_LEARNING_RESEARCH\data\processed\ocr_best_integration\keyframes_roi\v27\v27_00510s.png,subject_default,,low,,0.07,0.12,0.0,0.1,"130,42,1086,549",success
v27,Java,52,520,C:\NCKH\VIDEO_LEARNING_RESEARCH\data\processed\ocr_best_integration\keyframes_roi\v27\v27_00520s.png,subject_default,,low,,0.07,0.12,0.0,0.1,"130,42,1086,549",success
v28,Java,0,0,C:\NCKH\VIDEO_LEARNING_RESEARCH\data\processed\ocr_best_integration\keyframes_roi\v28\v28_00000s.png,subject_default,,low,,0.07,0.12,0.0,0.1,"130,42,1086,549",success
v28,Java,1,10,C:\NCKH\VIDEO_LEARNING_RESEARCH\data\processed\ocr_best_integration\keyframes_roi\v28\v28_00010s.png,subject_default,,low,,0.07,0.12,0.0,0.1,"130,42,1086,549",success
v28,Java,2,20,C:\NCKH\VIDEO_LEARNING_RESEARCH\data\processed\ocr_best_integration\keyframes_roi\v28\v28_00020s.png,subject_default,,low,,0.07,0.12,0.0,0.1,"130,42,1086,549",success
v28,Java,3,30,C:\NCKH\VIDEO_LEARNING_RESEARCH\data\processed\ocr_best_integration\keyframes_roi\v28\v28_00030s.png,subject_default,,low,,0.07,0.12,0.0,0.1,"130,42,1086,549",success
v28,Java,4,40,C:\NCKH\VIDEO_LEARNING_RESEARCH\data\processed\ocr_best_integration\keyframes_roi\v28\v28_00040s.png,subject_default,,low,,0.07,0.12,0.0,0.1,"130,42,1086,549",success
v28,Java,5,50,C:\NCKH\VIDEO_LEARNING_RESEARCH\data\processed\ocr_best_integration\keyframes_roi\v28\v28_00050s.png,subject_default,,low,,0.07,0.12,0.0,0.1,"130,42,1086,549",success
v28,Java,6,60,C:\NCKH\VIDEO_LEARNING_RESEARCH\data\processed\ocr_best_integration\keyframes_roi\v28\v28_00060s.png,subject_default,,low,,0.07,0.12,0.0,0.1,"130,42,1086,549",success
v28,Java,7,70,C:\NCKH\VIDEO_LEARNING_RESEARCH\data\processed\ocr_best_integration\keyframes_roi\v28\v28_00070s.png,subject_default,,low,,0.07,0.12,0.0,0.1,"130,42,1086,549",success
v28,Java,8,80,C:\NCKH\VIDEO_LEARNING_RESEARCH\data\processed\ocr_best_integration\keyframes_roi\v28\v28_00080s.png,subject_default,,low,,0.07,0.12,0.0,0.1,"130,42,1086,549",success
v28,Java,9,90,C:\NCKH\VIDEO_LEARNING_RESEARCH\data\processed\ocr_best_integration\keyframes_roi\v28\v28_00090s.png,subject_default,,low,,0.07,0.12,0.0,0.1,"130,42,1086,549",success
v28,Java,10,100,C:\NCKH\VIDEO_LEARNING_RESEARCH\data\processed\ocr_best_integration\keyframes_roi\v28\v28_00100s.png,subject_default,,low,,0.07,0.12,0.0,0.1,"130,42,1086,549",success
v28,Java,11,110,C:\NCKH\VIDEO_LEARNING_RESEARCH\data\processed\ocr_best_integration\keyframes_roi\v28\v28_00110s.png,subject_default,,low,,0.07,0.12,0.0,0.1,"130,42,1086,549",success
v28,Java,12,120,C:\NCKH\VIDEO_LEARNING_RESEARCH\data\processed\ocr_best_integration\keyframes_roi\v28\v28_00120s.png,subject_default,,low,,0.07,0.12,0.0,0.1,"130,42,1086,549",success
v28,Java,13,130,C:\NCKH\VIDEO_LEARNING_RESEARCH\data\processed\ocr_best_integration\keyframes_roi\v28\v28_00130s.png,subject_default,,low,,0.07,0.12,0.0,0.1,"130,42,1086,549",success
v28,Java,14,140,C:\NCKH\VIDEO_LEARNING_RESEARCH\data\processed\ocr_best_integration\keyframes_roi\v28\v28_00140s.png,subject_default,,low,,0.07,0.12,0.0,0.1,"130,42,1086,549",success
v28,Java,15,150,C:\NCKH\VIDEO_LEARNING_RESEARCH\data\processed\ocr_best_integration\keyframes_roi\v28\v28_00150s.png,subject_default,,low,,0.07,0.12,0.0,0.1,"130,42,1086,549",success
v28,Java,16,160,C:\NCKH\VIDEO_LEARNING_RESEARCH\data\processed\ocr_best_integration\keyframes_roi\v28\v28_00160s.png,subject_default,,low,,0.07,0.12,0.0,0.1,"130,42,1086,549",success
v28,Java,17,170,C:\NCKH\VIDEO_LEARNING_RESEARCH\data\processed\ocr_best_integration\keyframes_roi\v28\v28_00170s.png,subject_default,,low,,0.07,0.12,0.0,0.1,"130,42,1086,549",success
v28,Java,18,180,C:\NCKH\VIDEO_LEARNING_RESEARCH\data\processed\ocr_best_integration\keyframes_roi\v28\v28_00180s.png,subject_default,,low,,0.07,0.12,0.0,0.1,"130,42,1086,549",success
v28,Java,19,190,C:\NCKH\VIDEO_LEARNING_RESEARCH\data\processed\ocr_best_integration\keyframes_roi\v28\v28_00190s.png,subject_default,,low,,0.07,0.12,0.0,0.1,"130,42,1086,549",success
v28,Java,20,200,C:\NCKH\VIDEO_LEARNING_RESEARCH\data\processed\ocr_best_integration\keyframes_roi\v28\v28_00200s.png,subject_default,,low,,0.07,0.12,0.0,0.1,"130,42,1086,549",success
v28,Java,21,210,C:\NCKH\VIDEO_LEARNING_RESEARCH\data\processed\ocr_best_integration\keyframes_roi\v28\v28_00210s.png,subject_default,,low,,0.07,0.12,0.0,0.1,"130,42,1086,549",success
v28,Java,22,220,C:\NCKH\VIDEO_LEARNING_RESEARCH\data\processed\ocr_best_integration\keyframes_roi\v28\v28_00220s.png,subject_default,,low,,0.07,0.12,0.0,0.1,"130,42,1086,549",success
v28,Java,23,230,C:\NCKH\VIDEO_LEARNING_RESEARCH\data\processed\ocr_best_integration\keyframes_roi\v28\v28_00230s.png,subject_default,,low,,0.07,0.12,0.0,0.1,"130,42,1086,549",success
v28,Java,24,240,C:\NCKH\VIDEO_LEARNING_RESEARCH\data\processed\ocr_best_integration\keyframes_roi\v28\v28_00240s.png,subject_default,,low,,0.07,0.12,0.0,0.1,"130,42,1086,549",success
v28,Java,25,250,C:\NCKH\VIDEO_LEARNING_RESEARCH\data\processed\ocr_best_integration\keyframes_roi\v28\v28_00250s.png,subject_default,,low,,0.07,0.12,0.0,0.1,"130,42,1086,549",success
v28,Java,26,260,C:\NCKH\VIDEO_LEARNING_RESEARCH\data\processed\ocr_best_integration\keyframes_roi\v28\v28_00260s.png,subject_default,,low,,0.07,0.12,0.0,0.1,"130,42,1086,549",success
v28,Java,27,270,C:\NCKH\VIDEO_LEARNING_RESEARCH\data\processed\ocr_best_integration\keyframes_roi\v28\v28_00270s.png,subject_default,,low,,0.07,0.12,0.0,0.1,"130,42,1086,549",success
v28,Java,28,280,C:\NCKH\VIDEO_LEARNING_RESEARCH\data\processed\ocr_best_integration\keyframes_roi\v28\v28_00280s.png,subject_default,,low,,0.07,0.12,0.0,0.1,"130,42,1086,549",success
v28,Java,29,290,C:\NCKH\VIDEO_LEARNING_RESEARCH\data\processed\ocr_best_integration\keyframes_roi\v28\v28_00290s.png,subject_default,,low,,0.07,0.12,0.0,0.1,"130,42,1086,549",success
v28,Java,30,300,C:\NCKH\VIDEO_LEARNING_RESEARCH\data\processed\ocr_best_integration\keyframes_roi\v28\v28_00300s.png,subject_default,,low,,0.07,0.12,0.0,0.1,"130,42,1086,549",success
v28,Java,31,310,C:\NCKH\VIDEO_LEARNING_RESEARCH\data\processed\ocr_best_integration\keyframes_roi\v28\v28_00310s.png,subject_default,,low,,0.07,0.12,0.0,0.1,"130,42,1086,549",success
v28,Java,32,320,C:\NCKH\VIDEO_LEARNING_RESEARCH\data\processed\ocr_best_integration\keyframes_roi\v28\v28_00320s.png,subject_default,,low,,0.07,0.12,0.0,0.1,"130,42,1086,549",success
v28,Java,33,330,C:\NCKH\VIDEO_LEARNING_RESEARCH\data\processed\ocr_best_integration\keyframes_roi\v28\v28_00330s.png,subject_default,,low,,0.07,0.12,0.0,0.1,"130,42,1086,549",success
v28,Java,34,340,C:\NCKH\VIDEO_LEARNING_RESEARCH\data\processed\ocr_best_integration\keyframes_roi\v28\v28_00340s.png,subject_default,,low,,0.07,0.12,0.0,0.1,"130,42,1086,549",success
v28,Java,35,350,C:\NCKH\VIDEO_LEARNING_RESEARCH\data\processed\ocr_best_integration\keyframes_roi\v28\v28_00350s.png,subject_default,,low,,0.07,0.12,0.0,0.1,"130,42,1086,549",success
v28,Java,36,360,C:\NCKH\VIDEO_LEARNING_RESEARCH\data\processed\ocr_best_integration\keyframes_roi\v28\v28_00360s.png,subject_default,,low,,0.07,0.12,0.0,0.1,"130,42,1086,549",success
v28,Java,37,370,C:\NCKH\VIDEO_LEARNING_RESEARCH\data\processed\ocr_best_integration\keyframes_roi\v28\v28_00370s.png,subject_default,,low,,0.07,0.12,0.0,0.1,"130,42,1086,549",success
v28,Java,38,380,C:\NCKH\VIDEO_LEARNING_RESEARCH\data\processed\ocr_best_integration\keyframes_roi\v28\v28_00380s.png,subject_default,,low,,0.07,0.12,0.0,0.1,"130,42,1086,549",success
v28,Java,39,390,C:\NCKH\VIDEO_LEARNING_RESEARCH\data\processed\ocr_best_integration\keyframes_roi\v28\v28_00390s.png,subject_default,,low,,0.07,0.12,0.0,0.1,"130,42,1086,549",success
v28,Java,40,400,C:\NCKH\VIDEO_LEARNING_RESEARCH\data\processed\ocr_best_integration\keyframes_roi\v28\v28_00400s.png,subject_default,,low,,0.07,0.12,0.0,0.1,"130,42,1086,549",success
v28,Java,41,410,C:\NCKH\VIDEO_LEARNING_RESEARCH\data\processed\ocr_best_integration\keyframes_roi\v28\v28_00410s.png,subject_default,,low,,0.07,0.12,0.0,0.1,"130,42,1086,549",success
v28,Java,42,420,C:\NCKH\VIDEO_LEARNING_RESEARCH\data\processed\ocr_best_integration\keyframes_roi\v28\v28_00420s.png,subject_default,,low,,0.07,0.12,0.0,0.1,"130,42,1086,549",success
v28,Java,43,430,C:\NCKH\VIDEO_LEARNING_RESEARCH\data\processed\ocr_best_integration\keyframes_roi\v28\v28_00430s.png,subject_default,,low,,0.07,0.12,0.0,0.1,"130,42,1086,549",success
v28,Java,44,440,C:\NCKH\VIDEO_LEARNING_RESEARCH\data\processed\ocr_best_integration\keyframes_roi\v28\v28_00440s.png,subject_default,,low,,0.07,0.12,0.0,0.1,"130,42,1086,549",success
v28,Java,45,450,C:\NCKH\VIDEO_LEARNING_RESEARCH\data\processed\ocr_best_integration\keyframes_roi\v28\v28_00450s.png,subject_default,,low,,0.07,0.12,0.0,0.1,"130,42,1086,549",success
v28,Java,46,460,C:\NCKH\VIDEO_LEARNING_RESEARCH\data\processed\ocr_best_integration\keyframes_roi\v28\v28_00460s.png,subject_default,,low,,0.07,0.12,0.0,0.1,"130,42,1086,549",success
v28,Java,47,470,C:\NCKH\VIDEO_LEARNING_RESEARCH\data\processed\ocr_best_integration\keyframes_roi\v28\v28_00470s.png,subject_default,,low,,0.07,0.12,0.0,0.1,"130,42,1086,549",success
v28,Java,48,480,C:\NCKH\VIDEO_LEARNING_RESEARCH\data\processed\ocr_best_integration\keyframes_roi\v28\v28_00480s.png,subject_default,,low,,0.07,0.12,0.0,0.1,"130,42,1086,549",success
v28,Java,49,490,C:\NCKH\VIDEO_LEARNING_RESEARCH\data\processed\ocr_best_integration\keyframes_roi\v28\v28_00490s.png,subject_default,,low,,0.07,0.12,0.0,0.1,"130,42,1086,549",success
v28,Java,50,500,C:\NCKH\VIDEO_LEARNING_RESEARCH\data\processed\ocr_best_integration\keyframes_roi\v28\v28_00500s.png,subject_default,,low,,0.07,0.12,0.0,0.1,"130,42,1086,549",success
v28,Java,51,510,C:\NCKH\VIDEO_LEARNING_RESEARCH\data\processed\ocr_best_integration\keyframes_roi\v28\v28_00510s.png,subject_default,,low,,0.07,0.12,0.0,0.1,"130,42,1086,549",success
v28,Java,52,520,C:\NCKH\VIDEO_LEARNING_RESEARCH\data\processed\ocr_best_integration\keyframes_roi\v28\v28_00520s.png,subject_default,,low,,0.07,0.12,0.0,0.1,"130,42,1086,549",success
v28,Java,53,530,C:\NCKH\VIDEO_LEARNING_RESEARCH\data\processed\ocr_best_integration\keyframes_roi\v28\v28_00530s.png,subject_default,,low,,0.07,0.12,0.0,0.1,"130,42,1086,549",success
v28,Java,54,540,C:\NCKH\VIDEO_LEARNING_RESEARCH\data\processed\ocr_best_integration\keyframes_roi\v28\v28_00540s.png,subject_default,,low,,0.07,0.12,0.0,0.1,"130,42,1086,549",success
v28,Java,55,550,C:\NCKH\VIDEO_LEARNING_RESEARCH\data\processed\ocr_best_integration\keyframes_roi\v28\v28_00550s.png,subject_default,,low,,0.07,0.12,0.0,0.1,"130,42,1086,549",success
v28,Java,56,560,C:\NCKH\VIDEO_LEARNING_RESEARCH\data\processed\ocr_best_integration\keyframes_roi\v28\v28_00560s.png,subject_default,,low,,0.07,0.12,0.0,0.1,"130,42,1086,549",success
v28,Java,57,570,C:\NCKH\VIDEO_LEARNING_RESEARCH\data\processed\ocr_best_integration\keyframes_roi\v28\v28_00570s.png,subject_default,,low,,0.07,0.12,0.0,0.1,"130,42,1086,549",success
v28,Java,58,580,C:\NCKH\VIDEO_LEARNING_RESEARCH\data\processed\ocr_best_integration\keyframes_roi\v28\v28_00580s.png,subject_default,,low,,0.07,0.12,0.0,0.1,"130,42,1086,549",success
v28,Java,59,590,C:\NCKH\VIDEO_LEARNING_RESEARCH\data\processed\ocr_best_integration\keyframes_roi\v28\v28_00590s.png,subject_default,,low,,0.07,0.12,0.0,0.1,"130,42,1086,549",success
v28,Java,60,600,C:\NCKH\VIDEO_LEARNING_RESEARCH\data\processed\ocr_best_integration\keyframes_roi\v28\v28_00600s.png,subject_default,,low,,0.07,0.12,0.0,0.1,"130,42,1086,549",success
v28,Java,61,610,C:\NCKH\VIDEO_LEARNING_RESEARCH\data\processed\ocr_best_integration\keyframes_roi\v28\v28_00610s.png,subject_default,,low,,0.07,0.12,0.0,0.1,"130,42,1086,549",success
v28,Java,62,620,C:\NCKH\VIDEO_LEARNING_RESEARCH\data\processed\ocr_best_integration\keyframes_roi\v28\v28_00620s.png,subject_default,,low,,0.07,0.12,0.0,0.1,"130,42,1086,549",success
v28,Java,63,630,C:\NCKH\VIDEO_LEARNING_RESEARCH\data\processed\ocr_best_integration\keyframes_roi\v28\v28_00630s.png,subject_default,,low,,0.07,0.12,0.0,0.1,"130,42,1086,549",success
v28,Java,64,640,C:\NCKH\VIDEO_LEARNING_RESEARCH\data\processed\ocr_best_integration\keyframes_roi\v28\v28_00640s.png,subject_default,,low,,0.07,0.12,0.0,0.1,"130,42,1086,549",success
v28,Java,65,650,C:\NCKH\VIDEO_LEARNING_RESEARCH\data\processed\ocr_best_integration\keyframes_roi\v28\v28_00650s.png,subject_default,,low,,0.07,0.12,0.0,0.1,"130,42,1086,549",success
v28,Java,66,660,C:\NCKH\VIDEO_LEARNING_RESEARCH\data\processed\ocr_best_integration\keyframes_roi\v28\v28_00660s.png,subject_default,,low,,0.07,0.12,0.0,0.1,"130,42,1086,549",success
v28,Java,67,670,C:\NCKH\VIDEO_LEARNING_RESEARCH\data\processed\ocr_best_integration\keyframes_roi\v28\v28_00670s.png,subject_default,,low,,0.07,0.12,0.0,0.1,"130,42,1086,549",success
v28,Java,68,680,C:\NCKH\VIDEO_LEARNING_RESEARCH\data\processed\ocr_best_integration\keyframes_roi\v28\v28_00680s.png,subject_default,,low,,0.07,0.12,0.0,0.1,"130,42,1086,549",success
v28,Java,69,690,C:\NCKH\VIDEO_LEARNING_RESEARCH\data\processed\ocr_best_integration\keyframes_roi\v28\v28_00690s.png,subject_default,,low,,0.07,0.12,0.0,0.1,"130,42,1086,549",success
v28,Java,70,700,C:\NCKH\VIDEO_LEARNING_RESEARCH\data\processed\ocr_best_integration\keyframes_roi\v28\v28_00700s.png,subject_default,,low,,0.07,0.12,0.0,0.1,"130,42,1086,549",success
v28,Java,71,710,C:\NCKH\VIDEO_LEARNING_RESEARCH\data\processed\ocr_best_integration\keyframes_roi\v28\v28_00710s.png,subject_default,,low,,0.07,0.12,0.0,0.1,"130,42,1086,549",success
v28,Java,72,720,C:\NCKH\VIDEO_LEARNING_RESEARCH\data\processed\ocr_best_integration\keyframes_roi\v28\v28_00720s.png,subject_default,,low,,0.07,0.12,0.0,0.1,"130,42,1086,549",success
v28,Java,73,730,C:\NCKH\VIDEO_LEARNING_RESEARCH\data\processed\ocr_best_integration\keyframes_roi\v28\v28_00730s.png,subject_default,,low,,0.07,0.12,0.0,0.1,"130,42,1086,549",success
v28,Java,74,740,C:\NCKH\VIDEO_LEARNING_RESEARCH\data\processed\ocr_best_integration\keyframes_roi\v28\v28_00740s.png,subject_default,,low,,0.07,0.12,0.0,0.1,"130,42,1086,549",success
v28,Java,75,750,C:\NCKH\VIDEO_LEARNING_RESEARCH\data\processed\ocr_best_integration\keyframes_roi\v28\v28_00750s.png,subject_default,,low,,0.07,0.12,0.0,0.1,"130,42,1086,549",success
v28,Java,76,760,C:\NCKH\VIDEO_LEARNING_RESEARCH\data\processed\ocr_best_integration\keyframes_roi\v28\v28_00760s.png,subject_default,,low,,0.07,0.12,0.0,0.1,"130,42,1086,549",success
v28,Java,77,770,C:\NCKH\VIDEO_LEARNING_RESEARCH\data\processed\ocr_best_integration\keyframes_roi\v28\v28_00770s.png,subject_default,,low,,0.07,0.12,0.0,0.1,"130,42,1086,549",success
v28,Java,78,780,C:\NCKH\VIDEO_LEARNING_RESEARCH\data\processed\ocr_best_integration\keyframes_roi\v28\v28_00780s.png,subject_default,,low,,0.07,0.12,0.0,0.1,"130,42,1086,549",success
v28,Java,79,790,C:\NCKH\VIDEO_LEARNING_RESEARCH\data\processed\ocr_best_integration\keyframes_roi\v28\v28_00790s.png,subject_default,,low,,0.07,0.12,0.0,0.1,"130,42,1086,549",success
v28,Java,80,800,C:\NCKH\VIDEO_LEARNING_RESEARCH\data\processed\ocr_best_integration\keyframes_roi\v28\v28_00800s.png,subject_default,,low,,0.07,0.12,0.0,0.1,"130,42,1086,549",success
v28,Java,81,810,C:\NCKH\VIDEO_LEARNING_RESEARCH\data\processed\ocr_best_integration\keyframes_roi\v28\v28_00810s.png,subject_default,,low,,0.07,0.12,0.0,0.1,"130,42,1086,549",success
v28,Java,82,820,C:\NCKH\VIDEO_LEARNING_RESEARCH\data\processed\ocr_best_integration\keyframes_roi\v28\v28_00820s.png,subject_default,,low,,0.07,0.12,0.0,0.1,"130,42,1086,549",success
v28,Java,83,830,C:\NCKH\VIDEO_LEARNING_RESEARCH\data\processed\ocr_best_integration\keyframes_roi\v28\v28_00830s.png,subject_default,,low,,0.07,0.12,0.0,0.1,"130,42,1086,549",success
v28,Java,84,840,C:\NCKH\VIDEO_LEARNING_RESEARCH\data\processed\ocr_best_integration\keyframes_roi\v28\v28_00840s.png,subject_default,,low,,0.07,0.12,0.0,0.1,"130,42,1086,549",success
v28,Java,85,850,C:\NCKH\VIDEO_LEARNING_RESEARCH\data\processed\ocr_best_integration\keyframes_roi\v28\v28_00850s.png,subject_default,,low,,0.07,0.12,0.0,0.1,"130,42,1086,549",success
v29,Java,0,0,C:\NCKH\VIDEO_LEARNING_RESEARCH\data\processed\ocr_best_integration\keyframes_roi\v29\v29_00000s.png,subject_default,,low,,0.07,0.12,0.0,0.1,"130,42,1086,549",success
v29,Java,1,10,C:\NCKH\VIDEO_LEARNING_RESEARCH\data\processed\ocr_best_integration\keyframes_roi\v29\v29_00010s.png,subject_default,,low,,0.07,0.12,0.0,0.1,"130,42,1086,549",success
v29,Java,2,20,C:\NCKH\VIDEO_LEARNING_RESEARCH\data\processed\ocr_best_integration\keyframes_roi\v29\v29_00020s.png,subject_default,,low,,0.07,0.12,0.0,0.1,"130,42,1086,549",success
v29,Java,3,30,C:\NCKH\VIDEO_LEARNING_RESEARCH\data\processed\ocr_best_integration\keyframes_roi\v29\v29_00030s.png,subject_default,,low,,0.07,0.12,0.0,0.1,"130,42,1086,549",success
v29,Java,4,40,C:\NCKH\VIDEO_LEARNING_RESEARCH\data\processed\ocr_best_integration\keyframes_roi\v29\v29_00040s.png,subject_default,,low,,0.07,0.12,0.0,0.1,"130,42,1086,549",success
v29,Java,5,50,C:\NCKH\VIDEO_LEARNING_RESEARCH\data\processed\ocr_best_integration\keyframes_roi\v29\v29_00050s.png,subject_default,,low,,0.07,0.12,0.0,0.1,"130,42,1086,549",success
v29,Java,6,60,C:\NCKH\VIDEO_LEARNING_RESEARCH\data\processed\ocr_best_integration\keyframes_roi\v29\v29_00060s.png,subject_default,,low,,0.07,0.12,0.0,0.1,"130,42,1086,549",success
v29,Java,7,70,C:\NCKH\VIDEO_LEARNING_RESEARCH\data\processed\ocr_best_integration\keyframes_roi\v29\v29_00070s.png,subject_default,,low,,0.07,0.12,0.0,0.1,"130,42,1086,549",success
v29,Java,8,80,C:\NCKH\VIDEO_LEARNING_RESEARCH\data\processed\ocr_best_integration\keyframes_roi\v29\v29_00080s.png,subject_default,,low,,0.07,0.12,0.0,0.1,"130,42,1086,549",success
v29,Java,9,90,C:\NCKH\VIDEO_LEARNING_RESEARCH\data\processed\ocr_best_integration\keyframes_roi\v29\v29_00090s.png,subject_default,,low,,0.07,0.12,0.0,0.1,"130,42,1086,549",success
v29,Java,10,100,C:\NCKH\VIDEO_LEARNING_RESEARCH\data\processed\ocr_best_integration\keyframes_roi\v29\v29_00100s.png,subject_default,,low,,0.07,0.12,0.0,0.1,"130,42,1086,549",success
v29,Java,11,110,C:\NCKH\VIDEO_LEARNING_RESEARCH\data\processed\ocr_best_integration\keyframes_roi\v29\v29_00110s.png,subject_default,,low,,0.07,0.12,0.0,0.1,"130,42,1086,549",success
v29,Java,12,120,C:\NCKH\VIDEO_LEARNING_RESEARCH\data\processed\ocr_best_integration\keyframes_roi\v29\v29_00120s.png,subject_default,,low,,0.07,0.12,0.0,0.1,"130,42,1086,549",success
v29,Java,13,130,C:\NCKH\VIDEO_LEARNING_RESEARCH\data\processed\ocr_best_integration\keyframes_roi\v29\v29_00130s.png,subject_default,,low,,0.07,0.12,0.0,0.1,"130,42,1086,549",success
v29,Java,14,140,C:\NCKH\VIDEO_LEARNING_RESEARCH\data\processed\ocr_best_integration\keyframes_roi\v29\v29_00140s.png,subject_default,,low,,0.07,0.12,0.0,0.1,"130,42,1086,549",success
v29,Java,15,150,C:\NCKH\VIDEO_LEARNING_RESEARCH\data\processed\ocr_best_integration\keyframes_roi\v29\v29_00150s.png,subject_default,,low,,0.07,0.12,0.0,0.1,"130,42,1086,549",success
v29,Java,16,160,C:\NCKH\VIDEO_LEARNING_RESEARCH\data\processed\ocr_best_integration\keyframes_roi\v29\v29_00160s.png,subject_default,,low,,0.07,0.12,0.0,0.1,"130,42,1086,549",success
v29,Java,17,170,C:\NCKH\VIDEO_LEARNING_RESEARCH\data\processed\ocr_best_integration\keyframes_roi\v29\v29_00170s.png,subject_default,,low,,0.07,0.12,0.0,0.1,"130,42,1086,549",success
v29,Java,18,180,C:\NCKH\VIDEO_LEARNING_RESEARCH\data\processed\ocr_best_integration\keyframes_roi\v29\v29_00180s.png,subject_default,,low,,0.07,0.12,0.0,0.1,"130,42,1086,549",success
v29,Java,19,190,C:\NCKH\VIDEO_LEARNING_RESEARCH\data\processed\ocr_best_integration\keyframes_roi\v29\v29_00190s.png,subject_default,,low,,0.07,0.12,0.0,0.1,"130,42,1086,549",success
v29,Java,20,200,C:\NCKH\VIDEO_LEARNING_RESEARCH\data\processed\ocr_best_integration\keyframes_roi\v29\v29_00200s.png,subject_default,,low,,0.07,0.12,0.0,0.1,"130,42,1086,549",success
v29,Java,21,210,C:\NCKH\VIDEO_LEARNING_RESEARCH\data\processed\ocr_best_integration\keyframes_roi\v29\v29_00210s.png,subject_default,,low,,0.07,0.12,0.0,0.1,"130,42,1086,549",success
v29,Java,22,220,C:\NCKH\VIDEO_LEARNING_RESEARCH\data\processed\ocr_best_integration\keyframes_roi\v29\v29_00220s.png,subject_default,,low,,0.07,0.12,0.0,0.1,"130,42,1086,549",success
v29,Java,23,230,C:\NCKH\VIDEO_LEARNING_RESEARCH\data\processed\ocr_best_integration\keyframes_roi\v29\v29_00230s.png,subject_default,,low,,0.07,0.12,0.0,0.1,"130,42,1086,549",success
v29,Java,24,240,C:\NCKH\VIDEO_LEARNING_RESEARCH\data\processed\ocr_best_integration\keyframes_roi\v29\v29_00240s.png,subject_default,,low,,0.07,0.12,0.0,0.1,"130,42,1086,549",success
v29,Java,25,250,C:\NCKH\VIDEO_LEARNING_RESEARCH\data\processed\ocr_best_integration\keyframes_roi\v29\v29_00250s.png,subject_default,,low,,0.07,0.12,0.0,0.1,"130,42,1086,549",success
v29,Java,26,260,C:\NCKH\VIDEO_LEARNING_RESEARCH\data\processed\ocr_best_integration\keyframes_roi\v29\v29_00260s.png,subject_default,,low,,0.07,0.12,0.0,0.1,"130,42,1086,549",success
v29,Java,27,270,C:\NCKH\VIDEO_LEARNING_RESEARCH\data\processed\ocr_best_integration\keyframes_roi\v29\v29_00270s.png,subject_default,,low,,0.07,0.12,0.0,0.1,"130,42,1086,549",success
v29,Java,28,280,C:\NCKH\VIDEO_LEARNING_RESEARCH\data\processed\ocr_best_integration\keyframes_roi\v29\v29_00280s.png,subject_default,,low,,0.07,0.12,0.0,0.1,"130,42,1086,549",success
v29,Java,29,290,C:\NCKH\VIDEO_LEARNING_RESEARCH\data\processed\ocr_best_integration\keyframes_roi\v29\v29_00290s.png,subject_default,,low,,0.07,0.12,0.0,0.1,"130,42,1086,549",success
v29,Java,30,300,C:\NCKH\VIDEO_LEARNING_RESEARCH\data\processed\ocr_best_integration\keyframes_roi\v29\v29_00300s.png,subject_default,,low,,0.07,0.12,0.0,0.1,"130,42,1086,549",success
v29,Java,31,310,C:\NCKH\VIDEO_LEARNING_RESEARCH\data\processed\ocr_best_integration\keyframes_roi\v29\v29_00310s.png,subject_default,,low,,0.07,0.12,0.0,0.1,"130,42,1086,549",success
v29,Java,32,320,C:\NCKH\VIDEO_LEARNING_RESEARCH\data\processed\ocr_best_integration\keyframes_roi\v29\v29_00320s.png,subject_default,,low,,0.07,0.12,0.0,0.1,"130,42,1086,549",success
v29,Java,33,330,C:\NCKH\VIDEO_LEARNING_RESEARCH\data\processed\ocr_best_integration\keyframes_roi\v29\v29_00330s.png,subject_default,,low,,0.07,0.12,0.0,0.1,"130,42,1086,549",success
v29,Java,34,340,C:\NCKH\VIDEO_LEARNING_RESEARCH\data\processed\ocr_best_integration\keyframes_roi\v29\v29_00340s.png,subject_default,,low,,0.07,0.12,0.0,0.1,"130,42,1086,549",success
v29,Java,35,350,C:\NCKH\VIDEO_LEARNING_RESEARCH\data\processed\ocr_best_integration\keyframes_roi\v29\v29_00350s.png,subject_default,,low,,0.07,0.12,0.0,0.1,"130,42,1086,549",success
v29,Java,36,360,C:\NCKH\VIDEO_LEARNING_RESEARCH\data\processed\ocr_best_integration\keyframes_roi\v29\v29_00360s.png,subject_default,,low,,0.07,0.12,0.0,0.1,"130,42,1086,549",success
v29,Java,37,370,C:\NCKH\VIDEO_LEARNING_RESEARCH\data\processed\ocr_best_integration\keyframes_roi\v29\v29_00370s.png,subject_default,,low,,0.07,0.12,0.0,0.1,"130,42,1086,549",success
v29,Java,38,380,C:\NCKH\VIDEO_LEARNING_RESEARCH\data\processed\ocr_best_integration\keyframes_roi\v29\v29_00380s.png,subject_default,,low,,0.07,0.12,0.0,0.1,"130,42,1086,549",success
v29,Java,39,390,C:\NCKH\VIDEO_LEARNING_RESEARCH\data\processed\ocr_best_integration\keyframes_roi\v29\v29_00390s.png,subject_default,,low,,0.07,0.12,0.0,0.1,"130,42,1086,549",success
v29,Java,40,400,C:\NCKH\VIDEO_LEARNING_RESEARCH\data\processed\ocr_best_integration\keyframes_roi\v29\v29_00400s.png,subject_default,,low,,0.07,0.12,0.0,0.1,"130,42,1086,549",success
v29,Java,41,410,C:\NCKH\VIDEO_LEARNING_RESEARCH\data\processed\ocr_best_integration\keyframes_roi\v29\v29_00410s.png,subject_default,,low,,0.07,0.12,0.0,0.1,"130,42,1086,549",success
v29,Java,42,420,C:\NCKH\VIDEO_LEARNING_RESEARCH\data\processed\ocr_best_integration\keyframes_roi\v29\v29_00420s.png,subject_default,,low,,0.07,0.12,0.0,0.1,"130,42,1086,549",success
v29,Java,43,430,C:\NCKH\VIDEO_LEARNING_RESEARCH\data\processed\ocr_best_integration\keyframes_roi\v29\v29_00430s.png,subject_default,,low,,0.07,0.12,0.0,0.1,"130,42,1086,549",success
v29,Java,44,440,C:\NCKH\VIDEO_LEARNING_RESEARCH\data\processed\ocr_best_integration\keyframes_roi\v29\v29_00440s.png,subject_default,,low,,0.07,0.12,0.0,0.1,"130,42,1086,549",success
v29,Java,45,450,C:\NCKH\VIDEO_LEARNING_RESEARCH\data\processed\ocr_best_integration\keyframes_roi\v29\v29_00450s.png,subject_default,,low,,0.07,0.12,0.0,0.1,"130,42,1086,549",success
v29,Java,46,460,C:\NCKH\VIDEO_LEARNING_RESEARCH\data\processed\ocr_best_integration\keyframes_roi\v29\v29_00460s.png,subject_default,,low,,0.07,0.12,0.0,0.1,"130,42,1086,549",success
v29,Java,47,470,C:\NCKH\VIDEO_LEARNING_RESEARCH\data\processed\ocr_best_integration\keyframes_roi\v29\v29_00470s.png,subject_default,,low,,0.07,0.12,0.0,0.1,"130,42,1086,549",success
v29,Java,48,480,C:\NCKH\VIDEO_LEARNING_RESEARCH\data\processed\ocr_best_integration\keyframes_roi\v29\v29_00480s.png,subject_default,,low,,0.07,0.12,0.0,0.1,"130,42,1086,549",success
v29,Java,49,490,C:\NCKH\VIDEO_LEARNING_RESEARCH\data\processed\ocr_best_integration\keyframes_roi\v29\v29_00490s.png,subject_default,,low,,0.07,0.12,0.0,0.1,"130,42,1086,549",success
v29,Java,50,500,C:\NCKH\VIDEO_LEARNING_RESEARCH\data\processed\ocr_best_integration\keyframes_roi\v29\v29_00500s.png,subject_default,,low,,0.07,0.12,0.0,0.1,"130,42,1086,549",success
v29,Java,51,510,C:\NCKH\VIDEO_LEARNING_RESEARCH\data\processed\ocr_best_integration\keyframes_roi\v29\v29_00510s.png,subject_default,,low,,0.07,0.12,0.0,0.1,"130,42,1086,549",success
v29,Java,52,520,C:\NCKH\VIDEO_LEARNING_RESEARCH\data\processed\ocr_best_integration\keyframes_roi\v29\v29_00520s.png,subject_default,,low,,0.07,0.12,0.0,0.1,"130,42,1086,549",success
v29,Java,53,530,C:\NCKH\VIDEO_LEARNING_RESEARCH\data\processed\ocr_best_integration\keyframes_roi\v29\v29_00530s.png,subject_default,,low,,0.07,0.12,0.0,0.1,"130,42,1086,549",success
v30,Java,0,0,C:\NCKH\VIDEO_LEARNING_RESEARCH\data\processed\ocr_best_integration\keyframes_roi\v30\v30_00000s.png,subject_default,,low,,0.07,0.12,0.0,0.1,"130,42,1086,545",success
v30,Java,1,10,C:\NCKH\VIDEO_LEARNING_RESEARCH\data\processed\ocr_best_integration\keyframes_roi\v30\v30_00010s.png,subject_default,,low,,0.07,0.12,0.0,0.1,"130,42,1086,545",success
v30,Java,2,20,C:\NCKH\VIDEO_LEARNING_RESEARCH\data\processed\ocr_best_integration\keyframes_roi\v30\v30_00020s.png,subject_default,,low,,0.07,0.12,0.0,0.1,"130,42,1086,545",success
v30,Java,3,30,C:\NCKH\VIDEO_LEARNING_RESEARCH\data\processed\ocr_best_integration\keyframes_roi\v30\v30_00030s.png,subject_default,,low,,0.07,0.12,0.0,0.1,"130,42,1086,545",success
v30,Java,4,40,C:\NCKH\VIDEO_LEARNING_RESEARCH\data\processed\ocr_best_integration\keyframes_roi\v30\v30_00040s.png,subject_default,,low,,0.07,0.12,0.0,0.1,"130,42,1086,545",success
v30,Java,5,50,C:\NCKH\VIDEO_LEARNING_RESEARCH\data\processed\ocr_best_integration\keyframes_roi\v30\v30_00050s.png,subject_default,,low,,0.07,0.12,0.0,0.1,"130,42,1086,545",success
v30,Java,6,60,C:\NCKH\VIDEO_LEARNING_RESEARCH\data\processed\ocr_best_integration\keyframes_roi\v30\v30_00060s.png,subject_default,,low,,0.07,0.12,0.0,0.1,"130,42,1086,545",success
v30,Java,7,70,C:\NCKH\VIDEO_LEARNING_RESEARCH\data\processed\ocr_best_integration\keyframes_roi\v30\v30_00070s.png,subject_default,,low,,0.07,0.12,0.0,0.1,"130,42,1086,545",success
v30,Java,8,80,C:\NCKH\VIDEO_LEARNING_RESEARCH\data\processed\ocr_best_integration\keyframes_roi\v30\v30_00080s.png,subject_default,,low,,0.07,0.12,0.0,0.1,"130,42,1086,545",success
v30,Java,9,90,C:\NCKH\VIDEO_LEARNING_RESEARCH\data\processed\ocr_best_integration\keyframes_roi\v30\v30_00090s.png,subject_default,,low,,0.07,0.12,0.0,0.1,"130,42,1086,545",success
v30,Java,10,100,C:\NCKH\VIDEO_LEARNING_RESEARCH\data\processed\ocr_best_integration\keyframes_roi\v30\v30_00100s.png,subject_default,,low,,0.07,0.12,0.0,0.1,"130,42,1086,545",success
v30,Java,11,110,C:\NCKH\VIDEO_LEARNING_RESEARCH\data\processed\ocr_best_integration\keyframes_roi\v30\v30_00110s.png,subject_default,,low,,0.07,0.12,0.0,0.1,"130,42,1086,545",success
v30,Java,12,120,C:\NCKH\VIDEO_LEARNING_RESEARCH\data\processed\ocr_best_integration\keyframes_roi\v30\v30_00120s.png,subject_default,,low,,0.07,0.12,0.0,0.1,"130,42,1086,545",success
v30,Java,13,130,C:\NCKH\VIDEO_LEARNING_RESEARCH\data\processed\ocr_best_integration\keyframes_roi\v30\v30_00130s.png,subject_default,,low,,0.07,0.12,0.0,0.1,"130,42,1086,545",success
v30,Java,14,140,C:\NCKH\VIDEO_LEARNING_RESEARCH\data\processed\ocr_best_integration\keyframes_roi\v30\v30_00140s.png,subject_default,,low,,0.07,0.12,0.0,0.1,"130,42,1086,545",success
v31,C++,0,0,C:\NCKH\VIDEO_LEARNING_RESEARCH\data\processed\ocr_best_integration\keyframes_roi\v31\v31_00000s.png,global_default,,low,,0.05,0.03,0.0,0.08,"32,30,1086,562",success
v31,C++,1,10,C:\NCKH\VIDEO_LEARNING_RESEARCH\data\processed\ocr_best_integration\keyframes_roi\v31\v31_00010s.png,global_default,vscode,low,eol_status,0.05,0.03,0.0,0.08,"32,30,1086,562",success
v31,C++,2,20,C:\NCKH\VIDEO_LEARNING_RESEARCH\data\processed\ocr_best_integration\keyframes_roi\v31\v31_00020s.png,global_default,vscode,low,eol_status,0.05,0.03,0.0,0.08,"32,30,1086,562",success
v31,C++,3,30,C:\NCKH\VIDEO_LEARNING_RESEARCH\data\processed\ocr_best_integration\keyframes_roi\v31\v31_00030s.png,global_default,,low,,0.05,0.03,0.0,0.08,"32,30,1086,562",success
v31,C++,4,40,C:\NCKH\VIDEO_LEARNING_RESEARCH\data\processed\ocr_best_integration\keyframes_roi\v31\v31_00040s.png,global_default,vscode,low,eol_status,0.05,0.03,0.0,0.08,"32,30,1086,562",success
v31,C++,5,50,C:\NCKH\VIDEO_LEARNING_RESEARCH\data\processed\ocr_best_integration\keyframes_roi\v31\v31_00050s.png,global_default,vscode,low,eol_status,0.05,0.03,0.0,0.08,"32,30,1086,562",success
v31,C++,6,60,C:\NCKH\VIDEO_LEARNING_RESEARCH\data\processed\ocr_best_integration\keyframes_roi\v31\v31_00060s.png,global_default,,low,,0.05,0.03,0.0,0.08,"32,30,1086,562",success
v31,C++,7,70,C:\NCKH\VIDEO_LEARNING_RESEARCH\data\processed\ocr_best_integration\keyframes_roi\v31\v31_00070s.png,global_default,,low,,0.05,0.03,0.0,0.08,"32,30,1086,562",success
v31,C++,8,80,C:\NCKH\VIDEO_LEARNING_RESEARCH\data\processed\ocr_best_integration\keyframes_roi\v31\v31_00080s.png,global_default,,low,,0.05,0.03,0.0,0.08,"32,30,1086,562",success
v31,C++,9,90,C:\NCKH\VIDEO_LEARNING_RESEARCH\data\processed\ocr_best_integration\keyframes_roi\v31\v31_00090s.png,global_default,,low,,0.05,0.03,0.0,0.08,"32,30,1086,562",success
v31,C++,10,100,C:\NCKH\VIDEO_LEARNING_RESEARCH\data\processed\ocr_best_integration\keyframes_roi\v31\v31_00100s.png,global_default,,low,,0.05,0.03,0.0,0.08,"32,30,1086,562",success
v31,C++,11,110,C:\NCKH\VIDEO_LEARNING_RESEARCH\data\processed\ocr_best_integration\keyframes_roi\v31\v31_00110s.png,global_default,vscode,low,eol_status,0.05,0.03,0.0,0.08,"32,30,1086,562",success
v31,C++,12,120,C:\NCKH\VIDEO_LEARNING_RESEARCH\data\processed\ocr_best_integration\keyframes_roi\v31\v31_00120s.png,global_default,,low,,0.05,0.03,0.0,0.08,"32,30,1086,562",success
v31,C++,13,130,C:\NCKH\VIDEO_LEARNING_RESEARCH\data\processed\ocr_best_integration\keyframes_roi\v31\v31_00130s.png,global_default,vscode,low,eol_status,0.05,0.03,0.0,0.08,"32,30,1086,562",success
v31,C++,14,140,C:\NCKH\VIDEO_LEARNING_RESEARCH\data\processed\ocr_best_integration\keyframes_roi\v31\v31_00140s.png,global_default,vscode,low,eol_status,0.05,0.03,0.0,0.08,"32,30,1086,562",success
v31,C++,15,150,C:\NCKH\VIDEO_LEARNING_RESEARCH\data\processed\ocr_best_integration\keyframes_roi\v31\v31_00150s.png,global_default,,low,,0.05,0.03,0.0,0.08,"32,30,1086,562",success
v31,C++,16,160,C:\NCKH\VIDEO_LEARNING_RESEARCH\data\processed\ocr_best_integration\keyframes_roi\v31\v31_00160s.png,global_default,vscode,low,eol_status,0.05,0.03,0.0,0.08,"32,30,1086,562",success
v31,C++,17,170,C:\NCKH\VIDEO_LEARNING_RESEARCH\data\processed\ocr_best_integration\keyframes_roi\v31\v31_00170s.png,global_default,vscode,low,eol_status,0.05,0.03,0.0,0.08,"32,30,1086,562",success
v31,C++,18,180,C:\NCKH\VIDEO_LEARNING_RESEARCH\data\processed\ocr_best_integration\keyframes_roi\v31\v31_00180s.png,global_default,,low,,0.05,0.03,0.0,0.08,"32,30,1086,562",success
v31,C++,19,190,C:\NCKH\VIDEO_LEARNING_RESEARCH\data\processed\ocr_best_integration\keyframes_roi\v31\v31_00190s.png,global_default,vscode,low,eol_status,0.05,0.03,0.0,0.08,"32,30,1086,562",success
v31,C++,20,200,C:\NCKH\VIDEO_LEARNING_RESEARCH\data\processed\ocr_best_integration\keyframes_roi\v31\v31_00200s.png,global_default,,low,,0.05,0.03,0.0,0.08,"32,30,1086,562",success
v31,C++,21,210,C:\NCKH\VIDEO_LEARNING_RESEARCH\data\processed\ocr_best_integration\keyframes_roi\v31\v31_00210s.png,global_default,,low,,0.05,0.03,0.0,0.08,"32,30,1086,562",success
v31,C++,22,220,C:\NCKH\VIDEO_LEARNING_RESEARCH\data\processed\ocr_best_integration\keyframes_roi\v31\v31_00220s.png,global_default,,low,,0.05,0.03,0.0,0.08,"32,30,1086,562",success
v31,C++,23,230,C:\NCKH\VIDEO_LEARNING_RESEARCH\data\processed\ocr_best_integration\keyframes_roi\v31\v31_00230s.png,global_default,,low,,0.05,0.03,0.0,0.08,"32,30,1086,562",success
v31,C++,24,240,C:\NCKH\VIDEO_LEARNING_RESEARCH\data\processed\ocr_best_integration\keyframes_roi\v31\v31_00240s.png,global_default,,low,,0.05,0.03,0.0,0.08,"32,30,1086,562",success
v31,C++,25,250,C:\NCKH\VIDEO_LEARNING_RESEARCH\data\processed\ocr_best_integration\keyframes_roi\v31\v31_00250s.png,global_default,,low,,0.05,0.03,0.0,0.08,"32,30,1086,562",success
v31,C++,26,260,C:\NCKH\VIDEO_LEARNING_RESEARCH\data\processed\ocr_best_integration\keyframes_roi\v31\v31_00260s.png,global_default,,low,,0.05,0.03,0.0,0.08,"32,30,1086,562",success
v31,C++,27,270,C:\NCKH\VIDEO_LEARNING_RESEARCH\data\processed\ocr_best_integration\keyframes_roi\v31\v31_00270s.png,global_default,,low,,0.05,0.03,0.0,0.08,"32,30,1086,562",success
v31,C++,28,280,C:\NCKH\VIDEO_LEARNING_RESEARCH\data\processed\ocr_best_integration\keyframes_roi\v31\v31_00280s.png,global_default,vscode,low,eol_status,0.05,0.03,0.0,0.08,"32,30,1086,562",success
v31,C++,29,290,C:\NCKH\VIDEO_LEARNING_RESEARCH\data\processed\ocr_best_integration\keyframes_roi\v31\v31_00290s.png,global_default,,low,,0.05,0.03,0.0,0.08,"32,30,1086,562",success
v31,C++,30,300,C:\NCKH\VIDEO_LEARNING_RESEARCH\data\processed\ocr_best_integration\keyframes_roi\v31\v31_00300s.png,global_default,,low,,0.05,0.03,0.0,0.08,"32,30,1086,562",success
v31,C++,31,310,C:\NCKH\VIDEO_LEARNING_RESEARCH\data\processed\ocr_best_integration\keyframes_roi\v31\v31_00310s.png,global_default,vscode,low,eol_status,0.05,0.03,0.0,0.08,"32,30,1086,562",success
v31,C++,32,320,C:\NCKH\VIDEO_LEARNING_RESEARCH\data\processed\ocr_best_integration\keyframes_roi\v31\v31_00320s.png,global_default,vscode,low,eol_status,0.05,0.03,0.0,0.08,"32,30,1086,562",success
v31,C++,33,330,C:\NCKH\VIDEO_LEARNING_RESEARCH\data\processed\ocr_best_integration\keyframes_roi\v31\v31_00330s.png,global_default,,low,,0.05,0.03,0.0,0.08,"32,30,1086,562",success
v31,C++,34,340,C:\NCKH\VIDEO_LEARNING_RESEARCH\data\processed\ocr_best_integration\keyframes_roi\v31\v31_00340s.png,global_default,,low,,0.05,0.03,0.0,0.08,"32,30,1086,562",success
v31,C++,35,350,C:\NCKH\VIDEO_LEARNING_RESEARCH\data\processed\ocr_best_integration\keyframes_roi\v31\v31_00350s.png,global_default,,low,,0.05,0.03,0.0,0.08,"32,30,1086,562",success
v31,C++,36,360,C:\NCKH\VIDEO_LEARNING_RESEARCH\data\processed\ocr_best_integration\keyframes_roi\v31\v31_00360s.png,global_default,vscode,low,eol_status,0.05,0.03,0.0,0.08,"32,30,1086,562",success
v31,C++,37,370,C:\NCKH\VIDEO_LEARNING_RESEARCH\data\processed\ocr_best_integration\keyframes_roi\v31\v31_00370s.png,global_default,,low,,0.05,0.03,0.0,0.08,"32,30,1086,562",success
v31,C++,38,380,C:\NCKH\VIDEO_LEARNING_RESEARCH\data\processed\ocr_best_integration\keyframes_roi\v31\v31_00380s.png,global_default,,low,,0.05,0.03,0.0,0.08,"32,30,1086,562",success
v31,C++,39,390,C:\NCKH\VIDEO_LEARNING_RESEARCH\data\processed\ocr_best_integration\keyframes_roi\v31\v31_00390s.png,global_default,,low,,0.05,0.03,0.0,0.08,"32,30,1086,562",success
v31,C++,40,400,C:\NCKH\VIDEO_LEARNING_RESEARCH\data\processed\ocr_best_integration\keyframes_roi\v31\v31_00400s.png,global_default,,low,,0.05,0.03,0.0,0.08,"32,30,1086,562",success
v31,C++,41,410,C:\NCKH\VIDEO_LEARNING_RESEARCH\data\processed\ocr_best_integration\keyframes_roi\v31\v31_00410s.png,global_default,,low,,0.05,0.03,0.0,0.08,"32,30,1086,562",success
v31,C++,42,420,C:\NCKH\VIDEO_LEARNING_RESEARCH\data\processed\ocr_best_integration\keyframes_roi\v31\v31_00420s.png,global_default,,low,,0.05,0.03,0.0,0.08,"32,30,1086,562",success
v31,C++,43,430,C:\NCKH\VIDEO_LEARNING_RESEARCH\data\processed\ocr_best_integration\keyframes_roi\v31\v31_00430s.png,global_default,,low,,0.05,0.03,0.0,0.08,"32,30,1086,562",success
v31,C++,44,440,C:\NCKH\VIDEO_LEARNING_RESEARCH\data\processed\ocr_best_integration\keyframes_roi\v31\v31_00440s.png,global_default,,low,,0.05,0.03,0.0,0.08,"32,30,1086,562",success
v31,C++,45,450,C:\NCKH\VIDEO_LEARNING_RESEARCH\data\processed\ocr_best_integration\keyframes_roi\v31\v31_00450s.png,global_default,,low,,0.05,0.03,0.0,0.08,"32,30,1086,562",success
v31,C++,46,460,C:\NCKH\VIDEO_LEARNING_RESEARCH\data\processed\ocr_best_integration\keyframes_roi\v31\v31_00460s.png,global_default,vscode,low,eol_status,0.05,0.03,0.0,0.08,"32,30,1086,562",success
v31,C++,47,470,C:\NCKH\VIDEO_LEARNING_RESEARCH\data\processed\ocr_best_integration\keyframes_roi\v31\v31_00470s.png,global_default,vscode,low,eol_status,0.05,0.03,0.0,0.08,"32,30,1086,562",success
v31,C++,48,480,C:\NCKH\VIDEO_LEARNING_RESEARCH\data\processed\ocr_best_integration\keyframes_roi\v31\v31_00480s.png,global_default,,low,,0.05,0.03,0.0,0.08,"32,30,1086,562",success
v31,C++,49,490,C:\NCKH\VIDEO_LEARNING_RESEARCH\data\processed\ocr_best_integration\keyframes_roi\v31\v31_00490s.png,global_default,,low,,0.05,0.03,0.0,0.08,"32,30,1086,562",success
v31,C++,50,500,C:\NCKH\VIDEO_LEARNING_RESEARCH\data\processed\ocr_best_integration\keyframes_roi\v31\v31_00500s.png,global_default,vscode,low,eol_status,0.05,0.03,0.0,0.08,"32,30,1086,562",success
v31,C++,51,510,C:\NCKH\VIDEO_LEARNING_RESEARCH\data\processed\ocr_best_integration\keyframes_roi\v31\v31_00510s.png,global_default,,low,,0.05,0.03,0.0,0.08,"32,30,1086,562",success
v31,C++,52,520,C:\NCKH\VIDEO_LEARNING_RESEARCH\data\processed\ocr_best_integration\keyframes_roi\v31\v31_00520s.png,global_default,,low,,0.05,0.03,0.0,0.08,"32,30,1086,562",success
v31,C++,53,530,C:\NCKH\VIDEO_LEARNING_RESEARCH\data\processed\ocr_best_integration\keyframes_roi\v31\v31_00530s.png,global_default,,low,,0.05,0.03,0.0,0.08,"32,30,1086,562",success
v31,C++,54,540,C:\NCKH\VIDEO_LEARNING_RESEARCH\data\processed\ocr_best_integration\keyframes_roi\v31\v31_00540s.png,global_default,,low,,0.05,0.03,0.0,0.08,"32,30,1086,562",success
v31,C++,55,550,C:\NCKH\VIDEO_LEARNING_RESEARCH\data\processed\ocr_best_integration\keyframes_roi\v31\v31_00550s.png,global_default,,low,,0.05,0.03,0.0,0.08,"32,30,1086,562",success
v31,C++,56,560,C:\NCKH\VIDEO_LEARNING_RESEARCH\data\processed\ocr_best_integration\keyframes_roi\v31\v31_00560s.png,global_default,,low,,0.05,0.03,0.0,0.08,"32,30,1086,562",success
v31,C++,57,570,C:\NCKH\VIDEO_LEARNING_RESEARCH\data\processed\ocr_best_integration\keyframes_roi\v31\v31_00570s.png,global_default,,low,,0.05,0.03,0.0,0.08,"32,30,1086,562",success
v31,C++,58,580,C:\NCKH\VIDEO_LEARNING_RESEARCH\data\processed\ocr_best_integration\keyframes_roi\v31\v31_00580s.png,global_default,,low,,0.05,0.03,0.0,0.08,"32,30,1086,562",success
v31,C++,59,590,C:\NCKH\VIDEO_LEARNING_RESEARCH\data\processed\ocr_best_integration\keyframes_roi\v31\v31_00590s.png,global_default,,low,,0.05,0.03,0.0,0.08,"32,30,1086,562",success
v31,C++,60,600,C:\NCKH\VIDEO_LEARNING_RESEARCH\data\processed\ocr_best_integration\keyframes_roi\v31\v31_00600s.png,global_default,,low,,0.05,0.03,0.0,0.08,"32,30,1086,562",success
v31,C++,61,610,C:\NCKH\VIDEO_LEARNING_RESEARCH\data\processed\ocr_best_integration\keyframes_roi\v31\v31_00610s.png,global_default,,low,,0.05,0.03,0.0,0.08,"32,30,1086,562",success
v31,C++,62,620,C:\NCKH\VIDEO_LEARNING_RESEARCH\data\processed\ocr_best_integration\keyframes_roi\v31\v31_00620s.png,global_default,,low,,0.05,0.03,0.0,0.08,"32,30,1086,562",success
v31,C++,63,630,C:\NCKH\VIDEO_LEARNING_RESEARCH\data\processed\ocr_best_integration\keyframes_roi\v31\v31_00630s.png,global_default,,low,,0.05,0.03,0.0,0.08,"32,30,1086,562",success
v31,C++,64,640,C:\NCKH\VIDEO_LEARNING_RESEARCH\data\processed\ocr_best_integration\keyframes_roi\v31\v31_00640s.png,global_default,,low,,0.05,0.03,0.0,0.08,"32,30,1086,562",success
v31,C++,65,650,C:\NCKH\VIDEO_LEARNING_RESEARCH\data\processed\ocr_best_integration\keyframes_roi\v31\v31_00650s.png,global_default,vscode,low,eol_status,0.05,0.03,0.0,0.08,"32,30,1086,562",success
v31,C++,66,660,C:\NCKH\VIDEO_LEARNING_RESEARCH\data\processed\ocr_best_integration\keyframes_roi\v31\v31_00660s.png,global_default,vscode,low,eol_status,0.05,0.03,0.0,0.08,"32,30,1086,562",success
v31,C++,67,670,C:\NCKH\VIDEO_LEARNING_RESEARCH\data\processed\ocr_best_integration\keyframes_roi\v31\v31_00670s.png,global_default,,low,,0.05,0.03,0.0,0.08,"32,30,1086,562",success
v31,C++,68,680,C:\NCKH\VIDEO_LEARNING_RESEARCH\data\processed\ocr_best_integration\keyframes_roi\v31\v31_00680s.png,global_default,,low,,0.05,0.03,0.0,0.08,"32,30,1086,562",success
v31,C++,69,690,C:\NCKH\VIDEO_LEARNING_RESEARCH\data\processed\ocr_best_integration\keyframes_roi\v31\v31_00690s.png,global_default,,low,,0.05,0.03,0.0,0.08,"32,30,1086,562",success
v31,C++,70,700,C:\NCKH\VIDEO_LEARNING_RESEARCH\data\processed\ocr_best_integration\keyframes_roi\v31\v31_00700s.png,global_default,vscode,low,eol_status,0.05,0.03,0.0,0.08,"32,30,1086,562",success
v31,C++,71,710,C:\NCKH\VIDEO_LEARNING_RESEARCH\data\processed\ocr_best_integration\keyframes_roi\v31\v31_00710s.png,global_default,vscode,low,eol_status,0.05,0.03,0.0,0.08,"32,30,1086,562",success
v31,C++,72,720,C:\NCKH\VIDEO_LEARNING_RESEARCH\data\processed\ocr_best_integration\keyframes_roi\v31\v31_00720s.png,global_default,vscode,low,eol_status,0.05,0.03,0.0,0.08,"32,30,1086,562",success
v31,C++,73,730,C:\NCKH\VIDEO_LEARNING_RESEARCH\data\processed\ocr_best_integration\keyframes_roi\v31\v31_00730s.png,global_default,,low,,0.05,0.03,0.0,0.08,"32,30,1086,562",success
v31,C++,74,740,C:\NCKH\VIDEO_LEARNING_RESEARCH\data\processed\ocr_best_integration\keyframes_roi\v31\v31_00740s.png,global_default,vscode,low,eol_status,0.05,0.03,0.0,0.08,"32,30,1086,562",success
v31,C++,75,750,C:\NCKH\VIDEO_LEARNING_RESEARCH\data\processed\ocr_best_integration\keyframes_roi\v31\v31_00750s.png,global_default,vscode,low,eol_status,0.05,0.03,0.0,0.08,"32,30,1086,562",success
v31,C++,76,760,C:\NCKH\VIDEO_LEARNING_RESEARCH\data\processed\ocr_best_integration\keyframes_roi\v31\v31_00760s.png,global_default,,low,,0.05,0.03,0.0,0.08,"32,30,1086,562",success
v31,C++,77,770,C:\NCKH\VIDEO_LEARNING_RESEARCH\data\processed\ocr_best_integration\keyframes_roi\v31\v31_00770s.png,global_default,vscode,low,eol_status,0.05,0.03,0.0,0.08,"32,30,1086,562",success
v31,C++,78,780,C:\NCKH\VIDEO_LEARNING_RESEARCH\data\processed\ocr_best_integration\keyframes_roi\v31\v31_00780s.png,global_default,vscode,low,eol_status,0.05,0.03,0.0,0.08,"32,30,1086,562",success
v31,C++,79,790,C:\NCKH\VIDEO_LEARNING_RESEARCH\data\processed\ocr_best_integration\keyframes_roi\v31\v31_00790s.png,global_default,vscode,low,eol_status,0.05,0.03,0.0,0.08,"32,30,1086,562",success
v31,C++,80,800,C:\NCKH\VIDEO_LEARNING_RESEARCH\data\processed\ocr_best_integration\keyframes_roi\v31\v31_00800s.png,global_default,vscode,low,eol_status,0.05,0.03,0.0,0.08,"32,30,1086,562",success
v31,C++,81,810,C:\NCKH\VIDEO_LEARNING_RESEARCH\data\processed\ocr_best_integration\keyframes_roi\v31\v31_00810s.png,global_default,vscode,low,eol_status,0.05,0.03,0.0,0.08,"32,30,1086,562",success
v31,C++,82,820,C:\NCKH\VIDEO_LEARNING_RESEARCH\data\processed\ocr_best_integration\keyframes_roi\v31\v31_00820s.png,global_default,,low,,0.05,0.03,0.0,0.08,"32,30,1086,562",success
v31,C++,83,830,C:\NCKH\VIDEO_LEARNING_RESEARCH\data\processed\ocr_best_integration\keyframes_roi\v31\v31_00830s.png,global_default,,low,,0.05,0.03,0.0,0.08,"32,30,1086,562",success
v31,C++,84,840,C:\NCKH\VIDEO_LEARNING_RESEARCH\data\processed\ocr_best_integration\keyframes_roi\v31\v31_00840s.png,global_default,,low,,0.05,0.03,0.0,0.08,"32,30,1086,562",success
v31,C++,85,850,C:\NCKH\VIDEO_LEARNING_RESEARCH\data\processed\ocr_best_integration\keyframes_roi\v31\v31_00850s.png,global_default,,low,,0.05,0.03,0.0,0.08,"32,30,1086,562",success
v31,C++,86,860,C:\NCKH\VIDEO_LEARNING_RESEARCH\data\processed\ocr_best_integration\keyframes_roi\v31\v31_00860s.png,global_default,,low,,0.05,0.03,0.0,0.08,"32,30,1086,562",success
v31,C++,87,870,C:\NCKH\VIDEO_LEARNING_RESEARCH\data\processed\ocr_best_integration\keyframes_roi\v31\v31_00870s.png,global_default,vscode,low,eol_status,0.05,0.03,0.0,0.08,"32,30,1086,562",success
v31,C++,88,880,C:\NCKH\VIDEO_LEARNING_RESEARCH\data\processed\ocr_best_integration\keyframes_roi\v31\v31_00880s.png,global_default,,low,,0.05,0.03,0.0,0.08,"32,30,1086,562",success
v31,C++,89,890,C:\NCKH\VIDEO_LEARNING_RESEARCH\data\processed\ocr_best_integration\keyframes_roi\v31\v31_00890s.png,global_default,,low,,0.05,0.03,0.0,0.08,"32,30,1086,562",success
v31,C++,90,900,C:\NCKH\VIDEO_LEARNING_RESEARCH\data\processed\ocr_best_integration\keyframes_roi\v31\v31_00900s.png,global_default,vscode,low,eol_status,0.05,0.03,0.0,0.08,"32,30,1086,562",success
v31,C++,91,910,C:\NCKH\VIDEO_LEARNING_RESEARCH\data\processed\ocr_best_integration\keyframes_roi\v31\v31_00910s.png,global_default,,low,,0.05,0.03,0.0,0.08,"32,30,1086,562",success
v31,C++,92,920,C:\NCKH\VIDEO_LEARNING_RESEARCH\data\processed\ocr_best_integration\keyframes_roi\v31\v31_00920s.png,global_default,,low,,0.05,0.03,0.0,0.08,"32,30,1086,562",success
v31,C++,93,930,C:\NCKH\VIDEO_LEARNING_RESEARCH\data\processed\ocr_best_integration\keyframes_roi\v31\v31_00930s.png,global_default,,low,,0.05,0.03,0.0,0.08,"32,30,1086,562",success
v31,C++,94,940,C:\NCKH\VIDEO_LEARNING_RESEARCH\data\processed\ocr_best_integration\keyframes_roi\v31\v31_00940s.png,global_default,,low,,0.05,0.03,0.0,0.08,"32,30,1086,562",success
v31,C++,95,950,C:\NCKH\VIDEO_LEARNING_RESEARCH\data\processed\ocr_best_integration\keyframes_roi\v31\v31_00950s.png,global_default,,low,,0.05,0.03,0.0,0.08,"32,30,1086,562",success
v31,C++,96,960,C:\NCKH\VIDEO_LEARNING_RESEARCH\data\processed\ocr_best_integration\keyframes_roi\v31\v31_00960s.png,global_default,,low,,0.05,0.03,0.0,0.08,"32,30,1086,562",success
v31,C++,97,970,C:\NCKH\VIDEO_LEARNING_RESEARCH\data\processed\ocr_best_integration\keyframes_roi\v31\v31_00970s.png,global_default,,low,,0.05,0.03,0.0,0.08,"32,30,1086,562",success
v31,C++,98,980,C:\NCKH\VIDEO_LEARNING_RESEARCH\data\processed\ocr_best_integration\keyframes_roi\v31\v31_00980s.png,global_default,,low,,0.05,0.03,0.0,0.08,"32,30,1086,562",success
v31,C++,99,990,C:\NCKH\VIDEO_LEARNING_RESEARCH\data\processed\ocr_best_integration\keyframes_roi\v31\v31_00990s.png,global_default,,low,,0.05,0.03,0.0,0.08,"32,30,1086,562",success
v31,C++,100,1000,C:\NCKH\VIDEO_LEARNING_RESEARCH\data\processed\ocr_best_integration\keyframes_roi\v31\v31_01000s.png,global_default,vscode,low,eol_status,0.05,0.03,0.0,0.08,"32,30,1086,562",success
v31,C++,101,1010,C:\NCKH\VIDEO_LEARNING_RESEARCH\data\processed\ocr_best_integration\keyframes_roi\v31\v31_01010s.png,global_default,,low,,0.05,0.03,0.0,0.08,"32,30,1086,562",success
v31,C++,102,1020,C:\NCKH\VIDEO_LEARNING_RESEARCH\data\processed\ocr_best_integration\keyframes_roi\v31\v31_01020s.png,global_default,,low,,0.05,0.03,0.0,0.08,"32,30,1086,562",success
v31,C++,103,1030,C:\NCKH\VIDEO_LEARNING_RESEARCH\data\processed\ocr_best_integration\keyframes_roi\v31\v31_01030s.png,global_default,,low,,0.05,0.03,0.0,0.08,"32,30,1086,562",success
v31,C++,104,1040,C:\NCKH\VIDEO_LEARNING_RESEARCH\data\processed\ocr_best_integration\keyframes_roi\v31\v31_01040s.png,global_default,,low,,0.05,0.03,0.0,0.08,"32,30,1086,562",success
v31,C++,105,1050,C:\NCKH\VIDEO_LEARNING_RESEARCH\data\processed\ocr_best_integration\keyframes_roi\v31\v31_01050s.png,global_default,,low,,0.05,0.03,0.0,0.08,"32,30,1086,562",success
v31,C++,106,1060,C:\NCKH\VIDEO_LEARNING_RESEARCH\data\processed\ocr_best_integration\keyframes_roi\v31\v31_01060s.png,global_default,,low,,0.05,0.03,0.0,0.08,"32,30,1086,562",success
v31,C++,107,1070,C:\NCKH\VIDEO_LEARNING_RESEARCH\data\processed\ocr_best_integration\keyframes_roi\v31\v31_01070s.png,global_default,,low,,0.05,0.03,0.0,0.08,"32,30,1086,562",success
v31,C++,108,1080,C:\NCKH\VIDEO_LEARNING_RESEARCH\data\processed\ocr_best_integration\keyframes_roi\v31\v31_01080s.png,global_default,,low,,0.05,0.03,0.0,0.08,"32,30,1086,562",success
v31,C++,109,1090,C:\NCKH\VIDEO_LEARNING_RESEARCH\data\processed\ocr_best_integration\keyframes_roi\v31\v31_01090s.png,global_default,,low,,0.05,0.03,0.0,0.08,"32,30,1086,562",success
v31,C++,110,1100,C:\NCKH\VIDEO_LEARNING_RESEARCH\data\processed\ocr_best_integration\keyframes_roi\v31\v31_01100s.png,global_default,,low,,0.05,0.03,0.0,0.08,"32,30,1086,562",success
v31,C++,111,1110,C:\NCKH\VIDEO_LEARNING_RESEARCH\data\processed\ocr_best_integration\keyframes_roi\v31\v31_01110s.png,global_default,,low,,0.05,0.03,0.0,0.08,"32,30,1086,562",success
v31,C++,112,1120,C:\NCKH\VIDEO_LEARNING_RESEARCH\data\processed\ocr_best_integration\keyframes_roi\v31\v31_01120s.png,global_default,,low,,0.05,0.03,0.0,0.08,"32,30,1086,562",success
v31,C++,113,1130,C:\NCKH\VIDEO_LEARNING_RESEARCH\data\processed\ocr_best_integration\keyframes_roi\v31\v31_01130s.png,global_default,,low,,0.05,0.03,0.0,0.08,"32,30,1086,562",success
v31,C++,114,1140,C:\NCKH\VIDEO_LEARNING_RESEARCH\data\processed\ocr_best_integration\keyframes_roi\v31\v31_01140s.png,global_default,,low,,0.05,0.03,0.0,0.08,"32,30,1086,562",success
v31,C++,115,1150,C:\NCKH\VIDEO_LEARNING_RESEARCH\data\processed\ocr_best_integration\keyframes_roi\v31\v31_01150s.png,global_default,,low,,0.05,0.03,0.0,0.08,"32,30,1086,562",success
v31,C++,116,1160,C:\NCKH\VIDEO_LEARNING_RESEARCH\data\processed\ocr_best_integration\keyframes_roi\v31\v31_01160s.png,global_default,,low,,0.05,0.03,0.0,0.08,"32,30,1086,562",success
v31,C++,117,1170,C:\NCKH\VIDEO_LEARNING_RESEARCH\data\processed\ocr_best_integration\keyframes_roi\v31\v31_01170s.png,global_default,,low,,0.05,0.03,0.0,0.08,"32,30,1086,562",success
v31,C++,118,1180,C:\NCKH\VIDEO_LEARNING_RESEARCH\data\processed\ocr_best_integration\keyframes_roi\v31\v31_01180s.png,global_default,,low,,0.05,0.03,0.0,0.08,"32,30,1086,562",success
v31,C++,119,1190,C:\NCKH\VIDEO_LEARNING_RESEARCH\data\processed\ocr_best_integration\keyframes_roi\v31\v31_01190s.png,global_default,,low,,0.05,0.03,0.0,0.08,"32,30,1086,562",success
v31,C++,120,1200,C:\NCKH\VIDEO_LEARNING_RESEARCH\data\processed\ocr_best_integration\keyframes_roi\v31\v31_01200s.png,global_default,,low,,0.05,0.03,0.0,0.08,"32,30,1086,562",success
v31,C++,121,1210,C:\NCKH\VIDEO_LEARNING_RESEARCH\data\processed\ocr_best_integration\keyframes_roi\v31\v31_01210s.png,global_default,,low,,0.05,0.03,0.0,0.08,"32,30,1086,562",success
v31,C++,122,1220,C:\NCKH\VIDEO_LEARNING_RESEARCH\data\processed\ocr_best_integration\keyframes_roi\v31\v31_01220s.png,global_default,,low,,0.05,0.03,0.0,0.08,"32,30,1086,562",success
v31,C++,123,1230,C:\NCKH\VIDEO_LEARNING_RESEARCH\data\processed\ocr_best_integration\keyframes_roi\v31\v31_01230s.png,global_default,,low,,0.05,0.03,0.0,0.08,"32,30,1086,562",success
v31,C++,124,1240,C:\NCKH\VIDEO_LEARNING_RESEARCH\data\processed\ocr_best_integration\keyframes_roi\v31\v31_01240s.png,global_default,,low,,0.05,0.03,0.0,0.08,"32,30,1086,562",success
v31,C++,125,1250,C:\NCKH\VIDEO_LEARNING_RESEARCH\data\processed\ocr_best_integration\keyframes_roi\v31\v31_01250s.png,global_default,,low,,0.05,0.03,0.0,0.08,"32,30,1086,562",success
v31,C++,126,1260,C:\NCKH\VIDEO_LEARNING_RESEARCH\data\processed\ocr_best_integration\keyframes_roi\v31\v31_01260s.png,global_default,,low,,0.05,0.03,0.0,0.08,"32,30,1086,562",success
v31,C++,127,1270,C:\NCKH\VIDEO_LEARNING_RESEARCH\data\processed\ocr_best_integration\keyframes_roi\v31\v31_01270s.png,global_default,,low,,0.05,0.03,0.0,0.08,"32,30,1086,562",success
v31,C++,128,1280,C:\NCKH\VIDEO_LEARNING_RESEARCH\data\processed\ocr_best_integration\keyframes_roi\v31\v31_01280s.png,global_default,,low,,0.05,0.03,0.0,0.08,"32,30,1086,562",success
v31,C++,129,1290,C:\NCKH\VIDEO_LEARNING_RESEARCH\data\processed\ocr_best_integration\keyframes_roi\v31\v31_01290s.png,global_default,,low,,0.05,0.03,0.0,0.08,"32,30,1086,562",success
v31,C++,130,1300,C:\NCKH\VIDEO_LEARNING_RESEARCH\data\processed\ocr_best_integration\keyframes_roi\v31\v31_01300s.png,global_default,,low,,0.05,0.03,0.0,0.08,"32,30,1086,562",success
v31,C++,131,1310,C:\NCKH\VIDEO_LEARNING_RESEARCH\data\processed\ocr_best_integration\keyframes_roi\v31\v31_01310s.png,global_default,vscode,low,eol_status,0.05,0.03,0.0,0.08,"32,30,1086,562",success
v31,C++,132,1320,C:\NCKH\VIDEO_LEARNING_RESEARCH\data\processed\ocr_best_integration\keyframes_roi\v31\v31_01320s.png,global_default,vscode,low,eol_status,0.05,0.03,0.0,0.08,"32,30,1086,562",success
v31,C++,133,1330,C:\NCKH\VIDEO_LEARNING_RESEARCH\data\processed\ocr_best_integration\keyframes_roi\v31\v31_01330s.png,global_default,vscode,low,eol_status,0.05,0.03,0.0,0.08,"32,30,1086,562",success
v31,C++,134,1340,C:\NCKH\VIDEO_LEARNING_RESEARCH\data\processed\ocr_best_integration\keyframes_roi\v31\v31_01340s.png,global_default,vscode,low,eol_status,0.05,0.03,0.0,0.08,"32,30,1086,562",success
v31,C++,135,1350,C:\NCKH\VIDEO_LEARNING_RESEARCH\data\processed\ocr_best_integration\keyframes_roi\v31\v31_01350s.png,global_default,,low,,0.05,0.03,0.0,0.08,"32,30,1086,562",success
v31,C++,136,1360,C:\NCKH\VIDEO_LEARNING_RESEARCH\data\processed\ocr_best_integration\keyframes_roi\v31\v31_01360s.png,global_default,,low,,0.05,0.03,0.0,0.08,"32,30,1086,562",success
v31,C++,137,1370,C:\NCKH\VIDEO_LEARNING_RESEARCH\data\processed\ocr_best_integration\keyframes_roi\v31\v31_01370s.png,global_default,,low,,0.05,0.03,0.0,0.08,"32,30,1086,562",success
v31,C++,138,1380,C:\NCKH\VIDEO_LEARNING_RESEARCH\data\processed\ocr_best_integration\keyframes_roi\v31\v31_01380s.png,global_default,,low,,0.05,0.03,0.0,0.08,"32,30,1086,562",success
v31,C++,139,1390,C:\NCKH\VIDEO_LEARNING_RESEARCH\data\processed\ocr_best_integration\keyframes_roi\v31\v31_01390s.png,global_default,,low,,0.05,0.03,0.0,0.08,"32,30,1086,562",success
v31,C++,140,1400,C:\NCKH\VIDEO_LEARNING_RESEARCH\data\processed\ocr_best_integration\keyframes_roi\v31\v31_01400s.png,global_default,,low,,0.05,0.03,0.0,0.08,"32,30,1086,562",success
v31,C++,141,1410,C:\NCKH\VIDEO_LEARNING_RESEARCH\data\processed\ocr_best_integration\keyframes_roi\v31\v31_01410s.png,global_default,,low,,0.05,0.03,0.0,0.08,"32,30,1086,562",success
v31,C++,142,1420,C:\NCKH\VIDEO_LEARNING_RESEARCH\data\processed\ocr_best_integration\keyframes_roi\v31\v31_01420s.png,global_default,,low,,0.05,0.03,0.0,0.08,"32,30,1086,562",success
v31,C++,143,1430,C:\NCKH\VIDEO_LEARNING_RESEARCH\data\processed\ocr_best_integration\keyframes_roi\v31\v31_01430s.png,global_default,,low,,0.05,0.03,0.0,0.08,"32,30,1086,562",success
v31,C++,144,1440,C:\NCKH\VIDEO_LEARNING_RESEARCH\data\processed\ocr_best_integration\keyframes_roi\v31\v31_01440s.png,global_default,,low,,0.05,0.03,0.0,0.08,"32,30,1086,562",success
v31,C++,145,1450,C:\NCKH\VIDEO_LEARNING_RESEARCH\data\processed\ocr_best_integration\keyframes_roi\v31\v31_01450s.png,global_default,vscode,low,eol_status,0.05,0.03,0.0,0.08,"32,30,1086,562",success
v31,C++,146,1460,C:\NCKH\VIDEO_LEARNING_RESEARCH\data\processed\ocr_best_integration\keyframes_roi\v31\v31_01460s.png,global_default,,low,,0.05,0.03,0.0,0.08,"32,30,1086,562",success
v31,C++,147,1470,C:\NCKH\VIDEO_LEARNING_RESEARCH\data\processed\ocr_best_integration\keyframes_roi\v31\v31_01470s.png,global_default,vscode,low,eol_status,0.05,0.03,0.0,0.08,"32,30,1086,562",success
v31,C++,148,1480,C:\NCKH\VIDEO_LEARNING_RESEARCH\data\processed\ocr_best_integration\keyframes_roi\v31\v31_01480s.png,global_default,,low,,0.05,0.03,0.0,0.08,"32,30,1086,562",success
v31,C++,149,1490,C:\NCKH\VIDEO_LEARNING_RESEARCH\data\processed\ocr_best_integration\keyframes_roi\v31\v31_01490s.png,global_default,,low,,0.05,0.03,0.0,0.08,"32,30,1086,562",success
v31,C++,150,1500,C:\NCKH\VIDEO_LEARNING_RESEARCH\data\processed\ocr_best_integration\keyframes_roi\v31\v31_01500s.png,global_default,,low,,0.05,0.03,0.0,0.08,"32,30,1086,562",success
v31,C++,151,1510,C:\NCKH\VIDEO_LEARNING_RESEARCH\data\processed\ocr_best_integration\keyframes_roi\v31\v31_01510s.png,global_default,,low,,0.05,0.03,0.0,0.08,"32,30,1086,562",success
v31,C++,152,1520,C:\NCKH\VIDEO_LEARNING_RESEARCH\data\processed\ocr_best_integration\keyframes_roi\v31\v31_01520s.png,global_default,,low,,0.05,0.03,0.0,0.08,"32,30,1086,562",success
v31,C++,153,1530,C:\NCKH\VIDEO_LEARNING_RESEARCH\data\processed\ocr_best_integration\keyframes_roi\v31\v31_01530s.png,global_default,,low,,0.05,0.03,0.0,0.08,"32,30,1086,562",success
v31,C++,154,1540,C:\NCKH\VIDEO_LEARNING_RESEARCH\data\processed\ocr_best_integration\keyframes_roi\v31\v31_01540s.png,global_default,,low,,0.05,0.03,0.0,0.08,"32,30,1086,562",success
v31,C++,155,1550,C:\NCKH\VIDEO_LEARNING_RESEARCH\data\processed\ocr_best_integration\keyframes_roi\v31\v31_01550s.png,global_default,,low,,0.05,0.03,0.0,0.08,"32,30,1086,562",success
v31,C++,156,1560,C:\NCKH\VIDEO_LEARNING_RESEARCH\data\processed\ocr_best_integration\keyframes_roi\v31\v31_01560s.png,global_default,,low,,0.05,0.03,0.0,0.08,"32,30,1086,562",success
v31,C++,157,1570,C:\NCKH\VIDEO_LEARNING_RESEARCH\data\processed\ocr_best_integration\keyframes_roi\v31\v31_01570s.png,global_default,vscode,low,eol_status,0.05,0.03,0.0,0.08,"32,30,1086,562",success
v31,C++,158,1580,C:\NCKH\VIDEO_LEARNING_RESEARCH\data\processed\ocr_best_integration\keyframes_roi\v31\v31_01580s.png,global_default,,low,,0.05,0.03,0.0,0.08,"32,30,1086,562",success
v31,C++,159,1590,C:\NCKH\VIDEO_LEARNING_RESEARCH\data\processed\ocr_best_integration\keyframes_roi\v31\v31_01590s.png,global_default,,low,,0.05,0.03,0.0,0.08,"32,30,1086,562",success
v31,C++,160,1600,C:\NCKH\VIDEO_LEARNING_RESEARCH\data\processed\ocr_best_integration\keyframes_roi\v31\v31_01600s.png,global_default,,low,,0.05,0.03,0.0,0.08,"32,30,1086,562",success
v31,C++,161,1610,C:\NCKH\VIDEO_LEARNING_RESEARCH\data\processed\ocr_best_integration\keyframes_roi\v31\v31_01610s.png,global_default,,low,,0.05,0.03,0.0,0.08,"32,30,1086,562",success
v31,C++,162,1620,C:\NCKH\VIDEO_LEARNING_RESEARCH\data\processed\ocr_best_integration\keyframes_roi\v31\v31_01620s.png,global_default,,low,,0.05,0.03,0.0,0.08,"32,30,1086,562",success
v31,C++,163,1630,C:\NCKH\VIDEO_LEARNING_RESEARCH\data\processed\ocr_best_integration\keyframes_roi\v31\v31_01630s.png,global_default,,low,,0.05,0.03,0.0,0.08,"32,30,1086,562",success
v31,C++,164,1640,C:\NCKH\VIDEO_LEARNING_RESEARCH\data\processed\ocr_best_integration\keyframes_roi\v31\v31_01640s.png,global_default,,low,,0.05,0.03,0.0,0.08,"32,30,1086,562",success
v31,C++,165,1650,C:\NCKH\VIDEO_LEARNING_RESEARCH\data\processed\ocr_best_integration\keyframes_roi\v31\v31_01650s.png,global_default,,low,,0.05,0.03,0.0,0.08,"32,30,1086,562",success
v31,C++,166,1660,C:\NCKH\VIDEO_LEARNING_RESEARCH\data\processed\ocr_best_integration\keyframes_roi\v31\v31_01660s.png,global_default,,low,,0.05,0.03,0.0,0.08,"32,30,1086,562",success
v31,C++,167,1670,C:\NCKH\VIDEO_LEARNING_RESEARCH\data\processed\ocr_best_integration\keyframes_roi\v31\v31_01670s.png,global_default,,low,,0.05,0.03,0.0,0.08,"32,30,1086,562",success
v31,C++,168,1680,C:\NCKH\VIDEO_LEARNING_RESEARCH\data\processed\ocr_best_integration\keyframes_roi\v31\v31_01680s.png,global_default,,low,,0.05,0.03,0.0,0.08,"32,30,1086,562",success
v31,C++,169,1690,C:\NCKH\VIDEO_LEARNING_RESEARCH\data\processed\ocr_best_integration\keyframes_roi\v31\v31_01690s.png,global_default,,low,,0.05,0.03,0.0,0.08,"32,30,1086,562",success
v31,C++,170,1700,C:\NCKH\VIDEO_LEARNING_RESEARCH\data\processed\ocr_best_integration\keyframes_roi\v31\v31_01700s.png,global_default,,low,,0.05,0.03,0.0,0.08,"32,30,1086,562",success
v31,C++,171,1710,C:\NCKH\VIDEO_LEARNING_RESEARCH\data\processed\ocr_best_integration\keyframes_roi\v31\v31_01710s.png,global_default,,low,,0.05,0.03,0.0,0.08,"32,30,1086,562",success
v31,C++,172,1720,C:\NCKH\VIDEO_LEARNING_RESEARCH\data\processed\ocr_best_integration\keyframes_roi\v31\v31_01720s.png,global_default,,low,,0.05,0.03,0.0,0.08,"32,30,1086,562",success
v31,C++,173,1730,C:\NCKH\VIDEO_LEARNING_RESEARCH\data\processed\ocr_best_integration\keyframes_roi\v31\v31_01730s.png,global_default,,low,,0.05,0.03,0.0,0.08,"32,30,1086,562",success
v31,C++,174,1740,C:\NCKH\VIDEO_LEARNING_RESEARCH\data\processed\ocr_best_integration\keyframes_roi\v31\v31_01740s.png,global_default,vscode,low,eol_status,0.05,0.03,0.0,0.08,"32,30,1086,562",success
v31,C++,175,1750,C:\NCKH\VIDEO_LEARNING_RESEARCH\data\processed\ocr_best_integration\keyframes_roi\v31\v31_01750s.png,global_default,,low,,0.05,0.03,0.0,0.08,"32,30,1086,562",success
v31,C++,176,1760,C:\NCKH\VIDEO_LEARNING_RESEARCH\data\processed\ocr_best_integration\keyframes_roi\v31\v31_01760s.png,global_default,,low,,0.05,0.03,0.0,0.08,"32,30,1086,562",success
v31,C++,177,1770,C:\NCKH\VIDEO_LEARNING_RESEARCH\data\processed\ocr_best_integration\keyframes_roi\v31\v31_01770s.png,global_default,,low,,0.05,0.03,0.0,0.08,"32,30,1086,562",success
v31,C++,178,1780,C:\NCKH\VIDEO_LEARNING_RESEARCH\data\processed\ocr_best_integration\keyframes_roi\v31\v31_01780s.png,global_default,,low,,0.05,0.03,0.0,0.08,"32,30,1086,562",success
v31,C++,179,1790,C:\NCKH\VIDEO_LEARNING_RESEARCH\data\processed\ocr_best_integration\keyframes_roi\v31\v31_01790s.png,global_default,,low,,0.05,0.03,0.0,0.08,"32,30,1086,562",success
v31,C++,180,1800,C:\NCKH\VIDEO_LEARNING_RESEARCH\data\processed\ocr_best_integration\keyframes_roi\v31\v31_01800s.png,global_default,,low,,0.05,0.03,0.0,0.08,"32,30,1086,562",success
v31,C++,181,1810,C:\NCKH\VIDEO_LEARNING_RESEARCH\data\processed\ocr_best_integration\keyframes_roi\v31\v31_01810s.png,global_default,,low,,0.05,0.03,0.0,0.08,"32,30,1086,562",success
v31,C++,182,1820,C:\NCKH\VIDEO_LEARNING_RESEARCH\data\processed\ocr_best_integration\keyframes_roi\v31\v31_01820s.png,global_default,,low,,0.05,0.03,0.0,0.08,"32,30,1086,562",success
v31,C++,183,1830,C:\NCKH\VIDEO_LEARNING_RESEARCH\data\processed\ocr_best_integration\keyframes_roi\v31\v31_01830s.png,global_default,,low,,0.05,0.03,0.0,0.08,"32,30,1086,562",success
v31,C++,184,1840,C:\NCKH\VIDEO_LEARNING_RESEARCH\data\processed\ocr_best_integration\keyframes_roi\v31\v31_01840s.png,global_default,,low,,0.05,0.03,0.0,0.08,"32,30,1086,562",success
v31,C++,185,1850,C:\NCKH\VIDEO_LEARNING_RESEARCH\data\processed\ocr_best_integration\keyframes_roi\v31\v31_01850s.png,global_default,,low,,0.05,0.03,0.0,0.08,"32,30,1086,562",success
v31,C++,186,1860,C:\NCKH\VIDEO_LEARNING_RESEARCH\data\processed\ocr_best_integration\keyframes_roi\v31\v31_01860s.png,global_default,,low,,0.05,0.03,0.0,0.08,"32,30,1086,562",success
v31,C++,187,1870,C:\NCKH\VIDEO_LEARNING_RESEARCH\data\processed\ocr_best_integration\keyframes_roi\v31\v31_01870s.png,global_default,,low,,0.05,0.03,0.0,0.08,"32,30,1086,562",success
v31,C++,188,1880,C:\NCKH\VIDEO_LEARNING_RESEARCH\data\processed\ocr_best_integration\keyframes_roi\v31\v31_01880s.png,global_default,,low,,0.05,0.03,0.0,0.08,"32,30,1086,562",success
v31,C++,189,1890,C:\NCKH\VIDEO_LEARNING_RESEARCH\data\processed\ocr_best_integration\keyframes_roi\v31\v31_01890s.png,global_default,,low,,0.05,0.03,0.0,0.08,"32,30,1086,562",success
v31,C++,190,1900,C:\NCKH\VIDEO_LEARNING_RESEARCH\data\processed\ocr_best_integration\keyframes_roi\v31\v31_01900s.png,global_default,,low,,0.05,0.03,0.0,0.08,"32,30,1086,562",success
v31,C++,191,1910,C:\NCKH\VIDEO_LEARNING_RESEARCH\data\processed\ocr_best_integration\keyframes_roi\v31\v31_01910s.png,global_default,vscode,low,eol_status,0.05,0.03,0.0,0.08,"32,30,1086,562",success
v31,C++,192,1920,C:\NCKH\VIDEO_LEARNING_RESEARCH\data\processed\ocr_best_integration\keyframes_roi\v31\v31_01920s.png,global_default,,low,,0.05,0.03,0.0,0.08,"32,30,1086,562",success
v31,C++,193,1930,C:\NCKH\VIDEO_LEARNING_RESEARCH\data\processed\ocr_best_integration\keyframes_roi\v31\v31_01930s.png,global_default,,low,,0.05,0.03,0.0,0.08,"32,30,1086,562",success
v31,C++,194,1940,C:\NCKH\VIDEO_LEARNING_RESEARCH\data\processed\ocr_best_integration\keyframes_roi\v31\v31_01940s.png,global_default,,low,,0.05,0.03,0.0,0.08,"32,30,1086,562",success
v31,C++,195,1950,C:\NCKH\VIDEO_LEARNING_RESEARCH\data\processed\ocr_best_integration\keyframes_roi\v31\v31_01950s.png,global_default,,low,,0.05,0.03,0.0,0.08,"32,30,1086,562",success
v31,C++,196,1960,C:\NCKH\VIDEO_LEARNING_RESEARCH\data\processed\ocr_best_integration\keyframes_roi\v31\v31_01960s.png,global_default,,low,,0.05,0.03,0.0,0.08,"32,30,1086,562",success
v31,C++,197,1970,C:\NCKH\VIDEO_LEARNING_RESEARCH\data\processed\ocr_best_integration\keyframes_roi\v31\v31_01970s.png,global_default,,low,,0.05,0.03,0.0,0.08,"32,30,1086,562",success
v31,C++,198,1980,C:\NCKH\VIDEO_LEARNING_RESEARCH\data\processed\ocr_best_integration\keyframes_roi\v31\v31_01980s.png,global_default,,low,,0.05,0.03,0.0,0.08,"32,30,1086,562",success
v31,C++,199,1990,C:\NCKH\VIDEO_LEARNING_RESEARCH\data\processed\ocr_best_integration\keyframes_roi\v31\v31_01990s.png,global_default,,low,,0.05,0.03,0.0,0.08,"32,30,1086,562",success
v31,C++,200,2000,C:\NCKH\VIDEO_LEARNING_RESEARCH\data\processed\ocr_best_integration\keyframes_roi\v31\v31_02000s.png,global_default,,low,,0.05,0.03,0.0,0.08,"32,30,1086,562",success
v31,C++,201,2010,C:\NCKH\VIDEO_LEARNING_RESEARCH\data\processed\ocr_best_integration\keyframes_roi\v31\v31_02010s.png,global_default,,low,,0.05,0.03,0.0,0.08,"32,30,1086,562",success
v31,C++,202,2020,C:\NCKH\VIDEO_LEARNING_RESEARCH\data\processed\ocr_best_integration\keyframes_roi\v31\v31_02020s.png,global_default,,low,,0.05,0.03,0.0,0.08,"32,30,1086,562",success
v31,C++,203,2030,C:\NCKH\VIDEO_LEARNING_RESEARCH\data\processed\ocr_best_integration\keyframes_roi\v31\v31_02030s.png,global_default,,low,,0.05,0.03,0.0,0.08,"32,30,1086,562",success
v31,C++,204,2040,C:\NCKH\VIDEO_LEARNING_RESEARCH\data\processed\ocr_best_integration\keyframes_roi\v31\v31_02040s.png,global_default,,low,,0.05,0.03,0.0,0.08,"32,30,1086,562",success
v31,C++,205,2050,C:\NCKH\VIDEO_LEARNING_RESEARCH\data\processed\ocr_best_integration\keyframes_roi\v31\v31_02050s.png,global_default,,low,,0.05,0.03,0.0,0.08,"32,30,1086,562",success
v31,C++,206,2060,C:\NCKH\VIDEO_LEARNING_RESEARCH\data\processed\ocr_best_integration\keyframes_roi\v31\v31_02060s.png,global_default,,low,,0.05,0.03,0.0,0.08,"32,30,1086,562",success
v31,C++,207,2070,C:\NCKH\VIDEO_LEARNING_RESEARCH\data\processed\ocr_best_integration\keyframes_roi\v31\v31_02070s.png,global_default,,low,,0.05,0.03,0.0,0.08,"32,30,1086,562",success
v31,C++,208,2080,C:\NCKH\VIDEO_LEARNING_RESEARCH\data\processed\ocr_best_integration\keyframes_roi\v31\v31_02080s.png,global_default,,low,,0.05,0.03,0.0,0.08,"32,30,1086,562",success
v31,C++,209,2090,C:\NCKH\VIDEO_LEARNING_RESEARCH\data\processed\ocr_best_integration\keyframes_roi\v31\v31_02090s.png,global_default,,low,,0.05,0.03,0.0,0.08,"32,30,1086,562",success
v31,C++,210,2100,C:\NCKH\VIDEO_LEARNING_RESEARCH\data\processed\ocr_best_integration\keyframes_roi\v31\v31_02100s.png,global_default,,low,,0.05,0.03,0.0,0.08,"32,30,1086,562",success
v31,C++,211,2110,C:\NCKH\VIDEO_LEARNING_RESEARCH\data\processed\ocr_best_integration\keyframes_roi\v31\v31_02110s.png,global_default,,low,,0.05,0.03,0.0,0.08,"32,30,1086,562",success
v32,C++,0,0,C:\NCKH\VIDEO_LEARNING_RESEARCH\data\processed\ocr_best_integration\keyframes_roi\v32\v32_00000s.png,global_default,,low,,0.05,0.03,0.0,0.08,"32,30,1086,562",success
v32,C++,1,10,C:\NCKH\VIDEO_LEARNING_RESEARCH\data\processed\ocr_best_integration\keyframes_roi\v32\v32_00010s.png,global_default,,low,,0.05,0.03,0.0,0.08,"32,30,1086,562",success
v32,C++,2,20,C:\NCKH\VIDEO_LEARNING_RESEARCH\data\processed\ocr_best_integration\keyframes_roi\v32\v32_00020s.png,global_default,,low,,0.05,0.03,0.0,0.08,"32,30,1086,562",success
v32,C++,3,30,C:\NCKH\VIDEO_LEARNING_RESEARCH\data\processed\ocr_best_integration\keyframes_roi\v32\v32_00030s.png,global_default,,low,,0.05,0.03,0.0,0.08,"32,30,1086,562",success
v32,C++,4,40,C:\NCKH\VIDEO_LEARNING_RESEARCH\data\processed\ocr_best_integration\keyframes_roi\v32\v32_00040s.png,global_default,,low,,0.05,0.03,0.0,0.08,"32,30,1086,562",success
v32,C++,5,50,C:\NCKH\VIDEO_LEARNING_RESEARCH\data\processed\ocr_best_integration\keyframes_roi\v32\v32_00050s.png,global_default,,low,,0.05,0.03,0.0,0.08,"32,30,1086,562",success
v32,C++,6,60,C:\NCKH\VIDEO_LEARNING_RESEARCH\data\processed\ocr_best_integration\keyframes_roi\v32\v32_00060s.png,global_default,,low,,0.05,0.03,0.0,0.08,"32,30,1086,562",success
v32,C++,7,70,C:\NCKH\VIDEO_LEARNING_RESEARCH\data\processed\ocr_best_integration\keyframes_roi\v32\v32_00070s.png,global_default,,low,,0.05,0.03,0.0,0.08,"32,30,1086,562",success
v32,C++,8,80,C:\NCKH\VIDEO_LEARNING_RESEARCH\data\processed\ocr_best_integration\keyframes_roi\v32\v32_00080s.png,global_default,,low,,0.05,0.03,0.0,0.08,"32,30,1086,562",success
v32,C++,9,90,C:\NCKH\VIDEO_LEARNING_RESEARCH\data\processed\ocr_best_integration\keyframes_roi\v32\v32_00090s.png,global_default,,low,,0.05,0.03,0.0,0.08,"32,30,1086,562",success
v32,C++,10,100,C:\NCKH\VIDEO_LEARNING_RESEARCH\data\processed\ocr_best_integration\keyframes_roi\v32\v32_00100s.png,global_default,,low,,0.05,0.03,0.0,0.08,"32,30,1086,562",success
v32,C++,11,110,C:\NCKH\VIDEO_LEARNING_RESEARCH\data\processed\ocr_best_integration\keyframes_roi\v32\v32_00110s.png,global_default,,low,,0.05,0.03,0.0,0.08,"32,30,1086,562",success
v32,C++,12,120,C:\NCKH\VIDEO_LEARNING_RESEARCH\data\processed\ocr_best_integration\keyframes_roi\v32\v32_00120s.png,global_default,,low,,0.05,0.03,0.0,0.08,"32,30,1086,562",success
v32,C++,13,130,C:\NCKH\VIDEO_LEARNING_RESEARCH\data\processed\ocr_best_integration\keyframes_roi\v32\v32_00130s.png,global_default,,low,,0.05,0.03,0.0,0.08,"32,30,1086,562",success
v32,C++,14,140,C:\NCKH\VIDEO_LEARNING_RESEARCH\data\processed\ocr_best_integration\keyframes_roi\v32\v32_00140s.png,global_default,,low,,0.05,0.03,0.0,0.08,"32,30,1086,562",success
v32,C++,15,150,C:\NCKH\VIDEO_LEARNING_RESEARCH\data\processed\ocr_best_integration\keyframes_roi\v32\v32_00150s.png,global_default,,low,,0.05,0.03,0.0,0.08,"32,30,1086,562",success
v32,C++,16,160,C:\NCKH\VIDEO_LEARNING_RESEARCH\data\processed\ocr_best_integration\keyframes_roi\v32\v32_00160s.png,global_default,,low,,0.05,0.03,0.0,0.08,"32,30,1086,562",success
v32,C++,17,170,C:\NCKH\VIDEO_LEARNING_RESEARCH\data\processed\ocr_best_integration\keyframes_roi\v32\v32_00170s.png,global_default,,low,,0.05,0.03,0.0,0.08,"32,30,1086,562",success
v32,C++,18,180,C:\NCKH\VIDEO_LEARNING_RESEARCH\data\processed\ocr_best_integration\keyframes_roi\v32\v32_00180s.png,global_default,,low,,0.05,0.03,0.0,0.08,"32,30,1086,562",success
v32,C++,19,190,C:\NCKH\VIDEO_LEARNING_RESEARCH\data\processed\ocr_best_integration\keyframes_roi\v32\v32_00190s.png,global_default,,low,,0.05,0.03,0.0,0.08,"32,30,1086,562",success
v32,C++,20,200,C:\NCKH\VIDEO_LEARNING_RESEARCH\data\processed\ocr_best_integration\keyframes_roi\v32\v32_00200s.png,global_default,,low,,0.05,0.03,0.0,0.08,"32,30,1086,562",success
v32,C++,21,210,C:\NCKH\VIDEO_LEARNING_RESEARCH\data\processed\ocr_best_integration\keyframes_roi\v32\v32_00210s.png,global_default,,low,,0.05,0.03,0.0,0.08,"32,30,1086,562",success
v32,C++,22,220,C:\NCKH\VIDEO_LEARNING_RESEARCH\data\processed\ocr_best_integration\keyframes_roi\v32\v32_00220s.png,global_default,,low,,0.05,0.03,0.0,0.08,"32,30,1086,562",success
v32,C++,23,230,C:\NCKH\VIDEO_LEARNING_RESEARCH\data\processed\ocr_best_integration\keyframes_roi\v32\v32_00230s.png,global_default,,low,,0.05,0.03,0.0,0.08,"32,30,1086,562",success
v32,C++,24,240,C:\NCKH\VIDEO_LEARNING_RESEARCH\data\processed\ocr_best_integration\keyframes_roi\v32\v32_00240s.png,global_default,,low,,0.05,0.03,0.0,0.08,"32,30,1086,562",success
v32,C++,25,250,C:\NCKH\VIDEO_LEARNING_RESEARCH\data\processed\ocr_best_integration\keyframes_roi\v32\v32_00250s.png,global_default,,low,,0.05,0.03,0.0,0.08,"32,30,1086,562",success
v32,C++,26,260,C:\NCKH\VIDEO_LEARNING_RESEARCH\data\processed\ocr_best_integration\keyframes_roi\v32\v32_00260s.png,global_default,,low,,0.05,0.03,0.0,0.08,"32,30,1086,562",success
v32,C++,27,270,C:\NCKH\VIDEO_LEARNING_RESEARCH\data\processed\ocr_best_integration\keyframes_roi\v32\v32_00270s.png,global_default,,low,,0.05,0.03,0.0,0.08,"32,30,1086,562",success
v32,C++,28,280,C:\NCKH\VIDEO_LEARNING_RESEARCH\data\processed\ocr_best_integration\keyframes_roi\v32\v32_00280s.png,global_default,,low,,0.05,0.03,0.0,0.08,"32,30,1086,562",success
v32,C++,29,290,C:\NCKH\VIDEO_LEARNING_RESEARCH\data\processed\ocr_best_integration\keyframes_roi\v32\v32_00290s.png,global_default,,low,,0.05,0.03,0.0,0.08,"32,30,1086,562",success
v32,C++,30,300,C:\NCKH\VIDEO_LEARNING_RESEARCH\data\processed\ocr_best_integration\keyframes_roi\v32\v32_00300s.png,global_default,,low,,0.05,0.03,0.0,0.08,"32,30,1086,562",success
v32,C++,31,310,C:\NCKH\VIDEO_LEARNING_RESEARCH\data\processed\ocr_best_integration\keyframes_roi\v32\v32_00310s.png,global_default,,low,,0.05,0.03,0.0,0.08,"32,30,1086,562",success
v32,C++,32,320,C:\NCKH\VIDEO_LEARNING_RESEARCH\data\processed\ocr_best_integration\keyframes_roi\v32\v32_00320s.png,global_default,,low,,0.05,0.03,0.0,0.08,"32,30,1086,562",success
v32,C++,33,330,C:\NCKH\VIDEO_LEARNING_RESEARCH\data\processed\ocr_best_integration\keyframes_roi\v32\v32_00330s.png,global_default,,low,,0.05,0.03,0.0,0.08,"32,30,1086,562",success
v32,C++,34,340,C:\NCKH\VIDEO_LEARNING_RESEARCH\data\processed\ocr_best_integration\keyframes_roi\v32\v32_00340s.png,global_default,,low,,0.05,0.03,0.0,0.08,"32,30,1086,562",success
v32,C++,35,350,C:\NCKH\VIDEO_LEARNING_RESEARCH\data\processed\ocr_best_integration\keyframes_roi\v32\v32_00350s.png,global_default,,low,,0.05,0.03,0.0,0.08,"32,30,1086,562",success
v32,C++,36,360,C:\NCKH\VIDEO_LEARNING_RESEARCH\data\processed\ocr_best_integration\keyframes_roi\v32\v32_00360s.png,global_default,,low,,0.05,0.03,0.0,0.08,"32,30,1086,562",success
v32,C++,37,370,C:\NCKH\VIDEO_LEARNING_RESEARCH\data\processed\ocr_best_integration\keyframes_roi\v32\v32_00370s.png,global_default,,low,,0.05,0.03,0.0,0.08,"32,30,1086,562",success
v32,C++,38,380,C:\NCKH\VIDEO_LEARNING_RESEARCH\data\processed\ocr_best_integration\keyframes_roi\v32\v32_00380s.png,global_default,,low,,0.05,0.03,0.0,0.08,"32,30,1086,562",success
v32,C++,39,390,C:\NCKH\VIDEO_LEARNING_RESEARCH\data\processed\ocr_best_integration\keyframes_roi\v32\v32_00390s.png,global_default,,low,,0.05,0.03,0.0,0.08,"32,30,1086,562",success
v32,C++,40,400,C:\NCKH\VIDEO_LEARNING_RESEARCH\data\processed\ocr_best_integration\keyframes_roi\v32\v32_00400s.png,global_default,,low,,0.05,0.03,0.0,0.08,"32,30,1086,562",success
v32,C++,41,410,C:\NCKH\VIDEO_LEARNING_RESEARCH\data\processed\ocr_best_integration\keyframes_roi\v32\v32_00410s.png,global_default,,low,,0.05,0.03,0.0,0.08,"32,30,1086,562",success
v32,C++,42,420,C:\NCKH\VIDEO_LEARNING_RESEARCH\data\processed\ocr_best_integration\keyframes_roi\v32\v32_00420s.png,global_default,,low,,0.05,0.03,0.0,0.08,"32,30,1086,562",success
v32,C++,43,430,C:\NCKH\VIDEO_LEARNING_RESEARCH\data\processed\ocr_best_integration\keyframes_roi\v32\v32_00430s.png,global_default,,low,,0.05,0.03,0.0,0.08,"32,30,1086,562",success
v32,C++,44,440,C:\NCKH\VIDEO_LEARNING_RESEARCH\data\processed\ocr_best_integration\keyframes_roi\v32\v32_00440s.png,global_default,,low,,0.05,0.03,0.0,0.08,"32,30,1086,562",success
v32,C++,45,450,C:\NCKH\VIDEO_LEARNING_RESEARCH\data\processed\ocr_best_integration\keyframes_roi\v32\v32_00450s.png,global_default,,low,,0.05,0.03,0.0,0.08,"32,30,1086,562",success
v32,C++,46,460,C:\NCKH\VIDEO_LEARNING_RESEARCH\data\processed\ocr_best_integration\keyframes_roi\v32\v32_00460s.png,global_default,,low,,0.05,0.03,0.0,0.08,"32,30,1086,562",success
v32,C++,47,470,C:\NCKH\VIDEO_LEARNING_RESEARCH\data\processed\ocr_best_integration\keyframes_roi\v32\v32_00470s.png,global_default,,low,,0.05,0.03,0.0,0.08,"32,30,1086,562",success
v32,C++,48,480,C:\NCKH\VIDEO_LEARNING_RESEARCH\data\processed\ocr_best_integration\keyframes_roi\v32\v32_00480s.png,global_default,,low,,0.05,0.03,0.0,0.08,"32,30,1086,562",success
v32,C++,49,490,C:\NCKH\VIDEO_LEARNING_RESEARCH\data\processed\ocr_best_integration\keyframes_roi\v32\v32_00490s.png,global_default,,low,,0.05,0.03,0.0,0.08,"32,30,1086,562",success
v32,C++,50,500,C:\NCKH\VIDEO_LEARNING_RESEARCH\data\processed\ocr_best_integration\keyframes_roi\v32\v32_00500s.png,global_default,,low,,0.05,0.03,0.0,0.08,"32,30,1086,562",success
v32,C++,51,510,C:\NCKH\VIDEO_LEARNING_RESEARCH\data\processed\ocr_best_integration\keyframes_roi\v32\v32_00510s.png,global_default,,low,,0.05,0.03,0.0,0.08,"32,30,1086,562",success
v32,C++,52,520,C:\NCKH\VIDEO_LEARNING_RESEARCH\data\processed\ocr_best_integration\keyframes_roi\v32\v32_00520s.png,global_default,,low,,0.05,0.03,0.0,0.08,"32,30,1086,562",success
v32,C++,53,530,C:\NCKH\VIDEO_LEARNING_RESEARCH\data\processed\ocr_best_integration\keyframes_roi\v32\v32_00530s.png,global_default,,low,,0.05,0.03,0.0,0.08,"32,30,1086,562",success
v32,C++,54,540,C:\NCKH\VIDEO_LEARNING_RESEARCH\data\processed\ocr_best_integration\keyframes_roi\v32\v32_00540s.png,global_default,,low,,0.05,0.03,0.0,0.08,"32,30,1086,562",success
v32,C++,55,550,C:\NCKH\VIDEO_LEARNING_RESEARCH\data\processed\ocr_best_integration\keyframes_roi\v32\v32_00550s.png,global_default,,low,,0.05,0.03,0.0,0.08,"32,30,1086,562",success
v32,C++,56,560,C:\NCKH\VIDEO_LEARNING_RESEARCH\data\processed\ocr_best_integration\keyframes_roi\v32\v32_00560s.png,global_default,,low,,0.05,0.03,0.0,0.08,"32,30,1086,562",success
v32,C++,57,570,C:\NCKH\VIDEO_LEARNING_RESEARCH\data\processed\ocr_best_integration\keyframes_roi\v32\v32_00570s.png,global_default,,low,,0.05,0.03,0.0,0.08,"32,30,1086,562",success
v32,C++,58,580,C:\NCKH\VIDEO_LEARNING_RESEARCH\data\processed\ocr_best_integration\keyframes_roi\v32\v32_00580s.png,global_default,,low,,0.05,0.03,0.0,0.08,"32,30,1086,562",success
v32,C++,59,590,C:\NCKH\VIDEO_LEARNING_RESEARCH\data\processed\ocr_best_integration\keyframes_roi\v32\v32_00590s.png,global_default,,low,,0.05,0.03,0.0,0.08,"32,30,1086,562",success
v32,C++,60,600,C:\NCKH\VIDEO_LEARNING_RESEARCH\data\processed\ocr_best_integration\keyframes_roi\v32\v32_00600s.png,global_default,,low,,0.05,0.03,0.0,0.08,"32,30,1086,562",success
v32,C++,61,610,C:\NCKH\VIDEO_LEARNING_RESEARCH\data\processed\ocr_best_integration\keyframes_roi\v32\v32_00610s.png,global_default,,low,,0.05,0.03,0.0,0.08,"32,30,1086,562",success
v32,C++,62,620,C:\NCKH\VIDEO_LEARNING_RESEARCH\data\processed\ocr_best_integration\keyframes_roi\v32\v32_00620s.png,global_default,,low,,0.05,0.03,0.0,0.08,"32,30,1086,562",success
v32,C++,63,630,C:\NCKH\VIDEO_LEARNING_RESEARCH\data\processed\ocr_best_integration\keyframes_roi\v32\v32_00630s.png,global_default,,low,,0.05,0.03,0.0,0.08,"32,30,1086,562",success
v32,C++,64,640,C:\NCKH\VIDEO_LEARNING_RESEARCH\data\processed\ocr_best_integration\keyframes_roi\v32\v32_00640s.png,global_default,,low,,0.05,0.03,0.0,0.08,"32,30,1086,562",success
v32,C++,65,650,C:\NCKH\VIDEO_LEARNING_RESEARCH\data\processed\ocr_best_integration\keyframes_roi\v32\v32_00650s.png,global_default,,low,,0.05,0.03,0.0,0.08,"32,30,1086,562",success
v32,C++,66,660,C:\NCKH\VIDEO_LEARNING_RESEARCH\data\processed\ocr_best_integration\keyframes_roi\v32\v32_00660s.png,global_default,,low,,0.05,0.03,0.0,0.08,"32,30,1086,562",success
v32,C++,67,670,C:\NCKH\VIDEO_LEARNING_RESEARCH\data\processed\ocr_best_integration\keyframes_roi\v32\v32_00670s.png,global_default,,low,,0.05,0.03,0.0,0.08,"32,30,1086,562",success
v32,C++,68,680,C:\NCKH\VIDEO_LEARNING_RESEARCH\data\processed\ocr_best_integration\keyframes_roi\v32\v32_00680s.png,global_default,,low,,0.05,0.03,0.0,0.08,"32,30,1086,562",success
v33,C++,0,0,C:\NCKH\VIDEO_LEARNING_RESEARCH\data\processed\ocr_best_integration\keyframes_roi\v33\v33_00000s.png,global_default,,low,,0.05,0.03,0.0,0.08,"32,30,1086,562",success
v33,C++,1,10,C:\NCKH\VIDEO_LEARNING_RESEARCH\data\processed\ocr_best_integration\keyframes_roi\v33\v33_00010s.png,global_default,,low,,0.05,0.03,0.0,0.08,"32,30,1086,562",success
v33,C++,2,20,C:\NCKH\VIDEO_LEARNING_RESEARCH\data\processed\ocr_best_integration\keyframes_roi\v33\v33_00020s.png,global_default,,low,,0.05,0.03,0.0,0.08,"32,30,1086,562",success
v33,C++,3,30,C:\NCKH\VIDEO_LEARNING_RESEARCH\data\processed\ocr_best_integration\keyframes_roi\v33\v33_00030s.png,global_default,,low,,0.05,0.03,0.0,0.08,"32,30,1086,562",success
v33,C++,4,40,C:\NCKH\VIDEO_LEARNING_RESEARCH\data\processed\ocr_best_integration\keyframes_roi\v33\v33_00040s.png,global_default,,low,,0.05,0.03,0.0,0.08,"32,30,1086,562",success
v33,C++,5,50,C:\NCKH\VIDEO_LEARNING_RESEARCH\data\processed\ocr_best_integration\keyframes_roi\v33\v33_00050s.png,global_default,,low,,0.05,0.03,0.0,0.08,"32,30,1086,562",success
v33,C++,6,60,C:\NCKH\VIDEO_LEARNING_RESEARCH\data\processed\ocr_best_integration\keyframes_roi\v33\v33_00060s.png,global_default,,low,,0.05,0.03,0.0,0.08,"32,30,1086,562",success
v33,C++,7,70,C:\NCKH\VIDEO_LEARNING_RESEARCH\data\processed\ocr_best_integration\keyframes_roi\v33\v33_00070s.png,global_default,,low,,0.05,0.03,0.0,0.08,"32,30,1086,562",success
v33,C++,8,80,C:\NCKH\VIDEO_LEARNING_RESEARCH\data\processed\ocr_best_integration\keyframes_roi\v33\v33_00080s.png,global_default,,low,,0.05,0.03,0.0,0.08,"32,30,1086,562",success
v33,C++,9,90,C:\NCKH\VIDEO_LEARNING_RESEARCH\data\processed\ocr_best_integration\keyframes_roi\v33\v33_00090s.png,global_default,,low,,0.05,0.03,0.0,0.08,"32,30,1086,562",success
v33,C++,10,100,C:\NCKH\VIDEO_LEARNING_RESEARCH\data\processed\ocr_best_integration\keyframes_roi\v33\v33_00100s.png,global_default,,low,,0.05,0.03,0.0,0.08,"32,30,1086,562",success
v33,C++,11,110,C:\NCKH\VIDEO_LEARNING_RESEARCH\data\processed\ocr_best_integration\keyframes_roi\v33\v33_00110s.png,global_default,,low,,0.05,0.03,0.0,0.08,"32,30,1086,562",success
v33,C++,12,120,C:\NCKH\VIDEO_LEARNING_RESEARCH\data\processed\ocr_best_integration\keyframes_roi\v33\v33_00120s.png,global_default,,low,,0.05,0.03,0.0,0.08,"32,30,1086,562",success
v33,C++,13,130,C:\NCKH\VIDEO_LEARNING_RESEARCH\data\processed\ocr_best_integration\keyframes_roi\v33\v33_00130s.png,global_default,,low,,0.05,0.03,0.0,0.08,"32,30,1086,562",success
v33,C++,14,140,C:\NCKH\VIDEO_LEARNING_RESEARCH\data\processed\ocr_best_integration\keyframes_roi\v33\v33_00140s.png,global_default,,low,,0.05,0.03,0.0,0.08,"32,30,1086,562",success
v33,C++,15,150,C:\NCKH\VIDEO_LEARNING_RESEARCH\data\processed\ocr_best_integration\keyframes_roi\v33\v33_00150s.png,global_default,,low,,0.05,0.03,0.0,0.08,"32,30,1086,562",success
v33,C++,16,160,C:\NCKH\VIDEO_LEARNING_RESEARCH\data\processed\ocr_best_integration\keyframes_roi\v33\v33_00160s.png,global_default,,low,,0.05,0.03,0.0,0.08,"32,30,1086,562",success
v33,C++,17,170,C:\NCKH\VIDEO_LEARNING_RESEARCH\data\processed\ocr_best_integration\keyframes_roi\v33\v33_00170s.png,global_default,,low,,0.05,0.03,0.0,0.08,"32,30,1086,562",success
v33,C++,18,180,C:\NCKH\VIDEO_LEARNING_RESEARCH\data\processed\ocr_best_integration\keyframes_roi\v33\v33_00180s.png,global_default,,low,,0.05,0.03,0.0,0.08,"32,30,1086,562",success
v33,C++,19,190,C:\NCKH\VIDEO_LEARNING_RESEARCH\data\processed\ocr_best_integration\keyframes_roi\v33\v33_00190s.png,global_default,,low,,0.05,0.03,0.0,0.08,"32,30,1086,562",success
v33,C++,20,200,C:\NCKH\VIDEO_LEARNING_RESEARCH\data\processed\ocr_best_integration\keyframes_roi\v33\v33_00200s.png,global_default,,low,,0.05,0.03,0.0,0.08,"32,30,1086,562",success
v33,C++,21,210,C:\NCKH\VIDEO_LEARNING_RESEARCH\data\processed\ocr_best_integration\keyframes_roi\v33\v33_00210s.png,global_default,,low,,0.05,0.03,0.0,0.08,"32,30,1086,562",success
v33,C++,22,220,C:\NCKH\VIDEO_LEARNING_RESEARCH\data\processed\ocr_best_integration\keyframes_roi\v33\v33_00220s.png,global_default,,low,,0.05,0.03,0.0,0.08,"32,30,1086,562",success
v33,C++,23,230,C:\NCKH\VIDEO_LEARNING_RESEARCH\data\processed\ocr_best_integration\keyframes_roi\v33\v33_00230s.png,global_default,,low,,0.05,0.03,0.0,0.08,"32,30,1086,562",success
v33,C++,24,240,C:\NCKH\VIDEO_LEARNING_RESEARCH\data\processed\ocr_best_integration\keyframes_roi\v33\v33_00240s.png,global_default,,low,,0.05,0.03,0.0,0.08,"32,30,1086,562",success
v33,C++,25,250,C:\NCKH\VIDEO_LEARNING_RESEARCH\data\processed\ocr_best_integration\keyframes_roi\v33\v33_00250s.png,global_default,,low,,0.05,0.03,0.0,0.08,"32,30,1086,562",success
v33,C++,26,260,C:\NCKH\VIDEO_LEARNING_RESEARCH\data\processed\ocr_best_integration\keyframes_roi\v33\v33_00260s.png,global_default,,low,,0.05,0.03,0.0,0.08,"32,30,1086,562",success
v33,C++,27,270,C:\NCKH\VIDEO_LEARNING_RESEARCH\data\processed\ocr_best_integration\keyframes_roi\v33\v33_00270s.png,global_default,,low,,0.05,0.03,0.0,0.08,"32,30,1086,562",success
v33,C++,28,280,C:\NCKH\VIDEO_LEARNING_RESEARCH\data\processed\ocr_best_integration\keyframes_roi\v33\v33_00280s.png,global_default,,low,,0.05,0.03,0.0,0.08,"32,30,1086,562",success
v33,C++,29,290,C:\NCKH\VIDEO_LEARNING_RESEARCH\data\processed\ocr_best_integration\keyframes_roi\v33\v33_00290s.png,global_default,,low,,0.05,0.03,0.0,0.08,"32,30,1086,562",success
v33,C++,30,300,C:\NCKH\VIDEO_LEARNING_RESEARCH\data\processed\ocr_best_integration\keyframes_roi\v33\v33_00300s.png,global_default,,low,,0.05,0.03,0.0,0.08,"32,30,1086,562",success
v33,C++,31,310,C:\NCKH\VIDEO_LEARNING_RESEARCH\data\processed\ocr_best_integration\keyframes_roi\v33\v33_00310s.png,global_default,,low,,0.05,0.03,0.0,0.08,"32,30,1086,562",success
v33,C++,32,320,C:\NCKH\VIDEO_LEARNING_RESEARCH\data\processed\ocr_best_integration\keyframes_roi\v33\v33_00320s.png,global_default,,low,,0.05,0.03,0.0,0.08,"32,30,1086,562",success
v33,C++,33,330,C:\NCKH\VIDEO_LEARNING_RESEARCH\data\processed\ocr_best_integration\keyframes_roi\v33\v33_00330s.png,global_default,,low,,0.05,0.03,0.0,0.08,"32,30,1086,562",success
v33,C++,34,340,C:\NCKH\VIDEO_LEARNING_RESEARCH\data\processed\ocr_best_integration\keyframes_roi\v33\v33_00340s.png,global_default,,low,,0.05,0.03,0.0,0.08,"32,30,1086,562",success
v33,C++,35,350,C:\NCKH\VIDEO_LEARNING_RESEARCH\data\processed\ocr_best_integration\keyframes_roi\v33\v33_00350s.png,global_default,,low,,0.05,0.03,0.0,0.08,"32,30,1086,562",success
v33,C++,36,360,C:\NCKH\VIDEO_LEARNING_RESEARCH\data\processed\ocr_best_integration\keyframes_roi\v33\v33_00360s.png,global_default,,low,,0.05,0.03,0.0,0.08,"32,30,1086,562",success
v33,C++,37,370,C:\NCKH\VIDEO_LEARNING_RESEARCH\data\processed\ocr_best_integration\keyframes_roi\v33\v33_00370s.png,global_default,,low,,0.05,0.03,0.0,0.08,"32,30,1086,562",success
v33,C++,38,380,C:\NCKH\VIDEO_LEARNING_RESEARCH\data\processed\ocr_best_integration\keyframes_roi\v33\v33_00380s.png,global_default,,low,,0.05,0.03,0.0,0.08,"32,30,1086,562",success
v33,C++,39,390,C:\NCKH\VIDEO_LEARNING_RESEARCH\data\processed\ocr_best_integration\keyframes_roi\v33\v33_00390s.png,global_default,,low,,0.05,0.03,0.0,0.08,"32,30,1086,562",success
v33,C++,40,400,C:\NCKH\VIDEO_LEARNING_RESEARCH\data\processed\ocr_best_integration\keyframes_roi\v33\v33_00400s.png,global_default,,low,,0.05,0.03,0.0,0.08,"32,30,1086,562",success
v33,C++,41,410,C:\NCKH\VIDEO_LEARNING_RESEARCH\data\processed\ocr_best_integration\keyframes_roi\v33\v33_00410s.png,global_default,,low,,0.05,0.03,0.0,0.08,"32,30,1086,562",success
v33,C++,42,420,C:\NCKH\VIDEO_LEARNING_RESEARCH\data\processed\ocr_best_integration\keyframes_roi\v33\v33_00420s.png,global_default,,low,,0.05,0.03,0.0,0.08,"32,30,1086,562",success
v33,C++,43,430,C:\NCKH\VIDEO_LEARNING_RESEARCH\data\processed\ocr_best_integration\keyframes_roi\v33\v33_00430s.png,global_default,,low,,0.05,0.03,0.0,0.08,"32,30,1086,562",success
v33,C++,44,440,C:\NCKH\VIDEO_LEARNING_RESEARCH\data\processed\ocr_best_integration\keyframes_roi\v33\v33_00440s.png,global_default,,low,,0.05,0.03,0.0,0.08,"32,30,1086,562",success
v33,C++,45,450,C:\NCKH\VIDEO_LEARNING_RESEARCH\data\processed\ocr_best_integration\keyframes_roi\v33\v33_00450s.png,global_default,,low,,0.05,0.03,0.0,0.08,"32,30,1086,562",success
v33,C++,46,460,C:\NCKH\VIDEO_LEARNING_RESEARCH\data\processed\ocr_best_integration\keyframes_roi\v33\v33_00460s.png,global_default,,low,,0.05,0.03,0.0,0.08,"32,30,1086,562",success
v33,C++,47,470,C:\NCKH\VIDEO_LEARNING_RESEARCH\data\processed\ocr_best_integration\keyframes_roi\v33\v33_00470s.png,global_default,,low,,0.05,0.03,0.0,0.08,"32,30,1086,562",success
v33,C++,48,480,C:\NCKH\VIDEO_LEARNING_RESEARCH\data\processed\ocr_best_integration\keyframes_roi\v33\v33_00480s.png,global_default,,low,,0.05,0.03,0.0,0.08,"32,30,1086,562",success
v33,C++,49,490,C:\NCKH\VIDEO_LEARNING_RESEARCH\data\processed\ocr_best_integration\keyframes_roi\v33\v33_00490s.png,global_default,,low,,0.05,0.03,0.0,0.08,"32,30,1086,562",success
v33,C++,50,500,C:\NCKH\VIDEO_LEARNING_RESEARCH\data\processed\ocr_best_integration\keyframes_roi\v33\v33_00500s.png,global_default,,low,,0.05,0.03,0.0,0.08,"32,30,1086,562",success
v33,C++,51,510,C:\NCKH\VIDEO_LEARNING_RESEARCH\data\processed\ocr_best_integration\keyframes_roi\v33\v33_00510s.png,global_default,,low,,0.05,0.03,0.0,0.08,"32,30,1086,562",success
v33,C++,52,520,C:\NCKH\VIDEO_LEARNING_RESEARCH\data\processed\ocr_best_integration\keyframes_roi\v33\v33_00520s.png,global_default,,low,,0.05,0.03,0.0,0.08,"32,30,1086,562",success
v33,C++,53,530,C:\NCKH\VIDEO_LEARNING_RESEARCH\data\processed\ocr_best_integration\keyframes_roi\v33\v33_00530s.png,global_default,,low,,0.05,0.03,0.0,0.08,"32,30,1086,562",success
v33,C++,54,540,C:\NCKH\VIDEO_LEARNING_RESEARCH\data\processed\ocr_best_integration\keyframes_roi\v33\v33_00540s.png,global_default,,low,,0.05,0.03,0.0,0.08,"32,30,1086,562",success
v33,C++,55,550,C:\NCKH\VIDEO_LEARNING_RESEARCH\data\processed\ocr_best_integration\keyframes_roi\v33\v33_00550s.png,global_default,,low,,0.05,0.03,0.0,0.08,"32,30,1086,562",success
v33,C++,56,560,C:\NCKH\VIDEO_LEARNING_RESEARCH\data\processed\ocr_best_integration\keyframes_roi\v33\v33_00560s.png,global_default,,low,,0.05,0.03,0.0,0.08,"32,30,1086,562",success
v33,C++,57,570,C:\NCKH\VIDEO_LEARNING_RESEARCH\data\processed\ocr_best_integration\keyframes_roi\v33\v33_00570s.png,global_default,,low,,0.05,0.03,0.0,0.08,"32,30,1086,562",success
v33,C++,58,580,C:\NCKH\VIDEO_LEARNING_RESEARCH\data\processed\ocr_best_integration\keyframes_roi\v33\v33_00580s.png,global_default,,low,,0.05,0.03,0.0,0.08,"32,30,1086,562",success
v33,C++,59,590,C:\NCKH\VIDEO_LEARNING_RESEARCH\data\processed\ocr_best_integration\keyframes_roi\v33\v33_00590s.png,global_default,,low,,0.05,0.03,0.0,0.08,"32,30,1086,562",success
v33,C++,60,600,C:\NCKH\VIDEO_LEARNING_RESEARCH\data\processed\ocr_best_integration\keyframes_roi\v33\v33_00600s.png,global_default,,low,,0.05,0.03,0.0,0.08,"32,30,1086,562",success
v33,C++,61,610,C:\NCKH\VIDEO_LEARNING_RESEARCH\data\processed\ocr_best_integration\keyframes_roi\v33\v33_00610s.png,global_default,,low,,0.05,0.03,0.0,0.08,"32,30,1086,562",success
v33,C++,62,620,C:\NCKH\VIDEO_LEARNING_RESEARCH\data\processed\ocr_best_integration\keyframes_roi\v33\v33_00620s.png,global_default,,low,,0.05,0.03,0.0,0.08,"32,30,1086,562",success
v33,C++,63,630,C:\NCKH\VIDEO_LEARNING_RESEARCH\data\processed\ocr_best_integration\keyframes_roi\v33\v33_00630s.png,global_default,,low,,0.05,0.03,0.0,0.08,"32,30,1086,562",success
v33,C++,64,640,C:\NCKH\VIDEO_LEARNING_RESEARCH\data\processed\ocr_best_integration\keyframes_roi\v33\v33_00640s.png,global_default,,low,,0.05,0.03,0.0,0.08,"32,30,1086,562",success
v33,C++,65,650,C:\NCKH\VIDEO_LEARNING_RESEARCH\data\processed\ocr_best_integration\keyframes_roi\v33\v33_00650s.png,global_default,,low,,0.05,0.03,0.0,0.08,"32,30,1086,562",success
v33,C++,66,660,C:\NCKH\VIDEO_LEARNING_RESEARCH\data\processed\ocr_best_integration\keyframes_roi\v33\v33_00660s.png,global_default,,low,,0.05,0.03,0.0,0.08,"32,30,1086,562",success
v34,C++,0,0,C:\NCKH\VIDEO_LEARNING_RESEARCH\data\processed\ocr_best_integration\keyframes_roi\v34\v34_00000s.png,global_default,,low,,0.05,0.03,0.0,0.08,"32,30,1086,562",success
v34,C++,1,10,C:\NCKH\VIDEO_LEARNING_RESEARCH\data\processed\ocr_best_integration\keyframes_roi\v34\v34_00010s.png,global_default,,low,,0.05,0.03,0.0,0.08,"32,30,1086,562",success
v34,C++,2,20,C:\NCKH\VIDEO_LEARNING_RESEARCH\data\processed\ocr_best_integration\keyframes_roi\v34\v34_00020s.png,global_default,,low,,0.05,0.03,0.0,0.08,"32,30,1086,562",success
v34,C++,3,30,C:\NCKH\VIDEO_LEARNING_RESEARCH\data\processed\ocr_best_integration\keyframes_roi\v34\v34_00030s.png,global_default,,low,,0.05,0.03,0.0,0.08,"32,30,1086,562",success
v34,C++,4,40,C:\NCKH\VIDEO_LEARNING_RESEARCH\data\processed\ocr_best_integration\keyframes_roi\v34\v34_00040s.png,global_default,,low,,0.05,0.03,0.0,0.08,"32,30,1086,562",success
v34,C++,5,50,C:\NCKH\VIDEO_LEARNING_RESEARCH\data\processed\ocr_best_integration\keyframes_roi\v34\v34_00050s.png,global_default,,low,,0.05,0.03,0.0,0.08,"32,30,1086,562",success
v34,C++,6,60,C:\NCKH\VIDEO_LEARNING_RESEARCH\data\processed\ocr_best_integration\keyframes_roi\v34\v34_00060s.png,global_default,,low,,0.05,0.03,0.0,0.08,"32,30,1086,562",success
v34,C++,7,70,C:\NCKH\VIDEO_LEARNING_RESEARCH\data\processed\ocr_best_integration\keyframes_roi\v34\v34_00070s.png,global_default,,low,,0.05,0.03,0.0,0.08,"32,30,1086,562",success
v34,C++,8,80,C:\NCKH\VIDEO_LEARNING_RESEARCH\data\processed\ocr_best_integration\keyframes_roi\v34\v34_00080s.png,global_default,,low,,0.05,0.03,0.0,0.08,"32,30,1086,562",success
v34,C++,9,90,C:\NCKH\VIDEO_LEARNING_RESEARCH\data\processed\ocr_best_integration\keyframes_roi\v34\v34_00090s.png,global_default,,low,,0.05,0.03,0.0,0.08,"32,30,1086,562",success
v34,C++,10,100,C:\NCKH\VIDEO_LEARNING_RESEARCH\data\processed\ocr_best_integration\keyframes_roi\v34\v34_00100s.png,global_default,,low,,0.05,0.03,0.0,0.08,"32,30,1086,562",success
v34,C++,11,110,C:\NCKH\VIDEO_LEARNING_RESEARCH\data\processed\ocr_best_integration\keyframes_roi\v34\v34_00110s.png,global_default,,low,,0.05,0.03,0.0,0.08,"32,30,1086,562",success
v34,C++,12,120,C:\NCKH\VIDEO_LEARNING_RESEARCH\data\processed\ocr_best_integration\keyframes_roi\v34\v34_00120s.png,global_default,,low,,0.05,0.03,0.0,0.08,"32,30,1086,562",success
v34,C++,13,130,C:\NCKH\VIDEO_LEARNING_RESEARCH\data\processed\ocr_best_integration\keyframes_roi\v34\v34_00130s.png,global_default,,low,,0.05,0.03,0.0,0.08,"32,30,1086,562",success
v34,C++,14,140,C:\NCKH\VIDEO_LEARNING_RESEARCH\data\processed\ocr_best_integration\keyframes_roi\v34\v34_00140s.png,global_default,,low,,0.05,0.03,0.0,0.08,"32,30,1086,562",success
v34,C++,15,150,C:\NCKH\VIDEO_LEARNING_RESEARCH\data\processed\ocr_best_integration\keyframes_roi\v34\v34_00150s.png,global_default,,low,,0.05,0.03,0.0,0.08,"32,30,1086,562",success
v34,C++,16,160,C:\NCKH\VIDEO_LEARNING_RESEARCH\data\processed\ocr_best_integration\keyframes_roi\v34\v34_00160s.png,global_default,,low,,0.05,0.03,0.0,0.08,"32,30,1086,562",success
v34,C++,17,170,C:\NCKH\VIDEO_LEARNING_RESEARCH\data\processed\ocr_best_integration\keyframes_roi\v34\v34_00170s.png,global_default,,low,,0.05,0.03,0.0,0.08,"32,30,1086,562",success
v34,C++,18,180,C:\NCKH\VIDEO_LEARNING_RESEARCH\data\processed\ocr_best_integration\keyframes_roi\v34\v34_00180s.png,global_default,,low,,0.05,0.03,0.0,0.08,"32,30,1086,562",success
v34,C++,19,190,C:\NCKH\VIDEO_LEARNING_RESEARCH\data\processed\ocr_best_integration\keyframes_roi\v34\v34_00190s.png,global_default,,low,,0.05,0.03,0.0,0.08,"32,30,1086,562",success
v34,C++,20,200,C:\NCKH\VIDEO_LEARNING_RESEARCH\data\processed\ocr_best_integration\keyframes_roi\v34\v34_00200s.png,global_default,,low,,0.05,0.03,0.0,0.08,"32,30,1086,562",success
v34,C++,21,210,C:\NCKH\VIDEO_LEARNING_RESEARCH\data\processed\ocr_best_integration\keyframes_roi\v34\v34_00210s.png,global_default,,low,,0.05,0.03,0.0,0.08,"32,30,1086,562",success
v34,C++,22,220,C:\NCKH\VIDEO_LEARNING_RESEARCH\data\processed\ocr_best_integration\keyframes_roi\v34\v34_00220s.png,global_default,,low,,0.05,0.03,0.0,0.08,"32,30,1086,562",success
v34,C++,23,230,C:\NCKH\VIDEO_LEARNING_RESEARCH\data\processed\ocr_best_integration\keyframes_roi\v34\v34_00230s.png,global_default,,low,,0.05,0.03,0.0,0.08,"32,30,1086,562",success
v34,C++,24,240,C:\NCKH\VIDEO_LEARNING_RESEARCH\data\processed\ocr_best_integration\keyframes_roi\v34\v34_00240s.png,global_default,,low,,0.05,0.03,0.0,0.08,"32,30,1086,562",success
v34,C++,25,250,C:\NCKH\VIDEO_LEARNING_RESEARCH\data\processed\ocr_best_integration\keyframes_roi\v34\v34_00250s.png,global_default,,low,,0.05,0.03,0.0,0.08,"32,30,1086,562",success
v34,C++,26,260,C:\NCKH\VIDEO_LEARNING_RESEARCH\data\processed\ocr_best_integration\keyframes_roi\v34\v34_00260s.png,global_default,,low,,0.05,0.03,0.0,0.08,"32,30,1086,562",success
v34,C++,27,270,C:\NCKH\VIDEO_LEARNING_RESEARCH\data\processed\ocr_best_integration\keyframes_roi\v34\v34_00270s.png,global_default,,low,,0.05,0.03,0.0,0.08,"32,30,1086,562",success
v34,C++,28,280,C:\NCKH\VIDEO_LEARNING_RESEARCH\data\processed\ocr_best_integration\keyframes_roi\v34\v34_00280s.png,global_default,,low,,0.05,0.03,0.0,0.08,"32,30,1086,562",success
v34,C++,29,290,C:\NCKH\VIDEO_LEARNING_RESEARCH\data\processed\ocr_best_integration\keyframes_roi\v34\v34_00290s.png,global_default,,low,,0.05,0.03,0.0,0.08,"32,30,1086,562",success
v34,C++,30,300,C:\NCKH\VIDEO_LEARNING_RESEARCH\data\processed\ocr_best_integration\keyframes_roi\v34\v34_00300s.png,global_default,,low,,0.05,0.03,0.0,0.08,"32,30,1086,562",success
v34,C++,31,310,C:\NCKH\VIDEO_LEARNING_RESEARCH\data\processed\ocr_best_integration\keyframes_roi\v34\v34_00310s.png,global_default,,low,,0.05,0.03,0.0,0.08,"32,30,1086,562",success
v34,C++,32,320,C:\NCKH\VIDEO_LEARNING_RESEARCH\data\processed\ocr_best_integration\keyframes_roi\v34\v34_00320s.png,global_default,,low,,0.05,0.03,0.0,0.08,"32,30,1086,562",success
v34,C++,33,330,C:\NCKH\VIDEO_LEARNING_RESEARCH\data\processed\ocr_best_integration\keyframes_roi\v34\v34_00330s.png,global_default,,low,,0.05,0.03,0.0,0.08,"32,30,1086,562",success
v34,C++,34,340,C:\NCKH\VIDEO_LEARNING_RESEARCH\data\processed\ocr_best_integration\keyframes_roi\v34\v34_00340s.png,global_default,,low,,0.05,0.03,0.0,0.08,"32,30,1086,562",success
v34,C++,35,350,C:\NCKH\VIDEO_LEARNING_RESEARCH\data\processed\ocr_best_integration\keyframes_roi\v34\v34_00350s.png,global_default,,low,,0.05,0.03,0.0,0.08,"32,30,1086,562",success
v34,C++,36,360,C:\NCKH\VIDEO_LEARNING_RESEARCH\data\processed\ocr_best_integration\keyframes_roi\v34\v34_00360s.png,global_default,,low,,0.05,0.03,0.0,0.08,"32,30,1086,562",success
v34,C++,37,370,C:\NCKH\VIDEO_LEARNING_RESEARCH\data\processed\ocr_best_integration\keyframes_roi\v34\v34_00370s.png,global_default,,low,,0.05,0.03,0.0,0.08,"32,30,1086,562",success
v34,C++,38,380,C:\NCKH\VIDEO_LEARNING_RESEARCH\data\processed\ocr_best_integration\keyframes_roi\v34\v34_00380s.png,global_default,,low,,0.05,0.03,0.0,0.08,"32,30,1086,562",success
v34,C++,39,390,C:\NCKH\VIDEO_LEARNING_RESEARCH\data\processed\ocr_best_integration\keyframes_roi\v34\v34_00390s.png,global_default,,low,,0.05,0.03,0.0,0.08,"32,30,1086,562",success
v34,C++,40,400,C:\NCKH\VIDEO_LEARNING_RESEARCH\data\processed\ocr_best_integration\keyframes_roi\v34\v34_00400s.png,global_default,,low,,0.05,0.03,0.0,0.08,"32,30,1086,562",success
v34,C++,41,410,C:\NCKH\VIDEO_LEARNING_RESEARCH\data\processed\ocr_best_integration\keyframes_roi\v34\v34_00410s.png,global_default,,low,,0.05,0.03,0.0,0.08,"32,30,1086,562",success
v34,C++,42,420,C:\NCKH\VIDEO_LEARNING_RESEARCH\data\processed\ocr_best_integration\keyframes_roi\v34\v34_00420s.png,global_default,,low,,0.05,0.03,0.0,0.08,"32,30,1086,562",success
v34,C++,43,430,C:\NCKH\VIDEO_LEARNING_RESEARCH\data\processed\ocr_best_integration\keyframes_roi\v34\v34_00430s.png,global_default,,low,,0.05,0.03,0.0,0.08,"32,30,1086,562",success
v34,C++,44,440,C:\NCKH\VIDEO_LEARNING_RESEARCH\data\processed\ocr_best_integration\keyframes_roi\v34\v34_00440s.png,global_default,,low,,0.05,0.03,0.0,0.08,"32,30,1086,562",success
v34,C++,45,450,C:\NCKH\VIDEO_LEARNING_RESEARCH\data\processed\ocr_best_integration\keyframes_roi\v34\v34_00450s.png,global_default,,low,,0.05,0.03,0.0,0.08,"32,30,1086,562",success
v34,C++,46,460,C:\NCKH\VIDEO_LEARNING_RESEARCH\data\processed\ocr_best_integration\keyframes_roi\v34\v34_00460s.png,global_default,,low,,0.05,0.03,0.0,0.08,"32,30,1086,562",success
v34,C++,47,470,C:\NCKH\VIDEO_LEARNING_RESEARCH\data\processed\ocr_best_integration\keyframes_roi\v34\v34_00470s.png,global_default,,low,,0.05,0.03,0.0,0.08,"32,30,1086,562",success
v34,C++,48,480,C:\NCKH\VIDEO_LEARNING_RESEARCH\data\processed\ocr_best_integration\keyframes_roi\v34\v34_00480s.png,global_default,,low,,0.05,0.03,0.0,0.08,"32,30,1086,562",success
v34,C++,49,490,C:\NCKH\VIDEO_LEARNING_RESEARCH\data\processed\ocr_best_integration\keyframes_roi\v34\v34_00490s.png,global_default,,low,,0.05,0.03,0.0,0.08,"32,30,1086,562",success
v34,C++,50,500,C:\NCKH\VIDEO_LEARNING_RESEARCH\data\processed\ocr_best_integration\keyframes_roi\v34\v34_00500s.png,global_default,,low,,0.05,0.03,0.0,0.08,"32,30,1086,562",success
v34,C++,51,510,C:\NCKH\VIDEO_LEARNING_RESEARCH\data\processed\ocr_best_integration\keyframes_roi\v34\v34_00510s.png,global_default,,low,,0.05,0.03,0.0,0.08,"32,30,1086,562",success
v34,C++,52,520,C:\NCKH\VIDEO_LEARNING_RESEARCH\data\processed\ocr_best_integration\keyframes_roi\v34\v34_00520s.png,global_default,,low,,0.05,0.03,0.0,0.08,"32,30,1086,562",success
v34,C++,53,530,C:\NCKH\VIDEO_LEARNING_RESEARCH\data\processed\ocr_best_integration\keyframes_roi\v34\v34_00530s.png,global_default,,low,,0.05,0.03,0.0,0.08,"32,30,1086,562",success
v34,C++,54,540,C:\NCKH\VIDEO_LEARNING_RESEARCH\data\processed\ocr_best_integration\keyframes_roi\v34\v34_00540s.png,global_default,,low,,0.05,0.03,0.0,0.08,"32,30,1086,562",success
v34,C++,55,550,C:\NCKH\VIDEO_LEARNING_RESEARCH\data\processed\ocr_best_integration\keyframes_roi\v34\v34_00550s.png,global_default,,low,,0.05,0.03,0.0,0.08,"32,30,1086,562",success
v34,C++,56,560,C:\NCKH\VIDEO_LEARNING_RESEARCH\data\processed\ocr_best_integration\keyframes_roi\v34\v34_00560s.png,global_default,,low,,0.05,0.03,0.0,0.08,"32,30,1086,562",success
v34,C++,57,570,C:\NCKH\VIDEO_LEARNING_RESEARCH\data\processed\ocr_best_integration\keyframes_roi\v34\v34_00570s.png,global_default,,low,,0.05,0.03,0.0,0.08,"32,30,1086,562",success
v34,C++,58,580,C:\NCKH\VIDEO_LEARNING_RESEARCH\data\processed\ocr_best_integration\keyframes_roi\v34\v34_00580s.png,global_default,,low,,0.05,0.03,0.0,0.08,"32,30,1086,562",success
v34,C++,59,590,C:\NCKH\VIDEO_LEARNING_RESEARCH\data\processed\ocr_best_integration\keyframes_roi\v34\v34_00590s.png,global_default,,low,,0.05,0.03,0.0,0.08,"32,30,1086,562",success
v34,C++,60,600,C:\NCKH\VIDEO_LEARNING_RESEARCH\data\processed\ocr_best_integration\keyframes_roi\v34\v34_00600s.png,global_default,,low,,0.05,0.03,0.0,0.08,"32,30,1086,562",success
v34,C++,61,610,C:\NCKH\VIDEO_LEARNING_RESEARCH\data\processed\ocr_best_integration\keyframes_roi\v34\v34_00610s.png,global_default,,low,,0.05,0.03,0.0,0.08,"32,30,1086,562",success
v35,C++,0,0,C:\NCKH\VIDEO_LEARNING_RESEARCH\data\processed\ocr_best_integration\keyframes_roi\v35\v35_00000s.png,global_default,,low,,0.05,0.03,0.0,0.08,"32,30,1086,562",success
v35,C++,1,10,C:\NCKH\VIDEO_LEARNING_RESEARCH\data\processed\ocr_best_integration\keyframes_roi\v35\v35_00010s.png,global_default,,low,,0.05,0.03,0.0,0.08,"32,30,1086,562",success
v35,C++,2,20,C:\NCKH\VIDEO_LEARNING_RESEARCH\data\processed\ocr_best_integration\keyframes_roi\v35\v35_00020s.png,global_default,,low,,0.05,0.03,0.0,0.08,"32,30,1086,562",success
v35,C++,3,30,C:\NCKH\VIDEO_LEARNING_RESEARCH\data\processed\ocr_best_integration\keyframes_roi\v35\v35_00030s.png,global_default,,low,,0.05,0.03,0.0,0.08,"32,30,1086,562",success
v35,C++,4,40,C:\NCKH\VIDEO_LEARNING_RESEARCH\data\processed\ocr_best_integration\keyframes_roi\v35\v35_00040s.png,global_default,,low,,0.05,0.03,0.0,0.08,"32,30,1086,562",success
v35,C++,5,50,C:\NCKH\VIDEO_LEARNING_RESEARCH\data\processed\ocr_best_integration\keyframes_roi\v35\v35_00050s.png,global_default,,low,,0.05,0.03,0.0,0.08,"32,30,1086,562",success
v35,C++,6,60,C:\NCKH\VIDEO_LEARNING_RESEARCH\data\processed\ocr_best_integration\keyframes_roi\v35\v35_00060s.png,global_default,,low,,0.05,0.03,0.0,0.08,"32,30,1086,562",success
v35,C++,7,70,C:\NCKH\VIDEO_LEARNING_RESEARCH\data\processed\ocr_best_integration\keyframes_roi\v35\v35_00070s.png,global_default,,low,,0.05,0.03,0.0,0.08,"32,30,1086,562",success
v35,C++,8,80,C:\NCKH\VIDEO_LEARNING_RESEARCH\data\processed\ocr_best_integration\keyframes_roi\v35\v35_00080s.png,global_default,,low,,0.05,0.03,0.0,0.08,"32,30,1086,562",success
v35,C++,9,90,C:\NCKH\VIDEO_LEARNING_RESEARCH\data\processed\ocr_best_integration\keyframes_roi\v35\v35_00090s.png,global_default,,low,,0.05,0.03,0.0,0.08,"32,30,1086,562",success
v35,C++,10,100,C:\NCKH\VIDEO_LEARNING_RESEARCH\data\processed\ocr_best_integration\keyframes_roi\v35\v35_00100s.png,global_default,,low,,0.05,0.03,0.0,0.08,"32,30,1086,562",success
v35,C++,11,110,C:\NCKH\VIDEO_LEARNING_RESEARCH\data\processed\ocr_best_integration\keyframes_roi\v35\v35_00110s.png,global_default,,low,,0.05,0.03,0.0,0.08,"32,30,1086,562",success
v35,C++,12,120,C:\NCKH\VIDEO_LEARNING_RESEARCH\data\processed\ocr_best_integration\keyframes_roi\v35\v35_00120s.png,global_default,,low,,0.05,0.03,0.0,0.08,"32,30,1086,562",success
v35,C++,13,130,C:\NCKH\VIDEO_LEARNING_RESEARCH\data\processed\ocr_best_integration\keyframes_roi\v35\v35_00130s.png,global_default,,low,,0.05,0.03,0.0,0.08,"32,30,1086,562",success
v35,C++,14,140,C:\NCKH\VIDEO_LEARNING_RESEARCH\data\processed\ocr_best_integration\keyframes_roi\v35\v35_00140s.png,global_default,,low,,0.05,0.03,0.0,0.08,"32,30,1086,562",success
v35,C++,15,150,C:\NCKH\VIDEO_LEARNING_RESEARCH\data\processed\ocr_best_integration\keyframes_roi\v35\v35_00150s.png,global_default,,low,,0.05,0.03,0.0,0.08,"32,30,1086,562",success
v35,C++,16,160,C:\NCKH\VIDEO_LEARNING_RESEARCH\data\processed\ocr_best_integration\keyframes_roi\v35\v35_00160s.png,global_default,,low,,0.05,0.03,0.0,0.08,"32,30,1086,562",success
v35,C++,17,170,C:\NCKH\VIDEO_LEARNING_RESEARCH\data\processed\ocr_best_integration\keyframes_roi\v35\v35_00170s.png,global_default,,low,,0.05,0.03,0.0,0.08,"32,30,1086,562",success
v35,C++,18,180,C:\NCKH\VIDEO_LEARNING_RESEARCH\data\processed\ocr_best_integration\keyframes_roi\v35\v35_00180s.png,global_default,,low,,0.05,0.03,0.0,0.08,"32,30,1086,562",success
v35,C++,19,190,C:\NCKH\VIDEO_LEARNING_RESEARCH\data\processed\ocr_best_integration\keyframes_roi\v35\v35_00190s.png,global_default,,low,,0.05,0.03,0.0,0.08,"32,30,1086,562",success
v35,C++,20,200,C:\NCKH\VIDEO_LEARNING_RESEARCH\data\processed\ocr_best_integration\keyframes_roi\v35\v35_00200s.png,global_default,,low,,0.05,0.03,0.0,0.08,"32,30,1086,562",success
v35,C++,21,210,C:\NCKH\VIDEO_LEARNING_RESEARCH\data\processed\ocr_best_integration\keyframes_roi\v35\v35_00210s.png,global_default,,low,,0.05,0.03,0.0,0.08,"32,30,1086,562",success
v35,C++,22,220,C:\NCKH\VIDEO_LEARNING_RESEARCH\data\processed\ocr_best_integration\keyframes_roi\v35\v35_00220s.png,global_default,,low,,0.05,0.03,0.0,0.08,"32,30,1086,562",success
v35,C++,23,230,C:\NCKH\VIDEO_LEARNING_RESEARCH\data\processed\ocr_best_integration\keyframes_roi\v35\v35_00230s.png,global_default,,low,,0.05,0.03,0.0,0.08,"32,30,1086,562",success
v35,C++,24,240,C:\NCKH\VIDEO_LEARNING_RESEARCH\data\processed\ocr_best_integration\keyframes_roi\v35\v35_00240s.png,global_default,,low,,0.05,0.03,0.0,0.08,"32,30,1086,562",success
v35,C++,25,250,C:\NCKH\VIDEO_LEARNING_RESEARCH\data\processed\ocr_best_integration\keyframes_roi\v35\v35_00250s.png,global_default,,low,,0.05,0.03,0.0,0.08,"32,30,1086,562",success
v35,C++,26,260,C:\NCKH\VIDEO_LEARNING_RESEARCH\data\processed\ocr_best_integration\keyframes_roi\v35\v35_00260s.png,global_default,,low,,0.05,0.03,0.0,0.08,"32,30,1086,562",success
v35,C++,27,270,C:\NCKH\VIDEO_LEARNING_RESEARCH\data\processed\ocr_best_integration\keyframes_roi\v35\v35_00270s.png,global_default,,low,,0.05,0.03,0.0,0.08,"32,30,1086,562",success
v35,C++,28,280,C:\NCKH\VIDEO_LEARNING_RESEARCH\data\processed\ocr_best_integration\keyframes_roi\v35\v35_00280s.png,global_default,,low,,0.05,0.03,0.0,0.08,"32,30,1086,562",success
v35,C++,29,290,C:\NCKH\VIDEO_LEARNING_RESEARCH\data\processed\ocr_best_integration\keyframes_roi\v35\v35_00290s.png,global_default,,low,,0.05,0.03,0.0,0.08,"32,30,1086,562",success
v35,C++,30,300,C:\NCKH\VIDEO_LEARNING_RESEARCH\data\processed\ocr_best_integration\keyframes_roi\v35\v35_00300s.png,global_default,,low,,0.05,0.03,0.0,0.08,"32,30,1086,562",success
v35,C++,31,310,C:\NCKH\VIDEO_LEARNING_RESEARCH\data\processed\ocr_best_integration\keyframes_roi\v35\v35_00310s.png,global_default,,low,,0.05,0.03,0.0,0.08,"32,30,1086,562",success
v35,C++,32,320,C:\NCKH\VIDEO_LEARNING_RESEARCH\data\processed\ocr_best_integration\keyframes_roi\v35\v35_00320s.png,global_default,,low,,0.05,0.03,0.0,0.08,"32,30,1086,562",success
v35,C++,33,330,C:\NCKH\VIDEO_LEARNING_RESEARCH\data\processed\ocr_best_integration\keyframes_roi\v35\v35_00330s.png,global_default,,low,,0.05,0.03,0.0,0.08,"32,30,1086,562",success
v35,C++,34,340,C:\NCKH\VIDEO_LEARNING_RESEARCH\data\processed\ocr_best_integration\keyframes_roi\v35\v35_00340s.png,global_default,,low,,0.05,0.03,0.0,0.08,"32,30,1086,562",success
v35,C++,35,350,C:\NCKH\VIDEO_LEARNING_RESEARCH\data\processed\ocr_best_integration\keyframes_roi\v35\v35_00350s.png,global_default,,low,,0.05,0.03,0.0,0.08,"32,30,1086,562",success
v35,C++,36,360,C:\NCKH\VIDEO_LEARNING_RESEARCH\data\processed\ocr_best_integration\keyframes_roi\v35\v35_00360s.png,global_default,,low,,0.05,0.03,0.0,0.08,"32,30,1086,562",success
v35,C++,37,370,C:\NCKH\VIDEO_LEARNING_RESEARCH\data\processed\ocr_best_integration\keyframes_roi\v35\v35_00370s.png,global_default,,low,,0.05,0.03,0.0,0.08,"32,30,1086,562",success
v35,C++,38,380,C:\NCKH\VIDEO_LEARNING_RESEARCH\data\processed\ocr_best_integration\keyframes_roi\v35\v35_00380s.png,global_default,,low,,0.05,0.03,0.0,0.08,"32,30,1086,562",success
v35,C++,39,390,C:\NCKH\VIDEO_LEARNING_RESEARCH\data\processed\ocr_best_integration\keyframes_roi\v35\v35_00390s.png,global_default,,low,,0.05,0.03,0.0,0.08,"32,30,1086,562",success
v35,C++,40,400,C:\NCKH\VIDEO_LEARNING_RESEARCH\data\processed\ocr_best_integration\keyframes_roi\v35\v35_00400s.png,global_default,,low,,0.05,0.03,0.0,0.08,"32,30,1086,562",success
v35,C++,41,410,C:\NCKH\VIDEO_LEARNING_RESEARCH\data\processed\ocr_best_integration\keyframes_roi\v35\v35_00410s.png,global_default,,low,,0.05,0.03,0.0,0.08,"32,30,1086,562",success
v35,C++,42,420,C:\NCKH\VIDEO_LEARNING_RESEARCH\data\processed\ocr_best_integration\keyframes_roi\v35\v35_00420s.png,global_default,,low,,0.05,0.03,0.0,0.08,"32,30,1086,562",success
v35,C++,43,430,C:\NCKH\VIDEO_LEARNING_RESEARCH\data\processed\ocr_best_integration\keyframes_roi\v35\v35_00430s.png,global_default,,low,,0.05,0.03,0.0,0.08,"32,30,1086,562",success
v35,C++,44,440,C:\NCKH\VIDEO_LEARNING_RESEARCH\data\processed\ocr_best_integration\keyframes_roi\v35\v35_00440s.png,global_default,,low,,0.05,0.03,0.0,0.08,"32,30,1086,562",success
v35,C++,45,450,C:\NCKH\VIDEO_LEARNING_RESEARCH\data\processed\ocr_best_integration\keyframes_roi\v35\v35_00450s.png,global_default,,low,,0.05,0.03,0.0,0.08,"32,30,1086,562",success
v35,C++,46,460,C:\NCKH\VIDEO_LEARNING_RESEARCH\data\processed\ocr_best_integration\keyframes_roi\v35\v35_00460s.png,global_default,,low,,0.05,0.03,0.0,0.08,"32,30,1086,562",success
v35,C++,47,470,C:\NCKH\VIDEO_LEARNING_RESEARCH\data\processed\ocr_best_integration\keyframes_roi\v35\v35_00470s.png,global_default,,low,,0.05,0.03,0.0,0.08,"32,30,1086,562",success
v35,C++,48,480,C:\NCKH\VIDEO_LEARNING_RESEARCH\data\processed\ocr_best_integration\keyframes_roi\v35\v35_00480s.png,global_default,,low,,0.05,0.03,0.0,0.08,"32,30,1086,562",success
v35,C++,49,490,C:\NCKH\VIDEO_LEARNING_RESEARCH\data\processed\ocr_best_integration\keyframes_roi\v35\v35_00490s.png,global_default,,low,,0.05,0.03,0.0,0.08,"32,30,1086,562",success
v36,C++,0,0,C:\NCKH\VIDEO_LEARNING_RESEARCH\data\processed\ocr_best_integration\keyframes_roi\v36\v36_00000s.png,global_default,,low,,0.05,0.03,0.0,0.08,"32,30,1086,562",success
v37,C++,0,0,C:\NCKH\VIDEO_LEARNING_RESEARCH\data\processed\ocr_best_integration\keyframes_roi\v37\v37_00000s.png,global_default,,low,,0.05,0.03,0.0,0.08,"32,30,1086,562",success
v37,C++,1,10,C:\NCKH\VIDEO_LEARNING_RESEARCH\data\processed\ocr_best_integration\keyframes_roi\v37\v37_00010s.png,global_default,,low,,0.05,0.03,0.0,0.08,"32,30,1086,562",success
v37,C++,2,20,C:\NCKH\VIDEO_LEARNING_RESEARCH\data\processed\ocr_best_integration\keyframes_roi\v37\v37_00020s.png,global_default,,low,,0.05,0.03,0.0,0.08,"32,30,1086,562",success
v37,C++,3,30,C:\NCKH\VIDEO_LEARNING_RESEARCH\data\processed\ocr_best_integration\keyframes_roi\v37\v37_00030s.png,global_default,,low,,0.05,0.03,0.0,0.08,"32,30,1086,562",success
v37,C++,4,40,C:\NCKH\VIDEO_LEARNING_RESEARCH\data\processed\ocr_best_integration\keyframes_roi\v37\v37_00040s.png,global_default,,low,,0.05,0.03,0.0,0.08,"32,30,1086,562",success
v37,C++,5,50,C:\NCKH\VIDEO_LEARNING_RESEARCH\data\processed\ocr_best_integration\keyframes_roi\v37\v37_00050s.png,global_default,,low,,0.05,0.03,0.0,0.08,"32,30,1086,562",success
v37,C++,6,60,C:\NCKH\VIDEO_LEARNING_RESEARCH\data\processed\ocr_best_integration\keyframes_roi\v37\v37_00060s.png,global_default,,low,,0.05,0.03,0.0,0.08,"32,30,1086,562",success
v38,C++,0,0,C:\NCKH\VIDEO_LEARNING_RESEARCH\data\processed\ocr_best_integration\keyframes_roi\v38\v38_00000s.png,global_default,,low,,0.05,0.03,0.0,0.08,"32,30,1086,562",success
v38,C++,1,10,C:\NCKH\VIDEO_LEARNING_RESEARCH\data\processed\ocr_best_integration\keyframes_roi\v38\v38_00010s.png,global_default,,low,,0.05,0.03,0.0,0.08,"32,30,1086,562",success
v38,C++,2,20,C:\NCKH\VIDEO_LEARNING_RESEARCH\data\processed\ocr_best_integration\keyframes_roi\v38\v38_00020s.png,global_default,,low,,0.05,0.03,0.0,0.08,"32,30,1086,562",success
v38,C++,3,30,C:\NCKH\VIDEO_LEARNING_RESEARCH\data\processed\ocr_best_integration\keyframes_roi\v38\v38_00030s.png,global_default,,low,,0.05,0.03,0.0,0.08,"32,30,1086,562",success
v38,C++,4,40,C:\NCKH\VIDEO_LEARNING_RESEARCH\data\processed\ocr_best_integration\keyframes_roi\v38\v38_00040s.png,global_default,,low,,0.05,0.03,0.0,0.08,"32,30,1086,562",success
v38,C++,5,50,C:\NCKH\VIDEO_LEARNING_RESEARCH\data\processed\ocr_best_integration\keyframes_roi\v38\v38_00050s.png,global_default,,low,,0.05,0.03,0.0,0.08,"32,30,1086,562",success
v38,C++,6,60,C:\NCKH\VIDEO_LEARNING_RESEARCH\data\processed\ocr_best_integration\keyframes_roi\v38\v38_00060s.png,global_default,,low,,0.05,0.03,0.0,0.08,"32,30,1086,562",success
v38,C++,7,70,C:\NCKH\VIDEO_LEARNING_RESEARCH\data\processed\ocr_best_integration\keyframes_roi\v38\v38_00070s.png,global_default,,low,,0.05,0.03,0.0,0.08,"32,30,1086,562",success
v38,C++,8,80,C:\NCKH\VIDEO_LEARNING_RESEARCH\data\processed\ocr_best_integration\keyframes_roi\v38\v38_00080s.png,global_default,,low,,0.05,0.03,0.0,0.08,"32,30,1086,562",success
v38,C++,9,90,C:\NCKH\VIDEO_LEARNING_RESEARCH\data\processed\ocr_best_integration\keyframes_roi\v38\v38_00090s.png,global_default,,low,,0.05,0.03,0.0,0.08,"32,30,1086,562",success
v38,C++,10,100,C:\NCKH\VIDEO_LEARNING_RESEARCH\data\processed\ocr_best_integration\keyframes_roi\v38\v38_00100s.png,global_default,,low,,0.05,0.03,0.0,0.08,"32,30,1086,562",success
v38,C++,11,110,C:\NCKH\VIDEO_LEARNING_RESEARCH\data\processed\ocr_best_integration\keyframes_roi\v38\v38_00110s.png,global_default,,low,,0.05,0.03,0.0,0.08,"32,30,1086,562",success
v38,C++,12,120,C:\NCKH\VIDEO_LEARNING_RESEARCH\data\processed\ocr_best_integration\keyframes_roi\v38\v38_00120s.png,global_default,,low,,0.05,0.03,0.0,0.08,"32,30,1086,562",success
v38,C++,13,130,C:\NCKH\VIDEO_LEARNING_RESEARCH\data\processed\ocr_best_integration\keyframes_roi\v38\v38_00130s.png,global_default,,low,,0.05,0.03,0.0,0.08,"32,30,1086,562",success
v38,C++,14,140,C:\NCKH\VIDEO_LEARNING_RESEARCH\data\processed\ocr_best_integration\keyframes_roi\v38\v38_00140s.png,global_default,,low,,0.05,0.03,0.0,0.08,"32,30,1086,562",success
v38,C++,15,150,C:\NCKH\VIDEO_LEARNING_RESEARCH\data\processed\ocr_best_integration\keyframes_roi\v38\v38_00150s.png,global_default,,low,,0.05,0.03,0.0,0.08,"32,30,1086,562",success
v38,C++,16,160,C:\NCKH\VIDEO_LEARNING_RESEARCH\data\processed\ocr_best_integration\keyframes_roi\v38\v38_00160s.png,global_default,,low,,0.05,0.03,0.0,0.08,"32,30,1086,562",success
v38,C++,17,170,C:\NCKH\VIDEO_LEARNING_RESEARCH\data\processed\ocr_best_integration\keyframes_roi\v38\v38_00170s.png,global_default,,low,,0.05,0.03,0.0,0.08,"32,30,1086,562",success
v38,C++,18,180,C:\NCKH\VIDEO_LEARNING_RESEARCH\data\processed\ocr_best_integration\keyframes_roi\v38\v38_00180s.png,global_default,,low,,0.05,0.03,0.0,0.08,"32,30,1086,562",success
v38,C++,19,190,C:\NCKH\VIDEO_LEARNING_RESEARCH\data\processed\ocr_best_integration\keyframes_roi\v38\v38_00190s.png,global_default,,low,,0.05,0.03,0.0,0.08,"32,30,1086,562",success
v38,C++,20,200,C:\NCKH\VIDEO_LEARNING_RESEARCH\data\processed\ocr_best_integration\keyframes_roi\v38\v38_00200s.png,global_default,,low,,0.05,0.03,0.0,0.08,"32,30,1086,562",success
v38,C++,21,210,C:\NCKH\VIDEO_LEARNING_RESEARCH\data\processed\ocr_best_integration\keyframes_roi\v38\v38_00210s.png,global_default,,low,,0.05,0.03,0.0,0.08,"32,30,1086,562",success
v38,C++,22,220,C:\NCKH\VIDEO_LEARNING_RESEARCH\data\processed\ocr_best_integration\keyframes_roi\v38\v38_00220s.png,global_default,,low,,0.05,0.03,0.0,0.08,"32,30,1086,562",success
v38,C++,23,230,C:\NCKH\VIDEO_LEARNING_RESEARCH\data\processed\ocr_best_integration\keyframes_roi\v38\v38_00230s.png,global_default,,low,,0.05,0.03,0.0,0.08,"32,30,1086,562",success
v38,C++,24,240,C:\NCKH\VIDEO_LEARNING_RESEARCH\data\processed\ocr_best_integration\keyframes_roi\v38\v38_00240s.png,global_default,,low,,0.05,0.03,0.0,0.08,"32,30,1086,562",success
v38,C++,25,250,C:\NCKH\VIDEO_LEARNING_RESEARCH\data\processed\ocr_best_integration\keyframes_roi\v38\v38_00250s.png,global_default,,low,,0.05,0.03,0.0,0.08,"32,30,1086,562",success
v38,C++,26,260,C:\NCKH\VIDEO_LEARNING_RESEARCH\data\processed\ocr_best_integration\keyframes_roi\v38\v38_00260s.png,global_default,,low,,0.05,0.03,0.0,0.08,"32,30,1086,562",success
v38,C++,27,270,C:\NCKH\VIDEO_LEARNING_RESEARCH\data\processed\ocr_best_integration\keyframes_roi\v38\v38_00270s.png,global_default,,low,,0.05,0.03,0.0,0.08,"32,30,1086,562",success
v38,C++,28,280,C:\NCKH\VIDEO_LEARNING_RESEARCH\data\processed\ocr_best_integration\keyframes_roi\v38\v38_00280s.png,global_default,,low,,0.05,0.03,0.0,0.08,"32,30,1086,562",success
v38,C++,29,290,C:\NCKH\VIDEO_LEARNING_RESEARCH\data\processed\ocr_best_integration\keyframes_roi\v38\v38_00290s.png,global_default,,low,,0.05,0.03,0.0,0.08,"32,30,1086,562",success
v38,C++,30,300,C:\NCKH\VIDEO_LEARNING_RESEARCH\data\processed\ocr_best_integration\keyframes_roi\v38\v38_00300s.png,global_default,,low,,0.05,0.03,0.0,0.08,"32,30,1086,562",success
v38,C++,31,310,C:\NCKH\VIDEO_LEARNING_RESEARCH\data\processed\ocr_best_integration\keyframes_roi\v38\v38_00310s.png,global_default,,low,,0.05,0.03,0.0,0.08,"32,30,1086,562",success
v38,C++,32,320,C:\NCKH\VIDEO_LEARNING_RESEARCH\data\processed\ocr_best_integration\keyframes_roi\v38\v38_00320s.png,global_default,,low,,0.05,0.03,0.0,0.08,"32,30,1086,562",success
v38,C++,33,330,C:\NCKH\VIDEO_LEARNING_RESEARCH\data\processed\ocr_best_integration\keyframes_roi\v38\v38_00330s.png,global_default,,low,,0.05,0.03,0.0,0.08,"32,30,1086,562",success
v38,C++,34,340,C:\NCKH\VIDEO_LEARNING_RESEARCH\data\processed\ocr_best_integration\keyframes_roi\v38\v38_00340s.png,global_default,,low,,0.05,0.03,0.0,0.08,"32,30,1086,562",success
v38,C++,35,350,C:\NCKH\VIDEO_LEARNING_RESEARCH\data\processed\ocr_best_integration\keyframes_roi\v38\v38_00350s.png,global_default,,low,,0.05,0.03,0.0,0.08,"32,30,1086,562",success
v38,C++,36,360,C:\NCKH\VIDEO_LEARNING_RESEARCH\data\processed\ocr_best_integration\keyframes_roi\v38\v38_00360s.png,global_default,,low,,0.05,0.03,0.0,0.08,"32,30,1086,562",success
v38,C++,37,370,C:\NCKH\VIDEO_LEARNING_RESEARCH\data\processed\ocr_best_integration\keyframes_roi\v38\v38_00370s.png,global_default,,low,,0.05,0.03,0.0,0.08,"32,30,1086,562",success
v38,C++,38,380,C:\NCKH\VIDEO_LEARNING_RESEARCH\data\processed\ocr_best_integration\keyframes_roi\v38\v38_00380s.png,global_default,,low,,0.05,0.03,0.0,0.08,"32,30,1086,562",success
v38,C++,39,390,C:\NCKH\VIDEO_LEARNING_RESEARCH\data\processed\ocr_best_integration\keyframes_roi\v38\v38_00390s.png,global_default,,low,,0.05,0.03,0.0,0.08,"32,30,1086,562",success
v38,C++,40,400,C:\NCKH\VIDEO_LEARNING_RESEARCH\data\processed\ocr_best_integration\keyframes_roi\v38\v38_00400s.png,global_default,,low,,0.05,0.03,0.0,0.08,"32,30,1086,562",success
v38,C++,41,410,C:\NCKH\VIDEO_LEARNING_RESEARCH\data\processed\ocr_best_integration\keyframes_roi\v38\v38_00410s.png,global_default,,low,,0.05,0.03,0.0,0.08,"32,30,1086,562",success
v38,C++,42,420,C:\NCKH\VIDEO_LEARNING_RESEARCH\data\processed\ocr_best_integration\keyframes_roi\v38\v38_00420s.png,global_default,,low,,0.05,0.03,0.0,0.08,"32,30,1086,562",success
v38,C++,43,430,C:\NCKH\VIDEO_LEARNING_RESEARCH\data\processed\ocr_best_integration\keyframes_roi\v38\v38_00430s.png,global_default,,low,,0.05,0.03,0.0,0.08,"32,30,1086,562",success
v38,C++,44,440,C:\NCKH\VIDEO_LEARNING_RESEARCH\data\processed\ocr_best_integration\keyframes_roi\v38\v38_00440s.png,global_default,,low,,0.05,0.03,0.0,0.08,"32,30,1086,562",success
v38,C++,45,450,C:\NCKH\VIDEO_LEARNING_RESEARCH\data\processed\ocr_best_integration\keyframes_roi\v38\v38_00450s.png,global_default,,low,,0.05,0.03,0.0,0.08,"32,30,1086,562",success
v38,C++,46,460,C:\NCKH\VIDEO_LEARNING_RESEARCH\data\processed\ocr_best_integration\keyframes_roi\v38\v38_00460s.png,global_default,,low,,0.05,0.03,0.0,0.08,"32,30,1086,562",success
v38,C++,47,470,C:\NCKH\VIDEO_LEARNING_RESEARCH\data\processed\ocr_best_integration\keyframes_roi\v38\v38_00470s.png,global_default,,low,,0.05,0.03,0.0,0.08,"32,30,1086,562",success
v39,C++,0,0,C:\NCKH\VIDEO_LEARNING_RESEARCH\data\processed\ocr_best_integration\keyframes_roi\v39\v39_00000s.png,global_default,,low,,0.05,0.03,0.0,0.08,"32,30,1086,562",success
v39,C++,1,10,C:\NCKH\VIDEO_LEARNING_RESEARCH\data\processed\ocr_best_integration\keyframes_roi\v39\v39_00010s.png,global_default,,low,,0.05,0.03,0.0,0.08,"32,30,1086,562",success
v39,C++,2,20,C:\NCKH\VIDEO_LEARNING_RESEARCH\data\processed\ocr_best_integration\keyframes_roi\v39\v39_00020s.png,global_default,,low,,0.05,0.03,0.0,0.08,"32,30,1086,562",success
v39,C++,3,30,C:\NCKH\VIDEO_LEARNING_RESEARCH\data\processed\ocr_best_integration\keyframes_roi\v39\v39_00030s.png,global_default,,low,,0.05,0.03,0.0,0.08,"32,30,1086,562",success
v39,C++,4,40,C:\NCKH\VIDEO_LEARNING_RESEARCH\data\processed\ocr_best_integration\keyframes_roi\v39\v39_00040s.png,global_default,,low,,0.05,0.03,0.0,0.08,"32,30,1086,562",success
v39,C++,5,50,C:\NCKH\VIDEO_LEARNING_RESEARCH\data\processed\ocr_best_integration\keyframes_roi\v39\v39_00050s.png,global_default,,low,,0.05,0.03,0.0,0.08,"32,30,1086,562",success
v39,C++,6,60,C:\NCKH\VIDEO_LEARNING_RESEARCH\data\processed\ocr_best_integration\keyframes_roi\v39\v39_00060s.png,global_default,,low,,0.05,0.03,0.0,0.08,"32,30,1086,562",success
v39,C++,7,70,C:\NCKH\VIDEO_LEARNING_RESEARCH\data\processed\ocr_best_integration\keyframes_roi\v39\v39_00070s.png,global_default,,low,,0.05,0.03,0.0,0.08,"32,30,1086,562",success
v39,C++,8,80,C:\NCKH\VIDEO_LEARNING_RESEARCH\data\processed\ocr_best_integration\keyframes_roi\v39\v39_00080s.png,global_default,,low,,0.05,0.03,0.0,0.08,"32,30,1086,562",success
v39,C++,9,90,C:\NCKH\VIDEO_LEARNING_RESEARCH\data\processed\ocr_best_integration\keyframes_roi\v39\v39_00090s.png,global_default,,low,,0.05,0.03,0.0,0.08,"32,30,1086,562",success
v39,C++,10,100,C:\NCKH\VIDEO_LEARNING_RESEARCH\data\processed\ocr_best_integration\keyframes_roi\v39\v39_00100s.png,global_default,,low,,0.05,0.03,0.0,0.08,"32,30,1086,562",success
v39,C++,11,110,C:\NCKH\VIDEO_LEARNING_RESEARCH\data\processed\ocr_best_integration\keyframes_roi\v39\v39_00110s.png,global_default,,low,,0.05,0.03,0.0,0.08,"32,30,1086,562",success
v39,C++,12,120,C:\NCKH\VIDEO_LEARNING_RESEARCH\data\processed\ocr_best_integration\keyframes_roi\v39\v39_00120s.png,global_default,,low,,0.05,0.03,0.0,0.08,"32,30,1086,562",success
v39,C++,13,130,C:\NCKH\VIDEO_LEARNING_RESEARCH\data\processed\ocr_best_integration\keyframes_roi\v39\v39_00130s.png,global_default,,low,,0.05,0.03,0.0,0.08,"32,30,1086,562",success
v39,C++,14,140,C:\NCKH\VIDEO_LEARNING_RESEARCH\data\processed\ocr_best_integration\keyframes_roi\v39\v39_00140s.png,global_default,,low,,0.05,0.03,0.0,0.08,"32,30,1086,562",success
v39,C++,15,150,C:\NCKH\VIDEO_LEARNING_RESEARCH\data\processed\ocr_best_integration\keyframes_roi\v39\v39_00150s.png,global_default,,low,,0.05,0.03,0.0,0.08,"32,30,1086,562",success
v39,C++,16,160,C:\NCKH\VIDEO_LEARNING_RESEARCH\data\processed\ocr_best_integration\keyframes_roi\v39\v39_00160s.png,global_default,,low,,0.05,0.03,0.0,0.08,"32,30,1086,562",success
v39,C++,17,170,C:\NCKH\VIDEO_LEARNING_RESEARCH\data\processed\ocr_best_integration\keyframes_roi\v39\v39_00170s.png,global_default,,low,,0.05,0.03,0.0,0.08,"32,30,1086,562",success
v39,C++,18,180,C:\NCKH\VIDEO_LEARNING_RESEARCH\data\processed\ocr_best_integration\keyframes_roi\v39\v39_00180s.png,global_default,,low,,0.05,0.03,0.0,0.08,"32,30,1086,562",success
v39,C++,19,190,C:\NCKH\VIDEO_LEARNING_RESEARCH\data\processed\ocr_best_integration\keyframes_roi\v39\v39_00190s.png,global_default,,low,,0.05,0.03,0.0,0.08,"32,30,1086,562",success
v39,C++,20,200,C:\NCKH\VIDEO_LEARNING_RESEARCH\data\processed\ocr_best_integration\keyframes_roi\v39\v39_00200s.png,global_default,,low,,0.05,0.03,0.0,0.08,"32,30,1086,562",success
v39,C++,21,210,C:\NCKH\VIDEO_LEARNING_RESEARCH\data\processed\ocr_best_integration\keyframes_roi\v39\v39_00210s.png,global_default,,low,,0.05,0.03,0.0,0.08,"32,30,1086,562",success
v39,C++,22,220,C:\NCKH\VIDEO_LEARNING_RESEARCH\data\processed\ocr_best_integration\keyframes_roi\v39\v39_00220s.png,global_default,,low,,0.05,0.03,0.0,0.08,"32,30,1086,562",success
v39,C++,23,230,C:\NCKH\VIDEO_LEARNING_RESEARCH\data\processed\ocr_best_integration\keyframes_roi\v39\v39_00230s.png,global_default,,low,,0.05,0.03,0.0,0.08,"32,30,1086,562",success
v39,C++,24,240,C:\NCKH\VIDEO_LEARNING_RESEARCH\data\processed\ocr_best_integration\keyframes_roi\v39\v39_00240s.png,global_default,,low,,0.05,0.03,0.0,0.08,"32,30,1086,562",success
v39,C++,25,250,C:\NCKH\VIDEO_LEARNING_RESEARCH\data\processed\ocr_best_integration\keyframes_roi\v39\v39_00250s.png,global_default,,low,,0.05,0.03,0.0,0.08,"32,30,1086,562",success
v39,C++,26,260,C:\NCKH\VIDEO_LEARNING_RESEARCH\data\processed\ocr_best_integration\keyframes_roi\v39\v39_00260s.png,global_default,,low,,0.05,0.03,0.0,0.08,"32,30,1086,562",success
v39,C++,27,270,C:\NCKH\VIDEO_LEARNING_RESEARCH\data\processed\ocr_best_integration\keyframes_roi\v39\v39_00270s.png,global_default,,low,,0.05,0.03,0.0,0.08,"32,30,1086,562",success
v39,C++,28,280,C:\NCKH\VIDEO_LEARNING_RESEARCH\data\processed\ocr_best_integration\keyframes_roi\v39\v39_00280s.png,global_default,,low,,0.05,0.03,0.0,0.08,"32,30,1086,562",success
v39,C++,29,290,C:\NCKH\VIDEO_LEARNING_RESEARCH\data\processed\ocr_best_integration\keyframes_roi\v39\v39_00290s.png,global_default,,low,,0.05,0.03,0.0,0.08,"32,30,1086,562",success
v39,C++,30,300,C:\NCKH\VIDEO_LEARNING_RESEARCH\data\processed\ocr_best_integration\keyframes_roi\v39\v39_00300s.png,global_default,,low,,0.05,0.03,0.0,0.08,"32,30,1086,562",success
v39,C++,31,310,C:\NCKH\VIDEO_LEARNING_RESEARCH\data\processed\ocr_best_integration\keyframes_roi\v39\v39_00310s.png,global_default,,low,,0.05,0.03,0.0,0.08,"32,30,1086,562",success
v39,C++,32,320,C:\NCKH\VIDEO_LEARNING_RESEARCH\data\processed\ocr_best_integration\keyframes_roi\v39\v39_00320s.png,global_default,,low,,0.05,0.03,0.0,0.08,"32,30,1086,562",success
v39,C++,33,330,C:\NCKH\VIDEO_LEARNING_RESEARCH\data\processed\ocr_best_integration\keyframes_roi\v39\v39_00330s.png,global_default,,low,,0.05,0.03,0.0,0.08,"32,30,1086,562",success
v39,C++,34,340,C:\NCKH\VIDEO_LEARNING_RESEARCH\data\processed\ocr_best_integration\keyframes_roi\v39\v39_00340s.png,global_default,,low,,0.05,0.03,0.0,0.08,"32,30,1086,562",success
v39,C++,35,350,C:\NCKH\VIDEO_LEARNING_RESEARCH\data\processed\ocr_best_integration\keyframes_roi\v39\v39_00350s.png,global_default,,low,,0.05,0.03,0.0,0.08,"32,30,1086,562",success
v39,C++,36,360,C:\NCKH\VIDEO_LEARNING_RESEARCH\data\processed\ocr_best_integration\keyframes_roi\v39\v39_00360s.png,global_default,,low,,0.05,0.03,0.0,0.08,"32,30,1086,562",success
v39,C++,37,370,C:\NCKH\VIDEO_LEARNING_RESEARCH\data\processed\ocr_best_integration\keyframes_roi\v39\v39_00370s.png,global_default,,low,,0.05,0.03,0.0,0.08,"32,30,1086,562",success
v39,C++,38,380,C:\NCKH\VIDEO_LEARNING_RESEARCH\data\processed\ocr_best_integration\keyframes_roi\v39\v39_00380s.png,global_default,,low,,0.05,0.03,0.0,0.08,"32,30,1086,562",success
v39,C++,39,390,C:\NCKH\VIDEO_LEARNING_RESEARCH\data\processed\ocr_best_integration\keyframes_roi\v39\v39_00390s.png,global_default,,low,,0.05,0.03,0.0,0.08,"32,30,1086,562",success
v39,C++,40,400,C:\NCKH\VIDEO_LEARNING_RESEARCH\data\processed\ocr_best_integration\keyframes_roi\v39\v39_00400s.png,global_default,,low,,0.05,0.03,0.0,0.08,"32,30,1086,562",success
v39,C++,41,410,C:\NCKH\VIDEO_LEARNING_RESEARCH\data\processed\ocr_best_integration\keyframes_roi\v39\v39_00410s.png,global_default,,low,,0.05,0.03,0.0,0.08,"32,30,1086,562",success
v39,C++,42,420,C:\NCKH\VIDEO_LEARNING_RESEARCH\data\processed\ocr_best_integration\keyframes_roi\v39\v39_00420s.png,global_default,,low,,0.05,0.03,0.0,0.08,"32,30,1086,562",success
v39,C++,43,430,C:\NCKH\VIDEO_LEARNING_RESEARCH\data\processed\ocr_best_integration\keyframes_roi\v39\v39_00430s.png,global_default,,low,,0.05,0.03,0.0,0.08,"32,30,1086,562",success
v39,C++,44,440,C:\NCKH\VIDEO_LEARNING_RESEARCH\data\processed\ocr_best_integration\keyframes_roi\v39\v39_00440s.png,global_default,,low,,0.05,0.03,0.0,0.08,"32,30,1086,562",success
v39,C++,45,450,C:\NCKH\VIDEO_LEARNING_RESEARCH\data\processed\ocr_best_integration\keyframes_roi\v39\v39_00450s.png,global_default,,low,,0.05,0.03,0.0,0.08,"32,30,1086,562",success
v39,C++,46,460,C:\NCKH\VIDEO_LEARNING_RESEARCH\data\processed\ocr_best_integration\keyframes_roi\v39\v39_00460s.png,global_default,,low,,0.05,0.03,0.0,0.08,"32,30,1086,562",success
v39,C++,47,470,C:\NCKH\VIDEO_LEARNING_RESEARCH\data\processed\ocr_best_integration\keyframes_roi\v39\v39_00470s.png,global_default,,low,,0.05,0.03,0.0,0.08,"32,30,1086,562",success
v39,C++,48,480,C:\NCKH\VIDEO_LEARNING_RESEARCH\data\processed\ocr_best_integration\keyframes_roi\v39\v39_00480s.png,global_default,,low,,0.05,0.03,0.0,0.08,"32,30,1086,562",success
v39,C++,49,490,C:\NCKH\VIDEO_LEARNING_RESEARCH\data\processed\ocr_best_integration\keyframes_roi\v39\v39_00490s.png,global_default,,low,,0.05,0.03,0.0,0.08,"32,30,1086,562",success
v39,C++,50,500,C:\NCKH\VIDEO_LEARNING_RESEARCH\data\processed\ocr_best_integration\keyframes_roi\v39\v39_00500s.png,global_default,,low,,0.05,0.03,0.0,0.08,"32,30,1086,562",success
v39,C++,51,510,C:\NCKH\VIDEO_LEARNING_RESEARCH\data\processed\ocr_best_integration\keyframes_roi\v39\v39_00510s.png,global_default,,low,,0.05,0.03,0.0,0.08,"32,30,1086,562",success
v39,C++,52,520,C:\NCKH\VIDEO_LEARNING_RESEARCH\data\processed\ocr_best_integration\keyframes_roi\v39\v39_00520s.png,global_default,,low,,0.05,0.03,0.0,0.08,"32,30,1086,562",success
v39,C++,53,530,C:\NCKH\VIDEO_LEARNING_RESEARCH\data\processed\ocr_best_integration\keyframes_roi\v39\v39_00530s.png,global_default,,low,,0.05,0.03,0.0,0.08,"32,30,1086,562",success
v39,C++,54,540,C:\NCKH\VIDEO_LEARNING_RESEARCH\data\processed\ocr_best_integration\keyframes_roi\v39\v39_00540s.png,global_default,,low,,0.05,0.03,0.0,0.08,"32,30,1086,562",success
v39,C++,55,550,C:\NCKH\VIDEO_LEARNING_RESEARCH\data\processed\ocr_best_integration\keyframes_roi\v39\v39_00550s.png,global_default,,low,,0.05,0.03,0.0,0.08,"32,30,1086,562",success
v39,C++,56,560,C:\NCKH\VIDEO_LEARNING_RESEARCH\data\processed\ocr_best_integration\keyframes_roi\v39\v39_00560s.png,global_default,,low,,0.05,0.03,0.0,0.08,"32,30,1086,562",success
v39,C++,57,570,C:\NCKH\VIDEO_LEARNING_RESEARCH\data\processed\ocr_best_integration\keyframes_roi\v39\v39_00570s.png,global_default,,low,,0.05,0.03,0.0,0.08,"32,30,1086,562",success
v40,C++,0,0,C:\NCKH\VIDEO_LEARNING_RESEARCH\data\processed\ocr_best_integration\keyframes_roi\v40\v40_00000s.png,global_default,,low,,0.05,0.03,0.0,0.08,"32,30,1086,562",success
