video_id,subject,method,chunk_id,start_sec,end_sec,concept,lda_score,lsa_score,lda_norm,lsa_norm,final_score,rank
v1,SQL,transcript_only,0,0,60,select,0.199,0.4784,0.7501,1.0,0.9001,1
v1,SQL,transcript_only,0,0,60,group by,0.2427,0.2703,1.0,0.4449,0.667,2
v1,SQL,transcript_only,0,0,60,order by,0.1953,0.2991,0.729,0.5217,0.6046,3
v1,SQL,transcript_only,0,0,60,subquery,0.1088,0.3497,0.2344,0.6567,0.4878,4
v1,SQL,transcript_only,0,0,60,join,0.081,0.3189,0.0755,0.5746,0.3749,5
v1,SQL,transcript_only,0,0,60,count,0.131,0.2028,0.3613,0.2649,0.3035,6
v1,SQL,transcript_only,0,0,60,inner join,0.0806,0.2455,0.0732,0.3788,0.2565,7
v1,SQL,transcript_only,0,0,60,left join,0.1404,0.1473,0.4151,0.1168,0.2361,8
v1,SQL,transcript_only,0,0,60,having,0.0678,0.1973,0.0,0.2502,0.1501,9
v1,SQL,transcript_only,0,0,60,where,0.0965,0.1521,0.1641,0.1296,0.1434,10
v1,SQL,transcript_only,0,0,60,aggregate function,0.0998,0.1035,0.183,0.0,0.0732,11
v1,SQL,transcript_only,1,60,120,select,0.0894,0.1162,0.6652,1.0,0.8661,1
v1,SQL,transcript_only,1,60,120,left join,0.0622,0.0946,0.3676,0.8673,0.6674,2
v1,SQL,transcript_only,1,60,120,order by,0.1088,0.0091,0.8775,0.3421,0.5563,3
v1,SQL,transcript_only,1,60,120,group by,0.12,-0.0408,1.0,0.0356,0.4214,4
v1,SQL,transcript_only,1,60,120,count,0.0867,-0.0076,0.6357,0.2396,0.398,5
v1,SQL,transcript_only,1,60,120,inner join,0.0422,0.0352,0.1488,0.5025,0.361,6
v1,SQL,transcript_only,1,60,120,join,0.034,0.0268,0.0591,0.4509,0.2941,7
v1,SQL,transcript_only,1,60,120,where,0.0543,-0.013,0.2812,0.2064,0.2363,8
v1,SQL,transcript_only,1,60,120,aggregate function,0.0573,-0.0255,0.314,0.1296,0.2034,9
v1,SQL,transcript_only,1,60,120,subquery,0.0739,-0.0466,0.4956,0.0,0.1982,10
v1,SQL,transcript_only,1,60,120,having,0.0286,-0.0073,0.0,0.2414,0.1448,11
v1,SQL,transcript_only,2,120,180,select,0.099,0.1273,0.6809,1.0,0.8724,1
v1,SQL,transcript_only,2,120,180,left join,0.0691,0.1,0.377,0.8414,0.6556,2
v1,SQL,transcript_only,2,120,180,order by,0.1161,0.0121,0.8547,0.3306,0.5402,3
v1,SQL,transcript_only,2,120,180,count,0.0906,0.011,0.5955,0.3242,0.4327,4
v1,SQL,transcript_only,2,120,180,group by,0.1304,-0.0448,1.0,0.0,0.4,5
v1,SQL,transcript_only,2,120,180,subquery,0.077,-0.003,0.4573,0.2429,0.3287,6
v1,SQL,transcript_only,2,120,180,inner join,0.0456,0.0322,0.1382,0.4474,0.3237,7
v1,SQL,transcript_only,2,120,180,aggregate function,0.0609,0.006,0.2937,0.2952,0.2946,8
v1,SQL,transcript_only,2,120,180,join,0.0381,0.0036,0.062,0.2812,0.1935,9
v1,SQL,transcript_only,2,120,180,having,0.032,0.0026,0.0,0.2754,0.1653,10
v1,SQL,transcript_only,2,120,180,where,0.0578,-0.035,0.2622,0.0569,0.139,11
v1,SQL,transcript_only,3,180,240,select,0.1091,0.1391,0.6954,1.0,0.8781,1
v1,SQL,transcript_only,3,180,240,order by,0.1237,0.096,0.8335,0.708,0.7582,2
v1,SQL,transcript_only,3,180,240,inner join,0.0491,0.0952,0.1277,0.7026,0.4726,3
v1,SQL,transcript_only,3,180,240,having,0.0356,0.0967,0.0,0.7127,0.4276,4
v1,SQL,transcript_only,3,180,240,group by,0.1413,-0.0085,1.0,0.0,0.4,5
v1,SQL,transcript_only,3,180,240,left join,0.0763,0.0398,0.3851,0.3272,0.3504,6
v1,SQL,transcript_only,3,180,240,count,0.0946,0.0168,0.5582,0.1714,0.3261,7
v1,SQL,transcript_only,3,180,240,subquery,0.0801,0.0254,0.421,0.2297,0.3062,8
v1,SQL,transcript_only,3,180,240,aggregate function,0.0648,0.0298,0.2763,0.2595,0.2662,9
v1,SQL,transcript_only,3,180,240,where,0.0614,0.025,0.2441,0.227,0.2338,10
v1,SQL,transcript_only,3,180,240,join,0.0424,0.0022,0.0643,0.0725,0.0692,11
v1,SQL,transcript_only,4,240,300,inner join,0.069,0.5778,0.1046,1.0,0.6418,1
v1,SQL,transcript_only,4,240,300,left join,0.1136,0.2885,0.4156,0.5126,0.4738,2
v1,SQL,transcript_only,4,240,300,group by,0.1974,0.0285,1.0,0.0745,0.4447,3
v1,SQL,transcript_only,4,240,300,join,0.0644,0.3729,0.0725,0.6548,0.4219,4
v1,SQL,transcript_only,4,240,300,select,0.1602,0.0808,0.7406,0.1626,0.3938,5
v1,SQL,transcript_only,4,240,300,order by,0.1626,0.0341,0.7573,0.0839,0.3533,6
v1,SQL,transcript_only,4,240,300,count,0.114,0.0545,0.4184,0.1183,0.2383,7
v1,SQL,transcript_only,4,240,300,where,0.0796,0.1039,0.1785,0.2015,0.1923,8
v1,SQL,transcript_only,4,240,300,aggregate function,0.0854,0.0222,0.219,0.0639,0.1259,9
v1,SQL,transcript_only,4,240,300,subquery,0.0953,-0.0157,0.288,0.0,0.1152,10
v1,SQL,transcript_only,4,240,300,having,0.054,0.0551,0.0,0.1193,0.0716,11
v1,SQL,transcript_only,5,300,360,left join,0.1236,0.5909,0.4218,1.0,0.7687,1
v1,SQL,transcript_only,5,300,360,inner join,0.0768,0.5873,0.1167,0.9939,0.643,2
v1,SQL,transcript_only,5,300,360,select,0.1729,0.1341,0.7432,0.229,0.4347,3
v1,SQL,transcript_only,5,300,360,group by,0.2123,-0.0016,1.0,0.0,0.4,4
v1,SQL,transcript_only,5,300,360,order by,0.1726,0.0923,0.7412,0.1585,0.3916,5
v1,SQL,transcript_only,5,300,360,join,0.0704,0.3496,0.075,0.5927,0.3856,6
v1,SQL,transcript_only,5,300,360,count,0.1172,0.0899,0.3801,0.1544,0.2447,7
v1,SQL,transcript_only,5,300,360,subquery,0.0978,0.0546,0.2536,0.0949,0.1583,8
v1,SQL,transcript_only,5,300,360,aggregate function,0.0921,0.0473,0.2164,0.0825,0.1361,9
v1,SQL,transcript_only,5,300,360,having,0.0589,0.1196,0.0,0.2046,0.1227,10
v1,SQL,transcript_only,5,300,360,where,0.0838,0.0446,0.1623,0.078,0.1117,11
v1,SQL,transcript_only,6,360,420,left join,0.189,0.4334,0.4438,1.0,0.7775,1
v1,SQL,transcript_only,6,360,420,group by,0.3112,0.2603,1.0,0.5847,0.7508,2
v1,SQL,transcript_only,6,360,420,select,0.266,0.0951,0.7943,0.1883,0.4307,3
v1,SQL,transcript_only,6,360,420,inner join,0.1037,0.2783,0.0555,0.6279,0.3989,4
v1,SQL,transcript_only,6,360,420,order by,0.2425,0.0965,0.6873,0.1917,0.3899,5
v1,SQL,transcript_only,6,360,420,where,0.1179,0.2109,0.1202,0.4662,0.3278,6
v1,SQL,transcript_only,6,360,420,join,0.1089,0.2114,0.0792,0.4674,0.3121,7
v1,SQL,transcript_only,6,360,420,count,0.1577,0.1007,0.3013,0.2018,0.2416,8
v1,SQL,transcript_only,6,360,420,having,0.0915,0.1196,0.0,0.2471,0.1483,9
v1,SQL,transcript_only,6,360,420,subquery,0.1296,0.034,0.1734,0.0417,0.0944,10
v1,SQL,transcript_only,6,360,420,aggregate function,0.1243,0.0166,0.1493,0.0,0.0597,11
v1,SQL,transcript_only,7,420,480,group by,0.1887,0.2459,1.0,1.0,1.0,1
v1,SQL,transcript_only,7,420,480,order by,0.1569,0.0497,0.7687,0.2725,0.471,2
v1,SQL,transcript_only,7,420,480,left join,0.1078,0.0837,0.4116,0.3986,0.4038,3
v1,SQL,transcript_only,7,420,480,where,0.0772,0.1125,0.1891,0.5054,0.3789,4
v1,SQL,transcript_only,7,420,480,select,0.1528,-0.0017,0.7389,0.0819,0.3447,5
v1,SQL,transcript_only,7,420,480,subquery,0.0939,0.0402,0.3105,0.2373,0.2666,6
v1,SQL,transcript_only,7,420,480,inner join,0.0643,0.068,0.0953,0.3404,0.2423,7
v1,SQL,transcript_only,7,420,480,count,0.1122,-0.0238,0.4436,0.0,0.1775,8
v1,SQL,transcript_only,7,420,480,join,0.061,0.0423,0.0713,0.2451,0.1756,9
v1,SQL,transcript_only,7,420,480,aggregate function,0.0814,-0.019,0.2196,0.0178,0.0985,10
v1,SQL,transcript_only,7,420,480,having,0.0512,0.0177,0.0,0.1539,0.0923,11
v1,SQL,transcript_only,8,480,540,group by,0.3231,0.4588,1.0,1.0,1.0,1
v1,SQL,transcript_only,8,480,540,having,0.0954,0.4443,0.0,0.9694,0.5817,2
v1,SQL,transcript_only,8,480,540,order by,0.2508,0.1704,0.6825,0.3919,0.5082,3
v1,SQL,transcript_only,8,480,540,where,0.1219,0.3394,0.1164,0.7483,0.4955,4
v1,SQL,transcript_only,8,480,540,select,0.2769,0.0533,0.7971,0.1451,0.4059,5
v1,SQL,transcript_only,8,480,540,left join,0.1969,0.0524,0.4458,0.1432,0.2642,6
v1,SQL,transcript_only,8,480,540,count,0.1621,0.0707,0.2929,0.1817,0.2262,7
v1,SQL,transcript_only,8,480,540,aggregate function,0.1285,0.075,0.1454,0.1908,0.1726,8
v1,SQL,transcript_only,8,480,540,subquery,0.1331,0.0338,0.1656,0.1039,0.1286,9
v1,SQL,transcript_only,8,480,540,inner join,0.1075,-0.0019,0.0531,0.0287,0.0385,10
v1,SQL,transcript_only,8,480,540,join,0.1136,-0.0155,0.0799,0.0,0.032,11
v1,SQL,transcript_only,9,540,600,group by,0.2133,0.1179,1.0,0.9196,0.9518,1
v1,SQL,transcript_only,9,540,600,select,0.1756,0.1303,0.7552,1.0,0.9021,2
v1,SQL,transcript_only,9,540,600,left join,0.1241,0.1226,0.4208,0.9501,0.7384,3
v1,SQL,transcript_only,9,540,600,order by,0.1741,0.0644,0.7455,0.5726,0.6418,4
v1,SQL,transcript_only,9,540,600,subquery,0.1011,0.1015,0.2714,0.8132,0.5965,5
v1,SQL,transcript_only,9,540,600,where,0.0854,0.1016,0.1695,0.8139,0.5561,6
v1,SQL,transcript_only,9,540,600,having,0.0593,0.0656,0.0,0.5804,0.3482,7
v1,SQL,transcript_only,9,540,600,aggregate function,0.09,0.0079,0.1994,0.2062,0.2035,8
v1,SQL,transcript_only,9,540,600,inner join,0.0722,0.0154,0.0838,0.2549,0.1864,9
v1,SQL,transcript_only,9,540,600,count,0.1213,-0.0239,0.4026,0.0,0.161,10
v1,SQL,transcript_only,9,540,600,join,0.0706,-0.0042,0.0734,0.1278,0.106,11
v1,SQL,transcript_only,10,600,660,select,0.1469,0.1337,0.7342,0.9548,0.8666,1
v1,SQL,transcript_only,10,600,660,where,0.075,0.1414,0.1944,1.0,0.6778,2
v1,SQL,transcript_only,10,600,660,group by,0.1823,0.0299,1.0,0.346,0.6076,3
v1,SQL,transcript_only,10,600,660,order by,0.1524,0.0222,0.7755,0.3009,0.4907,4
v1,SQL,transcript_only,10,600,660,subquery,0.0921,0.0645,0.3228,0.549,0.4585,5
v1,SQL,transcript_only,10,600,660,left join,0.1035,0.0474,0.4084,0.4487,0.4326,6
v1,SQL,transcript_only,10,600,660,count,0.1098,-0.0284,0.4557,0.0041,0.1847,7
v1,SQL,transcript_only,10,600,660,aggregate function,0.0792,-0.0052,0.226,0.1402,0.1745,8
v1,SQL,transcript_only,10,600,660,inner join,0.0623,0.0006,0.0991,0.1742,0.1442,9
v1,SQL,transcript_only,10,600,660,having,0.0491,0.0111,0.0,0.2358,0.1415,10
v1,SQL,transcript_only,10,600,660,join,0.0585,-0.0291,0.0706,0.0,0.0282,11
v1,SQL,transcript_only,11,660,720,subquery,0.0942,0.2308,0.2873,1.0,0.7149,1
v1,SQL,transcript_only,11,660,720,order by,0.1611,0.123,0.7585,0.5215,0.6163,2
v1,SQL,transcript_only,11,660,720,where,0.0787,0.1848,0.1782,0.7958,0.5488,3
v1,SQL,transcript_only,11,660,720,group by,0.1954,0.0348,1.0,0.13,0.478,4
v1,SQL,transcript_only,11,660,720,select,0.1581,0.0737,0.7373,0.3027,0.4766,5
v1,SQL,transcript_only,11,660,720,left join,0.1123,0.0577,0.4148,0.2317,0.3049,6
v1,SQL,transcript_only,11,660,720,count,0.1126,0.0217,0.4169,0.0719,0.2099,7
v1,SQL,transcript_only,11,660,720,having,0.0534,0.0671,0.0,0.2734,0.164,8
v1,SQL,transcript_only,11,660,720,inner join,0.0692,0.05,0.1113,0.1975,0.163,9
v1,SQL,transcript_only,11,660,720,aggregate function,0.0851,0.0084,0.2232,0.0129,0.097,10
v1,SQL,transcript_only,11,660,720,join,0.0637,0.0055,0.0725,0.0,0.029,11
v1,SQL,transcript_only,12,720,780,subquery,0.0534,0.2774,0.9332,1.0,0.9733,1
v1,SQL,transcript_only,12,720,780,order by,0.0569,0.1729,1.0,0.6808,0.8085,2
v1,SQL,transcript_only,12,720,780,count,0.0561,0.0106,0.9847,0.1851,0.5049,3
v1,SQL,transcript_only,12,720,780,group by,0.0459,0.0172,0.7901,0.2053,0.4392,4
v1,SQL,transcript_only,12,720,780,where,0.029,0.0415,0.4676,0.2795,0.3547,5
v1,SQL,transcript_only,12,720,780,having,0.0045,0.1384,0.0,0.5754,0.3453,6
v1,SQL,transcript_only,12,720,780,aggregate function,0.0312,0.0079,0.5095,0.1768,0.3099,7
v1,SQL,transcript_only,12,720,780,select,0.0258,-0.0034,0.4065,0.1423,0.248,8
v1,SQL,transcript_only,12,720,780,left join,0.0126,0.003,0.1546,0.1619,0.159,9
v1,SQL,transcript_only,12,720,780,inner join,0.0185,-0.0224,0.2672,0.0843,0.1575,10
v1,SQL,transcript_only,12,720,780,join,0.0054,-0.05,0.0172,0.0,0.0069,11
v10,SQL,transcript_only,0,0,60,select,0.3177,0.5154,0.7914,1.0,0.9166,1
v10,SQL,transcript_only,0,0,60,group by,0.3724,0.2827,1.0,0.611,0.7666,2
v10,SQL,transcript_only,0,0,60,order by,0.2855,0.0324,0.6686,0.1926,0.383,3
v10,SQL,transcript_only,0,0,60,left join,0.2253,0.015,0.439,0.1635,0.2737,4
v10,SQL,transcript_only,0,0,60,count,0.1773,-0.0626,0.2559,0.0338,0.1226,5
v10,SQL,transcript_only,0,0,60,having,0.1102,0.0286,0.0,0.1862,0.1117,6
v10,SQL,transcript_only,0,0,60,subquery,0.1459,-0.0263,0.1362,0.0945,0.1111,7
v10,SQL,transcript_only,0,0,60,where,0.1401,-0.0547,0.114,0.047,0.0738,8
v10,SQL,transcript_only,0,0,60,aggregate function,0.1443,-0.0828,0.1301,0.0,0.052,9
v10,SQL,transcript_only,0,0,60,inner join,0.1218,-0.0488,0.0442,0.0568,0.0518,10
v10,SQL,transcript_only,0,0,60,join,0.1318,-0.0691,0.0824,0.0229,0.0467,11
v10,SQL,transcript_only,1,60,120,group by,0.3975,0.5046,1.0,1.0,1.0,1
v10,SQL,transcript_only,1,60,120,select,0.3464,0.136,0.8157,0.3019,0.5074,2
v10,SQL,transcript_only,1,60,120,order by,0.3017,0.189,0.6545,0.4023,0.5032,3
v10,SQL,transcript_only,1,60,120,aggregate function,0.1533,0.3325,0.1194,0.6741,0.4522,4
v10,SQL,transcript_only,1,60,120,count,0.1872,0.2288,0.2416,0.4777,0.3832,5
v10,SQL,transcript_only,1,60,120,left join,0.2466,0.0943,0.4558,0.2229,0.3161,6
v10,SQL,transcript_only,1,60,120,where,0.1466,0.1657,0.0952,0.3581,0.253,7
v10,SQL,transcript_only,1,60,120,join,0.1436,0.1159,0.0844,0.2638,0.192,8
v10,SQL,transcript_only,1,60,120,having,0.1202,0.0607,0.0,0.1593,0.0956,9
v10,SQL,transcript_only,1,60,120,inner join,0.1312,0.0328,0.0397,0.1064,0.0797,10
v10,SQL,transcript_only,1,60,120,subquery,0.1541,-0.0234,0.1223,0.0,0.0489,11
v10,SQL,transcript_only,2,120,180,group by,0.3714,0.6927,1.0,1.0,1.0,1
v10,SQL,transcript_only,2,120,180,order by,0.2823,0.1318,0.6566,0.1956,0.38,2
v10,SQL,transcript_only,2,120,180,select,0.3231,0.0488,0.8139,0.0766,0.3715,3
v10,SQL,transcript_only,2,120,180,join,0.1343,0.2258,0.0863,0.3304,0.2328,4
v10,SQL,transcript_only,2,120,180,left join,0.2296,0.036,0.4536,0.0582,0.2164,5
v10,SQL,transcript_only,2,120,180,where,0.1378,0.1997,0.0998,0.293,0.2157,6
v10,SQL,transcript_only,2,120,180,count,0.1748,0.1232,0.2424,0.1833,0.2069,7
v10,SQL,transcript_only,2,120,180,having,0.1119,0.206,0.0,0.302,0.1812,8
v10,SQL,transcript_only,2,120,180,aggregate function,0.1428,0.1238,0.1191,0.1841,0.1581,9
v10,SQL,transcript_only,2,120,180,inner join,0.1226,0.1044,0.0412,0.1563,0.1103,10
v10,SQL,transcript_only,2,120,180,subquery,0.1459,-0.0046,0.131,0.0,0.0524,11
v10,SQL,transcript_only,3,180,240,group by,0.3157,0.5558,1.0,1.0,1.0,1
v10,SQL,transcript_only,3,180,240,order by,0.2479,0.1228,0.7016,0.1804,0.3889,2
v10,SQL,transcript_only,3,180,240,count,0.154,0.2262,0.2883,0.3761,0.341,3
v10,SQL,transcript_only,3,180,240,select,0.2555,0.0604,0.735,0.0623,0.3314,4
v10,SQL,transcript_only,3,180,240,join,0.1064,0.2133,0.0788,0.3517,0.2425,5
v10,SQL,transcript_only,3,180,240,where,0.1249,0.173,0.1602,0.2754,0.2293,6
v10,SQL,transcript_only,3,180,240,left join,0.1794,0.0677,0.4001,0.0761,0.2057,7
v10,SQL,transcript_only,3,180,240,aggregate function,0.1234,0.1095,0.1536,0.1552,0.1546,8
v10,SQL,transcript_only,3,180,240,inner join,0.1007,0.1062,0.0537,0.149,0.1109,9
v10,SQL,transcript_only,3,180,240,having,0.0885,0.0966,0.0,0.1308,0.0785,10
v10,SQL,transcript_only,3,180,240,subquery,0.1275,0.0275,0.1717,0.0,0.0687,11
v10,SQL,transcript_only,4,240,300,group by,0.2952,0.4582,1.0,1.0,1.0,1
v10,SQL,transcript_only,4,240,300,select,0.2366,0.2104,0.7254,0.4255,0.5454,2
v10,SQL,transcript_only,4,240,300,order by,0.233,0.1764,0.7085,0.3466,0.4914,3
v10,SQL,transcript_only,4,240,300,having,0.0818,0.2699,0.0,0.5634,0.338,4
v10,SQL,transcript_only,4,240,300,join,0.0988,0.164,0.0797,0.3179,0.2226,5
v10,SQL,transcript_only,4,240,300,subquery,0.121,0.109,0.1837,0.1904,0.1877,6
v10,SQL,transcript_only,4,240,300,count,0.1446,0.069,0.2943,0.0976,0.1763,7
v10,SQL,transcript_only,4,240,300,left join,0.1656,0.0269,0.3927,0.0,0.1571,8
v10,SQL,transcript_only,4,240,300,where,0.1182,0.0559,0.1706,0.0672,0.1086,9
v10,SQL,transcript_only,4,240,300,aggregate function,0.1153,0.0415,0.157,0.0339,0.0831,10
v10,SQL,transcript_only,4,240,300,inner join,0.0938,0.0524,0.0562,0.0591,0.058,11
v10,SQL,transcript_only,5,300,360,group by,0.3695,0.7119,1.0,1.0,1.0,1
v10,SQL,transcript_only,5,300,360,select,0.3213,0.2096,0.8133,0.3676,0.5459,2
v10,SQL,transcript_only,5,300,360,order by,0.281,0.1623,0.6572,0.3081,0.4477,3
v10,SQL,transcript_only,5,300,360,left join,0.2283,0.0095,0.4531,0.1157,0.2507,4
v10,SQL,transcript_only,5,300,360,having,0.1113,0.1244,0.0,0.2604,0.1562,5
v10,SQL,transcript_only,5,300,360,count,0.174,-0.051,0.2428,0.0395,0.1209,6
v10,SQL,transcript_only,5,300,360,where,0.1372,0.0136,0.1003,0.1209,0.1126,7
v10,SQL,transcript_only,5,300,360,join,0.1335,0.0086,0.086,0.1146,0.1031,8
v10,SQL,transcript_only,5,300,360,subquery,0.1453,-0.0277,0.1317,0.0689,0.094,9
v10,SQL,transcript_only,5,300,360,inner join,0.1221,-0.0202,0.0418,0.0783,0.0637,10
v10,SQL,transcript_only,5,300,360,aggregate function,0.1422,-0.0824,0.1197,0.0,0.0479,11
v10,SQL,transcript_only,6,360,420,group by,0.3072,0.5814,1.0,1.0,1.0,1
v10,SQL,transcript_only,6,360,420,select,0.2657,0.2222,0.8074,0.4585,0.5981,2
v10,SQL,transcript_only,6,360,420,order by,0.2346,0.0806,0.6631,0.2451,0.4123,3
v10,SQL,transcript_only,6,360,420,left join,0.1879,0.0574,0.4464,0.2101,0.3046,4
v10,SQL,transcript_only,6,360,420,having,0.0917,0.2189,0.0,0.4536,0.2721,5
v10,SQL,transcript_only,6,360,420,where,0.1163,0.1478,0.1142,0.3464,0.2535,6
v10,SQL,transcript_only,6,360,420,join,0.1113,0.1009,0.091,0.2757,0.2018,7
v10,SQL,transcript_only,6,360,420,count,0.1446,-0.034,0.2455,0.0724,0.1416,8
v10,SQL,transcript_only,6,360,420,inner join,0.1015,0.0411,0.0455,0.1856,0.1295,9
v10,SQL,transcript_only,6,360,420,subquery,0.1256,-0.0248,0.1573,0.0862,0.1147,10
v10,SQL,transcript_only,6,360,420,aggregate function,0.1172,-0.082,0.1183,0.0,0.0473,11
v10,SQL,transcript_only,7,420,480,group by,0.2737,0.5551,1.0,1.0,1.0,1
v10,SQL,transcript_only,7,420,480,select,0.2299,0.1169,0.7736,0.3121,0.4967,2
v10,SQL,transcript_only,7,420,480,order by,0.2105,0.0499,0.6734,0.2069,0.3935,3
v10,SQL,transcript_only,7,420,480,join,0.0977,0.2552,0.0904,0.5292,0.3537,4
v10,SQL,transcript_only,7,420,480,left join,0.1658,0.0666,0.4424,0.2331,0.3168,5
v10,SQL,transcript_only,7,420,480,count,0.1261,0.1072,0.2372,0.2969,0.273,6
v10,SQL,transcript_only,7,420,480,inner join,0.1026,0.1245,0.1158,0.324,0.2407,7
v10,SQL,transcript_only,7,420,480,where,0.1022,0.0985,0.1137,0.2832,0.2154,8
v10,SQL,transcript_only,7,420,480,subquery,0.1092,0.0175,0.1499,0.156,0.1536,9
v10,SQL,transcript_only,7,420,480,aggregate function,0.1127,-0.0819,0.168,0.0,0.0672,10
v10,SQL,transcript_only,7,420,480,having,0.0802,-0.0223,0.0,0.0936,0.0561,11
v10,SQL,transcript_only,8,480,540,group by,0.2219,0.302,1.0,1.0,1.0,1
v10,SQL,transcript_only,8,480,540,order by,0.1776,0.0784,0.7279,0.274,0.4556,2
v10,SQL,transcript_only,8,480,540,count,0.1053,0.1394,0.2838,0.4721,0.3968,3
v10,SQL,transcript_only,8,480,540,select,0.1684,0.0331,0.6714,0.1269,0.3447,4
v10,SQL,transcript_only,8,480,540,subquery,0.091,0.0619,0.1959,0.2205,0.2107,5
v10,SQL,transcript_only,8,480,540,left join,0.121,0.0229,0.3802,0.0938,0.2084,6
v10,SQL,transcript_only,8,480,540,join,0.0726,0.0604,0.0829,0.2156,0.1625,7
v10,SQL,transcript_only,8,480,540,inner join,0.0853,0.0221,0.1609,0.0912,0.1191,8
v10,SQL,transcript_only,8,480,540,where,0.0888,0.0155,0.1824,0.0698,0.1149,9
v10,SQL,transcript_only,8,480,540,aggregate function,0.0961,-0.006,0.2273,0.0,0.0909,10
v10,SQL,transcript_only,8,480,540,having,0.0591,-0.0011,0.0,0.0159,0.0095,11
v10,SQL,transcript_only,9,540,600,group by,0.2303,0.2129,1.0,1.0,1.0,1
v10,SQL,transcript_only,9,540,600,order by,0.1885,0.0716,0.7574,0.3865,0.5348,2
v10,SQL,transcript_only,9,540,600,count,0.1148,0.1332,0.3297,0.6539,0.5242,3
v10,SQL,transcript_only,9,540,600,aggregate function,0.0962,0.1413,0.2217,0.6891,0.5021,4
v10,SQL,transcript_only,9,540,600,select,0.1666,0.0531,0.6303,0.3061,0.4358,5
v10,SQL,transcript_only,9,540,600,subquery,0.0965,0.0763,0.2234,0.4069,0.3335,6
v10,SQL,transcript_only,9,540,600,left join,0.1166,0.0279,0.3401,0.1967,0.2541,7
v10,SQL,transcript_only,9,540,600,where,0.0974,0.0207,0.2287,0.1654,0.1907,8
v10,SQL,transcript_only,9,540,600,having,0.058,0.053,0.0,0.3057,0.1834,9
v10,SQL,transcript_only,9,540,600,inner join,0.0783,-0.0174,0.1178,0.0,0.0471,10
v10,SQL,transcript_only,9,540,600,join,0.0709,-0.0124,0.0749,0.0217,0.043,11
v10,SQL,transcript_only,10,600,660,aggregate function,0.0879,0.2754,0.3192,1.0,0.7277,1
v10,SQL,transcript_only,10,600,660,group by,0.1824,0.0331,1.0,0.2378,0.5427,2
v10,SQL,transcript_only,10,600,660,order by,0.1516,0.0752,0.7781,0.3702,0.5334,3
v10,SQL,transcript_only,10,600,660,select,0.1218,0.0605,0.5634,0.324,0.4198,4
v10,SQL,transcript_only,10,600,660,count,0.0869,0.0752,0.312,0.3702,0.3469,5
v10,SQL,transcript_only,10,600,660,subquery,0.0741,0.0747,0.2197,0.3687,0.3091,6
v10,SQL,transcript_only,10,600,660,having,0.0436,0.0869,0.0,0.407,0.2442,7
v10,SQL,transcript_only,10,600,660,left join,0.0894,0.002,0.33,0.14,0.216,8
v10,SQL,transcript_only,10,600,660,where,0.0758,0.0028,0.232,0.1425,0.1783,9
v10,SQL,transcript_only,10,600,660,inner join,0.0796,-0.0269,0.2594,0.0491,0.1332,10
v10,SQL,transcript_only,10,600,660,join,0.0541,-0.0425,0.0756,0.0,0.0303,11
v10,SQL,transcript_only,11,660,720,group by,0.166,0.2325,1.0,1.0,1.0,1
v10,SQL,transcript_only,11,660,720,order by,0.1413,0.0807,0.8085,0.4093,0.569,2
v10,SQL,transcript_only,11,660,720,aggregate function,0.0802,0.1117,0.3349,0.53,0.4519,3
v10,SQL,transcript_only,11,660,720,select,0.1033,0.0631,0.514,0.3409,0.4101,4
v10,SQL,transcript_only,11,660,720,subquery,0.07,0.0587,0.2558,0.3237,0.2966,5
v10,SQL,transcript_only,11,660,720,count,0.0813,0.0351,0.3434,0.2319,0.2765,6
v10,SQL,transcript_only,11,660,720,left join,0.0748,0.0078,0.293,0.1257,0.1926,7
v10,SQL,transcript_only,11,660,720,where,0.0726,0.0105,0.276,0.1362,0.1921,8
v10,SQL,transcript_only,11,660,720,inner join,0.0705,-0.021,0.2597,0.0136,0.112,9
v10,SQL,transcript_only,11,660,720,having,0.037,0.0074,0.0,0.1241,0.0745,10
v10,SQL,transcript_only,11,660,720,join,0.0463,-0.0245,0.0721,0.0,0.0288,11
v10,SQL,transcript_only,12,720,780,group by,0.096,0.1563,0.9921,1.0,0.9968,1
v10,SQL,transcript_only,12,720,780,aggregate function,0.0803,0.1534,0.7858,0.986,0.9059,2
v10,SQL,transcript_only,12,720,780,order by,0.0817,0.0858,0.8042,0.6599,0.7176,3
v10,SQL,transcript_only,12,720,780,inner join,0.0966,0.0356,1.0,0.4178,0.6507,4
v10,SQL,transcript_only,12,720,780,select,0.0457,0.0508,0.3311,0.4911,0.4271,5
v10,SQL,transcript_only,12,720,780,subquery,0.0283,0.0728,0.1025,0.5972,0.3993,6
v10,SQL,transcript_only,12,720,780,join,0.027,0.03,0.0854,0.3907,0.2686,7
v10,SQL,transcript_only,12,720,780,left join,0.0485,-0.0158,0.3679,0.1698,0.2491,8
v10,SQL,transcript_only,12,720,780,count,0.0304,0.0024,0.1301,0.2576,0.2066,9
v10,SQL,transcript_only,12,720,780,where,0.0304,-0.0457,0.1301,0.0256,0.0674,10
v10,SQL,transcript_only,12,720,780,having,0.0205,-0.051,0.0,0.0,0.0,11
v10,SQL,transcript_only,13,780,840,group by,0.1921,0.402,1.0,1.0,1.0,1
v10,SQL,transcript_only,13,780,840,order by,0.1552,0.141,0.7409,0.2877,0.4689,2
v10,SQL,transcript_only,13,780,840,select,0.1381,0.1118,0.6208,0.208,0.3731,3
v10,SQL,transcript_only,13,780,840,aggregate function,0.0935,0.0753,0.3076,0.1084,0.188,4
v10,SQL,transcript_only,13,780,840,left join,0.1034,0.0573,0.3771,0.0592,0.1864,5
v10,SQL,transcript_only,13,780,840,inner join,0.0894,0.0415,0.2788,0.0161,0.1212,6
v10,SQL,transcript_only,13,780,840,count,0.0874,0.0445,0.2647,0.0243,0.1205,7
v10,SQL,transcript_only,13,780,840,where,0.0748,0.0616,0.1763,0.071,0.1131,8
v10,SQL,transcript_only,13,780,840,subquery,0.0755,0.0435,0.1812,0.0216,0.0854,9
v10,SQL,transcript_only,13,780,840,join,0.0614,0.0465,0.0822,0.0297,0.0507,10
v10,SQL,transcript_only,13,780,840,having,0.0497,0.0356,0.0,0.0,0.0,11
v10,SQL,transcript_only,14,840,900,group by,0.2455,0.4727,1.0,1.0,1.0,1
v10,SQL,transcript_only,14,840,900,select,0.2031,0.0783,0.7569,0.2021,0.424,2
v10,SQL,transcript_only,14,840,900,order by,0.1897,0.0802,0.68,0.2059,0.3956,3
v10,SQL,transcript_only,14,840,900,count,0.112,0.1535,0.2345,0.3542,0.3064,4
v10,SQL,transcript_only,14,840,900,having,0.0711,0.2049,0.0,0.4582,0.2749,5
v10,SQL,transcript_only,14,840,900,left join,0.1474,-0.0216,0.4375,0.0,0.175,6
v10,SQL,transcript_only,14,840,900,aggregate function,0.1038,0.0548,0.1875,0.1546,0.1677,7
v10,SQL,transcript_only,14,840,900,inner join,0.0965,0.0318,0.1456,0.108,0.1231,8
v10,SQL,transcript_only,14,840,900,subquery,0.0988,0.0226,0.1588,0.0894,0.1172,9
v10,SQL,transcript_only,14,840,900,join,0.0872,0.0428,0.0923,0.1303,0.1151,10
v10,SQL,transcript_only,14,840,900,where,0.092,0.026,0.1198,0.0963,0.1057,11
v10,SQL,transcript_only,15,900,960,group by,0.2204,0.0878,1.0,0.365,0.619,1
v10,SQL,transcript_only,15,900,960,having,0.0624,0.2941,0.0,1.0,0.6,2
v10,SQL,transcript_only,15,900,960,select,0.1751,0.0121,0.7133,0.132,0.3645,3
v10,SQL,transcript_only,15,900,960,order by,0.1718,0.0133,0.6924,0.1357,0.3584,4
v10,SQL,transcript_only,15,900,960,aggregate function,0.1022,0.0786,0.2519,0.3367,0.3028,5
v10,SQL,transcript_only,15,900,960,count,0.0976,0.0824,0.2228,0.3484,0.2982,6
v10,SQL,transcript_only,15,900,960,left join,0.1306,-0.0308,0.4316,0.0,0.1727,7
v10,SQL,transcript_only,15,900,960,subquery,0.0854,0.0205,0.1456,0.1579,0.153,8
v10,SQL,transcript_only,15,900,960,inner join,0.0998,-0.0065,0.2367,0.0748,0.1396,9
v10,SQL,transcript_only,15,900,960,where,0.0809,-0.0114,0.1171,0.0597,0.0827,10
v10,SQL,transcript_only,15,900,960,join,0.0766,-0.012,0.0899,0.0579,0.0707,11
v10,SQL,transcript_only,16,960,1020,aggregate function,0.1166,0.2476,0.2876,1.0,0.715,1
v10,SQL,transcript_only,16,960,1020,group by,0.2385,0.0597,1.0,0.2737,0.5642,2
v10,SQL,transcript_only,16,960,1020,order by,0.1859,0.0192,0.6926,0.1171,0.3473,3
v10,SQL,transcript_only,16,960,1020,select,0.1866,-0.0111,0.6967,0.0,0.2787,4
v10,SQL,transcript_only,16,960,1020,left join,0.142,0.0112,0.436,0.0862,0.2261,5
v10,SQL,transcript_only,16,960,1020,inner join,0.1154,0.0277,0.2805,0.15,0.2022,6
v10,SQL,transcript_only,16,960,1020,having,0.0674,0.0639,0.0,0.2899,0.1739,7
v10,SQL,transcript_only,16,960,1020,join,0.0818,0.041,0.0842,0.2014,0.1545,8
v10,SQL,transcript_only,16,960,1020,count,0.104,0.0128,0.2139,0.0924,0.141,9
v10,SQL,transcript_only,16,960,1020,where,0.0847,0.0267,0.1011,0.1461,0.1281,10
v10,SQL,transcript_only,16,960,1020,subquery,0.0866,-0.0001,0.1122,0.0425,0.0704,11
v10,SQL,transcript_only,17,1020,1080,aggregate function,0.1146,0.2176,0.2963,1.0,0.7185,1
v10,SQL,transcript_only,17,1020,1080,group by,0.2319,0.0133,1.0,0.1387,0.4832,2
v10,SQL,transcript_only,17,1020,1080,select,0.1803,0.05,0.6905,0.2934,0.4522,3
v10,SQL,transcript_only,17,1020,1080,left join,0.1377,0.0708,0.4349,0.3811,0.4026,4
v10,SQL,transcript_only,17,1020,1080,order by,0.1811,-0.0109,0.6953,0.0367,0.3001,5
v10,SQL,transcript_only,17,1020,1080,inner join,0.1141,0.0314,0.2933,0.215,0.2463,6
v10,SQL,transcript_only,17,1020,1080,count,0.1008,0.0408,0.2136,0.2546,0.2382,7
v10,SQL,transcript_only,17,1020,1080,where,0.0824,0.0492,0.1032,0.2901,0.2153,8
v10,SQL,transcript_only,17,1020,1080,join,0.0793,0.0491,0.0846,0.2896,0.2076,9
v10,SQL,transcript_only,17,1020,1080,subquery,0.0842,-0.0196,0.114,0.0,0.0456,10
v10,SQL,transcript_only,17,1020,1080,having,0.0652,-0.01,0.0,0.0405,0.0243,11
v10,SQL,transcript_only,18,1080,1140,aggregate function,0.103,0.2388,0.3932,1.0,0.7573,1
v10,SQL,transcript_only,18,1080,1140,order by,0.1469,0.0391,0.7177,0.2595,0.4428,2
v10,SQL,transcript_only,18,1080,1140,select,0.1339,0.0506,0.6216,0.3022,0.4299,3
v10,SQL,transcript_only,18,1080,1140,group by,0.1851,-0.0309,1.0,0.0,0.4,4
v10,SQL,transcript_only,18,1080,1140,left join,0.107,0.0106,0.4228,0.1539,0.2614,5
v10,SQL,transcript_only,18,1080,1140,having,0.0498,0.0775,0.0,0.4019,0.2412,6
v10,SQL,transcript_only,18,1080,1140,subquery,0.0648,0.0533,0.1109,0.3122,0.2317,7
v10,SQL,transcript_only,18,1080,1140,inner join,0.1084,-0.0127,0.4331,0.0675,0.2137,8
v10,SQL,transcript_only,18,1080,1140,count,0.0764,0.0022,0.1966,0.1227,0.1523,9
v10,SQL,transcript_only,18,1080,1140,where,0.0644,-0.0046,0.1079,0.0975,0.1017,10
v10,SQL,transcript_only,18,1080,1140,join,0.0613,-0.0081,0.085,0.0845,0.0847,11
v10,SQL,transcript_only,19,1140,1200,aggregate function,0.0706,0.1124,0.7497,1.0,0.8999,1
v10,SQL,transcript_only,19,1140,1200,inner join,0.0915,-0.0475,1.0,0.1741,0.5044,2
v10,SQL,transcript_only,19,1140,1200,order by,0.0542,-0.0076,0.5533,0.3802,0.4494,3
v10,SQL,transcript_only,19,1140,1200,left join,0.0238,0.0315,0.1892,0.5821,0.425,4
v10,SQL,transcript_only,19,1140,1200,select,0.0084,0.0491,0.0048,0.673,0.4057,5
v10,SQL,transcript_only,19,1140,1200,having,0.008,0.0283,0.0,0.5656,0.3394,6
v10,SQL,transcript_only,19,1140,1200,group by,0.0583,-0.0812,0.6024,0.0,0.241,7
v10,SQL,transcript_only,19,1140,1200,count,0.011,-0.0206,0.0359,0.313,0.2022,8
v10,SQL,transcript_only,19,1140,1200,subquery,0.0129,-0.0284,0.0587,0.2727,0.1871,9
v10,SQL,transcript_only,19,1140,1200,where,0.0161,-0.064,0.097,0.0888,0.0921,10
v10,SQL,transcript_only,19,1140,1200,join,0.0125,-0.0688,0.0539,0.064,0.06,11
v10,SQL,transcript_only,20,1200,1260,group by,0.1895,0.224,1.0,1.0,1.0,1
v10,SQL,transcript_only,20,1200,1260,select,0.1343,0.1765,0.6121,0.8325,0.7443,2
v10,SQL,transcript_only,20,1200,1260,order by,0.1556,0.0648,0.7618,0.4384,0.5678,3
v10,SQL,transcript_only,20,1200,1260,having,0.0472,0.1466,0.0,0.727,0.4362,4
v10,SQL,transcript_only,20,1200,1260,left join,0.0959,0.0392,0.3422,0.3481,0.3458,5
v10,SQL,transcript_only,20,1200,1260,subquery,0.0806,-0.0045,0.2347,0.194,0.2103,6
v10,SQL,transcript_only,20,1200,1260,count,0.0916,-0.0297,0.312,0.1051,0.1879,7
v10,SQL,transcript_only,20,1200,1260,where,0.0796,-0.0208,0.2277,0.1365,0.173,8
v10,SQL,transcript_only,20,1200,1260,inner join,0.0736,-0.0276,0.1855,0.1125,0.1417,9
v10,SQL,transcript_only,20,1200,1260,aggregate function,0.084,-0.0595,0.2586,0.0,0.1034,10
v10,SQL,transcript_only,20,1200,1260,join,0.0587,-0.0378,0.0808,0.0765,0.0783,11
v11,SQL,transcript_only,0,0,60,select,0.3704,0.3003,0.8174,0.8868,0.859,1
v11,SQL,transcript_only,0,0,60,subquery,0.1626,0.3378,0.1146,1.0,0.6459,2
v11,SQL,transcript_only,0,0,60,order by,0.3216,0.1813,0.6524,0.5275,0.5774,3
v11,SQL,transcript_only,0,0,60,group by,0.4244,0.0398,1.0,0.1002,0.4601,4
v11,SQL,transcript_only,0,0,60,left join,0.264,0.0558,0.4576,0.1486,0.2722,5
v11,SQL,transcript_only,0,0,60,join,0.1532,0.0992,0.0829,0.2796,0.2009,6
v11,SQL,transcript_only,0,0,60,inner join,0.1401,0.06,0.0386,0.1612,0.1122,7
v11,SQL,transcript_only,0,0,60,where,0.1556,0.0451,0.091,0.1162,0.1061,8
v11,SQL,transcript_only,0,0,60,count,0.1998,0.0066,0.2404,0.0,0.0962,9
v11,SQL,transcript_only,0,0,60,aggregate function,0.164,0.0132,0.1194,0.0199,0.0597,10
v11,SQL,transcript_only,0,0,60,having,0.1287,0.0111,0.0,0.0136,0.0082,11
v11,SQL,transcript_only,1,60,120,select,0.3704,0.354,0.8177,1.0,0.9271,1
v11,SQL,transcript_only,1,60,120,order by,0.3216,0.1376,0.6526,0.4379,0.5238,2
v11,SQL,transcript_only,1,60,120,subquery,0.1626,0.2308,0.1147,0.68,0.4539,3
v11,SQL,transcript_only,1,60,120,group by,0.4243,0.0011,1.0,0.0834,0.45,4
v11,SQL,transcript_only,1,60,120,left join,0.264,0.0175,0.4577,0.126,0.2587,5
v11,SQL,transcript_only,1,60,120,where,0.1556,0.0792,0.091,0.2862,0.2081,6
v11,SQL,transcript_only,1,60,120,count,0.1998,0.0061,0.2405,0.0964,0.154,7
v11,SQL,transcript_only,1,60,120,aggregate function,0.164,0.0162,0.1194,0.1226,0.1213,8
v11,SQL,transcript_only,1,60,120,having,0.1287,0.0072,0.0,0.0992,0.0595,9
v11,SQL,transcript_only,1,60,120,join,0.1532,-0.0283,0.0829,0.007,0.0374,10
v11,SQL,transcript_only,1,60,120,inner join,0.14,-0.031,0.0382,0.0,0.0153,11
v11,SQL,transcript_only,2,120,180,select,0.3706,0.1758,0.8175,0.977,0.9132,1
v11,SQL,transcript_only,2,120,180,order by,0.3218,0.1348,0.6526,0.7958,0.7385,2
v11,SQL,transcript_only,2,120,180,subquery,0.1627,0.181,0.1149,1.0,0.646,3
v11,SQL,transcript_only,2,120,180,group by,0.4246,-0.0007,1.0,0.1971,0.5183,4
v11,SQL,transcript_only,2,120,180,where,0.1556,0.0811,0.0909,0.5586,0.3715,5
v11,SQL,transcript_only,2,120,180,count,0.1999,0.0232,0.2406,0.3027,0.2779,6
v11,SQL,transcript_only,2,120,180,having,0.1287,0.0349,0.0,0.3544,0.2126,7
v11,SQL,transcript_only,2,120,180,aggregate function,0.1641,0.0157,0.1196,0.2696,0.2096,8
v11,SQL,transcript_only,2,120,180,left join,0.2642,-0.0453,0.4579,0.0,0.1832,9
v11,SQL,transcript_only,2,120,180,join,0.1533,-0.0049,0.0831,0.1785,0.1404,10
v11,SQL,transcript_only,2,120,180,inner join,0.1401,-0.0037,0.0385,0.1838,0.1257,11
v11,SQL,transcript_only,3,180,240,select,0.3703,0.182,0.8177,0.9794,0.9147,1
v11,SQL,transcript_only,3,180,240,order by,0.3215,0.1333,0.6526,0.7615,0.7179,2
v11,SQL,transcript_only,3,180,240,subquery,0.1626,0.1866,0.115,1.0,0.646,3
v11,SQL,transcript_only,3,180,240,group by,0.4242,0.0004,1.0,0.1669,0.5001,4
v11,SQL,transcript_only,3,180,240,where,0.1555,0.0863,0.091,0.5512,0.3671,5
v11,SQL,transcript_only,3,180,240,left join,0.2639,-0.0014,0.4577,0.1588,0.2784,6
v11,SQL,transcript_only,3,180,240,count,0.1998,0.0255,0.2409,0.2792,0.2639,7
v11,SQL,transcript_only,3,180,240,aggregate function,0.1639,0.033,0.1194,0.3128,0.2354,8
v11,SQL,transcript_only,3,180,240,having,0.1286,0.0311,0.0,0.3043,0.1826,9
v11,SQL,transcript_only,3,180,240,join,0.1532,-0.0074,0.0832,0.132,0.1125,10
v11,SQL,transcript_only,3,180,240,inner join,0.14,-0.0369,0.0386,0.0,0.0154,11
v11,SQL,transcript_only,4,240,300,group by,0.4244,0.316,1.0,1.0,1.0,1
v11,SQL,transcript_only,4,240,300,select,0.3704,0.1565,0.8174,0.57,0.6689,2
v11,SQL,transcript_only,4,240,300,order by,0.3216,0.0956,0.6524,0.4058,0.5044,3
v11,SQL,transcript_only,4,240,300,aggregate function,0.164,0.135,0.1194,0.512,0.3549,4
v11,SQL,transcript_only,4,240,300,subquery,0.1626,0.0787,0.1146,0.3602,0.262,5
v11,SQL,transcript_only,4,240,300,left join,0.264,-0.0192,0.4576,0.0963,0.2408,6
v11,SQL,transcript_only,4,240,300,join,0.1532,0.0243,0.0829,0.2135,0.1613,7
v11,SQL,transcript_only,4,240,300,inner join,0.1401,0.0237,0.0386,0.2119,0.1426,8
v11,SQL,transcript_only,4,240,300,count,0.1998,-0.0549,0.2404,0.0,0.0962,9
v11,SQL,transcript_only,4,240,300,where,0.1556,-0.0277,0.091,0.0733,0.0804,10
v11,SQL,transcript_only,4,240,300,having,0.1287,-0.0236,0.0,0.0844,0.0506,11
v11,SQL,transcript_only,5,300,360,select,0.3702,0.1783,0.8173,0.8511,0.8376,1
v11,SQL,transcript_only,5,300,360,aggregate function,0.1639,0.2125,0.1194,1.0,0.6478,2
v11,SQL,transcript_only,5,300,360,group by,0.4242,0.0464,1.0,0.2769,0.5661,3
v11,SQL,transcript_only,5,300,360,order by,0.3215,0.064,0.6526,0.3535,0.4731,4
v11,SQL,transcript_only,5,300,360,subquery,0.1626,0.1194,0.115,0.5947,0.4028,5
v11,SQL,transcript_only,5,300,360,inner join,0.14,0.0648,0.0386,0.357,0.2296,6
v11,SQL,transcript_only,5,300,360,left join,0.2639,-0.0046,0.4577,0.0549,0.216,7
v11,SQL,transcript_only,5,300,360,join,0.1532,0.0308,0.0832,0.209,0.1587,8
v11,SQL,transcript_only,5,300,360,count,0.1997,-0.0032,0.2405,0.0609,0.1328,9
v11,SQL,transcript_only,5,300,360,where,0.1555,-0.0095,0.091,0.0335,0.0565,10
v11,SQL,transcript_only,5,300,360,having,0.1286,-0.0172,0.0,0.0,0.0,11
v11,SQL,transcript_only,6,360,420,group by,0.4084,0.2976,1.0,1.0,1.0,1
v11,SQL,transcript_only,6,360,420,select,0.3534,0.1177,0.8075,0.4833,0.613,2
v11,SQL,transcript_only,6,360,420,order by,0.3108,0.1351,0.6584,0.5333,0.5833,3
v11,SQL,transcript_only,6,360,420,aggregate function,0.158,0.1553,0.1236,0.5913,0.4042,4
v11,SQL,transcript_only,6,360,420,subquery,0.1574,0.1318,0.1215,0.5238,0.3629,5
v11,SQL,transcript_only,6,360,420,count,0.1931,0.071,0.2464,0.3492,0.3081,6
v11,SQL,transcript_only,6,360,420,left join,0.2515,0.0218,0.4508,0.2079,0.3051,7
v11,SQL,transcript_only,6,360,420,having,0.1227,0.022,0.0,0.2085,0.1251,8
v11,SQL,transcript_only,6,360,420,join,0.1463,-0.0173,0.0826,0.0956,0.0904,9
v11,SQL,transcript_only,6,360,420,inner join,0.1342,-0.0273,0.0403,0.0669,0.0563,10
v11,SQL,transcript_only,6,360,420,where,0.1511,-0.0506,0.0994,0.0,0.0398,11
v11,SQL,transcript_only,7,420,480,select,0.3696,0.3393,0.8174,1.0,0.9269,1
v11,SQL,transcript_only,7,420,480,left join,0.2634,0.1817,0.4575,0.6017,0.544,2
v11,SQL,transcript_only,7,420,480,aggregate function,0.1637,0.2193,0.1196,0.6967,0.4659,3
v11,SQL,transcript_only,7,420,480,group by,0.4235,-0.0148,1.0,0.1051,0.4631,4
v11,SQL,transcript_only,7,420,480,order by,0.321,-0.0519,0.6527,0.0114,0.2679,5
v11,SQL,transcript_only,7,420,480,count,0.1994,0.0432,0.2406,0.2517,0.2473,6
v11,SQL,transcript_only,7,420,480,having,0.1284,0.0196,0.0,0.1921,0.1152,7
v11,SQL,transcript_only,7,420,480,where,0.1553,-0.0145,0.0912,0.1059,0.1,8
v11,SQL,transcript_only,7,420,480,subquery,0.1623,-0.0469,0.1149,0.024,0.0604,9
v11,SQL,transcript_only,7,420,480,join,0.1529,-0.0399,0.083,0.0417,0.0582,10
v11,SQL,transcript_only,7,420,480,inner join,0.1398,-0.0564,0.0386,0.0,0.0155,11
v11,SQL,transcript_only,8,480,540,group by,0.4235,0.3589,1.0,1.0,1.0,1
v11,SQL,transcript_only,8,480,540,order by,0.321,0.0989,0.6527,0.3328,0.4608,2
v11,SQL,transcript_only,8,480,540,left join,0.2635,0.1363,0.4578,0.4288,0.4404,3
v11,SQL,transcript_only,8,480,540,select,0.3697,0.0004,0.8177,0.0801,0.3751,4
v11,SQL,transcript_only,8,480,540,aggregate function,0.1637,0.1707,0.1196,0.5171,0.3581,5
v11,SQL,transcript_only,8,480,540,having,0.1284,0.1375,0.0,0.4319,0.2591,6
v11,SQL,transcript_only,8,480,540,where,0.1553,0.0531,0.0912,0.2153,0.1656,7
v11,SQL,transcript_only,8,480,540,count,0.1995,0.0126,0.2409,0.1114,0.1632,8
v11,SQL,transcript_only,8,480,540,subquery,0.1624,0.0187,0.1152,0.127,0.1223,9
v11,SQL,transcript_only,8,480,540,join,0.1529,-0.0007,0.083,0.0772,0.0796,10
v11,SQL,transcript_only,8,480,540,inner join,0.1398,-0.0308,0.0386,0.0,0.0155,11
v11,SQL,transcript_only,9,540,600,group by,0.3559,0.583,1.0,1.0,1.0,1
v11,SQL,transcript_only,9,540,600,order by,0.2754,0.1097,0.6814,0.2511,0.4232,2
v11,SQL,transcript_only,9,540,600,select,0.2976,0.0133,0.7693,0.0986,0.3669,3
v11,SQL,transcript_only,9,540,600,left join,0.2104,0.0969,0.4242,0.2309,0.3082,4
v11,SQL,transcript_only,9,540,600,subquery,0.1405,0.0028,0.1476,0.082,0.1082,5
v11,SQL,transcript_only,9,540,600,count,0.1711,-0.049,0.2687,0.0,0.1075,6
v11,SQL,transcript_only,9,540,600,aggregate function,0.1385,0.0049,0.1397,0.0853,0.107,7
v11,SQL,transcript_only,9,540,600,join,0.1236,0.0061,0.0807,0.0872,0.0846,8
v11,SQL,transcript_only,9,540,600,where,0.1364,-0.0184,0.1314,0.0484,0.0816,9
v11,SQL,transcript_only,9,540,600,inner join,0.1152,-0.0152,0.0475,0.0535,0.0511,10
v11,SQL,transcript_only,9,540,600,having,0.1032,-0.0048,0.0,0.0699,0.042,11
v11,SQL,transcript_only,10,600,660,group by,0.3532,0.0932,1.0,0.8632,0.9179,1
v11,SQL,transcript_only,10,600,660,select,0.2948,0.1169,0.7673,1.0,0.9069,2
v11,SQL,transcript_only,10,600,660,order by,0.2736,0.0926,0.6829,0.8597,0.789,3
v11,SQL,transcript_only,10,600,660,left join,0.2083,0.1112,0.4227,0.9671,0.7493,4
v11,SQL,transcript_only,10,600,660,subquery,0.1396,0.071,0.149,0.735,0.5006,5
v11,SQL,transcript_only,10,600,660,count,0.17,0.0448,0.2701,0.5837,0.4583,6
v11,SQL,transcript_only,10,600,660,aggregate function,0.1375,0.0334,0.1406,0.5179,0.367,7
v11,SQL,transcript_only,10,600,660,where,0.1356,0.0329,0.1331,0.515,0.3622,8
v11,SQL,transcript_only,10,600,660,join,0.1224,0.0368,0.0805,0.5375,0.3547,9
v11,SQL,transcript_only,10,600,660,inner join,0.1143,-0.0563,0.0482,0.0,0.0193,10
v11,SQL,transcript_only,10,600,660,having,0.1022,-0.0529,0.0,0.0196,0.0118,11
v11,SQL,transcript_only,11,660,720,group by,0.348,-0.0023,1.0,0.538,0.7228,1
v11,SQL,transcript_only,11,660,720,count,0.1665,0.0281,0.2583,1.0,0.7033,2
v11,SQL,transcript_only,11,660,720,order by,0.2674,-0.0075,0.6706,0.459,0.5436,3
v11,SQL,transcript_only,11,660,720,left join,0.212,-0.004,0.4442,0.5122,0.485,4
v11,SQL,transcript_only,11,660,720,select,0.2991,-0.0272,0.8002,0.1596,0.4158,5
v11,SQL,transcript_only,11,660,720,where,0.1299,0.0031,0.1087,0.6201,0.4155,6
v11,SQL,transcript_only,11,660,720,aggregate function,0.1375,-0.0142,0.1398,0.3571,0.2702,7
v11,SQL,transcript_only,11,660,720,having,0.1033,-0.0204,0.0,0.2629,0.1578,8
v11,SQL,transcript_only,11,660,720,subquery,0.1383,-0.0284,0.143,0.1413,0.142,9
v11,SQL,transcript_only,11,660,720,join,0.1235,-0.0352,0.0826,0.038,0.0558,10
v11,SQL,transcript_only,11,660,720,inner join,0.1174,-0.0377,0.0576,0.0,0.023,11
v12,SQL,transcript_only,0,0,60,inner join,0.14,0.529,0.0386,1.0,0.6154,1
v12,SQL,transcript_only,0,0,60,group by,0.4242,0.109,1.0,0.2555,0.5533,2
v12,SQL,transcript_only,0,0,60,left join,0.264,0.2972,0.4581,0.5891,0.5367,3
v12,SQL,transcript_only,0,0,60,join,0.1532,0.4199,0.0832,0.8066,0.5172,4
v12,SQL,transcript_only,0,0,60,select,0.3703,0.1037,0.8177,0.2461,0.4747,5
v12,SQL,transcript_only,0,0,60,order by,0.3215,0.0517,0.6526,0.1539,0.3534,6
v12,SQL,transcript_only,0,0,60,count,0.1998,-0.0034,0.2409,0.0562,0.1301,7
v12,SQL,transcript_only,0,0,60,where,0.1555,0.0421,0.091,0.1369,0.1185,8
v12,SQL,transcript_only,0,0,60,aggregate function,0.164,0.0233,0.1198,0.1035,0.11,9
v12,SQL,transcript_only,0,0,60,subquery,0.1626,-0.0034,0.115,0.0562,0.0797,10
v12,SQL,transcript_only,0,0,60,having,0.1286,-0.0351,0.0,0.0,0.0,11
v12,SQL,transcript_only,1,60,120,inner join,0.1158,0.7157,0.0476,1.0,0.6191,1
v12,SQL,transcript_only,1,60,120,left join,0.2128,0.4315,0.4359,0.6204,0.5466,2
v12,SQL,transcript_only,1,60,120,group by,0.3537,0.0728,1.0,0.1412,0.4847,3
v12,SQL,transcript_only,1,60,120,join,0.124,0.5163,0.0805,0.7336,0.4724,4
v12,SQL,transcript_only,1,60,120,select,0.3001,0.0884,0.7854,0.162,0.4114,5
v12,SQL,transcript_only,1,60,120,order by,0.2731,0.0388,0.6773,0.0958,0.3284,6
v12,SQL,transcript_only,1,60,120,count,0.1719,-0.0089,0.2722,0.0321,0.1281,7
v12,SQL,transcript_only,1,60,120,aggregate function,0.1384,0.0055,0.1381,0.0513,0.086,8
v12,SQL,transcript_only,1,60,120,where,0.134,0.0083,0.1205,0.055,0.0812,9
v12,SQL,transcript_only,1,60,120,subquery,0.1409,-0.0329,0.1481,0.0,0.0592,10
v12,SQL,transcript_only,1,60,120,having,0.1039,-0.006,0.0,0.0359,0.0216,11
v12,SQL,transcript_only,2,120,180,select,0.3709,0.084,0.8176,1.0,0.9271,1
v12,SQL,transcript_only,2,120,180,left join,0.2644,0.0556,0.458,0.6651,0.5822,2
v12,SQL,transcript_only,2,120,180,order by,0.322,0.0391,0.6525,0.4705,0.5433,3
v12,SQL,transcript_only,2,120,180,group by,0.4249,0.018,1.0,0.2217,0.533,4
v12,SQL,transcript_only,2,120,180,inner join,0.1402,0.0288,0.0385,0.3491,0.2248,5
v12,SQL,transcript_only,2,120,180,where,0.1557,0.0239,0.0908,0.2913,0.2111,6
v12,SQL,transcript_only,2,120,180,join,0.1534,0.0179,0.0831,0.2205,0.1655,7
v12,SQL,transcript_only,2,120,180,subquery,0.1628,0.0097,0.1148,0.1238,0.1202,8
v12,SQL,transcript_only,2,120,180,count,0.2,-0.0008,0.2405,0.0,0.0962,9
v12,SQL,transcript_only,2,120,180,aggregate function,0.1642,-0.0005,0.1196,0.0035,0.0499,10
v12,SQL,transcript_only,2,120,180,having,0.1288,0.0011,0.0,0.0224,0.0134,11
v12,SQL,transcript_only,3,180,240,group by,0.4244,0.1152,1.0,0.511,0.7066,1
v12,SQL,transcript_only,3,180,240,left join,0.2641,0.2025,0.4579,0.8251,0.6782,2
v12,SQL,transcript_only,3,180,240,join,0.1533,0.2511,0.0832,1.0,0.6333,3
v12,SQL,transcript_only,3,180,240,inner join,0.1401,0.2374,0.0386,0.9507,0.5858,4
v12,SQL,transcript_only,3,180,240,select,0.3705,0.0779,0.8177,0.3768,0.5531,5
v12,SQL,transcript_only,3,180,240,order by,0.3217,0.0298,0.6527,0.2037,0.3833,6
v12,SQL,transcript_only,3,180,240,count,0.1998,0.0955,0.2404,0.4401,0.3602,7
v12,SQL,transcript_only,3,180,240,where,0.1556,0.1132,0.091,0.5038,0.3387,8
v12,SQL,transcript_only,3,180,240,aggregate function,0.164,-0.0121,0.1194,0.0529,0.0795,9
v12,SQL,transcript_only,3,180,240,subquery,0.1627,-0.0268,0.115,0.0,0.046,10
v12,SQL,transcript_only,3,180,240,having,0.1287,-0.0088,0.0,0.0648,0.0389,11
v12,SQL,transcript_only,4,240,300,select,0.3698,0.0604,0.8171,1.0,0.9269,1
v12,SQL,transcript_only,4,240,300,order by,0.3212,0.0398,0.6526,0.7212,0.6938,2
v12,SQL,transcript_only,4,240,300,inner join,0.1399,0.0594,0.0386,0.9865,0.6073,3
v12,SQL,transcript_only,4,240,300,group by,0.4238,-0.0135,1.0,0.0,0.4,4
v12,SQL,transcript_only,4,240,300,left join,0.2636,0.0109,0.4575,0.3302,0.3811,5
v12,SQL,transcript_only,4,240,300,count,0.1996,0.021,0.2408,0.4668,0.3764,6
v12,SQL,transcript_only,4,240,300,having,0.1285,0.0272,0.0,0.5507,0.3304,7
v12,SQL,transcript_only,4,240,300,where,0.1554,0.0126,0.0911,0.3532,0.2483,8
v12,SQL,transcript_only,4,240,300,aggregate function,0.1638,0.0072,0.1195,0.2801,0.2159,9
v12,SQL,transcript_only,4,240,300,subquery,0.1624,0.0057,0.1148,0.2598,0.2018,10
v12,SQL,transcript_only,4,240,300,join,0.153,0.0017,0.083,0.2057,0.1566,11
v12,SQL,transcript_only,5,300,360,select,0.3705,0.2715,0.8177,1.0,0.9271,1
v12,SQL,transcript_only,5,300,360,group by,0.4244,0.0856,1.0,0.3213,0.5928,2
v12,SQL,transcript_only,5,300,360,inner join,0.1401,0.1993,0.0386,0.7364,0.4573,3
v12,SQL,transcript_only,5,300,360,order by,0.3217,0.0856,0.6527,0.3213,0.4538,4
v12,SQL,transcript_only,5,300,360,join,0.1533,0.0989,0.0832,0.3698,0.2552,5
v12,SQL,transcript_only,5,300,360,count,0.1998,0.0393,0.2404,0.1522,0.1875,6
v12,SQL,transcript_only,5,300,360,left join,0.2641,-0.0024,0.4579,0.0,0.1832,7
v12,SQL,transcript_only,5,300,360,aggregate function,0.164,0.0555,0.1194,0.2114,0.1746,8
v12,SQL,transcript_only,5,300,360,having,0.1287,0.049,0.0,0.1877,0.1126,9
v12,SQL,transcript_only,5,300,360,where,0.1556,0.0288,0.091,0.1139,0.1047,10
v12,SQL,transcript_only,5,300,360,subquery,0.1627,0.0093,0.115,0.0427,0.0716,11
v12,SQL,transcript_only,6,360,420,left join,0.2266,0.8243,0.4532,1.0,0.7813,1
v12,SQL,transcript_only,6,360,420,group by,0.3674,0.0279,1.0,0.0574,0.4344,2
v12,SQL,transcript_only,6,360,420,inner join,0.1326,0.5186,0.0882,0.6382,0.4182,3
v12,SQL,transcript_only,6,360,420,select,0.314,0.0438,0.7926,0.0762,0.3628,4
v12,SQL,transcript_only,6,360,420,join,0.1313,0.3955,0.0831,0.4925,0.3287,5
v12,SQL,transcript_only,6,360,420,order by,0.28,0.0612,0.6606,0.0968,0.3223,6
v12,SQL,transcript_only,6,360,420,count,0.1704,0.033,0.235,0.0634,0.132,7
v12,SQL,transcript_only,6,360,420,subquery,0.1393,0.0253,0.1142,0.0543,0.0783,8
v12,SQL,transcript_only,6,360,420,aggregate function,0.1495,-0.0206,0.1538,0.0,0.0615,9
v12,SQL,transcript_only,6,360,420,where,0.1338,0.0109,0.0928,0.0373,0.0595,10
v12,SQL,transcript_only,6,360,420,having,0.1099,-0.0008,0.0,0.0234,0.0141,11
v12,SQL,transcript_only,7,420,480,left join,0.2639,0.5345,0.4579,1.0,0.7831,1
v12,SQL,transcript_only,7,420,480,select,0.3702,0.0997,0.8176,0.2389,0.4704,2
v12,SQL,transcript_only,7,420,480,group by,0.4241,-0.0358,1.0,0.0018,0.4011,3
v12,SQL,transcript_only,7,420,480,order by,0.3215,0.0186,0.6528,0.097,0.3193,4
v12,SQL,transcript_only,7,420,480,join,0.1532,0.1162,0.0832,0.2678,0.194,5
v12,SQL,transcript_only,7,420,480,inner join,0.14,0.1297,0.0386,0.2914,0.1903,6
v12,SQL,transcript_only,7,420,480,where,0.1555,0.0459,0.091,0.1448,0.1233,7
v12,SQL,transcript_only,7,420,480,subquery,0.1626,0.032,0.1151,0.1204,0.1183,8
v12,SQL,transcript_only,7,420,480,count,0.1997,-0.0175,0.2406,0.0338,0.1165,9
v12,SQL,transcript_only,7,420,480,aggregate function,0.1639,-0.0368,0.1195,0.0,0.0478,10
v12,SQL,transcript_only,7,420,480,having,0.1286,0.0016,0.0,0.0672,0.0403,11
v12,SQL,transcript_only,8,480,540,left join,0.264,0.6828,0.4579,1.0,0.7832,1
v12,SQL,transcript_only,8,480,540,select,0.3703,0.0955,0.8174,0.1946,0.4437,2
v12,SQL,transcript_only,8,480,540,group by,0.4243,0.002,1.0,0.0664,0.4398,3
v12,SQL,transcript_only,8,480,540,order by,0.3216,0.0091,0.6527,0.0761,0.3067,4
v12,SQL,transcript_only,8,480,540,join,0.1532,0.2022,0.0832,0.3409,0.2378,5
v12,SQL,transcript_only,8,480,540,inner join,0.14,0.2018,0.0386,0.3404,0.2196,6
v12,SQL,transcript_only,8,480,540,count,0.1998,0.0049,0.2408,0.0704,0.1385,7
v12,SQL,transcript_only,8,480,540,subquery,0.1626,0.0165,0.115,0.0863,0.0977,8
v12,SQL,transcript_only,8,480,540,where,0.1555,0.0153,0.091,0.0846,0.0872,9
v12,SQL,transcript_only,8,480,540,aggregate function,0.164,-0.0464,0.1197,0.0,0.0479,10
v12,SQL,transcript_only,8,480,540,having,0.1286,-0.0099,0.0,0.0501,0.03,11
v12,SQL,transcript_only,9,540,600,left join,0.2641,0.3676,0.4579,1.0,0.7832,1
v12,SQL,transcript_only,9,540,600,select,0.3705,0.1386,0.8177,0.4561,0.6007,2
v12,SQL,transcript_only,9,540,600,group by,0.4244,0.0017,1.0,0.1309,0.4785,3
v12,SQL,transcript_only,9,540,600,join,0.1533,0.1395,0.0832,0.4582,0.3082,4
v12,SQL,transcript_only,9,540,600,order by,0.3217,-0.0226,0.6527,0.0732,0.305,5
v12,SQL,transcript_only,9,540,600,inner join,0.1401,0.124,0.0386,0.4214,0.2682,6
v12,SQL,transcript_only,9,540,600,count,0.1998,0.011,0.2404,0.153,0.188,7
v12,SQL,transcript_only,9,540,600,where,0.1556,0.0258,0.091,0.1881,0.1493,8
v12,SQL,transcript_only,9,540,600,aggregate function,0.164,-0.0335,0.1194,0.0473,0.0761,9
v12,SQL,transcript_only,9,540,600,having,0.1287,-0.0052,0.0,0.1145,0.0687,10
v12,SQL,transcript_only,9,540,600,subquery,0.1626,-0.0534,0.1146,0.0,0.0459,11
v12,SQL,transcript_only,10,600,660,group by,0.4243,0.0322,1.0,0.7608,0.8565,1
v12,SQL,transcript_only,10,600,660,select,0.3703,0.0318,0.8174,0.7552,0.7801,2
v12,SQL,transcript_only,10,600,660,count,0.1998,0.0493,0.2408,1.0,0.6963,3
v12,SQL,transcript_only,10,600,660,order by,0.3216,0.0234,0.6527,0.6378,0.6437,4
v12,SQL,transcript_only,10,600,660,left join,0.264,0.0204,0.4579,0.5958,0.5406,5
v12,SQL,transcript_only,10,600,660,where,0.1555,0.032,0.091,0.758,0.4912,6
v12,SQL,transcript_only,10,600,660,having,0.1286,0.0329,0.0,0.7706,0.4624,7
v12,SQL,transcript_only,10,600,660,aggregate function,0.164,0.0049,0.1197,0.379,0.2753,8
v12,SQL,transcript_only,10,600,660,subquery,0.1626,-0.0144,0.115,0.1091,0.1114,9
v12,SQL,transcript_only,10,600,660,join,0.1532,-0.0154,0.0832,0.0951,0.0903,10
v12,SQL,transcript_only,10,600,660,inner join,0.14,-0.0222,0.0386,0.0,0.0154,11
v12,SQL,transcript_only,11,660,720,group by,0.4242,0.0404,1.0,1.0,1.0,1
v12,SQL,transcript_only,11,660,720,select,0.3703,0.0266,0.8177,0.857,0.8413,2
v12,SQL,transcript_only,11,660,720,order by,0.3215,0.0123,0.6526,0.7088,0.6863,3
v12,SQL,transcript_only,11,660,720,left join,0.2639,0.0021,0.4577,0.6031,0.545,4
v12,SQL,transcript_only,11,660,720,count,0.1997,0.0107,0.2405,0.6922,0.5115,5
v12,SQL,transcript_only,11,660,720,where,0.1555,0.0155,0.091,0.742,0.4816,6
v12,SQL,transcript_only,11,660,720,having,0.1286,0.0093,0.0,0.6777,0.4066,7
v12,SQL,transcript_only,11,660,720,subquery,0.1626,-0.0025,0.115,0.5554,0.3793,8
v12,SQL,transcript_only,11,660,720,aggregate function,0.1639,-0.0209,0.1194,0.3648,0.2666,9
v12,SQL,transcript_only,11,660,720,join,0.1532,-0.0481,0.0832,0.0829,0.083,10
v12,SQL,transcript_only,11,660,720,inner join,0.14,-0.0561,0.0386,0.0,0.0154,11
v12,SQL,transcript_only,12,720,780,group by,0.4224,0.0465,1.0,0.7234,0.834,1
v12,SQL,transcript_only,12,720,780,left join,0.2627,0.1018,0.4575,1.0,0.783,2
v12,SQL,transcript_only,12,720,780,select,0.3686,-0.0223,0.8173,0.3792,0.5544,3
v12,SQL,transcript_only,12,720,780,order by,0.3202,-0.0626,0.6529,0.1776,0.3677,4
v12,SQL,transcript_only,12,720,780,having,0.128,-0.0057,0.0,0.4622,0.2773,5
v12,SQL,transcript_only,12,720,780,join,0.1525,-0.0168,0.0832,0.4067,0.2773,6
v12,SQL,transcript_only,12,720,780,aggregate function,0.1633,-0.0226,0.1199,0.3777,0.2746,7
v12,SQL,transcript_only,12,720,780,where,0.1549,-0.0292,0.0914,0.3447,0.2434,8
v12,SQL,transcript_only,12,720,780,subquery,0.162,-0.0403,0.1155,0.2891,0.2197,9
v12,SQL,transcript_only,12,720,780,inner join,0.1395,-0.0635,0.0391,0.1731,0.1195,10
v12,SQL,transcript_only,12,720,780,count,0.199,-0.0981,0.2412,0.0,0.0965,11
v12,SQL,transcript_only,13,780,840,left join,0.2639,0.3984,0.4577,1.0,0.7831,1
v12,SQL,transcript_only,13,780,840,select,0.3702,0.1814,0.8173,0.5474,0.6553,2
v12,SQL,transcript_only,13,780,840,group by,0.4242,0.0484,1.0,0.2699,0.562,3
v12,SQL,transcript_only,13,780,840,join,0.1532,0.2648,0.0832,0.7213,0.4661,4
v12,SQL,transcript_only,13,780,840,inner join,0.14,0.1299,0.0386,0.4399,0.2794,5
v12,SQL,transcript_only,13,780,840,order by,0.3215,-0.081,0.6526,0.0,0.261,6
v12,SQL,transcript_only,13,780,840,where,0.1555,0.0558,0.091,0.2854,0.2076,7
v12,SQL,transcript_only,13,780,840,count,0.1997,-0.0635,0.2405,0.0365,0.1181,8
v12,SQL,transcript_only,13,780,840,aggregate function,0.1639,-0.0393,0.1194,0.087,0.1,9
v12,SQL,transcript_only,13,780,840,subquery,0.1626,-0.0602,0.115,0.0434,0.072,10
v12,SQL,transcript_only,13,780,840,having,0.1286,-0.0412,0.0,0.083,0.0498,11
v12,SQL,transcript_only,14,840,900,left join,0.2639,0.1741,0.4577,0.9449,0.75,1
v12,SQL,transcript_only,14,840,900,join,0.1532,0.1867,0.0832,1.0,0.6333,2
v12,SQL,transcript_only,14,840,900,select,0.3703,0.062,0.8177,0.4545,0.5998,3
v12,SQL,transcript_only,14,840,900,group by,0.4242,-0.0048,1.0,0.1623,0.4974,4
v12,SQL,transcript_only,14,840,900,inner join,0.14,0.1381,0.0386,0.7874,0.4879,5
v12,SQL,transcript_only,14,840,900,order by,0.3215,0.0029,0.6526,0.196,0.3786,6
v12,SQL,transcript_only,14,840,900,subquery,0.1626,0.0268,0.115,0.3005,0.2263,7
v12,SQL,transcript_only,14,840,900,count,0.1997,-0.0258,0.2405,0.0704,0.1385,8
v12,SQL,transcript_only,14,840,900,where,0.1555,-0.0063,0.091,0.1557,0.1298,9
v12,SQL,transcript_only,14,840,900,aggregate function,0.1639,-0.0419,0.1194,0.0,0.0478,10
v12,SQL,transcript_only,14,840,900,having,0.1286,-0.0318,0.0,0.0442,0.0265,11
v12,SQL,transcript_only,15,900,960,left join,0.2639,0.0909,0.4577,0.7692,0.6446,1
v12,SQL,transcript_only,15,900,960,join,0.1532,0.1284,0.0832,1.0,0.6333,2
v12,SQL,transcript_only,15,900,960,inner join,0.14,0.1138,0.0386,0.9102,0.5615,3
v12,SQL,transcript_only,15,900,960,select,0.3703,0.0202,0.8177,0.3342,0.5276,4
v12,SQL,transcript_only,15,900,960,group by,0.4242,-0.027,1.0,0.0437,0.4262,5
v12,SQL,transcript_only,15,900,960,order by,0.3215,-0.0063,0.6526,0.1711,0.3637,6
v12,SQL,transcript_only,15,900,960,subquery,0.1626,0.0103,0.115,0.2732,0.2099,7
v12,SQL,transcript_only,15,900,960,where,0.1555,-0.0064,0.091,0.1705,0.1387,8
v12,SQL,transcript_only,15,900,960,count,0.1998,-0.0264,0.2409,0.0474,0.1248,9
v12,SQL,transcript_only,15,900,960,aggregate function,0.1639,-0.0331,0.1194,0.0062,0.0515,10
v12,SQL,transcript_only,15,900,960,having,0.1286,-0.0341,0.0,0.0,0.0,11
v12,SQL,transcript_only,16,960,1020,join,0.1319,0.1052,0.0816,1.0,0.6326,1
v12,SQL,transcript_only,16,960,1020,group by,0.3694,-0.0076,1.0,0.3514,0.6108,2
v12,SQL,transcript_only,16,960,1020,select,0.3229,-0.0032,0.8202,0.3767,0.5541,3
v12,SQL,transcript_only,16,960,1020,order by,0.2833,0.0138,0.6671,0.4744,0.5515,4
v12,SQL,transcript_only,16,960,1020,subquery,0.1477,0.035,0.1427,0.5963,0.4149,5
v12,SQL,transcript_only,16,960,1020,left join,0.2275,-0.0077,0.4513,0.3508,0.391,6
v12,SQL,transcript_only,16,960,1020,inner join,0.1221,0.0347,0.0437,0.5946,0.3742,7
v12,SQL,transcript_only,16,960,1020,where,0.1369,0.0031,0.1009,0.4129,0.2881,8
v12,SQL,transcript_only,16,960,1020,aggregate function,0.1446,-0.0378,0.1307,0.1777,0.1589,9
v12,SQL,transcript_only,16,960,1020,having,0.1108,-0.029,0.0,0.2283,0.137,10
v12,SQL,transcript_only,16,960,1020,count,0.1783,-0.0687,0.261,0.0,0.1044,11
v12,SQL,transcript_only,17,1020,1080,group by,0.0955,0.0211,0.9744,0.7934,0.8658,1
v12,SQL,transcript_only,17,1020,1080,where,0.0607,0.0169,0.5864,0.7205,0.6669,2
v12,SQL,transcript_only,17,1020,1080,left join,0.011,0.033,0.0323,1.0,0.6129,3
v12,SQL,transcript_only,17,1020,1080,count,0.0611,0.0039,0.5909,0.4948,0.5332,4
v12,SQL,transcript_only,17,1020,1080,subquery,0.0564,0.0001,0.5385,0.4288,0.4727,5
v12,SQL,transcript_only,17,1020,1080,inner join,0.0238,0.0076,0.175,0.559,0.4054,6
v12,SQL,transcript_only,17,1020,1080,order by,0.0978,-0.0245,1.0,0.0017,0.401,7
v12,SQL,transcript_only,17,1020,1080,join,0.0127,0.0015,0.0513,0.4531,0.2924,8
v12,SQL,transcript_only,17,1020,1080,aggregate function,0.0428,-0.0246,0.3868,0.0,0.1547,9
v12,SQL,transcript_only,17,1020,1080,select,0.0266,-0.0221,0.2062,0.0434,0.1085,10
v12,SQL,transcript_only,17,1020,1080,having,0.0081,-0.0155,0.0,0.158,0.0948,11
v13,SQL,transcript_only,0,0,60,select,0.2171,0.3817,0.6984,1.0,0.8794,1
v13,SQL,transcript_only,0,0,60,order by,0.2212,0.3715,0.7187,0.967,0.8677,2
v13,SQL,transcript_only,0,0,60,having,0.0756,0.3662,0.0,0.9499,0.5699,3
v13,SQL,transcript_only,0,0,60,subquery,0.1126,0.3199,0.1826,0.8003,0.5532,4
v13,SQL,transcript_only,0,0,60,count,0.1355,0.2917,0.2957,0.7091,0.5437,5
v13,SQL,transcript_only,0,0,60,group by,0.2782,0.1316,1.0,0.1917,0.515,6
v13,SQL,transcript_only,0,0,60,aggregate function,0.1133,0.1815,0.1861,0.3529,0.2862,7
v13,SQL,transcript_only,0,0,60,left join,0.1534,0.139,0.384,0.2156,0.283,8
v13,SQL,transcript_only,0,0,60,join,0.0914,0.1749,0.078,0.3316,0.2302,9
v13,SQL,transcript_only,0,0,60,inner join,0.0942,0.1094,0.0918,0.1199,0.1087,10
v13,SQL,transcript_only,0,0,60,where,0.1115,0.0723,0.1772,0.0,0.0709,11
v13,SQL,transcript_only,1,60,120,select,0.24,0.4433,0.7467,1.0,0.8987,1
v13,SQL,transcript_only,1,60,120,group by,0.2925,0.2742,1.0,0.6046,0.7628,2
v13,SQL,transcript_only,1,60,120,join,0.1026,0.4104,0.0839,0.9231,0.5874,3
v13,SQL,transcript_only,1,60,120,where,0.1053,0.2617,0.097,0.5754,0.384,4
v13,SQL,transcript_only,1,60,120,order by,0.2253,0.0809,0.6758,0.1527,0.3619,5
v13,SQL,transcript_only,1,60,120,inner join,0.1226,0.158,0.1804,0.3329,0.2719,6
v13,SQL,transcript_only,1,60,120,left join,0.1775,0.0663,0.4452,0.1185,0.2492,7
v13,SQL,transcript_only,1,60,120,count,0.1318,0.1181,0.2248,0.2397,0.2337,8
v13,SQL,transcript_only,1,60,120,subquery,0.1087,0.0691,0.1134,0.1251,0.1204,9
v13,SQL,transcript_only,1,60,120,aggregate function,0.1304,0.0156,0.218,0.0,0.0872,10
v13,SQL,transcript_only,1,60,120,having,0.0852,0.0512,0.0,0.0832,0.0499,11
v13,SQL,transcript_only,2,120,180,select,0.2724,0.5661,0.7648,1.0,0.9059,1
v13,SQL,transcript_only,2,120,180,order by,0.2551,0.3974,0.6906,0.6766,0.6822,2
v13,SQL,transcript_only,2,120,180,subquery,0.1324,0.4819,0.1639,0.8386,0.5687,3
v13,SQL,transcript_only,2,120,180,group by,0.3272,0.0703,1.0,0.0496,0.4298,4
v13,SQL,transcript_only,2,120,180,count,0.161,0.2804,0.2867,0.4524,0.3861,5
v13,SQL,transcript_only,2,120,180,having,0.0942,0.3528,0.0,0.5911,0.3547,6
v13,SQL,transcript_only,2,120,180,left join,0.1925,0.0883,0.4219,0.0841,0.2192,7
v13,SQL,transcript_only,2,120,180,aggregate function,0.1287,0.1774,0.1481,0.2549,0.2122,8
v13,SQL,transcript_only,2,120,180,join,0.1127,0.1437,0.0794,0.1903,0.146,9
v13,SQL,transcript_only,2,120,180,where,0.1263,0.1172,0.1378,0.1395,0.1388,10
v13,SQL,transcript_only,2,120,180,inner join,0.1063,0.0444,0.0519,0.0,0.0208,11
v13,SQL,transcript_only,3,180,240,select,0.3702,0.3127,0.8173,1.0,0.9269,1
v13,SQL,transcript_only,3,180,240,order by,0.3215,0.256,0.6526,0.8327,0.7606,2
v13,SQL,transcript_only,3,180,240,subquery,0.1626,0.3067,0.115,0.9823,0.6354,3
v13,SQL,transcript_only,3,180,240,group by,0.4242,0.1008,1.0,0.3747,0.6248,4
v13,SQL,transcript_only,3,180,240,left join,0.2639,0.0477,0.4577,0.2181,0.3139,5
v13,SQL,transcript_only,3,180,240,where,0.1555,0.0699,0.091,0.2836,0.2065,6
v13,SQL,transcript_only,3,180,240,count,0.1997,0.0329,0.2405,0.1744,0.2008,7
v13,SQL,transcript_only,3,180,240,having,0.1286,0.0586,0.0,0.2502,0.1501,8
v13,SQL,transcript_only,3,180,240,join,0.1532,0.0207,0.0832,0.1384,0.1163,9
v13,SQL,transcript_only,3,180,240,inner join,0.14,0.0143,0.0386,0.1195,0.0871,10
v13,SQL,transcript_only,3,180,240,aggregate function,0.1639,-0.0262,0.1194,0.0,0.0478,11
v13,SQL,transcript_only,4,240,300,group by,0.4243,0.1437,1.0,0.5871,0.7523,1
v13,SQL,transcript_only,4,240,300,order by,0.3216,0.1602,0.6526,0.6414,0.6459,2
v13,SQL,transcript_only,4,240,300,where,0.1556,0.2691,0.091,1.0,0.6364,3
v13,SQL,transcript_only,4,240,300,select,0.3704,0.0824,0.8177,0.3852,0.5582,4
v13,SQL,transcript_only,4,240,300,left join,0.264,0.0626,0.4577,0.3201,0.3751,5
v13,SQL,transcript_only,4,240,300,subquery,0.1626,0.1306,0.1147,0.544,0.3722,6
v13,SQL,transcript_only,4,240,300,join,0.1532,0.0892,0.0829,0.4076,0.2777,7
v13,SQL,transcript_only,4,240,300,having,0.1287,0.101,0.0,0.4465,0.2679,8
v13,SQL,transcript_only,4,240,300,count,0.1998,0.0429,0.2405,0.2552,0.2493,9
v13,SQL,transcript_only,4,240,300,inner join,0.14,0.0726,0.0382,0.353,0.2271,10
v13,SQL,transcript_only,4,240,300,aggregate function,0.164,-0.0346,0.1194,0.0,0.0478,11
v13,SQL,transcript_only,5,300,360,order by,0.3219,0.362,0.6524,1.0,0.8609,1
v13,SQL,transcript_only,5,300,360,group by,0.4248,0.0953,1.0,0.3438,0.6062,2
v13,SQL,transcript_only,5,300,360,select,0.3708,0.0817,0.8176,0.3103,0.5132,3
v13,SQL,transcript_only,5,300,360,left join,0.2643,-0.0265,0.4578,0.044,0.2095,4
v13,SQL,transcript_only,5,300,360,aggregate function,0.1641,0.0452,0.1193,0.2205,0.18,5
v13,SQL,transcript_only,5,300,360,subquery,0.1628,0.0462,0.1149,0.2229,0.1797,6
v13,SQL,transcript_only,5,300,360,where,0.1557,0.012,0.0909,0.1388,0.1196,7
v13,SQL,transcript_only,5,300,360,count,0.2,-0.0444,0.2405,0.0,0.0962,8
v13,SQL,transcript_only,5,300,360,inner join,0.1402,-0.0129,0.0385,0.0775,0.0619,9
v13,SQL,transcript_only,5,300,360,having,0.1288,-0.0048,0.0,0.0974,0.0585,10
v13,SQL,transcript_only,5,300,360,join,0.1534,-0.0388,0.0831,0.0138,0.0415,11
v13,SQL,transcript_only,6,360,420,group by,0.4251,0.0981,1.0,1.0,1.0,1
v13,SQL,transcript_only,6,360,420,select,0.3711,0.0726,0.8177,0.9012,0.8678,2
v13,SQL,transcript_only,6,360,420,order by,0.3222,0.0876,0.6526,0.9593,0.8366,3
v13,SQL,transcript_only,6,360,420,aggregate function,0.1642,0.0779,0.1192,0.9218,0.6007,4
v13,SQL,transcript_only,6,360,420,left join,0.2645,-0.0235,0.4578,0.529,0.5005,5
v13,SQL,transcript_only,6,360,420,count,0.2001,-0.0099,0.2404,0.5817,0.4452,6
v13,SQL,transcript_only,6,360,420,inner join,0.1403,0.0019,0.0385,0.6274,0.3918,7
v13,SQL,transcript_only,6,360,420,subquery,0.1629,-0.0113,0.1148,0.5763,0.3917,8
v13,SQL,transcript_only,6,360,420,join,0.1535,-0.0155,0.0831,0.56,0.3692,9
v13,SQL,transcript_only,6,360,420,where,0.1558,-0.0889,0.0908,0.2758,0.2018,10
v13,SQL,transcript_only,6,360,420,having,0.1289,-0.1601,0.0,0.0,0.0,11
v13,SQL,transcript_only,7,420,480,group by,0.4245,0.3655,1.0,1.0,1.0,1
v13,SQL,transcript_only,7,420,480,order by,0.3218,0.1953,0.6528,0.6281,0.638,2
v13,SQL,transcript_only,7,420,480,select,0.3706,0.0581,0.8178,0.3284,0.5241,3
v13,SQL,transcript_only,7,420,480,left join,0.2642,-0.004,0.4581,0.1927,0.2989,4
v13,SQL,transcript_only,7,420,480,aggregate function,0.1641,0.0938,0.1197,0.4064,0.2917,5
v13,SQL,transcript_only,7,420,480,count,0.1999,0.0385,0.2407,0.2856,0.2676,6
v13,SQL,transcript_only,7,420,480,join,0.1533,-0.0095,0.0832,0.1807,0.1417,7
v13,SQL,transcript_only,7,420,480,inner join,0.1401,0.0037,0.0385,0.2095,0.1411,8
v13,SQL,transcript_only,7,420,480,subquery,0.1627,-0.0276,0.1149,0.1411,0.1307,9
v13,SQL,transcript_only,7,420,480,where,0.1556,-0.0363,0.0909,0.1221,0.1097,10
v13,SQL,transcript_only,7,420,480,having,0.1287,-0.0922,0.0,0.0,0.0,11
v13,SQL,transcript_only,8,480,540,group by,0.4244,0.316,1.0,0.883,0.9298,1
v13,SQL,transcript_only,8,480,540,where,0.1556,0.3441,0.091,0.9638,0.6147,2
v13,SQL,transcript_only,8,480,540,having,0.1287,0.3567,0.0,1.0,0.6,3
v13,SQL,transcript_only,8,480,540,select,0.3705,0.1092,0.8177,0.2886,0.5002,4
v13,SQL,transcript_only,8,480,540,order by,0.3217,0.0974,0.6527,0.2547,0.4139,5
v13,SQL,transcript_only,8,480,540,aggregate function,0.164,0.1367,0.1194,0.3676,0.2683,6
v13,SQL,transcript_only,8,480,540,count,0.1998,0.0763,0.2404,0.194,0.2126,7
v13,SQL,transcript_only,8,480,540,left join,0.2641,0.0152,0.4579,0.0184,0.1942,8
v13,SQL,transcript_only,8,480,540,join,0.1533,0.0603,0.0832,0.148,0.1221,9
v13,SQL,transcript_only,8,480,540,inner join,0.1401,0.0468,0.0386,0.1092,0.081,10
v13,SQL,transcript_only,8,480,540,subquery,0.1626,0.0088,0.1146,0.0,0.0459,11
v13,SQL,transcript_only,9,540,600,group by,0.4246,0.4479,1.0,0.9608,0.9765,1
v13,SQL,transcript_only,9,540,600,where,0.1556,0.4466,0.0909,0.9579,0.6111,2
v13,SQL,transcript_only,9,540,600,having,0.1287,0.4654,0.0,1.0,0.6,3
v13,SQL,transcript_only,9,540,600,select,0.3706,0.1726,0.8175,0.3448,0.5339,4
v13,SQL,transcript_only,9,540,600,order by,0.3218,0.1886,0.6526,0.3806,0.4894,5
v13,SQL,transcript_only,9,540,600,left join,0.2642,0.1108,0.4579,0.2065,0.3071,6
v13,SQL,transcript_only,9,540,600,count,0.1999,0.1594,0.2406,0.3153,0.2854,7
v13,SQL,transcript_only,9,540,600,aggregate function,0.1641,0.1536,0.1196,0.3023,0.2292,8
v13,SQL,transcript_only,9,540,600,join,0.1533,0.1619,0.0831,0.3209,0.2258,9
v13,SQL,transcript_only,9,540,600,inner join,0.1401,0.0862,0.0385,0.1515,0.1063,10
v13,SQL,transcript_only,9,540,600,subquery,0.1627,0.0185,0.1149,0.0,0.046,11
v13,SQL,transcript_only,10,600,660,order by,0.3219,0.5344,0.6524,1.0,0.8609,1
v13,SQL,transcript_only,10,600,660,select,0.3708,0.3152,0.8176,0.6147,0.6958,2
v13,SQL,transcript_only,10,600,660,group by,0.4248,0.1629,1.0,0.347,0.6082,3
v13,SQL,transcript_only,10,600,660,having,0.1288,0.3242,0.0,0.6305,0.3783,4
v13,SQL,transcript_only,10,600,660,count,0.2,0.1912,0.2405,0.3967,0.3343,5
v13,SQL,transcript_only,10,600,660,subquery,0.1628,0.2357,0.1149,0.475,0.3309,6
v13,SQL,transcript_only,10,600,660,left join,0.2643,0.1054,0.4578,0.2459,0.3307,7
v13,SQL,transcript_only,10,600,660,where,0.1557,0.1842,0.0909,0.3844,0.267,8
v13,SQL,transcript_only,10,600,660,aggregate function,0.1641,0.0844,0.1193,0.209,0.1731,9
v13,SQL,transcript_only,10,600,660,join,0.1534,0.0481,0.0831,0.1452,0.1204,10
v13,SQL,transcript_only,10,600,660,inner join,0.1402,-0.0345,0.0385,0.0,0.0154,11
v13,SQL,transcript_only,11,660,720,group by,0.4243,0.112,1.0,0.5416,0.7249,1
v13,SQL,transcript_only,11,660,720,left join,0.264,0.1864,0.4579,0.867,0.7034,2
v13,SQL,transcript_only,11,660,720,count,0.1998,0.2168,0.2408,1.0,0.6963,3
v13,SQL,transcript_only,11,660,720,order by,0.3216,0.1493,0.6527,0.7047,0.6839,4
v13,SQL,transcript_only,11,660,720,select,0.3703,0.1055,0.8174,0.5131,0.6348,5
v13,SQL,transcript_only,11,660,720,where,0.1555,0.1752,0.091,0.818,0.5272,6
v13,SQL,transcript_only,11,660,720,subquery,0.1626,0.1392,0.115,0.6605,0.4423,7
v13,SQL,transcript_only,11,660,720,join,0.1532,0.0902,0.0832,0.4462,0.301,8
v13,SQL,transcript_only,11,660,720,inner join,0.14,0.0601,0.0386,0.3145,0.2041,9
v13,SQL,transcript_only,11,660,720,having,0.1286,0.035,0.0,0.2047,0.1228,10
v13,SQL,transcript_only,11,660,720,aggregate function,0.164,-0.0118,0.1197,0.0,0.0479,11
v13,SQL,transcript_only,12,720,780,order by,0.3213,0.2553,0.6527,1.0,0.8611,1
v13,SQL,transcript_only,12,720,780,select,0.37,0.1021,0.8175,0.4732,0.6109,2
v13,SQL,transcript_only,12,720,780,count,0.1996,0.1924,0.2407,0.7837,0.5665,3
v13,SQL,transcript_only,12,720,780,group by,0.4239,0.0126,1.0,0.1654,0.4992,4
v13,SQL,transcript_only,12,720,780,subquery,0.1625,0.1805,0.1151,0.7428,0.4917,5
v13,SQL,transcript_only,12,720,780,where,0.1554,0.1326,0.0911,0.5781,0.3833,6
v13,SQL,transcript_only,12,720,780,left join,0.2637,0.0468,0.4577,0.283,0.3529,7
v13,SQL,transcript_only,12,720,780,having,0.1285,0.1023,0.0,0.4739,0.2843,8
v13,SQL,transcript_only,12,720,780,aggregate function,0.1638,0.0028,0.1195,0.1317,0.1268,9
v13,SQL,transcript_only,12,720,780,inner join,0.1399,0.0013,0.0386,0.1265,0.0914,10
v13,SQL,transcript_only,12,720,780,join,0.1531,-0.0355,0.0833,0.0,0.0333,11
v13,SQL,transcript_only,13,780,840,left join,0.2552,0.2995,0.4566,1.0,0.7826,1
v13,SQL,transcript_only,13,780,840,select,0.3581,0.1042,0.8155,0.4617,0.6032,2
v13,SQL,transcript_only,13,780,840,group by,0.411,-0.0261,1.0,0.1025,0.4615,3
v13,SQL,transcript_only,13,780,840,join,0.148,0.1512,0.0827,0.5912,0.3878,4
v13,SQL,transcript_only,13,780,840,order by,0.3123,-0.0109,0.6557,0.1444,0.349,5
v13,SQL,transcript_only,13,780,840,count,0.1949,0.0004,0.2463,0.1756,0.2038,6
v13,SQL,transcript_only,13,780,840,inner join,0.1358,0.0419,0.0401,0.29,0.19,7
v13,SQL,transcript_only,13,780,840,aggregate function,0.1593,0.0079,0.1221,0.1963,0.1666,8
v13,SQL,transcript_only,13,780,840,where,0.1511,-0.0057,0.0935,0.1588,0.1327,9
v13,SQL,transcript_only,13,780,840,having,0.1243,-0.0021,0.0,0.1687,0.1012,10
v13,SQL,transcript_only,13,780,840,subquery,0.1587,-0.0633,0.12,0.0,0.048,11
v13,SQL,transcript_only,14,840,900,left join,0.2642,0.3432,0.4579,1.0,0.7832,1
v13,SQL,transcript_only,14,840,900,select,0.3706,0.0863,0.8175,0.3486,0.5362,2
v13,SQL,transcript_only,14,840,900,group by,0.4246,-0.0264,1.0,0.0629,0.4377,3
v13,SQL,transcript_only,14,840,900,join,0.1533,0.1976,0.0831,0.6308,0.4118,4
v13,SQL,transcript_only,14,840,900,order by,0.3218,0.0041,0.6526,0.1402,0.3452,5
v13,SQL,transcript_only,14,840,900,inner join,0.1401,0.1358,0.0385,0.4741,0.2999,6
v13,SQL,transcript_only,14,840,900,count,0.1999,-0.0183,0.2406,0.0834,0.1463,7
v13,SQL,transcript_only,14,840,900,aggregate function,0.1641,0.007,0.1196,0.1476,0.1364,8
v13,SQL,transcript_only,14,840,900,where,0.1556,-0.0158,0.0909,0.0898,0.0902,9
v13,SQL,transcript_only,14,840,900,having,0.1287,0.0072,0.0,0.1481,0.0888,10
v13,SQL,transcript_only,14,840,900,subquery,0.1627,-0.0512,0.1149,0.0,0.046,11
v13,SQL,transcript_only,15,900,960,left join,0.2492,0.3834,0.4563,1.0,0.7825,1
v13,SQL,transcript_only,15,900,960,select,0.35,0.2363,0.8161,0.6642,0.725,2
v13,SQL,transcript_only,15,900,960,order by,0.3046,0.0701,0.6541,0.2849,0.4325,3
v13,SQL,transcript_only,15,900,960,group by,0.4015,-0.0547,1.0,0.0,0.4,4
v13,SQL,transcript_only,15,900,960,join,0.145,0.0818,0.0843,0.3116,0.2206,5
v13,SQL,transcript_only,15,900,960,count,0.189,0.0028,0.2413,0.1312,0.1753,6
v13,SQL,transcript_only,15,900,960,aggregate function,0.1549,0.0338,0.1196,0.202,0.169,7
v13,SQL,transcript_only,15,900,960,having,0.1214,0.0477,0.0,0.2337,0.1402,8
v13,SQL,transcript_only,15,900,960,subquery,0.1554,0.0112,0.1214,0.1504,0.1388,9
v13,SQL,transcript_only,15,900,960,inner join,0.1325,0.0334,0.0396,0.2011,0.1365,10
v13,SQL,transcript_only,15,900,960,where,0.1479,-0.0442,0.0946,0.024,0.0522,11
v13,SQL,transcript_only,16,960,1020,order by,0.1718,0.2041,0.8032,0.8127,0.8089,1
v13,SQL,transcript_only,16,960,1020,select,0.1343,0.1777,0.5636,0.7341,0.6659,2
v13,SQL,transcript_only,16,960,1020,count,0.1068,0.196,0.3879,0.7886,0.6283,3
v13,SQL,transcript_only,16,960,1020,having,0.0461,0.267,0.0,1.0,0.6,4
v13,SQL,transcript_only,16,960,1020,subquery,0.0908,0.1694,0.2856,0.7094,0.5399,5
v13,SQL,transcript_only,16,960,1020,aggregate function,0.0814,0.1571,0.2256,0.6727,0.4939,6
v13,SQL,transcript_only,16,960,1020,group by,0.2026,-0.0406,1.0,0.084,0.4504,7
v13,SQL,transcript_only,16,960,1020,left join,0.09,0.066,0.2805,0.4014,0.3531,8
v13,SQL,transcript_only,16,960,1020,where,0.0934,-0.0651,0.3022,0.011,0.1275,9
v13,SQL,transcript_only,16,960,1020,join,0.057,-0.028,0.0696,0.1215,0.1008,10
v13,SQL,transcript_only,16,960,1020,inner join,0.0595,-0.0688,0.0856,0.0,0.0342,11
v14,Python,transcript_only,0,0,60,for loop,0.2589,0.2101,1.0,0.731,0.8386,1
v14,Python,transcript_only,0,0,60,nested loop,0.1348,0.3098,0.4891,1.0,0.7956,2
v14,Python,transcript_only,0,0,60,list,0.0585,0.2918,0.175,0.9514,0.6409,3
v14,Python,transcript_only,0,0,60,break,0.0875,0.178,0.2944,0.6445,0.5044,4
v14,Python,transcript_only,0,0,60,continue,0.074,0.1472,0.2388,0.5614,0.4323,5
v14,Python,transcript_only,0,0,60,for,0.2199,-0.0139,0.8394,0.1268,0.4118,6
v14,Python,transcript_only,0,0,60,range,0.1698,-0.0003,0.6332,0.1635,0.3514,7
v14,Python,transcript_only,0,0,60,iteration,0.016,0.0033,0.0,0.1732,0.1039,8
v14,Python,transcript_only,0,0,60,index,0.0323,-0.0609,0.0671,0.0,0.0268,9
v14,Python,transcript_only,1,60,120,break,0.1042,0.7,0.3037,1.0,0.7215,1
v14,Python,transcript_only,1,60,120,for loop,0.3048,0.0802,1.0,0.146,0.4876,2
v14,Python,transcript_only,1,60,120,for,0.2733,0.1269,0.8907,0.2104,0.4825,3
v14,Python,transcript_only,1,60,120,continue,0.0865,0.391,0.2423,0.5743,0.4415,4
v14,Python,transcript_only,1,60,120,nested loop,0.1604,0.1661,0.4988,0.2644,0.3582,5
v14,Python,transcript_only,1,60,120,range,0.2475,0.0165,0.8011,0.0583,0.3554,6
v14,Python,transcript_only,1,60,120,list,0.077,0.1296,0.2093,0.2141,0.2122,7
v14,Python,transcript_only,1,60,120,iteration,0.0308,0.0488,0.0489,0.1028,0.0812,8
v14,Python,transcript_only,1,60,120,index,0.0167,-0.0258,0.0,0.0,0.0,9
v14,Python,transcript_only,2,120,180,break,0.1041,0.7754,0.3035,1.0,0.7214,1
v14,Python,transcript_only,2,120,180,for loop,0.3047,0.2113,1.0,0.2818,0.5691,2
v14,Python,transcript_only,2,120,180,continue,0.0865,0.5062,0.2424,0.6572,0.4913,3
v14,Python,transcript_only,2,120,180,for,0.2732,0.1657,0.8906,0.2237,0.4905,4
v14,Python,transcript_only,2,120,180,nested loop,0.1603,0.2708,0.4986,0.3575,0.414,5
v14,Python,transcript_only,2,120,180,range,0.2474,0.0381,0.801,0.0612,0.3572,6
v14,Python,transcript_only,2,120,180,list,0.0769,0.0018,0.209,0.015,0.0926,7
v14,Python,transcript_only,2,120,180,iteration,0.0308,0.0372,0.049,0.0601,0.0556,8
v14,Python,transcript_only,2,120,180,index,0.0167,-0.01,0.0,0.0,0.0,9
v14,Python,transcript_only,3,180,240,break,0.0974,0.5596,0.3005,1.0,0.7202,1
v14,Python,transcript_only,3,180,240,continue,0.0794,0.5564,0.2314,0.9944,0.6892,2
v14,Python,transcript_only,3,180,240,for loop,0.2794,0.1434,1.0,0.2717,0.563,3
v14,Python,transcript_only,3,180,240,for,0.2373,0.0773,0.8382,0.1561,0.4289,4
v14,Python,transcript_only,3,180,240,nested loop,0.1481,0.2007,0.4954,0.372,0.4214,5
v14,Python,transcript_only,3,180,240,range,0.1912,0.1013,0.661,0.1981,0.3833,6
v14,Python,transcript_only,3,180,240,iteration,0.0192,0.1281,0.0,0.245,0.147,7
v14,Python,transcript_only,3,180,240,list,0.0494,0.0186,0.1161,0.0534,0.0784,8
v14,Python,transcript_only,3,180,240,index,0.0194,-0.0119,0.0008,0.0,0.0003,9
v14,Python,transcript_only,4,240,300,nested loop,0.1731,0.3707,0.6146,1.0,0.8458,1
v14,Python,transcript_only,4,240,300,for loop,0.2728,0.1831,1.0,0.5439,0.7263,2
v14,Python,transcript_only,4,240,300,continue,0.0867,0.1452,0.2806,0.4517,0.3833,3
v14,Python,transcript_only,4,240,300,range,0.1575,0.0481,0.5543,0.2157,0.3511,4
v14,Python,transcript_only,4,240,300,for,0.2085,-0.0406,0.7514,0.0,0.3006,5
v14,Python,transcript_only,4,240,300,break,0.102,0.07,0.3398,0.2689,0.2973,6
v14,Python,transcript_only,4,240,300,list,0.0472,0.0644,0.1279,0.2553,0.2044,7
v14,Python,transcript_only,4,240,300,iteration,0.0141,0.0471,0.0,0.2132,0.1279,8
v14,Python,transcript_only,4,240,300,index,0.0254,0.0075,0.0437,0.1169,0.0876,9
v14,Python,transcript_only,5,300,360,range,0.1738,0.2186,0.6725,1.0,0.869,1
v14,Python,transcript_only,5,300,360,for loop,0.2502,0.1379,1.0,0.6885,0.8131,2
v14,Python,transcript_only,5,300,360,nested loop,0.1167,0.1908,0.4278,0.8927,0.7067,3
v14,Python,transcript_only,5,300,360,for,0.2231,-0.0305,0.8838,0.0386,0.3767,4
v14,Python,transcript_only,5,300,360,break,0.0796,0.0644,0.2688,0.4049,0.3504,5
v14,Python,transcript_only,5,300,360,continue,0.0679,0.0383,0.2186,0.3041,0.2699,6
v14,Python,transcript_only,5,300,360,index,0.0377,-0.0075,0.0892,0.1274,0.1121,7
v14,Python,transcript_only,5,300,360,list,0.0669,-0.0405,0.2143,0.0,0.0857,8
v14,Python,transcript_only,5,300,360,iteration,0.0169,-0.0212,0.0,0.0745,0.0447,9
v14,Python,transcript_only,6,360,420,for loop,0.2701,0.1289,1.0,0.6639,0.7983,1
v14,Python,transcript_only,6,360,420,break,0.0882,0.2285,0.26,1.0,0.704,2
v14,Python,transcript_only,6,360,420,nested loop,0.1386,0.1821,0.465,0.8434,0.692,3
v14,Python,transcript_only,6,360,420,for,0.2418,0.09,0.8849,0.5326,0.6735,4
v14,Python,transcript_only,6,360,420,list,0.0865,0.0453,0.2531,0.3817,0.3302,5
v14,Python,transcript_only,6,360,420,range,0.2069,-0.0678,0.7429,0.0,0.2972,6
v14,Python,transcript_only,6,360,420,continue,0.0773,-0.0186,0.2156,0.166,0.1859,7
v14,Python,transcript_only,6,360,420,index,0.0363,-0.0322,0.0488,0.1201,0.0916,8
v14,Python,transcript_only,6,360,420,iteration,0.0243,-0.0421,0.0,0.0867,0.052,9
v14,Python,transcript_only,7,420,480,for loop,0.3074,0.2736,1.0,0.6852,0.8111,1
v14,Python,transcript_only,7,420,480,nested loop,0.1897,0.37,0.5976,0.8657,0.7585,2
v14,Python,transcript_only,7,420,480,break,0.1134,0.4417,0.3368,1.0,0.7347,3
v14,Python,transcript_only,7,420,480,for,0.2522,0.0345,0.8113,0.2375,0.467,4
v14,Python,transcript_only,7,420,480,continue,0.0955,0.1267,0.2756,0.4101,0.3563,5
v14,Python,transcript_only,7,420,480,range,0.2215,-0.0632,0.7063,0.0545,0.3152,6
v14,Python,transcript_only,7,420,480,list,0.0658,-0.05,0.174,0.0792,0.1171,7
v14,Python,transcript_only,7,420,480,index,0.0149,-0.0517,0.0,0.076,0.0456,8
v14,Python,transcript_only,7,420,480,iteration,0.0264,-0.0923,0.0393,0.0,0.0157,9
v14,Python,transcript_only,8,480,540,break,0.0779,0.8478,0.2874,1.0,0.715,1
v14,Python,transcript_only,8,480,540,for loop,0.2418,0.23,1.0,0.269,0.5614,2
v14,Python,transcript_only,8,480,540,for,0.2183,0.1812,0.8978,0.2113,0.4859,3
v14,Python,transcript_only,8,480,540,nested loop,0.101,0.3732,0.3878,0.4385,0.4182,4
v14,Python,transcript_only,8,480,540,range,0.157,0.0026,0.6313,0.0,0.2525,5
v14,Python,transcript_only,8,480,540,continue,0.0605,0.1557,0.2117,0.1811,0.1934,6
v14,Python,transcript_only,8,480,540,list,0.0329,0.0377,0.0917,0.0415,0.0616,7
v14,Python,transcript_only,8,480,540,index,0.0237,0.04,0.0517,0.0442,0.0472,8
v14,Python,transcript_only,8,480,540,iteration,0.0118,0.0331,0.0,0.0361,0.0217,9
v14,Python,transcript_only,9,540,600,break,0.0667,0.3027,0.3027,1.0,0.7211,1
v14,Python,transcript_only,9,540,600,for loop,0.2183,0.1529,1.0,0.4749,0.685,2
v14,Python,transcript_only,9,540,600,for,0.1925,0.045,0.8813,0.0967,0.4106,3
v14,Python,transcript_only,9,540,600,nested loop,0.0713,0.1201,0.3238,0.36,0.3455,4
v14,Python,transcript_only,9,540,600,range,0.1098,0.0297,0.5009,0.0431,0.2262,5
v14,Python,transcript_only,9,540,600,continue,0.0485,0.0629,0.219,0.1595,0.1833,6
v14,Python,transcript_only,9,540,600,list,0.0072,0.0372,0.029,0.0694,0.0532,7
v14,Python,transcript_only,9,540,600,index,0.0284,0.0174,0.1265,0.0,0.0506,8
v14,Python,transcript_only,9,540,600,iteration,0.0009,0.0383,0.0,0.0733,0.044,9
v14,Python,transcript_only,10,600,660,for,0.1906,0.1107,0.8768,1.0,0.9507,1
v14,Python,transcript_only,10,600,660,for loop,0.2172,0.0652,1.0,0.729,0.8374,2
v14,Python,transcript_only,10,600,660,range,0.1097,0.0695,0.5021,0.7546,0.6536,3
v14,Python,transcript_only,10,600,660,iteration,0.0013,0.0349,0.0,0.5485,0.3291,4
v14,Python,transcript_only,10,600,660,list,0.009,0.0268,0.0357,0.5003,0.3144,5
v14,Python,transcript_only,10,600,660,nested loop,0.0746,-0.0205,0.3395,0.2186,0.267,6
v14,Python,transcript_only,10,600,660,continue,0.0494,-0.0322,0.2228,0.1489,0.1785,7
v14,Python,transcript_only,10,600,660,index,0.0283,-0.0275,0.1251,0.1769,0.1562,8
v14,Python,transcript_only,10,600,660,break,0.067,-0.0572,0.3043,0.0,0.1217,9
v15,Python,transcript_only,0,0,60,for loop,0.2737,0.821,1.0,1.0,1.0,1
v15,Python,transcript_only,0,0,60,nested loop,0.1283,0.6438,0.4267,0.8101,0.6567,2
v15,Python,transcript_only,0,0,60,for,0.2442,0.1702,0.8837,0.3026,0.535,3
v15,Python,transcript_only,0,0,60,range,0.198,0.053,0.7015,0.177,0.3868,4
v15,Python,transcript_only,0,0,60,break,0.0907,0.2099,0.2784,0.3452,0.3185,5
v15,Python,transcript_only,0,0,60,continue,0.0729,0.1831,0.2082,0.3164,0.2731,6
v15,Python,transcript_only,0,0,60,list,0.0519,-0.0168,0.1254,0.1022,0.1115,7
v15,Python,transcript_only,0,0,60,index,0.0209,0.0045,0.0032,0.1251,0.0763,8
v15,Python,transcript_only,0,0,60,iteration,0.0201,-0.1122,0.0,0.0,0.0,9
v15,Python,transcript_only,1,60,120,for loop,0.2299,0.328,1.0,0.9019,0.9411,1
v15,Python,transcript_only,1,60,120,list,0.0817,0.3725,0.3123,1.0,0.7249,2
v15,Python,transcript_only,1,60,120,for,0.2049,0.1441,0.884,0.4965,0.6515,3
v15,Python,transcript_only,1,60,120,nested loop,0.1071,0.2666,0.4302,0.7665,0.632,4
v15,Python,transcript_only,1,60,120,break,0.07,0.0947,0.258,0.3876,0.3357,5
v15,Python,transcript_only,1,60,120,range,0.1535,-0.028,0.6455,0.1171,0.3284,6
v15,Python,transcript_only,1,60,120,continue,0.064,0.0259,0.2302,0.2359,0.2336,7
v15,Python,transcript_only,1,60,120,iteration,0.0144,-0.006,0.0,0.1656,0.0993,8
v15,Python,transcript_only,1,60,120,index,0.053,-0.0811,0.1791,0.0,0.0716,9
v15,Python,transcript_only,2,120,180,list,0.1043,0.4393,0.472,1.0,0.7888,1
v15,Python,transcript_only,2,120,180,for loop,0.207,0.083,1.0,0.2264,0.5359,2
v15,Python,transcript_only,2,120,180,for,0.1846,0.039,0.8848,0.1309,0.4325,3
v15,Python,transcript_only,2,120,180,range,0.133,0.0112,0.6195,0.0706,0.2902,4
v15,Python,transcript_only,2,120,180,nested loop,0.0987,0.0404,0.4432,0.134,0.2576,5
v15,Python,transcript_only,2,120,180,continue,0.0604,0.0188,0.2463,0.0871,0.1507,6
v15,Python,transcript_only,2,120,180,index,0.0726,-0.0213,0.309,0.0,0.1236,7
v15,Python,transcript_only,2,120,180,break,0.0591,-0.006,0.2396,0.0332,0.1158,8
v15,Python,transcript_only,2,120,180,iteration,0.0125,0.0641,0.0,0.1854,0.1112,9
v15,Python,transcript_only,3,180,240,for loop,0.2117,0.4728,1.0,1.0,1.0,1
v15,Python,transcript_only,3,180,240,for,0.1878,0.1419,0.8828,0.3361,0.5548,2
v15,Python,transcript_only,3,180,240,nested loop,0.0874,0.2039,0.3907,0.4605,0.4326,3
v15,Python,transcript_only,3,180,240,range,0.1234,0.0791,0.5672,0.2101,0.3529,4
v15,Python,transcript_only,3,180,240,list,0.064,0.1467,0.276,0.3457,0.3178,5
v15,Python,transcript_only,3,180,240,continue,0.0555,0.0861,0.2343,0.2241,0.2282,6
v15,Python,transcript_only,3,180,240,break,0.0622,0.0564,0.2672,0.1645,0.2056,7
v15,Python,transcript_only,3,180,240,index,0.0542,0.0288,0.2279,0.1091,0.1567,8
v15,Python,transcript_only,3,180,240,iteration,0.0077,-0.0256,0.0,0.0,0.0,9
v15,Python,transcript_only,4,240,300,for loop,0.2498,0.4371,1.0,1.0,1.0,1
v15,Python,transcript_only,4,240,300,continue,0.0674,0.4243,0.2185,0.9746,0.6722,2
v15,Python,transcript_only,4,240,300,for,0.2227,-0.0054,0.8839,0.1218,0.4267,3
v15,Python,transcript_only,4,240,300,nested loop,0.1153,0.1194,0.4237,0.3695,0.3912,4
v15,Python,transcript_only,4,240,300,range,0.1722,0.0012,0.6675,0.1349,0.348,5
v15,Python,transcript_only,4,240,300,list,0.0639,0.031,0.2035,0.1941,0.1979,6
v15,Python,transcript_only,4,240,300,index,0.0367,0.0453,0.087,0.2225,0.1683,7
v15,Python,transcript_only,4,240,300,break,0.0796,-0.0489,0.2708,0.0355,0.1296,8
v15,Python,transcript_only,4,240,300,iteration,0.0164,-0.0668,0.0,0.0,0.0,9
v15,Python,transcript_only,5,300,360,for loop,0.2671,0.687,1.0,1.0,1.0,1
v15,Python,transcript_only,5,300,360,for,0.2381,0.4222,0.8837,0.6196,0.7253,2
v15,Python,transcript_only,5,300,360,range,0.1876,0.2346,0.6811,0.3502,0.4826,3
v15,Python,transcript_only,5,300,360,list,0.0467,0.2947,0.1159,0.4365,0.3083,4
v15,Python,transcript_only,5,300,360,nested loop,0.1218,0.1195,0.4172,0.1849,0.2778,5
v15,Python,transcript_only,5,300,360,break,0.0879,0.0185,0.2812,0.0398,0.1363,6
v15,Python,transcript_only,5,300,360,continue,0.07,0.0364,0.2094,0.0655,0.1231,7
v15,Python,transcript_only,5,300,360,iteration,0.0178,0.049,0.0,0.0836,0.0502,8
v15,Python,transcript_only,5,300,360,index,0.0218,-0.0092,0.016,0.0,0.0064,9
v15,Python,transcript_only,6,360,420,for loop,0.2611,0.7509,1.0,1.0,1.0,1
v15,Python,transcript_only,6,360,420,nested loop,0.1495,0.4869,0.5437,0.6907,0.6319,2
v15,Python,transcript_only,6,360,420,for,0.2145,0.1554,0.8095,0.3024,0.5052,3
v15,Python,transcript_only,6,360,420,range,0.1673,0.2464,0.6165,0.409,0.492,4
v15,Python,transcript_only,6,360,420,break,0.0908,0.1335,0.3038,0.2767,0.2875,5
v15,Python,transcript_only,6,360,420,continue,0.0792,0.1152,0.2563,0.2553,0.2557,6
v15,Python,transcript_only,6,360,420,list,0.0663,0.037,0.2036,0.1637,0.1796,7
v15,Python,transcript_only,6,360,420,index,0.0357,-0.0224,0.0785,0.0941,0.0878,8
v15,Python,transcript_only,6,360,420,iteration,0.0165,-0.1027,0.0,0.0,0.0,9
v15,Python,transcript_only,7,420,480,range,0.2467,0.7031,0.8002,1.0,0.9201,1
v15,Python,transcript_only,7,420,480,for,0.2726,0.3736,0.8904,0.5754,0.7014,2
v15,Python,transcript_only,7,420,480,for loop,0.3041,0.2849,1.0,0.4611,0.6766,3
v15,Python,transcript_only,7,420,480,list,0.0767,0.3215,0.2085,0.5082,0.3883,4
v15,Python,transcript_only,7,420,480,nested loop,0.1601,0.0164,0.4988,0.1151,0.2686,5
v15,Python,transcript_only,7,420,480,iteration,0.0307,0.2006,0.0484,0.3524,0.2308,6
v15,Python,transcript_only,7,420,480,break,0.104,0.0243,0.3035,0.1253,0.1966,7
v15,Python,transcript_only,7,420,480,continue,0.0864,-0.0729,0.2423,0.0,0.0969,8
v15,Python,transcript_only,7,420,480,index,0.0168,-0.0092,0.0,0.0821,0.0493,9
v15,Python,transcript_only,8,480,540,for loop,0.2641,0.488,1.0,1.0,1.0,1
v15,Python,transcript_only,8,480,540,for,0.2352,0.3006,0.8831,0.6512,0.7439,2
v15,Python,transcript_only,8,480,540,nested loop,0.1187,0.2717,0.4121,0.5974,0.5232,3
v15,Python,transcript_only,8,480,540,range,0.1828,0.169,0.6712,0.4062,0.5122,4
v15,Python,transcript_only,8,480,540,list,0.0443,0.2998,0.1112,0.6497,0.4343,5
v15,Python,transcript_only,8,480,540,break,0.0866,0.0354,0.2822,0.1575,0.2074,6
v15,Python,transcript_only,8,480,540,continue,0.0687,-0.0492,0.2099,0.0,0.0839,7
v15,Python,transcript_only,8,480,540,iteration,0.0168,0.025,0.0,0.1381,0.0829,8
v15,Python,transcript_only,8,480,540,index,0.0222,-0.0166,0.0218,0.0607,0.0451,9
v15,Python,transcript_only,9,540,600,for,0.1908,0.076,0.8773,1.0,0.9509,1
v15,Python,transcript_only,9,540,600,for loop,0.2173,0.0293,1.0,0.5466,0.728,2
v15,Python,transcript_only,9,540,600,range,0.1097,0.0306,0.5019,0.5592,0.5363,3
v15,Python,transcript_only,9,540,600,nested loop,0.0741,0.0194,0.337,0.4505,0.4051,4
v15,Python,transcript_only,9,540,600,break,0.067,0.0137,0.3042,0.3951,0.3588,5
v15,Python,transcript_only,9,540,600,continue,0.0492,0.0002,0.2218,0.2641,0.2472,6
v15,Python,transcript_only,9,540,600,index,0.0283,0.0049,0.125,0.3097,0.2358,7
v15,Python,transcript_only,9,540,600,list,0.0088,-0.0029,0.0347,0.234,0.1543,8
v15,Python,transcript_only,9,540,600,iteration,0.0013,-0.027,0.0,0.0,0.0,9
v16,Python,transcript_only,0,0,60,list,0.0919,0.5132,0.3089,1.0,0.7235,1
v16,Python,transcript_only,0,0,60,for,0.2245,0.1711,0.8849,0.3451,0.561,2
v16,Python,transcript_only,0,0,60,range,0.1846,0.1419,0.7116,0.2892,0.4582,3
v16,Python,transcript_only,0,0,60,for loop,0.251,0.0287,1.0,0.0725,0.4435,4
v16,Python,transcript_only,0,0,60,nested loop,0.1265,0.013,0.4592,0.0425,0.2092,5
v16,Python,transcript_only,0,0,60,index,0.0473,0.0741,0.1151,0.1595,0.1417,6
v16,Python,transcript_only,0,0,60,break,0.0794,0.0024,0.2546,0.0222,0.1151,7
v16,Python,transcript_only,0,0,60,iteration,0.0208,0.0709,0.0,0.1533,0.092,8
v16,Python,transcript_only,0,0,60,continue,0.0722,-0.0092,0.2233,0.0,0.0893,9
v16,Python,transcript_only,1,60,120,index,0.0451,0.7076,0.1706,1.0,0.6682,1
v16,Python,transcript_only,1,60,120,for,0.1922,0.0306,0.9598,0.078,0.4307,2
v16,Python,transcript_only,1,60,120,for loop,0.1997,0.0018,1.0,0.0388,0.4233,3
v16,Python,transcript_only,1,60,120,list,0.0708,0.2982,0.3085,0.4425,0.3889,4
v16,Python,transcript_only,1,60,120,range,0.1405,0.0343,0.6824,0.0831,0.3228,5
v16,Python,transcript_only,1,60,120,nested loop,0.0934,-0.0267,0.4297,0.0,0.1719,6
v16,Python,transcript_only,1,60,120,break,0.0616,0.0422,0.2591,0.0938,0.1599,7
v16,Python,transcript_only,1,60,120,continue,0.0553,0.0356,0.2253,0.0848,0.141,8
v16,Python,transcript_only,1,60,120,iteration,0.0133,0.082,0.0,0.148,0.0888,9
v16,Python,transcript_only,2,120,180,index,0.0596,0.8437,0.293,1.0,0.7172,1
v16,Python,transcript_only,2,120,180,for loop,0.1805,0.0624,1.0,0.097,0.4582,2
v16,Python,transcript_only,2,120,180,for,0.1732,0.0438,0.9573,0.0755,0.4282,3
v16,Python,transcript_only,2,120,180,list,0.0802,0.2811,0.4135,0.3497,0.3752,4
v16,Python,transcript_only,2,120,180,range,0.1163,0.0304,0.6246,0.06,0.2858,5
v16,Python,transcript_only,2,120,180,nested loop,0.0814,-0.0215,0.4205,0.0,0.1682,6
v16,Python,transcript_only,2,120,180,continue,0.0505,0.0648,0.2398,0.0997,0.1558,7
v16,Python,transcript_only,2,120,180,break,0.0521,0.051,0.2491,0.0838,0.1499,8
v16,Python,transcript_only,2,120,180,iteration,0.0095,0.0351,0.0,0.0654,0.0393,9
v16,Python,transcript_only,3,180,240,index,0.0403,0.7357,0.1151,1.0,0.646,1
v16,Python,transcript_only,3,180,240,for loop,0.221,0.0594,1.0,0.1454,0.4873,2
v16,Python,transcript_only,3,180,240,for,0.2082,0.0414,0.9373,0.1227,0.4485,3
v16,Python,transcript_only,3,180,240,range,0.1617,0.081,0.7096,0.1727,0.3875,4
v16,Python,transcript_only,3,180,240,list,0.0732,0.2173,0.2762,0.345,0.3175,5
v16,Python,transcript_only,3,180,240,nested loop,0.107,-0.0284,0.4417,0.0345,0.1974,6
v16,Python,transcript_only,3,180,240,break,0.07,0.0417,0.2605,0.1231,0.1781,7
v16,Python,transcript_only,3,180,240,continue,0.0617,0.0395,0.2199,0.1203,0.1601,8
v16,Python,transcript_only,3,180,240,iteration,0.0168,-0.0557,0.0,0.0,0.0,9
v16,Python,transcript_only,4,240,300,list,0.0768,0.3913,0.2088,1.0,0.6835,1
v16,Python,transcript_only,4,240,300,range,0.2467,0.1178,0.7999,0.3802,0.5481,2
v16,Python,transcript_only,4,240,300,for loop,0.3042,-0.0297,1.0,0.046,0.4276,3
v16,Python,transcript_only,4,240,300,for,0.2727,-0.028,0.8904,0.0499,0.3861,4
v16,Python,transcript_only,4,240,300,nested loop,0.1601,0.0305,0.4986,0.1824,0.3089,5
v16,Python,transcript_only,4,240,300,break,0.104,-0.0396,0.3034,0.0236,0.1355,6
v16,Python,transcript_only,4,240,300,continue,0.0864,-0.05,0.2422,0.0,0.0969,7
v16,Python,transcript_only,4,240,300,index,0.0168,0.0139,0.0,0.1448,0.0869,8
v16,Python,transcript_only,4,240,300,iteration,0.0307,-0.0257,0.0484,0.0551,0.0524,9
v16,Python,transcript_only,5,300,360,list,0.055,0.3825,0.1479,1.0,0.6592,1
v16,Python,transcript_only,5,300,360,for loop,0.2578,-0.003,1.0,0.1548,0.4929,2
v16,Python,transcript_only,5,300,360,for,0.2308,-0.0419,0.8866,0.0695,0.3963,3
v16,Python,transcript_only,5,300,360,range,0.1917,-0.0082,0.7223,0.1434,0.3749,4
v16,Python,transcript_only,5,300,360,nested loop,0.1263,0.0539,0.4475,0.2795,0.3467,5
v16,Python,transcript_only,5,300,360,break,0.0859,-0.0426,0.2777,0.068,0.1519,6
v16,Python,transcript_only,5,300,360,index,0.0198,0.0341,0.0,0.2361,0.1417,7
v16,Python,transcript_only,5,300,360,continue,0.0698,-0.0736,0.2101,0.0,0.084,8
v16,Python,transcript_only,5,300,360,iteration,0.0206,-0.0605,0.0034,0.0287,0.0186,9
v17,Python,transcript_only,0,0,60,for loop,0.3045,0.6669,1.0,1.0,1.0,1
v17,Python,transcript_only,0,0,60,for,0.273,0.2388,0.8905,0.3796,0.584,2
v17,Python,transcript_only,0,0,60,range,0.2472,0.2392,0.8009,0.3801,0.5484,3
v17,Python,transcript_only,0,0,60,nested loop,0.1603,0.2931,0.499,0.4583,0.4745,4
v17,Python,transcript_only,0,0,60,continue,0.0865,0.2297,0.2425,0.3664,0.3168,5
v17,Python,transcript_only,0,0,60,list,0.0769,0.214,0.2092,0.3436,0.2898,6
v17,Python,transcript_only,0,0,60,break,0.1041,0.0463,0.3037,0.1006,0.1818,7
v17,Python,transcript_only,0,0,60,iteration,0.0307,0.1344,0.0486,0.2283,0.1564,8
v17,Python,transcript_only,0,0,60,index,0.0167,-0.0231,0.0,0.0,0.0,9
v17,Python,transcript_only,1,60,120,for loop,0.3045,0.5836,1.0,1.0,1.0,1
v17,Python,transcript_only,1,60,120,nested loop,0.1603,0.4489,0.499,0.7689,0.6609,2
v17,Python,transcript_only,1,60,120,range,0.2471,0.1448,0.8006,0.2472,0.4685,3
v17,Python,transcript_only,1,60,120,for,0.273,0.0866,0.8905,0.1474,0.4446,4
v17,Python,transcript_only,1,60,120,continue,0.0865,0.3156,0.2425,0.5402,0.4211,5
v17,Python,transcript_only,1,60,120,list,0.0769,0.1691,0.2092,0.2889,0.257,6
v17,Python,transcript_only,1,60,120,break,0.1041,0.0423,0.3037,0.0714,0.1643,7
v17,Python,transcript_only,1,60,120,iteration,0.0307,0.1252,0.0486,0.2136,0.1476,8
v17,Python,transcript_only,1,60,120,index,0.0167,0.0007,0.0,0.0,0.0,9
v17,Python,transcript_only,2,120,180,for loop,0.3045,0.4758,1.0,1.0,1.0,1
v17,Python,transcript_only,2,120,180,nested loop,0.1603,0.4127,0.499,0.8715,0.7225,2
v17,Python,transcript_only,2,120,180,range,0.2472,0.1473,0.8009,0.331,0.5189,3
v17,Python,transcript_only,2,120,180,for,0.2731,0.1031,0.8909,0.2409,0.5009,4
v17,Python,transcript_only,2,120,180,continue,0.0865,0.2991,0.2425,0.6401,0.4811,5
v17,Python,transcript_only,2,120,180,break,0.1041,0.1753,0.3037,0.388,0.3543,6
v17,Python,transcript_only,2,120,180,list,0.0769,0.1451,0.2092,0.3265,0.2796,7
v17,Python,transcript_only,2,120,180,iteration,0.0307,0.1538,0.0486,0.3442,0.226,8
v17,Python,transcript_only,2,120,180,index,0.0167,-0.0152,0.0,0.0,0.0,9
v17,Python,transcript_only,3,180,240,for loop,0.3047,0.4291,1.0,1.0,1.0,1
v17,Python,transcript_only,3,180,240,range,0.2474,0.3488,0.801,0.8472,0.8287,2
v17,Python,transcript_only,3,180,240,nested loop,0.1603,0.2978,0.4986,0.7501,0.6495,3
v17,Python,transcript_only,3,180,240,for,0.2732,0.0885,0.8906,0.3519,0.5674,4
v17,Python,transcript_only,3,180,240,break,0.1041,0.1269,0.3035,0.4249,0.3763,5
v17,Python,transcript_only,3,180,240,list,0.077,0.0784,0.2094,0.3326,0.2833,6
v17,Python,transcript_only,3,180,240,continue,0.0865,0.0557,0.2424,0.2894,0.2706,7
v17,Python,transcript_only,3,180,240,index,0.0167,-0.0526,0.0,0.0833,0.05,8
v17,Python,transcript_only,3,180,240,iteration,0.0308,-0.0964,0.049,0.0,0.0196,9
v17,Python,transcript_only,4,240,300,for loop,0.2851,0.4092,1.0,1.0,1.0,1
v17,Python,transcript_only,4,240,300,range,0.2162,0.2324,0.7407,0.6198,0.6681,2
v17,Python,transcript_only,4,240,300,nested loop,0.1402,0.2287,0.4546,0.6118,0.549,3
v17,Python,transcript_only,4,240,300,for,0.2549,0.0943,0.8863,0.3228,0.5482,4
v17,Python,transcript_only,4,240,300,continue,0.0779,0.2243,0.2202,0.6024,0.4495,5
v17,Python,transcript_only,4,240,300,break,0.0957,0.0609,0.2872,0.251,0.2654,6
v17,Python,transcript_only,4,240,300,iteration,0.024,0.1022,0.0173,0.3398,0.2108,7
v17,Python,transcript_only,4,240,300,list,0.0612,0.0263,0.1573,0.1766,0.1689,8
v17,Python,transcript_only,4,240,300,index,0.0194,-0.0558,0.0,0.0,0.0,9
v17,Python,transcript_only,5,300,360,for loop,0.2142,0.0119,1.0,0.6984,0.819,1
v17,Python,transcript_only,5,300,360,continue,0.0527,0.0401,0.2287,1.0,0.6915,2
v17,Python,transcript_only,5,300,360,for,0.1891,-0.0271,0.8801,0.2813,0.5208,3
v17,Python,transcript_only,5,300,360,index,0.0424,0.0159,0.1796,0.7412,0.5165,4
v17,Python,transcript_only,5,300,360,list,0.0388,0.0016,0.1624,0.5882,0.4179,5
v17,Python,transcript_only,5,300,360,break,0.0644,-0.0107,0.2846,0.4567,0.3879,6
v17,Python,transcript_only,5,300,360,nested loop,0.0814,-0.0204,0.3658,0.3529,0.3581,7
v17,Python,transcript_only,5,300,360,iteration,0.0048,-0.0073,0.0,0.493,0.2958,8
v17,Python,transcript_only,5,300,360,range,0.1171,-0.0534,0.5363,0.0,0.2145,9
v18,Python,transcript_only,0,0,60,for loop,0.2006,0.3237,1.0,1.0,1.0,1
v18,Python,transcript_only,0,0,60,for,0.1801,0.2403,0.8902,0.7121,0.7833,2
v18,Python,transcript_only,0,0,60,range,0.137,0.2095,0.6593,0.6058,0.6272,3
v18,Python,transcript_only,0,0,60,list,0.089,0.244,0.4022,0.7249,0.5958,4
v18,Python,transcript_only,0,0,60,nested loop,0.0994,0.209,0.458,0.6041,0.5456,5
v18,Python,transcript_only,0,0,60,index,0.056,0.1269,0.2255,0.3207,0.2826,6
v18,Python,transcript_only,0,0,60,continue,0.0578,0.0944,0.2351,0.2085,0.2191,7
v18,Python,transcript_only,0,0,60,iteration,0.0139,0.1095,0.0,0.2606,0.1564,8
v18,Python,transcript_only,0,0,60,break,0.0598,0.034,0.2458,0.0,0.0983,9
v18,Python,transcript_only,1,60,120,range,0.1573,0.1002,0.6167,0.7787,0.7139,1
v18,Python,transcript_only,1,60,120,for loop,0.2481,0.0268,1.0,0.3716,0.623,2
v18,Python,transcript_only,1,60,120,index,0.0244,0.1401,0.0557,1.0,0.6223,3
v18,Python,transcript_only,1,60,120,for,0.2203,0.0244,0.8827,0.3583,0.568,4
v18,Python,transcript_only,1,60,120,continue,0.0617,0.0901,0.2132,0.7227,0.5189,5
v18,Python,transcript_only,1,60,120,break,0.0796,0.0045,0.2887,0.2479,0.2642,6
v18,Python,transcript_only,1,60,120,iteration,0.0112,0.0385,0.0,0.4365,0.2619,7
v18,Python,transcript_only,1,60,120,list,0.0313,0.0095,0.0848,0.2757,0.1993,8
v18,Python,transcript_only,1,60,120,nested loop,0.1021,-0.0402,0.3837,0.0,0.1535,9
v18,Python,transcript_only,2,120,180,for,0.1845,0.1028,0.8843,0.831,0.8524,1
v18,Python,transcript_only,2,120,180,range,0.133,0.1186,0.6195,0.9115,0.7947,2
v18,Python,transcript_only,2,120,180,index,0.0724,0.136,0.308,1.0,0.7232,3
v18,Python,transcript_only,2,120,180,list,0.1041,0.1003,0.471,0.8183,0.6794,4
v18,Python,transcript_only,2,120,180,for loop,0.207,-0.0034,1.0,0.2906,0.5744,5
v18,Python,transcript_only,2,120,180,continue,0.0604,0.0607,0.2463,0.6168,0.4686,6
v18,Python,transcript_only,2,120,180,nested loop,0.0987,0.0312,0.4432,0.4667,0.4573,7
v18,Python,transcript_only,2,120,180,iteration,0.0125,0.0698,0.0,0.6631,0.3979,8
v18,Python,transcript_only,2,120,180,break,0.0591,-0.0605,0.2396,0.0,0.0958,9
v18,Python,transcript_only,3,180,240,for loop,0.2244,0.1537,1.0,1.0,1.0,1
v18,Python,transcript_only,3,180,240,for,0.2003,0.0923,0.8845,0.7252,0.7889,2
v18,Python,transcript_only,3,180,240,nested loop,0.1098,0.1426,0.4506,0.9503,0.7504,3
v18,Python,transcript_only,3,180,240,index,0.0623,0.0948,0.2229,0.7363,0.531,4
v18,Python,transcript_only,3,180,240,range,0.1533,-0.0088,0.6592,0.2726,0.4272,5
v18,Python,transcript_only,3,180,240,continue,0.0651,0.0349,0.2363,0.4682,0.3755,6
v18,Python,transcript_only,3,180,240,break,0.0672,0.018,0.2464,0.3926,0.3341,7
v18,Python,transcript_only,3,180,240,list,0.099,-0.03,0.3988,0.1777,0.2662,8
v18,Python,transcript_only,3,180,240,iteration,0.0158,-0.0697,0.0,0.0,0.0,9
v18,Python,transcript_only,4,240,300,for,0.1844,0.0412,0.8843,0.7953,0.8309,1
v18,Python,transcript_only,4,240,300,index,0.0723,0.0612,0.3076,1.0,0.723,2
v18,Python,transcript_only,4,240,300,for loop,0.2069,-0.01,1.0,0.2712,0.5627,3
v18,Python,transcript_only,4,240,300,nested loop,0.0988,0.0061,0.4439,0.436,0.4392,4
v18,Python,transcript_only,4,240,300,list,0.1039,0.0038,0.4702,0.4125,0.4356,5
v18,Python,transcript_only,4,240,300,iteration,0.0125,0.0135,0.0,0.5118,0.3071,6
v18,Python,transcript_only,4,240,300,range,0.1329,-0.0272,0.6193,0.0952,0.3049,7
v18,Python,transcript_only,4,240,300,break,0.0592,-0.033,0.2402,0.0358,0.1176,8
v18,Python,transcript_only,4,240,300,continue,0.0604,-0.0365,0.2464,0.0,0.0986,9
v18,Python,transcript_only,5,300,360,for,0.1845,0.0504,0.8843,1.0,0.9537,1
v18,Python,transcript_only,5,300,360,for loop,0.207,0.0151,1.0,0.6361,0.7816,2
v18,Python,transcript_only,5,300,360,nested loop,0.0987,0.038,0.4432,0.8722,0.7006,3
v18,Python,transcript_only,5,300,360,list,0.1041,0.0164,0.471,0.6495,0.5781,4
v18,Python,transcript_only,5,300,360,index,0.0724,0.0137,0.308,0.6216,0.4962,5
v18,Python,transcript_only,5,300,360,range,0.133,-0.0237,0.6195,0.2361,0.3895,6
v18,Python,transcript_only,5,300,360,break,0.0591,-0.0023,0.2396,0.4567,0.3699,7
v18,Python,transcript_only,5,300,360,iteration,0.0125,0.0001,0.0,0.4814,0.2889,8
v18,Python,transcript_only,5,300,360,continue,0.0604,-0.0466,0.2463,0.0,0.0985,9
v18,Python,transcript_only,6,360,420,for,0.1473,0.3404,0.8949,1.0,0.958,1
v18,Python,transcript_only,6,360,420,for loop,0.1635,0.2623,1.0,0.7538,0.8523,2
v18,Python,transcript_only,6,360,420,list,0.0824,0.2704,0.4741,0.7793,0.6572,3
v18,Python,transcript_only,6,360,420,range,0.1037,0.1522,0.6122,0.4067,0.4889,4
v18,Python,transcript_only,6,360,420,nested loop,0.0808,0.182,0.4637,0.5006,0.4859,5
v18,Python,transcript_only,6,360,420,iteration,0.0093,0.2232,0.0,0.6305,0.3783,6
v18,Python,transcript_only,6,360,420,index,0.0576,0.0761,0.3132,0.1668,0.2254,7
v18,Python,transcript_only,6,360,420,break,0.0464,0.0442,0.2406,0.0662,0.136,8
v18,Python,transcript_only,6,360,420,continue,0.047,0.0232,0.2445,0.0,0.0978,9
v19,Python,transcript_only,0,0,60,for loop,0.2321,0.1591,1.0,0.9907,0.9944,1
v19,Python,transcript_only,0,0,60,break,0.0726,0.1606,0.2955,1.0,0.7182,2
v19,Python,transcript_only,0,0,60,for,0.2054,0.08,0.8821,0.4984,0.6519,3
v19,Python,transcript_only,0,0,60,nested loop,0.0854,0.1114,0.352,0.6938,0.5571,4
v19,Python,transcript_only,0,0,60,range,0.1317,0.0247,0.5565,0.1543,0.3152,5
v19,Python,transcript_only,0,0,60,continue,0.0546,0.0568,0.216,0.3541,0.2988,6
v19,Python,transcript_only,0,0,60,list,0.0183,0.0321,0.0557,0.2004,0.1425,7
v19,Python,transcript_only,0,0,60,iteration,0.0057,0.024,0.0,0.15,0.09,8
v19,Python,transcript_only,0,0,60,index,0.0265,-0.0001,0.0919,0.0,0.0367,9
v19,Python,transcript_only,1,60,120,nested loop,0.2061,0.3784,0.7813,1.0,0.9125,1
v19,Python,transcript_only,1,60,120,for loop,0.2627,0.317,1.0,0.8518,0.9111,2
v19,Python,transcript_only,1,60,120,break,0.1096,0.1656,0.4084,0.4862,0.4551,3
v19,Python,transcript_only,1,60,120,for,0.1639,0.0501,0.6182,0.2074,0.3717,4
v19,Python,transcript_only,1,60,120,continue,0.0955,0.0965,0.3539,0.3194,0.3332,5
v19,Python,transcript_only,1,60,120,range,0.0995,-0.0212,0.3694,0.0352,0.1689,6
v19,Python,transcript_only,1,60,120,list,0.0287,0.0014,0.0958,0.0898,0.0922,7
v19,Python,transcript_only,1,60,120,index,0.0288,-0.0108,0.0962,0.0604,0.0747,8
v19,Python,transcript_only,1,60,120,iteration,0.0039,-0.0358,0.0,0.0,0.0,9
v19,Python,transcript_only,2,120,180,break,0.0766,0.0651,0.325,1.0,0.73,1
v19,Python,transcript_only,2,120,180,for loop,0.228,0.0263,1.0,0.5119,0.7072,2
v19,Python,transcript_only,2,120,180,for,0.1837,0.0207,0.8025,0.4415,0.5859,3
v19,Python,transcript_only,2,120,180,nested loop,0.1112,0.021,0.4793,0.4453,0.4589,4
v19,Python,transcript_only,2,120,180,range,0.1111,0.0012,0.4788,0.1962,0.3093,5
v19,Python,transcript_only,2,120,180,list,0.0295,0.0061,0.115,0.2579,0.2007,6
v19,Python,transcript_only,2,120,180,iteration,0.0037,0.0046,0.0,0.239,0.1434,7
v19,Python,transcript_only,2,120,180,continue,0.0629,-0.0143,0.2639,0.0013,0.1063,8
v19,Python,transcript_only,2,120,180,index,0.0361,-0.0144,0.1444,0.0,0.0578,9
v19,Python,transcript_only,3,180,240,break,0.0799,0.2136,0.3302,1.0,0.7321,1
v19,Python,transcript_only,3,180,240,for loop,0.231,0.0866,1.0,0.379,0.6274,2
v19,Python,transcript_only,3,180,240,nested loop,0.128,0.1079,0.5434,0.4831,0.5073,3
v19,Python,transcript_only,3,180,240,for,0.1799,0.0553,0.7735,0.2259,0.4449,4
v19,Python,transcript_only,3,180,240,continue,0.069,0.0581,0.2819,0.2396,0.2565,5
v19,Python,transcript_only,3,180,240,range,0.113,0.0195,0.477,0.0509,0.2213,6
v19,Python,transcript_only,3,180,240,list,0.0437,0.0152,0.1698,0.0298,0.0858,7
v19,Python,transcript_only,3,180,240,index,0.0416,0.0133,0.1605,0.0205,0.0765,8
v19,Python,transcript_only,3,180,240,iteration,0.0054,0.0091,0.0,0.0,0.0,9
v19,Python,transcript_only,4,240,300,break,0.0642,0.2732,0.2837,1.0,0.7135,1
v19,Python,transcript_only,4,240,300,for,0.19,0.0822,0.8824,0.3319,0.5521,2
v19,Python,transcript_only,4,240,300,for loop,0.2147,0.0424,1.0,0.1927,0.5156,3
v19,Python,transcript_only,4,240,300,nested loop,0.08,0.0641,0.3589,0.2686,0.3047,4
v19,Python,transcript_only,4,240,300,range,0.1172,0.0176,0.5359,0.106,0.278,5
v19,Python,transcript_only,4,240,300,continue,0.0523,0.06,0.227,0.2543,0.2434,6
v19,Python,transcript_only,4,240,300,list,0.0382,0.0136,0.1599,0.092,0.1192,7
v19,Python,transcript_only,4,240,300,index,0.0426,-0.0127,0.1809,0.0,0.0723,8
v19,Python,transcript_only,4,240,300,iteration,0.0046,0.0124,0.0,0.0878,0.0527,9
v19,Python,transcript_only,5,300,360,continue,0.0604,0.1699,0.2463,1.0,0.6985,1
v19,Python,transcript_only,5,300,360,for,0.1846,0.0334,0.8848,0.3707,0.5763,2
v19,Python,transcript_only,5,300,360,range,0.1331,0.0607,0.6201,0.4965,0.5459,3
v19,Python,transcript_only,5,300,360,for loop,0.207,-0.0034,1.0,0.201,0.5206,4
v19,Python,transcript_only,5,300,360,nested loop,0.0986,0.0234,0.4427,0.3246,0.3718,5
v19,Python,transcript_only,5,300,360,list,0.1044,-0.0132,0.4725,0.1558,0.2825,6
v19,Python,transcript_only,5,300,360,index,0.0727,-0.0111,0.3095,0.1655,0.2231,7
v19,Python,transcript_only,5,300,360,break,0.0591,-0.047,0.2396,0.0,0.0958,8
v19,Python,transcript_only,5,300,360,iteration,0.0125,-0.0149,0.0,0.148,0.0888,9
v19,Python,transcript_only,6,360,420,for loop,0.207,0.1347,1.0,0.5707,0.7424,1
v19,Python,transcript_only,6,360,420,continue,0.0604,0.2497,0.2463,1.0,0.6985,2
v19,Python,transcript_only,6,360,420,for,0.1846,0.0633,0.8848,0.3042,0.5365,3
v19,Python,transcript_only,6,360,420,nested loop,0.0986,0.1394,0.4427,0.5883,0.53,4
v19,Python,transcript_only,6,360,420,range,0.1331,0.0629,0.6201,0.3027,0.4297,5
v19,Python,transcript_only,6,360,420,break,0.059,0.0809,0.2391,0.3699,0.3176,6
v19,Python,transcript_only,6,360,420,list,0.1045,-0.0125,0.473,0.0213,0.202,7
v19,Python,transcript_only,6,360,420,index,0.0727,-0.0067,0.3095,0.0429,0.1496,8
v19,Python,transcript_only,6,360,420,iteration,0.0125,-0.0182,0.0,0.0,0.0,9
v19,Python,transcript_only,7,420,480,continue,0.0604,0.6169,0.2463,1.0,0.6985,1
v19,Python,transcript_only,7,420,480,for loop,0.207,0.0731,1.0,0.1582,0.4949,2
v19,Python,transcript_only,7,420,480,for,0.1846,0.0114,0.8848,0.0627,0.3915,3
v19,Python,transcript_only,7,420,480,range,0.133,0.0873,0.6195,0.1802,0.3559,4
v19,Python,transcript_only,7,420,480,nested loop,0.0987,0.0543,0.4432,0.1291,0.2547,5
v19,Python,transcript_only,7,420,480,list,0.1043,-0.0199,0.472,0.0142,0.1973,6
v19,Python,transcript_only,7,420,480,index,0.0726,-0.0215,0.309,0.0118,0.1307,7
v19,Python,transcript_only,7,420,480,break,0.0591,-0.0291,0.2396,0.0,0.0958,8
v19,Python,transcript_only,7,420,480,iteration,0.0125,0.0551,0.0,0.1303,0.0782,9
v19,Python,transcript_only,8,480,540,continue,0.0604,0.1426,0.2463,1.0,0.6985,1
v19,Python,transcript_only,8,480,540,range,0.1331,0.0602,0.6201,0.5445,0.5747,2
v19,Python,transcript_only,8,480,540,for,0.1846,0.0224,0.8848,0.3355,0.5553,3
v19,Python,transcript_only,8,480,540,for loop,0.207,-0.0114,1.0,0.1487,0.4892,4
v19,Python,transcript_only,8,480,540,nested loop,0.0986,0.001,0.4427,0.2172,0.3074,5
v19,Python,transcript_only,8,480,540,list,0.1044,-0.0078,0.4725,0.1686,0.2902,6
v19,Python,transcript_only,8,480,540,index,0.0726,-0.0364,0.309,0.0105,0.1299,7
v19,Python,transcript_only,8,480,540,break,0.0591,-0.0383,0.2396,0.0,0.0958,8
v19,Python,transcript_only,8,480,540,iteration,0.0125,-0.0301,0.0,0.0453,0.0272,9
v19,Python,transcript_only,9,540,600,for loop,0.2183,0.1118,1.0,1.0,1.0,1
v19,Python,transcript_only,9,540,600,for,0.1925,0.0458,0.8813,0.547,0.6807,2
v19,Python,transcript_only,9,540,600,break,0.0666,0.0963,0.3022,0.8936,0.6571,3
v19,Python,transcript_only,9,540,600,continue,0.0485,0.0571,0.219,0.6246,0.4623,4
v19,Python,transcript_only,9,540,600,range,0.1098,0.0229,0.5009,0.3898,0.4343,5
v19,Python,transcript_only,9,540,600,list,0.0071,-0.0044,0.0285,0.2025,0.1329,6
v19,Python,transcript_only,9,540,600,nested loop,0.0712,-0.0339,0.3234,0.0,0.1293,7
v19,Python,transcript_only,9,540,600,iteration,0.0009,-0.0135,0.0,0.14,0.084,8
v19,Python,transcript_only,9,540,600,index,0.0284,-0.0282,0.1265,0.0391,0.0741,9
v19,Python,transcript_only,10,600,660,for,0.191,0.0481,0.8775,0.756,0.8046,1
v19,Python,transcript_only,10,600,660,for loop,0.2175,0.0151,1.0,0.6216,0.773,2
v19,Python,transcript_only,10,600,660,break,0.0669,0.108,0.3037,1.0,0.7215,3
v19,Python,transcript_only,10,600,660,range,0.1097,-0.0187,0.5016,0.4839,0.491,4
v19,Python,transcript_only,10,600,660,index,0.0283,0.0383,0.1253,0.7161,0.4798,5
v19,Python,transcript_only,10,600,660,list,0.0085,-0.0243,0.0337,0.4611,0.2902,6
v19,Python,transcript_only,10,600,660,iteration,0.0012,-0.0278,0.0,0.4468,0.2681,7
v19,Python,transcript_only,10,600,660,nested loop,0.0737,-0.1375,0.3352,0.0,0.1341,8
v19,Python,transcript_only,10,600,660,continue,0.0491,-0.1263,0.2215,0.0456,0.116,9
v2,Python,transcript_only,0,0,60,for loop,0.2563,0.2031,1.0,1.0,1.0,1
v2,Python,transcript_only,0,0,60,nested loop,0.152,0.1794,0.5627,0.8963,0.7629,2
v2,Python,transcript_only,0,0,60,range,0.1674,0.0856,0.6273,0.486,0.5425,3
v2,Python,transcript_only,0,0,60,for,0.2104,0.0067,0.8075,0.1409,0.4075,4
v2,Python,transcript_only,0,0,60,break,0.0883,0.0209,0.2956,0.203,0.24,5
v2,Python,transcript_only,0,0,60,continue,0.0803,0.0019,0.2621,0.1199,0.1767,6
v2,Python,transcript_only,0,0,60,index,0.0443,0.0017,0.1111,0.119,0.1158,7
v2,Python,transcript_only,0,0,60,list,0.0823,-0.0255,0.2704,0.0,0.1082,8
v2,Python,transcript_only,0,0,60,iteration,0.0178,0.0067,0.0,0.1409,0.0845,9
v2,Python,transcript_only,1,60,120,for loop,0.3046,0.2643,1.0,0.9774,0.9864,1
v2,Python,transcript_only,1,60,120,continue,0.0865,0.2706,0.2424,1.0,0.697,2
v2,Python,transcript_only,1,60,120,range,0.2472,0.1653,0.8006,0.6224,0.6937,3
v2,Python,transcript_only,1,60,120,for,0.2731,0.1014,0.8906,0.3933,0.5922,4
v2,Python,transcript_only,1,60,120,nested loop,0.1603,0.1498,0.4988,0.5669,0.5396,5
v2,Python,transcript_only,1,60,120,iteration,0.0308,0.1341,0.049,0.5106,0.3259,6
v2,Python,transcript_only,1,60,120,break,0.1041,0.0276,0.3036,0.1287,0.1987,7
v2,Python,transcript_only,1,60,120,list,0.0769,-0.0083,0.2091,0.0,0.0836,8
v2,Python,transcript_only,1,60,120,index,0.0167,0.0188,0.0,0.0972,0.0583,9
v2,Python,transcript_only,2,120,180,range,0.2013,0.1432,0.7618,1.0,0.9047,1
v2,Python,transcript_only,2,120,180,for loop,0.257,-0.04,1.0,0.1006,0.4604,2
v2,Python,transcript_only,2,120,180,nested loop,0.1298,0.0111,0.4559,0.3515,0.3933,3
v2,Python,transcript_only,2,120,180,for,0.2386,-0.0605,0.9213,0.0,0.3685,4
v2,Python,transcript_only,2,120,180,iteration,0.0232,0.007,0.0,0.3314,0.1988,5
v2,Python,transcript_only,2,120,180,list,0.0689,-0.0206,0.1955,0.1959,0.1957,6
v2,Python,transcript_only,2,120,180,continue,0.0718,-0.0269,0.2079,0.1649,0.1821,7
v2,Python,transcript_only,2,120,180,index,0.0249,-0.0067,0.0073,0.2641,0.1614,8
v2,Python,transcript_only,2,120,180,break,0.0857,-0.0443,0.2673,0.0795,0.1546,9
v2,Python,transcript_only,3,180,240,range,0.1853,0.1255,0.695,0.9537,0.8502,1
v2,Python,transcript_only,3,180,240,for loop,0.2582,0.0727,1.0,0.6588,0.7953,2
v2,Python,transcript_only,3,180,240,nested loop,0.1237,0.1317,0.4372,0.9883,0.7679,3
v2,Python,transcript_only,3,180,240,iteration,0.0192,0.1338,0.0,1.0,0.6,4
v2,Python,transcript_only,3,180,240,continue,0.0709,0.0862,0.2163,0.7342,0.5271,5
v2,Python,transcript_only,3,180,240,for,0.2305,-0.0453,0.8841,0.0,0.3536,6
v2,Python,transcript_only,3,180,240,list,0.0701,0.0235,0.213,0.3841,0.3157,7
v2,Python,transcript_only,3,180,240,index,0.0353,0.0059,0.0674,0.2859,0.1985,8
v2,Python,transcript_only,3,180,240,break,0.0832,-0.031,0.2678,0.0798,0.155,9
v2,Python,transcript_only,4,240,300,for loop,0.3044,0.3553,1.0,0.7984,0.879,1
v2,Python,transcript_only,4,240,300,for,0.2729,0.2811,0.8905,0.6388,0.7395,2
v2,Python,transcript_only,4,240,300,break,0.1041,0.449,0.3038,1.0,0.7215,3
v2,Python,transcript_only,4,240,300,nested loop,0.1602,0.3543,0.4988,0.7963,0.6773,4
v2,Python,transcript_only,4,240,300,range,0.247,0.0406,0.8005,0.1213,0.393,5
v2,Python,transcript_only,4,240,300,continue,0.0864,0.1891,0.2423,0.4408,0.3614,6
v2,Python,transcript_only,4,240,300,iteration,0.0307,0.0554,0.0487,0.1532,0.1114,7
v2,Python,transcript_only,4,240,300,list,0.0768,-0.0158,0.2089,0.0,0.0836,8
v2,Python,transcript_only,4,240,300,index,0.0167,0.0298,0.0,0.0981,0.0589,9
v2,Python,transcript_only,5,300,360,for,0.2561,0.3151,0.8849,0.636,0.7356,1
v2,Python,transcript_only,5,300,360,break,0.0956,0.4949,0.2647,1.0,0.7059,2
v2,Python,transcript_only,5,300,360,for loop,0.2859,0.1603,1.0,0.3227,0.5936,3
v2,Python,transcript_only,5,300,360,nested loop,0.1487,0.2267,0.4699,0.4571,0.4622,4
v2,Python,transcript_only,5,300,360,range,0.2254,0.0009,0.7662,0.0,0.3065,5
v2,Python,transcript_only,5,300,360,continue,0.0815,0.0682,0.2102,0.1362,0.1658,6
v2,Python,transcript_only,5,300,360,list,0.0817,0.0102,0.211,0.0188,0.0957,7
v2,Python,transcript_only,5,300,360,iteration,0.0273,0.0454,0.0008,0.0901,0.0544,8
v2,Python,transcript_only,5,300,360,index,0.0271,0.0103,0.0,0.019,0.0114,9
v2,Python,transcript_only,6,360,420,nested loop,0.1602,0.6886,0.4988,1.0,0.7995,1
v2,Python,transcript_only,6,360,420,for loop,0.3044,0.3848,1.0,0.5913,0.7548,2
v2,Python,transcript_only,6,360,420,for,0.2729,0.1866,0.8905,0.3246,0.551,3
v2,Python,transcript_only,6,360,420,break,0.1041,0.4771,0.3038,0.7155,0.5508,4
v2,Python,transcript_only,6,360,420,range,0.247,0.0909,0.8005,0.1959,0.4377,5
v2,Python,transcript_only,6,360,420,continue,0.0864,0.1273,0.2423,0.2449,0.2438,6
v2,Python,transcript_only,6,360,420,list,0.0768,-0.0547,0.2089,0.0,0.0836,7
v2,Python,transcript_only,6,360,420,index,0.0167,0.022,0.0,0.1032,0.0619,8
v2,Python,transcript_only,6,360,420,iteration,0.0307,-0.036,0.0487,0.0252,0.0346,9
v2,Python,transcript_only,7,420,480,for loop,0.3088,0.3708,1.0,0.8406,0.9043,1
v2,Python,transcript_only,7,420,480,for,0.2407,0.4208,0.7691,0.9556,0.881,2
v2,Python,transcript_only,7,420,480,nested loop,0.2057,0.4401,0.6504,1.0,0.8602,3
v2,Python,transcript_only,7,420,480,break,0.1185,0.3382,0.3547,0.7656,0.6012,4
v2,Python,transcript_only,7,420,480,range,0.2074,0.2251,0.6562,0.5054,0.5657,5
v2,Python,transcript_only,7,420,480,continue,0.1004,0.177,0.2933,0.3948,0.3542,6
v2,Python,transcript_only,7,420,480,iteration,0.024,0.179,0.0342,0.3994,0.2533,7
v2,Python,transcript_only,7,420,480,list,0.0596,0.1256,0.155,0.2765,0.2279,8
v2,Python,transcript_only,7,420,480,index,0.0139,0.0054,0.0,0.0,0.0,9
v2,Python,transcript_only,8,480,540,nested loop,0.2768,0.5038,0.8721,0.9872,0.9411,1
v2,Python,transcript_only,8,480,540,continue,0.1222,0.51,0.3675,1.0,0.747,2
v2,Python,transcript_only,8,480,540,for loop,0.316,0.2959,1.0,0.5567,0.734,3
v2,Python,transcript_only,8,480,540,range,0.1458,0.2845,0.4445,0.5331,0.4977,4
v2,Python,transcript_only,8,480,540,for,0.1907,0.2115,0.5911,0.382,0.4656,5
v2,Python,transcript_only,8,480,540,iteration,0.0135,0.3887,0.0127,0.7489,0.4544,6
v2,Python,transcript_only,8,480,540,break,0.1411,0.1867,0.4292,0.3306,0.3701,7
v2,Python,transcript_only,8,480,540,list,0.0329,0.1356,0.076,0.2248,0.1653,8
v2,Python,transcript_only,8,480,540,index,0.0096,0.027,0.0,0.0,0.0,9
v2,Python,transcript_only,9,540,600,range,0.2468,0.3721,0.8003,1.0,0.9201,1
v2,Python,transcript_only,9,540,600,for loop,0.3042,0.0192,1.0,0.1388,0.4833,2
v2,Python,transcript_only,9,540,600,for,0.2727,-0.0096,0.8904,0.0686,0.3973,3
v2,Python,transcript_only,9,540,600,nested loop,0.1602,0.0677,0.4991,0.2572,0.354,4
v2,Python,transcript_only,9,540,600,continue,0.0864,0.0448,0.2424,0.2013,0.2178,5
v2,Python,transcript_only,9,540,600,break,0.104,0.0065,0.3037,0.1079,0.1862,6
v2,Python,transcript_only,9,540,600,list,0.0768,0.0108,0.209,0.1184,0.1546,7
v2,Python,transcript_only,9,540,600,iteration,0.0307,0.0502,0.0487,0.2145,0.1482,8
v2,Python,transcript_only,9,540,600,index,0.0167,-0.0377,0.0,0.0,0.0,9
v2,Python,transcript_only,10,600,660,range,0.233,0.6647,0.7746,1.0,0.9098,1
v2,Python,transcript_only,10,600,660,for loop,0.2956,0.2064,1.0,0.3318,0.5991,2
v2,Python,transcript_only,10,600,660,for,0.2648,0.242,0.8891,0.3837,0.5859,3
v2,Python,transcript_only,10,600,660,nested loop,0.151,0.0457,0.4793,0.0975,0.2502,4
v2,Python,transcript_only,10,600,660,list,0.0697,0.1484,0.1865,0.2473,0.223,5
v2,Python,transcript_only,10,600,660,iteration,0.0277,0.1835,0.0353,0.2984,0.1932,6
v2,Python,transcript_only,10,600,660,break,0.1002,0.0367,0.2964,0.0844,0.1692,7
v2,Python,transcript_only,10,600,660,continue,0.0825,0.0567,0.2326,0.1136,0.1612,8
v2,Python,transcript_only,10,600,660,index,0.0179,-0.0212,0.0,0.0,0.0,9
v2,Python,transcript_only,11,660,720,range,0.2388,0.2933,0.7854,0.721,0.7468,1
v2,Python,transcript_only,11,660,720,list,0.0726,0.4287,0.1958,1.0,0.6783,2
v2,Python,transcript_only,11,660,720,for,0.2682,0.153,0.8897,0.4319,0.615,3
v2,Python,transcript_only,11,660,720,for loop,0.2993,0.0358,1.0,0.1904,0.5142,4
v2,Python,transcript_only,11,660,720,iteration,0.0289,0.2306,0.0408,0.5918,0.3714,5
v2,Python,transcript_only,11,660,720,continue,0.0841,0.1338,0.2366,0.3923,0.33,6
v2,Python,transcript_only,11,660,720,nested loop,0.1547,-0.0394,0.4871,0.0354,0.2161,7
v2,Python,transcript_only,11,660,720,break,0.1018,-0.0566,0.2994,0.0,0.1198,8
v2,Python,transcript_only,11,660,720,index,0.0174,-0.0449,0.0,0.0241,0.0145,9
v2,Python,transcript_only,12,720,780,range,0.2473,0.2493,0.801,1.0,0.9204,1
v2,Python,transcript_only,12,720,780,for loop,0.3046,0.0416,1.0,0.3254,0.5953,2
v2,Python,transcript_only,12,720,780,for,0.2731,0.0276,0.8906,0.28,0.5242,3
v2,Python,transcript_only,12,720,780,continue,0.0865,0.1054,0.2424,0.5326,0.4166,4
v2,Python,transcript_only,12,720,780,nested loop,0.1603,0.0104,0.4988,0.2241,0.334,5
v2,Python,transcript_only,12,720,780,break,0.1041,0.0187,0.3036,0.2511,0.2721,6
v2,Python,transcript_only,12,720,780,iteration,0.0308,0.0347,0.049,0.303,0.2014,7
v2,Python,transcript_only,12,720,780,list,0.0769,0.0018,0.2091,0.1962,0.2013,8
v2,Python,transcript_only,12,720,780,index,0.0167,-0.0586,0.0,0.0,0.0,9
v2,Python,transcript_only,13,780,840,for loop,0.3044,0.2213,1.0,1.0,1.0,1
v2,Python,transcript_only,13,780,840,range,0.247,0.1725,0.8005,0.819,0.8116,2
v2,Python,transcript_only,13,780,840,for,0.2729,0.0706,0.8905,0.441,0.6208,3
v2,Python,transcript_only,13,780,840,continue,0.0864,0.1778,0.2423,0.8386,0.6001,4
v2,Python,transcript_only,13,780,840,nested loop,0.1602,0.0616,0.4988,0.4076,0.4441,5
v2,Python,transcript_only,13,780,840,break,0.1041,0.008,0.3038,0.2088,0.2468,6
v2,Python,transcript_only,13,780,840,index,0.0167,0.0081,0.0,0.2092,0.1255,7
v2,Python,transcript_only,13,780,840,list,0.0768,-0.0483,0.2089,0.0,0.0836,8
v2,Python,transcript_only,13,780,840,iteration,0.0307,-0.0341,0.0487,0.0527,0.0511,9
v2,Python,transcript_only,14,840,900,for loop,0.2668,0.3516,1.0,1.0,1.0,1
v2,Python,transcript_only,14,840,900,for,0.2376,0.3112,0.8827,0.8937,0.8893,2
v2,Python,transcript_only,14,840,900,range,0.1872,0.2332,0.6803,0.6885,0.6852,3
v2,Python,transcript_only,14,840,900,nested loop,0.1219,0.0664,0.4181,0.2497,0.317,4
v2,Python,transcript_only,14,840,900,list,0.0467,0.1186,0.1161,0.387,0.2786,5
v2,Python,transcript_only,14,840,900,continue,0.07,0.0009,0.2096,0.0773,0.1303,6
v2,Python,transcript_only,14,840,900,break,0.0878,-0.0285,0.2811,0.0,0.1124,7
v2,Python,transcript_only,14,840,900,iteration,0.0178,0.031,0.0,0.1565,0.0939,8
v2,Python,transcript_only,14,840,900,index,0.0218,0.0001,0.0161,0.0752,0.0516,9
v20,Python,transcript_only,0,0,60,for,0.1893,0.5761,0.8848,1.0,0.9539,1
v20,Python,transcript_only,0,0,60,for loop,0.2122,0.3357,1.0,0.6291,0.7774,2
v20,Python,transcript_only,0,0,60,list,0.1027,0.4695,0.4489,0.8355,0.6809,3
v20,Python,transcript_only,0,0,60,range,0.1391,0.2007,0.6321,0.4208,0.5053,4
v20,Python,transcript_only,0,0,60,break,0.0615,0.1322,0.2416,0.3151,0.2857,5
v20,Python,transcript_only,0,0,60,nested loop,0.102,0.0157,0.4454,0.1353,0.2593,6
v20,Python,transcript_only,0,0,60,iteration,0.0135,0.159,0.0,0.3564,0.2139,7
v20,Python,transcript_only,0,0,60,continue,0.0618,-0.0422,0.2431,0.046,0.1248,8
v20,Python,transcript_only,0,0,60,index,0.0695,-0.072,0.2818,0.0,0.1127,9
v20,Python,transcript_only,1,60,120,for loop,0.2199,0.2061,1.0,1.0,1.0,1
v20,Python,transcript_only,1,60,120,for,0.1787,0.1959,0.8025,0.9617,0.898,2
v20,Python,transcript_only,1,60,120,list,0.0926,0.1412,0.3897,0.7561,0.6096,3
v20,Python,transcript_only,1,60,120,nested loop,0.1276,0.0237,0.5575,0.3145,0.4117,4
v20,Python,transcript_only,1,60,120,break,0.0711,0.0355,0.2867,0.3589,0.33,5
v20,Python,transcript_only,1,60,120,continue,0.0701,0.0149,0.2819,0.2815,0.2816,6
v20,Python,transcript_only,1,60,120,range,0.1264,-0.0463,0.5518,0.0515,0.2516,7
v20,Python,transcript_only,1,60,120,index,0.0648,-0.0511,0.2565,0.0334,0.1227,8
v20,Python,transcript_only,1,60,120,iteration,0.0113,-0.06,0.0,0.0,0.0,9
v20,Python,transcript_only,2,120,180,for loop,0.207,0.4941,1.0,1.0,1.0,1
v20,Python,transcript_only,2,120,180,for,0.1845,0.0993,0.8843,0.3204,0.5459,2
v20,Python,transcript_only,2,120,180,nested loop,0.0987,0.2644,0.4432,0.6046,0.54,3
v20,Python,transcript_only,2,120,180,range,0.133,-0.0203,0.6195,0.1145,0.3165,4
v20,Python,transcript_only,2,120,180,continue,0.0604,0.1081,0.2463,0.3355,0.2998,5
v20,Python,transcript_only,2,120,180,list,0.1042,0.0174,0.4715,0.1794,0.2962,6
v20,Python,transcript_only,2,120,180,break,0.0591,0.0868,0.2396,0.2988,0.2751,7
v20,Python,transcript_only,2,120,180,index,0.0725,-0.0123,0.3085,0.1282,0.2003,8
v20,Python,transcript_only,2,120,180,iteration,0.0125,-0.0868,0.0,0.0,0.0,9
v20,Python,transcript_only,3,180,240,for loop,0.2195,0.4101,1.0,1.0,1.0,1
v20,Python,transcript_only,3,180,240,nested loop,0.1067,0.2558,0.4487,0.6137,0.5477,2
v20,Python,transcript_only,3,180,240,for,0.1959,0.0404,0.8847,0.0744,0.3985,3
v20,Python,transcript_only,3,180,240,continue,0.0638,0.1357,0.239,0.313,0.2834,4
v20,Python,transcript_only,3,180,240,range,0.1477,0.0144,0.6491,0.0093,0.2652,5
v20,Python,transcript_only,3,180,240,list,0.1006,0.0551,0.4189,0.1112,0.2342,6
v20,Python,transcript_only,3,180,240,break,0.0649,0.0505,0.2444,0.0996,0.1575,7
v20,Python,transcript_only,3,180,240,index,0.0653,0.0491,0.2463,0.0961,0.1562,8
v20,Python,transcript_only,3,180,240,iteration,0.0149,0.0107,0.0,0.0,0.0,9
v20,Python,transcript_only,4,240,300,for loop,0.2094,0.2075,1.0,0.8625,0.9175,1
v20,Python,transcript_only,4,240,300,continue,0.0579,0.2492,0.2402,1.0,0.6961,2
v20,Python,transcript_only,4,240,300,nested loop,0.093,0.1808,0.4162,0.7745,0.6312,3
v20,Python,transcript_only,4,240,300,for,0.1861,0.0705,0.8831,0.4108,0.5997,4
v20,Python,transcript_only,4,240,300,list,0.0828,0.1482,0.3651,0.667,0.5462,5
v20,Python,transcript_only,4,240,300,range,0.1278,0.0759,0.5908,0.4286,0.4935,6
v20,Python,transcript_only,4,240,300,iteration,0.01,0.1855,0.0,0.79,0.474,7
v20,Python,transcript_only,4,240,300,index,0.0627,0.0275,0.2643,0.269,0.2671,8
v20,Python,transcript_only,4,240,300,break,0.0608,-0.0541,0.2548,0.0,0.1019,9
v20,Python,transcript_only,5,300,360,for loop,0.2349,0.2006,1.0,1.0,1.0,1
v20,Python,transcript_only,5,300,360,nested loop,0.1485,0.0986,0.6124,0.5056,0.5483,2
v20,Python,transcript_only,5,300,360,break,0.0814,0.0718,0.3114,0.3757,0.3499,3
v20,Python,transcript_only,5,300,360,range,0.1319,0.0264,0.5379,0.1556,0.3085,4
v20,Python,transcript_only,5,300,360,for,0.1826,-0.0057,0.7654,0.0,0.3061,5
v20,Python,transcript_only,5,300,360,index,0.0561,0.0425,0.1978,0.2336,0.2193,6
v20,Python,transcript_only,5,300,360,list,0.0841,0.014,0.3235,0.0955,0.1867,7
v20,Python,transcript_only,5,300,360,continue,0.0775,0.0091,0.2939,0.0717,0.1606,8
v20,Python,transcript_only,5,300,360,iteration,0.012,0.0001,0.0,0.0281,0.0169,9
v20,Python,transcript_only,6,360,420,for loop,0.2433,0.2293,1.0,1.0,1.0,1
v20,Python,transcript_only,6,360,420,nested loop,0.1217,0.1438,0.4571,0.6944,0.5995,2
v20,Python,transcript_only,6,360,420,range,0.1755,0.0597,0.6973,0.3939,0.5152,3
v20,Python,transcript_only,6,360,420,for,0.2174,-0.024,0.8844,0.0947,0.4106,4
v20,Python,transcript_only,6,360,420,break,0.0759,0.0608,0.2527,0.3978,0.3397,5
v20,Python,transcript_only,6,360,420,index,0.0516,0.0445,0.1442,0.3395,0.2614,6
v20,Python,transcript_only,6,360,420,list,0.0939,0.0068,0.333,0.2048,0.2561,7
v20,Python,transcript_only,6,360,420,continue,0.0701,0.0126,0.2268,0.2255,0.226,8
v20,Python,transcript_only,6,360,420,iteration,0.0193,-0.0505,0.0,0.0,0.0,9
v20,Python,transcript_only,7,420,480,for loop,0.2211,0.3293,1.0,0.5839,0.7504,1
v20,Python,transcript_only,7,420,480,index,0.0612,0.6042,0.2279,1.0,0.6912,2
v20,Python,transcript_only,7,420,480,range,0.1464,0.2939,0.6393,0.5303,0.5739,3
v20,Python,transcript_only,7,420,480,for,0.1971,0.1008,0.8841,0.2381,0.4965,4
v20,Python,transcript_only,7,420,480,nested loop,0.1047,0.1809,0.438,0.3593,0.3908,5
v20,Python,transcript_only,7,420,480,break,0.0658,0.2059,0.2501,0.3972,0.3383,6
v20,Python,transcript_only,7,420,480,list,0.0922,0.0035,0.3776,0.0908,0.2055,7
v20,Python,transcript_only,7,420,480,continue,0.0629,0.0275,0.2361,0.1271,0.1707,8
v20,Python,transcript_only,7,420,480,iteration,0.014,-0.0565,0.0,0.0,0.0,9
v20,Python,transcript_only,8,480,540,range,0.1578,0.5698,0.6675,1.0,0.867,1
v20,Python,transcript_only,8,480,540,for loop,0.2282,0.1174,1.0,0.2225,0.5335,2
v20,Python,transcript_only,8,480,540,for,0.2037,0.035,0.8843,0.0809,0.4023,3
v20,Python,transcript_only,8,480,540,index,0.0603,0.2075,0.2069,0.3774,0.3092,4
v20,Python,transcript_only,8,480,540,nested loop,0.1121,0.1094,0.4516,0.2088,0.3059,5
v20,Python,transcript_only,8,480,540,continue,0.0661,0.1697,0.2343,0.3124,0.2812,6
v20,Python,transcript_only,8,480,540,break,0.0689,0.0757,0.2475,0.1509,0.1895,7
v20,Python,transcript_only,8,480,540,list,0.0981,-0.0121,0.3855,0.0,0.1542,8
v20,Python,transcript_only,8,480,540,iteration,0.0165,0.044,0.0,0.0964,0.0578,9
v20,Python,transcript_only,9,540,600,index,0.0724,0.5206,0.308,1.0,0.7232,1
v20,Python,transcript_only,9,540,600,for,0.1845,0.0978,0.8843,0.1854,0.4649,2
v20,Python,transcript_only,9,540,600,for loop,0.207,0.0536,1.0,0.1002,0.4601,3
v20,Python,transcript_only,9,540,600,list,0.1041,0.2311,0.471,0.4422,0.4537,4
v20,Python,transcript_only,9,540,600,range,0.133,0.1078,0.6195,0.2046,0.3706,5
v20,Python,transcript_only,9,540,600,nested loop,0.0988,0.0198,0.4437,0.0351,0.1985,6
v20,Python,transcript_only,9,540,600,break,0.0591,0.0202,0.2396,0.0358,0.1173,7
v20,Python,transcript_only,9,540,600,continue,0.0604,0.0016,0.2463,0.0,0.0985,8
v20,Python,transcript_only,9,540,600,iteration,0.0125,0.0153,0.0,0.0264,0.0158,9
v20,Python,transcript_only,10,600,660,index,0.0724,0.4882,0.308,1.0,0.7232,1
v20,Python,transcript_only,10,600,660,for loop,0.207,0.1071,1.0,0.2171,0.5303,2
v20,Python,transcript_only,10,600,660,for,0.1845,0.1329,0.8843,0.2701,0.5158,3
v20,Python,transcript_only,10,600,660,list,0.1041,0.1667,0.471,0.3396,0.3921,4
v20,Python,transcript_only,10,600,660,range,0.133,0.0534,0.6195,0.1068,0.3119,5
v20,Python,transcript_only,10,600,660,nested loop,0.0988,0.0757,0.4437,0.1526,0.2691,6
v20,Python,transcript_only,10,600,660,continue,0.0604,0.0916,0.2463,0.1853,0.2097,7
v20,Python,transcript_only,10,600,660,iteration,0.0125,0.1556,0.0,0.3168,0.1901,8
v20,Python,transcript_only,10,600,660,break,0.0591,0.0014,0.2396,0.0,0.0958,9
v20,Python,transcript_only,11,660,720,for loop,0.2093,0.0897,1.0,0.6669,0.8001,1
v20,Python,transcript_only,11,660,720,list,0.1019,0.1409,0.4548,1.0,0.7819,2
v20,Python,transcript_only,11,660,720,for,0.1834,0.0924,0.8685,0.6845,0.7581,3
v20,Python,transcript_only,11,660,720,nested loop,0.1041,0.0455,0.466,0.3793,0.414,4
v20,Python,transcript_only,11,660,720,continue,0.0622,0.0496,0.2533,0.406,0.3449,5
v20,Python,transcript_only,11,660,720,range,0.1317,0.0093,0.6061,0.1438,0.3287,6
v20,Python,transcript_only,11,660,720,iteration,0.0123,0.0712,0.0,0.5465,0.3279,7
v20,Python,transcript_only,11,660,720,break,0.0614,0.0028,0.2492,0.1015,0.1606,8
v20,Python,transcript_only,11,660,720,index,0.071,-0.0128,0.298,0.0,0.1192,9
v20,Python,transcript_only,12,720,780,for loop,0.207,0.3401,1.0,0.8585,0.9151,1
v20,Python,transcript_only,12,720,780,index,0.0724,0.3999,0.308,1.0,0.7232,2
v20,Python,transcript_only,12,720,780,range,0.133,0.1989,0.6195,0.5243,0.5624,3
v20,Python,transcript_only,12,720,780,nested loop,0.0987,0.2192,0.4432,0.5723,0.5207,4
v20,Python,transcript_only,12,720,780,for,0.1845,0.0884,0.8843,0.2627,0.5114,5
v20,Python,transcript_only,12,720,780,break,0.0591,0.2625,0.2396,0.6748,0.5007,6
v20,Python,transcript_only,12,720,780,list,0.1041,0.1268,0.471,0.3536,0.4005,7
v20,Python,transcript_only,12,720,780,continue,0.0604,0.0537,0.2463,0.1806,0.2069,8
v20,Python,transcript_only,12,720,780,iteration,0.0125,-0.0226,0.0,0.0,0.0,9
v20,Python,transcript_only,13,780,840,for loop,0.2069,0.1312,1.0,0.8511,0.9107,1
v20,Python,transcript_only,13,780,840,break,0.0592,0.1523,0.2402,1.0,0.6961,2
v20,Python,transcript_only,13,780,840,for,0.1844,0.0385,0.8843,0.1969,0.4718,3
v20,Python,transcript_only,13,780,840,list,0.1039,0.0278,0.4702,0.1214,0.2609,4
v20,Python,transcript_only,13,780,840,range,0.1329,0.0106,0.6193,0.0,0.2477,5
v20,Python,transcript_only,13,780,840,nested loop,0.0988,0.016,0.4439,0.0381,0.2004,6
v20,Python,transcript_only,13,780,840,index,0.0723,0.0192,0.3076,0.0607,0.1595,7
v20,Python,transcript_only,13,780,840,continue,0.0604,0.0188,0.2464,0.0579,0.1333,8
v20,Python,transcript_only,13,780,840,iteration,0.0125,0.0362,0.0,0.1807,0.1084,9
v20,Python,transcript_only,14,840,900,for loop,0.2402,0.3981,1.0,1.0,1.0,1
v20,Python,transcript_only,14,840,900,break,0.0744,0.3545,0.2515,0.9034,0.6426,2
v20,Python,transcript_only,14,840,900,nested loop,0.1197,0.2596,0.456,0.6932,0.5983,3
v20,Python,transcript_only,14,840,900,for,0.2146,0.1029,0.8844,0.346,0.5614,4
v20,Python,transcript_only,14,840,900,range,0.1718,-0.0129,0.6912,0.0895,0.3302,5
v20,Python,transcript_only,14,840,900,continue,0.0693,0.1154,0.2284,0.3737,0.3156,6
v20,Python,transcript_only,14,840,900,list,0.0948,-0.026,0.3436,0.0605,0.1737,7
v20,Python,transcript_only,14,840,900,index,0.0535,-0.0063,0.1571,0.1041,0.1253,8
v20,Python,transcript_only,14,840,900,iteration,0.0187,-0.0533,0.0,0.0,0.0,9
v20,Python,transcript_only,15,900,960,break,0.061,0.1436,0.2476,1.0,0.699,1
v20,Python,transcript_only,15,900,960,for loop,0.209,-0.0152,1.0,0.1322,0.4793,2
v20,Python,transcript_only,15,900,960,list,0.1024,0.0337,0.4581,0.3995,0.4229,3
v20,Python,transcript_only,15,900,960,for,0.1836,-0.0322,0.8709,0.0393,0.372,4
v20,Python,transcript_only,15,900,960,range,0.132,-0.0038,0.6085,0.1945,0.3601,5
v20,Python,transcript_only,15,900,960,iteration,0.0123,0.0563,0.0,0.523,0.3138,6
v20,Python,transcript_only,15,900,960,continue,0.0619,0.0158,0.2522,0.3016,0.2818,7
v20,Python,transcript_only,15,900,960,nested loop,0.1032,-0.0219,0.4621,0.0956,0.2422,8
v20,Python,transcript_only,15,900,960,index,0.0713,-0.0394,0.2999,0.0,0.12,9
v20,Python,transcript_only,16,960,1020,for loop,0.207,0.2589,1.0,0.5356,0.7214,1
v20,Python,transcript_only,16,960,1020,continue,0.0604,0.4838,0.2463,1.0,0.6985,2
v20,Python,transcript_only,16,960,1020,for,0.1845,0.1185,0.8843,0.2457,0.5012,3
v20,Python,transcript_only,16,960,1020,range,0.133,0.1756,0.6195,0.3636,0.466,4
v20,Python,transcript_only,16,960,1020,nested loop,0.0987,0.2219,0.4432,0.4592,0.4528,5
v20,Python,transcript_only,16,960,1020,list,0.1042,0.1876,0.4715,0.3884,0.4216,6
v20,Python,transcript_only,16,960,1020,break,0.0591,0.2219,0.2396,0.4592,0.3714,7
v20,Python,transcript_only,16,960,1020,iteration,0.0125,0.1711,0.0,0.3543,0.2126,8
v20,Python,transcript_only,16,960,1020,index,0.0725,-0.0005,0.3085,0.0,0.1234,9
v20,Python,transcript_only,17,1020,1080,range,0.133,0.4002,0.6195,1.0,0.8478,1
v20,Python,transcript_only,17,1020,1080,continue,0.0604,0.2443,0.2463,0.6419,0.4836,2
v20,Python,transcript_only,17,1020,1080,for loop,0.207,-0.001,1.0,0.0783,0.447,3
v20,Python,transcript_only,17,1020,1080,for,0.1845,0.0138,0.8843,0.1123,0.4211,4
v20,Python,transcript_only,17,1020,1080,index,0.0725,0.1299,0.3085,0.379,0.3508,5
v20,Python,transcript_only,17,1020,1080,nested loop,0.0987,0.0213,0.4432,0.1296,0.255,6
v20,Python,transcript_only,17,1020,1080,list,0.1042,-0.0107,0.4715,0.0561,0.2222,7
v20,Python,transcript_only,17,1020,1080,iteration,0.0125,0.0644,0.0,0.2286,0.1371,8
v20,Python,transcript_only,17,1020,1080,break,0.0591,-0.0351,0.2396,0.0,0.0958,9
v20,Python,transcript_only,18,1080,1140,for loop,0.2459,0.5837,1.0,1.0,1.0,1
v20,Python,transcript_only,18,1080,1140,continue,0.0776,0.5323,0.2814,0.9165,0.6625,2
v20,Python,transcript_only,18,1080,1140,nested loop,0.1486,0.4064,0.5845,0.7121,0.6611,3
v20,Python,transcript_only,18,1080,1140,for,0.1926,0.1946,0.7724,0.3682,0.5299,4
v20,Python,transcript_only,18,1080,1140,range,0.1388,0.1775,0.5427,0.3405,0.4214,5
v20,Python,transcript_only,18,1080,1140,break,0.0866,0.2026,0.3198,0.3812,0.3567,6
v20,Python,transcript_only,18,1080,1140,index,0.0434,0.067,0.1354,0.1611,0.1508,7
v20,Python,transcript_only,18,1080,1140,iteration,0.0117,0.0729,0.0,0.1706,0.1024,8
v20,Python,transcript_only,18,1080,1140,list,0.0647,-0.0322,0.2263,0.0,0.0905,9
v20,Python,transcript_only,19,1140,1200,for loop,0.2423,0.4774,1.0,0.9109,0.9465,1
v20,Python,transcript_only,19,1140,1200,nested loop,0.1651,0.5291,0.6725,1.0,0.869,2
v20,Python,transcript_only,19,1140,1200,break,0.0911,0.3486,0.3585,0.6889,0.5567,3
v20,Python,transcript_only,19,1140,1200,for,0.1717,0.1538,0.7005,0.3532,0.4921,4
v20,Python,transcript_only,19,1140,1200,continue,0.082,0.1993,0.3199,0.4316,0.3869,5
v20,Python,transcript_only,19,1140,1200,index,0.043,0.0844,0.1544,0.2335,0.2019,6
v20,Python,transcript_only,19,1140,1200,range,0.1109,-0.0511,0.4425,0.0,0.177,7
v20,Python,transcript_only,19,1140,1200,list,0.0525,-0.0,0.1947,0.0881,0.1307,8
v20,Python,transcript_only,19,1140,1200,iteration,0.0066,-0.0142,0.0,0.0636,0.0382,9
v20,Python,transcript_only,20,1200,1260,nested loop,0.1988,0.4852,0.7374,1.0,0.8949,1
v20,Python,transcript_only,20,1200,1260,for loop,0.2684,0.2228,1.0,0.4989,0.6994,2
v20,Python,transcript_only,20,1200,1260,continue,0.0928,0.3813,0.3374,0.8016,0.6159,3
v20,Python,transcript_only,20,1200,1260,break,0.1114,0.2567,0.4075,0.5637,0.5012,4
v20,Python,transcript_only,20,1200,1260,for,0.1729,-0.0334,0.6396,0.0097,0.2617,5
v20,Python,transcript_only,20,1200,1260,range,0.1052,0.0118,0.3842,0.096,0.2113,6
v20,Python,transcript_only,20,1200,1260,iteration,0.0034,0.0261,0.0,0.1234,0.074,7
v20,Python,transcript_only,20,1200,1260,index,0.0176,-0.0065,0.0536,0.0611,0.0581,8
v20,Python,transcript_only,20,1200,1260,list,0.0108,-0.0385,0.0279,0.0,0.0112,9
v21,Python,transcript_only,0,0,60,nested loop,0.2766,0.6508,0.9631,1.0,0.9853,1
v21,Python,transcript_only,0,0,60,for loop,0.287,0.2492,1.0,0.4209,0.6525,2
v21,Python,transcript_only,0,0,60,break,0.1329,0.095,0.4539,0.1986,0.3007,3
v21,Python,transcript_only,0,0,60,continue,0.12,0.0985,0.4082,0.2036,0.2855,4
v21,Python,transcript_only,0,0,60,for,0.149,-0.0427,0.511,0.0,0.2044,5
v21,Python,transcript_only,0,0,60,range,0.0927,-0.0386,0.3115,0.0059,0.1281,6
v21,Python,transcript_only,0,0,60,list,0.0346,0.0103,0.1056,0.0764,0.0881,7
v21,Python,transcript_only,0,0,60,iteration,0.0048,0.0072,0.0,0.072,0.0432,8
v21,Python,transcript_only,0,0,60,index,0.0263,-0.0402,0.0762,0.0036,0.0326,9
v21,Python,transcript_only,1,60,120,nested loop,0.2184,0.5047,0.8327,1.0,0.9331,1
v21,Python,transcript_only,1,60,120,for loop,0.2608,0.2055,1.0,0.466,0.6796,2
v21,Python,transcript_only,1,60,120,break,0.1088,0.0928,0.4004,0.2649,0.3191,3
v21,Python,transcript_only,1,60,120,continue,0.1005,0.1049,0.3677,0.2865,0.3189,4
v21,Python,transcript_only,1,60,120,for,0.1606,-0.0216,0.6047,0.0607,0.2783,5
v21,Python,transcript_only,1,60,120,range,0.1059,-0.0556,0.389,0.0,0.1556,6
v21,Python,transcript_only,1,60,120,list,0.0573,0.0019,0.1972,0.1026,0.1405,7
v21,Python,transcript_only,1,60,120,iteration,0.0073,0.0054,0.0,0.1089,0.0653,8
v21,Python,transcript_only,1,60,120,index,0.0414,-0.0479,0.1345,0.0137,0.0621,9
v21,Python,transcript_only,2,120,180,nested loop,0.2117,0.1871,0.7937,1.0,0.9175,1
v21,Python,transcript_only,2,120,180,for loop,0.2659,0.1255,1.0,0.7414,0.8448,2
v21,Python,transcript_only,2,120,180,break,0.1125,0.1187,0.4161,0.7128,0.5941,3
v21,Python,transcript_only,2,120,180,for,0.1628,0.0112,0.6075,0.2615,0.3999,4
v21,Python,transcript_only,2,120,180,list,0.0225,0.0567,0.0735,0.4526,0.3009,5
v21,Python,transcript_only,2,120,180,continue,0.0973,-0.0221,0.3582,0.1217,0.2163,6
v21,Python,transcript_only,2,120,180,range,0.0972,-0.0511,0.3578,0.0,0.1431,7
v21,Python,transcript_only,2,120,180,iteration,0.0032,-0.0273,0.0,0.0999,0.0599,8
v21,Python,transcript_only,2,120,180,index,0.0253,-0.0469,0.0841,0.0176,0.0442,9
v21,Python,transcript_only,3,180,240,for loop,0.29,0.1188,1.0,1.0,1.0,1
v21,Python,transcript_only,3,180,240,for,0.1516,0.0488,0.5209,0.6183,0.5794,2
v21,Python,transcript_only,3,180,240,nested loop,0.2668,-0.0164,0.9197,0.2628,0.5256,3
v21,Python,transcript_only,3,180,240,break,0.1349,0.0257,0.4631,0.4924,0.4807,4
v21,Python,transcript_only,3,180,240,list,0.0035,0.0169,0.0083,0.4444,0.27,5
v21,Python,transcript_only,3,180,240,range,0.0854,-0.0263,0.2918,0.2088,0.242,6
v21,Python,transcript_only,3,180,240,continue,0.1158,-0.0646,0.397,0.0,0.1588,7
v21,Python,transcript_only,3,180,240,index,0.0122,-0.0238,0.0384,0.2225,0.1488,8
v21,Python,transcript_only,3,180,240,iteration,0.0011,-0.0484,0.0,0.0883,0.053,9
v21,Python,transcript_only,4,240,300,for loop,0.2804,0.0464,1.0,0.7324,0.8394,1
v21,Python,transcript_only,4,240,300,for,0.1572,0.0813,0.5589,1.0,0.8236,2
v21,Python,transcript_only,4,240,300,range,0.0887,0.0735,0.3136,0.9402,0.6896,3
v21,Python,transcript_only,4,240,300,list,0.0039,0.0639,0.01,0.8666,0.5239,4
v21,Python,transcript_only,4,240,300,break,0.1257,0.0232,0.4461,0.5544,0.5111,5
v21,Python,transcript_only,4,240,300,iteration,0.0011,0.0434,0.0,0.7094,0.4256,6
v21,Python,transcript_only,4,240,300,continue,0.1067,-0.0058,0.3781,0.3321,0.3505,7
v21,Python,transcript_only,4,240,300,nested loop,0.2403,-0.0491,0.8564,0.0,0.3426,8
v21,Python,transcript_only,4,240,300,index,0.0144,-0.0109,0.0476,0.2929,0.1948,9
v21,Python,transcript_only,5,300,360,for loop,0.2819,0.0533,1.0,1.0,1.0,1
v21,Python,transcript_only,5,300,360,for,0.1564,0.0331,0.5531,0.845,0.7282,2
v21,Python,transcript_only,5,300,360,break,0.1272,0.0156,0.4491,0.7107,0.606,3
v21,Python,transcript_only,5,300,360,range,0.0881,0.0101,0.3098,0.6685,0.525,4
v21,Python,transcript_only,5,300,360,list,0.0038,0.0003,0.0096,0.5932,0.3598,5
v21,Python,transcript_only,5,300,360,iteration,0.0011,-0.0004,0.0,0.5879,0.3527,6
v21,Python,transcript_only,5,300,360,nested loop,0.2445,-0.077,0.8668,0.0,0.3467,7
v21,Python,transcript_only,5,300,360,continue,0.1081,-0.0548,0.3811,0.1704,0.2546,8
v21,Python,transcript_only,5,300,360,index,0.014,-0.0341,0.0459,0.3292,0.2159,9
v21,Python,transcript_only,6,360,420,nested loop,0.308,0.2326,1.0,0.9974,0.9984,1
v21,Python,transcript_only,6,360,420,for loop,0.3052,0.2333,0.9909,1.0,0.9964,2
v21,Python,transcript_only,6,360,420,continue,0.13,0.0829,0.42,0.443,0.4338,3
v21,Python,transcript_only,6,360,420,break,0.1494,0.0411,0.4832,0.2881,0.3662,4
v21,Python,transcript_only,6,360,420,for,0.1431,-0.0134,0.4627,0.0863,0.2369,5
v21,Python,transcript_only,6,360,420,range,0.0802,-0.0367,0.2577,0.0,0.1031,6
v21,Python,transcript_only,6,360,420,index,0.0087,0.0011,0.0248,0.14,0.0939,7
v21,Python,transcript_only,6,360,420,list,0.0026,0.0023,0.0049,0.1444,0.0886,8
v21,Python,transcript_only,6,360,420,iteration,0.0011,-0.0198,0.0,0.0626,0.0376,9
v21,Python,transcript_only,7,420,480,for loop,0.2785,0.0575,1.0,0.9272,0.9563,1
v21,Python,transcript_only,7,420,480,nested loop,0.2354,0.0667,0.8446,1.0,0.9379,2
v21,Python,transcript_only,7,420,480,index,0.0148,0.0557,0.0494,0.913,0.5675,3
v21,Python,transcript_only,7,420,480,continue,0.105,0.0216,0.3745,0.6432,0.5357,4
v21,Python,transcript_only,7,420,480,list,0.004,0.0314,0.0105,0.7207,0.4366,5
v21,Python,transcript_only,7,420,480,break,0.124,-0.0078,0.443,0.4106,0.4236,6
v21,Python,transcript_only,7,420,480,for,0.1582,-0.0219,0.5663,0.2991,0.406,7
v21,Python,transcript_only,7,420,480,iteration,0.0011,-0.0228,0.0,0.2919,0.1752,8
v21,Python,transcript_only,7,420,480,range,0.0893,-0.0597,0.318,0.0,0.1272,9
v21,Python,transcript_only,8,480,540,nested loop,0.3609,0.4114,1.0,1.0,1.0,1
v21,Python,transcript_only,8,480,540,for loop,0.3248,0.3606,0.8997,0.8815,0.8888,2
v21,Python,transcript_only,8,480,540,break,0.1679,0.2233,0.4636,0.5612,0.5222,3
v21,Python,transcript_only,8,480,540,continue,0.1482,0.0866,0.4088,0.2424,0.309,4
v21,Python,transcript_only,8,480,540,for,0.1322,0.0725,0.3644,0.2095,0.2714,5
v21,Python,transcript_only,8,480,540,range,0.0736,0.0333,0.2015,0.118,0.1514,6
v21,Python,transcript_only,8,480,540,index,0.0043,0.0064,0.0089,0.0553,0.0367,7
v21,Python,transcript_only,8,480,540,iteration,0.0011,-0.0036,0.0,0.032,0.0192,8
v21,Python,transcript_only,8,480,540,list,0.0014,-0.0173,0.0008,0.0,0.0003,9
v21,Python,transcript_only,9,540,600,nested loop,0.3032,0.3694,0.9987,1.0,0.9995,1
v21,Python,transcript_only,9,540,600,for loop,0.3036,0.17,1.0,0.4702,0.6821,2
v21,Python,transcript_only,9,540,600,break,0.1477,0.112,0.4846,0.3162,0.3835,3
v21,Python,transcript_only,9,540,600,continue,0.1283,0.084,0.4205,0.2418,0.3133,4
v21,Python,transcript_only,9,540,600,for,0.1441,-0.003,0.4727,0.0106,0.1955,5
v21,Python,transcript_only,9,540,600,range,0.0808,-0.0055,0.2635,0.004,0.1078,6
v21,Python,transcript_only,9,540,600,iteration,0.0011,0.0371,0.0,0.1172,0.0703,7
v21,Python,transcript_only,9,540,600,list,0.0026,0.0164,0.005,0.0622,0.0393,8
v21,Python,transcript_only,9,540,600,index,0.0091,-0.007,0.0264,0.0,0.0106,9
v21,Python,transcript_only,10,600,660,nested loop,0.3185,0.4802,1.0,1.0,1.0,1
v21,Python,transcript_only,10,600,660,for loop,0.3091,0.2157,0.9704,0.4793,0.6758,2
v21,Python,transcript_only,10,600,660,break,0.153,0.0954,0.4786,0.2425,0.3369,3
v21,Python,transcript_only,10,600,660,continue,0.1336,0.099,0.4175,0.2496,0.3167,4
v21,Python,transcript_only,10,600,660,for,0.1409,-0.0274,0.4405,0.0008,0.1767,5
v21,Python,transcript_only,10,600,660,range,0.0789,-0.0278,0.2451,0.0,0.098,6
v21,Python,transcript_only,10,600,660,list,0.0024,0.0213,0.0041,0.0967,0.0596,7
v21,Python,transcript_only,10,600,660,iteration,0.0011,0.0156,0.0,0.0854,0.0513,8
v21,Python,transcript_only,10,600,660,index,0.0079,-0.0186,0.0214,0.0181,0.0194,9
v21,Python,transcript_only,11,660,720,nested loop,0.3601,0.3909,1.0,1.0,1.0,1
v21,Python,transcript_only,11,660,720,for loop,0.3244,0.2463,0.9005,0.6531,0.7521,2
v21,Python,transcript_only,11,660,720,break,0.1676,0.1605,0.4636,0.4472,0.4538,3
v21,Python,transcript_only,11,660,720,continue,0.1479,0.0391,0.4087,0.156,0.2571,4
v21,Python,transcript_only,11,660,720,for,0.1323,0.0286,0.3653,0.1308,0.2246,5
v21,Python,transcript_only,11,660,720,range,0.0737,0.0239,0.202,0.1195,0.1525,6
v21,Python,transcript_only,11,660,720,iteration,0.0012,0.0228,0.0,0.1168,0.0701,7
v21,Python,transcript_only,11,660,720,list,0.0015,0.0216,0.0008,0.114,0.0687,8
v21,Python,transcript_only,11,660,720,index,0.0044,-0.0259,0.0089,0.0,0.0036,9
v21,Python,transcript_only,12,720,780,nested loop,0.3196,0.3566,1.0,1.0,1.0,1
v21,Python,transcript_only,12,720,780,for loop,0.3096,0.2448,0.9686,0.7026,0.809,2
v21,Python,transcript_only,12,720,780,break,0.1534,0.1677,0.4782,0.4975,0.4898,3
v21,Python,transcript_only,12,720,780,continue,0.134,0.1499,0.4173,0.4501,0.437,4
v21,Python,transcript_only,12,720,780,for,0.1407,0.0091,0.4383,0.0756,0.2207,5
v21,Python,transcript_only,12,720,780,range,0.0787,0.033,0.2436,0.1391,0.1809,6
v21,Python,transcript_only,12,720,780,iteration,0.0011,-0.0001,0.0,0.0511,0.0306,7
v21,Python,transcript_only,12,720,780,index,0.0078,-0.0085,0.021,0.0287,0.0257,8
v21,Python,transcript_only,12,720,780,list,0.0023,-0.0193,0.0038,0.0,0.0015,9
v21,Python,transcript_only,13,780,840,nested loop,0.3595,0.4585,1.0,1.0,1.0,1
v21,Python,transcript_only,13,780,840,for loop,0.3241,0.2506,0.9012,0.5519,0.6916,2
v21,Python,transcript_only,13,780,840,break,0.1674,0.1801,0.4639,0.4,0.4255,3
v21,Python,transcript_only,13,780,840,continue,0.1477,0.1651,0.4089,0.3677,0.3842,4
v21,Python,transcript_only,13,780,840,for,0.1323,0.055,0.3659,0.1304,0.2246,5
v21,Python,transcript_only,13,780,840,range,0.0738,0.0328,0.2026,0.0825,0.1306,6
v21,Python,transcript_only,13,780,840,iteration,0.0012,0.0332,0.0,0.0834,0.05,7
v21,Python,transcript_only,13,780,840,list,0.0016,0.0017,0.0011,0.0155,0.0098,8
v21,Python,transcript_only,13,780,840,index,0.0045,-0.0055,0.0092,0.0,0.0037,9
v21,Python,transcript_only,14,840,900,for loop,0.2638,0.1783,1.0,0.872,0.9232,1
v21,Python,transcript_only,14,840,900,for,0.1601,0.2226,0.5978,1.0,0.8391,2
v21,Python,transcript_only,14,840,900,range,0.1025,0.1009,0.3743,0.6485,0.5388,3
v21,Python,transcript_only,14,840,900,break,0.1115,0.0441,0.4092,0.4844,0.4543,4
v21,Python,transcript_only,14,840,900,list,0.046,0.0504,0.1552,0.5026,0.3636,5
v21,Python,transcript_only,14,840,900,nested loop,0.2209,-0.1236,0.8336,0.0,0.3334,6
v21,Python,transcript_only,14,840,900,index,0.0357,0.0178,0.1152,0.4084,0.2911,7
v21,Python,transcript_only,14,840,900,continue,0.101,-0.0644,0.3685,0.171,0.25,8
v21,Python,transcript_only,14,840,900,iteration,0.006,-0.0161,0.0,0.3105,0.1863,9
v21,Python,transcript_only,15,900,960,for loop,0.2903,0.1125,1.0,0.9695,0.9817,1
v21,Python,transcript_only,15,900,960,for,0.1474,0.1157,0.5,0.9861,0.7916,2
v21,Python,transcript_only,15,900,960,range,0.0909,0.1184,0.3023,1.0,0.7209,3
v21,Python,transcript_only,15,900,960,nested loop,0.2843,0.0013,0.979,0.3951,0.6287,4
v21,Python,transcript_only,15,900,960,break,0.1361,0.0058,0.4605,0.4184,0.4352,5
v21,Python,transcript_only,15,900,960,index,0.0241,0.0198,0.0686,0.4907,0.3219,6
v21,Python,transcript_only,15,900,960,list,0.0312,-0.0057,0.0934,0.359,0.2528,7
v21,Python,transcript_only,15,900,960,iteration,0.0045,-0.0208,0.0,0.281,0.1686,8
v21,Python,transcript_only,15,900,960,continue,0.1225,-0.0752,0.4129,0.0,0.1652,9
v21,Python,transcript_only,16,960,1020,nested loop,0.3141,0.1177,1.0,0.6437,0.7862,1
v21,Python,transcript_only,16,960,1020,for loop,0.3035,0.1118,0.9659,0.6136,0.7545,2
v21,Python,transcript_only,16,960,1020,range,0.0839,0.1875,0.2598,1.0,0.7039,3
v21,Python,transcript_only,16,960,1020,break,0.1485,0.0479,0.4675,0.2874,0.3594,4
v21,Python,transcript_only,16,960,1020,for,0.1412,0.0485,0.4441,0.2905,0.3519,5
v21,Python,transcript_only,16,960,1020,continue,0.1324,0.0301,0.4158,0.1965,0.2842,6
v21,Python,transcript_only,16,960,1020,iteration,0.0031,0.0176,0.0,0.1327,0.0796,7
v21,Python,transcript_only,16,960,1020,list,0.0189,0.0025,0.0508,0.0556,0.0537,8
v21,Python,transcript_only,16,960,1020,index,0.0159,-0.0084,0.0412,0.0,0.0165,9
v21,Python,transcript_only,17,1020,1080,range,0.0977,0.204,0.2833,1.0,0.7133,1
v21,Python,transcript_only,17,1020,1080,for loop,0.3211,0.0597,0.9681,0.3646,0.606,2
v21,Python,transcript_only,17,1020,1080,nested loop,0.3315,0.0153,1.0,0.1691,0.5015,3
v21,Python,transcript_only,17,1020,1080,for,0.1517,0.0561,0.4488,0.3487,0.3888,4
v21,Python,transcript_only,17,1020,1080,break,0.1584,0.0444,0.4693,0.2972,0.3661,5
v21,Python,transcript_only,17,1020,1080,continue,0.139,0.0394,0.4099,0.2752,0.3291,6
v21,Python,transcript_only,17,1020,1080,list,0.0121,-0.023,0.0208,0.0004,0.0086,7
v21,Python,transcript_only,17,1020,1080,index,0.0062,-0.0224,0.0028,0.0031,0.003,8
v21,Python,transcript_only,17,1020,1080,iteration,0.0053,-0.0231,0.0,0.0,0.0,9
v21,Python,transcript_only,18,1080,1140,for loop,0.3232,0.2003,0.9268,1.0,0.9707,1
v21,Python,transcript_only,18,1080,1140,nested loop,0.3485,0.0936,1.0,0.5425,0.7255,2
v21,Python,transcript_only,18,1080,1140,range,0.0836,0.1035,0.2335,0.5849,0.4443,3
v21,Python,transcript_only,18,1080,1140,for,0.1403,0.0394,0.3976,0.31,0.345,4
v21,Python,transcript_only,18,1080,1140,continue,0.1443,0.013,0.4091,0.1968,0.2818,5
v21,Python,transcript_only,18,1080,1140,break,0.1639,-0.0127,0.4659,0.0866,0.2383,6
v21,Python,transcript_only,18,1080,1140,index,0.0051,0.0301,0.0064,0.2702,0.1646,7
v21,Python,transcript_only,18,1080,1140,iteration,0.0029,-0.019,0.0,0.0596,0.0358,8
v21,Python,transcript_only,18,1080,1140,list,0.0059,-0.0329,0.0087,0.0,0.0035,9
v21,Python,transcript_only,19,1140,1200,for loop,0.3233,0.2362,0.9274,1.0,0.9709,1
v21,Python,transcript_only,19,1140,1200,nested loop,0.3484,0.1559,1.0,0.6904,0.8143,2
v21,Python,transcript_only,19,1140,1200,for,0.1406,0.11,0.3986,0.5135,0.4675,3
v21,Python,transcript_only,19,1140,1200,break,0.1639,0.0267,0.466,0.1924,0.3018,4
v21,Python,transcript_only,19,1140,1200,continue,0.1443,0.0125,0.4093,0.1376,0.2463,5
v21,Python,transcript_only,19,1140,1200,range,0.084,0.0199,0.2347,0.1662,0.1936,6
v21,Python,transcript_only,19,1140,1200,index,0.0051,0.0225,0.0064,0.1762,0.1083,7
v21,Python,transcript_only,19,1140,1200,list,0.006,-0.0099,0.009,0.0513,0.0344,8
v21,Python,transcript_only,19,1140,1200,iteration,0.0029,-0.0232,0.0,0.0,0.0,9
v21,Python,transcript_only,20,1200,1260,nested loop,0.361,0.4653,1.0,1.0,1.0,1
v21,Python,transcript_only,20,1200,1260,for loop,0.3249,0.303,0.8997,0.6553,0.7531,2
v21,Python,transcript_only,20,1200,1260,continue,0.1482,0.1785,0.4087,0.391,0.3981,3
v21,Python,transcript_only,20,1200,1260,break,0.1679,0.1387,0.4635,0.3064,0.3692,4
v21,Python,transcript_only,20,1200,1260,for,0.1321,0.0207,0.364,0.0559,0.1791,5
v21,Python,transcript_only,20,1200,1260,range,0.0736,0.0359,0.2014,0.0881,0.1335,6
v21,Python,transcript_only,20,1200,1260,iteration,0.0011,0.0264,0.0,0.068,0.0408,7
v21,Python,transcript_only,20,1200,1260,list,0.0014,0.0098,0.0008,0.0327,0.02,8
v21,Python,transcript_only,20,1200,1260,index,0.0043,-0.0056,0.0089,0.0,0.0036,9
v21,Python,transcript_only,21,1260,1320,nested loop,0.3596,0.307,1.0,1.0,1.0,1
v21,Python,transcript_only,21,1260,1320,for loop,0.3242,0.1878,0.9012,0.6063,0.7243,2
v21,Python,transcript_only,21,1260,1320,continue,0.1477,0.1177,0.4088,0.3748,0.3884,3
v21,Python,transcript_only,21,1260,1320,break,0.1674,0.0883,0.4637,0.2777,0.3521,4
v21,Python,transcript_only,21,1260,1320,for,0.1323,0.0334,0.3658,0.0964,0.2042,5
v21,Python,transcript_only,21,1260,1320,range,0.0738,0.0556,0.2026,0.1697,0.1829,6
v21,Python,transcript_only,21,1260,1320,iteration,0.0012,0.0411,0.0,0.1219,0.0731,7
v21,Python,transcript_only,21,1260,1320,index,0.0045,0.0299,0.0092,0.0849,0.0546,8
v21,Python,transcript_only,21,1260,1320,list,0.0016,0.0042,0.0011,0.0,0.0004,9
v21,Python,transcript_only,22,1320,1380,nested loop,0.3599,0.2638,1.0,1.0,1.0,1
v21,Python,transcript_only,22,1320,1380,for loop,0.3243,0.2295,0.9008,0.8801,0.8884,2
v21,Python,transcript_only,22,1320,1380,continue,0.1478,0.1241,0.4087,0.5117,0.4705,3
v21,Python,transcript_only,22,1320,1380,break,0.1675,0.082,0.4636,0.3646,0.4042,4
v21,Python,transcript_only,22,1320,1380,for,0.1323,0.0641,0.3655,0.302,0.3274,5
v21,Python,transcript_only,22,1320,1380,range,0.0737,0.0178,0.2021,0.1402,0.1649,6
v21,Python,transcript_only,22,1320,1380,index,0.0044,0.0244,0.0089,0.1632,0.1015,7
v21,Python,transcript_only,22,1320,1380,iteration,0.0012,-0.0104,0.0,0.0416,0.025,8
v21,Python,transcript_only,22,1320,1380,list,0.0016,-0.0223,0.0011,0.0,0.0004,9
v21,Python,transcript_only,23,1380,1440,for loop,0.3239,0.2526,0.9019,1.0,0.9608,1
v21,Python,transcript_only,23,1380,1440,nested loop,0.359,0.2198,1.0,0.8941,0.9365,2
v21,Python,transcript_only,23,1380,1440,continue,0.1475,0.234,0.4089,0.94,0.7275,3
v21,Python,transcript_only,23,1380,1440,break,0.1671,0.1246,0.4637,0.5868,0.5376,4
v21,Python,transcript_only,23,1380,1440,for,0.1324,0.0664,0.3667,0.399,0.3861,5
v21,Python,transcript_only,23,1380,1440,index,0.0045,0.0538,0.0092,0.3583,0.2187,6
v21,Python,transcript_only,23,1380,1440,range,0.0739,0.0019,0.2032,0.1908,0.1957,7
v21,Python,transcript_only,23,1380,1440,iteration,0.0012,-0.0241,0.0,0.1068,0.0641,8
v21,Python,transcript_only,23,1380,1440,list,0.0017,-0.0572,0.0014,0.0,0.0006,9
v21,Python,transcript_only,24,1440,1500,nested loop,0.3599,0.3535,1.0,1.0,1.0,1
v21,Python,transcript_only,24,1440,1500,for loop,0.3243,0.1887,0.9008,0.496,0.6579,2
v21,Python,transcript_only,24,1440,1500,continue,0.1478,0.1597,0.4087,0.4073,0.4079,3
v21,Python,transcript_only,24,1440,1500,break,0.1675,0.0523,0.4636,0.0789,0.2328,4
v21,Python,transcript_only,24,1440,1500,for,0.1323,0.0265,0.3655,0.0,0.1462,5
v21,Python,transcript_only,24,1440,1500,iteration,0.0012,0.106,0.0,0.2431,0.1459,6
v21,Python,transcript_only,24,1440,1500,range,0.0737,0.0331,0.2021,0.0202,0.093,7
v21,Python,transcript_only,24,1440,1500,index,0.0044,0.0707,0.0089,0.1352,0.0847,8
v21,Python,transcript_only,24,1440,1500,list,0.0016,0.0521,0.0011,0.0783,0.0474,9
v21,Python,transcript_only,25,1500,1560,nested loop,0.3598,0.2974,1.0,1.0,1.0,1
v21,Python,transcript_only,25,1500,1560,for loop,0.3243,0.102,0.901,0.4726,0.644,2
v21,Python,transcript_only,25,1500,1560,continue,0.1478,0.129,0.4088,0.5455,0.4908,3
v21,Python,transcript_only,25,1500,1560,break,0.1675,-0.0102,0.4637,0.1698,0.2874,4
v21,Python,transcript_only,25,1500,1560,iteration,0.0012,0.0491,0.0,0.3298,0.1979,5
v21,Python,transcript_only,25,1500,1560,range,0.0737,-0.0037,0.2022,0.1873,0.1933,6
v21,Python,transcript_only,25,1500,1560,for,0.1323,-0.0731,0.3656,0.0,0.1462,7
v21,Python,transcript_only,25,1500,1560,index,0.0044,-0.0194,0.0089,0.1449,0.0905,8
v21,Python,transcript_only,25,1500,1560,list,0.0016,-0.0224,0.0011,0.1368,0.0826,9
v21,Python,transcript_only,26,1560,1620,break,0.0668,0.0598,0.3032,1.0,0.7213,1
v21,Python,transcript_only,26,1560,1620,for,0.1917,0.0279,0.8796,0.6081,0.7167,2
v21,Python,transcript_only,26,1560,1620,range,0.1097,0.0282,0.5012,0.6118,0.5675,3
v21,Python,transcript_only,26,1560,1620,for loop,0.2178,-0.0057,1.0,0.1953,0.5172,4
v21,Python,transcript_only,26,1560,1620,index,0.0284,0.0219,0.126,0.5344,0.371,5
v21,Python,transcript_only,26,1560,1620,continue,0.0489,0.0164,0.2206,0.4668,0.3683,6
v21,Python,transcript_only,26,1560,1620,nested loop,0.0727,-0.0045,0.3304,0.2101,0.2582,7
v21,Python,transcript_only,26,1560,1620,list,0.0079,-0.0111,0.0314,0.129,0.0899,8
v21,Python,transcript_only,26,1560,1620,iteration,0.0011,-0.0216,0.0,0.0,0.0,9
v22,Python,transcript_only,0,0,60,range,0.1789,0.5075,0.7026,1.0,0.881,1
v22,Python,transcript_only,0,0,60,for loop,0.2462,0.0088,1.0,0.0448,0.4269,2
v22,Python,transcript_only,0,0,60,for,0.2201,-0.008,0.8847,0.0126,0.3615,3
v22,Python,transcript_only,0,0,60,nested loop,0.1236,0.0259,0.4582,0.0776,0.2298,4
v22,Python,transcript_only,0,0,60,break,0.0773,0.0324,0.2536,0.09,0.1555,5
v22,Python,transcript_only,0,0,60,list,0.0931,-0.0146,0.3235,0.0,0.1294,6
v22,Python,transcript_only,0,0,60,continue,0.0709,0.0097,0.2254,0.0465,0.1181,7
v22,Python,transcript_only,0,0,60,index,0.0499,-0.0071,0.1326,0.0144,0.0616,8
v22,Python,transcript_only,0,0,60,iteration,0.0199,0.024,0.0,0.0739,0.0444,9
v22,Python,transcript_only,1,60,120,range,0.2118,0.448,0.7489,1.0,0.8996,1
v22,Python,transcript_only,1,60,120,for loop,0.2744,-0.0198,1.0,0.0586,0.4351,2
v22,Python,transcript_only,1,60,120,for,0.2456,-0.0194,0.8845,0.0594,0.3894,3
v22,Python,transcript_only,1,60,120,nested loop,0.1416,0.0126,0.4673,0.1238,0.2612,4
v22,Python,transcript_only,1,60,120,continue,0.0785,0.0597,0.2142,0.2186,0.2168,5
v22,Python,transcript_only,1,60,120,break,0.0904,-0.0038,0.2619,0.0908,0.1592,6
v22,Python,transcript_only,1,60,120,iteration,0.0251,0.0343,0.0,0.1674,0.1005,7
v22,Python,transcript_only,1,60,120,list,0.0846,-0.0489,0.2387,0.0,0.0955,8
v22,Python,transcript_only,1,60,120,index,0.0334,-0.0164,0.0333,0.0654,0.0526,9
v23,Java,transcript_only,0,0,60,object,0.0525,0.1597,0.6269,1.0,0.8508,1
v23,Java,transcript_only,0,0,60,method,0.0722,0.0378,1.0,0.1651,0.499,2
v23,Java,transcript_only,0,0,60,class,0.0429,0.0842,0.4451,0.4829,0.4678,3
v23,Java,transcript_only,0,0,60,implements,0.0233,0.0942,0.0739,0.5514,0.3604,4
v23,Java,transcript_only,0,0,60,interface,0.0389,0.0559,0.3693,0.289,0.3212,5
v23,Java,transcript_only,0,0,60,extends,0.0203,0.0721,0.017,0.4,0.2468,6
v23,Java,transcript_only,0,0,60,abstract class,0.0223,0.067,0.0549,0.3651,0.241,7
v23,Java,transcript_only,0,0,60,abstract method,0.0467,0.0137,0.517,0.0,0.2068,8
v23,Java,transcript_only,0,0,60,inheritance,0.0194,0.0387,0.0,0.1712,0.1027,9
v23,Java,transcript_only,1,60,120,object,0.0559,0.0802,0.6382,1.0,0.8553,1
v23,Java,transcript_only,1,60,120,abstract method,0.0512,0.0327,0.558,0.569,0.5646,2
v23,Java,transcript_only,1,60,120,method,0.0771,-0.0085,1.0,0.1951,0.5171,3
v23,Java,transcript_only,1,60,120,class,0.0406,0.0298,0.3771,0.5426,0.4764,4
v23,Java,transcript_only,1,60,120,inheritance,0.0185,0.0258,0.0,0.5064,0.3038,5
v23,Java,transcript_only,1,60,120,extends,0.0192,0.0234,0.0119,0.4846,0.2955,6
v23,Java,transcript_only,1,60,120,interface,0.0419,-0.03,0.3993,0.0,0.1597,7
v23,Java,transcript_only,1,60,120,implements,0.0219,-0.0051,0.058,0.226,0.1588,8
v23,Java,transcript_only,1,60,120,abstract class,0.0194,-0.0039,0.0154,0.2368,0.1482,9
v23,Java,transcript_only,2,120,180,object,0.0489,0.142,0.6167,1.0,0.8467,1
v23,Java,transcript_only,2,120,180,method,0.0727,0.0162,1.0,0.1729,0.5037,2
v23,Java,transcript_only,2,120,180,class,0.033,0.0507,0.3607,0.3997,0.3841,3
v23,Java,transcript_only,2,120,180,inheritance,0.0133,0.0578,0.0435,0.4464,0.2852,4
v23,Java,transcript_only,2,120,180,extends,0.0135,0.05,0.0467,0.3951,0.2558,5
v23,Java,transcript_only,2,120,180,abstract method,0.0463,-0.0101,0.5749,0.0,0.23,6
v23,Java,transcript_only,2,120,180,interface,0.0375,-0.0023,0.4332,0.0513,0.204,7
v23,Java,transcript_only,2,120,180,implements,0.015,-0.007,0.0709,0.0204,0.0406,8
v23,Java,transcript_only,2,120,180,abstract class,0.0106,-0.0073,0.0,0.0184,0.011,9
v23,Java,transcript_only,3,180,240,object,0.0492,0.1148,0.6191,0.9091,0.7931,1
v23,Java,transcript_only,3,180,240,method,0.0727,0.0748,1.0,0.6272,0.7763,2
v23,Java,transcript_only,3,180,240,class,0.0334,0.1277,0.363,1.0,0.7452,3
v23,Java,transcript_only,3,180,240,abstract method,0.0464,0.0014,0.5737,0.1099,0.2955,4
v23,Java,transcript_only,3,180,240,extends,0.0138,0.026,0.0454,0.2833,0.1881,5
v23,Java,transcript_only,3,180,240,inheritance,0.0135,0.0243,0.0405,0.2713,0.179,6
v23,Java,transcript_only,3,180,240,interface,0.0375,-0.0142,0.4295,0.0,0.1718,7
v23,Java,transcript_only,3,180,240,abstract class,0.011,0.0245,0.0,0.2727,0.1636,8
v23,Java,transcript_only,3,180,240,implements,0.0153,-0.014,0.0697,0.0014,0.0287,9
v23,Java,transcript_only,4,240,300,object,0.2408,0.5355,0.881,1.0,0.9524,1
v23,Java,transcript_only,4,240,300,abstract class,0.2522,0.1186,1.0,0.3005,0.5803,2
v23,Java,transcript_only,4,240,300,class,0.2406,0.1401,0.8789,0.3366,0.5535,3
v23,Java,transcript_only,4,240,300,implements,0.2054,0.1215,0.5115,0.3054,0.3878,4
v23,Java,transcript_only,4,240,300,method,0.1942,0.0368,0.3946,0.1633,0.2558,5
v23,Java,transcript_only,4,240,300,extends,0.1695,0.1303,0.1367,0.3201,0.2468,6
v23,Java,transcript_only,4,240,300,interface,0.1593,0.1103,0.0303,0.2866,0.1841,7
v23,Java,transcript_only,4,240,300,abstract method,0.1813,-0.0605,0.2599,0.0,0.104,8
v23,Java,transcript_only,4,240,300,inheritance,0.1564,0.0346,0.0,0.1596,0.0957,9
v23,Java,transcript_only,5,300,360,object,0.3502,0.405,0.754,1.0,0.9016,1
v23,Java,transcript_only,5,300,360,class,0.3589,0.1324,0.8081,0.1913,0.438,2
v23,Java,transcript_only,5,300,360,abstract class,0.3898,0.0883,1.0,0.0605,0.4363,3
v23,Java,transcript_only,5,300,360,implements,0.3139,0.1364,0.5286,0.2032,0.3334,4
v23,Java,transcript_only,5,300,360,method,0.2636,0.1519,0.2161,0.2492,0.236,5
v23,Java,transcript_only,5,300,360,interface,0.2288,0.1584,0.0,0.2685,0.1611,6
v23,Java,transcript_only,5,300,360,extends,0.2584,0.1058,0.1839,0.1124,0.141,7
v23,Java,transcript_only,5,300,360,inheritance,0.2379,0.1099,0.0565,0.1246,0.0974,8
v23,Java,transcript_only,5,300,360,abstract method,0.2584,0.0679,0.1839,0.0,0.0735,9
v23,Java,transcript_only,6,360,420,object,0.3372,0.1775,0.7632,1.0,0.9053,1
v23,Java,transcript_only,6,360,420,abstract class,0.3734,0.0922,1.0,0.5863,0.7518,2
v23,Java,transcript_only,6,360,420,class,0.3448,0.0767,0.8129,0.5112,0.6319,3
v23,Java,transcript_only,6,360,420,abstract method,0.2492,0.0602,0.1877,0.4311,0.3338,4
v23,Java,transcript_only,6,360,420,implements,0.301,0.0059,0.5265,0.1678,0.3113,5
v23,Java,transcript_only,6,360,420,method,0.2553,0.0173,0.2276,0.2231,0.2249,6
v23,Java,transcript_only,6,360,420,extends,0.2478,-0.0005,0.1785,0.1368,0.1535,7
v23,Java,transcript_only,6,360,420,inheritance,0.2282,0.0134,0.0504,0.2042,0.1426,8
v23,Java,transcript_only,6,360,420,interface,0.2205,-0.0287,0.0,0.0,0.0,9
v23,Java,transcript_only,7,420,480,object,0.2663,0.1676,0.8355,1.0,0.9342,1
v23,Java,transcript_only,7,420,480,abstract class,0.2842,0.0594,1.0,0.3778,0.6267,2
v23,Java,transcript_only,7,420,480,class,0.2682,0.0563,0.8529,0.36,0.5572,3
v23,Java,transcript_only,7,420,480,implements,0.2307,0.0241,0.5083,0.1748,0.3082,4
v23,Java,transcript_only,7,420,480,abstract method,0.1993,0.0315,0.2197,0.2174,0.2183,5
v23,Java,transcript_only,7,420,480,method,0.2104,-0.0061,0.3217,0.0012,0.1294,6
v23,Java,transcript_only,7,420,480,extends,0.1902,-0.003,0.136,0.019,0.0658,7
v23,Java,transcript_only,7,420,480,interface,0.1755,0.0042,0.0009,0.0604,0.0366,8
v23,Java,transcript_only,7,420,480,inheritance,0.1754,-0.0063,0.0,0.0,0.0,9
v23,Java,transcript_only,8,480,540,object,0.3429,0.4706,0.7591,1.0,0.9036,1
v23,Java,transcript_only,8,480,540,abstract class,0.3806,0.2265,1.0,0.4986,0.6991,2
v23,Java,transcript_only,8,480,540,class,0.351,0.1935,0.8109,0.4308,0.5828,3
v23,Java,transcript_only,8,480,540,implements,0.3067,0.1295,0.5278,0.2993,0.3907,4
v23,Java,transcript_only,8,480,540,extends,0.2525,0.1679,0.1815,0.3782,0.2995,5
v23,Java,transcript_only,8,480,540,inheritance,0.2325,0.1057,0.0537,0.2504,0.1717,6
v23,Java,transcript_only,8,480,540,method,0.2589,0.0205,0.2224,0.0754,0.1342,7
v23,Java,transcript_only,8,480,540,abstract method,0.2532,-0.0162,0.1859,0.0,0.0744,8
v23,Java,transcript_only,8,480,540,interface,0.2241,0.0004,0.0,0.0341,0.0205,9
v23,Java,transcript_only,9,540,600,object,0.4958,0.4569,0.6931,1.0,0.8773,1
v23,Java,transcript_only,9,540,600,abstract class,0.5731,0.1637,1.0,0.2887,0.5732,2
v23,Java,transcript_only,9,540,600,class,0.5164,0.1536,0.7749,0.2642,0.4685,3
v23,Java,transcript_only,9,540,600,implements,0.4584,0.108,0.5447,0.1536,0.31,4
v23,Java,transcript_only,9,540,600,method,0.3558,0.1429,0.1374,0.2382,0.1979,5
v23,Java,transcript_only,9,540,600,extends,0.3768,0.1178,0.2207,0.1773,0.1947,6
v23,Java,transcript_only,9,540,600,abstract method,0.3609,0.0944,0.1576,0.1206,0.1354,7
v23,Java,transcript_only,9,540,600,inheritance,0.3465,0.0916,0.1004,0.1138,0.1084,8
v23,Java,transcript_only,9,540,600,interface,0.3212,0.0447,0.0,0.0,0.0,9
v23,Java,transcript_only,10,600,660,object,0.4725,0.4139,0.6997,1.0,0.8799,1
v23,Java,transcript_only,10,600,660,abstract class,0.5438,0.0899,1.0,0.102,0.4612,2
v23,Java,transcript_only,10,600,660,class,0.4912,0.1282,0.7784,0.2081,0.4363,3
v23,Java,transcript_only,10,600,660,method,0.341,0.184,0.1457,0.3628,0.276,4
v23,Java,transcript_only,10,600,660,implements,0.4353,0.065,0.543,0.033,0.237,5
v23,Java,transcript_only,10,600,660,abstract method,0.3444,0.1473,0.1601,0.2611,0.2207,6
v23,Java,transcript_only,10,600,660,extends,0.3579,0.0667,0.2169,0.0377,0.1094,7
v23,Java,transcript_only,10,600,660,inheritance,0.3291,0.0701,0.0956,0.0471,0.0665,8
v23,Java,transcript_only,10,600,660,interface,0.3064,0.0531,0.0,0.0,0.0,9
v23,Java,transcript_only,11,660,720,object,0.4668,0.5568,0.7015,1.0,0.8806,1
v23,Java,transcript_only,11,660,720,abstract class,0.5366,0.1994,1.0,0.3228,0.5937,2
v23,Java,transcript_only,11,660,720,class,0.485,0.2105,0.7793,0.3439,0.518,3
v23,Java,transcript_only,11,660,720,implements,0.4296,0.1698,0.5423,0.2668,0.377,4
v23,Java,transcript_only,11,660,720,extends,0.3532,0.1461,0.2156,0.2219,0.2193,5
v23,Java,transcript_only,11,660,720,method,0.3374,0.1442,0.148,0.2183,0.1902,6
v23,Java,transcript_only,11,660,720,inheritance,0.3249,0.1075,0.0945,0.1487,0.127,7
v23,Java,transcript_only,11,660,720,interface,0.3028,0.0898,0.0,0.1152,0.0691,8
v23,Java,transcript_only,11,660,720,abstract method,0.3404,0.029,0.1608,0.0,0.0643,9
v23,Java,transcript_only,12,720,780,class,0.5156,0.2083,0.775,0.7816,0.779,1
v23,Java,transcript_only,12,720,780,method,0.3553,0.253,0.1376,1.0,0.655,2
v23,Java,transcript_only,12,720,780,abstract class,0.5722,0.1345,1.0,0.4211,0.6527,3
v23,Java,transcript_only,12,720,780,object,0.495,0.1056,0.693,0.2799,0.4452,4
v23,Java,transcript_only,12,720,780,abstract method,0.3603,0.146,0.1575,0.4773,0.3494,5
v23,Java,transcript_only,12,720,780,implements,0.4577,0.0585,0.5447,0.0498,0.2478,6
v23,Java,transcript_only,12,720,780,inheritance,0.346,0.1081,0.1006,0.2921,0.2155,7
v23,Java,transcript_only,12,720,780,extends,0.3762,0.0483,0.2207,0.0,0.0883,8
v23,Java,transcript_only,12,720,780,interface,0.3207,0.0715,0.0,0.1133,0.068,9
v23,Java,transcript_only,13,780,840,object,0.4444,0.1907,0.709,1.0,0.8836,1
v23,Java,transcript_only,13,780,840,class,0.4608,0.0411,0.7835,0.3395,0.5171,2
v23,Java,transcript_only,13,780,840,method,0.3232,0.1297,0.1578,0.7307,0.5015,3
v23,Java,transcript_only,13,780,840,abstract class,0.5084,-0.0358,1.0,0.0,0.4,4
v23,Java,transcript_only,13,780,840,abstract method,0.3246,0.0841,0.1642,0.5294,0.3833,5
v23,Java,transcript_only,13,780,840,implements,0.4074,0.0094,0.5407,0.1996,0.336,6
v23,Java,transcript_only,13,780,840,interface,0.2885,0.0661,0.0,0.4499,0.2699,7
v23,Java,transcript_only,13,780,840,extends,0.335,0.003,0.2115,0.1713,0.1874,8
v23,Java,transcript_only,13,780,840,inheritance,0.3082,0.017,0.0896,0.2331,0.1757,9
v23,Java,transcript_only,14,840,900,method,0.263,0.1609,0.217,1.0,0.6868,1
v23,Java,transcript_only,14,840,900,abstract method,0.2577,0.1581,0.1839,0.9818,0.6627,2
v23,Java,transcript_only,14,840,900,object,0.3492,0.0842,0.7544,0.5026,0.6033,3
v23,Java,transcript_only,14,840,900,abstract class,0.3886,0.036,1.0,0.19,0.514,4
v23,Java,transcript_only,14,840,900,class,0.3579,0.0313,0.8086,0.1595,0.4192,5
v23,Java,transcript_only,14,840,900,interface,0.2282,0.086,0.0,0.5143,0.3086,6
v23,Java,transcript_only,14,840,900,implements,0.313,0.0067,0.5287,0.0,0.2115,7
v23,Java,transcript_only,14,840,900,extends,0.2577,0.0396,0.1839,0.2134,0.2016,8
v23,Java,transcript_only,14,840,900,inheritance,0.2372,0.0244,0.0561,0.1148,0.0913,9
v23,Java,transcript_only,15,900,960,method,0.3561,0.268,0.1372,1.0,0.6549,1
v23,Java,transcript_only,15,900,960,class,0.5169,0.185,0.7751,0.5645,0.6488,2
v23,Java,transcript_only,15,900,960,abstract class,0.5736,0.136,1.0,0.3075,0.5845,3
v23,Java,transcript_only,15,900,960,object,0.4962,0.1534,0.693,0.3987,0.5164,4
v23,Java,transcript_only,15,900,960,abstract method,0.3612,0.1875,0.1575,0.5776,0.4096,5
v23,Java,transcript_only,15,900,960,implements,0.4588,0.0774,0.5446,0.0,0.2179,6
v23,Java,transcript_only,15,900,960,extends,0.3772,0.0917,0.2209,0.075,0.1334,7
v23,Java,transcript_only,15,900,960,inheritance,0.3468,0.1069,0.1004,0.1548,0.133,8
v23,Java,transcript_only,15,900,960,interface,0.3215,0.1067,0.0,0.1537,0.0922,9
v23,Java,transcript_only,16,960,1020,object,0.4053,0.1379,0.7247,1.0,0.8899,1
v23,Java,transcript_only,16,960,1020,class,0.4185,0.0831,0.7922,0.6267,0.6929,2
v23,Java,transcript_only,16,960,1020,method,0.2984,0.1174,0.1776,0.8604,0.5872,3
v23,Java,transcript_only,16,960,1020,abstract class,0.4591,-0.0089,1.0,0.0,0.4,4
v23,Java,transcript_only,16,960,1020,implements,0.3686,-0.0053,0.5368,0.0245,0.2295,5
v23,Java,transcript_only,16,960,1020,abstract method,0.2971,0.0284,0.1709,0.2541,0.2208,6
v23,Java,transcript_only,16,960,1020,inheritance,0.279,0.0257,0.0783,0.2357,0.1727,7
v23,Java,transcript_only,16,960,1020,interface,0.2637,0.0312,0.0,0.2732,0.1639,8
v23,Java,transcript_only,16,960,1020,extends,0.3032,-0.0009,0.2021,0.0545,0.1136,9
v23,Java,transcript_only,17,1020,1080,object,0.3904,0.2158,0.7309,0.7922,0.7677,1
v23,Java,transcript_only,17,1020,1080,method,0.289,0.2631,0.1864,1.0,0.6745,2
v23,Java,transcript_only,17,1020,1080,abstract method,0.2867,0.2484,0.174,0.9354,0.6309,3
v23,Java,transcript_only,17,1020,1080,abstract class,0.4405,0.0769,1.0,0.1819,0.5091,4
v23,Java,transcript_only,17,1020,1080,class,0.4024,0.0997,0.7954,0.2821,0.4874,5
v23,Java,transcript_only,17,1020,1080,implements,0.3538,0.0355,0.5344,0.0,0.2137,6
v23,Java,transcript_only,17,1020,1080,interface,0.2543,0.1109,0.0,0.3313,0.1988,7
v23,Java,transcript_only,17,1020,1080,inheritance,0.2679,0.0701,0.073,0.152,0.1204,8
v23,Java,transcript_only,17,1020,1080,extends,0.2911,0.0506,0.1976,0.0663,0.1189,9
v23,Java,transcript_only,18,1080,1140,object,0.4513,0.4393,0.6962,1.0,0.8785,1
v23,Java,transcript_only,18,1080,1140,abstract class,0.5206,0.1893,1.0,0.2436,0.5461,2
v23,Java,transcript_only,18,1080,1140,class,0.4712,0.1367,0.7834,0.0844,0.364,3
v23,Java,transcript_only,18,1080,1140,implements,0.4165,0.1387,0.5436,0.0905,0.2717,4
v23,Java,transcript_only,18,1080,1140,method,0.3262,0.189,0.1477,0.2427,0.2047,5
v23,Java,transcript_only,18,1080,1140,extends,0.3425,0.1514,0.2192,0.1289,0.165,6
v23,Java,transcript_only,18,1080,1140,abstract method,0.3285,0.1341,0.1578,0.0766,0.1091,7
v23,Java,transcript_only,18,1080,1140,inheritance,0.315,0.1088,0.0986,0.0,0.0395,8
v23,Java,transcript_only,18,1080,1140,interface,0.2925,0.1299,0.0,0.0638,0.0383,9
v23,Java,transcript_only,19,1140,1200,object,0.1235,0.2278,1.0,1.0,1.0,1
v23,Java,transcript_only,19,1140,1200,method,0.12,0.1564,0.9359,0.6464,0.7622,2
v23,Java,transcript_only,19,1140,1200,class,0.1137,0.1708,0.8205,0.7177,0.7588,3
v23,Java,transcript_only,19,1140,1200,implements,0.089,0.1867,0.3681,0.7964,0.6251,4
v23,Java,transcript_only,19,1140,1200,abstract class,0.1045,0.1243,0.652,0.4874,0.5532,5
v23,Java,transcript_only,19,1140,1200,interface,0.0848,0.1672,0.2912,0.6999,0.5364,6
v23,Java,transcript_only,19,1140,1200,extends,0.0741,0.1757,0.0952,0.742,0.4833,7
v23,Java,transcript_only,19,1140,1200,inheritance,0.0689,0.1861,0.0,0.7935,0.4761,8
v23,Java,transcript_only,19,1140,1200,abstract method,0.0988,0.0259,0.5476,0.0,0.219,9
v23,Java,transcript_only,20,1200,1260,object,0.0488,0.2288,0.6158,1.0,0.8463,1
v23,Java,transcript_only,20,1200,1260,method,0.0727,0.0938,1.0,0.2695,0.5617,2
v23,Java,transcript_only,20,1200,1260,class,0.0329,0.1263,0.3601,0.4453,0.4113,3
v23,Java,transcript_only,20,1200,1260,abstract method,0.0463,0.044,0.5756,0.0,0.2302,4
v23,Java,transcript_only,20,1200,1260,inheritance,0.0132,0.1002,0.0434,0.3041,0.1998,5
v23,Java,transcript_only,20,1200,1260,interface,0.0374,0.0483,0.4325,0.0233,0.187,6
v23,Java,transcript_only,20,1200,1260,extends,0.0134,0.0876,0.0466,0.2359,0.1602,7
v23,Java,transcript_only,20,1200,1260,implements,0.0149,0.0448,0.0707,0.0043,0.0309,8
v23,Java,transcript_only,20,1200,1260,abstract class,0.0105,0.0445,0.0,0.0027,0.0016,9
v23,Java,transcript_only,21,1260,1320,method,0.094,0.1556,1.0,1.0,1.0,1
v23,Java,transcript_only,21,1260,1320,object,0.0826,0.0908,0.795,0.6867,0.73,2
v23,Java,transcript_only,21,1260,1320,class,0.0694,0.1141,0.5576,0.7993,0.7026,3
v23,Java,transcript_only,21,1260,1320,abstract method,0.07,0.111,0.5683,0.7843,0.6979,4
v23,Java,transcript_only,21,1260,1320,interface,0.0588,0.0144,0.3669,0.3172,0.3371,5
v23,Java,transcript_only,21,1260,1320,abstract class,0.0529,0.0025,0.2608,0.2597,0.2601,6
v23,Java,transcript_only,21,1260,1320,inheritance,0.0384,-0.0024,0.0,0.236,0.1416,7
v23,Java,transcript_only,21,1260,1320,extends,0.0409,-0.0251,0.045,0.1262,0.0937,8
v23,Java,transcript_only,21,1260,1320,implements,0.0484,-0.0512,0.1799,0.0,0.0719,9
v23,Java,transcript_only,22,1320,1380,object,0.1424,0.1063,1.0,0.9227,0.9536,1
v23,Java,transcript_only,22,1320,1380,method,0.1319,0.105,0.8232,0.9136,0.8775,2
v23,Java,transcript_only,22,1320,1380,abstract method,0.1121,0.1174,0.4899,1.0,0.796,3
v23,Java,transcript_only,22,1320,1380,interface,0.0968,0.0818,0.2323,0.7521,0.5442,4
v23,Java,transcript_only,22,1320,1380,class,0.1341,0.0123,0.8603,0.2681,0.505,5
v23,Java,transcript_only,22,1320,1380,implements,0.1077,0.0222,0.4158,0.337,0.3686,6
v23,Java,transcript_only,22,1320,1380,abstract class,0.1282,-0.026,0.7609,0.0014,0.3052,7
v23,Java,transcript_only,22,1320,1380,extends,0.0895,-0.0262,0.1094,0.0,0.0438,8
v23,Java,transcript_only,22,1320,1380,inheritance,0.083,-0.0259,0.0,0.0021,0.0013,9
v23,Java,transcript_only,23,1380,1440,object,0.1068,0.1511,0.9509,1.0,0.9803,1
v23,Java,transcript_only,23,1380,1440,method,0.1094,0.0269,1.0,0.3561,0.6137,2
v23,Java,transcript_only,23,1380,1440,class,0.0957,0.0195,0.741,0.3178,0.4871,3
v23,Java,transcript_only,23,1380,1440,abstract method,0.0871,0.0346,0.5784,0.3961,0.469,4
v23,Java,transcript_only,23,1380,1440,interface,0.0742,0.0219,0.3346,0.3302,0.332,5
v23,Java,transcript_only,23,1380,1440,implements,0.0724,0.0103,0.3006,0.2701,0.2823,6
v23,Java,transcript_only,23,1380,1440,abstract class,0.0835,-0.0418,0.5104,0.0,0.2042,7
v23,Java,transcript_only,23,1380,1440,extends,0.0606,-0.01,0.0775,0.1649,0.1299,8
v23,Java,transcript_only,23,1380,1440,inheritance,0.0565,-0.0224,0.0,0.1006,0.0603,9
v23,Java,transcript_only,24,1440,1500,method,0.097,0.2648,1.0,0.9388,0.9633,1
v23,Java,transcript_only,24,1440,1500,abstract method,0.0733,0.2827,0.5699,1.0,0.8279,2
v23,Java,transcript_only,24,1440,1500,class,0.0746,0.0839,0.5935,0.3203,0.4296,3
v23,Java,transcript_only,24,1440,1500,object,0.0873,0.0271,0.824,0.1262,0.4053,4
v23,Java,transcript_only,24,1440,1500,interface,0.0618,0.1046,0.3612,0.3911,0.3791,5
v23,Java,transcript_only,24,1440,1500,abstract class,0.0589,0.0346,0.3085,0.1518,0.2145,6
v23,Java,transcript_only,24,1440,1500,implements,0.0531,0.0143,0.2033,0.0824,0.1307,7
v23,Java,transcript_only,24,1440,1500,inheritance,0.0419,0.0078,0.0,0.0602,0.0361,8
v23,Java,transcript_only,24,1440,1500,extends,0.0447,-0.0098,0.0508,0.0,0.0203,9
v23,Java,transcript_only,25,1500,1560,method,0.0701,0.2073,0.6567,0.9385,0.8258,1
v23,Java,transcript_only,25,1500,1560,abstract method,0.0406,0.2213,0.1032,1.0,0.6413,2
v23,Java,transcript_only,25,1500,1560,class,0.0873,0.0432,0.9794,0.2175,0.5222,3
v23,Java,transcript_only,25,1500,1560,object,0.0884,-0.0063,1.0,0.0,0.4,4
v23,Java,transcript_only,25,1500,1560,interface,0.0351,0.1177,0.0,0.5448,0.3269,5
v23,Java,transcript_only,25,1500,1560,abstract class,0.0591,0.0447,0.4503,0.2241,0.3146,6
v23,Java,transcript_only,25,1500,1560,implements,0.0502,0.0682,0.2833,0.3273,0.3097,7
v23,Java,transcript_only,25,1500,1560,extends,0.0531,0.0047,0.3377,0.0483,0.1641,8
v23,Java,transcript_only,25,1500,1560,inheritance,0.0498,-0.005,0.2758,0.0057,0.1137,9
v23,Java,transcript_only,26,1560,1620,object,0.0904,0.1433,0.8446,0.9009,0.8784,1
v23,Java,transcript_only,26,1560,1620,method,0.0989,0.1183,1.0,0.5949,0.7569,2
v23,Java,transcript_only,26,1560,1620,implements,0.0561,0.1514,0.2176,1.0,0.687,3
v23,Java,transcript_only,26,1560,1620,extends,0.0472,0.1449,0.0548,0.9204,0.5742,4
v23,Java,transcript_only,26,1560,1620,interface,0.0638,0.1217,0.3583,0.6365,0.5252,5
v23,Java,transcript_only,26,1560,1620,abstract class,0.0628,0.1027,0.34,0.4039,0.3784,6
v23,Java,transcript_only,26,1560,1620,class,0.0779,0.0832,0.6161,0.1652,0.3456,7
v23,Java,transcript_only,26,1560,1620,inheritance,0.0442,0.1083,0.0,0.4725,0.2835,8
v23,Java,transcript_only,26,1560,1620,abstract method,0.0755,0.0697,0.5722,0.0,0.2289,9
v23,Java,transcript_only,27,1620,1680,object,0.0863,0.2164,1.0,0.8409,0.9045,1
v23,Java,transcript_only,27,1620,1680,class,0.0844,0.1621,0.9627,0.6265,0.761,2
v23,Java,transcript_only,27,1620,1680,implements,0.0483,0.2567,0.2549,1.0,0.702,3
v23,Java,transcript_only,27,1620,1680,extends,0.051,0.2233,0.3078,0.8681,0.644,4
v23,Java,transcript_only,27,1620,1680,method,0.0702,0.1267,0.6843,0.4868,0.5658,5
v23,Java,transcript_only,27,1620,1680,abstract class,0.0566,0.166,0.4176,0.6419,0.5522,6
v23,Java,transcript_only,27,1620,1680,interface,0.0353,0.2339,0.0,0.91,0.546,7
v23,Java,transcript_only,27,1620,1680,inheritance,0.0479,0.1708,0.2471,0.6609,0.4953,8
v23,Java,transcript_only,27,1620,1680,abstract method,0.041,0.0034,0.1118,0.0,0.0447,9
v23,Java,transcript_only,28,1680,1740,implements,0.0826,0.1601,0.4756,1.0,0.7902,1
v23,Java,transcript_only,28,1680,1740,object,0.1249,0.0452,0.8804,0.1942,0.4687,2
v23,Java,transcript_only,28,1680,1740,interface,0.0329,0.1269,0.0,0.7672,0.4603,3
v23,Java,transcript_only,28,1680,1740,extends,0.0896,0.0742,0.5426,0.3976,0.4556,4
v23,Java,transcript_only,28,1680,1740,class,0.1374,0.028,1.0,0.0736,0.4442,5
v23,Java,transcript_only,28,1680,1740,inheritance,0.0835,0.0673,0.4842,0.3492,0.4032,6
v23,Java,transcript_only,28,1680,1740,abstract class,0.1039,0.0331,0.6794,0.1094,0.3374,7
v23,Java,transcript_only,28,1680,1740,method,0.0676,0.0656,0.3321,0.3373,0.3352,8
v23,Java,transcript_only,28,1680,1740,abstract method,0.0353,0.0175,0.023,0.0,0.0092,9
v23,Java,transcript_only,29,1740,1800,object,0.1481,0.1342,1.0,1.0,1.0,1
v23,Java,transcript_only,29,1740,1800,method,0.1356,0.1063,0.7944,0.7307,0.7562,2
v23,Java,transcript_only,29,1740,1800,implements,0.1134,0.1203,0.4293,0.8658,0.6912,3
v23,Java,transcript_only,29,1740,1800,class,0.1403,0.0745,0.8717,0.4237,0.6029,4
v23,Java,transcript_only,29,1740,1800,abstract class,0.1355,0.0756,0.7928,0.4344,0.5777,5
v23,Java,transcript_only,29,1740,1800,extends,0.0942,0.1183,0.1135,0.8465,0.5533,6
v23,Java,transcript_only,29,1740,1800,interface,0.1005,0.0723,0.2171,0.4025,0.3283,7
v23,Java,transcript_only,29,1740,1800,inheritance,0.0873,0.0731,0.0,0.4102,0.2461,8
v23,Java,transcript_only,29,1740,1800,abstract method,0.1162,0.0306,0.4753,0.0,0.1901,9
v23,Java,transcript_only,30,1800,1860,method,0.1058,0.0516,1.0,0.9157,0.9494,1
v23,Java,transcript_only,30,1800,1860,object,0.1011,0.0506,0.9123,0.8956,0.9023,2
v23,Java,transcript_only,30,1800,1860,implements,0.0667,0.0558,0.2705,1.0,0.7082,3
v23,Java,transcript_only,30,1800,1860,extends,0.0559,0.0502,0.069,0.8876,0.5601,4
v23,Java,transcript_only,30,1800,1860,class,0.0894,0.0244,0.694,0.3695,0.4993,5
v23,Java,transcript_only,30,1800,1860,abstract class,0.0762,0.0306,0.4478,0.494,0.4755,6
v23,Java,transcript_only,30,1800,1860,interface,0.0706,0.0263,0.3433,0.4076,0.3819,7
v23,Java,transcript_only,30,1800,1860,abstract method,0.083,0.006,0.5746,0.0,0.2299,8
v23,Java,transcript_only,30,1800,1860,inheritance,0.0522,0.0136,0.0,0.1526,0.0916,9
v23,Java,transcript_only,31,1860,1920,abstract class,0.1673,0.1611,1.0,0.9403,0.9642,1
v23,Java,transcript_only,31,1860,1920,object,0.1604,0.1717,0.8906,1.0,0.9563,2
v23,Java,transcript_only,31,1860,1920,class,0.1673,0.1054,1.0,0.6265,0.7759,3
v23,Java,transcript_only,31,1860,1920,implements,0.1363,0.152,0.5087,0.889,0.7369,4
v23,Java,transcript_only,31,1860,1920,extends,0.1129,0.1595,0.1379,0.9313,0.6139,5
v23,Java,transcript_only,31,1860,1920,method,0.1366,0.0695,0.5135,0.4242,0.4599,6
v23,Java,transcript_only,31,1860,1920,interface,0.106,0.0886,0.0285,0.5318,0.3305,7
v23,Java,transcript_only,31,1860,1920,inheritance,0.1042,0.0848,0.0,0.5104,0.3063,8
v23,Java,transcript_only,31,1860,1920,abstract method,0.1197,-0.0058,0.2456,0.0,0.0983,9
v24,Java,transcript_only,0,0,60,abstract method,0.1684,0.33,0.1069,1.0,0.6427,1
v24,Java,transcript_only,0,0,60,method,0.1845,0.3026,0.2111,0.9201,0.6365,2
v24,Java,transcript_only,0,0,60,abstract class,0.3063,0.0165,1.0,0.0857,0.4514,3
v24,Java,transcript_only,0,0,60,class,0.3009,0.0182,0.965,0.0907,0.4404,4
v24,Java,transcript_only,0,0,60,object,0.2786,-0.0049,0.8206,0.0233,0.3422,5
v24,Java,transcript_only,0,0,60,interface,0.1519,0.1441,0.0,0.4579,0.2747,6
v24,Java,transcript_only,0,0,60,extends,0.2127,0.0361,0.3938,0.1429,0.2433,7
v24,Java,transcript_only,0,0,60,implements,0.2436,-0.0129,0.5939,0.0,0.2376,8
v24,Java,transcript_only,0,0,60,inheritance,0.1961,0.0181,0.2863,0.0904,0.1688,9
v24,Java,transcript_only,1,60,120,method,0.1836,0.3348,0.2613,1.0,0.7045,1
v24,Java,transcript_only,1,60,120,abstract method,0.1668,0.3282,0.1351,0.9837,0.6443,2
v24,Java,transcript_only,1,60,120,class,0.2782,0.0115,0.9715,0.2029,0.5103,3
v24,Java,transcript_only,1,60,120,abstract class,0.282,-0.0336,1.0,0.0917,0.455,4
v24,Java,transcript_only,1,60,120,object,0.2655,-0.0708,0.8761,0.0,0.3505,5
v24,Java,transcript_only,1,60,120,interface,0.1488,0.1301,0.0,0.4953,0.2972,6
v24,Java,transcript_only,1,60,120,implements,0.226,-0.0581,0.5796,0.0313,0.2506,7
v24,Java,transcript_only,1,60,120,extends,0.1967,-0.032,0.3596,0.0957,0.2012,8
v24,Java,transcript_only,1,60,120,inheritance,0.1815,-0.0161,0.2455,0.1349,0.1791,9
v24,Java,transcript_only,2,120,180,method,0.1871,0.3224,0.3069,1.0,0.7228,1
v24,Java,transcript_only,2,120,180,abstract method,0.1719,0.3183,0.1733,0.9889,0.6627,2
v24,Java,transcript_only,2,120,180,class,0.2591,0.0127,0.9402,0.1627,0.4737,3
v24,Java,transcript_only,2,120,180,abstract class,0.2659,-0.0475,1.0,0.0,0.4,4
v24,Java,transcript_only,2,120,180,object,0.2523,-0.0359,0.8804,0.0314,0.371,5
v24,Java,transcript_only,2,120,180,interface,0.1522,0.1541,0.0,0.545,0.327,6
v24,Java,transcript_only,2,120,180,implements,0.2147,-0.001,0.5497,0.1257,0.2953,7
v24,Java,transcript_only,2,120,180,extends,0.1828,-0.0473,0.2691,0.0005,0.108,8
v24,Java,transcript_only,2,120,180,inheritance,0.1686,-0.0277,0.1442,0.0535,0.0898,9
v24,Java,transcript_only,3,180,240,method,0.0727,0.2933,1.0,0.9188,0.9513,1
v24,Java,transcript_only,3,180,240,abstract method,0.0463,0.3218,0.5749,1.0,0.83,2
v24,Java,transcript_only,3,180,240,interface,0.0374,0.1491,0.4316,0.508,0.4774,3
v24,Java,transcript_only,3,180,240,object,0.0489,-0.0218,0.6167,0.0211,0.2593,4
v24,Java,transcript_only,3,180,240,class,0.033,0.023,0.3607,0.1487,0.2335,5
v24,Java,transcript_only,3,180,240,implements,0.015,0.0284,0.0709,0.1641,0.1268,6
v24,Java,transcript_only,3,180,240,inheritance,0.0133,-0.0154,0.0435,0.0393,0.041,7
v24,Java,transcript_only,3,180,240,abstract class,0.0106,-0.006,0.0,0.0661,0.0397,8
v24,Java,transcript_only,3,180,240,extends,0.0135,-0.0292,0.0467,0.0,0.0187,9
v24,Java,transcript_only,4,240,300,method,0.0708,0.2129,0.8357,1.0,0.9343,1
v24,Java,transcript_only,4,240,300,abstract method,0.0421,0.157,0.1524,0.7742,0.5255,2
v24,Java,transcript_only,4,240,300,class,0.0725,0.0029,0.8762,0.1519,0.4416,3
v24,Java,transcript_only,4,240,300,object,0.0777,-0.0297,1.0,0.0202,0.4121,4
v24,Java,transcript_only,4,240,300,interface,0.0357,0.1137,0.0,0.5994,0.3596,5
v24,Java,transcript_only,4,240,300,implements,0.0406,-0.0059,0.1167,0.1163,0.1165,6
v24,Java,transcript_only,4,240,300,abstract class,0.0459,-0.0347,0.2429,0.0,0.0971,7
v24,Java,transcript_only,4,240,300,inheritance,0.0399,-0.0188,0.1,0.0642,0.0785,8
v24,Java,transcript_only,4,240,300,extends,0.0423,-0.0335,0.1571,0.0048,0.0658,9
v24,Java,transcript_only,5,300,360,method,0.0705,0.1214,0.7405,1.0,0.8962,1
v24,Java,transcript_only,5,300,360,object,0.0828,0.014,1.0,0.2797,0.5678,2
v24,Java,transcript_only,5,300,360,class,0.0797,-0.0037,0.9346,0.161,0.4704,3
v24,Java,transcript_only,5,300,360,abstract method,0.0414,0.0469,0.1266,0.5003,0.3508,4
v24,Java,transcript_only,5,300,360,interface,0.0354,0.0592,0.0,0.5828,0.3497,5
v24,Java,transcript_only,5,300,360,abstract class,0.0523,-0.0277,0.3565,0.0,0.1426,6
v24,Java,transcript_only,5,300,360,extends,0.0475,-0.0239,0.2553,0.0255,0.1174,7
v24,Java,transcript_only,5,300,360,implements,0.0452,-0.0246,0.2068,0.0208,0.0952,8
v24,Java,transcript_only,5,300,360,inheritance,0.0447,-0.0246,0.1962,0.0208,0.091,9
v24,Java,transcript_only,6,360,420,method,0.0727,0.1151,1.0,1.0,1.0,1
v24,Java,transcript_only,6,360,420,abstract method,0.0463,0.0746,0.5742,0.7186,0.6608,2
v24,Java,transcript_only,6,360,420,interface,0.0375,0.0872,0.4323,0.8061,0.6566,3
v24,Java,transcript_only,6,360,420,object,0.049,0.0458,0.6177,0.5184,0.5581,4
v24,Java,transcript_only,6,360,420,extends,0.0136,0.023,0.0468,0.36,0.2347,5
v24,Java,transcript_only,6,360,420,class,0.0332,-0.0288,0.3629,0.0,0.1452,6
v24,Java,transcript_only,6,360,420,implements,0.0151,-0.0114,0.071,0.1209,0.1009,7
v24,Java,transcript_only,6,360,420,abstract class,0.0107,-0.0076,0.0,0.1473,0.0884,8
v24,Java,transcript_only,6,360,420,inheritance,0.0134,-0.0146,0.0435,0.0987,0.0766,9
v24,Java,transcript_only,7,420,480,abstract method,0.1147,0.2082,0.0833,1.0,0.6333,1
v24,Java,transcript_only,7,420,480,method,0.1381,0.162,0.259,0.8112,0.5903,2
v24,Java,transcript_only,7,420,480,abstract class,0.2251,0.0067,0.9122,0.1765,0.4708,3
v24,Java,transcript_only,7,420,480,object,0.2203,0.0083,0.8761,0.1831,0.4603,4
v24,Java,transcript_only,7,420,480,class,0.2368,-0.0221,1.0,0.0588,0.4353,5
v24,Java,transcript_only,7,420,480,extends,0.1648,0.0513,0.4595,0.3588,0.3991,6
v24,Java,transcript_only,7,420,480,interface,0.1036,0.0909,0.0,0.5206,0.3124,7
v24,Java,transcript_only,7,420,480,inheritance,0.1524,0.0299,0.3664,0.2714,0.3094,8
v24,Java,transcript_only,7,420,480,implements,0.1792,-0.0365,0.5676,0.0,0.227,9
v24,Java,transcript_only,8,480,540,method,0.0677,0.1784,0.3375,0.7974,0.6135,1
v24,Java,transcript_only,8,480,540,abstract method,0.0355,0.2257,0.0243,1.0,0.6097,2
v24,Java,transcript_only,8,480,540,object,0.1237,0.0224,0.8823,0.1293,0.4305,3
v24,Java,transcript_only,8,480,540,class,0.1358,-0.0078,1.0,0.0,0.4,4
v24,Java,transcript_only,8,480,540,abstract class,0.1025,0.0275,0.6761,0.1512,0.3611,5
v24,Java,transcript_only,8,480,540,extends,0.0885,0.0378,0.5399,0.1953,0.3331,6
v24,Java,transcript_only,8,480,540,inheritance,0.0825,0.0215,0.4815,0.1255,0.2679,7
v24,Java,transcript_only,8,480,540,interface,0.033,0.0827,0.0,0.3876,0.2325,8
v24,Java,transcript_only,8,480,540,implements,0.0816,-0.0068,0.4728,0.0043,0.1917,9
v24,Java,transcript_only,9,540,600,abstract method,0.0755,0.2322,0.0562,1.0,0.6225,1
v24,Java,transcript_only,9,540,600,method,0.1034,0.1761,0.2865,0.7719,0.5777,2
v24,Java,transcript_only,9,540,600,class,0.1898,-0.0065,1.0,0.0293,0.4176,3
v24,Java,transcript_only,9,540,600,abstract class,0.1671,0.0146,0.8126,0.1151,0.3941,4
v24,Java,transcript_only,9,540,600,object,0.1749,-0.0137,0.877,0.0,0.3508,5
v24,Java,transcript_only,9,540,600,extends,0.1292,0.0203,0.4996,0.1383,0.2828,6
v24,Java,transcript_only,9,540,600,inheritance,0.1198,0.0238,0.422,0.1525,0.2603,7
v24,Java,transcript_only,9,540,600,implements,0.1329,0.0054,0.5301,0.0777,0.2587,8
v24,Java,transcript_only,9,540,600,interface,0.0687,0.0766,0.0,0.3672,0.2203,9
v24,Java,transcript_only,10,600,660,method,0.0831,0.1716,0.3083,0.8615,0.6402,1
v24,Java,transcript_only,10,600,660,abstract method,0.0539,0.2037,0.038,1.0,0.6152,2
v24,Java,transcript_only,10,600,660,class,0.1578,-0.013,1.0,0.0647,0.4388,3
v24,Java,transcript_only,10,600,660,abstract class,0.1313,-0.0086,0.7546,0.0837,0.3521,4
v24,Java,transcript_only,10,600,660,object,0.1421,-0.028,0.8546,0.0,0.3419,5
v24,Java,transcript_only,10,600,660,interface,0.0498,0.0946,0.0,0.5291,0.3175,6
v24,Java,transcript_only,10,600,660,inheritance,0.0973,0.0235,0.4398,0.2223,0.3093,7
v24,Java,transcript_only,10,600,660,extends,0.1048,0.0119,0.5093,0.1722,0.307,8
v24,Java,transcript_only,10,600,660,implements,0.1042,0.0032,0.5037,0.1347,0.2823,9
v24,Java,transcript_only,11,660,720,extends,0.059,0.0389,0.4842,1.0,0.7937,1
v24,Java,transcript_only,11,660,720,implements,0.0565,0.0187,0.4512,0.7578,0.6352,2
v24,Java,transcript_only,11,660,720,inheritance,0.0548,0.0196,0.4288,0.7686,0.6327,3
v24,Java,transcript_only,11,660,720,object,0.0772,0.0006,0.7243,0.5408,0.6142,4
v24,Java,transcript_only,11,660,720,abstract method,0.0223,0.0322,0.0,0.9197,0.5518,5
v24,Java,transcript_only,11,660,720,interface,0.0226,0.0297,0.004,0.8897,0.5354,6
v24,Java,transcript_only,11,660,720,method,0.05,0.0041,0.3654,0.5827,0.4958,7
v24,Java,transcript_only,11,660,720,class,0.0981,-0.0445,1.0,0.0,0.4,8
v24,Java,transcript_only,11,660,720,abstract class,0.072,-0.0388,0.6557,0.0683,0.3033,9
v25,Java,transcript_only,0,0,60,implements,0.2805,0.469,0.573,0.9946,0.8259,1
v25,Java,transcript_only,0,0,60,abstract class,0.3522,0.2932,1.0,0.6139,0.7683,2
v25,Java,transcript_only,0,0,60,interface,0.1843,0.4715,0.0,1.0,0.6,3
v25,Java,transcript_only,0,0,60,object,0.3101,0.2289,0.7493,0.4747,0.5845,4
v25,Java,transcript_only,0,0,60,class,0.3341,0.1545,0.8922,0.3136,0.545,5
v25,Java,transcript_only,0,0,60,extends,0.2378,0.1914,0.3186,0.3935,0.3635,6
v25,Java,transcript_only,0,0,60,inheritance,0.2189,0.1013,0.2061,0.1984,0.2014,7
v25,Java,transcript_only,0,0,60,method,0.2154,0.1014,0.1852,0.1986,0.1932,8
v25,Java,transcript_only,0,0,60,abstract method,0.205,0.0097,0.1233,0.0,0.0493,9
v25,Java,transcript_only,1,60,120,implements,0.3117,0.4151,0.5842,0.9196,0.7854,1
v25,Java,transcript_only,1,60,120,interface,0.1989,0.4505,0.0,1.0,0.6,2
v25,Java,transcript_only,1,60,120,class,0.3731,0.1299,0.9021,0.2722,0.5242,3
v25,Java,transcript_only,1,60,120,abstract class,0.392,0.0944,1.0,0.1916,0.515,4
v25,Java,transcript_only,1,60,120,object,0.3477,0.1348,0.7706,0.2833,0.4782,5
v25,Java,transcript_only,1,60,120,extends,0.2673,0.1047,0.3542,0.215,0.2707,6
v25,Java,transcript_only,1,60,120,method,0.2318,0.1519,0.1704,0.3221,0.2614,7
v25,Java,transcript_only,1,60,120,inheritance,0.2462,0.0901,0.245,0.1818,0.2071,8
v25,Java,transcript_only,1,60,120,abstract method,0.2211,0.01,0.115,0.0,0.046,9
v25,Java,transcript_only,2,120,180,implements,0.3616,0.3679,0.5445,0.9779,0.8045,1
v25,Java,transcript_only,2,120,180,interface,0.2534,0.3782,0.0,1.0,0.6,2
v25,Java,transcript_only,2,120,180,abstract class,0.4521,-0.0514,1.0,0.0777,0.4466,3
v25,Java,transcript_only,2,120,180,class,0.4122,0.0102,0.7992,0.21,0.4457,4
v25,Java,transcript_only,2,120,180,object,0.3912,-0.0528,0.6935,0.0747,0.3222,5
v25,Java,transcript_only,2,120,180,method,0.2853,0.03,0.1605,0.2525,0.2157,6
v25,Java,transcript_only,2,120,180,inheritance,0.2736,0.0041,0.1017,0.1969,0.1588,7
v25,Java,transcript_only,2,120,180,extends,0.2975,-0.0348,0.2219,0.1134,0.1568,8
v25,Java,transcript_only,2,120,180,abstract method,0.284,-0.0876,0.154,0.0,0.0616,9
v25,Java,transcript_only,3,180,240,method,0.2967,0.1646,0.149,1.0,0.6596,1
v25,Java,transcript_only,3,180,240,abstract method,0.2933,0.146,0.1343,0.9183,0.6047,2
v25,Java,transcript_only,3,180,240,implements,0.3937,0.0626,0.5678,0.5518,0.5582,3
v25,Java,transcript_only,3,180,240,class,0.4571,0.0146,0.8415,0.3409,0.5412,4
v25,Java,transcript_only,3,180,240,abstract class,0.4938,-0.0369,1.0,0.1147,0.4688,5
v25,Java,transcript_only,3,180,240,interface,0.2622,0.1126,0.0,0.7715,0.4629,6
v25,Java,transcript_only,3,180,240,object,0.4333,-0.063,0.7388,0.0,0.2955,7
v25,Java,transcript_only,3,180,240,inheritance,0.305,0.0008,0.1848,0.2803,0.2421,8
v25,Java,transcript_only,3,180,240,extends,0.3314,-0.0516,0.2988,0.0501,0.1496,9
v25,Java,transcript_only,4,240,300,implements,0.4575,0.6434,0.5446,0.9653,0.797,1
v25,Java,transcript_only,4,240,300,interface,0.3206,0.6657,0.0,1.0,0.6,2
v25,Java,transcript_only,4,240,300,abstract class,0.572,0.0572,1.0,0.0525,0.4315,3
v25,Java,transcript_only,4,240,300,class,0.5155,0.0565,0.7753,0.0514,0.3409,4
v25,Java,transcript_only,4,240,300,object,0.4949,0.0443,0.6933,0.0324,0.2968,5
v25,Java,transcript_only,4,240,300,method,0.3552,0.1396,0.1376,0.1808,0.1635,6
v25,Java,transcript_only,4,240,300,abstract method,0.3601,0.0984,0.1571,0.1166,0.1328,7
v25,Java,transcript_only,4,240,300,extends,0.3761,0.0351,0.2208,0.0181,0.0991,8
v25,Java,transcript_only,4,240,300,inheritance,0.3459,0.0235,0.1006,0.0,0.0403,9
v25,Java,transcript_only,5,300,360,implements,0.3542,0.5243,0.551,0.9208,0.7729,1
v25,Java,transcript_only,5,300,360,interface,0.245,0.5695,0.0,1.0,0.6,2
v25,Java,transcript_only,5,300,360,abstract class,0.4432,-0.0012,1.0,0.0,0.4,3
v25,Java,transcript_only,5,300,360,class,0.4066,0.043,0.8153,0.0774,0.3726,4
v25,Java,transcript_only,5,300,360,object,0.3849,0.0464,0.7059,0.0834,0.3324,5
v25,Java,transcript_only,5,300,360,method,0.277,0.1339,0.1615,0.2367,0.2066,6
v25,Java,transcript_only,5,300,360,extends,0.2932,0.0381,0.2432,0.0689,0.1386,7
v25,Java,transcript_only,5,300,360,inheritance,0.2697,0.0568,0.1246,0.1016,0.1108,8
v25,Java,transcript_only,5,300,360,abstract method,0.2743,0.0193,0.1478,0.0359,0.0807,9
v26,Java,transcript_only,0,0,60,implements,0.2648,0.7019,0.6139,0.8877,0.7782,1
v26,Java,transcript_only,0,0,60,interface,0.1543,0.7801,0.0,1.0,0.6,2
v26,Java,transcript_only,0,0,60,abstract class,0.3343,0.2899,1.0,0.2963,0.5778,3
v26,Java,transcript_only,0,0,60,class,0.333,0.0854,0.9928,0.0027,0.3987,4
v26,Java,transcript_only,0,0,60,object,0.3078,0.1445,0.8528,0.0876,0.3937,5
v26,Java,transcript_only,0,0,60,extends,0.2369,0.1804,0.4589,0.1391,0.267,6
v26,Java,transcript_only,0,0,60,abstract method,0.1704,0.3151,0.0894,0.3325,0.2353,7
v26,Java,transcript_only,0,0,60,inheritance,0.2186,0.0835,0.3572,0.0,0.1429,8
v26,Java,transcript_only,0,0,60,method,0.1888,0.1511,0.1917,0.097,0.1349,9
v26,Java,transcript_only,1,60,120,implements,0.336,0.5832,0.5941,0.9207,0.7901,1
v26,Java,transcript_only,1,60,120,abstract class,0.4233,0.4009,1.0,0.5586,0.7352,2
v26,Java,transcript_only,1,60,120,interface,0.2082,0.6231,0.0,1.0,0.6,3
v26,Java,transcript_only,1,60,120,abstract method,0.2313,0.4327,0.1074,0.6218,0.416,4
v26,Java,transcript_only,1,60,120,class,0.4052,0.1493,0.9159,0.0588,0.4016,5
v26,Java,transcript_only,1,60,120,object,0.3781,0.1272,0.7899,0.0149,0.3249,6
v26,Java,transcript_only,1,60,120,extends,0.2916,0.1792,0.3877,0.1182,0.226,7
v26,Java,transcript_only,1,60,120,method,0.2427,0.186,0.1604,0.1317,0.1432,8
v26,Java,transcript_only,1,60,120,inheritance,0.2686,0.1197,0.2808,0.0,0.1123,9
v26,Java,transcript_only,2,120,180,implements,0.1998,0.1326,0.5894,0.697,0.654,1
v26,Java,transcript_only,2,120,180,abstract class,0.2567,0.0838,0.8754,0.4389,0.6135,2
v26,Java,transcript_only,2,120,180,class,0.2815,0.0658,1.0,0.3437,0.6062,3
v26,Java,transcript_only,2,120,180,interface,0.0825,0.1899,0.0,1.0,0.6,4
v26,Java,transcript_only,2,120,180,object,0.2472,0.0394,0.8276,0.2041,0.4535,5
v26,Java,transcript_only,2,120,180,inheritance,0.182,0.0312,0.5,0.1608,0.2965,6
v26,Java,transcript_only,2,120,180,extends,0.1968,0.0202,0.5744,0.1026,0.2913,7
v26,Java,transcript_only,2,120,180,method,0.1169,0.0477,0.1729,0.248,0.218,8
v26,Java,transcript_only,2,120,180,abstract method,0.0871,0.0008,0.0231,0.0,0.0092,9
v26,Java,transcript_only,3,180,240,implements,0.1633,0.1333,0.5748,0.6761,0.6356,1
v26,Java,transcript_only,3,180,240,interface,0.0487,0.216,0.0015,1.0,0.6006,2
v26,Java,transcript_only,3,180,240,class,0.2483,0.0017,1.0,0.1606,0.4964,3
v26,Java,transcript_only,3,180,240,abstract class,0.2119,0.0079,0.8179,0.1849,0.4381,4
v26,Java,transcript_only,3,180,240,object,0.2121,-0.019,0.8189,0.0795,0.3753,5
v26,Java,transcript_only,3,180,240,inheritance,0.1587,-0.0064,0.5518,0.1289,0.298,6
v26,Java,transcript_only,3,180,240,extends,0.1713,-0.0393,0.6148,0.0,0.2459,7
v26,Java,transcript_only,3,180,240,method,0.0831,0.0237,0.1736,0.2468,0.2175,8
v26,Java,transcript_only,3,180,240,abstract method,0.0484,0.0028,0.0,0.1649,0.0989,9
v26,Java,transcript_only,4,240,300,abstract class,0.3226,0.1598,0.9606,0.7316,0.8232,1
v26,Java,transcript_only,4,240,300,class,0.3304,0.1026,1.0,0.5082,0.7049,2
v26,Java,transcript_only,4,240,300,interface,0.1323,0.2285,0.0,1.0,0.6,3
v26,Java,transcript_only,4,240,300,implements,0.2537,0.1138,0.6128,0.552,0.5763,4
v26,Java,transcript_only,4,240,300,method,0.1668,0.159,0.1742,0.7285,0.5068,5
v26,Java,transcript_only,4,240,300,abstract method,0.1443,0.1742,0.0606,0.7879,0.497,6
v26,Java,transcript_only,4,240,300,inheritance,0.2162,0.0797,0.4235,0.4188,0.4207,7
v26,Java,transcript_only,4,240,300,object,0.299,-0.0275,0.8415,0.0,0.3366,8
v26,Java,transcript_only,4,240,300,extends,0.2342,-0.0054,0.5144,0.0863,0.2576,9
v26,Java,transcript_only,5,300,360,class,0.2596,0.3595,1.0,0.9949,0.9969,1
v26,Java,transcript_only,5,300,360,abstract class,0.2549,0.2198,0.9676,0.6378,0.7697,2
v26,Java,transcript_only,5,300,360,implements,0.2013,0.3067,0.5979,0.8599,0.7551,3
v26,Java,transcript_only,5,300,360,method,0.1452,0.3242,0.211,0.9047,0.6272,4
v26,Java,transcript_only,5,300,360,inheritance,0.1668,0.2677,0.36,0.7602,0.6001,5
v26,Java,transcript_only,5,300,360,interface,0.1146,0.3615,0.0,1.0,0.6,6
v26,Java,transcript_only,5,300,360,object,0.2323,0.1192,0.8117,0.3806,0.5531,7
v26,Java,transcript_only,5,300,360,extends,0.1808,0.1878,0.4566,0.556,0.5162,8
v26,Java,transcript_only,5,300,360,abstract method,0.1252,-0.0297,0.0731,0.0,0.0292,9
v27,Java,transcript_only,0,0,60,extends,0.1602,0.3547,0.5792,1.0,0.8317,1
v27,Java,transcript_only,0,0,60,inheritance,0.1483,0.2768,0.5107,0.7293,0.6419,2
v27,Java,transcript_only,0,0,60,object,0.2001,0.1967,0.8089,0.451,0.5942,3
v27,Java,transcript_only,0,0,60,class,0.2333,0.1425,1.0,0.2627,0.5576,4
v27,Java,transcript_only,0,0,60,abstract class,0.205,0.1423,0.8371,0.262,0.492,5
v27,Java,transcript_only,0,0,60,implements,0.159,0.1194,0.5723,0.1824,0.3384,6
v27,Java,transcript_only,0,0,60,method,0.0921,0.114,0.1871,0.1637,0.173,7
v27,Java,transcript_only,0,0,60,interface,0.0596,0.0789,0.0,0.0417,0.025,8
v27,Java,transcript_only,0,0,60,abstract method,0.0614,0.0669,0.0104,0.0,0.0041,9
v27,Java,transcript_only,1,60,120,object,0.1914,0.235,0.8163,1.0,0.9265,1
v27,Java,transcript_only,1,60,120,class,0.2287,0.0608,1.0,0.33,0.598,2
v27,Java,transcript_only,1,60,120,abstract class,0.1855,0.0835,0.7873,0.4173,0.5653,3
v27,Java,transcript_only,1,60,120,extends,0.1563,0.0699,0.6435,0.365,0.4764,4
v27,Java,transcript_only,1,60,120,implements,0.1417,0.0615,0.5716,0.3327,0.4283,5
v27,Java,transcript_only,1,60,120,inheritance,0.145,-0.025,0.5879,0.0,0.2352,6
v27,Java,transcript_only,1,60,120,method,0.0632,0.0354,0.1851,0.2323,0.2134,7
v27,Java,transcript_only,1,60,120,interface,0.0288,0.0321,0.0158,0.2196,0.1381,8
v27,Java,transcript_only,1,60,120,abstract method,0.0256,0.0331,0.0,0.2235,0.1341,9
v27,Java,transcript_only,2,120,180,abstract class,0.1856,0.2793,0.7871,1.0,0.9148,1
v27,Java,transcript_only,2,120,180,class,0.2289,0.2329,1.0,0.8468,0.9081,2
v27,Java,transcript_only,2,120,180,object,0.1915,0.2307,0.8161,0.8396,0.8302,3
v27,Java,transcript_only,2,120,180,extends,0.1564,0.1705,0.6436,0.6408,0.6419,4
v27,Java,transcript_only,2,120,180,implements,0.1418,0.1747,0.5718,0.6547,0.6215,5
v27,Java,transcript_only,2,120,180,inheritance,0.1452,0.0553,0.5885,0.2605,0.3917,6
v27,Java,transcript_only,2,120,180,method,0.0631,0.0762,0.1849,0.3295,0.2716,7
v27,Java,transcript_only,2,120,180,interface,0.0287,0.0665,0.0157,0.2975,0.1848,8
v27,Java,transcript_only,2,120,180,abstract method,0.0255,-0.0236,0.0,0.0,0.0,9
v27,Java,transcript_only,3,180,240,class,0.2503,0.2087,1.0,0.907,0.9442,1
v27,Java,transcript_only,3,180,240,abstract class,0.2145,0.2326,0.8208,1.0,0.9283,2
v27,Java,transcript_only,3,180,240,object,0.2142,0.2113,0.8193,0.9172,0.878,3
v27,Java,transcript_only,3,180,240,implements,0.1654,0.1034,0.5751,0.4975,0.5285,4
v27,Java,transcript_only,3,180,240,extends,0.1728,0.0774,0.6121,0.3963,0.4827,5
v27,Java,transcript_only,3,180,240,method,0.085,0.1083,0.1727,0.5165,0.379,6
v27,Java,transcript_only,3,180,240,interface,0.0506,0.0839,0.0005,0.4216,0.2532,7
v27,Java,transcript_only,3,180,240,inheritance,0.1601,-0.0245,0.5485,0.0,0.2194,8
v27,Java,transcript_only,3,180,240,abstract method,0.0505,-0.0103,0.0,0.0552,0.0331,9
v27,Java,transcript_only,4,240,300,extends,0.1851,0.1518,0.592,1.0,0.8368,1
v27,Java,transcript_only,4,240,300,class,0.2663,0.0924,1.0,0.5787,0.7472,2
v27,Java,transcript_only,4,240,300,method,0.1016,0.1399,0.1724,0.9156,0.6183,3
v27,Java,transcript_only,4,240,300,abstract class,0.2363,0.0655,0.8492,0.3879,0.5725,4
v27,Java,transcript_only,4,240,300,implements,0.1832,0.0881,0.5824,0.5482,0.5619,5
v27,Java,transcript_only,4,240,300,inheritance,0.1714,0.0828,0.5231,0.5106,0.5156,6
v27,Java,transcript_only,4,240,300,abstract method,0.0696,0.1122,0.0116,0.7191,0.4361,7
v27,Java,transcript_only,4,240,300,object,0.2312,0.0108,0.8236,0.0,0.3294,8
v27,Java,transcript_only,4,240,300,interface,0.0673,0.0512,0.0,0.2865,0.1719,9
v27,Java,transcript_only,5,300,360,extends,0.1562,0.3544,0.6433,1.0,0.8573,1
v27,Java,transcript_only,5,300,360,inheritance,0.145,0.3077,0.5882,0.8842,0.7658,2
v27,Java,transcript_only,5,300,360,class,0.2286,0.1136,1.0,0.4029,0.6418,3
v27,Java,transcript_only,5,300,360,object,0.1913,0.0786,0.8163,0.3161,0.5162,4
v27,Java,transcript_only,5,300,360,implements,0.1417,0.1269,0.5719,0.4359,0.4903,5
v27,Java,transcript_only,5,300,360,abstract class,0.1854,0.0672,0.7872,0.2879,0.4876,6
v27,Java,transcript_only,5,300,360,method,0.0632,0.0571,0.1852,0.2628,0.2318,7
v27,Java,transcript_only,5,300,360,interface,0.0289,0.0472,0.0163,0.2383,0.1495,8
v27,Java,transcript_only,5,300,360,abstract method,0.0256,-0.0489,0.0,0.0,0.0,9
v27,Java,transcript_only,6,360,420,object,0.2306,0.1327,0.8234,0.9012,0.8701,1
v27,Java,transcript_only,6,360,420,extends,0.1847,0.149,0.5924,1.0,0.8369,2
v27,Java,transcript_only,6,360,420,abstract class,0.2356,0.0532,0.8485,0.4194,0.591,3
v27,Java,transcript_only,6,360,420,class,0.2657,0.0229,1.0,0.2358,0.5415,4
v27,Java,transcript_only,6,360,420,implements,0.1827,0.0495,0.5823,0.397,0.4711,5
v27,Java,transcript_only,6,360,420,inheritance,0.1709,0.012,0.5229,0.1697,0.311,6
v27,Java,transcript_only,6,360,420,method,0.1013,-0.0012,0.1726,0.0897,0.1229,7
v27,Java,transcript_only,6,360,420,interface,0.067,0.0141,0.0,0.1824,0.1095,8
v27,Java,transcript_only,6,360,420,abstract method,0.0694,-0.016,0.0121,0.0,0.0048,9
v27,Java,transcript_only,7,420,480,extends,0.1857,0.4209,0.2291,1.0,0.6916,1
v27,Java,transcript_only,7,420,480,abstract class,0.2806,0.0543,1.0,0.1826,0.5096,2
v27,Java,transcript_only,7,420,480,inheritance,0.1709,0.3162,0.1089,0.7666,0.5035,3
v27,Java,transcript_only,7,420,480,object,0.2445,0.1204,0.7067,0.33,0.4807,4
v27,Java,transcript_only,7,420,480,class,0.2544,0.0662,0.7872,0.2091,0.4404,5
v27,Java,transcript_only,7,420,480,implements,0.227,0.0513,0.5646,0.1759,0.3314,6
v27,Java,transcript_only,7,420,480,method,0.1759,0.0422,0.1495,0.1556,0.1532,7
v27,Java,transcript_only,7,420,480,interface,0.1575,0.0375,0.0,0.1452,0.0871,8
v27,Java,transcript_only,7,420,480,abstract method,0.1769,-0.0276,0.1576,0.0,0.063,9
v27,Java,transcript_only,8,480,540,extends,0.2134,0.4282,0.4156,1.0,0.7662,1
v27,Java,transcript_only,8,480,540,object,0.2762,0.2885,0.8098,0.6751,0.729,2
v27,Java,transcript_only,8,480,540,abstract class,0.3065,0.1096,1.0,0.2591,0.5554,3
v27,Java,transcript_only,8,480,540,inheritance,0.1967,0.2739,0.3107,0.6412,0.509,4
v27,Java,transcript_only,8,480,540,class,0.2972,0.0861,0.9416,0.2044,0.4993,5
v27,Java,transcript_only,8,480,540,implements,0.2442,0.1596,0.6089,0.3753,0.4688,6
v27,Java,transcript_only,8,480,540,interface,0.1472,0.0608,0.0,0.1456,0.0873,7
v27,Java,transcript_only,8,480,540,abstract method,0.1632,0.0298,0.1004,0.0735,0.0843,8
v27,Java,transcript_only,8,480,540,method,0.1741,-0.0018,0.1689,0.0,0.0675,9
v28,Java,transcript_only,0,0,60,extends,0.2183,0.6149,0.5169,1.0,0.8068,1
v28,Java,transcript_only,0,0,60,abstract class,0.2999,0.3649,0.9559,0.607,0.7465,2
v28,Java,transcript_only,0,0,60,object,0.2786,0.3976,0.8413,0.6584,0.7316,3
v28,Java,transcript_only,0,0,60,class,0.3081,0.2764,1.0,0.4679,0.6807,4
v28,Java,transcript_only,0,0,60,inheritance,0.2016,0.5011,0.4271,0.8211,0.6635,5
v28,Java,transcript_only,0,0,60,implements,0.2361,0.3197,0.6127,0.5359,0.5666,6
v28,Java,transcript_only,0,0,60,interface,0.1222,0.1809,0.0,0.3177,0.1906,7
v28,Java,transcript_only,0,0,60,method,0.1547,0.0718,0.1748,0.1462,0.1577,8
v28,Java,transcript_only,0,0,60,abstract method,0.1331,-0.0212,0.0586,0.0,0.0235,9
v28,Java,transcript_only,1,60,120,class,0.1462,0.1305,1.0,1.0,1.0,1
v28,Java,transcript_only,1,60,120,abstract class,0.1302,0.1081,0.8499,0.8293,0.8375,2
v28,Java,transcript_only,1,60,120,implements,0.1035,0.0877,0.5994,0.6738,0.644,3
v28,Java,transcript_only,1,60,120,method,0.0592,0.1189,0.1839,0.9116,0.6205,4
v28,Java,transcript_only,1,60,120,object,0.1281,0.0594,0.8302,0.4581,0.6069,5
v28,Java,transcript_only,1,60,120,interface,0.0396,0.1029,0.0,0.7896,0.4738,6
v28,Java,transcript_only,1,60,120,extends,0.102,0.0404,0.5854,0.3133,0.4221,7
v28,Java,transcript_only,1,60,120,inheritance,0.0945,-0.0007,0.515,0.0,0.206,8
v28,Java,transcript_only,1,60,120,abstract method,0.0414,0.0276,0.0169,0.2157,0.1362,9
v28,Java,transcript_only,2,120,180,class,0.2205,0.1736,1.0,1.0,1.0,1
v28,Java,transcript_only,2,120,180,abstract class,0.2111,0.0959,0.9317,0.593,0.7285,2
v28,Java,transcript_only,2,120,180,method,0.1076,0.1606,0.1801,0.9319,0.6312,3
v28,Java,transcript_only,2,120,180,implements,0.1673,0.1045,0.6137,0.638,0.6283,4
v28,Java,transcript_only,2,120,180,extends,0.1559,0.1121,0.5309,0.6778,0.6191,5
v28,Java,transcript_only,2,120,180,interface,0.0828,0.1382,0.0,0.8146,0.4887,6
v28,Java,transcript_only,2,120,180,inheritance,0.144,0.0784,0.4444,0.5013,0.4786,7
v28,Java,transcript_only,2,120,180,object,0.1985,-0.0173,0.8402,0.0,0.3361,8
v28,Java,transcript_only,2,120,180,abstract method,0.0898,-0.0103,0.0508,0.0367,0.0423,9
v28,Java,transcript_only,3,180,240,abstract class,0.233,0.1778,0.9523,1.0,0.9809,1
v28,Java,transcript_only,3,180,240,class,0.2399,0.1536,1.0,0.869,0.9214,2
v28,Java,transcript_only,3,180,240,implements,0.1846,0.143,0.6176,0.8116,0.734,3
v28,Java,transcript_only,3,180,240,object,0.2171,0.0895,0.8423,0.5219,0.6501,4
v28,Java,transcript_only,3,180,240,extends,0.1701,0.1011,0.5173,0.5847,0.5578,5
v28,Java,transcript_only,3,180,240,inheritance,0.1571,0.0212,0.4274,0.1521,0.2622,6
v28,Java,transcript_only,3,180,240,method,0.1212,0.0242,0.1791,0.1684,0.1727,7
v28,Java,transcript_only,3,180,240,interface,0.0953,0.0423,0.0,0.2664,0.1598,8
v28,Java,transcript_only,3,180,240,abstract method,0.1039,-0.0069,0.0595,0.0,0.0238,9
v28,Java,transcript_only,4,240,300,class,0.2007,0.1947,1.0,0.8661,0.9197,1
v28,Java,transcript_only,4,240,300,abstract class,0.1949,0.1458,0.9486,0.6428,0.7651,2
v28,Java,transcript_only,4,240,300,method,0.1131,0.224,0.2234,1.0,0.6894,3
v28,Java,transcript_only,4,240,300,implements,0.156,0.0798,0.6037,0.3413,0.4462,4
v28,Java,transcript_only,4,240,300,interface,0.0879,0.1414,0.0,0.6227,0.3736,5
v28,Java,transcript_only,4,240,300,object,0.1855,0.0051,0.8652,0.0,0.3461,6
v28,Java,transcript_only,4,240,300,abstract method,0.097,0.0945,0.0807,0.4084,0.2773,7
v28,Java,transcript_only,4,240,300,extends,0.1414,0.0065,0.4743,0.0064,0.1936,8
v28,Java,transcript_only,4,240,300,inheritance,0.1307,0.0136,0.3794,0.0388,0.1751,9
v28,Java,transcript_only,5,300,360,class,0.0946,0.0293,1.0,0.5715,0.7429,1
v28,Java,transcript_only,5,300,360,method,0.042,0.0991,0.293,1.0,0.7172,2
v28,Java,transcript_only,5,300,360,object,0.0844,0.0101,0.8629,0.4537,0.6174,3
v28,Java,transcript_only,5,300,360,abstract class,0.0727,0.0109,0.7056,0.4586,0.5574,4
v28,Java,transcript_only,5,300,360,inheritance,0.0586,-0.001,0.5161,0.3855,0.4378,5
v28,Java,transcript_only,5,300,360,extends,0.0628,-0.0175,0.5726,0.2842,0.3996,6
v28,Java,transcript_only,5,300,360,interface,0.0202,0.0338,0.0,0.5991,0.3595,7
v28,Java,transcript_only,5,300,360,abstract method,0.0212,0.0158,0.0134,0.4886,0.2986,8
v28,Java,transcript_only,5,300,360,implements,0.0592,-0.0638,0.5242,0.0,0.2097,9
v28,Java,transcript_only,6,360,420,abstract class,0.2759,0.2887,1.0,1.0,1.0,1
v28,Java,transcript_only,6,360,420,class,0.2696,0.2223,0.9567,0.7745,0.8474,2
v28,Java,transcript_only,6,360,420,object,0.2498,0.2185,0.8207,0.7616,0.7853,3
v28,Java,transcript_only,6,360,420,extends,0.1933,0.2724,0.4327,0.9447,0.7399,4
v28,Java,transcript_only,6,360,420,implements,0.2201,0.2186,0.6168,0.762,0.7039,5
v28,Java,transcript_only,6,360,420,inheritance,0.1783,0.1838,0.3297,0.6438,0.5181,6
v28,Java,transcript_only,6,360,420,method,0.1554,-0.0058,0.1724,0.0,0.069,7
v28,Java,transcript_only,6,360,420,abstract method,0.1442,-0.0007,0.0955,0.0173,0.0486,8
v28,Java,transcript_only,6,360,420,interface,0.1303,0.0143,0.0,0.0683,0.041,9
v28,Java,transcript_only,7,420,480,abstract class,0.2291,0.2293,0.9106,0.863,0.882,1
v28,Java,transcript_only,7,420,480,extends,0.1713,0.271,0.5469,1.0,0.8188,2
v28,Java,transcript_only,7,420,480,class,0.2433,0.1736,1.0,0.6799,0.808,3
v28,Java,transcript_only,7,420,480,object,0.2171,0.1712,0.8351,0.672,0.7373,4
v28,Java,transcript_only,7,420,480,inheritance,0.1584,0.2358,0.4657,0.8843,0.7169,5
v28,Java,transcript_only,7,420,480,implements,0.1804,0.1585,0.6042,0.6303,0.6198,6
v28,Java,transcript_only,7,420,480,method,0.1125,-0.0333,0.1768,0.0,0.0707,7
v28,Java,transcript_only,7,420,480,abstract method,0.0908,-0.0291,0.0403,0.0138,0.0244,8
v28,Java,transcript_only,7,420,480,interface,0.0844,-0.0272,0.0,0.02,0.012,9
v28,Java,transcript_only,8,480,540,abstract class,0.3066,0.0674,1.0,0.5134,0.7081,1
v28,Java,transcript_only,8,480,540,class,0.2912,0.0696,0.8983,0.5221,0.6726,2
v28,Java,transcript_only,8,480,540,method,0.1798,0.1906,0.163,1.0,0.6652,3
v28,Java,transcript_only,8,480,540,abstract method,0.1727,0.1601,0.1162,0.8795,0.5742,4
v28,Java,transcript_only,8,480,540,inheritance,0.1936,0.0407,0.2541,0.408,0.3464,5
v28,Java,transcript_only,8,480,540,interface,0.1551,0.0761,0.0,0.5478,0.3287,6
v28,Java,transcript_only,8,480,540,implements,0.2453,-0.0289,0.5954,0.1331,0.318,7
v28,Java,transcript_only,8,480,540,object,0.2733,-0.0626,0.7802,0.0,0.3121,8
v28,Java,transcript_only,8,480,540,extends,0.2101,-0.021,0.363,0.1643,0.2438,9
v28,Java,transcript_only,9,540,600,abstract class,0.1255,0.1726,1.0,1.0,1.0,1
v28,Java,transcript_only,9,540,600,object,0.1113,0.1335,0.7413,0.7248,0.7314,2
v28,Java,transcript_only,9,540,600,class,0.1155,0.1192,0.8179,0.6242,0.7017,3
v28,Java,transcript_only,9,540,600,implements,0.1044,0.1116,0.6157,0.5707,0.5887,4
v28,Java,transcript_only,9,540,600,extends,0.0844,0.1061,0.2514,0.532,0.4198,5
v28,Java,transcript_only,9,540,600,abstract method,0.0794,0.0405,0.1603,0.0704,0.1063,6
v28,Java,transcript_only,9,540,600,inheritance,0.0778,0.0371,0.1311,0.0464,0.0803,7
v28,Java,transcript_only,9,540,600,method,0.0805,0.0305,0.1803,0.0,0.0721,8
v28,Java,transcript_only,9,540,600,interface,0.0706,0.0412,0.0,0.0753,0.0452,9
v28,Java,transcript_only,10,600,660,object,0.1947,0.2528,0.8396,1.0,0.9358,1
v28,Java,transcript_only,10,600,660,abstract class,0.2131,0.1447,1.0,0.533,0.7198,2
v28,Java,transcript_only,10,600,660,class,0.2108,0.1052,0.9799,0.3624,0.6094,3
v28,Java,transcript_only,10,600,660,implements,0.1708,0.1156,0.6312,0.4073,0.4969,4
v28,Java,transcript_only,10,600,660,extends,0.1509,0.1329,0.4577,0.4821,0.4723,5
v28,Java,transcript_only,10,600,660,inheritance,0.1392,0.0385,0.3557,0.0743,0.1869,6
v28,Java,transcript_only,10,600,660,method,0.1191,0.0213,0.1805,0.0,0.0722,7
v28,Java,transcript_only,10,600,660,abstract method,0.1086,0.0242,0.0889,0.0125,0.0431,8
v28,Java,transcript_only,10,600,660,interface,0.0984,0.0267,0.0,0.0233,0.014,9
v28,Java,transcript_only,11,660,720,object,0.1482,0.2384,0.8472,1.0,0.9389,1
v28,Java,transcript_only,11,660,720,abstract class,0.1586,0.0956,0.9553,0.3085,0.5672,2
v28,Java,transcript_only,11,660,720,class,0.1629,0.0802,1.0,0.2339,0.5403,3
v28,Java,transcript_only,11,660,720,extends,0.1158,0.0822,0.5104,0.2436,0.3503,4
v28,Java,transcript_only,11,660,720,implements,0.1275,0.0573,0.632,0.123,0.3266,5
v28,Java,transcript_only,11,660,720,method,0.0847,0.1021,0.1871,0.34,0.2788,6
v28,Java,transcript_only,11,660,720,abstract method,0.0729,0.1162,0.0644,0.4082,0.2707,7
v28,Java,transcript_only,11,660,720,inheritance,0.107,0.0319,0.4189,0.0,0.1676,8
v28,Java,transcript_only,11,660,720,interface,0.0667,0.0435,0.0,0.0562,0.0337,9
v28,Java,transcript_only,12,720,780,object,0.0065,0.1001,0.7455,1.0,0.8982,1
v28,Java,transcript_only,12,720,780,implements,0.0079,-0.0173,1.0,0.06,0.436,2
v28,Java,transcript_only,12,720,780,method,0.0055,0.0019,0.5636,0.2138,0.3537,3
v28,Java,transcript_only,12,720,780,class,0.0063,-0.0175,0.7091,0.0584,0.3187,4
v28,Java,transcript_only,12,720,780,extends,0.0047,0.0052,0.4182,0.2402,0.3114,5
v28,Java,transcript_only,12,720,780,abstract method,0.0027,0.0197,0.0545,0.3563,0.2356,6
v28,Java,transcript_only,12,720,780,abstract class,0.0035,0.0034,0.2,0.2258,0.2155,7
v28,Java,transcript_only,12,720,780,interface,0.0024,0.0138,0.0,0.309,0.1854,8
v28,Java,transcript_only,12,720,780,inheritance,0.0046,-0.0248,0.4,0.0,0.16,9
v28,Java,transcript_only,13,780,840,abstract class,0.1694,0.1911,0.9332,0.9033,0.9153,1
v28,Java,transcript_only,13,780,840,class,0.1767,0.1602,1.0,0.7166,0.83,2
v28,Java,transcript_only,13,780,840,extends,0.1251,0.2071,0.5279,1.0,0.8112,3
v28,Java,transcript_only,13,780,840,object,0.1595,0.1449,0.8426,0.6242,0.7116,4
v28,Java,transcript_only,13,780,840,implements,0.1354,0.1443,0.6221,0.6205,0.6212,5
v28,Java,transcript_only,13,780,840,inheritance,0.1156,0.1592,0.441,0.7106,0.6027,6
v28,Java,transcript_only,13,780,840,method,0.0875,0.0454,0.1839,0.023,0.0873,7
v28,Java,transcript_only,13,780,840,abstract method,0.0733,0.0457,0.054,0.0248,0.0365,8
v28,Java,transcript_only,13,780,840,interface,0.0674,0.0416,0.0,0.0,0.0,9
v28,Java,transcript_only,14,840,900,extends,0.0996,0.4175,0.4628,1.0,0.7851,1
v28,Java,transcript_only,14,840,900,object,0.1272,0.2342,0.7736,0.5441,0.6359,2
v28,Java,transcript_only,14,840,900,abstract class,0.1371,0.2018,0.8851,0.4636,0.6322,3
v28,Java,transcript_only,14,840,900,class,0.1473,0.1642,1.0,0.3701,0.622,4
v28,Java,transcript_only,14,840,900,inheritance,0.092,0.328,0.3773,0.7774,0.6174,5
v28,Java,transcript_only,14,840,900,implements,0.1093,0.2128,0.5721,0.4909,0.5234,6
v28,Java,transcript_only,14,840,900,method,0.0807,0.0156,0.25,0.0005,0.1003,7
v28,Java,transcript_only,14,840,900,interface,0.0585,0.0651,0.0,0.1236,0.0742,8
v28,Java,transcript_only,14,840,900,abstract method,0.063,0.0154,0.0507,0.0,0.0203,9
v29,Java,transcript_only,0,0,60,abstract class,0.4544,0.6985,1.0,1.0,1.0,1
v29,Java,transcript_only,0,0,60,abstract method,0.2855,0.4984,0.1542,0.6993,0.4813,2
v29,Java,transcript_only,0,0,60,class,0.4142,0.1519,0.7987,0.1787,0.4267,3
v29,Java,transcript_only,0,0,60,object,0.3931,0.1721,0.693,0.209,0.4026,4
v29,Java,transcript_only,0,0,60,implements,0.3634,0.064,0.5443,0.0466,0.2457,5
v29,Java,transcript_only,0,0,60,extends,0.299,0.1393,0.2218,0.1597,0.1846,6
v29,Java,transcript_only,0,0,60,method,0.2866,0.0501,0.1597,0.0257,0.0793,7
v29,Java,transcript_only,0,0,60,inheritance,0.275,0.033,0.1017,0.0,0.0407,8
v29,Java,transcript_only,0,0,60,interface,0.2547,0.0444,0.0,0.0171,0.0103,9
v29,Java,transcript_only,1,60,120,abstract class,0.474,0.4522,1.0,1.0,1.0,1
v29,Java,transcript_only,1,60,120,class,0.4426,0.1425,0.8618,0.3371,0.547,2
v29,Java,transcript_only,1,60,120,abstract method,0.2755,0.3634,0.1263,0.8099,0.5365,3
v29,Java,transcript_only,1,60,120,object,0.4179,0.1166,0.7531,0.2817,0.4702,4
v29,Java,transcript_only,1,60,120,implements,0.3774,0.0685,0.5748,0.1787,0.3372,5
v29,Java,transcript_only,1,60,120,extends,0.3203,0.1216,0.3235,0.2924,0.3048,6
v29,Java,transcript_only,1,60,120,inheritance,0.2948,0.0409,0.2113,0.1196,0.1563,7
v29,Java,transcript_only,1,60,120,method,0.2813,0.0348,0.1518,0.1066,0.1247,8
v29,Java,transcript_only,1,60,120,interface,0.2468,-0.015,0.0,0.0,0.0,9
v29,Java,transcript_only,2,120,180,abstract class,0.403,0.5076,1.0,1.0,1.0,1
v29,Java,transcript_only,2,120,180,class,0.3899,0.1799,0.9375,0.4444,0.6416,2
v29,Java,transcript_only,2,120,180,object,0.3621,0.2197,0.8049,0.5119,0.6291,3
v29,Java,transcript_only,2,120,180,extends,0.2799,0.1719,0.4127,0.4308,0.4236,4
v29,Java,transcript_only,2,120,180,implements,0.3195,0.0366,0.6016,0.2014,0.3615,5
v29,Java,transcript_only,2,120,180,abstract method,0.2143,0.231,0.0997,0.531,0.3585,6
v29,Java,transcript_only,2,120,180,inheritance,0.2579,0.0626,0.3077,0.2455,0.2704,7
v29,Java,transcript_only,2,120,180,method,0.2278,-0.0359,0.1641,0.0785,0.1127,8
v29,Java,transcript_only,2,120,180,interface,0.1934,-0.0822,0.0,0.0,0.0,9
v29,Java,transcript_only,3,180,240,abstract class,0.4139,0.4849,1.0,0.7364,0.8418,1
v29,Java,transcript_only,3,180,240,abstract method,0.2235,0.6776,0.104,1.0,0.6416,2
v29,Java,transcript_only,3,180,240,class,0.398,0.05,0.9252,0.1413,0.4549,3
v29,Java,transcript_only,3,180,240,object,0.3706,-0.0118,0.7962,0.0568,0.3526,4
v29,Java,transcript_only,3,180,240,method,0.2359,0.1665,0.1624,0.3007,0.2454,5
v29,Java,transcript_only,3,180,240,extends,0.2861,0.0468,0.3986,0.137,0.2416,6
v29,Java,transcript_only,3,180,240,implements,0.3283,-0.0533,0.5972,0.0,0.2389,7
v29,Java,transcript_only,3,180,240,inheritance,0.2636,0.0303,0.2927,0.1144,0.1857,8
v29,Java,transcript_only,3,180,240,interface,0.2014,0.0483,0.0,0.139,0.0834,9
v29,Java,transcript_only,4,240,300,abstract class,0.4619,0.121,1.0,0.5265,0.7159,1
v29,Java,transcript_only,4,240,300,abstract method,0.2653,0.2397,0.1223,1.0,0.6489,2
v29,Java,transcript_only,4,240,300,class,0.4335,0.0076,0.8732,0.0742,0.3938,3
v29,Java,transcript_only,4,240,300,object,0.4083,-0.011,0.7607,0.0,0.3043,4
v29,Java,transcript_only,4,240,300,implements,0.3676,0.0082,0.579,0.0766,0.2776,5
v29,Java,transcript_only,4,240,300,extends,0.3133,0.0312,0.3366,0.1683,0.2356,6
v29,Java,transcript_only,4,240,300,method,0.2723,0.0529,0.1536,0.2549,0.2144,7
v29,Java,transcript_only,4,240,300,inheritance,0.2885,0.0109,0.2259,0.0874,0.1428,8
v29,Java,transcript_only,4,240,300,interface,0.2379,0.0246,0.0,0.142,0.0852,9
v29,Java,transcript_only,5,300,360,abstract class,0.5712,0.3654,1.0,0.5349,0.7209,1
v29,Java,transcript_only,5,300,360,abstract method,0.3596,0.7046,0.157,1.0,0.6628,2
v29,Java,transcript_only,5,300,360,class,0.5148,0.0351,0.7753,0.082,0.3593,3
v29,Java,transcript_only,5,300,360,implements,0.4569,0.101,0.5446,0.1724,0.3213,4
v29,Java,transcript_only,5,300,360,object,0.4942,-0.0247,0.6932,0.0,0.2773,5
v29,Java,transcript_only,5,300,360,method,0.3547,0.1846,0.1375,0.287,0.2272,6
v29,Java,transcript_only,5,300,360,interface,0.3202,0.1431,0.0,0.2301,0.1381,7
v29,Java,transcript_only,5,300,360,extends,0.3756,0.0246,0.2207,0.0676,0.1288,8
v29,Java,transcript_only,5,300,360,inheritance,0.3454,-0.0005,0.1004,0.0332,0.0601,9
v29,Java,transcript_only,6,360,420,implements,0.4555,0.5621,0.5449,0.9801,0.8061,1
v29,Java,transcript_only,6,360,420,abstract class,0.5694,0.2172,1.0,0.3942,0.6365,2
v29,Java,transcript_only,6,360,420,interface,0.3191,0.5738,0.0,1.0,0.6,3
v29,Java,transcript_only,6,360,420,abstract method,0.3585,0.3741,0.1574,0.6607,0.4594,4
v29,Java,transcript_only,6,360,420,object,0.4927,0.0348,0.6936,0.0843,0.328,5
v29,Java,transcript_only,6,360,420,class,0.5133,-0.0057,0.7759,0.0155,0.3196,6
v29,Java,transcript_only,6,360,420,extends,0.3745,0.0502,0.2213,0.1104,0.1548,7
v29,Java,transcript_only,6,360,420,method,0.3536,0.0577,0.1378,0.1232,0.129,8
v29,Java,transcript_only,6,360,420,inheritance,0.3443,-0.0148,0.1007,0.0,0.0403,9
v29,Java,transcript_only,7,420,480,abstract class,0.5718,0.4675,1.0,0.8638,0.9183,1
v29,Java,transcript_only,7,420,480,abstract method,0.36,0.5442,0.1572,1.0,0.6629,2
v29,Java,transcript_only,7,420,480,implements,0.4574,0.3553,0.5448,0.6645,0.6166,3
v29,Java,transcript_only,7,420,480,interface,0.3205,0.3931,0.0,0.7317,0.439,4
v29,Java,transcript_only,7,420,480,object,0.4947,0.0551,0.6932,0.1314,0.3561,5
v29,Java,transcript_only,7,420,480,class,0.5153,-0.0189,0.7752,0.0,0.3101,6
v29,Java,transcript_only,7,420,480,extends,0.376,0.0652,0.2209,0.1494,0.178,7
v29,Java,transcript_only,7,420,480,method,0.355,0.0204,0.1373,0.0698,0.0968,8
v29,Java,transcript_only,7,420,480,inheritance,0.3458,0.0181,0.1007,0.0657,0.0797,9
v29,Java,transcript_only,8,480,540,implements,0.4549,0.3878,0.5448,0.9589,0.7932,1
v29,Java,transcript_only,8,480,540,abstract class,0.5687,0.2212,1.0,0.5926,0.7555,2
v29,Java,transcript_only,8,480,540,interface,0.3187,0.4065,0.0,1.0,0.6,3
v29,Java,transcript_only,8,480,540,object,0.4922,0.0426,0.694,0.1999,0.3975,4
v29,Java,transcript_only,8,480,540,abstract method,0.358,0.152,0.1572,0.4404,0.3271,5
v29,Java,transcript_only,8,480,540,class,0.5127,-0.0399,0.776,0.0185,0.3215,6
v29,Java,transcript_only,8,480,540,extends,0.374,0.0664,0.2212,0.2522,0.2398,7
v29,Java,transcript_only,8,480,540,inheritance,0.3439,0.0055,0.1008,0.1183,0.1113,8
v29,Java,transcript_only,8,480,540,method,0.3532,-0.0483,0.138,0.0,0.0552,9
v3,Java,transcript_only,0,0,60,abstract class,0.4413,0.7161,1.0,1.0,1.0,1
v3,Java,transcript_only,0,0,60,class,0.4059,0.2456,0.822,0.326,0.5244,2
v3,Java,transcript_only,0,0,60,object,0.3838,0.2381,0.7109,0.3153,0.4735,3
v3,Java,transcript_only,0,0,60,abstract method,0.2712,0.4887,0.1448,0.6743,0.4625,4
v3,Java,transcript_only,0,0,60,implements,0.3525,0.1265,0.5535,0.1554,0.3147,5
v3,Java,transcript_only,0,0,60,extends,0.2926,0.2049,0.2524,0.2677,0.2616,6
v3,Java,transcript_only,0,0,60,inheritance,0.2692,0.1199,0.1347,0.146,0.1415,7
v3,Java,transcript_only,0,0,60,method,0.2745,0.0868,0.1614,0.0986,0.1237,8
v3,Java,transcript_only,0,0,60,interface,0.2424,0.018,0.0,0.0,0.0,9
v3,Java,transcript_only,1,60,120,abstract class,0.4842,0.5348,1.0,1.0,1.0,1
v3,Java,transcript_only,1,60,120,object,0.426,0.2524,0.7473,0.498,0.5977,2
v3,Java,transcript_only,1,60,120,class,0.4505,0.2036,0.8537,0.4113,0.5883,3
v3,Java,transcript_only,1,60,120,implements,0.3857,0.2065,0.5723,0.4165,0.4788,4
v3,Java,transcript_only,1,60,120,abstract method,0.2837,0.3711,0.1294,0.709,0.4772,5
v3,Java,transcript_only,1,60,120,extends,0.3263,0.1749,0.3144,0.3603,0.3419,6
v3,Java,transcript_only,1,60,120,inheritance,0.3003,0.1138,0.2015,0.2517,0.2316,7
v3,Java,transcript_only,1,60,120,method,0.2885,-0.0152,0.1502,0.0224,0.0735,8
v3,Java,transcript_only,1,60,120,interface,0.2539,-0.0278,0.0,0.0,0.0,9
v3,Java,transcript_only,2,120,180,abstract class,0.5741,0.4867,1.0,0.6129,0.7678,1
v3,Java,transcript_only,2,120,180,abstract method,0.3615,0.7719,0.1574,1.0,0.6629,2
v3,Java,transcript_only,2,120,180,class,0.5173,0.0903,0.7749,0.0749,0.3549,3
v3,Java,transcript_only,2,120,180,implements,0.4592,0.1578,0.5446,0.1665,0.3178,4
v3,Java,transcript_only,2,120,180,object,0.4967,0.0351,0.6932,0.0,0.2773,5
v3,Java,transcript_only,2,120,180,method,0.3564,0.1475,0.1371,0.1526,0.1464,6
v3,Java,transcript_only,2,120,180,extends,0.3775,0.038,0.2208,0.0039,0.0907,7
v3,Java,transcript_only,2,120,180,inheritance,0.3471,0.0377,0.1003,0.0035,0.0422,8
v3,Java,transcript_only,2,120,180,interface,0.3218,0.0526,0.0,0.0238,0.0143,9
v3,Java,transcript_only,3,180,240,abstract class,0.5743,0.3232,1.0,0.5135,0.7081,1
v3,Java,transcript_only,3,180,240,abstract method,0.3616,0.6118,0.1573,1.0,0.6629,2
v3,Java,transcript_only,3,180,240,implements,0.4593,0.1858,0.5444,0.2819,0.3869,3
v3,Java,transcript_only,3,180,240,class,0.5174,0.0714,0.7746,0.089,0.3632,4
v3,Java,transcript_only,3,180,240,object,0.4968,0.0186,0.6929,0.0,0.2772,5
v3,Java,transcript_only,3,180,240,method,0.3565,0.114,0.1371,0.1608,0.1513,6
v3,Java,transcript_only,3,180,240,extends,0.3776,0.0259,0.2207,0.0123,0.0957,7
v3,Java,transcript_only,3,180,240,inheritance,0.3472,0.0441,0.1002,0.043,0.0659,8
v3,Java,transcript_only,3,180,240,interface,0.3219,0.0371,0.0,0.0312,0.0187,9
v3,Java,transcript_only,4,240,300,implements,0.4587,0.5667,0.5446,0.9321,0.7771,1
v3,Java,transcript_only,4,240,300,abstract class,0.5735,0.2773,1.0,0.4655,0.6793,2
v3,Java,transcript_only,4,240,300,abstract method,0.3611,0.6088,0.1575,1.0,0.663,3
v3,Java,transcript_only,4,240,300,interface,0.3214,0.4969,0.0,0.8196,0.4917,4
v3,Java,transcript_only,4,240,300,class,0.5167,-0.0114,0.7747,0.0,0.3099,5
v3,Java,transcript_only,4,240,300,object,0.4961,0.011,0.693,0.0361,0.2989,6
v3,Java,transcript_only,4,240,300,method,0.356,0.0903,0.1372,0.164,0.1533,7
v3,Java,transcript_only,4,240,300,extends,0.3771,0.0146,0.2209,0.0419,0.1135,8
v3,Java,transcript_only,4,240,300,inheritance,0.3467,0.0111,0.1004,0.0363,0.0619,9
v3,Java,transcript_only,5,300,360,implements,0.4446,0.604,0.5495,1.0,0.8198,1
v3,Java,transcript_only,5,300,360,abstract method,0.3462,0.57,0.1522,0.9391,0.6243,2
v3,Java,transcript_only,5,300,360,abstract class,0.5562,0.1847,1.0,0.2484,0.5491,3
v3,Java,transcript_only,5,300,360,interface,0.3085,0.5085,0.0,0.8288,0.4973,4
v3,Java,transcript_only,5,300,360,object,0.4825,0.1183,0.7025,0.1294,0.3586,5
v3,Java,transcript_only,5,300,360,class,0.5039,0.0461,0.7889,0.0,0.3155,6
v3,Java,transcript_only,5,300,360,method,0.343,0.1865,0.1393,0.2517,0.2067,7
v3,Java,transcript_only,5,300,360,extends,0.3672,0.1209,0.237,0.1341,0.1752,8
v3,Java,transcript_only,5,300,360,inheritance,0.3377,0.1333,0.1179,0.1563,0.1409,9
v3,Java,transcript_only,6,360,420,abstract class,0.3881,0.3781,1.0,1.0,1.0,1
v3,Java,transcript_only,6,360,420,implements,0.3094,0.3256,0.5669,0.8655,0.7461,2
v3,Java,transcript_only,6,360,420,object,0.3403,0.2293,0.7369,0.6189,0.6661,3
v3,Java,transcript_only,6,360,420,class,0.3639,0.0815,0.8668,0.2403,0.4909,4
v3,Java,transcript_only,6,360,420,abstract method,0.2301,0.2523,0.1304,0.6778,0.4588,5
v3,Java,transcript_only,6,360,420,interface,0.2064,0.2611,0.0,0.7003,0.4202,6
v3,Java,transcript_only,6,360,420,extends,0.2605,0.1094,0.2977,0.3117,0.3061,7
v3,Java,transcript_only,6,360,420,inheritance,0.2398,0.0581,0.1838,0.1803,0.1817,8
v3,Java,transcript_only,6,360,420,method,0.2381,-0.0123,0.1745,0.0,0.0698,9
v3,Java,transcript_only,7,420,480,method,0.0331,0.0081,0.7563,0.8886,0.8357,1
v3,Java,transcript_only,7,420,480,class,0.0408,-0.0051,1.0,0.6004,0.7603,2
v3,Java,transcript_only,7,420,480,inheritance,0.0141,0.0132,0.1551,1.0,0.662,3
v3,Java,transcript_only,7,420,480,interface,0.0109,0.0015,0.0538,0.7445,0.4682,4
v3,Java,transcript_only,7,420,480,object,0.019,-0.0071,0.3101,0.5568,0.4581,5
v3,Java,transcript_only,7,420,480,extends,0.0151,-0.0039,0.1867,0.6266,0.4507,6
v3,Java,transcript_only,7,420,480,abstract class,0.0207,-0.0119,0.3639,0.452,0.4167,7
v3,Java,transcript_only,7,420,480,implements,0.0164,-0.0246,0.2278,0.1747,0.1959,8
v3,Java,transcript_only,7,420,480,abstract method,0.0092,-0.0326,0.0,0.0,0.0,9
v30,Java,transcript_only,0,0,60,abstract class,0.5723,0.5838,1.0,0.841,0.9046,1
v30,Java,transcript_only,0,0,60,abstract method,0.3604,0.6892,0.1575,1.0,0.663,2
v30,Java,transcript_only,0,0,60,class,0.5158,0.059,0.7753,0.0492,0.3397,3
v30,Java,transcript_only,0,0,60,object,0.4952,0.0823,0.6934,0.0843,0.328,4
v30,Java,transcript_only,0,0,60,implements,0.4578,0.0264,0.5447,0.0,0.2179,5
v30,Java,transcript_only,0,0,60,extends,0.3763,0.1274,0.2207,0.1524,0.1797,6
v30,Java,transcript_only,0,0,60,method,0.3553,0.0864,0.1372,0.0905,0.1092,7
v30,Java,transcript_only,0,0,60,inheritance,0.3461,0.0461,0.1006,0.0297,0.0581,8
v30,Java,transcript_only,0,0,60,interface,0.3208,0.0486,0.0,0.0335,0.0201,9
v30,Java,transcript_only,1,60,120,abstract class,0.5703,0.5638,1.0,0.9381,0.9629,1
v30,Java,transcript_only,1,60,120,abstract method,0.359,0.5993,0.1572,1.0,0.6629,2
v30,Java,transcript_only,1,60,120,object,0.4934,0.1687,0.6933,0.249,0.4267,3
v30,Java,transcript_only,1,60,120,class,0.514,0.1206,0.7754,0.1652,0.4093,4
v30,Java,transcript_only,1,60,120,implements,0.4561,0.0312,0.5445,0.0092,0.2233,5
v30,Java,transcript_only,1,60,120,method,0.3541,0.1363,0.1376,0.1925,0.1706,6
v30,Java,transcript_only,1,60,120,extends,0.375,0.1015,0.221,0.1318,0.1675,7
v30,Java,transcript_only,1,60,120,interface,0.3196,0.0797,0.0,0.0938,0.0563,8
v30,Java,transcript_only,1,60,120,inheritance,0.3448,0.0259,0.1005,0.0,0.0402,9
v30,Java,transcript_only,2,120,180,abstract class,0.4774,0.3758,1.0,0.7643,0.8586,1
v30,Java,transcript_only,2,120,180,abstract method,0.2999,0.4969,0.1548,1.0,0.6619,2
v30,Java,transcript_only,2,120,180,object,0.4133,0.1169,0.6948,0.2603,0.4341,3
v30,Java,transcript_only,2,120,180,class,0.434,0.0177,0.7933,0.0672,0.3576,4
v30,Java,transcript_only,2,120,180,implements,0.3818,-0.0168,0.5448,0.0,0.2179,5
v30,Java,transcript_only,2,120,180,extends,0.3142,0.0712,0.2229,0.1713,0.1919,6
v30,Java,transcript_only,2,120,180,method,0.2999,0.088,0.1548,0.204,0.1843,7
v30,Java,transcript_only,2,120,180,inheritance,0.2889,0.0226,0.1024,0.0767,0.087,8
v30,Java,transcript_only,2,120,180,interface,0.2674,0.0485,0.0,0.1271,0.0763,9
v31,C++,transcript_only,0,0,60,data type,0.2482,0.3902,0.959,1.0,0.9836,1
v31,C++,transcript_only,0,0,60,variable,0.2587,0.2279,1.0,0.6793,0.8076,2
v31,C++,transcript_only,0,0,60,reference,0.2402,-0.0012,0.9277,0.2266,0.5071,3
v31,C++,transcript_only,0,0,60,pointer,0.1598,-0.0486,0.6137,0.133,0.3253,4
v31,C++,transcript_only,0,0,60,class,0.071,0.0469,0.2668,0.3217,0.2997,5
v31,C++,transcript_only,0,0,60,template,0.0297,0.0576,0.1055,0.3428,0.2479,6
v31,C++,transcript_only,0,0,60,object,0.1225,-0.0656,0.468,0.0994,0.2468,7
v31,C++,transcript_only,0,0,60,constructor,0.0336,0.0447,0.1207,0.3173,0.2387,8
v31,C++,transcript_only,0,0,60,polymorphism,0.1148,-0.1159,0.4379,0.0,0.1752,9
v31,C++,transcript_only,0,0,60,inheritance,0.0027,-0.0472,0.0,0.1357,0.0814,10
v31,C++,transcript_only,1,60,120,data type,0.2559,0.4855,0.9402,1.0,0.9761,1
v31,C++,transcript_only,1,60,120,variable,0.2715,0.3229,1.0,0.7138,0.8283,2
v31,C++,transcript_only,1,60,120,reference,0.2503,0.0398,0.9188,0.2155,0.4968,3
v31,C++,transcript_only,1,60,120,class,0.0851,0.0854,0.2858,0.2957,0.2918,4
v31,C++,transcript_only,1,60,120,pointer,0.1571,-0.0612,0.5617,0.0377,0.2473,5
v31,C++,transcript_only,1,60,120,object,0.1313,-0.0571,0.4628,0.0449,0.2121,6
v31,C++,transcript_only,1,60,120,polymorphism,0.1159,-0.0826,0.4038,0.0,0.1615,7
v31,C++,transcript_only,1,60,120,constructor,0.0396,0.0031,0.1115,0.1509,0.1351,8
v31,C++,transcript_only,1,60,120,template,0.017,0.0187,0.0249,0.1783,0.1169,9
v31,C++,transcript_only,1,60,120,inheritance,0.0105,0.0226,0.0,0.1852,0.1111,10
v31,C++,transcript_only,2,120,180,data type,0.2498,0.59,0.9375,1.0,0.975,1
v31,C++,transcript_only,2,120,180,variable,0.2652,0.4419,1.0,0.7635,0.8581,2
v31,C++,transcript_only,2,120,180,reference,0.2489,0.0234,0.9339,0.0952,0.4307,3
v31,C++,transcript_only,2,120,180,class,0.1017,0.1187,0.3367,0.2474,0.2831,4
v31,C++,transcript_only,2,120,180,pointer,0.1524,-0.0268,0.5424,0.015,0.226,5
v31,C++,transcript_only,2,120,180,polymorphism,0.1204,0.0215,0.4126,0.0921,0.2203,6
v31,C++,transcript_only,2,120,180,object,0.1443,-0.0362,0.5095,0.0,0.2038,7
v31,C++,transcript_only,2,120,180,constructor,0.0482,0.0612,0.1197,0.1555,0.1412,8
v31,C++,transcript_only,2,120,180,inheritance,0.0219,0.0622,0.013,0.1571,0.0995,9
v31,C++,transcript_only,2,120,180,template,0.0187,0.0108,0.0,0.0751,0.045,10
v31,C++,transcript_only,3,180,240,data type,0.172,0.3084,0.8358,1.0,0.9343,1
v31,C++,transcript_only,3,180,240,variable,0.1786,0.1948,0.8732,0.6481,0.7381,2
v31,C++,transcript_only,3,180,240,object,0.201,0.0267,1.0,0.1273,0.4764,3
v31,C++,transcript_only,3,180,240,reference,0.1708,0.046,0.829,0.1871,0.4439,4
v31,C++,transcript_only,3,180,240,class,0.1542,0.0453,0.735,0.1849,0.405,5
v31,C++,transcript_only,3,180,240,pointer,0.1203,-0.0046,0.543,0.0304,0.2354,6
v31,C++,transcript_only,3,180,240,polymorphism,0.1072,0.0023,0.4689,0.0517,0.2186,7
v31,C++,transcript_only,3,180,240,constructor,0.0864,-0.0144,0.3511,0.0,0.1404,8
v31,C++,transcript_only,3,180,240,inheritance,0.079,-0.0063,0.3092,0.0251,0.1387,9
v31,C++,transcript_only,3,180,240,template,0.0244,0.0148,0.0,0.0905,0.0543,10
v31,C++,transcript_only,4,240,300,variable,0.1521,0.1081,0.6536,1.0,0.8615,1
v31,C++,transcript_only,4,240,300,data type,0.1485,0.102,0.6349,0.9488,0.8232,2
v31,C++,transcript_only,4,240,300,reference,0.1474,0.1003,0.6292,0.9345,0.8124,3
v31,C++,transcript_only,4,240,300,object,0.2186,0.0472,1.0,0.4887,0.6932,4
v31,C++,transcript_only,4,240,300,class,0.1725,0.0256,0.7599,0.3073,0.4883,5
v31,C++,transcript_only,4,240,300,polymorphism,0.1043,0.0045,0.4047,0.1301,0.24,6
v31,C++,transcript_only,4,240,300,template,0.0266,0.0284,0.0,0.3308,0.1985,7
v31,C++,transcript_only,4,240,300,constructor,0.0986,-0.0022,0.375,0.0739,0.1943,8
v31,C++,transcript_only,4,240,300,pointer,0.1096,-0.011,0.4323,0.0,0.1729,9
v31,C++,transcript_only,4,240,300,inheritance,0.097,-0.0096,0.3667,0.0118,0.1537,10
v31,C++,transcript_only,5,300,360,variable,0.121,0.1942,0.4373,1.0,0.7749,1
v31,C++,transcript_only,5,300,360,data type,0.1208,0.1517,0.4363,0.7905,0.6489,2
v31,C++,transcript_only,5,300,360,object,0.239,0.0651,1.0,0.3637,0.6182,3
v31,C++,transcript_only,5,300,360,class,0.1937,0.0467,0.784,0.273,0.4774,4
v31,C++,transcript_only,5,300,360,reference,0.1199,0.0745,0.432,0.4101,0.4189,5
v31,C++,transcript_only,5,300,360,polymorphism,0.1009,0.0633,0.3414,0.3549,0.3495,6
v31,C++,transcript_only,5,300,360,constructor,0.1127,0.0026,0.3977,0.0557,0.1925,7
v31,C++,transcript_only,5,300,360,pointer,0.0968,0.0105,0.3219,0.0946,0.1855,8
v31,C++,transcript_only,5,300,360,inheritance,0.1179,-0.0051,0.4225,0.0177,0.1796,9
v31,C++,transcript_only,5,300,360,template,0.0293,-0.0087,0.0,0.0,0.0,10
v31,C++,transcript_only,6,360,420,object,0.2357,0.0536,1.0,0.7746,0.8648,1
v31,C++,transcript_only,6,360,420,reference,0.1243,0.0774,0.4613,1.0,0.7845,2
v31,C++,transcript_only,6,360,420,variable,0.1259,0.0684,0.4691,0.9148,0.7365,3
v31,C++,transcript_only,6,360,420,class,0.1902,0.0177,0.78,0.4347,0.5728,4
v31,C++,transcript_only,6,360,420,polymorphism,0.1015,0.0325,0.3511,0.5748,0.4853,5
v31,C++,transcript_only,6,360,420,data type,0.1252,0.0198,0.4657,0.4545,0.459,6
v31,C++,transcript_only,6,360,420,inheritance,0.1146,0.0101,0.4144,0.3627,0.3834,7
v31,C++,transcript_only,6,360,420,pointer,0.0989,-0.0055,0.3385,0.215,0.2644,8
v31,C++,transcript_only,6,360,420,template,0.0289,0.0047,0.0,0.3116,0.1869,9
v31,C++,transcript_only,6,360,420,constructor,0.1104,-0.0282,0.3941,0.0,0.1576,10
v31,C++,transcript_only,7,420,480,variable,0.1498,0.0534,0.6365,1.0,0.8546,1
v31,C++,transcript_only,7,420,480,object,0.22,0.017,1.0,0.5094,0.7057,2
v31,C++,transcript_only,7,420,480,reference,0.1454,0.0357,0.6137,0.7615,0.7023,3
v31,C++,transcript_only,7,420,480,class,0.174,0.0094,0.7618,0.407,0.5489,4
v31,C++,transcript_only,7,420,480,template,0.0269,0.0271,0.0,0.6456,0.3873,5
v31,C++,transcript_only,7,420,480,polymorphism,0.1041,0.006,0.3998,0.3612,0.3766,6
v31,C++,transcript_only,7,420,480,inheritance,0.0985,0.0004,0.3708,0.2857,0.3197,7
v31,C++,transcript_only,7,420,480,data type,0.1464,-0.0146,0.6189,0.0836,0.2977,8
v31,C++,transcript_only,7,420,480,constructor,0.0996,-0.0169,0.3765,0.0526,0.1821,9
v31,C++,transcript_only,7,420,480,pointer,0.1086,-0.0208,0.4231,0.0,0.1692,10
v31,C++,transcript_only,8,480,540,variable,0.2399,0.2019,1.0,1.0,1.0,1
v31,C++,transcript_only,8,480,540,reference,0.2249,0.0607,0.932,0.3585,0.5879,2
v31,C++,transcript_only,8,480,540,pointer,0.1453,0.0737,0.5712,0.4175,0.479,3
v31,C++,transcript_only,8,480,540,data type,0.2266,-0.0009,0.9397,0.0786,0.423,4
v31,C++,transcript_only,8,480,540,class,0.1118,0.0447,0.4193,0.2858,0.3392,5
v31,C++,transcript_only,8,480,540,polymorphism,0.1138,0.0183,0.4284,0.1658,0.2709,6
v31,C++,transcript_only,8,480,540,object,0.1599,-0.0182,0.6374,0.0,0.2549,7
v31,C++,transcript_only,8,480,540,constructor,0.058,0.0352,0.1754,0.2426,0.2157,8
v31,C++,transcript_only,8,480,540,template,0.0193,0.0239,0.0,0.1913,0.1148,9
v31,C++,transcript_only,8,480,540,inheritance,0.0371,0.0012,0.0807,0.0881,0.0852,10
v31,C++,transcript_only,9,540,600,variable,0.1311,0.2692,0.5037,1.0,0.8015,1
v31,C++,transcript_only,9,540,600,data type,0.1298,0.1394,0.4973,0.5391,0.5224,2
v31,C++,transcript_only,9,540,600,object,0.2322,0.0407,1.0,0.1886,0.5131,3
v31,C++,transcript_only,9,540,600,class,0.1867,0.0349,0.7766,0.168,0.4114,4
v31,C++,transcript_only,9,540,600,pointer,0.101,0.0896,0.3559,0.3622,0.3597,5
v31,C++,transcript_only,9,540,600,reference,0.1288,0.0515,0.4924,0.2269,0.3331,6
v31,C++,transcript_only,9,540,600,inheritance,0.111,0.0288,0.405,0.1463,0.2498,7
v31,C++,transcript_only,9,540,600,polymorphism,0.102,0.0285,0.3608,0.1452,0.2315,8
v31,C++,transcript_only,9,540,600,constructor,0.108,-0.0097,0.3903,0.0096,0.1619,9
v31,C++,transcript_only,9,540,600,template,0.0285,-0.0124,0.0,0.0,0.0,10
v31,C++,transcript_only,10,600,660,inheritance,0.1616,0.0292,0.5138,1.0,0.8055,1
v31,C++,transcript_only,10,600,660,object,0.2815,-0.0062,1.0,0.5203,0.7122,2
v31,C++,transcript_only,10,600,660,constructor,0.1423,0.0215,0.4355,0.8957,0.7116,3
v31,C++,transcript_only,10,600,660,class,0.2378,-0.0149,0.8228,0.4024,0.5706,4
v31,C++,transcript_only,10,600,660,polymorphism,0.0939,0.0107,0.2393,0.7493,0.5453,5
v31,C++,transcript_only,10,600,660,reference,0.0628,0.0065,0.1131,0.6924,0.4607,6
v31,C++,transcript_only,10,600,660,variable,0.0563,0.0028,0.0868,0.6423,0.4201,7
v31,C++,transcript_only,10,600,660,data type,0.0633,-0.0158,0.1152,0.3902,0.2802,8
v31,C++,transcript_only,10,600,660,template,0.0349,-0.0317,0.0,0.1748,0.1049,9
v31,C++,transcript_only,10,600,660,pointer,0.0705,-0.0446,0.1444,0.0,0.0577,10
v31,C++,transcript_only,11,660,720,object,0.2819,0.0024,1.0,0.6886,0.8132,1
v31,C++,transcript_only,11,660,720,constructor,0.1424,0.0246,0.4352,1.0,0.7741,2
v31,C++,transcript_only,11,660,720,inheritance,0.1618,0.0143,0.5138,0.8555,0.7188,3
v31,C++,transcript_only,11,660,720,class,0.2381,-0.0149,0.8227,0.446,0.5967,4
v31,C++,transcript_only,11,660,720,polymorphism,0.0939,0.0016,0.2389,0.6774,0.502,5
v31,C++,transcript_only,11,660,720,template,0.0349,0.0032,0.0,0.6999,0.4199,6
v31,C++,transcript_only,11,660,720,variable,0.0562,-0.0045,0.0862,0.5919,0.3896,7
v31,C++,transcript_only,11,660,720,reference,0.0627,-0.0094,0.1126,0.5231,0.3589,8
v31,C++,transcript_only,11,660,720,data type,0.0632,-0.0322,0.1146,0.2034,0.1678,9
v31,C++,transcript_only,11,660,720,pointer,0.0704,-0.0467,0.1437,0.0,0.0575,10
v31,C++,transcript_only,12,720,780,variable,0.0561,0.0717,0.0861,1.0,0.6345,1
v31,C++,transcript_only,12,720,780,constructor,0.1426,0.0336,0.4359,0.4967,0.4724,2
v31,C++,transcript_only,12,720,780,object,0.2821,-0.0024,1.0,0.0211,0.4127,3
v31,C++,transcript_only,12,720,780,polymorphism,0.0939,0.0305,0.239,0.4557,0.369,4
v31,C++,transcript_only,12,720,780,inheritance,0.162,0.0141,0.5144,0.2391,0.3492,5
v31,C++,transcript_only,12,720,780,class,0.2383,-0.004,0.8229,0.0,0.3292,6
v31,C++,transcript_only,12,720,780,reference,0.0627,0.0099,0.1128,0.1836,0.1553,7
v31,C++,transcript_only,12,720,780,pointer,0.0704,0.0053,0.144,0.1229,0.1313,8
v31,C++,transcript_only,12,720,780,data type,0.0631,0.0033,0.1144,0.0964,0.1036,9
v31,C++,transcript_only,12,720,780,template,0.0348,-0.0036,0.0,0.0053,0.0032,10
v31,C++,transcript_only,13,780,840,object,0.282,0.0443,1.0,0.7654,0.8592,1
v31,C++,transcript_only,13,780,840,class,0.2382,0.0266,0.8228,0.6202,0.7012,2
v31,C++,transcript_only,13,780,840,variable,0.0562,0.0729,0.0866,1.0,0.6346,3
v31,C++,transcript_only,13,780,840,constructor,0.1425,0.0287,0.4357,0.6374,0.5567,4
v31,C++,transcript_only,13,780,840,polymorphism,0.0939,0.0279,0.2391,0.6308,0.4741,5
v31,C++,transcript_only,13,780,840,pointer,0.0704,0.0314,0.144,0.6596,0.4533,6
v31,C++,transcript_only,13,780,840,inheritance,0.1619,-0.0083,0.5142,0.3339,0.406,7
v31,C++,transcript_only,13,780,840,reference,0.0627,0.015,0.1129,0.525,0.3602,8
v31,C++,transcript_only,13,780,840,template,0.0348,-0.006,0.0,0.3527,0.2116,9
v31,C++,transcript_only,13,780,840,data type,0.0632,-0.049,0.1149,0.0,0.046,10
v31,C++,transcript_only,14,840,900,variable,0.213,0.2052,1.0,1.0,1.0,1
v31,C++,transcript_only,14,840,900,reference,0.2012,0.0967,0.9383,0.5962,0.7331,2
v31,C++,transcript_only,14,840,900,data type,0.2027,0.0906,0.9462,0.5735,0.7226,3
v31,C++,transcript_only,14,840,900,object,0.1778,0.0423,0.8161,0.3937,0.5627,4
v31,C++,transcript_only,14,840,900,pointer,0.1344,0.0741,0.5893,0.5121,0.543,5
v31,C++,transcript_only,14,840,900,class,0.1303,-0.0182,0.5679,0.1686,0.3283,6
v31,C++,transcript_only,14,840,900,polymorphism,0.1109,-0.0013,0.4666,0.2315,0.3255,7
v31,C++,transcript_only,14,840,900,constructor,0.0703,0.0266,0.2544,0.3353,0.303,8
v31,C++,transcript_only,14,840,900,template,0.0216,0.0153,0.0,0.2933,0.176,9
v31,C++,transcript_only,14,840,900,inheritance,0.0554,-0.0635,0.1766,0.0,0.0706,10
v31,C++,transcript_only,15,900,960,variable,0.2625,0.3435,1.0,1.0,1.0,1
v31,C++,transcript_only,15,900,960,data type,0.2467,0.1188,0.9356,0.4807,0.6626,2
v31,C++,transcript_only,15,900,960,reference,0.2448,0.0901,0.9278,0.4144,0.6198,3
v31,C++,transcript_only,15,900,960,pointer,0.1545,0.0745,0.5595,0.3783,0.4508,4
v31,C++,transcript_only,15,900,960,object,0.1451,0.0356,0.5212,0.2884,0.3815,5
v31,C++,transcript_only,15,900,960,polymorphism,0.1163,0.0368,0.4038,0.2912,0.3362,6
v31,C++,transcript_only,15,900,960,class,0.0964,0.0024,0.3226,0.2117,0.2561,7
v31,C++,transcript_only,15,900,960,template,0.0173,0.0041,0.0,0.2156,0.1294,8
v31,C++,transcript_only,15,900,960,inheritance,0.0219,-0.0163,0.0188,0.1685,0.1086,9
v31,C++,transcript_only,15,900,960,constructor,0.0477,-0.0892,0.124,0.0,0.0496,10
v31,C++,transcript_only,16,960,1020,variable,0.2198,0.2135,1.0,1.0,1.0,1
v31,C++,transcript_only,16,960,1020,reference,0.1955,0.1639,0.888,0.8025,0.8367,2
v31,C++,transcript_only,16,960,1020,data type,0.2193,-0.007,0.9977,0.1222,0.4724,3
v31,C++,transcript_only,16,960,1020,object,0.1111,0.0135,0.4991,0.2038,0.3219,4
v31,C++,transcript_only,16,960,1020,pointer,0.1415,-0.0207,0.6392,0.0677,0.2963,5
v31,C++,transcript_only,16,960,1020,polymorphism,0.1049,-0.0146,0.4705,0.092,0.2434,6
v31,C++,transcript_only,16,960,1020,template,0.0381,0.033,0.1627,0.2814,0.2339,7
v31,C++,transcript_only,16,960,1020,constructor,0.0317,0.0244,0.1332,0.2472,0.2016,8
v31,C++,transcript_only,16,960,1020,class,0.07,-0.0377,0.3097,0.0,0.1239,9
v31,C++,transcript_only,16,960,1020,inheritance,0.0028,-0.0051,0.0,0.1298,0.0779,10
v31,C++,transcript_only,17,1020,1080,variable,0.2906,0.3627,1.0,1.0,1.0,1
v31,C++,transcript_only,17,1020,1080,data type,0.2717,0.1231,0.9344,0.4411,0.6384,2
v31,C++,transcript_only,17,1020,1080,reference,0.2696,0.0304,0.9271,0.2249,0.5058,3
v31,C++,transcript_only,17,1020,1080,polymorphism,0.1193,0.0769,0.4052,0.3333,0.3621,4
v31,C++,transcript_only,17,1020,1080,pointer,0.1659,0.0289,0.567,0.2214,0.3596,5
v31,C++,transcript_only,17,1020,1080,object,0.1261,0.0207,0.4288,0.2022,0.2929,6
v31,C++,transcript_only,17,1020,1080,class,0.0769,0.0038,0.258,0.1628,0.2009,7
v31,C++,transcript_only,17,1020,1080,constructor,0.0346,0.0005,0.1111,0.1551,0.1375,8
v31,C++,transcript_only,17,1020,1080,inheritance,0.0026,-0.0102,0.0,0.1302,0.0781,9
v31,C++,transcript_only,17,1020,1080,template,0.015,-0.066,0.0431,0.0,0.0172,10
v31,C++,transcript_only,18,1080,1140,variable,0.2036,0.2849,1.0,1.0,1.0,1
v31,C++,transcript_only,18,1080,1140,data type,0.1943,0.0733,0.9487,0.3035,0.5616,2
v31,C++,transcript_only,18,1080,1140,reference,0.1928,0.0669,0.9404,0.2824,0.5456,3
v31,C++,transcript_only,18,1080,1140,object,0.1841,0.015,0.8924,0.1116,0.4239,4
v31,C++,transcript_only,18,1080,1140,pointer,0.1305,0.0257,0.5966,0.1468,0.3267,5
v31,C++,transcript_only,18,1080,1140,class,0.1368,-0.008,0.6313,0.0359,0.2741,6
v31,C++,transcript_only,18,1080,1140,polymorphism,0.1099,0.01,0.4829,0.0951,0.2502,7
v31,C++,transcript_only,18,1080,1140,constructor,0.0747,0.0098,0.2886,0.0945,0.1721,8
v31,C++,transcript_only,18,1080,1140,inheritance,0.0618,0.0093,0.2174,0.0928,0.1427,9
v31,C++,transcript_only,18,1080,1140,template,0.0224,-0.0189,0.0,0.0,0.0,10
v31,C++,transcript_only,19,1140,1200,variable,0.2119,0.1588,1.0,1.0,1.0,1
v31,C++,transcript_only,19,1140,1200,object,0.1783,0.0713,0.8233,0.5286,0.6465,2
v31,C++,transcript_only,19,1140,1200,data type,0.2017,0.0441,0.9464,0.382,0.6078,3
v31,C++,transcript_only,19,1140,1200,reference,0.2002,0.045,0.9385,0.3869,0.6075,4
v31,C++,transcript_only,19,1140,1200,polymorphism,0.1108,0.0558,0.4685,0.445,0.4544,5
v31,C++,transcript_only,19,1140,1200,pointer,0.1339,0.0161,0.5899,0.2311,0.3746,6
v31,C++,transcript_only,19,1140,1200,class,0.131,-0.0054,0.5747,0.1153,0.299,7
v31,C++,transcript_only,19,1140,1200,inheritance,0.056,0.0199,0.1803,0.2516,0.2231,8
v31,C++,transcript_only,19,1140,1200,constructor,0.0708,0.0044,0.2581,0.1681,0.2041,9
v31,C++,transcript_only,19,1140,1200,template,0.0217,-0.0268,0.0,0.0,0.0,10
v31,C++,transcript_only,20,1200,1260,variable,0.2818,0.2358,1.0,1.0,1.0,1
v31,C++,transcript_only,20,1200,1260,reference,0.2615,0.0568,0.9273,0.2851,0.542,2
v31,C++,transcript_only,20,1200,1260,data type,0.2652,0.0524,0.9406,0.2676,0.5368,3
v31,C++,transcript_only,20,1200,1260,pointer,0.1643,-0.0002,0.5793,0.0575,0.2662,4
v31,C++,transcript_only,20,1200,1260,object,0.125,0.0202,0.4386,0.139,0.2588,5
v31,C++,transcript_only,20,1200,1260,polymorphism,0.1181,0.0117,0.4139,0.105,0.2286,6
v31,C++,transcript_only,20,1200,1260,inheritance,0.0025,0.036,0.0,0.2021,0.1212,7
v31,C++,transcript_only,20,1200,1260,class,0.0751,-0.0107,0.2599,0.0156,0.1133,8
v31,C++,transcript_only,20,1200,1260,constructor,0.0343,-0.0002,0.1139,0.0575,0.08,9
v31,C++,transcript_only,20,1200,1260,template,0.0192,-0.0146,0.0598,0.0,0.0239,10
v31,C++,transcript_only,21,1260,1320,variable,0.2669,0.2699,1.0,1.0,1.0,1
v31,C++,transcript_only,21,1260,1320,data type,0.2506,0.1091,0.9348,0.4389,0.6373,2
v31,C++,transcript_only,21,1260,1320,reference,0.2487,0.0454,0.9272,0.2167,0.5009,3
v31,C++,transcript_only,21,1260,1320,object,0.1418,0.0087,0.4994,0.0886,0.2529,4
v31,C++,transcript_only,21,1260,1320,pointer,0.1563,-0.0167,0.5574,0.0,0.223,5
v31,C++,transcript_only,21,1260,1320,class,0.0931,0.0153,0.3045,0.1117,0.1888,6
v31,C++,transcript_only,21,1260,1320,polymorphism,0.1168,-0.0111,0.3994,0.0195,0.1715,7
v31,C++,transcript_only,21,1260,1320,constructor,0.0455,0.0368,0.114,0.1867,0.1576,8
v31,C++,transcript_only,21,1260,1320,inheritance,0.0186,0.0161,0.0064,0.1144,0.0712,9
v31,C++,transcript_only,21,1260,1320,template,0.017,0.007,0.0,0.0827,0.0496,10
v31,C++,transcript_only,22,1320,1380,variable,0.2909,0.2408,1.0,1.0,1.0,1
v31,C++,transcript_only,22,1320,1380,reference,0.2699,0.1431,0.9272,0.6372,0.7532,2
v31,C++,transcript_only,22,1320,1380,data type,0.272,0.1027,0.9345,0.4872,0.6661,3
v31,C++,transcript_only,22,1320,1380,polymorphism,0.1194,0.0387,0.4053,0.2495,0.3119,4
v31,C++,transcript_only,22,1320,1380,pointer,0.1661,-0.0285,0.5673,0.0,0.2269,5
v31,C++,transcript_only,22,1320,1380,class,0.0768,0.0198,0.2576,0.1794,0.2107,6
v31,C++,transcript_only,22,1320,1380,object,0.1261,-0.0226,0.4286,0.0219,0.1846,7
v31,C++,transcript_only,22,1320,1380,template,0.015,0.0403,0.0433,0.2555,0.1706,8
v31,C++,transcript_only,22,1320,1380,inheritance,0.0025,0.02,0.0,0.1801,0.1081,9
v31,C++,transcript_only,22,1320,1380,constructor,0.0346,-0.0201,0.1113,0.0312,0.0632,10
v31,C++,transcript_only,23,1380,1440,data type,0.2722,0.6045,0.9342,1.0,0.9737,1
v31,C++,transcript_only,23,1380,1440,variable,0.2912,0.4217,1.0,0.7185,0.8311,2
v31,C++,transcript_only,23,1380,1440,reference,0.2702,0.0586,0.9273,0.1594,0.4665,3
v31,C++,transcript_only,23,1380,1440,pointer,0.1662,0.0964,0.5672,0.2176,0.3574,4
v31,C++,transcript_only,23,1380,1440,class,0.0767,0.0756,0.2573,0.1856,0.2142,5
v31,C++,transcript_only,23,1380,1440,object,0.126,0.0005,0.428,0.0699,0.2131,6
v31,C++,transcript_only,23,1380,1440,polymorphism,0.1194,0.0066,0.4051,0.0793,0.2096,7
v31,C++,transcript_only,23,1380,1440,template,0.0149,0.0587,0.0433,0.1595,0.113,8
v31,C++,transcript_only,23,1380,1440,constructor,0.0345,-0.0156,0.1111,0.0451,0.0715,9
v31,C++,transcript_only,23,1380,1440,inheritance,0.0024,-0.0449,0.0,0.0,0.0,10
v31,C++,transcript_only,24,1440,1500,variable,0.2753,0.3498,1.0,1.0,1.0,1
v31,C++,transcript_only,24,1440,1500,data type,0.2605,0.1444,0.9457,0.5299,0.6962,2
v31,C++,transcript_only,24,1440,1500,reference,0.2555,0.1413,0.9274,0.5228,0.6846,3
v31,C++,transcript_only,24,1440,1500,pointer,0.1631,0.1016,0.5887,0.4319,0.4946,4
v31,C++,transcript_only,24,1440,1500,object,0.1242,0.0251,0.4461,0.2568,0.3325,5
v31,C++,transcript_only,24,1440,1500,polymorphism,0.1172,-0.0587,0.4205,0.065,0.2072,6
v31,C++,transcript_only,24,1440,1500,class,0.0737,-0.0306,0.261,0.1293,0.182,7
v31,C++,transcript_only,24,1440,1500,template,0.0222,0.0034,0.0722,0.2071,0.1532,8
v31,C++,transcript_only,24,1440,1500,inheritance,0.0025,-0.0118,0.0,0.1724,0.1034,9
v31,C++,transcript_only,24,1440,1500,constructor,0.034,-0.0871,0.1155,0.0,0.0462,10
v31,C++,transcript_only,25,1500,1560,data type,0.2281,0.2864,0.9532,1.0,0.9813,1
v31,C++,transcript_only,25,1500,1560,variable,0.2383,0.1619,1.0,0.6274,0.7764,2
v31,C++,transcript_only,25,1500,1560,reference,0.2167,0.0738,0.9008,0.3637,0.5785,3
v31,C++,transcript_only,25,1500,1560,pointer,0.1418,0.0278,0.5569,0.226,0.3584,4
v31,C++,transcript_only,25,1500,1560,object,0.1409,0.0163,0.5528,0.1916,0.3361,5
v31,C++,transcript_only,25,1500,1560,class,0.0997,0.0375,0.3636,0.255,0.2985,6
v31,C++,transcript_only,25,1500,1560,polymorphism,0.11,-0.0477,0.4109,0.0,0.1644,7
v31,C++,transcript_only,25,1500,1560,inheritance,0.0247,0.0042,0.0193,0.1553,0.1009,8
v31,C++,transcript_only,25,1500,1560,constructor,0.0485,-0.0255,0.1286,0.0664,0.0913,9
v31,C++,transcript_only,25,1500,1560,template,0.0205,-0.0077,0.0,0.1197,0.0718,10
v31,C++,transcript_only,26,1560,1620,data type,0.2725,0.5619,0.9343,1.0,0.9737,1
v31,C++,transcript_only,26,1560,1620,variable,0.2915,0.2946,1.0,0.5701,0.7421,2
v31,C++,transcript_only,26,1560,1620,pointer,0.1663,0.1684,0.5671,0.3672,0.4471,3
v31,C++,transcript_only,26,1560,1620,reference,0.2705,-0.0599,0.9274,0.0,0.371,4
v31,C++,transcript_only,26,1560,1620,polymorphism,0.1195,0.1004,0.4053,0.2578,0.3168,5
v31,C++,transcript_only,26,1560,1620,class,0.0766,0.0832,0.2569,0.2301,0.2408,6
v31,C++,transcript_only,26,1560,1620,object,0.1259,0.0113,0.4274,0.1145,0.2397,7
v31,C++,transcript_only,26,1560,1620,constructor,0.0344,0.017,0.111,0.1237,0.1186,8
v31,C++,transcript_only,26,1560,1620,inheritance,0.0023,0.0288,0.0,0.1427,0.0856,9
v31,C++,transcript_only,26,1560,1620,template,0.0148,0.0107,0.0432,0.1135,0.0854,10
v31,C++,transcript_only,27,1620,1680,data type,0.2719,0.324,0.9341,1.0,0.9736,1
v31,C++,transcript_only,27,1620,1680,variable,0.2909,0.2069,1.0,0.662,0.7972,2
v31,C++,transcript_only,27,1620,1680,pointer,0.1661,0.2541,0.5673,0.7982,0.7058,3
v31,C++,transcript_only,27,1620,1680,reference,0.2699,0.0056,0.9272,0.0808,0.4194,4
v31,C++,transcript_only,27,1620,1680,polymorphism,0.1194,0.0555,0.4053,0.2249,0.2971,5
v31,C++,transcript_only,27,1620,1680,object,0.1261,0.0486,0.4286,0.205,0.2944,6
v31,C++,transcript_only,27,1620,1680,class,0.0768,0.0666,0.2576,0.2569,0.2572,7
v31,C++,transcript_only,27,1620,1680,constructor,0.0346,0.0458,0.1113,0.1969,0.1627,8
v31,C++,transcript_only,27,1620,1680,template,0.015,0.0233,0.0433,0.1319,0.0965,9
v31,C++,transcript_only,27,1620,1680,inheritance,0.0025,-0.0224,0.0,0.0,0.0,10
v31,C++,transcript_only,28,1680,1740,reference,0.2702,0.0148,0.9273,1.0,0.9709,1
v31,C++,transcript_only,28,1680,1740,polymorphism,0.1194,0.0143,0.4051,0.9929,0.7578,2
v31,C++,transcript_only,28,1680,1740,data type,0.2722,-0.0142,0.9342,0.591,0.7283,3
v31,C++,transcript_only,28,1680,1740,object,0.126,0.0061,0.428,0.8773,0.6976,4
v31,C++,transcript_only,28,1680,1740,template,0.0149,0.0148,0.0433,1.0,0.6173,5
v31,C++,transcript_only,28,1680,1740,class,0.0767,0.0039,0.2573,0.8463,0.6107,6
v31,C++,transcript_only,28,1680,1740,pointer,0.1662,-0.0164,0.5672,0.5599,0.5628,7
v31,C++,transcript_only,28,1680,1740,variable,0.2912,-0.0561,1.0,0.0,0.4,8
v31,C++,transcript_only,28,1680,1740,inheritance,0.0024,-0.0116,0.0,0.6276,0.3766,9
v31,C++,transcript_only,28,1680,1740,constructor,0.0345,-0.0197,0.1111,0.5134,0.3525,10
v31,C++,transcript_only,29,1740,1800,reference,0.2696,0.0274,0.9274,0.8736,0.8951,1
v31,C++,transcript_only,29,1740,1800,polymorphism,0.1193,0.0375,0.4053,1.0,0.7621,2
v31,C++,transcript_only,29,1740,1800,data type,0.2717,-0.0176,0.9347,0.3104,0.5601,3
v31,C++,transcript_only,29,1740,1800,variable,0.2905,-0.031,1.0,0.1427,0.4856,4
v31,C++,transcript_only,29,1740,1800,object,0.1262,-0.0043,0.4293,0.4768,0.4578,5
v31,C++,transcript_only,29,1740,1800,class,0.0769,-0.0052,0.2581,0.4656,0.3826,6
v31,C++,transcript_only,29,1740,1800,inheritance,0.0026,0.0011,0.0,0.5444,0.3267,7
v31,C++,transcript_only,29,1740,1800,template,0.015,-0.0029,0.0431,0.4944,0.3138,8
v31,C++,transcript_only,29,1740,1800,pointer,0.1659,-0.0424,0.5672,0.0,0.2269,9
v31,C++,transcript_only,29,1740,1800,constructor,0.0346,-0.0252,0.1111,0.2153,0.1736,10
v31,C++,transcript_only,30,1800,1860,data type,0.2344,0.2373,0.9379,1.0,0.9752,1
v31,C++,transcript_only,30,1800,1860,variable,0.2487,0.0447,1.0,0.2646,0.5588,2
v31,C++,transcript_only,30,1800,1860,reference,0.2327,-0.0241,0.9305,0.0019,0.3733,3
v31,C++,transcript_only,30,1800,1860,pointer,0.1489,0.0019,0.5665,0.1012,0.2873,4
v31,C++,transcript_only,30,1800,1860,object,0.1543,-0.0055,0.5899,0.0729,0.2797,5
v31,C++,transcript_only,30,1800,1860,class,0.106,0.0285,0.3801,0.2027,0.2737,6
v31,C++,transcript_only,30,1800,1860,polymorphism,0.1148,0.0143,0.4183,0.1485,0.2565,7
v31,C++,transcript_only,30,1800,1860,constructor,0.0541,-0.0178,0.1546,0.026,0.0774,8
v31,C++,transcript_only,30,1800,1860,inheritance,0.0313,-0.0037,0.0556,0.0798,0.0701,9
v31,C++,transcript_only,30,1800,1860,template,0.0185,-0.0246,0.0,0.0,0.0,10
v31,C++,transcript_only,31,1860,1920,data type,0.2716,0.1634,0.9347,1.0,0.9739,1
v31,C++,transcript_only,31,1860,1920,variable,0.2904,0.0213,1.0,0.2166,0.53,2
v31,C++,transcript_only,31,1860,1920,reference,0.2695,-0.0074,0.9274,0.0584,0.406,3
v31,C++,transcript_only,31,1860,1920,pointer,0.1659,0.0258,0.5673,0.2415,0.3718,4
v31,C++,transcript_only,31,1860,1920,object,0.1262,0.0344,0.4293,0.2889,0.345,5
v31,C++,transcript_only,31,1860,1920,polymorphism,0.1193,0.0264,0.4053,0.2448,0.309,6
v31,C++,transcript_only,31,1860,1920,class,0.077,0.0232,0.2583,0.2271,0.2396,7
v31,C++,transcript_only,31,1860,1920,constructor,0.0347,0.0005,0.1112,0.102,0.1057,8
v31,C++,transcript_only,31,1860,1920,inheritance,0.0027,0.0002,0.0,0.1003,0.0602,9
v31,C++,transcript_only,31,1860,1920,template,0.015,-0.018,0.0428,0.0,0.0171,10
v31,C++,transcript_only,32,1920,1980,data type,0.2721,0.4034,0.9342,1.0,0.9737,1
v31,C++,transcript_only,32,1920,1980,variable,0.2911,0.32,1.0,0.8122,0.8873,2
v31,C++,transcript_only,32,1920,1980,reference,0.2701,0.0863,0.9273,0.2858,0.5424,3
v31,C++,transcript_only,32,1920,1980,pointer,0.1662,0.1085,0.5674,0.3358,0.4284,4
v31,C++,transcript_only,32,1920,1980,class,0.0767,0.1375,0.2574,0.4011,0.3436,5
v31,C++,transcript_only,32,1920,1980,object,0.126,0.038,0.4281,0.177,0.2775,6
v31,C++,transcript_only,32,1920,1980,polymorphism,0.1194,0.0313,0.4053,0.1619,0.2593,7
v31,C++,transcript_only,32,1920,1980,template,0.0149,0.0746,0.0433,0.2595,0.173,8
v31,C++,transcript_only,32,1920,1980,constructor,0.0345,0.0286,0.1112,0.1559,0.138,9
v31,C++,transcript_only,32,1920,1980,inheritance,0.0024,-0.0406,0.0,0.0,0.0,10
v31,C++,transcript_only,33,1980,2040,variable,0.2904,0.1299,1.0,1.0,1.0,1
v31,C++,transcript_only,33,1980,2040,reference,0.2695,0.0624,0.9274,0.5424,0.6964,2
v31,C++,transcript_only,33,1980,2040,pointer,0.1659,0.0526,0.5673,0.4759,0.5125,3
v31,C++,transcript_only,33,1980,2040,object,0.1262,0.0524,0.4293,0.4746,0.4565,4
v31,C++,transcript_only,33,1980,2040,data type,0.2716,-0.0002,0.9347,0.118,0.4446,5
v31,C++,transcript_only,33,1980,2040,polymorphism,0.1193,0.0397,0.4053,0.3885,0.3952,6
v31,C++,transcript_only,33,1980,2040,class,0.077,0.0028,0.2583,0.1383,0.1863,7
v31,C++,transcript_only,33,1980,2040,constructor,0.0347,-0.0126,0.1112,0.0339,0.0648,8
v31,C++,transcript_only,33,1980,2040,inheritance,0.0027,-0.0099,0.0,0.0522,0.0313,9
v31,C++,transcript_only,33,1980,2040,template,0.015,-0.0176,0.0428,0.0,0.0171,10
v31,C++,transcript_only,34,2040,2100,data type,0.1709,0.1527,1.0,1.0,1.0,1
v31,C++,transcript_only,34,2040,2100,variable,0.1544,0.0263,0.9016,0.3564,0.5745,2
v31,C++,transcript_only,34,2040,2100,reference,0.1346,-0.0089,0.7834,0.1772,0.4197,3
v31,C++,transcript_only,34,2040,2100,object,0.1035,0.0115,0.5979,0.2811,0.4078,4
v31,C++,transcript_only,34,2040,2100,polymorphism,0.0954,0.0014,0.5495,0.2296,0.3576,5
v31,C++,transcript_only,34,2040,2100,class,0.0584,0.0126,0.3288,0.2867,0.3035,6
v31,C++,transcript_only,34,2040,2100,pointer,0.1283,-0.0437,0.7458,0.0,0.2983,7
v31,C++,transcript_only,34,2040,2100,constructor,0.0296,0.0131,0.1569,0.2892,0.2363,8
v31,C++,transcript_only,34,2040,2100,inheritance,0.0033,0.0316,0.0,0.3834,0.23,9
v31,C++,transcript_only,34,2040,2100,template,0.0678,-0.0258,0.3848,0.0911,0.2086,10
v31,C++,transcript_only,35,2100,2160,template,0.1304,0.0274,1.0,1.0,1.0,1
v31,C++,transcript_only,35,2100,2160,pointer,0.1135,0.0224,0.8624,0.8741,0.8694,2
v31,C++,transcript_only,35,2100,2160,object,0.1006,0.0038,0.7573,0.4055,0.5463,3
v31,C++,transcript_only,35,2100,2160,reference,0.0324,0.0131,0.202,0.6398,0.4647,4
v31,C++,transcript_only,35,2100,2160,variable,0.034,0.0111,0.215,0.5894,0.4396,5
v31,C++,transcript_only,35,2100,2160,constructor,0.0291,0.0095,0.1751,0.5491,0.3995,6
v31,C++,transcript_only,35,2100,2160,polymorphism,0.0829,-0.0028,0.6132,0.2393,0.3889,7
v31,C++,transcript_only,35,2100,2160,data type,0.0812,-0.0025,0.5993,0.2469,0.3879,8
v31,C++,transcript_only,35,2100,2160,inheritance,0.0076,0.0029,0.0,0.3829,0.2297,9
v31,C++,transcript_only,35,2100,2160,class,0.0354,-0.0123,0.2264,0.0,0.0906,10
v32,C++,transcript_only,0,0,60,variable,0.2048,0.6638,1.0,0.9837,0.9902,1
v32,C++,transcript_only,0,0,60,data type,0.1954,0.6747,0.9485,1.0,0.9794,2
v32,C++,transcript_only,0,0,60,class,0.1359,0.2755,0.6225,0.4035,0.4911,3
v32,C++,transcript_only,0,0,60,object,0.1832,0.1211,0.8816,0.1727,0.4563,4
v32,C++,transcript_only,0,0,60,reference,0.1939,0.0628,0.9403,0.0856,0.4275,5
v32,C++,transcript_only,0,0,60,pointer,0.131,0.1777,0.5956,0.2573,0.3926,6
v32,C++,transcript_only,0,0,60,polymorphism,0.11,0.0913,0.4805,0.1282,0.2691,7
v32,C++,transcript_only,0,0,60,constructor,0.0741,0.064,0.2838,0.0874,0.166,8
v32,C++,transcript_only,0,0,60,inheritance,0.0609,0.0581,0.2115,0.0786,0.1318,9
v32,C++,transcript_only,0,0,60,template,0.0223,0.0055,0.0,0.0,0.0,10
v32,C++,transcript_only,1,60,120,variable,0.2394,0.3476,1.0,1.0,1.0,1
v32,C++,transcript_only,1,60,120,pointer,0.145,0.217,0.5709,0.6777,0.635,2
v32,C++,transcript_only,1,60,120,reference,0.2244,0.0494,0.9318,0.2641,0.5312,3
v32,C++,transcript_only,1,60,120,data type,0.2262,-0.0218,0.94,0.0884,0.429,4
v32,C++,transcript_only,1,60,120,object,0.1598,0.021,0.6382,0.194,0.3717,5
v32,C++,transcript_only,1,60,120,polymorphism,0.1138,0.051,0.4291,0.268,0.3324,6
v32,C++,transcript_only,1,60,120,class,0.1119,0.0082,0.4205,0.1624,0.2656,7
v32,C++,transcript_only,1,60,120,constructor,0.058,-0.033,0.1755,0.0607,0.1066,8
v32,C++,transcript_only,1,60,120,inheritance,0.0372,-0.0096,0.0809,0.1185,0.1034,9
v32,C++,transcript_only,1,60,120,template,0.0194,-0.0576,0.0,0.0,0.0,10
v32,C++,transcript_only,2,120,180,variable,0.2897,0.3642,1.0,1.0,1.0,1
v32,C++,transcript_only,2,120,180,reference,0.2688,0.119,0.9271,0.4217,0.6239,2
v32,C++,transcript_only,2,120,180,data type,0.271,0.0757,0.9348,0.3196,0.5657,3
v32,C++,transcript_only,2,120,180,pointer,0.1655,0.1125,0.5668,0.4064,0.4705,4
v32,C++,transcript_only,2,120,180,polymorphism,0.1192,0.0527,0.4053,0.2653,0.3213,5
v32,C++,transcript_only,2,120,180,class,0.0773,0.041,0.2592,0.2377,0.2463,6
v32,C++,transcript_only,2,120,180,object,0.1263,-0.0117,0.4301,0.1134,0.2401,7
v32,C++,transcript_only,2,120,180,constructor,0.0348,0.02,0.1109,0.1882,0.1573,8
v32,C++,transcript_only,2,120,180,inheritance,0.003,-0.0091,0.0,0.1196,0.0717,9
v32,C++,transcript_only,2,120,180,template,0.0152,-0.0598,0.0426,0.0,0.017,10
v32,C++,transcript_only,3,180,240,variable,0.2127,0.1539,1.0,1.0,1.0,1
v32,C++,transcript_only,3,180,240,reference,0.2008,0.1204,0.9377,0.8311,0.8738,2
v32,C++,transcript_only,3,180,240,object,0.1775,0.0277,0.8157,0.3639,0.5446,3
v32,C++,transcript_only,3,180,240,polymorphism,0.1108,0.0696,0.4665,0.5751,0.5317,4
v32,C++,transcript_only,3,180,240,pointer,0.1341,0.0252,0.5885,0.3513,0.4462,5
v32,C++,transcript_only,3,180,240,class,0.1302,0.014,0.5681,0.2949,0.4041,6
v32,C++,transcript_only,3,180,240,data type,0.2024,-0.0445,0.9461,0.0,0.3784,7
v32,C++,transcript_only,3,180,240,inheritance,0.0553,0.0499,0.1759,0.4758,0.3559,8
v32,C++,transcript_only,3,180,240,constructor,0.0703,0.0314,0.2545,0.3826,0.3313,9
v32,C++,transcript_only,3,180,240,template,0.0217,-0.036,0.0,0.0428,0.0257,10
v32,C++,transcript_only,4,240,300,data type,0.2043,0.3693,0.9457,1.0,0.9783,1
v32,C++,transcript_only,4,240,300,variable,0.2148,0.2669,1.0,0.709,0.8254,2
v32,C++,transcript_only,4,240,300,object,0.1761,0.1126,0.7998,0.2705,0.4822,3
v32,C++,transcript_only,4,240,300,reference,0.2026,0.0419,0.9369,0.0696,0.4165,4
v32,C++,transcript_only,4,240,300,polymorphism,0.1111,0.1252,0.4635,0.3063,0.3692,5
v32,C++,transcript_only,4,240,300,pointer,0.135,0.0887,0.5872,0.2026,0.3564,6
v32,C++,transcript_only,4,240,300,class,0.1288,0.0858,0.5551,0.1944,0.3387,7
v32,C++,transcript_only,4,240,300,constructor,0.0693,0.0278,0.2473,0.0296,0.1166,8
v32,C++,transcript_only,4,240,300,inheritance,0.0539,0.0174,0.1676,0.0,0.067,9
v32,C++,transcript_only,4,240,300,template,0.0215,0.0339,0.0,0.0469,0.0281,10
v32,C++,transcript_only,5,300,360,variable,0.2496,0.4121,1.0,1.0,1.0,1
v32,C++,transcript_only,5,300,360,pointer,0.1434,0.2571,0.5702,0.6573,0.6225,2
v32,C++,transcript_only,5,300,360,data type,0.2413,0.1101,0.9664,0.3323,0.5859,3
v32,C++,transcript_only,5,300,360,reference,0.2196,0.0139,0.8786,0.1196,0.4232,4
v32,C++,transcript_only,5,300,360,polymorphism,0.1075,0.0653,0.4249,0.2333,0.3099,5
v32,C++,transcript_only,5,300,360,object,0.1116,0.0175,0.4415,0.1276,0.2532,6
v32,C++,transcript_only,5,300,360,class,0.0776,0.0331,0.3039,0.1621,0.2188,7
v32,C++,transcript_only,5,300,360,template,0.0208,0.0261,0.0741,0.1466,0.1176,8
v32,C++,transcript_only,5,300,360,inheritance,0.0025,0.0309,0.0,0.1572,0.0943,9
v32,C++,transcript_only,5,300,360,constructor,0.0323,-0.0402,0.1206,0.0,0.0482,10
v32,C++,transcript_only,6,360,420,data type,0.2714,0.3818,0.9346,1.0,0.9738,1
v32,C++,transcript_only,6,360,420,variable,0.2902,0.1824,1.0,0.5406,0.7243,2
v32,C++,transcript_only,6,360,420,pointer,0.1657,0.1197,0.5668,0.3961,0.4644,3
v32,C++,transcript_only,6,360,420,object,0.1262,0.1475,0.4294,0.4601,0.4478,4
v32,C++,transcript_only,6,360,420,reference,0.2692,-0.0196,0.9269,0.0751,0.4158,5
v32,C++,transcript_only,6,360,420,polymorphism,0.1193,0.0622,0.4054,0.2636,0.3203,6
v32,C++,transcript_only,6,360,420,class,0.0771,0.0393,0.2585,0.2108,0.2299,7
v32,C++,transcript_only,6,360,420,template,0.0151,-0.0083,0.0428,0.1012,0.0778,8
v32,C++,transcript_only,6,360,420,constructor,0.0347,-0.0288,0.111,0.0539,0.0767,9
v32,C++,transcript_only,6,360,420,inheritance,0.0028,-0.0522,0.0,0.0,0.0,10
v32,C++,transcript_only,7,420,480,data type,0.2713,0.3338,0.9346,1.0,0.9738,1
v32,C++,transcript_only,7,420,480,variable,0.2901,0.1488,1.0,0.5334,0.7201,2
v32,C++,transcript_only,7,420,480,reference,0.2692,0.0923,0.9273,0.3909,0.6055,3
v32,C++,transcript_only,7,420,480,object,0.1262,0.0409,0.4295,0.2613,0.3286,4
v32,C++,transcript_only,7,420,480,pointer,0.1657,0.001,0.567,0.1607,0.3232,5
v32,C++,transcript_only,7,420,480,polymorphism,0.1193,-0.0107,0.4055,0.1311,0.2409,6
v32,C++,transcript_only,7,420,480,constructor,0.0347,0.0497,0.111,0.2835,0.2145,7
v32,C++,transcript_only,7,420,480,class,0.0771,-0.0048,0.2586,0.146,0.1911,8
v32,C++,transcript_only,7,420,480,inheritance,0.0028,0.0343,0.0,0.2446,0.1468,9
v32,C++,transcript_only,7,420,480,template,0.0151,-0.0627,0.0428,0.0,0.0171,10
v32,C++,transcript_only,8,480,540,data type,0.2276,0.3416,0.9484,1.0,0.9793,1
v32,C++,transcript_only,8,480,540,variable,0.2389,0.2337,1.0,0.6942,0.8165,2
v32,C++,transcript_only,8,480,540,reference,0.2197,0.1949,0.9122,0.5843,0.7155,3
v32,C++,transcript_only,8,480,540,object,0.1476,0.0167,0.5827,0.0793,0.2807,4
v32,C++,transcript_only,8,480,540,pointer,0.143,0.0207,0.5617,0.0907,0.2791,5
v32,C++,transcript_only,8,480,540,class,0.1039,0.0422,0.383,0.1516,0.2442,6
v32,C++,transcript_only,8,480,540,constructor,0.0518,0.0848,0.1449,0.2723,0.2213,7
v32,C++,transcript_only,8,480,540,polymorphism,0.1114,-0.0097,0.4173,0.0045,0.1696,8
v32,C++,transcript_only,8,480,540,inheritance,0.0291,0.0442,0.0411,0.1573,0.1108,9
v32,C++,transcript_only,8,480,540,template,0.0201,-0.0113,0.0,0.0,0.0,10
v32,C++,transcript_only,9,540,600,data type,0.2475,0.3157,0.9514,1.0,0.9806,1
v32,C++,transcript_only,9,540,600,variable,0.26,0.1405,1.0,0.5024,0.7014,2
v32,C++,transcript_only,9,540,600,pointer,0.1569,0.1683,0.5991,0.5814,0.5885,3
v32,C++,transcript_only,9,540,600,object,0.1203,0.1518,0.4568,0.5345,0.5034,4
v32,C++,transcript_only,9,540,600,reference,0.2413,-0.0151,0.9273,0.0605,0.4072,5
v32,C++,transcript_only,9,540,600,polymorphism,0.1129,0.0626,0.4281,0.2812,0.3399,6
v32,C++,transcript_only,9,540,600,class,0.0708,0.0467,0.2644,0.236,0.2474,7
v32,C++,transcript_only,9,540,600,template,0.0252,0.0154,0.0871,0.1471,0.1231,8
v32,C++,transcript_only,9,540,600,inheritance,0.0028,0.0145,0.0,0.1446,0.0867,9
v32,C++,transcript_only,9,540,600,constructor,0.0331,-0.0364,0.1178,0.0,0.0471,10
v32,C++,transcript_only,10,600,660,data type,0.2442,0.5942,0.945,1.0,0.978,1
v32,C++,transcript_only,10,600,660,variable,0.2571,0.4407,1.0,0.7759,0.8655,2
v32,C++,transcript_only,10,600,660,reference,0.2442,0.0736,0.945,0.24,0.522,3
v32,C++,transcript_only,10,600,660,pointer,0.1489,0.2159,0.5388,0.4477,0.4842,4
v32,C++,transcript_only,10,600,660,object,0.1672,0.1467,0.6168,0.3467,0.4547,5
v32,C++,transcript_only,10,600,660,polymorphism,0.1277,0.105,0.4484,0.2858,0.3509,6
v32,C++,transcript_only,10,600,660,class,0.1282,0.0994,0.4506,0.2777,0.3468,7
v32,C++,transcript_only,10,600,660,template,0.0225,0.0009,0.0,0.1339,0.0803,8
v32,C++,transcript_only,10,600,660,constructor,0.0621,-0.0908,0.1688,0.0,0.0675,9
v32,C++,transcript_only,10,600,660,inheritance,0.0394,-0.0532,0.072,0.0549,0.0617,10
v32,C++,transcript_only,11,660,720,data type,0.1954,0.6804,1.0,1.0,1.0,1
v32,C++,transcript_only,11,660,720,variable,0.19,0.3325,0.9681,0.4926,0.6828,2
v32,C++,transcript_only,11,660,720,object,0.1423,0.1246,0.6867,0.1893,0.3883,3
v32,C++,transcript_only,11,660,720,reference,0.1798,0.0184,0.908,0.0344,0.3838,4
v32,C++,transcript_only,11,660,720,class,0.0941,0.1898,0.4024,0.2844,0.3316,5
v32,C++,transcript_only,11,660,720,pointer,0.1392,0.045,0.6684,0.0732,0.3113,6
v32,C++,transcript_only,11,660,720,polymorphism,0.1127,0.0456,0.5121,0.0741,0.2493,7
v32,C++,transcript_only,11,660,720,template,0.0557,-0.0052,0.1758,0.0,0.0703,8
v32,C++,transcript_only,11,660,720,constructor,0.0491,0.0003,0.1369,0.008,0.0596,9
v32,C++,transcript_only,11,660,720,inheritance,0.0259,0.0008,0.0,0.0088,0.0053,10
v33,C++,transcript_only,0,0,60,pointer,0.1366,0.6796,0.7575,1.0,0.903,1
v33,C++,transcript_only,0,0,60,variable,0.1637,0.0144,0.93,0.0766,0.418,2
v33,C++,transcript_only,0,0,60,data type,0.1747,-0.0408,1.0,0.0,0.4,3
v33,C++,transcript_only,0,0,60,reference,0.1532,0.0029,0.8631,0.0607,0.3817,4
v33,C++,transcript_only,0,0,60,object,0.1282,0.0793,0.704,0.1667,0.3816,5
v33,C++,transcript_only,0,0,60,polymorphism,0.102,0.0789,0.5372,0.1662,0.3146,6
v33,C++,transcript_only,0,0,60,class,0.0722,-0.0062,0.3475,0.048,0.1678,7
v33,C++,transcript_only,0,0,60,template,0.0654,0.0076,0.3043,0.0672,0.162,8
v33,C++,transcript_only,0,0,60,constructor,0.041,-0.0006,0.1489,0.0558,0.0931,9
v33,C++,transcript_only,0,0,60,inheritance,0.0176,0.0128,0.0,0.0744,0.0446,10
v33,C++,transcript_only,1,60,120,pointer,0.166,0.3765,0.5671,1.0,0.8268,1
v33,C++,transcript_only,1,60,120,variable,0.2908,0.0756,1.0,0.2336,0.5401,2
v33,C++,transcript_only,1,60,120,data type,0.2719,0.0018,0.9344,0.0456,0.4011,3
v33,C++,transcript_only,1,60,120,reference,0.2698,-0.0027,0.9272,0.0341,0.3913,4
v33,C++,transcript_only,1,60,120,object,0.1261,-0.0072,0.4287,0.0227,0.1851,5
v33,C++,transcript_only,1,60,120,polymorphism,0.1194,-0.0131,0.4055,0.0076,0.1668,6
v33,C++,transcript_only,1,60,120,constructor,0.0346,0.0275,0.1113,0.1111,0.1112,7
v33,C++,transcript_only,1,60,120,class,0.0768,-0.0111,0.2577,0.0127,0.1107,8
v33,C++,transcript_only,1,60,120,template,0.015,0.002,0.0434,0.0461,0.045,9
v33,C++,transcript_only,1,60,120,inheritance,0.0025,-0.0161,0.0,0.0,0.0,10
v33,C++,transcript_only,2,120,180,variable,0.2604,0.2401,1.0,0.8416,0.9049,1
v33,C++,transcript_only,2,120,180,pointer,0.1536,0.2886,0.5601,1.0,0.8241,2
v33,C++,transcript_only,2,120,180,data type,0.2449,0.0935,0.9362,0.3626,0.592,3
v33,C++,transcript_only,2,120,180,reference,0.243,0.0562,0.9283,0.2408,0.5158,4
v33,C++,transcript_only,2,120,180,object,0.1462,0.0878,0.5297,0.344,0.4183,5
v33,C++,transcript_only,2,120,180,polymorphism,0.1161,0.0371,0.4057,0.1784,0.2693,6
v33,C++,transcript_only,2,120,180,class,0.0977,0.023,0.3299,0.1323,0.2113,7
v33,C++,transcript_only,2,120,180,template,0.0176,0.0476,0.0,0.2127,0.1276,8
v33,C++,transcript_only,2,120,180,constructor,0.0485,0.0199,0.1273,0.1222,0.1242,9
v33,C++,transcript_only,2,120,180,inheritance,0.0232,-0.0175,0.0231,0.0,0.0092,10
v33,C++,transcript_only,3,180,240,pointer,0.1546,0.3448,0.5591,1.0,0.8236,1
v33,C++,transcript_only,3,180,240,variable,0.2628,0.0956,1.0,0.3143,0.5886,2
v33,C++,transcript_only,3,180,240,data type,0.247,0.0243,0.9356,0.1181,0.4451,3
v33,C++,transcript_only,3,180,240,reference,0.2451,0.0259,0.9279,0.1225,0.4446,4
v33,C++,transcript_only,3,180,240,object,0.1445,0.0176,0.5179,0.0996,0.2669,5
v33,C++,transcript_only,3,180,240,polymorphism,0.1163,0.0187,0.403,0.1026,0.2228,6
v33,C++,transcript_only,3,180,240,class,0.096,0.0023,0.3203,0.0575,0.1626,7
v33,C++,transcript_only,3,180,240,constructor,0.0474,0.0043,0.1222,0.063,0.0867,8
v33,C++,transcript_only,3,180,240,template,0.0174,0.0227,0.0,0.1136,0.0682,9
v33,C++,transcript_only,3,180,240,inheritance,0.0214,-0.0186,0.0163,0.0,0.0065,10
v33,C++,transcript_only,4,240,300,pointer,0.1563,0.3237,0.5576,1.0,0.8231,1
v33,C++,transcript_only,4,240,300,variable,0.2668,0.0116,1.0,0.1612,0.4967,2
v33,C++,transcript_only,4,240,300,data type,0.2505,0.0003,0.9347,0.1309,0.4524,3
v33,C++,transcript_only,4,240,300,reference,0.2486,-0.0484,0.9271,0.0,0.3709,4
v33,C++,transcript_only,4,240,300,object,0.1422,0.0231,0.5012,0.1922,0.3158,5
v33,C++,transcript_only,4,240,300,polymorphism,0.1168,0.0207,0.3995,0.1857,0.2712,6
v33,C++,transcript_only,4,240,300,class,0.0935,0.015,0.3062,0.1704,0.2247,7
v33,C++,transcript_only,4,240,300,template,0.017,0.0394,0.0,0.236,0.1416,8
v33,C++,transcript_only,4,240,300,constructor,0.0457,0.0046,0.1149,0.1424,0.1314,9
v33,C++,transcript_only,4,240,300,inheritance,0.019,0.0002,0.008,0.1306,0.0816,10
v33,C++,transcript_only,5,300,360,pointer,0.1661,0.2252,0.5673,1.0,0.8269,1
v33,C++,transcript_only,5,300,360,data type,0.2719,0.0013,0.9341,0.2449,0.5206,2
v33,C++,transcript_only,5,300,360,variable,0.2909,-0.039,1.0,0.1089,0.4654,3
v33,C++,transcript_only,5,300,360,reference,0.2699,-0.0713,0.9272,0.0,0.3709,4
v33,C++,transcript_only,5,300,360,polymorphism,0.1194,0.0129,0.4053,0.284,0.3325,5
v33,C++,transcript_only,5,300,360,object,0.1261,-0.0125,0.4286,0.1983,0.2904,6
v33,C++,transcript_only,5,300,360,constructor,0.0346,0.0343,0.1113,0.3562,0.2582,7
v33,C++,transcript_only,5,300,360,class,0.0768,-0.0137,0.2576,0.1943,0.2196,8
v33,C++,transcript_only,5,300,360,template,0.015,0.0203,0.0433,0.3089,0.2027,9
v33,C++,transcript_only,5,300,360,inheritance,0.0025,-0.0021,0.0,0.2334,0.14,10
v33,C++,transcript_only,6,360,420,pointer,0.166,0.3955,0.567,1.0,0.8268,1
v33,C++,transcript_only,6,360,420,variable,0.2908,0.112,1.0,0.3529,0.6117,2
v33,C++,transcript_only,6,360,420,data type,0.2718,0.1208,0.9341,0.373,0.5974,3
v33,C++,transcript_only,6,360,420,reference,0.2698,0.0804,0.9271,0.2808,0.5393,4
v33,C++,transcript_only,6,360,420,object,0.1261,-0.009,0.4285,0.0767,0.2174,5
v33,C++,transcript_only,6,360,420,polymorphism,0.1194,-0.0045,0.4053,0.087,0.2143,6
v33,C++,transcript_only,6,360,420,class,0.0769,0.0035,0.2578,0.1052,0.1663,7
v33,C++,transcript_only,6,360,420,constructor,0.0346,0.0219,0.111,0.1472,0.1327,8
v33,C++,transcript_only,6,360,420,inheritance,0.0026,-0.0046,0.0,0.0867,0.052,9
v33,C++,transcript_only,6,360,420,template,0.015,-0.0426,0.043,0.0,0.0172,10
v33,C++,transcript_only,7,420,480,pointer,0.1661,0.3932,0.5669,1.0,0.8267,1
v33,C++,transcript_only,7,420,480,data type,0.2721,0.1259,0.9342,0.4132,0.6216,2
v33,C++,transcript_only,7,420,480,variable,0.2911,0.0548,1.0,0.2571,0.5542,3
v33,C++,transcript_only,7,420,480,reference,0.2701,0.0155,0.9272,0.1708,0.4734,4
v33,C++,transcript_only,7,420,480,polymorphism,0.1194,-0.0083,0.4051,0.1186,0.2332,5
v33,C++,transcript_only,7,420,480,object,0.126,-0.0287,0.4279,0.0738,0.2154,6
v33,C++,transcript_only,7,420,480,constructor,0.0345,0.0667,0.1109,0.2832,0.2143,7
v33,C++,transcript_only,7,420,480,class,0.0767,0.0029,0.2571,0.1431,0.1887,8
v33,C++,transcript_only,7,420,480,inheritance,0.0025,0.0026,0.0,0.1425,0.0855,9
v33,C++,transcript_only,7,420,480,template,0.0149,-0.0623,0.043,0.0,0.0172,10
v33,C++,transcript_only,8,480,540,pointer,0.1499,0.345,0.5648,1.0,0.8259,1
v33,C++,transcript_only,8,480,540,variable,0.2513,0.167,1.0,0.5103,0.7062,2
v33,C++,transcript_only,8,480,540,data type,0.2367,0.0619,0.9373,0.2212,0.5076,3
v33,C++,transcript_only,8,480,540,reference,0.2349,0.0546,0.9296,0.2011,0.4925,4
v33,C++,transcript_only,8,480,540,object,0.1525,0.0268,0.576,0.1246,0.3052,5
v33,C++,transcript_only,8,480,540,polymorphism,0.1151,0.0101,0.4155,0.0787,0.2134,6
v33,C++,transcript_only,8,480,540,class,0.1041,-0.0185,0.3682,0.0,0.1473,7
v33,C++,transcript_only,8,480,540,constructor,0.0528,0.0073,0.1481,0.071,0.1018,8
v33,C++,transcript_only,8,480,540,inheritance,0.0295,-0.0021,0.0481,0.0451,0.0463,9
v33,C++,transcript_only,8,480,540,template,0.0183,-0.0081,0.0,0.0286,0.0172,10
v33,C++,transcript_only,9,540,600,pointer,0.1326,0.6551,0.6395,1.0,0.8558,1
v33,C++,transcript_only,9,540,600,variable,0.183,0.0335,0.9965,0.0758,0.4441,2
v33,C++,transcript_only,9,540,600,object,0.1591,0.0911,0.8272,0.1615,0.4278,3
v33,C++,transcript_only,9,540,600,data type,0.1835,0.0066,1.0,0.0358,0.4215,4
v33,C++,transcript_only,9,540,600,reference,0.1726,0.0055,0.9228,0.0342,0.3896,5
v33,C++,transcript_only,9,540,600,polymorphism,0.106,0.0614,0.4511,0.1173,0.2508,6
v33,C++,transcript_only,9,540,600,class,0.1078,0.0029,0.4639,0.0303,0.2038,7
v33,C++,transcript_only,9,540,600,constructor,0.0598,-0.0007,0.1239,0.025,0.0646,8
v33,C++,transcript_only,9,540,600,inheritance,0.0423,0.0223,0.0,0.0592,0.0355,9
v33,C++,transcript_only,9,540,600,template,0.0427,-0.0175,0.0028,0.0,0.0011,10
v33,C++,transcript_only,10,600,660,pointer,0.1104,0.7067,0.4968,1.0,0.7987,1
v33,C++,transcript_only,10,600,660,object,0.1648,0.2139,1.0,0.3066,0.584,2
v33,C++,transcript_only,10,600,660,polymorphism,0.0936,0.1693,0.3414,0.2438,0.2828,3
v33,C++,transcript_only,10,600,660,class,0.109,0.0483,0.4838,0.0736,0.2377,4
v33,C++,transcript_only,10,600,660,data type,0.1128,0.0177,0.519,0.0305,0.2259,5
v33,C++,transcript_only,10,600,660,reference,0.0889,0.071,0.2979,0.1055,0.1825,6
v33,C++,transcript_only,10,600,660,variable,0.0916,0.0029,0.3228,0.0097,0.135,7
v33,C++,transcript_only,10,600,660,constructor,0.067,0.0631,0.0953,0.0944,0.0948,8
v33,C++,transcript_only,10,600,660,inheritance,0.0567,0.0965,0.0,0.1414,0.0848,9
v33,C++,transcript_only,10,600,660,template,0.0771,-0.004,0.1887,0.0,0.0755,10
v33,C++,transcript_only,11,660,720,pointer,0.1136,0.2897,0.8613,1.0,0.9445,1
v33,C++,transcript_only,11,660,720,template,0.1307,-0.0083,1.0,0.0312,0.4187,2
v33,C++,transcript_only,11,660,720,object,0.1004,-0.0029,0.7543,0.0488,0.331,3
v33,C++,transcript_only,11,660,720,polymorphism,0.0828,-0.0038,0.6115,0.0458,0.2721,4
v33,C++,transcript_only,11,660,720,data type,0.0811,-0.0179,0.5977,0.0,0.2391,5
v33,C++,transcript_only,11,660,720,constructor,0.0289,0.0501,0.1744,0.2211,0.2024,6
v33,C++,transcript_only,11,660,720,class,0.0351,-0.0056,0.2247,0.04,0.1139,7
v33,C++,transcript_only,11,660,720,variable,0.0339,-0.0116,0.2149,0.0205,0.0983,8
v33,C++,transcript_only,11,660,720,reference,0.0323,-0.0171,0.2019,0.0026,0.0823,9
v33,C++,transcript_only,11,660,720,inheritance,0.0074,-0.0014,0.0,0.0536,0.0322,10
v34,C++,transcript_only,0,0,60,pointer,0.1153,0.6244,0.8557,1.0,0.9423,1
v34,C++,transcript_only,0,0,60,template,0.134,-0.0131,1.0,0.0,0.4,2
v34,C++,transcript_only,0,0,60,object,0.0974,0.0127,0.7176,0.0405,0.3113,3
v34,C++,transcript_only,0,0,60,polymorphism,0.0825,-0.0063,0.6026,0.0107,0.2474,4
v34,C++,transcript_only,0,0,60,data type,0.0804,-0.0,0.5864,0.0205,0.2469,5
v34,C++,transcript_only,0,0,60,class,0.0301,0.0164,0.1983,0.0463,0.1071,6
v34,C++,transcript_only,0,0,60,variable,0.0318,0.0084,0.2114,0.0337,0.1048,7
v34,C++,transcript_only,0,0,60,reference,0.0304,0.0074,0.2006,0.0322,0.0995,8
v34,C++,transcript_only,0,0,60,constructor,0.0267,-0.0082,0.1721,0.0077,0.0734,9
v34,C++,transcript_only,0,0,60,inheritance,0.0044,0.0005,0.0,0.0213,0.0128,10
v34,C++,transcript_only,1,60,120,reference,0.1356,0.6475,0.8207,1.0,0.9283,1
v34,C++,transcript_only,1,60,120,variable,0.1455,0.2726,0.8821,0.4292,0.6104,2
v34,C++,transcript_only,1,60,120,pointer,0.1378,0.2609,0.8344,0.4114,0.5806,3
v34,C++,transcript_only,1,60,120,data type,0.1645,0.0784,1.0,0.1335,0.4801,4
v34,C++,transcript_only,1,60,120,object,0.1098,0.052,0.6607,0.0933,0.3203,5
v34,C++,transcript_only,1,60,120,polymorphism,0.0987,-0.0093,0.5918,0.0,0.2367,6
v34,C++,transcript_only,1,60,120,template,0.0819,0.0079,0.4876,0.0262,0.2107,7
v34,C++,transcript_only,1,60,120,class,0.0502,0.046,0.2909,0.0842,0.1669,8
v34,C++,transcript_only,1,60,120,constructor,0.03,0.0342,0.1656,0.0662,0.106,9
v34,C++,transcript_only,1,60,120,inheritance,0.0033,-0.0015,0.0,0.0119,0.0071,10
v34,C++,transcript_only,2,120,180,reference,0.1618,0.6504,0.87,1.0,0.948,1
v34,C++,transcript_only,2,120,180,variable,0.1739,0.2517,0.9364,0.4065,0.6185,2
v34,C++,transcript_only,2,120,180,pointer,0.1433,0.2207,0.7685,0.3604,0.5236,3
v34,C++,transcript_only,2,120,180,data type,0.1855,0.0914,1.0,0.1679,0.5007,4
v34,C++,transcript_only,2,120,180,object,0.113,0.075,0.6023,0.1435,0.327,5
v34,C++,transcript_only,2,120,180,polymorphism,0.1027,0.0216,0.5458,0.064,0.2567,6
v34,C++,transcript_only,2,120,180,template,0.0688,-0.0214,0.3598,0.0,0.1439,7
v34,C++,transcript_only,2,120,180,class,0.0555,-0.0063,0.2869,0.0225,0.1282,8
v34,C++,transcript_only,2,120,180,constructor,0.0309,0.0515,0.1519,0.1085,0.1259,9
v34,C++,transcript_only,2,120,180,inheritance,0.0032,0.0237,0.0,0.0671,0.0403,10
v34,C++,transcript_only,3,180,240,reference,0.1057,0.37,0.7453,1.0,0.8981,1
v34,C++,transcript_only,3,180,240,pointer,0.1314,0.1309,0.9328,0.47,0.6551,2
v34,C++,transcript_only,3,180,240,variable,0.1133,0.129,0.8007,0.4658,0.5997,3
v34,C++,transcript_only,3,180,240,data type,0.1406,-0.002,1.0,0.1753,0.5052,4
v34,C++,transcript_only,3,180,240,object,0.1063,0.0593,0.7496,0.3112,0.4866,5
v34,C++,transcript_only,3,180,240,template,0.0967,0.0277,0.6796,0.2412,0.4165,6
v34,C++,transcript_only,3,180,240,polymorphism,0.0941,-0.0811,0.6606,0.0,0.2642,7
v34,C++,transcript_only,3,180,240,class,0.0445,-0.0209,0.2985,0.1335,0.1995,8
v34,C++,transcript_only,3,180,240,constructor,0.029,-0.0529,0.1854,0.0625,0.1117,9
v34,C++,transcript_only,3,180,240,inheritance,0.0036,-0.0008,0.0,0.178,0.1068,10
v34,C++,transcript_only,4,240,300,pointer,0.1335,0.4007,0.6676,1.0,0.867,1
v34,C++,transcript_only,4,240,300,reference,0.1683,0.2873,0.9091,0.7751,0.8287,2
v34,C++,transcript_only,4,240,300,variable,0.1787,0.1175,0.9813,0.4383,0.6555,3
v34,C++,transcript_only,4,240,300,object,0.1529,0.1057,0.8022,0.4149,0.5698,4
v34,C++,transcript_only,4,240,300,data type,0.1814,-0.0159,1.0,0.1737,0.5042,5
v34,C++,transcript_only,4,240,300,class,0.1004,-0.0082,0.4379,0.189,0.2886,6
v34,C++,transcript_only,4,240,300,polymorphism,0.1051,-0.0258,0.4705,0.1541,0.2807,7
v34,C++,transcript_only,4,240,300,template,0.0476,-0.0226,0.0715,0.1605,0.1249,8
v34,C++,transcript_only,4,240,300,inheritance,0.0373,-0.0199,0.0,0.1658,0.0995,9
v34,C++,transcript_only,4,240,300,constructor,0.0559,-0.1035,0.1291,0.0,0.0516,10
v34,C++,transcript_only,5,300,360,pointer,0.1546,0.3335,0.6642,1.0,0.8657,1
v34,C++,transcript_only,5,300,360,reference,0.2149,0.1663,0.9279,0.5484,0.7002,2
v34,C++,transcript_only,5,300,360,variable,0.2314,0.0631,1.0,0.2696,0.5618,3
v34,C++,transcript_only,5,300,360,data type,0.228,-0.0038,0.9851,0.0889,0.4474,4
v34,C++,transcript_only,5,300,360,object,0.1193,0.0435,0.5098,0.2166,0.3339,5
v34,C++,transcript_only,5,300,360,polymorphism,0.1109,0.0038,0.4731,0.1094,0.2549,6
v34,C++,transcript_only,5,300,360,class,0.0657,0.003,0.2755,0.1072,0.1745,7
v34,C++,transcript_only,5,300,360,template,0.0425,0.0073,0.174,0.1189,0.1409,8
v34,C++,transcript_only,5,300,360,inheritance,0.0027,-0.0037,0.0,0.0891,0.0535,9
v34,C++,transcript_only,5,300,360,constructor,0.0326,-0.0367,0.1307,0.0,0.0523,10
v34,C++,transcript_only,6,360,420,reference,0.1595,0.5259,0.8659,1.0,0.9464,1
v34,C++,transcript_only,6,360,420,pointer,0.1428,0.2784,0.7734,0.574,0.6538,2
v34,C++,transcript_only,6,360,420,variable,0.1715,0.0128,0.9324,0.1169,0.4431,3
v34,C++,transcript_only,6,360,420,data type,0.1837,-0.0166,1.0,0.0663,0.4398,4
v34,C++,transcript_only,6,360,420,object,0.1127,-0.0021,0.6066,0.0912,0.2974,5
v34,C++,transcript_only,6,360,420,polymorphism,0.1024,-0.0014,0.5496,0.0924,0.2753,6
v34,C++,transcript_only,6,360,420,template,0.0699,0.0066,0.3695,0.1062,0.2115,7
v34,C++,transcript_only,6,360,420,class,0.055,0.0055,0.287,0.1043,0.1774,8
v34,C++,transcript_only,6,360,420,inheritance,0.0032,0.0061,0.0,0.1053,0.0632,9
v34,C++,transcript_only,6,360,420,constructor,0.0308,-0.0551,0.1529,0.0,0.0612,10
v34,C++,transcript_only,7,420,480,reference,0.1484,0.5994,0.846,1.0,0.9384,1
v34,C++,transcript_only,7,420,480,pointer,0.1404,0.2798,0.7993,0.4881,0.6126,2
v34,C++,transcript_only,7,420,480,data type,0.1748,0.0187,1.0,0.0698,0.4419,3
v34,C++,transcript_only,7,420,480,variable,0.1595,0.0333,0.9107,0.0932,0.4202,4
v34,C++,transcript_only,7,420,480,object,0.1115,0.0176,0.6307,0.0681,0.2931,5
v34,C++,transcript_only,7,420,480,polymorphism,0.1007,-0.0039,0.5677,0.0336,0.2473,6
v34,C++,transcript_only,7,420,480,template,0.0754,-0.0249,0.4201,0.0,0.168,7
v34,C++,transcript_only,7,420,480,class,0.053,0.0214,0.2894,0.0742,0.1603,8
v34,C++,transcript_only,7,420,480,constructor,0.0305,-0.0043,0.1581,0.033,0.083,9
v34,C++,transcript_only,7,420,480,inheritance,0.0034,0.0212,0.0,0.0738,0.0443,10
v34,C++,transcript_only,8,480,540,reference,0.1969,0.6475,0.9276,1.0,0.971,1
v34,C++,transcript_only,8,480,540,variable,0.2112,0.0594,1.0,0.1097,0.4658,2
v34,C++,transcript_only,8,480,540,data type,0.2107,0.0379,0.9975,0.0772,0.4453,3
v34,C++,transcript_only,8,480,540,pointer,0.1471,0.1572,0.6753,0.2578,0.4248,4
v34,C++,transcript_only,8,480,540,object,0.1296,0.0697,0.5866,0.1253,0.3099,5
v34,C++,transcript_only,8,480,540,polymorphism,0.1086,-0.0131,0.4802,0.0,0.1921,6
v34,C++,transcript_only,8,480,540,class,0.0762,0.0022,0.3161,0.0232,0.1403,7
v34,C++,transcript_only,8,480,540,template,0.0456,-0.0127,0.1611,0.0006,0.0648,8
v34,C++,transcript_only,8,480,540,constructor,0.04,-0.0017,0.1327,0.0173,0.0634,9
v34,C++,transcript_only,8,480,540,inheritance,0.0138,0.0452,0.0,0.0883,0.053,10
v34,C++,transcript_only,9,540,600,pointer,0.1285,0.2745,0.9842,1.0,0.9937,1
v34,C++,transcript_only,9,540,600,data type,0.1305,0.033,1.0,0.2666,0.56,2
v34,C++,transcript_only,9,540,600,object,0.105,0.0395,0.7984,0.2864,0.4912,3
v34,C++,transcript_only,9,540,600,reference,0.0931,0.0178,0.7043,0.2205,0.414,4
v34,C++,transcript_only,9,540,600,variable,0.0996,-0.0212,0.7557,0.102,0.3635,5
v34,C++,transcript_only,9,540,600,polymorphism,0.0921,-0.0274,0.6964,0.0832,0.3285,6
v34,C++,transcript_only,9,540,600,template,0.1028,-0.0548,0.781,0.0,0.3124,7
v34,C++,transcript_only,9,540,600,class,0.0425,0.0206,0.3043,0.229,0.2591,8
v34,C++,transcript_only,9,540,600,constructor,0.0288,0.0046,0.196,0.1804,0.1866,9
v34,C++,transcript_only,9,540,600,inheritance,0.004,-0.0114,0.0,0.1318,0.0791,10
v34,C++,transcript_only,10,600,660,object,0.105,0.019,0.8185,1.0,0.9274,1
v34,C++,transcript_only,10,600,660,data type,0.0823,0.0177,0.6185,0.9705,0.8297,2
v34,C++,transcript_only,10,600,660,polymorphism,0.0834,0.0063,0.6282,0.7114,0.6781,3
v34,C++,transcript_only,10,600,660,reference,0.0352,0.0122,0.2035,0.8455,0.5887,4
v34,C++,transcript_only,10,600,660,variable,0.0371,0.0052,0.2203,0.6864,0.4999,5
v34,C++,transcript_only,10,600,660,template,0.1256,-0.025,1.0,0.0,0.4,6
v34,C++,transcript_only,10,600,660,pointer,0.111,-0.022,0.8714,0.0682,0.3895,7
v34,C++,transcript_only,10,600,660,constructor,0.0323,-0.0022,0.178,0.5182,0.3821,8
v34,C++,transcript_only,10,600,660,inheritance,0.0121,0.0027,0.0,0.6295,0.3777,9
v34,C++,transcript_only,10,600,660,class,0.0428,-0.0055,0.2705,0.4432,0.3741,10
v35,C++,transcript_only,0,0,60,reference,0.2698,0.7693,0.9271,1.0,0.9709,1
v35,C++,transcript_only,0,0,60,variable,0.2908,0.1643,1.0,0.2226,0.5335,2
v35,C++,transcript_only,0,0,60,data type,0.2719,0.1401,0.9344,0.1915,0.4886,3
v35,C++,transcript_only,0,0,60,pointer,0.166,0.0029,0.567,0.0152,0.2359,4
v35,C++,transcript_only,0,0,60,object,0.1261,0.0262,0.4285,0.0451,0.1985,5
v35,C++,transcript_only,0,0,60,polymorphism,0.1194,0.0083,0.4053,0.0221,0.1754,6
v35,C++,transcript_only,0,0,60,class,0.0768,0.0171,0.2575,0.0334,0.123,7
v35,C++,transcript_only,0,0,60,constructor,0.0346,-0.0089,0.111,0.0,0.0444,8
v35,C++,transcript_only,0,0,60,template,0.015,0.0107,0.043,0.0252,0.0323,9
v35,C++,transcript_only,0,0,60,inheritance,0.0026,0.0015,0.0,0.0134,0.008,10
v35,C++,transcript_only,1,60,120,reference,0.17,0.3626,0.8225,1.0,0.929,1
v35,C++,transcript_only,1,60,120,data type,0.1712,0.161,0.8293,0.5263,0.6475,2
v35,C++,transcript_only,1,60,120,variable,0.1776,0.1426,0.8655,0.4831,0.636,3
v35,C++,transcript_only,1,60,120,object,0.2014,-0.0184,1.0,0.1048,0.4629,4
v35,C++,transcript_only,1,60,120,class,0.1547,0.0165,0.736,0.1868,0.4065,5
v35,C++,transcript_only,1,60,120,polymorphism,0.1071,0.0146,0.4669,0.1823,0.2962,6
v35,C++,transcript_only,1,60,120,constructor,0.0867,0.0166,0.3516,0.187,0.2529,7
v35,C++,transcript_only,1,60,120,inheritance,0.0795,0.0202,0.3109,0.1955,0.2417,8
v35,C++,transcript_only,1,60,120,pointer,0.1199,-0.063,0.5393,0.0,0.2157,9
v35,C++,transcript_only,1,60,120,template,0.0245,0.0196,0.0,0.1941,0.1164,10
v35,C++,transcript_only,2,120,180,reference,0.0958,0.0881,0.2843,1.0,0.7137,1
v35,C++,transcript_only,2,120,180,object,0.2572,-0.0017,1.0,0.4648,0.6789,2
v35,C++,transcript_only,2,120,180,variable,0.0936,0.0684,0.2745,0.8826,0.6394,3
v35,C++,transcript_only,2,120,180,class,0.2125,0.0035,0.8018,0.4958,0.6182,4
v35,C++,transcript_only,2,120,180,data type,0.0964,0.044,0.2869,0.7372,0.5571,5
v35,C++,transcript_only,2,120,180,inheritance,0.1366,-0.003,0.4652,0.4571,0.4603,6
v35,C++,transcript_only,2,120,180,constructor,0.1253,-0.0015,0.4151,0.466,0.4456,7
v35,C++,transcript_only,2,120,180,polymorphism,0.0979,-0.0072,0.2936,0.4321,0.3767,8
v35,C++,transcript_only,2,120,180,template,0.0317,0.0251,0.0,0.6246,0.3747,9
v35,C++,transcript_only,2,120,180,pointer,0.0857,-0.0797,0.2395,0.0,0.0958,10
v35,C++,transcript_only,3,180,240,variable,0.1444,0.1993,0.5969,1.0,0.8388,1
v35,C++,transcript_only,3,180,240,data type,0.1417,0.1227,0.5832,0.7087,0.6585,2
v35,C++,transcript_only,3,180,240,object,0.2234,0.0056,1.0,0.2635,0.5581,3
v35,C++,transcript_only,3,180,240,reference,0.1406,0.0749,0.5776,0.527,0.5472,4
v35,C++,transcript_only,3,180,240,class,0.1775,0.0277,0.7658,0.3475,0.5148,5
v35,C++,transcript_only,3,180,240,template,0.0274,0.0763,0.0,0.5323,0.3194,6
v35,C++,transcript_only,3,180,240,constructor,0.1019,0.0077,0.3801,0.2715,0.3149,7
v35,C++,transcript_only,3,180,240,polymorphism,0.1035,-0.001,0.3883,0.2384,0.2983,8
v35,C++,transcript_only,3,180,240,inheritance,0.102,-0.0194,0.3806,0.1684,0.2533,9
v35,C++,transcript_only,3,180,240,pointer,0.1064,-0.0637,0.4031,0.0,0.1612,10
v35,C++,transcript_only,4,240,300,reference,0.2369,0.5593,0.9295,1.0,0.9718,1
v35,C++,transcript_only,4,240,300,variable,0.2535,0.1095,1.0,0.2139,0.5283,2
v35,C++,transcript_only,4,240,300,data type,0.2387,0.0865,0.9371,0.1737,0.4791,3
v35,C++,transcript_only,4,240,300,pointer,0.1508,0.037,0.5637,0.0872,0.2778,4
v35,C++,transcript_only,4,240,300,object,0.151,0.0107,0.5646,0.0412,0.2506,5
v35,C++,transcript_only,4,240,300,polymorphism,0.1153,-0.0042,0.4129,0.0152,0.1743,6
v35,C++,transcript_only,4,240,300,class,0.1026,0.0082,0.359,0.0369,0.1657,7
v35,C++,transcript_only,4,240,300,constructor,0.0518,0.0187,0.1432,0.0552,0.0904,8
v35,C++,transcript_only,4,240,300,template,0.0181,0.034,0.0,0.082,0.0492,9
v35,C++,transcript_only,4,240,300,inheritance,0.028,-0.0129,0.0421,0.0,0.0168,10
v35,C++,transcript_only,5,300,360,reference,0.1938,0.2165,0.9408,1.0,0.9763,1
v35,C++,transcript_only,5,300,360,data type,0.1953,0.1201,0.949,0.6347,0.7604,2
v35,C++,transcript_only,5,300,360,variable,0.2046,0.1022,1.0,0.5669,0.7401,3
v35,C++,transcript_only,5,300,360,constructor,0.0741,0.0935,0.2841,0.5339,0.434,4
v35,C++,transcript_only,5,300,360,object,0.1832,-0.0474,0.8826,0.0,0.353,5
v35,C++,transcript_only,5,300,360,class,0.136,-0.0045,0.6237,0.1626,0.347,6
v35,C++,transcript_only,5,300,360,pointer,0.1309,-0.0001,0.5957,0.1792,0.3458,7
v35,C++,transcript_only,5,300,360,polymorphism,0.11,-0.011,0.4811,0.1379,0.2752,8
v35,C++,transcript_only,5,300,360,inheritance,0.0609,0.0108,0.2117,0.2205,0.217,9
v35,C++,transcript_only,5,300,360,template,0.0223,-0.0026,0.0,0.1698,0.1019,10
v35,C++,transcript_only,6,360,420,reference,0.2696,0.4507,0.9271,1.0,0.9708,1
v35,C++,transcript_only,6,360,420,variable,0.2906,0.0028,1.0,0.0553,0.4332,2
v35,C++,transcript_only,6,360,420,data type,0.2717,-0.005,0.9344,0.0388,0.397,3
v35,C++,transcript_only,6,360,420,pointer,0.1659,-0.0195,0.567,0.0082,0.2317,4
v35,C++,transcript_only,6,360,420,polymorphism,0.1193,-0.0105,0.4052,0.0272,0.1784,5
v35,C++,transcript_only,6,360,420,object,0.1261,-0.0234,0.4288,0.0,0.1715,6
v35,C++,transcript_only,6,360,420,class,0.0769,-0.0113,0.258,0.0255,0.1185,7
v35,C++,transcript_only,6,360,420,constructor,0.0346,0.0059,0.1111,0.0618,0.0815,8
v35,C++,transcript_only,6,360,420,template,0.015,-0.0,0.0431,0.0494,0.0468,9
v35,C++,transcript_only,6,360,420,inheritance,0.0026,-0.0158,0.0,0.016,0.0096,10
v35,C++,transcript_only,7,420,480,reference,0.27,0.7074,0.9272,1.0,0.9709,1
v35,C++,transcript_only,7,420,480,variable,0.291,0.0937,1.0,0.1577,0.4946,2
v35,C++,transcript_only,7,420,480,data type,0.272,-0.0055,0.9341,0.0215,0.3866,3
v35,C++,transcript_only,7,420,480,pointer,0.1661,0.1691,0.5671,0.2612,0.3835,4
v35,C++,transcript_only,7,420,480,polymorphism,0.1194,0.0294,0.4052,0.0694,0.2037,5
v35,C++,transcript_only,7,420,480,object,0.1261,-0.0212,0.4284,0.0,0.1714,6
v35,C++,transcript_only,7,420,480,class,0.0768,0.0156,0.2575,0.0505,0.1333,7
v35,C++,transcript_only,7,420,480,template,0.0149,0.0221,0.043,0.0594,0.0528,8
v35,C++,transcript_only,7,420,480,constructor,0.0345,-0.0165,0.1109,0.0065,0.0482,9
v35,C++,transcript_only,7,420,480,inheritance,0.0025,0.0002,0.0,0.0294,0.0176,10
v35,C++,transcript_only,8,480,540,reference,0.2621,0.5948,0.9263,1.0,0.9705,1
v35,C++,transcript_only,8,480,540,variable,0.2825,0.1488,1.0,0.3101,0.5861,2
v35,C++,transcript_only,8,480,540,data type,0.265,0.0707,0.9368,0.1893,0.4883,3
v35,C++,transcript_only,8,480,540,pointer,0.1623,0.1831,0.5659,0.3632,0.4443,4
v35,C++,transcript_only,8,480,540,polymorphism,0.1183,0.1123,0.407,0.2537,0.315,5
v35,C++,transcript_only,8,480,540,class,0.0799,0.034,0.2683,0.1326,0.1869,6
v35,C++,transcript_only,8,480,540,object,0.1279,-0.0517,0.4417,0.0,0.1767,7
v35,C++,transcript_only,8,480,540,constructor,0.0365,0.0056,0.1116,0.0886,0.0978,8
v35,C++,transcript_only,8,480,540,template,0.0164,0.0194,0.039,0.11,0.0816,9
v35,C++,transcript_only,8,480,540,inheritance,0.0056,-0.0045,0.0,0.073,0.0438,10
v36,C++,transcript_only,0,0,60,object,0.3344,0.6153,1.0,1.0,1.0,1
v36,C++,transcript_only,0,0,60,polymorphism,0.1288,0.4445,0.2995,0.7409,0.5644,2
v36,C++,transcript_only,0,0,60,class,0.3179,0.1291,0.9438,0.2626,0.535,3
v36,C++,transcript_only,0,0,60,constructor,0.1768,0.1453,0.463,0.2871,0.3575,4
v36,C++,transcript_only,0,0,60,inheritance,0.2015,0.0107,0.5472,0.083,0.2687,5
v36,C++,transcript_only,0,0,60,reference,0.0611,0.1997,0.0688,0.3696,0.2493,6
v36,C++,transcript_only,0,0,60,template,0.0591,0.1071,0.062,0.2292,0.1623,7
v36,C++,transcript_only,0,0,60,pointer,0.0584,0.0751,0.0596,0.1806,0.1322,8
v36,C++,transcript_only,0,0,60,data type,0.06,0.0254,0.0651,0.1053,0.0892,9
v36,C++,transcript_only,0,0,60,variable,0.0409,-0.044,0.0,0.0,0.0,10
v36,C++,transcript_only,1,60,120,object,0.3254,0.5783,1.0,1.0,1.0,1
v36,C++,transcript_only,1,60,120,class,0.3001,0.214,0.9099,0.4086,0.6091,2
v36,C++,transcript_only,1,60,120,polymorphism,0.1166,0.237,0.2564,0.4459,0.3701,3
v36,C++,transcript_only,1,60,120,inheritance,0.1957,0.1043,0.5381,0.2305,0.3536,4
v36,C++,transcript_only,1,60,120,constructor,0.1706,0.1311,0.4487,0.274,0.3439,5
v36,C++,transcript_only,1,60,120,reference,0.0635,0.107,0.0673,0.2349,0.1679,6
v36,C++,transcript_only,1,60,120,data type,0.0602,0.0196,0.0556,0.093,0.078,7
v36,C++,transcript_only,1,60,120,template,0.0446,0.0097,0.0,0.0769,0.0462,8
v36,C++,transcript_only,1,60,120,pointer,0.0604,-0.0153,0.0563,0.0364,0.0443,9
v36,C++,transcript_only,1,60,120,variable,0.0478,-0.0377,0.0114,0.0,0.0046,10
v36,C++,transcript_only,2,120,180,data type,0.1437,0.4858,0.5979,1.0,0.8392,1
v36,C++,transcript_only,2,120,180,object,0.2221,0.2866,1.0,0.6118,0.7671,2
v36,C++,transcript_only,2,120,180,class,0.1761,0.2848,0.7641,0.6083,0.6706,3
v36,C++,transcript_only,2,120,180,variable,0.1468,0.1252,0.6138,0.2972,0.4239,4
v36,C++,transcript_only,2,120,180,reference,0.1427,0.0204,0.5928,0.093,0.2929,5
v36,C++,transcript_only,2,120,180,constructor,0.101,0.0755,0.379,0.2004,0.2718,6
v36,C++,transcript_only,2,120,180,polymorphism,0.1037,0.066,0.3928,0.1818,0.2662,7
v36,C++,transcript_only,2,120,180,inheritance,0.1006,0.0602,0.3769,0.1705,0.2531,8
v36,C++,transcript_only,2,120,180,pointer,0.1074,0.0211,0.4118,0.0943,0.2213,9
v36,C++,transcript_only,2,120,180,template,0.0271,-0.0273,0.0,0.0,0.0,10
v36,C++,transcript_only,3,180,240,object,0.2824,0.0928,1.0,1.0,1.0,1
v36,C++,transcript_only,3,180,240,polymorphism,0.0939,0.0673,0.2387,0.8009,0.576,2
v36,C++,transcript_only,3,180,240,class,0.2385,0.0129,0.8227,0.3763,0.5548,3
v36,C++,transcript_only,3,180,240,reference,0.0627,0.0701,0.1127,0.8228,0.5387,4
v36,C++,transcript_only,3,180,240,inheritance,0.1622,0.005,0.5145,0.3146,0.3946,5
v36,C++,transcript_only,3,180,240,constructor,0.1427,-0.0126,0.4358,0.1772,0.2806,6
v36,C++,transcript_only,3,180,240,data type,0.063,0.0112,0.1139,0.363,0.2634,7
v36,C++,transcript_only,3,180,240,variable,0.0561,0.0097,0.086,0.3513,0.2452,8
v36,C++,transcript_only,3,180,240,template,0.0348,-0.002,0.0,0.26,0.156,9
v36,C++,transcript_only,3,180,240,pointer,0.0704,-0.0353,0.1438,0.0,0.0575,10
v36,C++,transcript_only,4,240,300,object,0.2821,0.0918,1.0,0.9927,0.9956,1
v36,C++,transcript_only,4,240,300,class,0.2383,0.0928,0.8229,1.0,0.9292,2
v36,C++,transcript_only,4,240,300,constructor,0.1426,0.0802,0.4359,0.9082,0.7193,3
v36,C++,transcript_only,4,240,300,inheritance,0.162,0.0476,0.5144,0.6708,0.6082,4
v36,C++,transcript_only,4,240,300,data type,0.0631,0.0281,0.1144,0.5288,0.363,5
v36,C++,transcript_only,4,240,300,pointer,0.0704,0.0186,0.144,0.4596,0.3333,6
v36,C++,transcript_only,4,240,300,polymorphism,0.0939,0.0014,0.239,0.3343,0.2962,7
v36,C++,transcript_only,4,240,300,variable,0.0561,0.0048,0.0861,0.3591,0.2499,8
v36,C++,transcript_only,4,240,300,reference,0.0627,-0.0445,0.1128,0.0,0.0451,9
v36,C++,transcript_only,4,240,300,template,0.0348,-0.0378,0.0,0.0488,0.0293,10
v36,C++,transcript_only,5,300,360,object,0.2822,0.224,1.0,1.0,1.0,1
v36,C++,transcript_only,5,300,360,class,0.2384,0.0819,0.823,0.5271,0.6455,2
v36,C++,transcript_only,5,300,360,inheritance,0.1621,0.0528,0.5146,0.4303,0.464,3
v36,C++,transcript_only,5,300,360,polymorphism,0.0939,0.1003,0.2389,0.5884,0.4486,4
v36,C++,transcript_only,5,300,360,reference,0.0627,0.1231,0.1128,0.6642,0.4436,5
v36,C++,transcript_only,5,300,360,constructor,0.1426,0.03,0.4357,0.3544,0.3869,6
v36,C++,transcript_only,5,300,360,data type,0.0631,0.0432,0.1144,0.3983,0.2848,7
v36,C++,transcript_only,5,300,360,variable,0.0561,-0.026,0.0861,0.1681,0.1353,8
v36,C++,transcript_only,5,300,360,template,0.0348,-0.0271,0.0,0.1644,0.0986,9
v36,C++,transcript_only,5,300,360,pointer,0.0704,-0.0765,0.1439,0.0,0.0576,10
v36,C++,transcript_only,6,360,420,class,0.2384,0.1776,0.8226,1.0,0.9291,1
v36,C++,transcript_only,6,360,420,object,0.2823,0.1184,1.0,0.759,0.8554,2
v36,C++,transcript_only,6,360,420,inheritance,0.1622,0.1177,0.5147,0.7561,0.6596,3
v36,C++,transcript_only,6,360,420,constructor,0.1427,0.0071,0.436,0.3058,0.3579,4
v36,C++,transcript_only,6,360,420,reference,0.0627,0.0094,0.1127,0.3151,0.2342,5
v36,C++,transcript_only,6,360,420,data type,0.063,-0.0066,0.1139,0.25,0.1956,6
v36,C++,transcript_only,6,360,420,template,0.0348,-0.0031,0.0,0.2643,0.1586,7
v36,C++,transcript_only,6,360,420,polymorphism,0.0939,-0.0582,0.2388,0.0399,0.1195,8
v36,C++,transcript_only,6,360,420,variable,0.0561,-0.0429,0.0861,0.1022,0.0957,9
v36,C++,transcript_only,6,360,420,pointer,0.0704,-0.068,0.1438,0.0,0.0575,10
v36,C++,transcript_only,7,420,480,variable,0.0561,0.0806,0.0861,1.0,0.6344,1
v36,C++,transcript_only,7,420,480,class,0.2383,-0.0055,0.8226,0.5029,0.6308,2
v36,C++,transcript_only,7,420,480,inheritance,0.1621,-0.0067,0.5146,0.496,0.5034,3
v36,C++,transcript_only,7,420,480,constructor,0.1426,0.002,0.4357,0.5462,0.502,4
v36,C++,transcript_only,7,420,480,pointer,0.0704,0.0251,0.1439,0.6796,0.4653,5
v36,C++,transcript_only,7,420,480,object,0.2822,-0.0926,1.0,0.0,0.4,6
v36,C++,transcript_only,7,420,480,template,0.0348,0.0195,0.0,0.6472,0.3883,7
v36,C++,transcript_only,7,420,480,data type,0.0631,-0.0109,0.1144,0.4717,0.3288,8
v36,C++,transcript_only,7,420,480,reference,0.0627,-0.0158,0.1128,0.4434,0.3112,9
v36,C++,transcript_only,7,420,480,polymorphism,0.0939,-0.0722,0.2389,0.1178,0.1662,10
v36,C++,transcript_only,8,480,540,class,0.2386,0.0195,0.8228,1.0,0.9291,1
v36,C++,transcript_only,8,480,540,inheritance,0.1623,0.0186,0.5147,0.9828,0.7956,2
v36,C++,transcript_only,8,480,540,polymorphism,0.0939,0.0144,0.2386,0.9025,0.6369,3
v36,C++,transcript_only,8,480,540,object,0.2825,-0.018,1.0,0.283,0.5698,4
v36,C++,transcript_only,8,480,540,variable,0.056,0.0119,0.0856,0.8547,0.547,5
v36,C++,transcript_only,8,480,540,template,0.0348,0.0113,0.0,0.8432,0.5059,6
v36,C++,transcript_only,8,480,540,pointer,0.0704,0.0045,0.1437,0.7132,0.4854,7
v36,C++,transcript_only,8,480,540,reference,0.0627,-0.0028,0.1126,0.5736,0.3892,8
v36,C++,transcript_only,8,480,540,data type,0.063,-0.0143,0.1138,0.3537,0.2578,9
v36,C++,transcript_only,8,480,540,constructor,0.1428,-0.0328,0.436,0.0,0.1744,10
v36,C++,transcript_only,9,540,600,polymorphism,0.0939,0.1017,0.2386,1.0,0.6954,1
v36,C++,transcript_only,9,540,600,object,0.2825,0.0427,1.0,0.4914,0.6948,2
v36,C++,transcript_only,9,540,600,data type,0.063,0.0822,0.1138,0.8319,0.5447,3
v36,C++,transcript_only,9,540,600,class,0.2386,0.0051,0.8228,0.1672,0.4295,4
v36,C++,transcript_only,9,540,600,pointer,0.0704,0.0421,0.1437,0.4862,0.3492,5
v36,C++,transcript_only,9,540,600,variable,0.056,0.0362,0.0856,0.4353,0.2954,6
v36,C++,transcript_only,9,540,600,constructor,0.1428,-0.0015,0.436,0.1103,0.2406,7
v36,C++,transcript_only,9,540,600,inheritance,0.1623,-0.0143,0.5147,0.0,0.2059,8
v36,C++,transcript_only,9,540,600,template,0.0348,-0.0014,0.0,0.1112,0.0667,9
v36,C++,transcript_only,9,540,600,reference,0.0627,-0.0122,0.1126,0.0181,0.0559,10
v36,C++,transcript_only,10,600,660,object,0.2822,0.1495,1.0,1.0,1.0,1
v36,C++,transcript_only,10,600,660,polymorphism,0.0939,0.14,0.2389,0.941,0.6602,2
v36,C++,transcript_only,10,600,660,class,0.2384,0.0287,0.823,0.2502,0.4793,3
v36,C++,transcript_only,10,600,660,constructor,0.1426,0.0549,0.4357,0.4128,0.422,4
v36,C++,transcript_only,10,600,660,reference,0.0627,0.0565,0.1128,0.4227,0.2987,5
v36,C++,transcript_only,10,600,660,inheritance,0.1621,0.0045,0.5146,0.0999,0.2658,6
v36,C++,transcript_only,10,600,660,pointer,0.0704,0.0246,0.1439,0.2247,0.1924,7
v36,C++,transcript_only,10,600,660,template,0.0348,0.0177,0.0,0.1819,0.1091,8
v36,C++,transcript_only,10,600,660,variable,0.0561,-0.0072,0.0861,0.0273,0.0508,9
v36,C++,transcript_only,10,600,660,data type,0.0631,-0.0116,0.1144,0.0,0.0458,10
v36,C++,transcript_only,11,660,720,object,0.2246,0.1695,1.0,1.0,1.0,1
v36,C++,transcript_only,11,660,720,class,0.1734,0.105,0.7091,0.6996,0.7034,2
v36,C++,transcript_only,11,660,720,inheritance,0.1129,0.1175,0.3653,0.7578,0.6008,3
v36,C++,transcript_only,11,660,720,constructor,0.1065,0.0966,0.329,0.6605,0.5279,4
v36,C++,transcript_only,11,660,720,reference,0.0526,0.0589,0.0227,0.4849,0.3,5
v36,C++,transcript_only,11,660,720,polymorphism,0.0903,0.0224,0.2369,0.3149,0.2837,6
v36,C++,transcript_only,11,660,720,template,0.0657,0.0046,0.0972,0.232,0.178,7
v36,C++,transcript_only,11,660,720,data type,0.0685,-0.0065,0.1131,0.1803,0.1534,8
v36,C++,transcript_only,11,660,720,pointer,0.0844,-0.0452,0.2034,0.0,0.0814,9
v36,C++,transcript_only,11,660,720,variable,0.0486,-0.0353,0.0,0.0461,0.0277,10
v36,C++,transcript_only,12,720,780,pointer,0.1127,0.032,0.8648,1.0,0.9459,1
v36,C++,transcript_only,12,720,780,template,0.1289,0.0161,1.0,0.7268,0.8361,2
v36,C++,transcript_only,12,720,780,variable,0.035,0.0304,0.2162,0.9725,0.67,3
v36,C++,transcript_only,12,720,780,reference,0.0333,0.0279,0.202,0.9296,0.6385,4
v36,C++,transcript_only,12,720,780,data type,0.0815,0.0074,0.6043,0.5773,0.5881,5
v36,C++,transcript_only,12,720,780,constructor,0.0301,0.0228,0.1753,0.8419,0.5753,6
v36,C++,transcript_only,12,720,780,object,0.102,-0.0015,0.7755,0.4244,0.5648,7
v36,C++,transcript_only,12,720,780,polymorphism,0.083,-0.0016,0.6169,0.4227,0.5004,8
v36,C++,transcript_only,12,720,780,inheritance,0.0091,0.0187,0.0,0.7715,0.4629,9
v36,C++,transcript_only,12,720,780,class,0.0378,-0.0262,0.2396,0.0,0.0958,10
v37,C++,transcript_only,0,0,60,constructor,0.1426,0.5738,0.4357,1.0,0.7743,1
v37,C++,transcript_only,0,0,60,object,0.2822,0.2382,1.0,0.4861,0.6916,2
v37,C++,transcript_only,0,0,60,class,0.2384,0.149,0.823,0.3495,0.5389,3
v37,C++,transcript_only,0,0,60,inheritance,0.1621,0.0558,0.5146,0.2067,0.3299,4
v37,C++,transcript_only,0,0,60,polymorphism,0.0939,0.1345,0.2389,0.3273,0.2919,5
v37,C++,transcript_only,0,0,60,reference,0.0627,0.0823,0.1128,0.2473,0.1935,6
v37,C++,transcript_only,0,0,60,data type,0.0631,0.0328,0.1144,0.1715,0.1487,7
v37,C++,transcript_only,0,0,60,template,0.0348,0.015,0.0,0.1443,0.0866,8
v37,C++,transcript_only,0,0,60,pointer,0.0704,-0.0561,0.1439,0.0354,0.0788,9
v37,C++,transcript_only,0,0,60,variable,0.0561,-0.0792,0.0861,0.0,0.0344,10
v37,C++,transcript_only,1,60,120,constructor,0.1427,0.601,0.4358,1.0,0.7743,1
v37,C++,transcript_only,1,60,120,object,0.2824,0.1873,1.0,0.3533,0.612,2
v37,C++,transcript_only,1,60,120,class,0.2385,0.0185,0.8227,0.0894,0.3827,3
v37,C++,transcript_only,1,60,120,polymorphism,0.0939,0.1328,0.2387,0.2681,0.2563,4
v37,C++,transcript_only,1,60,120,inheritance,0.1622,0.0134,0.5145,0.0814,0.2547,5
v37,C++,transcript_only,1,60,120,reference,0.0627,0.1201,0.1127,0.2482,0.194,6
v37,C++,transcript_only,1,60,120,data type,0.063,0.0461,0.1139,0.1326,0.1251,7
v37,C++,transcript_only,1,60,120,pointer,0.0704,-0.0387,0.1438,0.0,0.0575,8
v37,C++,transcript_only,1,60,120,variable,0.0561,-0.026,0.086,0.0199,0.0463,9
v37,C++,transcript_only,1,60,120,template,0.0348,-0.0124,0.0,0.0411,0.0247,10
v37,C++,transcript_only,2,120,180,constructor,0.1425,0.2872,0.4357,1.0,0.7743,1
v37,C++,transcript_only,2,120,180,object,0.282,0.1209,1.0,0.4635,0.6781,2
v37,C++,transcript_only,2,120,180,class,0.2382,-0.0134,0.8228,0.0303,0.3473,3
v37,C++,transcript_only,2,120,180,polymorphism,0.0939,0.0946,0.2391,0.3787,0.3229,4
v37,C++,transcript_only,2,120,180,inheritance,0.1619,-0.0125,0.5142,0.0332,0.2256,5
v37,C++,transcript_only,2,120,180,reference,0.0627,0.0512,0.1129,0.2387,0.1884,6
v37,C++,transcript_only,2,120,180,data type,0.0631,0.022,0.1145,0.1445,0.1325,7
v37,C++,transcript_only,2,120,180,variable,0.0562,-0.005,0.0866,0.0574,0.0691,8
v37,C++,transcript_only,2,120,180,pointer,0.0704,-0.0228,0.144,0.0,0.0576,9
v37,C++,transcript_only,2,120,180,template,0.0348,-0.016,0.0,0.0219,0.0132,10
v37,C++,transcript_only,3,180,240,constructor,0.1425,0.1813,0.4357,1.0,0.7743,1
v37,C++,transcript_only,3,180,240,object,0.282,0.0065,1.0,0.0515,0.4309,2
v37,C++,transcript_only,3,180,240,class,0.2382,0.0071,0.8228,0.0548,0.362,3
v37,C++,transcript_only,3,180,240,inheritance,0.162,0.0205,0.5146,0.1275,0.2823,4
v37,C++,transcript_only,3,180,240,polymorphism,0.0939,0.0392,0.2391,0.229,0.233,5
v37,C++,transcript_only,3,180,240,variable,0.0562,0.0386,0.0866,0.2257,0.1701,6
v37,C++,transcript_only,3,180,240,pointer,0.0704,0.0018,0.144,0.026,0.0732,7
v37,C++,transcript_only,3,180,240,data type,0.0631,-0.0009,0.1145,0.0114,0.0526,8
v37,C++,transcript_only,3,180,240,reference,0.0627,-0.0028,0.1129,0.0011,0.0458,9
v37,C++,transcript_only,3,180,240,template,0.0348,-0.003,0.0,0.0,0.0,10
v37,C++,transcript_only,4,240,300,constructor,0.1426,0.0878,0.4359,1.0,0.7744,1
v37,C++,transcript_only,4,240,300,inheritance,0.162,0.0643,0.5144,0.8405,0.71,2
v37,C++,transcript_only,4,240,300,object,0.2821,0.007,1.0,0.4515,0.6709,3
v37,C++,transcript_only,4,240,300,class,0.2383,0.0022,0.8229,0.4189,0.5805,4
v37,C++,transcript_only,4,240,300,pointer,0.0704,0.0403,0.144,0.6775,0.4641,5
v37,C++,transcript_only,4,240,300,polymorphism,0.0939,0.0272,0.239,0.5886,0.4487,6
v37,C++,transcript_only,4,240,300,variable,0.0561,-0.0003,0.0861,0.4019,0.2756,7
v37,C++,transcript_only,4,240,300,template,0.0348,0.0017,0.0,0.4155,0.2493,8
v37,C++,transcript_only,4,240,300,reference,0.0627,-0.0124,0.1128,0.3198,0.237,9
v37,C++,transcript_only,4,240,300,data type,0.0631,-0.0595,0.1144,0.0,0.0458,10
v37,C++,transcript_only,5,300,360,object,0.2821,0.1371,1.0,1.0,1.0,1
v37,C++,transcript_only,5,300,360,class,0.2383,0.1143,0.8229,0.8713,0.8519,2
v37,C++,transcript_only,5,300,360,inheritance,0.162,0.0676,0.5144,0.6076,0.5703,3
v37,C++,transcript_only,5,300,360,constructor,0.1426,0.0685,0.4359,0.6126,0.542,4
v37,C++,transcript_only,5,300,360,pointer,0.0704,0.0482,0.144,0.498,0.3564,5
v37,C++,transcript_only,5,300,360,template,0.0348,0.0179,0.0,0.3269,0.1962,6
v37,C++,transcript_only,5,300,360,variable,0.0561,-0.0002,0.0861,0.2247,0.1693,7
v37,C++,transcript_only,5,300,360,polymorphism,0.0939,-0.0231,0.239,0.0954,0.1528,8
v37,C++,transcript_only,5,300,360,data type,0.0631,-0.009,0.1144,0.175,0.1508,9
v37,C++,transcript_only,5,300,360,reference,0.0627,-0.04,0.1128,0.0,0.0451,10
v37,C++,transcript_only,6,360,420,object,0.2822,0.1116,1.0,0.9469,0.9681,1
v37,C++,transcript_only,6,360,420,constructor,0.1426,0.1184,0.4357,1.0,0.7743,2
v37,C++,transcript_only,6,360,420,class,0.2383,0.0241,0.8226,0.2639,0.4873,3
v37,C++,transcript_only,6,360,420,inheritance,0.1621,0.05,0.5146,0.466,0.4854,4
v37,C++,transcript_only,6,360,420,polymorphism,0.0939,0.0508,0.2389,0.4723,0.3789,5
v37,C++,transcript_only,6,360,420,pointer,0.0704,0.0481,0.1439,0.4512,0.3283,6
v37,C++,transcript_only,6,360,420,variable,0.0561,0.0266,0.0861,0.2834,0.2045,7
v37,C++,transcript_only,6,360,420,data type,0.0631,0.0126,0.1144,0.1741,0.1502,8
v37,C++,transcript_only,6,360,420,template,0.0348,0.0157,0.0,0.1983,0.119,9
v37,C++,transcript_only,6,360,420,reference,0.0627,-0.0097,0.1128,0.0,0.0451,10
v37,C++,transcript_only,7,420,480,object,0.2822,0.1256,1.0,1.0,1.0,1
v37,C++,transcript_only,7,420,480,polymorphism,0.0939,0.0877,0.2389,0.7062,0.5193,2
v37,C++,transcript_only,7,420,480,constructor,0.1426,0.0616,0.4357,0.5039,0.4766,3
v37,C++,transcript_only,7,420,480,class,0.2383,-0.0005,0.8226,0.0225,0.3425,4
v37,C++,transcript_only,7,420,480,inheritance,0.1621,0.0222,0.5146,0.1984,0.3249,5
v37,C++,transcript_only,7,420,480,pointer,0.0704,0.0437,0.1439,0.3651,0.2766,6
v37,C++,transcript_only,7,420,480,data type,0.0631,0.0238,0.1144,0.2109,0.1723,7
v37,C++,transcript_only,7,420,480,variable,0.0561,0.0196,0.0861,0.1783,0.1414,8
v37,C++,transcript_only,7,420,480,template,0.0348,0.0096,0.0,0.1008,0.0605,9
v37,C++,transcript_only,7,420,480,reference,0.0627,-0.0034,0.1128,0.0,0.0451,10
v37,C++,transcript_only,8,480,540,constructor,0.1424,0.7444,0.4354,1.0,0.7742,1
v37,C++,transcript_only,8,480,540,object,0.2818,0.1247,1.0,0.2427,0.5456,2
v37,C++,transcript_only,8,480,540,class,0.2381,0.1255,0.823,0.2437,0.4754,3
v37,C++,transcript_only,8,480,540,inheritance,0.1618,0.0515,0.514,0.1532,0.2975,4
v37,C++,transcript_only,8,480,540,polymorphism,0.0939,0.0814,0.239,0.1898,0.2095,5
v37,C++,transcript_only,8,480,540,reference,0.0627,0.0463,0.1126,0.1469,0.1332,6
v37,C++,transcript_only,8,480,540,data type,0.0632,0.0308,0.1146,0.1279,0.1226,7
v37,C++,transcript_only,8,480,540,pointer,0.0704,-0.0739,0.1438,0.0,0.0575,8
v37,C++,transcript_only,8,480,540,template,0.0349,-0.0142,0.0,0.073,0.0438,9
v37,C++,transcript_only,8,480,540,variable,0.0562,-0.0632,0.0863,0.0131,0.0424,10
v38,C++,transcript_only,0,0,60,inheritance,0.1722,0.5223,0.5112,1.0,0.8045,1
v38,C++,transcript_only,0,0,60,object,0.2992,0.1893,1.0,0.3199,0.5919,2
v38,C++,transcript_only,0,0,60,class,0.2753,0.1062,0.908,0.1501,0.4533,3
v38,C++,transcript_only,0,0,60,polymorphism,0.1221,0.2667,0.3183,0.4779,0.4141,4
v38,C++,transcript_only,0,0,60,template,0.0705,0.2572,0.1197,0.4585,0.323,5
v38,C++,transcript_only,0,0,60,constructor,0.1545,0.1001,0.443,0.1377,0.2598,6
v38,C++,transcript_only,0,0,60,pointer,0.0669,0.0882,0.1059,0.1134,0.1104,7
v38,C++,transcript_only,0,0,60,reference,0.0565,0.0806,0.0658,0.0978,0.085,8
v38,C++,transcript_only,0,0,60,data type,0.063,0.038,0.0908,0.0108,0.0428,9
v38,C++,transcript_only,0,0,60,variable,0.0394,0.0327,0.0,0.0,0.0,10
v38,C++,transcript_only,1,60,120,inheritance,0.1541,0.4227,0.4685,1.0,0.7874,1
v38,C++,transcript_only,1,60,120,class,0.2368,0.1401,0.8327,0.3936,0.5692,2
v38,C++,transcript_only,1,60,120,object,0.2748,0.0791,1.0,0.2627,0.5576,3
v38,C++,transcript_only,1,60,120,constructor,0.1384,0.0655,0.3994,0.2335,0.2998,4
v38,C++,transcript_only,1,60,120,template,0.0561,0.1557,0.037,0.427,0.271,5
v38,C++,transcript_only,1,60,120,pointer,0.0725,0.0641,0.1092,0.2305,0.182,6
v38,C++,transcript_only,1,60,120,data type,0.0643,0.0695,0.0731,0.2421,0.1745,7
v38,C++,transcript_only,1,60,120,polymorphism,0.1039,0.0138,0.2475,0.1225,0.1725,8
v38,C++,transcript_only,1,60,120,variable,0.0477,-0.0041,0.0,0.0841,0.0505,9
v38,C++,transcript_only,1,60,120,reference,0.0578,-0.0433,0.0445,0.0,0.0178,10
v38,C++,transcript_only,2,120,180,inheritance,0.1452,0.3141,0.4267,1.0,0.7707,1
v38,C++,transcript_only,2,120,180,object,0.2684,0.0888,1.0,0.3494,0.6096,2
v38,C++,transcript_only,2,120,180,class,0.2332,0.102,0.8362,0.3875,0.567,3
v38,C++,transcript_only,2,120,180,data type,0.0862,0.1394,0.1522,0.4955,0.3582,4
v38,C++,transcript_only,2,120,180,constructor,0.1335,0.0512,0.3723,0.2408,0.2934,5
v38,C++,transcript_only,2,120,180,variable,0.0724,0.1161,0.0879,0.4282,0.2921,6
v38,C++,transcript_only,2,120,180,pointer,0.0804,0.1024,0.1252,0.3887,0.2833,7
v38,C++,transcript_only,2,120,180,polymorphism,0.1105,0.0068,0.2652,0.1126,0.1737,8
v38,C++,transcript_only,2,120,180,template,0.0535,0.0478,0.0,0.231,0.1386,9
v38,C++,transcript_only,2,120,180,reference,0.0811,-0.0322,0.1284,0.0,0.0514,10
v38,C++,transcript_only,3,180,240,class,0.1463,0.1231,0.6354,0.9949,0.8511,1
v38,C++,transcript_only,3,180,240,object,0.1976,0.0797,1.0,0.7507,0.8504,2
v38,C++,transcript_only,3,180,240,data type,0.1146,0.124,0.4101,1.0,0.764,3
v38,C++,transcript_only,3,180,240,pointer,0.1039,0.079,0.334,0.7468,0.5817,4
v38,C++,transcript_only,3,180,240,inheritance,0.084,0.0907,0.1926,0.8126,0.5646,5
v38,C++,transcript_only,3,180,240,constructor,0.0873,0.0826,0.2161,0.767,0.5466,6
v38,C++,transcript_only,3,180,240,reference,0.1006,-0.0335,0.3106,0.1137,0.1924,7
v38,C++,transcript_only,3,180,240,template,0.0569,-0.0061,0.0,0.2679,0.1607,8
v38,C++,transcript_only,3,180,240,variable,0.1023,-0.0469,0.3227,0.0383,0.152,9
v38,C++,transcript_only,3,180,240,polymorphism,0.0966,-0.0537,0.2822,0.0,0.1129,10
v38,C++,transcript_only,4,240,300,constructor,0.2021,0.1084,0.4659,1.0,0.7863,1
v38,C++,transcript_only,4,240,300,object,0.3686,-0.0169,0.9495,0.3282,0.5767,2
v38,C++,transcript_only,4,240,300,pointer,0.0427,0.072,0.0029,0.8048,0.4841,3
v38,C++,transcript_only,4,240,300,class,0.386,-0.0655,1.0,0.0676,0.4405,4
v38,C++,transcript_only,4,240,300,data type,0.0666,0.0324,0.0723,0.5925,0.3844,5
v38,C++,transcript_only,4,240,300,reference,0.0698,0.0086,0.0816,0.4649,0.3116,6
v38,C++,transcript_only,4,240,300,inheritance,0.2304,-0.0775,0.5481,0.0032,0.2212,7
v38,C++,transcript_only,4,240,300,template,0.068,-0.024,0.0764,0.2901,0.2046,8
v38,C++,transcript_only,4,240,300,polymorphism,0.1573,-0.0781,0.3358,0.0,0.1343,9
v38,C++,transcript_only,4,240,300,variable,0.0417,-0.0577,0.0,0.1094,0.0656,10
v39,C++,transcript_only,0,0,60,class,0.2927,0.2698,0.9003,0.9667,0.9401,1
v39,C++,transcript_only,0,0,60,inheritance,0.1917,0.2794,0.5356,1.0,0.8142,2
v39,C++,transcript_only,0,0,60,object,0.3203,0.1585,1.0,0.5801,0.748,3
v39,C++,transcript_only,0,0,60,constructor,0.1673,0.1329,0.4475,0.4911,0.4737,4
v39,C++,transcript_only,0,0,60,template,0.0434,0.1386,0.0,0.5109,0.3066,5
v39,C++,transcript_only,0,0,60,data type,0.0604,0.1017,0.0614,0.3828,0.2542,6
v39,C++,transcript_only,0,0,60,polymorphism,0.1138,0.0466,0.2542,0.1914,0.2165,7
v39,C++,transcript_only,0,0,60,variable,0.0488,0.041,0.0195,0.1719,0.111,8
v39,C++,transcript_only,0,0,60,pointer,0.0616,0.0036,0.0657,0.042,0.0515,9
v39,C++,transcript_only,0,0,60,reference,0.0634,-0.0085,0.0722,0.0,0.0289,10
v39,C++,transcript_only,1,60,120,object,0.2823,0.0408,1.0,0.4353,0.6612,1
v39,C++,transcript_only,1,60,120,data type,0.0631,0.1137,0.1143,1.0,0.6457,2
v39,C++,transcript_only,1,60,120,variable,0.0561,0.1017,0.0861,0.907,0.5787,3
v39,C++,transcript_only,1,60,120,pointer,0.0704,0.0725,0.1438,0.6809,0.4661,4
v39,C++,transcript_only,1,60,120,class,0.2384,-0.0006,0.8226,0.1146,0.3978,5
v39,C++,transcript_only,1,60,120,constructor,0.1427,0.0056,0.436,0.1627,0.272,6
v39,C++,transcript_only,1,60,120,polymorphism,0.0939,0.0103,0.2388,0.1991,0.215,7
v39,C++,transcript_only,1,60,120,inheritance,0.1621,-0.0154,0.5143,0.0,0.2057,8
v39,C++,transcript_only,1,60,120,template,0.0348,0.0269,0.0,0.3277,0.1966,9
v39,C++,transcript_only,1,60,120,reference,0.0627,0.0065,0.1127,0.1696,0.1469,10
v39,C++,transcript_only,2,120,180,class,0.2384,0.1921,0.8226,1.0,0.9291,1
v39,C++,transcript_only,2,120,180,object,0.2823,0.1626,1.0,0.8706,0.9224,2
v39,C++,transcript_only,2,120,180,inheritance,0.1622,0.1835,0.5147,0.9623,0.7833,3
v39,C++,transcript_only,2,120,180,constructor,0.1427,0.1129,0.436,0.6526,0.566,4
v39,C++,transcript_only,2,120,180,template,0.0348,0.089,0.0,0.5478,0.3287,5
v39,C++,transcript_only,2,120,180,reference,0.0627,0.0567,0.1127,0.4061,0.2888,6
v39,C++,transcript_only,2,120,180,polymorphism,0.0939,0.0029,0.2388,0.1702,0.1976,7
v39,C++,transcript_only,2,120,180,data type,0.0631,-0.0157,0.1143,0.0886,0.0989,8
v39,C++,transcript_only,2,120,180,pointer,0.0704,-0.0342,0.1438,0.0075,0.062,9
v39,C++,transcript_only,2,120,180,variable,0.0561,-0.0359,0.0861,0.0,0.0344,10
v39,C++,transcript_only,3,180,240,class,0.2385,0.2102,0.8227,1.0,0.9291,1
v39,C++,transcript_only,3,180,240,object,0.2824,0.1296,1.0,0.6389,0.7833,2
v39,C++,transcript_only,3,180,240,inheritance,0.1622,0.1242,0.5145,0.6147,0.5746,3
v39,C++,transcript_only,3,180,240,constructor,0.1427,0.0771,0.4358,0.4037,0.4165,4
v39,C++,transcript_only,3,180,240,template,0.0348,0.0776,0.0,0.4059,0.2435,5
v39,C++,transcript_only,3,180,240,reference,0.0627,0.006,0.1127,0.0851,0.0961,6
v39,C++,transcript_only,3,180,240,polymorphism,0.0939,-0.013,0.2387,0.0,0.0955,7
v39,C++,transcript_only,3,180,240,pointer,0.0704,-0.0057,0.1438,0.0327,0.0771,8
v39,C++,transcript_only,3,180,240,data type,0.063,-0.0044,0.1139,0.0385,0.0687,9
v39,C++,transcript_only,3,180,240,variable,0.0561,-0.0102,0.086,0.0125,0.0419,10
v39,C++,transcript_only,4,240,300,class,0.2386,0.1247,0.8228,1.0,0.9291,1
v39,C++,transcript_only,4,240,300,object,0.2825,0.0793,1.0,0.6778,0.8067,2
v39,C++,transcript_only,4,240,300,inheritance,0.1623,0.0895,0.5147,0.7502,0.656,3
v39,C++,transcript_only,4,240,300,pointer,0.0704,0.0578,0.1437,0.5252,0.3726,4
v39,C++,transcript_only,4,240,300,variable,0.056,0.0531,0.0856,0.4918,0.3293,5
v39,C++,transcript_only,4,240,300,constructor,0.1428,0.0142,0.436,0.2158,0.3039,6
v39,C++,transcript_only,4,240,300,template,0.0348,0.04,0.0,0.3989,0.2393,7
v39,C++,transcript_only,4,240,300,reference,0.0627,0.0188,0.1126,0.2484,0.1941,8
v39,C++,transcript_only,4,240,300,polymorphism,0.0939,-0.0078,0.2386,0.0596,0.1312,9
v39,C++,transcript_only,4,240,300,data type,0.063,-0.0162,0.1138,0.0,0.0455,10
v39,C++,transcript_only,5,300,360,object,0.2767,0.0891,1.0,0.9028,0.9417,1
v39,C++,transcript_only,5,300,360,class,0.2345,0.0932,0.8254,0.9526,0.9017,2
v39,C++,transcript_only,5,300,360,inheritance,0.1582,0.0971,0.5097,1.0,0.8039,3
v39,C++,transcript_only,5,300,360,reference,0.0618,0.0782,0.1109,0.7704,0.5066,4
v39,C++,transcript_only,5,300,360,constructor,0.1397,0.0522,0.4332,0.4544,0.4459,5
v39,C++,transcript_only,5,300,360,variable,0.0569,0.0544,0.0906,0.4812,0.3249,6
v39,C++,transcript_only,5,300,360,pointer,0.0701,0.0297,0.1452,0.181,0.1667,7
v39,C++,transcript_only,5,300,360,polymorphism,0.0931,0.0188,0.2404,0.0486,0.1253,8
v39,C++,transcript_only,5,300,360,data type,0.0645,0.0234,0.1221,0.1045,0.1115,9
v39,C++,transcript_only,5,300,360,template,0.035,0.0148,0.0,0.0,0.0,10
v39,C++,transcript_only,6,360,420,object,0.2824,0.2174,1.0,1.0,1.0,1
v39,C++,transcript_only,6,360,420,class,0.2385,0.142,0.8227,0.6808,0.7375,2
v39,C++,transcript_only,6,360,420,constructor,0.1427,0.1567,0.4358,0.743,0.6201,3
v39,C++,transcript_only,6,360,420,inheritance,0.1622,0.0731,0.5145,0.3891,0.4393,4
v39,C++,transcript_only,6,360,420,reference,0.0627,0.1018,0.1127,0.5106,0.3514,5
v39,C++,transcript_only,6,360,420,polymorphism,0.0939,0.0629,0.2387,0.3459,0.303,6
v39,C++,transcript_only,6,360,420,pointer,0.0704,-0.0062,0.1438,0.0533,0.0895,7
v39,C++,transcript_only,6,360,420,template,0.0348,0.0035,0.0,0.0944,0.0566,8
v39,C++,transcript_only,6,360,420,variable,0.0561,-0.0101,0.086,0.0368,0.0565,9
v39,C++,transcript_only,6,360,420,data type,0.063,-0.0188,0.1139,0.0,0.0456,10
v39,C++,transcript_only,7,420,480,object,0.2823,0.175,1.0,1.0,1.0,1
v39,C++,transcript_only,7,420,480,class,0.2384,0.136,0.8226,0.8065,0.8129,2
v39,C++,transcript_only,7,420,480,constructor,0.1427,0.1506,0.436,0.8789,0.7017,3
v39,C++,transcript_only,7,420,480,reference,0.0627,0.1535,0.1127,0.8933,0.5811,4
v39,C++,transcript_only,7,420,480,inheritance,0.1621,0.0617,0.5143,0.4377,0.4684,5
v39,C++,transcript_only,7,420,480,polymorphism,0.0939,0.0389,0.2388,0.3246,0.2903,6
v39,C++,transcript_only,7,420,480,variable,0.0561,0.0177,0.0861,0.2194,0.166,7
v39,C++,transcript_only,7,420,480,template,0.0348,0.0214,0.0,0.2377,0.1426,8
v39,C++,transcript_only,7,420,480,data type,0.0631,0.006,0.1143,0.1613,0.1425,9
v39,C++,transcript_only,7,420,480,pointer,0.0704,-0.0265,0.1438,0.0,0.0575,10
v39,C++,transcript_only,8,480,540,inheritance,0.162,0.4445,0.5144,1.0,0.8057,1
v39,C++,transcript_only,8,480,540,class,0.2383,0.3399,0.8229,0.7505,0.7794,2
v39,C++,transcript_only,8,480,540,object,0.2821,0.2769,1.0,0.6002,0.7601,3
v39,C++,transcript_only,8,480,540,constructor,0.1426,0.2426,0.4359,0.5184,0.4854,4
v39,C++,transcript_only,8,480,540,polymorphism,0.0939,0.0417,0.239,0.0391,0.1191,5
v39,C++,transcript_only,8,480,540,pointer,0.0704,0.0464,0.144,0.0503,0.0878,6
v39,C++,transcript_only,8,480,540,variable,0.0561,0.0531,0.0861,0.0663,0.0742,7
v39,C++,transcript_only,8,480,540,template,0.0348,0.0759,0.0,0.1207,0.0724,8
v39,C++,transcript_only,8,480,540,reference,0.0627,0.0402,0.1128,0.0355,0.0665,9
v39,C++,transcript_only,8,480,540,data type,0.0631,0.0253,0.1144,0.0,0.0458,10
v39,C++,transcript_only,9,540,600,class,0.2376,0.4163,0.8424,1.0,0.937,1
v39,C++,transcript_only,9,540,600,object,0.2735,0.271,1.0,0.6786,0.8072,2
v39,C++,transcript_only,9,540,600,inheritance,0.1526,0.3465,0.4693,0.8456,0.6951,3
v39,C++,transcript_only,9,540,600,constructor,0.1378,0.2584,0.4043,0.6507,0.5522,4
v39,C++,transcript_only,9,540,600,data type,0.0647,0.0637,0.0834,0.2201,0.1654,5
v39,C++,transcript_only,9,540,600,pointer,0.0727,0.0496,0.1185,0.1889,0.1607,6
v39,C++,transcript_only,9,540,600,polymorphism,0.1069,-0.0068,0.2687,0.0641,0.1459,7
v39,C++,transcript_only,9,540,600,variable,0.0457,0.0543,0.0,0.1993,0.1196,8
v39,C++,transcript_only,9,540,600,template,0.0615,0.0311,0.0694,0.148,0.1165,9
v39,C++,transcript_only,9,540,600,reference,0.0568,-0.0358,0.0487,0.0,0.0195,10
v4,SQL,transcript_only,0,0,60,group by,0.3355,0.4467,1.0,1.0,1.0,1
v4,SQL,transcript_only,0,0,60,select,0.2889,0.1437,0.8024,0.3384,0.524,2
v4,SQL,transcript_only,0,0,60,order by,0.2587,0.1274,0.6743,0.3028,0.4514,3
v4,SQL,transcript_only,0,0,60,left join,0.2054,0.1776,0.4483,0.4124,0.4268,4
v4,SQL,transcript_only,0,0,60,where,0.126,0.259,0.1115,0.5902,0.3987,5
v4,SQL,transcript_only,0,0,60,having,0.0997,0.2538,0.0,0.5788,0.3473,6
v4,SQL,transcript_only,0,0,60,count,0.1649,0.1652,0.2765,0.3854,0.3418,7
v4,SQL,transcript_only,0,0,60,aggregate function,0.1319,0.1148,0.1366,0.2753,0.2198,8
v4,SQL,transcript_only,0,0,60,join,0.1191,0.1264,0.0823,0.3007,0.2133,9
v4,SQL,transcript_only,0,0,60,subquery,0.1363,0.0166,0.1552,0.0609,0.0986,10
v4,SQL,transcript_only,0,0,60,inner join,0.1113,-0.0113,0.0492,0.0,0.0197,11
v4,SQL,transcript_only,1,60,120,group by,0.3887,0.7305,1.0,1.0,1.0,1
v4,SQL,transcript_only,1,60,120,select,0.3385,0.0592,0.815,0.186,0.4376,2
v4,SQL,transcript_only,1,60,120,left join,0.2409,0.2367,0.4552,0.4012,0.4228,3
v4,SQL,transcript_only,1,60,120,order by,0.2951,0.0625,0.655,0.19,0.376,4
v4,SQL,transcript_only,1,60,120,count,0.183,0.1441,0.2418,0.289,0.2701,5
v4,SQL,transcript_only,1,60,120,where,0.1436,0.2231,0.0966,0.3847,0.2695,6
v4,SQL,transcript_only,1,60,120,join,0.1405,0.2128,0.0851,0.3723,0.2574,7
v4,SQL,transcript_only,1,60,120,inner join,0.1283,0.0661,0.0402,0.1944,0.1327,8
v4,SQL,transcript_only,1,60,120,subquery,0.1513,-0.0465,0.125,0.0578,0.0847,9
v4,SQL,transcript_only,1,60,120,having,0.1174,0.0048,0.0,0.12,0.072,10
v4,SQL,transcript_only,1,60,120,aggregate function,0.1497,-0.0942,0.1191,0.0,0.0476,11
v4,SQL,transcript_only,2,120,180,group by,0.4248,0.5064,1.0,1.0,1.0,1
v4,SQL,transcript_only,2,120,180,count,0.2,0.4947,0.2405,0.9775,0.6827,2
v4,SQL,transcript_only,2,120,180,select,0.3709,0.0979,0.8179,0.2158,0.4566,3
v4,SQL,transcript_only,2,120,180,left join,0.2643,0.1426,0.4578,0.3016,0.3641,4
v4,SQL,transcript_only,2,120,180,order by,0.322,0.0723,0.6527,0.1666,0.3611,5
v4,SQL,transcript_only,2,120,180,aggregate function,0.1642,0.2421,0.1196,0.4926,0.3434,6
v4,SQL,transcript_only,2,120,180,join,0.1534,0.0755,0.0831,0.1728,0.1369,7
v4,SQL,transcript_only,2,120,180,inner join,0.1402,0.0332,0.0385,0.0916,0.0703,8
v4,SQL,transcript_only,2,120,180,subquery,0.1628,-0.0006,0.1149,0.0267,0.062,9
v4,SQL,transcript_only,2,120,180,where,0.1557,-0.0101,0.0909,0.0084,0.0414,10
v4,SQL,transcript_only,2,120,180,having,0.1288,-0.0145,0.0,0.0,0.0,11
v4,SQL,transcript_only,3,180,240,group by,0.4244,0.3676,1.0,1.0,1.0,1
v4,SQL,transcript_only,3,180,240,count,0.1998,0.3358,0.2404,0.9282,0.6531,2
v4,SQL,transcript_only,3,180,240,select,0.3705,0.0378,0.8177,0.2557,0.4805,3
v4,SQL,transcript_only,3,180,240,order by,0.3217,0.0717,0.6527,0.3322,0.4604,4
v4,SQL,transcript_only,3,180,240,left join,0.2641,0.1207,0.4579,0.4428,0.4488,5
v4,SQL,transcript_only,3,180,240,aggregate function,0.164,0.1006,0.1194,0.3974,0.2862,6
v4,SQL,transcript_only,3,180,240,subquery,0.1627,-0.0268,0.115,0.1099,0.1119,7
v4,SQL,transcript_only,3,180,240,having,0.1287,0.0064,0.0,0.1848,0.1109,8
v4,SQL,transcript_only,3,180,240,inner join,0.1401,-0.0055,0.0386,0.158,0.1102,9
v4,SQL,transcript_only,3,180,240,join,0.1533,-0.0257,0.0832,0.1124,0.1007,10
v4,SQL,transcript_only,3,180,240,where,0.1556,-0.0755,0.091,0.0,0.0364,11
v4,SQL,transcript_only,4,240,300,group by,0.4159,0.4729,1.0,1.0,1.0,1
v4,SQL,transcript_only,4,240,300,order by,0.3154,0.1468,0.6533,0.3728,0.485,2
v4,SQL,transcript_only,4,240,300,having,0.126,0.3699,0.0,0.8019,0.4811,3
v4,SQL,transcript_only,4,240,300,count,0.1959,0.2753,0.2411,0.6199,0.4684,4
v4,SQL,transcript_only,4,240,300,left join,0.2585,0.1592,0.4571,0.3966,0.4208,5
v4,SQL,transcript_only,4,240,300,select,0.3628,-0.047,0.8168,0.0,0.3267,6
v4,SQL,transcript_only,4,240,300,where,0.1527,0.1574,0.0921,0.3932,0.2727,7
v4,SQL,transcript_only,4,240,300,aggregate function,0.1607,0.1016,0.1197,0.2858,0.2194,8
v4,SQL,transcript_only,4,240,300,subquery,0.16,0.012,0.1173,0.1135,0.115,9
v4,SQL,transcript_only,4,240,300,join,0.1502,0.0153,0.0835,0.1198,0.1053,10
v4,SQL,transcript_only,4,240,300,inner join,0.1373,0.0299,0.039,0.1479,0.1043,11
v4,SQL,transcript_only,5,300,360,group by,0.4248,0.6244,1.0,1.0,1.0,1
v4,SQL,transcript_only,5,300,360,order by,0.322,0.189,0.6527,0.3221,0.4544,2
v4,SQL,transcript_only,5,300,360,where,0.1557,0.3506,0.0909,0.5737,0.3806,3
v4,SQL,transcript_only,5,300,360,select,0.3709,0.0271,0.8179,0.0701,0.3692,4
v4,SQL,transcript_only,5,300,360,having,0.1288,0.3394,0.0,0.5563,0.3338,5
v4,SQL,transcript_only,5,300,360,count,0.2,0.2362,0.2405,0.3956,0.3336,6
v4,SQL,transcript_only,5,300,360,left join,0.2644,0.0994,0.4581,0.1826,0.2928,7
v4,SQL,transcript_only,5,300,360,aggregate function,0.1642,0.1814,0.1196,0.3103,0.234,8
v4,SQL,transcript_only,5,300,360,join,0.1534,0.0751,0.0831,0.1448,0.1201,9
v4,SQL,transcript_only,5,300,360,subquery,0.1628,-0.0179,0.1149,0.0,0.0459,10
v4,SQL,transcript_only,5,300,360,inner join,0.1402,0.0029,0.0385,0.0324,0.0348,11
v4,SQL,transcript_only,6,360,420,group by,0.4241,0.3873,1.0,0.8222,0.8933,1
v4,SQL,transcript_only,6,360,420,count,0.1997,0.4603,0.2406,1.0,0.6962,2
v4,SQL,transcript_only,6,360,420,select,0.3702,0.0873,0.8176,0.0914,0.3819,3
v4,SQL,transcript_only,6,360,420,left join,0.2638,0.1503,0.4575,0.2448,0.3299,4
v4,SQL,transcript_only,6,360,420,order by,0.3214,0.0799,0.6525,0.0733,0.305,5
v4,SQL,transcript_only,6,360,420,aggregate function,0.1639,0.142,0.1195,0.2246,0.1825,6
v4,SQL,transcript_only,6,360,420,where,0.1555,0.1405,0.091,0.221,0.169,7
v4,SQL,transcript_only,6,360,420,having,0.1286,0.143,0.0,0.227,0.1362,8
v4,SQL,transcript_only,6,360,420,subquery,0.1625,0.0498,0.1147,0.0,0.0459,9
v4,SQL,transcript_only,6,360,420,join,0.1531,0.0573,0.0829,0.0183,0.0441,10
v4,SQL,transcript_only,6,360,420,inner join,0.14,0.0532,0.0386,0.0083,0.0204,11
v4,SQL,transcript_only,7,420,480,aggregate function,0.1213,0.4608,0.1578,1.0,0.6631,1
v4,SQL,transcript_only,7,420,480,group by,0.3097,0.1605,1.0,0.3832,0.6299,2
v4,SQL,transcript_only,7,420,480,count,0.1518,0.3839,0.2941,0.8421,0.6229,3
v4,SQL,transcript_only,7,420,480,select,0.2484,0.0292,0.726,0.1136,0.3585,4
v4,SQL,transcript_only,7,420,480,order by,0.2442,0.0343,0.7072,0.1241,0.3573,5
v4,SQL,transcript_only,7,420,480,having,0.086,0.1911,0.0,0.4461,0.2677,6
v4,SQL,transcript_only,7,420,480,left join,0.1741,0.0471,0.3938,0.1503,0.2477,7
v4,SQL,transcript_only,7,420,480,where,0.1234,0.0699,0.1672,0.1972,0.1852,8
v4,SQL,transcript_only,7,420,480,subquery,0.1255,0.0147,0.1766,0.0838,0.1209,9
v4,SQL,transcript_only,7,420,480,join,0.1035,0.011,0.0782,0.0762,0.077,10
v4,SQL,transcript_only,7,420,480,inner join,0.0984,-0.0261,0.0554,0.0,0.0222,11
v40,C++,transcript_only,0,0,60,template,0.1338,0.6282,1.0,1.0,1.0,1
v40,C++,transcript_only,0,0,60,pointer,0.1152,0.0068,0.856,0.0602,0.3785,2
v40,C++,transcript_only,0,0,60,polymorphism,0.0825,0.0618,0.6029,0.1434,0.3272,3
v40,C++,transcript_only,0,0,60,object,0.0976,-0.0178,0.7198,0.023,0.3017,4
v40,C++,transcript_only,0,0,60,data type,0.0804,0.0244,0.5867,0.0868,0.2868,5
v40,C++,transcript_only,0,0,60,constructor,0.0268,0.0092,0.1718,0.0638,0.107,6
v40,C++,transcript_only,0,0,60,class,0.0304,-0.0053,0.1997,0.0419,0.105,7
v40,C++,transcript_only,0,0,60,variable,0.032,-0.0123,0.2121,0.0313,0.1036,8
v40,C++,transcript_only,0,0,60,reference,0.0305,-0.033,0.2005,0.0,0.0802,9
v40,C++,transcript_only,0,0,60,inheritance,0.0046,-0.0122,0.0,0.0315,0.0189,10
v40,C++,transcript_only,1,60,120,template,0.1279,0.6681,0.9257,1.0,0.9703,1
v40,C++,transcript_only,1,60,120,object,0.1357,0.0701,1.0,0.1336,0.4802,2
v40,C++,transcript_only,1,60,120,polymorphism,0.0936,0.0553,0.599,0.1121,0.3069,3
v40,C++,transcript_only,1,60,120,pointer,0.1062,-0.0221,0.719,0.0,0.2876,4
v40,C++,transcript_only,1,60,120,data type,0.0773,0.0751,0.4438,0.1408,0.262,5
v40,C++,transcript_only,1,60,120,class,0.079,0.026,0.46,0.0697,0.2258,6
v40,C++,transcript_only,1,60,120,reference,0.0342,0.0901,0.0333,0.1626,0.1109,7
v40,C++,transcript_only,1,60,120,constructor,0.0511,0.0027,0.1943,0.0359,0.0993,8
v40,C++,transcript_only,1,60,120,inheritance,0.0357,0.035,0.0476,0.0827,0.0687,9
v40,C++,transcript_only,1,60,120,variable,0.0307,0.0491,0.0,0.1032,0.0619,10
v40,C++,transcript_only,2,120,180,object,0.1669,0.0454,1.0,0.6005,0.7603,1
v40,C++,transcript_only,2,120,180,data type,0.1305,0.1073,0.6718,0.815,0.7577,2
v40,C++,transcript_only,2,120,180,template,0.0665,0.1607,0.0947,1.0,0.6379,3
v40,C++,transcript_only,2,120,180,polymorphism,0.097,0.0974,0.3697,0.7807,0.6163,4
v40,C++,transcript_only,2,120,180,class,0.1125,0.0511,0.5095,0.6202,0.5759,5
v40,C++,transcript_only,2,120,180,pointer,0.1153,0.04,0.5347,0.5818,0.563,6
v40,C++,transcript_only,2,120,180,variable,0.1154,-0.0205,0.5356,0.3721,0.4375,7
v40,C++,transcript_only,2,120,180,reference,0.1109,-0.0425,0.495,0.2959,0.3756,8
v40,C++,transcript_only,2,120,180,inheritance,0.056,0.0477,0.0,0.6085,0.3651,9
v40,C++,transcript_only,2,120,180,constructor,0.0673,-0.1279,0.1019,0.0,0.0408,10
v40,C++,transcript_only,3,180,240,template,0.1053,0.3685,0.8202,1.0,0.9281,1
v40,C++,transcript_only,3,180,240,data type,0.1264,0.2883,0.9911,0.7917,0.8715,2
v40,C++,transcript_only,3,180,240,polymorphism,0.0914,0.1379,0.7077,0.401,0.5237,3
v40,C++,transcript_only,3,180,240,variable,0.0941,0.1084,0.7296,0.3244,0.4865,4
v40,C++,transcript_only,3,180,240,class,0.0414,0.1652,0.3028,0.4719,0.4043,5
v40,C++,transcript_only,3,180,240,pointer,0.1275,-0.0165,1.0,0.0,0.4,6
v40,C++,transcript_only,3,180,240,object,0.1043,0.0171,0.8121,0.0873,0.3772,7
v40,C++,transcript_only,3,180,240,reference,0.088,0.0417,0.6802,0.1512,0.3628,8
v40,C++,transcript_only,3,180,240,constructor,0.0286,0.0587,0.1992,0.1953,0.1969,9
v40,C++,transcript_only,3,180,240,inheritance,0.004,0.034,0.0,0.1312,0.0787,10
v40,C++,transcript_only,4,240,300,template,0.1339,0.3736,1.0,1.0,1.0,1
v40,C++,transcript_only,4,240,300,data type,0.0804,0.2047,0.5869,0.5729,0.5785,2
v40,C++,transcript_only,4,240,300,polymorphism,0.0825,0.053,0.6031,0.1894,0.3549,3
v40,C++,transcript_only,4,240,300,object,0.0975,0.0186,0.7189,0.1024,0.349,4
v40,C++,transcript_only,4,240,300,pointer,0.1153,-0.0219,0.8564,0.0,0.3425,5
v40,C++,transcript_only,4,240,300,class,0.0302,0.0162,0.1992,0.0963,0.1375,6
v40,C++,transcript_only,4,240,300,constructor,0.0267,0.0128,0.1722,0.0877,0.1215,7
v40,C++,transcript_only,4,240,300,reference,0.0304,0.0041,0.2008,0.0657,0.1198,8
v40,C++,transcript_only,4,240,300,variable,0.0318,-0.005,0.2116,0.0427,0.1103,9
v40,C++,transcript_only,4,240,300,inheritance,0.0044,0.0107,0.0,0.0824,0.0495,10
v40,C++,transcript_only,5,300,360,template,0.134,0.2685,1.0,0.8787,0.9272,1
v40,C++,transcript_only,5,300,360,data type,0.0804,0.3082,0.5864,1.0,0.8346,2
v40,C++,transcript_only,5,300,360,object,0.0974,0.0411,0.7176,0.1837,0.3972,3
v40,C++,transcript_only,5,300,360,pointer,0.1153,-0.0006,0.8557,0.0562,0.376,4
v40,C++,transcript_only,5,300,360,polymorphism,0.0825,0.0262,0.6026,0.1381,0.3239,5
v40,C++,transcript_only,5,300,360,constructor,0.0267,0.0549,0.1721,0.2259,0.2043,6
v40,C++,transcript_only,5,300,360,variable,0.0318,0.039,0.2114,0.1773,0.1909,7
v40,C++,transcript_only,5,300,360,reference,0.0304,0.0352,0.2006,0.1656,0.1796,8
v40,C++,transcript_only,5,300,360,class,0.0301,0.0281,0.1983,0.1439,0.1657,9
v40,C++,transcript_only,5,300,360,inheritance,0.0044,-0.019,0.0,0.0,0.0,10
v40,C++,transcript_only,6,360,420,object,0.2273,0.1594,1.0,0.5788,0.7473,1
v40,C++,transcript_only,6,360,420,class,0.1975,0.1915,0.8097,0.6834,0.7339,2
v40,C++,transcript_only,6,360,420,data type,0.1017,0.2887,0.198,1.0,0.6792,3
v40,C++,transcript_only,6,360,420,constructor,0.1077,0.1517,0.2363,0.5537,0.4268,4
v40,C++,transcript_only,6,360,420,inheritance,0.1062,0.0693,0.2267,0.2853,0.2619,5
v40,C++,transcript_only,6,360,420,polymorphism,0.125,0.0353,0.3467,0.1746,0.2435,6
v40,C++,transcript_only,6,360,420,template,0.0947,0.0746,0.1533,0.3026,0.2429,7
v40,C++,transcript_only,6,360,420,pointer,0.0939,0.0209,0.1481,0.1277,0.1359,8
v40,C++,transcript_only,6,360,420,variable,0.0707,0.018,0.0,0.1182,0.0709,9
v40,C++,transcript_only,6,360,420,reference,0.0819,-0.0183,0.0715,0.0,0.0286,10
v40,C++,transcript_only,7,420,480,template,0.134,0.1782,1.0,1.0,1.0,1
v40,C++,transcript_only,7,420,480,data type,0.0804,0.1464,0.5864,0.8238,0.7289,2
v40,C++,transcript_only,7,420,480,pointer,0.1154,0.0423,0.8565,0.2471,0.4908,3
v40,C++,transcript_only,7,420,480,object,0.0974,0.0305,0.7176,0.1817,0.3961,4
v40,C++,transcript_only,7,420,480,polymorphism,0.0825,0.0159,0.6026,0.1008,0.3015,5
v40,C++,transcript_only,7,420,480,variable,0.0318,0.0614,0.2114,0.3529,0.2963,6
v40,C++,transcript_only,7,420,480,class,0.03,0.0541,0.1975,0.3125,0.2665,7
v40,C++,transcript_only,7,420,480,constructor,0.0267,0.0266,0.1721,0.1601,0.1649,8
v40,C++,transcript_only,7,420,480,reference,0.0304,-0.0023,0.2006,0.0,0.0802,9
v40,C++,transcript_only,7,420,480,inheritance,0.0044,0.0005,0.0,0.0155,0.0093,10
v40,C++,transcript_only,8,480,540,template,0.1261,0.4165,1.0,1.0,1.0,1
v40,C++,transcript_only,8,480,540,data type,0.093,0.0615,0.7282,0.2193,0.4229,2
v40,C++,transcript_only,8,480,540,pointer,0.1187,-0.0114,0.9392,0.0589,0.4111,3
v40,C++,transcript_only,8,480,540,object,0.0994,0.0071,0.7808,0.0996,0.3721,4
v40,C++,transcript_only,8,480,540,polymorphism,0.0849,-0.0382,0.6617,0.0,0.2647,5
v40,C++,transcript_only,8,480,540,reference,0.0462,0.0227,0.344,0.1339,0.218,6
v40,C++,transcript_only,8,480,540,variable,0.0489,0.0105,0.3662,0.1071,0.2107,7
v40,C++,transcript_only,8,480,540,class,0.0333,-0.0014,0.2381,0.0809,0.1438,8
v40,C++,transcript_only,8,480,540,constructor,0.0272,-0.024,0.188,0.0312,0.0939,9
v40,C++,transcript_only,8,480,540,inheritance,0.0043,0.0117,0.0,0.1097,0.0658,10
v40,C++,transcript_only,9,540,600,template,0.1296,0.5716,1.0,1.0,1.0,1
v40,C++,transcript_only,9,540,600,object,0.1247,0.0485,0.9524,0.1439,0.4673,2
v40,C++,transcript_only,9,540,600,data type,0.0782,0.0988,0.5005,0.2262,0.3359,3
v40,C++,transcript_only,9,540,600,pointer,0.1088,-0.0393,0.7979,0.0002,0.3192,4
v40,C++,transcript_only,9,540,600,polymorphism,0.0904,-0.0075,0.619,0.0522,0.2789,5
v40,C++,transcript_only,9,540,600,class,0.065,-0.004,0.3722,0.0579,0.1836,6
v40,C++,transcript_only,9,540,600,constructor,0.0441,-0.0045,0.1691,0.0571,0.1019,7
v40,C++,transcript_only,9,540,600,reference,0.0331,0.0131,0.0622,0.0859,0.0764,8
v40,C++,transcript_only,9,540,600,variable,0.0311,-0.0338,0.0428,0.0092,0.0226,9
v40,C++,transcript_only,9,540,600,inheritance,0.0267,-0.0394,0.0,0.0,0.0,10
v40,C++,transcript_only,10,600,660,template,0.0976,0.3183,0.5042,1.0,0.8017,1
v40,C++,transcript_only,10,600,660,object,0.1506,0.1106,1.0,0.3662,0.6197,2
v40,C++,transcript_only,10,600,660,class,0.0971,0.0925,0.4995,0.311,0.3864,3
v40,C++,transcript_only,10,600,660,data type,0.112,0.0566,0.6389,0.2014,0.3764,4
v40,C++,transcript_only,10,600,660,pointer,0.1134,0.0056,0.652,0.0458,0.2883,5
v40,C++,transcript_only,10,600,660,reference,0.081,0.0318,0.3489,0.1257,0.215,6
v40,C++,transcript_only,10,600,660,polymorphism,0.0992,-0.0094,0.5192,0.0,0.2077,7
v40,C++,transcript_only,10,600,660,constructor,0.0584,0.0532,0.1375,0.191,0.1696,8
v40,C++,transcript_only,10,600,660,variable,0.0815,-0.0001,0.3536,0.0284,0.1585,9
v40,C++,transcript_only,10,600,660,inheritance,0.0437,0.03,0.0,0.1202,0.0721,10
v40,C++,transcript_only,11,660,720,template,0.1123,0.2336,0.7453,1.0,0.8981,1
v40,C++,transcript_only,11,660,720,object,0.138,0.0642,1.0,0.3714,0.6229,2
v40,C++,transcript_only,11,660,720,data type,0.0765,0.0938,0.3905,0.4813,0.445,3
v40,C++,transcript_only,11,660,720,pointer,0.1055,0.0382,0.6779,0.275,0.4361,4
v40,C++,transcript_only,11,660,720,class,0.0758,0.062,0.3835,0.3633,0.3714,5
v40,C++,transcript_only,11,660,720,polymorphism,0.085,-0.0359,0.4747,0.0,0.1899,6
v40,C++,transcript_only,11,660,720,inheritance,0.039,0.0053,0.0188,0.1529,0.0993,7
v40,C++,transcript_only,11,660,720,variable,0.0371,0.0032,0.0,0.1451,0.0871,8
v40,C++,transcript_only,11,660,720,constructor,0.0521,-0.0239,0.1487,0.0445,0.0862,9
v40,C++,transcript_only,11,660,720,reference,0.0375,-0.0176,0.004,0.0679,0.0423,10
v40,C++,transcript_only,12,720,780,data type,0.1193,0.2115,0.7113,1.0,0.8845,1
v40,C++,transcript_only,12,720,780,object,0.1501,0.0584,1.0,0.3047,0.5828,2
v40,C++,transcript_only,12,720,780,template,0.0824,0.1066,0.3655,0.5236,0.4604,3
v40,C++,transcript_only,12,720,780,class,0.0927,0.0806,0.462,0.4055,0.4281,4
v40,C++,transcript_only,12,720,780,pointer,0.1156,0.0401,0.6767,0.2216,0.4036,5
v40,C++,transcript_only,12,720,780,variable,0.0963,0.052,0.4958,0.2757,0.3637,6
v40,C++,transcript_only,12,720,780,constructor,0.0575,0.0721,0.1321,0.3669,0.273,7
v40,C++,transcript_only,12,720,780,polymorphism,0.0937,0.0084,0.4714,0.0777,0.2352,8
v40,C++,transcript_only,12,720,780,reference,0.0925,-0.0087,0.4602,0.0,0.1841,9
v40,C++,transcript_only,12,720,780,inheritance,0.0434,0.0072,0.0,0.0722,0.0433,10
v40,C++,transcript_only,13,780,840,template,0.1179,0.3983,0.9014,1.0,0.9606,1
v40,C++,transcript_only,13,780,840,object,0.1275,0.0838,1.0,0.2762,0.5657,2
v40,C++,transcript_only,13,780,840,pointer,0.108,0.0286,0.7998,0.1491,0.4094,3
v40,C++,transcript_only,13,780,840,polymorphism,0.0843,0.0715,0.5565,0.2479,0.3713,4
v40,C++,transcript_only,13,780,840,data type,0.0775,0.0159,0.4867,0.1199,0.2666,5
v40,C++,transcript_only,13,780,840,class,0.064,0.0302,0.348,0.1528,0.2309,6
v40,C++,transcript_only,13,780,840,constructor,0.0456,0.0802,0.1591,0.2679,0.2244,7
v40,C++,transcript_only,13,780,840,inheritance,0.0301,0.0371,0.0,0.1687,0.1012,8
v40,C++,transcript_only,13,780,840,reference,0.0356,-0.0169,0.0565,0.0444,0.0492,9
v40,C++,transcript_only,13,780,840,variable,0.0357,-0.0362,0.0575,0.0,0.023,10
v40,C++,transcript_only,14,840,900,template,0.1339,0.6457,1.0,1.0,1.0,1
v40,C++,transcript_only,14,840,900,object,0.0975,0.0466,0.7187,0.1094,0.3531,2
v40,C++,transcript_only,14,840,900,pointer,0.1153,-0.027,0.8563,0.0,0.3425,3
v40,C++,transcript_only,14,840,900,data type,0.0804,0.0273,0.5866,0.0807,0.2831,4
v40,C++,transcript_only,14,840,900,polymorphism,0.0825,0.0176,0.6028,0.0663,0.2809,5
v40,C++,transcript_only,14,840,900,variable,0.0318,0.0416,0.211,0.102,0.1456,6
v40,C++,transcript_only,14,840,900,class,0.0302,0.025,0.1986,0.0773,0.1258,7
v40,C++,transcript_only,14,840,900,constructor,0.0267,0.0354,0.1716,0.0928,0.1243,8
v40,C++,transcript_only,14,840,900,reference,0.0304,0.0199,0.2002,0.0697,0.1219,9
v40,C++,transcript_only,14,840,900,inheritance,0.0045,0.0175,0.0,0.0662,0.0397,10
v40,C++,transcript_only,15,900,960,template,0.1337,0.5376,1.0,1.0,1.0,1
v40,C++,transcript_only,15,900,960,pointer,0.1152,-0.0113,0.8567,0.0273,0.3591,2
v40,C++,transcript_only,15,900,960,object,0.0976,0.0247,0.7204,0.0911,0.3428,3
v40,C++,transcript_only,15,900,960,data type,0.0804,0.041,0.5871,0.12,0.3068,4
v40,C++,transcript_only,15,900,960,polymorphism,0.0825,-0.0043,0.6034,0.0397,0.2652,5
v40,C++,transcript_only,15,900,960,reference,0.0306,0.0329,0.2014,0.1056,0.1439,6
v40,C++,transcript_only,15,900,960,variable,0.032,0.0152,0.2122,0.0743,0.1294,7
v40,C++,transcript_only,15,900,960,constructor,0.0268,0.0026,0.172,0.0519,0.0999,8
v40,C++,transcript_only,15,900,960,class,0.0304,-0.0267,0.1998,0.0,0.0799,9
v40,C++,transcript_only,15,900,960,inheritance,0.0046,-0.0208,0.0,0.0105,0.0063,10
v40,C++,transcript_only,16,960,1020,template,0.1339,0.4425,1.0,1.0,1.0,1
v40,C++,transcript_only,16,960,1020,pointer,0.1153,-0.0179,0.8563,0.0356,0.3639,2
v40,C++,transcript_only,16,960,1020,polymorphism,0.0825,0.0519,0.6028,0.1818,0.3502,3
v40,C++,transcript_only,16,960,1020,object,0.0975,0.0095,0.7187,0.093,0.3433,4
v40,C++,transcript_only,16,960,1020,data type,0.0804,-0.0062,0.5866,0.0601,0.2707,5
v40,C++,transcript_only,16,960,1020,constructor,0.0267,-0.0106,0.1716,0.0509,0.0992,6
v40,C++,transcript_only,16,960,1020,class,0.0302,-0.0263,0.1986,0.018,0.0903,7
v40,C++,transcript_only,16,960,1020,variable,0.0319,-0.0326,0.2117,0.0048,0.0876,8
v40,C++,transcript_only,16,960,1020,reference,0.0305,-0.0349,0.2009,0.0,0.0804,9
v40,C++,transcript_only,16,960,1020,inheritance,0.0045,-0.0233,0.0,0.0243,0.0146,10
v40,C++,transcript_only,17,1020,1080,template,0.1335,0.0275,1.0,1.0,1.0,1
v40,C++,transcript_only,17,1020,1080,polymorphism,0.0825,0.0218,0.6037,0.9427,0.8071,2
v40,C++,transcript_only,17,1020,1080,object,0.0979,-0.0044,0.7234,0.6791,0.6968,3
v40,C++,transcript_only,17,1020,1080,pointer,0.1151,-0.0233,0.857,0.4889,0.6362,4
v40,C++,transcript_only,17,1020,1080,data type,0.0805,-0.0153,0.5882,0.5694,0.5769,5
v40,C++,transcript_only,17,1020,1080,constructor,0.027,0.0039,0.1725,0.7626,0.5265,6
v40,C++,transcript_only,17,1020,1080,class,0.0308,-0.0181,0.202,0.5412,0.4056,7
v40,C++,transcript_only,17,1020,1080,reference,0.0307,-0.0208,0.2012,0.5141,0.3889,8
v40,C++,transcript_only,17,1020,1080,inheritance,0.0048,-0.0344,0.0,0.3773,0.2264,9
v40,C++,transcript_only,17,1020,1080,variable,0.0321,-0.0719,0.2121,0.0,0.0848,10
v5,Java,transcript_only,0,0,60,abstract class,0.5727,0.4856,1.0,0.9314,0.9589,1
v5,Java,transcript_only,0,0,60,implements,0.4581,0.5151,0.5447,1.0,0.8179,2
v5,Java,transcript_only,0,0,60,class,0.5161,0.3947,0.7751,0.7202,0.7422,3
v5,Java,transcript_only,0,0,60,object,0.4955,0.3786,0.6933,0.6828,0.687,4
v5,Java,transcript_only,0,0,60,interface,0.321,0.4986,0.0,0.9617,0.577,5
v5,Java,transcript_only,0,0,60,extends,0.3766,0.4132,0.2209,0.7632,0.5463,6
v5,Java,transcript_only,0,0,60,inheritance,0.3463,0.3513,0.1005,0.6193,0.4118,7
v5,Java,transcript_only,0,0,60,method,0.3556,0.2902,0.1375,0.4773,0.3414,8
v5,Java,transcript_only,0,0,60,abstract method,0.3606,0.0848,0.1573,0.0,0.0629,9
v5,Java,transcript_only,1,60,120,abstract class,0.5722,0.2755,1.0,0.672,0.8032,1
v5,Java,transcript_only,1,60,120,implements,0.4577,0.3181,0.5447,0.8521,0.7291,2
v5,Java,transcript_only,1,60,120,abstract method,0.3603,0.3531,0.1575,1.0,0.663,3
v5,Java,transcript_only,1,60,120,object,0.495,0.1802,0.693,0.2692,0.4388,4
v5,Java,transcript_only,1,60,120,class,0.5156,0.1618,0.775,0.1915,0.4249,5
v5,Java,transcript_only,1,60,120,interface,0.3207,0.2599,0.0,0.6061,0.3637,6
v5,Java,transcript_only,1,60,120,extends,0.3762,0.1656,0.2207,0.2075,0.2128,7
v5,Java,transcript_only,1,60,120,method,0.3553,0.1686,0.1376,0.2202,0.1872,8
v5,Java,transcript_only,1,60,120,inheritance,0.346,0.1165,0.1006,0.0,0.0402,9
v5,Java,transcript_only,2,120,180,abstract method,0.3608,0.4437,0.1572,1.0,0.6629,1
v5,Java,transcript_only,2,120,180,abstract class,0.5731,0.144,1.0,0.297,0.5782,2
v5,Java,transcript_only,2,120,180,implements,0.4584,0.265,0.5447,0.5808,0.5664,3
v5,Java,transcript_only,2,120,180,class,0.5164,0.0792,0.7749,0.145,0.3969,4
v5,Java,transcript_only,2,120,180,interface,0.3212,0.2827,0.0,0.6223,0.3734,5
v5,Java,transcript_only,2,120,180,object,0.4958,0.0706,0.6931,0.1248,0.3521,6
v5,Java,transcript_only,2,120,180,method,0.3558,0.2096,0.1374,0.4509,0.3255,7
v5,Java,transcript_only,2,120,180,extends,0.3768,0.0379,0.2207,0.0481,0.1171,8
v5,Java,transcript_only,2,120,180,inheritance,0.3465,0.0174,0.1004,0.0,0.0402,9
v5,Java,transcript_only,3,180,240,implements,0.457,0.312,0.5446,0.907,0.762,1
v5,Java,transcript_only,3,180,240,interface,0.3202,0.3448,0.0,1.0,0.6,2
v5,Java,transcript_only,3,180,240,abstract method,0.3597,0.3011,0.1572,0.8761,0.5886,3
v5,Java,transcript_only,3,180,240,abstract class,0.5714,0.028,1.0,0.1018,0.4611,4
v5,Java,transcript_only,3,180,240,object,0.4944,0.0614,0.6935,0.1965,0.3953,5
v5,Java,transcript_only,3,180,240,class,0.5149,0.0415,0.7751,0.1401,0.3941,6
v5,Java,transcript_only,3,180,240,method,0.3548,0.1719,0.1377,0.5098,0.361,7
v5,Java,transcript_only,3,180,240,extends,0.3757,0.0054,0.2209,0.0377,0.111,8
v5,Java,transcript_only,3,180,240,inheritance,0.3455,-0.0079,0.1007,0.0,0.0403,9
v5,Java,transcript_only,4,240,300,abstract method,0.3593,0.3326,0.1574,1.0,0.663,1
v5,Java,transcript_only,4,240,300,implements,0.4564,0.1636,0.5444,0.5341,0.5382,2
v5,Java,transcript_only,4,240,300,abstract class,0.5707,0.0242,1.0,0.1497,0.4898,3
v5,Java,transcript_only,4,240,300,interface,0.3198,0.166,0.0,0.5407,0.3244,4
v5,Java,transcript_only,4,240,300,object,0.4938,-0.0082,0.6935,0.0604,0.3136,5
v5,Java,transcript_only,4,240,300,class,0.5143,-0.0301,0.7752,0.0,0.3101,6
v5,Java,transcript_only,4,240,300,method,0.3543,0.1207,0.1375,0.4158,0.3045,7
v5,Java,transcript_only,4,240,300,inheritance,0.3451,0.0061,0.1008,0.0998,0.1002,8
v5,Java,transcript_only,4,240,300,extends,0.3752,-0.0297,0.2208,0.0011,0.089,9
v5,Java,transcript_only,5,300,360,abstract class,0.572,0.1182,1.0,0.9662,0.9797,1
v5,Java,transcript_only,5,300,360,implements,0.4575,0.11,0.5446,0.8766,0.7438,2
v5,Java,transcript_only,5,300,360,abstract method,0.3601,0.1213,0.1571,1.0,0.6628,3
v5,Java,transcript_only,5,300,360,interface,0.3206,0.1161,0.0,0.9432,0.5659,4
v5,Java,transcript_only,5,300,360,object,0.4949,0.0607,0.6933,0.3384,0.4804,5
v5,Java,transcript_only,5,300,360,class,0.5155,0.0518,0.7753,0.2413,0.4549,6
v5,Java,transcript_only,5,300,360,method,0.3551,0.0864,0.1372,0.619,0.4263,7
v5,Java,transcript_only,5,300,360,inheritance,0.3459,0.0775,0.1006,0.5218,0.3534,8
v5,Java,transcript_only,5,300,360,extends,0.3761,0.0297,0.2208,0.0,0.0883,9
v5,Java,transcript_only,6,360,420,abstract class,0.563,0.3979,1.0,1.0,1.0,1
v5,Java,transcript_only,6,360,420,class,0.5078,0.3044,0.7771,0.7704,0.7731,2
v5,Java,transcript_only,6,360,420,method,0.3498,0.3369,0.1389,0.8502,0.5657,3
v5,Java,transcript_only,6,360,420,object,0.4874,0.0868,0.6947,0.2362,0.4196,4
v5,Java,transcript_only,6,360,420,inheritance,0.3406,0.2425,0.1018,0.6185,0.4118,5
v5,Java,transcript_only,6,360,420,extends,0.3704,0.1754,0.2221,0.4537,0.3611,6
v5,Java,transcript_only,6,360,420,abstract method,0.3543,0.1753,0.1571,0.4535,0.3349,7
v5,Java,transcript_only,6,360,420,implements,0.4504,-0.0094,0.5452,0.0,0.2181,8
v5,Java,transcript_only,6,360,420,interface,0.3154,0.1118,0.0,0.2976,0.1785,9
v6,SQL,transcript_only,0,0,60,select,0.3437,0.5016,0.8104,1.0,0.9242,1
v6,SQL,transcript_only,0,0,60,group by,0.3962,0.4524,1.0,0.8612,0.9167,2
v6,SQL,transcript_only,0,0,60,order by,0.3013,0.4652,0.6573,0.8973,0.8013,3
v6,SQL,transcript_only,0,0,60,having,0.1193,0.443,0.0,0.8347,0.5008,4
v6,SQL,transcript_only,0,0,60,count,0.187,0.2868,0.2445,0.3939,0.3341,5
v6,SQL,transcript_only,0,0,60,join,0.1425,0.3194,0.0838,0.4859,0.325,6
v6,SQL,transcript_only,0,0,60,where,0.1466,0.2837,0.0986,0.3852,0.2705,7
v6,SQL,transcript_only,0,0,60,left join,0.2446,0.1625,0.4525,0.0432,0.2069,8
v6,SQL,transcript_only,0,0,60,subquery,0.1537,0.2378,0.1242,0.2556,0.2031,9
v6,SQL,transcript_only,0,0,60,aggregate function,0.153,0.2307,0.1217,0.2356,0.19,10
v6,SQL,transcript_only,0,0,60,inner join,0.1305,0.1472,0.0404,0.0,0.0162,11
v6,SQL,transcript_only,1,60,120,select,0.3585,0.8036,0.8105,1.0,0.9242,1
v6,SQL,transcript_only,1,60,120,group by,0.4132,0.1242,1.0,0.1802,0.5081,2
v6,SQL,transcript_only,1,60,120,order by,0.3141,0.1778,0.6567,0.2448,0.4096,3
v6,SQL,transcript_only,1,60,120,left join,0.2553,0.0846,0.4531,0.1324,0.2607,4
v6,SQL,transcript_only,1,60,120,count,0.1951,0.1061,0.2445,0.1583,0.1928,5
v6,SQL,transcript_only,1,60,120,subquery,0.159,0.1026,0.1195,0.1541,0.1403,6
v6,SQL,transcript_only,1,60,120,where,0.1524,0.0908,0.0966,0.1399,0.1226,7
v6,SQL,transcript_only,1,60,120,aggregate function,0.1598,0.0749,0.1223,0.1207,0.1213,8
v6,SQL,transcript_only,1,60,120,having,0.1245,0.0831,0.0,0.1306,0.0783,9
v6,SQL,transcript_only,1,60,120,join,0.1484,-0.0251,0.0828,0.0,0.0331,10
v6,SQL,transcript_only,1,60,120,inner join,0.136,-0.0191,0.0398,0.0072,0.0203,11
v6,SQL,transcript_only,2,120,180,order by,0.3213,0.4396,0.6527,0.9345,0.8218,1
v6,SQL,transcript_only,2,120,180,where,0.1554,0.4742,0.0911,1.0,0.6364,2
v6,SQL,transcript_only,2,120,180,group by,0.4239,0.1269,1.0,0.3424,0.6054,3
v6,SQL,transcript_only,2,120,180,select,0.37,0.1678,0.8175,0.4198,0.5789,4
v6,SQL,transcript_only,2,120,180,having,0.1285,0.2255,0.0,0.5291,0.3174,5
v6,SQL,transcript_only,2,120,180,left join,0.2637,0.0362,0.4577,0.1706,0.2854,6
v6,SQL,transcript_only,2,120,180,aggregate function,0.1638,-0.0073,0.1195,0.0882,0.1007,7
v6,SQL,transcript_only,2,120,180,count,0.1996,-0.0539,0.2407,0.0,0.0963,8
v6,SQL,transcript_only,2,120,180,join,0.153,-0.0212,0.0829,0.0619,0.0703,9
v6,SQL,transcript_only,2,120,180,subquery,0.1625,-0.0532,0.1151,0.0013,0.0468,10
v6,SQL,transcript_only,2,120,180,inner join,0.1399,-0.0345,0.0386,0.0367,0.0375,11
v6,SQL,transcript_only,3,180,240,group by,0.4233,0.3547,1.0,0.8048,0.8829,1
v6,SQL,transcript_only,3,180,240,order by,0.3209,0.4477,0.6529,1.0,0.8612,2
v6,SQL,transcript_only,3,180,240,select,0.3694,0.1133,0.8173,0.2981,0.5058,3
v6,SQL,transcript_only,3,180,240,count,0.1994,0.1784,0.241,0.4347,0.3572,4
v6,SQL,transcript_only,3,180,240,left join,0.2633,0.0266,0.4576,0.1161,0.2527,5
v6,SQL,transcript_only,3,180,240,aggregate function,0.1636,0.1262,0.1197,0.3251,0.243,6
v6,SQL,transcript_only,3,180,240,subquery,0.1623,0.0281,0.1153,0.1192,0.1176,7
v6,SQL,transcript_only,3,180,240,where,0.1552,0.0207,0.0912,0.1037,0.0987,8
v6,SQL,transcript_only,3,180,240,having,0.1283,0.0202,0.0,0.1026,0.0616,9
v6,SQL,transcript_only,3,180,240,join,0.1528,-0.0285,0.0831,0.0004,0.0335,10
v6,SQL,transcript_only,3,180,240,inner join,0.1397,-0.0287,0.0386,0.0,0.0155,11
v6,SQL,transcript_only,4,240,300,group by,0.3923,0.4777,1.0,1.0,1.0,1
v6,SQL,transcript_only,4,240,300,select,0.3417,0.4563,0.8152,0.9596,0.9018,2
v6,SQL,transcript_only,4,240,300,order by,0.2978,0.2277,0.6549,0.528,0.5788,3
v6,SQL,transcript_only,4,240,300,count,0.1847,0.0398,0.2418,0.1733,0.2007,4
v6,SQL,transcript_only,4,240,300,left join,0.2432,-0.0377,0.4554,0.027,0.1984,5
v6,SQL,transcript_only,4,240,300,aggregate function,0.1512,0.0449,0.1194,0.1829,0.1575,6
v6,SQL,transcript_only,4,240,300,subquery,0.1525,0.0277,0.1242,0.1505,0.1399,7
v6,SQL,transcript_only,4,240,300,where,0.1448,0.0026,0.0961,0.1031,0.1003,8
v6,SQL,transcript_only,4,240,300,inner join,0.1295,0.0086,0.0402,0.1144,0.0847,9
v6,SQL,transcript_only,4,240,300,having,0.1185,0.0124,0.0,0.1216,0.0729,10
v6,SQL,transcript_only,4,240,300,join,0.1418,-0.052,0.0851,0.0,0.034,11
v6,SQL,transcript_only,5,300,360,group by,0.4098,0.5396,1.0,1.0,1.0,1
v6,SQL,transcript_only,5,300,360,select,0.3574,0.2794,0.8166,0.5345,0.6474,2
v6,SQL,transcript_only,5,300,360,order by,0.3108,0.2258,0.6535,0.4386,0.5246,3
v6,SQL,transcript_only,5,300,360,where,0.1507,0.409,0.0931,0.7664,0.4971,4
v6,SQL,transcript_only,5,300,360,having,0.1241,0.3362,0.0,0.6361,0.3817,5
v6,SQL,transcript_only,5,300,360,left join,0.2546,0.0133,0.4568,0.0585,0.2178,6
v6,SQL,transcript_only,5,300,360,count,0.193,0.0913,0.2412,0.198,0.2153,7
v6,SQL,transcript_only,5,300,360,aggregate function,0.1582,0.0834,0.1194,0.1839,0.1581,8
v6,SQL,transcript_only,5,300,360,subquery,0.158,-0.0194,0.1187,0.0,0.0475,9
v6,SQL,transcript_only,5,300,360,join,0.148,-0.0074,0.0837,0.0215,0.0463,10
v6,SQL,transcript_only,5,300,360,inner join,0.1353,-0.002,0.0392,0.0311,0.0344,11
v6,SQL,transcript_only,6,360,420,order by,0.2777,0.6517,0.6603,1.0,0.8641,1
v6,SQL,transcript_only,6,360,420,group by,0.3644,0.4387,1.0,0.6771,0.8063,2
v6,SQL,transcript_only,6,360,420,select,0.3152,0.3864,0.8072,0.5978,0.6816,3
v6,SQL,transcript_only,6,360,420,having,0.1092,0.6059,0.0,0.9306,0.5583,4
v6,SQL,transcript_only,6,360,420,subquery,0.1436,0.3086,0.1348,0.4799,0.3419,5
v6,SQL,transcript_only,6,360,420,aggregate function,0.1403,0.281,0.1219,0.4381,0.3116,6
v6,SQL,transcript_only,6,360,420,count,0.1721,0.2211,0.2465,0.3473,0.307,7
v6,SQL,transcript_only,6,360,420,where,0.136,0.1926,0.105,0.3041,0.2245,8
v6,SQL,transcript_only,6,360,420,left join,0.2238,-0.008,0.4491,0.0,0.1796,9
v6,SQL,transcript_only,6,360,420,join,0.1311,-0.0024,0.0858,0.0085,0.0394,10
v6,SQL,transcript_only,6,360,420,inner join,0.12,-0.0059,0.0423,0.0032,0.0188,11
v6,SQL,transcript_only,7,420,480,order by,0.173,0.5277,0.6843,0.9579,0.8485,1
v6,SQL,transcript_only,7,420,480,select,0.1893,0.2639,0.7872,0.5323,0.6343,2
v6,SQL,transcript_only,7,420,480,having,0.0646,0.5538,0.0,1.0,0.6,3
v6,SQL,transcript_only,7,420,480,group by,0.223,0.116,1.0,0.2938,0.5763,4
v6,SQL,transcript_only,7,420,480,subquery,0.0989,0.3653,0.2165,0.6959,0.5042,5
v6,SQL,transcript_only,7,420,480,count,0.1059,0.2831,0.2607,0.5633,0.4423,6
v6,SQL,transcript_only,7,420,480,aggregate function,0.085,0.3046,0.1288,0.598,0.4103,7
v6,SQL,transcript_only,7,420,480,left join,0.1324,-0.0208,0.428,0.0731,0.2151,8
v6,SQL,transcript_only,7,420,480,inner join,0.0747,0.0046,0.0638,0.1141,0.0939,9
v6,SQL,transcript_only,7,420,480,join,0.0803,-0.0322,0.0991,0.0547,0.0725,10
v6,SQL,transcript_only,7,420,480,where,0.088,-0.0661,0.1477,0.0,0.0591,11
v7,SQL,transcript_only,0,0,60,select,0.3691,0.7556,0.8174,1.0,0.927,1
v7,SQL,transcript_only,0,0,60,group by,0.4229,0.1668,1.0,0.2975,0.5785,2
v7,SQL,transcript_only,0,0,60,order by,0.3206,0.0899,0.6529,0.2057,0.3846,3
v7,SQL,transcript_only,0,0,60,left join,0.263,0.1664,0.4574,0.297,0.3612,4
v7,SQL,transcript_only,0,0,60,join,0.1527,0.2636,0.0831,0.413,0.281,5
v7,SQL,transcript_only,0,0,60,subquery,0.1622,0.154,0.1154,0.2822,0.2155,6
v7,SQL,transcript_only,0,0,60,count,0.1992,0.0419,0.2409,0.1484,0.1854,7
v7,SQL,transcript_only,0,0,60,where,0.1551,0.105,0.0913,0.2237,0.1707,8
v7,SQL,transcript_only,0,0,60,inner join,0.1396,0.1131,0.0387,0.2334,0.1555,9
v7,SQL,transcript_only,0,0,60,aggregate function,0.1635,-0.068,0.1198,0.0173,0.0583,10
v7,SQL,transcript_only,0,0,60,having,0.1282,-0.0825,0.0,0.0,0.0,11
v7,SQL,transcript_only,1,60,120,select,0.1855,0.2156,0.8502,1.0,0.9401,1
v7,SQL,transcript_only,1,60,120,order by,0.1704,0.1014,0.7492,0.6018,0.6608,2
v7,SQL,transcript_only,1,60,120,group by,0.2079,0.035,1.0,0.3703,0.6222,3
v7,SQL,transcript_only,1,60,120,where,0.0816,0.1123,0.1552,0.6398,0.446,4
v7,SQL,transcript_only,1,60,120,left join,0.12,0.0383,0.412,0.3818,0.3939,5
v7,SQL,transcript_only,1,60,120,count,0.1144,0.0108,0.3746,0.2859,0.3214,6
v7,SQL,transcript_only,1,60,120,subquery,0.1046,-0.0253,0.309,0.16,0.2196,7
v7,SQL,transcript_only,1,60,120,join,0.0693,0.0055,0.0729,0.2674,0.1896,8
v7,SQL,transcript_only,1,60,120,having,0.0584,0.0113,0.0,0.2877,0.1726,9
v7,SQL,transcript_only,1,60,120,aggregate function,0.0874,-0.0545,0.194,0.0582,0.1125,10
v7,SQL,transcript_only,1,60,120,inner join,0.069,-0.0712,0.0709,0.0,0.0284,11
v7,SQL,transcript_only,2,120,180,select,0.3276,0.8165,0.8283,1.0,0.9313,1
v7,SQL,transcript_only,2,120,180,group by,0.3723,0.229,1.0,0.2331,0.5399,2
v7,SQL,transcript_only,2,120,180,order by,0.2853,0.2786,0.6659,0.2979,0.4451,3
v7,SQL,transcript_only,2,120,180,subquery,0.1492,0.3518,0.1432,0.3934,0.2933,4
v7,SQL,transcript_only,2,120,180,count,0.1787,0.2481,0.2565,0.2581,0.2574,5
v7,SQL,transcript_only,2,120,180,left join,0.2293,0.1409,0.4508,0.1181,0.2512,6
v7,SQL,transcript_only,2,120,180,join,0.1331,0.3035,0.0814,0.3304,0.2308,7
v7,SQL,transcript_only,2,120,180,where,0.1376,0.2825,0.0987,0.303,0.2213,8
v7,SQL,transcript_only,2,120,180,inner join,0.1228,0.1526,0.0419,0.1334,0.0968,9
v7,SQL,transcript_only,2,120,180,aggregate function,0.1455,0.0504,0.129,0.0,0.0516,10
v7,SQL,transcript_only,2,120,180,having,0.1119,0.063,0.0,0.0164,0.0099,11
v7,SQL,transcript_only,3,180,240,count,0.1993,0.6333,0.2408,1.0,0.6963,1
v7,SQL,transcript_only,3,180,240,select,0.3693,0.3597,0.8172,0.5763,0.6727,2
v7,SQL,transcript_only,3,180,240,group by,0.4232,0.1999,1.0,0.3288,0.5973,3
v7,SQL,transcript_only,3,180,240,left join,0.2632,0.3651,0.4574,0.5846,0.5338,4
v7,SQL,transcript_only,3,180,240,order by,0.3208,0.0784,0.6528,0.1406,0.3455,5
v7,SQL,transcript_only,3,180,240,aggregate function,0.1636,0.28,0.1197,0.4528,0.3196,6
v7,SQL,transcript_only,3,180,240,join,0.1528,0.2388,0.0831,0.389,0.2667,7
v7,SQL,transcript_only,3,180,240,where,0.1552,0.2288,0.0912,0.3735,0.2606,8
v7,SQL,transcript_only,3,180,240,subquery,0.1622,0.1542,0.115,0.258,0.2008,9
v7,SQL,transcript_only,3,180,240,inner join,0.1397,0.1082,0.0387,0.1868,0.1275,10
v7,SQL,transcript_only,3,180,240,having,0.1283,-0.0124,0.0,0.0,0.0,11
v7,SQL,transcript_only,4,240,300,select,0.2854,0.7285,0.7597,1.0,0.9039,1
v7,SQL,transcript_only,4,240,300,group by,0.3444,0.1947,1.0,0.2905,0.5743,2
v7,SQL,transcript_only,4,240,300,order by,0.2676,0.3118,0.6872,0.4462,0.5426,3
v7,SQL,transcript_only,4,240,300,count,0.1663,0.1954,0.2745,0.2915,0.2847,4
v7,SQL,transcript_only,4,240,300,subquery,0.1367,0.2486,0.154,0.3622,0.2789,5
v7,SQL,transcript_only,4,240,300,left join,0.2014,0.0624,0.4175,0.1147,0.2358,6
v7,SQL,transcript_only,4,240,300,where,0.1331,0.1033,0.1393,0.1691,0.1572,7
v7,SQL,transcript_only,4,240,300,aggregate function,0.1343,0.0574,0.1442,0.1081,0.1225,8
v7,SQL,transcript_only,4,240,300,join,0.1186,0.076,0.0802,0.1328,0.1118,9
v7,SQL,transcript_only,4,240,300,inner join,0.1111,0.0369,0.0497,0.0808,0.0684,10
v7,SQL,transcript_only,4,240,300,having,0.0989,-0.0239,0.0,0.0,0.0,11
v7,SQL,transcript_only,5,300,360,select,0.3692,0.5386,0.8172,1.0,0.9269,1
v7,SQL,transcript_only,5,300,360,group by,0.4231,0.3103,1.0,0.5429,0.7258,2
v7,SQL,transcript_only,5,300,360,order by,0.3207,0.3934,0.6528,0.7093,0.6867,3
v7,SQL,transcript_only,5,300,360,left join,0.2631,0.2145,0.4574,0.3512,0.3937,4
v7,SQL,transcript_only,5,300,360,count,0.1993,0.2702,0.2411,0.4627,0.374,5
v7,SQL,transcript_only,5,300,360,join,0.1527,0.2912,0.0831,0.5047,0.3361,6
v7,SQL,transcript_only,5,300,360,where,0.1551,0.2729,0.0912,0.4681,0.3173,7
v7,SQL,transcript_only,5,300,360,subquery,0.1622,0.2325,0.1153,0.3872,0.2784,8
v7,SQL,transcript_only,5,300,360,inner join,0.1397,0.1652,0.039,0.2525,0.1671,9
v7,SQL,transcript_only,5,300,360,aggregate function,0.1635,0.0391,0.1197,0.0,0.0479,10
v7,SQL,transcript_only,5,300,360,having,0.1282,0.0646,0.0,0.0511,0.0306,11
v7,SQL,transcript_only,6,360,420,order by,0.3207,0.7214,0.6526,1.0,0.8611,1
v7,SQL,transcript_only,6,360,420,group by,0.4231,0.2719,1.0,0.3583,0.615,2
v7,SQL,transcript_only,6,360,420,select,0.3693,0.1118,0.8175,0.1298,0.4049,3
v7,SQL,transcript_only,6,360,420,left join,0.2632,0.1063,0.4576,0.1219,0.2562,4
v7,SQL,transcript_only,6,360,420,subquery,0.1622,0.213,0.115,0.2742,0.2105,5
v7,SQL,transcript_only,6,360,420,count,0.1993,0.075,0.2408,0.0772,0.1427,6
v7,SQL,transcript_only,6,360,420,join,0.1528,0.1251,0.0831,0.1488,0.1225,7
v7,SQL,transcript_only,6,360,420,where,0.1551,0.1013,0.0909,0.1148,0.1052,8
v7,SQL,transcript_only,6,360,420,having,0.1283,0.0943,0.0,0.1048,0.0629,9
v7,SQL,transcript_only,6,360,420,aggregate function,0.1636,0.0209,0.1197,0.0,0.0479,10
v7,SQL,transcript_only,6,360,420,inner join,0.1397,0.0512,0.0387,0.0433,0.0414,11
v7,SQL,transcript_only,7,420,480,group by,0.4242,0.3842,1.0,0.8259,0.8955,1
v7,SQL,transcript_only,7,420,480,order by,0.3215,0.4738,0.6526,1.0,0.861,2
v7,SQL,transcript_only,7,420,480,select,0.3702,0.3373,0.8173,0.7347,0.7678,3
v7,SQL,transcript_only,7,420,480,left join,0.2639,0.2875,0.4577,0.638,0.5659,4
v7,SQL,transcript_only,7,420,480,where,0.1555,0.3039,0.091,0.6698,0.4383,5
v7,SQL,transcript_only,7,420,480,subquery,0.1626,0.2824,0.115,0.6281,0.4228,6
v7,SQL,transcript_only,7,420,480,join,0.1532,0.2796,0.0832,0.6226,0.4069,7
v7,SQL,transcript_only,7,420,480,count,0.1997,0.2041,0.2405,0.4759,0.3818,8
v7,SQL,transcript_only,7,420,480,inner join,0.14,0.1117,0.0386,0.2963,0.1932,9
v7,SQL,transcript_only,7,420,480,aggregate function,0.1639,-0.0408,0.1194,0.0,0.0478,10
v7,SQL,transcript_only,7,420,480,having,0.1286,-0.0383,0.0,0.0049,0.0029,11
v7,SQL,transcript_only,8,480,540,select,0.2405,0.3612,0.7444,1.0,0.8978,1
v7,SQL,transcript_only,8,480,540,group by,0.2946,0.2727,1.0,0.813,0.8878,2
v7,SQL,transcript_only,8,480,540,order by,0.2326,0.2982,0.7071,0.8669,0.803,3
v7,SQL,transcript_only,8,480,540,subquery,0.1224,0.2272,0.1866,0.7169,0.5048,4
v7,SQL,transcript_only,8,480,540,left join,0.1693,0.133,0.4081,0.5179,0.474,5
v7,SQL,transcript_only,8,480,540,where,0.1161,0.142,0.1568,0.5369,0.3849,6
v7,SQL,transcript_only,8,480,540,count,0.1479,0.0552,0.307,0.3535,0.3349,7
v7,SQL,transcript_only,8,480,540,join,0.0994,0.076,0.0779,0.3974,0.2696,8
v7,SQL,transcript_only,8,480,540,inner join,0.0955,-0.0015,0.0595,0.2337,0.164,9
v7,SQL,transcript_only,8,480,540,aggregate function,0.117,-0.1121,0.1611,0.0,0.0644,10
v7,SQL,transcript_only,8,480,540,having,0.0829,-0.0697,0.0,0.0896,0.0538,11
v8,SQL,transcript_only,0,0,60,select,0.1424,0.1892,0.6488,1.0,0.8595,1
v8,SQL,transcript_only,0,0,60,order by,0.1627,0.1628,0.7886,0.9005,0.8557,2
v8,SQL,transcript_only,0,0,60,group by,0.1934,0.0772,1.0,0.578,0.7468,3
v8,SQL,transcript_only,0,0,60,count,0.109,0.1194,0.4187,0.737,0.6097,4
v8,SQL,transcript_only,0,0,60,having,0.0482,0.1828,0.0,0.9759,0.5855,5
v8,SQL,transcript_only,0,0,60,aggregate function,0.0808,0.108,0.2245,0.694,0.5062,6
v8,SQL,transcript_only,0,0,60,subquery,0.0919,0.076,0.301,0.5735,0.4645,7
v8,SQL,transcript_only,0,0,60,join,0.0584,0.0776,0.0702,0.5795,0.3758,8
v8,SQL,transcript_only,0,0,60,inner join,0.0614,0.0603,0.0909,0.5143,0.345,9
v8,SQL,transcript_only,0,0,60,where,0.0843,0.0147,0.2486,0.3425,0.305,10
v8,SQL,transcript_only,0,0,60,left join,0.0982,-0.0762,0.3444,0.0,0.1377,11
v8,SQL,transcript_only,1,60,120,select,0.2354,0.3374,0.7932,1.0,0.9173,1
v8,SQL,transcript_only,1,60,120,order by,0.2143,0.1649,0.685,0.5656,0.6133,2
v8,SQL,transcript_only,1,60,120,group by,0.2757,0.042,1.0,0.2561,0.5537,3
v8,SQL,transcript_only,1,60,120,count,0.1368,0.1455,0.2873,0.5167,0.425,4
v8,SQL,transcript_only,1,60,120,join,0.0976,0.1764,0.0862,0.5946,0.3912,5
v8,SQL,transcript_only,1,60,120,having,0.0808,0.1798,0.0,0.6031,0.3619,6
v8,SQL,transcript_only,1,60,120,aggregate function,0.108,0.1415,0.1396,0.5067,0.3598,7
v8,SQL,transcript_only,1,60,120,subquery,0.1173,0.0721,0.1873,0.3319,0.2741,8
v8,SQL,transcript_only,1,60,120,inner join,0.0917,0.0903,0.0559,0.3777,0.249,9
v8,SQL,transcript_only,1,60,120,where,0.1059,0.0472,0.1288,0.2692,0.213,10
v8,SQL,transcript_only,1,60,120,left join,0.1665,-0.0597,0.4397,0.0,0.1759,11
v8,SQL,transcript_only,2,120,180,select,0.2427,0.4767,0.7325,1.0,0.893,1
v8,SQL,transcript_only,2,120,180,group by,0.3007,0.3268,1.0,0.64,0.784,2
v8,SQL,transcript_only,2,120,180,order by,0.2369,0.3588,0.7057,0.7169,0.7124,3
v8,SQL,transcript_only,2,120,180,join,0.1011,0.4308,0.0793,0.8898,0.5656,4
v8,SQL,transcript_only,2,120,180,subquery,0.123,0.36,0.1804,0.7197,0.504,5
v8,SQL,transcript_only,2,120,180,where,0.1196,0.2794,0.1647,0.5262,0.3816,6
v8,SQL,transcript_only,2,120,180,count,0.1476,0.2231,0.2938,0.391,0.3521,7
v8,SQL,transcript_only,2,120,180,having,0.0839,0.2555,0.0,0.4688,0.2813,8
v8,SQL,transcript_only,2,120,180,inner join,0.096,0.2074,0.0558,0.3533,0.2343,9
v8,SQL,transcript_only,2,120,180,left join,0.1702,0.0603,0.3981,0.0,0.1592,10
v8,SQL,transcript_only,2,120,180,aggregate function,0.1178,0.1009,0.1564,0.0975,0.121,11
v8,SQL,transcript_only,3,180,240,select,0.355,0.5502,0.8162,1.0,0.9265,1
v8,SQL,transcript_only,3,180,240,group by,0.4072,0.1108,1.0,0.1936,0.5162,2
v8,SQL,transcript_only,3,180,240,left join,0.2529,0.2337,0.4567,0.4192,0.4342,3
v8,SQL,transcript_only,3,180,240,join,0.1471,0.2635,0.0842,0.4738,0.318,4
v8,SQL,transcript_only,3,180,240,order by,0.3089,0.0363,0.6539,0.0569,0.2957,5
v8,SQL,transcript_only,3,180,240,where,0.1498,0.1752,0.0937,0.3118,0.2245,6
v8,SQL,transcript_only,3,180,240,subquery,0.1572,0.122,0.1197,0.2142,0.1764,7
v8,SQL,transcript_only,3,180,240,count,0.1917,0.0667,0.2412,0.1127,0.1641,8
v8,SQL,transcript_only,3,180,240,inner join,0.1344,0.1038,0.0394,0.1808,0.1242,9
v8,SQL,transcript_only,3,180,240,having,0.1232,0.0588,0.0,0.0982,0.0589,10
v8,SQL,transcript_only,3,180,240,aggregate function,0.1572,0.0053,0.1197,0.0,0.0479,11
v8,SQL,transcript_only,4,240,300,select,0.2649,0.6914,0.7633,1.0,0.9053,1
v8,SQL,transcript_only,4,240,300,group by,0.3189,0.1454,1.0,0.1311,0.4787,2
v8,SQL,transcript_only,4,240,300,order by,0.2497,0.1944,0.6966,0.2091,0.4041,3
v8,SQL,transcript_only,4,240,300,left join,0.1845,0.1856,0.4108,0.1951,0.2814,4
v8,SQL,transcript_only,4,240,300,subquery,0.1303,0.2549,0.1732,0.3054,0.2525,5
v8,SQL,transcript_only,4,240,300,count,0.156,0.1334,0.2858,0.112,0.1816,6
v8,SQL,transcript_only,4,240,300,join,0.1088,0.1228,0.0789,0.0952,0.0887,7
v8,SQL,transcript_only,4,240,300,aggregate function,0.1252,0.0768,0.1508,0.022,0.0735,8
v8,SQL,transcript_only,4,240,300,where,0.1242,0.063,0.1464,0.0,0.0586,9
v8,SQL,transcript_only,4,240,300,having,0.0908,0.0951,0.0,0.0511,0.0306,10
v8,SQL,transcript_only,4,240,300,inner join,0.1026,0.0651,0.0517,0.0033,0.0227,11
v8,SQL,transcript_only,5,300,360,select,0.3684,0.211,0.8171,1.0,0.9269,1
v8,SQL,transcript_only,5,300,360,group by,0.4222,0.0747,1.0,0.5397,0.7238,2
v8,SQL,transcript_only,5,300,360,where,0.1549,0.1444,0.0914,0.7751,0.5016,3
v8,SQL,transcript_only,5,300,360,left join,0.2626,0.0419,0.4575,0.4289,0.4404,4
v8,SQL,transcript_only,5,300,360,join,0.1524,0.1041,0.0829,0.639,0.4166,5
v8,SQL,transcript_only,5,300,360,order by,0.3201,-0.0146,0.653,0.2381,0.404,6
v8,SQL,transcript_only,5,300,360,count,0.1989,0.0199,0.241,0.3546,0.3092,7
v8,SQL,transcript_only,5,300,360,inner join,0.1394,0.0517,0.0387,0.462,0.2927,8
v8,SQL,transcript_only,5,300,360,subquery,0.162,-0.0196,0.1156,0.2212,0.179,9
v8,SQL,transcript_only,5,300,360,aggregate function,0.1633,-0.0851,0.12,0.0,0.048,10
v8,SQL,transcript_only,5,300,360,having,0.128,-0.0773,0.0,0.0263,0.0158,11
v8,SQL,transcript_only,6,360,420,where,0.1174,0.2829,0.1076,1.0,0.643,1
v8,SQL,transcript_only,6,360,420,group by,0.3157,0.0321,1.0,0.3732,0.6239,2
v8,SQL,transcript_only,6,360,420,select,0.2783,-0.0123,0.8317,0.2622,0.49,3
v8,SQL,transcript_only,6,360,420,left join,0.1918,0.0817,0.4424,0.4971,0.4752,4
v8,SQL,transcript_only,6,360,420,order by,0.2452,-0.006,0.6827,0.2779,0.4398,5
v8,SQL,transcript_only,6,360,420,join,0.1113,0.0836,0.0801,0.5019,0.3332,6
v8,SQL,transcript_only,6,360,420,count,0.1539,0.0234,0.2718,0.3514,0.3196,7
v8,SQL,transcript_only,6,360,420,inner join,0.1073,0.0337,0.0621,0.3772,0.2511,8
v8,SQL,transcript_only,6,360,420,having,0.0935,-0.0205,0.0,0.2417,0.145,9
v8,SQL,transcript_only,6,360,420,subquery,0.1322,-0.0961,0.1742,0.0527,0.1013,10
v8,SQL,transcript_only,6,360,420,aggregate function,0.1271,-0.1172,0.1512,0.0,0.0605,11
v8,SQL,transcript_only,7,420,480,group by,0.326,0.1214,1.0,0.5781,0.7469,1
v8,SQL,transcript_only,7,420,480,where,0.1215,0.2373,0.1074,1.0,0.643,2
v8,SQL,transcript_only,7,420,480,select,0.2895,0.0589,0.8407,0.3506,0.5466,3
v8,SQL,transcript_only,7,420,480,join,0.1152,0.1899,0.0799,0.8274,0.5284,4
v8,SQL,transcript_only,7,420,480,left join,0.1984,0.0883,0.443,0.4576,0.4518,5
v8,SQL,transcript_only,7,420,480,inner join,0.1074,0.1374,0.0458,0.6363,0.4001,6
v8,SQL,transcript_only,7,420,480,count,0.1599,0.0561,0.275,0.3404,0.3142,7
v8,SQL,transcript_only,7,420,480,order by,0.2529,-0.0374,0.6809,0.0,0.2724,8
v8,SQL,transcript_only,7,420,480,subquery,0.1373,-0.0251,0.1763,0.0448,0.0974,9
v8,SQL,transcript_only,7,420,480,aggregate function,0.1291,-0.0333,0.1405,0.0149,0.0652,10
v8,SQL,transcript_only,7,420,480,having,0.0969,-0.0201,0.0,0.063,0.0378,11
v8,SQL,transcript_only,8,480,540,group by,0.3221,0.2082,1.0,0.8229,0.8938,1
v8,SQL,transcript_only,8,480,540,where,0.1202,0.271,0.1082,1.0,0.6433,2
v8,SQL,transcript_only,8,480,540,order by,0.2502,0.0685,0.6824,0.4291,0.5304,3
v8,SQL,transcript_only,8,480,540,left join,0.1959,0.1007,0.4426,0.5199,0.489,4
v8,SQL,transcript_only,8,480,540,join,0.1138,0.1666,0.0799,0.7057,0.4554,5
v8,SQL,transcript_only,8,480,540,select,0.2865,-0.0252,0.8428,0.1649,0.4361,6
v8,SQL,transcript_only,8,480,540,inner join,0.1061,0.067,0.0459,0.4249,0.2733,7
v8,SQL,transcript_only,8,480,540,count,0.1584,-0.0309,0.2769,0.1489,0.2001,8
v8,SQL,transcript_only,8,480,540,subquery,0.1364,-0.0136,0.1798,0.1976,0.1905,9
v8,SQL,transcript_only,8,480,540,having,0.0957,0.0151,0.0,0.2785,0.1671,10
v8,SQL,transcript_only,8,480,540,aggregate function,0.1277,-0.0837,0.1413,0.0,0.0565,11
v8,SQL,transcript_only,9,540,600,order by,0.3113,0.2621,0.6561,1.0,0.8624,1
v8,SQL,transcript_only,9,540,600,select,0.3568,0.1698,0.8153,0.7183,0.7571,2
v8,SQL,transcript_only,9,540,600,left join,0.2542,0.2092,0.4563,0.8385,0.6856,3
v8,SQL,transcript_only,9,540,600,group by,0.4096,0.0421,1.0,0.3284,0.5971,4
v8,SQL,transcript_only,9,540,600,where,0.1507,0.2362,0.0941,0.9209,0.5902,5
v8,SQL,transcript_only,9,540,600,count,0.1941,0.0502,0.246,0.3532,0.3103,6
v8,SQL,transcript_only,9,540,600,having,0.1238,0.0942,0.0,0.4875,0.2925,7
v8,SQL,transcript_only,9,540,600,subquery,0.1582,0.0185,0.1204,0.2564,0.202,8
v8,SQL,transcript_only,9,540,600,aggregate function,0.1588,-0.0111,0.1225,0.1661,0.1486,9
v8,SQL,transcript_only,9,540,600,join,0.1475,-0.0369,0.0829,0.0873,0.0856,10
v8,SQL,transcript_only,9,540,600,inner join,0.1354,-0.0655,0.0406,0.0,0.0162,11
v8,SQL,transcript_only,10,600,660,order by,0.2649,0.6171,0.6751,1.0,0.87,1
v8,SQL,transcript_only,10,600,660,group by,0.3433,0.1425,1.0,0.2839,0.5704,2
v8,SQL,transcript_only,10,600,660,select,0.2955,0.001,0.8019,0.0705,0.363,3
v8,SQL,transcript_only,10,600,660,left join,0.2103,0.0293,0.4488,0.1132,0.2474,4
v8,SQL,transcript_only,10,600,660,subquery,0.139,0.0432,0.1533,0.1341,0.1418,5
v8,SQL,transcript_only,10,600,660,join,0.1215,0.0678,0.0808,0.1712,0.1351,6
v8,SQL,transcript_only,10,600,660,inner join,0.114,0.0745,0.0497,0.1814,0.1287,7
v8,SQL,transcript_only,10,600,660,where,0.1286,0.0474,0.1102,0.1405,0.1284,8
v8,SQL,transcript_only,10,600,660,count,0.1697,-0.0338,0.2806,0.018,0.123,9
v8,SQL,transcript_only,10,600,660,having,0.102,0.0315,0.0,0.1165,0.0699,10
v8,SQL,transcript_only,10,600,660,aggregate function,0.1356,-0.0457,0.1392,0.0,0.0557,11
v8,SQL,transcript_only,11,660,720,left join,0.2637,0.0777,0.4578,0.9174,0.7336,1
v8,SQL,transcript_only,11,660,720,select,0.3699,0.0501,0.8175,0.6614,0.7238,2
v8,SQL,transcript_only,11,660,720,group by,0.4238,0.0316,1.0,0.4898,0.6939,3
v8,SQL,transcript_only,11,660,720,join,0.153,0.0866,0.083,1.0,0.6332,4
v8,SQL,transcript_only,11,660,720,inner join,0.1399,0.0801,0.0386,0.9397,0.5793,5
v8,SQL,transcript_only,11,660,720,order by,0.3213,0.0306,0.6529,0.4805,0.5495,6
v8,SQL,transcript_only,11,660,720,count,0.1996,0.0193,0.2408,0.3757,0.3217,7
v8,SQL,transcript_only,11,660,720,subquery,0.1625,0.0276,0.1151,0.4527,0.3177,8
v8,SQL,transcript_only,11,660,720,aggregate function,0.1638,0.0207,0.1195,0.3887,0.281,9
v8,SQL,transcript_only,11,660,720,where,0.1554,-0.01,0.0911,0.1039,0.0988,10
v8,SQL,transcript_only,11,660,720,having,0.1285,-0.0212,0.0,0.0,0.0,11
v8,SQL,transcript_only,12,720,780,inner join,0.1223,0.3213,0.0445,1.0,0.6178,1
v8,SQL,transcript_only,12,720,780,left join,0.2258,0.1721,0.4349,0.5501,0.504,2
v8,SQL,transcript_only,12,720,780,join,0.1321,0.2453,0.0815,0.7708,0.4951,3
v8,SQL,transcript_only,12,720,780,group by,0.3756,0.0284,1.0,0.1167,0.47,4
v8,SQL,transcript_only,12,720,780,select,0.3185,0.0557,0.7846,0.199,0.4333,5
v8,SQL,transcript_only,12,720,780,order by,0.2887,0.0094,0.6722,0.0594,0.3045,6
v8,SQL,transcript_only,12,720,780,count,0.1794,0.0399,0.2599,0.1514,0.1948,7
v8,SQL,transcript_only,12,720,780,subquery,0.1468,0.0271,0.1369,0.1128,0.1224,8
v8,SQL,transcript_only,12,720,780,aggregate function,0.1458,0.0272,0.1332,0.1131,0.1211,9
v8,SQL,transcript_only,12,720,780,where,0.1419,0.0286,0.1184,0.1173,0.1178,10
v8,SQL,transcript_only,12,720,780,having,0.1105,-0.0103,0.0,0.0,0.0,11
v8,SQL,transcript_only,13,780,840,select,0.3585,0.1343,0.8165,0.8259,0.8222,1
v8,SQL,transcript_only,13,780,840,left join,0.2553,0.1648,0.4566,1.0,0.7826,2
v8,SQL,transcript_only,13,780,840,group by,0.4111,0.0144,1.0,0.1416,0.4849,3
v8,SQL,transcript_only,13,780,840,join,0.1484,0.1155,0.0837,0.7186,0.4646,4
v8,SQL,transcript_only,13,780,840,count,0.1936,0.0581,0.2414,0.391,0.3311,5
v8,SQL,transcript_only,13,780,840,where,0.1511,0.0731,0.0931,0.4766,0.3232,6
v8,SQL,transcript_only,13,780,840,order by,0.3118,-0.005,0.6536,0.0308,0.28,7
v8,SQL,transcript_only,13,780,840,subquery,0.1584,0.0373,0.1186,0.2723,0.2108,8
v8,SQL,transcript_only,13,780,840,aggregate function,0.1588,0.037,0.12,0.2705,0.2103,9
v8,SQL,transcript_only,13,780,840,inner join,0.1357,0.0429,0.0394,0.3042,0.1983,10
v8,SQL,transcript_only,13,780,840,having,0.1244,-0.0104,0.0,0.0,0.0,11
v8,SQL,transcript_only,14,840,900,group by,0.3896,0.4179,1.0,1.0,1.0,1
v8,SQL,transcript_only,14,840,900,order by,0.2958,0.1777,0.655,0.4642,0.5405,2
v8,SQL,transcript_only,14,840,900,select,0.3393,0.0805,0.815,0.2474,0.4744,3
v8,SQL,transcript_only,14,840,900,subquery,0.1516,0.1359,0.1247,0.371,0.2724,4
v8,SQL,transcript_only,14,840,900,count,0.1835,0.0803,0.242,0.2469,0.245,5
v8,SQL,transcript_only,14,840,900,left join,0.2414,-0.0014,0.4549,0.0647,0.2208,6
v8,SQL,transcript_only,14,840,900,join,0.1408,0.067,0.085,0.2173,0.1643,7
v8,SQL,transcript_only,14,840,900,aggregate function,0.1501,0.0356,0.1192,0.1472,0.136,8
v8,SQL,transcript_only,14,840,900,inner join,0.1286,0.0384,0.0401,0.1535,0.1081,9
v8,SQL,transcript_only,14,840,900,where,0.1439,-0.019,0.0964,0.0254,0.0538,10
v8,SQL,transcript_only,14,840,900,having,0.1177,-0.0304,0.0,0.0,0.0,11
v8,SQL,transcript_only,15,900,960,order by,0.3003,0.3688,0.6551,1.0,0.862,1
v8,SQL,transcript_only,15,900,960,group by,0.3955,0.248,1.0,0.7166,0.83,2
v8,SQL,transcript_only,15,900,960,aggregate function,0.1526,0.233,0.1199,0.6814,0.4568,3
v8,SQL,transcript_only,15,900,960,select,0.3446,-0.0575,0.8156,0.0,0.3262,4
v8,SQL,transcript_only,15,900,960,count,0.1863,0.0691,0.242,0.297,0.275,5
v8,SQL,transcript_only,15,900,960,having,0.1195,0.1252,0.0,0.4286,0.2571,6
v8,SQL,transcript_only,15,900,960,left join,0.2452,-0.0281,0.4554,0.069,0.2236,7
v8,SQL,transcript_only,15,900,960,subquery,0.1535,0.0563,0.1232,0.2669,0.2094,8
v8,SQL,transcript_only,15,900,960,where,0.1459,0.0331,0.0957,0.2125,0.1658,9
v8,SQL,transcript_only,15,900,960,join,0.1428,0.0081,0.0844,0.1539,0.1261,10
v8,SQL,transcript_only,15,900,960,inner join,0.1306,0.0185,0.0402,0.1783,0.1231,11
v8,SQL,transcript_only,16,960,1020,group by,0.396,0.3543,1.0,0.6508,0.7905,1
v8,SQL,transcript_only,16,960,1020,order by,0.3019,0.4062,0.6608,0.7334,0.7044,2
v8,SQL,transcript_only,16,960,1020,having,0.1186,0.5736,0.0,1.0,0.6,3
v8,SQL,transcript_only,16,960,1020,select,0.3417,0.0938,0.8043,0.236,0.4633,4
v8,SQL,transcript_only,16,960,1020,subquery,0.1535,0.2656,0.1258,0.5096,0.3561,5
v8,SQL,transcript_only,16,960,1020,count,0.1875,0.1868,0.2484,0.3841,0.3298,6
v8,SQL,transcript_only,16,960,1020,aggregate function,0.1533,0.1875,0.1251,0.3852,0.2812,7
v8,SQL,transcript_only,16,960,1020,left join,0.2429,0.0018,0.4481,0.0895,0.2329,8
v8,SQL,transcript_only,16,960,1020,where,0.1471,0.0724,0.1027,0.2019,0.1622,9
v8,SQL,transcript_only,16,960,1020,join,0.1416,-0.0473,0.0829,0.0113,0.0399,10
v8,SQL,transcript_only,16,960,1020,inner join,0.1301,-0.0544,0.0415,0.0,0.0166,11
v8,SQL,transcript_only,17,1020,1080,count,0.0607,0.0093,0.6054,1.0,0.8422,1
v8,SQL,transcript_only,17,1020,1080,subquery,0.0552,-0.004,0.5462,0.796,0.6961,2
v8,SQL,transcript_only,17,1020,1080,order by,0.0974,-0.0253,1.0,0.4693,0.6816,3
v8,SQL,transcript_only,17,1020,1080,inner join,0.0199,-0.0029,0.1667,0.8129,0.5544,4
v8,SQL,transcript_only,17,1020,1080,left join,0.0044,0.0018,0.0,0.885,0.531,5
v8,SQL,transcript_only,17,1020,1080,group by,0.0927,-0.0424,0.9495,0.2071,0.504,6
v8,SQL,transcript_only,17,1020,1080,having,0.0054,-0.0089,0.0108,0.7209,0.4368,7
v8,SQL,transcript_only,17,1020,1080,aggregate function,0.0407,-0.0293,0.3903,0.408,0.4009,8
v8,SQL,transcript_only,17,1020,1080,select,0.018,-0.029,0.1462,0.4126,0.306,9
v8,SQL,transcript_only,17,1020,1080,where,0.0624,-0.0559,0.6237,0.0,0.2495,10
v8,SQL,transcript_only,17,1020,1080,join,0.0095,-0.0318,0.0548,0.3696,0.2437,11
v9,SQL,transcript_only,0,0,60,aggregate function,0.1274,0.368,0.1509,1.0,0.6604,1
v9,SQL,transcript_only,0,0,60,count,0.1586,0.3169,0.2843,0.8683,0.6347,2
v9,SQL,transcript_only,0,0,60,group by,0.326,0.1261,1.0,0.3764,0.6258,3
v9,SQL,transcript_only,0,0,60,select,0.2657,0.0582,0.7422,0.2013,0.4177,4
v9,SQL,transcript_only,0,0,60,order by,0.2552,-0.0183,0.6973,0.0041,0.2814,5
v9,SQL,transcript_only,0,0,60,left join,0.1869,0.0009,0.4053,0.0536,0.1943,6
v9,SQL,transcript_only,0,0,60,join,0.1106,0.0697,0.0791,0.231,0.1702,7
v9,SQL,transcript_only,0,0,60,subquery,0.1308,-0.0055,0.1655,0.0371,0.0885,8
v9,SQL,transcript_only,0,0,60,where,0.128,-0.0183,0.1535,0.0041,0.0639,9
v9,SQL,transcript_only,0,0,60,inner join,0.1043,-0.0068,0.0522,0.0338,0.0411,10
v9,SQL,transcript_only,0,0,60,having,0.0921,-0.0199,0.0,0.0,0.0,11
v9,SQL,transcript_only,1,60,120,group by,0.095,0.2023,0.9307,1.0,0.9723,1
v9,SQL,transcript_only,1,60,120,select,0.1004,0.0526,1.0,0.5559,0.7336,2
v9,SQL,transcript_only,1,60,120,count,0.0664,0.0977,0.5635,0.6897,0.6392,3
v9,SQL,transcript_only,1,60,120,order by,0.0917,-0.0079,0.8883,0.3764,0.5812,4
v9,SQL,transcript_only,1,60,120,join,0.026,0.1418,0.0449,0.8205,0.5103,5
v9,SQL,transcript_only,1,60,120,subquery,0.0783,-0.0174,0.7163,0.3483,0.4955,6
v9,SQL,transcript_only,1,60,120,left join,0.0446,0.0118,0.2837,0.4349,0.3744,7
v9,SQL,transcript_only,1,60,120,where,0.0415,0.0082,0.2439,0.4242,0.3521,8
v9,SQL,transcript_only,1,60,120,inner join,0.0306,0.0336,0.104,0.4996,0.3413,9
v9,SQL,transcript_only,1,60,120,aggregate function,0.047,-0.0192,0.3145,0.3429,0.3316,10
v9,SQL,transcript_only,1,60,120,having,0.0225,-0.1348,0.0,0.0,0.0,11
v9,SQL,transcript_only,2,120,180,group by,0.3533,0.33,1.0,0.5718,0.7431,1
v9,SQL,transcript_only,2,120,180,count,0.1709,0.5118,0.2642,0.9178,0.6564,2
v9,SQL,transcript_only,2,120,180,aggregate function,0.1386,0.555,0.1339,1.0,0.6536,3
v9,SQL,transcript_only,2,120,180,select,0.3104,0.1409,0.8269,0.2118,0.4579,4
v9,SQL,transcript_only,2,120,180,order by,0.2722,0.1095,0.6729,0.1521,0.3604,5
v9,SQL,transcript_only,2,120,180,having,0.1054,0.2424,0.0,0.405,0.243,6
v9,SQL,transcript_only,2,120,180,left join,0.2158,0.0296,0.4453,0.0,0.1781,7
v9,SQL,transcript_only,2,120,180,join,0.1254,0.1219,0.0807,0.1757,0.1377,8
v9,SQL,transcript_only,2,120,180,subquery,0.144,0.0813,0.1557,0.0984,0.1213,9
v9,SQL,transcript_only,2,120,180,where,0.1314,0.0956,0.1049,0.1256,0.1173,10
v9,SQL,transcript_only,2,120,180,inner join,0.1162,0.0377,0.0436,0.0154,0.0267,11
v9,SQL,transcript_only,3,180,240,count,0.2,0.6265,0.2405,1.0,0.6962,1
v9,SQL,transcript_only,3,180,240,select,0.3708,0.3411,0.8176,0.5386,0.6502,2
v9,SQL,transcript_only,3,180,240,group by,0.4248,0.2017,1.0,0.3132,0.5879,3
v9,SQL,transcript_only,3,180,240,left join,0.2643,0.2578,0.4578,0.4039,0.4254,4
v9,SQL,transcript_only,3,180,240,aggregate function,0.1641,0.3685,0.1193,0.5829,0.3974,5
v9,SQL,transcript_only,3,180,240,join,0.1534,0.3142,0.0831,0.4951,0.3303,6
v9,SQL,transcript_only,3,180,240,order by,0.322,0.0541,0.6527,0.0745,0.3058,7
v9,SQL,transcript_only,3,180,240,where,0.1557,0.2503,0.0909,0.3918,0.2714,8
v9,SQL,transcript_only,3,180,240,subquery,0.1628,0.1627,0.1149,0.2501,0.196,9
v9,SQL,transcript_only,3,180,240,inner join,0.1402,0.1539,0.0385,0.2359,0.1569,10
v9,SQL,transcript_only,3,180,240,having,0.1288,0.008,0.0,0.0,0.0,11
v9,SQL,transcript_only,4,240,300,count,0.1999,0.518,0.2407,1.0,0.6963,1
v9,SQL,transcript_only,4,240,300,group by,0.4245,0.0694,1.0,0.2043,0.5226,2
v9,SQL,transcript_only,4,240,300,select,0.3706,0.0891,0.8178,0.2393,0.4707,3
v9,SQL,transcript_only,4,240,300,left join,0.2641,0.1208,0.4577,0.2955,0.3604,4
v9,SQL,transcript_only,4,240,300,aggregate function,0.164,0.2219,0.1193,0.4748,0.3326,5
v9,SQL,transcript_only,4,240,300,order by,0.3217,-0.0109,0.6525,0.0619,0.2981,6
v9,SQL,transcript_only,4,240,300,subquery,0.1627,0.0529,0.1149,0.1751,0.151,7
v9,SQL,transcript_only,4,240,300,join,0.1533,0.0531,0.0832,0.1754,0.1385,8
v9,SQL,transcript_only,4,240,300,where,0.1556,-0.0241,0.0909,0.0385,0.0595,9
v9,SQL,transcript_only,4,240,300,inner join,0.1401,-0.0057,0.0385,0.0711,0.0581,10
v9,SQL,transcript_only,4,240,300,having,0.1287,-0.0458,0.0,0.0,0.0,11
v9,SQL,transcript_only,5,300,360,count,0.1999,0.4693,0.2407,1.0,0.6963,1
v9,SQL,transcript_only,5,300,360,select,0.3705,0.1415,0.8174,0.358,0.5418,2
v9,SQL,transcript_only,5,300,360,aggregate function,0.164,0.3078,0.1193,0.6837,0.458,3
v9,SQL,transcript_only,5,300,360,order by,0.3217,0.1104,0.6525,0.2971,0.4392,4
v9,SQL,transcript_only,5,300,360,group by,0.4245,-0.0299,1.0,0.0223,0.4134,5
v9,SQL,transcript_only,5,300,360,subquery,0.1627,0.1786,0.1149,0.4307,0.3044,6
v9,SQL,transcript_only,5,300,360,left join,0.2641,0.0251,0.4577,0.13,0.2611,7
v9,SQL,transcript_only,5,300,360,having,0.1287,0.049,0.0,0.1769,0.1061,8
v9,SQL,transcript_only,5,300,360,join,0.1533,-0.0294,0.0832,0.0233,0.0472,9
v9,SQL,transcript_only,5,300,360,inner join,0.1401,-0.0233,0.0385,0.0353,0.0366,10
v9,SQL,transcript_only,5,300,360,where,0.1556,-0.0413,0.0909,0.0,0.0364,11
v9,SQL,transcript_only,6,360,420,select,0.3704,0.1896,0.8177,0.6302,0.7052,1
v9,SQL,transcript_only,6,360,420,aggregate function,0.164,0.3214,0.1194,1.0,0.6478,2
v9,SQL,transcript_only,6,360,420,group by,0.4243,0.0747,1.0,0.3078,0.5847,3
v9,SQL,transcript_only,6,360,420,count,0.1998,0.2429,0.2405,0.7797,0.5641,4
v9,SQL,transcript_only,6,360,420,left join,0.264,0.1072,0.4577,0.399,0.4225,5
v9,SQL,transcript_only,6,360,420,order by,0.3216,0.0529,0.6526,0.2466,0.409,6
v9,SQL,transcript_only,6,360,420,join,0.1532,0.0866,0.0829,0.3412,0.2379,7
v9,SQL,transcript_only,6,360,420,subquery,0.1626,0.0644,0.1147,0.2789,0.2132,8
v9,SQL,transcript_only,6,360,420,where,0.1556,0.0451,0.091,0.2247,0.1712,9
v9,SQL,transcript_only,6,360,420,inner join,0.14,0.0226,0.0382,0.1616,0.1123,10
v9,SQL,transcript_only,6,360,420,having,0.1287,-0.035,0.0,0.0,0.0,11
v9,SQL,transcript_only,7,420,480,count,0.1997,0.3679,0.2406,1.0,0.6962,1
v9,SQL,transcript_only,7,420,480,select,0.3702,0.0577,0.8176,0.288,0.4999,2
v9,SQL,transcript_only,7,420,480,aggregate function,0.1639,0.2147,0.1195,0.6484,0.4368,3
v9,SQL,transcript_only,7,420,480,order by,0.3214,0.0497,0.6525,0.2697,0.4228,4
v9,SQL,transcript_only,7,420,480,group by,0.4241,-0.0678,1.0,0.0,0.4,5
v9,SQL,transcript_only,7,420,480,subquery,0.1625,0.1088,0.1147,0.4053,0.2891,6
v9,SQL,transcript_only,7,420,480,left join,0.2638,-0.0094,0.4575,0.134,0.2634,7
v9,SQL,transcript_only,7,420,480,having,0.1286,0.0147,0.0,0.1894,0.1136,8
v9,SQL,transcript_only,7,420,480,inner join,0.14,-0.0259,0.0386,0.0962,0.0731,9
v9,SQL,transcript_only,7,420,480,where,0.1555,-0.0464,0.091,0.0491,0.0659,10
v9,SQL,transcript_only,7,420,480,join,0.1531,-0.0541,0.0829,0.0314,0.052,11
v9,SQL,transcript_only,8,480,540,count,0.2,0.378,0.2406,0.9638,0.6745,1
v9,SQL,transcript_only,8,480,540,aggregate function,0.1641,0.3922,0.1193,1.0,0.6477,2
v9,SQL,transcript_only,8,480,540,select,0.3707,0.097,0.8175,0.2475,0.4755,3
v9,SQL,transcript_only,8,480,540,group by,0.4247,0.0279,1.0,0.0714,0.4428,4
v9,SQL,transcript_only,8,480,540,order by,0.3219,0.0901,0.6526,0.2299,0.399,5
v9,SQL,transcript_only,8,480,540,left join,0.2643,0.0266,0.4579,0.0681,0.224,6
v9,SQL,transcript_only,8,480,540,subquery,0.1627,0.1079,0.1146,0.2753,0.211,7
v9,SQL,transcript_only,8,480,540,join,0.1534,0.0286,0.0831,0.0732,0.0771,8
v9,SQL,transcript_only,8,480,540,where,0.1557,0.0207,0.0909,0.053,0.0682,9
v9,SQL,transcript_only,8,480,540,having,0.1288,0.0311,0.0,0.0795,0.0477,10
v9,SQL,transcript_only,8,480,540,inner join,0.1402,-0.0001,0.0385,0.0,0.0154,11
v9,SQL,transcript_only,9,540,600,aggregate function,0.1641,0.5195,0.1193,1.0,0.6477,1
v9,SQL,transcript_only,9,540,600,count,0.1999,0.3328,0.2404,0.6394,0.4798,2
v9,SQL,transcript_only,9,540,600,select,0.3706,0.1009,0.8174,0.1914,0.4418,3
v9,SQL,transcript_only,9,540,600,group by,0.4246,0.0365,1.0,0.067,0.4402,4
v9,SQL,transcript_only,9,540,600,order by,0.3218,0.04,0.6525,0.0738,0.3053,5
v9,SQL,transcript_only,9,540,600,left join,0.2642,0.0361,0.4577,0.0663,0.2228,6
v9,SQL,transcript_only,9,540,600,subquery,0.1627,0.0436,0.1146,0.0807,0.0943,7
v9,SQL,transcript_only,9,540,600,join,0.1533,0.0509,0.0828,0.0948,0.09,8
v9,SQL,transcript_only,9,540,600,where,0.1556,0.0387,0.0906,0.0713,0.079,9
v9,SQL,transcript_only,9,540,600,inner join,0.1401,0.0174,0.0382,0.0301,0.0334,10
v9,SQL,transcript_only,9,540,600,having,0.1288,0.0018,0.0,0.0,0.0,11
v9,SQL,transcript_only,10,600,660,group by,0.4246,0.2257,1.0,0.4211,0.6526,1
v9,SQL,transcript_only,10,600,660,aggregate function,0.1641,0.5139,0.1193,1.0,0.6477,2
v9,SQL,transcript_only,10,600,660,select,0.3707,0.1685,0.8178,0.3061,0.5108,3
v9,SQL,transcript_only,10,600,660,count,0.1999,0.2347,0.2404,0.4391,0.3596,4
v9,SQL,transcript_only,10,600,660,order by,0.3218,0.071,0.6525,0.1103,0.3272,5
v9,SQL,transcript_only,10,600,660,left join,0.2642,0.0628,0.4577,0.0938,0.2394,6
v9,SQL,transcript_only,10,600,660,join,0.1533,0.1306,0.0828,0.23,0.1711,7
v9,SQL,transcript_only,10,600,660,where,0.1557,0.0969,0.0909,0.1623,0.1338,8
v9,SQL,transcript_only,10,600,660,subquery,0.1627,0.0325,0.1146,0.0329,0.0656,9
v9,SQL,transcript_only,10,600,660,inner join,0.1401,0.0559,0.0382,0.08,0.0633,10
v9,SQL,transcript_only,10,600,660,having,0.1288,0.0161,0.0,0.0,0.0,11
v9,SQL,transcript_only,11,660,720,aggregate function,0.1211,0.7268,0.1582,1.0,0.6633,1
v9,SQL,transcript_only,11,660,720,group by,0.309,0.1316,1.0,0.1844,0.5107,2
v9,SQL,transcript_only,11,660,720,count,0.1514,0.344,0.2939,0.4755,0.4028,3
v9,SQL,transcript_only,11,660,720,select,0.2479,0.0113,0.7263,0.0196,0.3023,4
v9,SQL,transcript_only,11,660,720,order by,0.2436,0.0147,0.707,0.0243,0.2973,5
v9,SQL,transcript_only,11,660,720,left join,0.1737,0.0145,0.3938,0.024,0.1719,6
v9,SQL,transcript_only,11,660,720,having,0.0858,0.1578,0.0,0.2203,0.1322,7
v9,SQL,transcript_only,11,660,720,where,0.1231,0.047,0.1671,0.0685,0.108,8
v9,SQL,transcript_only,11,660,720,join,0.1033,0.0479,0.0784,0.0697,0.0732,9
v9,SQL,transcript_only,11,660,720,subquery,0.1253,-0.003,0.177,0.0,0.0708,10
v9,SQL,transcript_only,11,660,720,inner join,0.0983,0.0195,0.056,0.0308,0.0409,11
