video_id,subject,method,chunk_id,start_sec,end_sec,concept,lda_score
v1,SQL,transcript_only,0,0,60,select,0.199
v1,SQL,transcript_only,0,0,60,where,0.0965
v1,SQL,transcript_only,0,0,60,group by,0.2427
v1,SQL,transcript_only,0,0,60,having,0.0678
v1,SQL,transcript_only,0,0,60,count,0.131
v1,SQL,transcript_only,0,0,60,aggregate function,0.0998
v1,SQL,transcript_only,0,0,60,join,0.081
v1,SQL,transcript_only,0,0,60,inner join,0.0806
v1,SQL,transcript_only,0,0,60,left join,0.1404
v1,SQL,transcript_only,0,0,60,subquery,0.1088
v1,SQL,transcript_only,0,0,60,order by,0.1953
v1,SQL,transcript_only,1,60,120,select,0.0894
v1,SQL,transcript_only,1,60,120,where,0.0543
v1,SQL,transcript_only,1,60,120,group by,0.12
v1,SQL,transcript_only,1,60,120,having,0.0286
v1,SQL,transcript_only,1,60,120,count,0.0867
v1,SQL,transcript_only,1,60,120,aggregate function,0.0573
v1,SQL,transcript_only,1,60,120,join,0.034
v1,SQL,transcript_only,1,60,120,inner join,0.0422
v1,SQL,transcript_only,1,60,120,left join,0.0622
v1,SQL,transcript_only,1,60,120,subquery,0.0739
v1,SQL,transcript_only,1,60,120,order by,0.1088
v1,SQL,transcript_only,2,120,180,select,0.099
v1,SQL,transcript_only,2,120,180,where,0.0578
v1,SQL,transcript_only,2,120,180,group by,0.1304
v1,SQL,transcript_only,2,120,180,having,0.032
v1,SQL,transcript_only,2,120,180,count,0.0906
v1,SQL,transcript_only,2,120,180,aggregate function,0.0609
v1,SQL,transcript_only,2,120,180,join,0.0381
v1,SQL,transcript_only,2,120,180,inner join,0.0456
v1,SQL,transcript_only,2,120,180,left join,0.0691
v1,SQL,transcript_only,2,120,180,subquery,0.077
v1,SQL,transcript_only,2,120,180,order by,0.1161
v1,SQL,transcript_only,3,180,240,select,0.1091
v1,SQL,transcript_only,3,180,240,where,0.0614
v1,SQL,transcript_only,3,180,240,group by,0.1413
v1,SQL,transcript_only,3,180,240,having,0.0356
v1,SQL,transcript_only,3,180,240,count,0.0946
v1,SQL,transcript_only,3,180,240,aggregate function,0.0648
v1,SQL,transcript_only,3,180,240,join,0.0424
v1,SQL,transcript_only,3,180,240,inner join,0.0491
v1,SQL,transcript_only,3,180,240,left join,0.0763
v1,SQL,transcript_only,3,180,240,subquery,0.0801
v1,SQL,transcript_only,3,180,240,order by,0.1237
v1,SQL,transcript_only,4,240,300,select,0.1602
v1,SQL,transcript_only,4,240,300,where,0.0796
v1,SQL,transcript_only,4,240,300,group by,0.1974
v1,SQL,transcript_only,4,240,300,having,0.054
v1,SQL,transcript_only,4,240,300,count,0.114
v1,SQL,transcript_only,4,240,300,aggregate function,0.0854
v1,SQL,transcript_only,4,240,300,join,0.0644
v1,SQL,transcript_only,4,240,300,inner join,0.069
v1,SQL,transcript_only,4,240,300,left join,0.1136
v1,SQL,transcript_only,4,240,300,subquery,0.0953
v1,SQL,transcript_only,4,240,300,order by,0.1626
v1,SQL,transcript_only,5,300,360,select,0.1729
v1,SQL,transcript_only,5,300,360,where,0.0838
v1,SQL,transcript_only,5,300,360,group by,0.2123
v1,SQL,transcript_only,5,300,360,having,0.0589
v1,SQL,transcript_only,5,300,360,count,0.1172
v1,SQL,transcript_only,5,300,360,aggregate function,0.0921
v1,SQL,transcript_only,5,300,360,join,0.0704
v1,SQL,transcript_only,5,300,360,inner join,0.0768
v1,SQL,transcript_only,5,300,360,left join,0.1236
v1,SQL,transcript_only,5,300,360,subquery,0.0978
v1,SQL,transcript_only,5,300,360,order by,0.1726
v1,SQL,transcript_only,6,360,420,select,0.266
v1,SQL,transcript_only,6,360,420,where,0.1179
v1,SQL,transcript_only,6,360,420,group by,0.3112
v1,SQL,transcript_only,6,360,420,having,0.0915
v1,SQL,transcript_only,6,360,420,count,0.1577
v1,SQL,transcript_only,6,360,420,aggregate function,0.1243
v1,SQL,transcript_only,6,360,420,join,0.1089
v1,SQL,transcript_only,6,360,420,inner join,0.1037
v1,SQL,transcript_only,6,360,420,left join,0.189
v1,SQL,transcript_only,6,360,420,subquery,0.1296
v1,SQL,transcript_only,6,360,420,order by,0.2425
v1,SQL,transcript_only,7,420,480,select,0.1528
v1,SQL,transcript_only,7,420,480,where,0.0772
v1,SQL,transcript_only,7,420,480,group by,0.1887
v1,SQL,transcript_only,7,420,480,having,0.0512
v1,SQL,transcript_only,7,420,480,count,0.1122
v1,SQL,transcript_only,7,420,480,aggregate function,0.0814
v1,SQL,transcript_only,7,420,480,join,0.061
v1,SQL,transcript_only,7,420,480,inner join,0.0643
v1,SQL,transcript_only,7,420,480,left join,0.1078
v1,SQL,transcript_only,7,420,480,subquery,0.0939
v1,SQL,transcript_only,7,420,480,order by,0.1569
v1,SQL,transcript_only,8,480,540,select,0.2769
v1,SQL,transcript_only,8,480,540,where,0.1219
v1,SQL,transcript_only,8,480,540,group by,0.3231
v1,SQL,transcript_only,8,480,540,having,0.0954
v1,SQL,transcript_only,8,480,540,count,0.1621
v1,SQL,transcript_only,8,480,540,aggregate function,0.1285
v1,SQL,transcript_only,8,480,540,join,0.1136
v1,SQL,transcript_only,8,480,540,inner join,0.1075
v1,SQL,transcript_only,8,480,540,left join,0.1969
v1,SQL,transcript_only,8,480,540,subquery,0.1331
v1,SQL,transcript_only,8,480,540,order by,0.2508
v1,SQL,transcript_only,9,540,600,select,0.1756
v1,SQL,transcript_only,9,540,600,where,0.0854
v1,SQL,transcript_only,9,540,600,group by,0.2133
v1,SQL,transcript_only,9,540,600,having,0.0593
v1,SQL,transcript_only,9,540,600,count,0.1213
v1,SQL,transcript_only,9,540,600,aggregate function,0.09
v1,SQL,transcript_only,9,540,600,join,0.0706
v1,SQL,transcript_only,9,540,600,inner join,0.0722
v1,SQL,transcript_only,9,540,600,left join,0.1241
v1,SQL,transcript_only,9,540,600,subquery,0.1011
v1,SQL,transcript_only,9,540,600,order by,0.1741
v1,SQL,transcript_only,10,600,660,select,0.1469
v1,SQL,transcript_only,10,600,660,where,0.075
v1,SQL,transcript_only,10,600,660,group by,0.1823
v1,SQL,transcript_only,10,600,660,having,0.0491
v1,SQL,transcript_only,10,600,660,count,0.1098
v1,SQL,transcript_only,10,600,660,aggregate function,0.0792
v1,SQL,transcript_only,10,600,660,join,0.0585
v1,SQL,transcript_only,10,600,660,inner join,0.0623
v1,SQL,transcript_only,10,600,660,left join,0.1035
v1,SQL,transcript_only,10,600,660,subquery,0.0921
v1,SQL,transcript_only,10,600,660,order by,0.1524
v1,SQL,transcript_only,11,660,720,select,0.1581
v1,SQL,transcript_only,11,660,720,where,0.0787
v1,SQL,transcript_only,11,660,720,group by,0.1954
v1,SQL,transcript_only,11,660,720,having,0.0534
v1,SQL,transcript_only,11,660,720,count,0.1126
v1,SQL,transcript_only,11,660,720,aggregate function,0.0851
v1,SQL,transcript_only,11,660,720,join,0.0637
v1,SQL,transcript_only,11,660,720,inner join,0.0692
v1,SQL,transcript_only,11,660,720,left join,0.1123
v1,SQL,transcript_only,11,660,720,subquery,0.0942
v1,SQL,transcript_only,11,660,720,order by,0.1611
v1,SQL,transcript_only,12,720,780,select,0.0258
v1,SQL,transcript_only,12,720,780,where,0.029
v1,SQL,transcript_only,12,720,780,group by,0.0459
v1,SQL,transcript_only,12,720,780,having,0.0045
v1,SQL,transcript_only,12,720,780,count,0.0561
v1,SQL,transcript_only,12,720,780,aggregate function,0.0312
v1,SQL,transcript_only,12,720,780,join,0.0054
v1,SQL,transcript_only,12,720,780,inner join,0.0185
v1,SQL,transcript_only,12,720,780,left join,0.0126
v1,SQL,transcript_only,12,720,780,subquery,0.0534
v1,SQL,transcript_only,12,720,780,order by,0.0569
v2,Python,transcript_only,0,0,60,for loop,0.2563
v2,Python,transcript_only,0,0,60,for,0.2104
v2,Python,transcript_only,0,0,60,iteration,0.0178
v2,Python,transcript_only,0,0,60,range,0.1674
v2,Python,transcript_only,0,0,60,list,0.0823
v2,Python,transcript_only,0,0,60,nested loop,0.152
v2,Python,transcript_only,0,0,60,index,0.0443
v2,Python,transcript_only,0,0,60,break,0.0883
v2,Python,transcript_only,0,0,60,continue,0.0803
v2,Python,transcript_only,1,60,120,for loop,0.3046
v2,Python,transcript_only,1,60,120,for,0.2731
v2,Python,transcript_only,1,60,120,iteration,0.0308
v2,Python,transcript_only,1,60,120,range,0.2472
v2,Python,transcript_only,1,60,120,list,0.0769
v2,Python,transcript_only,1,60,120,nested loop,0.1603
v2,Python,transcript_only,1,60,120,index,0.0167
v2,Python,transcript_only,1,60,120,break,0.1041
v2,Python,transcript_only,1,60,120,continue,0.0865
v2,Python,transcript_only,2,120,180,for loop,0.257
v2,Python,transcript_only,2,120,180,for,0.2386
v2,Python,transcript_only,2,120,180,iteration,0.0232
v2,Python,transcript_only,2,120,180,range,0.2013
v2,Python,transcript_only,2,120,180,list,0.0689
v2,Python,transcript_only,2,120,180,nested loop,0.1298
v2,Python,transcript_only,2,120,180,index,0.0249
v2,Python,transcript_only,2,120,180,break,0.0857
v2,Python,transcript_only,2,120,180,continue,0.0718
v2,Python,transcript_only,3,180,240,for loop,0.2582
v2,Python,transcript_only,3,180,240,for,0.2305
v2,Python,transcript_only,3,180,240,iteration,0.0192
v2,Python,transcript_only,3,180,240,range,0.1853
v2,Python,transcript_only,3,180,240,list,0.0701
v2,Python,transcript_only,3,180,240,nested loop,0.1237
v2,Python,transcript_only,3,180,240,index,0.0353
v2,Python,transcript_only,3,180,240,break,0.0832
v2,Python,transcript_only,3,180,240,continue,0.0709
v2,Python,transcript_only,4,240,300,for loop,0.3044
v2,Python,transcript_only,4,240,300,for,0.2729
v2,Python,transcript_only,4,240,300,iteration,0.0307
v2,Python,transcript_only,4,240,300,range,0.247
v2,Python,transcript_only,4,240,300,list,0.0768
v2,Python,transcript_only,4,240,300,nested loop,0.1602
v2,Python,transcript_only,4,240,300,index,0.0167
v2,Python,transcript_only,4,240,300,break,0.1041
v2,Python,transcript_only,4,240,300,continue,0.0864
v2,Python,transcript_only,5,300,360,for loop,0.2859
v2,Python,transcript_only,5,300,360,for,0.2561
v2,Python,transcript_only,5,300,360,iteration,0.0273
v2,Python,transcript_only,5,300,360,range,0.2254
v2,Python,transcript_only,5,300,360,list,0.0817
v2,Python,transcript_only,5,300,360,nested loop,0.1487
v2,Python,transcript_only,5,300,360,index,0.0271
v2,Python,transcript_only,5,300,360,break,0.0956
v2,Python,transcript_only,5,300,360,continue,0.0815
v2,Python,transcript_only,6,360,420,for loop,0.3044
v2,Python,transcript_only,6,360,420,for,0.2729
v2,Python,transcript_only,6,360,420,iteration,0.0307
v2,Python,transcript_only,6,360,420,range,0.247
v2,Python,transcript_only,6,360,420,list,0.0768
v2,Python,transcript_only,6,360,420,nested loop,0.1602
v2,Python,transcript_only,6,360,420,index,0.0167
v2,Python,transcript_only,6,360,420,break,0.1041
v2,Python,transcript_only,6,360,420,continue,0.0864
v2,Python,transcript_only,7,420,480,for loop,0.3088
v2,Python,transcript_only,7,420,480,for,0.2407
v2,Python,transcript_only,7,420,480,iteration,0.024
v2,Python,transcript_only,7,420,480,range,0.2074
v2,Python,transcript_only,7,420,480,list,0.0596
v2,Python,transcript_only,7,420,480,nested loop,0.2057
v2,Python,transcript_only,7,420,480,index,0.0139
v2,Python,transcript_only,7,420,480,break,0.1185
v2,Python,transcript_only,7,420,480,continue,0.1004
v2,Python,transcript_only,8,480,540,for loop,0.316
v2,Python,transcript_only,8,480,540,for,0.1907
v2,Python,transcript_only,8,480,540,iteration,0.0135
v2,Python,transcript_only,8,480,540,range,0.1458
v2,Python,transcript_only,8,480,540,list,0.0329
v2,Python,transcript_only,8,480,540,nested loop,0.2768
v2,Python,transcript_only,8,480,540,index,0.0096
v2,Python,transcript_only,8,480,540,break,0.1411
v2,Python,transcript_only,8,480,540,continue,0.1222
v2,Python,transcript_only,9,540,600,for loop,0.3042
v2,Python,transcript_only,9,540,600,for,0.2727
v2,Python,transcript_only,9,540,600,iteration,0.0307
v2,Python,transcript_only,9,540,600,range,0.2468
v2,Python,transcript_only,9,540,600,list,0.0768
v2,Python,transcript_only,9,540,600,nested loop,0.1602
v2,Python,transcript_only,9,540,600,index,0.0167
v2,Python,transcript_only,9,540,600,break,0.104
v2,Python,transcript_only,9,540,600,continue,0.0864
v2,Python,transcript_only,10,600,660,for loop,0.2956
v2,Python,transcript_only,10,600,660,for,0.2648
v2,Python,transcript_only,10,600,660,iteration,0.0277
v2,Python,transcript_only,10,600,660,range,0.233
v2,Python,transcript_only,10,600,660,list,0.0697
v2,Python,transcript_only,10,600,660,nested loop,0.151
v2,Python,transcript_only,10,600,660,index,0.0179
v2,Python,transcript_only,10,600,660,break,0.1002
v2,Python,transcript_only,10,600,660,continue,0.0825
v2,Python,transcript_only,11,660,720,for loop,0.2993
v2,Python,transcript_only,11,660,720,for,0.2682
v2,Python,transcript_only,11,660,720,iteration,0.0289
v2,Python,transcript_only,11,660,720,range,0.2388
v2,Python,transcript_only,11,660,720,list,0.0726
v2,Python,transcript_only,11,660,720,nested loop,0.1547
v2,Python,transcript_only,11,660,720,index,0.0174
v2,Python,transcript_only,11,660,720,break,0.1018
v2,Python,transcript_only,11,660,720,continue,0.0841
v2,Python,transcript_only,12,720,780,for loop,0.3046
v2,Python,transcript_only,12,720,780,for,0.2731
v2,Python,transcript_only,12,720,780,iteration,0.0308
v2,Python,transcript_only,12,720,780,range,0.2473
v2,Python,transcript_only,12,720,780,list,0.0769
v2,Python,transcript_only,12,720,780,nested loop,0.1603
v2,Python,transcript_only,12,720,780,index,0.0167
v2,Python,transcript_only,12,720,780,break,0.1041
v2,Python,transcript_only,12,720,780,continue,0.0865
v2,Python,transcript_only,13,780,840,for loop,0.3044
v2,Python,transcript_only,13,780,840,for,0.2729
v2,Python,transcript_only,13,780,840,iteration,0.0307
v2,Python,transcript_only,13,780,840,range,0.247
v2,Python,transcript_only,13,780,840,list,0.0768
v2,Python,transcript_only,13,780,840,nested loop,0.1602
v2,Python,transcript_only,13,780,840,index,0.0167
v2,Python,transcript_only,13,780,840,break,0.1041
v2,Python,transcript_only,13,780,840,continue,0.0864
v2,Python,transcript_only,14,840,900,for loop,0.2668
v2,Python,transcript_only,14,840,900,for,0.2376
v2,Python,transcript_only,14,840,900,iteration,0.0178
v2,Python,transcript_only,14,840,900,range,0.1872
v2,Python,transcript_only,14,840,900,list,0.0467
v2,Python,transcript_only,14,840,900,nested loop,0.1219
v2,Python,transcript_only,14,840,900,index,0.0218
v2,Python,transcript_only,14,840,900,break,0.0878
v2,Python,transcript_only,14,840,900,continue,0.07
v3,Java,transcript_only,0,0,60,class,0.4059
v3,Java,transcript_only,0,0,60,object,0.3838
v3,Java,transcript_only,0,0,60,method,0.2745
v3,Java,transcript_only,0,0,60,interface,0.2424
v3,Java,transcript_only,0,0,60,implements,0.3525
v3,Java,transcript_only,0,0,60,extends,0.2926
v3,Java,transcript_only,0,0,60,inheritance,0.2692
v3,Java,transcript_only,0,0,60,abstract class,0.4413
v3,Java,transcript_only,0,0,60,abstract method,0.2712
v3,Java,transcript_only,1,60,120,class,0.4505
v3,Java,transcript_only,1,60,120,object,0.426
v3,Java,transcript_only,1,60,120,method,0.2885
v3,Java,transcript_only,1,60,120,interface,0.2539
v3,Java,transcript_only,1,60,120,implements,0.3857
v3,Java,transcript_only,1,60,120,extends,0.3263
v3,Java,transcript_only,1,60,120,inheritance,0.3003
v3,Java,transcript_only,1,60,120,abstract class,0.4842
v3,Java,transcript_only,1,60,120,abstract method,0.2837
v3,Java,transcript_only,2,120,180,class,0.5173
v3,Java,transcript_only,2,120,180,object,0.4967
v3,Java,transcript_only,2,120,180,method,0.3564
v3,Java,transcript_only,2,120,180,interface,0.3218
v3,Java,transcript_only,2,120,180,implements,0.4592
v3,Java,transcript_only,2,120,180,extends,0.3775
v3,Java,transcript_only,2,120,180,inheritance,0.3471
v3,Java,transcript_only,2,120,180,abstract class,0.5741
v3,Java,transcript_only,2,120,180,abstract method,0.3615
v3,Java,transcript_only,3,180,240,class,0.5174
v3,Java,transcript_only,3,180,240,object,0.4968
v3,Java,transcript_only,3,180,240,method,0.3565
v3,Java,transcript_only,3,180,240,interface,0.3219
v3,Java,transcript_only,3,180,240,implements,0.4593
v3,Java,transcript_only,3,180,240,extends,0.3776
v3,Java,transcript_only,3,180,240,inheritance,0.3472
v3,Java,transcript_only,3,180,240,abstract class,0.5743
v3,Java,transcript_only,3,180,240,abstract method,0.3616
v3,Java,transcript_only,4,240,300,class,0.5167
v3,Java,transcript_only,4,240,300,object,0.4961
v3,Java,transcript_only,4,240,300,method,0.356
v3,Java,transcript_only,4,240,300,interface,0.3214
v3,Java,transcript_only,4,240,300,implements,0.4587
v3,Java,transcript_only,4,240,300,extends,0.3771
v3,Java,transcript_only,4,240,300,inheritance,0.3467
v3,Java,transcript_only,4,240,300,abstract class,0.5735
v3,Java,transcript_only,4,240,300,abstract method,0.3611
v3,Java,transcript_only,5,300,360,class,0.5039
v3,Java,transcript_only,5,300,360,object,0.4825
v3,Java,transcript_only,5,300,360,method,0.343
v3,Java,transcript_only,5,300,360,interface,0.3085
v3,Java,transcript_only,5,300,360,implements,0.4446
v3,Java,transcript_only,5,300,360,extends,0.3672
v3,Java,transcript_only,5,300,360,inheritance,0.3377
v3,Java,transcript_only,5,300,360,abstract class,0.5562
v3,Java,transcript_only,5,300,360,abstract method,0.3462
v3,Java,transcript_only,6,360,420,class,0.3639
v3,Java,transcript_only,6,360,420,object,0.3403
v3,Java,transcript_only,6,360,420,method,0.2381
v3,Java,transcript_only,6,360,420,interface,0.2064
v3,Java,transcript_only,6,360,420,implements,0.3094
v3,Java,transcript_only,6,360,420,extends,0.2605
v3,Java,transcript_only,6,360,420,inheritance,0.2398
v3,Java,transcript_only,6,360,420,abstract class,0.3881
v3,Java,transcript_only,6,360,420,abstract method,0.2301
v3,Java,transcript_only,7,420,480,class,0.0408
v3,Java,transcript_only,7,420,480,object,0.019
v3,Java,transcript_only,7,420,480,method,0.0331
v3,Java,transcript_only,7,420,480,interface,0.0109
v3,Java,transcript_only,7,420,480,implements,0.0164
v3,Java,transcript_only,7,420,480,extends,0.0151
v3,Java,transcript_only,7,420,480,inheritance,0.0141
v3,Java,transcript_only,7,420,480,abstract class,0.0207
v3,Java,transcript_only,7,420,480,abstract method,0.0092
v4,SQL,transcript_only,0,0,60,select,0.2889
v4,SQL,transcript_only,0,0,60,where,0.126
v4,SQL,transcript_only,0,0,60,group by,0.3355
v4,SQL,transcript_only,0,0,60,having,0.0997
v4,SQL,transcript_only,0,0,60,count,0.1649
v4,SQL,transcript_only,0,0,60,aggregate function,0.1319
v4,SQL,transcript_only,0,0,60,join,0.1191
v4,SQL,transcript_only,0,0,60,inner join,0.1113
v4,SQL,transcript_only,0,0,60,left join,0.2054
v4,SQL,transcript_only,0,0,60,subquery,0.1363
v4,SQL,transcript_only,0,0,60,order by,0.2587
v4,SQL,transcript_only,1,60,120,select,0.3385
v4,SQL,transcript_only,1,60,120,where,0.1436
v4,SQL,transcript_only,1,60,120,group by,0.3887
v4,SQL,transcript_only,1,60,120,having,0.1174
v4,SQL,transcript_only,1,60,120,count,0.183
v4,SQL,transcript_only,1,60,120,aggregate function,0.1497
v4,SQL,transcript_only,1,60,120,join,0.1405
v4,SQL,transcript_only,1,60,120,inner join,0.1283
v4,SQL,transcript_only,1,60,120,left join,0.2409
v4,SQL,transcript_only,1,60,120,subquery,0.1513
v4,SQL,transcript_only,1,60,120,order by,0.2951
v4,SQL,transcript_only,2,120,180,select,0.3709
v4,SQL,transcript_only,2,120,180,where,0.1557
v4,SQL,transcript_only,2,120,180,group by,0.4248
v4,SQL,transcript_only,2,120,180,having,0.1288
v4,SQL,transcript_only,2,120,180,count,0.2
v4,SQL,transcript_only,2,120,180,aggregate function,0.1642
v4,SQL,transcript_only,2,120,180,join,0.1534
v4,SQL,transcript_only,2,120,180,inner join,0.1402
v4,SQL,transcript_only,2,120,180,left join,0.2643
v4,SQL,transcript_only,2,120,180,subquery,0.1628
v4,SQL,transcript_only,2,120,180,order by,0.322
v4,SQL,transcript_only,3,180,240,select,0.3705
v4,SQL,transcript_only,3,180,240,where,0.1556
v4,SQL,transcript_only,3,180,240,group by,0.4244
v4,SQL,transcript_only,3,180,240,having,0.1287
v4,SQL,transcript_only,3,180,240,count,0.1998
v4,SQL,transcript_only,3,180,240,aggregate function,0.164
v4,SQL,transcript_only,3,180,240,join,0.1533
v4,SQL,transcript_only,3,180,240,inner join,0.1401
v4,SQL,transcript_only,3,180,240,left join,0.2641
v4,SQL,transcript_only,3,180,240,subquery,0.1627
v4,SQL,transcript_only,3,180,240,order by,0.3217
v4,SQL,transcript_only,4,240,300,select,0.3628
v4,SQL,transcript_only,4,240,300,where,0.1527
v4,SQL,transcript_only,4,240,300,group by,0.4159
v4,SQL,transcript_only,4,240,300,having,0.126
v4,SQL,transcript_only,4,240,300,count,0.1959
v4,SQL,transcript_only,4,240,300,aggregate function,0.1607
v4,SQL,transcript_only,4,240,300,join,0.1502
v4,SQL,transcript_only,4,240,300,inner join,0.1373
v4,SQL,transcript_only,4,240,300,left join,0.2585
v4,SQL,transcript_only,4,240,300,subquery,0.16
v4,SQL,transcript_only,4,240,300,order by,0.3154
v4,SQL,transcript_only,5,300,360,select,0.3709
v4,SQL,transcript_only,5,300,360,where,0.1557
v4,SQL,transcript_only,5,300,360,group by,0.4248
v4,SQL,transcript_only,5,300,360,having,0.1288
v4,SQL,transcript_only,5,300,360,count,0.2
v4,SQL,transcript_only,5,300,360,aggregate function,0.1642
v4,SQL,transcript_only,5,300,360,join,0.1534
v4,SQL,transcript_only,5,300,360,inner join,0.1402
v4,SQL,transcript_only,5,300,360,left join,0.2644
v4,SQL,transcript_only,5,300,360,subquery,0.1628
v4,SQL,transcript_only,5,300,360,order by,0.322
v4,SQL,transcript_only,6,360,420,select,0.3702
v4,SQL,transcript_only,6,360,420,where,0.1555
v4,SQL,transcript_only,6,360,420,group by,0.4241
v4,SQL,transcript_only,6,360,420,having,0.1286
v4,SQL,transcript_only,6,360,420,count,0.1997
v4,SQL,transcript_only,6,360,420,aggregate function,0.1639
v4,SQL,transcript_only,6,360,420,join,0.1531
v4,SQL,transcript_only,6,360,420,inner join,0.14
v4,SQL,transcript_only,6,360,420,left join,0.2638
v4,SQL,transcript_only,6,360,420,subquery,0.1625
v4,SQL,transcript_only,6,360,420,order by,0.3214
v4,SQL,transcript_only,7,420,480,select,0.2484
v4,SQL,transcript_only,7,420,480,where,0.1234
v4,SQL,transcript_only,7,420,480,group by,0.3097
v4,SQL,transcript_only,7,420,480,having,0.086
v4,SQL,transcript_only,7,420,480,count,0.1518
v4,SQL,transcript_only,7,420,480,aggregate function,0.1213
v4,SQL,transcript_only,7,420,480,join,0.1035
v4,SQL,transcript_only,7,420,480,inner join,0.0984
v4,SQL,transcript_only,7,420,480,left join,0.1741
v4,SQL,transcript_only,7,420,480,subquery,0.1255
v4,SQL,transcript_only,7,420,480,order by,0.2442
v5,Java,transcript_only,0,0,60,class,0.5161
v5,Java,transcript_only,0,0,60,object,0.4955
v5,Java,transcript_only,0,0,60,method,0.3556
v5,Java,transcript_only,0,0,60,interface,0.321
v5,Java,transcript_only,0,0,60,implements,0.4581
v5,Java,transcript_only,0,0,60,extends,0.3766
v5,Java,transcript_only,0,0,60,inheritance,0.3463
v5,Java,transcript_only,0,0,60,abstract class,0.5727
v5,Java,transcript_only,0,0,60,abstract method,0.3606
v5,Java,transcript_only,1,60,120,class,0.5156
v5,Java,transcript_only,1,60,120,object,0.495
v5,Java,transcript_only,1,60,120,method,0.3553
v5,Java,transcript_only,1,60,120,interface,0.3207
v5,Java,transcript_only,1,60,120,implements,0.4577
v5,Java,transcript_only,1,60,120,extends,0.3762
v5,Java,transcript_only,1,60,120,inheritance,0.346
v5,Java,transcript_only,1,60,120,abstract class,0.5722
v5,Java,transcript_only,1,60,120,abstract method,0.3603
v5,Java,transcript_only,2,120,180,class,0.5164
v5,Java,transcript_only,2,120,180,object,0.4958
v5,Java,transcript_only,2,120,180,method,0.3558
v5,Java,transcript_only,2,120,180,interface,0.3212
v5,Java,transcript_only,2,120,180,implements,0.4584
v5,Java,transcript_only,2,120,180,extends,0.3768
v5,Java,transcript_only,2,120,180,inheritance,0.3465
v5,Java,transcript_only,2,120,180,abstract class,0.5731
v5,Java,transcript_only,2,120,180,abstract method,0.3608
v5,Java,transcript_only,3,180,240,class,0.5149
v5,Java,transcript_only,3,180,240,object,0.4944
v5,Java,transcript_only,3,180,240,method,0.3548
v5,Java,transcript_only,3,180,240,interface,0.3202
v5,Java,transcript_only,3,180,240,implements,0.457
v5,Java,transcript_only,3,180,240,extends,0.3757
v5,Java,transcript_only,3,180,240,inheritance,0.3455
v5,Java,transcript_only,3,180,240,abstract class,0.5714
v5,Java,transcript_only,3,180,240,abstract method,0.3597
v5,Java,transcript_only,4,240,300,class,0.5143
v5,Java,transcript_only,4,240,300,object,0.4938
v5,Java,transcript_only,4,240,300,method,0.3543
v5,Java,transcript_only,4,240,300,interface,0.3198
v5,Java,transcript_only,4,240,300,implements,0.4564
v5,Java,transcript_only,4,240,300,extends,0.3752
v5,Java,transcript_only,4,240,300,inheritance,0.3451
v5,Java,transcript_only,4,240,300,abstract class,0.5707
v5,Java,transcript_only,4,240,300,abstract method,0.3593
v5,Java,transcript_only,5,300,360,class,0.5155
v5,Java,transcript_only,5,300,360,object,0.4949
v5,Java,transcript_only,5,300,360,method,0.3551
v5,Java,transcript_only,5,300,360,interface,0.3206
v5,Java,transcript_only,5,300,360,implements,0.4575
v5,Java,transcript_only,5,300,360,extends,0.3761
v5,Java,transcript_only,5,300,360,inheritance,0.3459
v5,Java,transcript_only,5,300,360,abstract class,0.572
v5,Java,transcript_only,5,300,360,abstract method,0.3601
v5,Java,transcript_only,6,360,420,class,0.5078
v5,Java,transcript_only,6,360,420,object,0.4874
v5,Java,transcript_only,6,360,420,method,0.3498
v5,Java,transcript_only,6,360,420,interface,0.3154
v5,Java,transcript_only,6,360,420,implements,0.4504
v5,Java,transcript_only,6,360,420,extends,0.3704
v5,Java,transcript_only,6,360,420,inheritance,0.3406
v5,Java,transcript_only,6,360,420,abstract class,0.563
v5,Java,transcript_only,6,360,420,abstract method,0.3543
v6,SQL,transcript_only,0,0,60,select,0.3437
v6,SQL,transcript_only,0,0,60,where,0.1466
v6,SQL,transcript_only,0,0,60,group by,0.3962
v6,SQL,transcript_only,0,0,60,having,0.1193
v6,SQL,transcript_only,0,0,60,count,0.187
v6,SQL,transcript_only,0,0,60,aggregate function,0.153
v6,SQL,transcript_only,0,0,60,join,0.1425
v6,SQL,transcript_only,0,0,60,inner join,0.1305
v6,SQL,transcript_only,0,0,60,left join,0.2446
v6,SQL,transcript_only,0,0,60,subquery,0.1537
v6,SQL,transcript_only,0,0,60,order by,0.3013
v6,SQL,transcript_only,1,60,120,select,0.3585
v6,SQL,transcript_only,1,60,120,where,0.1524
v6,SQL,transcript_only,1,60,120,group by,0.4132
v6,SQL,transcript_only,1,60,120,having,0.1245
v6,SQL,transcript_only,1,60,120,count,0.1951
v6,SQL,transcript_only,1,60,120,aggregate function,0.1598
v6,SQL,transcript_only,1,60,120,join,0.1484
v6,SQL,transcript_only,1,60,120,inner join,0.136
v6,SQL,transcript_only,1,60,120,left join,0.2553
v6,SQL,transcript_only,1,60,120,subquery,0.159
v6,SQL,transcript_only,1,60,120,order by,0.3141
v6,SQL,transcript_only,2,120,180,select,0.37
v6,SQL,transcript_only,2,120,180,where,0.1554
v6,SQL,transcript_only,2,120,180,group by,0.4239
v6,SQL,transcript_only,2,120,180,having,0.1285
v6,SQL,transcript_only,2,120,180,count,0.1996
v6,SQL,transcript_only,2,120,180,aggregate function,0.1638
v6,SQL,transcript_only,2,120,180,join,0.153
v6,SQL,transcript_only,2,120,180,inner join,0.1399
v6,SQL,transcript_only,2,120,180,left join,0.2637
v6,SQL,transcript_only,2,120,180,subquery,0.1625
v6,SQL,transcript_only,2,120,180,order by,0.3213
v6,SQL,transcript_only,3,180,240,select,0.3694
v6,SQL,transcript_only,3,180,240,where,0.1552
v6,SQL,transcript_only,3,180,240,group by,0.4233
v6,SQL,transcript_only,3,180,240,having,0.1283
v6,SQL,transcript_only,3,180,240,count,0.1994
v6,SQL,transcript_only,3,180,240,aggregate function,0.1636
v6,SQL,transcript_only,3,180,240,join,0.1528
v6,SQL,transcript_only,3,180,240,inner join,0.1397
v6,SQL,transcript_only,3,180,240,left join,0.2633
v6,SQL,transcript_only,3,180,240,subquery,0.1623
v6,SQL,transcript_only,3,180,240,order by,0.3209
v6,SQL,transcript_only,4,240,300,select,0.3417
v6,SQL,transcript_only,4,240,300,where,0.1448
v6,SQL,transcript_only,4,240,300,group by,0.3923
v6,SQL,transcript_only,4,240,300,having,0.1185
v6,SQL,transcript_only,4,240,300,count,0.1847
v6,SQL,transcript_only,4,240,300,aggregate function,0.1512
v6,SQL,transcript_only,4,240,300,join,0.1418
v6,SQL,transcript_only,4,240,300,inner join,0.1295
v6,SQL,transcript_only,4,240,300,left join,0.2432
v6,SQL,transcript_only,4,240,300,subquery,0.1525
v6,SQL,transcript_only,4,240,300,order by,0.2978
v6,SQL,transcript_only,5,300,360,select,0.3574
v6,SQL,transcript_only,5,300,360,where,0.1507
v6,SQL,transcript_only,5,300,360,group by,0.4098
v6,SQL,transcript_only,5,300,360,having,0.1241
v6,SQL,transcript_only,5,300,360,count,0.193
v6,SQL,transcript_only,5,300,360,aggregate function,0.1582
v6,SQL,transcript_only,5,300,360,join,0.148
v6,SQL,transcript_only,5,300,360,inner join,0.1353
v6,SQL,transcript_only,5,300,360,left join,0.2546
v6,SQL,transcript_only,5,300,360,subquery,0.158
v6,SQL,transcript_only,5,300,360,order by,0.3108
v6,SQL,transcript_only,6,360,420,select,0.3152
v6,SQL,transcript_only,6,360,420,where,0.136
v6,SQL,transcript_only,6,360,420,group by,0.3644
v6,SQL,transcript_only,6,360,420,having,0.1092
v6,SQL,transcript_only,6,360,420,count,0.1721
v6,SQL,transcript_only,6,360,420,aggregate function,0.1403
v6,SQL,transcript_only,6,360,420,join,0.1311
v6,SQL,transcript_only,6,360,420,inner join,0.12
v6,SQL,transcript_only,6,360,420,left join,0.2238
v6,SQL,transcript_only,6,360,420,subquery,0.1436
v6,SQL,transcript_only,6,360,420,order by,0.2777
v6,SQL,transcript_only,7,420,480,select,0.1893
v6,SQL,transcript_only,7,420,480,where,0.088
v6,SQL,transcript_only,7,420,480,group by,0.223
v6,SQL,transcript_only,7,420,480,having,0.0646
v6,SQL,transcript_only,7,420,480,count,0.1059
v6,SQL,transcript_only,7,420,480,aggregate function,0.085
v6,SQL,transcript_only,7,420,480,join,0.0803
v6,SQL,transcript_only,7,420,480,inner join,0.0747
v6,SQL,transcript_only,7,420,480,left join,0.1324
v6,SQL,transcript_only,7,420,480,subquery,0.0989
v6,SQL,transcript_only,7,420,480,order by,0.173
v7,SQL,transcript_only,0,0,60,select,0.3691
v7,SQL,transcript_only,0,0,60,where,0.1551
v7,SQL,transcript_only,0,0,60,group by,0.4229
v7,SQL,transcript_only,0,0,60,having,0.1282
v7,SQL,transcript_only,0,0,60,count,0.1992
v7,SQL,transcript_only,0,0,60,aggregate function,0.1635
v7,SQL,transcript_only,0,0,60,join,0.1527
v7,SQL,transcript_only,0,0,60,inner join,0.1396
v7,SQL,transcript_only,0,0,60,left join,0.263
v7,SQL,transcript_only,0,0,60,subquery,0.1622
v7,SQL,transcript_only,0,0,60,order by,0.3206
v7,SQL,transcript_only,1,60,120,select,0.1855
v7,SQL,transcript_only,1,60,120,where,0.0816
v7,SQL,transcript_only,1,60,120,group by,0.2079
v7,SQL,transcript_only,1,60,120,having,0.0584
v7,SQL,transcript_only,1,60,120,count,0.1144
v7,SQL,transcript_only,1,60,120,aggregate function,0.0874
v7,SQL,transcript_only,1,60,120,join,0.0693
v7,SQL,transcript_only,1,60,120,inner join,0.069
v7,SQL,transcript_only,1,60,120,left join,0.12
v7,SQL,transcript_only,1,60,120,subquery,0.1046
v7,SQL,transcript_only,1,60,120,order by,0.1704
v7,SQL,transcript_only,2,120,180,select,0.3276
v7,SQL,transcript_only,2,120,180,where,0.1376
v7,SQL,transcript_only,2,120,180,group by,0.3723
v7,SQL,transcript_only,2,120,180,having,0.1119
v7,SQL,transcript_only,2,120,180,count,0.1787
v7,SQL,transcript_only,2,120,180,aggregate function,0.1455
v7,SQL,transcript_only,2,120,180,join,0.1331
v7,SQL,transcript_only,2,120,180,inner join,0.1228
v7,SQL,transcript_only,2,120,180,left join,0.2293
v7,SQL,transcript_only,2,120,180,subquery,0.1492
v7,SQL,transcript_only,2,120,180,order by,0.2853
v7,SQL,transcript_only,3,180,240,select,0.3693
v7,SQL,transcript_only,3,180,240,where,0.1552
v7,SQL,transcript_only,3,180,240,group by,0.4232
v7,SQL,transcript_only,3,180,240,having,0.1283
v7,SQL,transcript_only,3,180,240,count,0.1993
v7,SQL,transcript_only,3,180,240,aggregate function,0.1636
v7,SQL,transcript_only,3,180,240,join,0.1528
v7,SQL,transcript_only,3,180,240,inner join,0.1397
v7,SQL,transcript_only,3,180,240,left join,0.2632
v7,SQL,transcript_only,3,180,240,subquery,0.1622
v7,SQL,transcript_only,3,180,240,order by,0.3208
v7,SQL,transcript_only,4,240,300,select,0.2854
v7,SQL,transcript_only,4,240,300,where,0.1331
v7,SQL,transcript_only,4,240,300,group by,0.3444
v7,SQL,transcript_only,4,240,300,having,0.0989
v7,SQL,transcript_only,4,240,300,count,0.1663
v7,SQL,transcript_only,4,240,300,aggregate function,0.1343
v7,SQL,transcript_only,4,240,300,join,0.1186
v7,SQL,transcript_only,4,240,300,inner join,0.1111
v7,SQL,transcript_only,4,240,300,left join,0.2014
v7,SQL,transcript_only,4,240,300,subquery,0.1367
v7,SQL,transcript_only,4,240,300,order by,0.2676
v7,SQL,transcript_only,5,300,360,select,0.3692
v7,SQL,transcript_only,5,300,360,where,0.1551
v7,SQL,transcript_only,5,300,360,group by,0.4231
v7,SQL,transcript_only,5,300,360,having,0.1282
v7,SQL,transcript_only,5,300,360,count,0.1993
v7,SQL,transcript_only,5,300,360,aggregate function,0.1635
v7,SQL,transcript_only,5,300,360,join,0.1527
v7,SQL,transcript_only,5,300,360,inner join,0.1397
v7,SQL,transcript_only,5,300,360,left join,0.2631
v7,SQL,transcript_only,5,300,360,subquery,0.1622
v7,SQL,transcript_only,5,300,360,order by,0.3207
v7,SQL,transcript_only,6,360,420,select,0.3693
v7,SQL,transcript_only,6,360,420,where,0.1551
v7,SQL,transcript_only,6,360,420,group by,0.4231
v7,SQL,transcript_only,6,360,420,having,0.1283
v7,SQL,transcript_only,6,360,420,count,0.1993
v7,SQL,transcript_only,6,360,420,aggregate function,0.1636
v7,SQL,transcript_only,6,360,420,join,0.1528
v7,SQL,transcript_only,6,360,420,inner join,0.1397
v7,SQL,transcript_only,6,360,420,left join,0.2632
v7,SQL,transcript_only,6,360,420,subquery,0.1622
v7,SQL,transcript_only,6,360,420,order by,0.3207
v7,SQL,transcript_only,7,420,480,select,0.3702
v7,SQL,transcript_only,7,420,480,where,0.1555
v7,SQL,transcript_only,7,420,480,group by,0.4242
v7,SQL,transcript_only,7,420,480,having,0.1286
v7,SQL,transcript_only,7,420,480,count,0.1997
v7,SQL,transcript_only,7,420,480,aggregate function,0.1639
v7,SQL,transcript_only,7,420,480,join,0.1532
v7,SQL,transcript_only,7,420,480,inner join,0.14
v7,SQL,transcript_only,7,420,480,left join,0.2639
v7,SQL,transcript_only,7,420,480,subquery,0.1626
v7,SQL,transcript_only,7,420,480,order by,0.3215
v7,SQL,transcript_only,8,480,540,select,0.2405
v7,SQL,transcript_only,8,480,540,where,0.1161
v7,SQL,transcript_only,8,480,540,group by,0.2946
v7,SQL,transcript_only,8,480,540,having,0.0829
v7,SQL,transcript_only,8,480,540,count,0.1479
v7,SQL,transcript_only,8,480,540,aggregate function,0.117
v7,SQL,transcript_only,8,480,540,join,0.0994
v7,SQL,transcript_only,8,480,540,inner join,0.0955
v7,SQL,transcript_only,8,480,540,left join,0.1693
v7,SQL,transcript_only,8,480,540,subquery,0.1224
v7,SQL,transcript_only,8,480,540,order by,0.2326
v8,SQL,transcript_only,0,0,60,select,0.1424
v8,SQL,transcript_only,0,0,60,where,0.0843
v8,SQL,transcript_only,0,0,60,group by,0.1934
v8,SQL,transcript_only,0,0,60,having,0.0482
v8,SQL,transcript_only,0,0,60,count,0.109
v8,SQL,transcript_only,0,0,60,aggregate function,0.0808
v8,SQL,transcript_only,0,0,60,join,0.0584
v8,SQL,transcript_only,0,0,60,inner join,0.0614
v8,SQL,transcript_only,0,0,60,left join,0.0982
v8,SQL,transcript_only,0,0,60,subquery,0.0919
v8,SQL,transcript_only,0,0,60,order by,0.1627
v8,SQL,transcript_only,1,60,120,select,0.2354
v8,SQL,transcript_only,1,60,120,where,0.1059
v8,SQL,transcript_only,1,60,120,group by,0.2757
v8,SQL,transcript_only,1,60,120,having,0.0808
v8,SQL,transcript_only,1,60,120,count,0.1368
v8,SQL,transcript_only,1,60,120,aggregate function,0.108
v8,SQL,transcript_only,1,60,120,join,0.0976
v8,SQL,transcript_only,1,60,120,inner join,0.0917
v8,SQL,transcript_only,1,60,120,left join,0.1665
v8,SQL,transcript_only,1,60,120,subquery,0.1173
v8,SQL,transcript_only,1,60,120,order by,0.2143
v8,SQL,transcript_only,2,120,180,select,0.2427
v8,SQL,transcript_only,2,120,180,where,0.1196
v8,SQL,transcript_only,2,120,180,group by,0.3007
v8,SQL,transcript_only,2,120,180,having,0.0839
v8,SQL,transcript_only,2,120,180,count,0.1476
v8,SQL,transcript_only,2,120,180,aggregate function,0.1178
v8,SQL,transcript_only,2,120,180,join,0.1011
v8,SQL,transcript_only,2,120,180,inner join,0.096
v8,SQL,transcript_only,2,120,180,left join,0.1702
v8,SQL,transcript_only,2,120,180,subquery,0.123
v8,SQL,transcript_only,2,120,180,order by,0.2369
v8,SQL,transcript_only,3,180,240,select,0.355
v8,SQL,transcript_only,3,180,240,where,0.1498
v8,SQL,transcript_only,3,180,240,group by,0.4072
v8,SQL,transcript_only,3,180,240,having,0.1232
v8,SQL,transcript_only,3,180,240,count,0.1917
v8,SQL,transcript_only,3,180,240,aggregate function,0.1572
v8,SQL,transcript_only,3,180,240,join,0.1471
v8,SQL,transcript_only,3,180,240,inner join,0.1344
v8,SQL,transcript_only,3,180,240,left join,0.2529
v8,SQL,transcript_only,3,180,240,subquery,0.1572
v8,SQL,transcript_only,3,180,240,order by,0.3089
v8,SQL,transcript_only,4,240,300,select,0.2649
v8,SQL,transcript_only,4,240,300,where,0.1242
v8,SQL,transcript_only,4,240,300,group by,0.3189
v8,SQL,transcript_only,4,240,300,having,0.0908
v8,SQL,transcript_only,4,240,300,count,0.156
v8,SQL,transcript_only,4,240,300,aggregate function,0.1252
v8,SQL,transcript_only,4,240,300,join,0.1088
v8,SQL,transcript_only,4,240,300,inner join,0.1026
v8,SQL,transcript_only,4,240,300,left join,0.1845
v8,SQL,transcript_only,4,240,300,subquery,0.1303
v8,SQL,transcript_only,4,240,300,order by,0.2497
v8,SQL,transcript_only,5,300,360,select,0.3684
v8,SQL,transcript_only,5,300,360,where,0.1549
v8,SQL,transcript_only,5,300,360,group by,0.4222
v8,SQL,transcript_only,5,300,360,having,0.128
v8,SQL,transcript_only,5,300,360,count,0.1989
v8,SQL,transcript_only,5,300,360,aggregate function,0.1633
v8,SQL,transcript_only,5,300,360,join,0.1524
v8,SQL,transcript_only,5,300,360,inner join,0.1394
v8,SQL,transcript_only,5,300,360,left join,0.2626
v8,SQL,transcript_only,5,300,360,subquery,0.162
v8,SQL,transcript_only,5,300,360,order by,0.3201
v8,SQL,transcript_only,6,360,420,select,0.2783
v8,SQL,transcript_only,6,360,420,where,0.1174
v8,SQL,transcript_only,6,360,420,group by,0.3157
v8,SQL,transcript_only,6,360,420,having,0.0935
v8,SQL,transcript_only,6,360,420,count,0.1539
v8,SQL,transcript_only,6,360,420,aggregate function,0.1271
v8,SQL,transcript_only,6,360,420,join,0.1113
v8,SQL,transcript_only,6,360,420,inner join,0.1073
v8,SQL,transcript_only,6,360,420,left join,0.1918
v8,SQL,transcript_only,6,360,420,subquery,0.1322
v8,SQL,transcript_only,6,360,420,order by,0.2452
v8,SQL,transcript_only,7,420,480,select,0.2895
v8,SQL,transcript_only,7,420,480,where,0.1215
v8,SQL,transcript_only,7,420,480,group by,0.326
v8,SQL,transcript_only,7,420,480,having,0.0969
v8,SQL,transcript_only,7,420,480,count,0.1599
v8,SQL,transcript_only,7,420,480,aggregate function,0.1291
v8,SQL,transcript_only,7,420,480,join,0.1152
v8,SQL,transcript_only,7,420,480,inner join,0.1074
v8,SQL,transcript_only,7,420,480,left join,0.1984
v8,SQL,transcript_only,7,420,480,subquery,0.1373
v8,SQL,transcript_only,7,420,480,order by,0.2529
v8,SQL,transcript_only,8,480,540,select,0.2865
v8,SQL,transcript_only,8,480,540,where,0.1202
v8,SQL,transcript_only,8,480,540,group by,0.3221
v8,SQL,transcript_only,8,480,540,having,0.0957
v8,SQL,transcript_only,8,480,540,count,0.1584
v8,SQL,transcript_only,8,480,540,aggregate function,0.1277
v8,SQL,transcript_only,8,480,540,join,0.1138
v8,SQL,transcript_only,8,480,540,inner join,0.1061
v8,SQL,transcript_only,8,480,540,left join,0.1959
v8,SQL,transcript_only,8,480,540,subquery,0.1364
v8,SQL,transcript_only,8,480,540,order by,0.2502
v8,SQL,transcript_only,9,540,600,select,0.3568
v8,SQL,transcript_only,9,540,600,where,0.1507
v8,SQL,transcript_only,9,540,600,group by,0.4096
v8,SQL,transcript_only,9,540,600,having,0.1238
v8,SQL,transcript_only,9,540,600,count,0.1941
v8,SQL,transcript_only,9,540,600,aggregate function,0.1588
v8,SQL,transcript_only,9,540,600,join,0.1475
v8,SQL,transcript_only,9,540,600,inner join,0.1354
v8,SQL,transcript_only,9,540,600,left join,0.2542
v8,SQL,transcript_only,9,540,600,subquery,0.1582
v8,SQL,transcript_only,9,540,600,order by,0.3113
v8,SQL,transcript_only,10,600,660,select,0.2955
v8,SQL,transcript_only,10,600,660,where,0.1286
v8,SQL,transcript_only,10,600,660,group by,0.3433
v8,SQL,transcript_only,10,600,660,having,0.102
v8,SQL,transcript_only,10,600,660,count,0.1697
v8,SQL,transcript_only,10,600,660,aggregate function,0.1356
v8,SQL,transcript_only,10,600,660,join,0.1215
v8,SQL,transcript_only,10,600,660,inner join,0.114
v8,SQL,transcript_only,10,600,660,left join,0.2103
v8,SQL,transcript_only,10,600,660,subquery,0.139
v8,SQL,transcript_only,10,600,660,order by,0.2649
v8,SQL,transcript_only,11,660,720,select,0.3699
v8,SQL,transcript_only,11,660,720,where,0.1554
v8,SQL,transcript_only,11,660,720,group by,0.4238
v8,SQL,transcript_only,11,660,720,having,0.1285
v8,SQL,transcript_only,11,660,720,count,0.1996
v8,SQL,transcript_only,11,660,720,aggregate function,0.1638
v8,SQL,transcript_only,11,660,720,join,0.153
v8,SQL,transcript_only,11,660,720,inner join,0.1399
v8,SQL,transcript_only,11,660,720,left join,0.2637
v8,SQL,transcript_only,11,660,720,subquery,0.1625
v8,SQL,transcript_only,11,660,720,order by,0.3213
v8,SQL,transcript_only,12,720,780,select,0.3185
v8,SQL,transcript_only,12,720,780,where,0.1419
v8,SQL,transcript_only,12,720,780,group by,0.3756
v8,SQL,transcript_only,12,720,780,having,0.1105
v8,SQL,transcript_only,12,720,780,count,0.1794
v8,SQL,transcript_only,12,720,780,aggregate function,0.1458
v8,SQL,transcript_only,12,720,780,join,0.1321
v8,SQL,transcript_only,12,720,780,inner join,0.1223
v8,SQL,transcript_only,12,720,780,left join,0.2258
v8,SQL,transcript_only,12,720,780,subquery,0.1468
v8,SQL,transcript_only,12,720,780,order by,0.2887
v8,SQL,transcript_only,13,780,840,select,0.3585
v8,SQL,transcript_only,13,780,840,where,0.1511
v8,SQL,transcript_only,13,780,840,group by,0.4111
v8,SQL,transcript_only,13,780,840,having,0.1244
v8,SQL,transcript_only,13,780,840,count,0.1936
v8,SQL,transcript_only,13,780,840,aggregate function,0.1588
v8,SQL,transcript_only,13,780,840,join,0.1484
v8,SQL,transcript_only,13,780,840,inner join,0.1357
v8,SQL,transcript_only,13,780,840,left join,0.2553
v8,SQL,transcript_only,13,780,840,subquery,0.1584
v8,SQL,transcript_only,13,780,840,order by,0.3118
v8,SQL,transcript_only,14,840,900,select,0.3393
v8,SQL,transcript_only,14,840,900,where,0.1439
v8,SQL,transcript_only,14,840,900,group by,0.3896
v8,SQL,transcript_only,14,840,900,having,0.1177
v8,SQL,transcript_only,14,840,900,count,0.1835
v8,SQL,transcript_only,14,840,900,aggregate function,0.1501
v8,SQL,transcript_only,14,840,900,join,0.1408
v8,SQL,transcript_only,14,840,900,inner join,0.1286
v8,SQL,transcript_only,14,840,900,left join,0.2414
v8,SQL,transcript_only,14,840,900,subquery,0.1516
v8,SQL,transcript_only,14,840,900,order by,0.2958
v8,SQL,transcript_only,15,900,960,select,0.3446
v8,SQL,transcript_only,15,900,960,where,0.1459
v8,SQL,transcript_only,15,900,960,group by,0.3955
v8,SQL,transcript_only,15,900,960,having,0.1195
v8,SQL,transcript_only,15,900,960,count,0.1863
v8,SQL,transcript_only,15,900,960,aggregate function,0.1526
v8,SQL,transcript_only,15,900,960,join,0.1428
v8,SQL,transcript_only,15,900,960,inner join,0.1306
v8,SQL,transcript_only,15,900,960,left join,0.2452
v8,SQL,transcript_only,15,900,960,subquery,0.1535
v8,SQL,transcript_only,15,900,960,order by,0.3003
v8,SQL,transcript_only,16,960,1020,select,0.3417
v8,SQL,transcript_only,16,960,1020,where,0.1471
v8,SQL,transcript_only,16,960,1020,group by,0.396
v8,SQL,transcript_only,16,960,1020,having,0.1186
v8,SQL,transcript_only,16,960,1020,count,0.1875
v8,SQL,transcript_only,16,960,1020,aggregate function,0.1533
v8,SQL,transcript_only,16,960,1020,join,0.1416
v8,SQL,transcript_only,16,960,1020,inner join,0.1301
v8,SQL,transcript_only,16,960,1020,left join,0.2429
v8,SQL,transcript_only,16,960,1020,subquery,0.1535
v8,SQL,transcript_only,16,960,1020,order by,0.3019
v8,SQL,transcript_only,17,1020,1080,select,0.018
v8,SQL,transcript_only,17,1020,1080,where,0.0624
v8,SQL,transcript_only,17,1020,1080,group by,0.0927
v8,SQL,transcript_only,17,1020,1080,having,0.0054
v8,SQL,transcript_only,17,1020,1080,count,0.0607
v8,SQL,transcript_only,17,1020,1080,aggregate function,0.0407
v8,SQL,transcript_only,17,1020,1080,join,0.0095
v8,SQL,transcript_only,17,1020,1080,inner join,0.0199
v8,SQL,transcript_only,17,1020,1080,left join,0.0044
v8,SQL,transcript_only,17,1020,1080,subquery,0.0552
v8,SQL,transcript_only,17,1020,1080,order by,0.0974
v9,SQL,transcript_only,0,0,60,select,0.2657
v9,SQL,transcript_only,0,0,60,where,0.128
v9,SQL,transcript_only,0,0,60,group by,0.326
v9,SQL,transcript_only,0,0,60,having,0.0921
v9,SQL,transcript_only,0,0,60,count,0.1586
v9,SQL,transcript_only,0,0,60,aggregate function,0.1274
v9,SQL,transcript_only,0,0,60,join,0.1106
v9,SQL,transcript_only,0,0,60,inner join,0.1043
v9,SQL,transcript_only,0,0,60,left join,0.1869
v9,SQL,transcript_only,0,0,60,subquery,0.1308
v9,SQL,transcript_only,0,0,60,order by,0.2552
v9,SQL,transcript_only,1,60,120,select,0.1004
v9,SQL,transcript_only,1,60,120,where,0.0415
v9,SQL,transcript_only,1,60,120,group by,0.095
v9,SQL,transcript_only,1,60,120,having,0.0225
v9,SQL,transcript_only,1,60,120,count,0.0664
v9,SQL,transcript_only,1,60,120,aggregate function,0.047
v9,SQL,transcript_only,1,60,120,join,0.026
v9,SQL,transcript_only,1,60,120,inner join,0.0306
v9,SQL,transcript_only,1,60,120,left join,0.0446
v9,SQL,transcript_only,1,60,120,subquery,0.0783
v9,SQL,transcript_only,1,60,120,order by,0.0917
v9,SQL,transcript_only,2,120,180,select,0.3104
v9,SQL,transcript_only,2,120,180,where,0.1314
v9,SQL,transcript_only,2,120,180,group by,0.3533
v9,SQL,transcript_only,2,120,180,having,0.1054
v9,SQL,transcript_only,2,120,180,count,0.1709
v9,SQL,transcript_only,2,120,180,aggregate function,0.1386
v9,SQL,transcript_only,2,120,180,join,0.1254
v9,SQL,transcript_only,2,120,180,inner join,0.1162
v9,SQL,transcript_only,2,120,180,left join,0.2158
v9,SQL,transcript_only,2,120,180,subquery,0.144
v9,SQL,transcript_only,2,120,180,order by,0.2722
v9,SQL,transcript_only,3,180,240,select,0.3708
v9,SQL,transcript_only,3,180,240,where,0.1557
v9,SQL,transcript_only,3,180,240,group by,0.4248
v9,SQL,transcript_only,3,180,240,having,0.1288
v9,SQL,transcript_only,3,180,240,count,0.2
v9,SQL,transcript_only,3,180,240,aggregate function,0.1641
v9,SQL,transcript_only,3,180,240,join,0.1534
v9,SQL,transcript_only,3,180,240,inner join,0.1402
v9,SQL,transcript_only,3,180,240,left join,0.2643
v9,SQL,transcript_only,3,180,240,subquery,0.1628
v9,SQL,transcript_only,3,180,240,order by,0.322
v9,SQL,transcript_only,4,240,300,select,0.3706
v9,SQL,transcript_only,4,240,300,where,0.1556
v9,SQL,transcript_only,4,240,300,group by,0.4245
v9,SQL,transcript_only,4,240,300,having,0.1287
v9,SQL,transcript_only,4,240,300,count,0.1999
v9,SQL,transcript_only,4,240,300,aggregate function,0.164
v9,SQL,transcript_only,4,240,300,join,0.1533
v9,SQL,transcript_only,4,240,300,inner join,0.1401
v9,SQL,transcript_only,4,240,300,left join,0.2641
v9,SQL,transcript_only,4,240,300,subquery,0.1627
v9,SQL,transcript_only,4,240,300,order by,0.3217
v9,SQL,transcript_only,5,300,360,select,0.3705
v9,SQL,transcript_only,5,300,360,where,0.1556
v9,SQL,transcript_only,5,300,360,group by,0.4245
v9,SQL,transcript_only,5,300,360,having,0.1287
v9,SQL,transcript_only,5,300,360,count,0.1999
v9,SQL,transcript_only,5,300,360,aggregate function,0.164
v9,SQL,transcript_only,5,300,360,join,0.1533
v9,SQL,transcript_only,5,300,360,inner join,0.1401
v9,SQL,transcript_only,5,300,360,left join,0.2641
v9,SQL,transcript_only,5,300,360,subquery,0.1627
v9,SQL,transcript_only,5,300,360,order by,0.3217
v9,SQL,transcript_only,6,360,420,select,0.3704
v9,SQL,transcript_only,6,360,420,where,0.1556
v9,SQL,transcript_only,6,360,420,group by,0.4243
v9,SQL,transcript_only,6,360,420,having,0.1287
v9,SQL,transcript_only,6,360,420,count,0.1998
v9,SQL,transcript_only,6,360,420,aggregate function,0.164
v9,SQL,transcript_only,6,360,420,join,0.1532
v9,SQL,transcript_only,6,360,420,inner join,0.14
v9,SQL,transcript_only,6,360,420,left join,0.264
v9,SQL,transcript_only,6,360,420,subquery,0.1626
v9,SQL,transcript_only,6,360,420,order by,0.3216
v9,SQL,transcript_only,7,420,480,select,0.3702
v9,SQL,transcript_only,7,420,480,where,0.1555
v9,SQL,transcript_only,7,420,480,group by,0.4241
v9,SQL,transcript_only,7,420,480,having,0.1286
v9,SQL,transcript_only,7,420,480,count,0.1997
v9,SQL,transcript_only,7,420,480,aggregate function,0.1639
v9,SQL,transcript_only,7,420,480,join,0.1531
v9,SQL,transcript_only,7,420,480,inner join,0.14
v9,SQL,transcript_only,7,420,480,left join,0.2638
v9,SQL,transcript_only,7,420,480,subquery,0.1625
v9,SQL,transcript_only,7,420,480,order by,0.3214
v9,SQL,transcript_only,8,480,540,select,0.3707
v9,SQL,transcript_only,8,480,540,where,0.1557
v9,SQL,transcript_only,8,480,540,group by,0.4247
v9,SQL,transcript_only,8,480,540,having,0.1288
v9,SQL,transcript_only,8,480,540,count,0.2
v9,SQL,transcript_only,8,480,540,aggregate function,0.1641
v9,SQL,transcript_only,8,480,540,join,0.1534
v9,SQL,transcript_only,8,480,540,inner join,0.1402
v9,SQL,transcript_only,8,480,540,left join,0.2643
v9,SQL,transcript_only,8,480,540,subquery,0.1627
v9,SQL,transcript_only,8,480,540,order by,0.3219
v9,SQL,transcript_only,9,540,600,select,0.3706
v9,SQL,transcript_only,9,540,600,where,0.1556
v9,SQL,transcript_only,9,540,600,group by,0.4246
v9,SQL,transcript_only,9,540,600,having,0.1288
v9,SQL,transcript_only,9,540,600,count,0.1999
v9,SQL,transcript_only,9,540,600,aggregate function,0.1641
v9,SQL,transcript_only,9,540,600,join,0.1533
v9,SQL,transcript_only,9,540,600,inner join,0.1401
v9,SQL,transcript_only,9,540,600,left join,0.2642
v9,SQL,transcript_only,9,540,600,subquery,0.1627
v9,SQL,transcript_only,9,540,600,order by,0.3218
v9,SQL,transcript_only,10,600,660,select,0.3707
v9,SQL,transcript_only,10,600,660,where,0.1557
v9,SQL,transcript_only,10,600,660,group by,0.4246
v9,SQL,transcript_only,10,600,660,having,0.1288
v9,SQL,transcript_only,10,600,660,count,0.1999
v9,SQL,transcript_only,10,600,660,aggregate function,0.1641
v9,SQL,transcript_only,10,600,660,join,0.1533
v9,SQL,transcript_only,10,600,660,inner join,0.1401
v9,SQL,transcript_only,10,600,660,left join,0.2642
v9,SQL,transcript_only,10,600,660,subquery,0.1627
v9,SQL,transcript_only,10,600,660,order by,0.3218
v9,SQL,transcript_only,11,660,720,select,0.2479
v9,SQL,transcript_only,11,660,720,where,0.1231
v9,SQL,transcript_only,11,660,720,group by,0.309
v9,SQL,transcript_only,11,660,720,having,0.0858
v9,SQL,transcript_only,11,660,720,count,0.1514
v9,SQL,transcript_only,11,660,720,aggregate function,0.1211
v9,SQL,transcript_only,11,660,720,join,0.1033
v9,SQL,transcript_only,11,660,720,inner join,0.0983
v9,SQL,transcript_only,11,660,720,left join,0.1737
v9,SQL,transcript_only,11,660,720,subquery,0.1253
v9,SQL,transcript_only,11,660,720,order by,0.2436
v10,SQL,transcript_only,0,0,60,select,0.3177
v10,SQL,transcript_only,0,0,60,where,0.1401
v10,SQL,transcript_only,0,0,60,group by,0.3724
v10,SQL,transcript_only,0,0,60,having,0.1102
v10,SQL,transcript_only,0,0,60,count,0.1773
v10,SQL,transcript_only,0,0,60,aggregate function,0.1443
v10,SQL,transcript_only,0,0,60,join,0.1318
v10,SQL,transcript_only,0,0,60,inner join,0.1218
v10,SQL,transcript_only,0,0,60,left join,0.2253
v10,SQL,transcript_only,0,0,60,subquery,0.1459
v10,SQL,transcript_only,0,0,60,order by,0.2855
v10,SQL,transcript_only,1,60,120,select,0.3464
v10,SQL,transcript_only,1,60,120,where,0.1466
v10,SQL,transcript_only,1,60,120,group by,0.3975
v10,SQL,transcript_only,1,60,120,having,0.1202
v10,SQL,transcript_only,1,60,120,count,0.1872
v10,SQL,transcript_only,1,60,120,aggregate function,0.1533
v10,SQL,transcript_only,1,60,120,join,0.1436
v10,SQL,transcript_only,1,60,120,inner join,0.1312
v10,SQL,transcript_only,1,60,120,left join,0.2466
v10,SQL,transcript_only,1,60,120,subquery,0.1541
v10,SQL,transcript_only,1,60,120,order by,0.3017
v10,SQL,transcript_only,2,120,180,select,0.3231
v10,SQL,transcript_only,2,120,180,where,0.1378
v10,SQL,transcript_only,2,120,180,group by,0.3714
v10,SQL,transcript_only,2,120,180,having,0.1119
v10,SQL,transcript_only,2,120,180,count,0.1748
v10,SQL,transcript_only,2,120,180,aggregate function,0.1428
v10,SQL,transcript_only,2,120,180,join,0.1343
v10,SQL,transcript_only,2,120,180,inner join,0.1226
v10,SQL,transcript_only,2,120,180,left join,0.2296
v10,SQL,transcript_only,2,120,180,subquery,0.1459
v10,SQL,transcript_only,2,120,180,order by,0.2823
v10,SQL,transcript_only,3,180,240,select,0.2555
v10,SQL,transcript_only,3,180,240,where,0.1249
v10,SQL,transcript_only,3,180,240,group by,0.3157
v10,SQL,transcript_only,3,180,240,having,0.0885
v10,SQL,transcript_only,3,180,240,count,0.154
v10,SQL,transcript_only,3,180,240,aggregate function,0.1234
v10,SQL,transcript_only,3,180,240,join,0.1064
v10,SQL,transcript_only,3,180,240,inner join,0.1007
v10,SQL,transcript_only,3,180,240,left join,0.1794
v10,SQL,transcript_only,3,180,240,subquery,0.1275
v10,SQL,transcript_only,3,180,240,order by,0.2479
v10,SQL,transcript_only,4,240,300,select,0.2366
v10,SQL,transcript_only,4,240,300,where,0.1182
v10,SQL,transcript_only,4,240,300,group by,0.2952
v10,SQL,transcript_only,4,240,300,having,0.0818
v10,SQL,transcript_only,4,240,300,count,0.1446
v10,SQL,transcript_only,4,240,300,aggregate function,0.1153
v10,SQL,transcript_only,4,240,300,join,0.0988
v10,SQL,transcript_only,4,240,300,inner join,0.0938
v10,SQL,transcript_only,4,240,300,left join,0.1656
v10,SQL,transcript_only,4,240,300,subquery,0.121
v10,SQL,transcript_only,4,240,300,order by,0.233
v10,SQL,transcript_only,5,300,360,select,0.3213
v10,SQL,transcript_only,5,300,360,where,0.1372
v10,SQL,transcript_only,5,300,360,group by,0.3695
v10,SQL,transcript_only,5,300,360,having,0.1113
v10,SQL,transcript_only,5,300,360,count,0.174
v10,SQL,transcript_only,5,300,360,aggregate function,0.1422
v10,SQL,transcript_only,5,300,360,join,0.1335
v10,SQL,transcript_only,5,300,360,inner join,0.1221
v10,SQL,transcript_only,5,300,360,left join,0.2283
v10,SQL,transcript_only,5,300,360,subquery,0.1453
v10,SQL,transcript_only,5,300,360,order by,0.281
v10,SQL,transcript_only,6,360,420,select,0.2657
v10,SQL,transcript_only,6,360,420,where,0.1163
v10,SQL,transcript_only,6,360,420,group by,0.3072
v10,SQL,transcript_only,6,360,420,having,0.0917
v10,SQL,transcript_only,6,360,420,count,0.1446
v10,SQL,transcript_only,6,360,420,aggregate function,0.1172
v10,SQL,transcript_only,6,360,420,join,0.1113
v10,SQL,transcript_only,6,360,420,inner join,0.1015
v10,SQL,transcript_only,6,360,420,left join,0.1879
v10,SQL,transcript_only,6,360,420,subquery,0.1256
v10,SQL,transcript_only,6,360,420,order by,0.2346
v10,SQL,transcript_only,7,420,480,select,0.2299
v10,SQL,transcript_only,7,420,480,where,0.1022
v10,SQL,transcript_only,7,420,480,group by,0.2737
v10,SQL,transcript_only,7,420,480,having,0.0802
v10,SQL,transcript_only,7,420,480,count,0.1261
v10,SQL,transcript_only,7,420,480,aggregate function,0.1127
v10,SQL,transcript_only,7,420,480,join,0.0977
v10,SQL,transcript_only,7,420,480,inner join,0.1026
v10,SQL,transcript_only,7,420,480,left join,0.1658
v10,SQL,transcript_only,7,420,480,subquery,0.1092
v10,SQL,transcript_only,7,420,480,order by,0.2105
v10,SQL,transcript_only,8,480,540,select,0.1684
v10,SQL,transcript_only,8,480,540,where,0.0888
v10,SQL,transcript_only,8,480,540,group by,0.2219
v10,SQL,transcript_only,8,480,540,having,0.0591
v10,SQL,transcript_only,8,480,540,count,0.1053
v10,SQL,transcript_only,8,480,540,aggregate function,0.0961
v10,SQL,transcript_only,8,480,540,join,0.0726
v10,SQL,transcript_only,8,480,540,inner join,0.0853
v10,SQL,transcript_only,8,480,540,left join,0.121
v10,SQL,transcript_only,8,480,540,subquery,0.091
v10,SQL,transcript_only,8,480,540,order by,0.1776
v10,SQL,transcript_only,9,540,600,select,0.1666
v10,SQL,transcript_only,9,540,600,where,0.0974
v10,SQL,transcript_only,9,540,600,group by,0.2303
v10,SQL,transcript_only,9,540,600,having,0.058
v10,SQL,transcript_only,9,540,600,count,0.1148
v10,SQL,transcript_only,9,540,600,aggregate function,0.0962
v10,SQL,transcript_only,9,540,600,join,0.0709
v10,SQL,transcript_only,9,540,600,inner join,0.0783
v10,SQL,transcript_only,9,540,600,left join,0.1166
v10,SQL,transcript_only,9,540,600,subquery,0.0965
v10,SQL,transcript_only,9,540,600,order by,0.1885
v10,SQL,transcript_only,10,600,660,select,0.1218
v10,SQL,transcript_only,10,600,660,where,0.0758
v10,SQL,transcript_only,10,600,660,group by,0.1824
v10,SQL,transcript_only,10,600,660,having,0.0436
v10,SQL,transcript_only,10,600,660,count,0.0869
v10,SQL,transcript_only,10,600,660,aggregate function,0.0879
v10,SQL,transcript_only,10,600,660,join,0.0541
v10,SQL,transcript_only,10,600,660,inner join,0.0796
v10,SQL,transcript_only,10,600,660,left join,0.0894
v10,SQL,transcript_only,10,600,660,subquery,0.0741
v10,SQL,transcript_only,10,600,660,order by,0.1516
v10,SQL,transcript_only,11,660,720,select,0.1033
v10,SQL,transcript_only,11,660,720,where,0.0726
v10,SQL,transcript_only,11,660,720,group by,0.166
v10,SQL,transcript_only,11,660,720,having,0.037
v10,SQL,transcript_only,11,660,720,count,0.0813
v10,SQL,transcript_only,11,660,720,aggregate function,0.0802
v10,SQL,transcript_only,11,660,720,join,0.0463
v10,SQL,transcript_only,11,660,720,inner join,0.0705
v10,SQL,transcript_only,11,660,720,left join,0.0748
v10,SQL,transcript_only,11,660,720,subquery,0.07
v10,SQL,transcript_only,11,660,720,order by,0.1413
v10,SQL,transcript_only,12,720,780,select,0.0457
v10,SQL,transcript_only,12,720,780,where,0.0304
v10,SQL,transcript_only,12,720,780,group by,0.096
v10,SQL,transcript_only,12,720,780,having,0.0205
v10,SQL,transcript_only,12,720,780,count,0.0304
v10,SQL,transcript_only,12,720,780,aggregate function,0.0803
v10,SQL,transcript_only,12,720,780,join,0.027
v10,SQL,transcript_only,12,720,780,inner join,0.0966
v10,SQL,transcript_only,12,720,780,left join,0.0485
v10,SQL,transcript_only,12,720,780,subquery,0.0283
v10,SQL,transcript_only,12,720,780,order by,0.0817
v10,SQL,transcript_only,13,780,840,select,0.1381
v10,SQL,transcript_only,13,780,840,where,0.0748
v10,SQL,transcript_only,13,780,840,group by,0.1921
v10,SQL,transcript_only,13,780,840,having,0.0497
v10,SQL,transcript_only,13,780,840,count,0.0874
v10,SQL,transcript_only,13,780,840,aggregate function,0.0935
v10,SQL,transcript_only,13,780,840,join,0.0614
v10,SQL,transcript_only,13,780,840,inner join,0.0894
v10,SQL,transcript_only,13,780,840,left join,0.1034
v10,SQL,transcript_only,13,780,840,subquery,0.0755
v10,SQL,transcript_only,13,780,840,order by,0.1552
v10,SQL,transcript_only,14,840,900,select,0.2031
v10,SQL,transcript_only,14,840,900,where,0.092
v10,SQL,transcript_only,14,840,900,group by,0.2455
v10,SQL,transcript_only,14,840,900,having,0.0711
v10,SQL,transcript_only,14,840,900,count,0.112
v10,SQL,transcript_only,14,840,900,aggregate function,0.1038
v10,SQL,transcript_only,14,840,900,join,0.0872
v10,SQL,transcript_only,14,840,900,inner join,0.0965
v10,SQL,transcript_only,14,840,900,left join,0.1474
v10,SQL,transcript_only,14,840,900,subquery,0.0988
v10,SQL,transcript_only,14,840,900,order by,0.1897
v10,SQL,transcript_only,15,900,960,select,0.1751
v10,SQL,transcript_only,15,900,960,where,0.0809
v10,SQL,transcript_only,15,900,960,group by,0.2204
v10,SQL,transcript_only,15,900,960,having,0.0624
v10,SQL,transcript_only,15,900,960,count,0.0976
v10,SQL,transcript_only,15,900,960,aggregate function,0.1022
v10,SQL,transcript_only,15,900,960,join,0.0766
v10,SQL,transcript_only,15,900,960,inner join,0.0998
v10,SQL,transcript_only,15,900,960,left join,0.1306
v10,SQL,transcript_only,15,900,960,subquery,0.0854
v10,SQL,transcript_only,15,900,960,order by,0.1718
v10,SQL,transcript_only,16,960,1020,select,0.1866
v10,SQL,transcript_only,16,960,1020,where,0.0847
v10,SQL,transcript_only,16,960,1020,group by,0.2385
v10,SQL,transcript_only,16,960,1020,having,0.0674
v10,SQL,transcript_only,16,960,1020,count,0.104
v10,SQL,transcript_only,16,960,1020,aggregate function,0.1166
v10,SQL,transcript_only,16,960,1020,join,0.0818
v10,SQL,transcript_only,16,960,1020,inner join,0.1154
v10,SQL,transcript_only,16,960,1020,left join,0.142
v10,SQL,transcript_only,16,960,1020,subquery,0.0866
v10,SQL,transcript_only,16,960,1020,order by,0.1859
v10,SQL,transcript_only,17,1020,1080,select,0.1803
v10,SQL,transcript_only,17,1020,1080,where,0.0824
v10,SQL,transcript_only,17,1020,1080,group by,0.2319
v10,SQL,transcript_only,17,1020,1080,having,0.0652
v10,SQL,transcript_only,17,1020,1080,count,0.1008
v10,SQL,transcript_only,17,1020,1080,aggregate function,0.1146
v10,SQL,transcript_only,17,1020,1080,join,0.0793
v10,SQL,transcript_only,17,1020,1080,inner join,0.1141
v10,SQL,transcript_only,17,1020,1080,left join,0.1377
v10,SQL,transcript_only,17,1020,1080,subquery,0.0842
v10,SQL,transcript_only,17,1020,1080,order by,0.1811
v10,SQL,transcript_only,18,1080,1140,select,0.1339
v10,SQL,transcript_only,18,1080,1140,where,0.0644
v10,SQL,transcript_only,18,1080,1140,group by,0.1851
v10,SQL,transcript_only,18,1080,1140,having,0.0498
v10,SQL,transcript_only,18,1080,1140,count,0.0764
v10,SQL,transcript_only,18,1080,1140,aggregate function,0.103
v10,SQL,transcript_only,18,1080,1140,join,0.0613
v10,SQL,transcript_only,18,1080,1140,inner join,0.1084
v10,SQL,transcript_only,18,1080,1140,left join,0.107
v10,SQL,transcript_only,18,1080,1140,subquery,0.0648
v10,SQL,transcript_only,18,1080,1140,order by,0.1469
v10,SQL,transcript_only,19,1140,1200,select,0.0084
v10,SQL,transcript_only,19,1140,1200,where,0.0161
v10,SQL,transcript_only,19,1140,1200,group by,0.0583
v10,SQL,transcript_only,19,1140,1200,having,0.008
v10,SQL,transcript_only,19,1140,1200,count,0.011
v10,SQL,transcript_only,19,1140,1200,aggregate function,0.0706
v10,SQL,transcript_only,19,1140,1200,join,0.0125
v10,SQL,transcript_only,19,1140,1200,inner join,0.0915
v10,SQL,transcript_only,19,1140,1200,left join,0.0238
v10,SQL,transcript_only,19,1140,1200,subquery,0.0129
v10,SQL,transcript_only,19,1140,1200,order by,0.0542
v10,SQL,transcript_only,20,1200,1260,select,0.1343
v10,SQL,transcript_only,20,1200,1260,where,0.0796
v10,SQL,transcript_only,20,1200,1260,group by,0.1895
v10,SQL,transcript_only,20,1200,1260,having,0.0472
v10,SQL,transcript_only,20,1200,1260,count,0.0916
v10,SQL,transcript_only,20,1200,1260,aggregate function,0.084
v10,SQL,transcript_only,20,1200,1260,join,0.0587
v10,SQL,transcript_only,20,1200,1260,inner join,0.0736
v10,SQL,transcript_only,20,1200,1260,left join,0.0959
v10,SQL,transcript_only,20,1200,1260,subquery,0.0806
v10,SQL,transcript_only,20,1200,1260,order by,0.1556
v11,SQL,transcript_only,0,0,60,select,0.3704
v11,SQL,transcript_only,0,0,60,where,0.1556
v11,SQL,transcript_only,0,0,60,group by,0.4244
v11,SQL,transcript_only,0,0,60,having,0.1287
v11,SQL,transcript_only,0,0,60,count,0.1998
v11,SQL,transcript_only,0,0,60,aggregate function,0.164
v11,SQL,transcript_only,0,0,60,join,0.1532
v11,SQL,transcript_only,0,0,60,inner join,0.1401
v11,SQL,transcript_only,0,0,60,left join,0.264
v11,SQL,transcript_only,0,0,60,subquery,0.1626
v11,SQL,transcript_only,0,0,60,order by,0.3216
v11,SQL,transcript_only,1,60,120,select,0.3704
v11,SQL,transcript_only,1,60,120,where,0.1556
v11,SQL,transcript_only,1,60,120,group by,0.4243
v11,SQL,transcript_only,1,60,120,having,0.1287
v11,SQL,transcript_only,1,60,120,count,0.1998
v11,SQL,transcript_only,1,60,120,aggregate function,0.164
v11,SQL,transcript_only,1,60,120,join,0.1532
v11,SQL,transcript_only,1,60,120,inner join,0.14
v11,SQL,transcript_only,1,60,120,left join,0.264
v11,SQL,transcript_only,1,60,120,subquery,0.1626
v11,SQL,transcript_only,1,60,120,order by,0.3216
v11,SQL,transcript_only,2,120,180,select,0.3706
v11,SQL,transcript_only,2,120,180,where,0.1556
v11,SQL,transcript_only,2,120,180,group by,0.4246
v11,SQL,transcript_only,2,120,180,having,0.1287
v11,SQL,transcript_only,2,120,180,count,0.1999
v11,SQL,transcript_only,2,120,180,aggregate function,0.1641
v11,SQL,transcript_only,2,120,180,join,0.1533
v11,SQL,transcript_only,2,120,180,inner join,0.1401
v11,SQL,transcript_only,2,120,180,left join,0.2642
v11,SQL,transcript_only,2,120,180,subquery,0.1627
v11,SQL,transcript_only,2,120,180,order by,0.3218
v11,SQL,transcript_only,3,180,240,select,0.3703
v11,SQL,transcript_only,3,180,240,where,0.1555
v11,SQL,transcript_only,3,180,240,group by,0.4242
v11,SQL,transcript_only,3,180,240,having,0.1286
v11,SQL,transcript_only,3,180,240,count,0.1998
v11,SQL,transcript_only,3,180,240,aggregate function,0.1639
v11,SQL,transcript_only,3,180,240,join,0.1532
v11,SQL,transcript_only,3,180,240,inner join,0.14
v11,SQL,transcript_only,3,180,240,left join,0.2639
v11,SQL,transcript_only,3,180,240,subquery,0.1626
v11,SQL,transcript_only,3,180,240,order by,0.3215
v11,SQL,transcript_only,4,240,300,select,0.3704
v11,SQL,transcript_only,4,240,300,where,0.1556
v11,SQL,transcript_only,4,240,300,group by,0.4244
v11,SQL,transcript_only,4,240,300,having,0.1287
v11,SQL,transcript_only,4,240,300,count,0.1998
v11,SQL,transcript_only,4,240,300,aggregate function,0.164
v11,SQL,transcript_only,4,240,300,join,0.1532
v11,SQL,transcript_only,4,240,300,inner join,0.1401
v11,SQL,transcript_only,4,240,300,left join,0.264
v11,SQL,transcript_only,4,240,300,subquery,0.1626
v11,SQL,transcript_only,4,240,300,order by,0.3216
v11,SQL,transcript_only,5,300,360,select,0.3702
v11,SQL,transcript_only,5,300,360,where,0.1555
v11,SQL,transcript_only,5,300,360,group by,0.4242
v11,SQL,transcript_only,5,300,360,having,0.1286
v11,SQL,transcript_only,5,300,360,count,0.1997
v11,SQL,transcript_only,5,300,360,aggregate function,0.1639
v11,SQL,transcript_only,5,300,360,join,0.1532
v11,SQL,transcript_only,5,300,360,inner join,0.14
v11,SQL,transcript_only,5,300,360,left join,0.2639
v11,SQL,transcript_only,5,300,360,subquery,0.1626
v11,SQL,transcript_only,5,300,360,order by,0.3215
v11,SQL,transcript_only,6,360,420,select,0.3534
v11,SQL,transcript_only,6,360,420,where,0.1511
v11,SQL,transcript_only,6,360,420,group by,0.4084
v11,SQL,transcript_only,6,360,420,having,0.1227
v11,SQL,transcript_only,6,360,420,count,0.1931
v11,SQL,transcript_only,6,360,420,aggregate function,0.158
v11,SQL,transcript_only,6,360,420,join,0.1463
v11,SQL,transcript_only,6,360,420,inner join,0.1342
v11,SQL,transcript_only,6,360,420,left join,0.2515
v11,SQL,transcript_only,6,360,420,subquery,0.1574
v11,SQL,transcript_only,6,360,420,order by,0.3108
v11,SQL,transcript_only,7,420,480,select,0.3696
v11,SQL,transcript_only,7,420,480,where,0.1553
v11,SQL,transcript_only,7,420,480,group by,0.4235
v11,SQL,transcript_only,7,420,480,having,0.1284
v11,SQL,transcript_only,7,420,480,count,0.1994
v11,SQL,transcript_only,7,420,480,aggregate function,0.1637
v11,SQL,transcript_only,7,420,480,join,0.1529
v11,SQL,transcript_only,7,420,480,inner join,0.1398
v11,SQL,transcript_only,7,420,480,left join,0.2634
v11,SQL,transcript_only,7,420,480,subquery,0.1623
v11,SQL,transcript_only,7,420,480,order by,0.321
v11,SQL,transcript_only,8,480,540,select,0.3697
v11,SQL,transcript_only,8,480,540,where,0.1553
v11,SQL,transcript_only,8,480,540,group by,0.4235
v11,SQL,transcript_only,8,480,540,having,0.1284
v11,SQL,transcript_only,8,480,540,count,0.1995
v11,SQL,transcript_only,8,480,540,aggregate function,0.1637
v11,SQL,transcript_only,8,480,540,join,0.1529
v11,SQL,transcript_only,8,480,540,inner join,0.1398
v11,SQL,transcript_only,8,480,540,left join,0.2635
v11,SQL,transcript_only,8,480,540,subquery,0.1624
v11,SQL,transcript_only,8,480,540,order by,0.321
v11,SQL,transcript_only,9,540,600,select,0.2976
v11,SQL,transcript_only,9,540,600,where,0.1364
v11,SQL,transcript_only,9,540,600,group by,0.3559
v11,SQL,transcript_only,9,540,600,having,0.1032
v11,SQL,transcript_only,9,540,600,count,0.1711
v11,SQL,transcript_only,9,540,600,aggregate function,0.1385
v11,SQL,transcript_only,9,540,600,join,0.1236
v11,SQL,transcript_only,9,540,600,inner join,0.1152
v11,SQL,transcript_only,9,540,600,left join,0.2104
v11,SQL,transcript_only,9,540,600,subquery,0.1405
v11,SQL,transcript_only,9,540,600,order by,0.2754
v11,SQL,transcript_only,10,600,660,select,0.2948
v11,SQL,transcript_only,10,600,660,where,0.1356
v11,SQL,transcript_only,10,600,660,group by,0.3532
v11,SQL,transcript_only,10,600,660,having,0.1022
v11,SQL,transcript_only,10,600,660,count,0.17
v11,SQL,transcript_only,10,600,660,aggregate function,0.1375
v11,SQL,transcript_only,10,600,660,join,0.1224
v11,SQL,transcript_only,10,600,660,inner join,0.1143
v11,SQL,transcript_only,10,600,660,left join,0.2083
v11,SQL,transcript_only,10,600,660,subquery,0.1396
v11,SQL,transcript_only,10,600,660,order by,0.2736
v11,SQL,transcript_only,11,660,720,select,0.2991
v11,SQL,transcript_only,11,660,720,where,0.1299
v11,SQL,transcript_only,11,660,720,group by,0.348
v11,SQL,transcript_only,11,660,720,having,0.1033
v11,SQL,transcript_only,11,660,720,count,0.1665
v11,SQL,transcript_only,11,660,720,aggregate function,0.1375
v11,SQL,transcript_only,11,660,720,join,0.1235
v11,SQL,transcript_only,11,660,720,inner join,0.1174
v11,SQL,transcript_only,11,660,720,left join,0.212
v11,SQL,transcript_only,11,660,720,subquery,0.1383
v11,SQL,transcript_only,11,660,720,order by,0.2674
v12,SQL,transcript_only,0,0,60,select,0.3703
v12,SQL,transcript_only,0,0,60,where,0.1555
v12,SQL,transcript_only,0,0,60,group by,0.4242
v12,SQL,transcript_only,0,0,60,having,0.1286
v12,SQL,transcript_only,0,0,60,count,0.1998
v12,SQL,transcript_only,0,0,60,aggregate function,0.164
v12,SQL,transcript_only,0,0,60,join,0.1532
v12,SQL,transcript_only,0,0,60,inner join,0.14
v12,SQL,transcript_only,0,0,60,left join,0.264
v12,SQL,transcript_only,0,0,60,subquery,0.1626
v12,SQL,transcript_only,0,0,60,order by,0.3215
v12,SQL,transcript_only,1,60,120,select,0.3001
v12,SQL,transcript_only,1,60,120,where,0.134
v12,SQL,transcript_only,1,60,120,group by,0.3537
v12,SQL,transcript_only,1,60,120,having,0.1039
v12,SQL,transcript_only,1,60,120,count,0.1719
v12,SQL,transcript_only,1,60,120,aggregate function,0.1384
v12,SQL,transcript_only,1,60,120,join,0.124
v12,SQL,transcript_only,1,60,120,inner join,0.1158
v12,SQL,transcript_only,1,60,120,left join,0.2128
v12,SQL,transcript_only,1,60,120,subquery,0.1409
v12,SQL,transcript_only,1,60,120,order by,0.2731
v12,SQL,transcript_only,2,120,180,select,0.3709
v12,SQL,transcript_only,2,120,180,where,0.1557
v12,SQL,transcript_only,2,120,180,group by,0.4249
v12,SQL,transcript_only,2,120,180,having,0.1288
v12,SQL,transcript_only,2,120,180,count,0.2
v12,SQL,transcript_only,2,120,180,aggregate function,0.1642
v12,SQL,transcript_only,2,120,180,join,0.1534
v12,SQL,transcript_only,2,120,180,inner join,0.1402
v12,SQL,transcript_only,2,120,180,left join,0.2644
v12,SQL,transcript_only,2,120,180,subquery,0.1628
v12,SQL,transcript_only,2,120,180,order by,0.322
v12,SQL,transcript_only,3,180,240,select,0.3705
v12,SQL,transcript_only,3,180,240,where,0.1556
v12,SQL,transcript_only,3,180,240,group by,0.4244
v12,SQL,transcript_only,3,180,240,having,0.1287
v12,SQL,transcript_only,3,180,240,count,0.1998
v12,SQL,transcript_only,3,180,240,aggregate function,0.164
v12,SQL,transcript_only,3,180,240,join,0.1533
v12,SQL,transcript_only,3,180,240,inner join,0.1401
v12,SQL,transcript_only,3,180,240,left join,0.2641
v12,SQL,transcript_only,3,180,240,subquery,0.1627
v12,SQL,transcript_only,3,180,240,order by,0.3217
v12,SQL,transcript_only,4,240,300,select,0.3698
v12,SQL,transcript_only,4,240,300,where,0.1554
v12,SQL,transcript_only,4,240,300,group by,0.4238
v12,SQL,transcript_only,4,240,300,having,0.1285
v12,SQL,transcript_only,4,240,300,count,0.1996
v12,SQL,transcript_only,4,240,300,aggregate function,0.1638
v12,SQL,transcript_only,4,240,300,join,0.153
v12,SQL,transcript_only,4,240,300,inner join,0.1399
v12,SQL,transcript_only,4,240,300,left join,0.2636
v12,SQL,transcript_only,4,240,300,subquery,0.1624
v12,SQL,transcript_only,4,240,300,order by,0.3212
v12,SQL,transcript_only,5,300,360,select,0.3705
v12,SQL,transcript_only,5,300,360,where,0.1556
v12,SQL,transcript_only,5,300,360,group by,0.4244
v12,SQL,transcript_only,5,300,360,having,0.1287
v12,SQL,transcript_only,5,300,360,count,0.1998
v12,SQL,transcript_only,5,300,360,aggregate function,0.164
v12,SQL,transcript_only,5,300,360,join,0.1533
v12,SQL,transcript_only,5,300,360,inner join,0.1401
v12,SQL,transcript_only,5,300,360,left join,0.2641
v12,SQL,transcript_only,5,300,360,subquery,0.1627
v12,SQL,transcript_only,5,300,360,order by,0.3217
v12,SQL,transcript_only,6,360,420,select,0.314
v12,SQL,transcript_only,6,360,420,where,0.1338
v12,SQL,transcript_only,6,360,420,group by,0.3674
v12,SQL,transcript_only,6,360,420,having,0.1099
v12,SQL,transcript_only,6,360,420,count,0.1704
v12,SQL,transcript_only,6,360,420,aggregate function,0.1495
v12,SQL,transcript_only,6,360,420,join,0.1313
v12,SQL,transcript_only,6,360,420,inner join,0.1326
v12,SQL,transcript_only,6,360,420,left join,0.2266
v12,SQL,transcript_only,6,360,420,subquery,0.1393
v12,SQL,transcript_only,6,360,420,order by,0.28
v12,SQL,transcript_only,7,420,480,select,0.3702
v12,SQL,transcript_only,7,420,480,where,0.1555
v12,SQL,transcript_only,7,420,480,group by,0.4241
v12,SQL,transcript_only,7,420,480,having,0.1286
v12,SQL,transcript_only,7,420,480,count,0.1997
v12,SQL,transcript_only,7,420,480,aggregate function,0.1639
v12,SQL,transcript_only,7,420,480,join,0.1532
v12,SQL,transcript_only,7,420,480,inner join,0.14
v12,SQL,transcript_only,7,420,480,left join,0.2639
v12,SQL,transcript_only,7,420,480,subquery,0.1626
v12,SQL,transcript_only,7,420,480,order by,0.3215
v12,SQL,transcript_only,8,480,540,select,0.3703
v12,SQL,transcript_only,8,480,540,where,0.1555
v12,SQL,transcript_only,8,480,540,group by,0.4243
v12,SQL,transcript_only,8,480,540,having,0.1286
v12,SQL,transcript_only,8,480,540,count,0.1998
v12,SQL,transcript_only,8,480,540,aggregate function,0.164
v12,SQL,transcript_only,8,480,540,join,0.1532
v12,SQL,transcript_only,8,480,540,inner join,0.14
v12,SQL,transcript_only,8,480,540,left join,0.264
v12,SQL,transcript_only,8,480,540,subquery,0.1626
v12,SQL,transcript_only,8,480,540,order by,0.3216
v12,SQL,transcript_only,9,540,600,select,0.3705
v12,SQL,transcript_only,9,540,600,where,0.1556
v12,SQL,transcript_only,9,540,600,group by,0.4244
v12,SQL,transcript_only,9,540,600,having,0.1287
v12,SQL,transcript_only,9,540,600,count,0.1998
v12,SQL,transcript_only,9,540,600,aggregate function,0.164
v12,SQL,transcript_only,9,540,600,join,0.1533
v12,SQL,transcript_only,9,540,600,inner join,0.1401
v12,SQL,transcript_only,9,540,600,left join,0.2641
v12,SQL,transcript_only,9,540,600,subquery,0.1626
v12,SQL,transcript_only,9,540,600,order by,0.3217
v12,SQL,transcript_only,10,600,660,select,0.3703
v12,SQL,transcript_only,10,600,660,where,0.1555
v12,SQL,transcript_only,10,600,660,group by,0.4243
v12,SQL,transcript_only,10,600,660,having,0.1286
v12,SQL,transcript_only,10,600,660,count,0.1998
v12,SQL,transcript_only,10,600,660,aggregate function,0.164
v12,SQL,transcript_only,10,600,660,join,0.1532
v12,SQL,transcript_only,10,600,660,inner join,0.14
v12,SQL,transcript_only,10,600,660,left join,0.264
v12,SQL,transcript_only,10,600,660,subquery,0.1626
v12,SQL,transcript_only,10,600,660,order by,0.3216
v12,SQL,transcript_only,11,660,720,select,0.3703
v12,SQL,transcript_only,11,660,720,where,0.1555
v12,SQL,transcript_only,11,660,720,group by,0.4242
v12,SQL,transcript_only,11,660,720,having,0.1286
v12,SQL,transcript_only,11,660,720,count,0.1997
v12,SQL,transcript_only,11,660,720,aggregate function,0.1639
v12,SQL,transcript_only,11,660,720,join,0.1532
v12,SQL,transcript_only,11,660,720,inner join,0.14
v12,SQL,transcript_only,11,660,720,left join,0.2639
v12,SQL,transcript_only,11,660,720,subquery,0.1626
v12,SQL,transcript_only,11,660,720,order by,0.3215
v12,SQL,transcript_only,12,720,780,select,0.3686
v12,SQL,transcript_only,12,720,780,where,0.1549
v12,SQL,transcript_only,12,720,780,group by,0.4224
v12,SQL,transcript_only,12,720,780,having,0.128
v12,SQL,transcript_only,12,720,780,count,0.199
v12,SQL,transcript_only,12,720,780,aggregate function,0.1633
v12,SQL,transcript_only,12,720,780,join,0.1525
v12,SQL,transcript_only,12,720,780,inner join,0.1395
v12,SQL,transcript_only,12,720,780,left join,0.2627
v12,SQL,transcript_only,12,720,780,subquery,0.162
v12,SQL,transcript_only,12,720,780,order by,0.3202
v12,SQL,transcript_only,13,780,840,select,0.3702
v12,SQL,transcript_only,13,780,840,where,0.1555
v12,SQL,transcript_only,13,780,840,group by,0.4242
v12,SQL,transcript_only,13,780,840,having,0.1286
v12,SQL,transcript_only,13,780,840,count,0.1997
v12,SQL,transcript_only,13,780,840,aggregate function,0.1639
v12,SQL,transcript_only,13,780,840,join,0.1532
v12,SQL,transcript_only,13,780,840,inner join,0.14
v12,SQL,transcript_only,13,780,840,left join,0.2639
v12,SQL,transcript_only,13,780,840,subquery,0.1626
v12,SQL,transcript_only,13,780,840,order by,0.3215
v12,SQL,transcript_only,14,840,900,select,0.3703
v12,SQL,transcript_only,14,840,900,where,0.1555
v12,SQL,transcript_only,14,840,900,group by,0.4242
v12,SQL,transcript_only,14,840,900,having,0.1286
v12,SQL,transcript_only,14,840,900,count,0.1997
v12,SQL,transcript_only,14,840,900,aggregate function,0.1639
v12,SQL,transcript_only,14,840,900,join,0.1532
v12,SQL,transcript_only,14,840,900,inner join,0.14
v12,SQL,transcript_only,14,840,900,left join,0.2639
v12,SQL,transcript_only,14,840,900,subquery,0.1626
v12,SQL,transcript_only,14,840,900,order by,0.3215
v12,SQL,transcript_only,15,900,960,select,0.3703
v12,SQL,transcript_only,15,900,960,where,0.1555
v12,SQL,transcript_only,15,900,960,group by,0.4242
v12,SQL,transcript_only,15,900,960,having,0.1286
v12,SQL,transcript_only,15,900,960,count,0.1998
v12,SQL,transcript_only,15,900,960,aggregate function,0.1639
v12,SQL,transcript_only,15,900,960,join,0.1532
v12,SQL,transcript_only,15,900,960,inner join,0.14
v12,SQL,transcript_only,15,900,960,left join,0.2639
v12,SQL,transcript_only,15,900,960,subquery,0.1626
v12,SQL,transcript_only,15,900,960,order by,0.3215
v12,SQL,transcript_only,16,960,1020,select,0.3229
v12,SQL,transcript_only,16,960,1020,where,0.1369
v12,SQL,transcript_only,16,960,1020,group by,0.3694
v12,SQL,transcript_only,16,960,1020,having,0.1108
v12,SQL,transcript_only,16,960,1020,count,0.1783
v12,SQL,transcript_only,16,960,1020,aggregate function,0.1446
v12,SQL,transcript_only,16,960,1020,join,0.1319
v12,SQL,transcript_only,16,960,1020,inner join,0.1221
v12,SQL,transcript_only,16,960,1020,left join,0.2275
v12,SQL,transcript_only,16,960,1020,subquery,0.1477
v12,SQL,transcript_only,16,960,1020,order by,0.2833
v12,SQL,transcript_only,17,1020,1080,select,0.0266
v12,SQL,transcript_only,17,1020,1080,where,0.0607
v12,SQL,transcript_only,17,1020,1080,group by,0.0955
v12,SQL,transcript_only,17,1020,1080,having,0.0081
v12,SQL,transcript_only,17,1020,1080,count,0.0611
v12,SQL,transcript_only,17,1020,1080,aggregate function,0.0428
v12,SQL,transcript_only,17,1020,1080,join,0.0127
v12,SQL,transcript_only,17,1020,1080,inner join,0.0238
v12,SQL,transcript_only,17,1020,1080,left join,0.011
v12,SQL,transcript_only,17,1020,1080,subquery,0.0564
v12,SQL,transcript_only,17,1020,1080,order by,0.0978
v13,SQL,transcript_only,0,0,60,select,0.2171
v13,SQL,transcript_only,0,0,60,where,0.1115
v13,SQL,transcript_only,0,0,60,group by,0.2782
v13,SQL,transcript_only,0,0,60,having,0.0756
v13,SQL,transcript_only,0,0,60,count,0.1355
v13,SQL,transcript_only,0,0,60,aggregate function,0.1133
v13,SQL,transcript_only,0,0,60,join,0.0914
v13,SQL,transcript_only,0,0,60,inner join,0.0942
v13,SQL,transcript_only,0,0,60,left join,0.1534
v13,SQL,transcript_only,0,0,60,subquery,0.1126
v13,SQL,transcript_only,0,0,60,order by,0.2212
v13,SQL,transcript_only,1,60,120,select,0.24
v13,SQL,transcript_only,1,60,120,where,0.1053
v13,SQL,transcript_only,1,60,120,group by,0.2925
v13,SQL,transcript_only,1,60,120,having,0.0852
v13,SQL,transcript_only,1,60,120,count,0.1318
v13,SQL,transcript_only,1,60,120,aggregate function,0.1304
v13,SQL,transcript_only,1,60,120,join,0.1026
v13,SQL,transcript_only,1,60,120,inner join,0.1226
v13,SQL,transcript_only,1,60,120,left join,0.1775
v13,SQL,transcript_only,1,60,120,subquery,0.1087
v13,SQL,transcript_only,1,60,120,order by,0.2253
v13,SQL,transcript_only,2,120,180,select,0.2724
v13,SQL,transcript_only,2,120,180,where,0.1263
v13,SQL,transcript_only,2,120,180,group by,0.3272
v13,SQL,transcript_only,2,120,180,having,0.0942
v13,SQL,transcript_only,2,120,180,count,0.161
v13,SQL,transcript_only,2,120,180,aggregate function,0.1287
v13,SQL,transcript_only,2,120,180,join,0.1127
v13,SQL,transcript_only,2,120,180,inner join,0.1063
v13,SQL,transcript_only,2,120,180,left join,0.1925
v13,SQL,transcript_only,2,120,180,subquery,0.1324
v13,SQL,transcript_only,2,120,180,order by,0.2551
v13,SQL,transcript_only,3,180,240,select,0.3702
v13,SQL,transcript_only,3,180,240,where,0.1555
v13,SQL,transcript_only,3,180,240,group by,0.4242
v13,SQL,transcript_only,3,180,240,having,0.1286
v13,SQL,transcript_only,3,180,240,count,0.1997
v13,SQL,transcript_only,3,180,240,aggregate function,0.1639
v13,SQL,transcript_only,3,180,240,join,0.1532
v13,SQL,transcript_only,3,180,240,inner join,0.14
v13,SQL,transcript_only,3,180,240,left join,0.2639
v13,SQL,transcript_only,3,180,240,subquery,0.1626
v13,SQL,transcript_only,3,180,240,order by,0.3215
v13,SQL,transcript_only,4,240,300,select,0.3704
v13,SQL,transcript_only,4,240,300,where,0.1556
v13,SQL,transcript_only,4,240,300,group by,0.4243
v13,SQL,transcript_only,4,240,300,having,0.1287
v13,SQL,transcript_only,4,240,300,count,0.1998
v13,SQL,transcript_only,4,240,300,aggregate function,0.164
v13,SQL,transcript_only,4,240,300,join,0.1532
v13,SQL,transcript_only,4,240,300,inner join,0.14
v13,SQL,transcript_only,4,240,300,left join,0.264
v13,SQL,transcript_only,4,240,300,subquery,0.1626
v13,SQL,transcript_only,4,240,300,order by,0.3216
v13,SQL,transcript_only,5,300,360,select,0.3708
v13,SQL,transcript_only,5,300,360,where,0.1557
v13,SQL,transcript_only,5,300,360,group by,0.4248
v13,SQL,transcript_only,5,300,360,having,0.1288
v13,SQL,transcript_only,5,300,360,count,0.2
v13,SQL,transcript_only,5,300,360,aggregate function,0.1641
v13,SQL,transcript_only,5,300,360,join,0.1534
v13,SQL,transcript_only,5,300,360,inner join,0.1402
v13,SQL,transcript_only,5,300,360,left join,0.2643
v13,SQL,transcript_only,5,300,360,subquery,0.1628
v13,SQL,transcript_only,5,300,360,order by,0.3219
v13,SQL,transcript_only,6,360,420,select,0.3711
v13,SQL,transcript_only,6,360,420,where,0.1558
v13,SQL,transcript_only,6,360,420,group by,0.4251
v13,SQL,transcript_only,6,360,420,having,0.1289
v13,SQL,transcript_only,6,360,420,count,0.2001
v13,SQL,transcript_only,6,360,420,aggregate function,0.1642
v13,SQL,transcript_only,6,360,420,join,0.1535
v13,SQL,transcript_only,6,360,420,inner join,0.1403
v13,SQL,transcript_only,6,360,420,left join,0.2645
v13,SQL,transcript_only,6,360,420,subquery,0.1629
v13,SQL,transcript_only,6,360,420,order by,0.3222
v13,SQL,transcript_only,7,420,480,select,0.3706
v13,SQL,transcript_only,7,420,480,where,0.1556
v13,SQL,transcript_only,7,420,480,group by,0.4245
v13,SQL,transcript_only,7,420,480,having,0.1287
v13,SQL,transcript_only,7,420,480,count,0.1999
v13,SQL,transcript_only,7,420,480,aggregate function,0.1641
v13,SQL,transcript_only,7,420,480,join,0.1533
v13,SQL,transcript_only,7,420,480,inner join,0.1401
v13,SQL,transcript_only,7,420,480,left join,0.2642
v13,SQL,transcript_only,7,420,480,subquery,0.1627
v13,SQL,transcript_only,7,420,480,order by,0.3218
v13,SQL,transcript_only,8,480,540,select,0.3705
v13,SQL,transcript_only,8,480,540,where,0.1556
v13,SQL,transcript_only,8,480,540,group by,0.4244
v13,SQL,transcript_only,8,480,540,having,0.1287
v13,SQL,transcript_only,8,480,540,count,0.1998
v13,SQL,transcript_only,8,480,540,aggregate function,0.164
v13,SQL,transcript_only,8,480,540,join,0.1533
v13,SQL,transcript_only,8,480,540,inner join,0.1401
v13,SQL,transcript_only,8,480,540,left join,0.2641
v13,SQL,transcript_only,8,480,540,subquery,0.1626
v13,SQL,transcript_only,8,480,540,order by,0.3217
v13,SQL,transcript_only,9,540,600,select,0.3706
v13,SQL,transcript_only,9,540,600,where,0.1556
v13,SQL,transcript_only,9,540,600,group by,0.4246
v13,SQL,transcript_only,9,540,600,having,0.1287
v13,SQL,transcript_only,9,540,600,count,0.1999
v13,SQL,transcript_only,9,540,600,aggregate function,0.1641
v13,SQL,transcript_only,9,540,600,join,0.1533
v13,SQL,transcript_only,9,540,600,inner join,0.1401
v13,SQL,transcript_only,9,540,600,left join,0.2642
v13,SQL,transcript_only,9,540,600,subquery,0.1627
v13,SQL,transcript_only,9,540,600,order by,0.3218
v13,SQL,transcript_only,10,600,660,select,0.3708
v13,SQL,transcript_only,10,600,660,where,0.1557
v13,SQL,transcript_only,10,600,660,group by,0.4248
v13,SQL,transcript_only,10,600,660,having,0.1288
v13,SQL,transcript_only,10,600,660,count,0.2
v13,SQL,transcript_only,10,600,660,aggregate function,0.1641
v13,SQL,transcript_only,10,600,660,join,0.1534
v13,SQL,transcript_only,10,600,660,inner join,0.1402
v13,SQL,transcript_only,10,600,660,left join,0.2643
v13,SQL,transcript_only,10,600,660,subquery,0.1628
v13,SQL,transcript_only,10,600,660,order by,0.3219
v13,SQL,transcript_only,11,660,720,select,0.3703
v13,SQL,transcript_only,11,660,720,where,0.1555
v13,SQL,transcript_only,11,660,720,group by,0.4243
v13,SQL,transcript_only,11,660,720,having,0.1286
v13,SQL,transcript_only,11,660,720,count,0.1998
v13,SQL,transcript_only,11,660,720,aggregate function,0.164
v13,SQL,transcript_only,11,660,720,join,0.1532
v13,SQL,transcript_only,11,660,720,inner join,0.14
v13,SQL,transcript_only,11,660,720,left join,0.264
v13,SQL,transcript_only,11,660,720,subquery,0.1626
v13,SQL,transcript_only,11,660,720,order by,0.3216
v13,SQL,transcript_only,12,720,780,select,0.37
v13,SQL,transcript_only,12,720,780,where,0.1554
v13,SQL,transcript_only,12,720,780,group by,0.4239
v13,SQL,transcript_only,12,720,780,having,0.1285
v13,SQL,transcript_only,12,720,780,count,0.1996
v13,SQL,transcript_only,12,720,780,aggregate function,0.1638
v13,SQL,transcript_only,12,720,780,join,0.1531
v13,SQL,transcript_only,12,720,780,inner join,0.1399
v13,SQL,transcript_only,12,720,780,left join,0.2637
v13,SQL,transcript_only,12,720,780,subquery,0.1625
v13,SQL,transcript_only,12,720,780,order by,0.3213
v13,SQL,transcript_only,13,780,840,select,0.3581
v13,SQL,transcript_only,13,780,840,where,0.1511
v13,SQL,transcript_only,13,780,840,group by,0.411
v13,SQL,transcript_only,13,780,840,having,0.1243
v13,SQL,transcript_only,13,780,840,count,0.1949
v13,SQL,transcript_only,13,780,840,aggregate function,0.1593
v13,SQL,transcript_only,13,780,840,join,0.148
v13,SQL,transcript_only,13,780,840,inner join,0.1358
v13,SQL,transcript_only,13,780,840,left join,0.2552
v13,SQL,transcript_only,13,780,840,subquery,0.1587
v13,SQL,transcript_only,13,780,840,order by,0.3123
v13,SQL,transcript_only,14,840,900,select,0.3706
v13,SQL,transcript_only,14,840,900,where,0.1556
v13,SQL,transcript_only,14,840,900,group by,0.4246
v13,SQL,transcript_only,14,840,900,having,0.1287
v13,SQL,transcript_only,14,840,900,count,0.1999
v13,SQL,transcript_only,14,840,900,aggregate function,0.1641
v13,SQL,transcript_only,14,840,900,join,0.1533
v13,SQL,transcript_only,14,840,900,inner join,0.1401
v13,SQL,transcript_only,14,840,900,left join,0.2642
v13,SQL,transcript_only,14,840,900,subquery,0.1627
v13,SQL,transcript_only,14,840,900,order by,0.3218
v13,SQL,transcript_only,15,900,960,select,0.35
v13,SQL,transcript_only,15,900,960,where,0.1479
v13,SQL,transcript_only,15,900,960,group by,0.4015
v13,SQL,transcript_only,15,900,960,having,0.1214
v13,SQL,transcript_only,15,900,960,count,0.189
v13,SQL,transcript_only,15,900,960,aggregate function,0.1549
v13,SQL,transcript_only,15,900,960,join,0.145
v13,SQL,transcript_only,15,900,960,inner join,0.1325
v13,SQL,transcript_only,15,900,960,left join,0.2492
v13,SQL,transcript_only,15,900,960,subquery,0.1554
v13,SQL,transcript_only,15,900,960,order by,0.3046
v13,SQL,transcript_only,16,960,1020,select,0.1343
v13,SQL,transcript_only,16,960,1020,where,0.0934
v13,SQL,transcript_only,16,960,1020,group by,0.2026
v13,SQL,transcript_only,16,960,1020,having,0.0461
v13,SQL,transcript_only,16,960,1020,count,0.1068
v13,SQL,transcript_only,16,960,1020,aggregate function,0.0814
v13,SQL,transcript_only,16,960,1020,join,0.057
v13,SQL,transcript_only,16,960,1020,inner join,0.0595
v13,SQL,transcript_only,16,960,1020,left join,0.09
v13,SQL,transcript_only,16,960,1020,subquery,0.0908
v13,SQL,transcript_only,16,960,1020,order by,0.1718
v14,Python,transcript_only,0,0,60,for loop,0.2589
v14,Python,transcript_only,0,0,60,for,0.2199
v14,Python,transcript_only,0,0,60,iteration,0.016
v14,Python,transcript_only,0,0,60,range,0.1698
v14,Python,transcript_only,0,0,60,list,0.0585
v14,Python,transcript_only,0,0,60,nested loop,0.1348
v14,Python,transcript_only,0,0,60,index,0.0323
v14,Python,transcript_only,0,0,60,break,0.0875
v14,Python,transcript_only,0,0,60,continue,0.074
v14,Python,transcript_only,1,60,120,for loop,0.3048
v14,Python,transcript_only,1,60,120,for,0.2733
v14,Python,transcript_only,1,60,120,iteration,0.0308
v14,Python,transcript_only,1,60,120,range,0.2475
v14,Python,transcript_only,1,60,120,list,0.077
v14,Python,transcript_only,1,60,120,nested loop,0.1604
v14,Python,transcript_only,1,60,120,index,0.0167
v14,Python,transcript_only,1,60,120,break,0.1042
v14,Python,transcript_only,1,60,120,continue,0.0865
v14,Python,transcript_only,2,120,180,for loop,0.3047
v14,Python,transcript_only,2,120,180,for,0.2732
v14,Python,transcript_only,2,120,180,iteration,0.0308
v14,Python,transcript_only,2,120,180,range,0.2474
v14,Python,transcript_only,2,120,180,list,0.0769
v14,Python,transcript_only,2,120,180,nested loop,0.1603
v14,Python,transcript_only,2,120,180,index,0.0167
v14,Python,transcript_only,2,120,180,break,0.1041
v14,Python,transcript_only,2,120,180,continue,0.0865
v14,Python,transcript_only,3,180,240,for loop,0.2794
v14,Python,transcript_only,3,180,240,for,0.2373
v14,Python,transcript_only,3,180,240,iteration,0.0192
v14,Python,transcript_only,3,180,240,range,0.1912
v14,Python,transcript_only,3,180,240,list,0.0494
v14,Python,transcript_only,3,180,240,nested loop,0.1481
v14,Python,transcript_only,3,180,240,index,0.0194
v14,Python,transcript_only,3,180,240,break,0.0974
v14,Python,transcript_only,3,180,240,continue,0.0794
v14,Python,transcript_only,4,240,300,for loop,0.2728
v14,Python,transcript_only,4,240,300,for,0.2085
v14,Python,transcript_only,4,240,300,iteration,0.0141
v14,Python,transcript_only,4,240,300,range,0.1575
v14,Python,transcript_only,4,240,300,list,0.0472
v14,Python,transcript_only,4,240,300,nested loop,0.1731
v14,Python,transcript_only,4,240,300,index,0.0254
v14,Python,transcript_only,4,240,300,break,0.102
v14,Python,transcript_only,4,240,300,continue,0.0867
v14,Python,transcript_only,5,300,360,for loop,0.2502
v14,Python,transcript_only,5,300,360,for,0.2231
v14,Python,transcript_only,5,300,360,iteration,0.0169
v14,Python,transcript_only,5,300,360,range,0.1738
v14,Python,transcript_only,5,300,360,list,0.0669
v14,Python,transcript_only,5,300,360,nested loop,0.1167
v14,Python,transcript_only,5,300,360,index,0.0377
v14,Python,transcript_only,5,300,360,break,0.0796
v14,Python,transcript_only,5,300,360,continue,0.0679
v14,Python,transcript_only,6,360,420,for loop,0.2701
v14,Python,transcript_only,6,360,420,for,0.2418
v14,Python,transcript_only,6,360,420,iteration,0.0243
v14,Python,transcript_only,6,360,420,range,0.2069
v14,Python,transcript_only,6,360,420,list,0.0865
v14,Python,transcript_only,6,360,420,nested loop,0.1386
v14,Python,transcript_only,6,360,420,index,0.0363
v14,Python,transcript_only,6,360,420,break,0.0882
v14,Python,transcript_only,6,360,420,continue,0.0773
v14,Python,transcript_only,7,420,480,for loop,0.3074
v14,Python,transcript_only,7,420,480,for,0.2522
v14,Python,transcript_only,7,420,480,iteration,0.0264
v14,Python,transcript_only,7,420,480,range,0.2215
v14,Python,transcript_only,7,420,480,list,0.0658
v14,Python,transcript_only,7,420,480,nested loop,0.1897
v14,Python,transcript_only,7,420,480,index,0.0149
v14,Python,transcript_only,7,420,480,break,0.1134
v14,Python,transcript_only,7,420,480,continue,0.0955
v14,Python,transcript_only,8,480,540,for loop,0.2418
v14,Python,transcript_only,8,480,540,for,0.2183
v14,Python,transcript_only,8,480,540,iteration,0.0118
v14,Python,transcript_only,8,480,540,range,0.157
v14,Python,transcript_only,8,480,540,list,0.0329
v14,Python,transcript_only,8,480,540,nested loop,0.101
v14,Python,transcript_only,8,480,540,index,0.0237
v14,Python,transcript_only,8,480,540,break,0.0779
v14,Python,transcript_only,8,480,540,continue,0.0605
v14,Python,transcript_only,9,540,600,for loop,0.2183
v14,Python,transcript_only,9,540,600,for,0.1925
v14,Python,transcript_only,9,540,600,iteration,0.0009
v14,Python,transcript_only,9,540,600,range,0.1098
v14,Python,transcript_only,9,540,600,list,0.0072
v14,Python,transcript_only,9,540,600,nested loop,0.0713
v14,Python,transcript_only,9,540,600,index,0.0284
v14,Python,transcript_only,9,540,600,break,0.0667
v14,Python,transcript_only,9,540,600,continue,0.0485
v14,Python,transcript_only,10,600,660,for loop,0.2172
v14,Python,transcript_only,10,600,660,for,0.1906
v14,Python,transcript_only,10,600,660,iteration,0.0013
v14,Python,transcript_only,10,600,660,range,0.1097
v14,Python,transcript_only,10,600,660,list,0.009
v14,Python,transcript_only,10,600,660,nested loop,0.0746
v14,Python,transcript_only,10,600,660,index,0.0283
v14,Python,transcript_only,10,600,660,break,0.067
v14,Python,transcript_only,10,600,660,continue,0.0494
v15,Python,transcript_only,0,0,60,for loop,0.2737
v15,Python,transcript_only,0,0,60,for,0.2442
v15,Python,transcript_only,0,0,60,iteration,0.0201
v15,Python,transcript_only,0,0,60,range,0.198
v15,Python,transcript_only,0,0,60,list,0.0519
v15,Python,transcript_only,0,0,60,nested loop,0.1283
v15,Python,transcript_only,0,0,60,index,0.0209
v15,Python,transcript_only,0,0,60,break,0.0907
v15,Python,transcript_only,0,0,60,continue,0.0729
v15,Python,transcript_only,1,60,120,for loop,0.2299
v15,Python,transcript_only,1,60,120,for,0.2049
v15,Python,transcript_only,1,60,120,iteration,0.0144
v15,Python,transcript_only,1,60,120,range,0.1535
v15,Python,transcript_only,1,60,120,list,0.0817
v15,Python,transcript_only,1,60,120,nested loop,0.1071
v15,Python,transcript_only,1,60,120,index,0.053
v15,Python,transcript_only,1,60,120,break,0.07
v15,Python,transcript_only,1,60,120,continue,0.064
v15,Python,transcript_only,2,120,180,for loop,0.207
v15,Python,transcript_only,2,120,180,for,0.1846
v15,Python,transcript_only,2,120,180,iteration,0.0125
v15,Python,transcript_only,2,120,180,range,0.133
v15,Python,transcript_only,2,120,180,list,0.1043
v15,Python,transcript_only,2,120,180,nested loop,0.0987
v15,Python,transcript_only,2,120,180,index,0.0726
v15,Python,transcript_only,2,120,180,break,0.0591
v15,Python,transcript_only,2,120,180,continue,0.0604
v15,Python,transcript_only,3,180,240,for loop,0.2117
v15,Python,transcript_only,3,180,240,for,0.1878
v15,Python,transcript_only,3,180,240,iteration,0.0077
v15,Python,transcript_only,3,180,240,range,0.1234
v15,Python,transcript_only,3,180,240,list,0.064
v15,Python,transcript_only,3,180,240,nested loop,0.0874
v15,Python,transcript_only,3,180,240,index,0.0542
v15,Python,transcript_only,3,180,240,break,0.0622
v15,Python,transcript_only,3,180,240,continue,0.0555
v15,Python,transcript_only,4,240,300,for loop,0.2498
v15,Python,transcript_only,4,240,300,for,0.2227
v15,Python,transcript_only,4,240,300,iteration,0.0164
v15,Python,transcript_only,4,240,300,range,0.1722
v15,Python,transcript_only,4,240,300,list,0.0639
v15,Python,transcript_only,4,240,300,nested loop,0.1153
v15,Python,transcript_only,4,240,300,index,0.0367
v15,Python,transcript_only,4,240,300,break,0.0796
v15,Python,transcript_only,4,240,300,continue,0.0674
v15,Python,transcript_only,5,300,360,for loop,0.2671
v15,Python,transcript_only,5,300,360,for,0.2381
v15,Python,transcript_only,5,300,360,iteration,0.0178
v15,Python,transcript_only,5,300,360,range,0.1876
v15,Python,transcript_only,5,300,360,list,0.0467
v15,Python,transcript_only,5,300,360,nested loop,0.1218
v15,Python,transcript_only,5,300,360,index,0.0218
v15,Python,transcript_only,5,300,360,break,0.0879
v15,Python,transcript_only,5,300,360,continue,0.07
v15,Python,transcript_only,6,360,420,for loop,0.2611
v15,Python,transcript_only,6,360,420,for,0.2145
v15,Python,transcript_only,6,360,420,iteration,0.0165
v15,Python,transcript_only,6,360,420,range,0.1673
v15,Python,transcript_only,6,360,420,list,0.0663
v15,Python,transcript_only,6,360,420,nested loop,0.1495
v15,Python,transcript_only,6,360,420,index,0.0357
v15,Python,transcript_only,6,360,420,break,0.0908
v15,Python,transcript_only,6,360,420,continue,0.0792
v15,Python,transcript_only,7,420,480,for loop,0.3041
v15,Python,transcript_only,7,420,480,for,0.2726
v15,Python,transcript_only,7,420,480,iteration,0.0307
v15,Python,transcript_only,7,420,480,range,0.2467
v15,Python,transcript_only,7,420,480,list,0.0767
v15,Python,transcript_only,7,420,480,nested loop,0.1601
v15,Python,transcript_only,7,420,480,index,0.0168
v15,Python,transcript_only,7,420,480,break,0.104
v15,Python,transcript_only,7,420,480,continue,0.0864
v15,Python,transcript_only,8,480,540,for loop,0.2641
v15,Python,transcript_only,8,480,540,for,0.2352
v15,Python,transcript_only,8,480,540,iteration,0.0168
v15,Python,transcript_only,8,480,540,range,0.1828
v15,Python,transcript_only,8,480,540,list,0.0443
v15,Python,transcript_only,8,480,540,nested loop,0.1187
v15,Python,transcript_only,8,480,540,index,0.0222
v15,Python,transcript_only,8,480,540,break,0.0866
v15,Python,transcript_only,8,480,540,continue,0.0687
v15,Python,transcript_only,9,540,600,for loop,0.2173
v15,Python,transcript_only,9,540,600,for,0.1908
v15,Python,transcript_only,9,540,600,iteration,0.0013
v15,Python,transcript_only,9,540,600,range,0.1097
v15,Python,transcript_only,9,540,600,list,0.0088
v15,Python,transcript_only,9,540,600,nested loop,0.0741
v15,Python,transcript_only,9,540,600,index,0.0283
v15,Python,transcript_only,9,540,600,break,0.067
v15,Python,transcript_only,9,540,600,continue,0.0492
v16,Python,transcript_only,0,0,60,for loop,0.251
v16,Python,transcript_only,0,0,60,for,0.2245
v16,Python,transcript_only,0,0,60,iteration,0.0208
v16,Python,transcript_only,0,0,60,range,0.1846
v16,Python,transcript_only,0,0,60,list,0.0919
v16,Python,transcript_only,0,0,60,nested loop,0.1265
v16,Python,transcript_only,0,0,60,index,0.0473
v16,Python,transcript_only,0,0,60,break,0.0794
v16,Python,transcript_only,0,0,60,continue,0.0722
v16,Python,transcript_only,1,60,120,for loop,0.1997
v16,Python,transcript_only,1,60,120,for,0.1922
v16,Python,transcript_only,1,60,120,iteration,0.0133
v16,Python,transcript_only,1,60,120,range,0.1405
v16,Python,transcript_only,1,60,120,list,0.0708
v16,Python,transcript_only,1,60,120,nested loop,0.0934
v16,Python,transcript_only,1,60,120,index,0.0451
v16,Python,transcript_only,1,60,120,break,0.0616
v16,Python,transcript_only,1,60,120,continue,0.0553
v16,Python,transcript_only,2,120,180,for loop,0.1805
v16,Python,transcript_only,2,120,180,for,0.1732
v16,Python,transcript_only,2,120,180,iteration,0.0095
v16,Python,transcript_only,2,120,180,range,0.1163
v16,Python,transcript_only,2,120,180,list,0.0802
v16,Python,transcript_only,2,120,180,nested loop,0.0814
v16,Python,transcript_only,2,120,180,index,0.0596
v16,Python,transcript_only,2,120,180,break,0.0521
v16,Python,transcript_only,2,120,180,continue,0.0505
v16,Python,transcript_only,3,180,240,for loop,0.221
v16,Python,transcript_only,3,180,240,for,0.2082
v16,Python,transcript_only,3,180,240,iteration,0.0168
v16,Python,transcript_only,3,180,240,range,0.1617
v16,Python,transcript_only,3,180,240,list,0.0732
v16,Python,transcript_only,3,180,240,nested loop,0.107
v16,Python,transcript_only,3,180,240,index,0.0403
v16,Python,transcript_only,3,180,240,break,0.07
v16,Python,transcript_only,3,180,240,continue,0.0617
v16,Python,transcript_only,4,240,300,for loop,0.3042
v16,Python,transcript_only,4,240,300,for,0.2727
v16,Python,transcript_only,4,240,300,iteration,0.0307
v16,Python,transcript_only,4,240,300,range,0.2467
v16,Python,transcript_only,4,240,300,list,0.0768
v16,Python,transcript_only,4,240,300,nested loop,0.1601
v16,Python,transcript_only,4,240,300,index,0.0168
v16,Python,transcript_only,4,240,300,break,0.104
v16,Python,transcript_only,4,240,300,continue,0.0864
v16,Python,transcript_only,5,300,360,for loop,0.2578
v16,Python,transcript_only,5,300,360,for,0.2308
v16,Python,transcript_only,5,300,360,iteration,0.0206
v16,Python,transcript_only,5,300,360,range,0.1917
v16,Python,transcript_only,5,300,360,list,0.055
v16,Python,transcript_only,5,300,360,nested loop,0.1263
v16,Python,transcript_only,5,300,360,index,0.0198
v16,Python,transcript_only,5,300,360,break,0.0859
v16,Python,transcript_only,5,300,360,continue,0.0698
v17,Python,transcript_only,0,0,60,for loop,0.3045
v17,Python,transcript_only,0,0,60,for,0.273
v17,Python,transcript_only,0,0,60,iteration,0.0307
v17,Python,transcript_only,0,0,60,range,0.2472
v17,Python,transcript_only,0,0,60,list,0.0769
v17,Python,transcript_only,0,0,60,nested loop,0.1603
v17,Python,transcript_only,0,0,60,index,0.0167
v17,Python,transcript_only,0,0,60,break,0.1041
v17,Python,transcript_only,0,0,60,continue,0.0865
v17,Python,transcript_only,1,60,120,for loop,0.3045
v17,Python,transcript_only,1,60,120,for,0.273
v17,Python,transcript_only,1,60,120,iteration,0.0307
v17,Python,transcript_only,1,60,120,range,0.2471
v17,Python,transcript_only,1,60,120,list,0.0769
v17,Python,transcript_only,1,60,120,nested loop,0.1603
v17,Python,transcript_only,1,60,120,index,0.0167
v17,Python,transcript_only,1,60,120,break,0.1041
v17,Python,transcript_only,1,60,120,continue,0.0865
v17,Python,transcript_only,2,120,180,for loop,0.3045
v17,Python,transcript_only,2,120,180,for,0.2731
v17,Python,transcript_only,2,120,180,iteration,0.0307
v17,Python,transcript_only,2,120,180,range,0.2472
v17,Python,transcript_only,2,120,180,list,0.0769
v17,Python,transcript_only,2,120,180,nested loop,0.1603
v17,Python,transcript_only,2,120,180,index,0.0167
v17,Python,transcript_only,2,120,180,break,0.1041
v17,Python,transcript_only,2,120,180,continue,0.0865
v17,Python,transcript_only,3,180,240,for loop,0.3047
v17,Python,transcript_only,3,180,240,for,0.2732
v17,Python,transcript_only,3,180,240,iteration,0.0308
v17,Python,transcript_only,3,180,240,range,0.2474
v17,Python,transcript_only,3,180,240,list,0.077
v17,Python,transcript_only,3,180,240,nested loop,0.1603
v17,Python,transcript_only,3,180,240,index,0.0167
v17,Python,transcript_only,3,180,240,break,0.1041
v17,Python,transcript_only,3,180,240,continue,0.0865
v17,Python,transcript_only,4,240,300,for loop,0.2851
v17,Python,transcript_only,4,240,300,for,0.2549
v17,Python,transcript_only,4,240,300,iteration,0.024
v17,Python,transcript_only,4,240,300,range,0.2162
v17,Python,transcript_only,4,240,300,list,0.0612
v17,Python,transcript_only,4,240,300,nested loop,0.1402
v17,Python,transcript_only,4,240,300,index,0.0194
v17,Python,transcript_only,4,240,300,break,0.0957
v17,Python,transcript_only,4,240,300,continue,0.0779
v17,Python,transcript_only,5,300,360,for loop,0.2142
v17,Python,transcript_only,5,300,360,for,0.1891
v17,Python,transcript_only,5,300,360,iteration,0.0048
v17,Python,transcript_only,5,300,360,range,0.1171
v17,Python,transcript_only,5,300,360,list,0.0388
v17,Python,transcript_only,5,300,360,nested loop,0.0814
v17,Python,transcript_only,5,300,360,index,0.0424
v17,Python,transcript_only,5,300,360,break,0.0644
v17,Python,transcript_only,5,300,360,continue,0.0527
v18,Python,transcript_only,0,0,60,for loop,0.2006
v18,Python,transcript_only,0,0,60,for,0.1801
v18,Python,transcript_only,0,0,60,iteration,0.0139
v18,Python,transcript_only,0,0,60,range,0.137
v18,Python,transcript_only,0,0,60,list,0.089
v18,Python,transcript_only,0,0,60,nested loop,0.0994
v18,Python,transcript_only,0,0,60,index,0.056
v18,Python,transcript_only,0,0,60,break,0.0598
v18,Python,transcript_only,0,0,60,continue,0.0578
v18,Python,transcript_only,1,60,120,for loop,0.2481
v18,Python,transcript_only,1,60,120,for,0.2203
v18,Python,transcript_only,1,60,120,iteration,0.0112
v18,Python,transcript_only,1,60,120,range,0.1573
v18,Python,transcript_only,1,60,120,list,0.0313
v18,Python,transcript_only,1,60,120,nested loop,0.1021
v18,Python,transcript_only,1,60,120,index,0.0244
v18,Python,transcript_only,1,60,120,break,0.0796
v18,Python,transcript_only,1,60,120,continue,0.0617
v18,Python,transcript_only,2,120,180,for loop,0.207
v18,Python,transcript_only,2,120,180,for,0.1845
v18,Python,transcript_only,2,120,180,iteration,0.0125
v18,Python,transcript_only,2,120,180,range,0.133
v18,Python,transcript_only,2,120,180,list,0.1041
v18,Python,transcript_only,2,120,180,nested loop,0.0987
v18,Python,transcript_only,2,120,180,index,0.0724
v18,Python,transcript_only,2,120,180,break,0.0591
v18,Python,transcript_only,2,120,180,continue,0.0604
v18,Python,transcript_only,3,180,240,for loop,0.2244
v18,Python,transcript_only,3,180,240,for,0.2003
v18,Python,transcript_only,3,180,240,iteration,0.0158
v18,Python,transcript_only,3,180,240,range,0.1533
v18,Python,transcript_only,3,180,240,list,0.099
v18,Python,transcript_only,3,180,240,nested loop,0.1098
v18,Python,transcript_only,3,180,240,index,0.0623
v18,Python,transcript_only,3,180,240,break,0.0672
v18,Python,transcript_only,3,180,240,continue,0.0651
v18,Python,transcript_only,4,240,300,for loop,0.2069
v18,Python,transcript_only,4,240,300,for,0.1844
v18,Python,transcript_only,4,240,300,iteration,0.0125
v18,Python,transcript_only,4,240,300,range,0.1329
v18,Python,transcript_only,4,240,300,list,0.1039
v18,Python,transcript_only,4,240,300,nested loop,0.0988
v18,Python,transcript_only,4,240,300,index,0.0723
v18,Python,transcript_only,4,240,300,break,0.0592
v18,Python,transcript_only,4,240,300,continue,0.0604
v18,Python,transcript_only,5,300,360,for loop,0.207
v18,Python,transcript_only,5,300,360,for,0.1845
v18,Python,transcript_only,5,300,360,iteration,0.0125
v18,Python,transcript_only,5,300,360,range,0.133
v18,Python,transcript_only,5,300,360,list,0.1041
v18,Python,transcript_only,5,300,360,nested loop,0.0987
v18,Python,transcript_only,5,300,360,index,0.0724
v18,Python,transcript_only,5,300,360,break,0.0591
v18,Python,transcript_only,5,300,360,continue,0.0604
v18,Python,transcript_only,6,360,420,for loop,0.1635
v18,Python,transcript_only,6,360,420,for,0.1473
v18,Python,transcript_only,6,360,420,iteration,0.0093
v18,Python,transcript_only,6,360,420,range,0.1037
v18,Python,transcript_only,6,360,420,list,0.0824
v18,Python,transcript_only,6,360,420,nested loop,0.0808
v18,Python,transcript_only,6,360,420,index,0.0576
v18,Python,transcript_only,6,360,420,break,0.0464
v18,Python,transcript_only,6,360,420,continue,0.047
v19,Python,transcript_only,0,0,60,for loop,0.2321
v19,Python,transcript_only,0,0,60,for,0.2054
v19,Python,transcript_only,0,0,60,iteration,0.0057
v19,Python,transcript_only,0,0,60,range,0.1317
v19,Python,transcript_only,0,0,60,list,0.0183
v19,Python,transcript_only,0,0,60,nested loop,0.0854
v19,Python,transcript_only,0,0,60,index,0.0265
v19,Python,transcript_only,0,0,60,break,0.0726
v19,Python,transcript_only,0,0,60,continue,0.0546
v19,Python,transcript_only,1,60,120,for loop,0.2627
v19,Python,transcript_only,1,60,120,for,0.1639
v19,Python,transcript_only,1,60,120,iteration,0.0039
v19,Python,transcript_only,1,60,120,range,0.0995
v19,Python,transcript_only,1,60,120,list,0.0287
v19,Python,transcript_only,1,60,120,nested loop,0.2061
v19,Python,transcript_only,1,60,120,index,0.0288
v19,Python,transcript_only,1,60,120,break,0.1096
v19,Python,transcript_only,1,60,120,continue,0.0955
v19,Python,transcript_only,2,120,180,for loop,0.228
v19,Python,transcript_only,2,120,180,for,0.1837
v19,Python,transcript_only,2,120,180,iteration,0.0037
v19,Python,transcript_only,2,120,180,range,0.1111
v19,Python,transcript_only,2,120,180,list,0.0295
v19,Python,transcript_only,2,120,180,nested loop,0.1112
v19,Python,transcript_only,2,120,180,index,0.0361
v19,Python,transcript_only,2,120,180,break,0.0766
v19,Python,transcript_only,2,120,180,continue,0.0629
v19,Python,transcript_only,3,180,240,for loop,0.231
v19,Python,transcript_only,3,180,240,for,0.1799
v19,Python,transcript_only,3,180,240,iteration,0.0054
v19,Python,transcript_only,3,180,240,range,0.113
v19,Python,transcript_only,3,180,240,list,0.0437
v19,Python,transcript_only,3,180,240,nested loop,0.128
v19,Python,transcript_only,3,180,240,index,0.0416
v19,Python,transcript_only,3,180,240,break,0.0799
v19,Python,transcript_only,3,180,240,continue,0.069
v19,Python,transcript_only,4,240,300,for loop,0.2147
v19,Python,transcript_only,4,240,300,for,0.19
v19,Python,transcript_only,4,240,300,iteration,0.0046
v19,Python,transcript_only,4,240,300,range,0.1172
v19,Python,transcript_only,4,240,300,list,0.0382
v19,Python,transcript_only,4,240,300,nested loop,0.08
v19,Python,transcript_only,4,240,300,index,0.0426
v19,Python,transcript_only,4,240,300,break,0.0642
v19,Python,transcript_only,4,240,300,continue,0.0523
v19,Python,transcript_only,5,300,360,for loop,0.207
v19,Python,transcript_only,5,300,360,for,0.1846
v19,Python,transcript_only,5,300,360,iteration,0.0125
v19,Python,transcript_only,5,300,360,range,0.1331
v19,Python,transcript_only,5,300,360,list,0.1044
v19,Python,transcript_only,5,300,360,nested loop,0.0986
v19,Python,transcript_only,5,300,360,index,0.0727
v19,Python,transcript_only,5,300,360,break,0.0591
v19,Python,transcript_only,5,300,360,continue,0.0604
v19,Python,transcript_only,6,360,420,for loop,0.207
v19,Python,transcript_only,6,360,420,for,0.1846
v19,Python,transcript_only,6,360,420,iteration,0.0125
v19,Python,transcript_only,6,360,420,range,0.1331
v19,Python,transcript_only,6,360,420,list,0.1045
v19,Python,transcript_only,6,360,420,nested loop,0.0986
v19,Python,transcript_only,6,360,420,index,0.0727
v19,Python,transcript_only,6,360,420,break,0.059
v19,Python,transcript_only,6,360,420,continue,0.0604
v19,Python,transcript_only,7,420,480,for loop,0.207
v19,Python,transcript_only,7,420,480,for,0.1846
v19,Python,transcript_only,7,420,480,iteration,0.0125
v19,Python,transcript_only,7,420,480,range,0.133
v19,Python,transcript_only,7,420,480,list,0.1043
v19,Python,transcript_only,7,420,480,nested loop,0.0987
v19,Python,transcript_only,7,420,480,index,0.0726
v19,Python,transcript_only,7,420,480,break,0.0591
v19,Python,transcript_only,7,420,480,continue,0.0604
v19,Python,transcript_only,8,480,540,for loop,0.207
v19,Python,transcript_only,8,480,540,for,0.1846
v19,Python,transcript_only,8,480,540,iteration,0.0125
v19,Python,transcript_only,8,480,540,range,0.1331
v19,Python,transcript_only,8,480,540,list,0.1044
v19,Python,transcript_only,8,480,540,nested loop,0.0986
v19,Python,transcript_only,8,480,540,index,0.0726
v19,Python,transcript_only,8,480,540,break,0.0591
v19,Python,transcript_only,8,480,540,continue,0.0604
v19,Python,transcript_only,9,540,600,for loop,0.2183
v19,Python,transcript_only,9,540,600,for,0.1925
v19,Python,transcript_only,9,540,600,iteration,0.0009
v19,Python,transcript_only,9,540,600,range,0.1098
v19,Python,transcript_only,9,540,600,list,0.0071
v19,Python,transcript_only,9,540,600,nested loop,0.0712
v19,Python,transcript_only,9,540,600,index,0.0284
v19,Python,transcript_only,9,540,600,break,0.0666
v19,Python,transcript_only,9,540,600,continue,0.0485
v19,Python,transcript_only,10,600,660,for loop,0.2175
v19,Python,transcript_only,10,600,660,for,0.191
v19,Python,transcript_only,10,600,660,iteration,0.0012
v19,Python,transcript_only,10,600,660,range,0.1097
v19,Python,transcript_only,10,600,660,list,0.0085
v19,Python,transcript_only,10,600,660,nested loop,0.0737
v19,Python,transcript_only,10,600,660,index,0.0283
v19,Python,transcript_only,10,600,660,break,0.0669
v19,Python,transcript_only,10,600,660,continue,0.0491
v20,Python,transcript_only,0,0,60,for loop,0.2122
v20,Python,transcript_only,0,0,60,for,0.1893
v20,Python,transcript_only,0,0,60,iteration,0.0135
v20,Python,transcript_only,0,0,60,range,0.1391
v20,Python,transcript_only,0,0,60,list,0.1027
v20,Python,transcript_only,0,0,60,nested loop,0.102
v20,Python,transcript_only,0,0,60,index,0.0695
v20,Python,transcript_only,0,0,60,break,0.0615
v20,Python,transcript_only,0,0,60,continue,0.0618
v20,Python,transcript_only,1,60,120,for loop,0.2199
v20,Python,transcript_only,1,60,120,for,0.1787
v20,Python,transcript_only,1,60,120,iteration,0.0113
v20,Python,transcript_only,1,60,120,range,0.1264
v20,Python,transcript_only,1,60,120,list,0.0926
v20,Python,transcript_only,1,60,120,nested loop,0.1276
v20,Python,transcript_only,1,60,120,index,0.0648
v20,Python,transcript_only,1,60,120,break,0.0711
v20,Python,transcript_only,1,60,120,continue,0.0701
v20,Python,transcript_only,2,120,180,for loop,0.207
v20,Python,transcript_only,2,120,180,for,0.1845
v20,Python,transcript_only,2,120,180,iteration,0.0125
v20,Python,transcript_only,2,120,180,range,0.133
v20,Python,transcript_only,2,120,180,list,0.1042
v20,Python,transcript_only,2,120,180,nested loop,0.0987
v20,Python,transcript_only,2,120,180,index,0.0725
v20,Python,transcript_only,2,120,180,break,0.0591
v20,Python,transcript_only,2,120,180,continue,0.0604
v20,Python,transcript_only,3,180,240,for loop,0.2195
v20,Python,transcript_only,3,180,240,for,0.1959
v20,Python,transcript_only,3,180,240,iteration,0.0149
v20,Python,transcript_only,3,180,240,range,0.1477
v20,Python,transcript_only,3,180,240,list,0.1006
v20,Python,transcript_only,3,180,240,nested loop,0.1067
v20,Python,transcript_only,3,180,240,index,0.0653
v20,Python,transcript_only,3,180,240,break,0.0649
v20,Python,transcript_only,3,180,240,continue,0.0638
v20,Python,transcript_only,4,240,300,for loop,0.2094
v20,Python,transcript_only,4,240,300,for,0.1861
v20,Python,transcript_only,4,240,300,iteration,0.01
v20,Python,transcript_only,4,240,300,range,0.1278
v20,Python,transcript_only,4,240,300,list,0.0828
v20,Python,transcript_only,4,240,300,nested loop,0.093
v20,Python,transcript_only,4,240,300,index,0.0627
v20,Python,transcript_only,4,240,300,break,0.0608
v20,Python,transcript_only,4,240,300,continue,0.0579
v20,Python,transcript_only,5,300,360,for loop,0.2349
v20,Python,transcript_only,5,300,360,for,0.1826
v20,Python,transcript_only,5,300,360,iteration,0.012
v20,Python,transcript_only,5,300,360,range,0.1319
v20,Python,transcript_only,5,300,360,list,0.0841
v20,Python,transcript_only,5,300,360,nested loop,0.1485
v20,Python,transcript_only,5,300,360,index,0.0561
v20,Python,transcript_only,5,300,360,break,0.0814
v20,Python,transcript_only,5,300,360,continue,0.0775
v20,Python,transcript_only,6,360,420,for loop,0.2433
v20,Python,transcript_only,6,360,420,for,0.2174
v20,Python,transcript_only,6,360,420,iteration,0.0193
v20,Python,transcript_only,6,360,420,range,0.1755
v20,Python,transcript_only,6,360,420,list,0.0939
v20,Python,transcript_only,6,360,420,nested loop,0.1217
v20,Python,transcript_only,6,360,420,index,0.0516
v20,Python,transcript_only,6,360,420,break,0.0759
v20,Python,transcript_only,6,360,420,continue,0.0701
v20,Python,transcript_only,7,420,480,for loop,0.2211
v20,Python,transcript_only,7,420,480,for,0.1971
v20,Python,transcript_only,7,420,480,iteration,0.014
v20,Python,transcript_only,7,420,480,range,0.1464
v20,Python,transcript_only,7,420,480,list,0.0922
v20,Python,transcript_only,7,420,480,nested loop,0.1047
v20,Python,transcript_only,7,420,480,index,0.0612
v20,Python,transcript_only,7,420,480,break,0.0658
v20,Python,transcript_only,7,420,480,continue,0.0629
v20,Python,transcript_only,8,480,540,for loop,0.2282
v20,Python,transcript_only,8,480,540,for,0.2037
v20,Python,transcript_only,8,480,540,iteration,0.0165
v20,Python,transcript_only,8,480,540,range,0.1578
v20,Python,transcript_only,8,480,540,list,0.0981
v20,Python,transcript_only,8,480,540,nested loop,0.1121
v20,Python,transcript_only,8,480,540,index,0.0603
v20,Python,transcript_only,8,480,540,break,0.0689
v20,Python,transcript_only,8,480,540,continue,0.0661
v20,Python,transcript_only,9,540,600,for loop,0.207
v20,Python,transcript_only,9,540,600,for,0.1845
v20,Python,transcript_only,9,540,600,iteration,0.0125
v20,Python,transcript_only,9,540,600,range,0.133
v20,Python,transcript_only,9,540,600,list,0.1041
v20,Python,transcript_only,9,540,600,nested loop,0.0988
v20,Python,transcript_only,9,540,600,index,0.0724
v20,Python,transcript_only,9,540,600,break,0.0591
v20,Python,transcript_only,9,540,600,continue,0.0604
v20,Python,transcript_only,10,600,660,for loop,0.207
v20,Python,transcript_only,10,600,660,for,0.1845
v20,Python,transcript_only,10,600,660,iteration,0.0125
v20,Python,transcript_only,10,600,660,range,0.133
v20,Python,transcript_only,10,600,660,list,0.1041
v20,Python,transcript_only,10,600,660,nested loop,0.0988
v20,Python,transcript_only,10,600,660,index,0.0724
v20,Python,transcript_only,10,600,660,break,0.0591
v20,Python,transcript_only,10,600,660,continue,0.0604
v20,Python,transcript_only,11,660,720,for loop,0.2093
v20,Python,transcript_only,11,660,720,for,0.1834
v20,Python,transcript_only,11,660,720,iteration,0.0123
v20,Python,transcript_only,11,660,720,range,0.1317
v20,Python,transcript_only,11,660,720,list,0.1019
v20,Python,transcript_only,11,660,720,nested loop,0.1041
v20,Python,transcript_only,11,660,720,index,0.071
v20,Python,transcript_only,11,660,720,break,0.0614
v20,Python,transcript_only,11,660,720,continue,0.0622
v20,Python,transcript_only,12,720,780,for loop,0.207
v20,Python,transcript_only,12,720,780,for,0.1845
v20,Python,transcript_only,12,720,780,iteration,0.0125
v20,Python,transcript_only,12,720,780,range,0.133
v20,Python,transcript_only,12,720,780,list,0.1041
v20,Python,transcript_only,12,720,780,nested loop,0.0987
v20,Python,transcript_only,12,720,780,index,0.0724
v20,Python,transcript_only,12,720,780,break,0.0591
v20,Python,transcript_only,12,720,780,continue,0.0604
v20,Python,transcript_only,13,780,840,for loop,0.2069
v20,Python,transcript_only,13,780,840,for,0.1844
v20,Python,transcript_only,13,780,840,iteration,0.0125
v20,Python,transcript_only,13,780,840,range,0.1329
v20,Python,transcript_only,13,780,840,list,0.1039
v20,Python,transcript_only,13,780,840,nested loop,0.0988
v20,Python,transcript_only,13,780,840,index,0.0723
v20,Python,transcript_only,13,780,840,break,0.0592
v20,Python,transcript_only,13,780,840,continue,0.0604
v20,Python,transcript_only,14,840,900,for loop,0.2402
v20,Python,transcript_only,14,840,900,for,0.2146
v20,Python,transcript_only,14,840,900,iteration,0.0187
v20,Python,transcript_only,14,840,900,range,0.1718
v20,Python,transcript_only,14,840,900,list,0.0948
v20,Python,transcript_only,14,840,900,nested loop,0.1197
v20,Python,transcript_only,14,840,900,index,0.0535
v20,Python,transcript_only,14,840,900,break,0.0744
v20,Python,transcript_only,14,840,900,continue,0.0693
v20,Python,transcript_only,15,900,960,for loop,0.209
v20,Python,transcript_only,15,900,960,for,0.1836
v20,Python,transcript_only,15,900,960,iteration,0.0123
v20,Python,transcript_only,15,900,960,range,0.132
v20,Python,transcript_only,15,900,960,list,0.1024
v20,Python,transcript_only,15,900,960,nested loop,0.1032
v20,Python,transcript_only,15,900,960,index,0.0713
v20,Python,transcript_only,15,900,960,break,0.061
v20,Python,transcript_only,15,900,960,continue,0.0619
v20,Python,transcript_only,16,960,1020,for loop,0.207
v20,Python,transcript_only,16,960,1020,for,0.1845
v20,Python,transcript_only,16,960,1020,iteration,0.0125
v20,Python,transcript_only,16,960,1020,range,0.133
v20,Python,transcript_only,16,960,1020,list,0.1042
v20,Python,transcript_only,16,960,1020,nested loop,0.0987
v20,Python,transcript_only,16,960,1020,index,0.0725
v20,Python,transcript_only,16,960,1020,break,0.0591
v20,Python,transcript_only,16,960,1020,continue,0.0604
v20,Python,transcript_only,17,1020,1080,for loop,0.207
v20,Python,transcript_only,17,1020,1080,for,0.1845
v20,Python,transcript_only,17,1020,1080,iteration,0.0125
v20,Python,transcript_only,17,1020,1080,range,0.133
v20,Python,transcript_only,17,1020,1080,list,0.1042
v20,Python,transcript_only,17,1020,1080,nested loop,0.0987
v20,Python,transcript_only,17,1020,1080,index,0.0725
v20,Python,transcript_only,17,1020,1080,break,0.0591
v20,Python,transcript_only,17,1020,1080,continue,0.0604
v20,Python,transcript_only,18,1080,1140,for loop,0.2459
v20,Python,transcript_only,18,1080,1140,for,0.1926
v20,Python,transcript_only,18,1080,1140,iteration,0.0117
v20,Python,transcript_only,18,1080,1140,range,0.1388
v20,Python,transcript_only,18,1080,1140,list,0.0647
v20,Python,transcript_only,18,1080,1140,nested loop,0.1486
v20,Python,transcript_only,18,1080,1140,index,0.0434
v20,Python,transcript_only,18,1080,1140,break,0.0866
v20,Python,transcript_only,18,1080,1140,continue,0.0776
v20,Python,transcript_only,19,1140,1200,for loop,0.2423
v20,Python,transcript_only,19,1140,1200,for,0.1717
v20,Python,transcript_only,19,1140,1200,iteration,0.0066
v20,Python,transcript_only,19,1140,1200,range,0.1109
v20,Python,transcript_only,19,1140,1200,list,0.0525
v20,Python,transcript_only,19,1140,1200,nested loop,0.1651
v20,Python,transcript_only,19,1140,1200,index,0.043
v20,Python,transcript_only,19,1140,1200,break,0.0911
v20,Python,transcript_only,19,1140,1200,continue,0.082
v20,Python,transcript_only,20,1200,1260,for loop,0.2684
v20,Python,transcript_only,20,1200,1260,for,0.1729
v20,Python,transcript_only,20,1200,1260,iteration,0.0034
v20,Python,transcript_only,20,1200,1260,range,0.1052
v20,Python,transcript_only,20,1200,1260,list,0.0108
v20,Python,transcript_only,20,1200,1260,nested loop,0.1988
v20,Python,transcript_only,20,1200,1260,index,0.0176
v20,Python,transcript_only,20,1200,1260,break,0.1114
v20,Python,transcript_only,20,1200,1260,continue,0.0928
v21,Python,transcript_only,0,0,60,for loop,0.287
v21,Python,transcript_only,0,0,60,for,0.149
v21,Python,transcript_only,0,0,60,iteration,0.0048
v21,Python,transcript_only,0,0,60,range,0.0927
v21,Python,transcript_only,0,0,60,list,0.0346
v21,Python,transcript_only,0,0,60,nested loop,0.2766
v21,Python,transcript_only,0,0,60,index,0.0263
v21,Python,transcript_only,0,0,60,break,0.1329
v21,Python,transcript_only,0,0,60,continue,0.12
v21,Python,transcript_only,1,60,120,for loop,0.2608
v21,Python,transcript_only,1,60,120,for,0.1606
v21,Python,transcript_only,1,60,120,iteration,0.0073
v21,Python,transcript_only,1,60,120,range,0.1059
v21,Python,transcript_only,1,60,120,list,0.0573
v21,Python,transcript_only,1,60,120,nested loop,0.2184
v21,Python,transcript_only,1,60,120,index,0.0414
v21,Python,transcript_only,1,60,120,break,0.1088
v21,Python,transcript_only,1,60,120,continue,0.1005
v21,Python,transcript_only,2,120,180,for loop,0.2659
v21,Python,transcript_only,2,120,180,for,0.1628
v21,Python,transcript_only,2,120,180,iteration,0.0032
v21,Python,transcript_only,2,120,180,range,0.0972
v21,Python,transcript_only,2,120,180,list,0.0225
v21,Python,transcript_only,2,120,180,nested loop,0.2117
v21,Python,transcript_only,2,120,180,index,0.0253
v21,Python,transcript_only,2,120,180,break,0.1125
v21,Python,transcript_only,2,120,180,continue,0.0973
v21,Python,transcript_only,3,180,240,for loop,0.29
v21,Python,transcript_only,3,180,240,for,0.1516
v21,Python,transcript_only,3,180,240,iteration,0.0011
v21,Python,transcript_only,3,180,240,range,0.0854
v21,Python,transcript_only,3,180,240,list,0.0035
v21,Python,transcript_only,3,180,240,nested loop,0.2668
v21,Python,transcript_only,3,180,240,index,0.0122
v21,Python,transcript_only,3,180,240,break,0.1349
v21,Python,transcript_only,3,180,240,continue,0.1158
v21,Python,transcript_only,4,240,300,for loop,0.2804
v21,Python,transcript_only,4,240,300,for,0.1572
v21,Python,transcript_only,4,240,300,iteration,0.0011
v21,Python,transcript_only,4,240,300,range,0.0887
v21,Python,transcript_only,4,240,300,list,0.0039
v21,Python,transcript_only,4,240,300,nested loop,0.2403
v21,Python,transcript_only,4,240,300,index,0.0144
v21,Python,transcript_only,4,240,300,break,0.1257
v21,Python,transcript_only,4,240,300,continue,0.1067
v21,Python,transcript_only,5,300,360,for loop,0.2819
v21,Python,transcript_only,5,300,360,for,0.1564
v21,Python,transcript_only,5,300,360,iteration,0.0011
v21,Python,transcript_only,5,300,360,range,0.0881
v21,Python,transcript_only,5,300,360,list,0.0038
v21,Python,transcript_only,5,300,360,nested loop,0.2445
v21,Python,transcript_only,5,300,360,index,0.014
v21,Python,transcript_only,5,300,360,break,0.1272
v21,Python,transcript_only,5,300,360,continue,0.1081
v21,Python,transcript_only,6,360,420,for loop,0.3052
v21,Python,transcript_only,6,360,420,for,0.1431
v21,Python,transcript_only,6,360,420,iteration,0.0011
v21,Python,transcript_only,6,360,420,range,0.0802
v21,Python,transcript_only,6,360,420,list,0.0026
v21,Python,transcript_only,6,360,420,nested loop,0.308
v21,Python,transcript_only,6,360,420,index,0.0087
v21,Python,transcript_only,6,360,420,break,0.1494
v21,Python,transcript_only,6,360,420,continue,0.13
v21,Python,transcript_only,7,420,480,for loop,0.2785
v21,Python,transcript_only,7,420,480,for,0.1582
v21,Python,transcript_only,7,420,480,iteration,0.0011
v21,Python,transcript_only,7,420,480,range,0.0893
v21,Python,transcript_only,7,420,480,list,0.004
v21,Python,transcript_only,7,420,480,nested loop,0.2354
v21,Python,transcript_only,7,420,480,index,0.0148
v21,Python,transcript_only,7,420,480,break,0.124
v21,Python,transcript_only,7,420,480,continue,0.105
v21,Python,transcript_only,8,480,540,for loop,0.3248
v21,Python,transcript_only,8,480,540,for,0.1322
v21,Python,transcript_only,8,480,540,iteration,0.0011
v21,Python,transcript_only,8,480,540,range,0.0736
v21,Python,transcript_only,8,480,540,list,0.0014
v21,Python,transcript_only,8,480,540,nested loop,0.3609
v21,Python,transcript_only,8,480,540,index,0.0043
v21,Python,transcript_only,8,480,540,break,0.1679
v21,Python,transcript_only,8,480,540,continue,0.1482
v21,Python,transcript_only,9,540,600,for loop,0.3036
v21,Python,transcript_only,9,540,600,for,0.1441
v21,Python,transcript_only,9,540,600,iteration,0.0011
v21,Python,transcript_only,9,540,600,range,0.0808
v21,Python,transcript_only,9,540,600,list,0.0026
v21,Python,transcript_only,9,540,600,nested loop,0.3032
v21,Python,transcript_only,9,540,600,index,0.0091
v21,Python,transcript_only,9,540,600,break,0.1477
v21,Python,transcript_only,9,540,600,continue,0.1283
v21,Python,transcript_only,10,600,660,for loop,0.3091
v21,Python,transcript_only,10,600,660,for,0.1409
v21,Python,transcript_only,10,600,660,iteration,0.0011
v21,Python,transcript_only,10,600,660,range,0.0789
v21,Python,transcript_only,10,600,660,list,0.0024
v21,Python,transcript_only,10,600,660,nested loop,0.3185
v21,Python,transcript_only,10,600,660,index,0.0079
v21,Python,transcript_only,10,600,660,break,0.153
v21,Python,transcript_only,10,600,660,continue,0.1336
v21,Python,transcript_only,11,660,720,for loop,0.3244
v21,Python,transcript_only,11,660,720,for,0.1323
v21,Python,transcript_only,11,660,720,iteration,0.0012
v21,Python,transcript_only,11,660,720,range,0.0737
v21,Python,transcript_only,11,660,720,list,0.0015
v21,Python,transcript_only,11,660,720,nested loop,0.3601
v21,Python,transcript_only,11,660,720,index,0.0044
v21,Python,transcript_only,11,660,720,break,0.1676
v21,Python,transcript_only,11,660,720,continue,0.1479
v21,Python,transcript_only,12,720,780,for loop,0.3096
v21,Python,transcript_only,12,720,780,for,0.1407
v21,Python,transcript_only,12,720,780,iteration,0.0011
v21,Python,transcript_only,12,720,780,range,0.0787
v21,Python,transcript_only,12,720,780,list,0.0023
v21,Python,transcript_only,12,720,780,nested loop,0.3196
v21,Python,transcript_only,12,720,780,index,0.0078
v21,Python,transcript_only,12,720,780,break,0.1534
v21,Python,transcript_only,12,720,780,continue,0.134
v21,Python,transcript_only,13,780,840,for loop,0.3241
v21,Python,transcript_only,13,780,840,for,0.1323
v21,Python,transcript_only,13,780,840,iteration,0.0012
v21,Python,transcript_only,13,780,840,range,0.0738
v21,Python,transcript_only,13,780,840,list,0.0016
v21,Python,transcript_only,13,780,840,nested loop,0.3595
v21,Python,transcript_only,13,780,840,index,0.0045
v21,Python,transcript_only,13,780,840,break,0.1674
v21,Python,transcript_only,13,780,840,continue,0.1477
v21,Python,transcript_only,14,840,900,for loop,0.2638
v21,Python,transcript_only,14,840,900,for,0.1601
v21,Python,transcript_only,14,840,900,iteration,0.006
v21,Python,transcript_only,14,840,900,range,0.1025
v21,Python,transcript_only,14,840,900,list,0.046
v21,Python,transcript_only,14,840,900,nested loop,0.2209
v21,Python,transcript_only,14,840,900,index,0.0357
v21,Python,transcript_only,14,840,900,break,0.1115
v21,Python,transcript_only,14,840,900,continue,0.101
v21,Python,transcript_only,15,900,960,for loop,0.2903
v21,Python,transcript_only,15,900,960,for,0.1474
v21,Python,transcript_only,15,900,960,iteration,0.0045
v21,Python,transcript_only,15,900,960,range,0.0909
v21,Python,transcript_only,15,900,960,list,0.0312
v21,Python,transcript_only,15,900,960,nested loop,0.2843
v21,Python,transcript_only,15,900,960,index,0.0241
v21,Python,transcript_only,15,900,960,break,0.1361
v21,Python,transcript_only,15,900,960,continue,0.1225
v21,Python,transcript_only,16,960,1020,for loop,0.3035
v21,Python,transcript_only,16,960,1020,for,0.1412
v21,Python,transcript_only,16,960,1020,iteration,0.0031
v21,Python,transcript_only,16,960,1020,range,0.0839
v21,Python,transcript_only,16,960,1020,list,0.0189
v21,Python,transcript_only,16,960,1020,nested loop,0.3141
v21,Python,transcript_only,16,960,1020,index,0.0159
v21,Python,transcript_only,16,960,1020,break,0.1485
v21,Python,transcript_only,16,960,1020,continue,0.1324
v21,Python,transcript_only,17,1020,1080,for loop,0.3211
v21,Python,transcript_only,17,1020,1080,for,0.1517
v21,Python,transcript_only,17,1020,1080,iteration,0.0053
v21,Python,transcript_only,17,1020,1080,range,0.0977
v21,Python,transcript_only,17,1020,1080,list,0.0121
v21,Python,transcript_only,17,1020,1080,nested loop,0.3315
v21,Python,transcript_only,17,1020,1080,index,0.0062
v21,Python,transcript_only,17,1020,1080,break,0.1584
v21,Python,transcript_only,17,1020,1080,continue,0.139
v21,Python,transcript_only,18,1080,1140,for loop,0.3232
v21,Python,transcript_only,18,1080,1140,for,0.1403
v21,Python,transcript_only,18,1080,1140,iteration,0.0029
v21,Python,transcript_only,18,1080,1140,range,0.0836
v21,Python,transcript_only,18,1080,1140,list,0.0059
v21,Python,transcript_only,18,1080,1140,nested loop,0.3485
v21,Python,transcript_only,18,1080,1140,index,0.0051
v21,Python,transcript_only,18,1080,1140,break,0.1639
v21,Python,transcript_only,18,1080,1140,continue,0.1443
v21,Python,transcript_only,19,1140,1200,for loop,0.3233
v21,Python,transcript_only,19,1140,1200,for,0.1406
v21,Python,transcript_only,19,1140,1200,iteration,0.0029
v21,Python,transcript_only,19,1140,1200,range,0.084
v21,Python,transcript_only,19,1140,1200,list,0.006
v21,Python,transcript_only,19,1140,1200,nested loop,0.3484
v21,Python,transcript_only,19,1140,1200,index,0.0051
v21,Python,transcript_only,19,1140,1200,break,0.1639
v21,Python,transcript_only,19,1140,1200,continue,0.1443
v21,Python,transcript_only,20,1200,1260,for loop,0.3249
v21,Python,transcript_only,20,1200,1260,for,0.1321
v21,Python,transcript_only,20,1200,1260,iteration,0.0011
v21,Python,transcript_only,20,1200,1260,range,0.0736
v21,Python,transcript_only,20,1200,1260,list,0.0014
v21,Python,transcript_only,20,1200,1260,nested loop,0.361
v21,Python,transcript_only,20,1200,1260,index,0.0043
v21,Python,transcript_only,20,1200,1260,break,0.1679
v21,Python,transcript_only,20,1200,1260,continue,0.1482
v21,Python,transcript_only,21,1260,1320,for loop,0.3242
v21,Python,transcript_only,21,1260,1320,for,0.1323
v21,Python,transcript_only,21,1260,1320,iteration,0.0012
v21,Python,transcript_only,21,1260,1320,range,0.0738
v21,Python,transcript_only,21,1260,1320,list,0.0016
v21,Python,transcript_only,21,1260,1320,nested loop,0.3596
v21,Python,transcript_only,21,1260,1320,index,0.0045
v21,Python,transcript_only,21,1260,1320,break,0.1674
v21,Python,transcript_only,21,1260,1320,continue,0.1477
v21,Python,transcript_only,22,1320,1380,for loop,0.3243
v21,Python,transcript_only,22,1320,1380,for,0.1323
v21,Python,transcript_only,22,1320,1380,iteration,0.0012
v21,Python,transcript_only,22,1320,1380,range,0.0737
v21,Python,transcript_only,22,1320,1380,list,0.0016
v21,Python,transcript_only,22,1320,1380,nested loop,0.3599
v21,Python,transcript_only,22,1320,1380,index,0.0044
v21,Python,transcript_only,22,1320,1380,break,0.1675
v21,Python,transcript_only,22,1320,1380,continue,0.1478
v21,Python,transcript_only,23,1380,1440,for loop,0.3239
v21,Python,transcript_only,23,1380,1440,for,0.1324
v21,Python,transcript_only,23,1380,1440,iteration,0.0012
v21,Python,transcript_only,23,1380,1440,range,0.0739
v21,Python,transcript_only,23,1380,1440,list,0.0017
v21,Python,transcript_only,23,1380,1440,nested loop,0.359
v21,Python,transcript_only,23,1380,1440,index,0.0045
v21,Python,transcript_only,23,1380,1440,break,0.1671
v21,Python,transcript_only,23,1380,1440,continue,0.1475
v21,Python,transcript_only,24,1440,1500,for loop,0.3243
v21,Python,transcript_only,24,1440,1500,for,0.1323
v21,Python,transcript_only,24,1440,1500,iteration,0.0012
v21,Python,transcript_only,24,1440,1500,range,0.0737
v21,Python,transcript_only,24,1440,1500,list,0.0016
v21,Python,transcript_only,24,1440,1500,nested loop,0.3599
v21,Python,transcript_only,24,1440,1500,index,0.0044
v21,Python,transcript_only,24,1440,1500,break,0.1675
v21,Python,transcript_only,24,1440,1500,continue,0.1478
v21,Python,transcript_only,25,1500,1560,for loop,0.3243
v21,Python,transcript_only,25,1500,1560,for,0.1323
v21,Python,transcript_only,25,1500,1560,iteration,0.0012
v21,Python,transcript_only,25,1500,1560,range,0.0737
v21,Python,transcript_only,25,1500,1560,list,0.0016
v21,Python,transcript_only,25,1500,1560,nested loop,0.3598
v21,Python,transcript_only,25,1500,1560,index,0.0044
v21,Python,transcript_only,25,1500,1560,break,0.1675
v21,Python,transcript_only,25,1500,1560,continue,0.1478
v21,Python,transcript_only,26,1560,1620,for loop,0.2178
v21,Python,transcript_only,26,1560,1620,for,0.1917
v21,Python,transcript_only,26,1560,1620,iteration,0.0011
v21,Python,transcript_only,26,1560,1620,range,0.1097
v21,Python,transcript_only,26,1560,1620,list,0.0079
v21,Python,transcript_only,26,1560,1620,nested loop,0.0727
v21,Python,transcript_only,26,1560,1620,index,0.0284
v21,Python,transcript_only,26,1560,1620,break,0.0668
v21,Python,transcript_only,26,1560,1620,continue,0.0489
v22,Python,transcript_only,0,0,60,for loop,0.2462
v22,Python,transcript_only,0,0,60,for,0.2201
v22,Python,transcript_only,0,0,60,iteration,0.0199
v22,Python,transcript_only,0,0,60,range,0.1789
v22,Python,transcript_only,0,0,60,list,0.0931
v22,Python,transcript_only,0,0,60,nested loop,0.1236
v22,Python,transcript_only,0,0,60,index,0.0499
v22,Python,transcript_only,0,0,60,break,0.0773
v22,Python,transcript_only,0,0,60,continue,0.0709
v22,Python,transcript_only,1,60,120,for loop,0.2744
v22,Python,transcript_only,1,60,120,for,0.2456
v22,Python,transcript_only,1,60,120,iteration,0.0251
v22,Python,transcript_only,1,60,120,range,0.2118
v22,Python,transcript_only,1,60,120,list,0.0846
v22,Python,transcript_only,1,60,120,nested loop,0.1416
v22,Python,transcript_only,1,60,120,index,0.0334
v22,Python,transcript_only,1,60,120,break,0.0904
v22,Python,transcript_only,1,60,120,continue,0.0785
v23,Java,transcript_only,0,0,60,class,0.0429
v23,Java,transcript_only,0,0,60,object,0.0525
v23,Java,transcript_only,0,0,60,method,0.0722
v23,Java,transcript_only,0,0,60,interface,0.0389
v23,Java,transcript_only,0,0,60,implements,0.0233
v23,Java,transcript_only,0,0,60,extends,0.0203
v23,Java,transcript_only,0,0,60,inheritance,0.0194
v23,Java,transcript_only,0,0,60,abstract class,0.0223
v23,Java,transcript_only,0,0,60,abstract method,0.0467
v23,Java,transcript_only,1,60,120,class,0.0406
v23,Java,transcript_only,1,60,120,object,0.0559
v23,Java,transcript_only,1,60,120,method,0.0771
v23,Java,transcript_only,1,60,120,interface,0.0419
v23,Java,transcript_only,1,60,120,implements,0.0219
v23,Java,transcript_only,1,60,120,extends,0.0192
v23,Java,transcript_only,1,60,120,inheritance,0.0185
v23,Java,transcript_only,1,60,120,abstract class,0.0194
v23,Java,transcript_only,1,60,120,abstract method,0.0512
v23,Java,transcript_only,2,120,180,class,0.033
v23,Java,transcript_only,2,120,180,object,0.0489
v23,Java,transcript_only,2,120,180,method,0.0727
v23,Java,transcript_only,2,120,180,interface,0.0375
v23,Java,transcript_only,2,120,180,implements,0.015
v23,Java,transcript_only,2,120,180,extends,0.0135
v23,Java,transcript_only,2,120,180,inheritance,0.0133
v23,Java,transcript_only,2,120,180,abstract class,0.0106
v23,Java,transcript_only,2,120,180,abstract method,0.0463
v23,Java,transcript_only,3,180,240,class,0.0334
v23,Java,transcript_only,3,180,240,object,0.0492
v23,Java,transcript_only,3,180,240,method,0.0727
v23,Java,transcript_only,3,180,240,interface,0.0375
v23,Java,transcript_only,3,180,240,implements,0.0153
v23,Java,transcript_only,3,180,240,extends,0.0138
v23,Java,transcript_only,3,180,240,inheritance,0.0135
v23,Java,transcript_only,3,180,240,abstract class,0.011
v23,Java,transcript_only,3,180,240,abstract method,0.0464
v23,Java,transcript_only,4,240,300,class,0.2406
v23,Java,transcript_only,4,240,300,object,0.2408
v23,Java,transcript_only,4,240,300,method,0.1942
v23,Java,transcript_only,4,240,300,interface,0.1593
v23,Java,transcript_only,4,240,300,implements,0.2054
v23,Java,transcript_only,4,240,300,extends,0.1695
v23,Java,transcript_only,4,240,300,inheritance,0.1564
v23,Java,transcript_only,4,240,300,abstract class,0.2522
v23,Java,transcript_only,4,240,300,abstract method,0.1813
v23,Java,transcript_only,5,300,360,class,0.3589
v23,Java,transcript_only,5,300,360,object,0.3502
v23,Java,transcript_only,5,300,360,method,0.2636
v23,Java,transcript_only,5,300,360,interface,0.2288
v23,Java,transcript_only,5,300,360,implements,0.3139
v23,Java,transcript_only,5,300,360,extends,0.2584
v23,Java,transcript_only,5,300,360,inheritance,0.2379
v23,Java,transcript_only,5,300,360,abstract class,0.3898
v23,Java,transcript_only,5,300,360,abstract method,0.2584
v23,Java,transcript_only,6,360,420,class,0.3448
v23,Java,transcript_only,6,360,420,object,0.3372
v23,Java,transcript_only,6,360,420,method,0.2553
v23,Java,transcript_only,6,360,420,interface,0.2205
v23,Java,transcript_only,6,360,420,implements,0.301
v23,Java,transcript_only,6,360,420,extends,0.2478
v23,Java,transcript_only,6,360,420,inheritance,0.2282
v23,Java,transcript_only,6,360,420,abstract class,0.3734
v23,Java,transcript_only,6,360,420,abstract method,0.2492
v23,Java,transcript_only,7,420,480,class,0.2682
v23,Java,transcript_only,7,420,480,object,0.2663
v23,Java,transcript_only,7,420,480,method,0.2104
v23,Java,transcript_only,7,420,480,interface,0.1755
v23,Java,transcript_only,7,420,480,implements,0.2307
v23,Java,transcript_only,7,420,480,extends,0.1902
v23,Java,transcript_only,7,420,480,inheritance,0.1754
v23,Java,transcript_only,7,420,480,abstract class,0.2842
v23,Java,transcript_only,7,420,480,abstract method,0.1993
v23,Java,transcript_only,8,480,540,class,0.351
v23,Java,transcript_only,8,480,540,object,0.3429
v23,Java,transcript_only,8,480,540,method,0.2589
v23,Java,transcript_only,8,480,540,interface,0.2241
v23,Java,transcript_only,8,480,540,implements,0.3067
v23,Java,transcript_only,8,480,540,extends,0.2525
v23,Java,transcript_only,8,480,540,inheritance,0.2325
v23,Java,transcript_only,8,480,540,abstract class,0.3806
v23,Java,transcript_only,8,480,540,abstract method,0.2532
v23,Java,transcript_only,9,540,600,class,0.5164
v23,Java,transcript_only,9,540,600,object,0.4958
v23,Java,transcript_only,9,540,600,method,0.3558
v23,Java,transcript_only,9,540,600,interface,0.3212
v23,Java,transcript_only,9,540,600,implements,0.4584
v23,Java,transcript_only,9,540,600,extends,0.3768
v23,Java,transcript_only,9,540,600,inheritance,0.3465
v23,Java,transcript_only,9,540,600,abstract class,0.5731
v23,Java,transcript_only,9,540,600,abstract method,0.3609
v23,Java,transcript_only,10,600,660,class,0.4912
v23,Java,transcript_only,10,600,660,object,0.4725
v23,Java,transcript_only,10,600,660,method,0.341
v23,Java,transcript_only,10,600,660,interface,0.3064
v23,Java,transcript_only,10,600,660,implements,0.4353
v23,Java,transcript_only,10,600,660,extends,0.3579
v23,Java,transcript_only,10,600,660,inheritance,0.3291
v23,Java,transcript_only,10,600,660,abstract class,0.5438
v23,Java,transcript_only,10,600,660,abstract method,0.3444
v23,Java,transcript_only,11,660,720,class,0.485
v23,Java,transcript_only,11,660,720,object,0.4668
v23,Java,transcript_only,11,660,720,method,0.3374
v23,Java,transcript_only,11,660,720,interface,0.3028
v23,Java,transcript_only,11,660,720,implements,0.4296
v23,Java,transcript_only,11,660,720,extends,0.3532
v23,Java,transcript_only,11,660,720,inheritance,0.3249
v23,Java,transcript_only,11,660,720,abstract class,0.5366
v23,Java,transcript_only,11,660,720,abstract method,0.3404
v23,Java,transcript_only,12,720,780,class,0.5156
v23,Java,transcript_only,12,720,780,object,0.495
v23,Java,transcript_only,12,720,780,method,0.3553
v23,Java,transcript_only,12,720,780,interface,0.3207
v23,Java,transcript_only,12,720,780,implements,0.4577
v23,Java,transcript_only,12,720,780,extends,0.3762
v23,Java,transcript_only,12,720,780,inheritance,0.346
v23,Java,transcript_only,12,720,780,abstract class,0.5722
v23,Java,transcript_only,12,720,780,abstract method,0.3603
v23,Java,transcript_only,13,780,840,class,0.4608
v23,Java,transcript_only,13,780,840,object,0.4444
v23,Java,transcript_only,13,780,840,method,0.3232
v23,Java,transcript_only,13,780,840,interface,0.2885
v23,Java,transcript_only,13,780,840,implements,0.4074
v23,Java,transcript_only,13,780,840,extends,0.335
v23,Java,transcript_only,13,780,840,inheritance,0.3082
v23,Java,transcript_only,13,780,840,abstract class,0.5084
v23,Java,transcript_only,13,780,840,abstract method,0.3246
v23,Java,transcript_only,14,840,900,class,0.3579
v23,Java,transcript_only,14,840,900,object,0.3492
v23,Java,transcript_only,14,840,900,method,0.263
v23,Java,transcript_only,14,840,900,interface,0.2282
v23,Java,transcript_only,14,840,900,implements,0.313
v23,Java,transcript_only,14,840,900,extends,0.2577
v23,Java,transcript_only,14,840,900,inheritance,0.2372
v23,Java,transcript_only,14,840,900,abstract class,0.3886
v23,Java,transcript_only,14,840,900,abstract method,0.2577
v23,Java,transcript_only,15,900,960,class,0.5169
v23,Java,transcript_only,15,900,960,object,0.4962
v23,Java,transcript_only,15,900,960,method,0.3561
v23,Java,transcript_only,15,900,960,interface,0.3215
v23,Java,transcript_only,15,900,960,implements,0.4588
v23,Java,transcript_only,15,900,960,extends,0.3772
v23,Java,transcript_only,15,900,960,inheritance,0.3468
v23,Java,transcript_only,15,900,960,abstract class,0.5736
v23,Java,transcript_only,15,900,960,abstract method,0.3612
v23,Java,transcript_only,16,960,1020,class,0.4185
v23,Java,transcript_only,16,960,1020,object,0.4053
v23,Java,transcript_only,16,960,1020,method,0.2984
v23,Java,transcript_only,16,960,1020,interface,0.2637
v23,Java,transcript_only,16,960,1020,implements,0.3686
v23,Java,transcript_only,16,960,1020,extends,0.3032
v23,Java,transcript_only,16,960,1020,inheritance,0.279
v23,Java,transcript_only,16,960,1020,abstract class,0.4591
v23,Java,transcript_only,16,960,1020,abstract method,0.2971
v23,Java,transcript_only,17,1020,1080,class,0.4024
v23,Java,transcript_only,17,1020,1080,object,0.3904
v23,Java,transcript_only,17,1020,1080,method,0.289
v23,Java,transcript_only,17,1020,1080,interface,0.2543
v23,Java,transcript_only,17,1020,1080,implements,0.3538
v23,Java,transcript_only,17,1020,1080,extends,0.2911
v23,Java,transcript_only,17,1020,1080,inheritance,0.2679
v23,Java,transcript_only,17,1020,1080,abstract class,0.4405
v23,Java,transcript_only,17,1020,1080,abstract method,0.2867
v23,Java,transcript_only,18,1080,1140,class,0.4712
v23,Java,transcript_only,18,1080,1140,object,0.4513
v23,Java,transcript_only,18,1080,1140,method,0.3262
v23,Java,transcript_only,18,1080,1140,interface,0.2925
v23,Java,transcript_only,18,1080,1140,implements,0.4165
v23,Java,transcript_only,18,1080,1140,extends,0.3425
v23,Java,transcript_only,18,1080,1140,inheritance,0.315
v23,Java,transcript_only,18,1080,1140,abstract class,0.5206
v23,Java,transcript_only,18,1080,1140,abstract method,0.3285
v23,Java,transcript_only,19,1140,1200,class,0.1137
v23,Java,transcript_only,19,1140,1200,object,0.1235
v23,Java,transcript_only,19,1140,1200,method,0.12
v23,Java,transcript_only,19,1140,1200,interface,0.0848
v23,Java,transcript_only,19,1140,1200,implements,0.089
v23,Java,transcript_only,19,1140,1200,extends,0.0741
v23,Java,transcript_only,19,1140,1200,inheritance,0.0689
v23,Java,transcript_only,19,1140,1200,abstract class,0.1045
v23,Java,transcript_only,19,1140,1200,abstract method,0.0988
v23,Java,transcript_only,20,1200,1260,class,0.0329
v23,Java,transcript_only,20,1200,1260,object,0.0488
v23,Java,transcript_only,20,1200,1260,method,0.0727
v23,Java,transcript_only,20,1200,1260,interface,0.0374
v23,Java,transcript_only,20,1200,1260,implements,0.0149
v23,Java,transcript_only,20,1200,1260,extends,0.0134
v23,Java,transcript_only,20,1200,1260,inheritance,0.0132
v23,Java,transcript_only,20,1200,1260,abstract class,0.0105
v23,Java,transcript_only,20,1200,1260,abstract method,0.0463
v23,Java,transcript_only,21,1260,1320,class,0.0694
v23,Java,transcript_only,21,1260,1320,object,0.0826
v23,Java,transcript_only,21,1260,1320,method,0.094
v23,Java,transcript_only,21,1260,1320,interface,0.0588
v23,Java,transcript_only,21,1260,1320,implements,0.0484
v23,Java,transcript_only,21,1260,1320,extends,0.0409
v23,Java,transcript_only,21,1260,1320,inheritance,0.0384
v23,Java,transcript_only,21,1260,1320,abstract class,0.0529
v23,Java,transcript_only,21,1260,1320,abstract method,0.07
v23,Java,transcript_only,22,1320,1380,class,0.1341
v23,Java,transcript_only,22,1320,1380,object,0.1424
v23,Java,transcript_only,22,1320,1380,method,0.1319
v23,Java,transcript_only,22,1320,1380,interface,0.0968
v23,Java,transcript_only,22,1320,1380,implements,0.1077
v23,Java,transcript_only,22,1320,1380,extends,0.0895
v23,Java,transcript_only,22,1320,1380,inheritance,0.083
v23,Java,transcript_only,22,1320,1380,abstract class,0.1282
v23,Java,transcript_only,22,1320,1380,abstract method,0.1121
v23,Java,transcript_only,23,1380,1440,class,0.0957
v23,Java,transcript_only,23,1380,1440,object,0.1068
v23,Java,transcript_only,23,1380,1440,method,0.1094
v23,Java,transcript_only,23,1380,1440,interface,0.0742
v23,Java,transcript_only,23,1380,1440,implements,0.0724
v23,Java,transcript_only,23,1380,1440,extends,0.0606
v23,Java,transcript_only,23,1380,1440,inheritance,0.0565
v23,Java,transcript_only,23,1380,1440,abstract class,0.0835
v23,Java,transcript_only,23,1380,1440,abstract method,0.0871
v23,Java,transcript_only,24,1440,1500,class,0.0746
v23,Java,transcript_only,24,1440,1500,object,0.0873
v23,Java,transcript_only,24,1440,1500,method,0.097
v23,Java,transcript_only,24,1440,1500,interface,0.0618
v23,Java,transcript_only,24,1440,1500,implements,0.0531
v23,Java,transcript_only,24,1440,1500,extends,0.0447
v23,Java,transcript_only,24,1440,1500,inheritance,0.0419
v23,Java,transcript_only,24,1440,1500,abstract class,0.0589
v23,Java,transcript_only,24,1440,1500,abstract method,0.0733
v23,Java,transcript_only,25,1500,1560,class,0.0873
v23,Java,transcript_only,25,1500,1560,object,0.0884
v23,Java,transcript_only,25,1500,1560,method,0.0701
v23,Java,transcript_only,25,1500,1560,interface,0.0351
v23,Java,transcript_only,25,1500,1560,implements,0.0502
v23,Java,transcript_only,25,1500,1560,extends,0.0531
v23,Java,transcript_only,25,1500,1560,inheritance,0.0498
v23,Java,transcript_only,25,1500,1560,abstract class,0.0591
v23,Java,transcript_only,25,1500,1560,abstract method,0.0406
v23,Java,transcript_only,26,1560,1620,class,0.0779
v23,Java,transcript_only,26,1560,1620,object,0.0904
v23,Java,transcript_only,26,1560,1620,method,0.0989
v23,Java,transcript_only,26,1560,1620,interface,0.0638
v23,Java,transcript_only,26,1560,1620,implements,0.0561
v23,Java,transcript_only,26,1560,1620,extends,0.0472
v23,Java,transcript_only,26,1560,1620,inheritance,0.0442
v23,Java,transcript_only,26,1560,1620,abstract class,0.0628
v23,Java,transcript_only,26,1560,1620,abstract method,0.0755
v23,Java,transcript_only,27,1620,1680,class,0.0844
v23,Java,transcript_only,27,1620,1680,object,0.0863
v23,Java,transcript_only,27,1620,1680,method,0.0702
v23,Java,transcript_only,27,1620,1680,interface,0.0353
v23,Java,transcript_only,27,1620,1680,implements,0.0483
v23,Java,transcript_only,27,1620,1680,extends,0.051
v23,Java,transcript_only,27,1620,1680,inheritance,0.0479
v23,Java,transcript_only,27,1620,1680,abstract class,0.0566
v23,Java,transcript_only,27,1620,1680,abstract method,0.041
v23,Java,transcript_only,28,1680,1740,class,0.1374
v23,Java,transcript_only,28,1680,1740,object,0.1249
v23,Java,transcript_only,28,1680,1740,method,0.0676
v23,Java,transcript_only,28,1680,1740,interface,0.0329
v23,Java,transcript_only,28,1680,1740,implements,0.0826
v23,Java,transcript_only,28,1680,1740,extends,0.0896
v23,Java,transcript_only,28,1680,1740,inheritance,0.0835
v23,Java,transcript_only,28,1680,1740,abstract class,0.1039
v23,Java,transcript_only,28,1680,1740,abstract method,0.0353
v23,Java,transcript_only,29,1740,1800,class,0.1403
v23,Java,transcript_only,29,1740,1800,object,0.1481
v23,Java,transcript_only,29,1740,1800,method,0.1356
v23,Java,transcript_only,29,1740,1800,interface,0.1005
v23,Java,transcript_only,29,1740,1800,implements,0.1134
v23,Java,transcript_only,29,1740,1800,extends,0.0942
v23,Java,transcript_only,29,1740,1800,inheritance,0.0873
v23,Java,transcript_only,29,1740,1800,abstract class,0.1355
v23,Java,transcript_only,29,1740,1800,abstract method,0.1162
v23,Java,transcript_only,30,1800,1860,class,0.0894
v23,Java,transcript_only,30,1800,1860,object,0.1011
v23,Java,transcript_only,30,1800,1860,method,0.1058
v23,Java,transcript_only,30,1800,1860,interface,0.0706
v23,Java,transcript_only,30,1800,1860,implements,0.0667
v23,Java,transcript_only,30,1800,1860,extends,0.0559
v23,Java,transcript_only,30,1800,1860,inheritance,0.0522
v23,Java,transcript_only,30,1800,1860,abstract class,0.0762
v23,Java,transcript_only,30,1800,1860,abstract method,0.083
v23,Java,transcript_only,31,1860,1920,class,0.1673
v23,Java,transcript_only,31,1860,1920,object,0.1604
v23,Java,transcript_only,31,1860,1920,method,0.1366
v23,Java,transcript_only,31,1860,1920,interface,0.106
v23,Java,transcript_only,31,1860,1920,implements,0.1363
v23,Java,transcript_only,31,1860,1920,extends,0.1129
v23,Java,transcript_only,31,1860,1920,inheritance,0.1042
v23,Java,transcript_only,31,1860,1920,abstract class,0.1673
v23,Java,transcript_only,31,1860,1920,abstract method,0.1197
v24,Java,transcript_only,0,0,60,class,0.3009
v24,Java,transcript_only,0,0,60,object,0.2786
v24,Java,transcript_only,0,0,60,method,0.1845
v24,Java,transcript_only,0,0,60,interface,0.1519
v24,Java,transcript_only,0,0,60,implements,0.2436
v24,Java,transcript_only,0,0,60,extends,0.2127
v24,Java,transcript_only,0,0,60,inheritance,0.1961
v24,Java,transcript_only,0,0,60,abstract class,0.3063
v24,Java,transcript_only,0,0,60,abstract method,0.1684
v24,Java,transcript_only,1,60,120,class,0.2782
v24,Java,transcript_only,1,60,120,object,0.2655
v24,Java,transcript_only,1,60,120,method,0.1836
v24,Java,transcript_only,1,60,120,interface,0.1488
v24,Java,transcript_only,1,60,120,implements,0.226
v24,Java,transcript_only,1,60,120,extends,0.1967
v24,Java,transcript_only,1,60,120,inheritance,0.1815
v24,Java,transcript_only,1,60,120,abstract class,0.282
v24,Java,transcript_only,1,60,120,abstract method,0.1668
v24,Java,transcript_only,2,120,180,class,0.2591
v24,Java,transcript_only,2,120,180,object,0.2523
v24,Java,transcript_only,2,120,180,method,0.1871
v24,Java,transcript_only,2,120,180,interface,0.1522
v24,Java,transcript_only,2,120,180,implements,0.2147
v24,Java,transcript_only,2,120,180,extends,0.1828
v24,Java,transcript_only,2,120,180,inheritance,0.1686
v24,Java,transcript_only,2,120,180,abstract class,0.2659
v24,Java,transcript_only,2,120,180,abstract method,0.1719
v24,Java,transcript_only,3,180,240,class,0.033
v24,Java,transcript_only,3,180,240,object,0.0489
v24,Java,transcript_only,3,180,240,method,0.0727
v24,Java,transcript_only,3,180,240,interface,0.0374
v24,Java,transcript_only,3,180,240,implements,0.015
v24,Java,transcript_only,3,180,240,extends,0.0135
v24,Java,transcript_only,3,180,240,inheritance,0.0133
v24,Java,transcript_only,3,180,240,abstract class,0.0106
v24,Java,transcript_only,3,180,240,abstract method,0.0463
v24,Java,transcript_only,4,240,300,class,0.0725
v24,Java,transcript_only,4,240,300,object,0.0777
v24,Java,transcript_only,4,240,300,method,0.0708
v24,Java,transcript_only,4,240,300,interface,0.0357
v24,Java,transcript_only,4,240,300,implements,0.0406
v24,Java,transcript_only,4,240,300,extends,0.0423
v24,Java,transcript_only,4,240,300,inheritance,0.0399
v24,Java,transcript_only,4,240,300,abstract class,0.0459
v24,Java,transcript_only,4,240,300,abstract method,0.0421
v24,Java,transcript_only,5,300,360,class,0.0797
v24,Java,transcript_only,5,300,360,object,0.0828
v24,Java,transcript_only,5,300,360,method,0.0705
v24,Java,transcript_only,5,300,360,interface,0.0354
v24,Java,transcript_only,5,300,360,implements,0.0452
v24,Java,transcript_only,5,300,360,extends,0.0475
v24,Java,transcript_only,5,300,360,inheritance,0.0447
v24,Java,transcript_only,5,300,360,abstract class,0.0523
v24,Java,transcript_only,5,300,360,abstract method,0.0414
v24,Java,transcript_only,6,360,420,class,0.0332
v24,Java,transcript_only,6,360,420,object,0.049
v24,Java,transcript_only,6,360,420,method,0.0727
v24,Java,transcript_only,6,360,420,interface,0.0375
v24,Java,transcript_only,6,360,420,implements,0.0151
v24,Java,transcript_only,6,360,420,extends,0.0136
v24,Java,transcript_only,6,360,420,inheritance,0.0134
v24,Java,transcript_only,6,360,420,abstract class,0.0107
v24,Java,transcript_only,6,360,420,abstract method,0.0463
v24,Java,transcript_only,7,420,480,class,0.2368
v24,Java,transcript_only,7,420,480,object,0.2203
v24,Java,transcript_only,7,420,480,method,0.1381
v24,Java,transcript_only,7,420,480,interface,0.1036
v24,Java,transcript_only,7,420,480,implements,0.1792
v24,Java,transcript_only,7,420,480,extends,0.1648
v24,Java,transcript_only,7,420,480,inheritance,0.1524
v24,Java,transcript_only,7,420,480,abstract class,0.2251
v24,Java,transcript_only,7,420,480,abstract method,0.1147
v24,Java,transcript_only,8,480,540,class,0.1358
v24,Java,transcript_only,8,480,540,object,0.1237
v24,Java,transcript_only,8,480,540,method,0.0677
v24,Java,transcript_only,8,480,540,interface,0.033
v24,Java,transcript_only,8,480,540,implements,0.0816
v24,Java,transcript_only,8,480,540,extends,0.0885
v24,Java,transcript_only,8,480,540,inheritance,0.0825
v24,Java,transcript_only,8,480,540,abstract class,0.1025
v24,Java,transcript_only,8,480,540,abstract method,0.0355
v24,Java,transcript_only,9,540,600,class,0.1898
v24,Java,transcript_only,9,540,600,object,0.1749
v24,Java,transcript_only,9,540,600,method,0.1034
v24,Java,transcript_only,9,540,600,interface,0.0687
v24,Java,transcript_only,9,540,600,implements,0.1329
v24,Java,transcript_only,9,540,600,extends,0.1292
v24,Java,transcript_only,9,540,600,inheritance,0.1198
v24,Java,transcript_only,9,540,600,abstract class,0.1671
v24,Java,transcript_only,9,540,600,abstract method,0.0755
v24,Java,transcript_only,10,600,660,class,0.1578
v24,Java,transcript_only,10,600,660,object,0.1421
v24,Java,transcript_only,10,600,660,method,0.0831
v24,Java,transcript_only,10,600,660,interface,0.0498
v24,Java,transcript_only,10,600,660,implements,0.1042
v24,Java,transcript_only,10,600,660,extends,0.1048
v24,Java,transcript_only,10,600,660,inheritance,0.0973
v24,Java,transcript_only,10,600,660,abstract class,0.1313
v24,Java,transcript_only,10,600,660,abstract method,0.0539
v24,Java,transcript_only,11,660,720,class,0.0981
v24,Java,transcript_only,11,660,720,object,0.0772
v24,Java,transcript_only,11,660,720,method,0.05
v24,Java,transcript_only,11,660,720,interface,0.0226
v24,Java,transcript_only,11,660,720,implements,0.0565
v24,Java,transcript_only,11,660,720,extends,0.059
v24,Java,transcript_only,11,660,720,inheritance,0.0548
v24,Java,transcript_only,11,660,720,abstract class,0.072
v24,Java,transcript_only,11,660,720,abstract method,0.0223
v25,Java,transcript_only,0,0,60,class,0.3341
v25,Java,transcript_only,0,0,60,object,0.3101
v25,Java,transcript_only,0,0,60,method,0.2154
v25,Java,transcript_only,0,0,60,interface,0.1843
v25,Java,transcript_only,0,0,60,implements,0.2805
v25,Java,transcript_only,0,0,60,extends,0.2378
v25,Java,transcript_only,0,0,60,inheritance,0.2189
v25,Java,transcript_only,0,0,60,abstract class,0.3522
v25,Java,transcript_only,0,0,60,abstract method,0.205
v25,Java,transcript_only,1,60,120,class,0.3731
v25,Java,transcript_only,1,60,120,object,0.3477
v25,Java,transcript_only,1,60,120,method,0.2318
v25,Java,transcript_only,1,60,120,interface,0.1989
v25,Java,transcript_only,1,60,120,implements,0.3117
v25,Java,transcript_only,1,60,120,extends,0.2673
v25,Java,transcript_only,1,60,120,inheritance,0.2462
v25,Java,transcript_only,1,60,120,abstract class,0.392
v25,Java,transcript_only,1,60,120,abstract method,0.2211
v25,Java,transcript_only,2,120,180,class,0.4122
v25,Java,transcript_only,2,120,180,object,0.3912
v25,Java,transcript_only,2,120,180,method,0.2853
v25,Java,transcript_only,2,120,180,interface,0.2534
v25,Java,transcript_only,2,120,180,implements,0.3616
v25,Java,transcript_only,2,120,180,extends,0.2975
v25,Java,transcript_only,2,120,180,inheritance,0.2736
v25,Java,transcript_only,2,120,180,abstract class,0.4521
v25,Java,transcript_only,2,120,180,abstract method,0.284
v25,Java,transcript_only,3,180,240,class,0.4571
v25,Java,transcript_only,3,180,240,object,0.4333
v25,Java,transcript_only,3,180,240,method,0.2967
v25,Java,transcript_only,3,180,240,interface,0.2622
v25,Java,transcript_only,3,180,240,implements,0.3937
v25,Java,transcript_only,3,180,240,extends,0.3314
v25,Java,transcript_only,3,180,240,inheritance,0.305
v25,Java,transcript_only,3,180,240,abstract class,0.4938
v25,Java,transcript_only,3,180,240,abstract method,0.2933
v25,Java,transcript_only,4,240,300,class,0.5155
v25,Java,transcript_only,4,240,300,object,0.4949
v25,Java,transcript_only,4,240,300,method,0.3552
v25,Java,transcript_only,4,240,300,interface,0.3206
v25,Java,transcript_only,4,240,300,implements,0.4575
v25,Java,transcript_only,4,240,300,extends,0.3761
v25,Java,transcript_only,4,240,300,inheritance,0.3459
v25,Java,transcript_only,4,240,300,abstract class,0.572
v25,Java,transcript_only,4,240,300,abstract method,0.3601
v25,Java,transcript_only,5,300,360,class,0.4066
v25,Java,transcript_only,5,300,360,object,0.3849
v25,Java,transcript_only,5,300,360,method,0.277
v25,Java,transcript_only,5,300,360,interface,0.245
v25,Java,transcript_only,5,300,360,implements,0.3542
v25,Java,transcript_only,5,300,360,extends,0.2932
v25,Java,transcript_only,5,300,360,inheritance,0.2697
v25,Java,transcript_only,5,300,360,abstract class,0.4432
v25,Java,transcript_only,5,300,360,abstract method,0.2743
v26,Java,transcript_only,0,0,60,class,0.333
v26,Java,transcript_only,0,0,60,object,0.3078
v26,Java,transcript_only,0,0,60,method,0.1888
v26,Java,transcript_only,0,0,60,interface,0.1543
v26,Java,transcript_only,0,0,60,implements,0.2648
v26,Java,transcript_only,0,0,60,extends,0.2369
v26,Java,transcript_only,0,0,60,inheritance,0.2186
v26,Java,transcript_only,0,0,60,abstract class,0.3343
v26,Java,transcript_only,0,0,60,abstract method,0.1704
v26,Java,transcript_only,1,60,120,class,0.4052
v26,Java,transcript_only,1,60,120,object,0.3781
v26,Java,transcript_only,1,60,120,method,0.2427
v26,Java,transcript_only,1,60,120,interface,0.2082
v26,Java,transcript_only,1,60,120,implements,0.336
v26,Java,transcript_only,1,60,120,extends,0.2916
v26,Java,transcript_only,1,60,120,inheritance,0.2686
v26,Java,transcript_only,1,60,120,abstract class,0.4233
v26,Java,transcript_only,1,60,120,abstract method,0.2313
v26,Java,transcript_only,2,120,180,class,0.2815
v26,Java,transcript_only,2,120,180,object,0.2472
v26,Java,transcript_only,2,120,180,method,0.1169
v26,Java,transcript_only,2,120,180,interface,0.0825
v26,Java,transcript_only,2,120,180,implements,0.1998
v26,Java,transcript_only,2,120,180,extends,0.1968
v26,Java,transcript_only,2,120,180,inheritance,0.182
v26,Java,transcript_only,2,120,180,abstract class,0.2567
v26,Java,transcript_only,2,120,180,abstract method,0.0871
v26,Java,transcript_only,3,180,240,class,0.2483
v26,Java,transcript_only,3,180,240,object,0.2121
v26,Java,transcript_only,3,180,240,method,0.0831
v26,Java,transcript_only,3,180,240,interface,0.0487
v26,Java,transcript_only,3,180,240,implements,0.1633
v26,Java,transcript_only,3,180,240,extends,0.1713
v26,Java,transcript_only,3,180,240,inheritance,0.1587
v26,Java,transcript_only,3,180,240,abstract class,0.2119
v26,Java,transcript_only,3,180,240,abstract method,0.0484
v26,Java,transcript_only,4,240,300,class,0.3304
v26,Java,transcript_only,4,240,300,object,0.299
v26,Java,transcript_only,4,240,300,method,0.1668
v26,Java,transcript_only,4,240,300,interface,0.1323
v26,Java,transcript_only,4,240,300,implements,0.2537
v26,Java,transcript_only,4,240,300,extends,0.2342
v26,Java,transcript_only,4,240,300,inheritance,0.2162
v26,Java,transcript_only,4,240,300,abstract class,0.3226
v26,Java,transcript_only,4,240,300,abstract method,0.1443
v26,Java,transcript_only,5,300,360,class,0.2596
v26,Java,transcript_only,5,300,360,object,0.2323
v26,Java,transcript_only,5,300,360,method,0.1452
v26,Java,transcript_only,5,300,360,interface,0.1146
v26,Java,transcript_only,5,300,360,implements,0.2013
v26,Java,transcript_only,5,300,360,extends,0.1808
v26,Java,transcript_only,5,300,360,inheritance,0.1668
v26,Java,transcript_only,5,300,360,abstract class,0.2549
v26,Java,transcript_only,5,300,360,abstract method,0.1252
v27,Java,transcript_only,0,0,60,class,0.2333
v27,Java,transcript_only,0,0,60,object,0.2001
v27,Java,transcript_only,0,0,60,method,0.0921
v27,Java,transcript_only,0,0,60,interface,0.0596
v27,Java,transcript_only,0,0,60,implements,0.159
v27,Java,transcript_only,0,0,60,extends,0.1602
v27,Java,transcript_only,0,0,60,inheritance,0.1483
v27,Java,transcript_only,0,0,60,abstract class,0.205
v27,Java,transcript_only,0,0,60,abstract method,0.0614
v27,Java,transcript_only,1,60,120,class,0.2287
v27,Java,transcript_only,1,60,120,object,0.1914
v27,Java,transcript_only,1,60,120,method,0.0632
v27,Java,transcript_only,1,60,120,interface,0.0288
v27,Java,transcript_only,1,60,120,implements,0.1417
v27,Java,transcript_only,1,60,120,extends,0.1563
v27,Java,transcript_only,1,60,120,inheritance,0.145
v27,Java,transcript_only,1,60,120,abstract class,0.1855
v27,Java,transcript_only,1,60,120,abstract method,0.0256
v27,Java,transcript_only,2,120,180,class,0.2289
v27,Java,transcript_only,2,120,180,object,0.1915
v27,Java,transcript_only,2,120,180,method,0.0631
v27,Java,transcript_only,2,120,180,interface,0.0287
v27,Java,transcript_only,2,120,180,implements,0.1418
v27,Java,transcript_only,2,120,180,extends,0.1564
v27,Java,transcript_only,2,120,180,inheritance,0.1452
v27,Java,transcript_only,2,120,180,abstract class,0.1856
v27,Java,transcript_only,2,120,180,abstract method,0.0255
v27,Java,transcript_only,3,180,240,class,0.2503
v27,Java,transcript_only,3,180,240,object,0.2142
v27,Java,transcript_only,3,180,240,method,0.085
v27,Java,transcript_only,3,180,240,interface,0.0506
v27,Java,transcript_only,3,180,240,implements,0.1654
v27,Java,transcript_only,3,180,240,extends,0.1728
v27,Java,transcript_only,3,180,240,inheritance,0.1601
v27,Java,transcript_only,3,180,240,abstract class,0.2145
v27,Java,transcript_only,3,180,240,abstract method,0.0505
v27,Java,transcript_only,4,240,300,class,0.2663
v27,Java,transcript_only,4,240,300,object,0.2312
v27,Java,transcript_only,4,240,300,method,0.1016
v27,Java,transcript_only,4,240,300,interface,0.0673
v27,Java,transcript_only,4,240,300,implements,0.1832
v27,Java,transcript_only,4,240,300,extends,0.1851
v27,Java,transcript_only,4,240,300,inheritance,0.1714
v27,Java,transcript_only,4,240,300,abstract class,0.2363
v27,Java,transcript_only,4,240,300,abstract method,0.0696
v27,Java,transcript_only,5,300,360,class,0.2286
v27,Java,transcript_only,5,300,360,object,0.1913
v27,Java,transcript_only,5,300,360,method,0.0632
v27,Java,transcript_only,5,300,360,interface,0.0289
v27,Java,transcript_only,5,300,360,implements,0.1417
v27,Java,transcript_only,5,300,360,extends,0.1562
v27,Java,transcript_only,5,300,360,inheritance,0.145
v27,Java,transcript_only,5,300,360,abstract class,0.1854
v27,Java,transcript_only,5,300,360,abstract method,0.0256
v27,Java,transcript_only,6,360,420,class,0.2657
v27,Java,transcript_only,6,360,420,object,0.2306
v27,Java,transcript_only,6,360,420,method,0.1013
v27,Java,transcript_only,6,360,420,interface,0.067
v27,Java,transcript_only,6,360,420,implements,0.1827
v27,Java,transcript_only,6,360,420,extends,0.1847
v27,Java,transcript_only,6,360,420,inheritance,0.1709
v27,Java,transcript_only,6,360,420,abstract class,0.2356
v27,Java,transcript_only,6,360,420,abstract method,0.0694
v27,Java,transcript_only,7,420,480,class,0.2544
v27,Java,transcript_only,7,420,480,object,0.2445
v27,Java,transcript_only,7,420,480,method,0.1759
v27,Java,transcript_only,7,420,480,interface,0.1575
v27,Java,transcript_only,7,420,480,implements,0.227
v27,Java,transcript_only,7,420,480,extends,0.1857
v27,Java,transcript_only,7,420,480,inheritance,0.1709
v27,Java,transcript_only,7,420,480,abstract class,0.2806
v27,Java,transcript_only,7,420,480,abstract method,0.1769
v27,Java,transcript_only,8,480,540,class,0.2972
v27,Java,transcript_only,8,480,540,object,0.2762
v27,Java,transcript_only,8,480,540,method,0.1741
v27,Java,transcript_only,8,480,540,interface,0.1472
v27,Java,transcript_only,8,480,540,implements,0.2442
v27,Java,transcript_only,8,480,540,extends,0.2134
v27,Java,transcript_only,8,480,540,inheritance,0.1967
v27,Java,transcript_only,8,480,540,abstract class,0.3065
v27,Java,transcript_only,8,480,540,abstract method,0.1632
v28,Java,transcript_only,0,0,60,class,0.3081
v28,Java,transcript_only,0,0,60,object,0.2786
v28,Java,transcript_only,0,0,60,method,0.1547
v28,Java,transcript_only,0,0,60,interface,0.1222
v28,Java,transcript_only,0,0,60,implements,0.2361
v28,Java,transcript_only,0,0,60,extends,0.2183
v28,Java,transcript_only,0,0,60,inheritance,0.2016
v28,Java,transcript_only,0,0,60,abstract class,0.2999
v28,Java,transcript_only,0,0,60,abstract method,0.1331
v28,Java,transcript_only,1,60,120,class,0.1462
v28,Java,transcript_only,1,60,120,object,0.1281
v28,Java,transcript_only,1,60,120,method,0.0592
v28,Java,transcript_only,1,60,120,interface,0.0396
v28,Java,transcript_only,1,60,120,implements,0.1035
v28,Java,transcript_only,1,60,120,extends,0.102
v28,Java,transcript_only,1,60,120,inheritance,0.0945
v28,Java,transcript_only,1,60,120,abstract class,0.1302
v28,Java,transcript_only,1,60,120,abstract method,0.0414
v28,Java,transcript_only,2,120,180,class,0.2205
v28,Java,transcript_only,2,120,180,object,0.1985
v28,Java,transcript_only,2,120,180,method,0.1076
v28,Java,transcript_only,2,120,180,interface,0.0828
v28,Java,transcript_only,2,120,180,implements,0.1673
v28,Java,transcript_only,2,120,180,extends,0.1559
v28,Java,transcript_only,2,120,180,inheritance,0.144
v28,Java,transcript_only,2,120,180,abstract class,0.2111
v28,Java,transcript_only,2,120,180,abstract method,0.0898
v28,Java,transcript_only,3,180,240,class,0.2399
v28,Java,transcript_only,3,180,240,object,0.2171
v28,Java,transcript_only,3,180,240,method,0.1212
v28,Java,transcript_only,3,180,240,interface,0.0953
v28,Java,transcript_only,3,180,240,implements,0.1846
v28,Java,transcript_only,3,180,240,extends,0.1701
v28,Java,transcript_only,3,180,240,inheritance,0.1571
v28,Java,transcript_only,3,180,240,abstract class,0.233
v28,Java,transcript_only,3,180,240,abstract method,0.1039
v28,Java,transcript_only,4,240,300,class,0.2007
v28,Java,transcript_only,4,240,300,object,0.1855
v28,Java,transcript_only,4,240,300,method,0.1131
v28,Java,transcript_only,4,240,300,interface,0.0879
v28,Java,transcript_only,4,240,300,implements,0.156
v28,Java,transcript_only,4,240,300,extends,0.1414
v28,Java,transcript_only,4,240,300,inheritance,0.1307
v28,Java,transcript_only,4,240,300,abstract class,0.1949
v28,Java,transcript_only,4,240,300,abstract method,0.097
v28,Java,transcript_only,5,300,360,class,0.0946
v28,Java,transcript_only,5,300,360,object,0.0844
v28,Java,transcript_only,5,300,360,method,0.042
v28,Java,transcript_only,5,300,360,interface,0.0202
v28,Java,transcript_only,5,300,360,implements,0.0592
v28,Java,transcript_only,5,300,360,extends,0.0628
v28,Java,transcript_only,5,300,360,inheritance,0.0586
v28,Java,transcript_only,5,300,360,abstract class,0.0727
v28,Java,transcript_only,5,300,360,abstract method,0.0212
v28,Java,transcript_only,6,360,420,class,0.2696
v28,Java,transcript_only,6,360,420,object,0.2498
v28,Java,transcript_only,6,360,420,method,0.1554
v28,Java,transcript_only,6,360,420,interface,0.1303
v28,Java,transcript_only,6,360,420,implements,0.2201
v28,Java,transcript_only,6,360,420,extends,0.1933
v28,Java,transcript_only,6,360,420,inheritance,0.1783
v28,Java,transcript_only,6,360,420,abstract class,0.2759
v28,Java,transcript_only,6,360,420,abstract method,0.1442
v28,Java,transcript_only,7,420,480,class,0.2433
v28,Java,transcript_only,7,420,480,object,0.2171
v28,Java,transcript_only,7,420,480,method,0.1125
v28,Java,transcript_only,7,420,480,interface,0.0844
v28,Java,transcript_only,7,420,480,implements,0.1804
v28,Java,transcript_only,7,420,480,extends,0.1713
v28,Java,transcript_only,7,420,480,inheritance,0.1584
v28,Java,transcript_only,7,420,480,abstract class,0.2291
v28,Java,transcript_only,7,420,480,abstract method,0.0908
v28,Java,transcript_only,8,480,540,class,0.2912
v28,Java,transcript_only,8,480,540,object,0.2733
v28,Java,transcript_only,8,480,540,method,0.1798
v28,Java,transcript_only,8,480,540,interface,0.1551
v28,Java,transcript_only,8,480,540,implements,0.2453
v28,Java,transcript_only,8,480,540,extends,0.2101
v28,Java,transcript_only,8,480,540,inheritance,0.1936
v28,Java,transcript_only,8,480,540,abstract class,0.3066
v28,Java,transcript_only,8,480,540,abstract method,0.1727
v28,Java,transcript_only,9,540,600,class,0.1155
v28,Java,transcript_only,9,540,600,object,0.1113
v28,Java,transcript_only,9,540,600,method,0.0805
v28,Java,transcript_only,9,540,600,interface,0.0706
v28,Java,transcript_only,9,540,600,implements,0.1044
v28,Java,transcript_only,9,540,600,extends,0.0844
v28,Java,transcript_only,9,540,600,inheritance,0.0778
v28,Java,transcript_only,9,540,600,abstract class,0.1255
v28,Java,transcript_only,9,540,600,abstract method,0.0794
v28,Java,transcript_only,10,600,660,class,0.2108
v28,Java,transcript_only,10,600,660,object,0.1947
v28,Java,transcript_only,10,600,660,method,0.1191
v28,Java,transcript_only,10,600,660,interface,0.0984
v28,Java,transcript_only,10,600,660,implements,0.1708
v28,Java,transcript_only,10,600,660,extends,0.1509
v28,Java,transcript_only,10,600,660,inheritance,0.1392
v28,Java,transcript_only,10,600,660,abstract class,0.2131
v28,Java,transcript_only,10,600,660,abstract method,0.1086
v28,Java,transcript_only,11,660,720,class,0.1629
v28,Java,transcript_only,11,660,720,object,0.1482
v28,Java,transcript_only,11,660,720,method,0.0847
v28,Java,transcript_only,11,660,720,interface,0.0667
v28,Java,transcript_only,11,660,720,implements,0.1275
v28,Java,transcript_only,11,660,720,extends,0.1158
v28,Java,transcript_only,11,660,720,inheritance,0.107
v28,Java,transcript_only,11,660,720,abstract class,0.1586
v28,Java,transcript_only,11,660,720,abstract method,0.0729
v28,Java,transcript_only,12,720,780,class,0.0063
v28,Java,transcript_only,12,720,780,object,0.0065
v28,Java,transcript_only,12,720,780,method,0.0055
v28,Java,transcript_only,12,720,780,interface,0.0024
v28,Java,transcript_only,12,720,780,implements,0.0079
v28,Java,transcript_only,12,720,780,extends,0.0047
v28,Java,transcript_only,12,720,780,inheritance,0.0046
v28,Java,transcript_only,12,720,780,abstract class,0.0035
v28,Java,transcript_only,12,720,780,abstract method,0.0027
v28,Java,transcript_only,13,780,840,class,0.1767
v28,Java,transcript_only,13,780,840,object,0.1595
v28,Java,transcript_only,13,780,840,method,0.0875
v28,Java,transcript_only,13,780,840,interface,0.0674
v28,Java,transcript_only,13,780,840,implements,0.1354
v28,Java,transcript_only,13,780,840,extends,0.1251
v28,Java,transcript_only,13,780,840,inheritance,0.1156
v28,Java,transcript_only,13,780,840,abstract class,0.1694
v28,Java,transcript_only,13,780,840,abstract method,0.0733
v28,Java,transcript_only,14,840,900,class,0.1473
v28,Java,transcript_only,14,840,900,object,0.1272
v28,Java,transcript_only,14,840,900,method,0.0807
v28,Java,transcript_only,14,840,900,interface,0.0585
v28,Java,transcript_only,14,840,900,implements,0.1093
v28,Java,transcript_only,14,840,900,extends,0.0996
v28,Java,transcript_only,14,840,900,inheritance,0.092
v28,Java,transcript_only,14,840,900,abstract class,0.1371
v28,Java,transcript_only,14,840,900,abstract method,0.063
v29,Java,transcript_only,0,0,60,class,0.4142
v29,Java,transcript_only,0,0,60,object,0.3931
v29,Java,transcript_only,0,0,60,method,0.2866
v29,Java,transcript_only,0,0,60,interface,0.2547
v29,Java,transcript_only,0,0,60,implements,0.3634
v29,Java,transcript_only,0,0,60,extends,0.299
v29,Java,transcript_only,0,0,60,inheritance,0.275
v29,Java,transcript_only,0,0,60,abstract class,0.4544
v29,Java,transcript_only,0,0,60,abstract method,0.2855
v29,Java,transcript_only,1,60,120,class,0.4426
v29,Java,transcript_only,1,60,120,object,0.4179
v29,Java,transcript_only,1,60,120,method,0.2813
v29,Java,transcript_only,1,60,120,interface,0.2468
v29,Java,transcript_only,1,60,120,implements,0.3774
v29,Java,transcript_only,1,60,120,extends,0.3203
v29,Java,transcript_only,1,60,120,inheritance,0.2948
v29,Java,transcript_only,1,60,120,abstract class,0.474
v29,Java,transcript_only,1,60,120,abstract method,0.2755
v29,Java,transcript_only,2,120,180,class,0.3899
v29,Java,transcript_only,2,120,180,object,0.3621
v29,Java,transcript_only,2,120,180,method,0.2278
v29,Java,transcript_only,2,120,180,interface,0.1934
v29,Java,transcript_only,2,120,180,implements,0.3195
v29,Java,transcript_only,2,120,180,extends,0.2799
v29,Java,transcript_only,2,120,180,inheritance,0.2579
v29,Java,transcript_only,2,120,180,abstract class,0.403
v29,Java,transcript_only,2,120,180,abstract method,0.2143
v29,Java,transcript_only,3,180,240,class,0.398
v29,Java,transcript_only,3,180,240,object,0.3706
v29,Java,transcript_only,3,180,240,method,0.2359
v29,Java,transcript_only,3,180,240,interface,0.2014
v29,Java,transcript_only,3,180,240,implements,0.3283
v29,Java,transcript_only,3,180,240,extends,0.2861
v29,Java,transcript_only,3,180,240,inheritance,0.2636
v29,Java,transcript_only,3,180,240,abstract class,0.4139
v29,Java,transcript_only,3,180,240,abstract method,0.2235
v29,Java,transcript_only,4,240,300,class,0.4335
v29,Java,transcript_only,4,240,300,object,0.4083
v29,Java,transcript_only,4,240,300,method,0.2723
v29,Java,transcript_only,4,240,300,interface,0.2379
v29,Java,transcript_only,4,240,300,implements,0.3676
v29,Java,transcript_only,4,240,300,extends,0.3133
v29,Java,transcript_only,4,240,300,inheritance,0.2885
v29,Java,transcript_only,4,240,300,abstract class,0.4619
v29,Java,transcript_only,4,240,300,abstract method,0.2653
v29,Java,transcript_only,5,300,360,class,0.5148
v29,Java,transcript_only,5,300,360,object,0.4942
v29,Java,transcript_only,5,300,360,method,0.3547
v29,Java,transcript_only,5,300,360,interface,0.3202
v29,Java,transcript_only,5,300,360,implements,0.4569
v29,Java,transcript_only,5,300,360,extends,0.3756
v29,Java,transcript_only,5,300,360,inheritance,0.3454
v29,Java,transcript_only,5,300,360,abstract class,0.5712
v29,Java,transcript_only,5,300,360,abstract method,0.3596
v29,Java,transcript_only,6,360,420,class,0.5133
v29,Java,transcript_only,6,360,420,object,0.4927
v29,Java,transcript_only,6,360,420,method,0.3536
v29,Java,transcript_only,6,360,420,interface,0.3191
v29,Java,transcript_only,6,360,420,implements,0.4555
v29,Java,transcript_only,6,360,420,extends,0.3745
v29,Java,transcript_only,6,360,420,inheritance,0.3443
v29,Java,transcript_only,6,360,420,abstract class,0.5694
v29,Java,transcript_only,6,360,420,abstract method,0.3585
v29,Java,transcript_only,7,420,480,class,0.5153
v29,Java,transcript_only,7,420,480,object,0.4947
v29,Java,transcript_only,7,420,480,method,0.355
v29,Java,transcript_only,7,420,480,interface,0.3205
v29,Java,transcript_only,7,420,480,implements,0.4574
v29,Java,transcript_only,7,420,480,extends,0.376
v29,Java,transcript_only,7,420,480,inheritance,0.3458
v29,Java,transcript_only,7,420,480,abstract class,0.5718
v29,Java,transcript_only,7,420,480,abstract method,0.36
v29,Java,transcript_only,8,480,540,class,0.5127
v29,Java,transcript_only,8,480,540,object,0.4922
v29,Java,transcript_only,8,480,540,method,0.3532
v29,Java,transcript_only,8,480,540,interface,0.3187
v29,Java,transcript_only,8,480,540,implements,0.4549
v29,Java,transcript_only,8,480,540,extends,0.374
v29,Java,transcript_only,8,480,540,inheritance,0.3439
v29,Java,transcript_only,8,480,540,abstract class,0.5687
v29,Java,transcript_only,8,480,540,abstract method,0.358
v30,Java,transcript_only,0,0,60,class,0.5158
v30,Java,transcript_only,0,0,60,object,0.4952
v30,Java,transcript_only,0,0,60,method,0.3553
v30,Java,transcript_only,0,0,60,interface,0.3208
v30,Java,transcript_only,0,0,60,implements,0.4578
v30,Java,transcript_only,0,0,60,extends,0.3763
v30,Java,transcript_only,0,0,60,inheritance,0.3461
v30,Java,transcript_only,0,0,60,abstract class,0.5723
v30,Java,transcript_only,0,0,60,abstract method,0.3604
v30,Java,transcript_only,1,60,120,class,0.514
v30,Java,transcript_only,1,60,120,object,0.4934
v30,Java,transcript_only,1,60,120,method,0.3541
v30,Java,transcript_only,1,60,120,interface,0.3196
v30,Java,transcript_only,1,60,120,implements,0.4561
v30,Java,transcript_only,1,60,120,extends,0.375
v30,Java,transcript_only,1,60,120,inheritance,0.3448
v30,Java,transcript_only,1,60,120,abstract class,0.5703
v30,Java,transcript_only,1,60,120,abstract method,0.359
v30,Java,transcript_only,2,120,180,class,0.434
v30,Java,transcript_only,2,120,180,object,0.4133
v30,Java,transcript_only,2,120,180,method,0.2999
v30,Java,transcript_only,2,120,180,interface,0.2674
v30,Java,transcript_only,2,120,180,implements,0.3818
v30,Java,transcript_only,2,120,180,extends,0.3142
v30,Java,transcript_only,2,120,180,inheritance,0.2889
v30,Java,transcript_only,2,120,180,abstract class,0.4774
v30,Java,transcript_only,2,120,180,abstract method,0.2999
v31,C++,transcript_only,0,0,60,variable,0.2587
v31,C++,transcript_only,0,0,60,data type,0.2482
v31,C++,transcript_only,0,0,60,pointer,0.1598
v31,C++,transcript_only,0,0,60,reference,0.2402
v31,C++,transcript_only,0,0,60,class,0.071
v31,C++,transcript_only,0,0,60,object,0.1225
v31,C++,transcript_only,0,0,60,constructor,0.0336
v31,C++,transcript_only,0,0,60,inheritance,0.0027
v31,C++,transcript_only,0,0,60,polymorphism,0.1148
v31,C++,transcript_only,0,0,60,template,0.0297
v31,C++,transcript_only,1,60,120,variable,0.2715
v31,C++,transcript_only,1,60,120,data type,0.2559
v31,C++,transcript_only,1,60,120,pointer,0.1571
v31,C++,transcript_only,1,60,120,reference,0.2503
v31,C++,transcript_only,1,60,120,class,0.0851
v31,C++,transcript_only,1,60,120,object,0.1313
v31,C++,transcript_only,1,60,120,constructor,0.0396
v31,C++,transcript_only,1,60,120,inheritance,0.0105
v31,C++,transcript_only,1,60,120,polymorphism,0.1159
v31,C++,transcript_only,1,60,120,template,0.017
v31,C++,transcript_only,2,120,180,variable,0.2652
v31,C++,transcript_only,2,120,180,data type,0.2498
v31,C++,transcript_only,2,120,180,pointer,0.1524
v31,C++,transcript_only,2,120,180,reference,0.2489
v31,C++,transcript_only,2,120,180,class,0.1017
v31,C++,transcript_only,2,120,180,object,0.1443
v31,C++,transcript_only,2,120,180,constructor,0.0482
v31,C++,transcript_only,2,120,180,inheritance,0.0219
v31,C++,transcript_only,2,120,180,polymorphism,0.1204
v31,C++,transcript_only,2,120,180,template,0.0187
v31,C++,transcript_only,3,180,240,variable,0.1786
v31,C++,transcript_only,3,180,240,data type,0.172
v31,C++,transcript_only,3,180,240,pointer,0.1203
v31,C++,transcript_only,3,180,240,reference,0.1708
v31,C++,transcript_only,3,180,240,class,0.1542
v31,C++,transcript_only,3,180,240,object,0.201
v31,C++,transcript_only,3,180,240,constructor,0.0864
v31,C++,transcript_only,3,180,240,inheritance,0.079
v31,C++,transcript_only,3,180,240,polymorphism,0.1072
v31,C++,transcript_only,3,180,240,template,0.0244
v31,C++,transcript_only,4,240,300,variable,0.1521
v31,C++,transcript_only,4,240,300,data type,0.1485
v31,C++,transcript_only,4,240,300,pointer,0.1096
v31,C++,transcript_only,4,240,300,reference,0.1474
v31,C++,transcript_only,4,240,300,class,0.1725
v31,C++,transcript_only,4,240,300,object,0.2186
v31,C++,transcript_only,4,240,300,constructor,0.0986
v31,C++,transcript_only,4,240,300,inheritance,0.097
v31,C++,transcript_only,4,240,300,polymorphism,0.1043
v31,C++,transcript_only,4,240,300,template,0.0266
v31,C++,transcript_only,5,300,360,variable,0.121
v31,C++,transcript_only,5,300,360,data type,0.1208
v31,C++,transcript_only,5,300,360,pointer,0.0968
v31,C++,transcript_only,5,300,360,reference,0.1199
v31,C++,transcript_only,5,300,360,class,0.1937
v31,C++,transcript_only,5,300,360,object,0.239
v31,C++,transcript_only,5,300,360,constructor,0.1127
v31,C++,transcript_only,5,300,360,inheritance,0.1179
v31,C++,transcript_only,5,300,360,polymorphism,0.1009
v31,C++,transcript_only,5,300,360,template,0.0293
v31,C++,transcript_only,6,360,420,variable,0.1259
v31,C++,transcript_only,6,360,420,data type,0.1252
v31,C++,transcript_only,6,360,420,pointer,0.0989
v31,C++,transcript_only,6,360,420,reference,0.1243
v31,C++,transcript_only,6,360,420,class,0.1902
v31,C++,transcript_only,6,360,420,object,0.2357
v31,C++,transcript_only,6,360,420,constructor,0.1104
v31,C++,transcript_only,6,360,420,inheritance,0.1146
v31,C++,transcript_only,6,360,420,polymorphism,0.1015
v31,C++,transcript_only,6,360,420,template,0.0289
v31,C++,transcript_only,7,420,480,variable,0.1498
v31,C++,transcript_only,7,420,480,data type,0.1464
v31,C++,transcript_only,7,420,480,pointer,0.1086
v31,C++,transcript_only,7,420,480,reference,0.1454
v31,C++,transcript_only,7,420,480,class,0.174
v31,C++,transcript_only,7,420,480,object,0.22
v31,C++,transcript_only,7,420,480,constructor,0.0996
v31,C++,transcript_only,7,420,480,inheritance,0.0985
v31,C++,transcript_only,7,420,480,polymorphism,0.1041
v31,C++,transcript_only,7,420,480,template,0.0269
v31,C++,transcript_only,8,480,540,variable,0.2399
v31,C++,transcript_only,8,480,540,data type,0.2266
v31,C++,transcript_only,8,480,540,pointer,0.1453
v31,C++,transcript_only,8,480,540,reference,0.2249
v31,C++,transcript_only,8,480,540,class,0.1118
v31,C++,transcript_only,8,480,540,object,0.1599
v31,C++,transcript_only,8,480,540,constructor,0.058
v31,C++,transcript_only,8,480,540,inheritance,0.0371
v31,C++,transcript_only,8,480,540,polymorphism,0.1138
v31,C++,transcript_only,8,480,540,template,0.0193
v31,C++,transcript_only,9,540,600,variable,0.1311
v31,C++,transcript_only,9,540,600,data type,0.1298
v31,C++,transcript_only,9,540,600,pointer,0.101
v31,C++,transcript_only,9,540,600,reference,0.1288
v31,C++,transcript_only,9,540,600,class,0.1867
v31,C++,transcript_only,9,540,600,object,0.2322
v31,C++,transcript_only,9,540,600,constructor,0.108
v31,C++,transcript_only,9,540,600,inheritance,0.111
v31,C++,transcript_only,9,540,600,polymorphism,0.102
v31,C++,transcript_only,9,540,600,template,0.0285
v31,C++,transcript_only,10,600,660,variable,0.0563
v31,C++,transcript_only,10,600,660,data type,0.0633
v31,C++,transcript_only,10,600,660,pointer,0.0705
v31,C++,transcript_only,10,600,660,reference,0.0628
v31,C++,transcript_only,10,600,660,class,0.2378
v31,C++,transcript_only,10,600,660,object,0.2815
v31,C++,transcript_only,10,600,660,constructor,0.1423
v31,C++,transcript_only,10,600,660,inheritance,0.1616
v31,C++,transcript_only,10,600,660,polymorphism,0.0939
v31,C++,transcript_only,10,600,660,template,0.0349
v31,C++,transcript_only,11,660,720,variable,0.0562
v31,C++,transcript_only,11,660,720,data type,0.0632
v31,C++,transcript_only,11,660,720,pointer,0.0704
v31,C++,transcript_only,11,660,720,reference,0.0627
v31,C++,transcript_only,11,660,720,class,0.2381
v31,C++,transcript_only,11,660,720,object,0.2819
v31,C++,transcript_only,11,660,720,constructor,0.1424
v31,C++,transcript_only,11,660,720,inheritance,0.1618
v31,C++,transcript_only,11,660,720,polymorphism,0.0939
v31,C++,transcript_only,11,660,720,template,0.0349
v31,C++,transcript_only,12,720,780,variable,0.0561
v31,C++,transcript_only,12,720,780,data type,0.0631
v31,C++,transcript_only,12,720,780,pointer,0.0704
v31,C++,transcript_only,12,720,780,reference,0.0627
v31,C++,transcript_only,12,720,780,class,0.2383
v31,C++,transcript_only,12,720,780,object,0.2821
v31,C++,transcript_only,12,720,780,constructor,0.1426
v31,C++,transcript_only,12,720,780,inheritance,0.162
v31,C++,transcript_only,12,720,780,polymorphism,0.0939
v31,C++,transcript_only,12,720,780,template,0.0348
v31,C++,transcript_only,13,780,840,variable,0.0562
v31,C++,transcript_only,13,780,840,data type,0.0632
v31,C++,transcript_only,13,780,840,pointer,0.0704
v31,C++,transcript_only,13,780,840,reference,0.0627
v31,C++,transcript_only,13,780,840,class,0.2382
v31,C++,transcript_only,13,780,840,object,0.282
v31,C++,transcript_only,13,780,840,constructor,0.1425
v31,C++,transcript_only,13,780,840,inheritance,0.1619
v31,C++,transcript_only,13,780,840,polymorphism,0.0939
v31,C++,transcript_only,13,780,840,template,0.0348
v31,C++,transcript_only,14,840,900,variable,0.213
v31,C++,transcript_only,14,840,900,data type,0.2027
v31,C++,transcript_only,14,840,900,pointer,0.1344
v31,C++,transcript_only,14,840,900,reference,0.2012
v31,C++,transcript_only,14,840,900,class,0.1303
v31,C++,transcript_only,14,840,900,object,0.1778
v31,C++,transcript_only,14,840,900,constructor,0.0703
v31,C++,transcript_only,14,840,900,inheritance,0.0554
v31,C++,transcript_only,14,840,900,polymorphism,0.1109
v31,C++,transcript_only,14,840,900,template,0.0216
v31,C++,transcript_only,15,900,960,variable,0.2625
v31,C++,transcript_only,15,900,960,data type,0.2467
v31,C++,transcript_only,15,900,960,pointer,0.1545
v31,C++,transcript_only,15,900,960,reference,0.2448
v31,C++,transcript_only,15,900,960,class,0.0964
v31,C++,transcript_only,15,900,960,object,0.1451
v31,C++,transcript_only,15,900,960,constructor,0.0477
v31,C++,transcript_only,15,900,960,inheritance,0.0219
v31,C++,transcript_only,15,900,960,polymorphism,0.1163
v31,C++,transcript_only,15,900,960,template,0.0173
v31,C++,transcript_only,16,960,1020,variable,0.2198
v31,C++,transcript_only,16,960,1020,data type,0.2193
v31,C++,transcript_only,16,960,1020,pointer,0.1415
v31,C++,transcript_only,16,960,1020,reference,0.1955
v31,C++,transcript_only,16,960,1020,class,0.07
v31,C++,transcript_only,16,960,1020,object,0.1111
v31,C++,transcript_only,16,960,1020,constructor,0.0317
v31,C++,transcript_only,16,960,1020,inheritance,0.0028
v31,C++,transcript_only,16,960,1020,polymorphism,0.1049
v31,C++,transcript_only,16,960,1020,template,0.0381
v31,C++,transcript_only,17,1020,1080,variable,0.2906
v31,C++,transcript_only,17,1020,1080,data type,0.2717
v31,C++,transcript_only,17,1020,1080,pointer,0.1659
v31,C++,transcript_only,17,1020,1080,reference,0.2696
v31,C++,transcript_only,17,1020,1080,class,0.0769
v31,C++,transcript_only,17,1020,1080,object,0.1261
v31,C++,transcript_only,17,1020,1080,constructor,0.0346
v31,C++,transcript_only,17,1020,1080,inheritance,0.0026
v31,C++,transcript_only,17,1020,1080,polymorphism,0.1193
v31,C++,transcript_only,17,1020,1080,template,0.015
v31,C++,transcript_only,18,1080,1140,variable,0.2036
v31,C++,transcript_only,18,1080,1140,data type,0.1943
v31,C++,transcript_only,18,1080,1140,pointer,0.1305
v31,C++,transcript_only,18,1080,1140,reference,0.1928
v31,C++,transcript_only,18,1080,1140,class,0.1368
v31,C++,transcript_only,18,1080,1140,object,0.1841
v31,C++,transcript_only,18,1080,1140,constructor,0.0747
v31,C++,transcript_only,18,1080,1140,inheritance,0.0618
v31,C++,transcript_only,18,1080,1140,polymorphism,0.1099
v31,C++,transcript_only,18,1080,1140,template,0.0224
v31,C++,transcript_only,19,1140,1200,variable,0.2119
v31,C++,transcript_only,19,1140,1200,data type,0.2017
v31,C++,transcript_only,19,1140,1200,pointer,0.1339
v31,C++,transcript_only,19,1140,1200,reference,0.2002
v31,C++,transcript_only,19,1140,1200,class,0.131
v31,C++,transcript_only,19,1140,1200,object,0.1783
v31,C++,transcript_only,19,1140,1200,constructor,0.0708
v31,C++,transcript_only,19,1140,1200,inheritance,0.056
v31,C++,transcript_only,19,1140,1200,polymorphism,0.1108
v31,C++,transcript_only,19,1140,1200,template,0.0217
v31,C++,transcript_only,20,1200,1260,variable,0.2818
v31,C++,transcript_only,20,1200,1260,data type,0.2652
v31,C++,transcript_only,20,1200,1260,pointer,0.1643
v31,C++,transcript_only,20,1200,1260,reference,0.2615
v31,C++,transcript_only,20,1200,1260,class,0.0751
v31,C++,transcript_only,20,1200,1260,object,0.125
v31,C++,transcript_only,20,1200,1260,constructor,0.0343
v31,C++,transcript_only,20,1200,1260,inheritance,0.0025
v31,C++,transcript_only,20,1200,1260,polymorphism,0.1181
v31,C++,transcript_only,20,1200,1260,template,0.0192
v31,C++,transcript_only,21,1260,1320,variable,0.2669
v31,C++,transcript_only,21,1260,1320,data type,0.2506
v31,C++,transcript_only,21,1260,1320,pointer,0.1563
v31,C++,transcript_only,21,1260,1320,reference,0.2487
v31,C++,transcript_only,21,1260,1320,class,0.0931
v31,C++,transcript_only,21,1260,1320,object,0.1418
v31,C++,transcript_only,21,1260,1320,constructor,0.0455
v31,C++,transcript_only,21,1260,1320,inheritance,0.0186
v31,C++,transcript_only,21,1260,1320,polymorphism,0.1168
v31,C++,transcript_only,21,1260,1320,template,0.017
v31,C++,transcript_only,22,1320,1380,variable,0.2909
v31,C++,transcript_only,22,1320,1380,data type,0.272
v31,C++,transcript_only,22,1320,1380,pointer,0.1661
v31,C++,transcript_only,22,1320,1380,reference,0.2699
v31,C++,transcript_only,22,1320,1380,class,0.0768
v31,C++,transcript_only,22,1320,1380,object,0.1261
v31,C++,transcript_only,22,1320,1380,constructor,0.0346
v31,C++,transcript_only,22,1320,1380,inheritance,0.0025
v31,C++,transcript_only,22,1320,1380,polymorphism,0.1194
v31,C++,transcript_only,22,1320,1380,template,0.015
v31,C++,transcript_only,23,1380,1440,variable,0.2912
v31,C++,transcript_only,23,1380,1440,data type,0.2722
v31,C++,transcript_only,23,1380,1440,pointer,0.1662
v31,C++,transcript_only,23,1380,1440,reference,0.2702
v31,C++,transcript_only,23,1380,1440,class,0.0767
v31,C++,transcript_only,23,1380,1440,object,0.126
v31,C++,transcript_only,23,1380,1440,constructor,0.0345
v31,C++,transcript_only,23,1380,1440,inheritance,0.0024
v31,C++,transcript_only,23,1380,1440,polymorphism,0.1194
v31,C++,transcript_only,23,1380,1440,template,0.0149
v31,C++,transcript_only,24,1440,1500,variable,0.2753
v31,C++,transcript_only,24,1440,1500,data type,0.2605
v31,C++,transcript_only,24,1440,1500,pointer,0.1631
v31,C++,transcript_only,24,1440,1500,reference,0.2555
v31,C++,transcript_only,24,1440,1500,class,0.0737
v31,C++,transcript_only,24,1440,1500,object,0.1242
v31,C++,transcript_only,24,1440,1500,constructor,0.034
v31,C++,transcript_only,24,1440,1500,inheritance,0.0025
v31,C++,transcript_only,24,1440,1500,polymorphism,0.1172
v31,C++,transcript_only,24,1440,1500,template,0.0222
v31,C++,transcript_only,25,1500,1560,variable,0.2383
v31,C++,transcript_only,25,1500,1560,data type,0.2281
v31,C++,transcript_only,25,1500,1560,pointer,0.1418
v31,C++,transcript_only,25,1500,1560,reference,0.2167
v31,C++,transcript_only,25,1500,1560,class,0.0997
v31,C++,transcript_only,25,1500,1560,object,0.1409
v31,C++,transcript_only,25,1500,1560,constructor,0.0485
v31,C++,transcript_only,25,1500,1560,inheritance,0.0247
v31,C++,transcript_only,25,1500,1560,polymorphism,0.11
v31,C++,transcript_only,25,1500,1560,template,0.0205
v31,C++,transcript_only,26,1560,1620,variable,0.2915
v31,C++,transcript_only,26,1560,1620,data type,0.2725
v31,C++,transcript_only,26,1560,1620,pointer,0.1663
v31,C++,transcript_only,26,1560,1620,reference,0.2705
v31,C++,transcript_only,26,1560,1620,class,0.0766
v31,C++,transcript_only,26,1560,1620,object,0.1259
v31,C++,transcript_only,26,1560,1620,constructor,0.0344
v31,C++,transcript_only,26,1560,1620,inheritance,0.0023
v31,C++,transcript_only,26,1560,1620,polymorphism,0.1195
v31,C++,transcript_only,26,1560,1620,template,0.0148
v31,C++,transcript_only,27,1620,1680,variable,0.2909
v31,C++,transcript_only,27,1620,1680,data type,0.2719
v31,C++,transcript_only,27,1620,1680,pointer,0.1661
v31,C++,transcript_only,27,1620,1680,reference,0.2699
v31,C++,transcript_only,27,1620,1680,class,0.0768
v31,C++,transcript_only,27,1620,1680,object,0.1261
v31,C++,transcript_only,27,1620,1680,constructor,0.0346
v31,C++,transcript_only,27,1620,1680,inheritance,0.0025
v31,C++,transcript_only,27,1620,1680,polymorphism,0.1194
v31,C++,transcript_only,27,1620,1680,template,0.015
v31,C++,transcript_only,28,1680,1740,variable,0.2912
v31,C++,transcript_only,28,1680,1740,data type,0.2722
v31,C++,transcript_only,28,1680,1740,pointer,0.1662
v31,C++,transcript_only,28,1680,1740,reference,0.2702
v31,C++,transcript_only,28,1680,1740,class,0.0767
v31,C++,transcript_only,28,1680,1740,object,0.126
v31,C++,transcript_only,28,1680,1740,constructor,0.0345
v31,C++,transcript_only,28,1680,1740,inheritance,0.0024
v31,C++,transcript_only,28,1680,1740,polymorphism,0.1194
v31,C++,transcript_only,28,1680,1740,template,0.0149
v31,C++,transcript_only,29,1740,1800,variable,0.2905
v31,C++,transcript_only,29,1740,1800,data type,0.2717
v31,C++,transcript_only,29,1740,1800,pointer,0.1659
v31,C++,transcript_only,29,1740,1800,reference,0.2696
v31,C++,transcript_only,29,1740,1800,class,0.0769
v31,C++,transcript_only,29,1740,1800,object,0.1262
v31,C++,transcript_only,29,1740,1800,constructor,0.0346
v31,C++,transcript_only,29,1740,1800,inheritance,0.0026
v31,C++,transcript_only,29,1740,1800,polymorphism,0.1193
v31,C++,transcript_only,29,1740,1800,template,0.015
v31,C++,transcript_only,30,1800,1860,variable,0.2487
v31,C++,transcript_only,30,1800,1860,data type,0.2344
v31,C++,transcript_only,30,1800,1860,pointer,0.1489
v31,C++,transcript_only,30,1800,1860,reference,0.2327
v31,C++,transcript_only,30,1800,1860,class,0.106
v31,C++,transcript_only,30,1800,1860,object,0.1543
v31,C++,transcript_only,30,1800,1860,constructor,0.0541
v31,C++,transcript_only,30,1800,1860,inheritance,0.0313
v31,C++,transcript_only,30,1800,1860,polymorphism,0.1148
v31,C++,transcript_only,30,1800,1860,template,0.0185
v31,C++,transcript_only,31,1860,1920,variable,0.2904
v31,C++,transcript_only,31,1860,1920,data type,0.2716
v31,C++,transcript_only,31,1860,1920,pointer,0.1659
v31,C++,transcript_only,31,1860,1920,reference,0.2695
v31,C++,transcript_only,31,1860,1920,class,0.077
v31,C++,transcript_only,31,1860,1920,object,0.1262
v31,C++,transcript_only,31,1860,1920,constructor,0.0347
v31,C++,transcript_only,31,1860,1920,inheritance,0.0027
v31,C++,transcript_only,31,1860,1920,polymorphism,0.1193
v31,C++,transcript_only,31,1860,1920,template,0.015
v31,C++,transcript_only,32,1920,1980,variable,0.2911
v31,C++,transcript_only,32,1920,1980,data type,0.2721
v31,C++,transcript_only,32,1920,1980,pointer,0.1662
v31,C++,transcript_only,32,1920,1980,reference,0.2701
v31,C++,transcript_only,32,1920,1980,class,0.0767
v31,C++,transcript_only,32,1920,1980,object,0.126
v31,C++,transcript_only,32,1920,1980,constructor,0.0345
v31,C++,transcript_only,32,1920,1980,inheritance,0.0024
v31,C++,transcript_only,32,1920,1980,polymorphism,0.1194
v31,C++,transcript_only,32,1920,1980,template,0.0149
v31,C++,transcript_only,33,1980,2040,variable,0.2904
v31,C++,transcript_only,33,1980,2040,data type,0.2716
v31,C++,transcript_only,33,1980,2040,pointer,0.1659
v31,C++,transcript_only,33,1980,2040,reference,0.2695
v31,C++,transcript_only,33,1980,2040,class,0.077
v31,C++,transcript_only,33,1980,2040,object,0.1262
v31,C++,transcript_only,33,1980,2040,constructor,0.0347
v31,C++,transcript_only,33,1980,2040,inheritance,0.0027
v31,C++,transcript_only,33,1980,2040,polymorphism,0.1193
v31,C++,transcript_only,33,1980,2040,template,0.015
v31,C++,transcript_only,34,2040,2100,variable,0.1544
v31,C++,transcript_only,34,2040,2100,data type,0.1709
v31,C++,transcript_only,34,2040,2100,pointer,0.1283
v31,C++,transcript_only,34,2040,2100,reference,0.1346
v31,C++,transcript_only,34,2040,2100,class,0.0584
v31,C++,transcript_only,34,2040,2100,object,0.1035
v31,C++,transcript_only,34,2040,2100,constructor,0.0296
v31,C++,transcript_only,34,2040,2100,inheritance,0.0033
v31,C++,transcript_only,34,2040,2100,polymorphism,0.0954
v31,C++,transcript_only,34,2040,2100,template,0.0678
v31,C++,transcript_only,35,2100,2160,variable,0.034
v31,C++,transcript_only,35,2100,2160,data type,0.0812
v31,C++,transcript_only,35,2100,2160,pointer,0.1135
v31,C++,transcript_only,35,2100,2160,reference,0.0324
v31,C++,transcript_only,35,2100,2160,class,0.0354
v31,C++,transcript_only,35,2100,2160,object,0.1006
v31,C++,transcript_only,35,2100,2160,constructor,0.0291
v31,C++,transcript_only,35,2100,2160,inheritance,0.0076
v31,C++,transcript_only,35,2100,2160,polymorphism,0.0829
v31,C++,transcript_only,35,2100,2160,template,0.1304
v32,C++,transcript_only,0,0,60,variable,0.2048
v32,C++,transcript_only,0,0,60,data type,0.1954
v32,C++,transcript_only,0,0,60,pointer,0.131
v32,C++,transcript_only,0,0,60,reference,0.1939
v32,C++,transcript_only,0,0,60,class,0.1359
v32,C++,transcript_only,0,0,60,object,0.1832
v32,C++,transcript_only,0,0,60,constructor,0.0741
v32,C++,transcript_only,0,0,60,inheritance,0.0609
v32,C++,transcript_only,0,0,60,polymorphism,0.11
v32,C++,transcript_only,0,0,60,template,0.0223
v32,C++,transcript_only,1,60,120,variable,0.2394
v32,C++,transcript_only,1,60,120,data type,0.2262
v32,C++,transcript_only,1,60,120,pointer,0.145
v32,C++,transcript_only,1,60,120,reference,0.2244
v32,C++,transcript_only,1,60,120,class,0.1119
v32,C++,transcript_only,1,60,120,object,0.1598
v32,C++,transcript_only,1,60,120,constructor,0.058
v32,C++,transcript_only,1,60,120,inheritance,0.0372
v32,C++,transcript_only,1,60,120,polymorphism,0.1138
v32,C++,transcript_only,1,60,120,template,0.0194
v32,C++,transcript_only,2,120,180,variable,0.2897
v32,C++,transcript_only,2,120,180,data type,0.271
v32,C++,transcript_only,2,120,180,pointer,0.1655
v32,C++,transcript_only,2,120,180,reference,0.2688
v32,C++,transcript_only,2,120,180,class,0.0773
v32,C++,transcript_only,2,120,180,object,0.1263
v32,C++,transcript_only,2,120,180,constructor,0.0348
v32,C++,transcript_only,2,120,180,inheritance,0.003
v32,C++,transcript_only,2,120,180,polymorphism,0.1192
v32,C++,transcript_only,2,120,180,template,0.0152
v32,C++,transcript_only,3,180,240,variable,0.2127
v32,C++,transcript_only,3,180,240,data type,0.2024
v32,C++,transcript_only,3,180,240,pointer,0.1341
v32,C++,transcript_only,3,180,240,reference,0.2008
v32,C++,transcript_only,3,180,240,class,0.1302
v32,C++,transcript_only,3,180,240,object,0.1775
v32,C++,transcript_only,3,180,240,constructor,0.0703
v32,C++,transcript_only,3,180,240,inheritance,0.0553
v32,C++,transcript_only,3,180,240,polymorphism,0.1108
v32,C++,transcript_only,3,180,240,template,0.0217
v32,C++,transcript_only,4,240,300,variable,0.2148
v32,C++,transcript_only,4,240,300,data type,0.2043
v32,C++,transcript_only,4,240,300,pointer,0.135
v32,C++,transcript_only,4,240,300,reference,0.2026
v32,C++,transcript_only,4,240,300,class,0.1288
v32,C++,transcript_only,4,240,300,object,0.1761
v32,C++,transcript_only,4,240,300,constructor,0.0693
v32,C++,transcript_only,4,240,300,inheritance,0.0539
v32,C++,transcript_only,4,240,300,polymorphism,0.1111
v32,C++,transcript_only,4,240,300,template,0.0215
v32,C++,transcript_only,5,300,360,variable,0.2496
v32,C++,transcript_only,5,300,360,data type,0.2413
v32,C++,transcript_only,5,300,360,pointer,0.1434
v32,C++,transcript_only,5,300,360,reference,0.2196
v32,C++,transcript_only,5,300,360,class,0.0776
v32,C++,transcript_only,5,300,360,object,0.1116
v32,C++,transcript_only,5,300,360,constructor,0.0323
v32,C++,transcript_only,5,300,360,inheritance,0.0025
v32,C++,transcript_only,5,300,360,polymorphism,0.1075
v32,C++,transcript_only,5,300,360,template,0.0208
v32,C++,transcript_only,6,360,420,variable,0.2902
v32,C++,transcript_only,6,360,420,data type,0.2714
v32,C++,transcript_only,6,360,420,pointer,0.1657
v32,C++,transcript_only,6,360,420,reference,0.2692
v32,C++,transcript_only,6,360,420,class,0.0771
v32,C++,transcript_only,6,360,420,object,0.1262
v32,C++,transcript_only,6,360,420,constructor,0.0347
v32,C++,transcript_only,6,360,420,inheritance,0.0028
v32,C++,transcript_only,6,360,420,polymorphism,0.1193
v32,C++,transcript_only,6,360,420,template,0.0151
v32,C++,transcript_only,7,420,480,variable,0.2901
v32,C++,transcript_only,7,420,480,data type,0.2713
v32,C++,transcript_only,7,420,480,pointer,0.1657
v32,C++,transcript_only,7,420,480,reference,0.2692
v32,C++,transcript_only,7,420,480,class,0.0771
v32,C++,transcript_only,7,420,480,object,0.1262
v32,C++,transcript_only,7,420,480,constructor,0.0347
v32,C++,transcript_only,7,420,480,inheritance,0.0028
v32,C++,transcript_only,7,420,480,polymorphism,0.1193
v32,C++,transcript_only,7,420,480,template,0.0151
v32,C++,transcript_only,8,480,540,variable,0.2389
v32,C++,transcript_only,8,480,540,data type,0.2276
v32,C++,transcript_only,8,480,540,pointer,0.143
v32,C++,transcript_only,8,480,540,reference,0.2197
v32,C++,transcript_only,8,480,540,class,0.1039
v32,C++,transcript_only,8,480,540,object,0.1476
v32,C++,transcript_only,8,480,540,constructor,0.0518
v32,C++,transcript_only,8,480,540,inheritance,0.0291
v32,C++,transcript_only,8,480,540,polymorphism,0.1114
v32,C++,transcript_only,8,480,540,template,0.0201
v32,C++,transcript_only,9,540,600,variable,0.26
v32,C++,transcript_only,9,540,600,data type,0.2475
v32,C++,transcript_only,9,540,600,pointer,0.1569
v32,C++,transcript_only,9,540,600,reference,0.2413
v32,C++,transcript_only,9,540,600,class,0.0708
v32,C++,transcript_only,9,540,600,object,0.1203
v32,C++,transcript_only,9,540,600,constructor,0.0331
v32,C++,transcript_only,9,540,600,inheritance,0.0028
v32,C++,transcript_only,9,540,600,polymorphism,0.1129
v32,C++,transcript_only,9,540,600,template,0.0252
v32,C++,transcript_only,10,600,660,variable,0.2571
v32,C++,transcript_only,10,600,660,data type,0.2442
v32,C++,transcript_only,10,600,660,pointer,0.1489
v32,C++,transcript_only,10,600,660,reference,0.2442
v32,C++,transcript_only,10,600,660,class,0.1282
v32,C++,transcript_only,10,600,660,object,0.1672
v32,C++,transcript_only,10,600,660,constructor,0.0621
v32,C++,transcript_only,10,600,660,inheritance,0.0394
v32,C++,transcript_only,10,600,660,polymorphism,0.1277
v32,C++,transcript_only,10,600,660,template,0.0225
v32,C++,transcript_only,11,660,720,variable,0.19
v32,C++,transcript_only,11,660,720,data type,0.1954
v32,C++,transcript_only,11,660,720,pointer,0.1392
v32,C++,transcript_only,11,660,720,reference,0.1798
v32,C++,transcript_only,11,660,720,class,0.0941
v32,C++,transcript_only,11,660,720,object,0.1423
v32,C++,transcript_only,11,660,720,constructor,0.0491
v32,C++,transcript_only,11,660,720,inheritance,0.0259
v32,C++,transcript_only,11,660,720,polymorphism,0.1127
v32,C++,transcript_only,11,660,720,template,0.0557
v33,C++,transcript_only,0,0,60,variable,0.1637
v33,C++,transcript_only,0,0,60,data type,0.1747
v33,C++,transcript_only,0,0,60,pointer,0.1366
v33,C++,transcript_only,0,0,60,reference,0.1532
v33,C++,transcript_only,0,0,60,class,0.0722
v33,C++,transcript_only,0,0,60,object,0.1282
v33,C++,transcript_only,0,0,60,constructor,0.041
v33,C++,transcript_only,0,0,60,inheritance,0.0176
v33,C++,transcript_only,0,0,60,polymorphism,0.102
v33,C++,transcript_only,0,0,60,template,0.0654
v33,C++,transcript_only,1,60,120,variable,0.2908
v33,C++,transcript_only,1,60,120,data type,0.2719
v33,C++,transcript_only,1,60,120,pointer,0.166
v33,C++,transcript_only,1,60,120,reference,0.2698
v33,C++,transcript_only,1,60,120,class,0.0768
v33,C++,transcript_only,1,60,120,object,0.1261
v33,C++,transcript_only,1,60,120,constructor,0.0346
v33,C++,transcript_only,1,60,120,inheritance,0.0025
v33,C++,transcript_only,1,60,120,polymorphism,0.1194
v33,C++,transcript_only,1,60,120,template,0.015
v33,C++,transcript_only,2,120,180,variable,0.2604
v33,C++,transcript_only,2,120,180,data type,0.2449
v33,C++,transcript_only,2,120,180,pointer,0.1536
v33,C++,transcript_only,2,120,180,reference,0.243
v33,C++,transcript_only,2,120,180,class,0.0977
v33,C++,transcript_only,2,120,180,object,0.1462
v33,C++,transcript_only,2,120,180,constructor,0.0485
v33,C++,transcript_only,2,120,180,inheritance,0.0232
v33,C++,transcript_only,2,120,180,polymorphism,0.1161
v33,C++,transcript_only,2,120,180,template,0.0176
v33,C++,transcript_only,3,180,240,variable,0.2628
v33,C++,transcript_only,3,180,240,data type,0.247
v33,C++,transcript_only,3,180,240,pointer,0.1546
v33,C++,transcript_only,3,180,240,reference,0.2451
v33,C++,transcript_only,3,180,240,class,0.096
v33,C++,transcript_only,3,180,240,object,0.1445
v33,C++,transcript_only,3,180,240,constructor,0.0474
v33,C++,transcript_only,3,180,240,inheritance,0.0214
v33,C++,transcript_only,3,180,240,polymorphism,0.1163
v33,C++,transcript_only,3,180,240,template,0.0174
v33,C++,transcript_only,4,240,300,variable,0.2668
v33,C++,transcript_only,4,240,300,data type,0.2505
v33,C++,transcript_only,4,240,300,pointer,0.1563
v33,C++,transcript_only,4,240,300,reference,0.2486
v33,C++,transcript_only,4,240,300,class,0.0935
v33,C++,transcript_only,4,240,300,object,0.1422
v33,C++,transcript_only,4,240,300,constructor,0.0457
v33,C++,transcript_only,4,240,300,inheritance,0.019
v33,C++,transcript_only,4,240,300,polymorphism,0.1168
v33,C++,transcript_only,4,240,300,template,0.017
v33,C++,transcript_only,5,300,360,variable,0.2909
v33,C++,transcript_only,5,300,360,data type,0.2719
v33,C++,transcript_only,5,300,360,pointer,0.1661
v33,C++,transcript_only,5,300,360,reference,0.2699
v33,C++,transcript_only,5,300,360,class,0.0768
v33,C++,transcript_only,5,300,360,object,0.1261
v33,C++,transcript_only,5,300,360,constructor,0.0346
v33,C++,transcript_only,5,300,360,inheritance,0.0025
v33,C++,transcript_only,5,300,360,polymorphism,0.1194
v33,C++,transcript_only,5,300,360,template,0.015
v33,C++,transcript_only,6,360,420,variable,0.2908
v33,C++,transcript_only,6,360,420,data type,0.2718
v33,C++,transcript_only,6,360,420,pointer,0.166
v33,C++,transcript_only,6,360,420,reference,0.2698
v33,C++,transcript_only,6,360,420,class,0.0769
v33,C++,transcript_only,6,360,420,object,0.1261
v33,C++,transcript_only,6,360,420,constructor,0.0346
v33,C++,transcript_only,6,360,420,inheritance,0.0026
v33,C++,transcript_only,6,360,420,polymorphism,0.1194
v33,C++,transcript_only,6,360,420,template,0.015
v33,C++,transcript_only,7,420,480,variable,0.2911
v33,C++,transcript_only,7,420,480,data type,0.2721
v33,C++,transcript_only,7,420,480,pointer,0.1661
v33,C++,transcript_only,7,420,480,reference,0.2701
v33,C++,transcript_only,7,420,480,class,0.0767
v33,C++,transcript_only,7,420,480,object,0.126
v33,C++,transcript_only,7,420,480,constructor,0.0345
v33,C++,transcript_only,7,420,480,inheritance,0.0025
v33,C++,transcript_only,7,420,480,polymorphism,0.1194
v33,C++,transcript_only,7,420,480,template,0.0149
v33,C++,transcript_only,8,480,540,variable,0.2513
v33,C++,transcript_only,8,480,540,data type,0.2367
v33,C++,transcript_only,8,480,540,pointer,0.1499
v33,C++,transcript_only,8,480,540,reference,0.2349
v33,C++,transcript_only,8,480,540,class,0.1041
v33,C++,transcript_only,8,480,540,object,0.1525
v33,C++,transcript_only,8,480,540,constructor,0.0528
v33,C++,transcript_only,8,480,540,inheritance,0.0295
v33,C++,transcript_only,8,480,540,polymorphism,0.1151
v33,C++,transcript_only,8,480,540,template,0.0183
v33,C++,transcript_only,9,540,600,variable,0.183
v33,C++,transcript_only,9,540,600,data type,0.1835
v33,C++,transcript_only,9,540,600,pointer,0.1326
v33,C++,transcript_only,9,540,600,reference,0.1726
v33,C++,transcript_only,9,540,600,class,0.1078
v33,C++,transcript_only,9,540,600,object,0.1591
v33,C++,transcript_only,9,540,600,constructor,0.0598
v33,C++,transcript_only,9,540,600,inheritance,0.0423
v33,C++,transcript_only,9,540,600,polymorphism,0.106
v33,C++,transcript_only,9,540,600,template,0.0427
v33,C++,transcript_only,10,600,660,variable,0.0916
v33,C++,transcript_only,10,600,660,data type,0.1128
v33,C++,transcript_only,10,600,660,pointer,0.1104
v33,C++,transcript_only,10,600,660,reference,0.0889
v33,C++,transcript_only,10,600,660,class,0.109
v33,C++,transcript_only,10,600,660,object,0.1648
v33,C++,transcript_only,10,600,660,constructor,0.067
v33,C++,transcript_only,10,600,660,inheritance,0.0567
v33,C++,transcript_only,10,600,660,polymorphism,0.0936
v33,C++,transcript_only,10,600,660,template,0.0771
v33,C++,transcript_only,11,660,720,variable,0.0339
v33,C++,transcript_only,11,660,720,data type,0.0811
v33,C++,transcript_only,11,660,720,pointer,0.1136
v33,C++,transcript_only,11,660,720,reference,0.0323
v33,C++,transcript_only,11,660,720,class,0.0351
v33,C++,transcript_only,11,660,720,object,0.1004
v33,C++,transcript_only,11,660,720,constructor,0.0289
v33,C++,transcript_only,11,660,720,inheritance,0.0074
v33,C++,transcript_only,11,660,720,polymorphism,0.0828
v33,C++,transcript_only,11,660,720,template,0.1307
v34,C++,transcript_only,0,0,60,variable,0.0318
v34,C++,transcript_only,0,0,60,data type,0.0804
v34,C++,transcript_only,0,0,60,pointer,0.1153
v34,C++,transcript_only,0,0,60,reference,0.0304
v34,C++,transcript_only,0,0,60,class,0.0301
v34,C++,transcript_only,0,0,60,object,0.0974
v34,C++,transcript_only,0,0,60,constructor,0.0267
v34,C++,transcript_only,0,0,60,inheritance,0.0044
v34,C++,transcript_only,0,0,60,polymorphism,0.0825
v34,C++,transcript_only,0,0,60,template,0.134
v34,C++,transcript_only,1,60,120,variable,0.1455
v34,C++,transcript_only,1,60,120,data type,0.1645
v34,C++,transcript_only,1,60,120,pointer,0.1378
v34,C++,transcript_only,1,60,120,reference,0.1356
v34,C++,transcript_only,1,60,120,class,0.0502
v34,C++,transcript_only,1,60,120,object,0.1098
v34,C++,transcript_only,1,60,120,constructor,0.03
v34,C++,transcript_only,1,60,120,inheritance,0.0033
v34,C++,transcript_only,1,60,120,polymorphism,0.0987
v34,C++,transcript_only,1,60,120,template,0.0819
v34,C++,transcript_only,2,120,180,variable,0.1739
v34,C++,transcript_only,2,120,180,data type,0.1855
v34,C++,transcript_only,2,120,180,pointer,0.1433
v34,C++,transcript_only,2,120,180,reference,0.1618
v34,C++,transcript_only,2,120,180,class,0.0555
v34,C++,transcript_only,2,120,180,object,0.113
v34,C++,transcript_only,2,120,180,constructor,0.0309
v34,C++,transcript_only,2,120,180,inheritance,0.0032
v34,C++,transcript_only,2,120,180,polymorphism,0.1027
v34,C++,transcript_only,2,120,180,template,0.0688
v34,C++,transcript_only,3,180,240,variable,0.1133
v34,C++,transcript_only,3,180,240,data type,0.1406
v34,C++,transcript_only,3,180,240,pointer,0.1314
v34,C++,transcript_only,3,180,240,reference,0.1057
v34,C++,transcript_only,3,180,240,class,0.0445
v34,C++,transcript_only,3,180,240,object,0.1063
v34,C++,transcript_only,3,180,240,constructor,0.029
v34,C++,transcript_only,3,180,240,inheritance,0.0036
v34,C++,transcript_only,3,180,240,polymorphism,0.0941
v34,C++,transcript_only,3,180,240,template,0.0967
v34,C++,transcript_only,4,240,300,variable,0.1787
v34,C++,transcript_only,4,240,300,data type,0.1814
v34,C++,transcript_only,4,240,300,pointer,0.1335
v34,C++,transcript_only,4,240,300,reference,0.1683
v34,C++,transcript_only,4,240,300,class,0.1004
v34,C++,transcript_only,4,240,300,object,0.1529
v34,C++,transcript_only,4,240,300,constructor,0.0559
v34,C++,transcript_only,4,240,300,inheritance,0.0373
v34,C++,transcript_only,4,240,300,polymorphism,0.1051
v34,C++,transcript_only,4,240,300,template,0.0476
v34,C++,transcript_only,5,300,360,variable,0.2314
v34,C++,transcript_only,5,300,360,data type,0.228
v34,C++,transcript_only,5,300,360,pointer,0.1546
v34,C++,transcript_only,5,300,360,reference,0.2149
v34,C++,transcript_only,5,300,360,class,0.0657
v34,C++,transcript_only,5,300,360,object,0.1193
v34,C++,transcript_only,5,300,360,constructor,0.0326
v34,C++,transcript_only,5,300,360,inheritance,0.0027
v34,C++,transcript_only,5,300,360,polymorphism,0.1109
v34,C++,transcript_only,5,300,360,template,0.0425
v34,C++,transcript_only,6,360,420,variable,0.1715
v34,C++,transcript_only,6,360,420,data type,0.1837
v34,C++,transcript_only,6,360,420,pointer,0.1428
v34,C++,transcript_only,6,360,420,reference,0.1595
v34,C++,transcript_only,6,360,420,class,0.055
v34,C++,transcript_only,6,360,420,object,0.1127
v34,C++,transcript_only,6,360,420,constructor,0.0308
v34,C++,transcript_only,6,360,420,inheritance,0.0032
v34,C++,transcript_only,6,360,420,polymorphism,0.1024
v34,C++,transcript_only,6,360,420,template,0.0699
v34,C++,transcript_only,7,420,480,variable,0.1595
v34,C++,transcript_only,7,420,480,data type,0.1748
v34,C++,transcript_only,7,420,480,pointer,0.1404
v34,C++,transcript_only,7,420,480,reference,0.1484
v34,C++,transcript_only,7,420,480,class,0.053
v34,C++,transcript_only,7,420,480,object,0.1115
v34,C++,transcript_only,7,420,480,constructor,0.0305
v34,C++,transcript_only,7,420,480,inheritance,0.0034
v34,C++,transcript_only,7,420,480,polymorphism,0.1007
v34,C++,transcript_only,7,420,480,template,0.0754
v34,C++,transcript_only,8,480,540,variable,0.2112
v34,C++,transcript_only,8,480,540,data type,0.2107
v34,C++,transcript_only,8,480,540,pointer,0.1471
v34,C++,transcript_only,8,480,540,reference,0.1969
v34,C++,transcript_only,8,480,540,class,0.0762
v34,C++,transcript_only,8,480,540,object,0.1296
v34,C++,transcript_only,8,480,540,constructor,0.04
v34,C++,transcript_only,8,480,540,inheritance,0.0138
v34,C++,transcript_only,8,480,540,polymorphism,0.1086
v34,C++,transcript_only,8,480,540,template,0.0456
v34,C++,transcript_only,9,540,600,variable,0.0996
v34,C++,transcript_only,9,540,600,data type,0.1305
v34,C++,transcript_only,9,540,600,pointer,0.1285
v34,C++,transcript_only,9,540,600,reference,0.0931
v34,C++,transcript_only,9,540,600,class,0.0425
v34,C++,transcript_only,9,540,600,object,0.105
v34,C++,transcript_only,9,540,600,constructor,0.0288
v34,C++,transcript_only,9,540,600,inheritance,0.004
v34,C++,transcript_only,9,540,600,polymorphism,0.0921
v34,C++,transcript_only,9,540,600,template,0.1028
v34,C++,transcript_only,10,600,660,variable,0.0371
v34,C++,transcript_only,10,600,660,data type,0.0823
v34,C++,transcript_only,10,600,660,pointer,0.111
v34,C++,transcript_only,10,600,660,reference,0.0352
v34,C++,transcript_only,10,600,660,class,0.0428
v34,C++,transcript_only,10,600,660,object,0.105
v34,C++,transcript_only,10,600,660,constructor,0.0323
v34,C++,transcript_only,10,600,660,inheritance,0.0121
v34,C++,transcript_only,10,600,660,polymorphism,0.0834
v34,C++,transcript_only,10,600,660,template,0.1256
v35,C++,transcript_only,0,0,60,variable,0.2908
v35,C++,transcript_only,0,0,60,data type,0.2719
v35,C++,transcript_only,0,0,60,pointer,0.166
v35,C++,transcript_only,0,0,60,reference,0.2698
v35,C++,transcript_only,0,0,60,class,0.0768
v35,C++,transcript_only,0,0,60,object,0.1261
v35,C++,transcript_only,0,0,60,constructor,0.0346
v35,C++,transcript_only,0,0,60,inheritance,0.0026
v35,C++,transcript_only,0,0,60,polymorphism,0.1194
v35,C++,transcript_only,0,0,60,template,0.015
v35,C++,transcript_only,1,60,120,variable,0.1776
v35,C++,transcript_only,1,60,120,data type,0.1712
v35,C++,transcript_only,1,60,120,pointer,0.1199
v35,C++,transcript_only,1,60,120,reference,0.17
v35,C++,transcript_only,1,60,120,class,0.1547
v35,C++,transcript_only,1,60,120,object,0.2014
v35,C++,transcript_only,1,60,120,constructor,0.0867
v35,C++,transcript_only,1,60,120,inheritance,0.0795
v35,C++,transcript_only,1,60,120,polymorphism,0.1071
v35,C++,transcript_only,1,60,120,template,0.0245
v35,C++,transcript_only,2,120,180,variable,0.0936
v35,C++,transcript_only,2,120,180,data type,0.0964
v35,C++,transcript_only,2,120,180,pointer,0.0857
v35,C++,transcript_only,2,120,180,reference,0.0958
v35,C++,transcript_only,2,120,180,class,0.2125
v35,C++,transcript_only,2,120,180,object,0.2572
v35,C++,transcript_only,2,120,180,constructor,0.1253
v35,C++,transcript_only,2,120,180,inheritance,0.1366
v35,C++,transcript_only,2,120,180,polymorphism,0.0979
v35,C++,transcript_only,2,120,180,template,0.0317
v35,C++,transcript_only,3,180,240,variable,0.1444
v35,C++,transcript_only,3,180,240,data type,0.1417
v35,C++,transcript_only,3,180,240,pointer,0.1064
v35,C++,transcript_only,3,180,240,reference,0.1406
v35,C++,transcript_only,3,180,240,class,0.1775
v35,C++,transcript_only,3,180,240,object,0.2234
v35,C++,transcript_only,3,180,240,constructor,0.1019
v35,C++,transcript_only,3,180,240,inheritance,0.102
v35,C++,transcript_only,3,180,240,polymorphism,0.1035
v35,C++,transcript_only,3,180,240,template,0.0274
v35,C++,transcript_only,4,240,300,variable,0.2535
v35,C++,transcript_only,4,240,300,data type,0.2387
v35,C++,transcript_only,4,240,300,pointer,0.1508
v35,C++,transcript_only,4,240,300,reference,0.2369
v35,C++,transcript_only,4,240,300,class,0.1026
v35,C++,transcript_only,4,240,300,object,0.151
v35,C++,transcript_only,4,240,300,constructor,0.0518
v35,C++,transcript_only,4,240,300,inheritance,0.028
v35,C++,transcript_only,4,240,300,polymorphism,0.1153
v35,C++,transcript_only,4,240,300,template,0.0181
v35,C++,transcript_only,5,300,360,variable,0.2046
v35,C++,transcript_only,5,300,360,data type,0.1953
v35,C++,transcript_only,5,300,360,pointer,0.1309
v35,C++,transcript_only,5,300,360,reference,0.1938
v35,C++,transcript_only,5,300,360,class,0.136
v35,C++,transcript_only,5,300,360,object,0.1832
v35,C++,transcript_only,5,300,360,constructor,0.0741
v35,C++,transcript_only,5,300,360,inheritance,0.0609
v35,C++,transcript_only,5,300,360,polymorphism,0.11
v35,C++,transcript_only,5,300,360,template,0.0223
v35,C++,transcript_only,6,360,420,variable,0.2906
v35,C++,transcript_only,6,360,420,data type,0.2717
v35,C++,transcript_only,6,360,420,pointer,0.1659
v35,C++,transcript_only,6,360,420,reference,0.2696
v35,C++,transcript_only,6,360,420,class,0.0769
v35,C++,transcript_only,6,360,420,object,0.1261
v35,C++,transcript_only,6,360,420,constructor,0.0346
v35,C++,transcript_only,6,360,420,inheritance,0.0026
v35,C++,transcript_only,6,360,420,polymorphism,0.1193
v35,C++,transcript_only,6,360,420,template,0.015
v35,C++,transcript_only,7,420,480,variable,0.291
v35,C++,transcript_only,7,420,480,data type,0.272
v35,C++,transcript_only,7,420,480,pointer,0.1661
v35,C++,transcript_only,7,420,480,reference,0.27
v35,C++,transcript_only,7,420,480,class,0.0768
v35,C++,transcript_only,7,420,480,object,0.1261
v35,C++,transcript_only,7,420,480,constructor,0.0345
v35,C++,transcript_only,7,420,480,inheritance,0.0025
v35,C++,transcript_only,7,420,480,polymorphism,0.1194
v35,C++,transcript_only,7,420,480,template,0.0149
v35,C++,transcript_only,8,480,540,variable,0.2825
v35,C++,transcript_only,8,480,540,data type,0.265
v35,C++,transcript_only,8,480,540,pointer,0.1623
v35,C++,transcript_only,8,480,540,reference,0.2621
v35,C++,transcript_only,8,480,540,class,0.0799
v35,C++,transcript_only,8,480,540,object,0.1279
v35,C++,transcript_only,8,480,540,constructor,0.0365
v35,C++,transcript_only,8,480,540,inheritance,0.0056
v35,C++,transcript_only,8,480,540,polymorphism,0.1183
v35,C++,transcript_only,8,480,540,template,0.0164
v36,C++,transcript_only,0,0,60,variable,0.0409
v36,C++,transcript_only,0,0,60,data type,0.06
v36,C++,transcript_only,0,0,60,pointer,0.0584
v36,C++,transcript_only,0,0,60,reference,0.0611
v36,C++,transcript_only,0,0,60,class,0.3179
v36,C++,transcript_only,0,0,60,object,0.3344
v36,C++,transcript_only,0,0,60,constructor,0.1768
v36,C++,transcript_only,0,0,60,inheritance,0.2015
v36,C++,transcript_only,0,0,60,polymorphism,0.1288
v36,C++,transcript_only,0,0,60,template,0.0591
v36,C++,transcript_only,1,60,120,variable,0.0478
v36,C++,transcript_only,1,60,120,data type,0.0602
v36,C++,transcript_only,1,60,120,pointer,0.0604
v36,C++,transcript_only,1,60,120,reference,0.0635
v36,C++,transcript_only,1,60,120,class,0.3001
v36,C++,transcript_only,1,60,120,object,0.3254
v36,C++,transcript_only,1,60,120,constructor,0.1706
v36,C++,transcript_only,1,60,120,inheritance,0.1957
v36,C++,transcript_only,1,60,120,polymorphism,0.1166
v36,C++,transcript_only,1,60,120,template,0.0446
v36,C++,transcript_only,2,120,180,variable,0.1468
v36,C++,transcript_only,2,120,180,data type,0.1437
v36,C++,transcript_only,2,120,180,pointer,0.1074
v36,C++,transcript_only,2,120,180,reference,0.1427
v36,C++,transcript_only,2,120,180,class,0.1761
v36,C++,transcript_only,2,120,180,object,0.2221
v36,C++,transcript_only,2,120,180,constructor,0.101
v36,C++,transcript_only,2,120,180,inheritance,0.1006
v36,C++,transcript_only,2,120,180,polymorphism,0.1037
v36,C++,transcript_only,2,120,180,template,0.0271
v36,C++,transcript_only,3,180,240,variable,0.0561
v36,C++,transcript_only,3,180,240,data type,0.063
v36,C++,transcript_only,3,180,240,pointer,0.0704
v36,C++,transcript_only,3,180,240,reference,0.0627
v36,C++,transcript_only,3,180,240,class,0.2385
v36,C++,transcript_only,3,180,240,object,0.2824
v36,C++,transcript_only,3,180,240,constructor,0.1427
v36,C++,transcript_only,3,180,240,inheritance,0.1622
v36,C++,transcript_only,3,180,240,polymorphism,0.0939
v36,C++,transcript_only,3,180,240,template,0.0348
v36,C++,transcript_only,4,240,300,variable,0.0561
v36,C++,transcript_only,4,240,300,data type,0.0631
v36,C++,transcript_only,4,240,300,pointer,0.0704
v36,C++,transcript_only,4,240,300,reference,0.0627
v36,C++,transcript_only,4,240,300,class,0.2383
v36,C++,transcript_only,4,240,300,object,0.2821
v36,C++,transcript_only,4,240,300,constructor,0.1426
v36,C++,transcript_only,4,240,300,inheritance,0.162
v36,C++,transcript_only,4,240,300,polymorphism,0.0939
v36,C++,transcript_only,4,240,300,template,0.0348
v36,C++,transcript_only,5,300,360,variable,0.0561
v36,C++,transcript_only,5,300,360,data type,0.0631
v36,C++,transcript_only,5,300,360,pointer,0.0704
v36,C++,transcript_only,5,300,360,reference,0.0627
v36,C++,transcript_only,5,300,360,class,0.2384
v36,C++,transcript_only,5,300,360,object,0.2822
v36,C++,transcript_only,5,300,360,constructor,0.1426
v36,C++,transcript_only,5,300,360,inheritance,0.1621
v36,C++,transcript_only,5,300,360,polymorphism,0.0939
v36,C++,transcript_only,5,300,360,template,0.0348
v36,C++,transcript_only,6,360,420,variable,0.0561
v36,C++,transcript_only,6,360,420,data type,0.063
v36,C++,transcript_only,6,360,420,pointer,0.0704
v36,C++,transcript_only,6,360,420,reference,0.0627
v36,C++,transcript_only,6,360,420,class,0.2384
v36,C++,transcript_only,6,360,420,object,0.2823
v36,C++,transcript_only,6,360,420,constructor,0.1427
v36,C++,transcript_only,6,360,420,inheritance,0.1622
v36,C++,transcript_only,6,360,420,polymorphism,0.0939
v36,C++,transcript_only,6,360,420,template,0.0348
v36,C++,transcript_only,7,420,480,variable,0.0561
v36,C++,transcript_only,7,420,480,data type,0.0631
v36,C++,transcript_only,7,420,480,pointer,0.0704
v36,C++,transcript_only,7,420,480,reference,0.0627
v36,C++,transcript_only,7,420,480,class,0.2383
v36,C++,transcript_only,7,420,480,object,0.2822
v36,C++,transcript_only,7,420,480,constructor,0.1426
v36,C++,transcript_only,7,420,480,inheritance,0.1621
v36,C++,transcript_only,7,420,480,polymorphism,0.0939
v36,C++,transcript_only,7,420,480,template,0.0348
v36,C++,transcript_only,8,480,540,variable,0.056
v36,C++,transcript_only,8,480,540,data type,0.063
v36,C++,transcript_only,8,480,540,pointer,0.0704
v36,C++,transcript_only,8,480,540,reference,0.0627
v36,C++,transcript_only,8,480,540,class,0.2386
v36,C++,transcript_only,8,480,540,object,0.2825
v36,C++,transcript_only,8,480,540,constructor,0.1428
v36,C++,transcript_only,8,480,540,inheritance,0.1623
v36,C++,transcript_only,8,480,540,polymorphism,0.0939
v36,C++,transcript_only,8,480,540,template,0.0348
v36,C++,transcript_only,9,540,600,variable,0.056
v36,C++,transcript_only,9,540,600,data type,0.063
v36,C++,transcript_only,9,540,600,pointer,0.0704
v36,C++,transcript_only,9,540,600,reference,0.0627
v36,C++,transcript_only,9,540,600,class,0.2386
v36,C++,transcript_only,9,540,600,object,0.2825
v36,C++,transcript_only,9,540,600,constructor,0.1428
v36,C++,transcript_only,9,540,600,inheritance,0.1623
v36,C++,transcript_only,9,540,600,polymorphism,0.0939
v36,C++,transcript_only,9,540,600,template,0.0348
v36,C++,transcript_only,10,600,660,variable,0.0561
v36,C++,transcript_only,10,600,660,data type,0.0631
v36,C++,transcript_only,10,600,660,pointer,0.0704
v36,C++,transcript_only,10,600,660,reference,0.0627
v36,C++,transcript_only,10,600,660,class,0.2384
v36,C++,transcript_only,10,600,660,object,0.2822
v36,C++,transcript_only,10,600,660,constructor,0.1426
v36,C++,transcript_only,10,600,660,inheritance,0.1621
v36,C++,transcript_only,10,600,660,polymorphism,0.0939
v36,C++,transcript_only,10,600,660,template,0.0348
v36,C++,transcript_only,11,660,720,variable,0.0486
v36,C++,transcript_only,11,660,720,data type,0.0685
v36,C++,transcript_only,11,660,720,pointer,0.0844
v36,C++,transcript_only,11,660,720,reference,0.0526
v36,C++,transcript_only,11,660,720,class,0.1734
v36,C++,transcript_only,11,660,720,object,0.2246
v36,C++,transcript_only,11,660,720,constructor,0.1065
v36,C++,transcript_only,11,660,720,inheritance,0.1129
v36,C++,transcript_only,11,660,720,polymorphism,0.0903
v36,C++,transcript_only,11,660,720,template,0.0657
v36,C++,transcript_only,12,720,780,variable,0.035
v36,C++,transcript_only,12,720,780,data type,0.0815
v36,C++,transcript_only,12,720,780,pointer,0.1127
v36,C++,transcript_only,12,720,780,reference,0.0333
v36,C++,transcript_only,12,720,780,class,0.0378
v36,C++,transcript_only,12,720,780,object,0.102
v36,C++,transcript_only,12,720,780,constructor,0.0301
v36,C++,transcript_only,12,720,780,inheritance,0.0091
v36,C++,transcript_only,12,720,780,polymorphism,0.083
v36,C++,transcript_only,12,720,780,template,0.1289
v37,C++,transcript_only,0,0,60,variable,0.0561
v37,C++,transcript_only,0,0,60,data type,0.0631
v37,C++,transcript_only,0,0,60,pointer,0.0704
v37,C++,transcript_only,0,0,60,reference,0.0627
v37,C++,transcript_only,0,0,60,class,0.2384
v37,C++,transcript_only,0,0,60,object,0.2822
v37,C++,transcript_only,0,0,60,constructor,0.1426
v37,C++,transcript_only,0,0,60,inheritance,0.1621
v37,C++,transcript_only,0,0,60,polymorphism,0.0939
v37,C++,transcript_only,0,0,60,template,0.0348
v37,C++,transcript_only,1,60,120,variable,0.0561
v37,C++,transcript_only,1,60,120,data type,0.063
v37,C++,transcript_only,1,60,120,pointer,0.0704
v37,C++,transcript_only,1,60,120,reference,0.0627
v37,C++,transcript_only,1,60,120,class,0.2385
v37,C++,transcript_only,1,60,120,object,0.2824
v37,C++,transcript_only,1,60,120,constructor,0.1427
v37,C++,transcript_only,1,60,120,inheritance,0.1622
v37,C++,transcript_only,1,60,120,polymorphism,0.0939
v37,C++,transcript_only,1,60,120,template,0.0348
v37,C++,transcript_only,2,120,180,variable,0.0562
v37,C++,transcript_only,2,120,180,data type,0.0631
v37,C++,transcript_only,2,120,180,pointer,0.0704
v37,C++,transcript_only,2,120,180,reference,0.0627
v37,C++,transcript_only,2,120,180,class,0.2382
v37,C++,transcript_only,2,120,180,object,0.282
v37,C++,transcript_only,2,120,180,constructor,0.1425
v37,C++,transcript_only,2,120,180,inheritance,0.1619
v37,C++,transcript_only,2,120,180,polymorphism,0.0939
v37,C++,transcript_only,2,120,180,template,0.0348
v37,C++,transcript_only,3,180,240,variable,0.0562
v37,C++,transcript_only,3,180,240,data type,0.0631
v37,C++,transcript_only,3,180,240,pointer,0.0704
v37,C++,transcript_only,3,180,240,reference,0.0627
v37,C++,transcript_only,3,180,240,class,0.2382
v37,C++,transcript_only,3,180,240,object,0.282
v37,C++,transcript_only,3,180,240,constructor,0.1425
v37,C++,transcript_only,3,180,240,inheritance,0.162
v37,C++,transcript_only,3,180,240,polymorphism,0.0939
v37,C++,transcript_only,3,180,240,template,0.0348
v37,C++,transcript_only,4,240,300,variable,0.0561
v37,C++,transcript_only,4,240,300,data type,0.0631
v37,C++,transcript_only,4,240,300,pointer,0.0704
v37,C++,transcript_only,4,240,300,reference,0.0627
v37,C++,transcript_only,4,240,300,class,0.2383
v37,C++,transcript_only,4,240,300,object,0.2821
v37,C++,transcript_only,4,240,300,constructor,0.1426
v37,C++,transcript_only,4,240,300,inheritance,0.162
v37,C++,transcript_only,4,240,300,polymorphism,0.0939
v37,C++,transcript_only,4,240,300,template,0.0348
v37,C++,transcript_only,5,300,360,variable,0.0561
v37,C++,transcript_only,5,300,360,data type,0.0631
v37,C++,transcript_only,5,300,360,pointer,0.0704
v37,C++,transcript_only,5,300,360,reference,0.0627
v37,C++,transcript_only,5,300,360,class,0.2383
v37,C++,transcript_only,5,300,360,object,0.2821
v37,C++,transcript_only,5,300,360,constructor,0.1426
v37,C++,transcript_only,5,300,360,inheritance,0.162
v37,C++,transcript_only,5,300,360,polymorphism,0.0939
v37,C++,transcript_only,5,300,360,template,0.0348
v37,C++,transcript_only,6,360,420,variable,0.0561
v37,C++,transcript_only,6,360,420,data type,0.0631
v37,C++,transcript_only,6,360,420,pointer,0.0704
v37,C++,transcript_only,6,360,420,reference,0.0627
v37,C++,transcript_only,6,360,420,class,0.2383
v37,C++,transcript_only,6,360,420,object,0.2822
v37,C++,transcript_only,6,360,420,constructor,0.1426
v37,C++,transcript_only,6,360,420,inheritance,0.1621
v37,C++,transcript_only,6,360,420,polymorphism,0.0939
v37,C++,transcript_only,6,360,420,template,0.0348
v37,C++,transcript_only,7,420,480,variable,0.0561
v37,C++,transcript_only,7,420,480,data type,0.0631
v37,C++,transcript_only,7,420,480,pointer,0.0704
v37,C++,transcript_only,7,420,480,reference,0.0627
v37,C++,transcript_only,7,420,480,class,0.2383
v37,C++,transcript_only,7,420,480,object,0.2822
v37,C++,transcript_only,7,420,480,constructor,0.1426
v37,C++,transcript_only,7,420,480,inheritance,0.1621
v37,C++,transcript_only,7,420,480,polymorphism,0.0939
v37,C++,transcript_only,7,420,480,template,0.0348
v37,C++,transcript_only,8,480,540,variable,0.0562
v37,C++,transcript_only,8,480,540,data type,0.0632
v37,C++,transcript_only,8,480,540,pointer,0.0704
v37,C++,transcript_only,8,480,540,reference,0.0627
v37,C++,transcript_only,8,480,540,class,0.2381
v37,C++,transcript_only,8,480,540,object,0.2818
v37,C++,transcript_only,8,480,540,constructor,0.1424
v37,C++,transcript_only,8,480,540,inheritance,0.1618
v37,C++,transcript_only,8,480,540,polymorphism,0.0939
v37,C++,transcript_only,8,480,540,template,0.0349
v38,C++,transcript_only,0,0,60,variable,0.0394
v38,C++,transcript_only,0,0,60,data type,0.063
v38,C++,transcript_only,0,0,60,pointer,0.0669
v38,C++,transcript_only,0,0,60,reference,0.0565
v38,C++,transcript_only,0,0,60,class,0.2753
v38,C++,transcript_only,0,0,60,object,0.2992
v38,C++,transcript_only,0,0,60,constructor,0.1545
v38,C++,transcript_only,0,0,60,inheritance,0.1722
v38,C++,transcript_only,0,0,60,polymorphism,0.1221
v38,C++,transcript_only,0,0,60,template,0.0705
v38,C++,transcript_only,1,60,120,variable,0.0477
v38,C++,transcript_only,1,60,120,data type,0.0643
v38,C++,transcript_only,1,60,120,pointer,0.0725
v38,C++,transcript_only,1,60,120,reference,0.0578
v38,C++,transcript_only,1,60,120,class,0.2368
v38,C++,transcript_only,1,60,120,object,0.2748
v38,C++,transcript_only,1,60,120,constructor,0.1384
v38,C++,transcript_only,1,60,120,inheritance,0.1541
v38,C++,transcript_only,1,60,120,polymorphism,0.1039
v38,C++,transcript_only,1,60,120,template,0.0561
v38,C++,transcript_only,2,120,180,variable,0.0724
v38,C++,transcript_only,2,120,180,data type,0.0862
v38,C++,transcript_only,2,120,180,pointer,0.0804
v38,C++,transcript_only,2,120,180,reference,0.0811
v38,C++,transcript_only,2,120,180,class,0.2332
v38,C++,transcript_only,2,120,180,object,0.2684
v38,C++,transcript_only,2,120,180,constructor,0.1335
v38,C++,transcript_only,2,120,180,inheritance,0.1452
v38,C++,transcript_only,2,120,180,polymorphism,0.1105
v38,C++,transcript_only,2,120,180,template,0.0535
v38,C++,transcript_only,3,180,240,variable,0.1023
v38,C++,transcript_only,3,180,240,data type,0.1146
v38,C++,transcript_only,3,180,240,pointer,0.1039
v38,C++,transcript_only,3,180,240,reference,0.1006
v38,C++,transcript_only,3,180,240,class,0.1463
v38,C++,transcript_only,3,180,240,object,0.1976
v38,C++,transcript_only,3,180,240,constructor,0.0873
v38,C++,transcript_only,3,180,240,inheritance,0.084
v38,C++,transcript_only,3,180,240,polymorphism,0.0966
v38,C++,transcript_only,3,180,240,template,0.0569
v38,C++,transcript_only,4,240,300,variable,0.0417
v38,C++,transcript_only,4,240,300,data type,0.0666
v38,C++,transcript_only,4,240,300,pointer,0.0427
v38,C++,transcript_only,4,240,300,reference,0.0698
v38,C++,transcript_only,4,240,300,class,0.386
v38,C++,transcript_only,4,240,300,object,0.3686
v38,C++,transcript_only,4,240,300,constructor,0.2021
v38,C++,transcript_only,4,240,300,inheritance,0.2304
v38,C++,transcript_only,4,240,300,polymorphism,0.1573
v38,C++,transcript_only,4,240,300,template,0.068
v39,C++,transcript_only,0,0,60,variable,0.0488
v39,C++,transcript_only,0,0,60,data type,0.0604
v39,C++,transcript_only,0,0,60,pointer,0.0616
v39,C++,transcript_only,0,0,60,reference,0.0634
v39,C++,transcript_only,0,0,60,class,0.2927
v39,C++,transcript_only,0,0,60,object,0.3203
v39,C++,transcript_only,0,0,60,constructor,0.1673
v39,C++,transcript_only,0,0,60,inheritance,0.1917
v39,C++,transcript_only,0,0,60,polymorphism,0.1138
v39,C++,transcript_only,0,0,60,template,0.0434
v39,C++,transcript_only,1,60,120,variable,0.0561
v39,C++,transcript_only,1,60,120,data type,0.0631
v39,C++,transcript_only,1,60,120,pointer,0.0704
v39,C++,transcript_only,1,60,120,reference,0.0627
v39,C++,transcript_only,1,60,120,class,0.2384
v39,C++,transcript_only,1,60,120,object,0.2823
v39,C++,transcript_only,1,60,120,constructor,0.1427
v39,C++,transcript_only,1,60,120,inheritance,0.1621
v39,C++,transcript_only,1,60,120,polymorphism,0.0939
v39,C++,transcript_only,1,60,120,template,0.0348
v39,C++,transcript_only,2,120,180,variable,0.0561
v39,C++,transcript_only,2,120,180,data type,0.0631
v39,C++,transcript_only,2,120,180,pointer,0.0704
v39,C++,transcript_only,2,120,180,reference,0.0627
v39,C++,transcript_only,2,120,180,class,0.2384
v39,C++,transcript_only,2,120,180,object,0.2823
v39,C++,transcript_only,2,120,180,constructor,0.1427
v39,C++,transcript_only,2,120,180,inheritance,0.1622
v39,C++,transcript_only,2,120,180,polymorphism,0.0939
v39,C++,transcript_only,2,120,180,template,0.0348
v39,C++,transcript_only,3,180,240,variable,0.0561
v39,C++,transcript_only,3,180,240,data type,0.063
v39,C++,transcript_only,3,180,240,pointer,0.0704
v39,C++,transcript_only,3,180,240,reference,0.0627
v39,C++,transcript_only,3,180,240,class,0.2385
v39,C++,transcript_only,3,180,240,object,0.2824
v39,C++,transcript_only,3,180,240,constructor,0.1427
v39,C++,transcript_only,3,180,240,inheritance,0.1622
v39,C++,transcript_only,3,180,240,polymorphism,0.0939
v39,C++,transcript_only,3,180,240,template,0.0348
v39,C++,transcript_only,4,240,300,variable,0.056
v39,C++,transcript_only,4,240,300,data type,0.063
v39,C++,transcript_only,4,240,300,pointer,0.0704
v39,C++,transcript_only,4,240,300,reference,0.0627
v39,C++,transcript_only,4,240,300,class,0.2386
v39,C++,transcript_only,4,240,300,object,0.2825
v39,C++,transcript_only,4,240,300,constructor,0.1428
v39,C++,transcript_only,4,240,300,inheritance,0.1623
v39,C++,transcript_only,4,240,300,polymorphism,0.0939
v39,C++,transcript_only,4,240,300,template,0.0348
v39,C++,transcript_only,5,300,360,variable,0.0569
v39,C++,transcript_only,5,300,360,data type,0.0645
v39,C++,transcript_only,5,300,360,pointer,0.0701
v39,C++,transcript_only,5,300,360,reference,0.0618
v39,C++,transcript_only,5,300,360,class,0.2345
v39,C++,transcript_only,5,300,360,object,0.2767
v39,C++,transcript_only,5,300,360,constructor,0.1397
v39,C++,transcript_only,5,300,360,inheritance,0.1582
v39,C++,transcript_only,5,300,360,polymorphism,0.0931
v39,C++,transcript_only,5,300,360,template,0.035
v39,C++,transcript_only,6,360,420,variable,0.0561
v39,C++,transcript_only,6,360,420,data type,0.063
v39,C++,transcript_only,6,360,420,pointer,0.0704
v39,C++,transcript_only,6,360,420,reference,0.0627
v39,C++,transcript_only,6,360,420,class,0.2385
v39,C++,transcript_only,6,360,420,object,0.2824
v39,C++,transcript_only,6,360,420,constructor,0.1427
v39,C++,transcript_only,6,360,420,inheritance,0.1622
v39,C++,transcript_only,6,360,420,polymorphism,0.0939
v39,C++,transcript_only,6,360,420,template,0.0348
v39,C++,transcript_only,7,420,480,variable,0.0561
v39,C++,transcript_only,7,420,480,data type,0.0631
v39,C++,transcript_only,7,420,480,pointer,0.0704
v39,C++,transcript_only,7,420,480,reference,0.0627
v39,C++,transcript_only,7,420,480,class,0.2384
v39,C++,transcript_only,7,420,480,object,0.2823
v39,C++,transcript_only,7,420,480,constructor,0.1427
v39,C++,transcript_only,7,420,480,inheritance,0.1621
v39,C++,transcript_only,7,420,480,polymorphism,0.0939
v39,C++,transcript_only,7,420,480,template,0.0348
v39,C++,transcript_only,8,480,540,variable,0.0561
v39,C++,transcript_only,8,480,540,data type,0.0631
v39,C++,transcript_only,8,480,540,pointer,0.0704
v39,C++,transcript_only,8,480,540,reference,0.0627
v39,C++,transcript_only,8,480,540,class,0.2383
v39,C++,transcript_only,8,480,540,object,0.2821
v39,C++,transcript_only,8,480,540,constructor,0.1426
v39,C++,transcript_only,8,480,540,inheritance,0.162
v39,C++,transcript_only,8,480,540,polymorphism,0.0939
v39,C++,transcript_only,8,480,540,template,0.0348
v39,C++,transcript_only,9,540,600,variable,0.0457
v39,C++,transcript_only,9,540,600,data type,0.0647
v39,C++,transcript_only,9,540,600,pointer,0.0727
v39,C++,transcript_only,9,540,600,reference,0.0568
v39,C++,transcript_only,9,540,600,class,0.2376
v39,C++,transcript_only,9,540,600,object,0.2735
v39,C++,transcript_only,9,540,600,constructor,0.1378
v39,C++,transcript_only,9,540,600,inheritance,0.1526
v39,C++,transcript_only,9,540,600,polymorphism,0.1069
v39,C++,transcript_only,9,540,600,template,0.0615
v40,C++,transcript_only,0,0,60,variable,0.032
v40,C++,transcript_only,0,0,60,data type,0.0804
v40,C++,transcript_only,0,0,60,pointer,0.1152
v40,C++,transcript_only,0,0,60,reference,0.0305
v40,C++,transcript_only,0,0,60,class,0.0304
v40,C++,transcript_only,0,0,60,object,0.0976
v40,C++,transcript_only,0,0,60,constructor,0.0268
v40,C++,transcript_only,0,0,60,inheritance,0.0046
v40,C++,transcript_only,0,0,60,polymorphism,0.0825
v40,C++,transcript_only,0,0,60,template,0.1338
v40,C++,transcript_only,1,60,120,variable,0.0307
v40,C++,transcript_only,1,60,120,data type,0.0773
v40,C++,transcript_only,1,60,120,pointer,0.1062
v40,C++,transcript_only,1,60,120,reference,0.0342
v40,C++,transcript_only,1,60,120,class,0.079
v40,C++,transcript_only,1,60,120,object,0.1357
v40,C++,transcript_only,1,60,120,constructor,0.0511
v40,C++,transcript_only,1,60,120,inheritance,0.0357
v40,C++,transcript_only,1,60,120,polymorphism,0.0936
v40,C++,transcript_only,1,60,120,template,0.1279
v40,C++,transcript_only,2,120,180,variable,0.1154
v40,C++,transcript_only,2,120,180,data type,0.1305
v40,C++,transcript_only,2,120,180,pointer,0.1153
v40,C++,transcript_only,2,120,180,reference,0.1109
v40,C++,transcript_only,2,120,180,class,0.1125
v40,C++,transcript_only,2,120,180,object,0.1669
v40,C++,transcript_only,2,120,180,constructor,0.0673
v40,C++,transcript_only,2,120,180,inheritance,0.056
v40,C++,transcript_only,2,120,180,polymorphism,0.097
v40,C++,transcript_only,2,120,180,template,0.0665
v40,C++,transcript_only,3,180,240,variable,0.0941
v40,C++,transcript_only,3,180,240,data type,0.1264
v40,C++,transcript_only,3,180,240,pointer,0.1275
v40,C++,transcript_only,3,180,240,reference,0.088
v40,C++,transcript_only,3,180,240,class,0.0414
v40,C++,transcript_only,3,180,240,object,0.1043
v40,C++,transcript_only,3,180,240,constructor,0.0286
v40,C++,transcript_only,3,180,240,inheritance,0.004
v40,C++,transcript_only,3,180,240,polymorphism,0.0914
v40,C++,transcript_only,3,180,240,template,0.1053
v40,C++,transcript_only,4,240,300,variable,0.0318
v40,C++,transcript_only,4,240,300,data type,0.0804
v40,C++,transcript_only,4,240,300,pointer,0.1153
v40,C++,transcript_only,4,240,300,reference,0.0304
v40,C++,transcript_only,4,240,300,class,0.0302
v40,C++,transcript_only,4,240,300,object,0.0975
v40,C++,transcript_only,4,240,300,constructor,0.0267
v40,C++,transcript_only,4,240,300,inheritance,0.0044
v40,C++,transcript_only,4,240,300,polymorphism,0.0825
v40,C++,transcript_only,4,240,300,template,0.1339
v40,C++,transcript_only,5,300,360,variable,0.0318
v40,C++,transcript_only,5,300,360,data type,0.0804
v40,C++,transcript_only,5,300,360,pointer,0.1153
v40,C++,transcript_only,5,300,360,reference,0.0304
v40,C++,transcript_only,5,300,360,class,0.0301
v40,C++,transcript_only,5,300,360,object,0.0974
v40,C++,transcript_only,5,300,360,constructor,0.0267
v40,C++,transcript_only,5,300,360,inheritance,0.0044
v40,C++,transcript_only,5,300,360,polymorphism,0.0825
v40,C++,transcript_only,5,300,360,template,0.134
v40,C++,transcript_only,6,360,420,variable,0.0707
v40,C++,transcript_only,6,360,420,data type,0.1017
v40,C++,transcript_only,6,360,420,pointer,0.0939
v40,C++,transcript_only,6,360,420,reference,0.0819
v40,C++,transcript_only,6,360,420,class,0.1975
v40,C++,transcript_only,6,360,420,object,0.2273
v40,C++,transcript_only,6,360,420,constructor,0.1077
v40,C++,transcript_only,6,360,420,inheritance,0.1062
v40,C++,transcript_only,6,360,420,polymorphism,0.125
v40,C++,transcript_only,6,360,420,template,0.0947
v40,C++,transcript_only,7,420,480,variable,0.0318
v40,C++,transcript_only,7,420,480,data type,0.0804
v40,C++,transcript_only,7,420,480,pointer,0.1154
v40,C++,transcript_only,7,420,480,reference,0.0304
v40,C++,transcript_only,7,420,480,class,0.03
v40,C++,transcript_only,7,420,480,object,0.0974
v40,C++,transcript_only,7,420,480,constructor,0.0267
v40,C++,transcript_only,7,420,480,inheritance,0.0044
v40,C++,transcript_only,7,420,480,polymorphism,0.0825
v40,C++,transcript_only,7,420,480,template,0.134
v40,C++,transcript_only,8,480,540,variable,0.0489
v40,C++,transcript_only,8,480,540,data type,0.093
v40,C++,transcript_only,8,480,540,pointer,0.1187
v40,C++,transcript_only,8,480,540,reference,0.0462
v40,C++,transcript_only,8,480,540,class,0.0333
v40,C++,transcript_only,8,480,540,object,0.0994
v40,C++,transcript_only,8,480,540,constructor,0.0272
v40,C++,transcript_only,8,480,540,inheritance,0.0043
v40,C++,transcript_only,8,480,540,polymorphism,0.0849
v40,C++,transcript_only,8,480,540,template,0.1261
v40,C++,transcript_only,9,540,600,variable,0.0311
v40,C++,transcript_only,9,540,600,data type,0.0782
v40,C++,transcript_only,9,540,600,pointer,0.1088
v40,C++,transcript_only,9,540,600,reference,0.0331
v40,C++,transcript_only,9,540,600,class,0.065
v40,C++,transcript_only,9,540,600,object,0.1247
v40,C++,transcript_only,9,540,600,constructor,0.0441
v40,C++,transcript_only,9,540,600,inheritance,0.0267
v40,C++,transcript_only,9,540,600,polymorphism,0.0904
v40,C++,transcript_only,9,540,600,template,0.1296
v40,C++,transcript_only,10,600,660,variable,0.0815
v40,C++,transcript_only,10,600,660,data type,0.112
v40,C++,transcript_only,10,600,660,pointer,0.1134
v40,C++,transcript_only,10,600,660,reference,0.081
v40,C++,transcript_only,10,600,660,class,0.0971
v40,C++,transcript_only,10,600,660,object,0.1506
v40,C++,transcript_only,10,600,660,constructor,0.0584
v40,C++,transcript_only,10,600,660,inheritance,0.0437
v40,C++,transcript_only,10,600,660,polymorphism,0.0992
v40,C++,transcript_only,10,600,660,template,0.0976
v40,C++,transcript_only,11,660,720,variable,0.0371
v40,C++,transcript_only,11,660,720,data type,0.0765
v40,C++,transcript_only,11,660,720,pointer,0.1055
v40,C++,transcript_only,11,660,720,reference,0.0375
v40,C++,transcript_only,11,660,720,class,0.0758
v40,C++,transcript_only,11,660,720,object,0.138
v40,C++,transcript_only,11,660,720,constructor,0.0521
v40,C++,transcript_only,11,660,720,inheritance,0.039
v40,C++,transcript_only,11,660,720,polymorphism,0.085
v40,C++,transcript_only,11,660,720,template,0.1123
v40,C++,transcript_only,12,720,780,variable,0.0963
v40,C++,transcript_only,12,720,780,data type,0.1193
v40,C++,transcript_only,12,720,780,pointer,0.1156
v40,C++,transcript_only,12,720,780,reference,0.0925
v40,C++,transcript_only,12,720,780,class,0.0927
v40,C++,transcript_only,12,720,780,object,0.1501
v40,C++,transcript_only,12,720,780,constructor,0.0575
v40,C++,transcript_only,12,720,780,inheritance,0.0434
v40,C++,transcript_only,12,720,780,polymorphism,0.0937
v40,C++,transcript_only,12,720,780,template,0.0824
v40,C++,transcript_only,13,780,840,variable,0.0357
v40,C++,transcript_only,13,780,840,data type,0.0775
v40,C++,transcript_only,13,780,840,pointer,0.108
v40,C++,transcript_only,13,780,840,reference,0.0356
v40,C++,transcript_only,13,780,840,class,0.064
v40,C++,transcript_only,13,780,840,object,0.1275
v40,C++,transcript_only,13,780,840,constructor,0.0456
v40,C++,transcript_only,13,780,840,inheritance,0.0301
v40,C++,transcript_only,13,780,840,polymorphism,0.0843
v40,C++,transcript_only,13,780,840,template,0.1179
v40,C++,transcript_only,14,840,900,variable,0.0318
v40,C++,transcript_only,14,840,900,data type,0.0804
v40,C++,transcript_only,14,840,900,pointer,0.1153
v40,C++,transcript_only,14,840,900,reference,0.0304
v40,C++,transcript_only,14,840,900,class,0.0302
v40,C++,transcript_only,14,840,900,object,0.0975
v40,C++,transcript_only,14,840,900,constructor,0.0267
v40,C++,transcript_only,14,840,900,inheritance,0.0045
v40,C++,transcript_only,14,840,900,polymorphism,0.0825
v40,C++,transcript_only,14,840,900,template,0.1339
v40,C++,transcript_only,15,900,960,variable,0.032
v40,C++,transcript_only,15,900,960,data type,0.0804
v40,C++,transcript_only,15,900,960,pointer,0.1152
v40,C++,transcript_only,15,900,960,reference,0.0306
v40,C++,transcript_only,15,900,960,class,0.0304
v40,C++,transcript_only,15,900,960,object,0.0976
v40,C++,transcript_only,15,900,960,constructor,0.0268
v40,C++,transcript_only,15,900,960,inheritance,0.0046
v40,C++,transcript_only,15,900,960,polymorphism,0.0825
v40,C++,transcript_only,15,900,960,template,0.1337
v40,C++,transcript_only,16,960,1020,variable,0.0319
v40,C++,transcript_only,16,960,1020,data type,0.0804
v40,C++,transcript_only,16,960,1020,pointer,0.1153
v40,C++,transcript_only,16,960,1020,reference,0.0305
v40,C++,transcript_only,16,960,1020,class,0.0302
v40,C++,transcript_only,16,960,1020,object,0.0975
v40,C++,transcript_only,16,960,1020,constructor,0.0267
v40,C++,transcript_only,16,960,1020,inheritance,0.0045
v40,C++,transcript_only,16,960,1020,polymorphism,0.0825
v40,C++,transcript_only,16,960,1020,template,0.1339
v40,C++,transcript_only,17,1020,1080,variable,0.0321
v40,C++,transcript_only,17,1020,1080,data type,0.0805
v40,C++,transcript_only,17,1020,1080,pointer,0.1151
v40,C++,transcript_only,17,1020,1080,reference,0.0307
v40,C++,transcript_only,17,1020,1080,class,0.0308
v40,C++,transcript_only,17,1020,1080,object,0.0979
v40,C++,transcript_only,17,1020,1080,constructor,0.027
v40,C++,transcript_only,17,1020,1080,inheritance,0.0048
v40,C++,transcript_only,17,1020,1080,polymorphism,0.0825
v40,C++,transcript_only,17,1020,1080,template,0.1335
