video_id,subject,method,chunk_id,start_sec,end_sec,concept,lsa_score
v1,SQL,transcript_only,0,0,60,select,0.4784
v1,SQL,transcript_only,0,0,60,where,0.1521
v1,SQL,transcript_only,0,0,60,group by,0.2703
v1,SQL,transcript_only,0,0,60,having,0.1973
v1,SQL,transcript_only,0,0,60,count,0.2028
v1,SQL,transcript_only,0,0,60,aggregate function,0.1035
v1,SQL,transcript_only,0,0,60,join,0.3189
v1,SQL,transcript_only,0,0,60,inner join,0.2455
v1,SQL,transcript_only,0,0,60,left join,0.1473
v1,SQL,transcript_only,0,0,60,subquery,0.3497
v1,SQL,transcript_only,0,0,60,order by,0.2991
v1,SQL,transcript_only,1,60,120,select,0.1162
v1,SQL,transcript_only,1,60,120,where,-0.013
v1,SQL,transcript_only,1,60,120,group by,-0.0408
v1,SQL,transcript_only,1,60,120,having,-0.0073
v1,SQL,transcript_only,1,60,120,count,-0.0076
v1,SQL,transcript_only,1,60,120,aggregate function,-0.0255
v1,SQL,transcript_only,1,60,120,join,0.0268
v1,SQL,transcript_only,1,60,120,inner join,0.0352
v1,SQL,transcript_only,1,60,120,left join,0.0946
v1,SQL,transcript_only,1,60,120,subquery,-0.0466
v1,SQL,transcript_only,1,60,120,order by,0.0091
v1,SQL,transcript_only,2,120,180,select,0.1273
v1,SQL,transcript_only,2,120,180,where,-0.035
v1,SQL,transcript_only,2,120,180,group by,-0.0448
v1,SQL,transcript_only,2,120,180,having,0.0026
v1,SQL,transcript_only,2,120,180,count,0.011
v1,SQL,transcript_only,2,120,180,aggregate function,0.006
v1,SQL,transcript_only,2,120,180,join,0.0036
v1,SQL,transcript_only,2,120,180,inner join,0.0322
v1,SQL,transcript_only,2,120,180,left join,0.1
v1,SQL,transcript_only,2,120,180,subquery,-0.003
v1,SQL,transcript_only,2,120,180,order by,0.0121
v1,SQL,transcript_only,3,180,240,select,0.1391
v1,SQL,transcript_only,3,180,240,where,0.025
v1,SQL,transcript_only,3,180,240,group by,-0.0085
v1,SQL,transcript_only,3,180,240,having,0.0967
v1,SQL,transcript_only,3,180,240,count,0.0168
v1,SQL,transcript_only,3,180,240,aggregate function,0.0298
v1,SQL,transcript_only,3,180,240,join,0.0022
v1,SQL,transcript_only,3,180,240,inner join,0.0952
v1,SQL,transcript_only,3,180,240,left join,0.0398
v1,SQL,transcript_only,3,180,240,subquery,0.0254
v1,SQL,transcript_only,3,180,240,order by,0.096
v1,SQL,transcript_only,4,240,300,select,0.0808
v1,SQL,transcript_only,4,240,300,where,0.1039
v1,SQL,transcript_only,4,240,300,group by,0.0285
v1,SQL,transcript_only,4,240,300,having,0.0551
v1,SQL,transcript_only,4,240,300,count,0.0545
v1,SQL,transcript_only,4,240,300,aggregate function,0.0222
v1,SQL,transcript_only,4,240,300,join,0.3729
v1,SQL,transcript_only,4,240,300,inner join,0.5778
v1,SQL,transcript_only,4,240,300,left join,0.2885
v1,SQL,transcript_only,4,240,300,subquery,-0.0157
v1,SQL,transcript_only,4,240,300,order by,0.0341
v1,SQL,transcript_only,5,300,360,select,0.1341
v1,SQL,transcript_only,5,300,360,where,0.0446
v1,SQL,transcript_only,5,300,360,group by,-0.0016
v1,SQL,transcript_only,5,300,360,having,0.1196
v1,SQL,transcript_only,5,300,360,count,0.0899
v1,SQL,transcript_only,5,300,360,aggregate function,0.0473
v1,SQL,transcript_only,5,300,360,join,0.3496
v1,SQL,transcript_only,5,300,360,inner join,0.5873
v1,SQL,transcript_only,5,300,360,left join,0.5909
v1,SQL,transcript_only,5,300,360,subquery,0.0546
v1,SQL,transcript_only,5,300,360,order by,0.0923
v1,SQL,transcript_only,6,360,420,select,0.0951
v1,SQL,transcript_only,6,360,420,where,0.2109
v1,SQL,transcript_only,6,360,420,group by,0.2603
v1,SQL,transcript_only,6,360,420,having,0.1196
v1,SQL,transcript_only,6,360,420,count,0.1007
v1,SQL,transcript_only,6,360,420,aggregate function,0.0166
v1,SQL,transcript_only,6,360,420,join,0.2114
v1,SQL,transcript_only,6,360,420,inner join,0.2783
v1,SQL,transcript_only,6,360,420,left join,0.4334
v1,SQL,transcript_only,6,360,420,subquery,0.034
v1,SQL,transcript_only,6,360,420,order by,0.0965
v1,SQL,transcript_only,7,420,480,select,-0.0017
v1,SQL,transcript_only,7,420,480,where,0.1125
v1,SQL,transcript_only,7,420,480,group by,0.2459
v1,SQL,transcript_only,7,420,480,having,0.0177
v1,SQL,transcript_only,7,420,480,count,-0.0238
v1,SQL,transcript_only,7,420,480,aggregate function,-0.019
v1,SQL,transcript_only,7,420,480,join,0.0423
v1,SQL,transcript_only,7,420,480,inner join,0.068
v1,SQL,transcript_only,7,420,480,left join,0.0837
v1,SQL,transcript_only,7,420,480,subquery,0.0402
v1,SQL,transcript_only,7,420,480,order by,0.0497
v1,SQL,transcript_only,8,480,540,select,0.0533
v1,SQL,transcript_only,8,480,540,where,0.3394
v1,SQL,transcript_only,8,480,540,group by,0.4588
v1,SQL,transcript_only,8,480,540,having,0.4443
v1,SQL,transcript_only,8,480,540,count,0.0707
v1,SQL,transcript_only,8,480,540,aggregate function,0.075
v1,SQL,transcript_only,8,480,540,join,-0.0155
v1,SQL,transcript_only,8,480,540,inner join,-0.0019
v1,SQL,transcript_only,8,480,540,left join,0.0524
v1,SQL,transcript_only,8,480,540,subquery,0.0338
v1,SQL,transcript_only,8,480,540,order by,0.1704
v1,SQL,transcript_only,9,540,600,select,0.1303
v1,SQL,transcript_only,9,540,600,where,0.1016
v1,SQL,transcript_only,9,540,600,group by,0.1179
v1,SQL,transcript_only,9,540,600,having,0.0656
v1,SQL,transcript_only,9,540,600,count,-0.0239
v1,SQL,transcript_only,9,540,600,aggregate function,0.0079
v1,SQL,transcript_only,9,540,600,join,-0.0042
v1,SQL,transcript_only,9,540,600,inner join,0.0154
v1,SQL,transcript_only,9,540,600,left join,0.1226
v1,SQL,transcript_only,9,540,600,subquery,0.1015
v1,SQL,transcript_only,9,540,600,order by,0.0644
v1,SQL,transcript_only,10,600,660,select,0.1337
v1,SQL,transcript_only,10,600,660,where,0.1414
v1,SQL,transcript_only,10,600,660,group by,0.0299
v1,SQL,transcript_only,10,600,660,having,0.0111
v1,SQL,transcript_only,10,600,660,count,-0.0284
v1,SQL,transcript_only,10,600,660,aggregate function,-0.0052
v1,SQL,transcript_only,10,600,660,join,-0.0291
v1,SQL,transcript_only,10,600,660,inner join,0.0006
v1,SQL,transcript_only,10,600,660,left join,0.0474
v1,SQL,transcript_only,10,600,660,subquery,0.0645
v1,SQL,transcript_only,10,600,660,order by,0.0222
v1,SQL,transcript_only,11,660,720,select,0.0737
v1,SQL,transcript_only,11,660,720,where,0.1848
v1,SQL,transcript_only,11,660,720,group by,0.0348
v1,SQL,transcript_only,11,660,720,having,0.0671
v1,SQL,transcript_only,11,660,720,count,0.0217
v1,SQL,transcript_only,11,660,720,aggregate function,0.0084
v1,SQL,transcript_only,11,660,720,join,0.0055
v1,SQL,transcript_only,11,660,720,inner join,0.05
v1,SQL,transcript_only,11,660,720,left join,0.0577
v1,SQL,transcript_only,11,660,720,subquery,0.2308
v1,SQL,transcript_only,11,660,720,order by,0.123
v1,SQL,transcript_only,12,720,780,select,-0.0034
v1,SQL,transcript_only,12,720,780,where,0.0415
v1,SQL,transcript_only,12,720,780,group by,0.0172
v1,SQL,transcript_only,12,720,780,having,0.1384
v1,SQL,transcript_only,12,720,780,count,0.0106
v1,SQL,transcript_only,12,720,780,aggregate function,0.0079
v1,SQL,transcript_only,12,720,780,join,-0.05
v1,SQL,transcript_only,12,720,780,inner join,-0.0224
v1,SQL,transcript_only,12,720,780,left join,0.003
v1,SQL,transcript_only,12,720,780,subquery,0.2774
v1,SQL,transcript_only,12,720,780,order by,0.1729
v2,Python,transcript_only,0,0,60,for loop,0.2031
v2,Python,transcript_only,0,0,60,for,0.0067
v2,Python,transcript_only,0,0,60,iteration,0.0067
v2,Python,transcript_only,0,0,60,range,0.0856
v2,Python,transcript_only,0,0,60,list,-0.0255
v2,Python,transcript_only,0,0,60,nested loop,0.1794
v2,Python,transcript_only,0,0,60,index,0.0017
v2,Python,transcript_only,0,0,60,break,0.0209
v2,Python,transcript_only,0,0,60,continue,0.0019
v2,Python,transcript_only,1,60,120,for loop,0.2643
v2,Python,transcript_only,1,60,120,for,0.1014
v2,Python,transcript_only,1,60,120,iteration,0.1341
v2,Python,transcript_only,1,60,120,range,0.1653
v2,Python,transcript_only,1,60,120,list,-0.0083
v2,Python,transcript_only,1,60,120,nested loop,0.1498
v2,Python,transcript_only,1,60,120,index,0.0188
v2,Python,transcript_only,1,60,120,break,0.0276
v2,Python,transcript_only,1,60,120,continue,0.2706
v2,Python,transcript_only,2,120,180,for loop,-0.04
v2,Python,transcript_only,2,120,180,for,-0.0605
v2,Python,transcript_only,2,120,180,iteration,0.007
v2,Python,transcript_only,2,120,180,range,0.1432
v2,Python,transcript_only,2,120,180,list,-0.0206
v2,Python,transcript_only,2,120,180,nested loop,0.0111
v2,Python,transcript_only,2,120,180,index,-0.0067
v2,Python,transcript_only,2,120,180,break,-0.0443
v2,Python,transcript_only,2,120,180,continue,-0.0269
v2,Python,transcript_only,3,180,240,for loop,0.0727
v2,Python,transcript_only,3,180,240,for,-0.0453
v2,Python,transcript_only,3,180,240,iteration,0.1338
v2,Python,transcript_only,3,180,240,range,0.1255
v2,Python,transcript_only,3,180,240,list,0.0235
v2,Python,transcript_only,3,180,240,nested loop,0.1317
v2,Python,transcript_only,3,180,240,index,0.0059
v2,Python,transcript_only,3,180,240,break,-0.031
v2,Python,transcript_only,3,180,240,continue,0.0862
v2,Python,transcript_only,4,240,300,for loop,0.3553
v2,Python,transcript_only,4,240,300,for,0.2811
v2,Python,transcript_only,4,240,300,iteration,0.0554
v2,Python,transcript_only,4,240,300,range,0.0406
v2,Python,transcript_only,4,240,300,list,-0.0158
v2,Python,transcript_only,4,240,300,nested loop,0.3543
v2,Python,transcript_only,4,240,300,index,0.0298
v2,Python,transcript_only,4,240,300,break,0.449
v2,Python,transcript_only,4,240,300,continue,0.1891
v2,Python,transcript_only,5,300,360,for loop,0.1603
v2,Python,transcript_only,5,300,360,for,0.3151
v2,Python,transcript_only,5,300,360,iteration,0.0454
v2,Python,transcript_only,5,300,360,range,0.0009
v2,Python,transcript_only,5,300,360,list,0.0102
v2,Python,transcript_only,5,300,360,nested loop,0.2267
v2,Python,transcript_only,5,300,360,index,0.0103
v2,Python,transcript_only,5,300,360,break,0.4949
v2,Python,transcript_only,5,300,360,continue,0.0682
v2,Python,transcript_only,6,360,420,for loop,0.3848
v2,Python,transcript_only,6,360,420,for,0.1866
v2,Python,transcript_only,6,360,420,iteration,-0.036
v2,Python,transcript_only,6,360,420,range,0.0909
v2,Python,transcript_only,6,360,420,list,-0.0547
v2,Python,transcript_only,6,360,420,nested loop,0.6886
v2,Python,transcript_only,6,360,420,index,0.022
v2,Python,transcript_only,6,360,420,break,0.4771
v2,Python,transcript_only,6,360,420,continue,0.1273
v2,Python,transcript_only,7,420,480,for loop,0.3708
v2,Python,transcript_only,7,420,480,for,0.4208
v2,Python,transcript_only,7,420,480,iteration,0.179
v2,Python,transcript_only,7,420,480,range,0.2251
v2,Python,transcript_only,7,420,480,list,0.1256
v2,Python,transcript_only,7,420,480,nested loop,0.4401
v2,Python,transcript_only,7,420,480,index,0.0054
v2,Python,transcript_only,7,420,480,break,0.3382
v2,Python,transcript_only,7,420,480,continue,0.177
v2,Python,transcript_only,8,480,540,for loop,0.2959
v2,Python,transcript_only,8,480,540,for,0.2115
v2,Python,transcript_only,8,480,540,iteration,0.3887
v2,Python,transcript_only,8,480,540,range,0.2845
v2,Python,transcript_only,8,480,540,list,0.1356
v2,Python,transcript_only,8,480,540,nested loop,0.5038
v2,Python,transcript_only,8,480,540,index,0.027
v2,Python,transcript_only,8,480,540,break,0.1867
v2,Python,transcript_only,8,480,540,continue,0.51
v2,Python,transcript_only,9,540,600,for loop,0.0192
v2,Python,transcript_only,9,540,600,for,-0.0096
v2,Python,transcript_only,9,540,600,iteration,0.0502
v2,Python,transcript_only,9,540,600,range,0.3721
v2,Python,transcript_only,9,540,600,list,0.0108
v2,Python,transcript_only,9,540,600,nested loop,0.0677
v2,Python,transcript_only,9,540,600,index,-0.0377
v2,Python,transcript_only,9,540,600,break,0.0065
v2,Python,transcript_only,9,540,600,continue,0.0448
v2,Python,transcript_only,10,600,660,for loop,0.2064
v2,Python,transcript_only,10,600,660,for,0.242
v2,Python,transcript_only,10,600,660,iteration,0.1835
v2,Python,transcript_only,10,600,660,range,0.6647
v2,Python,transcript_only,10,600,660,list,0.1484
v2,Python,transcript_only,10,600,660,nested loop,0.0457
v2,Python,transcript_only,10,600,660,index,-0.0212
v2,Python,transcript_only,10,600,660,break,0.0367
v2,Python,transcript_only,10,600,660,continue,0.0567
v2,Python,transcript_only,11,660,720,for loop,0.0358
v2,Python,transcript_only,11,660,720,for,0.153
v2,Python,transcript_only,11,660,720,iteration,0.2306
v2,Python,transcript_only,11,660,720,range,0.2933
v2,Python,transcript_only,11,660,720,list,0.4287
v2,Python,transcript_only,11,660,720,nested loop,-0.0394
v2,Python,transcript_only,11,660,720,index,-0.0449
v2,Python,transcript_only,11,660,720,break,-0.0566
v2,Python,transcript_only,11,660,720,continue,0.1338
v2,Python,transcript_only,12,720,780,for loop,0.0416
v2,Python,transcript_only,12,720,780,for,0.0276
v2,Python,transcript_only,12,720,780,iteration,0.0347
v2,Python,transcript_only,12,720,780,range,0.2493
v2,Python,transcript_only,12,720,780,list,0.0018
v2,Python,transcript_only,12,720,780,nested loop,0.0104
v2,Python,transcript_only,12,720,780,index,-0.0586
v2,Python,transcript_only,12,720,780,break,0.0187
v2,Python,transcript_only,12,720,780,continue,0.1054
v2,Python,transcript_only,13,780,840,for loop,0.2213
v2,Python,transcript_only,13,780,840,for,0.0706
v2,Python,transcript_only,13,780,840,iteration,-0.0341
v2,Python,transcript_only,13,780,840,range,0.1725
v2,Python,transcript_only,13,780,840,list,-0.0483
v2,Python,transcript_only,13,780,840,nested loop,0.0616
v2,Python,transcript_only,13,780,840,index,0.0081
v2,Python,transcript_only,13,780,840,break,0.008
v2,Python,transcript_only,13,780,840,continue,0.1778
v2,Python,transcript_only,14,840,900,for loop,0.3516
v2,Python,transcript_only,14,840,900,for,0.3112
v2,Python,transcript_only,14,840,900,iteration,0.031
v2,Python,transcript_only,14,840,900,range,0.2332
v2,Python,transcript_only,14,840,900,list,0.1186
v2,Python,transcript_only,14,840,900,nested loop,0.0664
v2,Python,transcript_only,14,840,900,index,0.0001
v2,Python,transcript_only,14,840,900,break,-0.0285
v2,Python,transcript_only,14,840,900,continue,0.0009
v3,Java,transcript_only,0,0,60,class,0.2456
v3,Java,transcript_only,0,0,60,object,0.2381
v3,Java,transcript_only,0,0,60,method,0.0868
v3,Java,transcript_only,0,0,60,interface,0.018
v3,Java,transcript_only,0,0,60,implements,0.1265
v3,Java,transcript_only,0,0,60,extends,0.2049
v3,Java,transcript_only,0,0,60,inheritance,0.1199
v3,Java,transcript_only,0,0,60,abstract class,0.7161
v3,Java,transcript_only,0,0,60,abstract method,0.4887
v3,Java,transcript_only,1,60,120,class,0.2036
v3,Java,transcript_only,1,60,120,object,0.2524
v3,Java,transcript_only,1,60,120,method,-0.0152
v3,Java,transcript_only,1,60,120,interface,-0.0278
v3,Java,transcript_only,1,60,120,implements,0.2065
v3,Java,transcript_only,1,60,120,extends,0.1749
v3,Java,transcript_only,1,60,120,inheritance,0.1138
v3,Java,transcript_only,1,60,120,abstract class,0.5348
v3,Java,transcript_only,1,60,120,abstract method,0.3711
v3,Java,transcript_only,2,120,180,class,0.0903
v3,Java,transcript_only,2,120,180,object,0.0351
v3,Java,transcript_only,2,120,180,method,0.1475
v3,Java,transcript_only,2,120,180,interface,0.0526
v3,Java,transcript_only,2,120,180,implements,0.1578
v3,Java,transcript_only,2,120,180,extends,0.038
v3,Java,transcript_only,2,120,180,inheritance,0.0377
v3,Java,transcript_only,2,120,180,abstract class,0.4867
v3,Java,transcript_only,2,120,180,abstract method,0.7719
v3,Java,transcript_only,3,180,240,class,0.0714
v3,Java,transcript_only,3,180,240,object,0.0186
v3,Java,transcript_only,3,180,240,method,0.114
v3,Java,transcript_only,3,180,240,interface,0.0371
v3,Java,transcript_only,3,180,240,implements,0.1858
v3,Java,transcript_only,3,180,240,extends,0.0259
v3,Java,transcript_only,3,180,240,inheritance,0.0441
v3,Java,transcript_only,3,180,240,abstract class,0.3232
v3,Java,transcript_only,3,180,240,abstract method,0.6118
v3,Java,transcript_only,4,240,300,class,-0.0114
v3,Java,transcript_only,4,240,300,object,0.011
v3,Java,transcript_only,4,240,300,method,0.0903
v3,Java,transcript_only,4,240,300,interface,0.4969
v3,Java,transcript_only,4,240,300,implements,0.5667
v3,Java,transcript_only,4,240,300,extends,0.0146
v3,Java,transcript_only,4,240,300,inheritance,0.0111
v3,Java,transcript_only,4,240,300,abstract class,0.2773
v3,Java,transcript_only,4,240,300,abstract method,0.6088
v3,Java,transcript_only,5,300,360,class,0.0461
v3,Java,transcript_only,5,300,360,object,0.1183
v3,Java,transcript_only,5,300,360,method,0.1865
v3,Java,transcript_only,5,300,360,interface,0.5085
v3,Java,transcript_only,5,300,360,implements,0.604
v3,Java,transcript_only,5,300,360,extends,0.1209
v3,Java,transcript_only,5,300,360,inheritance,0.1333
v3,Java,transcript_only,5,300,360,abstract class,0.1847
v3,Java,transcript_only,5,300,360,abstract method,0.57
v3,Java,transcript_only,6,360,420,class,0.0815
v3,Java,transcript_only,6,360,420,object,0.2293
v3,Java,transcript_only,6,360,420,method,-0.0123
v3,Java,transcript_only,6,360,420,interface,0.2611
v3,Java,transcript_only,6,360,420,implements,0.3256
v3,Java,transcript_only,6,360,420,extends,0.1094
v3,Java,transcript_only,6,360,420,inheritance,0.0581
v3,Java,transcript_only,6,360,420,abstract class,0.3781
v3,Java,transcript_only,6,360,420,abstract method,0.2523
v3,Java,transcript_only,7,420,480,class,-0.0051
v3,Java,transcript_only,7,420,480,object,-0.0071
v3,Java,transcript_only,7,420,480,method,0.0081
v3,Java,transcript_only,7,420,480,interface,0.0015
v3,Java,transcript_only,7,420,480,implements,-0.0246
v3,Java,transcript_only,7,420,480,extends,-0.0039
v3,Java,transcript_only,7,420,480,inheritance,0.0132
v3,Java,transcript_only,7,420,480,abstract class,-0.0119
v3,Java,transcript_only,7,420,480,abstract method,-0.0326
v4,SQL,transcript_only,0,0,60,select,0.1437
v4,SQL,transcript_only,0,0,60,where,0.259
v4,SQL,transcript_only,0,0,60,group by,0.4467
v4,SQL,transcript_only,0,0,60,having,0.2538
v4,SQL,transcript_only,0,0,60,count,0.1652
v4,SQL,transcript_only,0,0,60,aggregate function,0.1148
v4,SQL,transcript_only,0,0,60,join,0.1264
v4,SQL,transcript_only,0,0,60,inner join,-0.0113
v4,SQL,transcript_only,0,0,60,left join,0.1776
v4,SQL,transcript_only,0,0,60,subquery,0.0166
v4,SQL,transcript_only,0,0,60,order by,0.1274
v4,SQL,transcript_only,1,60,120,select,0.0592
v4,SQL,transcript_only,1,60,120,where,0.2231
v4,SQL,transcript_only,1,60,120,group by,0.7305
v4,SQL,transcript_only,1,60,120,having,0.0048
v4,SQL,transcript_only,1,60,120,count,0.1441
v4,SQL,transcript_only,1,60,120,aggregate function,-0.0942
v4,SQL,transcript_only,1,60,120,join,0.2128
v4,SQL,transcript_only,1,60,120,inner join,0.0661
v4,SQL,transcript_only,1,60,120,left join,0.2367
v4,SQL,transcript_only,1,60,120,subquery,-0.0465
v4,SQL,transcript_only,1,60,120,order by,0.0625
v4,SQL,transcript_only,2,120,180,select,0.0979
v4,SQL,transcript_only,2,120,180,where,-0.0101
v4,SQL,transcript_only,2,120,180,group by,0.5064
v4,SQL,transcript_only,2,120,180,having,-0.0145
v4,SQL,transcript_only,2,120,180,count,0.4947
v4,SQL,transcript_only,2,120,180,aggregate function,0.2421
v4,SQL,transcript_only,2,120,180,join,0.0755
v4,SQL,transcript_only,2,120,180,inner join,0.0332
v4,SQL,transcript_only,2,120,180,left join,0.1426
v4,SQL,transcript_only,2,120,180,subquery,-0.0006
v4,SQL,transcript_only,2,120,180,order by,0.0723
v4,SQL,transcript_only,3,180,240,select,0.0378
v4,SQL,transcript_only,3,180,240,where,-0.0755
v4,SQL,transcript_only,3,180,240,group by,0.3676
v4,SQL,transcript_only,3,180,240,having,0.0064
v4,SQL,transcript_only,3,180,240,count,0.3358
v4,SQL,transcript_only,3,180,240,aggregate function,0.1006
v4,SQL,transcript_only,3,180,240,join,-0.0257
v4,SQL,transcript_only,3,180,240,inner join,-0.0055
v4,SQL,transcript_only,3,180,240,left join,0.1207
v4,SQL,transcript_only,3,180,240,subquery,-0.0268
v4,SQL,transcript_only,3,180,240,order by,0.0717
v4,SQL,transcript_only,4,240,300,select,-0.047
v4,SQL,transcript_only,4,240,300,where,0.1574
v4,SQL,transcript_only,4,240,300,group by,0.4729
v4,SQL,transcript_only,4,240,300,having,0.3699
v4,SQL,transcript_only,4,240,300,count,0.2753
v4,SQL,transcript_only,4,240,300,aggregate function,0.1016
v4,SQL,transcript_only,4,240,300,join,0.0153
v4,SQL,transcript_only,4,240,300,inner join,0.0299
v4,SQL,transcript_only,4,240,300,left join,0.1592
v4,SQL,transcript_only,4,240,300,subquery,0.012
v4,SQL,transcript_only,4,240,300,order by,0.1468
v4,SQL,transcript_only,5,300,360,select,0.0271
v4,SQL,transcript_only,5,300,360,where,0.3506
v4,SQL,transcript_only,5,300,360,group by,0.6244
v4,SQL,transcript_only,5,300,360,having,0.3394
v4,SQL,transcript_only,5,300,360,count,0.2362
v4,SQL,transcript_only,5,300,360,aggregate function,0.1814
v4,SQL,transcript_only,5,300,360,join,0.0751
v4,SQL,transcript_only,5,300,360,inner join,0.0029
v4,SQL,transcript_only,5,300,360,left join,0.0994
v4,SQL,transcript_only,5,300,360,subquery,-0.0179
v4,SQL,transcript_only,5,300,360,order by,0.189
v4,SQL,transcript_only,6,360,420,select,0.0873
v4,SQL,transcript_only,6,360,420,where,0.1405
v4,SQL,transcript_only,6,360,420,group by,0.3873
v4,SQL,transcript_only,6,360,420,having,0.143
v4,SQL,transcript_only,6,360,420,count,0.4603
v4,SQL,transcript_only,6,360,420,aggregate function,0.142
v4,SQL,transcript_only,6,360,420,join,0.0573
v4,SQL,transcript_only,6,360,420,inner join,0.0532
v4,SQL,transcript_only,6,360,420,left join,0.1503
v4,SQL,transcript_only,6,360,420,subquery,0.0498
v4,SQL,transcript_only,6,360,420,order by,0.0799
v4,SQL,transcript_only,7,420,480,select,0.0292
v4,SQL,transcript_only,7,420,480,where,0.0699
v4,SQL,transcript_only,7,420,480,group by,0.1605
v4,SQL,transcript_only,7,420,480,having,0.1911
v4,SQL,transcript_only,7,420,480,count,0.3839
v4,SQL,transcript_only,7,420,480,aggregate function,0.4608
v4,SQL,transcript_only,7,420,480,join,0.011
v4,SQL,transcript_only,7,420,480,inner join,-0.0261
v4,SQL,transcript_only,7,420,480,left join,0.0471
v4,SQL,transcript_only,7,420,480,subquery,0.0147
v4,SQL,transcript_only,7,420,480,order by,0.0343
v5,Java,transcript_only,0,0,60,class,0.3947
v5,Java,transcript_only,0,0,60,object,0.3786
v5,Java,transcript_only,0,0,60,method,0.2902
v5,Java,transcript_only,0,0,60,interface,0.4986
v5,Java,transcript_only,0,0,60,implements,0.5151
v5,Java,transcript_only,0,0,60,extends,0.4132
v5,Java,transcript_only,0,0,60,inheritance,0.3513
v5,Java,transcript_only,0,0,60,abstract class,0.4856
v5,Java,transcript_only,0,0,60,abstract method,0.0848
v5,Java,transcript_only,1,60,120,class,0.1618
v5,Java,transcript_only,1,60,120,object,0.1802
v5,Java,transcript_only,1,60,120,method,0.1686
v5,Java,transcript_only,1,60,120,interface,0.2599
v5,Java,transcript_only,1,60,120,implements,0.3181
v5,Java,transcript_only,1,60,120,extends,0.1656
v5,Java,transcript_only,1,60,120,inheritance,0.1165
v5,Java,transcript_only,1,60,120,abstract class,0.2755
v5,Java,transcript_only,1,60,120,abstract method,0.3531
v5,Java,transcript_only,2,120,180,class,0.0792
v5,Java,transcript_only,2,120,180,object,0.0706
v5,Java,transcript_only,2,120,180,method,0.2096
v5,Java,transcript_only,2,120,180,interface,0.2827
v5,Java,transcript_only,2,120,180,implements,0.265
v5,Java,transcript_only,2,120,180,extends,0.0379
v5,Java,transcript_only,2,120,180,inheritance,0.0174
v5,Java,transcript_only,2,120,180,abstract class,0.144
v5,Java,transcript_only,2,120,180,abstract method,0.4437
v5,Java,transcript_only,3,180,240,class,0.0415
v5,Java,transcript_only,3,180,240,object,0.0614
v5,Java,transcript_only,3,180,240,method,0.1719
v5,Java,transcript_only,3,180,240,interface,0.3448
v5,Java,transcript_only,3,180,240,implements,0.312
v5,Java,transcript_only,3,180,240,extends,0.0054
v5,Java,transcript_only,3,180,240,inheritance,-0.0079
v5,Java,transcript_only,3,180,240,abstract class,0.028
v5,Java,transcript_only,3,180,240,abstract method,0.3011
v5,Java,transcript_only,4,240,300,class,-0.0301
v5,Java,transcript_only,4,240,300,object,-0.0082
v5,Java,transcript_only,4,240,300,method,0.1207
v5,Java,transcript_only,4,240,300,interface,0.166
v5,Java,transcript_only,4,240,300,implements,0.1636
v5,Java,transcript_only,4,240,300,extends,-0.0297
v5,Java,transcript_only,4,240,300,inheritance,0.0061
v5,Java,transcript_only,4,240,300,abstract class,0.0242
v5,Java,transcript_only,4,240,300,abstract method,0.3326
v5,Java,transcript_only,5,300,360,class,0.0518
v5,Java,transcript_only,5,300,360,object,0.0607
v5,Java,transcript_only,5,300,360,method,0.0864
v5,Java,transcript_only,5,300,360,interface,0.1161
v5,Java,transcript_only,5,300,360,implements,0.11
v5,Java,transcript_only,5,300,360,extends,0.0297
v5,Java,transcript_only,5,300,360,inheritance,0.0775
v5,Java,transcript_only,5,300,360,abstract class,0.1182
v5,Java,transcript_only,5,300,360,abstract method,0.1213
v5,Java,transcript_only,6,360,420,class,0.3044
v5,Java,transcript_only,6,360,420,object,0.0868
v5,Java,transcript_only,6,360,420,method,0.3369
v5,Java,transcript_only,6,360,420,interface,0.1118
v5,Java,transcript_only,6,360,420,implements,-0.0094
v5,Java,transcript_only,6,360,420,extends,0.1754
v5,Java,transcript_only,6,360,420,inheritance,0.2425
v5,Java,transcript_only,6,360,420,abstract class,0.3979
v5,Java,transcript_only,6,360,420,abstract method,0.1753
v6,SQL,transcript_only,0,0,60,select,0.5016
v6,SQL,transcript_only,0,0,60,where,0.2837
v6,SQL,transcript_only,0,0,60,group by,0.4524
v6,SQL,transcript_only,0,0,60,having,0.443
v6,SQL,transcript_only,0,0,60,count,0.2868
v6,SQL,transcript_only,0,0,60,aggregate function,0.2307
v6,SQL,transcript_only,0,0,60,join,0.3194
v6,SQL,transcript_only,0,0,60,inner join,0.1472
v6,SQL,transcript_only,0,0,60,left join,0.1625
v6,SQL,transcript_only,0,0,60,subquery,0.2378
v6,SQL,transcript_only,0,0,60,order by,0.4652
v6,SQL,transcript_only,1,60,120,select,0.8036
v6,SQL,transcript_only,1,60,120,where,0.0908
v6,SQL,transcript_only,1,60,120,group by,0.1242
v6,SQL,transcript_only,1,60,120,having,0.0831
v6,SQL,transcript_only,1,60,120,count,0.1061
v6,SQL,transcript_only,1,60,120,aggregate function,0.0749
v6,SQL,transcript_only,1,60,120,join,-0.0251
v6,SQL,transcript_only,1,60,120,inner join,-0.0191
v6,SQL,transcript_only,1,60,120,left join,0.0846
v6,SQL,transcript_only,1,60,120,subquery,0.1026
v6,SQL,transcript_only,1,60,120,order by,0.1778
v6,SQL,transcript_only,2,120,180,select,0.1678
v6,SQL,transcript_only,2,120,180,where,0.4742
v6,SQL,transcript_only,2,120,180,group by,0.1269
v6,SQL,transcript_only,2,120,180,having,0.2255
v6,SQL,transcript_only,2,120,180,count,-0.0539
v6,SQL,transcript_only,2,120,180,aggregate function,-0.0073
v6,SQL,transcript_only,2,120,180,join,-0.0212
v6,SQL,transcript_only,2,120,180,inner join,-0.0345
v6,SQL,transcript_only,2,120,180,left join,0.0362
v6,SQL,transcript_only,2,120,180,subquery,-0.0532
v6,SQL,transcript_only,2,120,180,order by,0.4396
v6,SQL,transcript_only,3,180,240,select,0.1133
v6,SQL,transcript_only,3,180,240,where,0.0207
v6,SQL,transcript_only,3,180,240,group by,0.3547
v6,SQL,transcript_only,3,180,240,having,0.0202
v6,SQL,transcript_only,3,180,240,count,0.1784
v6,SQL,transcript_only,3,180,240,aggregate function,0.1262
v6,SQL,transcript_only,3,180,240,join,-0.0285
v6,SQL,transcript_only,3,180,240,inner join,-0.0287
v6,SQL,transcript_only,3,180,240,left join,0.0266
v6,SQL,transcript_only,3,180,240,subquery,0.0281
v6,SQL,transcript_only,3,180,240,order by,0.4477
v6,SQL,transcript_only,4,240,300,select,0.4563
v6,SQL,transcript_only,4,240,300,where,0.0026
v6,SQL,transcript_only,4,240,300,group by,0.4777
v6,SQL,transcript_only,4,240,300,having,0.0124
v6,SQL,transcript_only,4,240,300,count,0.0398
v6,SQL,transcript_only,4,240,300,aggregate function,0.0449
v6,SQL,transcript_only,4,240,300,join,-0.052
v6,SQL,transcript_only,4,240,300,inner join,0.0086
v6,SQL,transcript_only,4,240,300,left join,-0.0377
v6,SQL,transcript_only,4,240,300,subquery,0.0277
v6,SQL,transcript_only,4,240,300,order by,0.2277
v6,SQL,transcript_only,5,300,360,select,0.2794
v6,SQL,transcript_only,5,300,360,where,0.409
v6,SQL,transcript_only,5,300,360,group by,0.5396
v6,SQL,transcript_only,5,300,360,having,0.3362
v6,SQL,transcript_only,5,300,360,count,0.0913
v6,SQL,transcript_only,5,300,360,aggregate function,0.0834
v6,SQL,transcript_only,5,300,360,join,-0.0074
v6,SQL,transcript_only,5,300,360,inner join,-0.002
v6,SQL,transcript_only,5,300,360,left join,0.0133
v6,SQL,transcript_only,5,300,360,subquery,-0.0194
v6,SQL,transcript_only,5,300,360,order by,0.2258
v6,SQL,transcript_only,6,360,420,select,0.3864
v6,SQL,transcript_only,6,360,420,where,0.1926
v6,SQL,transcript_only,6,360,420,group by,0.4387
v6,SQL,transcript_only,6,360,420,having,0.6059
v6,SQL,transcript_only,6,360,420,count,0.2211
v6,SQL,transcript_only,6,360,420,aggregate function,0.281
v6,SQL,transcript_only,6,360,420,join,-0.0024
v6,SQL,transcript_only,6,360,420,inner join,-0.0059
v6,SQL,transcript_only,6,360,420,left join,-0.008
v6,SQL,transcript_only,6,360,420,subquery,0.3086
v6,SQL,transcript_only,6,360,420,order by,0.6517
v6,SQL,transcript_only,7,420,480,select,0.2639
v6,SQL,transcript_only,7,420,480,where,-0.0661
v6,SQL,transcript_only,7,420,480,group by,0.116
v6,SQL,transcript_only,7,420,480,having,0.5538
v6,SQL,transcript_only,7,420,480,count,0.2831
v6,SQL,transcript_only,7,420,480,aggregate function,0.3046
v6,SQL,transcript_only,7,420,480,join,-0.0322
v6,SQL,transcript_only,7,420,480,inner join,0.0046
v6,SQL,transcript_only,7,420,480,left join,-0.0208
v6,SQL,transcript_only,7,420,480,subquery,0.3653
v6,SQL,transcript_only,7,420,480,order by,0.5277
v7,SQL,transcript_only,0,0,60,select,0.7556
v7,SQL,transcript_only,0,0,60,where,0.105
v7,SQL,transcript_only,0,0,60,group by,0.1668
v7,SQL,transcript_only,0,0,60,having,-0.0825
v7,SQL,transcript_only,0,0,60,count,0.0419
v7,SQL,transcript_only,0,0,60,aggregate function,-0.068
v7,SQL,transcript_only,0,0,60,join,0.2636
v7,SQL,transcript_only,0,0,60,inner join,0.1131
v7,SQL,transcript_only,0,0,60,left join,0.1664
v7,SQL,transcript_only,0,0,60,subquery,0.154
v7,SQL,transcript_only,0,0,60,order by,0.0899
v7,SQL,transcript_only,1,60,120,select,0.2156
v7,SQL,transcript_only,1,60,120,where,0.1123
v7,SQL,transcript_only,1,60,120,group by,0.035
v7,SQL,transcript_only,1,60,120,having,0.0113
v7,SQL,transcript_only,1,60,120,count,0.0108
v7,SQL,transcript_only,1,60,120,aggregate function,-0.0545
v7,SQL,transcript_only,1,60,120,join,0.0055
v7,SQL,transcript_only,1,60,120,inner join,-0.0712
v7,SQL,transcript_only,1,60,120,left join,0.0383
v7,SQL,transcript_only,1,60,120,subquery,-0.0253
v7,SQL,transcript_only,1,60,120,order by,0.1014
v7,SQL,transcript_only,2,120,180,select,0.8165
v7,SQL,transcript_only,2,120,180,where,0.2825
v7,SQL,transcript_only,2,120,180,group by,0.229
v7,SQL,transcript_only,2,120,180,having,0.063
v7,SQL,transcript_only,2,120,180,count,0.2481
v7,SQL,transcript_only,2,120,180,aggregate function,0.0504
v7,SQL,transcript_only,2,120,180,join,0.3035
v7,SQL,transcript_only,2,120,180,inner join,0.1526
v7,SQL,transcript_only,2,120,180,left join,0.1409
v7,SQL,transcript_only,2,120,180,subquery,0.3518
v7,SQL,transcript_only,2,120,180,order by,0.2786
v7,SQL,transcript_only,3,180,240,select,0.3597
v7,SQL,transcript_only,3,180,240,where,0.2288
v7,SQL,transcript_only,3,180,240,group by,0.1999
v7,SQL,transcript_only,3,180,240,having,-0.0124
v7,SQL,transcript_only,3,180,240,count,0.6333
v7,SQL,transcript_only,3,180,240,aggregate function,0.28
v7,SQL,transcript_only,3,180,240,join,0.2388
v7,SQL,transcript_only,3,180,240,inner join,0.1082
v7,SQL,transcript_only,3,180,240,left join,0.3651
v7,SQL,transcript_only,3,180,240,subquery,0.1542
v7,SQL,transcript_only,3,180,240,order by,0.0784
v7,SQL,transcript_only,4,240,300,select,0.7285
v7,SQL,transcript_only,4,240,300,where,0.1033
v7,SQL,transcript_only,4,240,300,group by,0.1947
v7,SQL,transcript_only,4,240,300,having,-0.0239
v7,SQL,transcript_only,4,240,300,count,0.1954
v7,SQL,transcript_only,4,240,300,aggregate function,0.0574
v7,SQL,transcript_only,4,240,300,join,0.076
v7,SQL,transcript_only,4,240,300,inner join,0.0369
v7,SQL,transcript_only,4,240,300,left join,0.0624
v7,SQL,transcript_only,4,240,300,subquery,0.2486
v7,SQL,transcript_only,4,240,300,order by,0.3118
v7,SQL,transcript_only,5,300,360,select,0.5386
v7,SQL,transcript_only,5,300,360,where,0.2729
v7,SQL,transcript_only,5,300,360,group by,0.3103
v7,SQL,transcript_only,5,300,360,having,0.0646
v7,SQL,transcript_only,5,300,360,count,0.2702
v7,SQL,transcript_only,5,300,360,aggregate function,0.0391
v7,SQL,transcript_only,5,300,360,join,0.2912
v7,SQL,transcript_only,5,300,360,inner join,0.1652
v7,SQL,transcript_only,5,300,360,left join,0.2145
v7,SQL,transcript_only,5,300,360,subquery,0.2325
v7,SQL,transcript_only,5,300,360,order by,0.3934
v7,SQL,transcript_only,6,360,420,select,0.1118
v7,SQL,transcript_only,6,360,420,where,0.1013
v7,SQL,transcript_only,6,360,420,group by,0.2719
v7,SQL,transcript_only,6,360,420,having,0.0943
v7,SQL,transcript_only,6,360,420,count,0.075
v7,SQL,transcript_only,6,360,420,aggregate function,0.0209
v7,SQL,transcript_only,6,360,420,join,0.1251
v7,SQL,transcript_only,6,360,420,inner join,0.0512
v7,SQL,transcript_only,6,360,420,left join,0.1063
v7,SQL,transcript_only,6,360,420,subquery,0.213
v7,SQL,transcript_only,6,360,420,order by,0.7214
v7,SQL,transcript_only,7,420,480,select,0.3373
v7,SQL,transcript_only,7,420,480,where,0.3039
v7,SQL,transcript_only,7,420,480,group by,0.3842
v7,SQL,transcript_only,7,420,480,having,-0.0383
v7,SQL,transcript_only,7,420,480,count,0.2041
v7,SQL,transcript_only,7,420,480,aggregate function,-0.0408
v7,SQL,transcript_only,7,420,480,join,0.2796
v7,SQL,transcript_only,7,420,480,inner join,0.1117
v7,SQL,transcript_only,7,420,480,left join,0.2875
v7,SQL,transcript_only,7,420,480,subquery,0.2824
v7,SQL,transcript_only,7,420,480,order by,0.4738
v7,SQL,transcript_only,8,480,540,select,0.3612
v7,SQL,transcript_only,8,480,540,where,0.142
v7,SQL,transcript_only,8,480,540,group by,0.2727
v7,SQL,transcript_only,8,480,540,having,-0.0697
v7,SQL,transcript_only,8,480,540,count,0.0552
v7,SQL,transcript_only,8,480,540,aggregate function,-0.1121
v7,SQL,transcript_only,8,480,540,join,0.076
v7,SQL,transcript_only,8,480,540,inner join,-0.0015
v7,SQL,transcript_only,8,480,540,left join,0.133
v7,SQL,transcript_only,8,480,540,subquery,0.2272
v7,SQL,transcript_only,8,480,540,order by,0.2982
v8,SQL,transcript_only,0,0,60,select,0.1892
v8,SQL,transcript_only,0,0,60,where,0.0147
v8,SQL,transcript_only,0,0,60,group by,0.0772
v8,SQL,transcript_only,0,0,60,having,0.1828
v8,SQL,transcript_only,0,0,60,count,0.1194
v8,SQL,transcript_only,0,0,60,aggregate function,0.108
v8,SQL,transcript_only,0,0,60,join,0.0776
v8,SQL,transcript_only,0,0,60,inner join,0.0603
v8,SQL,transcript_only,0,0,60,left join,-0.0762
v8,SQL,transcript_only,0,0,60,subquery,0.076
v8,SQL,transcript_only,0,0,60,order by,0.1628
v8,SQL,transcript_only,1,60,120,select,0.3374
v8,SQL,transcript_only,1,60,120,where,0.0472
v8,SQL,transcript_only,1,60,120,group by,0.042
v8,SQL,transcript_only,1,60,120,having,0.1798
v8,SQL,transcript_only,1,60,120,count,0.1455
v8,SQL,transcript_only,1,60,120,aggregate function,0.1415
v8,SQL,transcript_only,1,60,120,join,0.1764
v8,SQL,transcript_only,1,60,120,inner join,0.0903
v8,SQL,transcript_only,1,60,120,left join,-0.0597
v8,SQL,transcript_only,1,60,120,subquery,0.0721
v8,SQL,transcript_only,1,60,120,order by,0.1649
v8,SQL,transcript_only,2,120,180,select,0.4767
v8,SQL,transcript_only,2,120,180,where,0.2794
v8,SQL,transcript_only,2,120,180,group by,0.3268
v8,SQL,transcript_only,2,120,180,having,0.2555
v8,SQL,transcript_only,2,120,180,count,0.2231
v8,SQL,transcript_only,2,120,180,aggregate function,0.1009
v8,SQL,transcript_only,2,120,180,join,0.4308
v8,SQL,transcript_only,2,120,180,inner join,0.2074
v8,SQL,transcript_only,2,120,180,left join,0.0603
v8,SQL,transcript_only,2,120,180,subquery,0.36
v8,SQL,transcript_only,2,120,180,order by,0.3588
v8,SQL,transcript_only,3,180,240,select,0.5502
v8,SQL,transcript_only,3,180,240,where,0.1752
v8,SQL,transcript_only,3,180,240,group by,0.1108
v8,SQL,transcript_only,3,180,240,having,0.0588
v8,SQL,transcript_only,3,180,240,count,0.0667
v8,SQL,transcript_only,3,180,240,aggregate function,0.0053
v8,SQL,transcript_only,3,180,240,join,0.2635
v8,SQL,transcript_only,3,180,240,inner join,0.1038
v8,SQL,transcript_only,3,180,240,left join,0.2337
v8,SQL,transcript_only,3,180,240,subquery,0.122
v8,SQL,transcript_only,3,180,240,order by,0.0363
v8,SQL,transcript_only,4,240,300,select,0.6914
v8,SQL,transcript_only,4,240,300,where,0.063
v8,SQL,transcript_only,4,240,300,group by,0.1454
v8,SQL,transcript_only,4,240,300,having,0.0951
v8,SQL,transcript_only,4,240,300,count,0.1334
v8,SQL,transcript_only,4,240,300,aggregate function,0.0768
v8,SQL,transcript_only,4,240,300,join,0.1228
v8,SQL,transcript_only,4,240,300,inner join,0.0651
v8,SQL,transcript_only,4,240,300,left join,0.1856
v8,SQL,transcript_only,4,240,300,subquery,0.2549
v8,SQL,transcript_only,4,240,300,order by,0.1944
v8,SQL,transcript_only,5,300,360,select,0.211
v8,SQL,transcript_only,5,300,360,where,0.1444
v8,SQL,transcript_only,5,300,360,group by,0.0747
v8,SQL,transcript_only,5,300,360,having,-0.0773
v8,SQL,transcript_only,5,300,360,count,0.0199
v8,SQL,transcript_only,5,300,360,aggregate function,-0.0851
v8,SQL,transcript_only,5,300,360,join,0.1041
v8,SQL,transcript_only,5,300,360,inner join,0.0517
v8,SQL,transcript_only,5,300,360,left join,0.0419
v8,SQL,transcript_only,5,300,360,subquery,-0.0196
v8,SQL,transcript_only,5,300,360,order by,-0.0146
v8,SQL,transcript_only,6,360,420,select,-0.0123
v8,SQL,transcript_only,6,360,420,where,0.2829
v8,SQL,transcript_only,6,360,420,group by,0.0321
v8,SQL,transcript_only,6,360,420,having,-0.0205
v8,SQL,transcript_only,6,360,420,count,0.0234
v8,SQL,transcript_only,6,360,420,aggregate function,-0.1172
v8,SQL,transcript_only,6,360,420,join,0.0836
v8,SQL,transcript_only,6,360,420,inner join,0.0337
v8,SQL,transcript_only,6,360,420,left join,0.0817
v8,SQL,transcript_only,6,360,420,subquery,-0.0961
v8,SQL,transcript_only,6,360,420,order by,-0.006
v8,SQL,transcript_only,7,420,480,select,0.0589
v8,SQL,transcript_only,7,420,480,where,0.2373
v8,SQL,transcript_only,7,420,480,group by,0.1214
v8,SQL,transcript_only,7,420,480,having,-0.0201
v8,SQL,transcript_only,7,420,480,count,0.0561
v8,SQL,transcript_only,7,420,480,aggregate function,-0.0333
v8,SQL,transcript_only,7,420,480,join,0.1899
v8,SQL,transcript_only,7,420,480,inner join,0.1374
v8,SQL,transcript_only,7,420,480,left join,0.0883
v8,SQL,transcript_only,7,420,480,subquery,-0.0251
v8,SQL,transcript_only,7,420,480,order by,-0.0374
v8,SQL,transcript_only,8,480,540,select,-0.0252
v8,SQL,transcript_only,8,480,540,where,0.271
v8,SQL,transcript_only,8,480,540,group by,0.2082
v8,SQL,transcript_only,8,480,540,having,0.0151
v8,SQL,transcript_only,8,480,540,count,-0.0309
v8,SQL,transcript_only,8,480,540,aggregate function,-0.0837
v8,SQL,transcript_only,8,480,540,join,0.1666
v8,SQL,transcript_only,8,480,540,inner join,0.067
v8,SQL,transcript_only,8,480,540,left join,0.1007
v8,SQL,transcript_only,8,480,540,subquery,-0.0136
v8,SQL,transcript_only,8,480,540,order by,0.0685
v8,SQL,transcript_only,9,540,600,select,0.1698
v8,SQL,transcript_only,9,540,600,where,0.2362
v8,SQL,transcript_only,9,540,600,group by,0.0421
v8,SQL,transcript_only,9,540,600,having,0.0942
v8,SQL,transcript_only,9,540,600,count,0.0502
v8,SQL,transcript_only,9,540,600,aggregate function,-0.0111
v8,SQL,transcript_only,9,540,600,join,-0.0369
v8,SQL,transcript_only,9,540,600,inner join,-0.0655
v8,SQL,transcript_only,9,540,600,left join,0.2092
v8,SQL,transcript_only,9,540,600,subquery,0.0185
v8,SQL,transcript_only,9,540,600,order by,0.2621
v8,SQL,transcript_only,10,600,660,select,0.001
v8,SQL,transcript_only,10,600,660,where,0.0474
v8,SQL,transcript_only,10,600,660,group by,0.1425
v8,SQL,transcript_only,10,600,660,having,0.0315
v8,SQL,transcript_only,10,600,660,count,-0.0338
v8,SQL,transcript_only,10,600,660,aggregate function,-0.0457
v8,SQL,transcript_only,10,600,660,join,0.0678
v8,SQL,transcript_only,10,600,660,inner join,0.0745
v8,SQL,transcript_only,10,600,660,left join,0.0293
v8,SQL,transcript_only,10,600,660,subquery,0.0432
v8,SQL,transcript_only,10,600,660,order by,0.6171
v8,SQL,transcript_only,11,660,720,select,0.0501
v8,SQL,transcript_only,11,660,720,where,-0.01
v8,SQL,transcript_only,11,660,720,group by,0.0316
v8,SQL,transcript_only,11,660,720,having,-0.0212
v8,SQL,transcript_only,11,660,720,count,0.0193
v8,SQL,transcript_only,11,660,720,aggregate function,0.0207
v8,SQL,transcript_only,11,660,720,join,0.0866
v8,SQL,transcript_only,11,660,720,inner join,0.0801
v8,SQL,transcript_only,11,660,720,left join,0.0777
v8,SQL,transcript_only,11,660,720,subquery,0.0276
v8,SQL,transcript_only,11,660,720,order by,0.0306
v8,SQL,transcript_only,12,720,780,select,0.0557
v8,SQL,transcript_only,12,720,780,where,0.0286
v8,SQL,transcript_only,12,720,780,group by,0.0284
v8,SQL,transcript_only,12,720,780,having,-0.0103
v8,SQL,transcript_only,12,720,780,count,0.0399
v8,SQL,transcript_only,12,720,780,aggregate function,0.0272
v8,SQL,transcript_only,12,720,780,join,0.2453
v8,SQL,transcript_only,12,720,780,inner join,0.3213
v8,SQL,transcript_only,12,720,780,left join,0.1721
v8,SQL,transcript_only,12,720,780,subquery,0.0271
v8,SQL,transcript_only,12,720,780,order by,0.0094
v8,SQL,transcript_only,13,780,840,select,0.1343
v8,SQL,transcript_only,13,780,840,where,0.0731
v8,SQL,transcript_only,13,780,840,group by,0.0144
v8,SQL,transcript_only,13,780,840,having,-0.0104
v8,SQL,transcript_only,13,780,840,count,0.0581
v8,SQL,transcript_only,13,780,840,aggregate function,0.037
v8,SQL,transcript_only,13,780,840,join,0.1155
v8,SQL,transcript_only,13,780,840,inner join,0.0429
v8,SQL,transcript_only,13,780,840,left join,0.1648
v8,SQL,transcript_only,13,780,840,subquery,0.0373
v8,SQL,transcript_only,13,780,840,order by,-0.005
v8,SQL,transcript_only,14,840,900,select,0.0805
v8,SQL,transcript_only,14,840,900,where,-0.019
v8,SQL,transcript_only,14,840,900,group by,0.4179
v8,SQL,transcript_only,14,840,900,having,-0.0304
v8,SQL,transcript_only,14,840,900,count,0.0803
v8,SQL,transcript_only,14,840,900,aggregate function,0.0356
v8,SQL,transcript_only,14,840,900,join,0.067
v8,SQL,transcript_only,14,840,900,inner join,0.0384
v8,SQL,transcript_only,14,840,900,left join,-0.0014
v8,SQL,transcript_only,14,840,900,subquery,0.1359
v8,SQL,transcript_only,14,840,900,order by,0.1777
v8,SQL,transcript_only,15,900,960,select,-0.0575
v8,SQL,transcript_only,15,900,960,where,0.0331
v8,SQL,transcript_only,15,900,960,group by,0.248
v8,SQL,transcript_only,15,900,960,having,0.1252
v8,SQL,transcript_only,15,900,960,count,0.0691
v8,SQL,transcript_only,15,900,960,aggregate function,0.233
v8,SQL,transcript_only,15,900,960,join,0.0081
v8,SQL,transcript_only,15,900,960,inner join,0.0185
v8,SQL,transcript_only,15,900,960,left join,-0.0281
v8,SQL,transcript_only,15,900,960,subquery,0.0563
v8,SQL,transcript_only,15,900,960,order by,0.3688
v8,SQL,transcript_only,16,960,1020,select,0.0938
v8,SQL,transcript_only,16,960,1020,where,0.0724
v8,SQL,transcript_only,16,960,1020,group by,0.3543
v8,SQL,transcript_only,16,960,1020,having,0.5736
v8,SQL,transcript_only,16,960,1020,count,0.1868
v8,SQL,transcript_only,16,960,1020,aggregate function,0.1875
v8,SQL,transcript_only,16,960,1020,join,-0.0473
v8,SQL,transcript_only,16,960,1020,inner join,-0.0544
v8,SQL,transcript_only,16,960,1020,left join,0.0018
v8,SQL,transcript_only,16,960,1020,subquery,0.2656
v8,SQL,transcript_only,16,960,1020,order by,0.4062
v8,SQL,transcript_only,17,1020,1080,select,-0.029
v8,SQL,transcript_only,17,1020,1080,where,-0.0559
v8,SQL,transcript_only,17,1020,1080,group by,-0.0424
v8,SQL,transcript_only,17,1020,1080,having,-0.0089
v8,SQL,transcript_only,17,1020,1080,count,0.0093
v8,SQL,transcript_only,17,1020,1080,aggregate function,-0.0293
v8,SQL,transcript_only,17,1020,1080,join,-0.0318
v8,SQL,transcript_only,17,1020,1080,inner join,-0.0029
v8,SQL,transcript_only,17,1020,1080,left join,0.0018
v8,SQL,transcript_only,17,1020,1080,subquery,-0.004
v8,SQL,transcript_only,17,1020,1080,order by,-0.0253
v9,SQL,transcript_only,0,0,60,select,0.0582
v9,SQL,transcript_only,0,0,60,where,-0.0183
v9,SQL,transcript_only,0,0,60,group by,0.1261
v9,SQL,transcript_only,0,0,60,having,-0.0199
v9,SQL,transcript_only,0,0,60,count,0.3169
v9,SQL,transcript_only,0,0,60,aggregate function,0.368
v9,SQL,transcript_only,0,0,60,join,0.0697
v9,SQL,transcript_only,0,0,60,inner join,-0.0068
v9,SQL,transcript_only,0,0,60,left join,0.0009
v9,SQL,transcript_only,0,0,60,subquery,-0.0055
v9,SQL,transcript_only,0,0,60,order by,-0.0183
v9,SQL,transcript_only,1,60,120,select,0.0526
v9,SQL,transcript_only,1,60,120,where,0.0082
v9,SQL,transcript_only,1,60,120,group by,0.2023
v9,SQL,transcript_only,1,60,120,having,-0.1348
v9,SQL,transcript_only,1,60,120,count,0.0977
v9,SQL,transcript_only,1,60,120,aggregate function,-0.0192
v9,SQL,transcript_only,1,60,120,join,0.1418
v9,SQL,transcript_only,1,60,120,inner join,0.0336
v9,SQL,transcript_only,1,60,120,left join,0.0118
v9,SQL,transcript_only,1,60,120,subquery,-0.0174
v9,SQL,transcript_only,1,60,120,order by,-0.0079
v9,SQL,transcript_only,2,120,180,select,0.1409
v9,SQL,transcript_only,2,120,180,where,0.0956
v9,SQL,transcript_only,2,120,180,group by,0.33
v9,SQL,transcript_only,2,120,180,having,0.2424
v9,SQL,transcript_only,2,120,180,count,0.5118
v9,SQL,transcript_only,2,120,180,aggregate function,0.555
v9,SQL,transcript_only,2,120,180,join,0.1219
v9,SQL,transcript_only,2,120,180,inner join,0.0377
v9,SQL,transcript_only,2,120,180,left join,0.0296
v9,SQL,transcript_only,2,120,180,subquery,0.0813
v9,SQL,transcript_only,2,120,180,order by,0.1095
v9,SQL,transcript_only,3,180,240,select,0.3411
v9,SQL,transcript_only,3,180,240,where,0.2503
v9,SQL,transcript_only,3,180,240,group by,0.2017
v9,SQL,transcript_only,3,180,240,having,0.008
v9,SQL,transcript_only,3,180,240,count,0.6265
v9,SQL,transcript_only,3,180,240,aggregate function,0.3685
v9,SQL,transcript_only,3,180,240,join,0.3142
v9,SQL,transcript_only,3,180,240,inner join,0.1539
v9,SQL,transcript_only,3,180,240,left join,0.2578
v9,SQL,transcript_only,3,180,240,subquery,0.1627
v9,SQL,transcript_only,3,180,240,order by,0.0541
v9,SQL,transcript_only,4,240,300,select,0.0891
v9,SQL,transcript_only,4,240,300,where,-0.0241
v9,SQL,transcript_only,4,240,300,group by,0.0694
v9,SQL,transcript_only,4,240,300,having,-0.0458
v9,SQL,transcript_only,4,240,300,count,0.518
v9,SQL,transcript_only,4,240,300,aggregate function,0.2219
v9,SQL,transcript_only,4,240,300,join,0.0531
v9,SQL,transcript_only,4,240,300,inner join,-0.0057
v9,SQL,transcript_only,4,240,300,left join,0.1208
v9,SQL,transcript_only,4,240,300,subquery,0.0529
v9,SQL,transcript_only,4,240,300,order by,-0.0109
v9,SQL,transcript_only,5,300,360,select,0.1415
v9,SQL,transcript_only,5,300,360,where,-0.0413
v9,SQL,transcript_only,5,300,360,group by,-0.0299
v9,SQL,transcript_only,5,300,360,having,0.049
v9,SQL,transcript_only,5,300,360,count,0.4693
v9,SQL,transcript_only,5,300,360,aggregate function,0.3078
v9,SQL,transcript_only,5,300,360,join,-0.0294
v9,SQL,transcript_only,5,300,360,inner join,-0.0233
v9,SQL,transcript_only,5,300,360,left join,0.0251
v9,SQL,transcript_only,5,300,360,subquery,0.1786
v9,SQL,transcript_only,5,300,360,order by,0.1104
v9,SQL,transcript_only,6,360,420,select,0.1896
v9,SQL,transcript_only,6,360,420,where,0.0451
v9,SQL,transcript_only,6,360,420,group by,0.0747
v9,SQL,transcript_only,6,360,420,having,-0.035
v9,SQL,transcript_only,6,360,420,count,0.2429
v9,SQL,transcript_only,6,360,420,aggregate function,0.3214
v9,SQL,transcript_only,6,360,420,join,0.0866
v9,SQL,transcript_only,6,360,420,inner join,0.0226
v9,SQL,transcript_only,6,360,420,left join,0.1072
v9,SQL,transcript_only,6,360,420,subquery,0.0644
v9,SQL,transcript_only,6,360,420,order by,0.0529
v9,SQL,transcript_only,7,420,480,select,0.0577
v9,SQL,transcript_only,7,420,480,where,-0.0464
v9,SQL,transcript_only,7,420,480,group by,-0.0678
v9,SQL,transcript_only,7,420,480,having,0.0147
v9,SQL,transcript_only,7,420,480,count,0.3679
v9,SQL,transcript_only,7,420,480,aggregate function,0.2147
v9,SQL,transcript_only,7,420,480,join,-0.0541
v9,SQL,transcript_only,7,420,480,inner join,-0.0259
v9,SQL,transcript_only,7,420,480,left join,-0.0094
v9,SQL,transcript_only,7,420,480,subquery,0.1088
v9,SQL,transcript_only,7,420,480,order by,0.0497
v9,SQL,transcript_only,8,480,540,select,0.097
v9,SQL,transcript_only,8,480,540,where,0.0207
v9,SQL,transcript_only,8,480,540,group by,0.0279
v9,SQL,transcript_only,8,480,540,having,0.0311
v9,SQL,transcript_only,8,480,540,count,0.378
v9,SQL,transcript_only,8,480,540,aggregate function,0.3922
v9,SQL,transcript_only,8,480,540,join,0.0286
v9,SQL,transcript_only,8,480,540,inner join,-0.0001
v9,SQL,transcript_only,8,480,540,left join,0.0266
v9,SQL,transcript_only,8,480,540,subquery,0.1079
v9,SQL,transcript_only,8,480,540,order by,0.0901
v9,SQL,transcript_only,9,540,600,select,0.1009
v9,SQL,transcript_only,9,540,600,where,0.0387
v9,SQL,transcript_only,9,540,600,group by,0.0365
v9,SQL,transcript_only,9,540,600,having,0.0018
v9,SQL,transcript_only,9,540,600,count,0.3328
v9,SQL,transcript_only,9,540,600,aggregate function,0.5195
v9,SQL,transcript_only,9,540,600,join,0.0509
v9,SQL,transcript_only,9,540,600,inner join,0.0174
v9,SQL,transcript_only,9,540,600,left join,0.0361
v9,SQL,transcript_only,9,540,600,subquery,0.0436
v9,SQL,transcript_only,9,540,600,order by,0.04
v9,SQL,transcript_only,10,600,660,select,0.1685
v9,SQL,transcript_only,10,600,660,where,0.0969
v9,SQL,transcript_only,10,600,660,group by,0.2257
v9,SQL,transcript_only,10,600,660,having,0.0161
v9,SQL,transcript_only,10,600,660,count,0.2347
v9,SQL,transcript_only,10,600,660,aggregate function,0.5139
v9,SQL,transcript_only,10,600,660,join,0.1306
v9,SQL,transcript_only,10,600,660,inner join,0.0559
v9,SQL,transcript_only,10,600,660,left join,0.0628
v9,SQL,transcript_only,10,600,660,subquery,0.0325
v9,SQL,transcript_only,10,600,660,order by,0.071
v9,SQL,transcript_only,11,660,720,select,0.0113
v9,SQL,transcript_only,11,660,720,where,0.047
v9,SQL,transcript_only,11,660,720,group by,0.1316
v9,SQL,transcript_only,11,660,720,having,0.1578
v9,SQL,transcript_only,11,660,720,count,0.344
v9,SQL,transcript_only,11,660,720,aggregate function,0.7268
v9,SQL,transcript_only,11,660,720,join,0.0479
v9,SQL,transcript_only,11,660,720,inner join,0.0195
v9,SQL,transcript_only,11,660,720,left join,0.0145
v9,SQL,transcript_only,11,660,720,subquery,-0.003
v9,SQL,transcript_only,11,660,720,order by,0.0147
v10,SQL,transcript_only,0,0,60,select,0.5154
v10,SQL,transcript_only,0,0,60,where,-0.0547
v10,SQL,transcript_only,0,0,60,group by,0.2827
v10,SQL,transcript_only,0,0,60,having,0.0286
v10,SQL,transcript_only,0,0,60,count,-0.0626
v10,SQL,transcript_only,0,0,60,aggregate function,-0.0828
v10,SQL,transcript_only,0,0,60,join,-0.0691
v10,SQL,transcript_only,0,0,60,inner join,-0.0488
v10,SQL,transcript_only,0,0,60,left join,0.015
v10,SQL,transcript_only,0,0,60,subquery,-0.0263
v10,SQL,transcript_only,0,0,60,order by,0.0324
v10,SQL,transcript_only,1,60,120,select,0.136
v10,SQL,transcript_only,1,60,120,where,0.1657
v10,SQL,transcript_only,1,60,120,group by,0.5046
v10,SQL,transcript_only,1,60,120,having,0.0607
v10,SQL,transcript_only,1,60,120,count,0.2288
v10,SQL,transcript_only,1,60,120,aggregate function,0.3325
v10,SQL,transcript_only,1,60,120,join,0.1159
v10,SQL,transcript_only,1,60,120,inner join,0.0328
v10,SQL,transcript_only,1,60,120,left join,0.0943
v10,SQL,transcript_only,1,60,120,subquery,-0.0234
v10,SQL,transcript_only,1,60,120,order by,0.189
v10,SQL,transcript_only,2,120,180,select,0.0488
v10,SQL,transcript_only,2,120,180,where,0.1997
v10,SQL,transcript_only,2,120,180,group by,0.6927
v10,SQL,transcript_only,2,120,180,having,0.206
v10,SQL,transcript_only,2,120,180,count,0.1232
v10,SQL,transcript_only,2,120,180,aggregate function,0.1238
v10,SQL,transcript_only,2,120,180,join,0.2258
v10,SQL,transcript_only,2,120,180,inner join,0.1044
v10,SQL,transcript_only,2,120,180,left join,0.036
v10,SQL,transcript_only,2,120,180,subquery,-0.0046
v10,SQL,transcript_only,2,120,180,order by,0.1318
v10,SQL,transcript_only,3,180,240,select,0.0604
v10,SQL,transcript_only,3,180,240,where,0.173
v10,SQL,transcript_only,3,180,240,group by,0.5558
v10,SQL,transcript_only,3,180,240,having,0.0966
v10,SQL,transcript_only,3,180,240,count,0.2262
v10,SQL,transcript_only,3,180,240,aggregate function,0.1095
v10,SQL,transcript_only,3,180,240,join,0.2133
v10,SQL,transcript_only,3,180,240,inner join,0.1062
v10,SQL,transcript_only,3,180,240,left join,0.0677
v10,SQL,transcript_only,3,180,240,subquery,0.0275
v10,SQL,transcript_only,3,180,240,order by,0.1228
v10,SQL,transcript_only,4,240,300,select,0.2104
v10,SQL,transcript_only,4,240,300,where,0.0559
v10,SQL,transcript_only,4,240,300,group by,0.4582
v10,SQL,transcript_only,4,240,300,having,0.2699
v10,SQL,transcript_only,4,240,300,count,0.069
v10,SQL,transcript_only,4,240,300,aggregate function,0.0415
v10,SQL,transcript_only,4,240,300,join,0.164
v10,SQL,transcript_only,4,240,300,inner join,0.0524
v10,SQL,transcript_only,4,240,300,left join,0.0269
v10,SQL,transcript_only,4,240,300,subquery,0.109
v10,SQL,transcript_only,4,240,300,order by,0.1764
v10,SQL,transcript_only,5,300,360,select,0.2096
v10,SQL,transcript_only,5,300,360,where,0.0136
v10,SQL,transcript_only,5,300,360,group by,0.7119
v10,SQL,transcript_only,5,300,360,having,0.1244
v10,SQL,transcript_only,5,300,360,count,-0.051
v10,SQL,transcript_only,5,300,360,aggregate function,-0.0824
v10,SQL,transcript_only,5,300,360,join,0.0086
v10,SQL,transcript_only,5,300,360,inner join,-0.0202
v10,SQL,transcript_only,5,300,360,left join,0.0095
v10,SQL,transcript_only,5,300,360,subquery,-0.0277
v10,SQL,transcript_only,5,300,360,order by,0.1623
v10,SQL,transcript_only,6,360,420,select,0.2222
v10,SQL,transcript_only,6,360,420,where,0.1478
v10,SQL,transcript_only,6,360,420,group by,0.5814
v10,SQL,transcript_only,6,360,420,having,0.2189
v10,SQL,transcript_only,6,360,420,count,-0.034
v10,SQL,transcript_only,6,360,420,aggregate function,-0.082
v10,SQL,transcript_only,6,360,420,join,0.1009
v10,SQL,transcript_only,6,360,420,inner join,0.0411
v10,SQL,transcript_only,6,360,420,left join,0.0574
v10,SQL,transcript_only,6,360,420,subquery,-0.0248
v10,SQL,transcript_only,6,360,420,order by,0.0806
v10,SQL,transcript_only,7,420,480,select,0.1169
v10,SQL,transcript_only,7,420,480,where,0.0985
v10,SQL,transcript_only,7,420,480,group by,0.5551
v10,SQL,transcript_only,7,420,480,having,-0.0223
v10,SQL,transcript_only,7,420,480,count,0.1072
v10,SQL,transcript_only,7,420,480,aggregate function,-0.0819
v10,SQL,transcript_only,7,420,480,join,0.2552
v10,SQL,transcript_only,7,420,480,inner join,0.1245
v10,SQL,transcript_only,7,420,480,left join,0.0666
v10,SQL,transcript_only,7,420,480,subquery,0.0175
v10,SQL,transcript_only,7,420,480,order by,0.0499
v10,SQL,transcript_only,8,480,540,select,0.0331
v10,SQL,transcript_only,8,480,540,where,0.0155
v10,SQL,transcript_only,8,480,540,group by,0.302
v10,SQL,transcript_only,8,480,540,having,-0.0011
v10,SQL,transcript_only,8,480,540,count,0.1394
v10,SQL,transcript_only,8,480,540,aggregate function,-0.006
v10,SQL,transcript_only,8,480,540,join,0.0604
v10,SQL,transcript_only,8,480,540,inner join,0.0221
v10,SQL,transcript_only,8,480,540,left join,0.0229
v10,SQL,transcript_only,8,480,540,subquery,0.0619
v10,SQL,transcript_only,8,480,540,order by,0.0784
v10,SQL,transcript_only,9,540,600,select,0.0531
v10,SQL,transcript_only,9,540,600,where,0.0207
v10,SQL,transcript_only,9,540,600,group by,0.2129
v10,SQL,transcript_only,9,540,600,having,0.053
v10,SQL,transcript_only,9,540,600,count,0.1332
v10,SQL,transcript_only,9,540,600,aggregate function,0.1413
v10,SQL,transcript_only,9,540,600,join,-0.0124
v10,SQL,transcript_only,9,540,600,inner join,-0.0174
v10,SQL,transcript_only,9,540,600,left join,0.0279
v10,SQL,transcript_only,9,540,600,subquery,0.0763
v10,SQL,transcript_only,9,540,600,order by,0.0716
v10,SQL,transcript_only,10,600,660,select,0.0605
v10,SQL,transcript_only,10,600,660,where,0.0028
v10,SQL,transcript_only,10,600,660,group by,0.0331
v10,SQL,transcript_only,10,600,660,having,0.0869
v10,SQL,transcript_only,10,600,660,count,0.0752
v10,SQL,transcript_only,10,600,660,aggregate function,0.2754
v10,SQL,transcript_only,10,600,660,join,-0.0425
v10,SQL,transcript_only,10,600,660,inner join,-0.0269
v10,SQL,transcript_only,10,600,660,left join,0.002
v10,SQL,transcript_only,10,600,660,subquery,0.0747
v10,SQL,transcript_only,10,600,660,order by,0.0752
v10,SQL,transcript_only,11,660,720,select,0.0631
v10,SQL,transcript_only,11,660,720,where,0.0105
v10,SQL,transcript_only,11,660,720,group by,0.2325
v10,SQL,transcript_only,11,660,720,having,0.0074
v10,SQL,transcript_only,11,660,720,count,0.0351
v10,SQL,transcript_only,11,660,720,aggregate function,0.1117
v10,SQL,transcript_only,11,660,720,join,-0.0245
v10,SQL,transcript_only,11,660,720,inner join,-0.021
v10,SQL,transcript_only,11,660,720,left join,0.0078
v10,SQL,transcript_only,11,660,720,subquery,0.0587
v10,SQL,transcript_only,11,660,720,order by,0.0807
v10,SQL,transcript_only,12,720,780,select,0.0508
v10,SQL,transcript_only,12,720,780,where,-0.0457
v10,SQL,transcript_only,12,720,780,group by,0.1563
v10,SQL,transcript_only,12,720,780,having,-0.051
v10,SQL,transcript_only,12,720,780,count,0.0024
v10,SQL,transcript_only,12,720,780,aggregate function,0.1534
v10,SQL,transcript_only,12,720,780,join,0.03
v10,SQL,transcript_only,12,720,780,inner join,0.0356
v10,SQL,transcript_only,12,720,780,left join,-0.0158
v10,SQL,transcript_only,12,720,780,subquery,0.0728
v10,SQL,transcript_only,12,720,780,order by,0.0858
v10,SQL,transcript_only,13,780,840,select,0.1118
v10,SQL,transcript_only,13,780,840,where,0.0616
v10,SQL,transcript_only,13,780,840,group by,0.402
v10,SQL,transcript_only,13,780,840,having,0.0356
v10,SQL,transcript_only,13,780,840,count,0.0445
v10,SQL,transcript_only,13,780,840,aggregate function,0.0753
v10,SQL,transcript_only,13,780,840,join,0.0465
v10,SQL,transcript_only,13,780,840,inner join,0.0415
v10,SQL,transcript_only,13,780,840,left join,0.0573
v10,SQL,transcript_only,13,780,840,subquery,0.0435
v10,SQL,transcript_only,13,780,840,order by,0.141
v10,SQL,transcript_only,14,840,900,select,0.0783
v10,SQL,transcript_only,14,840,900,where,0.026
v10,SQL,transcript_only,14,840,900,group by,0.4727
v10,SQL,transcript_only,14,840,900,having,0.2049
v10,SQL,transcript_only,14,840,900,count,0.1535
v10,SQL,transcript_only,14,840,900,aggregate function,0.0548
v10,SQL,transcript_only,14,840,900,join,0.0428
v10,SQL,transcript_only,14,840,900,inner join,0.0318
v10,SQL,transcript_only,14,840,900,left join,-0.0216
v10,SQL,transcript_only,14,840,900,subquery,0.0226
v10,SQL,transcript_only,14,840,900,order by,0.0802
v10,SQL,transcript_only,15,900,960,select,0.0121
v10,SQL,transcript_only,15,900,960,where,-0.0114
v10,SQL,transcript_only,15,900,960,group by,0.0878
v10,SQL,transcript_only,15,900,960,having,0.2941
v10,SQL,transcript_only,15,900,960,count,0.0824
v10,SQL,transcript_only,15,900,960,aggregate function,0.0786
v10,SQL,transcript_only,15,900,960,join,-0.012
v10,SQL,transcript_only,15,900,960,inner join,-0.0065
v10,SQL,transcript_only,15,900,960,left join,-0.0308
v10,SQL,transcript_only,15,900,960,subquery,0.0205
v10,SQL,transcript_only,15,900,960,order by,0.0133
v10,SQL,transcript_only,16,960,1020,select,-0.0111
v10,SQL,transcript_only,16,960,1020,where,0.0267
v10,SQL,transcript_only,16,960,1020,group by,0.0597
v10,SQL,transcript_only,16,960,1020,having,0.0639
v10,SQL,transcript_only,16,960,1020,count,0.0128
v10,SQL,transcript_only,16,960,1020,aggregate function,0.2476
v10,SQL,transcript_only,16,960,1020,join,0.041
v10,SQL,transcript_only,16,960,1020,inner join,0.0277
v10,SQL,transcript_only,16,960,1020,left join,0.0112
v10,SQL,transcript_only,16,960,1020,subquery,-0.0001
v10,SQL,transcript_only,16,960,1020,order by,0.0192
v10,SQL,transcript_only,17,1020,1080,select,0.05
v10,SQL,transcript_only,17,1020,1080,where,0.0492
v10,SQL,transcript_only,17,1020,1080,group by,0.0133
v10,SQL,transcript_only,17,1020,1080,having,-0.01
v10,SQL,transcript_only,17,1020,1080,count,0.0408
v10,SQL,transcript_only,17,1020,1080,aggregate function,0.2176
v10,SQL,transcript_only,17,1020,1080,join,0.0491
v10,SQL,transcript_only,17,1020,1080,inner join,0.0314
v10,SQL,transcript_only,17,1020,1080,left join,0.0708
v10,SQL,transcript_only,17,1020,1080,subquery,-0.0196
v10,SQL,transcript_only,17,1020,1080,order by,-0.0109
v10,SQL,transcript_only,18,1080,1140,select,0.0506
v10,SQL,transcript_only,18,1080,1140,where,-0.0046
v10,SQL,transcript_only,18,1080,1140,group by,-0.0309
v10,SQL,transcript_only,18,1080,1140,having,0.0775
v10,SQL,transcript_only,18,1080,1140,count,0.0022
v10,SQL,transcript_only,18,1080,1140,aggregate function,0.2388
v10,SQL,transcript_only,18,1080,1140,join,-0.0081
v10,SQL,transcript_only,18,1080,1140,inner join,-0.0127
v10,SQL,transcript_only,18,1080,1140,left join,0.0106
v10,SQL,transcript_only,18,1080,1140,subquery,0.0533
v10,SQL,transcript_only,18,1080,1140,order by,0.0391
v10,SQL,transcript_only,19,1140,1200,select,0.0491
v10,SQL,transcript_only,19,1140,1200,where,-0.064
v10,SQL,transcript_only,19,1140,1200,group by,-0.0812
v10,SQL,transcript_only,19,1140,1200,having,0.0283
v10,SQL,transcript_only,19,1140,1200,count,-0.0206
v10,SQL,transcript_only,19,1140,1200,aggregate function,0.1124
v10,SQL,transcript_only,19,1140,1200,join,-0.0688
v10,SQL,transcript_only,19,1140,1200,inner join,-0.0475
v10,SQL,transcript_only,19,1140,1200,left join,0.0315
v10,SQL,transcript_only,19,1140,1200,subquery,-0.0284
v10,SQL,transcript_only,19,1140,1200,order by,-0.0076
v10,SQL,transcript_only,20,1200,1260,select,0.1765
v10,SQL,transcript_only,20,1200,1260,where,-0.0208
v10,SQL,transcript_only,20,1200,1260,group by,0.224
v10,SQL,transcript_only,20,1200,1260,having,0.1466
v10,SQL,transcript_only,20,1200,1260,count,-0.0297
v10,SQL,transcript_only,20,1200,1260,aggregate function,-0.0595
v10,SQL,transcript_only,20,1200,1260,join,-0.0378
v10,SQL,transcript_only,20,1200,1260,inner join,-0.0276
v10,SQL,transcript_only,20,1200,1260,left join,0.0392
v10,SQL,transcript_only,20,1200,1260,subquery,-0.0045
v10,SQL,transcript_only,20,1200,1260,order by,0.0648
v11,SQL,transcript_only,0,0,60,select,0.3003
v11,SQL,transcript_only,0,0,60,where,0.0451
v11,SQL,transcript_only,0,0,60,group by,0.0398
v11,SQL,transcript_only,0,0,60,having,0.0111
v11,SQL,transcript_only,0,0,60,count,0.0066
v11,SQL,transcript_only,0,0,60,aggregate function,0.0132
v11,SQL,transcript_only,0,0,60,join,0.0992
v11,SQL,transcript_only,0,0,60,inner join,0.06
v11,SQL,transcript_only,0,0,60,left join,0.0558
v11,SQL,transcript_only,0,0,60,subquery,0.3378
v11,SQL,transcript_only,0,0,60,order by,0.1813
v11,SQL,transcript_only,1,60,120,select,0.354
v11,SQL,transcript_only,1,60,120,where,0.0792
v11,SQL,transcript_only,1,60,120,group by,0.0011
v11,SQL,transcript_only,1,60,120,having,0.0072
v11,SQL,transcript_only,1,60,120,count,0.0061
v11,SQL,transcript_only,1,60,120,aggregate function,0.0162
v11,SQL,transcript_only,1,60,120,join,-0.0283
v11,SQL,transcript_only,1,60,120,inner join,-0.031
v11,SQL,transcript_only,1,60,120,left join,0.0175
v11,SQL,transcript_only,1,60,120,subquery,0.2308
v11,SQL,transcript_only,1,60,120,order by,0.1376
v11,SQL,transcript_only,2,120,180,select,0.1758
v11,SQL,transcript_only,2,120,180,where,0.0811
v11,SQL,transcript_only,2,120,180,group by,-0.0007
v11,SQL,transcript_only,2,120,180,having,0.0349
v11,SQL,transcript_only,2,120,180,count,0.0232
v11,SQL,transcript_only,2,120,180,aggregate function,0.0157
v11,SQL,transcript_only,2,120,180,join,-0.0049
v11,SQL,transcript_only,2,120,180,inner join,-0.0037
v11,SQL,transcript_only,2,120,180,left join,-0.0453
v11,SQL,transcript_only,2,120,180,subquery,0.181
v11,SQL,transcript_only,2,120,180,order by,0.1348
v11,SQL,transcript_only,3,180,240,select,0.182
v11,SQL,transcript_only,3,180,240,where,0.0863
v11,SQL,transcript_only,3,180,240,group by,0.0004
v11,SQL,transcript_only,3,180,240,having,0.0311
v11,SQL,transcript_only,3,180,240,count,0.0255
v11,SQL,transcript_only,3,180,240,aggregate function,0.033
v11,SQL,transcript_only,3,180,240,join,-0.0074
v11,SQL,transcript_only,3,180,240,inner join,-0.0369
v11,SQL,transcript_only,3,180,240,left join,-0.0014
v11,SQL,transcript_only,3,180,240,subquery,0.1866
v11,SQL,transcript_only,3,180,240,order by,0.1333
v11,SQL,transcript_only,4,240,300,select,0.1565
v11,SQL,transcript_only,4,240,300,where,-0.0277
v11,SQL,transcript_only,4,240,300,group by,0.316
v11,SQL,transcript_only,4,240,300,having,-0.0236
v11,SQL,transcript_only,4,240,300,count,-0.0549
v11,SQL,transcript_only,4,240,300,aggregate function,0.135
v11,SQL,transcript_only,4,240,300,join,0.0243
v11,SQL,transcript_only,4,240,300,inner join,0.0237
v11,SQL,transcript_only,4,240,300,left join,-0.0192
v11,SQL,transcript_only,4,240,300,subquery,0.0787
v11,SQL,transcript_only,4,240,300,order by,0.0956
v11,SQL,transcript_only,5,300,360,select,0.1783
v11,SQL,transcript_only,5,300,360,where,-0.0095
v11,SQL,transcript_only,5,300,360,group by,0.0464
v11,SQL,transcript_only,5,300,360,having,-0.0172
v11,SQL,transcript_only,5,300,360,count,-0.0032
v11,SQL,transcript_only,5,300,360,aggregate function,0.2125
v11,SQL,transcript_only,5,300,360,join,0.0308
v11,SQL,transcript_only,5,300,360,inner join,0.0648
v11,SQL,transcript_only,5,300,360,left join,-0.0046
v11,SQL,transcript_only,5,300,360,subquery,0.1194
v11,SQL,transcript_only,5,300,360,order by,0.064
v11,SQL,transcript_only,6,360,420,select,0.1177
v11,SQL,transcript_only,6,360,420,where,-0.0506
v11,SQL,transcript_only,6,360,420,group by,0.2976
v11,SQL,transcript_only,6,360,420,having,0.022
v11,SQL,transcript_only,6,360,420,count,0.071
v11,SQL,transcript_only,6,360,420,aggregate function,0.1553
v11,SQL,transcript_only,6,360,420,join,-0.0173
v11,SQL,transcript_only,6,360,420,inner join,-0.0273
v11,SQL,transcript_only,6,360,420,left join,0.0218
v11,SQL,transcript_only,6,360,420,subquery,0.1318
v11,SQL,transcript_only,6,360,420,order by,0.1351
v11,SQL,transcript_only,7,420,480,select,0.3393
v11,SQL,transcript_only,7,420,480,where,-0.0145
v11,SQL,transcript_only,7,420,480,group by,-0.0148
v11,SQL,transcript_only,7,420,480,having,0.0196
v11,SQL,transcript_only,7,420,480,count,0.0432
v11,SQL,transcript_only,7,420,480,aggregate function,0.2193
v11,SQL,transcript_only,7,420,480,join,-0.0399
v11,SQL,transcript_only,7,420,480,inner join,-0.0564
v11,SQL,transcript_only,7,420,480,left join,0.1817
v11,SQL,transcript_only,7,420,480,subquery,-0.0469
v11,SQL,transcript_only,7,420,480,order by,-0.0519
v11,SQL,transcript_only,8,480,540,select,0.0004
v11,SQL,transcript_only,8,480,540,where,0.0531
v11,SQL,transcript_only,8,480,540,group by,0.3589
v11,SQL,transcript_only,8,480,540,having,0.1375
v11,SQL,transcript_only,8,480,540,count,0.0126
v11,SQL,transcript_only,8,480,540,aggregate function,0.1707
v11,SQL,transcript_only,8,480,540,join,-0.0007
v11,SQL,transcript_only,8,480,540,inner join,-0.0308
v11,SQL,transcript_only,8,480,540,left join,0.1363
v11,SQL,transcript_only,8,480,540,subquery,0.0187
v11,SQL,transcript_only,8,480,540,order by,0.0989
v11,SQL,transcript_only,9,540,600,select,0.0133
v11,SQL,transcript_only,9,540,600,where,-0.0184
v11,SQL,transcript_only,9,540,600,group by,0.583
v11,SQL,transcript_only,9,540,600,having,-0.0048
v11,SQL,transcript_only,9,540,600,count,-0.049
v11,SQL,transcript_only,9,540,600,aggregate function,0.0049
v11,SQL,transcript_only,9,540,600,join,0.0061
v11,SQL,transcript_only,9,540,600,inner join,-0.0152
v11,SQL,transcript_only,9,540,600,left join,0.0969
v11,SQL,transcript_only,9,540,600,subquery,0.0028
v11,SQL,transcript_only,9,540,600,order by,0.1097
v11,SQL,transcript_only,10,600,660,select,0.1169
v11,SQL,transcript_only,10,600,660,where,0.0329
v11,SQL,transcript_only,10,600,660,group by,0.0932
v11,SQL,transcript_only,10,600,660,having,-0.0529
v11,SQL,transcript_only,10,600,660,count,0.0448
v11,SQL,transcript_only,10,600,660,aggregate function,0.0334
v11,SQL,transcript_only,10,600,660,join,0.0368
v11,SQL,transcript_only,10,600,660,inner join,-0.0563
v11,SQL,transcript_only,10,600,660,left join,0.1112
v11,SQL,transcript_only,10,600,660,subquery,0.071
v11,SQL,transcript_only,10,600,660,order by,0.0926
v11,SQL,transcript_only,11,660,720,select,-0.0272
v11,SQL,transcript_only,11,660,720,where,0.0031
v11,SQL,transcript_only,11,660,720,group by,-0.0023
v11,SQL,transcript_only,11,660,720,having,-0.0204
v11,SQL,transcript_only,11,660,720,count,0.0281
v11,SQL,transcript_only,11,660,720,aggregate function,-0.0142
v11,SQL,transcript_only,11,660,720,join,-0.0352
v11,SQL,transcript_only,11,660,720,inner join,-0.0377
v11,SQL,transcript_only,11,660,720,left join,-0.004
v11,SQL,transcript_only,11,660,720,subquery,-0.0284
v11,SQL,transcript_only,11,660,720,order by,-0.0075
v12,SQL,transcript_only,0,0,60,select,0.1037
v12,SQL,transcript_only,0,0,60,where,0.0421
v12,SQL,transcript_only,0,0,60,group by,0.109
v12,SQL,transcript_only,0,0,60,having,-0.0351
v12,SQL,transcript_only,0,0,60,count,-0.0034
v12,SQL,transcript_only,0,0,60,aggregate function,0.0233
v12,SQL,transcript_only,0,0,60,join,0.4199
v12,SQL,transcript_only,0,0,60,inner join,0.529
v12,SQL,transcript_only,0,0,60,left join,0.2972
v12,SQL,transcript_only,0,0,60,subquery,-0.0034
v12,SQL,transcript_only,0,0,60,order by,0.0517
v12,SQL,transcript_only,1,60,120,select,0.0884
v12,SQL,transcript_only,1,60,120,where,0.0083
v12,SQL,transcript_only,1,60,120,group by,0.0728
v12,SQL,transcript_only,1,60,120,having,-0.006
v12,SQL,transcript_only,1,60,120,count,-0.0089
v12,SQL,transcript_only,1,60,120,aggregate function,0.0055
v12,SQL,transcript_only,1,60,120,join,0.5163
v12,SQL,transcript_only,1,60,120,inner join,0.7157
v12,SQL,transcript_only,1,60,120,left join,0.4315
v12,SQL,transcript_only,1,60,120,subquery,-0.0329
v12,SQL,transcript_only,1,60,120,order by,0.0388
v12,SQL,transcript_only,2,120,180,select,0.084
v12,SQL,transcript_only,2,120,180,where,0.0239
v12,SQL,transcript_only,2,120,180,group by,0.018
v12,SQL,transcript_only,2,120,180,having,0.0011
v12,SQL,transcript_only,2,120,180,count,-0.0008
v12,SQL,transcript_only,2,120,180,aggregate function,-0.0005
v12,SQL,transcript_only,2,120,180,join,0.0179
v12,SQL,transcript_only,2,120,180,inner join,0.0288
v12,SQL,transcript_only,2,120,180,left join,0.0556
v12,SQL,transcript_only,2,120,180,subquery,0.0097
v12,SQL,transcript_only,2,120,180,order by,0.0391
v12,SQL,transcript_only,3,180,240,select,0.0779
v12,SQL,transcript_only,3,180,240,where,0.1132
v12,SQL,transcript_only,3,180,240,group by,0.1152
v12,SQL,transcript_only,3,180,240,having,-0.0088
v12,SQL,transcript_only,3,180,240,count,0.0955
v12,SQL,transcript_only,3,180,240,aggregate function,-0.0121
v12,SQL,transcript_only,3,180,240,join,0.2511
v12,SQL,transcript_only,3,180,240,inner join,0.2374
v12,SQL,transcript_only,3,180,240,left join,0.2025
v12,SQL,transcript_only,3,180,240,subquery,-0.0268
v12,SQL,transcript_only,3,180,240,order by,0.0298
v12,SQL,transcript_only,4,240,300,select,0.0604
v12,SQL,transcript_only,4,240,300,where,0.0126
v12,SQL,transcript_only,4,240,300,group by,-0.0135
v12,SQL,transcript_only,4,240,300,having,0.0272
v12,SQL,transcript_only,4,240,300,count,0.021
v12,SQL,transcript_only,4,240,300,aggregate function,0.0072
v12,SQL,transcript_only,4,240,300,join,0.0017
v12,SQL,transcript_only,4,240,300,inner join,0.0594
v12,SQL,transcript_only,4,240,300,left join,0.0109
v12,SQL,transcript_only,4,240,300,subquery,0.0057
v12,SQL,transcript_only,4,240,300,order by,0.0398
v12,SQL,transcript_only,5,300,360,select,0.2715
v12,SQL,transcript_only,5,300,360,where,0.0288
v12,SQL,transcript_only,5,300,360,group by,0.0856
v12,SQL,transcript_only,5,300,360,having,0.049
v12,SQL,transcript_only,5,300,360,count,0.0393
v12,SQL,transcript_only,5,300,360,aggregate function,0.0555
v12,SQL,transcript_only,5,300,360,join,0.0989
v12,SQL,transcript_only,5,300,360,inner join,0.1993
v12,SQL,transcript_only,5,300,360,left join,-0.0024
v12,SQL,transcript_only,5,300,360,subquery,0.0093
v12,SQL,transcript_only,5,300,360,order by,0.0856
v12,SQL,transcript_only,6,360,420,select,0.0438
v12,SQL,transcript_only,6,360,420,where,0.0109
v12,SQL,transcript_only,6,360,420,group by,0.0279
v12,SQL,transcript_only,6,360,420,having,-0.0008
v12,SQL,transcript_only,6,360,420,count,0.033
v12,SQL,transcript_only,6,360,420,aggregate function,-0.0206
v12,SQL,transcript_only,6,360,420,join,0.3955
v12,SQL,transcript_only,6,360,420,inner join,0.5186
v12,SQL,transcript_only,6,360,420,left join,0.8243
v12,SQL,transcript_only,6,360,420,subquery,0.0253
v12,SQL,transcript_only,6,360,420,order by,0.0612
v12,SQL,transcript_only,7,420,480,select,0.0997
v12,SQL,transcript_only,7,420,480,where,0.0459
v12,SQL,transcript_only,7,420,480,group by,-0.0358
v12,SQL,transcript_only,7,420,480,having,0.0016
v12,SQL,transcript_only,7,420,480,count,-0.0175
v12,SQL,transcript_only,7,420,480,aggregate function,-0.0368
v12,SQL,transcript_only,7,420,480,join,0.1162
v12,SQL,transcript_only,7,420,480,inner join,0.1297
v12,SQL,transcript_only,7,420,480,left join,0.5345
v12,SQL,transcript_only,7,420,480,subquery,0.032
v12,SQL,transcript_only,7,420,480,order by,0.0186
v12,SQL,transcript_only,8,480,540,select,0.0955
v12,SQL,transcript_only,8,480,540,where,0.0153
v12,SQL,transcript_only,8,480,540,group by,0.002
v12,SQL,transcript_only,8,480,540,having,-0.0099
v12,SQL,transcript_only,8,480,540,count,0.0049
v12,SQL,transcript_only,8,480,540,aggregate function,-0.0464
v12,SQL,transcript_only,8,480,540,join,0.2022
v12,SQL,transcript_only,8,480,540,inner join,0.2018
v12,SQL,transcript_only,8,480,540,left join,0.6828
v12,SQL,transcript_only,8,480,540,subquery,0.0165
v12,SQL,transcript_only,8,480,540,order by,0.0091
v12,SQL,transcript_only,9,540,600,select,0.1386
v12,SQL,transcript_only,9,540,600,where,0.0258
v12,SQL,transcript_only,9,540,600,group by,0.0017
v12,SQL,transcript_only,9,540,600,having,-0.0052
v12,SQL,transcript_only,9,540,600,count,0.011
v12,SQL,transcript_only,9,540,600,aggregate function,-0.0335
v12,SQL,transcript_only,9,540,600,join,0.1395
v12,SQL,transcript_only,9,540,600,inner join,0.124
v12,SQL,transcript_only,9,540,600,left join,0.3676
v12,SQL,transcript_only,9,540,600,subquery,-0.0534
v12,SQL,transcript_only,9,540,600,order by,-0.0226
v12,SQL,transcript_only,10,600,660,select,0.0318
v12,SQL,transcript_only,10,600,660,where,0.032
v12,SQL,transcript_only,10,600,660,group by,0.0322
v12,SQL,transcript_only,10,600,660,having,0.0329
v12,SQL,transcript_only,10,600,660,count,0.0493
v12,SQL,transcript_only,10,600,660,aggregate function,0.0049
v12,SQL,transcript_only,10,600,660,join,-0.0154
v12,SQL,transcript_only,10,600,660,inner join,-0.0222
v12,SQL,transcript_only,10,600,660,left join,0.0204
v12,SQL,transcript_only,10,600,660,subquery,-0.0144
v12,SQL,transcript_only,10,600,660,order by,0.0234
v12,SQL,transcript_only,11,660,720,select,0.0266
v12,SQL,transcript_only,11,660,720,where,0.0155
v12,SQL,transcript_only,11,660,720,group by,0.0404
v12,SQL,transcript_only,11,660,720,having,0.0093
v12,SQL,transcript_only,11,660,720,count,0.0107
v12,SQL,transcript_only,11,660,720,aggregate function,-0.0209
v12,SQL,transcript_only,11,660,720,join,-0.0481
v12,SQL,transcript_only,11,660,720,inner join,-0.0561
v12,SQL,transcript_only,11,660,720,left join,0.0021
v12,SQL,transcript_only,11,660,720,subquery,-0.0025
v12,SQL,transcript_only,11,660,720,order by,0.0123
v12,SQL,transcript_only,12,720,780,select,-0.0223
v12,SQL,transcript_only,12,720,780,where,-0.0292
v12,SQL,transcript_only,12,720,780,group by,0.0465
v12,SQL,transcript_only,12,720,780,having,-0.0057
v12,SQL,transcript_only,12,720,780,count,-0.0981
v12,SQL,transcript_only,12,720,780,aggregate function,-0.0226
v12,SQL,transcript_only,12,720,780,join,-0.0168
v12,SQL,transcript_only,12,720,780,inner join,-0.0635
v12,SQL,transcript_only,12,720,780,left join,0.1018
v12,SQL,transcript_only,12,720,780,subquery,-0.0403
v12,SQL,transcript_only,12,720,780,order by,-0.0626
v12,SQL,transcript_only,13,780,840,select,0.1814
v12,SQL,transcript_only,13,780,840,where,0.0558
v12,SQL,transcript_only,13,780,840,group by,0.0484
v12,SQL,transcript_only,13,780,840,having,-0.0412
v12,SQL,transcript_only,13,780,840,count,-0.0635
v12,SQL,transcript_only,13,780,840,aggregate function,-0.0393
v12,SQL,transcript_only,13,780,840,join,0.2648
v12,SQL,transcript_only,13,780,840,inner join,0.1299
v12,SQL,transcript_only,13,780,840,left join,0.3984
v12,SQL,transcript_only,13,780,840,subquery,-0.0602
v12,SQL,transcript_only,13,780,840,order by,-0.081
v12,SQL,transcript_only,14,840,900,select,0.062
v12,SQL,transcript_only,14,840,900,where,-0.0063
v12,SQL,transcript_only,14,840,900,group by,-0.0048
v12,SQL,transcript_only,14,840,900,having,-0.0318
v12,SQL,transcript_only,14,840,900,count,-0.0258
v12,SQL,transcript_only,14,840,900,aggregate function,-0.0419
v12,SQL,transcript_only,14,840,900,join,0.1867
v12,SQL,transcript_only,14,840,900,inner join,0.1381
v12,SQL,transcript_only,14,840,900,left join,0.1741
v12,SQL,transcript_only,14,840,900,subquery,0.0268
v12,SQL,transcript_only,14,840,900,order by,0.0029
v12,SQL,transcript_only,15,900,960,select,0.0202
v12,SQL,transcript_only,15,900,960,where,-0.0064
v12,SQL,transcript_only,15,900,960,group by,-0.027
v12,SQL,transcript_only,15,900,960,having,-0.0341
v12,SQL,transcript_only,15,900,960,count,-0.0264
v12,SQL,transcript_only,15,900,960,aggregate function,-0.0331
v12,SQL,transcript_only,15,900,960,join,0.1284
v12,SQL,transcript_only,15,900,960,inner join,0.1138
v12,SQL,transcript_only,15,900,960,left join,0.0909
v12,SQL,transcript_only,15,900,960,subquery,0.0103
v12,SQL,transcript_only,15,900,960,order by,-0.0063
v12,SQL,transcript_only,16,960,1020,select,-0.0032
v12,SQL,transcript_only,16,960,1020,where,0.0031
v12,SQL,transcript_only,16,960,1020,group by,-0.0076
v12,SQL,transcript_only,16,960,1020,having,-0.029
v12,SQL,transcript_only,16,960,1020,count,-0.0687
v12,SQL,transcript_only,16,960,1020,aggregate function,-0.0378
v12,SQL,transcript_only,16,960,1020,join,0.1052
v12,SQL,transcript_only,16,960,1020,inner join,0.0347
v12,SQL,transcript_only,16,960,1020,left join,-0.0077
v12,SQL,transcript_only,16,960,1020,subquery,0.035
v12,SQL,transcript_only,16,960,1020,order by,0.0138
v12,SQL,transcript_only,17,1020,1080,select,-0.0221
v12,SQL,transcript_only,17,1020,1080,where,0.0169
v12,SQL,transcript_only,17,1020,1080,group by,0.0211
v12,SQL,transcript_only,17,1020,1080,having,-0.0155
v12,SQL,transcript_only,17,1020,1080,count,0.0039
v12,SQL,transcript_only,17,1020,1080,aggregate function,-0.0246
v12,SQL,transcript_only,17,1020,1080,join,0.0015
v12,SQL,transcript_only,17,1020,1080,inner join,0.0076
v12,SQL,transcript_only,17,1020,1080,left join,0.033
v12,SQL,transcript_only,17,1020,1080,subquery,0.0001
v12,SQL,transcript_only,17,1020,1080,order by,-0.0245
v13,SQL,transcript_only,0,0,60,select,0.3817
v13,SQL,transcript_only,0,0,60,where,0.0723
v13,SQL,transcript_only,0,0,60,group by,0.1316
v13,SQL,transcript_only,0,0,60,having,0.3662
v13,SQL,transcript_only,0,0,60,count,0.2917
v13,SQL,transcript_only,0,0,60,aggregate function,0.1815
v13,SQL,transcript_only,0,0,60,join,0.1749
v13,SQL,transcript_only,0,0,60,inner join,0.1094
v13,SQL,transcript_only,0,0,60,left join,0.139
v13,SQL,transcript_only,0,0,60,subquery,0.3199
v13,SQL,transcript_only,0,0,60,order by,0.3715
v13,SQL,transcript_only,1,60,120,select,0.4433
v13,SQL,transcript_only,1,60,120,where,0.2617
v13,SQL,transcript_only,1,60,120,group by,0.2742
v13,SQL,transcript_only,1,60,120,having,0.0512
v13,SQL,transcript_only,1,60,120,count,0.1181
v13,SQL,transcript_only,1,60,120,aggregate function,0.0156
v13,SQL,transcript_only,1,60,120,join,0.4104
v13,SQL,transcript_only,1,60,120,inner join,0.158
v13,SQL,transcript_only,1,60,120,left join,0.0663
v13,SQL,transcript_only,1,60,120,subquery,0.0691
v13,SQL,transcript_only,1,60,120,order by,0.0809
v13,SQL,transcript_only,2,120,180,select,0.5661
v13,SQL,transcript_only,2,120,180,where,0.1172
v13,SQL,transcript_only,2,120,180,group by,0.0703
v13,SQL,transcript_only,2,120,180,having,0.3528
v13,SQL,transcript_only,2,120,180,count,0.2804
v13,SQL,transcript_only,2,120,180,aggregate function,0.1774
v13,SQL,transcript_only,2,120,180,join,0.1437
v13,SQL,transcript_only,2,120,180,inner join,0.0444
v13,SQL,transcript_only,2,120,180,left join,0.0883
v13,SQL,transcript_only,2,120,180,subquery,0.4819
v13,SQL,transcript_only,2,120,180,order by,0.3974
v13,SQL,transcript_only,3,180,240,select,0.3127
v13,SQL,transcript_only,3,180,240,where,0.0699
v13,SQL,transcript_only,3,180,240,group by,0.1008
v13,SQL,transcript_only,3,180,240,having,0.0586
v13,SQL,transcript_only,3,180,240,count,0.0329
v13,SQL,transcript_only,3,180,240,aggregate function,-0.0262
v13,SQL,transcript_only,3,180,240,join,0.0207
v13,SQL,transcript_only,3,180,240,inner join,0.0143
v13,SQL,transcript_only,3,180,240,left join,0.0477
v13,SQL,transcript_only,3,180,240,subquery,0.3067
v13,SQL,transcript_only,3,180,240,order by,0.256
v13,SQL,transcript_only,4,240,300,select,0.0824
v13,SQL,transcript_only,4,240,300,where,0.2691
v13,SQL,transcript_only,4,240,300,group by,0.1437
v13,SQL,transcript_only,4,240,300,having,0.101
v13,SQL,transcript_only,4,240,300,count,0.0429
v13,SQL,transcript_only,4,240,300,aggregate function,-0.0346
v13,SQL,transcript_only,4,240,300,join,0.0892
v13,SQL,transcript_only,4,240,300,inner join,0.0726
v13,SQL,transcript_only,4,240,300,left join,0.0626
v13,SQL,transcript_only,4,240,300,subquery,0.1306
v13,SQL,transcript_only,4,240,300,order by,0.1602
v13,SQL,transcript_only,5,300,360,select,0.0817
v13,SQL,transcript_only,5,300,360,where,0.012
v13,SQL,transcript_only,5,300,360,group by,0.0953
v13,SQL,transcript_only,5,300,360,having,-0.0048
v13,SQL,transcript_only,5,300,360,count,-0.0444
v13,SQL,transcript_only,5,300,360,aggregate function,0.0452
v13,SQL,transcript_only,5,300,360,join,-0.0388
v13,SQL,transcript_only,5,300,360,inner join,-0.0129
v13,SQL,transcript_only,5,300,360,left join,-0.0265
v13,SQL,transcript_only,5,300,360,subquery,0.0462
v13,SQL,transcript_only,5,300,360,order by,0.362
v13,SQL,transcript_only,6,360,420,select,0.0726
v13,SQL,transcript_only,6,360,420,where,-0.0889
v13,SQL,transcript_only,6,360,420,group by,0.0981
v13,SQL,transcript_only,6,360,420,having,-0.1601
v13,SQL,transcript_only,6,360,420,count,-0.0099
v13,SQL,transcript_only,6,360,420,aggregate function,0.0779
v13,SQL,transcript_only,6,360,420,join,-0.0155
v13,SQL,transcript_only,6,360,420,inner join,0.0019
v13,SQL,transcript_only,6,360,420,left join,-0.0235
v13,SQL,transcript_only,6,360,420,subquery,-0.0113
v13,SQL,transcript_only,6,360,420,order by,0.0876
v13,SQL,transcript_only,7,420,480,select,0.0581
v13,SQL,transcript_only,7,420,480,where,-0.0363
v13,SQL,transcript_only,7,420,480,group by,0.3655
v13,SQL,transcript_only,7,420,480,having,-0.0922
v13,SQL,transcript_only,7,420,480,count,0.0385
v13,SQL,transcript_only,7,420,480,aggregate function,0.0938
v13,SQL,transcript_only,7,420,480,join,-0.0095
v13,SQL,transcript_only,7,420,480,inner join,0.0037
v13,SQL,transcript_only,7,420,480,left join,-0.004
v13,SQL,transcript_only,7,420,480,subquery,-0.0276
v13,SQL,transcript_only,7,420,480,order by,0.1953
v13,SQL,transcript_only,8,480,540,select,0.1092
v13,SQL,transcript_only,8,480,540,where,0.3441
v13,SQL,transcript_only,8,480,540,group by,0.316
v13,SQL,transcript_only,8,480,540,having,0.3567
v13,SQL,transcript_only,8,480,540,count,0.0763
v13,SQL,transcript_only,8,480,540,aggregate function,0.1367
v13,SQL,transcript_only,8,480,540,join,0.0603
v13,SQL,transcript_only,8,480,540,inner join,0.0468
v13,SQL,transcript_only,8,480,540,left join,0.0152
v13,SQL,transcript_only,8,480,540,subquery,0.0088
v13,SQL,transcript_only,8,480,540,order by,0.0974
v13,SQL,transcript_only,9,540,600,select,0.1726
v13,SQL,transcript_only,9,540,600,where,0.4466
v13,SQL,transcript_only,9,540,600,group by,0.4479
v13,SQL,transcript_only,9,540,600,having,0.4654
v13,SQL,transcript_only,9,540,600,count,0.1594
v13,SQL,transcript_only,9,540,600,aggregate function,0.1536
v13,SQL,transcript_only,9,540,600,join,0.1619
v13,SQL,transcript_only,9,540,600,inner join,0.0862
v13,SQL,transcript_only,9,540,600,left join,0.1108
v13,SQL,transcript_only,9,540,600,subquery,0.0185
v13,SQL,transcript_only,9,540,600,order by,0.1886
v13,SQL,transcript_only,10,600,660,select,0.3152
v13,SQL,transcript_only,10,600,660,where,0.1842
v13,SQL,transcript_only,10,600,660,group by,0.1629
v13,SQL,transcript_only,10,600,660,having,0.3242
v13,SQL,transcript_only,10,600,660,count,0.1912
v13,SQL,transcript_only,10,600,660,aggregate function,0.0844
v13,SQL,transcript_only,10,600,660,join,0.0481
v13,SQL,transcript_only,10,600,660,inner join,-0.0345
v13,SQL,transcript_only,10,600,660,left join,0.1054
v13,SQL,transcript_only,10,600,660,subquery,0.2357
v13,SQL,transcript_only,10,600,660,order by,0.5344
v13,SQL,transcript_only,11,660,720,select,0.1055
v13,SQL,transcript_only,11,660,720,where,0.1752
v13,SQL,transcript_only,11,660,720,group by,0.112
v13,SQL,transcript_only,11,660,720,having,0.035
v13,SQL,transcript_only,11,660,720,count,0.2168
v13,SQL,transcript_only,11,660,720,aggregate function,-0.0118
v13,SQL,transcript_only,11,660,720,join,0.0902
v13,SQL,transcript_only,11,660,720,inner join,0.0601
v13,SQL,transcript_only,11,660,720,left join,0.1864
v13,SQL,transcript_only,11,660,720,subquery,0.1392
v13,SQL,transcript_only,11,660,720,order by,0.1493
v13,SQL,transcript_only,12,720,780,select,0.1021
v13,SQL,transcript_only,12,720,780,where,0.1326
v13,SQL,transcript_only,12,720,780,group by,0.0126
v13,SQL,transcript_only,12,720,780,having,0.1023
v13,SQL,transcript_only,12,720,780,count,0.1924
v13,SQL,transcript_only,12,720,780,aggregate function,0.0028
v13,SQL,transcript_only,12,720,780,join,-0.0355
v13,SQL,transcript_only,12,720,780,inner join,0.0013
v13,SQL,transcript_only,12,720,780,left join,0.0468
v13,SQL,transcript_only,12,720,780,subquery,0.1805
v13,SQL,transcript_only,12,720,780,order by,0.2553
v13,SQL,transcript_only,13,780,840,select,0.1042
v13,SQL,transcript_only,13,780,840,where,-0.0057
v13,SQL,transcript_only,13,780,840,group by,-0.0261
v13,SQL,transcript_only,13,780,840,having,-0.0021
v13,SQL,transcript_only,13,780,840,count,0.0004
v13,SQL,transcript_only,13,780,840,aggregate function,0.0079
v13,SQL,transcript_only,13,780,840,join,0.1512
v13,SQL,transcript_only,13,780,840,inner join,0.0419
v13,SQL,transcript_only,13,780,840,left join,0.2995
v13,SQL,transcript_only,13,780,840,subquery,-0.0633
v13,SQL,transcript_only,13,780,840,order by,-0.0109
v13,SQL,transcript_only,14,840,900,select,0.0863
v13,SQL,transcript_only,14,840,900,where,-0.0158
v13,SQL,transcript_only,14,840,900,group by,-0.0264
v13,SQL,transcript_only,14,840,900,having,0.0072
v13,SQL,transcript_only,14,840,900,count,-0.0183
v13,SQL,transcript_only,14,840,900,aggregate function,0.007
v13,SQL,transcript_only,14,840,900,join,0.1976
v13,SQL,transcript_only,14,840,900,inner join,0.1358
v13,SQL,transcript_only,14,840,900,left join,0.3432
v13,SQL,transcript_only,14,840,900,subquery,-0.0512
v13,SQL,transcript_only,14,840,900,order by,0.0041
v13,SQL,transcript_only,15,900,960,select,0.2363
v13,SQL,transcript_only,15,900,960,where,-0.0442
v13,SQL,transcript_only,15,900,960,group by,-0.0547
v13,SQL,transcript_only,15,900,960,having,0.0477
v13,SQL,transcript_only,15,900,960,count,0.0028
v13,SQL,transcript_only,15,900,960,aggregate function,0.0338
v13,SQL,transcript_only,15,900,960,join,0.0818
v13,SQL,transcript_only,15,900,960,inner join,0.0334
v13,SQL,transcript_only,15,900,960,left join,0.3834
v13,SQL,transcript_only,15,900,960,subquery,0.0112
v13,SQL,transcript_only,15,900,960,order by,0.0701
v13,SQL,transcript_only,16,960,1020,select,0.1777
v13,SQL,transcript_only,16,960,1020,where,-0.0651
v13,SQL,transcript_only,16,960,1020,group by,-0.0406
v13,SQL,transcript_only,16,960,1020,having,0.267
v13,SQL,transcript_only,16,960,1020,count,0.196
v13,SQL,transcript_only,16,960,1020,aggregate function,0.1571
v13,SQL,transcript_only,16,960,1020,join,-0.028
v13,SQL,transcript_only,16,960,1020,inner join,-0.0688
v13,SQL,transcript_only,16,960,1020,left join,0.066
v13,SQL,transcript_only,16,960,1020,subquery,0.1694
v13,SQL,transcript_only,16,960,1020,order by,0.2041
v14,Python,transcript_only,0,0,60,for loop,0.2101
v14,Python,transcript_only,0,0,60,for,-0.0139
v14,Python,transcript_only,0,0,60,iteration,0.0033
v14,Python,transcript_only,0,0,60,range,-0.0003
v14,Python,transcript_only,0,0,60,list,0.2918
v14,Python,transcript_only,0,0,60,nested loop,0.3098
v14,Python,transcript_only,0,0,60,index,-0.0609
v14,Python,transcript_only,0,0,60,break,0.178
v14,Python,transcript_only,0,0,60,continue,0.1472
v14,Python,transcript_only,1,60,120,for loop,0.0802
v14,Python,transcript_only,1,60,120,for,0.1269
v14,Python,transcript_only,1,60,120,iteration,0.0488
v14,Python,transcript_only,1,60,120,range,0.0165
v14,Python,transcript_only,1,60,120,list,0.1296
v14,Python,transcript_only,1,60,120,nested loop,0.1661
v14,Python,transcript_only,1,60,120,index,-0.0258
v14,Python,transcript_only,1,60,120,break,0.7
v14,Python,transcript_only,1,60,120,continue,0.391
v14,Python,transcript_only,2,120,180,for loop,0.2113
v14,Python,transcript_only,2,120,180,for,0.1657
v14,Python,transcript_only,2,120,180,iteration,0.0372
v14,Python,transcript_only,2,120,180,range,0.0381
v14,Python,transcript_only,2,120,180,list,0.0018
v14,Python,transcript_only,2,120,180,nested loop,0.2708
v14,Python,transcript_only,2,120,180,index,-0.01
v14,Python,transcript_only,2,120,180,break,0.7754
v14,Python,transcript_only,2,120,180,continue,0.5062
v14,Python,transcript_only,3,180,240,for loop,0.1434
v14,Python,transcript_only,3,180,240,for,0.0773
v14,Python,transcript_only,3,180,240,iteration,0.1281
v14,Python,transcript_only,3,180,240,range,0.1013
v14,Python,transcript_only,3,180,240,list,0.0186
v14,Python,transcript_only,3,180,240,nested loop,0.2007
v14,Python,transcript_only,3,180,240,index,-0.0119
v14,Python,transcript_only,3,180,240,break,0.5596
v14,Python,transcript_only,3,180,240,continue,0.5564
v14,Python,transcript_only,4,240,300,for loop,0.1831
v14,Python,transcript_only,4,240,300,for,-0.0406
v14,Python,transcript_only,4,240,300,iteration,0.0471
v14,Python,transcript_only,4,240,300,range,0.0481
v14,Python,transcript_only,4,240,300,list,0.0644
v14,Python,transcript_only,4,240,300,nested loop,0.3707
v14,Python,transcript_only,4,240,300,index,0.0075
v14,Python,transcript_only,4,240,300,break,0.07
v14,Python,transcript_only,4,240,300,continue,0.1452
v14,Python,transcript_only,5,300,360,for loop,0.1379
v14,Python,transcript_only,5,300,360,for,-0.0305
v14,Python,transcript_only,5,300,360,iteration,-0.0212
v14,Python,transcript_only,5,300,360,range,0.2186
v14,Python,transcript_only,5,300,360,list,-0.0405
v14,Python,transcript_only,5,300,360,nested loop,0.1908
v14,Python,transcript_only,5,300,360,index,-0.0075
v14,Python,transcript_only,5,300,360,break,0.0644
v14,Python,transcript_only,5,300,360,continue,0.0383
v14,Python,transcript_only,6,360,420,for loop,0.1289
v14,Python,transcript_only,6,360,420,for,0.09
v14,Python,transcript_only,6,360,420,iteration,-0.0421
v14,Python,transcript_only,6,360,420,range,-0.0678
v14,Python,transcript_only,6,360,420,list,0.0453
v14,Python,transcript_only,6,360,420,nested loop,0.1821
v14,Python,transcript_only,6,360,420,index,-0.0322
v14,Python,transcript_only,6,360,420,break,0.2285
v14,Python,transcript_only,6,360,420,continue,-0.0186
v14,Python,transcript_only,7,420,480,for loop,0.2736
v14,Python,transcript_only,7,420,480,for,0.0345
v14,Python,transcript_only,7,420,480,iteration,-0.0923
v14,Python,transcript_only,7,420,480,range,-0.0632
v14,Python,transcript_only,7,420,480,list,-0.05
v14,Python,transcript_only,7,420,480,nested loop,0.37
v14,Python,transcript_only,7,420,480,index,-0.0517
v14,Python,transcript_only,7,420,480,break,0.4417
v14,Python,transcript_only,7,420,480,continue,0.1267
v14,Python,transcript_only,8,480,540,for loop,0.23
v14,Python,transcript_only,8,480,540,for,0.1812
v14,Python,transcript_only,8,480,540,iteration,0.0331
v14,Python,transcript_only,8,480,540,range,0.0026
v14,Python,transcript_only,8,480,540,list,0.0377
v14,Python,transcript_only,8,480,540,nested loop,0.3732
v14,Python,transcript_only,8,480,540,index,0.04
v14,Python,transcript_only,8,480,540,break,0.8478
v14,Python,transcript_only,8,480,540,continue,0.1557
v14,Python,transcript_only,9,540,600,for loop,0.1529
v14,Python,transcript_only,9,540,600,for,0.045
v14,Python,transcript_only,9,540,600,iteration,0.0383
v14,Python,transcript_only,9,540,600,range,0.0297
v14,Python,transcript_only,9,540,600,list,0.0372
v14,Python,transcript_only,9,540,600,nested loop,0.1201
v14,Python,transcript_only,9,540,600,index,0.0174
v14,Python,transcript_only,9,540,600,break,0.3027
v14,Python,transcript_only,9,540,600,continue,0.0629
v14,Python,transcript_only,10,600,660,for loop,0.0652
v14,Python,transcript_only,10,600,660,for,0.1107
v14,Python,transcript_only,10,600,660,iteration,0.0349
v14,Python,transcript_only,10,600,660,range,0.0695
v14,Python,transcript_only,10,600,660,list,0.0268
v14,Python,transcript_only,10,600,660,nested loop,-0.0205
v14,Python,transcript_only,10,600,660,index,-0.0275
v14,Python,transcript_only,10,600,660,break,-0.0572
v14,Python,transcript_only,10,600,660,continue,-0.0322
v15,Python,transcript_only,0,0,60,for loop,0.821
v15,Python,transcript_only,0,0,60,for,0.1702
v15,Python,transcript_only,0,0,60,iteration,-0.1122
v15,Python,transcript_only,0,0,60,range,0.053
v15,Python,transcript_only,0,0,60,list,-0.0168
v15,Python,transcript_only,0,0,60,nested loop,0.6438
v15,Python,transcript_only,0,0,60,index,0.0045
v15,Python,transcript_only,0,0,60,break,0.2099
v15,Python,transcript_only,0,0,60,continue,0.1831
v15,Python,transcript_only,1,60,120,for loop,0.328
v15,Python,transcript_only,1,60,120,for,0.1441
v15,Python,transcript_only,1,60,120,iteration,-0.006
v15,Python,transcript_only,1,60,120,range,-0.028
v15,Python,transcript_only,1,60,120,list,0.3725
v15,Python,transcript_only,1,60,120,nested loop,0.2666
v15,Python,transcript_only,1,60,120,index,-0.0811
v15,Python,transcript_only,1,60,120,break,0.0947
v15,Python,transcript_only,1,60,120,continue,0.0259
v15,Python,transcript_only,2,120,180,for loop,0.083
v15,Python,transcript_only,2,120,180,for,0.039
v15,Python,transcript_only,2,120,180,iteration,0.0641
v15,Python,transcript_only,2,120,180,range,0.0112
v15,Python,transcript_only,2,120,180,list,0.4393
v15,Python,transcript_only,2,120,180,nested loop,0.0404
v15,Python,transcript_only,2,120,180,index,-0.0213
v15,Python,transcript_only,2,120,180,break,-0.006
v15,Python,transcript_only,2,120,180,continue,0.0188
v15,Python,transcript_only,3,180,240,for loop,0.4728
v15,Python,transcript_only,3,180,240,for,0.1419
v15,Python,transcript_only,3,180,240,iteration,-0.0256
v15,Python,transcript_only,3,180,240,range,0.0791
v15,Python,transcript_only,3,180,240,list,0.1467
v15,Python,transcript_only,3,180,240,nested loop,0.2039
v15,Python,transcript_only,3,180,240,index,0.0288
v15,Python,transcript_only,3,180,240,break,0.0564
v15,Python,transcript_only,3,180,240,continue,0.0861
v15,Python,transcript_only,4,240,300,for loop,0.4371
v15,Python,transcript_only,4,240,300,for,-0.0054
v15,Python,transcript_only,4,240,300,iteration,-0.0668
v15,Python,transcript_only,4,240,300,range,0.0012
v15,Python,transcript_only,4,240,300,list,0.031
v15,Python,transcript_only,4,240,300,nested loop,0.1194
v15,Python,transcript_only,4,240,300,index,0.0453
v15,Python,transcript_only,4,240,300,break,-0.0489
v15,Python,transcript_only,4,240,300,continue,0.4243
v15,Python,transcript_only,5,300,360,for loop,0.687
v15,Python,transcript_only,5,300,360,for,0.4222
v15,Python,transcript_only,5,300,360,iteration,0.049
v15,Python,transcript_only,5,300,360,range,0.2346
v15,Python,transcript_only,5,300,360,list,0.2947
v15,Python,transcript_only,5,300,360,nested loop,0.1195
v15,Python,transcript_only,5,300,360,index,-0.0092
v15,Python,transcript_only,5,300,360,break,0.0185
v15,Python,transcript_only,5,300,360,continue,0.0364
v15,Python,transcript_only,6,360,420,for loop,0.7509
v15,Python,transcript_only,6,360,420,for,0.1554
v15,Python,transcript_only,6,360,420,iteration,-0.1027
v15,Python,transcript_only,6,360,420,range,0.2464
v15,Python,transcript_only,6,360,420,list,0.037
v15,Python,transcript_only,6,360,420,nested loop,0.4869
v15,Python,transcript_only,6,360,420,index,-0.0224
v15,Python,transcript_only,6,360,420,break,0.1335
v15,Python,transcript_only,6,360,420,continue,0.1152
v15,Python,transcript_only,7,420,480,for loop,0.2849
v15,Python,transcript_only,7,420,480,for,0.3736
v15,Python,transcript_only,7,420,480,iteration,0.2006
v15,Python,transcript_only,7,420,480,range,0.7031
v15,Python,transcript_only,7,420,480,list,0.3215
v15,Python,transcript_only,7,420,480,nested loop,0.0164
v15,Python,transcript_only,7,420,480,index,-0.0092
v15,Python,transcript_only,7,420,480,break,0.0243
v15,Python,transcript_only,7,420,480,continue,-0.0729
v15,Python,transcript_only,8,480,540,for loop,0.488
v15,Python,transcript_only,8,480,540,for,0.3006
v15,Python,transcript_only,8,480,540,iteration,0.025
v15,Python,transcript_only,8,480,540,range,0.169
v15,Python,transcript_only,8,480,540,list,0.2998
v15,Python,transcript_only,8,480,540,nested loop,0.2717
v15,Python,transcript_only,8,480,540,index,-0.0166
v15,Python,transcript_only,8,480,540,break,0.0354
v15,Python,transcript_only,8,480,540,continue,-0.0492
v15,Python,transcript_only,9,540,600,for loop,0.0293
v15,Python,transcript_only,9,540,600,for,0.076
v15,Python,transcript_only,9,540,600,iteration,-0.027
v15,Python,transcript_only,9,540,600,range,0.0306
v15,Python,transcript_only,9,540,600,list,-0.0029
v15,Python,transcript_only,9,540,600,nested loop,0.0194
v15,Python,transcript_only,9,540,600,index,0.0049
v15,Python,transcript_only,9,540,600,break,0.0137
v15,Python,transcript_only,9,540,600,continue,0.0002
v16,Python,transcript_only,0,0,60,for loop,0.0287
v16,Python,transcript_only,0,0,60,for,0.1711
v16,Python,transcript_only,0,0,60,iteration,0.0709
v16,Python,transcript_only,0,0,60,range,0.1419
v16,Python,transcript_only,0,0,60,list,0.5132
v16,Python,transcript_only,0,0,60,nested loop,0.013
v16,Python,transcript_only,0,0,60,index,0.0741
v16,Python,transcript_only,0,0,60,break,0.0024
v16,Python,transcript_only,0,0,60,continue,-0.0092
v16,Python,transcript_only,1,60,120,for loop,0.0018
v16,Python,transcript_only,1,60,120,for,0.0306
v16,Python,transcript_only,1,60,120,iteration,0.082
v16,Python,transcript_only,1,60,120,range,0.0343
v16,Python,transcript_only,1,60,120,list,0.2982
v16,Python,transcript_only,1,60,120,nested loop,-0.0267
v16,Python,transcript_only,1,60,120,index,0.7076
v16,Python,transcript_only,1,60,120,break,0.0422
v16,Python,transcript_only,1,60,120,continue,0.0356
v16,Python,transcript_only,2,120,180,for loop,0.0624
v16,Python,transcript_only,2,120,180,for,0.0438
v16,Python,transcript_only,2,120,180,iteration,0.0351
v16,Python,transcript_only,2,120,180,range,0.0304
v16,Python,transcript_only,2,120,180,list,0.2811
v16,Python,transcript_only,2,120,180,nested loop,-0.0215
v16,Python,transcript_only,2,120,180,index,0.8437
v16,Python,transcript_only,2,120,180,break,0.051
v16,Python,transcript_only,2,120,180,continue,0.0648
v16,Python,transcript_only,3,180,240,for loop,0.0594
v16,Python,transcript_only,3,180,240,for,0.0414
v16,Python,transcript_only,3,180,240,iteration,-0.0557
v16,Python,transcript_only,3,180,240,range,0.081
v16,Python,transcript_only,3,180,240,list,0.2173
v16,Python,transcript_only,3,180,240,nested loop,-0.0284
v16,Python,transcript_only,3,180,240,index,0.7357
v16,Python,transcript_only,3,180,240,break,0.0417
v16,Python,transcript_only,3,180,240,continue,0.0395
v16,Python,transcript_only,4,240,300,for loop,-0.0297
v16,Python,transcript_only,4,240,300,for,-0.028
v16,Python,transcript_only,4,240,300,iteration,-0.0257
v16,Python,transcript_only,4,240,300,range,0.1178
v16,Python,transcript_only,4,240,300,list,0.3913
v16,Python,transcript_only,4,240,300,nested loop,0.0305
v16,Python,transcript_only,4,240,300,index,0.0139
v16,Python,transcript_only,4,240,300,break,-0.0396
v16,Python,transcript_only,4,240,300,continue,-0.05
v16,Python,transcript_only,5,300,360,for loop,-0.003
v16,Python,transcript_only,5,300,360,for,-0.0419
v16,Python,transcript_only,5,300,360,iteration,-0.0605
v16,Python,transcript_only,5,300,360,range,-0.0082
v16,Python,transcript_only,5,300,360,list,0.3825
v16,Python,transcript_only,5,300,360,nested loop,0.0539
v16,Python,transcript_only,5,300,360,index,0.0341
v16,Python,transcript_only,5,300,360,break,-0.0426
v16,Python,transcript_only,5,300,360,continue,-0.0736
v17,Python,transcript_only,0,0,60,for loop,0.6669
v17,Python,transcript_only,0,0,60,for,0.2388
v17,Python,transcript_only,0,0,60,iteration,0.1344
v17,Python,transcript_only,0,0,60,range,0.2392
v17,Python,transcript_only,0,0,60,list,0.214
v17,Python,transcript_only,0,0,60,nested loop,0.2931
v17,Python,transcript_only,0,0,60,index,-0.0231
v17,Python,transcript_only,0,0,60,break,0.0463
v17,Python,transcript_only,0,0,60,continue,0.2297
v17,Python,transcript_only,1,60,120,for loop,0.5836
v17,Python,transcript_only,1,60,120,for,0.0866
v17,Python,transcript_only,1,60,120,iteration,0.1252
v17,Python,transcript_only,1,60,120,range,0.1448
v17,Python,transcript_only,1,60,120,list,0.1691
v17,Python,transcript_only,1,60,120,nested loop,0.4489
v17,Python,transcript_only,1,60,120,index,0.0007
v17,Python,transcript_only,1,60,120,break,0.0423
v17,Python,transcript_only,1,60,120,continue,0.3156
v17,Python,transcript_only,2,120,180,for loop,0.4758
v17,Python,transcript_only,2,120,180,for,0.1031
v17,Python,transcript_only,2,120,180,iteration,0.1538
v17,Python,transcript_only,2,120,180,range,0.1473
v17,Python,transcript_only,2,120,180,list,0.1451
v17,Python,transcript_only,2,120,180,nested loop,0.4127
v17,Python,transcript_only,2,120,180,index,-0.0152
v17,Python,transcript_only,2,120,180,break,0.1753
v17,Python,transcript_only,2,120,180,continue,0.2991
v17,Python,transcript_only,3,180,240,for loop,0.4291
v17,Python,transcript_only,3,180,240,for,0.0885
v17,Python,transcript_only,3,180,240,iteration,-0.0964
v17,Python,transcript_only,3,180,240,range,0.3488
v17,Python,transcript_only,3,180,240,list,0.0784
v17,Python,transcript_only,3,180,240,nested loop,0.2978
v17,Python,transcript_only,3,180,240,index,-0.0526
v17,Python,transcript_only,3,180,240,break,0.1269
v17,Python,transcript_only,3,180,240,continue,0.0557
v17,Python,transcript_only,4,240,300,for loop,0.4092
v17,Python,transcript_only,4,240,300,for,0.0943
v17,Python,transcript_only,4,240,300,iteration,0.1022
v17,Python,transcript_only,4,240,300,range,0.2324
v17,Python,transcript_only,4,240,300,list,0.0263
v17,Python,transcript_only,4,240,300,nested loop,0.2287
v17,Python,transcript_only,4,240,300,index,-0.0558
v17,Python,transcript_only,4,240,300,break,0.0609
v17,Python,transcript_only,4,240,300,continue,0.2243
v17,Python,transcript_only,5,300,360,for loop,0.0119
v17,Python,transcript_only,5,300,360,for,-0.0271
v17,Python,transcript_only,5,300,360,iteration,-0.0073
v17,Python,transcript_only,5,300,360,range,-0.0534
v17,Python,transcript_only,5,300,360,list,0.0016
v17,Python,transcript_only,5,300,360,nested loop,-0.0204
v17,Python,transcript_only,5,300,360,index,0.0159
v17,Python,transcript_only,5,300,360,break,-0.0107
v17,Python,transcript_only,5,300,360,continue,0.0401
v18,Python,transcript_only,0,0,60,for loop,0.3237
v18,Python,transcript_only,0,0,60,for,0.2403
v18,Python,transcript_only,0,0,60,iteration,0.1095
v18,Python,transcript_only,0,0,60,range,0.2095
v18,Python,transcript_only,0,0,60,list,0.244
v18,Python,transcript_only,0,0,60,nested loop,0.209
v18,Python,transcript_only,0,0,60,index,0.1269
v18,Python,transcript_only,0,0,60,break,0.034
v18,Python,transcript_only,0,0,60,continue,0.0944
v18,Python,transcript_only,1,60,120,for loop,0.0268
v18,Python,transcript_only,1,60,120,for,0.0244
v18,Python,transcript_only,1,60,120,iteration,0.0385
v18,Python,transcript_only,1,60,120,range,0.1002
v18,Python,transcript_only,1,60,120,list,0.0095
v18,Python,transcript_only,1,60,120,nested loop,-0.0402
v18,Python,transcript_only,1,60,120,index,0.1401
v18,Python,transcript_only,1,60,120,break,0.0045
v18,Python,transcript_only,1,60,120,continue,0.0901
v18,Python,transcript_only,2,120,180,for loop,-0.0034
v18,Python,transcript_only,2,120,180,for,0.1028
v18,Python,transcript_only,2,120,180,iteration,0.0698
v18,Python,transcript_only,2,120,180,range,0.1186
v18,Python,transcript_only,2,120,180,list,0.1003
v18,Python,transcript_only,2,120,180,nested loop,0.0312
v18,Python,transcript_only,2,120,180,index,0.136
v18,Python,transcript_only,2,120,180,break,-0.0605
v18,Python,transcript_only,2,120,180,continue,0.0607
v18,Python,transcript_only,3,180,240,for loop,0.1537
v18,Python,transcript_only,3,180,240,for,0.0923
v18,Python,transcript_only,3,180,240,iteration,-0.0697
v18,Python,transcript_only,3,180,240,range,-0.0088
v18,Python,transcript_only,3,180,240,list,-0.03
v18,Python,transcript_only,3,180,240,nested loop,0.1426
v18,Python,transcript_only,3,180,240,index,0.0948
v18,Python,transcript_only,3,180,240,break,0.018
v18,Python,transcript_only,3,180,240,continue,0.0349
v18,Python,transcript_only,4,240,300,for loop,-0.01
v18,Python,transcript_only,4,240,300,for,0.0412
v18,Python,transcript_only,4,240,300,iteration,0.0135
v18,Python,transcript_only,4,240,300,range,-0.0272
v18,Python,transcript_only,4,240,300,list,0.0038
v18,Python,transcript_only,4,240,300,nested loop,0.0061
v18,Python,transcript_only,4,240,300,index,0.0612
v18,Python,transcript_only,4,240,300,break,-0.033
v18,Python,transcript_only,4,240,300,continue,-0.0365
v18,Python,transcript_only,5,300,360,for loop,0.0151
v18,Python,transcript_only,5,300,360,for,0.0504
v18,Python,transcript_only,5,300,360,iteration,0.0001
v18,Python,transcript_only,5,300,360,range,-0.0237
v18,Python,transcript_only,5,300,360,list,0.0164
v18,Python,transcript_only,5,300,360,nested loop,0.038
v18,Python,transcript_only,5,300,360,index,0.0137
v18,Python,transcript_only,5,300,360,break,-0.0023
v18,Python,transcript_only,5,300,360,continue,-0.0466
v18,Python,transcript_only,6,360,420,for loop,0.2623
v18,Python,transcript_only,6,360,420,for,0.3404
v18,Python,transcript_only,6,360,420,iteration,0.2232
v18,Python,transcript_only,6,360,420,range,0.1522
v18,Python,transcript_only,6,360,420,list,0.2704
v18,Python,transcript_only,6,360,420,nested loop,0.182
v18,Python,transcript_only,6,360,420,index,0.0761
v18,Python,transcript_only,6,360,420,break,0.0442
v18,Python,transcript_only,6,360,420,continue,0.0232
v19,Python,transcript_only,0,0,60,for loop,0.1591
v19,Python,transcript_only,0,0,60,for,0.08
v19,Python,transcript_only,0,0,60,iteration,0.024
v19,Python,transcript_only,0,0,60,range,0.0247
v19,Python,transcript_only,0,0,60,list,0.0321
v19,Python,transcript_only,0,0,60,nested loop,0.1114
v19,Python,transcript_only,0,0,60,index,-0.0001
v19,Python,transcript_only,0,0,60,break,0.1606
v19,Python,transcript_only,0,0,60,continue,0.0568
v19,Python,transcript_only,1,60,120,for loop,0.317
v19,Python,transcript_only,1,60,120,for,0.0501
v19,Python,transcript_only,1,60,120,iteration,-0.0358
v19,Python,transcript_only,1,60,120,range,-0.0212
v19,Python,transcript_only,1,60,120,list,0.0014
v19,Python,transcript_only,1,60,120,nested loop,0.3784
v19,Python,transcript_only,1,60,120,index,-0.0108
v19,Python,transcript_only,1,60,120,break,0.1656
v19,Python,transcript_only,1,60,120,continue,0.0965
v19,Python,transcript_only,2,120,180,for loop,0.0263
v19,Python,transcript_only,2,120,180,for,0.0207
v19,Python,transcript_only,2,120,180,iteration,0.0046
v19,Python,transcript_only,2,120,180,range,0.0012
v19,Python,transcript_only,2,120,180,list,0.0061
v19,Python,transcript_only,2,120,180,nested loop,0.021
v19,Python,transcript_only,2,120,180,index,-0.0144
v19,Python,transcript_only,2,120,180,break,0.0651
v19,Python,transcript_only,2,120,180,continue,-0.0143
v19,Python,transcript_only,3,180,240,for loop,0.0866
v19,Python,transcript_only,3,180,240,for,0.0553
v19,Python,transcript_only,3,180,240,iteration,0.0091
v19,Python,transcript_only,3,180,240,range,0.0195
v19,Python,transcript_only,3,180,240,list,0.0152
v19,Python,transcript_only,3,180,240,nested loop,0.1079
v19,Python,transcript_only,3,180,240,index,0.0133
v19,Python,transcript_only,3,180,240,break,0.2136
v19,Python,transcript_only,3,180,240,continue,0.0581
v19,Python,transcript_only,4,240,300,for loop,0.0424
v19,Python,transcript_only,4,240,300,for,0.0822
v19,Python,transcript_only,4,240,300,iteration,0.0124
v19,Python,transcript_only,4,240,300,range,0.0176
v19,Python,transcript_only,4,240,300,list,0.0136
v19,Python,transcript_only,4,240,300,nested loop,0.0641
v19,Python,transcript_only,4,240,300,index,-0.0127
v19,Python,transcript_only,4,240,300,break,0.2732
v19,Python,transcript_only,4,240,300,continue,0.06
v19,Python,transcript_only,5,300,360,for loop,-0.0034
v19,Python,transcript_only,5,300,360,for,0.0334
v19,Python,transcript_only,5,300,360,iteration,-0.0149
v19,Python,transcript_only,5,300,360,range,0.0607
v19,Python,transcript_only,5,300,360,list,-0.0132
v19,Python,transcript_only,5,300,360,nested loop,0.0234
v19,Python,transcript_only,5,300,360,index,-0.0111
v19,Python,transcript_only,5,300,360,break,-0.047
v19,Python,transcript_only,5,300,360,continue,0.1699
v19,Python,transcript_only,6,360,420,for loop,0.1347
v19,Python,transcript_only,6,360,420,for,0.0633
v19,Python,transcript_only,6,360,420,iteration,-0.0182
v19,Python,transcript_only,6,360,420,range,0.0629
v19,Python,transcript_only,6,360,420,list,-0.0125
v19,Python,transcript_only,6,360,420,nested loop,0.1394
v19,Python,transcript_only,6,360,420,index,-0.0067
v19,Python,transcript_only,6,360,420,break,0.0809
v19,Python,transcript_only,6,360,420,continue,0.2497
v19,Python,transcript_only,7,420,480,for loop,0.0731
v19,Python,transcript_only,7,420,480,for,0.0114
v19,Python,transcript_only,7,420,480,iteration,0.0551
v19,Python,transcript_only,7,420,480,range,0.0873
v19,Python,transcript_only,7,420,480,list,-0.0199
v19,Python,transcript_only,7,420,480,nested loop,0.0543
v19,Python,transcript_only,7,420,480,index,-0.0215
v19,Python,transcript_only,7,420,480,break,-0.0291
v19,Python,transcript_only,7,420,480,continue,0.6169
v19,Python,transcript_only,8,480,540,for loop,-0.0114
v19,Python,transcript_only,8,480,540,for,0.0224
v19,Python,transcript_only,8,480,540,iteration,-0.0301
v19,Python,transcript_only,8,480,540,range,0.0602
v19,Python,transcript_only,8,480,540,list,-0.0078
v19,Python,transcript_only,8,480,540,nested loop,0.001
v19,Python,transcript_only,8,480,540,index,-0.0364
v19,Python,transcript_only,8,480,540,break,-0.0383
v19,Python,transcript_only,8,480,540,continue,0.1426
v19,Python,transcript_only,9,540,600,for loop,0.1118
v19,Python,transcript_only,9,540,600,for,0.0458
v19,Python,transcript_only,9,540,600,iteration,-0.0135
v19,Python,transcript_only,9,540,600,range,0.0229
v19,Python,transcript_only,9,540,600,list,-0.0044
v19,Python,transcript_only,9,540,600,nested loop,-0.0339
v19,Python,transcript_only,9,540,600,index,-0.0282
v19,Python,transcript_only,9,540,600,break,0.0963
v19,Python,transcript_only,9,540,600,continue,0.0571
v19,Python,transcript_only,10,600,660,for loop,0.0151
v19,Python,transcript_only,10,600,660,for,0.0481
v19,Python,transcript_only,10,600,660,iteration,-0.0278
v19,Python,transcript_only,10,600,660,range,-0.0187
v19,Python,transcript_only,10,600,660,list,-0.0243
v19,Python,transcript_only,10,600,660,nested loop,-0.1375
v19,Python,transcript_only,10,600,660,index,0.0383
v19,Python,transcript_only,10,600,660,break,0.108
v19,Python,transcript_only,10,600,660,continue,-0.1263
v20,Python,transcript_only,0,0,60,for loop,0.3357
v20,Python,transcript_only,0,0,60,for,0.5761
v20,Python,transcript_only,0,0,60,iteration,0.159
v20,Python,transcript_only,0,0,60,range,0.2007
v20,Python,transcript_only,0,0,60,list,0.4695
v20,Python,transcript_only,0,0,60,nested loop,0.0157
v20,Python,transcript_only,0,0,60,index,-0.072
v20,Python,transcript_only,0,0,60,break,0.1322
v20,Python,transcript_only,0,0,60,continue,-0.0422
v20,Python,transcript_only,1,60,120,for loop,0.2061
v20,Python,transcript_only,1,60,120,for,0.1959
v20,Python,transcript_only,1,60,120,iteration,-0.06
v20,Python,transcript_only,1,60,120,range,-0.0463
v20,Python,transcript_only,1,60,120,list,0.1412
v20,Python,transcript_only,1,60,120,nested loop,0.0237
v20,Python,transcript_only,1,60,120,index,-0.0511
v20,Python,transcript_only,1,60,120,break,0.0355
v20,Python,transcript_only,1,60,120,continue,0.0149
v20,Python,transcript_only,2,120,180,for loop,0.4941
v20,Python,transcript_only,2,120,180,for,0.0993
v20,Python,transcript_only,2,120,180,iteration,-0.0868
v20,Python,transcript_only,2,120,180,range,-0.0203
v20,Python,transcript_only,2,120,180,list,0.0174
v20,Python,transcript_only,2,120,180,nested loop,0.2644
v20,Python,transcript_only,2,120,180,index,-0.0123
v20,Python,transcript_only,2,120,180,break,0.0868
v20,Python,transcript_only,2,120,180,continue,0.1081
v20,Python,transcript_only,3,180,240,for loop,0.4101
v20,Python,transcript_only,3,180,240,for,0.0404
v20,Python,transcript_only,3,180,240,iteration,0.0107
v20,Python,transcript_only,3,180,240,range,0.0144
v20,Python,transcript_only,3,180,240,list,0.0551
v20,Python,transcript_only,3,180,240,nested loop,0.2558
v20,Python,transcript_only,3,180,240,index,0.0491
v20,Python,transcript_only,3,180,240,break,0.0505
v20,Python,transcript_only,3,180,240,continue,0.1357
v20,Python,transcript_only,4,240,300,for loop,0.2075
v20,Python,transcript_only,4,240,300,for,0.0705
v20,Python,transcript_only,4,240,300,iteration,0.1855
v20,Python,transcript_only,4,240,300,range,0.0759
v20,Python,transcript_only,4,240,300,list,0.1482
v20,Python,transcript_only,4,240,300,nested loop,0.1808
v20,Python,transcript_only,4,240,300,index,0.0275
v20,Python,transcript_only,4,240,300,break,-0.0541
v20,Python,transcript_only,4,240,300,continue,0.2492
v20,Python,transcript_only,5,300,360,for loop,0.2006
v20,Python,transcript_only,5,300,360,for,-0.0057
v20,Python,transcript_only,5,300,360,iteration,0.0001
v20,Python,transcript_only,5,300,360,range,0.0264
v20,Python,transcript_only,5,300,360,list,0.014
v20,Python,transcript_only,5,300,360,nested loop,0.0986
v20,Python,transcript_only,5,300,360,index,0.0425
v20,Python,transcript_only,5,300,360,break,0.0718
v20,Python,transcript_only,5,300,360,continue,0.0091
v20,Python,transcript_only,6,360,420,for loop,0.2293
v20,Python,transcript_only,6,360,420,for,-0.024
v20,Python,transcript_only,6,360,420,iteration,-0.0505
v20,Python,transcript_only,6,360,420,range,0.0597
v20,Python,transcript_only,6,360,420,list,0.0068
v20,Python,transcript_only,6,360,420,nested loop,0.1438
v20,Python,transcript_only,6,360,420,index,0.0445
v20,Python,transcript_only,6,360,420,break,0.0608
v20,Python,transcript_only,6,360,420,continue,0.0126
v20,Python,transcript_only,7,420,480,for loop,0.3293
v20,Python,transcript_only,7,420,480,for,0.1008
v20,Python,transcript_only,7,420,480,iteration,-0.0565
v20,Python,transcript_only,7,420,480,range,0.2939
v20,Python,transcript_only,7,420,480,list,0.0035
v20,Python,transcript_only,7,420,480,nested loop,0.1809
v20,Python,transcript_only,7,420,480,index,0.6042
v20,Python,transcript_only,7,420,480,break,0.2059
v20,Python,transcript_only,7,420,480,continue,0.0275
v20,Python,transcript_only,8,480,540,for loop,0.1174
v20,Python,transcript_only,8,480,540,for,0.035
v20,Python,transcript_only,8,480,540,iteration,0.044
v20,Python,transcript_only,8,480,540,range,0.5698
v20,Python,transcript_only,8,480,540,list,-0.0121
v20,Python,transcript_only,8,480,540,nested loop,0.1094
v20,Python,transcript_only,8,480,540,index,0.2075
v20,Python,transcript_only,8,480,540,break,0.0757
v20,Python,transcript_only,8,480,540,continue,0.1697
v20,Python,transcript_only,9,540,600,for loop,0.0536
v20,Python,transcript_only,9,540,600,for,0.0978
v20,Python,transcript_only,9,540,600,iteration,0.0153
v20,Python,transcript_only,9,540,600,range,0.1078
v20,Python,transcript_only,9,540,600,list,0.2311
v20,Python,transcript_only,9,540,600,nested loop,0.0198
v20,Python,transcript_only,9,540,600,index,0.5206
v20,Python,transcript_only,9,540,600,break,0.0202
v20,Python,transcript_only,9,540,600,continue,0.0016
v20,Python,transcript_only,10,600,660,for loop,0.1071
v20,Python,transcript_only,10,600,660,for,0.1329
v20,Python,transcript_only,10,600,660,iteration,0.1556
v20,Python,transcript_only,10,600,660,range,0.0534
v20,Python,transcript_only,10,600,660,list,0.1667
v20,Python,transcript_only,10,600,660,nested loop,0.0757
v20,Python,transcript_only,10,600,660,index,0.4882
v20,Python,transcript_only,10,600,660,break,0.0014
v20,Python,transcript_only,10,600,660,continue,0.0916
v20,Python,transcript_only,11,660,720,for loop,0.0897
v20,Python,transcript_only,11,660,720,for,0.0924
v20,Python,transcript_only,11,660,720,iteration,0.0712
v20,Python,transcript_only,11,660,720,range,0.0093
v20,Python,transcript_only,11,660,720,list,0.1409
v20,Python,transcript_only,11,660,720,nested loop,0.0455
v20,Python,transcript_only,11,660,720,index,-0.0128
v20,Python,transcript_only,11,660,720,break,0.0028
v20,Python,transcript_only,11,660,720,continue,0.0496
v20,Python,transcript_only,12,720,780,for loop,0.3401
v20,Python,transcript_only,12,720,780,for,0.0884
v20,Python,transcript_only,12,720,780,iteration,-0.0226
v20,Python,transcript_only,12,720,780,range,0.1989
v20,Python,transcript_only,12,720,780,list,0.1268
v20,Python,transcript_only,12,720,780,nested loop,0.2192
v20,Python,transcript_only,12,720,780,index,0.3999
v20,Python,transcript_only,12,720,780,break,0.2625
v20,Python,transcript_only,12,720,780,continue,0.0537
v20,Python,transcript_only,13,780,840,for loop,0.1312
v20,Python,transcript_only,13,780,840,for,0.0385
v20,Python,transcript_only,13,780,840,iteration,0.0362
v20,Python,transcript_only,13,780,840,range,0.0106
v20,Python,transcript_only,13,780,840,list,0.0278
v20,Python,transcript_only,13,780,840,nested loop,0.016
v20,Python,transcript_only,13,780,840,index,0.0192
v20,Python,transcript_only,13,780,840,break,0.1523
v20,Python,transcript_only,13,780,840,continue,0.0188
v20,Python,transcript_only,14,840,900,for loop,0.3981
v20,Python,transcript_only,14,840,900,for,0.1029
v20,Python,transcript_only,14,840,900,iteration,-0.0533
v20,Python,transcript_only,14,840,900,range,-0.0129
v20,Python,transcript_only,14,840,900,list,-0.026
v20,Python,transcript_only,14,840,900,nested loop,0.2596
v20,Python,transcript_only,14,840,900,index,-0.0063
v20,Python,transcript_only,14,840,900,break,0.3545
v20,Python,transcript_only,14,840,900,continue,0.1154
v20,Python,transcript_only,15,900,960,for loop,-0.0152
v20,Python,transcript_only,15,900,960,for,-0.0322
v20,Python,transcript_only,15,900,960,iteration,0.0563
v20,Python,transcript_only,15,900,960,range,-0.0038
v20,Python,transcript_only,15,900,960,list,0.0337
v20,Python,transcript_only,15,900,960,nested loop,-0.0219
v20,Python,transcript_only,15,900,960,index,-0.0394
v20,Python,transcript_only,15,900,960,break,0.1436
v20,Python,transcript_only,15,900,960,continue,0.0158
v20,Python,transcript_only,16,960,1020,for loop,0.2589
v20,Python,transcript_only,16,960,1020,for,0.1185
v20,Python,transcript_only,16,960,1020,iteration,0.1711
v20,Python,transcript_only,16,960,1020,range,0.1756
v20,Python,transcript_only,16,960,1020,list,0.1876
v20,Python,transcript_only,16,960,1020,nested loop,0.2219
v20,Python,transcript_only,16,960,1020,index,-0.0005
v20,Python,transcript_only,16,960,1020,break,0.2219
v20,Python,transcript_only,16,960,1020,continue,0.4838
v20,Python,transcript_only,17,1020,1080,for loop,-0.001
v20,Python,transcript_only,17,1020,1080,for,0.0138
v20,Python,transcript_only,17,1020,1080,iteration,0.0644
v20,Python,transcript_only,17,1020,1080,range,0.4002
v20,Python,transcript_only,17,1020,1080,list,-0.0107
v20,Python,transcript_only,17,1020,1080,nested loop,0.0213
v20,Python,transcript_only,17,1020,1080,index,0.1299
v20,Python,transcript_only,17,1020,1080,break,-0.0351
v20,Python,transcript_only,17,1020,1080,continue,0.2443
v20,Python,transcript_only,18,1080,1140,for loop,0.5837
v20,Python,transcript_only,18,1080,1140,for,0.1946
v20,Python,transcript_only,18,1080,1140,iteration,0.0729
v20,Python,transcript_only,18,1080,1140,range,0.1775
v20,Python,transcript_only,18,1080,1140,list,-0.0322
v20,Python,transcript_only,18,1080,1140,nested loop,0.4064
v20,Python,transcript_only,18,1080,1140,index,0.067
v20,Python,transcript_only,18,1080,1140,break,0.2026
v20,Python,transcript_only,18,1080,1140,continue,0.5323
v20,Python,transcript_only,19,1140,1200,for loop,0.4774
v20,Python,transcript_only,19,1140,1200,for,0.1538
v20,Python,transcript_only,19,1140,1200,iteration,-0.0142
v20,Python,transcript_only,19,1140,1200,range,-0.0511
v20,Python,transcript_only,19,1140,1200,list,-0.0
v20,Python,transcript_only,19,1140,1200,nested loop,0.5291
v20,Python,transcript_only,19,1140,1200,index,0.0844
v20,Python,transcript_only,19,1140,1200,break,0.3486
v20,Python,transcript_only,19,1140,1200,continue,0.1993
v20,Python,transcript_only,20,1200,1260,for loop,0.2228
v20,Python,transcript_only,20,1200,1260,for,-0.0334
v20,Python,transcript_only,20,1200,1260,iteration,0.0261
v20,Python,transcript_only,20,1200,1260,range,0.0118
v20,Python,transcript_only,20,1200,1260,list,-0.0385
v20,Python,transcript_only,20,1200,1260,nested loop,0.4852
v20,Python,transcript_only,20,1200,1260,index,-0.0065
v20,Python,transcript_only,20,1200,1260,break,0.2567
v20,Python,transcript_only,20,1200,1260,continue,0.3813
v21,Python,transcript_only,0,0,60,for loop,0.2492
v21,Python,transcript_only,0,0,60,for,-0.0427
v21,Python,transcript_only,0,0,60,iteration,0.0072
v21,Python,transcript_only,0,0,60,range,-0.0386
v21,Python,transcript_only,0,0,60,list,0.0103
v21,Python,transcript_only,0,0,60,nested loop,0.6508
v21,Python,transcript_only,0,0,60,index,-0.0402
v21,Python,transcript_only,0,0,60,break,0.095
v21,Python,transcript_only,0,0,60,continue,0.0985
v21,Python,transcript_only,1,60,120,for loop,0.2055
v21,Python,transcript_only,1,60,120,for,-0.0216
v21,Python,transcript_only,1,60,120,iteration,0.0054
v21,Python,transcript_only,1,60,120,range,-0.0556
v21,Python,transcript_only,1,60,120,list,0.0019
v21,Python,transcript_only,1,60,120,nested loop,0.5047
v21,Python,transcript_only,1,60,120,index,-0.0479
v21,Python,transcript_only,1,60,120,break,0.0928
v21,Python,transcript_only,1,60,120,continue,0.1049
v21,Python,transcript_only,2,120,180,for loop,0.1255
v21,Python,transcript_only,2,120,180,for,0.0112
v21,Python,transcript_only,2,120,180,iteration,-0.0273
v21,Python,transcript_only,2,120,180,range,-0.0511
v21,Python,transcript_only,2,120,180,list,0.0567
v21,Python,transcript_only,2,120,180,nested loop,0.1871
v21,Python,transcript_only,2,120,180,index,-0.0469
v21,Python,transcript_only,2,120,180,break,0.1187
v21,Python,transcript_only,2,120,180,continue,-0.0221
v21,Python,transcript_only,3,180,240,for loop,0.1188
v21,Python,transcript_only,3,180,240,for,0.0488
v21,Python,transcript_only,3,180,240,iteration,-0.0484
v21,Python,transcript_only,3,180,240,range,-0.0263
v21,Python,transcript_only,3,180,240,list,0.0169
v21,Python,transcript_only,3,180,240,nested loop,-0.0164
v21,Python,transcript_only,3,180,240,index,-0.0238
v21,Python,transcript_only,3,180,240,break,0.0257
v21,Python,transcript_only,3,180,240,continue,-0.0646
v21,Python,transcript_only,4,240,300,for loop,0.0464
v21,Python,transcript_only,4,240,300,for,0.0813
v21,Python,transcript_only,4,240,300,iteration,0.0434
v21,Python,transcript_only,4,240,300,range,0.0735
v21,Python,transcript_only,4,240,300,list,0.0639
v21,Python,transcript_only,4,240,300,nested loop,-0.0491
v21,Python,transcript_only,4,240,300,index,-0.0109
v21,Python,transcript_only,4,240,300,break,0.0232
v21,Python,transcript_only,4,240,300,continue,-0.0058
v21,Python,transcript_only,5,300,360,for loop,0.0533
v21,Python,transcript_only,5,300,360,for,0.0331
v21,Python,transcript_only,5,300,360,iteration,-0.0004
v21,Python,transcript_only,5,300,360,range,0.0101
v21,Python,transcript_only,5,300,360,list,0.0003
v21,Python,transcript_only,5,300,360,nested loop,-0.077
v21,Python,transcript_only,5,300,360,index,-0.0341
v21,Python,transcript_only,5,300,360,break,0.0156
v21,Python,transcript_only,5,300,360,continue,-0.0548
v21,Python,transcript_only,6,360,420,for loop,0.2333
v21,Python,transcript_only,6,360,420,for,-0.0134
v21,Python,transcript_only,6,360,420,iteration,-0.0198
v21,Python,transcript_only,6,360,420,range,-0.0367
v21,Python,transcript_only,6,360,420,list,0.0023
v21,Python,transcript_only,6,360,420,nested loop,0.2326
v21,Python,transcript_only,6,360,420,index,0.0011
v21,Python,transcript_only,6,360,420,break,0.0411
v21,Python,transcript_only,6,360,420,continue,0.0829
v21,Python,transcript_only,7,420,480,for loop,0.0575
v21,Python,transcript_only,7,420,480,for,-0.0219
v21,Python,transcript_only,7,420,480,iteration,-0.0228
v21,Python,transcript_only,7,420,480,range,-0.0597
v21,Python,transcript_only,7,420,480,list,0.0314
v21,Python,transcript_only,7,420,480,nested loop,0.0667
v21,Python,transcript_only,7,420,480,index,0.0557
v21,Python,transcript_only,7,420,480,break,-0.0078
v21,Python,transcript_only,7,420,480,continue,0.0216
v21,Python,transcript_only,8,480,540,for loop,0.3606
v21,Python,transcript_only,8,480,540,for,0.0725
v21,Python,transcript_only,8,480,540,iteration,-0.0036
v21,Python,transcript_only,8,480,540,range,0.0333
v21,Python,transcript_only,8,480,540,list,-0.0173
v21,Python,transcript_only,8,480,540,nested loop,0.4114
v21,Python,transcript_only,8,480,540,index,0.0064
v21,Python,transcript_only,8,480,540,break,0.2233
v21,Python,transcript_only,8,480,540,continue,0.0866
v21,Python,transcript_only,9,540,600,for loop,0.17
v21,Python,transcript_only,9,540,600,for,-0.003
v21,Python,transcript_only,9,540,600,iteration,0.0371
v21,Python,transcript_only,9,540,600,range,-0.0055
v21,Python,transcript_only,9,540,600,list,0.0164
v21,Python,transcript_only,9,540,600,nested loop,0.3694
v21,Python,transcript_only,9,540,600,index,-0.007
v21,Python,transcript_only,9,540,600,break,0.112
v21,Python,transcript_only,9,540,600,continue,0.084
v21,Python,transcript_only,10,600,660,for loop,0.2157
v21,Python,transcript_only,10,600,660,for,-0.0274
v21,Python,transcript_only,10,600,660,iteration,0.0156
v21,Python,transcript_only,10,600,660,range,-0.0278
v21,Python,transcript_only,10,600,660,list,0.0213
v21,Python,transcript_only,10,600,660,nested loop,0.4802
v21,Python,transcript_only,10,600,660,index,-0.0186
v21,Python,transcript_only,10,600,660,break,0.0954
v21,Python,transcript_only,10,600,660,continue,0.099
v21,Python,transcript_only,11,660,720,for loop,0.2463
v21,Python,transcript_only,11,660,720,for,0.0286
v21,Python,transcript_only,11,660,720,iteration,0.0228
v21,Python,transcript_only,11,660,720,range,0.0239
v21,Python,transcript_only,11,660,720,list,0.0216
v21,Python,transcript_only,11,660,720,nested loop,0.3909
v21,Python,transcript_only,11,660,720,index,-0.0259
v21,Python,transcript_only,11,660,720,break,0.1605
v21,Python,transcript_only,11,660,720,continue,0.0391
v21,Python,transcript_only,12,720,780,for loop,0.2448
v21,Python,transcript_only,12,720,780,for,0.0091
v21,Python,transcript_only,12,720,780,iteration,-0.0001
v21,Python,transcript_only,12,720,780,range,0.033
v21,Python,transcript_only,12,720,780,list,-0.0193
v21,Python,transcript_only,12,720,780,nested loop,0.3566
v21,Python,transcript_only,12,720,780,index,-0.0085
v21,Python,transcript_only,12,720,780,break,0.1677
v21,Python,transcript_only,12,720,780,continue,0.1499
v21,Python,transcript_only,13,780,840,for loop,0.2506
v21,Python,transcript_only,13,780,840,for,0.055
v21,Python,transcript_only,13,780,840,iteration,0.0332
v21,Python,transcript_only,13,780,840,range,0.0328
v21,Python,transcript_only,13,780,840,list,0.0017
v21,Python,transcript_only,13,780,840,nested loop,0.4585
v21,Python,transcript_only,13,780,840,index,-0.0055
v21,Python,transcript_only,13,780,840,break,0.1801
v21,Python,transcript_only,13,780,840,continue,0.1651
v21,Python,transcript_only,14,840,900,for loop,0.1783
v21,Python,transcript_only,14,840,900,for,0.2226
v21,Python,transcript_only,14,840,900,iteration,-0.0161
v21,Python,transcript_only,14,840,900,range,0.1009
v21,Python,transcript_only,14,840,900,list,0.0504
v21,Python,transcript_only,14,840,900,nested loop,-0.1236
v21,Python,transcript_only,14,840,900,index,0.0178
v21,Python,transcript_only,14,840,900,break,0.0441
v21,Python,transcript_only,14,840,900,continue,-0.0644
v21,Python,transcript_only,15,900,960,for loop,0.1125
v21,Python,transcript_only,15,900,960,for,0.1157
v21,Python,transcript_only,15,900,960,iteration,-0.0208
v21,Python,transcript_only,15,900,960,range,0.1184
v21,Python,transcript_only,15,900,960,list,-0.0057
v21,Python,transcript_only,15,900,960,nested loop,0.0013
v21,Python,transcript_only,15,900,960,index,0.0198
v21,Python,transcript_only,15,900,960,break,0.0058
v21,Python,transcript_only,15,900,960,continue,-0.0752
v21,Python,transcript_only,16,960,1020,for loop,0.1118
v21,Python,transcript_only,16,960,1020,for,0.0485
v21,Python,transcript_only,16,960,1020,iteration,0.0176
v21,Python,transcript_only,16,960,1020,range,0.1875
v21,Python,transcript_only,16,960,1020,list,0.0025
v21,Python,transcript_only,16,960,1020,nested loop,0.1177
v21,Python,transcript_only,16,960,1020,index,-0.0084
v21,Python,transcript_only,16,960,1020,break,0.0479
v21,Python,transcript_only,16,960,1020,continue,0.0301
v21,Python,transcript_only,17,1020,1080,for loop,0.0597
v21,Python,transcript_only,17,1020,1080,for,0.0561
v21,Python,transcript_only,17,1020,1080,iteration,-0.0231
v21,Python,transcript_only,17,1020,1080,range,0.204
v21,Python,transcript_only,17,1020,1080,list,-0.023
v21,Python,transcript_only,17,1020,1080,nested loop,0.0153
v21,Python,transcript_only,17,1020,1080,index,-0.0224
v21,Python,transcript_only,17,1020,1080,break,0.0444
v21,Python,transcript_only,17,1020,1080,continue,0.0394
v21,Python,transcript_only,18,1080,1140,for loop,0.2003
v21,Python,transcript_only,18,1080,1140,for,0.0394
v21,Python,transcript_only,18,1080,1140,iteration,-0.019
v21,Python,transcript_only,18,1080,1140,range,0.1035
v21,Python,transcript_only,18,1080,1140,list,-0.0329
v21,Python,transcript_only,18,1080,1140,nested loop,0.0936
v21,Python,transcript_only,18,1080,1140,index,0.0301
v21,Python,transcript_only,18,1080,1140,break,-0.0127
v21,Python,transcript_only,18,1080,1140,continue,0.013
v21,Python,transcript_only,19,1140,1200,for loop,0.2362
v21,Python,transcript_only,19,1140,1200,for,0.11
v21,Python,transcript_only,19,1140,1200,iteration,-0.0232
v21,Python,transcript_only,19,1140,1200,range,0.0199
v21,Python,transcript_only,19,1140,1200,list,-0.0099
v21,Python,transcript_only,19,1140,1200,nested loop,0.1559
v21,Python,transcript_only,19,1140,1200,index,0.0225
v21,Python,transcript_only,19,1140,1200,break,0.0267
v21,Python,transcript_only,19,1140,1200,continue,0.0125
v21,Python,transcript_only,20,1200,1260,for loop,0.303
v21,Python,transcript_only,20,1200,1260,for,0.0207
v21,Python,transcript_only,20,1200,1260,iteration,0.0264
v21,Python,transcript_only,20,1200,1260,range,0.0359
v21,Python,transcript_only,20,1200,1260,list,0.0098
v21,Python,transcript_only,20,1200,1260,nested loop,0.4653
v21,Python,transcript_only,20,1200,1260,index,-0.0056
v21,Python,transcript_only,20,1200,1260,break,0.1387
v21,Python,transcript_only,20,1200,1260,continue,0.1785
v21,Python,transcript_only,21,1260,1320,for loop,0.1878
v21,Python,transcript_only,21,1260,1320,for,0.0334
v21,Python,transcript_only,21,1260,1320,iteration,0.0411
v21,Python,transcript_only,21,1260,1320,range,0.0556
v21,Python,transcript_only,21,1260,1320,list,0.0042
v21,Python,transcript_only,21,1260,1320,nested loop,0.307
v21,Python,transcript_only,21,1260,1320,index,0.0299
v21,Python,transcript_only,21,1260,1320,break,0.0883
v21,Python,transcript_only,21,1260,1320,continue,0.1177
v21,Python,transcript_only,22,1320,1380,for loop,0.2295
v21,Python,transcript_only,22,1320,1380,for,0.0641
v21,Python,transcript_only,22,1320,1380,iteration,-0.0104
v21,Python,transcript_only,22,1320,1380,range,0.0178
v21,Python,transcript_only,22,1320,1380,list,-0.0223
v21,Python,transcript_only,22,1320,1380,nested loop,0.2638
v21,Python,transcript_only,22,1320,1380,index,0.0244
v21,Python,transcript_only,22,1320,1380,break,0.082
v21,Python,transcript_only,22,1320,1380,continue,0.1241
v21,Python,transcript_only,23,1380,1440,for loop,0.2526
v21,Python,transcript_only,23,1380,1440,for,0.0664
v21,Python,transcript_only,23,1380,1440,iteration,-0.0241
v21,Python,transcript_only,23,1380,1440,range,0.0019
v21,Python,transcript_only,23,1380,1440,list,-0.0572
v21,Python,transcript_only,23,1380,1440,nested loop,0.2198
v21,Python,transcript_only,23,1380,1440,index,0.0538
v21,Python,transcript_only,23,1380,1440,break,0.1246
v21,Python,transcript_only,23,1380,1440,continue,0.234
v21,Python,transcript_only,24,1440,1500,for loop,0.1887
v21,Python,transcript_only,24,1440,1500,for,0.0265
v21,Python,transcript_only,24,1440,1500,iteration,0.106
v21,Python,transcript_only,24,1440,1500,range,0.0331
v21,Python,transcript_only,24,1440,1500,list,0.0521
v21,Python,transcript_only,24,1440,1500,nested loop,0.3535
v21,Python,transcript_only,24,1440,1500,index,0.0707
v21,Python,transcript_only,24,1440,1500,break,0.0523
v21,Python,transcript_only,24,1440,1500,continue,0.1597
v21,Python,transcript_only,25,1500,1560,for loop,0.102
v21,Python,transcript_only,25,1500,1560,for,-0.0731
v21,Python,transcript_only,25,1500,1560,iteration,0.0491
v21,Python,transcript_only,25,1500,1560,range,-0.0037
v21,Python,transcript_only,25,1500,1560,list,-0.0224
v21,Python,transcript_only,25,1500,1560,nested loop,0.2974
v21,Python,transcript_only,25,1500,1560,index,-0.0194
v21,Python,transcript_only,25,1500,1560,break,-0.0102
v21,Python,transcript_only,25,1500,1560,continue,0.129
v21,Python,transcript_only,26,1560,1620,for loop,-0.0057
v21,Python,transcript_only,26,1560,1620,for,0.0279
v21,Python,transcript_only,26,1560,1620,iteration,-0.0216
v21,Python,transcript_only,26,1560,1620,range,0.0282
v21,Python,transcript_only,26,1560,1620,list,-0.0111
v21,Python,transcript_only,26,1560,1620,nested loop,-0.0045
v21,Python,transcript_only,26,1560,1620,index,0.0219
v21,Python,transcript_only,26,1560,1620,break,0.0598
v21,Python,transcript_only,26,1560,1620,continue,0.0164
v22,Python,transcript_only,0,0,60,for loop,0.0088
v22,Python,transcript_only,0,0,60,for,-0.008
v22,Python,transcript_only,0,0,60,iteration,0.024
v22,Python,transcript_only,0,0,60,range,0.5075
v22,Python,transcript_only,0,0,60,list,-0.0146
v22,Python,transcript_only,0,0,60,nested loop,0.0259
v22,Python,transcript_only,0,0,60,index,-0.0071
v22,Python,transcript_only,0,0,60,break,0.0324
v22,Python,transcript_only,0,0,60,continue,0.0097
v22,Python,transcript_only,1,60,120,for loop,-0.0198
v22,Python,transcript_only,1,60,120,for,-0.0194
v22,Python,transcript_only,1,60,120,iteration,0.0343
v22,Python,transcript_only,1,60,120,range,0.448
v22,Python,transcript_only,1,60,120,list,-0.0489
v22,Python,transcript_only,1,60,120,nested loop,0.0126
v22,Python,transcript_only,1,60,120,index,-0.0164
v22,Python,transcript_only,1,60,120,break,-0.0038
v22,Python,transcript_only,1,60,120,continue,0.0597
v23,Java,transcript_only,0,0,60,class,0.0842
v23,Java,transcript_only,0,0,60,object,0.1597
v23,Java,transcript_only,0,0,60,method,0.0378
v23,Java,transcript_only,0,0,60,interface,0.0559
v23,Java,transcript_only,0,0,60,implements,0.0942
v23,Java,transcript_only,0,0,60,extends,0.0721
v23,Java,transcript_only,0,0,60,inheritance,0.0387
v23,Java,transcript_only,0,0,60,abstract class,0.067
v23,Java,transcript_only,0,0,60,abstract method,0.0137
v23,Java,transcript_only,1,60,120,class,0.0298
v23,Java,transcript_only,1,60,120,object,0.0802
v23,Java,transcript_only,1,60,120,method,-0.0085
v23,Java,transcript_only,1,60,120,interface,-0.03
v23,Java,transcript_only,1,60,120,implements,-0.0051
v23,Java,transcript_only,1,60,120,extends,0.0234
v23,Java,transcript_only,1,60,120,inheritance,0.0258
v23,Java,transcript_only,1,60,120,abstract class,-0.0039
v23,Java,transcript_only,1,60,120,abstract method,0.0327
v23,Java,transcript_only,2,120,180,class,0.0507
v23,Java,transcript_only,2,120,180,object,0.142
v23,Java,transcript_only,2,120,180,method,0.0162
v23,Java,transcript_only,2,120,180,interface,-0.0023
v23,Java,transcript_only,2,120,180,implements,-0.007
v23,Java,transcript_only,2,120,180,extends,0.05
v23,Java,transcript_only,2,120,180,inheritance,0.0578
v23,Java,transcript_only,2,120,180,abstract class,-0.0073
v23,Java,transcript_only,2,120,180,abstract method,-0.0101
v23,Java,transcript_only,3,180,240,class,0.1277
v23,Java,transcript_only,3,180,240,object,0.1148
v23,Java,transcript_only,3,180,240,method,0.0748
v23,Java,transcript_only,3,180,240,interface,-0.0142
v23,Java,transcript_only,3,180,240,implements,-0.014
v23,Java,transcript_only,3,180,240,extends,0.026
v23,Java,transcript_only,3,180,240,inheritance,0.0243
v23,Java,transcript_only,3,180,240,abstract class,0.0245
v23,Java,transcript_only,3,180,240,abstract method,0.0014
v23,Java,transcript_only,4,240,300,class,0.1401
v23,Java,transcript_only,4,240,300,object,0.5355
v23,Java,transcript_only,4,240,300,method,0.0368
v23,Java,transcript_only,4,240,300,interface,0.1103
v23,Java,transcript_only,4,240,300,implements,0.1215
v23,Java,transcript_only,4,240,300,extends,0.1303
v23,Java,transcript_only,4,240,300,inheritance,0.0346
v23,Java,transcript_only,4,240,300,abstract class,0.1186
v23,Java,transcript_only,4,240,300,abstract method,-0.0605
v23,Java,transcript_only,5,300,360,class,0.1324
v23,Java,transcript_only,5,300,360,object,0.405
v23,Java,transcript_only,5,300,360,method,0.1519
v23,Java,transcript_only,5,300,360,interface,0.1584
v23,Java,transcript_only,5,300,360,implements,0.1364
v23,Java,transcript_only,5,300,360,extends,0.1058
v23,Java,transcript_only,5,300,360,inheritance,0.1099
v23,Java,transcript_only,5,300,360,abstract class,0.0883
v23,Java,transcript_only,5,300,360,abstract method,0.0679
v23,Java,transcript_only,6,360,420,class,0.0767
v23,Java,transcript_only,6,360,420,object,0.1775
v23,Java,transcript_only,6,360,420,method,0.0173
v23,Java,transcript_only,6,360,420,interface,-0.0287
v23,Java,transcript_only,6,360,420,implements,0.0059
v23,Java,transcript_only,6,360,420,extends,-0.0005
v23,Java,transcript_only,6,360,420,inheritance,0.0134
v23,Java,transcript_only,6,360,420,abstract class,0.0922
v23,Java,transcript_only,6,360,420,abstract method,0.0602
v23,Java,transcript_only,7,420,480,class,0.0563
v23,Java,transcript_only,7,420,480,object,0.1676
v23,Java,transcript_only,7,420,480,method,-0.0061
v23,Java,transcript_only,7,420,480,interface,0.0042
v23,Java,transcript_only,7,420,480,implements,0.0241
v23,Java,transcript_only,7,420,480,extends,-0.003
v23,Java,transcript_only,7,420,480,inheritance,-0.0063
v23,Java,transcript_only,7,420,480,abstract class,0.0594
v23,Java,transcript_only,7,420,480,abstract method,0.0315
v23,Java,transcript_only,8,480,540,class,0.1935
v23,Java,transcript_only,8,480,540,object,0.4706
v23,Java,transcript_only,8,480,540,method,0.0205
v23,Java,transcript_only,8,480,540,interface,0.0004
v23,Java,transcript_only,8,480,540,implements,0.1295
v23,Java,transcript_only,8,480,540,extends,0.1679
v23,Java,transcript_only,8,480,540,inheritance,0.1057
v23,Java,transcript_only,8,480,540,abstract class,0.2265
v23,Java,transcript_only,8,480,540,abstract method,-0.0162
v23,Java,transcript_only,9,540,600,class,0.1536
v23,Java,transcript_only,9,540,600,object,0.4569
v23,Java,transcript_only,9,540,600,method,0.1429
v23,Java,transcript_only,9,540,600,interface,0.0447
v23,Java,transcript_only,9,540,600,implements,0.108
v23,Java,transcript_only,9,540,600,extends,0.1178
v23,Java,transcript_only,9,540,600,inheritance,0.0916
v23,Java,transcript_only,9,540,600,abstract class,0.1637
v23,Java,transcript_only,9,540,600,abstract method,0.0944
v23,Java,transcript_only,10,600,660,class,0.1282
v23,Java,transcript_only,10,600,660,object,0.4139
v23,Java,transcript_only,10,600,660,method,0.184
v23,Java,transcript_only,10,600,660,interface,0.0531
v23,Java,transcript_only,10,600,660,implements,0.065
v23,Java,transcript_only,10,600,660,extends,0.0667
v23,Java,transcript_only,10,600,660,inheritance,0.0701
v23,Java,transcript_only,10,600,660,abstract class,0.0899
v23,Java,transcript_only,10,600,660,abstract method,0.1473
v23,Java,transcript_only,11,660,720,class,0.2105
v23,Java,transcript_only,11,660,720,object,0.5568
v23,Java,transcript_only,11,660,720,method,0.1442
v23,Java,transcript_only,11,660,720,interface,0.0898
v23,Java,transcript_only,11,660,720,implements,0.1698
v23,Java,transcript_only,11,660,720,extends,0.1461
v23,Java,transcript_only,11,660,720,inheritance,0.1075
v23,Java,transcript_only,11,660,720,abstract class,0.1994
v23,Java,transcript_only,11,660,720,abstract method,0.029
v23,Java,transcript_only,12,720,780,class,0.2083
v23,Java,transcript_only,12,720,780,object,0.1056
v23,Java,transcript_only,12,720,780,method,0.253
v23,Java,transcript_only,12,720,780,interface,0.0715
v23,Java,transcript_only,12,720,780,implements,0.0585
v23,Java,transcript_only,12,720,780,extends,0.0483
v23,Java,transcript_only,12,720,780,inheritance,0.1081
v23,Java,transcript_only,12,720,780,abstract class,0.1345
v23,Java,transcript_only,12,720,780,abstract method,0.146
v23,Java,transcript_only,13,780,840,class,0.0411
v23,Java,transcript_only,13,780,840,object,0.1907
v23,Java,transcript_only,13,780,840,method,0.1297
v23,Java,transcript_only,13,780,840,interface,0.0661
v23,Java,transcript_only,13,780,840,implements,0.0094
v23,Java,transcript_only,13,780,840,extends,0.003
v23,Java,transcript_only,13,780,840,inheritance,0.017
v23,Java,transcript_only,13,780,840,abstract class,-0.0358
v23,Java,transcript_only,13,780,840,abstract method,0.0841
v23,Java,transcript_only,14,840,900,class,0.0313
v23,Java,transcript_only,14,840,900,object,0.0842
v23,Java,transcript_only,14,840,900,method,0.1609
v23,Java,transcript_only,14,840,900,interface,0.086
v23,Java,transcript_only,14,840,900,implements,0.0067
v23,Java,transcript_only,14,840,900,extends,0.0396
v23,Java,transcript_only,14,840,900,inheritance,0.0244
v23,Java,transcript_only,14,840,900,abstract class,0.036
v23,Java,transcript_only,14,840,900,abstract method,0.1581
v23,Java,transcript_only,15,900,960,class,0.185
v23,Java,transcript_only,15,900,960,object,0.1534
v23,Java,transcript_only,15,900,960,method,0.268
v23,Java,transcript_only,15,900,960,interface,0.1067
v23,Java,transcript_only,15,900,960,implements,0.0774
v23,Java,transcript_only,15,900,960,extends,0.0917
v23,Java,transcript_only,15,900,960,inheritance,0.1069
v23,Java,transcript_only,15,900,960,abstract class,0.136
v23,Java,transcript_only,15,900,960,abstract method,0.1875
v23,Java,transcript_only,16,960,1020,class,0.0831
v23,Java,transcript_only,16,960,1020,object,0.1379
v23,Java,transcript_only,16,960,1020,method,0.1174
v23,Java,transcript_only,16,960,1020,interface,0.0312
v23,Java,transcript_only,16,960,1020,implements,-0.0053
v23,Java,transcript_only,16,960,1020,extends,-0.0009
v23,Java,transcript_only,16,960,1020,inheritance,0.0257
v23,Java,transcript_only,16,960,1020,abstract class,-0.0089
v23,Java,transcript_only,16,960,1020,abstract method,0.0284
v23,Java,transcript_only,17,1020,1080,class,0.0997
v23,Java,transcript_only,17,1020,1080,object,0.2158
v23,Java,transcript_only,17,1020,1080,method,0.2631
v23,Java,transcript_only,17,1020,1080,interface,0.1109
v23,Java,transcript_only,17,1020,1080,implements,0.0355
v23,Java,transcript_only,17,1020,1080,extends,0.0506
v23,Java,transcript_only,17,1020,1080,inheritance,0.0701
v23,Java,transcript_only,17,1020,1080,abstract class,0.0769
v23,Java,transcript_only,17,1020,1080,abstract method,0.2484
v23,Java,transcript_only,18,1080,1140,class,0.1367
v23,Java,transcript_only,18,1080,1140,object,0.4393
v23,Java,transcript_only,18,1080,1140,method,0.189
v23,Java,transcript_only,18,1080,1140,interface,0.1299
v23,Java,transcript_only,18,1080,1140,implements,0.1387
v23,Java,transcript_only,18,1080,1140,extends,0.1514
v23,Java,transcript_only,18,1080,1140,inheritance,0.1088
v23,Java,transcript_only,18,1080,1140,abstract class,0.1893
v23,Java,transcript_only,18,1080,1140,abstract method,0.1341
v23,Java,transcript_only,19,1140,1200,class,0.1708
v23,Java,transcript_only,19,1140,1200,object,0.2278
v23,Java,transcript_only,19,1140,1200,method,0.1564
v23,Java,transcript_only,19,1140,1200,interface,0.1672
v23,Java,transcript_only,19,1140,1200,implements,0.1867
v23,Java,transcript_only,19,1140,1200,extends,0.1757
v23,Java,transcript_only,19,1140,1200,inheritance,0.1861
v23,Java,transcript_only,19,1140,1200,abstract class,0.1243
v23,Java,transcript_only,19,1140,1200,abstract method,0.0259
v23,Java,transcript_only,20,1200,1260,class,0.1263
v23,Java,transcript_only,20,1200,1260,object,0.2288
v23,Java,transcript_only,20,1200,1260,method,0.0938
v23,Java,transcript_only,20,1200,1260,interface,0.0483
v23,Java,transcript_only,20,1200,1260,implements,0.0448
v23,Java,transcript_only,20,1200,1260,extends,0.0876
v23,Java,transcript_only,20,1200,1260,inheritance,0.1002
v23,Java,transcript_only,20,1200,1260,abstract class,0.0445
v23,Java,transcript_only,20,1200,1260,abstract method,0.044
v23,Java,transcript_only,21,1260,1320,class,0.1141
v23,Java,transcript_only,21,1260,1320,object,0.0908
v23,Java,transcript_only,21,1260,1320,method,0.1556
v23,Java,transcript_only,21,1260,1320,interface,0.0144
v23,Java,transcript_only,21,1260,1320,implements,-0.0512
v23,Java,transcript_only,21,1260,1320,extends,-0.0251
v23,Java,transcript_only,21,1260,1320,inheritance,-0.0024
v23,Java,transcript_only,21,1260,1320,abstract class,0.0025
v23,Java,transcript_only,21,1260,1320,abstract method,0.111
v23,Java,transcript_only,22,1320,1380,class,0.0123
v23,Java,transcript_only,22,1320,1380,object,0.1063
v23,Java,transcript_only,22,1320,1380,method,0.105
v23,Java,transcript_only,22,1320,1380,interface,0.0818
v23,Java,transcript_only,22,1320,1380,implements,0.0222
v23,Java,transcript_only,22,1320,1380,extends,-0.0262
v23,Java,transcript_only,22,1320,1380,inheritance,-0.0259
v23,Java,transcript_only,22,1320,1380,abstract class,-0.026
v23,Java,transcript_only,22,1320,1380,abstract method,0.1174
v23,Java,transcript_only,23,1380,1440,class,0.0195
v23,Java,transcript_only,23,1380,1440,object,0.1511
v23,Java,transcript_only,23,1380,1440,method,0.0269
v23,Java,transcript_only,23,1380,1440,interface,0.0219
v23,Java,transcript_only,23,1380,1440,implements,0.0103
v23,Java,transcript_only,23,1380,1440,extends,-0.01
v23,Java,transcript_only,23,1380,1440,inheritance,-0.0224
v23,Java,transcript_only,23,1380,1440,abstract class,-0.0418
v23,Java,transcript_only,23,1380,1440,abstract method,0.0346
v23,Java,transcript_only,24,1440,1500,class,0.0839
v23,Java,transcript_only,24,1440,1500,object,0.0271
v23,Java,transcript_only,24,1440,1500,method,0.2648
v23,Java,transcript_only,24,1440,1500,interface,0.1046
v23,Java,transcript_only,24,1440,1500,implements,0.0143
v23,Java,transcript_only,24,1440,1500,extends,-0.0098
v23,Java,transcript_only,24,1440,1500,inheritance,0.0078
v23,Java,transcript_only,24,1440,1500,abstract class,0.0346
v23,Java,transcript_only,24,1440,1500,abstract method,0.2827
v23,Java,transcript_only,25,1500,1560,class,0.0432
v23,Java,transcript_only,25,1500,1560,object,-0.0063
v23,Java,transcript_only,25,1500,1560,method,0.2073
v23,Java,transcript_only,25,1500,1560,interface,0.1177
v23,Java,transcript_only,25,1500,1560,implements,0.0682
v23,Java,transcript_only,25,1500,1560,extends,0.0047
v23,Java,transcript_only,25,1500,1560,inheritance,-0.005
v23,Java,transcript_only,25,1500,1560,abstract class,0.0447
v23,Java,transcript_only,25,1500,1560,abstract method,0.2213
v23,Java,transcript_only,26,1560,1620,class,0.0832
v23,Java,transcript_only,26,1560,1620,object,0.1433
v23,Java,transcript_only,26,1560,1620,method,0.1183
v23,Java,transcript_only,26,1560,1620,interface,0.1217
v23,Java,transcript_only,26,1560,1620,implements,0.1514
v23,Java,transcript_only,26,1560,1620,extends,0.1449
v23,Java,transcript_only,26,1560,1620,inheritance,0.1083
v23,Java,transcript_only,26,1560,1620,abstract class,0.1027
v23,Java,transcript_only,26,1560,1620,abstract method,0.0697
v23,Java,transcript_only,27,1620,1680,class,0.1621
v23,Java,transcript_only,27,1620,1680,object,0.2164
v23,Java,transcript_only,27,1620,1680,method,0.1267
v23,Java,transcript_only,27,1620,1680,interface,0.2339
v23,Java,transcript_only,27,1620,1680,implements,0.2567
v23,Java,transcript_only,27,1620,1680,extends,0.2233
v23,Java,transcript_only,27,1620,1680,inheritance,0.1708
v23,Java,transcript_only,27,1620,1680,abstract class,0.166
v23,Java,transcript_only,27,1620,1680,abstract method,0.0034
v23,Java,transcript_only,28,1680,1740,class,0.028
v23,Java,transcript_only,28,1680,1740,object,0.0452
v23,Java,transcript_only,28,1680,1740,method,0.0656
v23,Java,transcript_only,28,1680,1740,interface,0.1269
v23,Java,transcript_only,28,1680,1740,implements,0.1601
v23,Java,transcript_only,28,1680,1740,extends,0.0742
v23,Java,transcript_only,28,1680,1740,inheritance,0.0673
v23,Java,transcript_only,28,1680,1740,abstract class,0.0331
v23,Java,transcript_only,28,1680,1740,abstract method,0.0175
v23,Java,transcript_only,29,1740,1800,class,0.0745
v23,Java,transcript_only,29,1740,1800,object,0.1342
v23,Java,transcript_only,29,1740,1800,method,0.1063
v23,Java,transcript_only,29,1740,1800,interface,0.0723
v23,Java,transcript_only,29,1740,1800,implements,0.1203
v23,Java,transcript_only,29,1740,1800,extends,0.1183
v23,Java,transcript_only,29,1740,1800,inheritance,0.0731
v23,Java,transcript_only,29,1740,1800,abstract class,0.0756
v23,Java,transcript_only,29,1740,1800,abstract method,0.0306
v23,Java,transcript_only,30,1800,1860,class,0.0244
v23,Java,transcript_only,30,1800,1860,object,0.0506
v23,Java,transcript_only,30,1800,1860,method,0.0516
v23,Java,transcript_only,30,1800,1860,interface,0.0263
v23,Java,transcript_only,30,1800,1860,implements,0.0558
v23,Java,transcript_only,30,1800,1860,extends,0.0502
v23,Java,transcript_only,30,1800,1860,inheritance,0.0136
v23,Java,transcript_only,30,1800,1860,abstract class,0.0306
v23,Java,transcript_only,30,1800,1860,abstract method,0.006
v23,Java,transcript_only,31,1860,1920,class,0.1054
v23,Java,transcript_only,31,1860,1920,object,0.1717
v23,Java,transcript_only,31,1860,1920,method,0.0695
v23,Java,transcript_only,31,1860,1920,interface,0.0886
v23,Java,transcript_only,31,1860,1920,implements,0.152
v23,Java,transcript_only,31,1860,1920,extends,0.1595
v23,Java,transcript_only,31,1860,1920,inheritance,0.0848
v23,Java,transcript_only,31,1860,1920,abstract class,0.1611
v23,Java,transcript_only,31,1860,1920,abstract method,-0.0058
v24,Java,transcript_only,0,0,60,class,0.0182
v24,Java,transcript_only,0,0,60,object,-0.0049
v24,Java,transcript_only,0,0,60,method,0.3026
v24,Java,transcript_only,0,0,60,interface,0.1441
v24,Java,transcript_only,0,0,60,implements,-0.0129
v24,Java,transcript_only,0,0,60,extends,0.0361
v24,Java,transcript_only,0,0,60,inheritance,0.0181
v24,Java,transcript_only,0,0,60,abstract class,0.0165
v24,Java,transcript_only,0,0,60,abstract method,0.33
v24,Java,transcript_only,1,60,120,class,0.0115
v24,Java,transcript_only,1,60,120,object,-0.0708
v24,Java,transcript_only,1,60,120,method,0.3348
v24,Java,transcript_only,1,60,120,interface,0.1301
v24,Java,transcript_only,1,60,120,implements,-0.0581
v24,Java,transcript_only,1,60,120,extends,-0.032
v24,Java,transcript_only,1,60,120,inheritance,-0.0161
v24,Java,transcript_only,1,60,120,abstract class,-0.0336
v24,Java,transcript_only,1,60,120,abstract method,0.3282
v24,Java,transcript_only,2,120,180,class,0.0127
v24,Java,transcript_only,2,120,180,object,-0.0359
v24,Java,transcript_only,2,120,180,method,0.3224
v24,Java,transcript_only,2,120,180,interface,0.1541
v24,Java,transcript_only,2,120,180,implements,-0.001
v24,Java,transcript_only,2,120,180,extends,-0.0473
v24,Java,transcript_only,2,120,180,inheritance,-0.0277
v24,Java,transcript_only,2,120,180,abstract class,-0.0475
v24,Java,transcript_only,2,120,180,abstract method,0.3183
v24,Java,transcript_only,3,180,240,class,0.023
v24,Java,transcript_only,3,180,240,object,-0.0218
v24,Java,transcript_only,3,180,240,method,0.2933
v24,Java,transcript_only,3,180,240,interface,0.1491
v24,Java,transcript_only,3,180,240,implements,0.0284
v24,Java,transcript_only,3,180,240,extends,-0.0292
v24,Java,transcript_only,3,180,240,inheritance,-0.0154
v24,Java,transcript_only,3,180,240,abstract class,-0.006
v24,Java,transcript_only,3,180,240,abstract method,0.3218
v24,Java,transcript_only,4,240,300,class,0.0029
v24,Java,transcript_only,4,240,300,object,-0.0297
v24,Java,transcript_only,4,240,300,method,0.2129
v24,Java,transcript_only,4,240,300,interface,0.1137
v24,Java,transcript_only,4,240,300,implements,-0.0059
v24,Java,transcript_only,4,240,300,extends,-0.0335
v24,Java,transcript_only,4,240,300,inheritance,-0.0188
v24,Java,transcript_only,4,240,300,abstract class,-0.0347
v24,Java,transcript_only,4,240,300,abstract method,0.157
v24,Java,transcript_only,5,300,360,class,-0.0037
v24,Java,transcript_only,5,300,360,object,0.014
v24,Java,transcript_only,5,300,360,method,0.1214
v24,Java,transcript_only,5,300,360,interface,0.0592
v24,Java,transcript_only,5,300,360,implements,-0.0246
v24,Java,transcript_only,5,300,360,extends,-0.0239
v24,Java,transcript_only,5,300,360,inheritance,-0.0246
v24,Java,transcript_only,5,300,360,abstract class,-0.0277
v24,Java,transcript_only,5,300,360,abstract method,0.0469
v24,Java,transcript_only,6,360,420,class,-0.0288
v24,Java,transcript_only,6,360,420,object,0.0458
v24,Java,transcript_only,6,360,420,method,0.1151
v24,Java,transcript_only,6,360,420,interface,0.0872
v24,Java,transcript_only,6,360,420,implements,-0.0114
v24,Java,transcript_only,6,360,420,extends,0.023
v24,Java,transcript_only,6,360,420,inheritance,-0.0146
v24,Java,transcript_only,6,360,420,abstract class,-0.0076
v24,Java,transcript_only,6,360,420,abstract method,0.0746
v24,Java,transcript_only,7,420,480,class,-0.0221
v24,Java,transcript_only,7,420,480,object,0.0083
v24,Java,transcript_only,7,420,480,method,0.162
v24,Java,transcript_only,7,420,480,interface,0.0909
v24,Java,transcript_only,7,420,480,implements,-0.0365
v24,Java,transcript_only,7,420,480,extends,0.0513
v24,Java,transcript_only,7,420,480,inheritance,0.0299
v24,Java,transcript_only,7,420,480,abstract class,0.0067
v24,Java,transcript_only,7,420,480,abstract method,0.2082
v24,Java,transcript_only,8,480,540,class,-0.0078
v24,Java,transcript_only,8,480,540,object,0.0224
v24,Java,transcript_only,8,480,540,method,0.1784
v24,Java,transcript_only,8,480,540,interface,0.0827
v24,Java,transcript_only,8,480,540,implements,-0.0068
v24,Java,transcript_only,8,480,540,extends,0.0378
v24,Java,transcript_only,8,480,540,inheritance,0.0215
v24,Java,transcript_only,8,480,540,abstract class,0.0275
v24,Java,transcript_only,8,480,540,abstract method,0.2257
v24,Java,transcript_only,9,540,600,class,-0.0065
v24,Java,transcript_only,9,540,600,object,-0.0137
v24,Java,transcript_only,9,540,600,method,0.1761
v24,Java,transcript_only,9,540,600,interface,0.0766
v24,Java,transcript_only,9,540,600,implements,0.0054
v24,Java,transcript_only,9,540,600,extends,0.0203
v24,Java,transcript_only,9,540,600,inheritance,0.0238
v24,Java,transcript_only,9,540,600,abstract class,0.0146
v24,Java,transcript_only,9,540,600,abstract method,0.2322
v24,Java,transcript_only,10,600,660,class,-0.013
v24,Java,transcript_only,10,600,660,object,-0.028
v24,Java,transcript_only,10,600,660,method,0.1716
v24,Java,transcript_only,10,600,660,interface,0.0946
v24,Java,transcript_only,10,600,660,implements,0.0032
v24,Java,transcript_only,10,600,660,extends,0.0119
v24,Java,transcript_only,10,600,660,inheritance,0.0235
v24,Java,transcript_only,10,600,660,abstract class,-0.0086
v24,Java,transcript_only,10,600,660,abstract method,0.2037
v24,Java,transcript_only,11,660,720,class,-0.0445
v24,Java,transcript_only,11,660,720,object,0.0006
v24,Java,transcript_only,11,660,720,method,0.0041
v24,Java,transcript_only,11,660,720,interface,0.0297
v24,Java,transcript_only,11,660,720,implements,0.0187
v24,Java,transcript_only,11,660,720,extends,0.0389
v24,Java,transcript_only,11,660,720,inheritance,0.0196
v24,Java,transcript_only,11,660,720,abstract class,-0.0388
v24,Java,transcript_only,11,660,720,abstract method,0.0322
v25,Java,transcript_only,0,0,60,class,0.1545
v25,Java,transcript_only,0,0,60,object,0.2289
v25,Java,transcript_only,0,0,60,method,0.1014
v25,Java,transcript_only,0,0,60,interface,0.4715
v25,Java,transcript_only,0,0,60,implements,0.469
v25,Java,transcript_only,0,0,60,extends,0.1914
v25,Java,transcript_only,0,0,60,inheritance,0.1013
v25,Java,transcript_only,0,0,60,abstract class,0.2932
v25,Java,transcript_only,0,0,60,abstract method,0.0097
v25,Java,transcript_only,1,60,120,class,0.1299
v25,Java,transcript_only,1,60,120,object,0.1348
v25,Java,transcript_only,1,60,120,method,0.1519
v25,Java,transcript_only,1,60,120,interface,0.4505
v25,Java,transcript_only,1,60,120,implements,0.4151
v25,Java,transcript_only,1,60,120,extends,0.1047
v25,Java,transcript_only,1,60,120,inheritance,0.0901
v25,Java,transcript_only,1,60,120,abstract class,0.0944
v25,Java,transcript_only,1,60,120,abstract method,0.01
v25,Java,transcript_only,2,120,180,class,0.0102
v25,Java,transcript_only,2,120,180,object,-0.0528
v25,Java,transcript_only,2,120,180,method,0.03
v25,Java,transcript_only,2,120,180,interface,0.3782
v25,Java,transcript_only,2,120,180,implements,0.3679
v25,Java,transcript_only,2,120,180,extends,-0.0348
v25,Java,transcript_only,2,120,180,inheritance,0.0041
v25,Java,transcript_only,2,120,180,abstract class,-0.0514
v25,Java,transcript_only,2,120,180,abstract method,-0.0876
v25,Java,transcript_only,3,180,240,class,0.0146
v25,Java,transcript_only,3,180,240,object,-0.063
v25,Java,transcript_only,3,180,240,method,0.1646
v25,Java,transcript_only,3,180,240,interface,0.1126
v25,Java,transcript_only,3,180,240,implements,0.0626
v25,Java,transcript_only,3,180,240,extends,-0.0516
v25,Java,transcript_only,3,180,240,inheritance,0.0008
v25,Java,transcript_only,3,180,240,abstract class,-0.0369
v25,Java,transcript_only,3,180,240,abstract method,0.146
v25,Java,transcript_only,4,240,300,class,0.0565
v25,Java,transcript_only,4,240,300,object,0.0443
v25,Java,transcript_only,4,240,300,method,0.1396
v25,Java,transcript_only,4,240,300,interface,0.6657
v25,Java,transcript_only,4,240,300,implements,0.6434
v25,Java,transcript_only,4,240,300,extends,0.0351
v25,Java,transcript_only,4,240,300,inheritance,0.0235
v25,Java,transcript_only,4,240,300,abstract class,0.0572
v25,Java,transcript_only,4,240,300,abstract method,0.0984
v25,Java,transcript_only,5,300,360,class,0.043
v25,Java,transcript_only,5,300,360,object,0.0464
v25,Java,transcript_only,5,300,360,method,0.1339
v25,Java,transcript_only,5,300,360,interface,0.5695
v25,Java,transcript_only,5,300,360,implements,0.5243
v25,Java,transcript_only,5,300,360,extends,0.0381
v25,Java,transcript_only,5,300,360,inheritance,0.0568
v25,Java,transcript_only,5,300,360,abstract class,-0.0012
v25,Java,transcript_only,5,300,360,abstract method,0.0193
v26,Java,transcript_only,0,0,60,class,0.0854
v26,Java,transcript_only,0,0,60,object,0.1445
v26,Java,transcript_only,0,0,60,method,0.1511
v26,Java,transcript_only,0,0,60,interface,0.7801
v26,Java,transcript_only,0,0,60,implements,0.7019
v26,Java,transcript_only,0,0,60,extends,0.1804
v26,Java,transcript_only,0,0,60,inheritance,0.0835
v26,Java,transcript_only,0,0,60,abstract class,0.2899
v26,Java,transcript_only,0,0,60,abstract method,0.3151
v26,Java,transcript_only,1,60,120,class,0.1493
v26,Java,transcript_only,1,60,120,object,0.1272
v26,Java,transcript_only,1,60,120,method,0.186
v26,Java,transcript_only,1,60,120,interface,0.6231
v26,Java,transcript_only,1,60,120,implements,0.5832
v26,Java,transcript_only,1,60,120,extends,0.1792
v26,Java,transcript_only,1,60,120,inheritance,0.1197
v26,Java,transcript_only,1,60,120,abstract class,0.4009
v26,Java,transcript_only,1,60,120,abstract method,0.4327
v26,Java,transcript_only,2,120,180,class,0.0658
v26,Java,transcript_only,2,120,180,object,0.0394
v26,Java,transcript_only,2,120,180,method,0.0477
v26,Java,transcript_only,2,120,180,interface,0.1899
v26,Java,transcript_only,2,120,180,implements,0.1326
v26,Java,transcript_only,2,120,180,extends,0.0202
v26,Java,transcript_only,2,120,180,inheritance,0.0312
v26,Java,transcript_only,2,120,180,abstract class,0.0838
v26,Java,transcript_only,2,120,180,abstract method,0.0008
v26,Java,transcript_only,3,180,240,class,0.0017
v26,Java,transcript_only,3,180,240,object,-0.019
v26,Java,transcript_only,3,180,240,method,0.0237
v26,Java,transcript_only,3,180,240,interface,0.216
v26,Java,transcript_only,3,180,240,implements,0.1333
v26,Java,transcript_only,3,180,240,extends,-0.0393
v26,Java,transcript_only,3,180,240,inheritance,-0.0064
v26,Java,transcript_only,3,180,240,abstract class,0.0079
v26,Java,transcript_only,3,180,240,abstract method,0.0028
v26,Java,transcript_only,4,240,300,class,0.1026
v26,Java,transcript_only,4,240,300,object,-0.0275
v26,Java,transcript_only,4,240,300,method,0.159
v26,Java,transcript_only,4,240,300,interface,0.2285
v26,Java,transcript_only,4,240,300,implements,0.1138
v26,Java,transcript_only,4,240,300,extends,-0.0054
v26,Java,transcript_only,4,240,300,inheritance,0.0797
v26,Java,transcript_only,4,240,300,abstract class,0.1598
v26,Java,transcript_only,4,240,300,abstract method,0.1742
v26,Java,transcript_only,5,300,360,class,0.3595
v26,Java,transcript_only,5,300,360,object,0.1192
v26,Java,transcript_only,5,300,360,method,0.3242
v26,Java,transcript_only,5,300,360,interface,0.3615
v26,Java,transcript_only,5,300,360,implements,0.3067
v26,Java,transcript_only,5,300,360,extends,0.1878
v26,Java,transcript_only,5,300,360,inheritance,0.2677
v26,Java,transcript_only,5,300,360,abstract class,0.2198
v26,Java,transcript_only,5,300,360,abstract method,-0.0297
v27,Java,transcript_only,0,0,60,class,0.1425
v27,Java,transcript_only,0,0,60,object,0.1967
v27,Java,transcript_only,0,0,60,method,0.114
v27,Java,transcript_only,0,0,60,interface,0.0789
v27,Java,transcript_only,0,0,60,implements,0.1194
v27,Java,transcript_only,0,0,60,extends,0.3547
v27,Java,transcript_only,0,0,60,inheritance,0.2768
v27,Java,transcript_only,0,0,60,abstract class,0.1423
v27,Java,transcript_only,0,0,60,abstract method,0.0669
v27,Java,transcript_only,1,60,120,class,0.0608
v27,Java,transcript_only,1,60,120,object,0.235
v27,Java,transcript_only,1,60,120,method,0.0354
v27,Java,transcript_only,1,60,120,interface,0.0321
v27,Java,transcript_only,1,60,120,implements,0.0615
v27,Java,transcript_only,1,60,120,extends,0.0699
v27,Java,transcript_only,1,60,120,inheritance,-0.025
v27,Java,transcript_only,1,60,120,abstract class,0.0835
v27,Java,transcript_only,1,60,120,abstract method,0.0331
v27,Java,transcript_only,2,120,180,class,0.2329
v27,Java,transcript_only,2,120,180,object,0.2307
v27,Java,transcript_only,2,120,180,method,0.0762
v27,Java,transcript_only,2,120,180,interface,0.0665
v27,Java,transcript_only,2,120,180,implements,0.1747
v27,Java,transcript_only,2,120,180,extends,0.1705
v27,Java,transcript_only,2,120,180,inheritance,0.0553
v27,Java,transcript_only,2,120,180,abstract class,0.2793
v27,Java,transcript_only,2,120,180,abstract method,-0.0236
v27,Java,transcript_only,3,180,240,class,0.2087
v27,Java,transcript_only,3,180,240,object,0.2113
v27,Java,transcript_only,3,180,240,method,0.1083
v27,Java,transcript_only,3,180,240,interface,0.0839
v27,Java,transcript_only,3,180,240,implements,0.1034
v27,Java,transcript_only,3,180,240,extends,0.0774
v27,Java,transcript_only,3,180,240,inheritance,-0.0245
v27,Java,transcript_only,3,180,240,abstract class,0.2326
v27,Java,transcript_only,3,180,240,abstract method,-0.0103
v27,Java,transcript_only,4,240,300,class,0.0924
v27,Java,transcript_only,4,240,300,object,0.0108
v27,Java,transcript_only,4,240,300,method,0.1399
v27,Java,transcript_only,4,240,300,interface,0.0512
v27,Java,transcript_only,4,240,300,implements,0.0881
v27,Java,transcript_only,4,240,300,extends,0.1518
v27,Java,transcript_only,4,240,300,inheritance,0.0828
v27,Java,transcript_only,4,240,300,abstract class,0.0655
v27,Java,transcript_only,4,240,300,abstract method,0.1122
v27,Java,transcript_only,5,300,360,class,0.1136
v27,Java,transcript_only,5,300,360,object,0.0786
v27,Java,transcript_only,5,300,360,method,0.0571
v27,Java,transcript_only,5,300,360,interface,0.0472
v27,Java,transcript_only,5,300,360,implements,0.1269
v27,Java,transcript_only,5,300,360,extends,0.3544
v27,Java,transcript_only,5,300,360,inheritance,0.3077
v27,Java,transcript_only,5,300,360,abstract class,0.0672
v27,Java,transcript_only,5,300,360,abstract method,-0.0489
v27,Java,transcript_only,6,360,420,class,0.0229
v27,Java,transcript_only,6,360,420,object,0.1327
v27,Java,transcript_only,6,360,420,method,-0.0012
v27,Java,transcript_only,6,360,420,interface,0.0141
v27,Java,transcript_only,6,360,420,implements,0.0495
v27,Java,transcript_only,6,360,420,extends,0.149
v27,Java,transcript_only,6,360,420,inheritance,0.012
v27,Java,transcript_only,6,360,420,abstract class,0.0532
v27,Java,transcript_only,6,360,420,abstract method,-0.016
v27,Java,transcript_only,7,420,480,class,0.0662
v27,Java,transcript_only,7,420,480,object,0.1204
v27,Java,transcript_only,7,420,480,method,0.0422
v27,Java,transcript_only,7,420,480,interface,0.0375
v27,Java,transcript_only,7,420,480,implements,0.0513
v27,Java,transcript_only,7,420,480,extends,0.4209
v27,Java,transcript_only,7,420,480,inheritance,0.3162
v27,Java,transcript_only,7,420,480,abstract class,0.0543
v27,Java,transcript_only,7,420,480,abstract method,-0.0276
v27,Java,transcript_only,8,480,540,class,0.0861
v27,Java,transcript_only,8,480,540,object,0.2885
v27,Java,transcript_only,8,480,540,method,-0.0018
v27,Java,transcript_only,8,480,540,interface,0.0608
v27,Java,transcript_only,8,480,540,implements,0.1596
v27,Java,transcript_only,8,480,540,extends,0.4282
v27,Java,transcript_only,8,480,540,inheritance,0.2739
v27,Java,transcript_only,8,480,540,abstract class,0.1096
v27,Java,transcript_only,8,480,540,abstract method,0.0298
v28,Java,transcript_only,0,0,60,class,0.2764
v28,Java,transcript_only,0,0,60,object,0.3976
v28,Java,transcript_only,0,0,60,method,0.0718
v28,Java,transcript_only,0,0,60,interface,0.1809
v28,Java,transcript_only,0,0,60,implements,0.3197
v28,Java,transcript_only,0,0,60,extends,0.6149
v28,Java,transcript_only,0,0,60,inheritance,0.5011
v28,Java,transcript_only,0,0,60,abstract class,0.3649
v28,Java,transcript_only,0,0,60,abstract method,-0.0212
v28,Java,transcript_only,1,60,120,class,0.1305
v28,Java,transcript_only,1,60,120,object,0.0594
v28,Java,transcript_only,1,60,120,method,0.1189
v28,Java,transcript_only,1,60,120,interface,0.1029
v28,Java,transcript_only,1,60,120,implements,0.0877
v28,Java,transcript_only,1,60,120,extends,0.0404
v28,Java,transcript_only,1,60,120,inheritance,-0.0007
v28,Java,transcript_only,1,60,120,abstract class,0.1081
v28,Java,transcript_only,1,60,120,abstract method,0.0276
v28,Java,transcript_only,2,120,180,class,0.1736
v28,Java,transcript_only,2,120,180,object,-0.0173
v28,Java,transcript_only,2,120,180,method,0.1606
v28,Java,transcript_only,2,120,180,interface,0.1382
v28,Java,transcript_only,2,120,180,implements,0.1045
v28,Java,transcript_only,2,120,180,extends,0.1121
v28,Java,transcript_only,2,120,180,inheritance,0.0784
v28,Java,transcript_only,2,120,180,abstract class,0.0959
v28,Java,transcript_only,2,120,180,abstract method,-0.0103
v28,Java,transcript_only,3,180,240,class,0.1536
v28,Java,transcript_only,3,180,240,object,0.0895
v28,Java,transcript_only,3,180,240,method,0.0242
v28,Java,transcript_only,3,180,240,interface,0.0423
v28,Java,transcript_only,3,180,240,implements,0.143
v28,Java,transcript_only,3,180,240,extends,0.1011
v28,Java,transcript_only,3,180,240,inheritance,0.0212
v28,Java,transcript_only,3,180,240,abstract class,0.1778
v28,Java,transcript_only,3,180,240,abstract method,-0.0069
v28,Java,transcript_only,4,240,300,class,0.1947
v28,Java,transcript_only,4,240,300,object,0.0051
v28,Java,transcript_only,4,240,300,method,0.224
v28,Java,transcript_only,4,240,300,interface,0.1414
v28,Java,transcript_only,4,240,300,implements,0.0798
v28,Java,transcript_only,4,240,300,extends,0.0065
v28,Java,transcript_only,4,240,300,inheritance,0.0136
v28,Java,transcript_only,4,240,300,abstract class,0.1458
v28,Java,transcript_only,4,240,300,abstract method,0.0945
v28,Java,transcript_only,5,300,360,class,0.0293
v28,Java,transcript_only,5,300,360,object,0.0101
v28,Java,transcript_only,5,300,360,method,0.0991
v28,Java,transcript_only,5,300,360,interface,0.0338
v28,Java,transcript_only,5,300,360,implements,-0.0638
v28,Java,transcript_only,5,300,360,extends,-0.0175
v28,Java,transcript_only,5,300,360,inheritance,-0.001
v28,Java,transcript_only,5,300,360,abstract class,0.0109
v28,Java,transcript_only,5,300,360,abstract method,0.0158
v28,Java,transcript_only,6,360,420,class,0.2223
v28,Java,transcript_only,6,360,420,object,0.2185
v28,Java,transcript_only,6,360,420,method,-0.0058
v28,Java,transcript_only,6,360,420,interface,0.0143
v28,Java,transcript_only,6,360,420,implements,0.2186
v28,Java,transcript_only,6,360,420,extends,0.2724
v28,Java,transcript_only,6,360,420,inheritance,0.1838
v28,Java,transcript_only,6,360,420,abstract class,0.2887
v28,Java,transcript_only,6,360,420,abstract method,-0.0007
v28,Java,transcript_only,7,420,480,class,0.1736
v28,Java,transcript_only,7,420,480,object,0.1712
v28,Java,transcript_only,7,420,480,method,-0.0333
v28,Java,transcript_only,7,420,480,interface,-0.0272
v28,Java,transcript_only,7,420,480,implements,0.1585
v28,Java,transcript_only,7,420,480,extends,0.271
v28,Java,transcript_only,7,420,480,inheritance,0.2358
v28,Java,transcript_only,7,420,480,abstract class,0.2293
v28,Java,transcript_only,7,420,480,abstract method,-0.0291
v28,Java,transcript_only,8,480,540,class,0.0696
v28,Java,transcript_only,8,480,540,object,-0.0626
v28,Java,transcript_only,8,480,540,method,0.1906
v28,Java,transcript_only,8,480,540,interface,0.0761
v28,Java,transcript_only,8,480,540,implements,-0.0289
v28,Java,transcript_only,8,480,540,extends,-0.021
v28,Java,transcript_only,8,480,540,inheritance,0.0407
v28,Java,transcript_only,8,480,540,abstract class,0.0674
v28,Java,transcript_only,8,480,540,abstract method,0.1601
v28,Java,transcript_only,9,540,600,class,0.1192
v28,Java,transcript_only,9,540,600,object,0.1335
v28,Java,transcript_only,9,540,600,method,0.0305
v28,Java,transcript_only,9,540,600,interface,0.0412
v28,Java,transcript_only,9,540,600,implements,0.1116
v28,Java,transcript_only,9,540,600,extends,0.1061
v28,Java,transcript_only,9,540,600,inheritance,0.0371
v28,Java,transcript_only,9,540,600,abstract class,0.1726
v28,Java,transcript_only,9,540,600,abstract method,0.0405
v28,Java,transcript_only,10,600,660,class,0.1052
v28,Java,transcript_only,10,600,660,object,0.2528
v28,Java,transcript_only,10,600,660,method,0.0213
v28,Java,transcript_only,10,600,660,interface,0.0267
v28,Java,transcript_only,10,600,660,implements,0.1156
v28,Java,transcript_only,10,600,660,extends,0.1329
v28,Java,transcript_only,10,600,660,inheritance,0.0385
v28,Java,transcript_only,10,600,660,abstract class,0.1447
v28,Java,transcript_only,10,600,660,abstract method,0.0242
v28,Java,transcript_only,11,660,720,class,0.0802
v28,Java,transcript_only,11,660,720,object,0.2384
v28,Java,transcript_only,11,660,720,method,0.1021
v28,Java,transcript_only,11,660,720,interface,0.0435
v28,Java,transcript_only,11,660,720,implements,0.0573
v28,Java,transcript_only,11,660,720,extends,0.0822
v28,Java,transcript_only,11,660,720,inheritance,0.0319
v28,Java,transcript_only,11,660,720,abstract class,0.0956
v28,Java,transcript_only,11,660,720,abstract method,0.1162
v28,Java,transcript_only,12,720,780,class,-0.0175
v28,Java,transcript_only,12,720,780,object,0.1001
v28,Java,transcript_only,12,720,780,method,0.0019
v28,Java,transcript_only,12,720,780,interface,0.0138
v28,Java,transcript_only,12,720,780,implements,-0.0173
v28,Java,transcript_only,12,720,780,extends,0.0052
v28,Java,transcript_only,12,720,780,inheritance,-0.0248
v28,Java,transcript_only,12,720,780,abstract class,0.0034
v28,Java,transcript_only,12,720,780,abstract method,0.0197
v28,Java,transcript_only,13,780,840,class,0.1602
v28,Java,transcript_only,13,780,840,object,0.1449
v28,Java,transcript_only,13,780,840,method,0.0454
v28,Java,transcript_only,13,780,840,interface,0.0416
v28,Java,transcript_only,13,780,840,implements,0.1443
v28,Java,transcript_only,13,780,840,extends,0.2071
v28,Java,transcript_only,13,780,840,inheritance,0.1592
v28,Java,transcript_only,13,780,840,abstract class,0.1911
v28,Java,transcript_only,13,780,840,abstract method,0.0457
v28,Java,transcript_only,14,840,900,class,0.1642
v28,Java,transcript_only,14,840,900,object,0.2342
v28,Java,transcript_only,14,840,900,method,0.0156
v28,Java,transcript_only,14,840,900,interface,0.0651
v28,Java,transcript_only,14,840,900,implements,0.2128
v28,Java,transcript_only,14,840,900,extends,0.4175
v28,Java,transcript_only,14,840,900,inheritance,0.328
v28,Java,transcript_only,14,840,900,abstract class,0.2018
v28,Java,transcript_only,14,840,900,abstract method,0.0154
v29,Java,transcript_only,0,0,60,class,0.1519
v29,Java,transcript_only,0,0,60,object,0.1721
v29,Java,transcript_only,0,0,60,method,0.0501
v29,Java,transcript_only,0,0,60,interface,0.0444
v29,Java,transcript_only,0,0,60,implements,0.064
v29,Java,transcript_only,0,0,60,extends,0.1393
v29,Java,transcript_only,0,0,60,inheritance,0.033
v29,Java,transcript_only,0,0,60,abstract class,0.6985
v29,Java,transcript_only,0,0,60,abstract method,0.4984
v29,Java,transcript_only,1,60,120,class,0.1425
v29,Java,transcript_only,1,60,120,object,0.1166
v29,Java,transcript_only,1,60,120,method,0.0348
v29,Java,transcript_only,1,60,120,interface,-0.015
v29,Java,transcript_only,1,60,120,implements,0.0685
v29,Java,transcript_only,1,60,120,extends,0.1216
v29,Java,transcript_only,1,60,120,inheritance,0.0409
v29,Java,transcript_only,1,60,120,abstract class,0.4522
v29,Java,transcript_only,1,60,120,abstract method,0.3634
v29,Java,transcript_only,2,120,180,class,0.1799
v29,Java,transcript_only,2,120,180,object,0.2197
v29,Java,transcript_only,2,120,180,method,-0.0359
v29,Java,transcript_only,2,120,180,interface,-0.0822
v29,Java,transcript_only,2,120,180,implements,0.0366
v29,Java,transcript_only,2,120,180,extends,0.1719
v29,Java,transcript_only,2,120,180,inheritance,0.0626
v29,Java,transcript_only,2,120,180,abstract class,0.5076
v29,Java,transcript_only,2,120,180,abstract method,0.231
v29,Java,transcript_only,3,180,240,class,0.05
v29,Java,transcript_only,3,180,240,object,-0.0118
v29,Java,transcript_only,3,180,240,method,0.1665
v29,Java,transcript_only,3,180,240,interface,0.0483
v29,Java,transcript_only,3,180,240,implements,-0.0533
v29,Java,transcript_only,3,180,240,extends,0.0468
v29,Java,transcript_only,3,180,240,inheritance,0.0303
v29,Java,transcript_only,3,180,240,abstract class,0.4849
v29,Java,transcript_only,3,180,240,abstract method,0.6776
v29,Java,transcript_only,4,240,300,class,0.0076
v29,Java,transcript_only,4,240,300,object,-0.011
v29,Java,transcript_only,4,240,300,method,0.0529
v29,Java,transcript_only,4,240,300,interface,0.0246
v29,Java,transcript_only,4,240,300,implements,0.0082
v29,Java,transcript_only,4,240,300,extends,0.0312
v29,Java,transcript_only,4,240,300,inheritance,0.0109
v29,Java,transcript_only,4,240,300,abstract class,0.121
v29,Java,transcript_only,4,240,300,abstract method,0.2397
v29,Java,transcript_only,5,300,360,class,0.0351
v29,Java,transcript_only,5,300,360,object,-0.0247
v29,Java,transcript_only,5,300,360,method,0.1846
v29,Java,transcript_only,5,300,360,interface,0.1431
v29,Java,transcript_only,5,300,360,implements,0.101
v29,Java,transcript_only,5,300,360,extends,0.0246
v29,Java,transcript_only,5,300,360,inheritance,-0.0005
v29,Java,transcript_only,5,300,360,abstract class,0.3654
v29,Java,transcript_only,5,300,360,abstract method,0.7046
v29,Java,transcript_only,6,360,420,class,-0.0057
v29,Java,transcript_only,6,360,420,object,0.0348
v29,Java,transcript_only,6,360,420,method,0.0577
v29,Java,transcript_only,6,360,420,interface,0.5738
v29,Java,transcript_only,6,360,420,implements,0.5621
v29,Java,transcript_only,6,360,420,extends,0.0502
v29,Java,transcript_only,6,360,420,inheritance,-0.0148
v29,Java,transcript_only,6,360,420,abstract class,0.2172
v29,Java,transcript_only,6,360,420,abstract method,0.3741
v29,Java,transcript_only,7,420,480,class,-0.0189
v29,Java,transcript_only,7,420,480,object,0.0551
v29,Java,transcript_only,7,420,480,method,0.0204
v29,Java,transcript_only,7,420,480,interface,0.3931
v29,Java,transcript_only,7,420,480,implements,0.3553
v29,Java,transcript_only,7,420,480,extends,0.0652
v29,Java,transcript_only,7,420,480,inheritance,0.0181
v29,Java,transcript_only,7,420,480,abstract class,0.4675
v29,Java,transcript_only,7,420,480,abstract method,0.5442
v29,Java,transcript_only,8,480,540,class,-0.0399
v29,Java,transcript_only,8,480,540,object,0.0426
v29,Java,transcript_only,8,480,540,method,-0.0483
v29,Java,transcript_only,8,480,540,interface,0.4065
v29,Java,transcript_only,8,480,540,implements,0.3878
v29,Java,transcript_only,8,480,540,extends,0.0664
v29,Java,transcript_only,8,480,540,inheritance,0.0055
v29,Java,transcript_only,8,480,540,abstract class,0.2212
v29,Java,transcript_only,8,480,540,abstract method,0.152
v30,Java,transcript_only,0,0,60,class,0.059
v30,Java,transcript_only,0,0,60,object,0.0823
v30,Java,transcript_only,0,0,60,method,0.0864
v30,Java,transcript_only,0,0,60,interface,0.0486
v30,Java,transcript_only,0,0,60,implements,0.0264
v30,Java,transcript_only,0,0,60,extends,0.1274
v30,Java,transcript_only,0,0,60,inheritance,0.0461
v30,Java,transcript_only,0,0,60,abstract class,0.5838
v30,Java,transcript_only,0,0,60,abstract method,0.6892
v30,Java,transcript_only,1,60,120,class,0.1206
v30,Java,transcript_only,1,60,120,object,0.1687
v30,Java,transcript_only,1,60,120,method,0.1363
v30,Java,transcript_only,1,60,120,interface,0.0797
v30,Java,transcript_only,1,60,120,implements,0.0312
v30,Java,transcript_only,1,60,120,extends,0.1015
v30,Java,transcript_only,1,60,120,inheritance,0.0259
v30,Java,transcript_only,1,60,120,abstract class,0.5638
v30,Java,transcript_only,1,60,120,abstract method,0.5993
v30,Java,transcript_only,2,120,180,class,0.0177
v30,Java,transcript_only,2,120,180,object,0.1169
v30,Java,transcript_only,2,120,180,method,0.088
v30,Java,transcript_only,2,120,180,interface,0.0485
v30,Java,transcript_only,2,120,180,implements,-0.0168
v30,Java,transcript_only,2,120,180,extends,0.0712
v30,Java,transcript_only,2,120,180,inheritance,0.0226
v30,Java,transcript_only,2,120,180,abstract class,0.3758
v30,Java,transcript_only,2,120,180,abstract method,0.4969
v31,C++,transcript_only,0,0,60,variable,0.2279
v31,C++,transcript_only,0,0,60,data type,0.3902
v31,C++,transcript_only,0,0,60,pointer,-0.0486
v31,C++,transcript_only,0,0,60,reference,-0.0012
v31,C++,transcript_only,0,0,60,class,0.0469
v31,C++,transcript_only,0,0,60,object,-0.0656
v31,C++,transcript_only,0,0,60,constructor,0.0447
v31,C++,transcript_only,0,0,60,inheritance,-0.0472
v31,C++,transcript_only,0,0,60,polymorphism,-0.1159
v31,C++,transcript_only,0,0,60,template,0.0576
v31,C++,transcript_only,1,60,120,variable,0.3229
v31,C++,transcript_only,1,60,120,data type,0.4855
v31,C++,transcript_only,1,60,120,pointer,-0.0612
v31,C++,transcript_only,1,60,120,reference,0.0398
v31,C++,transcript_only,1,60,120,class,0.0854
v31,C++,transcript_only,1,60,120,object,-0.0571
v31,C++,transcript_only,1,60,120,constructor,0.0031
v31,C++,transcript_only,1,60,120,inheritance,0.0226
v31,C++,transcript_only,1,60,120,polymorphism,-0.0826
v31,C++,transcript_only,1,60,120,template,0.0187
v31,C++,transcript_only,2,120,180,variable,0.4419
v31,C++,transcript_only,2,120,180,data type,0.59
v31,C++,transcript_only,2,120,180,pointer,-0.0268
v31,C++,transcript_only,2,120,180,reference,0.0234
v31,C++,transcript_only,2,120,180,class,0.1187
v31,C++,transcript_only,2,120,180,object,-0.0362
v31,C++,transcript_only,2,120,180,constructor,0.0612
v31,C++,transcript_only,2,120,180,inheritance,0.0622
v31,C++,transcript_only,2,120,180,polymorphism,0.0215
v31,C++,transcript_only,2,120,180,template,0.0108
v31,C++,transcript_only,3,180,240,variable,0.1948
v31,C++,transcript_only,3,180,240,data type,0.3084
v31,C++,transcript_only,3,180,240,pointer,-0.0046
v31,C++,transcript_only,3,180,240,reference,0.046
v31,C++,transcript_only,3,180,240,class,0.0453
v31,C++,transcript_only,3,180,240,object,0.0267
v31,C++,transcript_only,3,180,240,constructor,-0.0144
v31,C++,transcript_only,3,180,240,inheritance,-0.0063
v31,C++,transcript_only,3,180,240,polymorphism,0.0023
v31,C++,transcript_only,3,180,240,template,0.0148
v31,C++,transcript_only,4,240,300,variable,0.1081
v31,C++,transcript_only,4,240,300,data type,0.102
v31,C++,transcript_only,4,240,300,pointer,-0.011
v31,C++,transcript_only,4,240,300,reference,0.1003
v31,C++,transcript_only,4,240,300,class,0.0256
v31,C++,transcript_only,4,240,300,object,0.0472
v31,C++,transcript_only,4,240,300,constructor,-0.0022
v31,C++,transcript_only,4,240,300,inheritance,-0.0096
v31,C++,transcript_only,4,240,300,polymorphism,0.0045
v31,C++,transcript_only,4,240,300,template,0.0284
v31,C++,transcript_only,5,300,360,variable,0.1942
v31,C++,transcript_only,5,300,360,data type,0.1517
v31,C++,transcript_only,5,300,360,pointer,0.0105
v31,C++,transcript_only,5,300,360,reference,0.0745
v31,C++,transcript_only,5,300,360,class,0.0467
v31,C++,transcript_only,5,300,360,object,0.0651
v31,C++,transcript_only,5,300,360,constructor,0.0026
v31,C++,transcript_only,5,300,360,inheritance,-0.0051
v31,C++,transcript_only,5,300,360,polymorphism,0.0633
v31,C++,transcript_only,5,300,360,template,-0.0087
v31,C++,transcript_only,6,360,420,variable,0.0684
v31,C++,transcript_only,6,360,420,data type,0.0198
v31,C++,transcript_only,6,360,420,pointer,-0.0055
v31,C++,transcript_only,6,360,420,reference,0.0774
v31,C++,transcript_only,6,360,420,class,0.0177
v31,C++,transcript_only,6,360,420,object,0.0536
v31,C++,transcript_only,6,360,420,constructor,-0.0282
v31,C++,transcript_only,6,360,420,inheritance,0.0101
v31,C++,transcript_only,6,360,420,polymorphism,0.0325
v31,C++,transcript_only,6,360,420,template,0.0047
v31,C++,transcript_only,7,420,480,variable,0.0534
v31,C++,transcript_only,7,420,480,data type,-0.0146
v31,C++,transcript_only,7,420,480,pointer,-0.0208
v31,C++,transcript_only,7,420,480,reference,0.0357
v31,C++,transcript_only,7,420,480,class,0.0094
v31,C++,transcript_only,7,420,480,object,0.017
v31,C++,transcript_only,7,420,480,constructor,-0.0169
v31,C++,transcript_only,7,420,480,inheritance,0.0004
v31,C++,transcript_only,7,420,480,polymorphism,0.006
v31,C++,transcript_only,7,420,480,template,0.0271
v31,C++,transcript_only,8,480,540,variable,0.2019
v31,C++,transcript_only,8,480,540,data type,-0.0009
v31,C++,transcript_only,8,480,540,pointer,0.0737
v31,C++,transcript_only,8,480,540,reference,0.0607
v31,C++,transcript_only,8,480,540,class,0.0447
v31,C++,transcript_only,8,480,540,object,-0.0182
v31,C++,transcript_only,8,480,540,constructor,0.0352
v31,C++,transcript_only,8,480,540,inheritance,0.0012
v31,C++,transcript_only,8,480,540,polymorphism,0.0183
v31,C++,transcript_only,8,480,540,template,0.0239
v31,C++,transcript_only,9,540,600,variable,0.2692
v31,C++,transcript_only,9,540,600,data type,0.1394
v31,C++,transcript_only,9,540,600,pointer,0.0896
v31,C++,transcript_only,9,540,600,reference,0.0515
v31,C++,transcript_only,9,540,600,class,0.0349
v31,C++,transcript_only,9,540,600,object,0.0407
v31,C++,transcript_only,9,540,600,constructor,-0.0097
v31,C++,transcript_only,9,540,600,inheritance,0.0288
v31,C++,transcript_only,9,540,600,polymorphism,0.0285
v31,C++,transcript_only,9,540,600,template,-0.0124
v31,C++,transcript_only,10,600,660,variable,0.0028
v31,C++,transcript_only,10,600,660,data type,-0.0158
v31,C++,transcript_only,10,600,660,pointer,-0.0446
v31,C++,transcript_only,10,600,660,reference,0.0065
v31,C++,transcript_only,10,600,660,class,-0.0149
v31,C++,transcript_only,10,600,660,object,-0.0062
v31,C++,transcript_only,10,600,660,constructor,0.0215
v31,C++,transcript_only,10,600,660,inheritance,0.0292
v31,C++,transcript_only,10,600,660,polymorphism,0.0107
v31,C++,transcript_only,10,600,660,template,-0.0317
v31,C++,transcript_only,11,660,720,variable,-0.0045
v31,C++,transcript_only,11,660,720,data type,-0.0322
v31,C++,transcript_only,11,660,720,pointer,-0.0467
v31,C++,transcript_only,11,660,720,reference,-0.0094
v31,C++,transcript_only,11,660,720,class,-0.0149
v31,C++,transcript_only,11,660,720,object,0.0024
v31,C++,transcript_only,11,660,720,constructor,0.0246
v31,C++,transcript_only,11,660,720,inheritance,0.0143
v31,C++,transcript_only,11,660,720,polymorphism,0.0016
v31,C++,transcript_only,11,660,720,template,0.0032
v31,C++,transcript_only,12,720,780,variable,0.0717
v31,C++,transcript_only,12,720,780,data type,0.0033
v31,C++,transcript_only,12,720,780,pointer,0.0053
v31,C++,transcript_only,12,720,780,reference,0.0099
v31,C++,transcript_only,12,720,780,class,-0.004
v31,C++,transcript_only,12,720,780,object,-0.0024
v31,C++,transcript_only,12,720,780,constructor,0.0336
v31,C++,transcript_only,12,720,780,inheritance,0.0141
v31,C++,transcript_only,12,720,780,polymorphism,0.0305
v31,C++,transcript_only,12,720,780,template,-0.0036
v31,C++,transcript_only,13,780,840,variable,0.0729
v31,C++,transcript_only,13,780,840,data type,-0.049
v31,C++,transcript_only,13,780,840,pointer,0.0314
v31,C++,transcript_only,13,780,840,reference,0.015
v31,C++,transcript_only,13,780,840,class,0.0266
v31,C++,transcript_only,13,780,840,object,0.0443
v31,C++,transcript_only,13,780,840,constructor,0.0287
v31,C++,transcript_only,13,780,840,inheritance,-0.0083
v31,C++,transcript_only,13,780,840,polymorphism,0.0279
v31,C++,transcript_only,13,780,840,template,-0.006
v31,C++,transcript_only,14,840,900,variable,0.2052
v31,C++,transcript_only,14,840,900,data type,0.0906
v31,C++,transcript_only,14,840,900,pointer,0.0741
v31,C++,transcript_only,14,840,900,reference,0.0967
v31,C++,transcript_only,14,840,900,class,-0.0182
v31,C++,transcript_only,14,840,900,object,0.0423
v31,C++,transcript_only,14,840,900,constructor,0.0266
v31,C++,transcript_only,14,840,900,inheritance,-0.0635
v31,C++,transcript_only,14,840,900,polymorphism,-0.0013
v31,C++,transcript_only,14,840,900,template,0.0153
v31,C++,transcript_only,15,900,960,variable,0.3435
v31,C++,transcript_only,15,900,960,data type,0.1188
v31,C++,transcript_only,15,900,960,pointer,0.0745
v31,C++,transcript_only,15,900,960,reference,0.0901
v31,C++,transcript_only,15,900,960,class,0.0024
v31,C++,transcript_only,15,900,960,object,0.0356
v31,C++,transcript_only,15,900,960,constructor,-0.0892
v31,C++,transcript_only,15,900,960,inheritance,-0.0163
v31,C++,transcript_only,15,900,960,polymorphism,0.0368
v31,C++,transcript_only,15,900,960,template,0.0041
v31,C++,transcript_only,16,960,1020,variable,0.2135
v31,C++,transcript_only,16,960,1020,data type,-0.007
v31,C++,transcript_only,16,960,1020,pointer,-0.0207
v31,C++,transcript_only,16,960,1020,reference,0.1639
v31,C++,transcript_only,16,960,1020,class,-0.0377
v31,C++,transcript_only,16,960,1020,object,0.0135
v31,C++,transcript_only,16,960,1020,constructor,0.0244
v31,C++,transcript_only,16,960,1020,inheritance,-0.0051
v31,C++,transcript_only,16,960,1020,polymorphism,-0.0146
v31,C++,transcript_only,16,960,1020,template,0.033
v31,C++,transcript_only,17,1020,1080,variable,0.3627
v31,C++,transcript_only,17,1020,1080,data type,0.1231
v31,C++,transcript_only,17,1020,1080,pointer,0.0289
v31,C++,transcript_only,17,1020,1080,reference,0.0304
v31,C++,transcript_only,17,1020,1080,class,0.0038
v31,C++,transcript_only,17,1020,1080,object,0.0207
v31,C++,transcript_only,17,1020,1080,constructor,0.0005
v31,C++,transcript_only,17,1020,1080,inheritance,-0.0102
v31,C++,transcript_only,17,1020,1080,polymorphism,0.0769
v31,C++,transcript_only,17,1020,1080,template,-0.066
v31,C++,transcript_only,18,1080,1140,variable,0.2849
v31,C++,transcript_only,18,1080,1140,data type,0.0733
v31,C++,transcript_only,18,1080,1140,pointer,0.0257
v31,C++,transcript_only,18,1080,1140,reference,0.0669
v31,C++,transcript_only,18,1080,1140,class,-0.008
v31,C++,transcript_only,18,1080,1140,object,0.015
v31,C++,transcript_only,18,1080,1140,constructor,0.0098
v31,C++,transcript_only,18,1080,1140,inheritance,0.0093
v31,C++,transcript_only,18,1080,1140,polymorphism,0.01
v31,C++,transcript_only,18,1080,1140,template,-0.0189
v31,C++,transcript_only,19,1140,1200,variable,0.1588
v31,C++,transcript_only,19,1140,1200,data type,0.0441
v31,C++,transcript_only,19,1140,1200,pointer,0.0161
v31,C++,transcript_only,19,1140,1200,reference,0.045
v31,C++,transcript_only,19,1140,1200,class,-0.0054
v31,C++,transcript_only,19,1140,1200,object,0.0713
v31,C++,transcript_only,19,1140,1200,constructor,0.0044
v31,C++,transcript_only,19,1140,1200,inheritance,0.0199
v31,C++,transcript_only,19,1140,1200,polymorphism,0.0558
v31,C++,transcript_only,19,1140,1200,template,-0.0268
v31,C++,transcript_only,20,1200,1260,variable,0.2358
v31,C++,transcript_only,20,1200,1260,data type,0.0524
v31,C++,transcript_only,20,1200,1260,pointer,-0.0002
v31,C++,transcript_only,20,1200,1260,reference,0.0568
v31,C++,transcript_only,20,1200,1260,class,-0.0107
v31,C++,transcript_only,20,1200,1260,object,0.0202
v31,C++,transcript_only,20,1200,1260,constructor,-0.0002
v31,C++,transcript_only,20,1200,1260,inheritance,0.036
v31,C++,transcript_only,20,1200,1260,polymorphism,0.0117
v31,C++,transcript_only,20,1200,1260,template,-0.0146
v31,C++,transcript_only,21,1260,1320,variable,0.2699
v31,C++,transcript_only,21,1260,1320,data type,0.1091
v31,C++,transcript_only,21,1260,1320,pointer,-0.0167
v31,C++,transcript_only,21,1260,1320,reference,0.0454
v31,C++,transcript_only,21,1260,1320,class,0.0153
v31,C++,transcript_only,21,1260,1320,object,0.0087
v31,C++,transcript_only,21,1260,1320,constructor,0.0368
v31,C++,transcript_only,21,1260,1320,inheritance,0.0161
v31,C++,transcript_only,21,1260,1320,polymorphism,-0.0111
v31,C++,transcript_only,21,1260,1320,template,0.007
v31,C++,transcript_only,22,1320,1380,variable,0.2408
v31,C++,transcript_only,22,1320,1380,data type,0.1027
v31,C++,transcript_only,22,1320,1380,pointer,-0.0285
v31,C++,transcript_only,22,1320,1380,reference,0.1431
v31,C++,transcript_only,22,1320,1380,class,0.0198
v31,C++,transcript_only,22,1320,1380,object,-0.0226
v31,C++,transcript_only,22,1320,1380,constructor,-0.0201
v31,C++,transcript_only,22,1320,1380,inheritance,0.02
v31,C++,transcript_only,22,1320,1380,polymorphism,0.0387
v31,C++,transcript_only,22,1320,1380,template,0.0403
v31,C++,transcript_only,23,1380,1440,variable,0.4217
v31,C++,transcript_only,23,1380,1440,data type,0.6045
v31,C++,transcript_only,23,1380,1440,pointer,0.0964
v31,C++,transcript_only,23,1380,1440,reference,0.0586
v31,C++,transcript_only,23,1380,1440,class,0.0756
v31,C++,transcript_only,23,1380,1440,object,0.0005
v31,C++,transcript_only,23,1380,1440,constructor,-0.0156
v31,C++,transcript_only,23,1380,1440,inheritance,-0.0449
v31,C++,transcript_only,23,1380,1440,polymorphism,0.0066
v31,C++,transcript_only,23,1380,1440,template,0.0587
v31,C++,transcript_only,24,1440,1500,variable,0.3498
v31,C++,transcript_only,24,1440,1500,data type,0.1444
v31,C++,transcript_only,24,1440,1500,pointer,0.1016
v31,C++,transcript_only,24,1440,1500,reference,0.1413
v31,C++,transcript_only,24,1440,1500,class,-0.0306
v31,C++,transcript_only,24,1440,1500,object,0.0251
v31,C++,transcript_only,24,1440,1500,constructor,-0.0871
v31,C++,transcript_only,24,1440,1500,inheritance,-0.0118
v31,C++,transcript_only,24,1440,1500,polymorphism,-0.0587
v31,C++,transcript_only,24,1440,1500,template,0.0034
v31,C++,transcript_only,25,1500,1560,variable,0.1619
v31,C++,transcript_only,25,1500,1560,data type,0.2864
v31,C++,transcript_only,25,1500,1560,pointer,0.0278
v31,C++,transcript_only,25,1500,1560,reference,0.0738
v31,C++,transcript_only,25,1500,1560,class,0.0375
v31,C++,transcript_only,25,1500,1560,object,0.0163
v31,C++,transcript_only,25,1500,1560,constructor,-0.0255
v31,C++,transcript_only,25,1500,1560,inheritance,0.0042
v31,C++,transcript_only,25,1500,1560,polymorphism,-0.0477
v31,C++,transcript_only,25,1500,1560,template,-0.0077
v31,C++,transcript_only,26,1560,1620,variable,0.2946
v31,C++,transcript_only,26,1560,1620,data type,0.5619
v31,C++,transcript_only,26,1560,1620,pointer,0.1684
v31,C++,transcript_only,26,1560,1620,reference,-0.0599
v31,C++,transcript_only,26,1560,1620,class,0.0832
v31,C++,transcript_only,26,1560,1620,object,0.0113
v31,C++,transcript_only,26,1560,1620,constructor,0.017
v31,C++,transcript_only,26,1560,1620,inheritance,0.0288
v31,C++,transcript_only,26,1560,1620,polymorphism,0.1004
v31,C++,transcript_only,26,1560,1620,template,0.0107
v31,C++,transcript_only,27,1620,1680,variable,0.2069
v31,C++,transcript_only,27,1620,1680,data type,0.324
v31,C++,transcript_only,27,1620,1680,pointer,0.2541
v31,C++,transcript_only,27,1620,1680,reference,0.0056
v31,C++,transcript_only,27,1620,1680,class,0.0666
v31,C++,transcript_only,27,1620,1680,object,0.0486
v31,C++,transcript_only,27,1620,1680,constructor,0.0458
v31,C++,transcript_only,27,1620,1680,inheritance,-0.0224
v31,C++,transcript_only,27,1620,1680,polymorphism,0.0555
v31,C++,transcript_only,27,1620,1680,template,0.0233
v31,C++,transcript_only,28,1680,1740,variable,-0.0561
v31,C++,transcript_only,28,1680,1740,data type,-0.0142
v31,C++,transcript_only,28,1680,1740,pointer,-0.0164
v31,C++,transcript_only,28,1680,1740,reference,0.0148
v31,C++,transcript_only,28,1680,1740,class,0.0039
v31,C++,transcript_only,28,1680,1740,object,0.0061
v31,C++,transcript_only,28,1680,1740,constructor,-0.0197
v31,C++,transcript_only,28,1680,1740,inheritance,-0.0116
v31,C++,transcript_only,28,1680,1740,polymorphism,0.0143
v31,C++,transcript_only,28,1680,1740,template,0.0148
v31,C++,transcript_only,29,1740,1800,variable,-0.031
v31,C++,transcript_only,29,1740,1800,data type,-0.0176
v31,C++,transcript_only,29,1740,1800,pointer,-0.0424
v31,C++,transcript_only,29,1740,1800,reference,0.0274
v31,C++,transcript_only,29,1740,1800,class,-0.0052
v31,C++,transcript_only,29,1740,1800,object,-0.0043
v31,C++,transcript_only,29,1740,1800,constructor,-0.0252
v31,C++,transcript_only,29,1740,1800,inheritance,0.0011
v31,C++,transcript_only,29,1740,1800,polymorphism,0.0375
v31,C++,transcript_only,29,1740,1800,template,-0.0029
v31,C++,transcript_only,30,1800,1860,variable,0.0447
v31,C++,transcript_only,30,1800,1860,data type,0.2373
v31,C++,transcript_only,30,1800,1860,pointer,0.0019
v31,C++,transcript_only,30,1800,1860,reference,-0.0241
v31,C++,transcript_only,30,1800,1860,class,0.0285
v31,C++,transcript_only,30,1800,1860,object,-0.0055
v31,C++,transcript_only,30,1800,1860,constructor,-0.0178
v31,C++,transcript_only,30,1800,1860,inheritance,-0.0037
v31,C++,transcript_only,30,1800,1860,polymorphism,0.0143
v31,C++,transcript_only,30,1800,1860,template,-0.0246
v31,C++,transcript_only,31,1860,1920,variable,0.0213
v31,C++,transcript_only,31,1860,1920,data type,0.1634
v31,C++,transcript_only,31,1860,1920,pointer,0.0258
v31,C++,transcript_only,31,1860,1920,reference,-0.0074
v31,C++,transcript_only,31,1860,1920,class,0.0232
v31,C++,transcript_only,31,1860,1920,object,0.0344
v31,C++,transcript_only,31,1860,1920,constructor,0.0005
v31,C++,transcript_only,31,1860,1920,inheritance,0.0002
v31,C++,transcript_only,31,1860,1920,polymorphism,0.0264
v31,C++,transcript_only,31,1860,1920,template,-0.018
v31,C++,transcript_only,32,1920,1980,variable,0.32
v31,C++,transcript_only,32,1920,1980,data type,0.4034
v31,C++,transcript_only,32,1920,1980,pointer,0.1085
v31,C++,transcript_only,32,1920,1980,reference,0.0863
v31,C++,transcript_only,32,1920,1980,class,0.1375
v31,C++,transcript_only,32,1920,1980,object,0.038
v31,C++,transcript_only,32,1920,1980,constructor,0.0286
v31,C++,transcript_only,32,1920,1980,inheritance,-0.0406
v31,C++,transcript_only,32,1920,1980,polymorphism,0.0313
v31,C++,transcript_only,32,1920,1980,template,0.0746
v31,C++,transcript_only,33,1980,2040,variable,0.1299
v31,C++,transcript_only,33,1980,2040,data type,-0.0002
v31,C++,transcript_only,33,1980,2040,pointer,0.0526
v31,C++,transcript_only,33,1980,2040,reference,0.0624
v31,C++,transcript_only,33,1980,2040,class,0.0028
v31,C++,transcript_only,33,1980,2040,object,0.0524
v31,C++,transcript_only,33,1980,2040,constructor,-0.0126
v31,C++,transcript_only,33,1980,2040,inheritance,-0.0099
v31,C++,transcript_only,33,1980,2040,polymorphism,0.0397
v31,C++,transcript_only,33,1980,2040,template,-0.0176
v31,C++,transcript_only,34,2040,2100,variable,0.0263
v31,C++,transcript_only,34,2040,2100,data type,0.1527
v31,C++,transcript_only,34,2040,2100,pointer,-0.0437
v31,C++,transcript_only,34,2040,2100,reference,-0.0089
v31,C++,transcript_only,34,2040,2100,class,0.0126
v31,C++,transcript_only,34,2040,2100,object,0.0115
v31,C++,transcript_only,34,2040,2100,constructor,0.0131
v31,C++,transcript_only,34,2040,2100,inheritance,0.0316
v31,C++,transcript_only,34,2040,2100,polymorphism,0.0014
v31,C++,transcript_only,34,2040,2100,template,-0.0258
v31,C++,transcript_only,35,2100,2160,variable,0.0111
v31,C++,transcript_only,35,2100,2160,data type,-0.0025
v31,C++,transcript_only,35,2100,2160,pointer,0.0224
v31,C++,transcript_only,35,2100,2160,reference,0.0131
v31,C++,transcript_only,35,2100,2160,class,-0.0123
v31,C++,transcript_only,35,2100,2160,object,0.0038
v31,C++,transcript_only,35,2100,2160,constructor,0.0095
v31,C++,transcript_only,35,2100,2160,inheritance,0.0029
v31,C++,transcript_only,35,2100,2160,polymorphism,-0.0028
v31,C++,transcript_only,35,2100,2160,template,0.0274
v32,C++,transcript_only,0,0,60,variable,0.6638
v32,C++,transcript_only,0,0,60,data type,0.6747
v32,C++,transcript_only,0,0,60,pointer,0.1777
v32,C++,transcript_only,0,0,60,reference,0.0628
v32,C++,transcript_only,0,0,60,class,0.2755
v32,C++,transcript_only,0,0,60,object,0.1211
v32,C++,transcript_only,0,0,60,constructor,0.064
v32,C++,transcript_only,0,0,60,inheritance,0.0581
v32,C++,transcript_only,0,0,60,polymorphism,0.0913
v32,C++,transcript_only,0,0,60,template,0.0055
v32,C++,transcript_only,1,60,120,variable,0.3476
v32,C++,transcript_only,1,60,120,data type,-0.0218
v32,C++,transcript_only,1,60,120,pointer,0.217
v32,C++,transcript_only,1,60,120,reference,0.0494
v32,C++,transcript_only,1,60,120,class,0.0082
v32,C++,transcript_only,1,60,120,object,0.021
v32,C++,transcript_only,1,60,120,constructor,-0.033
v32,C++,transcript_only,1,60,120,inheritance,-0.0096
v32,C++,transcript_only,1,60,120,polymorphism,0.051
v32,C++,transcript_only,1,60,120,template,-0.0576
v32,C++,transcript_only,2,120,180,variable,0.3642
v32,C++,transcript_only,2,120,180,data type,0.0757
v32,C++,transcript_only,2,120,180,pointer,0.1125
v32,C++,transcript_only,2,120,180,reference,0.119
v32,C++,transcript_only,2,120,180,class,0.041
v32,C++,transcript_only,2,120,180,object,-0.0117
v32,C++,transcript_only,2,120,180,constructor,0.02
v32,C++,transcript_only,2,120,180,inheritance,-0.0091
v32,C++,transcript_only,2,120,180,polymorphism,0.0527
v32,C++,transcript_only,2,120,180,template,-0.0598
v32,C++,transcript_only,3,180,240,variable,0.1539
v32,C++,transcript_only,3,180,240,data type,-0.0445
v32,C++,transcript_only,3,180,240,pointer,0.0252
v32,C++,transcript_only,3,180,240,reference,0.1204
v32,C++,transcript_only,3,180,240,class,0.014
v32,C++,transcript_only,3,180,240,object,0.0277
v32,C++,transcript_only,3,180,240,constructor,0.0314
v32,C++,transcript_only,3,180,240,inheritance,0.0499
v32,C++,transcript_only,3,180,240,polymorphism,0.0696
v32,C++,transcript_only,3,180,240,template,-0.036
v32,C++,transcript_only,4,240,300,variable,0.2669
v32,C++,transcript_only,4,240,300,data type,0.3693
v32,C++,transcript_only,4,240,300,pointer,0.0887
v32,C++,transcript_only,4,240,300,reference,0.0419
v32,C++,transcript_only,4,240,300,class,0.0858
v32,C++,transcript_only,4,240,300,object,0.1126
v32,C++,transcript_only,4,240,300,constructor,0.0278
v32,C++,transcript_only,4,240,300,inheritance,0.0174
v32,C++,transcript_only,4,240,300,polymorphism,0.1252
v32,C++,transcript_only,4,240,300,template,0.0339
v32,C++,transcript_only,5,300,360,variable,0.4121
v32,C++,transcript_only,5,300,360,data type,0.1101
v32,C++,transcript_only,5,300,360,pointer,0.2571
v32,C++,transcript_only,5,300,360,reference,0.0139
v32,C++,transcript_only,5,300,360,class,0.0331
v32,C++,transcript_only,5,300,360,object,0.0175
v32,C++,transcript_only,5,300,360,constructor,-0.0402
v32,C++,transcript_only,5,300,360,inheritance,0.0309
v32,C++,transcript_only,5,300,360,polymorphism,0.0653
v32,C++,transcript_only,5,300,360,template,0.0261
v32,C++,transcript_only,6,360,420,variable,0.1824
v32,C++,transcript_only,6,360,420,data type,0.3818
v32,C++,transcript_only,6,360,420,pointer,0.1197
v32,C++,transcript_only,6,360,420,reference,-0.0196
v32,C++,transcript_only,6,360,420,class,0.0393
v32,C++,transcript_only,6,360,420,object,0.1475
v32,C++,transcript_only,6,360,420,constructor,-0.0288
v32,C++,transcript_only,6,360,420,inheritance,-0.0522
v32,C++,transcript_only,6,360,420,polymorphism,0.0622
v32,C++,transcript_only,6,360,420,template,-0.0083
v32,C++,transcript_only,7,420,480,variable,0.1488
v32,C++,transcript_only,7,420,480,data type,0.3338
v32,C++,transcript_only,7,420,480,pointer,0.001
v32,C++,transcript_only,7,420,480,reference,0.0923
v32,C++,transcript_only,7,420,480,class,-0.0048
v32,C++,transcript_only,7,420,480,object,0.0409
v32,C++,transcript_only,7,420,480,constructor,0.0497
v32,C++,transcript_only,7,420,480,inheritance,0.0343
v32,C++,transcript_only,7,420,480,polymorphism,-0.0107
v32,C++,transcript_only,7,420,480,template,-0.0627
v32,C++,transcript_only,8,480,540,variable,0.2337
v32,C++,transcript_only,8,480,540,data type,0.3416
v32,C++,transcript_only,8,480,540,pointer,0.0207
v32,C++,transcript_only,8,480,540,reference,0.1949
v32,C++,transcript_only,8,480,540,class,0.0422
v32,C++,transcript_only,8,480,540,object,0.0167
v32,C++,transcript_only,8,480,540,constructor,0.0848
v32,C++,transcript_only,8,480,540,inheritance,0.0442
v32,C++,transcript_only,8,480,540,polymorphism,-0.0097
v32,C++,transcript_only,8,480,540,template,-0.0113
v32,C++,transcript_only,9,540,600,variable,0.1405
v32,C++,transcript_only,9,540,600,data type,0.3157
v32,C++,transcript_only,9,540,600,pointer,0.1683
v32,C++,transcript_only,9,540,600,reference,-0.0151
v32,C++,transcript_only,9,540,600,class,0.0467
v32,C++,transcript_only,9,540,600,object,0.1518
v32,C++,transcript_only,9,540,600,constructor,-0.0364
v32,C++,transcript_only,9,540,600,inheritance,0.0145
v32,C++,transcript_only,9,540,600,polymorphism,0.0626
v32,C++,transcript_only,9,540,600,template,0.0154
v32,C++,transcript_only,10,600,660,variable,0.4407
v32,C++,transcript_only,10,600,660,data type,0.5942
v32,C++,transcript_only,10,600,660,pointer,0.2159
v32,C++,transcript_only,10,600,660,reference,0.0736
v32,C++,transcript_only,10,600,660,class,0.0994
v32,C++,transcript_only,10,600,660,object,0.1467
v32,C++,transcript_only,10,600,660,constructor,-0.0908
v32,C++,transcript_only,10,600,660,inheritance,-0.0532
v32,C++,transcript_only,10,600,660,polymorphism,0.105
v32,C++,transcript_only,10,600,660,template,0.0009
v32,C++,transcript_only,11,660,720,variable,0.3325
v32,C++,transcript_only,11,660,720,data type,0.6804
v32,C++,transcript_only,11,660,720,pointer,0.045
v32,C++,transcript_only,11,660,720,reference,0.0184
v32,C++,transcript_only,11,660,720,class,0.1898
v32,C++,transcript_only,11,660,720,object,0.1246
v32,C++,transcript_only,11,660,720,constructor,0.0003
v32,C++,transcript_only,11,660,720,inheritance,0.0008
v32,C++,transcript_only,11,660,720,polymorphism,0.0456
v32,C++,transcript_only,11,660,720,template,-0.0052
v33,C++,transcript_only,0,0,60,variable,0.0144
v33,C++,transcript_only,0,0,60,data type,-0.0408
v33,C++,transcript_only,0,0,60,pointer,0.6796
v33,C++,transcript_only,0,0,60,reference,0.0029
v33,C++,transcript_only,0,0,60,class,-0.0062
v33,C++,transcript_only,0,0,60,object,0.0793
v33,C++,transcript_only,0,0,60,constructor,-0.0006
v33,C++,transcript_only,0,0,60,inheritance,0.0128
v33,C++,transcript_only,0,0,60,polymorphism,0.0789
v33,C++,transcript_only,0,0,60,template,0.0076
v33,C++,transcript_only,1,60,120,variable,0.0756
v33,C++,transcript_only,1,60,120,data type,0.0018
v33,C++,transcript_only,1,60,120,pointer,0.3765
v33,C++,transcript_only,1,60,120,reference,-0.0027
v33,C++,transcript_only,1,60,120,class,-0.0111
v33,C++,transcript_only,1,60,120,object,-0.0072
v33,C++,transcript_only,1,60,120,constructor,0.0275
v33,C++,transcript_only,1,60,120,inheritance,-0.0161
v33,C++,transcript_only,1,60,120,polymorphism,-0.0131
v33,C++,transcript_only,1,60,120,template,0.002
v33,C++,transcript_only,2,120,180,variable,0.2401
v33,C++,transcript_only,2,120,180,data type,0.0935
v33,C++,transcript_only,2,120,180,pointer,0.2886
v33,C++,transcript_only,2,120,180,reference,0.0562
v33,C++,transcript_only,2,120,180,class,0.023
v33,C++,transcript_only,2,120,180,object,0.0878
v33,C++,transcript_only,2,120,180,constructor,0.0199
v33,C++,transcript_only,2,120,180,inheritance,-0.0175
v33,C++,transcript_only,2,120,180,polymorphism,0.0371
v33,C++,transcript_only,2,120,180,template,0.0476
v33,C++,transcript_only,3,180,240,variable,0.0956
v33,C++,transcript_only,3,180,240,data type,0.0243
v33,C++,transcript_only,3,180,240,pointer,0.3448
v33,C++,transcript_only,3,180,240,reference,0.0259
v33,C++,transcript_only,3,180,240,class,0.0023
v33,C++,transcript_only,3,180,240,object,0.0176
v33,C++,transcript_only,3,180,240,constructor,0.0043
v33,C++,transcript_only,3,180,240,inheritance,-0.0186
v33,C++,transcript_only,3,180,240,polymorphism,0.0187
v33,C++,transcript_only,3,180,240,template,0.0227
v33,C++,transcript_only,4,240,300,variable,0.0116
v33,C++,transcript_only,4,240,300,data type,0.0003
v33,C++,transcript_only,4,240,300,pointer,0.3237
v33,C++,transcript_only,4,240,300,reference,-0.0484
v33,C++,transcript_only,4,240,300,class,0.015
v33,C++,transcript_only,4,240,300,object,0.0231
v33,C++,transcript_only,4,240,300,constructor,0.0046
v33,C++,transcript_only,4,240,300,inheritance,0.0002
v33,C++,transcript_only,4,240,300,polymorphism,0.0207
v33,C++,transcript_only,4,240,300,template,0.0394
v33,C++,transcript_only,5,300,360,variable,-0.039
v33,C++,transcript_only,5,300,360,data type,0.0013
v33,C++,transcript_only,5,300,360,pointer,0.2252
v33,C++,transcript_only,5,300,360,reference,-0.0713
v33,C++,transcript_only,5,300,360,class,-0.0137
v33,C++,transcript_only,5,300,360,object,-0.0125
v33,C++,transcript_only,5,300,360,constructor,0.0343
v33,C++,transcript_only,5,300,360,inheritance,-0.0021
v33,C++,transcript_only,5,300,360,polymorphism,0.0129
v33,C++,transcript_only,5,300,360,template,0.0203
v33,C++,transcript_only,6,360,420,variable,0.112
v33,C++,transcript_only,6,360,420,data type,0.1208
v33,C++,transcript_only,6,360,420,pointer,0.3955
v33,C++,transcript_only,6,360,420,reference,0.0804
v33,C++,transcript_only,6,360,420,class,0.0035
v33,C++,transcript_only,6,360,420,object,-0.009
v33,C++,transcript_only,6,360,420,constructor,0.0219
v33,C++,transcript_only,6,360,420,inheritance,-0.0046
v33,C++,transcript_only,6,360,420,polymorphism,-0.0045
v33,C++,transcript_only,6,360,420,template,-0.0426
v33,C++,transcript_only,7,420,480,variable,0.0548
v33,C++,transcript_only,7,420,480,data type,0.1259
v33,C++,transcript_only,7,420,480,pointer,0.3932
v33,C++,transcript_only,7,420,480,reference,0.0155
v33,C++,transcript_only,7,420,480,class,0.0029
v33,C++,transcript_only,7,420,480,object,-0.0287
v33,C++,transcript_only,7,420,480,constructor,0.0667
v33,C++,transcript_only,7,420,480,inheritance,0.0026
v33,C++,transcript_only,7,420,480,polymorphism,-0.0083
v33,C++,transcript_only,7,420,480,template,-0.0623
v33,C++,transcript_only,8,480,540,variable,0.167
v33,C++,transcript_only,8,480,540,data type,0.0619
v33,C++,transcript_only,8,480,540,pointer,0.345
v33,C++,transcript_only,8,480,540,reference,0.0546
v33,C++,transcript_only,8,480,540,class,-0.0185
v33,C++,transcript_only,8,480,540,object,0.0268
v33,C++,transcript_only,8,480,540,constructor,0.0073
v33,C++,transcript_only,8,480,540,inheritance,-0.0021
v33,C++,transcript_only,8,480,540,polymorphism,0.0101
v33,C++,transcript_only,8,480,540,template,-0.0081
v33,C++,transcript_only,9,540,600,variable,0.0335
v33,C++,transcript_only,9,540,600,data type,0.0066
v33,C++,transcript_only,9,540,600,pointer,0.6551
v33,C++,transcript_only,9,540,600,reference,0.0055
v33,C++,transcript_only,9,540,600,class,0.0029
v33,C++,transcript_only,9,540,600,object,0.0911
v33,C++,transcript_only,9,540,600,constructor,-0.0007
v33,C++,transcript_only,9,540,600,inheritance,0.0223
v33,C++,transcript_only,9,540,600,polymorphism,0.0614
v33,C++,transcript_only,9,540,600,template,-0.0175
v33,C++,transcript_only,10,600,660,variable,0.0029
v33,C++,transcript_only,10,600,660,data type,0.0177
v33,C++,transcript_only,10,600,660,pointer,0.7067
v33,C++,transcript_only,10,600,660,reference,0.071
v33,C++,transcript_only,10,600,660,class,0.0483
v33,C++,transcript_only,10,600,660,object,0.2139
v33,C++,transcript_only,10,600,660,constructor,0.0631
v33,C++,transcript_only,10,600,660,inheritance,0.0965
v33,C++,transcript_only,10,600,660,polymorphism,0.1693
v33,C++,transcript_only,10,600,660,template,-0.004
v33,C++,transcript_only,11,660,720,variable,-0.0116
v33,C++,transcript_only,11,660,720,data type,-0.0179
v33,C++,transcript_only,11,660,720,pointer,0.2897
v33,C++,transcript_only,11,660,720,reference,-0.0171
v33,C++,transcript_only,11,660,720,class,-0.0056
v33,C++,transcript_only,11,660,720,object,-0.0029
v33,C++,transcript_only,11,660,720,constructor,0.0501
v33,C++,transcript_only,11,660,720,inheritance,-0.0014
v33,C++,transcript_only,11,660,720,polymorphism,-0.0038
v33,C++,transcript_only,11,660,720,template,-0.0083
v34,C++,transcript_only,0,0,60,variable,0.0084
v34,C++,transcript_only,0,0,60,data type,-0.0
v34,C++,transcript_only,0,0,60,pointer,0.6244
v34,C++,transcript_only,0,0,60,reference,0.0074
v34,C++,transcript_only,0,0,60,class,0.0164
v34,C++,transcript_only,0,0,60,object,0.0127
v34,C++,transcript_only,0,0,60,constructor,-0.0082
v34,C++,transcript_only,0,0,60,inheritance,0.0005
v34,C++,transcript_only,0,0,60,polymorphism,-0.0063
v34,C++,transcript_only,0,0,60,template,-0.0131
v34,C++,transcript_only,1,60,120,variable,0.2726
v34,C++,transcript_only,1,60,120,data type,0.0784
v34,C++,transcript_only,1,60,120,pointer,0.2609
v34,C++,transcript_only,1,60,120,reference,0.6475
v34,C++,transcript_only,1,60,120,class,0.046
v34,C++,transcript_only,1,60,120,object,0.052
v34,C++,transcript_only,1,60,120,constructor,0.0342
v34,C++,transcript_only,1,60,120,inheritance,-0.0015
v34,C++,transcript_only,1,60,120,polymorphism,-0.0093
v34,C++,transcript_only,1,60,120,template,0.0079
v34,C++,transcript_only,2,120,180,variable,0.2517
v34,C++,transcript_only,2,120,180,data type,0.0914
v34,C++,transcript_only,2,120,180,pointer,0.2207
v34,C++,transcript_only,2,120,180,reference,0.6504
v34,C++,transcript_only,2,120,180,class,-0.0063
v34,C++,transcript_only,2,120,180,object,0.075
v34,C++,transcript_only,2,120,180,constructor,0.0515
v34,C++,transcript_only,2,120,180,inheritance,0.0237
v34,C++,transcript_only,2,120,180,polymorphism,0.0216
v34,C++,transcript_only,2,120,180,template,-0.0214
v34,C++,transcript_only,3,180,240,variable,0.129
v34,C++,transcript_only,3,180,240,data type,-0.002
v34,C++,transcript_only,3,180,240,pointer,0.1309
v34,C++,transcript_only,3,180,240,reference,0.37
v34,C++,transcript_only,3,180,240,class,-0.0209
v34,C++,transcript_only,3,180,240,object,0.0593
v34,C++,transcript_only,3,180,240,constructor,-0.0529
v34,C++,transcript_only,3,180,240,inheritance,-0.0008
v34,C++,transcript_only,3,180,240,polymorphism,-0.0811
v34,C++,transcript_only,3,180,240,template,0.0277
v34,C++,transcript_only,4,240,300,variable,0.1175
v34,C++,transcript_only,4,240,300,data type,-0.0159
v34,C++,transcript_only,4,240,300,pointer,0.4007
v34,C++,transcript_only,4,240,300,reference,0.2873
v34,C++,transcript_only,4,240,300,class,-0.0082
v34,C++,transcript_only,4,240,300,object,0.1057
v34,C++,transcript_only,4,240,300,constructor,-0.1035
v34,C++,transcript_only,4,240,300,inheritance,-0.0199
v34,C++,transcript_only,4,240,300,polymorphism,-0.0258
v34,C++,transcript_only,4,240,300,template,-0.0226
v34,C++,transcript_only,5,300,360,variable,0.0631
v34,C++,transcript_only,5,300,360,data type,-0.0038
v34,C++,transcript_only,5,300,360,pointer,0.3335
v34,C++,transcript_only,5,300,360,reference,0.1663
v34,C++,transcript_only,5,300,360,class,0.003
v34,C++,transcript_only,5,300,360,object,0.0435
v34,C++,transcript_only,5,300,360,constructor,-0.0367
v34,C++,transcript_only,5,300,360,inheritance,-0.0037
v34,C++,transcript_only,5,300,360,polymorphism,0.0038
v34,C++,transcript_only,5,300,360,template,0.0073
v34,C++,transcript_only,6,360,420,variable,0.0128
v34,C++,transcript_only,6,360,420,data type,-0.0166
v34,C++,transcript_only,6,360,420,pointer,0.2784
v34,C++,transcript_only,6,360,420,reference,0.5259
v34,C++,transcript_only,6,360,420,class,0.0055
v34,C++,transcript_only,6,360,420,object,-0.0021
v34,C++,transcript_only,6,360,420,constructor,-0.0551
v34,C++,transcript_only,6,360,420,inheritance,0.0061
v34,C++,transcript_only,6,360,420,polymorphism,-0.0014
v34,C++,transcript_only,6,360,420,template,0.0066
v34,C++,transcript_only,7,420,480,variable,0.0333
v34,C++,transcript_only,7,420,480,data type,0.0187
v34,C++,transcript_only,7,420,480,pointer,0.2798
v34,C++,transcript_only,7,420,480,reference,0.5994
v34,C++,transcript_only,7,420,480,class,0.0214
v34,C++,transcript_only,7,420,480,object,0.0176
v34,C++,transcript_only,7,420,480,constructor,-0.0043
v34,C++,transcript_only,7,420,480,inheritance,0.0212
v34,C++,transcript_only,7,420,480,polymorphism,-0.0039
v34,C++,transcript_only,7,420,480,template,-0.0249
v34,C++,transcript_only,8,480,540,variable,0.0594
v34,C++,transcript_only,8,480,540,data type,0.0379
v34,C++,transcript_only,8,480,540,pointer,0.1572
v34,C++,transcript_only,8,480,540,reference,0.6475
v34,C++,transcript_only,8,480,540,class,0.0022
v34,C++,transcript_only,8,480,540,object,0.0697
v34,C++,transcript_only,8,480,540,constructor,-0.0017
v34,C++,transcript_only,8,480,540,inheritance,0.0452
v34,C++,transcript_only,8,480,540,polymorphism,-0.0131
v34,C++,transcript_only,8,480,540,template,-0.0127
v34,C++,transcript_only,9,540,600,variable,-0.0212
v34,C++,transcript_only,9,540,600,data type,0.033
v34,C++,transcript_only,9,540,600,pointer,0.2745
v34,C++,transcript_only,9,540,600,reference,0.0178
v34,C++,transcript_only,9,540,600,class,0.0206
v34,C++,transcript_only,9,540,600,object,0.0395
v34,C++,transcript_only,9,540,600,constructor,0.0046
v34,C++,transcript_only,9,540,600,inheritance,-0.0114
v34,C++,transcript_only,9,540,600,polymorphism,-0.0274
v34,C++,transcript_only,9,540,600,template,-0.0548
v34,C++,transcript_only,10,600,660,variable,0.0052
v34,C++,transcript_only,10,600,660,data type,0.0177
v34,C++,transcript_only,10,600,660,pointer,-0.022
v34,C++,transcript_only,10,600,660,reference,0.0122
v34,C++,transcript_only,10,600,660,class,-0.0055
v34,C++,transcript_only,10,600,660,object,0.019
v34,C++,transcript_only,10,600,660,constructor,-0.0022
v34,C++,transcript_only,10,600,660,inheritance,0.0027
v34,C++,transcript_only,10,600,660,polymorphism,0.0063
v34,C++,transcript_only,10,600,660,template,-0.025
v35,C++,transcript_only,0,0,60,variable,0.1643
v35,C++,transcript_only,0,0,60,data type,0.1401
v35,C++,transcript_only,0,0,60,pointer,0.0029
v35,C++,transcript_only,0,0,60,reference,0.7693
v35,C++,transcript_only,0,0,60,class,0.0171
v35,C++,transcript_only,0,0,60,object,0.0262
v35,C++,transcript_only,0,0,60,constructor,-0.0089
v35,C++,transcript_only,0,0,60,inheritance,0.0015
v35,C++,transcript_only,0,0,60,polymorphism,0.0083
v35,C++,transcript_only,0,0,60,template,0.0107
v35,C++,transcript_only,1,60,120,variable,0.1426
v35,C++,transcript_only,1,60,120,data type,0.161
v35,C++,transcript_only,1,60,120,pointer,-0.063
v35,C++,transcript_only,1,60,120,reference,0.3626
v35,C++,transcript_only,1,60,120,class,0.0165
v35,C++,transcript_only,1,60,120,object,-0.0184
v35,C++,transcript_only,1,60,120,constructor,0.0166
v35,C++,transcript_only,1,60,120,inheritance,0.0202
v35,C++,transcript_only,1,60,120,polymorphism,0.0146
v35,C++,transcript_only,1,60,120,template,0.0196
v35,C++,transcript_only,2,120,180,variable,0.0684
v35,C++,transcript_only,2,120,180,data type,0.044
v35,C++,transcript_only,2,120,180,pointer,-0.0797
v35,C++,transcript_only,2,120,180,reference,0.0881
v35,C++,transcript_only,2,120,180,class,0.0035
v35,C++,transcript_only,2,120,180,object,-0.0017
v35,C++,transcript_only,2,120,180,constructor,-0.0015
v35,C++,transcript_only,2,120,180,inheritance,-0.003
v35,C++,transcript_only,2,120,180,polymorphism,-0.0072
v35,C++,transcript_only,2,120,180,template,0.0251
v35,C++,transcript_only,3,180,240,variable,0.1993
v35,C++,transcript_only,3,180,240,data type,0.1227
v35,C++,transcript_only,3,180,240,pointer,-0.0637
v35,C++,transcript_only,3,180,240,reference,0.0749
v35,C++,transcript_only,3,180,240,class,0.0277
v35,C++,transcript_only,3,180,240,object,0.0056
v35,C++,transcript_only,3,180,240,constructor,0.0077
v35,C++,transcript_only,3,180,240,inheritance,-0.0194
v35,C++,transcript_only,3,180,240,polymorphism,-0.001
v35,C++,transcript_only,3,180,240,template,0.0763
v35,C++,transcript_only,4,240,300,variable,0.1095
v35,C++,transcript_only,4,240,300,data type,0.0865
v35,C++,transcript_only,4,240,300,pointer,0.037
v35,C++,transcript_only,4,240,300,reference,0.5593
v35,C++,transcript_only,4,240,300,class,0.0082
v35,C++,transcript_only,4,240,300,object,0.0107
v35,C++,transcript_only,4,240,300,constructor,0.0187
v35,C++,transcript_only,4,240,300,inheritance,-0.0129
v35,C++,transcript_only,4,240,300,polymorphism,-0.0042
v35,C++,transcript_only,4,240,300,template,0.034
v35,C++,transcript_only,5,300,360,variable,0.1022
v35,C++,transcript_only,5,300,360,data type,0.1201
v35,C++,transcript_only,5,300,360,pointer,-0.0001
v35,C++,transcript_only,5,300,360,reference,0.2165
v35,C++,transcript_only,5,300,360,class,-0.0045
v35,C++,transcript_only,5,300,360,object,-0.0474
v35,C++,transcript_only,5,300,360,constructor,0.0935
v35,C++,transcript_only,5,300,360,inheritance,0.0108
v35,C++,transcript_only,5,300,360,polymorphism,-0.011
v35,C++,transcript_only,5,300,360,template,-0.0026
v35,C++,transcript_only,6,360,420,variable,0.0028
v35,C++,transcript_only,6,360,420,data type,-0.005
v35,C++,transcript_only,6,360,420,pointer,-0.0195
v35,C++,transcript_only,6,360,420,reference,0.4507
v35,C++,transcript_only,6,360,420,class,-0.0113
v35,C++,transcript_only,6,360,420,object,-0.0234
v35,C++,transcript_only,6,360,420,constructor,0.0059
v35,C++,transcript_only,6,360,420,inheritance,-0.0158
v35,C++,transcript_only,6,360,420,polymorphism,-0.0105
v35,C++,transcript_only,6,360,420,template,-0.0
v35,C++,transcript_only,7,420,480,variable,0.0937
v35,C++,transcript_only,7,420,480,data type,-0.0055
v35,C++,transcript_only,7,420,480,pointer,0.1691
v35,C++,transcript_only,7,420,480,reference,0.7074
v35,C++,transcript_only,7,420,480,class,0.0156
v35,C++,transcript_only,7,420,480,object,-0.0212
v35,C++,transcript_only,7,420,480,constructor,-0.0165
v35,C++,transcript_only,7,420,480,inheritance,0.0002
v35,C++,transcript_only,7,420,480,polymorphism,0.0294
v35,C++,transcript_only,7,420,480,template,0.0221
v35,C++,transcript_only,8,480,540,variable,0.1488
v35,C++,transcript_only,8,480,540,data type,0.0707
v35,C++,transcript_only,8,480,540,pointer,0.1831
v35,C++,transcript_only,8,480,540,reference,0.5948
v35,C++,transcript_only,8,480,540,class,0.034
v35,C++,transcript_only,8,480,540,object,-0.0517
v35,C++,transcript_only,8,480,540,constructor,0.0056
v35,C++,transcript_only,8,480,540,inheritance,-0.0045
v35,C++,transcript_only,8,480,540,polymorphism,0.1123
v35,C++,transcript_only,8,480,540,template,0.0194
v36,C++,transcript_only,0,0,60,variable,-0.044
v36,C++,transcript_only,0,0,60,data type,0.0254
v36,C++,transcript_only,0,0,60,pointer,0.0751
v36,C++,transcript_only,0,0,60,reference,0.1997
v36,C++,transcript_only,0,0,60,class,0.1291
v36,C++,transcript_only,0,0,60,object,0.6153
v36,C++,transcript_only,0,0,60,constructor,0.1453
v36,C++,transcript_only,0,0,60,inheritance,0.0107
v36,C++,transcript_only,0,0,60,polymorphism,0.4445
v36,C++,transcript_only,0,0,60,template,0.1071
v36,C++,transcript_only,1,60,120,variable,-0.0377
v36,C++,transcript_only,1,60,120,data type,0.0196
v36,C++,transcript_only,1,60,120,pointer,-0.0153
v36,C++,transcript_only,1,60,120,reference,0.107
v36,C++,transcript_only,1,60,120,class,0.214
v36,C++,transcript_only,1,60,120,object,0.5783
v36,C++,transcript_only,1,60,120,constructor,0.1311
v36,C++,transcript_only,1,60,120,inheritance,0.1043
v36,C++,transcript_only,1,60,120,polymorphism,0.237
v36,C++,transcript_only,1,60,120,template,0.0097
v36,C++,transcript_only,2,120,180,variable,0.1252
v36,C++,transcript_only,2,120,180,data type,0.4858
v36,C++,transcript_only,2,120,180,pointer,0.0211
v36,C++,transcript_only,2,120,180,reference,0.0204
v36,C++,transcript_only,2,120,180,class,0.2848
v36,C++,transcript_only,2,120,180,object,0.2866
v36,C++,transcript_only,2,120,180,constructor,0.0755
v36,C++,transcript_only,2,120,180,inheritance,0.0602
v36,C++,transcript_only,2,120,180,polymorphism,0.066
v36,C++,transcript_only,2,120,180,template,-0.0273
v36,C++,transcript_only,3,180,240,variable,0.0097
v36,C++,transcript_only,3,180,240,data type,0.0112
v36,C++,transcript_only,3,180,240,pointer,-0.0353
v36,C++,transcript_only,3,180,240,reference,0.0701
v36,C++,transcript_only,3,180,240,class,0.0129
v36,C++,transcript_only,3,180,240,object,0.0928
v36,C++,transcript_only,3,180,240,constructor,-0.0126
v36,C++,transcript_only,3,180,240,inheritance,0.005
v36,C++,transcript_only,3,180,240,polymorphism,0.0673
v36,C++,transcript_only,3,180,240,template,-0.002
v36,C++,transcript_only,4,240,300,variable,0.0048
v36,C++,transcript_only,4,240,300,data type,0.0281
v36,C++,transcript_only,4,240,300,pointer,0.0186
v36,C++,transcript_only,4,240,300,reference,-0.0445
v36,C++,transcript_only,4,240,300,class,0.0928
v36,C++,transcript_only,4,240,300,object,0.0918
v36,C++,transcript_only,4,240,300,constructor,0.0802
v36,C++,transcript_only,4,240,300,inheritance,0.0476
v36,C++,transcript_only,4,240,300,polymorphism,0.0014
v36,C++,transcript_only,4,240,300,template,-0.0378
v36,C++,transcript_only,5,300,360,variable,-0.026
v36,C++,transcript_only,5,300,360,data type,0.0432
v36,C++,transcript_only,5,300,360,pointer,-0.0765
v36,C++,transcript_only,5,300,360,reference,0.1231
v36,C++,transcript_only,5,300,360,class,0.0819
v36,C++,transcript_only,5,300,360,object,0.224
v36,C++,transcript_only,5,300,360,constructor,0.03
v36,C++,transcript_only,5,300,360,inheritance,0.0528
v36,C++,transcript_only,5,300,360,polymorphism,0.1003
v36,C++,transcript_only,5,300,360,template,-0.0271
v36,C++,transcript_only,6,360,420,variable,-0.0429
v36,C++,transcript_only,6,360,420,data type,-0.0066
v36,C++,transcript_only,6,360,420,pointer,-0.068
v36,C++,transcript_only,6,360,420,reference,0.0094
v36,C++,transcript_only,6,360,420,class,0.1776
v36,C++,transcript_only,6,360,420,object,0.1184
v36,C++,transcript_only,6,360,420,constructor,0.0071
v36,C++,transcript_only,6,360,420,inheritance,0.1177
v36,C++,transcript_only,6,360,420,polymorphism,-0.0582
v36,C++,transcript_only,6,360,420,template,-0.0031
v36,C++,transcript_only,7,420,480,variable,0.0806
v36,C++,transcript_only,7,420,480,data type,-0.0109
v36,C++,transcript_only,7,420,480,pointer,0.0251
v36,C++,transcript_only,7,420,480,reference,-0.0158
v36,C++,transcript_only,7,420,480,class,-0.0055
v36,C++,transcript_only,7,420,480,object,-0.0926
v36,C++,transcript_only,7,420,480,constructor,0.002
v36,C++,transcript_only,7,420,480,inheritance,-0.0067
v36,C++,transcript_only,7,420,480,polymorphism,-0.0722
v36,C++,transcript_only,7,420,480,template,0.0195
v36,C++,transcript_only,8,480,540,variable,0.0119
v36,C++,transcript_only,8,480,540,data type,-0.0143
v36,C++,transcript_only,8,480,540,pointer,0.0045
v36,C++,transcript_only,8,480,540,reference,-0.0028
v36,C++,transcript_only,8,480,540,class,0.0195
v36,C++,transcript_only,8,480,540,object,-0.018
v36,C++,transcript_only,8,480,540,constructor,-0.0328
v36,C++,transcript_only,8,480,540,inheritance,0.0186
v36,C++,transcript_only,8,480,540,polymorphism,0.0144
v36,C++,transcript_only,8,480,540,template,0.0113
v36,C++,transcript_only,9,540,600,variable,0.0362
v36,C++,transcript_only,9,540,600,data type,0.0822
v36,C++,transcript_only,9,540,600,pointer,0.0421
v36,C++,transcript_only,9,540,600,reference,-0.0122
v36,C++,transcript_only,9,540,600,class,0.0051
v36,C++,transcript_only,9,540,600,object,0.0427
v36,C++,transcript_only,9,540,600,constructor,-0.0015
v36,C++,transcript_only,9,540,600,inheritance,-0.0143
v36,C++,transcript_only,9,540,600,polymorphism,0.1017
v36,C++,transcript_only,9,540,600,template,-0.0014
v36,C++,transcript_only,10,600,660,variable,-0.0072
v36,C++,transcript_only,10,600,660,data type,-0.0116
v36,C++,transcript_only,10,600,660,pointer,0.0246
v36,C++,transcript_only,10,600,660,reference,0.0565
v36,C++,transcript_only,10,600,660,class,0.0287
v36,C++,transcript_only,10,600,660,object,0.1495
v36,C++,transcript_only,10,600,660,constructor,0.0549
v36,C++,transcript_only,10,600,660,inheritance,0.0045
v36,C++,transcript_only,10,600,660,polymorphism,0.14
v36,C++,transcript_only,10,600,660,template,0.0177
v36,C++,transcript_only,11,660,720,variable,-0.0353
v36,C++,transcript_only,11,660,720,data type,-0.0065
v36,C++,transcript_only,11,660,720,pointer,-0.0452
v36,C++,transcript_only,11,660,720,reference,0.0589
v36,C++,transcript_only,11,660,720,class,0.105
v36,C++,transcript_only,11,660,720,object,0.1695
v36,C++,transcript_only,11,660,720,constructor,0.0966
v36,C++,transcript_only,11,660,720,inheritance,0.1175
v36,C++,transcript_only,11,660,720,polymorphism,0.0224
v36,C++,transcript_only,11,660,720,template,0.0046
v36,C++,transcript_only,12,720,780,variable,0.0304
v36,C++,transcript_only,12,720,780,data type,0.0074
v36,C++,transcript_only,12,720,780,pointer,0.032
v36,C++,transcript_only,12,720,780,reference,0.0279
v36,C++,transcript_only,12,720,780,class,-0.0262
v36,C++,transcript_only,12,720,780,object,-0.0015
v36,C++,transcript_only,12,720,780,constructor,0.0228
v36,C++,transcript_only,12,720,780,inheritance,0.0187
v36,C++,transcript_only,12,720,780,polymorphism,-0.0016
v36,C++,transcript_only,12,720,780,template,0.0161
v37,C++,transcript_only,0,0,60,variable,-0.0792
v37,C++,transcript_only,0,0,60,data type,0.0328
v37,C++,transcript_only,0,0,60,pointer,-0.0561
v37,C++,transcript_only,0,0,60,reference,0.0823
v37,C++,transcript_only,0,0,60,class,0.149
v37,C++,transcript_only,0,0,60,object,0.2382
v37,C++,transcript_only,0,0,60,constructor,0.5738
v37,C++,transcript_only,0,0,60,inheritance,0.0558
v37,C++,transcript_only,0,0,60,polymorphism,0.1345
v37,C++,transcript_only,0,0,60,template,0.015
v37,C++,transcript_only,1,60,120,variable,-0.026
v37,C++,transcript_only,1,60,120,data type,0.0461
v37,C++,transcript_only,1,60,120,pointer,-0.0387
v37,C++,transcript_only,1,60,120,reference,0.1201
v37,C++,transcript_only,1,60,120,class,0.0185
v37,C++,transcript_only,1,60,120,object,0.1873
v37,C++,transcript_only,1,60,120,constructor,0.601
v37,C++,transcript_only,1,60,120,inheritance,0.0134
v37,C++,transcript_only,1,60,120,polymorphism,0.1328
v37,C++,transcript_only,1,60,120,template,-0.0124
v37,C++,transcript_only,2,120,180,variable,-0.005
v37,C++,transcript_only,2,120,180,data type,0.022
v37,C++,transcript_only,2,120,180,pointer,-0.0228
v37,C++,transcript_only,2,120,180,reference,0.0512
v37,C++,transcript_only,2,120,180,class,-0.0134
v37,C++,transcript_only,2,120,180,object,0.1209
v37,C++,transcript_only,2,120,180,constructor,0.2872
v37,C++,transcript_only,2,120,180,inheritance,-0.0125
v37,C++,transcript_only,2,120,180,polymorphism,0.0946
v37,C++,transcript_only,2,120,180,template,-0.016
v37,C++,transcript_only,3,180,240,variable,0.0386
v37,C++,transcript_only,3,180,240,data type,-0.0009
v37,C++,transcript_only,3,180,240,pointer,0.0018
v37,C++,transcript_only,3,180,240,reference,-0.0028
v37,C++,transcript_only,3,180,240,class,0.0071
v37,C++,transcript_only,3,180,240,object,0.0065
v37,C++,transcript_only,3,180,240,constructor,0.1813
v37,C++,transcript_only,3,180,240,inheritance,0.0205
v37,C++,transcript_only,3,180,240,polymorphism,0.0392
v37,C++,transcript_only,3,180,240,template,-0.003
v37,C++,transcript_only,4,240,300,variable,-0.0003
v37,C++,transcript_only,4,240,300,data type,-0.0595
v37,C++,transcript_only,4,240,300,pointer,0.0403
v37,C++,transcript_only,4,240,300,reference,-0.0124
v37,C++,transcript_only,4,240,300,class,0.0022
v37,C++,transcript_only,4,240,300,object,0.007
v37,C++,transcript_only,4,240,300,constructor,0.0878
v37,C++,transcript_only,4,240,300,inheritance,0.0643
v37,C++,transcript_only,4,240,300,polymorphism,0.0272
v37,C++,transcript_only,4,240,300,template,0.0017
v37,C++,transcript_only,5,300,360,variable,-0.0002
v37,C++,transcript_only,5,300,360,data type,-0.009
v37,C++,transcript_only,5,300,360,pointer,0.0482
v37,C++,transcript_only,5,300,360,reference,-0.04
v37,C++,transcript_only,5,300,360,class,0.1143
v37,C++,transcript_only,5,300,360,object,0.1371
v37,C++,transcript_only,5,300,360,constructor,0.0685
v37,C++,transcript_only,5,300,360,inheritance,0.0676
v37,C++,transcript_only,5,300,360,polymorphism,-0.0231
v37,C++,transcript_only,5,300,360,template,0.0179
v37,C++,transcript_only,6,360,420,variable,0.0266
v37,C++,transcript_only,6,360,420,data type,0.0126
v37,C++,transcript_only,6,360,420,pointer,0.0481
v37,C++,transcript_only,6,360,420,reference,-0.0097
v37,C++,transcript_only,6,360,420,class,0.0241
v37,C++,transcript_only,6,360,420,object,0.1116
v37,C++,transcript_only,6,360,420,constructor,0.1184
v37,C++,transcript_only,6,360,420,inheritance,0.05
v37,C++,transcript_only,6,360,420,polymorphism,0.0508
v37,C++,transcript_only,6,360,420,template,0.0157
v37,C++,transcript_only,7,420,480,variable,0.0196
v37,C++,transcript_only,7,420,480,data type,0.0238
v37,C++,transcript_only,7,420,480,pointer,0.0437
v37,C++,transcript_only,7,420,480,reference,-0.0034
v37,C++,transcript_only,7,420,480,class,-0.0005
v37,C++,transcript_only,7,420,480,object,0.1256
v37,C++,transcript_only,7,420,480,constructor,0.0616
v37,C++,transcript_only,7,420,480,inheritance,0.0222
v37,C++,transcript_only,7,420,480,polymorphism,0.0877
v37,C++,transcript_only,7,420,480,template,0.0096
v37,C++,transcript_only,8,480,540,variable,-0.0632
v37,C++,transcript_only,8,480,540,data type,0.0308
v37,C++,transcript_only,8,480,540,pointer,-0.0739
v37,C++,transcript_only,8,480,540,reference,0.0463
v37,C++,transcript_only,8,480,540,class,0.1255
v37,C++,transcript_only,8,480,540,object,0.1247
v37,C++,transcript_only,8,480,540,constructor,0.7444
v37,C++,transcript_only,8,480,540,inheritance,0.0515
v37,C++,transcript_only,8,480,540,polymorphism,0.0814
v37,C++,transcript_only,8,480,540,template,-0.0142
v38,C++,transcript_only,0,0,60,variable,0.0327
v38,C++,transcript_only,0,0,60,data type,0.038
v38,C++,transcript_only,0,0,60,pointer,0.0882
v38,C++,transcript_only,0,0,60,reference,0.0806
v38,C++,transcript_only,0,0,60,class,0.1062
v38,C++,transcript_only,0,0,60,object,0.1893
v38,C++,transcript_only,0,0,60,constructor,0.1001
v38,C++,transcript_only,0,0,60,inheritance,0.5223
v38,C++,transcript_only,0,0,60,polymorphism,0.2667
v38,C++,transcript_only,0,0,60,template,0.2572
v38,C++,transcript_only,1,60,120,variable,-0.0041
v38,C++,transcript_only,1,60,120,data type,0.0695
v38,C++,transcript_only,1,60,120,pointer,0.0641
v38,C++,transcript_only,1,60,120,reference,-0.0433
v38,C++,transcript_only,1,60,120,class,0.1401
v38,C++,transcript_only,1,60,120,object,0.0791
v38,C++,transcript_only,1,60,120,constructor,0.0655
v38,C++,transcript_only,1,60,120,inheritance,0.4227
v38,C++,transcript_only,1,60,120,polymorphism,0.0138
v38,C++,transcript_only,1,60,120,template,0.1557
v38,C++,transcript_only,2,120,180,variable,0.1161
v38,C++,transcript_only,2,120,180,data type,0.1394
v38,C++,transcript_only,2,120,180,pointer,0.1024
v38,C++,transcript_only,2,120,180,reference,-0.0322
v38,C++,transcript_only,2,120,180,class,0.102
v38,C++,transcript_only,2,120,180,object,0.0888
v38,C++,transcript_only,2,120,180,constructor,0.0512
v38,C++,transcript_only,2,120,180,inheritance,0.3141
v38,C++,transcript_only,2,120,180,polymorphism,0.0068
v38,C++,transcript_only,2,120,180,template,0.0478
v38,C++,transcript_only,3,180,240,variable,-0.0469
v38,C++,transcript_only,3,180,240,data type,0.124
v38,C++,transcript_only,3,180,240,pointer,0.079
v38,C++,transcript_only,3,180,240,reference,-0.0335
v38,C++,transcript_only,3,180,240,class,0.1231
v38,C++,transcript_only,3,180,240,object,0.0797
v38,C++,transcript_only,3,180,240,constructor,0.0826
v38,C++,transcript_only,3,180,240,inheritance,0.0907
v38,C++,transcript_only,3,180,240,polymorphism,-0.0537
v38,C++,transcript_only,3,180,240,template,-0.0061
v38,C++,transcript_only,4,240,300,variable,-0.0577
v38,C++,transcript_only,4,240,300,data type,0.0324
v38,C++,transcript_only,4,240,300,pointer,0.072
v38,C++,transcript_only,4,240,300,reference,0.0086
v38,C++,transcript_only,4,240,300,class,-0.0655
v38,C++,transcript_only,4,240,300,object,-0.0169
v38,C++,transcript_only,4,240,300,constructor,0.1084
v38,C++,transcript_only,4,240,300,inheritance,-0.0775
v38,C++,transcript_only,4,240,300,polymorphism,-0.0781
v38,C++,transcript_only,4,240,300,template,-0.024
v39,C++,transcript_only,0,0,60,variable,0.041
v39,C++,transcript_only,0,0,60,data type,0.1017
v39,C++,transcript_only,0,0,60,pointer,0.0036
v39,C++,transcript_only,0,0,60,reference,-0.0085
v39,C++,transcript_only,0,0,60,class,0.2698
v39,C++,transcript_only,0,0,60,object,0.1585
v39,C++,transcript_only,0,0,60,constructor,0.1329
v39,C++,transcript_only,0,0,60,inheritance,0.2794
v39,C++,transcript_only,0,0,60,polymorphism,0.0466
v39,C++,transcript_only,0,0,60,template,0.1386
v39,C++,transcript_only,1,60,120,variable,0.1017
v39,C++,transcript_only,1,60,120,data type,0.1137
v39,C++,transcript_only,1,60,120,pointer,0.0725
v39,C++,transcript_only,1,60,120,reference,0.0065
v39,C++,transcript_only,1,60,120,class,-0.0006
v39,C++,transcript_only,1,60,120,object,0.0408
v39,C++,transcript_only,1,60,120,constructor,0.0056
v39,C++,transcript_only,1,60,120,inheritance,-0.0154
v39,C++,transcript_only,1,60,120,polymorphism,0.0103
v39,C++,transcript_only,1,60,120,template,0.0269
v39,C++,transcript_only,2,120,180,variable,-0.0359
v39,C++,transcript_only,2,120,180,data type,-0.0157
v39,C++,transcript_only,2,120,180,pointer,-0.0342
v39,C++,transcript_only,2,120,180,reference,0.0567
v39,C++,transcript_only,2,120,180,class,0.1921
v39,C++,transcript_only,2,120,180,object,0.1626
v39,C++,transcript_only,2,120,180,constructor,0.1129
v39,C++,transcript_only,2,120,180,inheritance,0.1835
v39,C++,transcript_only,2,120,180,polymorphism,0.0029
v39,C++,transcript_only,2,120,180,template,0.089
v39,C++,transcript_only,3,180,240,variable,-0.0102
v39,C++,transcript_only,3,180,240,data type,-0.0044
v39,C++,transcript_only,3,180,240,pointer,-0.0057
v39,C++,transcript_only,3,180,240,reference,0.006
v39,C++,transcript_only,3,180,240,class,0.2102
v39,C++,transcript_only,3,180,240,object,0.1296
v39,C++,transcript_only,3,180,240,constructor,0.0771
v39,C++,transcript_only,3,180,240,inheritance,0.1242
v39,C++,transcript_only,3,180,240,polymorphism,-0.013
v39,C++,transcript_only,3,180,240,template,0.0776
v39,C++,transcript_only,4,240,300,variable,0.0531
v39,C++,transcript_only,4,240,300,data type,-0.0162
v39,C++,transcript_only,4,240,300,pointer,0.0578
v39,C++,transcript_only,4,240,300,reference,0.0188
v39,C++,transcript_only,4,240,300,class,0.1247
v39,C++,transcript_only,4,240,300,object,0.0793
v39,C++,transcript_only,4,240,300,constructor,0.0142
v39,C++,transcript_only,4,240,300,inheritance,0.0895
v39,C++,transcript_only,4,240,300,polymorphism,-0.0078
v39,C++,transcript_only,4,240,300,template,0.04
v39,C++,transcript_only,5,300,360,variable,0.0544
v39,C++,transcript_only,5,300,360,data type,0.0234
v39,C++,transcript_only,5,300,360,pointer,0.0297
v39,C++,transcript_only,5,300,360,reference,0.0782
v39,C++,transcript_only,5,300,360,class,0.0932
v39,C++,transcript_only,5,300,360,object,0.0891
v39,C++,transcript_only,5,300,360,constructor,0.0522
v39,C++,transcript_only,5,300,360,inheritance,0.0971
v39,C++,transcript_only,5,300,360,polymorphism,0.0188
v39,C++,transcript_only,5,300,360,template,0.0148
v39,C++,transcript_only,6,360,420,variable,-0.0101
v39,C++,transcript_only,6,360,420,data type,-0.0188
v39,C++,transcript_only,6,360,420,pointer,-0.0062
v39,C++,transcript_only,6,360,420,reference,0.1018
v39,C++,transcript_only,6,360,420,class,0.142
v39,C++,transcript_only,6,360,420,object,0.2174
v39,C++,transcript_only,6,360,420,constructor,0.1567
v39,C++,transcript_only,6,360,420,inheritance,0.0731
v39,C++,transcript_only,6,360,420,polymorphism,0.0629
v39,C++,transcript_only,6,360,420,template,0.0035
v39,C++,transcript_only,7,420,480,variable,0.0177
v39,C++,transcript_only,7,420,480,data type,0.006
v39,C++,transcript_only,7,420,480,pointer,-0.0265
v39,C++,transcript_only,7,420,480,reference,0.1535
v39,C++,transcript_only,7,420,480,class,0.136
v39,C++,transcript_only,7,420,480,object,0.175
v39,C++,transcript_only,7,420,480,constructor,0.1506
v39,C++,transcript_only,7,420,480,inheritance,0.0617
v39,C++,transcript_only,7,420,480,polymorphism,0.0389
v39,C++,transcript_only,7,420,480,template,0.0214
v39,C++,transcript_only,8,480,540,variable,0.0531
v39,C++,transcript_only,8,480,540,data type,0.0253
v39,C++,transcript_only,8,480,540,pointer,0.0464
v39,C++,transcript_only,8,480,540,reference,0.0402
v39,C++,transcript_only,8,480,540,class,0.3399
v39,C++,transcript_only,8,480,540,object,0.2769
v39,C++,transcript_only,8,480,540,constructor,0.2426
v39,C++,transcript_only,8,480,540,inheritance,0.4445
v39,C++,transcript_only,8,480,540,polymorphism,0.0417
v39,C++,transcript_only,8,480,540,template,0.0759
v39,C++,transcript_only,9,540,600,variable,0.0543
v39,C++,transcript_only,9,540,600,data type,0.0637
v39,C++,transcript_only,9,540,600,pointer,0.0496
v39,C++,transcript_only,9,540,600,reference,-0.0358
v39,C++,transcript_only,9,540,600,class,0.4163
v39,C++,transcript_only,9,540,600,object,0.271
v39,C++,transcript_only,9,540,600,constructor,0.2584
v39,C++,transcript_only,9,540,600,inheritance,0.3465
v39,C++,transcript_only,9,540,600,polymorphism,-0.0068
v39,C++,transcript_only,9,540,600,template,0.0311
v40,C++,transcript_only,0,0,60,variable,-0.0123
v40,C++,transcript_only,0,0,60,data type,0.0244
v40,C++,transcript_only,0,0,60,pointer,0.0068
v40,C++,transcript_only,0,0,60,reference,-0.033
v40,C++,transcript_only,0,0,60,class,-0.0053
v40,C++,transcript_only,0,0,60,object,-0.0178
v40,C++,transcript_only,0,0,60,constructor,0.0092
v40,C++,transcript_only,0,0,60,inheritance,-0.0122
v40,C++,transcript_only,0,0,60,polymorphism,0.0618
v40,C++,transcript_only,0,0,60,template,0.6282
v40,C++,transcript_only,1,60,120,variable,0.0491
v40,C++,transcript_only,1,60,120,data type,0.0751
v40,C++,transcript_only,1,60,120,pointer,-0.0221
v40,C++,transcript_only,1,60,120,reference,0.0901
v40,C++,transcript_only,1,60,120,class,0.026
v40,C++,transcript_only,1,60,120,object,0.0701
v40,C++,transcript_only,1,60,120,constructor,0.0027
v40,C++,transcript_only,1,60,120,inheritance,0.035
v40,C++,transcript_only,1,60,120,polymorphism,0.0553
v40,C++,transcript_only,1,60,120,template,0.6681
v40,C++,transcript_only,2,120,180,variable,-0.0205
v40,C++,transcript_only,2,120,180,data type,0.1073
v40,C++,transcript_only,2,120,180,pointer,0.04
v40,C++,transcript_only,2,120,180,reference,-0.0425
v40,C++,transcript_only,2,120,180,class,0.0511
v40,C++,transcript_only,2,120,180,object,0.0454
v40,C++,transcript_only,2,120,180,constructor,-0.1279
v40,C++,transcript_only,2,120,180,inheritance,0.0477
v40,C++,transcript_only,2,120,180,polymorphism,0.0974
v40,C++,transcript_only,2,120,180,template,0.1607
v40,C++,transcript_only,3,180,240,variable,0.1084
v40,C++,transcript_only,3,180,240,data type,0.2883
v40,C++,transcript_only,3,180,240,pointer,-0.0165
v40,C++,transcript_only,3,180,240,reference,0.0417
v40,C++,transcript_only,3,180,240,class,0.1652
v40,C++,transcript_only,3,180,240,object,0.0171
v40,C++,transcript_only,3,180,240,constructor,0.0587
v40,C++,transcript_only,3,180,240,inheritance,0.034
v40,C++,transcript_only,3,180,240,polymorphism,0.1379
v40,C++,transcript_only,3,180,240,template,0.3685
v40,C++,transcript_only,4,240,300,variable,-0.005
v40,C++,transcript_only,4,240,300,data type,0.2047
v40,C++,transcript_only,4,240,300,pointer,-0.0219
v40,C++,transcript_only,4,240,300,reference,0.0041
v40,C++,transcript_only,4,240,300,class,0.0162
v40,C++,transcript_only,4,240,300,object,0.0186
v40,C++,transcript_only,4,240,300,constructor,0.0128
v40,C++,transcript_only,4,240,300,inheritance,0.0107
v40,C++,transcript_only,4,240,300,polymorphism,0.053
v40,C++,transcript_only,4,240,300,template,0.3736
v40,C++,transcript_only,5,300,360,variable,0.039
v40,C++,transcript_only,5,300,360,data type,0.3082
v40,C++,transcript_only,5,300,360,pointer,-0.0006
v40,C++,transcript_only,5,300,360,reference,0.0352
v40,C++,transcript_only,5,300,360,class,0.0281
v40,C++,transcript_only,5,300,360,object,0.0411
v40,C++,transcript_only,5,300,360,constructor,0.0549
v40,C++,transcript_only,5,300,360,inheritance,-0.019
v40,C++,transcript_only,5,300,360,polymorphism,0.0262
v40,C++,transcript_only,5,300,360,template,0.2685
v40,C++,transcript_only,6,360,420,variable,0.018
v40,C++,transcript_only,6,360,420,data type,0.2887
v40,C++,transcript_only,6,360,420,pointer,0.0209
v40,C++,transcript_only,6,360,420,reference,-0.0183
v40,C++,transcript_only,6,360,420,class,0.1915
v40,C++,transcript_only,6,360,420,object,0.1594
v40,C++,transcript_only,6,360,420,constructor,0.1517
v40,C++,transcript_only,6,360,420,inheritance,0.0693
v40,C++,transcript_only,6,360,420,polymorphism,0.0353
v40,C++,transcript_only,6,360,420,template,0.0746
v40,C++,transcript_only,7,420,480,variable,0.0614
v40,C++,transcript_only,7,420,480,data type,0.1464
v40,C++,transcript_only,7,420,480,pointer,0.0423
v40,C++,transcript_only,7,420,480,reference,-0.0023
v40,C++,transcript_only,7,420,480,class,0.0541
v40,C++,transcript_only,7,420,480,object,0.0305
v40,C++,transcript_only,7,420,480,constructor,0.0266
v40,C++,transcript_only,7,420,480,inheritance,0.0005
v40,C++,transcript_only,7,420,480,polymorphism,0.0159
v40,C++,transcript_only,7,420,480,template,0.1782
v40,C++,transcript_only,8,480,540,variable,0.0105
v40,C++,transcript_only,8,480,540,data type,0.0615
v40,C++,transcript_only,8,480,540,pointer,-0.0114
v40,C++,transcript_only,8,480,540,reference,0.0227
v40,C++,transcript_only,8,480,540,class,-0.0014
v40,C++,transcript_only,8,480,540,object,0.0071
v40,C++,transcript_only,8,480,540,constructor,-0.024
v40,C++,transcript_only,8,480,540,inheritance,0.0117
v40,C++,transcript_only,8,480,540,polymorphism,-0.0382
v40,C++,transcript_only,8,480,540,template,0.4165
v40,C++,transcript_only,9,540,600,variable,-0.0338
v40,C++,transcript_only,9,540,600,data type,0.0988
v40,C++,transcript_only,9,540,600,pointer,-0.0393
v40,C++,transcript_only,9,540,600,reference,0.0131
v40,C++,transcript_only,9,540,600,class,-0.004
v40,C++,transcript_only,9,540,600,object,0.0485
v40,C++,transcript_only,9,540,600,constructor,-0.0045
v40,C++,transcript_only,9,540,600,inheritance,-0.0394
v40,C++,transcript_only,9,540,600,polymorphism,-0.0075
v40,C++,transcript_only,9,540,600,template,0.5716
v40,C++,transcript_only,10,600,660,variable,-0.0001
v40,C++,transcript_only,10,600,660,data type,0.0566
v40,C++,transcript_only,10,600,660,pointer,0.0056
v40,C++,transcript_only,10,600,660,reference,0.0318
v40,C++,transcript_only,10,600,660,class,0.0925
v40,C++,transcript_only,10,600,660,object,0.1106
v40,C++,transcript_only,10,600,660,constructor,0.0532
v40,C++,transcript_only,10,600,660,inheritance,0.03
v40,C++,transcript_only,10,600,660,polymorphism,-0.0094
v40,C++,transcript_only,10,600,660,template,0.3183
v40,C++,transcript_only,11,660,720,variable,0.0032
v40,C++,transcript_only,11,660,720,data type,0.0938
v40,C++,transcript_only,11,660,720,pointer,0.0382
v40,C++,transcript_only,11,660,720,reference,-0.0176
v40,C++,transcript_only,11,660,720,class,0.062
v40,C++,transcript_only,11,660,720,object,0.0642
v40,C++,transcript_only,11,660,720,constructor,-0.0239
v40,C++,transcript_only,11,660,720,inheritance,0.0053
v40,C++,transcript_only,11,660,720,polymorphism,-0.0359
v40,C++,transcript_only,11,660,720,template,0.2336
v40,C++,transcript_only,12,720,780,variable,0.052
v40,C++,transcript_only,12,720,780,data type,0.2115
v40,C++,transcript_only,12,720,780,pointer,0.0401
v40,C++,transcript_only,12,720,780,reference,-0.0087
v40,C++,transcript_only,12,720,780,class,0.0806
v40,C++,transcript_only,12,720,780,object,0.0584
v40,C++,transcript_only,12,720,780,constructor,0.0721
v40,C++,transcript_only,12,720,780,inheritance,0.0072
v40,C++,transcript_only,12,720,780,polymorphism,0.0084
v40,C++,transcript_only,12,720,780,template,0.1066
v40,C++,transcript_only,13,780,840,variable,-0.0362
v40,C++,transcript_only,13,780,840,data type,0.0159
v40,C++,transcript_only,13,780,840,pointer,0.0286
v40,C++,transcript_only,13,780,840,reference,-0.0169
v40,C++,transcript_only,13,780,840,class,0.0302
v40,C++,transcript_only,13,780,840,object,0.0838
v40,C++,transcript_only,13,780,840,constructor,0.0802
v40,C++,transcript_only,13,780,840,inheritance,0.0371
v40,C++,transcript_only,13,780,840,polymorphism,0.0715
v40,C++,transcript_only,13,780,840,template,0.3983
v40,C++,transcript_only,14,840,900,variable,0.0416
v40,C++,transcript_only,14,840,900,data type,0.0273
v40,C++,transcript_only,14,840,900,pointer,-0.027
v40,C++,transcript_only,14,840,900,reference,0.0199
v40,C++,transcript_only,14,840,900,class,0.025
v40,C++,transcript_only,14,840,900,object,0.0466
v40,C++,transcript_only,14,840,900,constructor,0.0354
v40,C++,transcript_only,14,840,900,inheritance,0.0175
v40,C++,transcript_only,14,840,900,polymorphism,0.0176
v40,C++,transcript_only,14,840,900,template,0.6457
v40,C++,transcript_only,15,900,960,variable,0.0152
v40,C++,transcript_only,15,900,960,data type,0.041
v40,C++,transcript_only,15,900,960,pointer,-0.0113
v40,C++,transcript_only,15,900,960,reference,0.0329
v40,C++,transcript_only,15,900,960,class,-0.0267
v40,C++,transcript_only,15,900,960,object,0.0247
v40,C++,transcript_only,15,900,960,constructor,0.0026
v40,C++,transcript_only,15,900,960,inheritance,-0.0208
v40,C++,transcript_only,15,900,960,polymorphism,-0.0043
v40,C++,transcript_only,15,900,960,template,0.5376
v40,C++,transcript_only,16,960,1020,variable,-0.0326
v40,C++,transcript_only,16,960,1020,data type,-0.0062
v40,C++,transcript_only,16,960,1020,pointer,-0.0179
v40,C++,transcript_only,16,960,1020,reference,-0.0349
v40,C++,transcript_only,16,960,1020,class,-0.0263
v40,C++,transcript_only,16,960,1020,object,0.0095
v40,C++,transcript_only,16,960,1020,constructor,-0.0106
v40,C++,transcript_only,16,960,1020,inheritance,-0.0233
v40,C++,transcript_only,16,960,1020,polymorphism,0.0519
v40,C++,transcript_only,16,960,1020,template,0.4425
v40,C++,transcript_only,17,1020,1080,variable,-0.0719
v40,C++,transcript_only,17,1020,1080,data type,-0.0153
v40,C++,transcript_only,17,1020,1080,pointer,-0.0233
v40,C++,transcript_only,17,1020,1080,reference,-0.0208
v40,C++,transcript_only,17,1020,1080,class,-0.0181
v40,C++,transcript_only,17,1020,1080,object,-0.0044
v40,C++,transcript_only,17,1020,1080,constructor,0.0039
v40,C++,transcript_only,17,1020,1080,inheritance,-0.0344
v40,C++,transcript_only,17,1020,1080,polymorphism,0.0218
v40,C++,transcript_only,17,1020,1080,template,0.0275
