video_id,subject,method,chunk_id,start_sec,end_sec,concept,lda_score,lsa_score,lda_norm,lsa_norm,final_score,rank
v1,SQL,ocr_only,1,0.0,60.0,select,0.05919261861878539,0.024925985607167717,0.6962711427834074,1.0,0.878508457113363,1
v1,SQL,ocr_only,1,0.0,60.0,join,0.07931679401309466,-0.01467627580062542,1.0,0.5106797103485774,0.7064078262091464,2
v1,SQL,ocr_only,1,0.0,60.0,subquery,0.04127041482014536,-0.002809423600460059,0.42577606053009287,0.6573049622765611,0.5646934015779738,3
v1,SQL,ocr_only,1,0.0,60.0,order by,0.04711439241840916,-0.02531461499667598,0.5139776689309997,0.379233802166244,0.4331313488721463,4
v1,SQL,ocr_only,1,0.0,60.0,group by,0.03424288094232917,-0.016237980811125756,0.31971135020344826,0.49138349036206613,0.422714634298619,5
v1,SQL,ocr_only,1,0.0,60.0,left join,0.013059752852338312,-0.006711452763640413,0.0,0.609092007448179,0.3654552044689074,6
v1,SQL,ocr_only,1,0.0,60.0,having,0.02362126199521013,-0.016482527878182517,0.15940206441224755,0.488361899234897,0.35677796530583716,7
v1,SQL,ocr_only,1,0.0,60.0,inner join,0.05260235229125513,-0.0560072236738221,0.5968059959540974,0.0,0.238722398381639,8
v1,SQL,ocr_only,1,0.0,60.0,aggregate function,0.016826973394432267,-0.03676074924826533,0.05685766336824074,0.23780688541258083,0.16542719659484478,9
v1,SQL,ocr_only,1,0.0,60.0,where,0.023321039565287496,-0.052942018672428884,0.15487088667380583,0.037873266470271935,0.0846723145516855,10
v1,SQL,ocr_only,1,0.0,60.0,count,0.019681326995719662,-0.05122676322811698,0.09993766741433165,0.05906673525212583,0.07541510811700816,11
v1,SQL,ocr_only,2,60.0,120.0,join,0.08529178152417358,0.11199926750506951,1.0,0.9462686524436889,0.9677611914662133,1
v1,SQL,ocr_only,2,60.0,120.0,select,0.07530685422501443,0.10014349170934679,0.8473130609410896,0.8756471321737125,0.8643135036806633,2
v1,SQL,ocr_only,2,60.0,120.0,left join,0.019897011279243124,0.12101956057429845,0.0,1.0,0.6,3
v1,SQL,ocr_only,2,60.0,120.0,inner join,0.055546673158136724,0.026890997391158054,0.5451454565154197,0.4393026363386394,0.4816397644093515,4
v1,SQL,ocr_only,2,60.0,120.0,where,0.027262686436942213,0.03252732600585569,0.11263400926574998,0.4728766598668781,0.3287795996264269,5
v1,SQL,ocr_only,2,60.0,120.0,group by,0.05505332700278266,-0.018225843703259813,0.537601334049567,0.17055430955126502,0.3173731193505858,6
v1,SQL,ocr_only,2,60.0,120.0,subquery,0.04399958749843078,-0.0033496159134190377,0.3685703937625829,0.25916781241288717,0.30292884495276545,7
v1,SQL,ocr_only,2,60.0,120.0,having,0.031479275533134274,0.008132970904052753,0.17711300476338981,0.3275663509525926,0.2673850124769115,8
v1,SQL,ocr_only,2,60.0,120.0,order by,0.05553875365732687,-0.046858102642235576,0.5450243535467849,0.0,0.218009741418714,9
v1,SQL,ocr_only,2,60.0,120.0,count,0.029392626686133363,-0.030113685792130387,0.14520450750610842,0.09974177939627203,0.11792687064020659,10
v1,SQL,ocr_only,2,60.0,120.0,aggregate function,0.0226248773339158,-0.029103393928402794,0.041713825806799054,0.10575980373834598,0.08014141256572721,11
v1,SQL,ocr_only,3,120.0,180.0,join,0.10760766329569454,0.2668110005202752,1.0,1.0,1.0,1
v1,SQL,ocr_only,3,120.0,180.0,inner join,0.06909127450826827,0.17440757263310797,0.6001656738812785,0.662231866131736,0.637405389231553,2
v1,SQL,ocr_only,3,120.0,180.0,select,0.05974621821464927,0.11392620506497757,0.5031556892141685,0.4411504720276864,0.46595255890227927,3
v1,SQL,ocr_only,3,120.0,180.0,subquery,0.054954498208804346,0.052450827632639196,0.453413379516847,0.21643561037208503,0.3112267180299898,4
v1,SQL,ocr_only,3,120.0,180.0,left join,0.011276792554022065,0.11685082050995357,0.0,0.45184100509252134,0.2711046030555128,5
v1,SQL,ocr_only,3,120.0,180.0,where,0.020504225894351778,0.05313984978728651,0.09578895393850051,0.2189542369283779,0.16968812373242695,6
v1,SQL,ocr_only,3,120.0,180.0,order by,0.03382891244513669,0.010533448239430783,0.2341110354082851,0.06321234433069275,0.13157182076172969,7
v1,SQL,ocr_only,3,120.0,180.0,having,0.027476701286929906,0.018660039714666173,0.16816944151112923,0.09291799162174098,0.1230185715774963,8
v1,SQL,ocr_only,3,120.0,180.0,group by,0.018622703714961494,0.018530886665646007,0.07625708253627989,0.09244589025766382,0.08597036716911025,9
v1,SQL,ocr_only,3,120.0,180.0,count,0.020553965472925612,0.004672781007313857,0.0963052949431118,0.041789474211283116,0.06359580250401459,10
v1,SQL,ocr_only,3,120.0,180.0,aggregate function,0.017429416900139216,-0.006759590135876899,0.06386970551337019,0.0,0.02554788220534808,11
v1,SQL,ocr_only,4,180.0,240.0,join,0.10881201421575762,0.19893571132251364,1.0,1.0,1.0,1
v1,SQL,ocr_only,4,180.0,240.0,inner join,0.06977709714712865,0.12765034799570066,0.5995068249312268,0.6710654565771846,0.6424420039188015,2
v1,SQL,ocr_only,4,180.0,240.0,subquery,0.05541732099739612,0.08798130509793249,0.45217738822787323,0.48801920550071115,0.473682478591576,3
v1,SQL,ocr_only,4,180.0,240.0,select,0.060123564405492054,0.06108878886790555,0.5004628338416308,0.3639281279668844,0.41854201031678295,4
v1,SQL,ocr_only,4,180.0,240.0,order by,0.03408855309945421,0.04327659932822589,0.2333470020704343,0.2817367192378027,0.2623808323708553,5
v1,SQL,ocr_only,4,180.0,240.0,having,0.027792778493463097,0.0365900734885901,0.16875317298562476,0.25088284936185057,0.21803097881136024,6
v1,SQL,ocr_only,4,180.0,240.0,count,0.02079013550625593,0.010263226550415653,0.09690696619366598,0.12940195941156407,0.11640396212440483,7
v1,SQL,ocr_only,4,180.0,240.0,aggregate function,0.017620433888113324,0.014129735514387383,0.06438623961344303,0.14724332685853175,0.11410049196049626,8
v1,SQL,ocr_only,4,180.0,240.0,where,0.020680463176341493,0.009398626345143069,0.0957817423447873,0.12541240446659213,0.11356013961787019,9
v1,SQL,ocr_only,4,180.0,240.0,group by,0.01877515731897407,-0.01778024251144461,0.0762335519143417,0.0,0.03049342076573668,10
v1,SQL,ocr_only,4,180.0,240.0,left join,0.01134489243040925,-0.01548017730666804,0.0,0.010613271261694085,0.006367962757016451,11
v1,SQL,ocr_only,5,240.0,300.0,join,0.10883034402261774,0.24589441145602442,1.0,1.0,1.0,1
v1,SQL,ocr_only,5,240.0,300.0,inner join,0.06978772304858533,0.17875541973544282,0.5995134297979859,0.720995246504815,0.6724025198220833,2
v1,SQL,ocr_only,5,240.0,300.0,subquery,0.0554262056361965,0.07861454349382592,0.45219763214163644,0.3048468985096043,0.36378719196241716,3
v1,SQL,ocr_only,5,240.0,300.0,select,0.06012148348243428,0.06149743985304342,0.5003602727091316,0.23371456304463725,0.340372846910435,4
v1,SQL,ocr_only,5,240.0,300.0,order by,0.03408266349022184,0.0360694263665663,0.2332624844298898,0.1280451680648502,0.17013209461086604,5
v1,SQL,ocr_only,5,240.0,300.0,having,0.027793542293259497,0.02145494744827146,0.168750714601951,0.06731281293760659,0.10788797360334437,6
v1,SQL,ocr_only,5,240.0,300.0,where,0.02067891773685218,0.03133576491012198,0.09577119847864324,0.10837382636103908,0.10333277520808073,7
v1,SQL,ocr_only,5,240.0,300.0,count,0.020787668282857285,0.010244767787684687,0.0968867263835487,0.020727463162686616,0.05119116845103146,8
v1,SQL,ocr_only,5,240.0,300.0,group by,0.018762114031018285,0.00525696395912987,0.07610924641834224,0.0,0.030443698567336898,9
v1,SQL,ocr_only,5,240.0,300.0,aggregate function,0.01761939105906741,0.005467895938020689,0.06438756400280865,0.0008765550876845189,0.02628095865373417,10
v1,SQL,ocr_only,5,240.0,300.0,left join,0.011342378435311095,0.006011940709412273,0.0,0.0031374034180284686,0.001882442050817081,11
v1,SQL,ocr_only,6,300.0,360.0,join,0.1088147451148316,0.23933516966244475,1.0,1.0,1.0,1
v1,SQL,ocr_only,6,300.0,360.0,inner join,0.06977867520420113,0.17538841251385498,0.5995076025432159,0.7459388843276442,0.6873663716138729,2
v1,SQL,ocr_only,6,300.0,360.0,subquery,0.05541864599742566,0.0739243646527101,0.45218020668247655,0.34282119158309093,0.3865647976228452,3
v1,SQL,ocr_only,6,300.0,360.0,select,0.060123340819904905,0.05439317100926379,0.5004482447577983,0.2652235608551311,0.35931343441619795,4
v1,SQL,ocr_only,6,300.0,360.0,order by,0.03408776862801987,0.02011161802942767,0.23333506583996672,0.12902260266111246,0.17074758793265415,5
v1,SQL,ocr_only,6,300.0,360.0,left join,0.011344555521924964,0.045830867596094206,0.0,0.2312054424254453,0.13872326545526717,6
v1,SQL,ocr_only,6,300.0,360.0,having,0.027792924279785348,0.01646574516284564,0.1687528138250119,0.11453751273026476,0.1362236331681636,7
v1,SQL,ocr_only,6,300.0,360.0,where,0.020680261119183377,0.008768629404646334,0.09578011119348245,0.08395679364167352,0.08868612066239709,8
v1,SQL,ocr_only,6,300.0,360.0,count,0.02078980346197466,0.008417391620953554,0.09690396601769892,0.08256132235946416,0.08829837982275807,9
v1,SQL,ocr_only,6,300.0,360.0,aggregate function,0.017620304089947893,0.006880810474817434,0.06438633795865362,0.07645646985847915,0.07162841709854895,10
v1,SQL,ocr_only,6,300.0,360.0,group by,0.018773348949678463,-0.012363154889736081,0.07621605599394594,0.0,0.03048642239757838,11
v1,SQL,ocr_only,7,360.0,420.0,join,0.10756410966463369,0.2689941079467237,1.0,1.0,1.0,1
v1,SQL,ocr_only,7,360.0,420.0,inner join,0.06906657583991602,0.20123405486159407,0.6001988664073644,0.7211665431617782,0.6727794724600127,2
v1,SQL,ocr_only,7,360.0,420.0,select,0.05972832963262355,0.1140937335043769,0.5032201498890203,0.3625830425924926,0.4188378855111037,3
v1,SQL,ocr_only,7,360.0,420.0,subquery,0.05493875984242019,0.11979196808762214,0.4534799395092354,0.3860313484066163,0.4130107848476639,4
v1,SQL,ocr_only,7,360.0,420.0,order by,0.03381419757734784,0.08918288976625457,0.23409903114565714,0.26007461238906704,0.24968437989170308,5
v1,SQL,ocr_only,7,360.0,420.0,having,0.027463073620999888,0.037536649517226045,0.16814190857005595,0.04754969474707864,0.09578658027626956,6
v1,SQL,ocr_only,7,360.0,420.0,count,0.020542133823191595,0.04808525040183283,0.09626718565173836,0.09095731790472816,0.09308126500353225,7
v1,SQL,ocr_only,7,360.0,420.0,group by,0.01860885497046813,0.04995787163088882,0.0761898715986172,0.0986631774321746,0.08967385509875164,8
v1,SQL,ocr_only,7,360.0,420.0,where,0.020495565993017942,0.03608045034780597,0.09578357360071336,0.04155741714741049,0.06324787972873164,9
v1,SQL,ocr_only,7,360.0,420.0,aggregate function,0.017420362451851506,0.03722157158421403,0.06384724574697856,0.04625314515428528,0.053290785391362595,10
v1,SQL,ocr_only,7,360.0,420.0,left join,0.011272402138002499,0.025981472901124583,0.0,0.0,0.0,11
v1,SQL,ocr_only,8,420.0,480.0,join,0.1081390797454786,0.2309770759068596,1.0,1.0,1.0,1
v1,SQL,ocr_only,8,420.0,480.0,inner join,0.06939395348426948,0.16927019544635358,0.5998784581535374,0.7458360495468312,0.6874530129895138,2
v1,SQL,ocr_only,8,420.0,480.0,subquery,0.0551593224828176,0.12173179638201576,0.4528771949361119,0.5500305378398431,0.5111692006783506,3
v1,SQL,ocr_only,8,420.0,480.0,select,0.059910179394011026,0.10383774693601126,0.5019393706426292,0.4763268882166591,0.48657188118704714,4
v1,SQL,ocr_only,8,420.0,480.0,order by,0.03394025921526223,0.08849674742631042,0.23374758741042606,0.41313897448342096,0.341382419654223,5
v1,SQL,ocr_only,8,420.0,480.0,count,0.02065620218560011,0.05220776296764403,0.09656291688307082,0.2636685818932223,0.1968263158891617,6
v1,SQL,ocr_only,8,420.0,480.0,having,0.0276148527547895,0.02984310206222771,0.16842501319277928,0.17155096836543673,0.17030058629637376,7
v1,SQL,ocr_only,8,420.0,480.0,aggregate function,0.01751241408519028,0.04638412300739398,0.06409696662408491,0.23968164028690617,0.16944777082177764,8
v1,SQL,ocr_only,8,420.0,480.0,group by,0.018684964815781975,0.03432829442324863,0.07620591687126123,0.1900249894229275,0.144497360402261,9
v1,SQL,ocr_only,8,420.0,480.0,where,0.020580609508048887,0.016120842679594138,0.09578227008661479,0.11503046971431097,0.10733118986323249,10
v1,SQL,ocr_only,8,420.0,480.0,left join,0.01130568736572852,-0.011806687685435833,0.0,0.0,0.0,11
v1,SQL,ocr_only,9,480.0,540.0,join,0.10882404381655418,0.2403066068797696,1.0,1.0,1.0,1
v1,SQL,ocr_only,9,480.0,540.0,inner join,0.06978407012824568,0.17671776858794344,0.5995110864901052,0.7435397560649437,0.6859282882350083,2
v1,SQL,ocr_only,9,480.0,540.0,subquery,0.05542315734689569,0.12320332443870292,0.45219063994647407,0.5277105670242732,0.49750259619315357,3
v1,SQL,ocr_only,9,480.0,540.0,select,0.06012223478078636,0.10864306688667878,0.5003958060416892,0.4689875693432581,0.48155086402263053,4
v1,SQL,ocr_only,9,480.0,540.0,order by,0.034084688855795506,0.10291212716207877,0.23329141295941544,0.4458741073076268,0.36084102956834224,5
v1,SQL,ocr_only,9,480.0,540.0,count,0.0207885370544753,0.06527110771798207,0.09689374447512408,0.2940640524628584,0.21519592926776465,6
v1,SQL,ocr_only,9,480.0,540.0,having,0.027793294938088138,0.04516041671614224,0.16875157656808223,0.21295559288753454,0.19527398635975363,7
v1,SQL,ocr_only,9,480.0,540.0,group by,0.01876663646802162,0.059442277690435474,0.07615221489421783,0.2705557888921315,0.19279435929296604,8
v1,SQL,ocr_only,9,480.0,540.0,aggregate function,0.01761975892387869,0.055151069114305375,0.06438704964974815,0.2532489088205074,0.17770416515220366,9
v1,SQL,ocr_only,9,480.0,540.0,where,0.02067945152123589,0.02658892134202505,0.09577469795538265,0.13805486562425492,0.12114279855670601,10
v1,SQL,ocr_only,9,480.0,540.0,left join,0.011343258777684568,-0.007641524636196772,0.0,0.0,0.0,11
v1,SQL,ocr_only,10,540.0,600.0,join,0.10882265374033082,0.24212596857896845,1.0,1.0,1.0,1
v1,SQL,ocr_only,10,540.0,600.0,inner join,0.06978326408026204,0.1775664086930314,0.5995105325996578,0.7495044544400465,0.6895068857038911,2
v1,SQL,ocr_only,10,540.0,600.0,subquery,0.055422472099977985,0.10620773138040752,0.45218891764332053,0.47262786427363646,0.4644522856215101,3
v1,SQL,ocr_only,10,540.0,600.0,select,0.0601224185551159,0.09776411024129837,0.500403786498035,0.43986603182806816,0.46408113369605486,4
v1,SQL,ocr_only,10,540.0,600.0,order by,0.034085173554435653,0.0772356515738969,0.2332981151826734,0.36021419618233247,0.30944776378246885,5
v1,SQL,ocr_only,10,540.0,600.0,having,0.027793253469122408,0.027474180093079167,0.168751826272065,0.16713625437980864,0.16778248313671118,6
v1,SQL,ocr_only,10,540.0,600.0,count,0.020788751294373364,0.029615341818745866,0.0968954430192526,0.17544410956888662,0.144024642949033,7
v1,SQL,ocr_only,10,540.0,600.0,group by,0.01876768635862214,0.03026567985019212,0.076162147064874,0.17796746599004773,0.1372453384199782,8
v1,SQL,ocr_only,10,540.0,600.0,where,0.020679586993409608,0.02644873401941138,0.09577557016435438,0.16315745288054878,0.13620469979407102,9
v1,SQL,ocr_only,10,540.0,600.0,aggregate function,0.01761985580164968,0.028270777383747586,0.06438701296491817,0.17022710681545286,0.127891069275239,10
v1,SQL,ocr_only,10,540.0,600.0,left join,0.011343461806816765,-0.015601408335545928,0.0,0.0,0.0,11
v1,SQL,ocr_only,11,600.0,660.0,join,0.10769425164669705,0.24300115419644433,1.0,1.0,1.0,1
v1,SQL,ocr_only,11,600.0,660.0,inner join,0.06914068522640231,0.18009551083107414,0.6001267874821268,0.7525289519166684,0.6915680861428517,2
v1,SQL,ocr_only,11,600.0,660.0,select,0.05976913481190223,0.09761497071215645,0.502926130877069,0.4280501831176118,0.4580005622213947,3
v1,SQL,ocr_only,11,600.0,660.0,subquery,0.05498876348315646,0.10007214822961767,0.4533446623453365,0.4377167291227303,0.44396790241177275,4
v1,SQL,ocr_only,11,600.0,660.0,order by,0.033842284540553554,0.06977423191514,0.23401578428416284,0.31852460733588805,0.284721078115198,5
v1,SQL,ocr_only,11,600.0,660.0,having,0.02749724651218193,0.020202993664096957,0.1682057704376245,0.12351116134786967,0.1413890049837716,6
v1,SQL,ocr_only,11,600.0,660.0,where,0.020514625144928317,0.027293542617134223,0.09578281460830745,0.15140540877973485,0.1291563711111639,7
v1,SQL,ocr_only,11,600.0,660.0,group by,0.018625389452991227,0.023812040240532687,0.07618787656541248,0.13770916475536338,0.11310064947938303,8
v1,SQL,ocr_only,11,600.0,660.0,count,0.020567682525255215,0.011735597176082165,0.09633311973151729,0.0902003903053516,0.09265348207581788,9
v1,SQL,ocr_only,11,600.0,660.0,aggregate function,0.01744102170749997,0.008382311431074657,0.06390374881367128,0.07700855101328682,0.0717666301334406,10
v1,SQL,ocr_only,11,600.0,660.0,left join,0.01127977522419475,-0.011192796379090311,0.0,0.0,0.0,11
v1,SQL,ocr_only,12,660.0,720.0,join,0.10882321223175348,0.29039277498180527,1.0,1.0,1.0,1
v1,SQL,ocr_only,12,660.0,720.0,inner join,0.06978359088232633,0.23104853123198466,0.5995110997365305,0.7912613465870031,0.714561247846814,2
v1,SQL,ocr_only,12,660.0,720.0,select,0.06012217405826094,0.11193637023345376,0.5003992214674113,0.37229380195432626,0.4235359697595603,3
v1,SQL,ocr_only,12,660.0,720.0,subquery,0.05542277149717991,0.11005698669390175,0.4521902865820762,0.36568321995843006,0.4002860466078885,4
v1,SQL,ocr_only,12,660.0,720.0,order by,0.03408481633809012,0.09229165504363342,0.23329435726332304,0.30319508005145696,0.2752347909362034,5
v1,SQL,ocr_only,12,660.0,720.0,where,0.020679457984071524,0.07410030589831769,0.09577516421619581,0.23920845751790493,0.18183514019722127,6
v1,SQL,ocr_only,12,660.0,720.0,having,0.027793185995035254,0.052674558611575925,0.16875151514912068,0.16384509698952737,0.16580766425336468,7
v1,SQL,ocr_only,12,660.0,720.0,group by,0.018766968561526116,0.041615875969635265,0.07615584519808327,0.12494706110028657,0.10543057473940524,8
v1,SQL,ocr_only,12,660.0,720.0,count,0.020788540148978633,0.020151967206597236,0.0968941862443807,0.049449470616803076,0.06842735686783413,9
v1,SQL,ocr_only,12,660.0,720.0,left join,0.011343303740546429,0.028773943788932686,0.0,0.07977658691037848,0.04786595214622708,10
v1,SQL,ocr_only,12,660.0,720.0,aggregate function,0.017619741904444507,0.006093519527637368,0.06438699277671388,0.0,0.025754797110685554,11
v1,SQL,ocr_only,13,720.0,780.0,join,0.10868110530142094,0.28052688562442224,1.0,1.0,1.0,1
v1,SQL,ocr_only,13,720.0,780.0,inner join,0.06970119531480085,0.2234928468372031,0.5994586234468879,0.7919352245177255,0.7149445840893904,2
v1,SQL,ocr_only,13,720.0,780.0,select,0.06013889159875304,0.10742952658127926,0.5012003592600436,0.36852686725813644,0.4215962640588993,3
v1,SQL,ocr_only,13,720.0,780.0,subquery,0.05535391452732937,0.11033702468815527,0.45203192086136634,0.37913365495344975,0.4082929613166164,4
v1,SQL,ocr_only,13,720.0,780.0,order by,0.03413089137068419,0.09397077102405686,0.2339529434419954,0.31942824101966255,0.28523812198859566,5
v1,SQL,ocr_only,13,720.0,780.0,having,0.027787497272137366,0.048567723379916036,0.16877085848790085,0.15379425971364072,0.15978489922334477,6
v1,SQL,ocr_only,13,720.0,780.0,where,0.020691607480358015,0.060945941909899805,0.09585644011074027,0.19895099968992216,0.1577131758582494,7
v1,SQL,ocr_only,13,720.0,780.0,group by,0.018868899257656155,0.04031024537902087,0.07712704692265243,0.1236703136835187,0.10505300697917219,8
v1,SQL,ocr_only,13,720.0,780.0,count,0.02080797147755404,0.016722423588145643,0.09705214824947421,0.03762003652632471,0.061392881215584505,9
v1,SQL,ocr_only,13,720.0,780.0,left join,0.011363044625481432,0.01918483498431694,0.0,0.046603111987643546,0.027961867192586125,10
v1,SQL,ocr_only,13,720.0,780.0,aggregate function,0.01762799258417662,0.00641014166802893,0.06437600497976328,0.0,0.025750401991905314,11
v10,SQL,ocr_only,1,0.0,60.0,group by,0.10865960020855081,0.19835221323110605,1.0,0.9868748731492579,0.9921249238895548,1
v10,SQL,ocr_only,1,0.0,60.0,select,0.10290784985813363,0.20194419130840066,0.9293714404799748,1.0,0.97174857619199,2
v10,SQL,ocr_only,1,0.0,60.0,order by,0.060302929245262704,0.11985167902317474,0.40620475416267954,0.7000330697866567,0.5825017435370659,3
v10,SQL,ocr_only,1,0.0,60.0,having,0.04617613047143905,0.08473046033831712,0.23273487330249004,0.5716997558098074,0.43611380280688045,4
v10,SQL,ocr_only,1,0.0,60.0,left join,0.03494128932692773,0.08467914109009199,0.0947767565327677,0.5715122347202167,0.3808180434452371,5
v10,SQL,ocr_only,1,0.0,60.0,count,0.0620637437394316,-0.010548116871060408,0.427826657710025,0.22355080135594813,0.30526114389757886,6
v10,SQL,ocr_only,1,0.0,60.0,subquery,0.027222991710448792,0.043002302654884215,0.0,0.4192246150775096,0.25153476904650574,7
v10,SQL,ocr_only,1,0.0,60.0,aggregate function,0.03681122174964238,-0.01993998086054929,0.1177385725661335,0.1892328284801778,0.1606351261145601,8
v10,SQL,ocr_only,1,0.0,60.0,join,0.05813766402232213,-0.07172768387744013,0.3796164020336608,0.0,0.15184656081346434,9
v10,SQL,ocr_only,1,0.0,60.0,inner join,0.04151485903365951,-0.039242597114750526,0.175496838421799,0.11870085934343873,0.14141925097478286,10
v10,SQL,ocr_only,1,0.0,60.0,where,0.03738196417615629,-0.03665973388938664,0.12474699834711636,0.12813866958100864,0.12678200108745172,11
v10,SQL,ocr_only,2,60.0,120.0,group by,0.20191182439875058,0.5321068191065622,1.0,1.0,1.0,1
v10,SQL,ocr_only,2,60.0,120.0,select,0.15647701368433004,0.19650396423112737,0.7502650489336177,0.4017417783181495,0.5411510865643367,2
v10,SQL,ocr_only,2,60.0,120.0,order by,0.13210352415603857,0.21787410654025766,0.616294815120518,0.43983699458111514,0.5104201227968763,3
v10,SQL,ocr_only,2,60.0,120.0,having,0.06281388914040872,0.07022122005718427,0.23544050236019912,0.17662542766419298,0.20015145754259545,4
v10,SQL,ocr_only,2,60.0,120.0,count,0.08180245484639659,0.010241873870848298,0.3398122044282913,0.06970399816563844,0.1777472806706996,5
v10,SQL,ocr_only,2,60.0,120.0,where,0.0587237131366134,0.006612684072279462,0.21295862363991394,0.06323446847154932,0.12312413053889518,6
v10,SQL,ocr_only,2,60.0,120.0,left join,0.05876086670754436,-0.0073892103626615755,0.21316284029829738,0.038274166903393685,0.10822963626135518,7
v10,SQL,ocr_only,2,60.0,120.0,aggregate function,0.05111513018682308,-0.002413131361109216,0.1711376264623618,0.04714471174879458,0.09674187763422147,8
v10,SQL,ocr_only,2,60.0,120.0,join,0.04144471924899509,-0.025158504060977527,0.11798367766460065,0.006597958271489266,0.051152246028733826,9
v10,SQL,ocr_only,2,60.0,120.0,subquery,0.01997969787656637,-0.0014504274217771794,0.0,0.048860863856513295,0.029316518313907976,10
v10,SQL,ocr_only,2,60.0,120.0,inner join,0.028776735972540362,-0.028859737996444163,0.04835340664751319,0.0,0.019341362659005278,11
v10,SQL,ocr_only,3,120.0,180.0,group by,0.20697717108637542,0.7322205570013686,1.0,1.0,1.0,1
v10,SQL,ocr_only,3,120.0,180.0,select,0.16079137718703845,0.18334648479551102,0.7525711829132488,0.2800685394048458,0.469069596808207,2
v10,SQL,ocr_only,3,120.0,180.0,order by,0.1283208506003543,0.25270555838901865,0.5786184735360369,0.3710434673277899,0.45407346981108876,3
v10,SQL,ocr_only,3,120.0,180.0,count,0.08769704978825056,0.01290473204391288,0.36098664063057434,0.05650837101920073,0.1782996788637502,4
v10,SQL,ocr_only,3,120.0,180.0,having,0.0663043294557322,-0.000904569919377464,0.24638050226518624,0.03839538037951453,0.12158942913378322,5
v10,SQL,ocr_only,3,120.0,180.0,join,0.04363136625493099,0.05670437048683601,0.1249157835498884,0.11395822932827902,0.11834125101692278,6
v10,SQL,ocr_only,3,120.0,180.0,where,0.05909514731523244,0.01035028681933447,0.2077591155012273,0.053157829292661836,0.11499834377608803,7
v10,SQL,ocr_only,3,120.0,180.0,aggregate function,0.05395558872069339,-0.003238792796749029,0.18022521825640592,0.035333693609164656,0.09329030346806116,8
v10,SQL,ocr_only,3,120.0,180.0,left join,0.06089551598577383,-0.03017711867752639,0.21740413949806495,0.0,0.08696165579922599,9
v10,SQL,ocr_only,3,120.0,180.0,inner join,0.030266417456154753,0.02876367047683204,0.053316419491892336,0.07730977026113467,0.06771242995343774,10
v10,SQL,ocr_only,3,120.0,180.0,subquery,0.020314217097698664,-0.026496528442948232,0.0,0.004827651437028174,0.0028965908622169043,11
v10,SQL,ocr_only,4,180.0,240.0,group by,0.15663522938348914,0.5257551594029335,1.0,1.0,1.0,1
v10,SQL,ocr_only,4,180.0,240.0,select,0.13922419454476376,0.18186263860678498,0.8582316433832436,0.3762081431170307,0.5690175432235159,2
v10,SQL,ocr_only,4,180.0,240.0,order by,0.0808284713155607,0.16975764364850407,0.38274780268482844,0.35425070925047364,0.36564954662421556,3
v10,SQL,ocr_only,4,180.0,240.0,count,0.08408550122768725,0.043749871669244884,0.40926798269542697,0.12568330137939157,0.23911717390580572,4
v10,SQL,ocr_only,4,180.0,240.0,having,0.06443749613216103,0.02237934098623832,0.24928522354345442,0.08691897179622714,0.15186547249511806,5
v10,SQL,ocr_only,4,180.0,240.0,join,0.07411292363819441,-0.022256893493526272,0.32806683932909775,0.005952629388038858,0.1347983133644624,6
v10,SQL,ocr_only,4,180.0,240.0,aggregate function,0.05070448487288132,0.02631634573175021,0.13746496382533516,0.09406036438910562,0.11142220416359744,7
v10,SQL,ocr_only,4,180.0,240.0,left join,0.050406858315782004,0.006937680703950112,0.13504155658525396,0.05890911011460479,0.08936208870286447,8
v10,SQL,ocr_only,4,180.0,240.0,inner join,0.04935148188070348,-0.025538540573446348,0.1264482142481085,0.0,0.05057928569924341,9
v10,SQL,ocr_only,4,180.0,240.0,where,0.046422168155802475,-0.02486742112565601,0.10259644457210654,0.001217353740518151,0.04176899007315351,10
v10,SQL,ocr_only,4,180.0,240.0,subquery,0.03382196375614752,-0.01178634975805008,0.0,0.024945307403268852,0.014967184441961311,11
v10,SQL,ocr_only,5,240.0,300.0,group by,0.14928652117280752,0.5996568324303959,1.0,1.0,1.0,1
v10,SQL,ocr_only,5,240.0,300.0,order by,0.11274041748519881,0.19030194290257735,0.7048633422750448,0.35551715886427854,0.49525563222858504,2
v10,SQL,ocr_only,5,240.0,300.0,select,0.12472400937193459,0.14567579105677889,0.8016396576717055,0.28525834465123906,0.4918108698594257,3
v10,SQL,ocr_only,5,240.0,300.0,count,0.05821661470686014,0.045866696284067685,0.2645435463261916,0.12812024610672407,0.1826895661945111,4
v10,SQL,ocr_only,5,240.0,300.0,having,0.04800725973068342,0.009431088842590562,0.18209549848633189,0.07075651501882844,0.11529210840582982,5
v10,SQL,ocr_only,5,240.0,300.0,aggregate function,0.03819655026212337,0.03800826110034121,0.10286680622376572,0.11574803127882527,0.11059554125680145,6
v10,SQL,ocr_only,5,240.0,300.0,join,0.04942191287874678,-0.017401742728982716,0.19351986277775893,0.028511265311633654,0.09451470429808377,7
v10,SQL,ocr_only,5,240.0,300.0,left join,0.043540961718993174,0.000916297979198484,0.14602685820551287,0.05735094262259965,0.09282130885576494,8
v10,SQL,ocr_only,5,240.0,300.0,where,0.04894929754447122,-0.024344844721196093,0.189703146464032,0.01758013876909195,0.08642934184706796,9
v10,SQL,ocr_only,5,240.0,300.0,inner join,0.03386302812078081,-0.025564944780422566,0.06787042871918969,0.01565922961970532,0.03654370925949907,10
v10,SQL,ocr_only,5,240.0,300.0,subquery,0.025458786694405693,-0.03551118663810966,0.0,0.0,0.0,11
v10,SQL,ocr_only,6,300.0,360.0,group by,0.23550390978818772,0.06241947419744782,1.0,0.5538537319296981,0.732312239157819,1
v10,SQL,ocr_only,6,300.0,360.0,select,0.18504554183195693,0.08075889847367883,0.7634577089349276,0.6955548010844634,0.722715964224649,2
v10,SQL,ocr_only,6,300.0,360.0,having,0.08584840963073692,0.12016121000934875,0.2984344061932465,1.0,0.7193737624772986,3
v10,SQL,ocr_only,6,300.0,360.0,aggregate function,0.06985281679202357,0.1004636921900303,0.22344913952161405,0.8478055094504807,0.598062961478934,4
v10,SQL,ocr_only,6,300.0,360.0,count,0.12066971862202748,-0.0036186346864705322,0.46167219093153733,0.04360485536391973,0.2108317895909668,5
v10,SQL,ocr_only,6,300.0,360.0,left join,0.07287836917871164,0.013129027967151485,0.23763253708820578,0.17300704750019813,0.1988572433354012,6
v10,SQL,ocr_only,6,300.0,360.0,where,0.06124240975818042,0.010717983041951144,0.18308466700132178,0.15437791069987583,0.1658606132204542,7
v10,SQL,ocr_only,6,300.0,360.0,order by,0.10741008810394272,-0.009262120284657486,0.39951276111912665,0.0,0.15980510444765067,8
v10,SQL,ocr_only,6,300.0,360.0,inner join,0.038582772934983516,0.0014198334222778508,0.07685922559364732,0.08253499336378946,0.0802646862557326,9
v10,SQL,ocr_only,6,300.0,360.0,join,0.05584798717263585,-0.008634402154237181,0.15779631287808232,0.004850115732567999,0.06602859459077373,10
v10,SQL,ocr_only,6,300.0,360.0,subquery,0.022187433782847193,-0.004011724158215208,0.0,0.04056761724887735,0.02434057034932641,11
v10,SQL,ocr_only,7,360.0,420.0,select,0.18512257958788092,0.1431596605567284,0.7634310562987224,1.0,0.905372422519489,1
v10,SQL,ocr_only,7,360.0,420.0,group by,0.23561146694239418,0.08768044836289483,1.0,0.6040918138897111,0.7624550883338267,2
v10,SQL,ocr_only,7,360.0,420.0,having,0.08588904383432903,0.11801008945030221,0.2984659132143751,0.8205287947599295,0.6117036421417077,3
v10,SQL,ocr_only,7,360.0,420.0,aggregate function,0.06988459325239321,0.11356158629188447,0.22347602599220384,0.7887835924271751,0.5626605658531866,4
v10,SQL,ocr_only,7,360.0,420.0,order by,0.10744234859897087,0.033716862401301485,0.39945531521170874,0.21899936954466123,0.2911817478114802,5
v10,SQL,ocr_only,7,360.0,420.0,left join,0.0729121953327841,0.04096950136653967,0.23766205114813035,0.27075531602797126,0.2575180100760349,6
v10,SQL,ocr_only,7,360.0,420.0,count,0.12072914885969156,0.012402134122828649,0.461711476271031,0.06689419219137135,0.22482110582323522,7
v10,SQL,ocr_only,7,360.0,420.0,subquery,0.02219001540027206,0.03556437070549155,0.0,0.2321834727900365,0.1393100836740219,8
v10,SQL,ocr_only,7,360.0,420.0,where,0.06126502466556289,0.0040942663760421575,0.18308848048284762,0.007607970920190502,0.07780017474525336,9
v10,SQL,ocr_only,7,360.0,420.0,inner join,0.03859157534166939,0.01125216395183041,0.0768505687824929,0.05868782828537026,0.06595292448421931,10
v10,SQL,ocr_only,7,360.0,420.0,join,0.05586373045180118,0.003028149918101115,0.157780367475774,0.0,0.0631121469903096,11
v10,SQL,ocr_only,8,420.0,480.0,select,0.18498793013942424,0.23772693273547976,0.763477624724837,1.0,0.9053910498899348,1
v10,SQL,ocr_only,8,420.0,480.0,group by,0.23542349491997044,0.20123324349288846,1.0,0.8216235210334171,0.8929741126200502,2
v10,SQL,ocr_only,8,420.0,480.0,subquery,0.022185467347014647,0.21047595928931748,0.0,0.8668007320546495,0.5200804392327897,3
v10,SQL,ocr_only,8,420.0,480.0,join,0.0558361190403206,0.14325367141468892,0.15780792983462083,0.5382267986426262,0.3860592511194241,4
v10,SQL,ocr_only,8,420.0,480.0,order by,0.10738588592764013,0.09952375735872378,0.3995554618018384,0.3244805795919467,0.35451053247590336,5
v10,SQL,ocr_only,8,420.0,480.0,left join,0.07285308578705724,0.10150606054566312,0.23761061296961922,0.33416982367960113,0.29554613939560836,6
v10,SQL,ocr_only,8,420.0,480.0,inner join,0.038576136914606464,0.10414945279486125,0.07686560297967503,0.34709038643238566,0.2390004730513014,7
v10,SQL,ocr_only,8,420.0,480.0,where,0.06122547315869863,0.07514495720574617,0.18308181826680567,0.2053201268404902,0.19642480341101637,8
v10,SQL,ocr_only,8,420.0,480.0,count,0.12062529919713409,0.03711660242398147,0.46164294882365636,0.01944239927584517,0.19632261909496967,9
v10,SQL,ocr_only,8,420.0,480.0,having,0.08581802121580347,0.03855840602551735,0.2984109100663015,0.026489750616338077,0.13525821439632346,10
v10,SQL,ocr_only,8,420.0,480.0,aggregate function,0.06982905870132271,0.033138920605091,0.22342915049712514,0.0,0.08937166019885007,11
v10,SQL,ocr_only,9,480.0,540.0,group by,0.2355865150979749,0.19109794763210353,1.0,1.0,1.0,1
v10,SQL,ocr_only,9,480.0,540.0,select,0.1851047094184973,0.14266347458575063,0.7634372440707226,0.6867327542446263,0.7174145501750648,2
v10,SQL,ocr_only,9,480.0,540.0,count,0.12071536020066176,0.12108180599413593,0.46170235764101314,0.5471456078741038,0.5129683077808675,3
v10,SQL,ocr_only,9,480.0,540.0,aggregate function,0.06987722116034949,0.09550493167246199,0.22346978818716012,0.3817180421377307,0.31841874055750247,4
v10,SQL,ocr_only,9,480.0,540.0,join,0.05586006778681184,0.08853445864611775,0.15778401511118903,0.33663401934914355,0.26509401765396173,5
v10,SQL,ocr_only,9,480.0,540.0,order by,0.10743484947857834,0.04978609449514884,0.39946856520276924,0.0860151408597797,0.21139651059697553,6
v10,SQL,ocr_only,9,480.0,540.0,where,0.06125976907690609,0.06788549176142054,0.1830875517257452,0.2030794542468791,0.19508269323842553,7
v10,SQL,ocr_only,9,480.0,540.0,left join,0.07290435122793044,0.061632491238099024,0.2376552203781178,0.1626359410125518,0.1926436527587782,8
v10,SQL,ocr_only,9,480.0,540.0,having,0.08587961641049072,0.03648723201271587,0.2984586018971645,0.0,0.11938344075886581,9
v10,SQL,ocr_only,9,480.0,540.0,inner join,0.03858952596753592,0.052496928625905895,0.07685254060926457,0.10354842838061647,0.0928700732720757,10
v10,SQL,ocr_only,9,480.0,540.0,subquery,0.022189416805082157,0.045075845040814924,0.0,0.05554992093330735,0.03332995255998441,11
v10,SQL,ocr_only,10,540.0,600.0,group by,0.235603462131261,0.27596245617819937,1.0,1.0,1.0,1
v10,SQL,ocr_only,10,540.0,600.0,select,0.18511684953094915,0.1539429230616397,0.7634330449878596,0.4995714266838448,0.6051160740054506,2
v10,SQL,ocr_only,10,540.0,600.0,count,0.1207247372075586,0.15012565105420572,0.461708584689049,0.48391596615347965,0.47503301356770744,3
v10,SQL,ocr_only,10,540.0,600.0,aggregate function,0.06988223942694571,0.15125983234016,0.22347404555704944,0.48856748962939556,0.3825301120004571,4
v10,SQL,ocr_only,10,540.0,600.0,order by,0.10743990630612656,0.08892423791464459,0.3994593698509841,0.2329156952943323,0.299533165116993,5
v10,SQL,ocr_only,10,540.0,600.0,having,0.08588602982003622,0.09945252253336927,0.29846358767425185,0.2760944742704976,0.2850421196319993,6
v10,SQL,ocr_only,10,540.0,600.0,left join,0.07290968399894981,0.09803116183255059,0.23765985258547778,0.2702651657203749,0.25722304046641603,7
v10,SQL,ocr_only,10,540.0,600.0,join,0.05586257645283416,0.07568081754939653,0.15778160137707428,0.1786015556649308,0.1702735739497882,8
v10,SQL,ocr_only,10,540.0,600.0,where,0.061263323819161906,0.05045860542733831,0.1830880795390514,0.0751597926476777,0.1183311074042272,9
v10,SQL,ocr_only,10,540.0,600.0,inner join,0.038590927747560344,0.05326882643721999,0.07685120950085704,0.08668511859147383,0.08275155495522712,10
v10,SQL,ocr_only,10,540.0,600.0,subquery,0.022189832160325607,0.03213238806681773,0.0,0.0,0.0,11
v10,SQL,ocr_only,11,600.0,660.0,group by,0.23564149627394013,0.10926465937174977,1.0,1.0,1.0,1
v10,SQL,ocr_only,11,600.0,660.0,select,0.18514410987148044,0.07630569837041193,0.7634237095661541,0.7589414404245961,0.7607343480812193,2
v10,SQL,ocr_only,11,600.0,660.0,left join,0.07292165139158473,0.10589805452352773,0.23767030286614257,0.9753769872982636,0.6802943135254151,3
v10,SQL,ocr_only,11,600.0,660.0,count,0.12074574740964936,0.04173059416706151,0.4617224377456359,0.5060625703627993,0.48832651731593396,4
v10,SQL,ocr_only,11,600.0,660.0,join,0.05586811055897398,0.06085293304236506,0.15777580304417446,0.6459214531960996,0.45066319313532954,5
v10,SQL,ocr_only,11,600.0,660.0,order by,0.10745130947309257,0.02048375071572134,0.3994390398412961,0.3506652725627786,0.3701747794741856,6
v10,SQL,ocr_only,11,600.0,660.0,where,0.06127132021696709,0.03407647467696781,0.18308941605251178,0.4500811024086026,0.34328442786616625,7
v10,SQL,ocr_only,11,600.0,660.0,inner join,0.038594023191788854,0.038530098399316454,0.07684806002419593,0.4826544629388886,0.3203319017730115,8
v10,SQL,ocr_only,11,600.0,660.0,having,0.08590039331550273,-0.0031971540979926962,0.2984746897385134,0.17746549227830793,0.22586917126239012,9
v10,SQL,ocr_only,11,600.0,660.0,subquery,0.02219074721597258,0.014003988140576814,0.0,0.30327293417287776,0.18196376050372665,10
v10,SQL,ocr_only,11,600.0,660.0,aggregate function,0.06989346298831267,-0.027461292444236996,0.22348347795858658,0.0,0.08939339118343465,11
v10,SQL,ocr_only,12,660.0,720.0,group by,0.23561747163978475,0.2309518421081078,1.0,1.0,1.0,1
v10,SQL,ocr_only,12,660.0,720.0,select,0.18512688215292442,0.12563680477731298,0.7634295686415868,0.5820028500528098,0.6545735374883206,2
v10,SQL,ocr_only,12,660.0,720.0,left join,0.072914084111881,0.13816324566584115,0.23766367233703817,0.6317205040848773,0.47409777138574166,3
v10,SQL,ocr_only,12,660.0,720.0,order by,0.10744416408089891,0.069630690525302,0.39945215601550493,0.3597136430193908,0.37560904821783647,4
v10,SQL,ocr_only,12,660.0,720.0,count,0.12073245418884217,0.02771696313131749,0.46171359036992005,0.19335735584152838,0.30069984965288504,5
v10,SQL,ocr_only,12,660.0,720.0,join,0.055864617523344255,0.0678035580944231,0.1577794858723378,0.3524617237489777,0.2745888285983218,6
v10,SQL,ocr_only,12,660.0,720.0,having,0.08589130956660121,0.011773699411078387,0.2984676331317023,0.13007827466925484,0.19743401805423383,7
v10,SQL,ocr_only,12,660.0,720.0,inner join,0.03859206879087407,0.04788151951270616,0.07685006227424196,0.2733908184029596,0.19477451595147255,8
v10,SQL,ocr_only,12,660.0,720.0,where,0.06126628435556555,0.015449286868026647,0.18308865071949373,0.14466674294810303,0.1600355060566593,9
v10,SQL,ocr_only,12,660.0,720.0,aggregate function,0.06988636456089214,-0.020999725848995066,0.22347748581219803,0.0,0.08939099432487922,10
v10,SQL,ocr_only,12,660.0,720.0,subquery,0.022190167149794736,0.01250749378097583,0.0,0.13299071683362504,0.07979443010017502,11
v10,SQL,ocr_only,13,720.0,780.0,group by,0.23560933267180675,0.243696621525483,1.0,1.0,1.0,1
v10,SQL,ocr_only,13,720.0,780.0,select,0.18512106367625458,0.12076717220043591,0.7634316418283961,0.5266499006731342,0.621362597135239,2
v10,SQL,ocr_only,13,720.0,780.0,left join,0.07291153223302316,0.13607131012938667,0.23766149456767774,0.585579760430546,0.4464124540853987,3
v10,SQL,ocr_only,13,720.0,780.0,order by,0.10744167922914927,0.07285021661799895,0.3994563103696877,0.34214166599932794,0.36506752374747187,4
v10,SQL,ocr_only,13,720.0,780.0,count,0.12072796751084378,0.04113185055550719,0.46171068089033257,0.22000745154867182,0.31668874328533614,5
v10,SQL,ocr_only,13,720.0,780.0,join,0.055863389392432766,0.07832572235115726,0.1577805392109245,0.36322555758825104,0.2810475502373204,6
v10,SQL,ocr_only,13,720.0,780.0,having,0.08588823543230997,0.01566016558055035,0.29846527000719475,0.12192660371995045,0.19254207023484818,7
v10,SQL,ocr_only,13,720.0,780.0,inner join,0.0385913832940425,0.05257104289661933,0.07685064784574265,0.2640550159086733,0.18917326868350104,8
v10,SQL,ocr_only,13,720.0,780.0,where,0.06126456152451525,0.032960578344609553,0.18308832751322382,0.18854328625799424,0.18636130276008606,9
v10,SQL,ocr_only,13,720.0,780.0,aggregate function,0.06988395698938356,-0.016004283787224516,0.22347545652601086,0.0,0.08939018261040435,10
v10,SQL,ocr_only,13,720.0,780.0,subquery,0.022189966760966847,0.00766267864821619,0.0,0.09113161314144502,0.054678967884867015,11
v10,SQL,ocr_only,14,780.0,840.0,group by,0.23560890587560654,0.1758881391333789,1.0,1.0,1.0,1
v10,SQL,ocr_only,14,780.0,840.0,select,0.18512075297265443,0.07002386208900913,0.7634317271264204,0.45794441704087385,0.5801393410750925,2
v10,SQL,ocr_only,14,780.0,840.0,left join,0.07291139684744251,0.0989336103134514,0.23766138195608474,0.6059706527505242,0.45864694443274845,3
v10,SQL,ocr_only,14,780.0,840.0,count,0.12072773886412717,0.05930920777912711,0.46171056568762214,0.4030823016011737,0.42653360723575307,4
v10,SQL,ocr_only,14,780.0,840.0,order by,0.10744154376270525,0.04803235874938154,0.3994565110731381,0.34534158730716447,0.36698755681355394,5
v10,SQL,ocr_only,14,780.0,840.0,join,0.05586333369118107,0.07837381420133614,0.1577806450935433,0.5006985762935858,0.3635314038135688,6
v10,SQL,ocr_only,14,780.0,840.0,where,0.06126447181325316,0.05580743687847562,0.18308832310557716,0.3851522262260177,0.30432666497784144,7
v10,SQL,ocr_only,14,780.0,840.0,inner join,0.038591352671489484,0.048636332476165764,0.07685071432765124,0.3484341067075171,0.23980074975557075,8
v10,SQL,ocr_only,14,780.0,840.0,having,0.08588807749523016,0.005858518826769385,0.29846516961652875,0.1293993825982513,0.19702569740556228,9
v10,SQL,ocr_only,14,780.0,840.0,aggregate function,0.06988383615056247,-0.019413376748900084,0.22347538457056812,0.0,0.08939015382822725,10
v10,SQL,ocr_only,14,780.0,840.0,subquery,0.022189953749542673,-0.003985226222149257,0.0,0.07899657336019032,0.04739794401611419,11
v10,SQL,ocr_only,15,840.0,900.0,select,0.1851349347354124,0.10892589791489934,0.7634268047742763,0.974831613758032,0.8902696901645297,1
v10,SQL,ocr_only,15,840.0,900.0,group by,0.23562870910336328,0.07298233662149982,1.0,0.627550684230788,0.7765304105384727,2
v10,SQL,ocr_only,15,840.0,900.0,aggregate function,0.06988968757474696,0.11153082481018158,0.2234803124264654,1.0,0.6893921249705861,3
v10,SQL,ocr_only,15,840.0,900.0,having,0.08589555973975989,0.10123906544936875,0.2984709497446169,0.9005626702340671,0.659725982038287,4
v10,SQL,ocr_only,15,840.0,900.0,count,0.12073867549563332,0.08387190468275284,0.4617177525270734,0.7327639458659558,0.6243454685304028,5
v10,SQL,ocr_only,15,840.0,900.0,where,0.06126864642826814,0.061936837836660937,0.18308905081601554,0.5208308449310773,0.38573412728505263,6
v10,SQL,ocr_only,15,840.0,900.0,left join,0.07291762027492489,0.034290316229286355,0.2376667685346903,0.2537145833110254,0.2472954574004914,7
v10,SQL,ocr_only,15,840.0,900.0,order by,0.10744751525579768,0.009277566175596845,0.3994460708088067,0.012045400400286742,0.16700566856369473,8
v10,SQL,ocr_only,15,840.0,900.0,join,0.0558662605657287,0.022237364088819166,0.15777781787014897,0.1372608911261756,0.14546766182376494,9
v10,SQL,ocr_only,15,840.0,900.0,inner join,0.03859298921591335,0.008030867751411475,0.07684916782610593,0.0,0.030739667130442374,10
v10,SQL,ocr_only,15,840.0,900.0,subquery,0.022190435507858056,0.008358238145898377,0.0,0.0031630002928504796,0.0018978001757102877,11
v10,SQL,ocr_only,16,900.0,960.0,count,0.12076265436478353,0.19881240596046768,0.4617336100316066,1.0,0.7846934440126426,1
v10,SQL,ocr_only,16,900.0,960.0,group by,0.23567209093304492,0.11291681937659892,1.0,0.5819732159464689,0.7491839295678813,2
v10,SQL,ocr_only,16,900.0,960.0,aggregate function,0.06990249972779951,0.1395814867406305,0.22349110665442865,0.7117417592366383,0.5164414982037544,3
v10,SQL,ocr_only,16,900.0,960.0,select,0.18516602734527263,0.045928421791501056,0.7634161533569545,0.25596176966505124,0.4589435231418125,4
v10,SQL,ocr_only,16,900.0,960.0,where,0.06127775945121424,0.0734229076692661,0.1830905272787326,0.38976877847411406,0.30709747799596143,5
v10,SQL,ocr_only,16,900.0,960.0,having,0.08591195214062364,0.03539566467378441,0.2984836434988899,0.20470215598470284,0.24221475099037765,6
v10,SQL,ocr_only,16,900.0,960.0,join,0.055872589816763504,0.05341519700328616,0.1577712738458411,0.2923975481396344,0.2385470384221171,7
v10,SQL,ocr_only,16,900.0,960.0,order by,0.10746049275684443,0.008390711308109478,0.3994227440025306,0.07327754783040316,0.20373562629925412,8
v10,SQL,ocr_only,16,900.0,960.0,left join,0.07293127274999606,0.029929396336911038,0.23767868575480072,0.1780995485107357,0.2019312034083617,9
v10,SQL,ocr_only,16,900.0,960.0,inner join,0.038596529264827865,0.01956800337411954,0.0768456073045935,0.12767391023511274,0.10734258906290503,10
v10,SQL,ocr_only,16,900.0,960.0,subquery,0.022191482242227736,-0.00666626158077116,0.0,0.0,0.0,11
v10,SQL,ocr_only,17,960.0,1020.0,group by,0.23566446337756458,0.11919305180772917,1.0,0.8517324519223805,0.9110394711534283,1
v10,SQL,ocr_only,17,960.0,1020.0,count,0.12075842972309854,0.13917943496322574,0.4617307776304185,1.0,0.7846923110521674,2
v10,SQL,ocr_only,17,960.0,1020.0,select,0.1851605529027054,0.07871899167464406,0.7634179881304359,0.5514785435493545,0.6362543213817871,3
v10,SQL,ocr_only,17,960.0,1020.0,aggregate function,0.06990024729869097,0.10948250363788137,0.22348920376288137,0.779695447706488,0.5572129501290454,4
v10,SQL,ocr_only,17,960.0,1020.0,having,0.0859090678778924,0.06706568846911429,0.2984813963411515,0.46502935062403083,0.3984101689108791,5
v10,SQL,ocr_only,17,960.0,1020.0,where,0.061276166415427456,0.06500808662713678,0.18309030421818195,0.44976517913004554,0.3430952291653001,6
v10,SQL,ocr_only,17,960.0,1020.0,order by,0.1074582439168993,0.0346386957750353,0.3994269938900286,0.22447203413129008,0.2944540180347855,7
v10,SQL,ocr_only,17,960.0,1020.0,left join,0.07292886663751517,0.02702878730899411,0.23767655776436566,0.1680184746965134,0.1958817079236543,8
v10,SQL,ocr_only,17,960.0,1020.0,join,0.055871496893456,0.031936298711109715,0.15777251046764393,0.20442449559052056,0.1857637015413699,9
v10,SQL,ocr_only,17,960.0,1020.0,inner join,0.03859591743549085,0.009986970007149806,0.07684627513360062,0.041594976934422746,0.05569549621409389,10
v10,SQL,ocr_only,17,960.0,1020.0,subquery,0.022191299988017648,0.00437999021194739,0.0,0.0,0.0,11
v10,SQL,ocr_only,18,1020.0,1080.0,group by,0.23564022257532952,0.10867472140129318,1.0,1.0,1.0,1
v10,SQL,ocr_only,18,1020.0,1080.0,select,0.1851431999771781,0.0424278065840239,0.7634240310200756,0.4356480996252188,0.5667584721831616,2
v10,SQL,ocr_only,18,1020.0,1080.0,count,0.12074504893711548,0.06285840365095643,0.46172198604889225,0.6096946391858679,0.5505055779310776,3
v10,SQL,ocr_only,18,1020.0,1080.0,where,0.06127105578001621,0.06864728336744358,0.18308936898918407,0.6590096190313732,0.4686415190144976,4
v10,SQL,ocr_only,18,1020.0,1080.0,left join,0.0729212505193588,0.04913671975956515,0.23766993567324216,0.49280076719486576,0.39074843458621633,5
v10,SQL,ocr_only,18,1020.0,1080.0,having,0.08589991670074618,0.0375226967760998,0.29847432313907063,0.3938618813645712,0.35570685807437097,6
v10,SQL,ocr_only,18,1020.0,1080.0,join,0.055867941273069946,0.047898962252634944,0.1577760537832081,0.4822564150062999,0.3524642705170632,7
v10,SQL,ocr_only,18,1020.0,1080.0,order by,0.1074509285712606,0.026809095148106556,0.39943971185787885,0.30259360939607494,0.3413320503807965,8
v10,SQL,ocr_only,18,1020.0,1080.0,inner join,0.03859392933093808,0.011191439133538424,0.07684819104758941,0.16954811021271438,0.1324681425466644,9
v10,SQL,ocr_only,18,1020.0,1080.0,aggregate function,0.06989309000191676,-0.00211314584903008,0.22348315847765313,0.05620746877573384,0.12311774465650155,10
v10,SQL,ocr_only,18,1020.0,1080.0,subquery,0.022190721276080728,-0.008711106082011614,0.0,0.0,0.0,11
v10,SQL,ocr_only,19,1080.0,1140.0,group by,0.23566109238441088,0.12340112285290485,1.0,1.0,1.0,1
v10,SQL,ocr_only,19,1080.0,1140.0,select,0.1851581513476665,0.09098273191568733,0.7634188727803645,0.7534117273045833,0.7574145854948957,2
v10,SQL,ocr_only,19,1080.0,1140.0,having,0.08590780206147054,0.11656038425395585,0.29848041515693774,0.9479663898697965,0.6881719999846531,3
v10,SQL,ocr_only,19,1080.0,1140.0,where,0.061275451973808875,0.08360347933627296,0.18309012242987174,0.6972819474254722,0.491605217427232,4
v10,SQL,ocr_only,19,1080.0,1140.0,count,0.1207565776110467,0.052447650954431616,0.46172957317615715,0.46029727042680246,0.4608701915265443,5
v10,SQL,ocr_only,19,1080.0,1140.0,order by,0.10745720820318458,0.03863143293380419,0.3994286508688176,0.3552051533168647,0.3728945523376459,6
v10,SQL,ocr_only,19,1080.0,1140.0,aggregate function,0.0698992545538075,0.05393976088462024,0.2234883426802779,0.47164690252512126,0.3723834785871839,7
v10,SQL,ocr_only,19,1080.0,1140.0,left join,0.07292781215009356,0.04717942498360257,0.23767562673285703,0.42022487001582237,0.3472051727026362,8
v10,SQL,ocr_only,19,1080.0,1140.0,join,0.05587101319846933,0.033037310963950337,0.157773018292727,0.3126538472861237,0.25070151568876503,9
v10,SQL,ocr_only,19,1080.0,1140.0,inner join,0.0385956475161244,0.011551894319666781,0.07684653357004563,0.1492264955487838,0.12027451075728854,10
v10,SQL,ocr_only,19,1080.0,1140.0,subquery,0.02219122845118682,-0.008066568545624783,0.0,0.0,0.0,11
v10,SQL,ocr_only,20,1140.0,1200.0,group by,0.2356617301317091,0.12318357884931903,1.0,1.0,1.0,1
v10,SQL,ocr_only,20,1140.0,1200.0,select,0.18515860160482434,0.0624949735176532,0.7634186937919227,0.5667122667039768,0.6453948375391552,2
v10,SQL,ocr_only,20,1140.0,1200.0,count,0.12075692961617934,0.05218546145203671,0.46172982568651527,0.4931072614499146,0.4805562871445549,3
v10,SQL,ocr_only,20,1140.0,1200.0,left join,0.07292801150440915,0.07025850783016908,0.237675826430249,0.622140203567122,0.4683544527123728,4
v10,SQL,ocr_only,20,1140.0,1200.0,where,0.06127558487898942,0.05841131470351918,0.18309017219561963,0.5375568880054449,0.3957702016815148,5
v10,SQL,ocr_only,20,1140.0,1200.0,order by,0.10745739612555232,0.03285280102275438,0.3994283188898492,0.35508127501956316,0.37282009256767756,6
v10,SQL,ocr_only,20,1140.0,1200.0,join,0.05587109062461607,0.05053254534443136,0.15777288300207895,0.4813062278015252,0.3518928898817467,7
v10,SQL,ocr_only,20,1140.0,1200.0,having,0.08590803973445814,0.020457310331582042,0.2984806146256572,0.26658337602652665,0.27934227146617885,8
v10,SQL,ocr_only,20,1140.0,1200.0,inner join,0.03859569089274426,0.01917182697688495,0.07684647798427469,0.2574056372087943,0.18518197351898646,9
v10,SQL,ocr_only,20,1140.0,1200.0,aggregate function,0.06989944225784499,-0.016881788037500352,0.22348852973807795,0.0,0.08939541189523119,10
v10,SQL,ocr_only,20,1140.0,1200.0,subquery,0.022191235203989,-0.0012081689212279903,0.0,0.11190217442501342,0.06714130465500805,11
v10,SQL,ocr_only,21,1200.0,1260.0,group by,0.23566103033161345,0.14316508203639614,1.0,1.0,1.0,1
v10,SQL,ocr_only,21,1200.0,1260.0,select,0.185158099546219,0.08986716624909026,0.7634188633580844,0.6190255917161221,0.6767829003729071,2
v10,SQL,ocr_only,21,1200.0,1260.0,left join,0.07292779017298348,0.07178400208778515,0.23767562936595607,0.4897668268190853,0.3889303478378336,3
v10,SQL,ocr_only,21,1200.0,1260.0,count,0.12075653906781139,0.04314452463647014,0.46172955260820053,0.2850513550337348,0.3557226340635211,4
v10,SQL,ocr_only,21,1200.0,1260.0,order by,0.10745719639132846,0.03583027907855136,0.3994287403966723,0.2327690034200012,0.29943289821066965,5
v10,SQL,ocr_only,21,1200.0,1260.0,having,0.08590777338243294,0.03932854228967271,0.2984804011589749,0.2577746483348375,0.27405694946449244,6
v10,SQL,ocr_only,21,1200.0,1260.0,where,0.06127544057748629,0.04826141685403584,0.1830901613746817,0.3216269876085412,0.2662122571149974,7
v10,SQL,ocr_only,21,1200.0,1260.0,join,0.055870988116183996,0.04527604125867175,0.1577729869783026,0.30028747209187906,0.24328167804644849,8
v10,SQL,ocr_only,21,1200.0,1260.0,aggregate function,0.06989923358444662,0.003266142295562772,0.22348834658933697,0.0,0.08939533863573479,9
v10,SQL,ocr_only,21,1200.0,1260.0,inner join,0.03859563355049457,0.016012663844388854,0.07684653468169875,0.0911123527629256,0.08540602553043486,10
v10,SQL,ocr_only,21,1200.0,1260.0,subquery,0.022191218231443117,0.007016067240914123,0.0,0.02680452727017224,0.016082716362103344,11
v11,SQL,ocr_only,1,0.0,60.0,group by,0.08939497480744618,0.04412234094410471,0.992120014927218,1.0,0.9968480059708872,1
v11,SQL,ocr_only,1,0.0,60.0,select,0.08990802438604402,0.029565236426247855,1.0,0.8516740102068439,0.9110044061241063,2
v11,SQL,ocr_only,1,0.0,60.0,order by,0.08160540407757423,0.02466225542920865,0.8724791388104756,0.8017163068441465,0.8300214396306782,3
v11,SQL,ocr_only,1,0.0,60.0,join,0.05799577258099651,0.025848983253472492,0.5098562042485311,0.8138081743534503,0.6922273863114826,4
v11,SQL,ocr_only,1,0.0,60.0,inner join,0.03920596131510232,0.03838505752166707,0.22126142028965015,0.9415413799280591,0.6534293960726955,5
v11,SQL,ocr_only,1,0.0,60.0,subquery,0.03239416318736429,0.03158833762417696,0.11663826142831962,0.8722878958368094,0.5700280420734135,6
v11,SQL,ocr_only,1,0.0,60.0,count,0.033976073891541406,0.0016388277436372096,0.14093500243619214,0.5671248263952378,0.3966488968116195,7
v11,SQL,ocr_only,1,0.0,60.0,aggregate function,0.024800086508097577,0.0094466031606708,0.0,0.646680208813051,0.3880081252878306,8
v11,SQL,ocr_only,1,0.0,60.0,left join,0.027629276828367102,-0.030093384386991228,0.04345384622030606,0.24379735651080803,0.16365995239460723,9
v11,SQL,ocr_only,1,0.0,60.0,where,0.03468080877016327,-0.03929723710239625,0.15175910317707234,0.15001699227365806,0.15071383663502377,10
v11,SQL,ocr_only,1,0.0,60.0,having,0.0326483290362738,-0.05402030107134424,0.12054202273905228,0.0,0.04821680909562091,11
v12,SQL,ocr_only,1,0.0,60.0,order by,0.05460539082452973,0.14138420956242892,0.718702138508564,1.0,0.8874808554034256,1
v12,SQL,ocr_only,1,0.0,60.0,group by,0.04440174382244158,0.1184655081410327,0.5341207893571133,0.8617868453670571,0.7307204229630795,2
v12,SQL,ocr_only,1,0.0,60.0,join,0.07015552139999659,0.008920602997168302,1.0,0.20116709054249982,0.5207002543254999,3
v12,SQL,ocr_only,1,0.0,60.0,inner join,0.046247906191431,0.028019516635403165,0.5675173916455861,0.31634469399686543,0.4168137730563537,4
v12,SQL,ocr_only,1,0.0,60.0,select,0.0598361405364792,-0.024437209406424916,0.8133250550704175,0.0,0.325330022028167,5
v12,SQL,ocr_only,1,0.0,60.0,subquery,0.03652769309188183,0.012310413700255873,0.3916812374168854,0.2216096288114811,0.2896382722536428,6
v12,SQL,ocr_only,1,0.0,60.0,having,0.02290649377848349,0.010102856953407234,0.14527724619557486,0.20829677236280192,0.1830889618959111,7
v12,SQL,ocr_only,1,0.0,60.0,left join,0.014875575462902153,0.0019089284616095221,0.0,0.1588825981098559,0.09532955886591353,8
v12,SQL,ocr_only,1,0.0,60.0,count,0.018715682425577456,-0.00939038372530671,0.06946654700142318,0.09074114655805983,0.08223130673540517,9
v12,SQL,ocr_only,1,0.0,60.0,aggregate function,0.018253416722643558,-0.011857468898920311,0.06110427936353635,0.07586318212526846,0.06995962102057562,10
v12,SQL,ocr_only,1,0.0,60.0,where,0.022973837194852277,-0.023386817813220738,0.1464954712720867,0.006334474760473933,0.06239887336511905,11
v13,SQL,ocr_only,1,0.0,60.0,left join,0.027063489416966076,0.8343802749550077,0.06863479364054341,1.0,0.6274539174562174,1
v13,SQL,ocr_only,1,0.0,60.0,order by,0.09180062320657412,0.1484107936023942,0.9945341798854056,0.24075093966090416,0.5422642357507048,2
v13,SQL,ocr_only,1,0.0,60.0,select,0.08812096401155706,0.16633488183825013,0.9419060514710539,0.26058979185542797,0.5331162957016784,3
v13,SQL,ocr_only,1,0.0,60.0,group by,0.09218278301063608,-0.03017619421367757,1.0,0.04308616539022083,0.4258516992341325,4
v13,SQL,ocr_only,1,0.0,60.0,join,0.048067863138035016,0.3124680217690256,0.36904872299367353,0.4223337938743892,0.40101976552210294,5
v13,SQL,ocr_only,1,0.0,60.0,inner join,0.03306580301695019,0.38644773252191494,0.15448256219230166,0.5042164831195926,0.3643229147486762,6
v13,SQL,ocr_only,1,0.0,60.0,subquery,0.028625921353440994,0.23260451069865556,0.09098139266874633,0.33393875971631687,0.23675581289728864,7
v13,SQL,ocr_only,1,0.0,60.0,having,0.02890015945784714,0.16950283373869493,0.09490366845840086,0.2640961643238786,0.1964191659776875,8
v13,SQL,ocr_only,1,0.0,60.0,count,0.028565044633204206,0.1665310070460787,0.09011070664043022,0.2608068683927967,0.19252840369185012,9
v13,SQL,ocr_only,1,0.0,60.0,aggregate function,0.02226467446521391,0.09121242952411694,0.0,0.17744228620050037,0.10646537172030023,10
v13,SQL,ocr_only,1,0.0,60.0,where,0.035882021561126645,-0.06910386112840841,0.1947613769766991,0.0,0.07790455079067965,11
v13,SQL,ocr_only,2,60.0,120.0,select,0.08336731271969891,0.5231745745334122,0.9410431003631349,1.0,0.976417240145254,1
v13,SQL,ocr_only,2,60.0,120.0,group by,0.08685395889509251,0.34490739708162094,1.0,0.7176962506222399,0.8306177503733438,2
v13,SQL,ocr_only,2,60.0,120.0,join,0.06002204401760183,0.4274714411835348,0.5462899207664669,0.8484446000768906,0.7275827283527212,3
v13,SQL,ocr_only,2,60.0,120.0,inner join,0.040643256404363476,0.2816248099334439,0.21860733442865402,0.6174819998688367,0.4579321336927636,4
v13,SQL,ocr_only,2,60.0,120.0,order by,0.053646702034077294,0.08076507032110115,0.43848706995642805,0.2994006884230474,0.35503524103639966,5
v13,SQL,ocr_only,2,60.0,120.0,where,0.027715059175653423,0.25929732945670503,0.0,0.5821242209280291,0.34927453255681745,6
v13,SQL,ocr_only,2,60.0,120.0,count,0.04571617918428695,-0.012877130612420285,0.3043871308738015,0.1511089793075673,0.212420239934061,7
v13,SQL,ocr_only,2,60.0,120.0,subquery,0.02833329681680454,0.022538087220107878,0.010453992956989407,0.20719248790441225,0.12849708992544312,8
v13,SQL,ocr_only,2,60.0,120.0,aggregate function,0.032331763567802436,-0.037807381827143084,0.0780654427804901,0.111629454857538,0.09820385002671883,9
v13,SQL,ocr_only,2,60.0,120.0,left join,0.027982326119334267,-0.031099575698353955,0.004519308694425924,0.12225193089224376,0.07515888201311663,10
v13,SQL,ocr_only,2,60.0,120.0,having,0.0374926208215814,-0.10829836142552865,0.1653321534948015,0.0,0.0661328613979206,11
v13,SQL,ocr_only,3,120.0,180.0,order by,0.16359812656369643,0.46949726045287055,1.0,1.0,1.0,1
v13,SQL,ocr_only,3,120.0,180.0,group by,0.15451473203857025,0.3360608537307937,0.9377128184645604,0.6886242604899724,0.7882596836798077,2
v13,SQL,ocr_only,3,120.0,180.0,select,0.11793213709890817,0.20782253466218156,0.6868565195620827,0.3893783319280669,0.5083696069816732,3
v13,SQL,ocr_only,3,120.0,180.0,where,0.05500976603571255,0.13932719882088634,0.25538157501219744,0.22954349843324118,0.2398787290648237,4
v13,SQL,ocr_only,3,120.0,180.0,having,0.032279145817479996,0.149468899751871,0.09951184326931516,0.25320930077946413,0.19173031777540456,5
v13,SQL,ocr_only,3,120.0,180.0,aggregate function,0.025965121572313878,0.09211302837671703,0.05621494877795042,0.11936856493082855,0.0941071184696773,6
v13,SQL,ocr_only,3,120.0,180.0,subquery,0.018731861897013247,0.1018262179952406,0.006614619601213926,0.14203443007787395,0.08786650588720994,7
v13,SQL,ocr_only,3,120.0,180.0,left join,0.039446595012530984,0.05345167053736391,0.14866089299111826,0.0291517404268255,0.07695540145254261,8
v13,SQL,ocr_only,3,120.0,180.0,count,0.029599439670748164,0.07124359433320793,0.0811364063375146,0.07066944586665887,0.07485623005500117,9
v13,SQL,ocr_only,3,120.0,180.0,join,0.0257809630057512,0.06271744827862226,0.05495212593841989,0.050773563639804224,0.05244498855925049,10
v13,SQL,ocr_only,3,120.0,180.0,inner join,0.017767246096613395,0.04095903543878062,0.0,0.0,0.0,11
v13,SQL,ocr_only,4,180.0,240.0,order by,0.17367147439589797,0.21122180910201702,1.0,1.0,1.0,1
v13,SQL,ocr_only,4,180.0,240.0,select,0.11819414809230469,0.18304698532459918,0.6522866298188251,0.8873646746422059,0.7933334567128536,2
v13,SQL,ocr_only,4,180.0,240.0,group by,0.1583504856666332,0.12001196844581008,0.9039731547910701,0.6353677254805541,0.7428098972047605,3
v13,SQL,ocr_only,4,180.0,240.0,left join,0.039478588185652884,0.07968312255428325,0.15892376530263683,0.47414390686213026,0.34805585023833285,4
v13,SQL,ocr_only,4,180.0,240.0,aggregate function,0.02439590491267453,0.045924768422763204,0.06439053917845623,0.3391871372586585,0.22926849802657762,5
v13,SQL,ocr_only,4,180.0,240.0,count,0.025825187976191686,0.020321668985398732,0.07334880851246765,0.23683287026917388,0.17143924556649137,6
v13,SQL,ocr_only,4,180.0,240.0,subquery,0.01673253835920035,0.023247370571007495,0.01635911465269263,0.24852903392926326,0.155661066218635,7
v13,SQL,ocr_only,4,180.0,240.0,where,0.05670567848611156,-0.0230649693473968,0.26689741915192,0.06338482447475072,0.14478986234561844,8
v13,SQL,ocr_only,4,180.0,240.0,join,0.020161031420392137,-0.01605917857570708,0.0378477651767997,0.0913920812083445,0.06997435479572658,9
v13,SQL,ocr_only,4,180.0,240.0,having,0.030103270106682452,-0.03744040471402644,0.10016239984101112,0.005915721829358204,0.04361439303401937,10
v13,SQL,ocr_only,4,180.0,240.0,inner join,0.014122457702386832,-0.03892017511047123,0.0,0.0,0.0,11
v13,SQL,ocr_only,5,240.0,300.0,order by,0.1735912742798705,0.15758256938050338,1.0,0.9841988860748708,0.9905193316449225,1
v13,SQL,ocr_only,5,240.0,300.0,select,0.11815990624706837,0.16027886160895846,0.6523827981301202,1.0,0.8609531192520481,2
v13,SQL,ocr_only,5,240.0,300.0,where,0.05668508738649682,0.11271420778132037,0.26686634280605454,0.721256284460502,0.539500307798723,3
v13,SQL,ocr_only,5,240.0,300.0,group by,0.1582913873123034,0.035153141793336534,0.9040524510698738,0.26672423229759123,0.5216555198065043,4
v13,SQL,ocr_only,5,240.0,300.0,left join,0.0394663818105768,0.0546066763916793,0.15888563685305299,0.38072801615709645,0.29199106443547906,5
v13,SQL,ocr_only,5,240.0,300.0,aggregate function,0.024394297427861814,0.0284398288170383,0.06436666708189966,0.22738212314708683,0.16217594072101196,6
v13,SQL,ocr_only,5,240.0,300.0,count,0.025829030378118546,0.024466813181883276,0.07336406099979158,0.2040990116153021,0.1518050313690979,7
v13,SQL,ocr_only,5,240.0,300.0,subquery,0.016733642978583242,0.0252561610666399,0.016325722781654034,0.20872483656186056,0.13176519104977796,8
v13,SQL,ocr_only,5,240.0,300.0,having,0.030099539760724617,0.01026816753042796,0.10014497178774327,0.1208905169449243,0.11259229888205188,9
v13,SQL,ocr_only,5,240.0,300.0,join,0.020169475920460374,0.0007818270850642052,0.03787227080552589,0.06529760141156607,0.054327469169149996,10
v13,SQL,ocr_only,5,240.0,300.0,inner join,0.014130327771385554,-0.010360514907848397,0.0,0.0,0.0,11
v13,SQL,ocr_only,6,300.0,360.0,order by,0.17362843974429165,0.1872683505294062,1.0,1.0,1.0,1
v13,SQL,ocr_only,6,300.0,360.0,group by,0.1583187712563525,0.07635700537047141,0.9040156870005416,0.4492295370008727,0.6311439970007403,2
v13,SQL,ocr_only,6,300.0,360.0,select,0.1181757637527885,0.09397614392513758,0.6523381931346796,0.5367237521823168,0.5829695285632619,3
v13,SQL,ocr_only,6,300.0,360.0,where,0.05669462658397896,0.11228818969676263,0.26688081251127876,0.6276588491613174,0.4833476345013019,4
v13,SQL,ocr_only,6,300.0,360.0,left join,0.03947203597342201,0.018382337589685386,0.15890339098007258,0.16133532230094558,0.1603625497725964,5
v13,SQL,ocr_only,6,300.0,360.0,aggregate function,0.0243950368144299,0.017093294027191692,0.06437780360309395,0.15493410952399006,0.11871158715563161,6
v13,SQL,ocr_only,6,300.0,360.0,count,0.02582724158969766,0.006900538588882962,0.07335704384836227,0.10431828997956424,0.09193379152708345,7
v13,SQL,ocr_only,6,300.0,360.0,having,0.030101259264158974,-0.006238208886428409,0.10015309436728073,0.039073079763818304,0.06350508560520328,8
v13,SQL,ocr_only,6,300.0,360.0,join,0.020165531388138303,-0.008691488743397903,0.03786082363126129,0.02689042991178311,0.031278587399574384,9
v13,SQL,ocr_only,6,300.0,360.0,subquery,0.016733118504526946,-0.00843247125759317,0.016341233391703177,0.028176675068913918,0.023442498398029622,10
v13,SQL,ocr_only,6,300.0,360.0,inner join,0.014126662740110223,-0.01410654629237661,0.0,0.0,0.0,11
v13,SQL,ocr_only,7,360.0,420.0,order by,0.17321365219969312,0.28798493306566403,1.0,1.0,1.0,1
v13,SQL,ocr_only,7,360.0,420.0,group by,0.15792619772882385,0.183974092615067,0.9039120774511893,0.6626839428073448,0.7591751966648825,2
v13,SQL,ocr_only,7,360.0,420.0,select,0.11794204598680212,0.08354523230243796,0.6525952815066244,0.33698455376050324,0.46322884485895166,3
v13,SQL,ocr_only,7,360.0,420.0,where,0.05656272488695792,0.046313780241491125,0.26680106945000776,0.2162397683290164,0.23646428877741293,4
v13,SQL,ocr_only,7,360.0,420.0,aggregate function,0.024334097767843822,0.030932186596048537,0.06423092722149276,0.16635594372628468,0.12550593712436792,5
v13,SQL,ocr_only,7,360.0,420.0,left join,0.03938443859680765,0.011322974477167744,0.15882849326248252,0.10276159059982329,0.12518835166488698,6
v13,SQL,ocr_only,7,360.0,420.0,count,0.025760010684741833,-3.5782778987065944e-05,0.07319337484031167,0.06592416869595469,0.06883185115369748,7
v13,SQL,ocr_only,7,360.0,420.0,having,0.030023745736095345,-0.020266621544309395,0.09999269870183418,0.00031382715410166223,0.04018537577319467,8
v13,SQL,ocr_only,7,360.0,420.0,subquery,0.016728651212028368,-0.005068595887109846,0.016427575721943834,0.049602325060570975,0.03633242532512012,9
v13,SQL,ocr_only,7,360.0,420.0,join,0.0201220019135109,-0.016846183346926044,0.037756176896607915,0.011406600961275357,0.02194643133540838,10
v13,SQL,ocr_only,7,360.0,420.0,inner join,0.014115046824979601,-0.020363389620890137,0.0,0.0,0.0,11
v13,SQL,ocr_only,8,420.0,480.0,order by,0.1731889999101647,0.29980623249623867,1.0,1.0,1.0,1
v13,SQL,ocr_only,8,420.0,480.0,group by,0.1587396567737041,0.19956484336961686,0.9090739288676069,0.6771764332375126,0.7699354314895503,2
v13,SQL,ocr_only,8,420.0,480.0,select,0.11855052837255718,0.04337074568260051,0.6561738825997122,0.17415930466522136,0.3669651358390177,3
v13,SQL,ocr_only,8,420.0,480.0,where,0.05670917170538053,0.04541564407731845,0.2670218261955227,0.18074482187723703,0.2152556236045513,4
v13,SQL,ocr_only,8,420.0,480.0,aggregate function,0.024662781631162558,0.03463325678928952,0.06536197799992384,0.14602055525580032,0.11375712435344973,5
v13,SQL,ocr_only,8,420.0,480.0,left join,0.03966219958124853,0.0028701985419054173,0.15974953116367882,0.043728838789732424,0.09013711573931099,6
v13,SQL,ocr_only,8,420.0,480.0,having,0.030428545947810706,-0.0014756019312208248,0.10164447827948897,0.029733354275839813,0.05849780387729947,7
v13,SQL,ocr_only,8,420.0,480.0,count,0.02639016095486899,0.0007970379726815309,0.07623194030731972,0.03705230432368658,0.05272415871713984,8
v13,SQL,ocr_only,8,420.0,480.0,join,0.02038146325858065,-0.005311405328212355,0.038420721555988316,0.01738029587545886,0.025796466147670644,9
v13,SQL,ocr_only,8,420.0,480.0,inner join,0.014275907586824533,-0.00430212458017904,0.0,0.020630645993145885,0.01237838759588753,10
v13,SQL,ocr_only,8,420.0,480.0,subquery,0.016765999674878216,-0.010708238711412991,0.015669521319156623,0.0,0.006267808527662649,11
v13,SQL,ocr_only,9,480.0,540.0,order by,0.17358679900299365,0.2681010466135236,1.0,1.0,1.0,1
v13,SQL,ocr_only,9,480.0,540.0,group by,0.15828822095066333,0.17826147415369925,0.904057730514677,0.689719107326669,0.7754545566018722,2
v13,SQL,ocr_only,9,480.0,540.0,select,0.11815806436396818,0.01057019740919202,0.6523887005852943,0.11056008400112523,0.3272915306347929,3
v13,SQL,ocr_only,9,480.0,540.0,left join,0.03946574264343797,0.017825000277436213,0.15888401595959967,0.13561615504525773,0.14492329941099452,4
v13,SQL,ocr_only,9,480.0,540.0,having,0.03009936257897486,0.023199521504395002,0.1001444548596846,0.1541782563368493,0.13256473574598343,5
v13,SQL,ocr_only,9,480.0,540.0,aggregate function,0.024394239765976208,0.027992894742426045,0.06436580742596411,0.17073323413216143,0.1281862634496825,6
v13,SQL,ocr_only,9,480.0,540.0,where,0.05668394322829704,-0.021441669619438202,0.26686485149308675,0.0,0.1067459405972347,7
v13,SQL,ocr_only,9,480.0,540.0,join,0.02016986902372002,-2.1443166937758774e-05,0.03787342919492181,0.07397950371946517,0.059537073909647825,8
v13,SQL,ocr_only,9,480.0,540.0,inner join,0.014130720525814686,0.004821757953174304,0.0,0.09070657315890253,0.05442394389534152,9
v13,SQL,ocr_only,9,480.0,540.0,count,0.02582930847887284,-0.011005196994625523,0.07336558169986873,0.03604467334075725,0.05097303668440184,10
v13,SQL,ocr_only,9,480.0,540.0,subquery,0.016733669741043927,-0.005583799350888035,0.016323925936769915,0.054768672736326615,0.039390774016503934,11
v13,SQL,ocr_only,10,540.0,600.0,order by,0.17351888617232752,0.29484184820685083,1.0,1.0,1.0,1
v13,SQL,ocr_only,10,540.0,600.0,group by,0.15823810464336363,0.1930847939536901,0.9041244770060536,0.659633874019702,0.7574301152142426,2
v13,SQL,ocr_only,10,540.0,600.0,select,0.11812905287296145,0.02386192530849883,0.6524700503008689,0.09360203818511138,0.3171492430314144,3
v13,SQL,ocr_only,10,540.0,600.0,having,0.03009618970158654,0.0555323629116106,0.10012940062845765,0.19953615974737232,0.15977345609980645,4
v13,SQL,ocr_only,10,540.0,600.0,where,0.05666649490139857,0.011894792883276818,0.26683827623879314,0.05357329980858251,0.13887929038066676,5
v13,SQL,ocr_only,10,540.0,600.0,left join,0.039455391056591606,0.02160755662317927,0.1588514184137355,0.08606142351632853,0.11517742147529134,6
v13,SQL,ocr_only,10,540.0,600.0,aggregate function,0.024392856801493546,0.027478310026927338,0.06434523451309578,0.10569844629853344,0.08915716158435837,7
v13,SQL,ocr_only,10,540.0,600.0,join,0.020177083715101136,0.009133624962384354,0.03789439829666555,0.04433749758029571,0.04176025786684365,8
v13,SQL,ocr_only,10,540.0,600.0,inner join,0.014137418913695578,0.01217388134577097,0.0,0.05450681994123691,0.032704091964742145,9
v13,SQL,ocr_only,10,540.0,600.0,count,0.025832516311717374,-0.004121669270358091,0.07337802568377598,0.0,0.029351210273510394,10
v13,SQL,ocr_only,10,540.0,600.0,subquery,0.016734649299755867,0.0010051742027972893,0.016295686259718663,0.017148726093464628,0.016807510159966243,11
v13,SQL,ocr_only,11,600.0,660.0,order by,0.16826201228323132,0.5381921689461729,1.0,1.0,1.0,1
v13,SQL,ocr_only,11,600.0,660.0,group by,0.16114783800668486,0.46779318884127724,0.9534214310977246,0.8523650148788239,0.8927875813663841,2
v13,SQL,ocr_only,11,600.0,660.0,where,0.0565510455385691,0.5078652513968532,0.2685957977147014,0.9364008681021562,0.6692788399471742,3
v13,SQL,ocr_only,11,600.0,660.0,select,0.1209655173047903,0.31452578921320035,0.6903360861636245,0.5309451558135801,0.5947015279535979,4
v13,SQL,ocr_only,11,600.0,660.0,having,0.032989737375226584,0.4226846784872299,0.11433305785858024,0.7577671351221104,0.5003935042166983,5
v13,SQL,ocr_only,11,600.0,660.0,join,0.022058169198753197,0.21380334989771396,0.042760900398731656,0.31971829133978225,0.208935334963362,6
v13,SQL,ocr_only,11,600.0,660.0,count,0.031077558687565388,0.17023507223193976,0.10181346763005318,0.22835046164455441,0.17773566403875393,7
v13,SQL,ocr_only,11,600.0,660.0,left join,0.04097271859325636,0.137514290819928,0.16659995859158797,0.15973111418074545,0.16247865194508246,8
v13,SQL,ocr_only,11,600.0,660.0,inner join,0.01552708623875782,0.1809135231114273,0.0,0.250744435738516,0.1504466614431096,9
v13,SQL,ocr_only,11,600.0,660.0,subquery,0.016924317285374645,0.11445589820457927,0.009148078195356433,0.11137493848597133,0.07048419436972538,10
v13,SQL,ocr_only,11,600.0,660.0,aggregate function,0.026779910828276233,0.06134733405074818,0.07367551666762719,0.0,0.029470206667050875,11
v13,SQL,ocr_only,12,660.0,720.0,order by,0.173552197338027,0.11240880650450695,1.0,0.6792375153745545,0.8075425092247327,1
v13,SQL,ocr_only,12,660.0,720.0,select,0.11814323837099924,0.12420312148863605,0.6524298256913851,0.7466495409738784,0.708961654860881,2
v13,SQL,ocr_only,12,660.0,720.0,where,0.056675054744744886,0.16852896822832727,0.2668512532781302,1.0,0.7067405013112521,3
v13,SQL,ocr_only,12,660.0,720.0,group by,0.15826261982730697,0.01825048180665714,0.9040913018476243,0.1410626910238209,0.44627413535334226,4
v13,SQL,ocr_only,12,660.0,720.0,left join,0.03946044392406339,0.06921613727894975,0.15886717642226084,0.43236388791467245,0.3229652033177078,5
v13,SQL,ocr_only,12,660.0,720.0,count,0.02583091378985499,0.027604968489701523,0.07337164911393666,0.19452954319747315,0.14606638556405854,6
v13,SQL,ocr_only,12,660.0,720.0,join,0.020173567103203727,0.025943049558850795,0.03788415736781403,0.18503061751495012,0.12617203345609568,7
v13,SQL,ocr_only,12,660.0,720.0,having,0.030097727043604843,0.0115450884826208,0.10013658124757671,0.10273709542782952,0.1016968897557284,8
v13,SQL,ocr_only,12,660.0,720.0,inner join,0.01413414865980825,0.021888973592187305,0.0,0.1618589900644303,0.09711539403865818,9
v13,SQL,ocr_only,12,660.0,720.0,aggregate function,0.024393518666794088,0.013011910264345514,0.06435513476704331,0.11112091658508463,0.09241460385786811,10
v13,SQL,ocr_only,12,660.0,720.0,subquery,0.0167341734477184,-0.006429651977373684,0.016309475680248927,0.0,0.006523790272099571,11
v13,SQL,ocr_only,13,720.0,780.0,order by,0.1735856635266561,0.24807470292590192,1.0,1.0,1.0,1
v13,SQL,ocr_only,13,720.0,780.0,group by,0.15828732458478473,0.11923277925867884,0.9040584494376172,0.4918174801231809,0.6567138678489555,2
v13,SQL,ocr_only,13,720.0,780.0,select,0.11815756157225855,0.10362294788084143,0.652389840070818,0.43024867380102183,0.5191051403089404,3
v13,SQL,ocr_only,13,720.0,780.0,where,0.05668365540238636,0.13065059375714386,0.2668642023219066,0.5368519966700036,0.4288568789307648,4
v13,SQL,ocr_only,13,720.0,780.0,having,0.030099309125815855,0.01696952937659385,0.10014391901842494,0.08846743274189238,0.0931380272525054,5
v13,SQL,ocr_only,13,720.0,780.0,left join,0.03946555258597911,0.006533043161094417,0.15888310135235467,0.04730350323280964,0.09193534248062765,6
v13,SQL,ocr_only,13,720.0,780.0,aggregate function,0.024394210251908785,0.02230007194499033,0.06436513060524361,0.10949233269382865,0.09144145185839463,7
v13,SQL,ocr_only,13,720.0,780.0,count,0.025829346333118692,0.010037271444555991,0.07336540059680764,0.061124994783281955,0.06602115710869223,8
v13,SQL,ocr_only,13,720.0,780.0,subquery,0.01673372029958118,0.009540696716996406,0.01632336039172787,0.059166388537925406,0.0420291772794464,9
v13,SQL,ocr_only,13,720.0,780.0,join,0.020170074191883144,-0.0038576800823750365,0.03787400860008823,0.006320073531408389,0.018941647558880326,10
v13,SQL,ocr_only,13,720.0,780.0,inner join,0.014130882441748155,-0.005460038289623756,0.0,0.0,0.0,11
v13,SQL,ocr_only,14,780.0,840.0,order by,0.1697847656473213,0.10536790193758656,1.0,0.5385199544974646,0.7231119726984787,1
v13,SQL,ocr_only,14,780.0,840.0,left join,0.0413478768582202,0.16838964978968318,0.1674249219996037,1.0,0.6669699687998415,2
v13,SQL,ocr_only,14,780.0,840.0,select,0.12191889032693237,0.07419396787862213,0.6897158187639639,0.31024719154924785,0.46203464243513426,3
v13,SQL,ocr_only,14,780.0,840.0,group by,0.16261575286137472,0.04904559132348434,0.9535278265012612,0.1260968886376826,0.4570692637831141,4
v13,SQL,ocr_only,14,780.0,840.0,count,0.03119905779914406,0.0943615914109016,0.10163654998759614,0.45792566989289,0.31541002193077244,5
v13,SQL,ocr_only,14,780.0,840.0,having,0.03325156369028179,0.08823425259158864,0.11494164689956118,0.41305791084910587,0.293811405269288,6
v13,SQL,ocr_only,14,780.0,840.0,aggregate function,0.02696559193592642,0.07493605679466633,0.07419366963981604,0.3156811764578656,0.21908617373064576,7
v13,SQL,ocr_only,14,780.0,840.0,inner join,0.01552013272368247,0.06982476671176036,0.0,0.2782534874389607,0.16695209246337642,8
v13,SQL,ocr_only,14,780.0,840.0,join,0.022195024359769413,0.059835143379716633,0.043269098753121335,0.2051039480030855,0.14037000830309984,9
v13,SQL,ocr_only,14,780.0,840.0,where,0.056927251246714376,0.031825244749226496,0.26841614787706053,0.0,0.10736645915082421,10
v13,SQL,ocr_only,14,780.0,840.0,subquery,0.01704315499765754,0.03364055760016481,0.009872789667408526,0.013292723315424197,0.011924749856217928,11
v13,SQL,ocr_only,15,840.0,900.0,left join,0.03947709302233901,0.24094473388515897,0.15891923826639123,1.0,0.6635676953065565,1
v13,SQL,ocr_only,15,840.0,900.0,select,0.11818995614492404,0.11207141285757893,0.6522980635352698,0.5911297772809353,0.6155970917826691,2
v13,SQL,ocr_only,15,840.0,900.0,order by,0.17366176306223732,0.025447808470909775,1.0,0.3163032101070682,0.589781926064241,3
v13,SQL,ocr_only,15,840.0,900.0,group by,0.15834328420002397,0.014794241061600804,0.903982490203988,0.28250314625626916,0.5310948838353567,4
v13,SQL,ocr_only,15,840.0,900.0,join,0.020161990780970637,0.047196607100827126,0.037850558056481916,0.38530458346178553,0.24632297329966407,5
v13,SQL,ocr_only,15,840.0,900.0,inner join,0.01412337371265672,0.050004308142379425,0.0,0.39421244228806934,0.23652746537284158,6
v13,SQL,ocr_only,15,840.0,900.0,count,0.025825608310230855,0.034072151350070815,0.07335058756254705,0.3436652503314643,0.23553938522389736,7
v13,SQL,ocr_only,15,840.0,900.0,aggregate function,0.024395684485304645,0.020034594759187018,0.06438770514436643,0.29912896583144877,0.20523246155661581,8
v13,SQL,ocr_only,15,840.0,900.0,where,0.05670317245239702,-0.07424897274025376,0.2668937483531906,0.0,0.10675749934127624,9
v13,SQL,ocr_only,15,840.0,900.0,subquery,0.016732651301650275,-0.021912715641887227,0.01635517068732658,0.16604474010188527,0.1061689123360618,10
v13,SQL,ocr_only,15,840.0,900.0,having,0.030102783574477297,-0.04945228334023179,0.10016028071341805,0.07867127064656537,0.08726687467330645,11
v13,SQL,ocr_only,16,900.0,960.0,left join,0.039479759074107314,0.16326716603446623,0.15892742843318616,1.0,0.6635709713732745,1
v13,SQL,ocr_only,16,900.0,960.0,select,0.11819740897165758,0.044219652666101464,0.652278250103418,0.38436720930451074,0.4915316256240736,2
v13,SQL,ocr_only,16,900.0,960.0,order by,0.17367889956177301,-0.0012774732411787604,1.0,0.14908701068117597,0.48945220640870557,3
v13,SQL,ocr_only,16,900.0,960.0,group by,0.1583560756794321,0.0014242099890577925,0.9039665467338044,0.1630582792910394,0.4594215862681454,4
v13,SQL,ocr_only,16,900.0,960.0,inner join,0.01412175190961578,0.04866402049742045,0.0,0.40735045770219835,0.244410274621319,5
v13,SQL,ocr_only,16,900.0,960.0,join,0.020160286587416337,0.041280418798387654,0.037845591793636675,0.36916749032433926,0.23663873091205823,6
v13,SQL,ocr_only,16,900.0,960.0,where,0.05670760667311798,-0.005449689785513027,0.26690032624763105,0.12751114368573016,0.1832668167104905,7
v13,SQL,ocr_only,16,900.0,960.0,having,0.030103673520413578,-0.0005467178447437878,0.10016424739328636,0.15286598070158294,0.1317852873782643,8
v13,SQL,ocr_only,16,900.0,960.0,count,0.025824921568346464,-0.004168190835071638,0.07334782446878653,0.13413818487971463,0.10982204071534339,9
v13,SQL,ocr_only,16,900.0,960.0,aggregate function,0.024396099867428297,-0.03010705828824256,0.06439290316351808,0.0,0.02575716126540723,10
v13,SQL,ocr_only,16,900.0,960.0,subquery,0.016732443024218602,-0.028838694602378357,0.016362106950509436,0.006559114537144929,0.010480311502490732,11
v13,SQL,ocr_only,17,960.0,1020.0,order by,0.15513409996816135,0.283463669781253,1.0,1.0,1.0,1
v13,SQL,ocr_only,17,960.0,1020.0,group by,0.1477292426660178,0.18045214849584396,0.94713782035848,0.710707051554642,0.8052793590761773,2
v13,SQL,ocr_only,17,960.0,1020.0,where,0.052118014186714384,0.2251554991242253,0.2645834199980222,0.8362499417799015,0.6075833330671498,3
v13,SQL,ocr_only,17,960.0,1020.0,having,0.030077478185634606,0.25735572274359747,0.1072392976275354,0.926679609405512,0.5989034846943213,4
v13,SQL,ocr_only,17,960.0,1020.0,select,0.11287232018688653,0.06920455065231763,0.6982994129918755,0.39828427412134026,0.5182903296695544,5
v13,SQL,ocr_only,17,960.0,1020.0,subquery,0.016864446946985696,0.16253488074761158,0.012913424427483092,0.6603889982894171,0.4013987687446435,6
v13,SQL,ocr_only,17,960.0,1020.0,count,0.028136499992538182,0.08376105286389833,0.09338294176041637,0.43916410378788867,0.30085163897689976,7
v13,SQL,ocr_only,17,960.0,1020.0,aggregate function,0.02448072107366673,0.022949390670694993,0.06728487746914069,0.2683833519242934,0.18794396214223233,8
v13,SQL,ocr_only,17,960.0,1020.0,join,0.020578766099210492,0.005430922867372254,0.03942939877502481,0.21918527058515144,0.14728292186110079,9
v13,SQL,ocr_only,17,960.0,1020.0,inner join,0.01505555321963697,-0.007991834114128082,0.0,0.18148940030783553,0.10889364018470131,10
v13,SQL,ocr_only,17,960.0,1020.0,left join,0.037888908345418054,-0.07261663511033331,0.16300394068745305,0.0,0.06520157627498123,11
v14,Python,ocr_only,1,0.0,60.0,for,0.1256154041318072,0.1348441157585834,1.0,1.0,1.0,1
v14,Python,ocr_only,1,0.0,60.0,for loop,0.10308456169903599,0.06819964728235964,0.8149615413935793,0.5323099979421406,0.6453706153227161,2
v14,Python,ocr_only,1,0.0,60.0,range,0.10565523543566792,0.03438679421785633,0.8360736461551177,0.2950219876857236,0.5114426510734812,3
v14,Python,ocr_only,1,0.0,60.0,list,0.048105026168110625,0.0009109759243804079,0.3634325521915502,0.06009918186951605,0.1814325299983297,4
v14,Python,ocr_only,1,0.0,60.0,continue,0.016280009913261187,0.020704962263063408,0.10206407604632342,0.19900717713358815,0.16022993669868227,5
v14,Python,ocr_only,1,0.0,60.0,break,0.017935207315519997,0.015904418417845834,0.1156576723318242,0.1653184642939075,0.14545414750907418,6
v14,Python,ocr_only,1,0.0,60.0,index,0.021908166480119864,-0.007584757144294958,0.14828628984212788,0.00047878865129487996,0.059601789127628084,7
v14,Python,ocr_only,1,0.0,60.0,nested loop,0.0038523792857420225,-0.002855265730934909,0.0,0.03366887778279009,0.020201326669674054,8
v14,Python,ocr_only,1,0.0,60.0,iteration,0.0087335423963743,-0.007652983138089129,0.04008740023338879,0.0,0.016034960093355515,9
v14,Python,ocr_only,2,60.0,120.0,for,0.18042395258191973,0.1031449411086305,1.0,1.0,1.0,1
v14,Python,ocr_only,2,60.0,120.0,for loop,0.1483097114268735,0.045380356076472374,0.8172487283826718,0.4846472369035452,0.6176878334951958,2
v14,Python,ocr_only,2,60.0,120.0,range,0.15863071781206098,0.020675349907049872,0.8759820807342716,0.2642389506735146,0.5089362026978175,3
v14,Python,ocr_only,2,60.0,120.0,list,0.06707297022266795,0.008420631237371622,0.35495794326214203,0.15490720140408776,0.23492749814730945,4
v14,Python,ocr_only,2,60.0,120.0,continue,0.01636228403246021,0.02284573762552612,0.0663806002352614,0.2836022908080391,0.19671361457892803,5
v14,Python,ocr_only,2,60.0,120.0,break,0.018879033811119616,0.012286973305819229,0.08070257098250927,0.18940117495105044,0.14592173336363395,6
v14,Python,ocr_only,2,60.0,120.0,iteration,0.013134391142542928,0.00197503882403589,0.048011754855141885,0.09740217720704972,0.07764600826628659,7
v14,Python,ocr_only,2,60.0,120.0,index,0.018246566966904493,-0.008159317853552395,0.07710341634335473,0.006987458342670045,0.03503384154294392,8
v14,Python,ocr_only,2,60.0,120.0,nested loop,0.004697453549443344,-0.008942524349174273,0.0,0.0,0.0,9
v14,Python,ocr_only,3,120.0,180.0,for,0.2216985014347306,0.08310932738884036,1.0,0.4414939535407969,0.6648963721244782,1
v14,Python,ocr_only,3,120.0,180.0,break,0.01950642866672551,0.18473578401460938,0.06553703504452345,1.0,0.6262148140178093,2
v14,Python,ocr_only,3,120.0,180.0,for loop,0.1825596692903813,0.05258648644835981,0.8191136347246013,0.27375031879865735,0.49189564516903495,3
v14,Python,ocr_only,3,120.0,180.0,range,0.19858562590572723,0.016264724940787977,0.8931801534066025,0.07413769730650756,0.40175467974654555,4
v14,Python,ocr_only,3,120.0,180.0,list,0.08142199026211173,0.005046023893981082,0.3516896941138728,0.012483354765245829,0.1481658905046966,5
v14,Python,ocr_only,3,120.0,180.0,continue,0.016341306531030733,0.03338519208568516,0.05090891745872076,0.16822623228162778,0.12129930635246497,6
v14,Python,ocr_only,3,120.0,180.0,iteration,0.016473922933128965,0.012637847236963033,0.0515218253467992,0.05420555370325741,0.05313206236067412,7
v14,Python,ocr_only,3,120.0,180.0,index,0.015455107100673042,0.0027745370951590895,0.0468132052188839,0.0,0.01872528208755356,8
v14,Python,ocr_only,3,120.0,180.0,nested loop,0.005326017611748125,0.007958136941657113,0.0,0.02848738362840893,0.017092430177045356,9
v14,Python,ocr_only,4,180.0,240.0,for,0.22460756072398674,0.10929461334662341,1.0,0.8866677508729759,0.9320006505237856,1
v14,Python,ocr_only,4,180.0,240.0,for loop,0.18499338416540548,0.07599335105473089,0.8193097653872037,0.6191928444485018,0.6992396128239826,2
v14,Python,ocr_only,4,180.0,240.0,continue,0.01633110647092383,0.12340474803088329,0.049998645619832464,1.0,0.619999458247933,3
v14,Python,ocr_only,4,180.0,240.0,range,0.20140809066683144,0.023938515639758334,0.8941813751619714,0.20108970741063195,0.4783263745111678,4
v14,Python,ocr_only,4,180.0,240.0,break,0.019541884229459686,0.0366118048816093,0.0646438114892141,0.3028812498555456,0.20758627450901299,5
v14,Python,ocr_only,4,180.0,240.0,list,0.08243989539480692,0.001085446456644561,0.3515374788948279,0.017534426902434543,0.1511356476993919,6
v14,Python,ocr_only,4,180.0,240.0,nested loop,0.005369500385689877,0.01738475235316216,0.0,0.14845004449199117,0.0890700266951947,7
v14,Python,ocr_only,4,180.0,240.0,index,0.015254606944168836,0.004737641145717156,0.04508846020269324,0.04686876336515419,0.046156642100169815,8
v14,Python,ocr_only,4,180.0,240.0,iteration,0.016711914390237958,-0.0010976314149271714,0.0517356064318672,0.0,0.02069424257274688,9
v14,Python,ocr_only,5,240.0,300.0,for,0.20023238113609226,0.17043160245835903,1.0,1.0,1.0,1
v14,Python,ocr_only,5,240.0,300.0,for loop,0.16467128245569468,0.07939181009064776,0.8178504041761457,0.5302412476242299,0.6452849102449962,2
v14,Python,ocr_only,5,240.0,300.0,range,0.17778192582186492,0.04745750848299343,0.8850052019398886,0.3654625580967728,0.5732796156340192,3
v14,Python,ocr_only,5,240.0,300.0,list,0.07393372074022597,-0.012355388242411445,0.353078200677683,0.05683233156659606,0.17533067921103085,4
v14,Python,ocr_only,5,240.0,300.0,index,0.016920357134207382,0.009915023593688456,0.061046696512732854,0.1717460479420224,0.12746630737030656,5
v14,Python,ocr_only,5,240.0,300.0,continue,0.016384809126775944,0.007236685969029666,0.05830353455436289,0.15792601926797822,0.11807702538253209,6
v14,Python,ocr_only,5,240.0,300.0,iteration,0.014727089948432387,-0.009503204357507821,0.04981243361739502,0.07154939438575292,0.06285461007840976,7
v14,Python,ocr_only,5,240.0,300.0,nested loop,0.0050021994848162285,-0.006232610554421047,0.0,0.08842542215897611,0.053055253295385664,8
v14,Python,ocr_only,5,240.0,300.0,break,0.01921289604777842,-0.0233695601751933,0.0727894449657667,0.0,0.02911577798630668,9
v14,Python,ocr_only,6,300.0,360.0,for,0.2927844289972595,0.23783582224760702,1.0,1.0,1.0,1
v14,Python,ocr_only,6,300.0,360.0,range,0.26742522484100106,0.17661805714008177,0.9114488793711651,0.8142511014162006,0.8531302125981863,2
v14,Python,ocr_only,6,300.0,360.0,for loop,0.24163075416952126,0.10807213481456164,0.8213778633442901,0.6062668740924413,0.6923112697931808,3
v14,Python,ocr_only,6,300.0,360.0,continue,0.0162690935577346,0.003391232450750117,0.03444356244968231,0.28864073594964235,0.18696186654965832,4
v14,Python,ocr_only,6,300.0,360.0,index,0.010632507013843216,-0.0017106755142805867,0.014761318010642474,0.2731603638139423,0.1698007454926224,5
v14,Python,ocr_only,6,300.0,360.0,nested loop,0.006405171725604724,-0.01272504858954149,0.0,0.23974020115809794,0.14384412069485875,6
v14,Python,ocr_only,6,300.0,360.0,list,0.106162986158449,-0.09173687279535851,0.34834162007137137,0.0,0.13933664802854856,7
v14,Python,ocr_only,6,300.0,360.0,iteration,0.022236522496256527,-0.029917292968914037,0.05528106651814674,0.18757494402982994,0.13465739302515667,8
v14,Python,ocr_only,6,300.0,360.0,break,0.020550700220927514,-0.06795428431177794,0.04939438920991603,0.07216188974781451,0.06305488953265512,9
v14,Python,ocr_only,7,360.0,420.0,range,0.40560234465718903,0.08851867762239415,0.931368686238956,1.0,0.9725474744955824,1
v14,Python,ocr_only,7,360.0,420.0,for,0.435422162820742,0.0707871235057437,1.0,0.8484303072076673,0.9090581843246004,2
v14,Python,ocr_only,7,360.0,420.0,for loop,0.360308416650118,0.0200959962557601,0.8271231885811977,0.41512149885215643,0.579922174743773,3
v14,Python,ocr_only,7,360.0,420.0,list,0.15585757644633103,-0.011155818996504053,0.3565727081666201,0.1479803331186693,0.23141728313784962,4
v14,Python,ocr_only,7,360.0,420.0,continue,0.016060379165069576,0.004162357543695203,0.034824759976526974,0.27892042427269326,0.18128215855422672,5
v14,Python,ocr_only,7,360.0,420.0,iteration,0.0338191406246571,-0.004293817877006043,0.07569714635580296,0.20663686118048755,0.15426097525061372,6
v14,Python,ocr_only,7,360.0,420.0,index,0.0009292684055541853,-0.001995133126394996,0.0,0.22628606616186978,0.13577163969712186,7
v14,Python,ocr_only,7,360.0,420.0,nested loop,0.00856450816892269,-0.014718760731389956,0.017572760939267535,0.11752423318287575,0.07754364428543246,8
v14,Python,ocr_only,7,360.0,420.0,break,0.022581932436532455,-0.028467467760539676,0.04983433402316509,0.0,0.019933733609266036,9
v14,Python,ocr_only,8,420.0,480.0,list,0.1561994112709419,0.017890283063146394,0.3566044821447294,1.0,0.7426417928578918,1
v14,Python,ocr_only,8,420.0,480.0,for,0.43645203238738045,-0.010472148322162618,1.0,0.4201266664456412,0.6520759998673847,2
v14,Python,ocr_only,8,420.0,480.0,range,0.4065840190126026,-0.011747046258317857,0.9314299154240947,0.394061224236662,0.6090087007116352,3
v14,Python,ocr_only,8,420.0,480.0,break,0.02261860664564458,0.004145423786928077,0.04993369838885304,0.7189846928333281,0.4513642950555381,4
v14,Python,ocr_only,8,420.0,480.0,for loop,0.36111477519487545,-0.031021142491569596,0.8270429963792253,0.0,0.3308171985516901,5
v14,Python,ocr_only,8,420.0,480.0,iteration,0.03389610082317223,-0.008159556033497845,0.07582422950165768,0.4674078949610059,0.3107744287772666,6
v14,Python,ocr_only,8,420.0,480.0,index,0.0008682999258180666,-0.010681366257338667,0.0,0.4158491805044065,0.2495095083026439,7
v14,Python,ocr_only,8,420.0,480.0,continue,0.016080763767560517,-0.019071399024334506,0.034924315827347514,0.2443139477475914,0.16055809497949386,8
v14,Python,ocr_only,8,420.0,480.0,nested loop,0.00858214238510614,-0.0209325594320724,0.017709206943279897,0.20626229853414008,0.13084106189779598,9
v14,Python,ocr_only,9,480.0,540.0,break,0.022524270339170434,0.365120693546302,0.049676342189770864,1.0,0.6198705368759083,1
v14,Python,ocr_only,9,480.0,540.0,range,0.40405618572688684,-0.020395994841049425,0.9312703632194269,0.04671616452623295,0.40053784400351056,2
v14,Python,ocr_only,9,480.0,540.0,for,0.4338006591911777,-0.03928843838422707,1.0,0.0,0.4,3
v14,Python,ocr_only,9,480.0,540.0,for loop,0.3590377368069402,-0.012750718792527798,0.8272476227796851,0.06562097019178592,0.3702716312269456,4
v14,Python,ocr_only,9,480.0,540.0,list,0.15531804519350892,0.005400613790948591,0.35651881910962496,0.11050455750552268,0.20891026214716357,5
v14,Python,ocr_only,9,480.0,540.0,iteration,0.03369766131544393,0.02332922397222353,0.07549435185561851,0.1548374094757269,0.12310018642768354,6
v14,Python,ocr_only,9,480.0,540.0,index,0.0010255878016202644,0.015222643736244499,0.0,0.13479191693879872,0.08087515016327923,7
v14,Python,ocr_only,9,480.0,540.0,nested loop,0.008536940559534923,0.007868257433504696,0.01735625098228775,0.11660640696370951,0.07690634457114082,8
v14,Python,ocr_only,9,480.0,540.0,continue,0.01602838179262069,-5.794550880211942e-05,0.03466649301871603,0.09700694118391992,0.07207076191783836,9
v14,Python,ocr_only,10,540.0,600.0,break,0.01933438638288739,0.5827113011940883,0.040721928870580265,1.0,0.6162887715482321,1
v14,Python,ocr_only,10,540.0,600.0,for,0.37650389172167836,-0.017874129574259923,1.0,0.0,0.4,2
v14,Python,ocr_only,10,540.0,600.0,range,0.34919871019537896,-0.007252936347539867,0.9266643387107147,0.01768473339942999,0.38127657552394395,3
v14,Python,ocr_only,10,540.0,600.0,for loop,0.31288769347476664,0.0044038433625713524,0.8291410015841113,0.03709376184555518,0.35391265774097763,4
v14,Python,ocr_only,10,540.0,600.0,list,0.13305028987586742,-0.0005122937551115094,0.3461376234607806,0.028908186795235543,0.15579996146145358,5
v14,Python,ocr_only,10,540.0,600.0,iteration,0.02885250631982165,0.01626454743800232,0.0662854879018029,0.05684233293602799,0.060619594922337955,6
v14,Python,ocr_only,10,540.0,600.0,nested loop,0.007933788143646786,0.013038741525762102,0.010102450653125558,0.05147123043007253,0.03492371851929374,7
v14,Python,ocr_only,10,540.0,600.0,continue,0.013779231934191769,-0.004085149250589971,0.025802016154862786,0.02295923213793126,0.024096345744703873,8
v14,Python,ocr_only,10,540.0,600.0,index,0.004172326883265703,-0.0023984980118836297,0.0,0.025767577382917566,0.01546054642975054,9
v14,Python,ocr_only,11,600.0,660.0,break,0.021267213189400204,0.60534005142341,0.04589261222524672,1.0,0.6183570448900987,1
v14,Python,ocr_only,11,600.0,660.0,for,0.39837215575175117,0.0006348912710249163,1.0,0.04707807189046095,0.4282468431342766,2
v14,Python,ocr_only,11,600.0,660.0,range,0.3702800817117698,-0.0019399310285615201,0.9289246775782315,0.04302054965988657,0.3973822008272246,3
v14,Python,ocr_only,11,600.0,660.0,for loop,0.3312893111140909,0.004102449523043977,0.830274731413378,0.05254240808781283,0.36363533741803894,4
v14,Python,ocr_only,11,600.0,660.0,list,0.14355232672535634,-0.026094287753822845,0.35528428831084824,0.004957014403992074,0.14508792396673456,5
v14,Python,ocr_only,11,600.0,660.0,iteration,0.03104811268978376,-0.014877137015636435,0.07063911490693825,0.022633511337860308,0.041835752765491487,6
v14,Python,ocr_only,11,600.0,660.0,nested loop,0.007931461410122414,0.005789280286778359,0.012152032725853145,0.05520059281930609,0.03798116878192491,7
v14,Python,ocr_only,11,600.0,660.0,index,0.003128446925781661,-0.011171110677834634,0.0,0.028473636404021275,0.017084181842412765,8
v14,Python,ocr_only,11,600.0,660.0,continue,0.015331787946999824,-0.029239909761903174,0.030875484539569075,0.0,0.01235019381582763,9
v15,Python,ocr_only,1,0.0,60.0,for loop,0.0880324604802649,0.0,1.0,0.0,0.4,1
v15,Python,ocr_only,1,0.0,60.0,for,0.08780038008797333,0.0,0.9972831290645678,0.0,0.39891325162582714,2
v15,Python,ocr_only,1,0.0,60.0,range,0.07420712511866649,0.0,0.838152411560306,0.0,0.3352609646241224,3
v15,Python,ocr_only,1,0.0,60.0,list,0.04048884317221179,0.0,0.4434261733439454,0.0,0.17737046933757816,4
v15,Python,ocr_only,1,0.0,60.0,index,0.021560943852055453,0.0,0.22184494011717684,0.0,0.08873797604687074,5
v15,Python,ocr_only,1,0.0,60.0,break,0.01028846837107419,0.0,0.08988264592140932,0.0,0.03595305836856373,6
v15,Python,ocr_only,1,0.0,60.0,continue,0.009264300401658012,0.0,0.07789312728249055,0.0,0.03115725091299622,7
v15,Python,ocr_only,1,0.0,60.0,iteration,0.00783379458507969,0.0,0.061146776426854656,0.0,0.024458710570741865,8
v15,Python,ocr_only,1,0.0,60.0,nested loop,0.002610518177121715,0.0,0.0,0.0,0.0,9
v15,Python,ocr_only,2,60.0,120.0,for,0.04567846260977037,0.006403448374838574,0.9663345933206917,0.6931625156614795,0.8024313467251645,1
v15,Python,ocr_only,2,60.0,120.0,index,0.02250005109414392,0.03285046850567761,0.4623270788949705,1.0,0.7849308315579882,2
v15,Python,ocr_only,2,60.0,120.0,range,0.03260997921937717,-0.007376749485398219,0.6821643935438293,0.5332850994458184,0.5928368170850227,3
v15,Python,ocr_only,2,60.0,120.0,for loop,0.047226674942959554,-0.025722895233325313,1.0,0.3204337014148673,0.5922602208489204,4
v15,Python,ocr_only,2,60.0,120.0,iteration,0.0012384488705040404,0.019076123191931516,0.0,0.8401904848421252,0.5041142909052752,5
v15,Python,ocr_only,2,60.0,120.0,list,0.0065718037891109105,-0.007487980285423529,0.11597218188420762,0.5319946032503347,0.36558563470388383,6
v15,Python,ocr_only,2,60.0,120.0,break,0.0016695284347954013,-0.0040586795330719225,0.009373694119277073,0.5717812412415382,0.3468182223926337,7
v15,Python,ocr_only,2,60.0,120.0,nested loop,0.004206927888799048,-0.03166411695886077,0.06454867412407038,0.25150383638122853,0.17672177147836526,8
v15,Python,ocr_only,2,60.0,120.0,continue,0.0015235439991513062,-0.0533418042143698,0.0061993069312587055,0.0,0.0024797227725034824,9
v15,Python,ocr_only,3,120.0,180.0,for,0.0417486651468066,0.04927882132278576,0.9608985371919907,1.0,0.9843594148767962,1
v15,Python,ocr_only,3,120.0,180.0,index,0.022590669551403274,0.023998307356057968,0.5133225723472415,0.6912179369544519,0.6200597911115677,2
v15,Python,ocr_only,3,120.0,180.0,for loop,0.0434223601418216,-0.004831603358731431,1.0,0.3390827185151458,0.6034496311090876,3
v15,Python,ocr_only,3,120.0,180.0,range,0.02872507903663627,-0.0015047538295693112,0.6566368470809046,0.37971763054299473,0.4904853171581587,4
v15,Python,ocr_only,3,120.0,180.0,iteration,0.0006184629261865683,0.033263587555706124,0.0,0.8043862189960189,0.48263173139761134,5
v15,Python,ocr_only,3,120.0,180.0,continue,0.0007879615668520006,0.015392780961602865,0.003959888040370289,0.5861080409622265,0.353248779793484,6
v15,Python,ocr_only,3,120.0,180.0,list,0.0033785075145867827,0.010751222668231728,0.06448115166934026,0.5294149710563054,0.3434414433015193,7
v15,Python,ocr_only,3,120.0,180.0,nested loop,0.004360289795665983,-0.02608896128804267,0.08741790147352826,0.07944041674275167,0.0826314106350623,8
v15,Python,ocr_only,3,120.0,180.0,break,0.0008514395064801467,-0.03259288365056529,0.005442882434744255,0.0,0.002177152973897702,9
v15,Python,ocr_only,4,180.0,240.0,for,0.04491985787025399,0.085833332084494,0.9656599583417049,1.0,0.986263983336682,1
v15,Python,ocr_only,4,180.0,240.0,for loop,0.04647785764056276,0.02077659423991106,1.0,0.4573749398545727,0.6744249639127436,2
v15,Python,ocr_only,4,180.0,240.0,range,0.031854050549794004,0.013508346651419563,0.6776750842521984,0.3967519603519899,0.5091212099120732,3
v15,Python,ocr_only,4,180.0,240.0,index,0.022516475675590262,0.017753931145219247,0.4718645852531793,0.432163519824955,0.44804394599624475,4
v15,Python,ocr_only,4,180.0,240.0,continue,0.0013571331750161064,0.050710240975517254,0.005489225783232011,0.7070454182465779,0.42642294126123953,5
v15,Python,ocr_only,4,180.0,240.0,iteration,0.0011080882671925124,0.02529259431725503,0.0,0.4950419808832764,0.29702518852996584,6
v15,Python,ocr_only,4,180.0,240.0,list,0.005892131633817582,0.016614886061823025,0.10544561792357403,0.4226629757250837,0.2957760326044798,7
v15,Python,ocr_only,4,180.0,240.0,nested loop,0.0042446536438850505,-0.01886161092662732,0.06913337713666103,0.12676070718381124,0.10370977516495115,8
v15,Python,ocr_only,4,180.0,240.0,break,0.0014863225187048477,-0.03405928368807515,0.00833670209781449,0.0,0.003334680839125796,9
v15,Python,ocr_only,5,240.0,300.0,for,0.14029708235725083,0.08328786281163723,1.0,0.7120684149584163,0.8272410489750498,1
v15,Python,ocr_only,5,240.0,300.0,continue,0.004390867603842839,0.12084859707382269,0.0,1.0,0.6,2
v15,Python,ocr_only,5,240.0,300.0,for loop,0.12250075930124038,0.03215785180559673,0.8690543836549299,0.32011800713626964,0.5396925577437338,3
v15,Python,ocr_only,5,240.0,300.0,range,0.12302280094971818,0.018507918487577726,0.8728955740627785,0.21548089039262971,0.4784467638606893,4
v15,Python,ocr_only,5,240.0,300.0,list,0.040914273486194835,0.007390507347262547,0.26873977726935505,0.13025748158369715,0.1856503998579603,5
v15,Python,ocr_only,5,240.0,300.0,iteration,0.008819945953543405,0.004435332331302978,0.032589226016902964,0.10760381830648148,0.07759798139065006,6
v15,Python,ocr_only,5,240.0,300.0,index,0.017118847062837228,-0.0054223295822278346,0.09365266689303639,0.03203734509127359,0.056683473811978705,7
v15,Python,ocr_only,5,240.0,300.0,break,0.0060642299899521,-0.007298824990920268,0.012312625946837356,0.01765258110938252,0.015516599044364456,8
v15,Python,ocr_only,5,240.0,300.0,nested loop,0.005486570751414363,-0.00960160781342803,0.008062200463456345,0.0,0.003224880185382538,9
v15,Python,ocr_only,6,300.0,360.0,for,0.17568660776276956,0.08873308733728053,1.0,0.54045586687716,0.724273520126296,1
v15,Python,ocr_only,6,300.0,360.0,continue,0.00618572346392362,0.172589648636578,0.002721486798959542,1.0,0.6010885947195838,2
v15,Python,ocr_only,6,300.0,360.0,for loop,0.15146441069435107,0.0498119803603871,0.8574858368510619,0.32716347700631926,0.5392924209442164,3
v15,Python,ocr_only,6,300.0,360.0,range,0.1569901799751225,0.023605702666970672,0.8899973543892464,0.18354989473677816,0.4661288785977655,4
v15,Python,ocr_only,6,300.0,360.0,list,0.05583779169378728,0.0011213244609613422,0.2948553065513807,0.0603327733643901,0.15414178663918635,5
v15,Python,ocr_only,6,300.0,360.0,break,0.008452561807019105,0.007625986594529597,0.016058698470868014,0.095979111290873,0.06401094616287101,6
v15,Python,ocr_only,6,300.0,360.0,nested loop,0.005723170212324298,0.003867323741197311,0.0,0.07538118268668546,0.045228709612011274,7
v15,Python,ocr_only,6,300.0,360.0,iteration,0.01201481080022033,-0.0046079842983021355,0.037017612014517344,0.028935466029407754,0.03216832442345159,8
v15,Python,ocr_only,6,300.0,360.0,index,0.015266868517665668,-0.009888061892438597,0.05615147847612104,0.0,0.02246059139044842,9
v15,Python,ocr_only,7,360.0,420.0,for,0.2480668056989252,0.15049158629607476,1.0,0.664292663640932,0.7985755981845593,1
v15,Python,ocr_only,7,360.0,420.0,for loop,0.2093353386291435,0.1060228805499713,0.8395912120815399,0.4929411886131591,0.6316011980005114,2
v15,Python,ocr_only,7,360.0,420.0,range,0.226210331415326,0.09038937175320097,0.9094800477945618,0.43270051492498934,0.6234123280728183,3
v15,Python,ocr_only,7,360.0,420.0,continue,0.00864771812948963,0.23761351363833982,0.008430907810348196,1.0,0.6033723631241392,4
v15,Python,ocr_only,7,360.0,420.0,list,0.08287497113637138,-0.021903982425793368,0.3158477083126042,0.0,0.1263390833250417,5
v15,Python,ocr_only,7,360.0,420.0,nested loop,0.006612035219206337,0.02607349974782843,0.0,0.18487185989866892,0.11092311593920134,6
v15,Python,ocr_only,7,360.0,420.0,break,0.012091334775154606,0.017366668349156376,0.022692861048311763,0.15132178512251443,0.09987021549283337,7
v15,Python,ocr_only,7,360.0,420.0,index,0.011206045642992579,-0.005680746395057349,0.019026380860725712,0.0625130724393505,0.045118395807900585,8
v15,Python,ocr_only,7,360.0,420.0,iteration,0.01794661347923636,-0.015859132148488556,0.04694286320171122,0.023292650279775277,0.032752735448549654,9
v15,Python,ocr_only,8,420.0,480.0,for,0.2437736991275843,0.16189711441979351,1.0,0.9000326866334085,0.9400196119800451,1
v15,Python,ocr_only,8,420.0,480.0,range,0.22211053940037812,0.10395761707504475,0.9086802451490823,0.6159253663225064,0.7330273178531368,2
v15,Python,ocr_only,8,420.0,480.0,for loop,0.20593105308908152,0.08684233167792856,0.8404765877802164,0.5320002704315648,0.6553907973710255,3
v15,Python,ocr_only,8,420.0,480.0,continue,0.008527343155401594,0.18228397344555525,0.00833304894244085,1.0,0.6033332195769763,4
v15,Python,ocr_only,8,420.0,480.0,list,0.08134556896419207,-0.021651276379563184,0.31529392691567054,0.0,0.12611757076626823,5
v15,Python,ocr_only,8,420.0,480.0,break,0.011901977964086877,0.0004811989625807752,0.02255862024972759,0.1085269729540299,0.07413963187230896,6
v15,Python,ocr_only,8,420.0,480.0,nested loop,0.006550551052209604,0.002557274913273185,0.0,0.11870704703378177,0.07122422822026905,7
v15,Python,ocr_only,8,420.0,480.0,index,0.011451899521172862,-0.005420224601607794,0.020661341478386906,0.07958924115313111,0.056018081283233434,8
v15,Python,ocr_only,8,420.0,480.0,iteration,0.017607644628759807,-0.01675118207911678,0.04661051700164164,0.02402769655882642,0.03306082473595251,9
v15,Python,ocr_only,9,480.0,540.0,for,0.245777566105674,0.16472178195157655,1.0,0.9322195474304716,0.959331728458283,1
v15,Python,ocr_only,9,480.0,540.0,range,0.22406557413530176,0.15697368273509155,0.9092555293159319,0.8961251496491421,0.9013773015158582,2
v15,Python,ocr_only,9,480.0,540.0,for loop,0.20774573524214537,0.0914354302191347,0.8410473637994008,0.5908162357969355,0.6909086869979217,3
v15,Python,ocr_only,9,480.0,540.0,continue,0.008783305283858319,0.17927167622127993,0.009491216522915194,1.0,0.6037964866091661,4
v15,Python,ocr_only,9,480.0,540.0,list,0.08263493098295088,-0.035390423515783434,0.31815136582506043,0.0,0.12726054633002418,5
v15,Python,ocr_only,9,480.0,540.0,iteration,0.017865330375070442,0.0016741203330304418,0.047449205857384345,0.172664591906134,0.12257843748663413,6
v15,Python,ocr_only,9,480.0,540.0,nested loop,0.006512387668921158,0.003361943328090482,0.0,0.18052728866130147,0.10831637319678088,7
v15,Python,ocr_only,9,480.0,540.0,break,0.012196251328921945,-0.00449861501948712,0.023755498803196117,0.14390900179461238,0.09584760059804587,8
v15,Python,ocr_only,9,480.0,540.0,index,0.01138247409787753,-0.018285336276956957,0.020354346841338335,0.07968377864456866,0.05595200592327653,9
v15,Python,ocr_only,10,540.0,600.0,for,0.21127909371123388,0.14436455895794215,1.0,0.8573739781852933,0.914424386911176,1
v15,Python,ocr_only,10,540.0,600.0,for loop,0.18006063489874585,0.08049738383377648,0.8478336226210057,0.5111519991513889,0.6458246485392356,2
v15,Python,ocr_only,10,540.0,600.0,continue,0.007519346438784504,0.17067461916244153,0.006825327786353198,1.0,0.6027301311145412,3
v15,Python,ocr_only,10,540.0,600.0,range,0.1910543871402384,0.04125437330283923,0.9014198506420038,0.29841685401846174,0.5396180526678787,4
v15,Python,ocr_only,10,540.0,600.0,list,0.06948737045193396,0.02221622421115708,0.30887258079307445,0.19521163720951132,0.2406760146429366,5
v15,Python,ocr_only,10,540.0,600.0,break,0.010368630483371395,0.017710970086811568,0.020713432698666195,0.17078879408314657,0.11075864952935441,6
v15,Python,ocr_only,10,540.0,600.0,nested loop,0.006119061973515954,0.00714751262473981,0.0,0.1135246182236584,0.06811477093419505,7
v15,Python,ocr_only,10,540.0,600.0,index,0.013297626202000156,-0.008670905785465033,0.034990071739028926,0.02777346175681733,0.030660105749701967,8
v15,Python,ocr_only,10,540.0,600.0,iteration,0.0149929656476097,-0.013794244721879772,0.04325356941569585,0.0,0.01730142776627834,9
v16,Python,ocr_only,1,0.0,60.0,list,0.010497909147428226,0.31035075972727083,0.39529262680108984,1.0,0.7581170507204359,1
v16,Python,ocr_only,1,0.0,60.0,index,0.026038800412793887,-0.018589217827423475,1.0,0.0004864412656851077,0.4002918647594111,2
v16,Python,ocr_only,1,0.0,60.0,for,0.019333450109441812,0.020686687630127484,0.7390899467037007,0.11982979481066997,0.36753385556788226,3
v16,Python,ocr_only,1,0.0,60.0,for loop,0.015020659106719254,0.01148450718042528,0.5712761145443846,0.09186814600844176,0.28363133342281893,4
v16,Python,ocr_only,1,0.0,60.0,continue,0.013996302781075196,0.0015802281088123792,0.5314176654810174,0.06177310771252778,0.24963093081992366,5
v16,Python,ocr_only,1,0.0,60.0,break,0.014027436677525323,-0.01874930567977713,0.5326291080178918,0.0,0.21305164320715672,6
v16,Python,ocr_only,1,0.0,60.0,iteration,0.0003389463112073007,0.07534664191677241,0.0,0.28591895744586626,0.17155137446751975,7
v16,Python,ocr_only,1,0.0,60.0,range,0.005058404059935669,0.0038345673417454072,0.1836375307841538,0.06862311921326919,0.11462888384162304,8
v16,Python,ocr_only,1,0.0,60.0,nested loop,0.0019618579121108664,-0.001029975191539177,0.0631486698130078,0.05384177139655616,0.05756453076313682,9
v16,Python,ocr_only,2,60.0,120.0,list,0.012161406136111986,0.1337073174612224,0.4132640604419651,1.0,0.765305624176786,1
v16,Python,ocr_only,2,60.0,120.0,index,0.028913171994149812,0.005605867254964158,1.0,0.09275013305655826,0.45565007983393496,2
v16,Python,ocr_only,2,60.0,120.0,for,0.022321249886512597,-0.0037903118068515645,0.7691158267077798,0.026203796618654268,0.3233686086543045,3
v16,Python,ocr_only,2,60.0,120.0,continue,0.01637863822633903,0.005537394630585931,0.5609739588349392,0.09226519101057523,0.27974869814032083,4
v16,Python,ocr_only,2,60.0,120.0,for loop,0.017266113593871247,0.0010397794009829036,0.5920580665055213,0.06041183718788137,0.2730703289149374,5
v16,Python,ocr_only,2,60.0,120.0,break,0.016411439882426927,-0.007490223451995646,0.5621228472964238,0.0,0.22484913891856953,6
v16,Python,ocr_only,2,60.0,120.0,range,0.005629957961543239,-0.0010329800440753688,0.18449800593425936,0.04573198205972289,0.10123839160953747,7
v16,Python,ocr_only,2,60.0,120.0,nested loop,0.002283544422788951,0.0036291902648595636,0.06728880491927396,0.07875076042357815,0.07416597822185647,8
v16,Python,ocr_only,2,60.0,120.0,iteration,0.0003623968862600976,0.002727029720619741,0.0,0.07236141016715758,0.043416846100294545,9
v16,Python,ocr_only,3,120.0,180.0,list,0.011571846365598904,0.1046252170177323,0.3938101403735352,1.0,0.7575240561494141,1
v16,Python,ocr_only,3,120.0,180.0,index,0.029065795309380204,0.007490293853689841,1.0,0.1461903357188336,0.4877142014313002,2
v16,Python,ocr_only,3,120.0,180.0,continue,0.016526634599260952,0.007067701988972283,0.5655004999084043,0.14247578068147487,0.31168566837224665,3
v16,Python,ocr_only,3,120.0,180.0,for,0.02096218376244085,-0.0072792020226502465,0.7191984976123538,0.016367426460095313,0.2974998549209987,4
v16,Python,ocr_only,3,120.0,180.0,for loop,0.015794940538864592,-0.0008171977379916594,0.5401462747882461,0.07316802432076483,0.25995932450775733,5
v16,Python,ocr_only,3,120.0,180.0,break,0.016538868721720185,-0.004983989158081185,0.5659244294054007,0.036542198432087364,0.24829509082141268,6
v16,Python,ocr_only,3,120.0,180.0,nested loop,0.002276866675966545,0.004004664277155585,0.07172606139307007,0.11555187818360492,0.09802155146739099,7
v16,Python,ocr_only,3,120.0,180.0,range,0.004206269348145724,-0.0029442045292488437,0.13858256925014734,0.05447177280574506,0.08811609138350597,8
v16,Python,ocr_only,3,120.0,180.0,iteration,0.0002069342347969032,-0.009141266576502525,0.0,0.0,0.0,9
v16,Python,ocr_only,4,180.0,240.0,list,0.019891594824593548,0.031371750798804623,0.34196572743411696,1.0,0.7367862909736468,1
v16,Python,ocr_only,4,180.0,240.0,for,0.05319221230340163,-0.015843108210802568,1.0,0.42951855198765143,0.657711131192591,2
v16,Python,ocr_only,4,180.0,240.0,break,0.013967024242188208,0.023973521725497597,0.2248937092969365,0.9106096571503379,0.6363232780089774,3
v16,Python,ocr_only,4,180.0,240.0,for loop,0.044586901322645624,-0.012150812301089178,0.829955418843853,0.4741313362095584,0.6164609692632763,4
v16,Python,ocr_only,4,180.0,240.0,range,0.03626432765431405,-0.003294647563363549,0.6654978464519384,0.5811374310998468,0.6148815972406835,5
v16,Python,ocr_only,4,180.0,240.0,index,0.025912445106102144,0.003688122229009347,0.46094027310858976,0.6655079175494456,0.5836808597731032,6
v16,Python,ocr_only,4,180.0,240.0,continue,0.013500698139224214,0.0016278175090756336,0.21567890845615106,0.6406139404280631,0.4706399276392983,7
v16,Python,ocr_only,4,180.0,240.0,nested loop,0.003098003704916022,-0.0027349741012262572,0.010117270772964058,0.587899779517094,0.35678677601944203,8
v16,Python,ocr_only,4,180.0,240.0,iteration,0.002586007023305082,-0.051391429623821816,0.0,0.0,0.0,9
v16,Python,ocr_only,5,240.0,300.0,range,0.3329213004705951,0.25915879210645515,0.9250410411769596,1.0,0.9700164164707838,1
v16,Python,ocr_only,5,240.0,300.0,for,0.35948347301919015,0.008221090242693269,1.0,0.22297002457495865,0.5337820147449752,2
v16,Python,ocr_only,5,240.0,300.0,for loop,0.29927808024620256,-0.0007239634033128043,0.8300992304172781,0.19527161671074159,0.4492026621933562,3
v16,Python,ocr_only,5,240.0,300.0,list,0.1266926176264783,-0.024271366952695314,0.34305975492634905,0.122356951973619,0.21063807315471103,4
v16,Python,ocr_only,5,240.0,300.0,break,0.018479354504836076,0.006172093086987961,0.03767985726918033,0.21662529360102126,0.14504711906828488,5
v16,Python,ocr_only,5,240.0,300.0,index,0.005127263092344843,0.0010075939924087628,0.0,0.20063339372014077,0.12038003623208446,6
v16,Python,ocr_only,5,240.0,300.0,nested loop,0.00772469100878729,-0.00552399212919489,0.007329991245189891,0.18040830133321975,0.11117697729800781,7
v16,Python,ocr_only,5,240.0,300.0,continue,0.013200903214597192,-0.013112197835344801,0.02278396679973269,0.15691138058525259,0.10326041507104464,8
v16,Python,ocr_only,5,240.0,300.0,iteration,0.02745759227891752,-0.06378589445663019,0.06301661593903671,0.0,0.025206646375614684,9
v16,Python,ocr_only,6,300.0,360.0,range,0.27288373430539214,0.28751723034247667,0.922269349436514,1.0,0.9689077397746055,1
v16,Python,ocr_only,6,300.0,360.0,for,0.29536343251508534,0.0138151542135171,1.0,0.18322992991774156,0.509937957950645,2
v16,Python,ocr_only,6,300.0,360.0,for loop,0.2509785266847818,0.010228236596559713,0.846525181378952,0.17252600324383063,0.4421256744978792,3
v16,Python,ocr_only,6,300.0,360.0,list,0.10732524314274917,-0.036775486189974456,0.34979862032181763,0.03225949705775459,0.1592751463633798,4
v16,Python,ocr_only,6,300.0,360.0,index,0.009834207546797862,0.0018742877380538356,0.012692599133613288,0.14759650511532338,0.09363494272263934,5
v16,Python,ocr_only,6,300.0,360.0,nested loop,0.006163508846197102,0.00220757809461807,0.0,0.14859109599215856,0.08915465759529513,6
v16,Python,ocr_only,6,300.0,360.0,continue,0.012215590479638948,-0.003996526034234742,0.020926982125939343,0.1300770728769916,0.08641703657657071,7
v16,Python,ocr_only,6,300.0,360.0,break,0.016541484776594773,-0.01536899116431043,0.03588512679650517,0.09613984714355057,0.07203795900473241,8
v16,Python,ocr_only,6,300.0,360.0,iteration,0.023074456890587618,-0.047585739458307685,0.05847493951537917,0.0,0.02338997580615167,9
v17,Python,ocr_only,1,0.0,60.0,for,0.3879928715679114,0.4055607290658895,1.0,1.0,1.0,1
v17,Python,ocr_only,1,0.0,60.0,for loop,0.3225842664129929,0.33320209892039565,0.8297723152070926,0.8394477446029629,0.8355775728446148,2
v17,Python,ocr_only,1,0.0,60.0,list,0.13796134280470454,0.3626165130394481,0.3492861043927733,0.9047136364323208,0.6825426236165019,3
v17,Python,ocr_only,1,0.0,60.0,range,0.36059821280131066,0.10273772614716646,0.9287046509173342,0.3280840722530972,0.5683323037187921,4
v17,Python,ocr_only,1,0.0,60.0,nested loop,0.007907011819136424,0.15354000245374266,0.010816149124219845,0.44080621782058355,0.268810190342038,5
v17,Python,ocr_only,1,0.0,60.0,break,0.020026744185773434,0.08466662059778143,0.042358084259449424,0.2879871723029762,0.18973553708556548,6
v17,Python,ocr_only,1,0.0,60.0,continue,0.014261055850736682,0.06523655971806219,0.027352722592033175,0.24487496729760086,0.15786606941537376,7
v17,Python,ocr_only,1,0.0,60.0,iteration,0.029928121804186286,-0.0016837893853828868,0.0681266904581399,0.09638938984938974,0.0850843100928898,8
v17,Python,ocr_only,1,0.0,60.0,index,0.0037509943756548086,-0.04512512375227791,0.0,0.0,0.0,9
v17,Python,ocr_only,2,60.0,120.0,for loop,0.30564656879322255,0.46886135333804946,0.8602188166960735,1.0,0.9440875266784294,1
v17,Python,ocr_only,2,60.0,120.0,for,0.3541915849921724,0.422151524118281,1.0,0.901236731143478,0.9407420386860869,2
v17,Python,ocr_only,2,60.0,120.0,list,0.13929017264652582,0.4557086720341762,0.3812099353669728,0.9721899689744782,0.7357979555314761,3
v17,Python,ocr_only,2,60.0,120.0,range,0.3262278275732984,0.10815792660958928,0.9194807745945561,0.2373286285453834,0.5101894869650525,4
v17,Python,ocr_only,2,60.0,120.0,nested loop,0.006898658637426133,0.29081328105119447,0.0,0.6235351332603458,0.37412107995620747,5
v17,Python,ocr_only,2,60.0,120.0,break,0.02239387593344672,0.15798224571598382,0.044617140517837155,0.34267717521520114,0.22345316133625553,6
v17,Python,ocr_only,2,60.0,120.0,continue,0.017247900731690448,0.14471408931789517,0.029799749171087245,0.31462298363575036,0.20069368984988512,7
v17,Python,ocr_only,2,60.0,120.0,iteration,0.029556754697865045,0.06338479587821474,0.06524203155607766,0.1426603152195982,0.11169300175418999,8
v17,Python,ocr_only,2,60.0,120.0,index,0.008115186697712776,-0.0040860263970821376,0.0035028875279884252,0.0,0.0014011550111953702,9
v17,Python,ocr_only,3,120.0,180.0,for,0.274554367911295,0.09506831389667114,1.0,1.0,1.0,1
v17,Python,ocr_only,3,120.0,180.0,for loop,0.22644583384609007,0.03947041031160049,0.8207744069241711,0.5456536806221187,0.6557019711429397,2
v17,Python,ocr_only,3,120.0,180.0,range,0.24975960006783585,0.02172241563905062,0.9076285100290443,0.4006169879440772,0.6034215967780641,3
v17,Python,ocr_only,3,120.0,180.0,index,0.011875891515286318,0.016818494092777834,0.02140635471202144,0.36054211890413695,0.22488781322729073,4
v17,Python,ocr_only,3,120.0,180.0,list,0.0998062387330908,-0.014587160229600205,0.3489858358933598,0.10389496984044302,0.20193131626160973,5
v17,Python,ocr_only,3,120.0,180.0,break,0.020298833674629205,0.0005511129401684102,0.05278554414867221,0.2276050066028402,0.157677221621173,6
v17,Python,ocr_only,3,120.0,180.0,continue,0.016303472863584894,-0.009826087975970614,0.037901055880108475,0.14280247381528036,0.10084190664121159,7
v17,Python,ocr_only,3,120.0,180.0,iteration,0.020753949627521008,-0.02730068352626099,0.054481052610117923,0.0,0.02179242104404717,8
v17,Python,ocr_only,3,120.0,180.0,nested loop,0.0061299021886423765,-0.023079817975498403,0.0,0.03449293235748607,0.020695759414491643,9
v17,Python,ocr_only,4,180.0,240.0,for,0.3183714358139687,0.12979764536874064,1.0,1.0,1.0,1
v17,Python,ocr_only,4,180.0,240.0,range,0.29221237633298874,0.10887075135758233,0.916043561799194,0.8737914855743557,0.890692316064291,2
v17,Python,ocr_only,4,180.0,240.0,for loop,0.2629204874462902,0.06929323843448355,0.8220324349508041,0.6351024996205552,0.7098744737526548,3
v17,Python,ocr_only,4,180.0,240.0,index,0.008891790362841549,0.007995296591591943,0.006737656351261323,0.2654192502470049,0.16194661268870747,4
v17,Python,ocr_only,4,180.0,240.0,list,0.11507764097314024,-0.036014416570134135,0.34753682808928105,0.0,0.13901473123571242,5
v17,Python,ocr_only,4,180.0,240.0,continue,0.016231286200386972,-0.00872727828615719,0.030293469936913658,0.16456666641077125,0.1108573878212282,6
v17,Python,ocr_only,4,180.0,240.0,iteration,0.02431436345342408,-0.011804462674953477,0.05623577785361742,0.14600840018565994,0.11009935125284293,7
v17,Python,ocr_only,4,180.0,240.0,nested loop,0.006792478421647797,-0.008546486419866023,0.0,0.1656570084774287,0.09939420508645722,8
v17,Python,ocr_only,4,180.0,240.0,break,0.02091470592877318,-0.01390041167394575,0.04532471520322712,0.13336789035492805,0.09815062029424768,9
v17,Python,ocr_only,5,240.0,300.0,for,0.09677852959083542,0.0536822604547431,1.0,1.0,1.0,1
v17,Python,ocr_only,5,240.0,300.0,range,0.08952344859517833,0.02906199919168035,0.9235008701151532,0.6844833716199077,0.7800903710180059,2
v17,Python,ocr_only,5,240.0,300.0,for loop,0.09671657454722986,0.014272514886332398,0.9993467327338398,0.49495133645403916,0.6967094949659594,3
v17,Python,ocr_only,5,240.0,300.0,list,0.03383352665132725,0.011419006203854838,0.3362943903239804,0.4583826977654082,0.40954737478883707,4
v17,Python,ocr_only,5,240.0,300.0,iteration,0.0073868570630874165,0.009013691734388034,0.0574350346443614,0.42755781319204245,0.27950870177297,5
v17,Python,ocr_only,5,240.0,300.0,index,0.02380787161047773,-0.010646706481642938,0.23058173355147618,0.17560343742599094,0.19759475587618502,6
v17,Python,ocr_only,5,240.0,300.0,nested loop,0.0019397908159227671,-0.011069902251937786,0.0,0.1701800464570059,0.10210802787420355,7
v17,Python,ocr_only,5,240.0,300.0,break,0.004993322978514216,-0.015605552101286403,0.03219709795844722,0.11205422347371541,0.08011137326760813,8
v17,Python,ocr_only,5,240.0,300.0,continue,0.003581631690451543,-0.02434932028782094,0.0173119222770926,0.0,0.00692476891083704,9
v17,Python,ocr_only,6,300.0,360.0,for,0.32442770925048525,0.01443581511156081,1.0,0.9499455307522182,0.9699673184513309,1
v17,Python,ocr_only,6,300.0,360.0,for loop,0.27336953725514723,0.016742919527832124,0.8393204483188916,1.0,0.9357281793275567,2
v17,Python,ocr_only,6,300.0,360.0,range,0.2997906741084099,-0.013850492880142057,0.9224674991940207,0.3362515325446085,0.5707379192043733,3
v17,Python,ocr_only,6,300.0,360.0,break,0.018653135457656456,0.0011923735421382447,0.03773050400237967,0.6626185098786639,0.41266330752815017,4
v17,Python,ocr_only,6,300.0,360.0,nested loop,0.006663740773212676,0.0021413043622495556,0.0,0.6832063203906387,0.4099237922343832,5
v17,Python,ocr_only,6,300.0,360.0,continue,0.013886866007924221,-0.0023363981815583356,0.02273110217412257,0.5860589946350154,0.3607278376506583,6
v17,Python,ocr_only,6,300.0,360.0,list,0.11901370850373316,-0.024277291311136356,0.35356421393181364,0.11003382963694443,0.20744598335489212,7
v17,Python,ocr_only,6,300.0,360.0,index,0.007515686760600571,-0.016344147839146055,0.002681065419312413,0.2821497005773441,0.17036224651413143,8
v17,Python,ocr_only,6,300.0,360.0,iteration,0.025521095425397964,-0.029348957000726896,0.059343904667825874,0.0,0.02373756186713035,9
v18,Python,ocr_only,1,0.0,60.0,continue,0.008727824744599526,0.4444486150563087,0.008909685496142164,1.0,0.6035638741984568,1
v18,Python,ocr_only,1,0.0,60.0,for,0.2477877271264502,-0.033947775526698615,1.0,0.0,0.4,2
v18,Python,ocr_only,1,0.0,60.0,range,0.2259617636821854,-0.014380090290039733,0.909514306837731,0.040902660684400925,0.388347319145733,3
v18,Python,ocr_only,1,0.0,60.0,for loop,0.20921261860574383,-0.0061169247216411446,0.840075997459665,0.05817529428083863,0.37093557555236917,4
v18,Python,ocr_only,1,0.0,60.0,list,0.0830279354732474,0.009860729125476302,0.3169417702415999,0.09157365213141931,0.18172089937549155,5
v18,Python,ocr_only,1,0.0,60.0,iteration,0.017968156156035052,0.009557631912580812,0.04721808800712212,0.09094008294306045,0.07345128496868512,6
v18,Python,ocr_only,1,0.0,60.0,index,0.011242110242032009,0.014279692534095136,0.01933336583556838,0.10081068546947101,0.06821975761590995,7
v18,Python,ocr_only,1,0.0,60.0,nested loop,0.00657872842735119,0.01362805015274329,0.0,0.09944854646888678,0.059669127881332065,8
v18,Python,ocr_only,1,0.0,60.0,break,0.012169638829245046,-0.009518467659148155,0.02317869744514942,0.0510649920200677,0.03991047419010039,9
v18,Python,ocr_only,2,60.0,120.0,for loop,0.05236245810450635,0.022392260176966283,1.0,0.9169966684615113,0.9501980010769068,1
v18,Python,ocr_only,2,60.0,120.0,for,0.05098118877876434,0.016305264641676358,0.9725376551407203,0.8585669282689615,0.9041552190176652,2
v18,Python,ocr_only,2,60.0,120.0,range,0.037845022192024305,0.012152213364546941,0.711364884406664,0.8187013318968015,0.7757667529007465,3
v18,Python,ocr_only,2,60.0,120.0,break,0.0027466838527723286,0.03103924212184566,0.013541039703224112,1.0,0.6054164158812896,4
v18,Python,ocr_only,2,60.0,120.0,index,0.022383739150149795,-0.0011268867489666622,0.40396423563398737,0.6912337881594787,0.5763259671492822,5
v18,Python,ocr_only,2,60.0,120.0,nested loop,0.004008347328856333,0.011362253315215232,0.038625385551535565,0.8111184184253942,0.5021212052758507,6
v18,Python,ocr_only,2,60.0,120.0,iteration,0.002065612266330649,-0.013966417868735533,0.0,0.5679857155803487,0.3407914293482092,7
v18,Python,ocr_only,2,60.0,120.0,list,0.01082280756819075,-0.03599535283280691,0.17411022810526464,0.3565275439410036,0.28356061760670803,8
v18,Python,ocr_only,2,60.0,120.0,continue,0.0024904091441750264,-0.0731370817028163,0.008445795571577435,0.0,0.0033783182286309743,9
v19,Python,ocr_only,1,0.0,60.0,list,0.15794111775452171,0.1492208633267457,0.35676526135029285,1.0,0.7427061045401171,1
v19,Python,ocr_only,1,0.0,60.0,for,0.44169935087946205,0.05177270859686926,1.0,0.3300495320545439,0.5980297192327264,2
v19,Python,ocr_only,1,0.0,60.0,for loop,0.36522526715337167,0.049800760557744725,0.8266454272804532,0.31649250252188954,0.520553672425315,3
v19,Python,ocr_only,1,0.0,60.0,range,0.41158652355157654,0.01932532138310033,0.9317390145725652,0.10697560820519626,0.4368809707521439,4
v19,Python,ocr_only,1,0.0,60.0,iteration,0.03428842103383371,0.09365097484625201,0.07646428406219995,0.617960207718848,0.40136183825618876,5
v19,Python,ocr_only,1,0.0,60.0,break,0.02280398462417587,0.025340283329509803,0.05043089510585969,0.14832812618607982,0.10916923375399178,6
v19,Python,ocr_only,1,0.0,60.0,continue,0.01618316173347753,0.018043047969062236,0.03542254368343877,0.09816005211642138,0.07306504874322833,7
v19,Python,ocr_only,1,0.0,60.0,index,0.0005567693693091929,0.017575892007392707,0.0,0.09494838170571368,0.05696902902342821,8
v19,Python,ocr_only,1,0.0,60.0,nested loop,0.00867200084336412,0.003765102949830544,0.018395937762966,0.0,0.007358375105186401,9
v19,Python,ocr_only,2,60.0,120.0,list,0.1581522711980506,0.15681188584058206,0.3567843994749981,1.0,0.7427137597899992,1
v19,Python,ocr_only,2,60.0,120.0,for,0.4423354044421267,0.04784137791228168,1.0,0.3285706283616053,0.5971423770169632,2
v19,Python,ocr_only,2,60.0,120.0,for loop,0.36572351574225437,0.03842661852080516,0.8265978651339604,0.2705609328712894,0.49297570577635785,3
v19,Python,ocr_only,2,60.0,120.0,range,0.4121928076455077,0.013903553471613105,0.931775724060061,0.1194603601598145,0.4443865057199131,4
v19,Python,ocr_only,2,60.0,120.0,iteration,0.034335969763050596,0.09967765757820181,0.07654054484096065,0.6479634746082356,0.41939430270132555,5
v19,Python,ocr_only,2,60.0,120.0,index,0.0005191098557986704,0.011938742568946344,0.0,0.10735404098367715,0.06441242459020628,6
v19,Python,ocr_only,2,60.0,120.0,break,0.022826540843439946,0.003945439122821383,0.050490285806519854,0.05810274526907886,0.05505776148405526,7
v19,Python,ocr_only,2,60.0,120.0,continue,0.016195661822441802,-0.0023279211308177986,0.03548205930548819,0.019448999285498654,0.02586222329349447,8
v19,Python,ocr_only,2,60.0,120.0,nested loop,0.008682905683630586,-0.00548442190418484,0.01847780611051402,0.0,0.007391122444205609,9
v19,Python,ocr_only,3,120.0,180.0,for loop,0.3658238198972632,0.0283268402362447,0.8265882746036537,0.7108986398869206,0.7571744937736138,1
v19,Python,ocr_only,3,120.0,180.0,list,0.15819476042698066,0.0419741923161649,0.3567882239195287,1.0,0.7427152895678115,2
v19,Python,ocr_only,3,120.0,180.0,for,0.44246347413470144,0.017489960087262255,1.0,0.4813334632793003,0.6888000779675802,3
v19,Python,ocr_only,3,120.0,180.0,range,0.41231490397582615,0.016968834556911113,0.9317831529708358,0.4702940983730609,0.6548897202121708,4
v19,Python,ocr_only,3,120.0,180.0,iteration,0.03434554133446186,0.032046482313808355,0.07655592139261565,0.7896944075537998,0.5044390130893261,5
v19,Python,ocr_only,3,120.0,180.0,break,0.02283106093089803,0.009575159524490074,0.05050222981882174,0.3136687328377169,0.20840213163015883,6
v19,Python,ocr_only,3,120.0,180.0,nested loop,0.008685099851365953,0.0007368907166707322,0.018494315083307462,0.12644153166181546,0.08326264503041227,7
v19,Python,ocr_only,3,120.0,180.0,continue,0.016198156550496036,-0.004983196020408056,0.035494028066880484,0.005268952104248021,0.017358982489301008,8
v19,Python,ocr_only,3,120.0,180.0,index,0.000511500804915395,-0.005231922779876719,0.0,0.0,0.0,9
v19,Python,ocr_only,4,180.0,240.0,for loop,0.36571031756642236,0.023102882111457685,0.8265990821829381,1.0,0.9306396328731752,1
v19,Python,ocr_only,4,180.0,240.0,range,0.41217678784159717,0.018095214579238284,0.9317747979116027,0.8539275776755162,0.8850664657699507,2
v19,Python,ocr_only,4,180.0,240.0,for,0.4423185777300239,0.006829116204900648,1.0,0.5252982768888346,0.7151789661333008,3
v19,Python,ocr_only,4,180.0,240.0,list,0.158146622900481,0.011412919450439055,0.3567837504718132,0.6590066828935507,0.5381175099248556,4
v19,Python,ocr_only,4,180.0,240.0,break,0.0228259173135981,0.017343613352529035,0.05048865255015896,0.8320035559426247,0.5193975945856384,5
v19,Python,ocr_only,4,180.0,240.0,iteration,0.03433470257700034,0.016572323951989563,0.07653850570400461,0.8095052350526859,0.5163185433132134,6
v19,Python,ocr_only,4,180.0,240.0,nested loop,0.008682617916273751,0.002427384350748705,0.018475641274088194,0.39690084830118816,0.24553076549034816,7
v19,Python,ocr_only,4,180.0,240.0,continue,0.01619530377363331,-0.006692809842446561,0.03548042143950899,0.1308670412845931,0.09271239334655945,8
v19,Python,ocr_only,4,180.0,240.0,index,0.0005201078717308639,-0.01117920517463808,0.0,0.0,0.0,9
v19,Python,ocr_only,5,240.0,300.0,for loop,0.3657553038736871,0.0439673036998714,0.8265948404766729,0.49764722396953087,0.6292262705723877,1
v19,Python,ocr_only,5,240.0,300.0,break,0.022827968631773513,0.08824756910013731,0.05049406631205086,1.0,0.6201976265248204,2
v19,Python,ocr_only,5,240.0,300.0,for,0.442375984141067,0.027491442609218365,1.0,0.31073112304814293,0.5864386738288858,3
v19,Python,ocr_only,5,240.0,300.0,list,0.15816573447479926,0.06473049351820968,0.35678561571678563,0.7332024075305393,0.5826356908050379,4
v19,Python,ocr_only,5,240.0,300.0,range,0.41223149778902646,0.017969313445180726,0.9317780859373321,0.20270403748224944,0.49433365686428254,5
v19,Python,ocr_only,5,240.0,300.0,iteration,0.034339003258129365,0.0427225007112587,0.07654542462283809,0.48352512620683635,0.320733245573237,6
v19,Python,ocr_only,5,240.0,300.0,continue,0.016196447864078083,0.00803661406708728,0.03548584773983789,0.09001909621196987,0.06820579682311707,7
v19,Python,ocr_only,5,240.0,300.0,nested loop,0.00868360066481498,0.008370664872126097,0.01848304298116971,0.09380885103230693,0.06367852781185204,8
v19,Python,ocr_only,5,240.0,300.0,index,0.0005166964589575193,0.00010181274508496957,0.0,0.0,0.0,9
v19,Python,ocr_only,6,300.0,360.0,list,0.15814766131583616,0.1139468865672797,0.35678397579642007,1.0,0.742713590318568,1
v19,Python,ocr_only,6,300.0,360.0,for,0.44232155409408364,0.049690424475122445,1.0,0.4453010524931506,0.6671806314958904,2
v19,Python,ocr_only,6,300.0,360.0,for loop,0.36571265585949286,0.04369807632888663,0.8265988812015104,0.39357163724703287,0.5667825348288239,3
v19,Python,ocr_only,6,300.0,360.0,range,0.41217961029144407,0.02194050993940582,0.931774938700542,0.20574773932924728,0.49615861907776515,4
v19,Python,ocr_only,6,300.0,360.0,iteration,0.034334933001209524,0.0714076089778694,0.07653891150236398,0.63277635060727,0.4102813749653076,5
v19,Python,ocr_only,6,300.0,360.0,break,0.02282604100316876,0.004434091889228764,0.05048900353370759,0.05462221279277525,0.05296892908914819,6
v19,Python,ocr_only,6,300.0,360.0,index,0.0005199165647525637,0.0030808712657076974,0.0,0.04294042965110248,0.025764257790661486,7
v19,Python,ocr_only,6,300.0,360.0,continue,0.016195380935928302,-0.00027040301303881743,0.03548077471789599,0.01401029165873457,0.02259848488239914,8
v19,Python,ocr_only,6,300.0,360.0,nested loop,0.008682668763083452,-0.0018933586341298937,0.018476056910922984,0.0,0.007390422764369194,9
v19,Python,ocr_only,7,360.0,420.0,for,0.4422708819014758,0.10093040182817828,1.0,1.0,1.0,1
v19,Python,ocr_only,7,360.0,420.0,range,0.41213130926265146,0.09676081214205723,0.93177201243814,0.9614373813219941,0.9495712337684524,2
v19,Python,ocr_only,7,360.0,420.0,for loop,0.36567297382776626,0.07182192353941247,0.8266026800729911,0.7307890624626551,0.7691145095067895,3
v19,Python,ocr_only,7,360.0,420.0,list,0.15813082072309811,0.06606062774084527,0.35678236741379704,0.6775054854932318,0.5492162382614578,4
v19,Python,ocr_only,7,360.0,420.0,iteration,0.034331141133473526,0.032703694777529074,0.07653277328641873,0.3690025432459724,0.25201463526215095,5
v19,Python,ocr_only,7,360.0,420.0,continue,0.01619438439237213,0.017612417278608707,0.0354759730400097,0.22943025355714414,0.15184854135029036,6
v19,Python,ocr_only,7,360.0,420.0,index,0.0005229465472662473,0.005867280406922324,0.0,0.1208048806550008,0.07248292839300047,7
v19,Python,ocr_only,7,360.0,420.0,nested loop,0.00868180059814465,-0.0016417213855077527,0.018469478627752584,0.051357574187940014,0.03820233596386504,8
v19,Python,ocr_only,7,360.0,420.0,break,0.02282424342254162,-0.00719476780660999,0.05048421303292201,0.0,0.020193685213168805,9
v19,Python,ocr_only,8,420.0,480.0,for,0.44240299779351383,0.10332262937298907,1.0,1.0,1.0,1
v19,Python,ocr_only,8,420.0,480.0,range,0.41225727413389723,0.08669762900187301,0.9317797039807799,0.8224853172431803,0.8662030719382201,2
v19,Python,ocr_only,8,420.0,480.0,for loop,0.36577643043999436,0.0853048481154301,0.8265927477204144,0.8076137953371584,0.8152053762904607,3
v19,Python,ocr_only,8,420.0,480.0,list,0.15817465195927416,0.05922173237784903,0.35678631872286876,0.5291093795712243,0.46018015523188205,4
v19,Python,ocr_only,8,420.0,480.0,continue,0.016196960702644668,0.05408630595498033,0.03548833845153058,0.474275480507959,0.29876062368538764,5
v19,Python,ocr_only,8,420.0,480.0,iteration,0.03434101505204819,0.01875181749607284,0.07654864845375095,0.09698884176267533,0.08881276443910557,6
v19,Python,ocr_only,8,420.0,480.0,break,0.02282890988504462,0.018841198866461243,0.05049655459244321,0.09794321801859611,0.07896455264813496,7
v19,Python,ocr_only,8,420.0,480.0,nested loop,0.00868406032789912,0.010109892380201473,0.0184865144676319,0.004714041094558791,0.010223030443788035,8
v19,Python,ocr_only,8,420.0,480.0,index,0.0005150931863064343,0.009668402506071693,0.0,0.0,0.0,9
v19,Python,ocr_only,9,480.0,540.0,range,0.41197069674515147,0.1398748773366575,0.9317622499507847,1.0,0.9727048999803138,1
v19,Python,ocr_only,9,480.0,540.0,for,0.4421024031190883,0.11535755971935838,1.0,0.8729464003146795,0.9237678401888078,2
v19,Python,ocr_only,9,480.0,540.0,for loop,0.3655410442544253,0.0860763002605888,0.826615366391792,0.7212051097041796,0.7633692123792246,3
v19,Python,ocr_only,9,480.0,540.0,continue,0.016191106108985255,0.0406508187483667,0.03546024682984957,0.48580126032489374,0.30566485492687606,4
v19,Python,ocr_only,9,480.0,540.0,list,0.15807496781142844,-0.039905031998468746,0.35677744575368087,0.06834487407335575,0.18371790274548583,5
v19,Python,ocr_only,9,480.0,540.0,nested loop,0.008678909550848974,0.0016682871988596426,0.01844775557916893,0.2837860547659968,0.17765073509126564,6
v19,Python,ocr_only,9,480.0,540.0,break,0.022818301011759523,-0.008920732496304824,0.050468519633613075,0.22891165576322325,0.15753440131137916,7
v19,Python,ocr_only,9,480.0,540.0,index,0.000532944099632196,-0.011990719051052437,0.0,0.2130023769075705,0.1278014261445423,8
v19,Python,ocr_only,9,480.0,540.0,iteration,0.03431855833609783,-0.05309342641878342,0.07651257021146698,0.0,0.030605028084586795,9
v19,Python,ocr_only,10,540.0,600.0,range,0.39139242062405977,0.1262753906195351,0.9315997460496408,1.0,0.9726398984198563,1
v19,Python,ocr_only,10,540.0,600.0,for,0.4200363239313223,0.10698991278538406,1.0,0.8951638048282229,0.9370982828969338,2
v19,Python,ocr_only,10,540.0,600.0,for loop,0.3476021392607189,0.07427316888288622,0.8270306747998171,0.7173150121437303,0.7612012772061649,3
v19,Python,ocr_only,10,540.0,600.0,continue,0.015387956826908073,0.02385548816213856,0.03371929538937945,0.44324361699329157,0.2794338883517267,4
v19,Python,ocr_only,10,540.0,600.0,list,0.15017358184129492,-0.03131507380184372,0.3555808406175545,0.14333547618744202,0.22823362195948702,5
v19,Python,ocr_only,10,540.0,600.0,nested loop,0.008248481504758829,-0.004743502228061517,0.016670574065721228,0.28777900449852045,0.17933563232540076,6
v19,Python,ocr_only,10,540.0,600.0,break,0.021683423899854535,-0.010533070663763248,0.04875256588699641,0.25630680911372283,0.17328511182303225,7
v19,Python,ocr_only,10,540.0,600.0,index,0.0012673625170775062,-0.016883473948855303,0.0,0.22178590566810116,0.1330715434008607,8
v19,Python,ocr_only,10,540.0,600.0,iteration,0.03260451160740662,-0.05768281010065758,0.07483159445365511,0.0,0.029932637781462046,9
v19,Python,ocr_only,11,600.0,660.0,range,0.40881039469867525,0.14395533418232398,0.9315683979078386,1.0,0.9726273591631355,1
v19,Python,ocr_only,11,600.0,660.0,for,0.438787388849085,0.09120915276336415,1.0,0.6743481801220047,0.8046089080732028,2
v19,Python,ocr_only,11,600.0,660.0,for loop,0.3629444899343114,0.055972346523790045,0.8268655271435592,0.45679821214496946,0.6048251381444054,3
v19,Python,ocr_only,11,600.0,660.0,list,0.15697484007885662,0.034301310376411244,0.35667718700347195,0.32300251034846017,0.3364723810104649,4
v19,Python,ocr_only,11,600.0,660.0,continue,0.01612633048698871,0.013047525461178835,0.03514764620616965,0.19178289310327673,0.1291287943444339,5
v19,Python,ocr_only,11,600.0,660.0,iteration,0.03407076263849239,0.006659736443206575,0.07611126766201531,0.1523450596385853,0.12185154284795731,6
v19,Python,ocr_only,11,600.0,660.0,break,0.022701100041924542,0.003917418090502178,0.050156556431575794,0.13541414751909667,0.10131111108408832,7
v19,Python,ocr_only,11,600.0,660.0,nested loop,0.008622132780106581,-0.010563770172722507,0.018017033679721666,0.04600814342455455,0.0348116995266214,8
v19,Python,ocr_only,11,600.0,660.0,index,0.0007296314106754098,-0.01801575948059819,0.0,0.0,0.0,9
v2,Python,ocr_only,1,0.0,60.0,for,0.44119669754131413,0.3110673240285074,1.0,1.0,1.0,1
v2,Python,ocr_only,1,0.0,60.0,range,0.41110726653623614,0.19983972094574526,0.9317096084391392,0.6545215817271127,0.7653967924119234,2
v2,Python,ocr_only,1,0.0,60.0,for loop,0.36483159499524304,0.16405126655183097,0.8266832379257559,0.5433608781449185,0.6566898220572535,3
v2,Python,ocr_only,1,0.0,60.0,list,0.15777431759110475,0.24115014534276308,0.3567500395522781,0.7828337963510674,0.6124002936315517,4
v2,Python,ocr_only,1,0.0,60.0,break,0.022786250863114657,0.007070690784069082,0.05038373002178785,0.05577147126486958,0.053616374767636886,5
v2,Python,ocr_only,1,0.0,60.0,iteration,0.03425084382355649,-0.0037117658103179,0.07640354881538129,0.022280629548599717,0.04392979725531235,6
v2,Python,ocr_only,1,0.0,60.0,index,0.0005866744129199452,0.0033232319444892887,0.0,0.044131679373665716,0.02647900762419943,7
v2,Python,ocr_only,1,0.0,60.0,nested loop,0.00866340334355204,-0.0023006892580787587,0.0183307880135957,0.026663502880562125,0.023330416933775553,8
v2,Python,ocr_only,1,0.0,60.0,continue,0.016173379437519342,-0.010885067784591178,0.03537528473349644,0.0,0.014150113893398576,9
v2,Python,ocr_only,2,60.0,120.0,for,0.44178310834162454,0.23725871107925123,1.0,1.0,1.0,1
v2,Python,ocr_only,2,60.0,120.0,range,0.41166628078102513,0.15331029622927744,0.9317436602110959,0.6529566339437968,0.7644714444507164,2
v2,Python,ocr_only,2,60.0,120.0,list,0.157969014020537,0.23321604174886645,0.35676786607484673,0.9832875751760625,0.7326796915355762,3
v2,Python,ocr_only,2,60.0,120.0,for loop,0.36529097924671144,0.13300730281477954,0.8266393515660455,0.5690239094465399,0.6720700862943422,4
v2,Python,ocr_only,2,60.0,120.0,iteration,0.03429469221785671,0.012151815023702103,0.07647418258044866,0.0694064316855172,0.07223353204348978,5
v2,Python,ocr_only,2,60.0,120.0,break,0.022807010698252715,0.010327714910107488,0.05043866832812352,0.06186558836433356,0.05729482034984955,6
v2,Python,ocr_only,2,60.0,120.0,continue,0.01618486677020652,0.0030634231946411058,0.03543033768060584,0.031834952843043184,0.033273106778068245,7
v2,Python,ocr_only,2,60.0,120.0,nested loop,0.00867344755032616,0.005509834553691186,0.01840656645047118,0.04194843544209116,0.03253168784544317,8
v2,Python,ocr_only,2,60.0,120.0,index,0.0005518959188442903,-0.004637325730103748,0.0,0.0,0.0,9
v2,Python,ocr_only,3,120.0,180.0,for,0.44178425081404127,0.24876001555750382,1.0,1.0,1.0,1
v2,Python,ocr_only,3,120.0,180.0,range,0.41166737916766577,0.16044512676650124,0.9317437491453147,0.6520536040711122,0.7639296621007932,2
v2,Python,ocr_only,3,120.0,180.0,list,0.15796936196736888,0.2284173337760644,0.3567678450512473,0.9198531198275006,0.6946190099169993,3
v2,Python,ocr_only,3,120.0,180.0,for loop,0.3652918321824286,0.1351367492135734,0.8266391750144041,0.552342684690484,0.6620612808200521,4
v2,Python,ocr_only,3,120.0,180.0,iteration,0.03429477178205753,0.006274966081706675,0.07647432880700822,0.044648074783768955,0.057378576393064665,5
v2,Python,ocr_only,3,120.0,180.0,break,0.022807047723315592,0.0032552548351766804,0.050438790179035894,0.032750900260201145,0.039826056227735045,6
v2,Python,ocr_only,3,120.0,180.0,continue,0.016184885056844626,0.003120705048646424,0.03543045858767781,0.03222079583571396,0.033504660936499495,7
v2,Python,ocr_only,3,120.0,180.0,nested loop,0.00867346626822092,0.003312252344811449,0.018406735435721595,0.03297546124109387,0.027147970918944962,8
v2,Python,ocr_only,3,120.0,180.0,index,0.0005518176044726932,-0.005057497209756181,0.0,0.0,0.0,9
v2,Python,ocr_only,4,180.0,240.0,for,0.44155995265760856,0.2667610854789182,1.0,1.0,1.0,1
v2,Python,ocr_only,4,180.0,240.0,range,0.4114535554273972,0.16741169547488577,0.9317307258081544,0.6333680868451079,0.7527131424303266,2
v2,Python,ocr_only,4,180.0,240.0,list,0.15789485865492203,0.23249749514009155,0.3567609590398965,0.8735560864845812,0.6668380355067073,3
v2,Python,ocr_only,4,180.0,240.0,for loop,0.36511610765135705,0.14298013176546556,0.8266559171758429,0.5432075841607251,0.6565869173667722,4
v2,Python,ocr_only,4,180.0,240.0,iteration,0.03427799411677203,0.008242081507707047,0.07644732485245731,0.04597987960454236,0.058166857703708344,5
v2,Python,ocr_only,4,180.0,240.0,break,0.022799096404542852,0.003398863326288504,0.050417773413803754,0.02810681216439033,0.037031196664155705,6
v2,Python,ocr_only,4,180.0,240.0,continue,0.01618048084511314,0.002291460736153451,0.03540939904931157,0.02402013251555285,0.02857583912905634,7
v2,Python,ocr_only,4,180.0,240.0,nested loop,0.00866962876516966,0.004693874976192113,0.018377788918774025,0.032885830925781435,0.027082614122978473,8
v2,Python,ocr_only,4,180.0,240.0,index,0.0005651187941573356,-0.004217480323290048,0.0,0.0,0.0,9
v2,Python,ocr_only,5,240.0,300.0,for,0.44172336323191197,0.2355204768125571,1.0,1.0,1.0,1
v2,Python,ocr_only,5,240.0,300.0,range,0.4116093406091362,0.15573489672223825,0.9317402312345663,0.664188837391276,0.7712093949285921,2
v2,Python,ocr_only,5,240.0,300.0,list,0.15794903145583822,0.23151403124870737,0.3567657661932516,0.9831371891862926,0.7325886199890762,3
v2,Python,ocr_only,5,240.0,300.0,for loop,0.36524405703708673,0.13677541069069957,0.826643559992173,0.5843898682102847,0.68129134492304,4
v2,Python,ocr_only,5,240.0,300.0,break,0.02280485779274091,0.12071804684135788,0.05043306000534851,0.5168057005376977,0.330256644324758,5
v2,Python,ocr_only,5,240.0,300.0,iteration,0.03429019880371688,0.019998099289007393,0.07646700211338257,0.09288344983579964,0.08631687074683282,6
v2,Python,ocr_only,5,240.0,300.0,nested loop,0.008672432105223565,0.009265515945906638,0.018398943487317878,0.04771085992466841,0.035986093349728195,7
v2,Python,ocr_only,5,240.0,300.0,continue,0.016183658090837993,0.005411394474092815,0.03542471767051128,0.03148916910259353,0.03306338852976063,8
v2,Python,ocr_only,5,240.0,300.0,index,0.000555407825281396,-0.0020701365265306314,0.0,0.0,0.0,9
v2,Python,ocr_only,6,300.0,360.0,for,0.44155012545151934,0.23506210688666335,1.0,0.9476001850922066,0.9685601110553239,1
v2,Python,ocr_only,6,300.0,360.0,list,0.15789149565408808,0.2479468239158144,0.3567604383056186,1.0,0.7427041753222474,2
v2,Python,ocr_only,6,300.0,360.0,range,0.41144418589424514,0.14998111125068675,0.9317301526167283,0.6015911564570082,0.7336467549208963,3
v2,Python,ocr_only,6,300.0,360.0,for loop,0.36510836303444216,0.14916486538954588,0.8266565491505733,0.5982716320975467,0.6896255989187574,4
v2,Python,ocr_only,6,300.0,360.0,break,0.022798716862381697,0.16852292490010962,0.0504167889687065,0.6769973606512009,0.42636513197820314,5
v2,Python,ocr_only,6,300.0,360.0,iteration,0.034277241732302365,0.030555330762320428,0.07644610918187453,0.11590809654572017,0.1001233016001819,6
v2,Python,ocr_only,6,300.0,360.0,continue,0.016180257244199383,0.02223031218244219,0.03540841405364828,0.08205175094630864,0.06339441618924449,7
v2,Python,ocr_only,6,300.0,360.0,nested loop,0.008669469683089312,0.022383055915105917,0.018376548313345654,0.08267293209462541,0.05695437858211351,8
v2,Python,ocr_only,6,300.0,360.0,index,0.0005656980474656499,0.0020544089936634737,0.0,0.0,0.0,9
v2,Python,ocr_only,7,360.0,420.0,for,0.44164479374246424,0.25353110016148145,1.0,1.0,1.0,1
v2,Python,ocr_only,7,360.0,420.0,list,0.15792295227386977,0.2464791644663922,0.3567633971104674,0.9726553659135919,0.7262985783923421,2
v2,Python,ocr_only,7,360.0,420.0,range,0.4115344382125554,0.14454740756464915,0.9317356651056472,0.5774040881397665,0.7191367189261189,3
v2,Python,ocr_only,7,360.0,420.0,for loop,0.3651825083333497,0.14073232175899997,0.826649437839727,0.5626106853246539,0.6682261863306831,4
v2,Python,ocr_only,7,360.0,420.0,break,0.0228020794831891,0.13433693237328437,0.050425715304018265,0.5378118796982394,0.34285741394055097,5
v2,Python,ocr_only,7,360.0,420.0,iteration,0.034284324795428776,0.0062305047875840045,0.07645755137965876,0.041065519845962274,0.05522233245944087,6
v2,Python,ocr_only,7,360.0,420.0,nested loop,0.008671086676589959,0.0024746715669903595,0.018388802807877604,0.026501875259947735,0.02325664627911968,7
v2,Python,ocr_only,7,360.0,420.0,continue,0.01618212228443058,-0.00435992419106086,0.035417357971490225,0.0,0.014166943188596091,8
v2,Python,ocr_only,7,360.0,420.0,index,0.0005600666077430707,-0.0034818998577655696,0.0,0.003404633160458556,0.0020427798962751333,9
v2,Python,ocr_only,8,420.0,480.0,for,0.44147147470050374,0.3655442168942309,1.0,1.0,1.0,1
v2,Python,ocr_only,8,420.0,480.0,range,0.41136919604142014,0.29643940384278555,0.9317255506042975,0.8251540848428747,0.8677826711474439,2
v2,Python,ocr_only,8,420.0,480.0,for loop,0.36504689003282476,0.19983345531511976,0.8266627421274468,0.5807260235533205,0.679100710982971,3
v2,Python,ocr_only,8,420.0,480.0,list,0.15786560075694653,0.145220417469144,0.3567584996413412,0.4425465515304143,0.408231330774785,4
v2,Python,ocr_only,8,420.0,480.0,continue,0.016178780276041606,0.010396834907561294,0.03540111123505047,0.10142193753004212,0.07501360701204546,5
v2,Python,ocr_only,8,420.0,480.0,index,0.0005703920038429313,0.003253766453331834,0.0,0.08334886438562936,0.050009318631377614,6
v2,Python,ocr_only,8,420.0,480.0,nested loop,0.008668107878221407,-0.004613094515536372,0.018366287115583455,0.06344448370968941,0.045413205072047026,7
v2,Python,ocr_only,8,420.0,480.0,break,0.022795996238595014,-0.02206557744955374,0.05040950250975741,0.019286989960438088,0.03173599498016582,8
v2,Python,ocr_only,8,420.0,480.0,iteration,0.03427139889078371,-0.02968842545457253,0.07643666166754919,0.0,0.030574664667019677,9
v2,Python,ocr_only,9,480.0,540.0,for,0.4416570200457651,0.37347506105295364,1.0,1.0,1.0,1
v2,Python,ocr_only,9,480.0,540.0,range,0.411546084967512,0.2925052000611993,0.9317363523586837,0.7991314070005963,0.8521733851438312,2
v2,Python,ocr_only,9,480.0,540.0,for loop,0.365192182703953,0.2055353997053781,0.8266487340998627,0.5833782709949425,0.6806864562369106,3
v2,Python,ocr_only,9,480.0,540.0,list,0.15792715791300974,0.15761513275095504,0.35676406981003933,0.46449852387186147,0.42140474224713265,4
v2,Python,ocr_only,9,480.0,540.0,continue,0.016182403931234213,0.010747385026509411,0.035418554778018585,0.10015162391355403,0.07425839625933986,5
v2,Python,ocr_only,9,480.0,540.0,index,0.0005593623807709274,0.003413613495015004,0.0,0.08195813375725525,0.04917488025435315,6
v2,Python,ocr_only,9,480.0,540.0,nested loop,0.008671286108420722,-0.002276498769849845,0.018390312409708273,0.0678422043157011,0.048061447553303965,7
v2,Python,ocr_only,9,480.0,540.0,break,0.022802554472416033,-0.01958506084630904,0.050426910470103684,0.024903430943035234,0.03511282275386261,8
v2,Python,ocr_only,9,480.0,540.0,iteration,0.0342852647244556,-0.029623600528225876,0.07645903748892471,0.0,0.030583614995569885,9
v2,Python,ocr_only,10,540.0,600.0,for,0.44152489887190743,0.28955817475717577,1.0,1.0,1.0,1
v2,Python,ocr_only,10,540.0,600.0,range,0.41142013994648363,0.20142596448750158,0.9317286872432821,0.7255147522411289,0.8080003262419901,2
v2,Python,ocr_only,10,540.0,600.0,for loop,0.36508866173759863,0.15641545385049768,0.8266585603867416,0.5853308044410304,0.6818619068193148,3
v2,Python,ocr_only,10,540.0,600.0,list,0.1578831777544874,0.19180324425115922,0.3567597501367953,0.6955450653343251,0.5600309392553131,4
v2,Python,ocr_only,10,540.0,600.0,break,0.02279784220947243,-0.008480917971091958,0.05041439076401393,0.07176577145827943,0.06322521918057324,5
v2,Python,ocr_only,10,540.0,600.0,index,0.0005672299795441601,-1.230376391706351e-05,0.0,0.09814102815180804,0.058884616891084825,6
v2,Python,ocr_only,10,540.0,600.0,continue,0.016179781090529748,-0.012350298029301288,0.03540600881305134,0.059714697955175866,0.04999122229832605,7
v2,Python,ocr_only,10,540.0,600.0,nested loop,0.008669031427702692,-0.011039710440976402,0.01837319547817222,0.0637964855081069,0.04562716949613303,8
v2,Python,ocr_only,10,540.0,600.0,iteration,0.03427536563804889,-0.03152359917880015,0.07644301944714063,0.0,0.030577207778856252,9
v2,Python,ocr_only,11,600.0,660.0,for,0.4240913367935265,0.2948381648277345,1.0,1.0,1.0,1
v2,Python,ocr_only,11,600.0,660.0,range,0.39472682740060866,0.2862366022688035,0.9305094710937235,0.9727401809353047,0.9558478969986721,2
v2,Python,ocr_only,11,600.0,660.0,for loop,0.3510369489794831,0.14885328673837864,0.8271182405878542,0.5373490182007112,0.6532567071555684,3
v2,Python,ocr_only,11,600.0,660.0,list,0.15108268897412452,0.15998422689696543,0.35393045124284667,0.5726248663578554,0.48514710031185193,4
v2,Python,ocr_only,11,600.0,660.0,iteration,0.03279678897239034,0.005911679798941421,0.07400921560122924,0.08434268181825454,0.08020929533144441,5
v2,Python,ocr_only,11,600.0,660.0,break,0.021818305549929768,-0.009537890377316437,0.04802885238768373,0.03538035843262524,0.04043975601464864,6
v2,Python,ocr_only,11,600.0,660.0,index,0.0015228248669237952,-0.004543147982356375,0.0,0.05120954912077565,0.03072572947246539,7
v2,Python,ocr_only,11,600.0,660.0,continue,0.015486753435727967,-0.013621618583092398,0.03304535992314924,0.022438327117249895,0.026681140239609633,8
v2,Python,ocr_only,11,600.0,660.0,nested loop,0.008488466484083173,-0.020701807705357973,0.016484052693375464,0.0,0.006593621077350186,9
v2,Python,ocr_only,12,660.0,720.0,for,0.44153187198658045,0.3239560861325643,1.0,1.0,1.0,1
v2,Python,ocr_only,12,660.0,720.0,range,0.4114267715868118,0.17818624724622287,0.9317290535808445,0.5703819831493332,0.7149208113219376,2
v2,Python,ocr_only,12,660.0,720.0,for loop,0.36509420934160386,0.17217952738634756,0.8266582239705539,0.5526787662582913,0.6622705493431963,3
v2,Python,ocr_only,12,660.0,720.0,list,0.1578855805057167,0.2576389564264784,0.35676013331511625,0.8045478134213218,0.6254327413788395,4
v2,Python,ocr_only,12,660.0,720.0,break,0.022798106636488707,0.002672252983079952,0.05041504334836717,0.05310094119343066,0.052026582055405265,5
v2,Python,ocr_only,12,660.0,720.0,index,0.0005668351913424615,0.007363886271074332,0.0,0.06692828849913986,0.04015697309948391,6
v2,Python,ocr_only,12,660.0,720.0,iteration,0.03427590289362343,-0.014974374743229279,0.07644385583779006,0.0010921767892235353,0.03123284840865015,7
v2,Python,ocr_only,12,660.0,720.0,nested loop,0.008669149137284629,-0.008452133950782006,0.018374050706665156,0.020314755177737287,0.019538473389308433,8
v2,Python,ocr_only,12,660.0,720.0,continue,0.016179936197334932,-0.015344951461048485,0.03540666425497678,0.0,0.014162665701990713,9
v2,Python,ocr_only,13,720.0,780.0,for,0.44096896718686407,0.28381430999714236,1.0,1.0,1.0,1
v2,Python,ocr_only,13,720.0,780.0,range,0.41089014095122584,0.2785287605751129,0.931696250923822,0.9826523589752426,0.9622699157546744,2
v2,Python,ocr_only,13,720.0,780.0,for loop,0.3646534843310924,0.15554132999260148,0.826700897476115,0.5789967262400034,0.678078394734448,3
v2,Python,ocr_only,13,720.0,780.0,list,0.15769895764682912,0.1892882295745618,0.356743394810248,0.6897570375912498,0.5565515804788491,4
v2,Python,ocr_only,13,720.0,780.0,iteration,0.03423385664593507,0.004002251685781037,0.07637576302951597,0.08163205857978822,0.07952954035967932,5
v2,Python,ocr_only,13,720.0,780.0,index,0.0006003689406414513,0.003953215512400828,0.0,0.08147111751858423,0.048882670511150535,6
v2,Python,ocr_only,13,720.0,780.0,nested loop,0.00865948677168571,-0.002636866160578683,0.01830084584400402,0.05984188618263245,0.043225470047181073,7
v2,Python,ocr_only,13,720.0,780.0,continue,0.016169010290558773,-0.013660861670824458,0.03535365921166898,0.023660157189007453,0.028337557998072062,8
v2,Python,ocr_only,13,720.0,780.0,break,0.022778280390473606,-0.02086973404586447,0.05036215465443305,0.0,0.020144861861773222,9
v2,Python,ocr_only,14,780.0,840.0,for,0.4357979171780768,0.30747419728101844,1.0,1.0,1.0,1
v2,Python,ocr_only,14,780.0,840.0,range,0.40585824019216515,0.27037192008175553,0.9311360969119192,0.8954993917972546,0.9097540738431205,2
v2,Python,ocr_only,14,780.0,840.0,for loop,0.36107642588056105,0.14050772165324604,0.8281339662505276,0.5297297209315845,0.6490914190591618,3
v2,Python,ocr_only,14,780.0,840.0,list,0.15653151155386044,0.10108075548569302,0.35766258594866746,0.4186814981507949,0.3942739332699439,4
v2,Python,ocr_only,14,780.0,840.0,iteration,0.033942878164585036,-0.01602366837332736,0.07569789496714027,0.08885043547028552,0.08358941926902742,5
v2,Python,ocr_only,14,780.0,840.0,nested loop,0.008556430937848164,-0.004028015540103743,0.017306822732282238,0.12263685267935531,0.08050484070052608,6
v2,Python,ocr_only,14,780.0,840.0,continue,0.016214454480554443,-0.008636303708135411,0.034920953684306866,0.10965735512058036,0.07976279454607096,7
v2,Python,ocr_only,14,780.0,840.0,index,0.0010320145306891492,-0.01669119458106872,0.0,0.08697031112304923,0.05218218667382954,8
v2,Python,ocr_only,14,780.0,840.0,break,0.02273714214264049,-0.04756945114712704,0.049923711771746405,0.0,0.019969484708698564,9
v2,Python,ocr_only,15,840.0,900.0,for,0.4210754342821279,0.2714788064817001,1.0,1.0,1.0,1
v2,Python,ocr_only,15,840.0,900.0,range,0.3922913668328111,0.24391572012464596,0.9314623742629734,0.9137158047983296,0.9208144325841872,2
v2,Python,ocr_only,15,840.0,900.0,for loop,0.34832613962246095,0.11849093765779542,0.8267769508671278,0.5210828364396501,0.6433604822106412,3
v2,Python,ocr_only,15,840.0,900.0,list,0.15065580529753175,0.025561950022378287,0.35610492311670433,0.23017554089377773,0.2805472937829484,4
v2,Python,ocr_only,15,840.0,900.0,index,0.0011007541004854876,0.011914255828322517,0.0,0.18745244760015467,0.1124714685600928,5
v2,Python,ocr_only,15,840.0,900.0,continue,0.015489952364567253,-0.012355256729300726,0.03426206136488591,0.11147854062019755,0.08059194891807289,6
v2,Python,ocr_only,15,840.0,900.0,nested loop,0.008277755761069617,-0.009927720674251126,0.017089129414849528,0.11907776198893902,0.07828230895930322,7
v2,Python,ocr_only,15,840.0,900.0,break,0.02179857341158338,-0.020142433836121392,0.04928349323855886,0.08710136090777634,0.07197421384008935,8
v2,Python,ocr_only,15,840.0,900.0,iteration,0.032698357078743905,-0.04796655999163196,0.07523692372262109,0.0,0.030094769489048434,9
v20,Python,ocr_only,1,0.0,60.0,for,0.441206599893767,0.7020543411662318,1.0,1.0,1.0,1
v20,Python,ocr_only,1,0.0,60.0,for loop,0.3648395037151082,0.3142918693862206,0.826682818067531,0.45247561216891513,0.6021584945283616,2
v20,Python,ocr_only,1,0.0,60.0,range,0.4111166541054468,0.19333191226013652,0.9317100574790507,0.2816789742851262,0.541691407562696,3
v20,Python,ocr_only,1,0.0,60.0,list,0.15777781751178854,0.34767328110019563,0.3567507434605946,0.4996104907190001,0.4424665918156379,4
v20,Python,ocr_only,1,0.0,60.0,iteration,0.03425161849216292,0.03160647493990241,0.07640470727212216,0.0533210812198276,0.06255453164074543,5
v20,Python,ocr_only,1,0.0,60.0,continue,0.016173649852512784,0.0016615374282200521,0.035376270465285596,0.011038537722359744,0.020773630819530084,6
v20,Python,ocr_only,1,0.0,60.0,break,0.022786676080200803,-0.006156069909810744,0.050384711628833366,0.0,0.02015388465153335,7
v20,Python,ocr_only,1,0.0,60.0,nested loop,0.008663568070855707,0.0005114640905072318,0.018331937557379017,0.009414622965210919,0.01298154880207816,8
v20,Python,ocr_only,1,0.0,60.0,index,0.0005861413381096882,-0.001926293171441559,0.0,0.005972485962106285,0.003583491577263771,9
v20,Python,ocr_only,2,60.0,120.0,for,0.4405335278830433,0.2774599999236819,1.0,1.0,1.0,1
v20,Python,ocr_only,2,60.0,120.0,for loop,0.36431213839731924,0.14713609216177262,0.8267331407628673,0.5586411277155094,0.6658779329344526,2
v20,Python,ocr_only,2,60.0,120.0,range,0.4104750497794548,0.08300110643793622,0.9316709111497847,0.3414396528735489,0.5775321561840432,3
v20,Python,ocr_only,2,60.0,120.0,list,0.15755419964046713,0.057697157080743966,0.356729918406852,0.255744535650411,0.2961386887529874,4
v20,Python,ocr_only,2,60.0,120.0,break,0.022762799052711086,0.012815901798691234,0.05032140513264864,0.10374832437820136,0.08237755667998027,5
v20,Python,ocr_only,2,60.0,120.0,index,0.0006260359292151262,0.013325158762152657,0.0,0.10547298935300387,0.06328379361180232,6
v20,Python,ocr_only,2,60.0,120.0,continue,0.016160415103684985,0.003857073862156163,0.035312831580736795,0.07340808778643465,0.058169985304155514,7
v20,Python,ocr_only,2,60.0,120.0,nested loop,0.008652046494391599,0.00500777807183856,0.018244768984336523,0.07730509733011931,0.0536809659918062,8
v20,Python,ocr_only,2,60.0,120.0,iteration,0.034201265208174396,-0.017818776477362734,0.07632338592333694,0.0,0.03052935436933478,9
v20,Python,ocr_only,3,120.0,180.0,for,0.4426257330136298,0.5587193631273554,1.0,1.0,1.0,1
v20,Python,ocr_only,3,120.0,180.0,for loop,0.3659508995660203,0.2642785344151822,0.8265761252223307,0.47248139648257,0.6141192879784743,2
v20,Python,ocr_only,3,120.0,180.0,range,0.412469587497208,0.1664788917300129,0.9317925404117047,0.2972640831791341,0.5510754660721624,3
v20,Python,ocr_only,3,120.0,180.0,list,0.15824860214752817,0.28414796900925476,0.3567930738753595,0.5080793685287367,0.4475648506673858,4
v20,Python,ocr_only,3,120.0,180.0,iteration,0.03435766855846667,0.05807362062474273,0.07657537027227722,0.1030457830965672,0.0924576179668512,5
v20,Python,ocr_only,3,120.0,180.0,continue,0.01620132891792142,0.0074506484899776616,0.0355091868759451,0.012349938762635702,0.02161363800795946,6
v20,Python,ocr_only,3,120.0,180.0,break,0.022836799309075843,0.0010176927781249628,0.05051735754243611,0.0008246899428693144,0.020701756982696034,7
v20,Python,ocr_only,3,120.0,180.0,index,0.0005018700454703032,0.012600976308497727,0.0,0.021577238354087883,0.012946343012452729,8
v20,Python,ocr_only,3,120.0,180.0,nested loop,0.00868787971060738,0.0005573822059670798,0.018515195289801875,0.0,0.00740607811592075,9
v20,Python,ocr_only,4,180.0,240.0,for,0.4422730514645849,0.25132999079647755,1.0,1.0,1.0,1
v20,Python,ocr_only,4,180.0,240.0,for loop,0.3656746692061407,0.12871357343924422,0.8266025132840898,0.5232723867076012,0.6446044373381967,2
v20,Python,ocr_only,4,180.0,240.0,range,0.4121333745989437,0.08031602032529626,0.9317721332377654,0.33510468060031284,0.5737716616552939,3
v20,Python,ocr_only,4,180.0,240.0,list,0.15813154589375653,0.1260809512975659,0.35678246086946613,0.5130368595461238,0.4505351000754607,4
v20,Python,ocr_only,4,180.0,240.0,iteration,0.03433130430871651,0.040797099718097925,0.07653305986724114,0.1814567343707856,0.13948726456936783,5
v20,Python,ocr_only,4,180.0,240.0,index,0.0005228063532416291,0.008783159327686084,0.0,0.05698784412469628,0.034192706474817765,6
v20,Python,ocr_only,4,180.0,240.0,break,0.022824319636065286,-0.0009182317371729979,0.05048443895532544,0.019269232639807368,0.0317553151660146,7
v20,Python,ocr_only,4,180.0,240.0,nested loop,0.00868183866021583,0.000618652029060122,0.018469785579672323,0.025244573834531377,0.022534658532587754,8
v20,Python,ocr_only,4,180.0,240.0,continue,0.016194426532361916,-0.005874362252035953,0.0354762003022098,0.0,0.01419048012088392,9
v20,Python,ocr_only,5,240.0,300.0,range,0.4125231153582193,0.0009355209130638188,0.9317958019270057,0.5576793148450762,0.7073259096778479,1
v20,Python,ocr_only,5,240.0,300.0,iteration,0.03436186163992238,0.04621103579748735,0.07658210591256676,1.0,0.6306328423650267,2
v20,Python,ocr_only,5,240.0,300.0,list,0.15826721265918822,0.02142031030466024,0.35679471933934986,0.7578061627025815,0.5974015853572888,3
v20,Python,ocr_only,5,240.0,300.0,for loop,0.3659948528520954,-0.019716553194195022,0.826571887642455,0.3559181732586838,0.5441796590121923,4
v20,Python,ocr_only,5,240.0,300.0,for,0.44268187587893376,-0.05614799104423876,1.0,0.0,0.4,5
v20,Python,ocr_only,5,240.0,300.0,nested loop,0.008688841627805258,-0.006244411177471457,0.018522433969626422,0.4875347236734804,0.2999298077919388,6
v20,Python,ocr_only,5,240.0,300.0,index,0.0004985297975442533,-0.006236829615374698,0.0,0.487608792002681,0.2925652752016086,7
v20,Python,ocr_only,5,240.0,300.0,break,0.022838778053836217,-0.02338454092984032,0.05052259080824802,0.3200836421106203,0.21225922158967137,8
v20,Python,ocr_only,5,240.0,300.0,continue,0.016202419559449652,-0.03014690652025018,0.03551443061135753,0.2540184810880732,0.1666168608973869,9
v20,Python,ocr_only,6,300.0,360.0,for,0.4428443501378893,0.28473965389388733,1.0,1.0,1.0,1
v20,Python,ocr_only,6,300.0,360.0,for loop,0.36612213368757796,0.1444075885277915,0.8265598045591539,0.5224423838640082,0.6440893521420665,2
v20,Python,ocr_only,6,300.0,360.0,range,0.4126780019046589,0.09213669042507669,0.9318051853116547,0.3445616876304108,0.5794590867029084,3
v20,Python,ocr_only,6,300.0,360.0,list,0.15832115379086126,0.08478799298301402,0.3567996199139719,0.31955367237045734,0.33445205138786316,4
v20,Python,ocr_only,6,300.0,360.0,iteration,0.03437401027364369,-8.031443146533457e-05,0.0766015522540851,0.030742227397972853,0.04908595734041775,5
v20,Python,ocr_only,6,300.0,360.0,break,0.022844528400559748,-0.00015936696676894794,0.05053771205345107,0.03047320734036441,0.038499009225599075,6
v20,Python,ocr_only,6,300.0,360.0,nested loop,0.008691623957839465,-0.00032779931202567096,0.01854329601372698,0.029900022950388,0.02535733217572359,7
v20,Python,ocr_only,6,300.0,360.0,continue,0.016205600682899623,-0.0072082419239519685,0.035529583063664175,0.006485504229096026,0.018103135762923286,8
v20,Python,ocr_only,6,300.0,360.0,index,0.0004888958252332033,-0.009114031241633843,0.0,0.0,0.0,9
v20,Python,ocr_only,7,360.0,420.0,for,0.4427665792188663,0.2934853212565517,1.0,1.0,1.0,1
v20,Python,ocr_only,7,360.0,420.0,for loop,0.3660612302393466,0.14637958073167107,0.8265656334833514,0.5131102969949278,0.6384924315902973,2
v20,Python,ocr_only,7,360.0,420.0,range,0.4126038595032198,0.09563166358854659,0.9318006859247963,0.3451451433729125,0.579807360393666,3
v20,Python,ocr_only,7,360.0,420.0,list,0.1582953550099701,0.10796256431094263,0.35679731310448237,0.385957885072119,0.3742936562850643,4
v20,Python,ocr_only,7,360.0,420.0,iteration,0.0343681989260462,0.011828893536872762,0.07659224141692823,0.067775234653676,0.07130203735897689,5
v20,Python,ocr_only,7,360.0,420.0,break,0.022841780345374735,-0.001549353052603409,0.05053047217475666,0.02349599384745486,0.03430978517837558,6
v20,Python,ocr_only,7,360.0,420.0,nested loop,0.0086902915893886,-0.0019828344961249217,0.018533297006213423,0.02206125954992619,0.020650074532441085,7
v20,Python,ocr_only,7,360.0,420.0,continue,0.01620408262658679,-0.006412548237787748,0.0355223284885274,0.007399819415909699,0.01864882304495678,8
v20,Python,ocr_only,7,360.0,420.0,index,0.0004935135046586425,-0.008648282343909203,0.0,0.0,0.0,9
v20,Python,ocr_only,8,420.0,480.0,for,0.4422679974660665,0.37057689272696637,1.0,1.0,1.0,1
v20,Python,ocr_only,8,420.0,480.0,range,0.4121285443515842,0.15769287822158948,0.9317718089297485,0.44319079861142313,0.6386232027387533,2
v20,Python,ocr_only,8,420.0,480.0,for loop,0.3656707624554752,0.1841834297172852,0.8266029988697974,0.5124782124970193,0.6381281270461305,3
v20,Python,ocr_only,8,420.0,480.0,list,0.1581299265276808,0.07074312572492943,0.35678240342716866,0.2157692030487518,0.27217448320011856,4
v20,Python,ocr_only,8,420.0,480.0,continue,0.01619434830387738,0.00908526403536161,0.035475718998079844,0.05449986205824518,0.04689020483417904,5
v20,Python,ocr_only,8,420.0,480.0,break,0.022824161109669068,-0.004371052494308664,0.05048395863518863,0.019304166984915168,0.03177608364502456,6
v20,Python,ocr_only,8,420.0,480.0,iteration,0.034330935986740314,-0.011751585276781478,0.07653242182173346,0.0,0.030612968728693388,7
v20,Python,ocr_only,8,420.0,480.0,nested loop,0.008681750030570787,-0.0008590052865021305,0.018469073639312272,0.028490108942846183,0.024481694821432618,8
v20,Python,ocr_only,8,420.0,480.0,index,0.0005231315725961601,-0.004859702821537996,0.0,0.01802607666378418,0.010815645998270507,9
v20,Python,ocr_only,9,480.0,540.0,for,0.44217314434775934,0.7347101176219344,1.0,1.0,1.0,1
v20,Python,ocr_only,9,480.0,540.0,for loop,0.3655964401184095,0.3365207244468768,0.8266100447986902,0.4670368783122109,0.6108661449068026,2
v20,Python,ocr_only,9,480.0,540.0,range,0.41203813346572293,0.26054549017453804,0.9317663480112972,0.3653465803716399,0.5919144874275029,3
v20,Python,ocr_only,9,480.0,540.0,list,0.1580984111160698,0.333725505546364,0.35677950932251934,0.46329557174666136,0.42068914677700453,4
v20,Python,ocr_only,9,480.0,540.0,iteration,0.03432384087220335,0.04757579080980459,0.07652107556480428,0.08029379457722355,0.07878470697225584,5
v20,Python,ocr_only,9,480.0,540.0,continue,0.0161924734401927,0.02298609575332584,0.035466853939399294,0.0473813140760412,0.04261553002138444,6
v20,Python,ocr_only,9,480.0,540.0,break,0.02282078654204941,-0.012413608151192773,0.050475111651157804,0.0,0.020190044660463122,7
v20,Python,ocr_only,9,480.0,540.0,nested loop,0.008680125835008533,-0.004020515947406614,0.01845690779679276,0.011233871866538502,0.014123086238640205,8
v20,Python,ocr_only,9,480.0,540.0,index,0.0005287357057335999,0.0011618561408786297,0.0,0.01817030275410334,0.010902181652462005,9
v20,Python,ocr_only,10,540.0,600.0,for,0.4414165918138929,0.4726661464861878,1.0,1.0,1.0,1
v20,Python,ocr_only,10,540.0,600.0,for loop,0.3650038519850713,0.24197976233546362,0.8266667552511916,0.5326891352181276,0.6502801832313532,2
v20,Python,ocr_only,10,540.0,600.0,range,0.41131688383042786,0.20139578432788224,0.9317223795082696,0.450476507330129,0.6429748562013853,3
v20,Python,ocr_only,10,540.0,600.0,list,0.15784732574874244,0.12077548066533064,0.3567567252761776,0.2871606533744465,0.31499908213513894,4
v20,Python,ocr_only,10,540.0,600.0,continue,0.01617769166631399,0.022989102192328515,0.035395949404330725,0.08907077799519926,0.06760084655885185,5
v20,Python,ocr_only,10,540.0,600.0,break,0.022794040096633578,0.004910043994413015,0.05040435172552863,0.05244728869819053,0.05163011390912577,6
v20,Python,ocr_only,10,540.0,600.0,index,0.0005736367330156178,0.02045674511517705,0.0,0.08394087845640834,0.050364527073845,7
v20,Python,ocr_only,10,540.0,600.0,nested loop,0.00866717011261715,0.011291159484432399,0.018359221319793322,0.06537377592409298,0.04656795408237312,8
v20,Python,ocr_only,10,540.0,600.0,iteration,0.03426728562709895,-0.02098037777855845,0.076430049535218,0.0,0.0305720198140872,9
v20,Python,ocr_only,11,600.0,660.0,for,0.4409993920462017,0.17978301377812722,1.0,1.0,1.0,1
v20,Python,ocr_only,11,600.0,660.0,range,0.41091916849132953,0.11605542183205407,0.9316981046286867,0.7244158846904808,0.8073287726657632,2
v20,Python,ocr_only,11,600.0,660.0,for loop,0.36467703802650003,0.10695036944716574,0.8266980486618878,0.6850419223342756,0.7417043728653205,3
v20,Python,ocr_only,11,600.0,660.0,continue,0.016169525210577528,0.014938200324995952,0.03535673322760753,0.2871437521554868,0.1864289445843351,4
v20,Python,ocr_only,11,600.0,660.0,break,0.0227792764575939,0.011562296597274901,0.0503652167011619,0.2725449667037883,0.18367306670273775,5
v20,Python,ocr_only,11,600.0,660.0,list,0.1577088264338024,-0.044716664528049094,0.3567440568770572,0.029171770908384777,0.16020068529585374,6
v20,Python,ocr_only,11,600.0,660.0,index,0.0005983842652986314,0.009898095043526718,0.0,0.26534828001155436,0.1592089680069326,7
v20,Python,ocr_only,11,600.0,660.0,nested loop,0.00866002459937972,0.0035018754980947844,0.01830522680840846,0.2376884163492819,0.1499351405329325,8
v20,Python,ocr_only,11,600.0,660.0,iteration,0.0342360924479635,-0.05146250585023816,0.07637972572351477,0.0,0.03055189028940591,9
v20,Python,ocr_only,12,660.0,720.0,for,0.4426578150698125,0.4130484872666517,1.0,1.0,1.0,1
v20,Python,ocr_only,12,660.0,720.0,for loop,0.3659760360951231,0.1911171530846141,0.8265737520143182,0.47260276783119043,0.6141911615044415,2
v20,Python,ocr_only,12,660.0,720.0,range,0.41250018019196366,0.15195949816246063,0.9317944166799549,0.3795485855532353,0.6004469180039231,3
v20,Python,ocr_only,12,660.0,720.0,list,0.15825926483556255,0.19741843803939732,0.35679408903680554,0.48757713031365874,0.43526391380291746,4
v20,Python,ocr_only,12,660.0,720.0,iteration,0.034360070655791455,0.028752878693566342,0.07657924970529321,0.08676059177011229,0.08268805494418466,5
v20,Python,ocr_only,12,660.0,720.0,break,0.022837930392913753,-0.0036601488766818935,0.05052036607903823,0.00973433006729858,0.026048744471994442,6
v20,Python,ocr_only,12,660.0,720.0,continue,0.01620195243724453,-0.002610387918045407,0.035512201506496505,0.012228980162853086,0.021542268700310452,7
v20,Python,ocr_only,12,660.0,720.0,nested loop,0.008688426836059497,-0.0077564025682682215,0.018519343860510167,0.0,0.007407737544204067,8
v20,Python,ocr_only,12,660.0,720.0,index,0.0004999533543224339,-0.0034967630590157987,0.0,0.010122599837001567,0.00607355990220094,9
v20,Python,ocr_only,13,720.0,780.0,for,0.4425877088989125,0.3677697455156922,1.0,1.0,1.0,1
v20,Python,ocr_only,13,720.0,780.0,for loop,0.3659211191673445,0.16985150421344508,0.8265789747766377,0.4731284984782788,0.6145086889976223,2
v20,Python,ocr_only,13,720.0,780.0,range,0.41243334489384026,0.13804571658386117,0.9317903569334735,0.38845937967841604,0.605791770580439,3
v20,Python,ocr_only,13,720.0,780.0,list,0.15823598924695703,0.19145154506327658,0.3567919621998861,0.5306292416164609,0.461094329849831,4
v20,Python,ocr_only,13,720.0,780.0,iteration,0.03435482820318383,0.03517564467416598,0.07657083811843272,0.11461241695233218,0.09939578541877239,5
v20,Python,ocr_only,13,720.0,780.0,break,0.022835451079488846,-0.0022864016897626103,0.05051382687376584,0.014885961785941742,0.029137107821071383,6
v20,Python,ocr_only,13,720.0,780.0,continue,0.016200581824145237,-0.004145961849964305,0.035505648832805235,0.009935689151499555,0.020163673024021826,7
v20,Python,ocr_only,13,720.0,780.0,nested loop,0.008687226870670929,-0.007878283900618125,0.018510322401035787,0.0,0.007404128960414315,8
v20,Python,ocr_only,13,720.0,780.0,index,0.0005041170574780616,-0.004215158016601419,0.0,0.009751484360795254,0.005850890616477152,9
v20,Python,ocr_only,14,780.0,840.0,for,0.44255847037342183,0.4179436890800053,1.0,1.0,1.0,1
v20,Python,ocr_only,14,780.0,840.0,for loop,0.3658982072026106,0.1867846394246492,0.8265811322482436,0.46425792824591045,0.6091872098468437,2
v20,Python,ocr_only,14,780.0,840.0,range,0.412405467653682,0.1439239364885714,0.931788655886536,0.36492250606777704,0.5916689659952806,3
v20,Python,ocr_only,14,780.0,840.0,list,0.1582262502113921,0.22090482375850795,0.35679099384285934,0.5433360273768193,0.4687180139632353,4
v20,Python,ocr_only,14,780.0,840.0,iteration,0.03435263601532058,0.03837489224792469,0.0765673025892136,0.1202984529863324,0.10280599282748488,5
v20,Python,ocr_only,14,780.0,840.0,break,0.022834408220280614,-0.004428554201606004,0.050511065105760894,0.02109573038785998,0.032861864275020344,6
v20,Python,ocr_only,14,780.0,840.0,continue,0.0162000016290113,-0.008270088246021476,0.0355028818348641,0.012192460493224795,0.021516629029880517,7
v20,Python,ocr_only,14,780.0,840.0,index,0.0005058600395340582,-0.0017304626125103618,0.0,0.027348919176616058,0.016409351505969633,8
v20,Python,ocr_only,14,780.0,840.0,nested loop,0.00868672977646069,-0.01353082420305863,0.01850655226478025,0.0,0.0074026209059121,9
v20,Python,ocr_only,15,840.0,900.0,for,0.44199705379287696,0.1915511214007206,1.0,1.0,1.0,1
v20,Python,ocr_only,15,840.0,900.0,range,0.4118702382005632,0.08027359216259426,0.9317560737742423,0.47573021912344865,0.658140560983766,2
v20,Python,ocr_only,15,840.0,900.0,for loop,0.36545857337184895,0.08614598185447321,0.8266233483827994,0.5033972286092079,0.6326876765186444,3
v20,Python,ocr_only,15,840.0,900.0,list,0.15804000402802984,0.061561636483383295,0.35677423669098285,0.3875712442533408,0.3752524412283976,4
v20,Python,ocr_only,15,840.0,900.0,break,0.022814572483477888,0.025748888524481227,0.05045861080295973,0.21884408385043175,0.1514898946314429,5
v20,Python,ocr_only,15,840.0,900.0,iteration,0.034310682517034126,0.007105570118601983,0.07649985245391482,0.1310084846743742,0.10920503178619045,6
v20,Python,ocr_only,15,840.0,900.0,index,0.0005392236461869572,0.0036840538816331745,0.0,0.11488845055695061,0.06893307033417037,7
v20,Python,ocr_only,15,840.0,900.0,nested loop,0.00867711322391669,-0.0059919811408478815,0.01843412670928417,0.06930105482915348,0.04895428358120576,8
v20,Python,ocr_only,15,840.0,900.0,continue,0.01618904530452512,-0.02070129767267364,0.03545032070931431,0.0,0.014180128283725724,9
v20,Python,ocr_only,16,900.0,960.0,for,0.4426603995854041,0.4519349102753376,1.0,1.0,1.0,1
v20,Python,ocr_only,16,900.0,960.0,for loop,0.3659780513161778,0.21030205693146342,0.8265735339804472,0.47499232755030163,0.6156248101223598,2
v20,Python,ocr_only,16,900.0,960.0,range,0.41250263855377506,0.1524517309750168,0.9317945519819645,0.3492980580809617,0.5822966556413628,3
v20,Python,ocr_only,16,900.0,960.0,list,0.15826010183539552,0.18792762788140369,0.3567941033766387,0.4263782969853202,0.3985446195418476,4
v20,Python,ocr_only,16,900.0,960.0,break,0.02283802173704057,0.07873430344676255,0.050520582774248896,0.18912855087198163,0.13368536363288852,5
v20,Python,ocr_only,16,900.0,960.0,iteration,0.034360259302053296,0.02837312234825447,0.07657952575969505,0.07970631749414707,0.07845560080036626,6
v20,Python,ocr_only,16,900.0,960.0,continue,0.016202003062204623,-0.0034727192235571593,0.03551241866357297,0.010513279670664637,0.02051293526782797,7
v20,Python,ocr_only,16,900.0,960.0,nested loop,0.00868847344089554,-0.008243700144738237,0.018519656718125437,0.00014713303924384822,0.007496142510796483,8
v20,Python,ocr_only,16,900.0,960.0,index,0.0004998111283872519,-0.00831141758575726,0.0,0.0,0.0,9
v20,Python,ocr_only,17,960.0,1020.0,for,0.4427582923606214,0.3585387308541736,1.0,1.0,1.0,1
v20,Python,ocr_only,17,960.0,1020.0,for loop,0.36605471753343055,0.16634220434250188,0.826566205296713,0.5028152784037513,0.632315649160936,2
v20,Python,ocr_only,17,960.0,1020.0,range,0.41259596234947576,0.12518596861862807,0.9318002144918099,0.3963500265508197,0.6105301017272158,3
v20,Python,ocr_only,17,960.0,1020.0,list,0.15829258364001864,0.06318314382777931,0.35679702755021003,0.23595765244645697,0.2842934024879582,4
v20,Python,ocr_only,17,960.0,1020.0,break,0.02284148256299338,0.05640420497559647,0.05052970546707689,0.21842151437407697,0.15126479081127694,5
v20,Python,ocr_only,17,960.0,1020.0,continue,0.016203915740620883,-0.008002435144712446,0.0355215600945275,0.05181081636429305,0.04529511385638683,6
v20,Python,ocr_only,17,960.0,1020.0,nested loop,0.008690150448950846,-0.004863513919181461,0.018532249883366,0.05993075330567895,0.043371351936753774,7
v20,Python,ocr_only,17,960.0,1020.0,iteration,0.03436757565912616,-0.028030924574115577,0.07659125563953417,0.0,0.030636502255813672,8
v20,Python,ocr_only,17,960.0,1020.0,index,0.0004939980319615946,-0.02719503592706931,0.0,0.0021623234915326382,0.001297394094919583,9
v20,Python,ocr_only,18,1020.0,1080.0,for,0.43549760161507817,0.5544419422542538,1.0,1.0,1.0,1
v20,Python,ocr_only,18,1020.0,1080.0,for loop,0.3602526281861368,0.256025950192847,0.8268300735464107,0.47521200749283304,0.6158592339142641,2
v20,Python,ocr_only,18,1020.0,1080.0,range,0.40571269186670617,0.2122584729331758,0.9314525556258816,0.3982434564123683,0.6115270960977737,3
v20,Python,ocr_only,18,1020.0,1080.0,list,0.1557214816626251,0.17685090591327166,0.3561189816700489,0.3359764649968585,0.3440334716661347,4
v20,Python,ocr_only,18,1020.0,1080.0,break,0.02257578588421587,0.01678574993780142,0.049695452032775055,0.054489299062975324,0.052571760250895216,5
v20,Python,ocr_only,18,1020.0,1080.0,iteration,0.03379354201241711,0.003460595176822524,0.07551216662739725,0.0310559663901658,0.048838446485058376,6
v20,Python,ocr_only,18,1020.0,1080.0,continue,0.016049786951228648,5.092487144152481e-06,0.03467641881683763,0.024979193134507725,0.028858083407439686,7
v20,Python,ocr_only,18,1020.0,1080.0,nested loop,0.00856139511439449,-0.002990728075779351,0.017442519932351387,0.01971080705282346,0.018803492204634634,8
v20,Python,ocr_only,18,1020.0,1080.0,index,0.0009823542513419262,-0.014199101981016822,0.0,0.0,0.0,9
v20,Python,ocr_only,19,1080.0,1140.0,for,0.4412823657948002,0.7606960586953806,1.0,1.0,1.0,1
v20,Python,ocr_only,19,1080.0,1140.0,for loop,0.3648987051385304,0.37188810756939045,0.826676817820644,0.4869692364843853,0.6228522690188888,2
v20,Python,ocr_only,19,1080.0,1140.0,range,0.4111889281764452,0.3035489985680717,0.931714579716191,0.3967960155731637,0.6107634412303746,3
v20,Python,ocr_only,19,1080.0,1140.0,list,0.15780279082966917,0.31615785285498954,0.3567527191854375,0.41343335573851037,0.39076110111728124,4
v20,Python,ocr_only,19,1080.0,1140.0,continue,0.016175072996074794,0.06756059287158661,0.03538337751192346,0.08541012028814464,0.06539942317765617,5
v20,Python,ocr_only,19,1080.0,1140.0,iteration,0.03425725401972732,0.041939281635273204,0.07641389541111201,0.051602887622839176,0.06152729073814831,6
v20,Python,ocr_only,19,1080.0,1140.0,break,0.022789299172200208,0.0028312701169538705,0.05039180626030332,0.0,0.02015672250412133,7
v20,Python,ocr_only,19,1080.0,1140.0,nested loop,0.008664868466845633,0.014780929654162295,0.01834187234393353,0.015767534944621363,0.01679726990434623,8
v20,Python,ocr_only,19,1080.0,1140.0,index,0.0005815911158109996,0.006429787579479871,0.0,0.004748231500867008,0.0028489389005202045,9
v20,Python,ocr_only,20,1140.0,1200.0,for,0.44171536942605066,0.7329441842433072,1.0,1.0,1.0,1
v20,Python,ocr_only,20,1140.0,1200.0,for loop,0.3652378853191616,0.3389360154534365,0.8266443477326079,0.4621820620263724,0.6079669763088666,2
v20,Python,ocr_only,20,1140.0,1200.0,range,0.41160171725855693,0.2264566497370935,0.9317397548492447,0.3086486448895135,0.5578850888734059,3
v20,Python,ocr_only,20,1140.0,1200.0,list,0.15794647344020696,0.37919559687218113,0.3567656855961816,0.5171360624188314,0.4529879116897715,4
v20,Python,ocr_only,20,1140.0,1200.0,iteration,0.03428961824386149,0.06250041975141073,0.07646599948286797,0.08484972772580245,0.08149623642862866,5
v20,Python,ocr_only,20,1140.0,1200.0,continue,0.016183527794265788,0.025468802714693328,0.03542394434000899,0.03430187239659481,0.03475070117396048,6
v20,Python,ocr_only,20,1140.0,1200.0,break,0.022804601193879056,0.0003390757666329478,0.050432289754405855,0.0,0.020172915901762345,7
v20,Python,ocr_only,20,1140.0,1200.0,nested loop,0.0086722877607622,0.005343213471742317,0.018397810039813448,0.006830607167775024,0.011457488316590395,8
v20,Python,ocr_only,20,1140.0,1200.0,index,0.0005559200131958063,0.010915271727426283,0.0,0.014436421256718655,0.008661852754031193,9
v20,Python,ocr_only,21,1200.0,1260.0,for,0.4424353469319504,0.5487915284566097,1.0,1.0,1.0,1
v20,Python,ocr_only,21,1200.0,1260.0,for loop,0.3658018082313064,0.24960767517155383,0.8265904163347236,0.48855710140596575,0.6237704273774689,2
v20,Python,ocr_only,21,1200.0,1260.0,range,0.4122880876447561,0.16340586456720899,0.9317815179844022,0.3411985344396708,0.5774317278575634,3
v20,Python,ocr_only,21,1200.0,1260.0,list,0.1581854314546263,0.15962919249667396,0.3567873761857411,0.33474246373403277,0.3435604287147161,4
v20,Python,ocr_only,21,1200.0,1260.0,break,0.022830066309453275,0.011415373309612876,0.05049958216418338,0.08137683432454978,0.06902593346040323,5
v20,Python,ocr_only,21,1200.0,1260.0,continue,0.016197606911238865,0.0035941395640449445,0.035491375021172444,0.06800674628840328,0.055000597781510945,6
v20,Python,ocr_only,21,1200.0,1260.0,nested loop,0.008684618309380932,-0.0054027901300812975,0.018490669486492462,0.05262685278584005,0.03897237946610101,7
v20,Python,ocr_only,21,1200.0,1260.0,iteration,0.03434343994608916,-0.036188445080060236,0.07655252664206928,0.0,0.030621010656827714,8
v20,Python,ocr_only,21,1200.0,1260.0,index,0.0005131816116888952,-0.028584723715764284,0.0,0.012998259270869391,0.007798955562521634,9
v21,Python,ocr_only,1,0.0,60.0,for loop,0.34425927233546005,0.5578441638071502,0.8359021013739937,0.786127346166307,0.8060372482493816,1
v21,Python,ocr_only,1,0.0,60.0,nested loop,0.008061226782464622,0.7396541080853591,0.012080715355270938,1.0,0.6048322861421084,2
v21,Python,ocr_only,1,0.0,60.0,for,0.4112269351489174,-0.04441150715634484,1.0,0.07766214561461014,0.4465972873687661,3
v21,Python,ocr_only,1,0.0,60.0,range,0.38190967313414886,-0.005927007181266059,0.9281608333339537,0.12293349847602403,0.4450244324191959,4
v21,Python,ocr_only,1,0.0,60.0,break,0.022595572578486205,0.3334347169880899,0.04769574957969347,0.5221426443003819,0.3323638864121065,5
v21,Python,ocr_only,1,0.0,60.0,continue,0.016486108836169636,0.3187589705490079,0.03272508882005799,0.504878787527433,0.31601730804448297,6
v21,Python,ocr_only,1,0.0,60.0,list,0.15119214727902625,0.0026150783097388824,0.36280944464238396,0.13298200545119765,0.2249129811276722,7
v21,Python,ocr_only,1,0.0,60.0,iteration,0.032596442481121896,-0.00629101679883567,0.07220193161602999,0.12250529470950468,0.1023839494721148,8
v21,Python,ocr_only,1,0.0,60.0,index,0.003131137614772336,-0.11043093560416271,0.0,0.0,0.0,9
v21,Python,ocr_only,2,60.0,120.0,for loop,0.3546142618006931,0.501030678918031,0.8298260223115873,0.7818584591269787,0.8010454844008221,1
v21,Python,ocr_only,2,60.0,120.0,nested loop,0.008392345901046263,0.6709760099904319,0.01580659655634026,1.0,0.6063226386225361,2
v21,Python,ocr_only,2,60.0,120.0,for,0.42699332147347907,-0.044111064550311205,1.0,0.08211543492040359,0.4492692609522422,3
v21,Python,ocr_only,2,60.0,120.0,range,0.3973705059872162,-0.009124024169483902,0.9303523372033713,0.12702474105490874,0.4483557795142938,4
v21,Python,ocr_only,2,60.0,120.0,break,0.02255627792772681,0.2970935888351028,0.049108115857437205,0.5200851536108801,0.331694338509503,5
v21,Python,ocr_only,2,60.0,120.0,continue,0.016177241176461233,0.2817338011970198,0.034110047870770745,0.5003693560558042,0.31386563278179086,6
v21,Python,ocr_only,2,60.0,120.0,list,0.15411323435496685,0.00890033167572935,0.3584181658776394,0.15016077387503604,0.2334637306760774,7
v21,Python,ocr_only,2,60.0,120.0,iteration,0.033372408004750574,-0.004156457514294411,0.07453845284611285,0.13340110125094626,0.10985604188901289,8
v21,Python,ocr_only,2,60.0,120.0,index,0.0016694226261976099,-0.10808390859391943,0.0,0.0,0.0,9
v21,Python,ocr_only,3,120.0,180.0,range,0.4079117755328523,0.01647377560945477,0.9315120406549565,1.0,0.9726048162619826,1
v21,Python,ocr_only,3,120.0,180.0,for,0.4378450813469251,0.006748672535808321,1.0,0.6419126977564392,0.7851476186538635,2
v21,Python,ocr_only,3,120.0,180.0,list,0.15666130057380276,0.009365700640863773,0.356646290065917,0.738274096390285,0.5856229738605379,3
v21,Python,ocr_only,3,120.0,180.0,iteration,0.034000105744209884,0.008910433346925315,0.07599519937502341,0.7215107329738167,0.4633045195342994,4
v21,Python,ocr_only,3,120.0,180.0,for loop,0.3622050842036983,-0.010308803472319958,0.826934282455064,0.013840633061634374,0.33907809281900625,5
v21,Python,ocr_only,3,120.0,180.0,index,0.0007856901732392781,0.003865169605868947,0.0,0.5357394492701135,0.3214436695620681,6
v21,Python,ocr_only,3,120.0,180.0,continue,0.016108229999992358,-0.0014500143748120515,0.03505825555104926,0.3400294523521475,0.21804097363170818,7
v21,Python,ocr_only,3,120.0,180.0,nested loop,0.00860606409396523,-0.009552837444615653,0.017893160697737217,0.04167600235267831,0.03216286569070187,8
v21,Python,ocr_only,3,120.0,180.0,break,0.022668100467171555,-0.010684693883081747,0.0500673609487464,0.0,0.020026944379498562,9
v21,Python,ocr_only,4,180.0,240.0,for,0.41392000538062523,0.010947206948763813,1.0,0.5636013098514036,0.7381607859108421,1
v21,Python,ocr_only,4,180.0,240.0,index,0.002113761430092356,0.04190369020118595,0.0,1.0,0.6,2
v21,Python,ocr_only,4,180.0,240.0,range,0.3850192175378356,-0.004369563809853197,0.9298194520667314,0.34767824643806206,0.5805347286895298,3
v21,Python,ocr_only,4,180.0,240.0,list,0.1475508946861759,0.0013308742051771265,0.353168839454396,0.4280382686908435,0.39809049699626453,4
v21,Python,ocr_only,4,180.0,240.0,for loop,0.343008817321546,-0.02134893964195061,0.8278044854812904,0.10831716293745855,0.3961120919549913,5
v21,Python,ocr_only,4,180.0,240.0,continue,0.015233534537688265,0.012047452490986639,0.03185909223166584,0.5791116541483547,0.3602106293816792,6
v21,Python,ocr_only,4,180.0,240.0,iteration,0.03200950248046367,0.0021914514306837925,0.07259661913713591,0.4401699688881983,0.2931406289877733,7
v21,Python,ocr_only,4,180.0,240.0,break,0.02140257911942369,-0.0027799334711111796,0.046839546443711404,0.3700875295594969,0.2407883363131827,8
v21,Python,ocr_only,4,180.0,240.0,nested loop,0.008332374356211054,-0.029032552164439066,0.015100822334460988,0.0,0.0060403289337843955,9
v21,Python,ocr_only,5,240.0,300.0,range,0.4064356565966315,0.008240351673670146,0.9314218443996695,1.0,0.9725687377598677,1
v21,Python,ocr_only,5,240.0,300.0,for,0.4362958612162877,0.002722388580710308,1.0,0.7769221417633028,0.8661532850579816,2
v21,Python,ocr_only,5,240.0,300.0,list,0.15614671010282247,0.007361716258637223,0.3565981103922882,0.9644789022227188,0.7213265854905466,3
v21,Python,ocr_only,5,240.0,300.0,iteration,0.03388432777231046,0.005418254449698923,0.07580537014396344,0.885909457194006,0.561867822373989,4
v21,Python,ocr_only,5,240.0,300.0,break,0.022612514966154396,0.0011290832857356393,0.04991806821939718,0.7125086749219569,0.44747243224093297,5
v21,Python,ocr_only,5,240.0,300.0,index,0.0008772595017748125,0.0011687594835684924,0.0,0.7141126873240733,0.428467612394444,6
v21,Python,ocr_only,5,240.0,300.0,for loop,0.36099218754033324,-0.014103425019814706,0.8270545323983927,0.09669532656696306,0.38883900889953493,7
v21,Python,ocr_only,5,240.0,300.0,nested loop,0.008579437048974911,-0.013714630277400653,0.017689132978866432,0.11241335457299902,0.07452366593534598,8
v21,Python,ocr_only,5,240.0,300.0,continue,0.016077127479410147,-0.01649524125597412,0.034908632561365165,0.0,0.013963453024546067,9
v21,Python,ocr_only,6,300.0,360.0,for,0.43646259025246814,0.001695399972310204,1.0,0.9240871839454949,0.9544523103672969,1
v21,Python,ocr_only,6,300.0,360.0,range,0.4065943390086266,-0.005086670771321415,0.9314311507849619,0.6441703494908828,0.7590746700085145,2
v21,Python,ocr_only,6,300.0,360.0,index,0.000867541104538691,0.0035346823071260797,0.0,1.0,0.6,3
v21,Python,ocr_only,6,300.0,360.0,list,0.1562030226023953,-0.007605012541322367,0.35660525022428385,0.5402306704488411,0.46678050235901813,4
v21,Python,ocr_only,6,300.0,360.0,for loop,0.3611235912262949,-0.018859823031558105,0.8270434910278609,0.07571016573844823,0.3762434958542133,5
v21,Python,ocr_only,6,300.0,360.0,continue,0.016080660281781893,-0.006900972239514849,0.03492491295987338,0.5692885703233715,0.35554310737797223,6
v21,Python,ocr_only,6,300.0,360.0,iteration,0.03389695730772061,-0.010386704809008475,0.07582596787495863,0.4254217096710854,0.2855834129526347,7
v21,Python,ocr_only,6,300.0,360.0,break,0.0226186714081661,-0.010671772281373263,0.04993429182947545,0.4136561018668234,0.2681673778518842,8
v21,Python,ocr_only,6,300.0,360.0,nested loop,0.008582290730537737,-0.020694195376653658,0.017710829452928636,0.0,0.007084331781171455,9
v21,Python,ocr_only,7,360.0,420.0,iteration,0.03380595907869202,0.0072417568356068435,0.07567538770542345,1.0,0.6302701550821693,1
v21,Python,ocr_only,7,360.0,420.0,range,0.4054347330649677,-0.006037819987556753,0.9313583915214936,0.37579056892764756,0.598017697965186,2
v21,Python,ocr_only,7,360.0,420.0,break,0.02257563489579272,0.003752297819952145,0.0498173320237436,0.8359772110273309,0.521513259425896,3
v21,Python,ocr_only,7,360.0,420.0,for,0.43524623649503524,-0.014032476077455877,1.0,0.0,0.4,4
v21,Python,ocr_only,7,360.0,420.0,list,0.15579898431925576,-0.005650645138656758,0.3565668729441588,0.3939898079075998,0.3790206339222234,5
v21,Python,ocr_only,7,360.0,420.0,for loop,0.36017044331650905,-0.01271570356273781,0.8271364202190443,0.061895181842704566,0.3679916771932405,6
v21,Python,ocr_only,7,360.0,420.0,nested loop,0.008561484924299489,-0.009482088318568772,0.01754945939669273,0.21389197803193621,0.13535497057783882,7
v21,Python,ocr_only,7,360.0,420.0,continue,0.016056859124572175,-0.013442749070391087,0.03480771483697698,0.027720247751104005,0.030555234585453193,8
v21,Python,ocr_only,7,360.0,420.0,index,0.0009396389245199623,-0.013984279703910122,0.0,0.002265481145323087,0.0013592886871938521,9
v21,Python,ocr_only,8,420.0,480.0,continue,0.015992809875267737,0.06990419758528546,0.03448736586131979,1.0,0.6137949463445279,1
v21,Python,ocr_only,8,420.0,480.0,iteration,0.03355952536568938,0.06247487734982626,0.07526233958295903,0.9113387092000381,0.5769081613532064,2
v21,Python,ocr_only,8,420.0,480.0,for loop,0.3575906190697184,0.017541801937790126,0.8273869662941914,0.37510869899952626,0.5560200059173923,3
v21,Python,ocr_only,8,420.0,480.0,range,0.40229758637146,-0.0018537850069630993,0.9311585232421399,0.1436423306315161,0.4586488076757656,4
v21,Python,ocr_only,8,420.0,480.0,for,0.4319559411358683,-0.013890208839737947,1.0,0.0,0.4,5
v21,Python,ocr_only,8,420.0,480.0,list,0.15470495895979042,0.021055441126231814,0.356459008020463,0.41704036649794785,0.3928078231069539,6
v21,Python,ocr_only,8,420.0,480.0,nested loop,0.008505300572819932,0.034940361389380205,0.017107737027784755,0.5827425995649269,0.35648865455007,7
v21,Python,ocr_only,8,420.0,480.0,index,0.0011349279735959822,0.030023347721390092,0.0,0.5240631019973929,0.31443786119843575,8
v21,Python,ocr_only,8,420.0,480.0,break,0.022459555198519558,-0.00018036314751596736,0.04949764884585951,0.16361289824863331,0.1179667984875238,9
v21,Python,ocr_only,9,480.0,540.0,for loop,0.3573071001284703,0.042732252615092614,0.8274197332530411,1.0,0.9309678933012164,1
v21,Python,ocr_only,9,480.0,540.0,for,0.4315917196341582,0.011662879261368098,1.0,0.2885669214807675,0.5731401528884605,2
v21,Python,ocr_only,9,480.0,540.0,break,0.02244577569858362,0.033899243750900705,0.049459812640877183,0.797739895900205,0.49842786259647387,3
v21,Python,ocr_only,9,480.0,540.0,list,0.15458420789453672,0.022852549117085924,0.3564478005669162,0.5447903471171549,0.46945332849705945,4
v21,Python,ocr_only,9,480.0,540.0,index,0.0011565319622923239,0.03152367689330178,0.0,0.7433436638459379,0.4460061983075627,5
v21,Python,ocr_only,9,480.0,540.0,continue,0.015984782863248847,0.02889860720608035,0.03444943937125456,0.6832342632588937,0.423720333703838,6
v21,Python,ocr_only,9,480.0,540.0,nested loop,0.008498959177939018,0.02901189901632298,0.017058148185700967,0.6858284430775307,0.4183203251207988,7
v21,Python,ocr_only,9,480.0,540.0,range,0.4019511458286883,0.0006184423060756712,0.9311381256588487,0.03566906949775192,0.39385669196219064,8
v21,Python,ocr_only,9,480.0,540.0,iteration,0.033532458238054424,-0.0009392806489944346,0.07521672763529563,0.0,0.030086691054118254,9
v21,Python,ocr_only,10,540.0,600.0,for,0.4299585317330214,0.006696476509810333,1.0,0.9734967059798628,0.9840980235879176,1
v21,Python,ocr_only,10,540.0,600.0,range,0.40039388565582684,-0.0071017639116644216,0.9310372728833104,0.6831178152067469,0.7822855982773723,2
v21,Python,ocr_only,10,540.0,600.0,for loop,0.3560295464447403,-0.005030988567262141,0.8275526645866995,0.7266965201126282,0.7670389779022567,3
v21,Python,ocr_only,10,540.0,600.0,continue,0.015953284937319408,0.007955861521844907,0.03428808905400036,1.0,0.6137152356216001,4
v21,Python,ocr_only,10,540.0,600.0,index,0.0012538195894717889,0.00021789223415841585,0.0,0.8371572845550775,0.5022943707330465,5
v21,Python,ocr_only,10,540.0,600.0,nested loop,0.008470936805113035,-0.006580564931528637,0.016834704660826382,0.6940862558992545,0.42318563540388326,6
v21,Python,ocr_only,10,540.0,600.0,break,0.022388433491775675,-0.01309358080294958,0.0492987674351176,0.5570222342151928,0.35393284750316273,7
v21,Python,ocr_only,10,540.0,600.0,iteration,0.033410704490765615,-0.02652829297676337,0.07500940388666934,0.27429366160555785,0.19457995851800244,8
v21,Python,ocr_only,10,540.0,600.0,list,0.15404403195573457,-0.03956219457630254,0.3563996570093723,0.0,0.14255986280374894,9
v21,Python,ocr_only,11,600.0,660.0,range,0.210438860527494,-0.008844685548441252,0.912587611557617,0.9472801681454168,0.9334031455102969,1
v21,Python,ocr_only,11,600.0,660.0,for,0.23003355940674744,-0.015937725062830598,1.0,0.8682521253064308,0.9209512751838584,2
v21,Python,ocr_only,11,600.0,660.0,for loop,0.19368469524960275,-0.018732505609446337,0.837846906822954,0.8371137062527301,0.8374069864808197,3
v21,Python,ocr_only,11,600.0,660.0,break,0.011428700596315332,-0.004112898740834186,0.024798852409932383,1.0,0.6099195409639729,4
v21,Python,ocr_only,11,600.0,660.0,nested loop,0.0058696939820072555,-0.014191020535076336,0.0,0.8877132660439638,0.5326279596263783,5
v21,Python,ocr_only,11,600.0,660.0,continue,0.0081961268897784,-0.02095189714468094,0.010378269054930314,0.8123860603729646,0.49158294384575085,6
v21,Python,ocr_only,11,600.0,660.0,index,0.010177723641436766,-0.06186630083943043,0.01921821633146253,0.35653279163523915,0.2216069615137285,7
v21,Python,ocr_only,11,600.0,660.0,iteration,0.016873380521448635,-0.07293206674040244,0.04908769091125309,0.23324208954706738,0.15958033009274167,8
v21,Python,ocr_only,11,600.0,660.0,list,0.0779372419819297,-0.09386634902987781,0.3214949379257474,0.0,0.12859797517029897,9
v21,Python,ocr_only,12,660.0,720.0,range,0.30339510366580424,0.044395013835793966,0.9192568383269619,0.6488839208152297,0.7570330878199226,1
v21,Python,ocr_only,12,660.0,720.0,list,0.1194273902155656,0.08116696872015126,0.3488804564046225,1.0,0.739552182561849,2
v21,Python,ocr_only,12,660.0,720.0,for loop,0.27359010976063924,0.018921767067439796,0.8268489681196511,0.40565326969704796,0.5741315490660892,3
v21,Python,ocr_only,12,660.0,720.0,for,0.3294377928453051,0.006721620437483894,1.0,0.2891604788280026,0.5734962872968016,4
v21,Python,ocr_only,12,660.0,720.0,nested loop,0.006900395994803874,0.033150306901039615,0.0,0.5415141216590719,0.3249084729954431,5
v21,Python,ocr_only,12,660.0,720.0,iteration,0.025406328863118624,0.01333875644897109,0.05737608428982392,0.35234403431458067,0.23435685430467795,6
v21,Python,ocr_only,12,660.0,720.0,index,0.007878179331999144,0.01520979134555942,0.0030315347824565004,0.37020956360107066,0.22333835207362498,7
v21,Python,ocr_only,12,660.0,720.0,continue,0.015584151180315866,-0.01814716923177584,0.026923250668935562,0.0517014709998467,0.04179018286748225,8
v21,Python,ocr_only,12,660.0,720.0,break,0.020438041390293774,-0.023561800664991427,0.041972327946097704,0.0,0.016788931178439083,9
v21,Python,ocr_only,13,720.0,780.0,nested loop,0.007290746076656342,0.049389376476073846,0.0024283714048563077,1.0,0.6009713485619425,1
v21,Python,ocr_only,13,720.0,780.0,list,0.14292252241017597,0.024109247385600722,0.3723632079058222,0.6850703279545701,0.5599874799350709,2
v21,Python,ocr_only,13,720.0,780.0,for,0.37303735509039865,-0.010861399328784082,1.0,0.2494200881332794,0.5496520528799677,3
v21,Python,ocr_only,13,720.0,780.0,range,0.34468207671068585,-0.012322227539199343,0.9226611524607301,0.23122167832396542,0.5077974679786713,4
v21,Python,ocr_only,13,720.0,780.0,for loop,0.31814583655307255,-0.023718101392696898,0.8502837204943615,0.08925646910730993,0.39366736966213056,5
v21,Python,ocr_only,13,720.0,780.0,iteration,0.030508783589772954,0.009615153172907804,0.06575542604850611,0.5045087366484903,0.3290074124084966,6
v21,Python,ocr_only,13,720.0,780.0,continue,0.01691631259570892,0.009826985298626403,0.028682044937073204,0.5071476560006223,0.31576141157520266,7
v21,Python,ocr_only,13,720.0,780.0,index,0.006400415416387947,0.00840623883821208,0.0,0.48944856849847,0.293669141099082,8
v21,Python,ocr_only,13,720.0,780.0,break,0.0223832758994615,-0.03088292345134091,0.04359315375391376,0.0,0.017437261501565503,9
v21,Python,ocr_only,14,780.0,840.0,nested loop,0.006238047312671417,0.057465932007534054,0.0,1.0,0.6,1
v21,Python,ocr_only,14,780.0,840.0,for,0.3156588490472795,-0.019235735836982473,1.0,0.2407497581074927,0.5444498548644956,2
v21,Python,ocr_only,14,780.0,840.0,range,0.2936825796042598,-0.018195615368538753,0.9289761085233409,0.2510456452694783,0.5222178305710233,3
v21,Python,ocr_only,14,780.0,840.0,list,0.11290051359652505,0.02004025091464673,0.34471653387847734,0.629532730887051,0.5156062520836215,4
v21,Python,ocr_only,14,780.0,840.0,for loop,0.26705772853615983,-0.022970873774421214,0.8429287228309715,0.20377658057175824,0.4594374374754436,5
v21,Python,ocr_only,14,780.0,840.0,continue,0.011766425287062813,0.022153396292524802,0.017866859446421825,0.65045021787782,0.3974168745052607,6
v21,Python,ocr_only,14,780.0,840.0,iteration,0.024494287449868413,0.015952229266839757,0.059001334218167646,0.5890664475299394,0.3770404022052307,7
v21,Python,ocr_only,14,780.0,840.0,index,0.008966422049276876,0.012354178521637144,0.00881768362472799,0.553450261136518,0.3355972301318019,8
v21,Python,ocr_only,14,780.0,840.0,break,0.016475892542550895,-0.0435569766626429,0.03308712656836994,0.0,0.013234850627347979,9
v21,Python,ocr_only,15,840.0,900.0,for,0.20104250416573913,0.10314948162030299,1.0,1.0,1.0,1
v21,Python,ocr_only,15,840.0,900.0,for loop,0.17787453434834746,0.070801184897086,0.8824340413037649,0.7931183848385,0.828844647424606,2
v21,Python,ocr_only,15,840.0,900.0,range,0.18684417969595088,0.03380428275342854,0.9279505437322433,0.5565068891253914,0.7050843509681322,3
v21,Python,ocr_only,15,840.0,900.0,list,0.07139782977737795,0.027496050625453145,0.3421175634091491,0.5161629642932518,0.4465448039396107,4
v21,Python,ocr_only,15,840.0,900.0,nested loop,0.0039789147193019505,0.038422892176062505,0.0,0.5860449320501941,0.3516269592301165,5
v21,Python,ocr_only,15,840.0,900.0,continue,0.007420159292790907,0.017379380917830003,0.017462609826379434,0.4514624025580694,0.2778624854653934,6
v21,Python,ocr_only,15,840.0,900.0,break,0.010405259454086721,-0.014091443765583392,0.03261051294577927,0.2501926078397562,0.16315976988216543,7
v21,Python,ocr_only,15,840.0,900.0,index,0.016765500682082112,-0.03198020603593087,0.06488558337285141,0.135786088590988,0.10742588650373337,8
v21,Python,ocr_only,15,840.0,900.0,iteration,0.015524444208417087,-0.05321190746670996,0.058587837162345335,0.0,0.023435134864938135,9
v21,Python,ocr_only,16,900.0,960.0,range,0.40578281235040337,0.0059361053682190305,0.9313805231673595,1.0,0.9725522092669439,1
v21,Python,ocr_only,16,900.0,960.0,for,0.4356112419046238,-0.001000793816994261,1.0,0.8359039421333239,0.9015423652799943,2
v21,Python,ocr_only,16,900.0,960.0,for loop,0.36045643053151183,-0.00739290738284604,0.8271084359803635,0.684695079270179,0.7416604219542529,3
v21,Python,ocr_only,16,900.0,960.0,list,0.1559200972021385,0.0024263861700312976,0.356578260705269,0.9169757164888235,0.6928167341754017,4
v21,Python,ocr_only,16,900.0,960.0,iteration,0.03383325564508622,0.005496769399579189,0.07572085986335805,0.9896072728451194,0.6240527076524148,5
v21,Python,ocr_only,16,900.0,960.0,break,0.022588430099959752,-0.0011201377056673956,0.0498524498427,0.8330807986597263,0.5197894591329157,6
v21,Python,ocr_only,16,900.0,960.0,nested loop,0.008567722177905584,-0.0031666126308648786,0.017598199222975796,0.7846703405023208,0.47784148399058274,7
v21,Python,ocr_only,16,900.0,960.0,index,0.0009179021846121204,-0.011434026828900094,0.0,0.5891002388724161,0.35346014332344966,8
v21,Python,ocr_only,16,900.0,960.0,continue,0.016063879921211305,-0.03633730007123003,0.03484290269171087,0.0,0.01393716107668435,9
v21,Python,ocr_only,17,960.0,1020.0,for,0.42233797123803135,0.0015137460068849094,1.0,0.4596144005909409,0.6757686403545645,1
v21,Python,ocr_only,17,960.0,1020.0,index,0.001817271694189295,0.016859631662275203,0.0,1.0,0.6,2
v21,Python,ocr_only,17,960.0,1020.0,list,0.15112833042011237,0.004298027819071206,0.35506232841305446,0.5576592987342777,0.47662051060578836,3
v21,Python,ocr_only,17,960.0,1020.0,for loop,0.3501265879830988,-0.005081585232141358,0.8282810255636321,0.22736830512686929,0.4677333933015745,4
v21,Python,ocr_only,17,960.0,1020.0,continue,0.015569237261687,0.0055382337371557505,0.03270223221452615,0.6013315528800899,0.3738798246138644,5
v21,Python,ocr_only,17,960.0,1020.0,range,0.3934002706495533,-0.011538396842133225,0.9311860257536237,0.0,0.3724744103014495,6
v21,Python,ocr_only,17,960.0,1020.0,break,0.02189372992956538,0.0010595482641509197,0.047741902496485744,0.4436204120412259,0.28526900822332985,7
v21,Python,ocr_only,17,960.0,1020.0,iteration,0.03279619717210427,-0.006451001604428286,0.0736680156565877,0.17914607124629045,0.13695484901040936,8
v21,Python,ocr_only,17,960.0,1020.0,nested loop,0.008307307217130527,-0.00544201639026056,0.015433331890632895,0.2146761860925057,0.13497904441175657,9
v21,Python,ocr_only,18,1020.0,1080.0,range,0.4049214400986718,0.01528667712192906,0.9313257601050176,1.0,0.972530304042007,1
v21,Python,ocr_only,18,1020.0,1080.0,for loop,0.35974883085330445,0.012594677654462852,0.8271781042956318,0.9181242686724173,0.8817458029217031,2
v21,Python,ocr_only,18,1020.0,1080.0,for,0.43470794446009875,0.0048486042626296275,1.0,0.682531568325259,0.8095189409951553,3
v21,Python,ocr_only,18,1020.0,1080.0,nested loop,0.008552306847015913,0.0067526986713849655,0.017477373815674397,0.7404435865547209,0.4512571014591023,4
v21,Python,ocr_only,18,1020.0,1080.0,break,0.022556605670802737,0.0032431710693156274,0.04976496840267765,0.6337031720388803,0.40012789058439924,5
v21,Python,ocr_only,18,1020.0,1080.0,index,0.0009717370120535293,-0.003028710824945016,0.0,0.4429472216388782,0.2657683329833269,6
v21,Python,ocr_only,18,1020.0,1080.0,iteration,0.03376568035124666,-0.0060353547146147525,0.07560803727256579,0.35150174763957537,0.24114426349277154,7
v21,Python,ocr_only,18,1020.0,1080.0,list,0.15562017000842807,-0.012875468869481873,0.3565495117557116,0.1434633154028026,0.2286977939439662,8
v21,Python,ocr_only,18,1020.0,1080.0,continue,0.01604634844261532,-0.01759241200272964,0.034755252551442795,0.0,0.013902101020577118,9
v21,Python,ocr_only,19,1080.0,1140.0,for,0.4344625645227741,0.016901605952734596,1.0,0.964328460556336,0.9785970763338017,1
v21,Python,ocr_only,19,1080.0,1140.0,range,0.40468814984187856,-0.005346475380354944,0.9313124487969703,0.4979235622897458,0.6712791168926356,2
v21,Python,ocr_only,19,1080.0,1140.0,index,0.0009864227851399934,0.018603181801892004,0.0,1.0,0.6,3
v21,Python,ocr_only,19,1080.0,1140.0,continue,0.01604107541968209,0.009980337742462814,0.03473006051542758,0.8192322004718123,0.5054313444892584,4
v21,Python,ocr_only,19,1080.0,1140.0,iteration,0.033747298038094425,0.005607799973538395,0.07557711278325276,0.7275670810060335,0.4667710937169212,5
v21,Python,ocr_only,19,1080.0,1140.0,for loop,0.3595568758682529,-0.018363949559785996,0.8271976668560028,0.2250275030994417,0.46589556860206616,6
v21,Python,ocr_only,19,1080.0,1140.0,list,0.15553818019362411,-0.006781349020120241,0.3565404010217203,0.46784312146607815,0.423322033288335,7
v21,Python,ocr_only,19,1080.0,1140.0,break,0.022547475410697244,-0.01579035633956584,0.04973988312050471,0.2789798626798209,0.18728387085609444,8
v21,Python,ocr_only,19,1080.0,1140.0,nested loop,0.008548002836493712,-0.02909803535036197,0.017444051294362682,0.0,0.006977620517745073,9
v21,Python,ocr_only,20,1140.0,1200.0,for,0.43668795601050886,0.009842252188178063,1.0,0.6676510041344116,0.800590602480647,1
v21,Python,ocr_only,20,1140.0,1200.0,list,0.15627682722678413,0.02321163116688142,0.35660999115389824,1.0,0.7426439964615593,2
v21,Python,ocr_only,20,1140.0,1200.0,range,0.4068090760996452,-0.0021205301639571866,0.931444329996656,0.37026855212792853,0.5947388632754196,3
v21,Python,ocr_only,20,1140.0,1200.0,for loop,0.36129950745550404,0.00020599723137376184,0.8270247875215084,0.42810362770800725,0.5876720916334077,4
v21,Python,ocr_only,20,1140.0,1200.0,index,0.0008541306039990601,0.00967772771568618,0.0,0.6635610951479811,0.39813665708878865,5
v21,Python,ocr_only,20,1140.0,1200.0,iteration,0.033913616970463335,0.00168200435352571,0.0758534203618297,0.46479564502003595,0.30921875515675346,6
v21,Python,ocr_only,20,1140.0,1200.0,nested loop,0.008586257431833446,-0.0004210968802316991,0.017740997547912894,0.4125147137698737,0.25460522728108936,7
v21,Python,ocr_only,20,1140.0,1200.0,continue,0.01608484664041129,-0.0010683969700470053,0.03494615412699158,0.39642350001817206,0.25183256166169987,8
v21,Python,ocr_only,20,1140.0,1200.0,break,0.022626414311082452,-0.01701529638523406,0.04995547026845841,0.0,0.019982188107383364,9
v21,Python,ocr_only,21,1200.0,1260.0,range,0.2547104366588503,0.04224944315036796,0.9222305339760942,0.6712722164836945,0.7716555434806545,1
v21,Python,ocr_only,21,1200.0,1260.0,for loop,0.23397753668891025,0.02842226717391462,0.8453199687969467,0.4875553784879826,0.6306612146115682,2
v21,Python,ocr_only,21,1200.0,1260.0,index,0.010784188140024858,0.06699065337702942,0.017364081969269134,1.0,0.6069456327877076,3
v21,Python,ocr_only,21,1200.0,1260.0,break,0.014038417448231416,0.058792826588160436,0.029435939532831978,0.8910783504417465,0.5464213860781807,4
v21,Python,ocr_only,21,1200.0,1260.0,for,0.27567487185749384,0.008857596817723074,1.0,0.22760646481328298,0.5365638788879699,5
v21,Python,ocr_only,21,1200.0,1260.0,continue,0.010025572991954838,0.04691516153893754,0.014549930554072936,0.7332639804408575,0.44577836048614367,6
v21,Python,ocr_only,21,1200.0,1260.0,iteration,0.020880048703800502,0.028960553764126047,0.054815588659391706,0.494707403634516,0.31875067764446624,7
v21,Python,ocr_only,21,1200.0,1260.0,nested loop,0.006103325716245608,0.019027367609728296,0.0,0.3627286427786189,0.21763718566717133,8
v21,Python,ocr_only,21,1200.0,1260.0,list,0.09627271722283826,-0.008272866980185074,0.33449150252432913,0.0,0.13379660100973165,9
v21,Python,ocr_only,22,1260.0,1320.0,iteration,0.017931260859483378,0.07317809788575469,0.058741689278353014,1.0,0.6234966757113412,1
v21,Python,ocr_only,22,1260.0,1320.0,range,0.21545421940431803,0.0018222123670050539,0.9282343842589694,0.3171010080499148,0.5615543585335367,2
v21,Python,ocr_only,22,1260.0,1320.0,list,0.08254728057385825,0.041999723726918056,0.34318030610688616,0.7016128364335485,0.5582398243028835,3
v21,Python,ocr_only,22,1260.0,1320.0,for,0.23175723934317574,-0.03131156509498261,1.0,0.0,0.4,4
v21,Python,ocr_only,22,1260.0,1320.0,for loop,0.2017671239069859,-0.030980026649771272,0.8679840232978608,0.0031729305632123483,0.3490973676570717,5
v21,Python,ocr_only,22,1260.0,1320.0,index,0.014666714469864775,0.010904352851806041,0.04437121174444941,0.404020041241507,0.26016050944268393,6
v21,Python,ocr_only,22,1260.0,1320.0,break,0.012048795280063987,0.0042748104642310585,0.032847176116638156,0.3405731681398382,0.21748277133055816,7
v21,Python,ocr_only,22,1260.0,1320.0,continue,0.008602337281966207,-0.0074961614393687735,0.017675926784508793,0.2279211452716066,0.14382305787676747,8
v21,Python,ocr_only,22,1260.0,1320.0,nested loop,0.00458689083410859,-0.014409270607638974,0.0,0.16176044601138753,0.09705626760683252,9
v21,Python,ocr_only,23,1320.0,1380.0,for,0.10999626724290715,0.033964101825862125,1.0,1.0,1.0,1
v21,Python,ocr_only,23,1320.0,1380.0,range,0.10185710795199121,0.01864222897574231,0.9244958547615805,0.6126420108384335,0.7373835484076923,2
v21,Python,ocr_only,23,1320.0,1380.0,for loop,0.10700435617879929,0.015769636272596147,0.9722450833740334,0.5400189219996441,0.7129093865493998,3
v21,Python,ocr_only,23,1320.0,1380.0,list,0.038601307442612184,0.031150094170526874,0.337693830360462,0.9288580216322971,0.6923923451235631,4
v21,Python,ocr_only,23,1320.0,1380.0,iteration,0.008419144091611082,0.019288026578348674,0.05770441575260066,0.628968661189732,0.4004629630148795,5
v21,Python,ocr_only,23,1320.0,1380.0,continue,0.0040716519710515655,0.002154761200306137,0.01737424592044467,0.19581618110253787,0.12443940702970059,6
v21,Python,ocr_only,23,1320.0,1380.0,index,0.02291360350626892,-0.005590711238104603,0.19216446619271746,0.0,0.07686578647708699,7
v21,Python,ocr_only,23,1320.0,1380.0,nested loop,0.002198751421558428,-0.0012261719193185415,0.0,0.11034154836550165,0.06620492901930099,8
v21,Python,ocr_only,23,1320.0,1380.0,break,0.0056826671593685546,-0.0027218959288476566,0.03231907258033636,0.07252759113328619,0.05644418371210626,9
v21,Python,ocr_only,24,1380.0,1440.0,for,0.09184049603867181,0.06806203073405977,0.9886456673897295,1.0,0.9954582669558918,1
v21,Python,ocr_only,24,1380.0,1440.0,for loop,0.09287409691020738,0.03789789529232086,1.0,0.6567995098788337,0.7940797059273003,2
v21,Python,ocr_only,24,1380.0,1440.0,range,0.084918413854138,0.026570522724070615,0.9126050741169525,0.5279193095920648,0.6817936154020199,3
v21,Python,ocr_only,24,1380.0,1440.0,list,0.03204876644376151,0.017598608387537556,0.33182038418794646,0.4258389630967847,0.3882315315332494,4
v21,Python,ocr_only,24,1380.0,1440.0,continue,0.0033962797547587484,0.007158954382968468,0.01706652422364851,0.30705901735679303,0.19106202010353524,5
v21,Python,ocr_only,24,1380.0,1440.0,index,0.02414316380318295,-0.008493564457706285,0.24497560266952062,0.12896831264801317,0.17537122865661614,6
v21,Python,ocr_only,24,1380.0,1440.0,nested loop,0.0018426900443701338,0.004124672682722578,0.0,0.27253566863687223,0.16352140118212333,7
v21,Python,ocr_only,24,1380.0,1440.0,break,0.004733604194147265,-0.004863810865501913,0.03175732694143442,0.1702668015196634,0.11486301168837179,8
v21,Python,ocr_only,24,1380.0,1440.0,iteration,0.007000812395168791,-0.01982868128412388,0.056663107035143774,0.0,0.02266524281405751,9
v21,Python,ocr_only,25,1440.0,1500.0,for,0.07204268438535069,0.0607163689292795,0.9286760593787446,1.0,0.9714704237514978,1
v21,Python,ocr_only,25,1440.0,1500.0,for loop,0.07746391050282474,0.02919208106010202,1.0,0.5483861932662609,0.7290317159597566,2
v21,Python,ocr_only,25,1440.0,1500.0,range,0.06643973132796221,0.023665532423171803,0.8549612423780738,0.46921340819397656,0.6235125418676155,3
v21,Python,ocr_only,25,1440.0,1500.0,list,0.024915007237872856,0.015364055631997808,0.3086444330184386,0.35028727889544686,0.33363014054464357,4
v21,Python,ocr_only,25,1440.0,1500.0,index,0.025480668254146816,0.006476290251967139,0.3160865082726767,0.22296203769447206,0.2602118259257539,5
v21,Python,ocr_only,25,1440.0,1500.0,continue,0.0026667827287789755,0.0013794819373463745,0.015937394162377376,0.14994566965754,0.09634235945947495,6
v21,Python,ocr_only,25,1440.0,1500.0,break,0.003705372191122367,-0.0005824966456320429,0.029601515808820797,0.121838559981788,0.08494374231260111,7
v21,Python,ocr_only,25,1440.0,1500.0,nested loop,0.0014554052203998268,-0.0038939334464378026,0.0,0.07439924634602202,0.04463954780761321,8
v21,Python,ocr_only,25,1440.0,1500.0,iteration,0.005455524387429144,-0.009087271701582496,0.05262725733345326,0.0,0.021050902933381306,9
v21,Python,ocr_only,26,1500.0,1560.0,for,0.05332395685023689,0.03718600860358014,0.8451912174524567,1.0,0.9380764869809827,1
v21,Python,ocr_only,26,1500.0,1560.0,for loop,0.0628912714244002,0.010430035676990957,1.0,0.4718177095950684,0.683090625757041,2
v21,Python,ocr_only,26,1500.0,1560.0,range,0.0489584791987519,0.015119659554725934,0.7745533937218619,0.5643942825971356,0.6484579270470261,3
v21,Python,ocr_only,26,1500.0,1560.0,index,0.026741253068378386,0.020157925108374466,0.4150563057809255,0.6638532948743464,0.5643344992369781,4
v21,Python,ocr_only,26,1500.0,1560.0,list,0.018183982847836944,0.00954297873110856,0.2765910578262014,0.4543065628062271,0.3832203608142168,5
v21,Python,ocr_only,26,1500.0,1560.0,break,0.002741284695819632,0.007992460796759675,0.026712653428479637,0.423698215424306,0.26490399062597547,6
v21,Python,ocr_only,26,1500.0,1560.0,iteration,0.003996076627465538,0.006903964722169573,0.047016450254933506,0.4022105142911344,0.260132888676654,7
v21,Python,ocr_only,26,1500.0,1560.0,continue,0.001985502095130211,-0.007792284163451003,0.01448332999854763,0.11209591378434103,0.07305088027002365,8
v21,Python,ocr_only,26,1500.0,1560.0,nested loop,0.0010904199693149896,-0.013470693471903461,0.0,0.0,0.0,9
v21,Python,ocr_only,27,1560.0,1620.0,range,0.14164059227608738,0.06116421743932868,0.9230379437017235,1.0,0.9692151774806894,1
v21,Python,ocr_only,27,1560.0,1620.0,for,0.15319121156497228,0.0261250028061158,1.0,0.791992608431762,0.8751955650590573,2
v21,Python,ocr_only,27,1560.0,1620.0,for loop,0.1404943380450883,-0.04860840253470591,0.9154004239764235,0.34834394590662365,0.5751665371345436,3
v21,Python,ocr_only,27,1560.0,1620.0,break,0.008367529556009265,0.03299883232522265,0.035036296380821556,0.8327985272664522,0.5136936349121999,4
v21,Python,ocr_only,27,1560.0,1620.0,index,0.019775343011152233,-0.007584165004670623,0.11104683394739281,0.5918809295126971,0.3995472912865754,5
v21,Python,ocr_only,27,1560.0,1620.0,nested loop,0.003109212142828754,-0.03600660922386399,0.0,0.423153446721909,0.2538920680331454,6
v21,Python,ocr_only,27,1560.0,1620.0,list,0.05492241250319044,-0.08309251702629233,0.34523260990562876,0.14363186028994746,0.22427216013621998,7
v21,Python,ocr_only,27,1560.0,1620.0,iteration,0.011878271773831123,-0.0802478355361865,0.05842845687534568,0.1605190760221885,0.11968282836345137,8
v21,Python,ocr_only,27,1560.0,1620.0,continue,0.006124146857042694,-0.1072875590530373,0.020088583080064615,0.0,0.008035433232025846,9
v22,Python,ocr_only,1,0.0,60.0,range,0.38878656296412173,0.9428438481011553,0.9302644408225687,1.0,0.9721057763290275,1
v22,Python,ocr_only,1,0.0,60.0,iteration,0.03250051932856421,0.6981841116494356,0.07340990593914722,0.7412541554386466,0.47411645563884686,2
v22,Python,ocr_only,1,0.0,60.0,for,0.41778309092603616,0.014194597771707677,1.0,0.017884437943971012,0.41073066276638265,3
v22,Python,ocr_only,1,0.0,60.0,for loop,0.34649222314230677,0.01647401212152327,0.8285481442580802,0.020295087933225337,0.3435963104631673,4
v22,Python,ocr_only,1,0.0,60.0,list,0.15000321314802056,0.06289031463571874,0.35599946525179604,0.06938377563325805,0.18403005148067325,5
v22,Python,ocr_only,1,0.0,60.0,break,0.021958149562041205,0.01905024755336252,0.04805590315338785,0.02301964826451496,0.03303415022006412,6
v22,Python,ocr_only,1,0.0,60.0,continue,0.01571554691265078,0.001664817134385066,0.033042678568377434,0.004633264211049485,0.015997029953980665,7
v22,Python,ocr_only,1,0.0,60.0,nested loop,0.008262424138478839,0.0038809927791519355,0.015118198611411794,0.006977034572359686,0.01023350018798053,8
v22,Python,ocr_only,1,0.0,60.0,index,0.001976172562662262,-0.002716212453580978,0.0,0.0,0.0,9
v22,Python,ocr_only,2,60.0,120.0,range,0.3830055458480727,0.9263048804900386,0.9296775131832029,1.0,0.9718710052732812,1
v22,Python,ocr_only,2,60.0,120.0,for,0.41180734429105403,0.03396168999674329,1.0,0.09869594397134734,0.4592175663828084,2
v22,Python,ocr_only,2,60.0,120.0,iteration,0.031852531964492954,0.575152484403882,0.07230212260149949,0.6453213491754539,0.4161136585458721,3
v22,Python,ocr_only,2,60.0,120.0,for loop,0.3413565061364075,0.0219812520550739,0.8279871950645589,0.0865951990731239,0.3831519974696979,4
v22,Python,ocr_only,2,60.0,120.0,list,0.14685530621280354,-0.06375300788245922,0.35309295904812754,0.0,0.14123718361925103,5
v22,Python,ocr_only,2,60.0,120.0,continue,0.015194217048471593,0.011147365889800066,0.03162917179979575,0.07565251956669314,0.05804318045993419,6
v22,Python,ocr_only,2,60.0,120.0,nested loop,0.008295538112299593,0.0005143511806388363,0.014785353539533856,0.06491272865745625,0.044861778610287284,7
v22,Python,ocr_only,2,60.0,120.0,break,0.021329911147402257,-0.0239886821579442,0.04661008586452484,0.0401636370878085,0.04274221659849503,8
v22,Python,ocr_only,2,60.0,120.0,index,0.002239939230205479,-0.018845691663230715,0.0,0.04535827323496123,0.027214963940976736,9
v23,Java,ocr_only,1,0.0,60.0,class,0.15138002972075273,0.12958199012192373,0.8529056440438025,1.0,0.941162257617521,1
v23,Java,ocr_only,1,0.0,60.0,object,0.128304440657433,0.071266897487022,0.6994006962924391,0.6759650915496018,0.6853393334467368,2
v23,Java,ocr_only,1,0.0,60.0,abstract class,0.14335987342959544,0.04127797336412393,0.7995534340935551,0.5093279853800526,0.6254181648654535,3
v23,Java,ocr_only,1,0.0,60.0,method,0.07241264831563392,0.08252032343672305,0.32759364774363725,0.738496122241685,0.574135132442466,4
v23,Java,ocr_only,1,0.0,60.0,inheritance,0.17349194833510725,-0.0032340347410842294,1.0,0.2619915957833388,0.5571949574700032,5
v23,Java,ocr_only,1,0.0,60.0,extends,0.1589554838464591,-0.010375192496192247,0.9032995770683713,0.22231088372662244,0.494706361063322,6
v23,Java,ocr_only,1,0.0,60.0,implements,0.15619968305488802,-0.05038347382693454,0.8849672582113104,0.0,0.3539869032845242,7
v23,Java,ocr_only,1,0.0,60.0,interface,0.07309771067392029,-0.034502249187618426,0.33215086451615883,0.08824595725671658,0.18580792016049347,8
v23,Java,ocr_only,1,0.0,60.0,abstract method,0.023167223293045665,0.0011549721992116708,0.0,0.2863796469348817,0.17182778816092903,9
v23,Java,ocr_only,2,60.0,120.0,object,0.16549177232914264,0.033348732246580505,0.6914779598737479,1.0,0.8765911839494991,1
v23,Java,ocr_only,2,60.0,120.0,inheritance,0.21889379213099516,-0.0010066248669795168,1.0,0.35567968521628596,0.6134078111297716,2
v23,Java,ocr_only,2,60.0,120.0,class,0.18593478726142523,0.0025077036303169722,0.8095843666471574,0.42158944235100987,0.5767874120694689,3
v23,Java,ocr_only,2,60.0,120.0,extends,0.20216181689993143,-0.0028525286977662003,0.9033335601764894,0.32106053300134646,0.5539697438714036,4
v23,Java,ocr_only,2,60.0,120.0,implements,0.19764934214955338,-0.008973804307159697,0.8772634242308721,0.2062585760755204,0.47466051533766107,5
v23,Java,ocr_only,2,60.0,120.0,method,0.09960007525796913,0.008536629687643934,0.3107987106017152,0.5346594221571989,0.4451151375350054,6
v23,Java,ocr_only,2,60.0,120.0,interface,0.0989307435610922,0.0028368529419647986,0.3069317486139877,0.4277624996529834,0.37943019923738514,7
v23,Java,ocr_only,2,60.0,120.0,abstract class,0.1871240078163494,-0.019971574944249657,0.816454907370648,0.0,0.3265819629482592,8
v23,Java,ocr_only,2,60.0,120.0,abstract method,0.04580398700718757,-0.0015900922743648479,0.0,0.34473699868417096,0.20684219921050256,9
v23,Java,ocr_only,3,120.0,180.0,object,0.174096862818243,0.02952132583286843,0.6887030310609845,1.0,0.8754812124243938,1
v23,Java,ocr_only,3,120.0,180.0,inheritance,0.22870727199557805,-0.00028348137537439366,1.0,0.4193362655003231,0.6516017593001939,2
v23,Java,ocr_only,3,120.0,180.0,implements,0.20672416854659867,-0.0004122800210297806,0.8746892108184339,0.4168269822809345,0.5999718736959343,3
v23,Java,ocr_only,3,120.0,180.0,extends,0.2117497230351288,-0.00383005413056507,0.9033364944239664,0.3502411639512587,0.5714792961403418,4
v23,Java,ocr_only,3,120.0,180.0,class,0.19341643311696452,-0.0012102821837758804,0.798830821088463,0.40128013063645146,0.5603004068172561,5
v23,Java,ocr_only,3,120.0,180.0,interface,0.1055923190019576,0.011653996862708113,0.2982050075191606,0.6519048121043283,0.5104248902702612,6
v23,Java,ocr_only,3,120.0,180.0,method,0.10764818650391215,0.006509010867772405,0.3099241162301111,0.5516690762750531,0.4549710922570763,7
v23,Java,ocr_only,3,120.0,180.0,abstract class,0.19759351094744992,-0.021807533604037577,0.82264151372455,0.0,0.32905660548982,8
v23,Java,ocr_only,3,120.0,180.0,abstract method,0.05327861503350693,-0.004510113191986803,0.0,0.33699210545118297,0.20219526327070977,9
v23,Java,ocr_only,4,180.0,240.0,object,0.17804586473337167,0.03139928776834259,0.6901449520714562,1.0,0.8760579808285824,1
v23,Java,ocr_only,4,180.0,240.0,implements,0.21215811959595218,0.001775602783060513,0.8766398853943036,0.3806679846579005,0.5790567449524617,2
v23,Java,ocr_only,4,180.0,240.0,inheritance,0.2347222268042799,-0.003234371849073664,1.0,0.275926198236865,0.565555718942119,3
v23,Java,ocr_only,4,180.0,240.0,class,0.19885200892500082,-0.0007034534538205787,0.8038941160993042,0.3288392234454862,0.5188611805070134,4
v23,Java,ocr_only,4,180.0,240.0,interface,0.10723585280537773,0.012579453747905882,0.30301989961450826,0.6065403160318582,0.4851321494649182,5
v23,Java,ocr_only,4,180.0,240.0,extends,0.2170451784670983,-0.006687869779540108,0.9033578998436796,0.20372512553715855,0.483578235259767,6
v23,Java,ocr_only,4,180.0,240.0,method,0.1086203799132137,0.005086569459767464,0.310589240653373,0.44988920631328344,0.39416922004931926,7
v23,Java,ocr_only,4,180.0,240.0,abstract class,0.20172160950013834,-0.01643238288882324,0.8195824946623562,0.0,0.3278329978649425,8
v23,Java,ocr_only,4,180.0,240.0,abstract method,0.05180972481406395,-0.00015951282978306686,0.0,0.34021119972321684,0.2041267198339301,9
v23,Java,ocr_only,5,240.0,300.0,object,0.21377955801296958,0.22814018195653343,0.6925370611399347,1.0,0.8770148244559739,1
v23,Java,ocr_only,5,240.0,300.0,inheritance,0.2835750281560451,0.01327491412552091,1.0,0.1294737432987016,0.477684245979221,2
v23,Java,ocr_only,5,240.0,300.0,implements,0.2566677590127508,0.031952944883604256,0.8814681234965966,0.20514775223705625,0.4756759007408724,3
v23,Java,ocr_only,5,240.0,300.0,extends,0.26165640087436803,0.022776686723199796,0.903444083892722,0.16797015835443682,0.46215972856975096,4
v23,Java,ocr_only,5,240.0,300.0,abstract class,0.24157495770015472,0.03705540726776838,0.8149813294727264,0.2258203696595193,0.4614847535848022,5
v23,Java,ocr_only,5,240.0,300.0,class,0.2406845763606341,0.03634909158002854,0.8110590224405653,0.22295873288637105,0.4581988487080487,6
v23,Java,ocr_only,5,240.0,300.0,interface,0.12731147514839672,-0.003254966209135829,0.31162794453625775,0.06250296204257806,0.16215295504004995,7
v23,Java,ocr_only,5,240.0,300.0,method,0.12745674948166985,-0.018682089258128767,0.31226790689137235,0.0,0.12490716275654895,8
v23,Java,ocr_only,5,240.0,300.0,abstract method,0.05657052998190466,-0.000993331635123236,0.0,0.07166597056236289,0.042999582337417734,9
v23,Java,ocr_only,6,300.0,360.0,implements,0.2543581156692251,0.495504343380217,0.8813238780252778,1.0,0.9525295512101111,1
v23,Java,ocr_only,6,300.0,360.0,object,0.21202594796529586,0.372522865323307,0.6922043787458281,0.7602689119412812,0.7330430986630999,2
v23,Java,ocr_only,6,300.0,360.0,extends,0.2593026095350573,0.25183531960350986,0.9034134674513751,0.5250094476083292,0.6763710555455476,3
v23,Java,ocr_only,6,300.0,360.0,inheritance,0.2809223648187141,0.18066713597556538,1.0,0.3862794017034109,0.6317676410220465,4
v23,Java,ocr_only,6,300.0,360.0,class,0.23842854636177185,0.17603098043491375,0.8101583239191689,0.37724201957294445,0.5504085413114342,5
v23,Java,ocr_only,6,300.0,360.0,abstract class,0.2397481700980667,0.16052330706566534,0.8160537597964626,0.3470124966495919,0.5346290019083402,6
v23,Java,ocr_only,6,300.0,360.0,interface,0.1265204957344714,0.2842817046785538,0.31020768004959093,0.5882580548011374,0.4770379049005188,7
v23,Java,ocr_only,6,300.0,360.0,method,0.12699618826702747,0.11184284442245593,0.31233284250753957,0.25211836737869486,0.27620415743023274,8
v23,Java,ocr_only,6,300.0,360.0,abstract method,0.05708416798964093,-0.017493278466755958,0.0,0.0,0.0,9
v23,Java,ocr_only,7,360.0,420.0,object,0.22517930221507323,0.5402874373518298,0.6789307325810308,1.0,0.8715722930324123,1
v23,Java,ocr_only,7,360.0,420.0,abstract class,0.25860500996661706,0.14008583020991158,0.845583391021048,0.2613874223342188,0.49506580980895054,2
v23,Java,ocr_only,7,360.0,420.0,class,0.24158114691157323,0.1513137388596639,0.7607064437285614,0.28210966432823614,0.4735483760883663,3
v23,Java,ocr_only,7,360.0,420.0,implements,0.2629812844939611,0.1084105922553701,0.8674024588315575,0.20292756426202385,0.46871752208983736,4
v23,Java,ocr_only,7,360.0,420.0,inheritance,0.28957651976447984,0.06027551756727667,1.0,0.11408941129853552,0.4684536467791213,5
v23,Java,ocr_only,7,360.0,420.0,extends,0.27018603114788975,0.05696797617512437,0.9033236184428622,0.10798500884288134,0.4261204526828737,6
v23,Java,ocr_only,7,360.0,420.0,method,0.15072589822939134,0.008652457962887569,0.30772370246064773,0.01881382908961462,0.13437777843802787,7
v23,Java,ocr_only,7,360.0,420.0,interface,0.14259685659834778,0.008108415158802324,0.26719422711033414,0.01780974302220554,0.11756353665745699,8
v23,Java,ocr_only,7,360.0,420.0,abstract method,0.08900541538227964,-0.0015414175082719924,0.0,0.0,0.0,9
v23,Java,ocr_only,8,420.0,480.0,object,0.2292079557233493,0.41921903279763817,0.6785940616447428,1.0,0.8714376246578971,1
v23,Java,ocr_only,8,420.0,480.0,implements,0.2675237654763365,0.06642328583402604,0.8666766734014929,0.1851696940838018,0.45777248581087826,2
v23,Java,ocr_only,8,420.0,480.0,abstract class,0.26325463649540587,0.05543543151465894,0.8457205998162997,0.15979173311496972,0.43416327979550173,3
v23,Java,ocr_only,8,420.0,480.0,inheritance,0.29468412426692225,-0.007026509678171634,1.0,0.015527288069028727,0.40931637284141725,4
v23,Java,ocr_only,8,420.0,480.0,class,0.245556194417181,0.05926442336027131,0.758843427402148,0.16863531647379276,0.4047185608451349,5
v23,Java,ocr_only,8,420.0,480.0,extends,0.27499951411784807,-0.013749334237909545,0.9033732312557309,0.0,0.36134929250229236,6
v23,Java,ocr_only,8,420.0,480.0,method,0.1535650517754615,0.004345005486789929,0.3072821925467777,0.04179136653466854,0.1479876969395122,7
v23,Java,ocr_only,8,420.0,480.0,interface,0.14530487721349725,0.00690215679508174,0.26673508639930066,0.04769745922638212,0.13531251009554954,8
v23,Java,ocr_only,8,420.0,480.0,abstract method,0.090966144198985,0.006989195859319021,0.0,0.04789848791776948,0.028739092750661686,9
v23,Java,ocr_only,9,480.0,540.0,object,0.22850602760013258,0.28828551871224245,0.6786516788956863,1.0,0.8714606715582744,1
v23,Java,ocr_only,9,480.0,540.0,class,0.24486442688006918,0.15828629589029009,0.7591674197776469,0.6745678840886304,0.7084076983642371,2
v23,Java,ocr_only,9,480.0,540.0,extends,0.2741609763454031,0.09924648582880917,0.9033644983010601,0.526771228891484,0.6774085366553144,3
v23,Java,ocr_only,9,480.0,540.0,implements,0.2667330391247265,0.10769667450052828,0.866804327693109,0.5479249151950875,0.6754766801942961,4
v23,Java,ocr_only,9,480.0,540.0,inheritance,0.29379443067485866,0.07091150753843654,1.0,0.45583917453629785,0.6735035047217788,5
v23,Java,ocr_only,9,480.0,540.0,abstract class,0.2624448235998913,0.11001266811787597,0.8456978096203353,0.5537226321888495,0.6705127031614438,6
v23,Java,ocr_only,9,480.0,540.0,method,0.15307023519614082,-0.07610425449061944,0.3073580938396853,0.08780889350173354,0.17562857363691425,7
v23,Java,ocr_only,9,480.0,540.0,interface,0.14483290558674639,-0.07200195098094604,0.2668141087565755,0.09807834959757579,0.16557265326117568,8
v23,Java,ocr_only,9,480.0,540.0,abstract method,0.09062422941050335,-0.1111809643602434,0.0,0.0,0.0,9
v23,Java,ocr_only,10,540.0,600.0,object,0.22901342208863462,0.34543137239733146,0.6786099277770725,1.0,0.871443971110829,1
v23,Java,ocr_only,10,540.0,600.0,inheritance,0.29443746098925644,0.06407507359826535,1.0,0.21955798087649364,0.5317347885258962,2
v23,Java,ocr_only,10,540.0,600.0,class,0.2453642118301816,0.11941972982047991,0.7589318031036619,0.3730761193867264,0.5274183928735006,3
v23,Java,ocr_only,10,540.0,600.0,abstract class,0.26303013117208235,0.08423262421049886,0.8457141416535972,0.2754721351625182,0.5035689377589498,4
v23,Java,ocr_only,10,540.0,600.0,extends,0.27476707556809765,0.0675507804756771,0.9033708909234133,0.22919909324848256,0.4988678123184549,5
v23,Java,ocr_only,10,540.0,600.0,implements,0.26730434823673477,0.027055955953495248,0.8667108724300588,0.11687225802552584,0.41680770378733906,6
v23,Java,ocr_only,10,540.0,600.0,method,0.1534281358176665,0.09569701060351912,0.30730358500424504,0.30727269872825724,0.3072850532386524,7
v23,Java,ocr_only,10,540.0,600.0,abstract method,0.09087162447131507,0.09455914044287114,0.0,0.304116410102529,0.1824698460615174,8
v23,Java,ocr_only,10,540.0,600.0,interface,0.145174184916009,-0.015077533972228043,0.2667567474658645,0.0,0.1067026989863458,9
v23,Java,ocr_only,11,600.0,660.0,object,0.22960141619034394,0.37516092726357037,0.6785617092955484,1.0,0.8714246837182194,1
v23,Java,ocr_only,11,600.0,660.0,class,0.2459442730035785,0.1023383483957292,0.7586639406808396,0.22390556565498368,0.4378089156653261,2
v23,Java,ocr_only,11,600.0,660.0,inheritance,0.29518285965857594,0.04210450432209037,1.0,0.05255922277255835,0.43153553366353503,3
v23,Java,ocr_only,11,600.0,660.0,abstract class,0.26370872953864205,0.07380370057610035,0.8457339446628409,0.14273346673740578,0.4239336579075798,4
v23,Java,ocr_only,11,600.0,660.0,extends,0.27546956110150284,0.031975073726259545,0.9033780188842352,0.02374417842713932,0.3755977146099777,5
v23,Java,ocr_only,11,600.0,660.0,implements,0.267967267297669,0.023628218363152393,0.8666065730432314,0.0,0.3466426292172926,6
v23,Java,ocr_only,11,600.0,660.0,method,0.1538425218250338,0.15336981912811054,0.307240063680344,0.3690740505223122,0.3443404557855249,7
v23,Java,ocr_only,11,600.0,660.0,abstract method,0.09115787145786636,0.15379848306042426,0.0,0.3702934645952005,0.2221760787571203,8
v23,Java,ocr_only,11,600.0,660.0,interface,0.14556943077154158,0.027791333857037755,0.2666906627150389,0.011842754282830298,0.11378191765571374,9
v23,Java,ocr_only,12,660.0,720.0,object,0.22006435353795697,0.36251879524976693,0.6870829784606589,1.0,0.8748331913842635,1
v23,Java,ocr_only,12,660.0,720.0,implements,0.2610166131895051,0.1514025623537834,0.8756966879947958,0.3171841454122847,0.5405891624452891,2
v23,Java,ocr_only,12,660.0,720.0,class,0.24255281298349646,0.1486760268363454,0.7906580142174674,0.3083656777186116,0.501282612318154,3
v23,Java,ocr_only,12,660.0,720.0,abstract class,0.25044969689693164,0.10036082260040052,0.8270286707171791,0.15209921247621128,0.42207099577259843,4
v23,Java,ocr_only,12,660.0,720.0,inheritance,0.28800564554223124,0.053334069269062145,1.0,0.0,0.4,5
v23,Java,ocr_only,12,660.0,720.0,extends,0.26703473786142795,0.06548628340278334,0.903414348228164,0.03930405713016876,0.3849481735693669,6
v23,Java,ocr_only,12,660.0,720.0,method,0.13826274783048487,0.08906452778792351,0.310329548256426,0.11556346583916045,0.1934698988060667,7
v23,Java,ocr_only,12,660.0,720.0,interface,0.13472666731352712,0.06896156605065476,0.2940434319544266,0.05054420696890401,0.14794389696311305,8
v23,Java,ocr_only,12,660.0,720.0,abstract method,0.07088325421289791,0.05793616077271658,0.0,0.014884601718461458,0.008930761031076874,9
v23,Java,ocr_only,13,720.0,780.0,implements,0.24627990927469245,0.0528744544798716,0.8946421196989544,1.0,0.9578568478795817,1
v23,Java,ocr_only,13,720.0,780.0,class,0.23688515630794268,0.03900555364625487,0.8578039183806748,0.7391730757430189,0.7866254127980813,2
v23,Java,ocr_only,13,720.0,780.0,extends,0.24854544976408302,0.02562418942855939,0.9035256355229745,0.4875150594996543,0.6539192899089824,3
v23,Java,ocr_only,13,720.0,780.0,abstract class,0.21886069474912195,0.02712369960013048,0.7871273667025799,0.5157157533134661,0.6242803986691117,4
v23,Java,ocr_only,13,720.0,780.0,inheritance,0.27314906203209277,0.01887777082963409,1.0,0.36063783728730847,0.6163827023723851,5
v23,Java,ocr_only,13,720.0,780.0,object,0.19793531518542826,0.016656209732415574,0.7050758909738417,0.3188578177321926,0.4733450470288523,6
v23,Java,ocr_only,13,720.0,780.0,interface,0.10794658902137119,0.007765594840227902,0.3522169257046436,0.15165554518714514,0.23188009739414453,7
v23,Java,ocr_only,13,720.0,780.0,method,0.09887260658088971,-0.00029835685134023686,0.31663651256509157,0.0,0.12665460502603662,8
v23,Java,ocr_only,13,720.0,780.0,abstract method,0.018121600577615818,0.004343577065126071,0.0,0.08729901241354047,0.052379407448124284,9
v23,Java,ocr_only,14,780.0,840.0,implements,0.24629822240081448,0.052071837542959,0.8946406391428837,1.0,0.9578562556571535,1
v23,Java,ocr_only,14,780.0,840.0,class,0.23690240047471336,0.04540175043447699,0.8578012652651528,0.8709662070167036,0.8657002303160832,2
v23,Java,ocr_only,14,780.0,840.0,extends,0.2485643743205201,0.027255640734079694,0.903525824333746,0.519927108958189,0.6733665951084118,3
v23,Java,ocr_only,14,780.0,840.0,abstract class,0.21887662937208008,0.030644230217804762,0.7871253705635317,0.5854798591452648,0.6661380637125716,4
v23,Java,ocr_only,14,780.0,840.0,inheritance,0.2731699546986237,0.021137053856431973,1.0,0.40156216713955273,0.6409373002837316,5
v23,Java,ocr_only,14,780.0,840.0,object,0.19795002691137845,0.02087312515297467,0.7050758236368443,0.39645642846922075,0.5199041865362701,6
v23,Java,ocr_only,14,780.0,840.0,interface,0.10795444193392752,0.005873845375492668,0.35221888058224476,0.10629320717560546,0.2046634765382612,7
v23,Java,ocr_only,14,780.0,840.0,method,0.09887889567261036,0.00037927736730435725,0.31663525155065003,0.0,0.12665410062026003,8
v23,Java,ocr_only,14,780.0,840.0,abstract method,0.01812159374423719,0.0029454679833569356,0.0,0.04964332598990063,0.029785995593940375,9
v23,Java,ocr_only,15,840.0,900.0,implements,0.24628996203550166,0.05371722925105347,0.894641337363927,1.0,0.9578565349455708,1
v23,Java,ocr_only,15,840.0,900.0,class,0.2368946288580188,0.048308746873817456,0.8578025192472633,0.8983630137063037,0.8821388159226875,2
v23,Java,ocr_only,15,840.0,900.0,abstract class,0.2188694338692857,0.031889988366074304,0.7871262731617317,0.5898193193726242,0.6687421008882672,3
v23,Java,ocr_only,15,840.0,900.0,extends,0.24855582995301076,0.027633202249478614,0.9035257371518508,0.5098251764669139,0.6673054007408887,4
v23,Java,ocr_only,15,840.0,900.0,inheritance,0.2731605238289094,0.02178127704000738,1.0,0.39985494806973465,0.6399129688418408,5
v23,Java,ocr_only,15,840.0,900.0,object,0.19794337937939707,0.022691243279030167,0.7050758444339945,0.41695516578562375,0.532203437244972,6
v23,Java,ocr_only,15,840.0,900.0,interface,0.10795089031284132,0.005939003810101433,0.35221800810584286,0.10214464879871989,0.20217399252156906,7
v23,Java,ocr_only,15,840.0,900.0,method,0.09887605033824544,0.0005035068212350695,0.3166358341747282,0.0,0.1266543336698913,8
v23,Java,ocr_only,15,840.0,900.0,abstract method,0.018121582358825862,0.0009513709601867268,0.0,0.008416327941393851,0.00504979676483631,9
v23,Java,ocr_only,16,900.0,960.0,class,0.23689574012633152,0.1072149116202084,0.8578022138695127,1.0,0.943120885547805,1
v23,Java,ocr_only,16,900.0,960.0,abstract class,0.21887053833605344,0.10115971385647085,0.7871262723423514,0.9510124186500644,0.8854579601269792,2
v23,Java,ocr_only,16,900.0,960.0,implements,0.24629116915041488,0.08174929233553296,0.8946412351495328,0.7939788021779636,0.8342437753665912,3
v23,Java,ocr_only,16,900.0,960.0,inheritance,0.27316188294308913,0.05121026854773075,1.0,0.5469128977228203,0.7281477386336921,4
v23,Java,ocr_only,16,900.0,960.0,object,0.19794437082675836,0.07380322453485359,0.7050757850034409,0.7296937601387065,0.7198465700846003,5
v23,Java,ocr_only,16,900.0,960.0,extends,0.24855707587530568,0.049631958215782083,0.9035257454622415,0.5341440982882574,0.681896757157851,6
v23,Java,ocr_only,16,900.0,960.0,method,0.09887656539123071,-0.006230715918923808,0.316635727263731,0.08220554890061457,0.17597762024586114,7
v23,Java,ocr_only,16,900.0,960.0,interface,0.10795146476411441,-0.012380290679005944,0.352217967335447,0.032454441574090706,0.16035985187863325,8
v23,Java,ocr_only,16,900.0,960.0,abstract method,0.01812174621776692,-0.016391880078347527,0.0,0.0,0.0,9
v23,Java,ocr_only,17,960.0,1020.0,class,0.23691849646827087,0.08937682950542561,0.8577988589452332,0.992007017425693,0.938323754033509,1
v23,Java,ocr_only,17,960.0,1020.0,abstract class,0.21889150649875505,0.09021419420914609,0.7871235698312271,1.0,0.9148494279324908,2
v23,Java,ocr_only,17,960.0,1020.0,implements,0.24631530840248,0.06679840694142226,0.8946393077014162,0.7764869013907301,0.8237478639150045,3
v23,Java,ocr_only,17,960.0,1020.0,object,0.19796374112359758,0.06579399291699102,0.705075714315664,0.7668993659250025,0.7421699052812671,4
v23,Java,ocr_only,17,960.0,1020.0,inheritance,0.273189427589796,0.03843314852077888,1.0,0.5057291117865463,0.7034374670719279,5
v23,Java,ocr_only,17,960.0,1020.0,extends,0.24858201624875312,0.038244097692584036,0.9035259955313447,0.5039245456653498,0.6637651256117478,6
v23,Java,ocr_only,17,960.0,1020.0,interface,0.10796177862475728,-0.009572990670124308,0.35222064915004464,0.04749122295771972,0.1693829934346497,7
v23,Java,ocr_only,17,960.0,1020.0,method,0.09888480331987591,-0.010243404677316131,0.31663412832554705,0.04109185186738492,0.15130876245064978,8
v23,Java,ocr_only,17,960.0,1020.0,abstract method,0.018121635218454644,-0.014548289123688345,0.0,0.0,0.0,9
v23,Java,ocr_only,18,1020.0,1080.0,class,0.23693657400861784,0.0804878749930714,0.8577963405401366,0.9781251219996259,0.9299936094158302,1
v23,Java,ocr_only,18,1020.0,1080.0,abstract class,0.2189081516695809,0.08259704048783566,0.7871215089358469,1.0,0.9148486035743387,2
v23,Java,ocr_only,18,1020.0,1080.0,implements,0.2463344877790863,0.056146443488084834,0.8946379432421828,0.7256717958629026,0.7932582548146148,3
v23,Java,ocr_only,18,1020.0,1080.0,object,0.19797909453156426,0.059666862601340784,0.705075639305698,0.7621832686723259,0.7393402169256748,4
v23,Java,ocr_only,18,1020.0,1080.0,inheritance,0.2732112643432658,0.030325141086872082,1.0,0.457870221619707,0.6747221329718243,5
v23,Java,ocr_only,18,1020.0,1080.0,extends,0.24860178572155014,0.030164667808240727,0.9035261807854877,0.45620589826476166,0.6351340112730521,6
v23,Java,ocr_only,18,1020.0,1080.0,interface,0.10796994803997169,-0.01054474548850665,0.35222273007664917,0.03399462487547715,0.16128586695594596,7
v23,Java,ocr_only,18,1020.0,1080.0,method,0.09889132543197925,-0.01185796768723684,0.3166328092309719,0.02037474750885221,0.1388779721977001,8
v23,Java,ocr_only,18,1020.0,1080.0,abstract method,0.018121553765976604,-0.013822491302384322,0.0,0.0,0.0,9
v23,Java,ocr_only,19,1080.0,1140.0,object,0.2015804547955209,0.17362812004295983,0.7026386161307813,1.0,0.8810554464523125,1
v23,Java,ocr_only,19,1080.0,1140.0,implements,0.24882544298694426,0.12118756585192142,0.8920568313276078,0.6278845280776214,0.7335534493776159,2
v23,Java,ocr_only,19,1080.0,1140.0,class,0.23800559862641205,0.11097036755488529,0.8486770849050759,0.5553838151336715,0.6727011230422333,3
v23,Java,ocr_only,19,1080.0,1140.0,abstract class,0.2239941689757831,0.10232371662529027,0.7925013909663942,0.4940276254280301,0.6134171316433756,4
v23,Java,ocr_only,19,1080.0,1140.0,extends,0.2516829082263929,0.06792659961234242,0.903513199216839,0.24994745450890357,0.5113737523920778,5
v23,Java,ocr_only,19,1080.0,1140.0,inheritance,0.27574879734319113,0.056383006887550643,1.0,0.16803471501310902,0.5008208290078654,6
v23,Java,ocr_only,19,1080.0,1140.0,interface,0.11222022373878571,0.03962777890027985,0.3443687525050018,0.049140480086892355,0.16723178905413613,7
v23,Java,ocr_only,19,1080.0,1140.0,method,0.10508595655875992,0.040365016926182065,0.31576550361641176,0.054371883151938645,0.1589293313377279,8
v23,Java,ocr_only,19,1080.0,1140.0,abstract method,0.02632722961101408,0.03270263280071681,0.0,0.0,0.0,9
v23,Java,ocr_only,20,1140.0,1200.0,implements,0.23202309669951585,0.18999586042553954,0.899019774502016,0.9230332329960009,0.913427849598407,1
v23,Java,ocr_only,20,1140.0,1200.0,object,0.1856452597395374,0.20471896945335105,0.7051170888732688,1.0,0.8820468355493075,2
v23,Java,ocr_only,20,1140.0,1200.0,extends,0.23301492812024935,0.149719977819032,0.9031665564301418,0.7124863663933119,0.7887584424080438,3
v23,Java,ocr_only,20,1140.0,1200.0,abstract class,0.20578776351400135,0.14278764843498812,0.7893315721948203,0.6762468072425369,0.7214807132234503,4
v23,Java,ocr_only,20,1140.0,1200.0,inheritance,0.25617564734182136,0.11106086401622041,1.0,0.5103913469907174,0.7062348081944305,5
v23,Java,ocr_only,20,1140.0,1200.0,class,0.223840301869022,0.11237598573131838,0.8648080475741088,0.5172662989072346,0.6562829983739843,6
v23,Java,ocr_only,20,1140.0,1200.0,interface,0.10099410693902341,0.09125777377401195,0.35119618730656643,0.4068683866056456,0.38459950688601396,7
v23,Java,ocr_only,20,1140.0,1200.0,method,0.09315826900810768,0.0824132250157266,0.3184350643532187,0.36063247799092524,0.34375351253584263,8
v23,Java,ocr_only,20,1140.0,1200.0,abstract method,0.016994654001816434,0.013427200279175613,0.0,0.0,0.0,9
v23,Java,ocr_only,21,1200.0,1260.0,implements,0.24603271164201537,0.07911457044653501,0.8946623197431054,1.0,0.9578649278972422,1
v23,Java,ocr_only,21,1200.0,1260.0,extends,0.2482899414778334,0.05530406340569883,0.9035230615090173,0.7011619247509272,0.7821063794541632,2
v23,Java,ocr_only,21,1200.0,1260.0,object,0.19773681336063037,0.062310518529495276,0.7050770696132647,0.7890977070475147,0.7554894520738147,3
v23,Java,ocr_only,21,1200.0,1260.0,inheritance,0.27286696107544894,0.04256448449706294,1.0,0.5412715354361965,0.7247629212617179,4
v23,Java,ocr_only,21,1200.0,1260.0,class,0.23665218625999435,0.03994407573119536,0.8578391253480393,0.5083836212639091,0.6481658228975613,5
v23,Java,ocr_only,21,1200.0,1260.0,abstract class,0.2186456708141492,0.0436313889302973,0.7871546602848192,0.5546619124977034,0.6476590116125497,6
v23,Java,ocr_only,21,1200.0,1260.0,interface,0.10784062311180426,0.03541446296938724,0.3521901305455543,0.4515338970207064,0.41179639043064553,7
v23,Java,ocr_only,21,1200.0,1260.0,method,0.09878765271555491,0.03366117666123344,0.3166527512221325,0.4295289600913652,0.3843784765436721,8
v23,Java,ocr_only,21,1200.0,1260.0,abstract method,0.018121941363690112,-0.0005623817657653286,0.0,0.0,0.0,9
v23,Java,ocr_only,22,1260.0,1320.0,implements,0.2462533696663666,0.0608422504540947,0.8946441555555282,1.0,0.9578576622222112,1
v23,Java,ocr_only,22,1260.0,1320.0,inheritance,0.27311880965972124,0.029909192527006218,1.0,0.510793888411006,0.7064763330466036,2
v23,Java,ocr_only,22,1260.0,1320.0,extends,0.2485180539203635,0.033605351018277184,0.9035253695627792,0.5692486111090767,0.7029593144905577,3
v23,Java,ocr_only,22,1260.0,1320.0,class,0.23686014870097144,0.03179577454865765,0.8578075831000793,0.5406301709143786,0.6675011357886589,4
v23,Java,ocr_only,22,1260.0,1320.0,object,0.19791403575609612,0.028130083524287912,0.7050760209833944,0.4826572910088262,0.5716247829986534,5
v23,Java,ocr_only,22,1260.0,1320.0,abstract class,0.2188376302388229,0.024038072759568884,0.7871302499886388,0.41794216715954563,0.5656174002911829,6
v23,Java,ocr_only,22,1260.0,1320.0,interface,0.1079352428383481,0.03592377877352358,0.3522140647940112,0.6059145311037134,0.5044343445798325,7
v23,Java,ocr_only,22,1260.0,1320.0,method,0.09886353098673167,0.033889559881605635,0.316638326487831,0.5737433724493799,0.4709013540647603,8
v23,Java,ocr_only,22,1260.0,1320.0,abstract method,0.018121660379463143,-0.0023888850413605538,0.0,0.0,0.0,9
v23,Java,ocr_only,23,1320.0,1380.0,implements,0.24636132802078448,0.04167392534764657,0.8946356770329691,1.0,0.9578542708131876,1
v23,Java,ocr_only,23,1320.0,1380.0,class,0.23696189906030504,0.0260161394941949,0.8577925795425232,0.6638200274133587,0.7414090482650245,2
v23,Java,ocr_only,23,1320.0,1380.0,inheritance,0.27324192536888847,0.01860804666373484,1.0,0.5047648156501737,0.7028588893901042,3
v23,Java,ocr_only,23,1320.0,1380.0,interface,0.10798144154244808,0.03649733582357861,0.3522257423790094,0.8888562060701685,0.6742040205937048,4
v23,Java,ocr_only,23,1320.0,1380.0,method,0.0989005339423703,0.03532639880245195,0.3166311583443712,0.8637156415390559,0.644881848261182,5
v23,Java,ocr_only,23,1320.0,1380.0,extends,0.24862955097027845,0.012836558679725035,0.9035264681235388,0.3808482740389709,0.5899195516727981,6
v23,Java,ocr_only,23,1320.0,1380.0,abstract class,0.21893148029174755,0.006197325764041756,0.787118448244057,0.2383008436116539,0.45782788546461517,7
v23,Java,ocr_only,23,1320.0,1380.0,object,0.19800064599545703,-0.004901680370258885,0.7050755101276049,0.0,0.282030204051042,8
v23,Java,ocr_only,23,1320.0,1380.0,abstract method,0.018121438745393372,-0.0037104734998120482,0.0,0.02557576765961179,0.015345460595767075,9
v23,Java,ocr_only,24,1380.0,1440.0,object,0.19731440953375234,0.189603376001261,0.7050796677094553,1.0,0.8820318670837821,1
v23,Java,ocr_only,24,1380.0,1440.0,implements,0.24550602881445446,0.16676977827436051,0.8947032025621665,0.8722557399951439,0.881234725021953,2
v23,Java,ocr_only,24,1380.0,1440.0,extends,0.24774618579932645,0.13585402860676551,0.9035177328152829,0.6992952801053923,0.7809842611893485,3
v23,Java,ocr_only,24,1380.0,1440.0,inheritance,0.2722665423632753,0.10151410653616633,1.0,0.5071780331432515,0.7043068198859509,4
v23,Java,ocr_only,24,1380.0,1440.0,abstract class,0.21818783863801836,0.11093712701721407,0.7872120689511244,0.5598958217615521,0.650822320637381,5
v23,Java,ocr_only,24,1380.0,1440.0,class,0.23615581135725103,0.08414777334606985,0.8579121315763772,0.41002079104324435,0.5891773272564975,6
v23,Java,ocr_only,24,1380.0,1440.0,interface,0.10761530191438565,0.07147938072522404,0.3521331987218651,0.3391465267176373,0.3443411955193284,7
v23,Java,ocr_only,24,1380.0,1440.0,method,0.09860714001287622,0.07118800153505778,0.3166880419127484,0.33751638417620355,0.32918504727082154,8
v23,Java,ocr_only,24,1380.0,1440.0,abstract method,0.018122881777395957,0.010858767624865071,0.0,0.0,0.0,9
v23,Java,ocr_only,25,1440.0,1500.0,implements,0.2462316371720653,0.07084049803588696,0.8946458429457171,1.0,0.9578583371782868,1
v23,Java,ocr_only,25,1440.0,1500.0,object,0.19789660087331268,0.05292306796454906,0.7050761581569145,0.7186979384590043,0.7132492263381685,2
v23,Java,ocr_only,25,1440.0,1500.0,inheritance,0.27309403877977234,0.03857125510641683,1.0,0.49337575063579775,0.6960254503814787,3
v23,Java,ocr_only,25,1440.0,1500.0,extends,0.2484956157217495,0.03987720783484211,0.9035251514742041,0.5138790925390982,0.6697375161131406,4
v23,Java,ocr_only,25,1440.0,1500.0,class,0.23683966934225884,0.040845820157439844,0.8578106087682074,0.5290862200175318,0.660575975517802,5
v23,Java,ocr_only,25,1440.0,1500.0,method,0.09885604189438117,0.05679776851722433,0.31663975705655195,0.7795303931682973,0.5943741387235992,6
v23,Java,ocr_only,25,1440.0,1500.0,abstract class,0.21881872048903517,0.033292375827382883,0.787132569496953,0.4104978145754388,0.5611517165440445,7
v23,Java,ocr_only,25,1440.0,1500.0,interface,0.10792592506388439,0.05082330474175047,0.3522117773791758,0.6857318422627598,0.5523238163093263,8
v23,Java,ocr_only,25,1440.0,1500.0,abstract method,0.018121645105107893,0.0071458703705767615,0.0,0.0,0.0,9
v23,Java,ocr_only,26,1500.0,1560.0,implements,0.2463050570433326,0.049227902508665856,0.8946400643248492,1.0,0.9578560257299397,1
v23,Java,ocr_only,26,1500.0,1560.0,inheritance,0.2731777661062509,0.02817689779230775,1.0,0.5928824013337614,0.7557294408002568,2
v23,Java,ocr_only,26,1500.0,1560.0,class,0.23690886840571884,0.03151324682071807,0.8578003907313652,0.6574059916830317,0.7375637513023652,3
v23,Java,ocr_only,26,1500.0,1560.0,method,0.0988812331270019,0.04730667448912243,0.3166349004821465,0.9628442562079227,0.7043605139176121,4
v23,Java,ocr_only,26,1500.0,1560.0,extends,0.24857144454195035,0.0241270072182542,0.9035258986674252,0.5145592168784133,0.670145889594018,5
v23,Java,ocr_only,26,1500.0,1560.0,interface,0.10795735670558868,0.039554784844763845,0.35221969374510664,0.8129259630119419,0.6286434553052078,6
v23,Java,ocr_only,26,1500.0,1560.0,object,0.19795550387174787,0.022058265903830594,0.7050757818346324,0.47455062785675434,0.5667606894479056,7
v23,Java,ocr_only,26,1500.0,1560.0,abstract class,0.2188825566692781,0.01458799269380619,0.7871245597027625,0.3300786783406069,0.5128970308854692,8
v23,Java,ocr_only,26,1500.0,1560.0,abstract method,0.018121525888213034,-0.0024795274460289924,0.0,0.0,0.0,9
v23,Java,ocr_only,27,1560.0,1620.0,implements,0.24625761821428263,0.04560272843600596,0.8946438187943824,0.9339504878411559,0.9182278202224465,1
v23,Java,ocr_only,27,1560.0,1620.0,inheritance,0.27312366593940046,0.026623939677115325,1.0,0.5760341286579835,0.7456204771947901,2
v23,Java,ocr_only,27,1560.0,1620.0,class,0.2368641644366669,0.03051577228787955,0.8578070488881109,0.6494292528827864,0.7327803712849161,3
v23,Java,ocr_only,27,1560.0,1620.0,method,0.09886492894518083,0.04910505434743197,0.316638038491218,1.0,0.7266552153964871,4
v23,Java,ocr_only,27,1560.0,1620.0,interface,0.10793703074491053,0.040833484136312354,0.3522146149533571,0.8440084700713552,0.6472909280241559,5
v23,Java,ocr_only,27,1560.0,1620.0,extends,0.24852244393375908,0.020197564741014987,0.903525415050806,0.4548406874381091,0.6343145784831878,6
v23,Java,ocr_only,27,1560.0,1620.0,object,0.19791743130426534,0.012395425220915513,0.7050760214125711,0.30770203668701784,0.46665163057723913,7
v23,Java,ocr_only,27,1560.0,1620.0,abstract class,0.2188412948043416,0.009338429203390588,0.7871297115195321,0.25005089263719416,0.4648824201901294,8
v23,Java,ocr_only,27,1560.0,1620.0,abstract method,0.01812156337946713,-0.003920710672651349,0.0,0.0,0.0,9
v23,Java,ocr_only,28,1620.0,1680.0,implements,0.18773890284294653,0.6037194319108137,0.9371395603061781,1.0,0.9748558241224712,1
v23,Java,ocr_only,28,1620.0,1680.0,extends,0.18081625849963773,0.3279253479978436,0.9000755555519527,0.5566739099517223,0.6940345681918145,2
v23,Java,ocr_only,28,1620.0,1680.0,object,0.1444654877174767,0.39858727931008214,0.7054526521823709,0.6702596594335714,0.6843368565330912,3
v23,Java,ocr_only,28,1620.0,1680.0,inheritance,0.19947968666136895,0.2664303868942516,1.0,0.4578236363094156,0.6746941817856493,4
v23,Java,ocr_only,28,1620.0,1680.0,class,0.18221970727170572,0.3046801620072962,0.9075896541218899,0.5193083607295486,0.6746208780864851,5
v23,Java,ocr_only,28,1620.0,1680.0,abstract class,0.16349199945851797,0.31106890418939054,0.8073210548698352,0.5295779649637283,0.6406752009261711,6
v23,Java,ocr_only,28,1620.0,1680.0,interface,0.07663198917705488,0.4087909902934663,0.3422704651864356,0.6866616475765579,0.548905174620509,7
v23,Java,ocr_only,28,1620.0,1680.0,method,0.07120669506907094,0.23341788445196002,0.31322330970086637,0.4047575827421872,0.36814387352565886,8
v23,Java,ocr_only,28,1620.0,1680.0,abstract method,0.01270428585906857,-0.01838265074111498,0.0,0.0,0.0,9
v23,Java,ocr_only,29,1680.0,1740.0,implements,0.16884466390453062,0.2059896605765397,0.9628289700138024,1.0,0.9851315880055209,1
v23,Java,ocr_only,29,1680.0,1740.0,extends,0.15817819592198223,0.12886168416035176,0.8980270271878659,0.6884069782162077,0.772254997804871,2
v23,Java,ocr_only,29,1680.0,1740.0,object,0.12651145264539046,0.1534958000118877,0.705642210522149,0.7879275277471957,0.7550134008571769,3
v23,Java,ocr_only,29,1680.0,1740.0,inheritance,0.1749630545566614,0.09910845206721151,1.0,0.5682054647509812,0.7409232788505887,4
v23,Java,ocr_only,29,1680.0,1740.0,class,0.16463149442566677,0.10363767930976085,0.9372327212712935,0.5865033077442433,0.7267950731550634,5
v23,Java,ocr_only,29,1680.0,1740.0,abstract class,0.14514187484939117,0.08677071755114621,0.8188275270169794,0.5183616576337999,0.6385480053870717,6
v23,Java,ocr_only,29,1680.0,1740.0,interface,0.06585430078426084,0.09598516843240602,0.3371321007725895,0.5555875609646108,0.4682053768878023,7
v23,Java,ocr_only,29,1680.0,1740.0,method,0.061463913250123264,0.0619151505432355,0.31045920001140287,0.4179464569243604,0.37495155415917736,8
v23,Java,ocr_only,29,1680.0,1740.0,abstract method,0.010362002220940206,-0.04153827177139773,0.0,0.0,0.0,9
v23,Java,ocr_only,30,1740.0,1800.0,implements,0.15231588283955383,0.1173081130546171,0.9918680090219157,0.9397854240900682,0.9606184580628072,1
v23,Java,ocr_only,30,1740.0,1800.0,class,0.14889502344040606,0.11411584713295846,0.9679296037086016,0.9162514506249034,0.9369227118583827,2
v23,Java,ocr_only,30,1740.0,1800.0,inheritance,0.15347796516738926,0.10624614109857318,1.0,0.8582345254886538,0.9149407152931922,3
v23,Java,ocr_only,30,1740.0,1800.0,extends,0.1385589346019734,0.1152408476533629,0.8955999768228942,0.9245451620653771,0.9129670879683839,4
v23,Java,ocr_only,30,1740.0,1800.0,object,0.11128171308751804,0.12547591943669406,0.704720110612444,1.0,0.8818880442449776,5
v23,Java,ocr_only,30,1740.0,1800.0,abstract class,0.1299099618201853,0.09127024523799465,0.8350764089598458,0.747829457599822,0.7827282381438315,6
v23,Java,ocr_only,30,1740.0,1800.0,method,0.054438002517668636,0.052175471744061654,0.30694059840192267,0.4596155729761989,0.3985455831464884,7
v23,Java,ocr_only,30,1740.0,1800.0,interface,0.057329776027736104,0.040682351555700734,0.3271765795637167,0.37488617004340685,0.3558023338515308,8
v23,Java,ocr_only,30,1740.0,1800.0,abstract method,0.010575405269419061,-0.010169084429051883,0.0,0.0,0.0,9
v23,Java,ocr_only,31,1800.0,1860.0,implements,0.17688200840625,0.0042511557161749,0.9518648317277363,0.9035823444234269,0.9228953393451507,1
v23,Java,ocr_only,31,1800.0,1860.0,inheritance,0.18525798910541022,-0.014173434552879352,1.0,0.5547161718530917,0.7328297031118551,2
v23,Java,ocr_only,31,1800.0,1860.0,extends,0.16766678975002336,-0.014556576144737918,0.8989067225086393,0.5474614574332707,0.6880395634634182,3
v23,Java,ocr_only,31,1800.0,1860.0,abstract method,0.011248403187195277,0.009343239553403356,0.0,1.0,0.6,4
v23,Java,ocr_only,31,1800.0,1860.0,method,0.06546026306519459,-0.002151945723892538,0.31154524960181823,0.782340815610282,0.5940225892068964,5
v23,Java,ocr_only,31,1800.0,1860.0,interface,0.07031650997605861,-0.003160068520591275,0.33945317711764184,0.7632521989067724,0.5937325901911201,6
v23,Java,ocr_only,31,1800.0,1860.0,abstract class,0.1528599289368121,-0.020227741967263617,0.8138145091395982,0.44007899271494977,0.5895731992848091,7
v23,Java,ocr_only,31,1800.0,1860.0,class,0.17212431071551032,-0.02516372919870656,0.9245232478395026,0.34661699718923134,0.5777794974493399,8
v23,Java,ocr_only,31,1800.0,1860.0,object,0.13402192564947524,-0.04346953427705355,0.705556086547921,0.0,0.2822224346191684,9
v23,Java,ocr_only,32,1860.0,1920.0,method,0.10304072694022141,0.5125527062438209,0.31383000512559583,0.9287012205183683,0.6827527343612594,1
v23,Java,ocr_only,32,1860.0,1920.0,abstract method,0.03904058535061867,0.5619834803729131,0.0,1.0,0.6,2
v23,Java,ocr_only,32,1860.0,1920.0,inheritance,0.24297309831727926,0.0015693520213997346,1.0,0.19166057866350578,0.5149963471981035,3
v23,Java,ocr_only,32,1860.0,1920.0,interface,0.10512700513613875,0.2916745270027173,0.32406024338220185,0.6101072904923535,0.49568847164829277,4
v23,Java,ocr_only,32,1860.0,1920.0,abstract class,0.20341598207157513,0.023967557288120625,0.8060283979721712,0.2239676733071312,0.4567919631731472,5
v23,Java,ocr_only,32,1860.0,1920.0,extends,0.2232634663633911,-0.056380404279259416,0.9033521841752112,0.10807404844440341,0.42618530273672656,6
v23,Java,ocr_only,32,1860.0,1920.0,implements,0.21958600987301233,-0.052111113278750586,0.885319471113023,0.11423205917660927,0.4226670239511747,7
v23,Java,ocr_only,32,1860.0,1920.0,class,0.20809466422002648,-0.033135436758378455,0.8289707041321323,0.1416025100663217,0.41654978769264595,8
v23,Java,ocr_only,32,1860.0,1920.0,object,0.18114620285337357,-0.1313071269624739,0.6968266875914323,0.0,0.27873067503657295,9
v24,Java,ocr_only,1,0.0,60.0,method,0.15429332019264672,0.08612865247160922,0.30717060222363546,1.0,0.7228682408894542,1
v24,Java,ocr_only,1,0.0,60.0,implements,0.2686888876249709,0.06427436472200851,0.8664938511851659,0.5031342654129451,0.6484780997218335,2
v24,Java,ocr_only,1,0.0,60.0,object,0.23024142290707994,0.05794044798047907,0.6785096367350163,0.35913020402912044,0.48688197711147874,3
v24,Java,ocr_only,1,0.0,60.0,extends,0.27623419642592084,0.04692267909568161,0.903385723201641,0.10863694187486402,0.42653645440557486,4
v24,Java,ocr_only,1,0.0,60.0,abstract class,0.26444733108163077,0.046748347534118155,0.8457552750346649,0.10467344599751531,0.4011061776123751,5
v24,Java,ocr_only,1,0.0,60.0,inheritance,0.29599422792279156,0.042144360079694104,1.0,0.0,0.4,6
v24,Java,ocr_only,1,0.0,60.0,class,0.2465756376572407,0.04596287312575479,0.7583737981563068,0.0868153797277543,0.35543874709917533,7
v24,Java,ocr_only,1,0.0,60.0,interface,0.14599955992866887,0.058902536249125496,0.2666192675777325,0.38100365512556844,0.3352499001064341,8
v24,Java,ocr_only,1,0.0,60.0,abstract method,0.09146926379030265,0.055142811218924385,0.0,0.2955248438103682,0.1773149062862209,9
v24,Java,ocr_only,2,60.0,120.0,method,0.15411982782235856,0.08627353960886204,0.3071653140012635,1.0,0.7228661256005053,1
v24,Java,ocr_only,2,60.0,120.0,implements,0.2683858081269391,0.059710598701205646,0.8664800185933094,0.45185884817643923,0.6177073163431873,2
v24,Java,ocr_only,2,60.0,120.0,class,0.24630190675294705,0.048803877457281264,0.7583826589040137,0.22679255126125036,0.43942859431835574,3
v24,Java,ocr_only,2,60.0,120.0,object,0.22998410761244928,0.0507462740091295,0.6785094982175867,0.26687499118872526,0.43152879400026983,4
v24,Java,ocr_only,2,60.0,120.0,inheritance,0.2956634595822372,0.039711767128294904,1.0,0.039171766139487786,0.4235030596836927,5
v24,Java,ocr_only,2,60.0,120.0,extends,0.2759254391820329,0.03849103466629625,0.903385373144788,0.013981268592000998,0.3697429104131158,6
v24,Java,ocr_only,2,60.0,120.0,abstract class,0.2641509081555559,0.03781350186258707,0.8457508232531274,0.0,0.338300329301251,7
v24,Java,ocr_only,2,60.0,120.0,interface,0.14583545220145674,0.05624286120526962,0.266614547353279,0.38030014419663094,0.33482590545929014,8
v24,Java,ocr_only,2,60.0,120.0,abstract method,0.09136706013762742,0.04624504459686841,0.0,0.1739896031122975,0.10439376186737849,9
v24,Java,ocr_only,3,120.0,180.0,method,0.15431564045950627,0.08798945994492195,0.3071671750472217,1.0,0.7228668700188887,1
v24,Java,ocr_only,3,120.0,180.0,implements,0.2687246239488949,0.04752998050543688,0.8664882890988096,0.320430114788677,0.53885338451273,2
v24,Java,ocr_only,3,120.0,180.0,class,0.24660690599472598,0.04369491123143937,0.7583594842698428,0.25601510939529254,0.45695285934511265,3
v24,Java,ocr_only,3,120.0,180.0,inheritance,0.29603440851519947,0.03261810474847016,1.0,0.06996565412738202,0.44197939247642926,4
v24,Java,ocr_only,3,120.0,180.0,object,0.23027311544763088,0.039239013227010906,0.6785070666812024,0.18117247332252961,0.38010631066599876,5
v24,Java,ocr_only,3,120.0,180.0,abstract class,0.26448390556781465,0.03105719199058608,0.8457563215824226,0.0437480824137684,0.3645513780812301,6
v24,Java,ocr_only,3,120.0,180.0,extends,0.2762720619915613,0.02845256709555215,0.9033861036366954,0.0,0.36135444145467815,7
v24,Java,ocr_only,3,120.0,180.0,interface,0.14602085787317098,0.051708685276190165,0.26661575246216684,0.39061692788497915,0.3410164577158542,8
v24,Java,ocr_only,3,120.0,180.0,abstract method,0.0914846773944888,0.05037533557536084,0.0,0.3682215754065967,0.22093294524395804,9
v24,Java,ocr_only,4,180.0,240.0,method,0.15432332116402903,0.08682180834036674,0.30716600766585084,1.0,0.7228664030663403,1
v24,Java,ocr_only,4,180.0,240.0,implements,0.2687369245483423,0.053837017788322276,0.8664863794133693,0.41791840118261925,0.5973455924749193,2
v24,Java,ocr_only,4,180.0,240.0,class,0.2466176713697463,0.047733022899501855,0.7583545791319526,0.3102013884445321,0.4894626647195003,3
v24,Java,ocr_only,4,180.0,240.0,inheritance,0.29604823878578984,0.03577252228536428,1.0,0.09913479673316088,0.45948087803989657,4
v24,Java,ocr_only,4,180.0,240.0,object,0.2302840223126142,0.044288987641191095,0.6785061835531345,0.24942460265964547,0.4210572350170411,5
v24,Java,ocr_only,4,180.0,240.0,extends,0.27628509480763663,0.03169475416162727,0.9033862345928357,0.027174546286026564,0.37765922160875026,6
v24,Java,ocr_only,4,180.0,240.0,abstract class,0.2644964922520214,0.03015485542678917,0.8457566750933182,0.0,0.3383026700373273,7
v24,Java,ocr_only,4,180.0,240.0,interface,0.1460281862712503,0.05135070548188083,0.266614554038957,0.3740425232924968,0.33107133559108093,8
v24,Java,ocr_only,4,180.0,240.0,abstract method,0.09148997635947424,0.041237059008582044,0.0,0.19556731061037066,0.11734038636622239,9
v24,Java,ocr_only,5,240.0,300.0,method,0.15432068266807594,0.08534944313834665,0.30716640825341823,1.0,0.7228665633013673,1
v24,Java,ocr_only,5,240.0,300.0,implements,0.26873270707123464,0.05513473253488771,0.8664870443937551,0.4270867419769651,0.6028468629436812,2
v24,Java,ocr_only,5,240.0,300.0,inheritance,0.2960434954597518,0.0378513534405349,1.0,0.09936965222733414,0.4596217913364005,3
v24,Java,ocr_only,5,240.0,300.0,class,0.24661398148734848,0.04569506431119372,0.7583562799157235,0.24809740305296674,0.45220095379806946,4
v24,Java,ocr_only,5,240.0,300.0,object,0.23028027999969258,0.0463898888753492,0.6785064883028252,0.26127225056446934,0.4281659456598117,5
v24,Java,ocr_only,5,240.0,300.0,extends,0.2762806242781823,0.03461515075971614,0.903386189179869,0.03800671396114726,0.384158504048636,6
v24,Java,ocr_only,5,240.0,300.0,abstract class,0.2644921737019757,0.03261072539995542,0.8457565500769116,0.0,0.33830262003076467,7
v24,Java,ocr_only,5,240.0,300.0,interface,0.14602567006908934,0.05183469834536596,0.26661497366548864,0.3645134688478862,0.3253540707749272,8
v24,Java,ocr_only,5,240.0,300.0,abstract method,0.09148815276280892,0.04365795592178375,0.0,0.20947097304541556,0.12568258382724934,9
v24,Java,ocr_only,6,300.0,360.0,method,0.15402076453396044,0.08566731791301949,0.3071591967710428,1.0,0.7228636787084171,1
v24,Java,ocr_only,6,300.0,360.0,implements,0.2682102417877358,0.06152887836296718,0.866466448941835,0.4977641724071581,0.6452450830210288,2
v24,Java,ocr_only,6,300.0,360.0,inheritance,0.29547276400962885,0.040161991146486005,1.0,0.05319457783992837,0.431916746703957,3
v24,Java,ocr_only,6,300.0,360.0,class,0.24614257828626848,0.04684692613994461,0.7583776431107594,0.19228450748853965,0.4187217617374276,4
v24,Java,ocr_only,6,300.0,360.0,object,0.2298360895628731,0.048973106541885046,0.6785074342283139,0.23652282585895487,0.4133166692066985,5
v24,Java,ocr_only,6,300.0,360.0,extends,0.2757477079681168,0.03961131586647941,0.9033854330642518,0.04173696665443512,0.3863963532183618,6
v24,Java,ocr_only,6,300.0,360.0,abstract class,0.2639804405949814,0.03760535533710162,0.8457486162724506,0.0,0.33829944650898025,7
v24,Java,ocr_only,6,300.0,360.0,interface,0.14574188258502782,0.05518159313022725,0.2666087115138666,0.3656995439036119,0.3260632109477138,8
v24,Java,ocr_only,6,300.0,360.0,abstract method,0.09131042423916938,0.046201073594538004,0.0,0.17884659295505745,0.10730795577303447,9
v24,Java,ocr_only,7,360.0,420.0,implements,0.26873230635518053,0.09631981177887411,0.8664870617120602,0.9769046675347737,0.9327376252056883,1
v24,Java,ocr_only,7,360.0,420.0,method,0.15432045561155364,0.09739219786124995,0.3071664779802087,1.0,0.7228665911920835,2
v24,Java,ocr_only,7,360.0,420.0,abstract class,0.2644917738294826,0.06550786690019644,0.8457565419958638,0.3133263886217035,0.5262984499713677,3
v24,Java,ocr_only,7,360.0,420.0,object,0.23027993303523633,0.0652920446710661,0.6785065006827711,0.30867835540207367,0.4566096135143526,4
v24,Java,ocr_only,7,360.0,420.0,interface,0.14602544461135056,0.07785696656355395,0.2666149934570536,0.5792815022311509,0.454214898721512,5
v24,Java,ocr_only,7,360.0,420.0,extends,0.2762802089606674,0.05585730856469943,0.9033861876663464,0.10548813251567979,0.42464735457594643,6
v24,Java,ocr_only,7,360.0,420.0,class,0.24661363211423346,0.05924158281161689,0.7583563942382598,0.17837320643691085,0.4103664815574504,7
v24,Java,ocr_only,7,360.0,420.0,inheritance,0.29604305230667616,0.05095917577808728,1.0,0.0,0.4,8
v24,Java,ocr_only,7,360.0,420.0,abstract method,0.09148800092584226,0.05996837285240073,0.0,0.19402564533012226,0.11641538719807334,9
v24,Java,ocr_only,8,420.0,480.0,implements,0.26872654050693895,0.07681639300887086,0.8664880027117169,0.6280023685924238,0.723396622240141,1
v24,Java,ocr_only,8,420.0,480.0,method,0.15431683359820286,0.09514223772927302,0.3071669909105018,1.0,0.7228667963642007,2
v24,Java,ocr_only,8,420.0,480.0,object,0.23027481209087447,0.06442102703706316,0.6785069281658778,0.37638794905033013,0.4972355406965492,3
v24,Java,ocr_only,8,420.0,480.0,abstract class,0.2644858646098576,0.053662518783287996,0.8457563777686637,0.15800022128421853,0.43310268387799666,4
v24,Java,ocr_only,8,420.0,480.0,extends,0.27627409024885907,0.051502557275449085,0.9033861232675036,0.11415500830186281,0.4298474542881191,5
v24,Java,ocr_only,8,420.0,480.0,class,0.2466085839641346,0.05535155421499899,0.7583587349533008,0.19228607219838983,0.4187151373003542,6
v24,Java,ocr_only,8,420.0,480.0,inheritance,0.29603656132908046,0.04587890061860309,1.0,0.0,0.4,7
v24,Java,ocr_only,8,420.0,480.0,interface,0.14602199702952873,0.06876902466006922,0.2666155682412923,0.46464826347519933,0.3854351853816365,8
v24,Java,ocr_only,8,420.0,480.0,abstract method,0.09148549942583525,0.05722537479563743,0.0,0.23032289005400758,0.13819373403240454,9
v24,Java,ocr_only,9,480.0,540.0,implements,0.26872692831233036,0.07010546539385921,0.8664879210986633,0.7159315385825361,0.7761540915889871,1
v24,Java,ocr_only,9,480.0,540.0,method,0.15431707969631073,0.08339414758459873,0.30716695056464993,1.0,0.7228667802258599,2
v24,Java,ocr_only,9,480.0,540.0,extends,0.27627450578412954,0.047937844698635705,0.903386128794712,0.24206047945175577,0.5065907391889383,3
v24,Java,ocr_only,9,480.0,540.0,object,0.23027516013142799,0.05417711783379384,0.6785068988540467,0.37543568509124403,0.4966641705963651,4
v24,Java,ocr_only,9,480.0,540.0,interface,0.1460222323669269,0.06080498472502906,0.26661552850767845,0.5171177513223848,0.41691686219650226,5
v24,Java,ocr_only,9,480.0,540.0,abstract class,0.2644862647051587,0.04269021883150683,0.8457563834455367,0.12988344152028974,0.41623261829038855,6
v24,Java,ocr_only,9,480.0,540.0,inheritance,0.2960370016695443,0.0366142899248263,1.0,0.0,0.4,7
v24,Java,ocr_only,9,480.0,540.0,class,0.24660892181010244,0.04308239827841409,0.7583585510072537,0.13826695242704712,0.38630359185912977,8
v24,Java,ocr_only,9,480.0,540.0,abstract method,0.0914856713184107,0.04959399172696602,0.0,0.2774634736287665,0.1664780841772599,9
v24,Java,ocr_only,10,540.0,600.0,implements,0.2687331591044833,0.07060749196141963,0.8664869690591713,0.7540571429179546,0.7990290733744413,1
v24,Java,ocr_only,10,540.0,600.0,method,0.1543209706127956,0.0834517599726338,0.3071663584071593,1.0,0.7228665433628637,2
v24,Java,ocr_only,10,540.0,600.0,extends,0.27628110384542737,0.046711269505656836,0.9033861938474393,0.2964907624043113,0.5392489349815626,3
v24,Java,ocr_only,10,540.0,600.0,object,0.23028068268680796,0.05157824107521077,0.6785064498981483,0.3896838421584943,0.5052128852543559,4
v24,Java,ocr_only,10,540.0,600.0,interface,0.14602594330962007,0.06163943548604267,0.2666149119419575,0.5823362297369432,0.45604770261894895,5
v24,Java,ocr_only,10,540.0,600.0,abstract class,0.26449263993554195,0.0405053503053986,0.8457565748387499,0.17765942864521816,0.44489828712263085,6
v24,Java,ocr_only,10,540.0,600.0,inheritance,0.29604400331652053,0.03122715721895687,1.0,0.0,0.4,7
v24,Java,ocr_only,10,540.0,600.0,class,0.24661437484066248,0.03858555936879876,0.7583560777230687,0.1408991502443514,0.3878819212358383,8
v24,Java,ocr_only,10,540.0,600.0,abstract method,0.09148835792681287,0.05067009010485781,0.0,0.3722945098808252,0.2233767059284951,9
v24,Java,ocr_only,11,600.0,660.0,implements,0.2687224502829822,0.07581869100611177,0.8664886249593665,0.9171086436882616,0.8968606361967035,1
v24,Java,ocr_only,11,600.0,660.0,method,0.1543142829340939,0.07992917780423048,0.30716738801251914,1.0,0.7228669552050077,2
v24,Java,ocr_only,11,600.0,660.0,extends,0.27626975943448695,0.04545690284174958,0.9033860806922848,0.30483814518051117,0.5442573193852206,3
v24,Java,ocr_only,11,600.0,660.0,interface,0.14601956231909563,0.06296399132836637,0.26661597020716754,0.6578830230741626,0.5013762019273645,4
v24,Java,ocr_only,11,600.0,660.0,abstract class,0.26448168055358656,0.04167543792773977,0.8457562539615947,0.22858178651491834,0.4754515734935889,5
v24,Java,ocr_only,11,600.0,660.0,object,0.23027118688161097,0.04261965398272157,0.6785072185075047,0.24762268198369394,0.41997649659321823,6
v24,Java,ocr_only,11,600.0,660.0,inheritance,0.2960319653337768,0.03034033065519892,1.0,0.0,0.4,7
v24,Java,ocr_only,11,600.0,660.0,class,0.24660500533891042,0.03734332730413489,0.7583603597237445,0.1412212029831941,0.3880768656794143,8
v24,Java,ocr_only,11,600.0,660.0,abstract method,0.09148373831953854,0.05084432757757041,0.0,0.4134800081306573,0.24808800487839436,9
v24,Java,ocr_only,12,660.0,720.0,implements,0.26811363026600243,0.1204990537712301,0.8665836482997997,1.0,0.9466334593199199,1
v24,Java,ocr_only,12,660.0,720.0,extends,0.27562464706181034,0.07538898697894077,0.9033795794033408,0.44844246553445966,0.6304173110820122,2
v24,Java,ocr_only,12,660.0,720.0,object,0.22973124756770585,0.07843992137623329,0.6785511158543235,0.4857460204534785,0.5628680586138165,3
v24,Java,ocr_only,12,660.0,720.0,abstract class,0.2638585691645422,0.06840532986362038,0.8457384099802591,0.3630537934711932,0.5561276400748195,4
v24,Java,ocr_only,12,660.0,720.0,inheritance,0.2953474147742896,0.058393061280695185,1.0,0.24063450734083114,0.5443807044044987,5
v24,Java,ocr_only,12,660.0,720.0,class,0.24607227713736382,0.06708231166157111,0.7586046444979625,0.3468773452975438,0.5115682649777114,6
v24,Java,ocr_only,12,660.0,720.0,method,0.15393396345554997,0.086735588369633,0.3072256721962761,0.5871765427068572,0.47519619450262474,7
v24,Java,ocr_only,12,660.0,720.0,interface,0.1456567004726021,0.08350051039098087,0.2666759561290149,0.5476214774943595,0.4352432689482217,8
v24,Java,ocr_only,12,660.0,720.0,abstract method,0.09122112769454557,0.03871236068217454,0.0,0.0,0.0,9
v25,Java,ocr_only,1,0.0,60.0,object,0.22057522052565756,0.20089818856957628,0.6875499398239189,1.0,0.8750199759295676,1
v25,Java,ocr_only,1,0.0,60.0,abstract class,0.2508696917822962,0.15968764302057234,0.8258376967365956,0.740743993447022,0.7747814747628514,2
v25,Java,ocr_only,1,0.0,60.0,extends,0.2678678247409869,0.10948360129054434,0.903430524109203,0.4249098010491322,0.6163180902731605,3
v25,Java,ocr_only,1,0.0,60.0,implements,0.26187898218970507,0.09432002528739385,0.8760927436969281,0.3295155734972385,0.5481464415771143,4
v25,Java,ocr_only,1,0.0,60.0,class,0.24351005673741535,0.1024606146349191,0.7922425429070177,0.3807281128390798,0.545333884866255,5
v25,Java,ocr_only,1,0.0,60.0,inheritance,0.28902314085107295,0.07829487054165842,1.0,0.22870114436446798,0.5372206866186808,6
v25,Java,ocr_only,1,0.0,60.0,interface,0.13473624327863987,0.04967205221490287,0.29571343874727124,0.04863467164907855,0.14746617848835564,7
v25,Java,ocr_only,1,0.0,60.0,method,0.1379557357127044,0.04194123286802058,0.3104097304677136,0.0,0.12416389218708544,8
v25,Java,ocr_only,1,0.0,60.0,abstract method,0.06995478705769677,0.0679139808375215,0.0,0.16339485022766273,0.09803691013659764,9
v25,Java,ocr_only,2,60.0,120.0,implements,0.2450483763300666,0.16049017720324854,0.8844185056015422,1.0,0.9537674022406168,1
v25,Java,ocr_only,2,60.0,120.0,interface,0.12986069167476127,0.1468444680614939,0.2661857037649168,0.8955536948128415,0.6438064983936717,2
v25,Java,ocr_only,2,60.0,120.0,method,0.1372600275032978,0.11456457201606192,0.3058992559097951,0.6484785271724581,0.5114468186673929,3
v25,Java,ocr_only,2,60.0,120.0,abstract class,0.2388829772792863,0.05538937766004493,0.8513277117288206,0.1955427108647665,0.4578567112103882,4
v25,Java,ocr_only,2,60.0,120.0,inheritance,0.2665832490983943,0.03932153246977764,1.0,0.07255701294251996,0.443534207765512,5
v25,Java,ocr_only,2,60.0,120.0,class,0.22590472646408458,0.057631609340484696,0.7816711300514398,0.2127050885735891,0.4402915051647294,6
v25,Java,ocr_only,2,60.0,120.0,extends,0.24833061104779583,0.03453714867129308,0.9020348434235883,0.03593662149507633,0.38237591026648116,7
v25,Java,ocr_only,2,60.0,120.0,object,0.20689317593994455,0.029842098103631344,0.6796327551768192,0.0,0.2718531020707277,8
v25,Java,ocr_only,2,60.0,120.0,abstract method,0.08026559608304219,0.08322735455952555,0.0,0.4086187628919423,0.24517125773516538,9
v25,Java,ocr_only,3,120.0,180.0,implements,0.22789866079103407,0.19192293658089485,0.8998724741149664,1.0,0.9599489896459865,1
v25,Java,ocr_only,3,120.0,180.0,interface,0.11814080148141864,0.16078715594105086,0.26579470564257,0.7999578596923397,0.5862925980724318,2
v25,Java,ocr_only,3,120.0,180.0,abstract class,0.22032952935877193,0.0748101898204548,0.8561451456299566,0.24757035032268807,0.4910002684455955,3
v25,Java,ocr_only,3,120.0,180.0,method,0.12489002281119763,0.11115721693624032,0.30478536404854756,0.4810938704864252,0.41057046791127416,4
v25,Java,ocr_only,3,120.0,180.0,inheritance,0.24523057723022051,0.03627682825612962,1.0,0.0,0.4,5
v25,Java,ocr_only,3,120.0,180.0,class,0.2109093338684141,0.055661969505053144,0.8017241085154276,0.12454626368476382,0.3954174016170294,6
v25,Java,ocr_only,3,120.0,180.0,extends,0.2280713274780161,0.03757063502135068,0.9008699799724944,0.008312490297036235,0.36533548616721956,7
v25,Java,ocr_only,3,120.0,180.0,object,0.1899413337561286,0.04054895658845742,0.6805907080996799,0.027447704143130504,0.2887049057257503,8
v25,Java,ocr_only,3,120.0,180.0,abstract method,0.07213215812929354,0.10560168204998259,0.0,0.4454004956500575,0.2672402973900345,9
v25,Java,ocr_only,4,180.0,240.0,implements,0.22778045217679901,0.21031004154114422,0.900002700141217,1.0,0.9600010800564868,1
v25,Java,ocr_only,4,180.0,240.0,interface,0.1180579434458231,0.12989655501698522,0.2657885378916311,0.5272597568554849,0.42267126926994336,2
v25,Java,ocr_only,4,180.0,240.0,inheritance,0.24508053038368,0.04102211767688009,1.0,0.004778703818807452,0.40286722229128447,3
v25,Java,ocr_only,4,180.0,240.0,abstract class,0.22020025746298622,0.04855057500408566,0.8561879268944919,0.049037507922482515,0.3718976755112863,4
v25,Java,ocr_only,4,180.0,240.0,extends,0.22792879277731076,0.04346925103204909,0.900860133231011,0.019165076892956982,0.3718430994281786,5
v25,Java,ocr_only,4,180.0,240.0,class,0.21080599720017063,0.05339115039926344,0.8018875561552092,0.077494609935939,0.3672517884236471,6
v25,Java,ocr_only,4,180.0,240.0,object,0.18982206802963716,0.0501858404288598,0.680596991315641,0.05865101689875717,0.3074294066655107,7
v25,Java,ocr_only,4,180.0,240.0,method,0.124802471054627,0.06564094405634376,0.30477301770948256,0.14950952537152926,0.21161492230671058,8
v25,Java,ocr_only,4,180.0,240.0,abstract method,0.07207507692331372,0.04020925640536962,0.0,0.0,0.0,9
v25,Java,ocr_only,5,240.0,300.0,implements,0.21027219027128324,0.17615132968851846,0.9184137536406651,1.0,0.9673655014562661,1
v25,Java,ocr_only,5,240.0,300.0,inheritance,0.22328625728861212,0.023328500390303857,1.0,0.11288564015799576,0.4677313840947975,2
v25,Java,ocr_only,5,240.0,300.0,extends,0.2072508031152293,0.031693561605563914,0.8994724314135308,0.16144360730918564,0.45665513695092375,3
v25,Java,ocr_only,5,240.0,300.0,class,0.19549708643809352,0.030678277078139318,0.8257874240148642,0.15555002787645436,0.4236449863318183,4
v25,Java,ocr_only,5,240.0,300.0,abstract class,0.20126122606420416,0.024399245691510526,0.8619232849228549,0.11910116133893286,0.41623001077250166,5
v25,Java,ocr_only,5,240.0,300.0,object,0.1725198564942182,0.04177249999056471,0.6817412975918219,0.2199503828633106,0.4046667487547151,6
v25,Java,ocr_only,5,240.0,300.0,interface,0.10609649384170936,0.07499421924113625,0.26532782575653374,0.41279764489319803,0.35380971723853233,7
v25,Java,ocr_only,5,240.0,300.0,method,0.11217767639228089,0.013425492424016566,0.3034512545867666,0.05540011516892365,0.15462057093606082,8
v25,Java,ocr_only,5,240.0,300.0,abstract method,0.06377325604070215,0.0038817371577060064,0.0,0.0,0.0,9
v25,Java,ocr_only,6,300.0,360.0,implements,0.21715998906728975,0.20239681861118983,0.910807476500319,1.0,0.9643229906001276,1
v25,Java,ocr_only,6,300.0,360.0,inheritance,0.23186082662716684,0.04263331542820542,1.0,0.14815126985281005,0.48889076191168607,2
v25,Java,ocr_only,6,300.0,360.0,extends,0.21538622623751702,0.05385429542221241,0.9000457506984397,0.20798081395058812,0.4848067886497288,3
v25,Java,ocr_only,6,300.0,360.0,object,0.17932712934338466,0.06874740605600868,0.6812689746128964,0.28738992259294394,0.4449415434009249,4
v25,Java,ocr_only,6,300.0,360.0,abstract class,0.20871219384890502,0.04220800326794437,0.8595532421434452,0.1458835327513046,0.4313514165081609,5
v25,Java,ocr_only,6,300.0,360.0,class,0.20151965831684981,0.045864655700570765,0.8159148853592016,0.16538056849015403,0.4255942952377731,6
v25,Java,ocr_only,6,300.0,360.0,interface,0.11080261513489817,0.09719985840380756,0.2655188978604154,0.4390965697255243,0.3696655009794807,7
v25,Java,ocr_only,6,300.0,360.0,method,0.11714480590233901,0.03720500939920803,0.30399806591872547,0.11920789101142615,0.19312396097434587,8
v25,Java,ocr_only,6,300.0,360.0,abstract method,0.06703941578402967,0.014847671058455837,0.0,0.0,0.0,9
v25,Java,ocr_only,7,360.0,420.0,inheritance,0.03742802207002441,0.021261504703314706,1.0,0.8470905176745601,0.908254310604736,1
v25,Java,ocr_only,7,360.0,420.0,extends,0.03423931591089919,0.024125605435555343,0.897690547369932,0.8837077793050147,0.8893008865309816,2
v25,Java,ocr_only,7,360.0,420.0,method,0.016457288904644256,0.03322166067332282,0.3271552396694185,1.0,0.7308620958677674,3
v25,Java,ocr_only,7,360.0,420.0,abstract class,0.031719705316819086,-0.01248936995021694,0.8168489872332104,0.4155887225270817,0.5760928284095332,4
v25,Java,ocr_only,7,360.0,420.0,class,0.03609213854381893,-0.029024282584223612,0.957138254350441,0.204191401496943,0.5053701426383422,5
v25,Java,ocr_only,7,360.0,420.0,object,0.028325770128053627,-0.027896300865620945,0.7079547730608454,0.21861254291822638,0.414349434975274,6
v25,Java,ocr_only,7,360.0,420.0,abstract method,0.0062607537761064595,0.006769462620077388,0.0,0.6618111067418612,0.39708666404511667,7
v25,Java,ocr_only,7,360.0,420.0,implements,0.03366950759745006,-0.044995568161139594,0.8794082805996896,0.0,0.35176331223987584,8
v25,Java,ocr_only,7,360.0,420.0,interface,0.015300769085951741,-0.019399872699956806,0.29004836819816415,0.32723858723444516,0.3123624996199328,9
v26,Java,ocr_only,1,0.0,60.0,implements,0.09532921657845247,0.2637967969835291,1.0,1.0,1.0,1
v26,Java,ocr_only,1,0.0,60.0,class,0.0949930539884737,0.09126902271458669,0.9960937502666091,0.35026999023480354,0.6085994942475258,2
v26,Java,ocr_only,1,0.0,60.0,abstract class,0.07692570432118127,0.09171495523296506,0.7861489737660509,0.3519493473165738,0.5256291978963646,3
v26,Java,ocr_only,1,0.0,60.0,inheritance,0.08020650663005251,0.06598929451270458,0.8242722912510391,0.2550679387328436,0.48274967974012184,4
v26,Java,ocr_only,1,0.0,60.0,extends,0.0714995370107926,0.07314837547784947,0.7230962568921152,0.28202863978577986,0.45845568662831404,5
v26,Java,ocr_only,1,0.0,60.0,object,0.0589305841543447,0.08123917906356248,0.5770435127494566,0.3124981564478279,0.41831629896847944,6
v26,Java,ocr_only,1,0.0,60.0,interface,0.027569578447522114,0.09934937388865839,0.21262485394246808,0.38070014369549715,0.3134700277942855,7
v26,Java,ocr_only,1,0.0,60.0,method,0.02929597820156958,0.025911847232343018,0.23268582675743826,0.10413849955604107,0.15555743043659995,8
v26,Java,ocr_only,1,0.0,60.0,abstract method,0.009271587670288661,-0.0017408443073381554,0.0,0.0,0.0,9
v26,Java,ocr_only,2,60.0,120.0,implements,0.07618388784453545,0.19146524359861622,0.9734970724467721,1.0,0.9893988289787088,1
v26,Java,ocr_only,2,60.0,120.0,class,0.07825277058312677,0.054003862595246484,1.0,0.2959938448875951,0.5775963069325571,2
v26,Java,ocr_only,2,60.0,120.0,abstract class,0.05621152675451196,0.05624636703954085,0.7176459170563934,0.30747879375197074,0.4715456430737398,3
v26,Java,ocr_only,2,60.0,120.0,inheritance,0.05636554636301776,0.027372996052639424,0.7196189484176513,0.15960430896759162,0.3836101647476155,4
v26,Java,ocr_only,2,60.0,120.0,extends,0.0488791578261634,0.029278077917153922,0.6237163584223078,0.16936115375426186,0.3511032356214802,5
v26,Java,ocr_only,2,60.0,120.0,object,0.04000309684745584,0.033888651343158736,0.5100117019482086,0.192974128153417,0.31978915767133365,6
v26,Java,ocr_only,2,60.0,120.0,interface,0.014483272248501749,0.04919991428208999,0.18309609194235463,0.2713905042502628,0.2360727393270995,7
v26,Java,ocr_only,2,60.0,120.0,method,0.015483613092211251,-0.0026778760068577484,0.19591071909102498,0.005699272207755895,0.08178385096106354,8
v26,Java,ocr_only,2,60.0,120.0,abstract method,0.00019034768904375765,-0.0037906927382216427,0.0,0.0,0.0,9
v26,Java,ocr_only,3,120.0,180.0,implements,0.08499918387816396,0.2177685005803679,0.9882153628345169,1.0,0.9952861451338068,1
v26,Java,ocr_only,3,120.0,180.0,class,0.08596070268418325,0.061987776828405595,1.0,0.3004258338834358,0.5802555003300615,2
v26,Java,ocr_only,3,120.0,180.0,abstract class,0.06574661428608848,0.06447887086622262,0.7522506102727543,0.3116127445117274,0.4878678908161382,3
v26,Java,ocr_only,3,120.0,180.0,inheritance,0.06733759001116299,0.03614105886945593,0.7717500434005535,0.18435437313086964,0.41931264123874323,4
v26,Java,ocr_only,3,120.0,180.0,extends,0.05928915052653796,0.04000443206086766,0.673106170310513,0.2017038629373381,0.39026478588660807,5
v26,Java,ocr_only,3,120.0,180.0,object,0.04871362019473961,0.047093398943566234,0.543489581417394,0.2335387265594127,0.35751906850260523,6
v26,Java,ocr_only,3,120.0,180.0,interface,0.020504895791830735,0.06797297050315429,0.19775574874733204,0.32730391464473224,0.2754846482857721,7
v26,Java,ocr_only,3,120.0,180.0,method,0.02183912519558757,0.004154361703602465,0.21410842882011027,0.04070972661957028,0.11006920749978628,8
v26,Java,ocr_only,3,120.0,180.0,abstract method,0.004369832085676319,-0.004910853942860533,0.0,0.0,0.0,9
v26,Java,ocr_only,4,180.0,240.0,implements,0.09156537399652775,0.21621603212642304,0.9983769172506085,1.0,0.9993507669002434,1
v26,Java,ocr_only,4,180.0,240.0,class,0.09170206907550485,0.06024162496390328,1.0,0.28766583910007465,0.5725995034600448,2
v26,Java,ocr_only,4,180.0,240.0,abstract class,0.0728485076111114,0.06553715919011405,0.7761375858850221,0.3118505114329798,0.4975653412137968,3
v26,Java,ocr_only,4,180.0,240.0,inheritance,0.07550934327224797,0.03492677292912677,0.8077316746618408,0.1720530651165266,0.4263245089346523,4
v26,Java,ocr_only,4,180.0,240.0,extends,0.06704224535652842,0.03989357047683556,0.7071954983250451,0.19473639905489804,0.39972003876295686,5
v26,Java,ocr_only,4,180.0,240.0,object,0.05520099168039872,0.04708259183520999,0.5665954510028173,0.2275686155073921,0.3631793497055622,6
v26,Java,ocr_only,4,180.0,240.0,interface,0.024989519269823082,0.06487742990956166,0.20787207873321095,0.3088375318549025,0.2684513506062259,7
v26,Java,ocr_only,4,180.0,240.0,method,0.026572387473744356,0.0029131721083647533,0.22666665492110338,0.025847146511679322,0.10617494987544895,8
v26,Java,ocr_only,4,180.0,240.0,abstract method,0.007482654490303089,-0.0027463814765830707,0.0,0.0,0.0,9
v26,Java,ocr_only,5,240.0,300.0,implements,0.11541390891158118,0.22549701468360786,1.0,1.0,1.0,1
v26,Java,ocr_only,5,240.0,300.0,abstract class,0.09865106008818127,0.11482093108712833,0.8265062567416659,0.48239696815302674,0.6200406835884824,2
v26,Java,ocr_only,5,240.0,300.0,class,0.11255474752911991,0.07224070395185919,0.9704079768272785,0.2832604072470251,0.5581194350791265,3
v26,Java,ocr_only,5,240.0,300.0,inheritance,0.10520657683255348,0.0389247403866408,0.8943551737697886,0.12745037864922187,0.43421229669744854,4
v26,Java,ocr_only,5,240.0,300.0,extends,0.0952190449155097,0.05013532130704773,0.790985256373578,0.17987932702369286,0.42432169876364695,5
v26,Java,ocr_only,5,240.0,300.0,object,0.07877777546000539,0.06404484795981082,0.6208198261531194,0.24493053712321128,0.39528625273517454,6
v26,Java,ocr_only,5,240.0,300.0,interface,0.04129024143839878,0.07111412885286207,0.23282774488745137,0.2779917108141965,0.25992612444349844,7
v26,Java,ocr_only,5,240.0,300.0,method,0.04377748417798268,0.011672757894477713,0.25857044875769974,0.0,0.1034281795030799,8
v26,Java,ocr_only,5,240.0,300.0,abstract method,0.018794581271391657,0.03732474348708795,0.0,0.11996761255159084,0.0719805675309545,9
v26,Java,ocr_only,6,300.0,360.0,implements,0.10767163262730038,0.1981486990544477,1.0,1.0,1.0,1
v26,Java,ocr_only,6,300.0,360.0,abstract class,0.09033924504264987,0.10972433673060712,0.8126265370007846,0.5421733705362838,0.6503546371220841,2
v26,Java,ocr_only,6,300.0,360.0,class,0.10578428962511369,0.06215891941376651,0.9795966947738789,0.29589831559780005,0.5693776672682316,3
v26,Java,ocr_only,6,300.0,360.0,inheritance,0.09569964488213505,0.024891695311925536,0.870575661209977,0.10294326167806533,0.40999622149083,4
v26,Java,ocr_only,6,300.0,360.0,extends,0.08620683694837583,0.03344117550815315,0.7679527370774645,0.14720911329450787,0.39550656280769053,5
v26,Java,ocr_only,6,300.0,360.0,object,0.07123661125574554,0.045318886085009426,0.6061156551285193,0.20870723503647817,0.36767060307329463,6
v26,Java,ocr_only,6,300.0,360.0,interface,0.03609534094400059,0.05567715690195606,0.22621753201393982,0.26233829428943767,0.2478899893792385,7
v26,Java,ocr_only,6,300.0,360.0,abstract method,0.01516980602273424,0.047057910786020264,0.0,0.2177112221334061,0.13062673328004365,8
v26,Java,ocr_only,6,300.0,360.0,method,0.03829912577945098,0.005009295111478938,0.25004176247882887,0.0,0.10001670499153155,9
v27,Java,ocr_only,1,0.0,60.0,implements,0.15373244870483582,0.19728203369910066,0.8588378061992595,1.0,0.9435351224797038,1
v27,Java,ocr_only,1,0.0,60.0,object,0.13248868440028397,0.18837897979434534,0.6789348578795235,0.9567144138732971,0.8456025914757876,2
v27,Java,ocr_only,1,0.0,60.0,extends,0.15895789106082295,0.13555515971739013,0.9030894968431575,0.6998913014959566,0.7811705796348369,3
v27,Java,ocr_only,1,0.0,60.0,class,0.1428677739774375,0.15045078501176504,0.7668302416277076,0.7723120549237632,0.770119329605341,4
v27,Java,ocr_only,1,0.0,60.0,inheritance,0.1704015272375939,0.11170032939591534,1.0,0.5839119618823257,0.7503471771293955,5
v27,Java,ocr_only,1,0.0,60.0,abstract class,0.1518295037772452,0.11882510130573137,0.842722705407528,0.6185517530634992,0.7082201340011107,6
v27,Java,ocr_only,1,0.0,60.0,method,0.08827619328480565,0.09771380025195606,0.30452110567410995,0.5159111255006519,0.4313551175700351,7
v27,Java,ocr_only,1,0.0,60.0,interface,0.08353129500516043,0.09051046073337372,0.2643389054883116,0.48088934797721833,0.39426917098165565,8
v27,Java,ocr_only,1,0.0,60.0,abstract method,0.05231694606221512,-0.008399688588195328,0.0,0.0,0.0,9
v27,Java,ocr_only,2,60.0,120.0,implements,0.15115187257395843,0.1996197514953279,0.8584754029985522,1.0,0.9433901611994209,1
v27,Java,ocr_only,2,60.0,120.0,object,0.13030061148211705,0.19462857911129605,0.6789302345546804,0.9754079215854345,0.8568168467731327,2
v27,Java,ocr_only,2,60.0,120.0,extends,0.15633203558237724,0.13969909367225436,0.9030805343532781,0.7047640509168267,0.7840906442914073,3
v27,Java,ocr_only,2,60.0,120.0,class,0.14053501919275707,0.15012187438210708,0.7670562451703696,0.7561182861130604,0.7604934697359841,4
v27,Java,ocr_only,2,60.0,120.0,inheritance,0.16758766056296984,0.10934023299448196,1.0,0.5551824646840636,0.7331094788104382,5
v27,Java,ocr_only,2,60.0,120.0,abstract class,0.14930903848168267,0.12368232682397091,0.8426072041373704,0.6258476048447679,0.7125514445618089,6
v27,Java,ocr_only,2,60.0,120.0,method,0.08680303701212974,0.10024180337694781,0.30438313638566256,0.5103534591142218,0.42796533002279813,7
v27,Java,ocr_only,2,60.0,120.0,interface,0.08213812158952176,0.09023094073501906,0.26421467743061716,0.46102879145189474,0.3823031458433837,8
v27,Java,ocr_only,2,60.0,120.0,abstract method,0.051453869425283225,-0.003338790677979069,0.0,0.0,0.0,9
v27,Java,ocr_only,3,120.0,180.0,implements,0.15459795163575363,0.22725872050365553,0.858863523227901,0.9745901080012842,0.928299474091931,1
v27,Java,ocr_only,3,120.0,180.0,object,0.13323260620900054,0.23325457482479198,0.6789030140599397,1.0,0.8715612056239759,2
v27,Java,ocr_only,3,120.0,180.0,extends,0.15984942455084905,0.1610631485509516,0.9030967298906379,0.694059220487557,0.7776742242487893,3
v27,Java,ocr_only,3,120.0,180.0,class,0.14364268450133674,0.16699260011251302,0.7665872032245736,0.7191877035562274,0.7381475034235658,4
v27,Java,ocr_only,3,120.0,180.0,inheritance,0.17135401435469402,0.1293565460930013,1.0,0.5596894875101172,0.7358136925060703,5
v27,Java,ocr_only,3,120.0,180.0,abstract class,0.15268697197058514,0.1423877296284981,0.8427673232047216,0.6149144727278462,0.7060556129185964,6
v27,Java,ocr_only,3,120.0,180.0,method,0.08878430418533712,0.1162373850645004,0.3045145403864109,0.5040916615801528,0.42426081310265606,7
v27,Java,ocr_only,3,120.0,180.0,interface,0.08401310213122183,0.10706804147130855,0.26432665978576964,0.46523280712453624,0.3848703481890296,8
v27,Java,ocr_only,3,120.0,180.0,abstract method,0.05263160394623985,-0.002710785493917145,0.0,0.0,0.0,9
v27,Java,ocr_only,4,180.0,240.0,implements,0.14702040003815608,0.23290658943512751,0.857939634256797,1.0,0.9431758537027188,1
v27,Java,ocr_only,4,180.0,240.0,object,0.12679029459613508,0.20266199542340013,0.678947883523355,0.8714202092138328,0.7944312789376416,2
v27,Java,ocr_only,4,180.0,240.0,extends,0.15212028045618042,0.15430971996406412,0.9030623118013873,0.6658586645561048,0.7607401234542178,3
v27,Java,ocr_only,4,180.0,240.0,class,0.1368056847281918,0.1521224898483955,0.7675619651035537,0.6565600245887496,0.7009608007946713,4
v27,Java,ocr_only,4,180.0,240.0,inheritance,0.16307642589600094,0.11322796954468563,1.0,0.4912065309548069,0.6947239185728842,5
v27,Java,ocr_only,4,180.0,240.0,abstract class,0.14526504887881544,0.13208246626603054,0.8424086535576193,0.5713632440146342,0.6797814078318283,6
v27,Java,ocr_only,4,180.0,240.0,interface,0.07989716852628599,0.11729376886334829,0.26404729110371483,0.5084915910739632,0.4107138710858639,7
v27,Java,ocr_only,4,180.0,240.0,method,0.08443436286517929,0.11058848800063344,0.30419143965814976,0.4799852203104456,0.4096677080495273,8
v27,Java,ocr_only,4,180.0,240.0,abstract method,0.05005386838077741,-0.002313843160109932,0.0,0.0,0.0,9
v27,Java,ocr_only,5,240.0,300.0,implements,0.13965816847522028,0.2352042073269993,0.8569581400330186,1.0,0.9427832560132074,1
v27,Java,ocr_only,5,240.0,300.0,extends,0.14460971077989943,0.18158988850242586,0.9030249127318893,0.7652603760508645,0.8203661907232744,2
v27,Java,ocr_only,5,240.0,300.0,object,0.12053007243312286,0.20845479123887886,0.6789995165752777,0.8828830056774614,0.8013296100365879,3
v27,Java,ocr_only,5,240.0,300.0,inheritance,0.1550331943229472,0.13078886418142682,1.0,0.5428382021468938,0.7257029212881363,4
v27,Java,ocr_only,5,240.0,300.0,abstract class,0.13805286600452252,0.1519372490846614,0.8420231764438584,0.6354321962170285,0.7180685883077604,5
v27,Java,ocr_only,5,240.0,300.0,class,0.1301636865842201,0.15978214822513656,0.7686260381840793,0.6697795257089776,0.7093181306990182,6
v27,Java,ocr_only,5,240.0,300.0,interface,0.07589680073658683,0.11656276976976188,0.2637529821554333,0.4805520792291381,0.39383244039965615,7
v27,Java,ocr_only,5,240.0,300.0,method,0.0802067128297335,0.10506105539158643,0.3038503353699015,0.43019411204620334,0.3796566013756826,8
v27,Java,ocr_only,5,240.0,300.0,abstract method,0.04754699516924509,0.006805107411124663,0.0,0.0,0.0,9
v27,Java,ocr_only,6,300.0,360.0,extends,0.12522997838477107,0.14652317345932503,0.9029088712027947,1.0,0.9611635484811178,1
v27,Java,ocr_only,6,300.0,360.0,implements,0.12065925250953217,0.1388636096545883,0.853864750410324,0.947894190760138,0.9102824146202124,2
v27,Java,ocr_only,6,300.0,360.0,class,0.11302203188425222,0.13257140808507398,0.7719169851999672,0.9050901534757796,0.8518208861654546,3
v27,Java,ocr_only,6,300.0,360.0,abstract class,0.11944335369208417,0.12062757423353393,0.8408180943425444,0.8238396875058912,0.8306310502405525,4
v27,Java,ocr_only,6,300.0,360.0,inheritance,0.1342785030086984,0.09696134089448066,1.0,0.6628451098475416,0.797707065908525,5
v27,Java,ocr_only,6,300.0,360.0,object,0.10437682183554829,0.09288662949131847,0.6791534422796084,0.6351260202892874,0.6527369890854158,6
v27,Java,ocr_only,6,300.0,360.0,method,0.06929936507236223,0.042215116098907754,0.3027705495959702,0.29042229067386266,0.2953615942427057,7
v27,Java,ocr_only,6,300.0,360.0,interface,0.06557611252964983,0.03523979026705879,0.26281986070541913,0.24297115553801588,0.25091063760497717,8
v27,Java,ocr_only,6,300.0,360.0,abstract method,0.04108229923577669,-0.00047701551148580674,0.0,0.0,0.0,9
v27,Java,ocr_only,7,360.0,420.0,extends,0.1309631996902167,0.15613356614438845,0.9029461856255094,1.0,0.9611784742502038,1
v27,Java,ocr_only,7,360.0,420.0,abstract class,0.12494852388978517,0.13835658383901536,0.8412105943815615,0.8888423626612567,0.8697896553493787,2
v27,Java,ocr_only,7,360.0,420.0,class,0.11809502724841708,0.14126464373670186,0.7708652123057872,0.9070261613461817,0.852561781730024,3
v27,Java,ocr_only,7,360.0,420.0,implements,0.1262809785625519,0.1318439588683379,0.8548871215558299,0.8481195902481347,0.8508266027712128,4
v27,Java,ocr_only,7,360.0,420.0,inheritance,0.1404188024777748,0.09846674946940694,1.0,0.6394153414609669,0.7836492048765802,5
v27,Java,ocr_only,7,360.0,420.0,object,0.10915541942968067,0.07821893596552613,0.6791076525485154,0.5128078514098227,0.5793277718652998,6
v27,Java,ocr_only,7,360.0,420.0,method,0.072525284587231,0.021826091521366688,0.30313010914012034,0.16018920986854218,0.21736556957717346,7
v27,Java,ocr_only,7,360.0,420.0,interface,0.0686283783326889,0.02537673611254825,0.2631316421189827,0.18239102438382343,0.21468727147788713,8
v27,Java,ocr_only,7,360.0,420.0,abstract method,0.04299241229930284,-0.0037923078753990995,0.0,0.0,0.0,9
v27,Java,ocr_only,8,420.0,480.0,extends,0.12283097117825618,0.16366188537446652,0.9028916074831115,1.0,0.9611566429932445,1
v27,Java,ocr_only,8,420.0,480.0,abstract class,0.11713955925251103,0.1384644227412705,0.8406420827580292,0.8393353090951028,0.8398580185602733,2
v27,Java,ocr_only,8,420.0,480.0,implements,0.11830812827972752,0.1294322061444781,0.8534232462903375,0.7817438639232414,0.8104156168700798,3
v27,Java,ocr_only,8,420.0,480.0,class,0.11090127820607523,0.13286021164947795,0.772411205199246,0.803601598287157,0.7911254410519926,4
v27,Java,ocr_only,8,420.0,480.0,inheritance,0.13170949459994372,0.10393588568573281,1.0,0.6191735882828746,0.7715041529697249,5
v27,Java,ocr_only,8,420.0,480.0,object,0.10237714691104295,0.08350573246136202,0.6791789583099141,0.4889063347615273,0.565015384180882,6
v27,Java,ocr_only,8,420.0,480.0,interface,0.06429789467657848,0.030155774267387397,0.2626890987797432,0.14873499815512692,0.19431663840497343,7
v27,Java,ocr_only,8,420.0,480.0,method,0.06794858478263938,0.025772284336222112,0.3026183337368663,0.12078488011635397,0.19351826156455892,8
v27,Java,ocr_only,8,420.0,480.0,abstract method,0.04028049251710678,0.006829276471548081,0.0,0.0,0.0,9
v27,Java,ocr_only,9,480.0,540.0,extends,0.12553735135864186,0.17642393398488232,0.9029091675819292,1.0,0.9611636670327717,1
v27,Java,ocr_only,9,480.0,540.0,abstract class,0.11973794906002687,0.15663305773843753,0.840837725151033,0.8853480482956346,0.867543919037794,2
v27,Java,ocr_only,9,480.0,540.0,class,0.11329970616644708,0.15416241283378435,0.7719287234043521,0.871035177215062,0.831392595690778,3
v27,Java,ocr_only,9,480.0,540.0,implements,0.12096419690270901,0.14163333788273874,0.8539623487680621,0.7984520900237759,0.8206561935214904,4
v27,Java,ocr_only,9,480.0,540.0,inheritance,0.13460865330762853,0.11694531027587299,1.0,0.6554300977879909,0.7932580586727945,5
v27,Java,ocr_only,9,480.0,540.0,object,0.10463267638203605,0.10732659780794719,0.6791648466099434,0.5997072412758184,0.6314902834094684,6
v27,Java,ocr_only,9,480.0,540.0,method,0.06946971975609252,0.033970872821588206,0.3028130562834462,0.1747449033962328,0.22597216455111818,7
v27,Java,ocr_only,9,480.0,540.0,interface,0.06573684672943682,0.031804941998935035,0.26285983330540924,0.1621972934278042,0.20246230937884624,8
v27,Java,ocr_only,9,480.0,540.0,abstract method,0.0411775669417618,0.0038069313761839455,0.0,0.0,0.0,9
v28,Java,ocr_only,1,0.0,60.0,implements,0.24630140070940076,0.14348407642860597,0.8946403630578453,1.0,0.9578561452231381,1
v28,Java,ocr_only,1,0.0,60.0,inheritance,0.273173568704693,0.112157820618288,1.0,0.7760506379284233,0.865630382757054,2
v28,Java,ocr_only,1,0.0,60.0,extends,0.2485676615816634,0.11046820194793824,0.9035258546474942,0.7639716641225458,0.8197933403325253,3
v28,Java,ocr_only,1,0.0,60.0,class,0.2369053819240559,0.11428402345440312,0.8578007181099934,0.7912507234945358,0.8178707213407188,4
v28,Java,ocr_only,1,0.0,60.0,abstract class,0.21887944485151647,0.10272958817113145,0.7871251333995374,0.708648818356108,0.7400393443734798,5
v28,Java,ocr_only,1,0.0,60.0,object,0.1979525970430521,0.09764822278653935,0.7050757398474503,0.6723224682419274,0.6854237768841366,6
v28,Java,ocr_only,1,0.0,60.0,method,0.0988800934649379,0.05653377993187972,0.31663506733568586,0.3783979946316272,0.35369282371325067,7
v28,Java,ocr_only,1,0.0,60.0,interface,0.10795585984583443,0.051919358265597515,0.3522190757056318,0.3454097947410808,0.3481335071269012,8
v28,Java,ocr_only,1,0.0,60.0,abstract method,0.018121740744752306,0.0036030983336303884,0.0,0.0,0.0,9
v28,Java,ocr_only,2,60.0,120.0,abstract class,0.21689107141836755,0.008229089218998457,0.7873777814531474,1.0,0.9149511125812589,1
v28,Java,ocr_only,2,60.0,120.0,inheritance,0.27056501091587554,-0.0010095934771925028,1.0,0.6251680330695658,0.7751008198417395,2
v28,Java,ocr_only,2,60.0,120.0,class,0.23474905949106695,0.0011019856407857753,0.8581198413494006,0.7108390513465929,0.769751367347716,3
v28,Java,ocr_only,2,60.0,120.0,abstract method,0.01812695498579597,0.006917502101810744,0.0,0.9467862686594073,0.5680717611956444,4
v28,Java,ocr_only,2,60.0,120.0,method,0.09809617693286479,0.00059499769476119,0.31678750516609405,0.6902695291249058,0.5408767195413811,5
v28,Java,ocr_only,2,60.0,120.0,extends,0.24620534009404305,-0.009446230914322446,0.9035023830615315,0.2828766578995802,0.5311269479643608,6
v28,Java,ocr_only,2,60.0,120.0,implements,0.24401381670550013,-0.016418442238492162,0.8948209527578933,0.0,0.35792838110315733,7
v28,Java,ocr_only,2,60.0,120.0,interface,0.10697723099369727,-0.007856753234454153,0.3519686272362638,0.34736496913714376,0.3492064323767918,8
v28,Java,ocr_only,2,60.0,120.0,object,0.1961176741808292,-0.013911794633125899,0.705086713408747,0.10169974261679943,0.34305453093357846,9
v28,Java,ocr_only,3,120.0,180.0,inheritance,0.18902696920991643,0.0013397071248066417,1.0,0.8716639173220015,0.9229983503932009,1
v28,Java,ocr_only,3,120.0,180.0,abstract class,0.15177306650367028,0.003645650888727682,0.7888048238172977,1.0,0.915521929526919,2
v28,Java,ocr_only,3,120.0,180.0,class,0.16439522586763924,0.002243388297535045,0.8603607945218816,0.9219578158603677,0.8973190073249733,3
v28,Java,ocr_only,3,120.0,180.0,extends,0.1719714090353365,-0.004296359188096344,0.9033107466788666,0.557991622434169,0.696119272132048,4
v28,Java,ocr_only,3,120.0,180.0,method,0.06823340740219797,-0.0014570893140249375,0.31521221363366136,0.7160096881845595,0.5556906983642003,5
v28,Java,ocr_only,3,120.0,180.0,implements,0.17045241830918623,-0.01095167021105308,0.8946994740141261,0.18759380135390769,0.47043607041799507,6
v28,Java,ocr_only,3,120.0,180.0,abstract method,0.012631355542972405,-0.0019459631448257026,0.0,0.688801673249246,0.4132810039495476,7
v28,Java,ocr_only,3,120.0,180.0,interface,0.07433840168753934,-0.007104095247372455,0.3498218853733926,0.40172855449683875,0.38096588684746024,8
v28,Java,ocr_only,3,120.0,180.0,object,0.13892667621828014,-0.014322357139901083,0.7159776711555219,0.0,0.2863910684622088,9
v28,Java,ocr_only,4,180.0,240.0,abstract class,0.22689588055761306,0.21333257680737205,0.7957225957849243,1.0,0.9182890383139697,1
v28,Java,ocr_only,4,180.0,240.0,object,0.20362831620746194,0.17370939170515354,0.7011814872378785,0.7389685138799783,0.7238537032231385,2
v28,Java,ocr_only,4,180.0,240.0,implements,0.2502255889619909,0.12849205891243817,0.8905162089640746,0.44108363797167544,0.620856666368635,3
v28,Java,ocr_only,4,180.0,240.0,class,0.23858772389425054,0.11635202874288207,0.843229065021225,0.3611069751030537,0.5539558110703222,4
v28,Java,ocr_only,4,180.0,240.0,extends,0.25342228244940557,0.08768139276379028,0.903505060802507,0.17222920825211313,0.4647395492722707,5
v28,Java,ocr_only,4,180.0,240.0,inheritance,0.277170705138191,0.061537919039535274,1.0,0.0,0.4,6
v28,Java,ocr_only,4,180.0,240.0,abstract method,0.031060153783986726,0.15986351676619662,0.0,0.6477540064489357,0.3886524038693614,7
v28,Java,ocr_only,4,180.0,240.0,method,0.10864637867932321,0.0989121065880736,0.31524948633215555,0.24621543404841356,0.27382905496191035,8
v28,Java,ocr_only,4,180.0,240.0,interface,0.11465605376903394,0.07437042153718226,0.33966808625256917,0.08453856470544394,0.186590373324294,9
v28,Java,ocr_only,5,240.0,300.0,abstract class,0.22186271454832746,0.10424380880826874,0.7903259864454788,1.0,0.9161303945781916,1
v28,Java,ocr_only,5,240.0,300.0,extends,0.250339185858005,0.08800724093045384,0.9035174195079904,0.7773058416139541,0.8277904727715686,2
v28,Java,ocr_only,5,240.0,300.0,object,0.20005184224569422,0.09392322817948093,0.7036297147961369,0.85844711551857,0.7965201552295968,3
v28,Java,ocr_only,5,240.0,300.0,class,0.23747875265968607,0.0832119119163997,0.8523983448272833,0.7115350600666972,0.7678803739709317,4
v28,Java,ocr_only,5,240.0,300.0,implements,0.24772193551361624,0.08119296019053848,0.893114082874633,0.683843939702088,0.767551996971106,5
v28,Java,ocr_only,5,240.0,300.0,inheritance,0.2746120779040579,0.05469751897369918,1.0,0.32044324891243775,0.5922659493474627,6
v28,Java,ocr_only,5,240.0,300.0,method,0.10256421248863495,0.0470305759672782,0.31612508340878565,0.21528657829970246,0.2556219803433357,7
v28,Java,ocr_only,5,240.0,300.0,abstract method,0.02303410473756375,0.054284365810707544,0.0,0.3147766082400165,0.1888659649440099,8
v28,Java,ocr_only,5,240.0,300.0,interface,0.11047000567686752,0.03133409265097105,0.34754990605413116,0.0,0.13901996242165246,9
v28,Java,ocr_only,6,300.0,360.0,extends,0.24862226951833574,0.050770356390101454,0.9035263941246129,1.0,0.9614105576498452,1
v28,Java,ocr_only,6,300.0,360.0,implements,0.24635427218992653,0.04897613573703692,0.894636200037445,0.9656767814343775,0.9372605488756045,2
v28,Java,ocr_only,6,300.0,360.0,class,0.23695522058153798,0.042774045852445396,0.8577933907505,0.8470315711538697,0.8513362989925218,3
v28,Java,ocr_only,6,300.0,360.0,abstract class,0.21892540659443194,0.029297215242352855,0.7871193455507492,0.589221473041349,0.6683806220451091,4
v28,Java,ocr_only,6,300.0,360.0,inheritance,0.2732338672227324,0.015719252879446685,1.0,0.3294767370403289,0.5976860422241974,5
v28,Java,ocr_only,6,300.0,360.0,object,0.1979950161504467,0.023145208056512705,0.7050754952179331,0.47153433857646826,0.5649508012330542,6
v28,Java,ocr_only,6,300.0,360.0,method,0.0988982246629847,0.012630381303839361,0.3166316030211673,0.27038700689502787,0.28888484534548364,7
v28,Java,ocr_only,6,300.0,360.0,interface,0.10797848643914162,0.0035449943757340234,0.35222480612645835,0.09658468177186848,0.19884073151370443,8
v28,Java,ocr_only,6,300.0,360.0,abstract method,0.01812162713307586,-0.001503897833294419,0.0,0.0,0.0,9
v28,Java,ocr_only,7,360.0,420.0,implements,0.24635932935627347,0.06912809134839552,0.8946358341962207,1.0,0.9578543336784883,1
v28,Java,ocr_only,7,360.0,420.0,extends,0.24862748535507956,0.06837570431047146,0.9035264460550979,0.9887593958785547,0.9546662159491719,2
v28,Java,ocr_only,7,360.0,420.0,class,0.23696001786396154,0.053227327149767176,0.8577928523806769,0.762443813388407,0.8005834289853151,3
v28,Java,ocr_only,7,360.0,420.0,abstract class,0.21892977313428408,0.04839591782963577,0.7871187419153881,0.6902629320349729,0.729005255987139,4
v28,Java,ocr_only,7,360.0,420.0,object,0.19799905137313287,0.04925323226368639,0.7050754771652992,0.7030711433345097,0.7038728768668254,5
v28,Java,ocr_only,7,360.0,420.0,inheritance,0.27323963506756366,0.03121592752831001,1.0,0.4335952064448304,0.6601571238668982,6
v28,Java,ocr_only,7,360.0,420.0,method,0.09889992938903025,0.015381223940080872,0.3166313712131731,0.19702596024035457,0.244868124629482,7
v28,Java,ocr_only,7,360.0,420.0,interface,0.10798062034607081,0.01355944616906987,0.35222543914851795,0.16980874132376475,0.242775420453666,8
v28,Java,ocr_only,7,360.0,420.0,abstract method,0.01812153579508783,0.002193340351460773,0.0,0.0,0.0,9
v28,Java,ocr_only,8,420.0,480.0,extends,0.24860310985657533,0.09258096161477711,0.903526207146458,1.0,0.9614104828585832,1
v28,Java,ocr_only,8,420.0,480.0,implements,0.24633571909051044,0.0888264946617948,0.8946376549729456,0.9571035884304258,0.9321172150474337,2
v28,Java,ocr_only,8,420.0,480.0,class,0.23693773933954856,0.06299316690632771,0.857795997772844,0.6619466264734225,0.7402863749931912,3
v28,Java,ocr_only,8,420.0,480.0,object,0.1979801239156662,0.07155241030852506,0.7050756099008476,0.7597396906561217,0.737874058354012,4
v28,Java,ocr_only,8,420.0,480.0,inheritance,0.2732127181272255,0.05217390316239294,1.0,0.5383318507271765,0.7229991104363058,5
v28,Java,ocr_only,8,420.0,480.0,abstract class,0.2189092549397854,0.06123229694794037,0.7871213145223854,0.6418279242977428,0.6999452803875998,6
v28,Java,ocr_only,8,420.0,480.0,interface,0.10797052206344107,0.025638681162231638,0.3522228709046918,0.2351554429271885,0.2819824141181898,7
v28,Java,ocr_only,8,420.0,480.0,method,0.09889181370283716,0.02001716042722452,0.3166328111147851,0.17092713299248183,0.22920940424140313,8
v28,Java,ocr_only,8,420.0,480.0,abstract method,0.018121593970737815,0.0050569283540256495,0.0,0.0,0.0,9
v28,Java,ocr_only,9,480.0,540.0,extends,0.24860166528643318,0.07655582463780161,0.9035261931529492,1.0,0.9614104772611797,1
v28,Java,ocr_only,9,480.0,540.0,implements,0.24633431147896825,0.06627207425089673,0.8946377261944514,0.8623979831338124,0.8752938803580681,2
v28,Java,ocr_only,9,480.0,540.0,class,0.236936403596301,0.055838005740979406,0.8577961034097437,0.7227846303133418,0.7767892195519026,3
v28,Java,ocr_only,9,480.0,540.0,abstract class,0.21890806879674282,0.05074402335464123,0.7871215321738704,0.6546244529588298,0.707623284644846,4
v28,Java,ocr_only,9,480.0,540.0,inheritance,0.27321111192066644,0.03334594490904886,1.0,0.42182896555005894,0.6530973793300354,5
v28,Java,ocr_only,9,480.0,540.0,object,0.19797901300404402,0.04587885052914987,0.7050755716918792,0.5895258684927333,0.6357457497723916,6
v28,Java,ocr_only,9,480.0,540.0,method,0.09889140784387583,0.011167582615279507,0.31663292918803504,0.12507075306974103,0.20169562351705866,7
v28,Java,ocr_only,9,480.0,540.0,interface,0.10796996218516684,0.008073848791870496,0.352222624112496,0.08367495895456055,0.19109402501773473,8
v28,Java,ocr_only,9,480.0,540.0,abstract method,0.01812170020864622,0.0018203620253210953,0.0,0.0,0.0,9
v28,Java,ocr_only,10,540.0,600.0,extends,0.2500750947129121,0.0921217617413753,0.9035196436546945,1.0,0.9614078574618778,1
v28,Java,ocr_only,10,540.0,600.0,implements,0.2475209682613416,0.07157281550986345,0.8933960524570479,0.8064325493547064,0.841217950595643,2
v28,Java,ocr_only,10,540.0,600.0,class,0.23743144235879293,0.06652963584606732,0.8534049879767982,0.7589266860530541,0.7967180068225518,3
v28,Java,ocr_only,10,540.0,600.0,inheritance,0.2744165586645365,0.041745639277038116,1.0,0.5254658078834524,0.7152794847300714,4
v28,Java,ocr_only,10,540.0,600.0,abstract class,0.22136343606335687,0.045262270410282225,0.7897174884811554,0.5585918531634809,0.6510421072905508,5
v28,Java,ocr_only,10,540.0,600.0,object,0.19971245547910485,0.0388582205666528,0.7039011905729711,0.4982668326942665,0.5805205758457483,6
v28,Java,ocr_only,10,540.0,600.0,method,0.1019017872712413,0.014978197827389987,0.31621669707571864,0.27332122862712027,0.29047941600655963,7
v28,Java,ocr_only,10,540.0,600.0,interface,0.11003011717259963,0.012274329469958139,0.3484343223974249,0.24785126540214697,0.2880844882002581,8
v28,Java,ocr_only,10,540.0,600.0,abstract method,0.02212205153703709,-0.014037337647535751,0.0,0.0,0.0,9
v28,Java,ocr_only,11,600.0,660.0,implements,0.24643458443887048,0.10740877319558809,0.8946299250260985,1.0,0.9578519700104394,1
v28,Java,ocr_only,11,600.0,660.0,class,0.2370309097700338,0.08245687178835577,0.8577822414738359,0.7657133732554492,0.8025409205428038,2
v28,Java,ocr_only,11,600.0,660.0,inheritance,0.27332544457883323,0.07004225464530338,1.0,0.6491459531899081,0.7894875719139449,3
v28,Java,ocr_only,11,600.0,660.0,abstract class,0.2189952286383821,0.07840406737356936,0.7871106057152127,0.7276594446309752,0.7514399090646702,4
v28,Java,ocr_only,11,600.0,660.0,extends,0.24870520619588182,0.06930573013050736,0.9035272077284132,0.64223033416473,0.7467490835902033,5
v28,Java,ocr_only,11,600.0,660.0,object,0.19805944307411233,0.04939364982604646,0.7050751006007344,0.45526525884399444,0.5551891955466904,6
v28,Java,ocr_only,11,600.0,660.0,interface,0.10801285826395296,0.0329151715314558,0.3522334531708793,0.3005400925925792,0.32121743682389925,7
v28,Java,ocr_only,11,600.0,660.0,method,0.09892576073280378,0.03313675723285144,0.31662625640704706,0.30262067818273236,0.30822290947245823,8
v28,Java,ocr_only,11,600.0,660.0,abstract method,0.018121487035639303,0.0009071697795379394,0.0,0.0,0.0,9
v28,Java,ocr_only,12,660.0,720.0,implements,0.24648064230179437,0.07454770430215268,0.8946263303248572,1.0,0.9578505321299429,1
v28,Java,ocr_only,12,660.0,720.0,abstract class,0.2190352471904716,0.06549561505071888,0.7871055399998619,0.8764744556533152,0.8407268893919339,2
v28,Java,ocr_only,12,660.0,720.0,class,0.23707433262430067,0.0569712313425626,0.8577759280455864,0.7601500239644396,0.7992003855968983,3
v28,Java,ocr_only,12,660.0,720.0,inheritance,0.2733779706214877,0.038293740858114586,1.0,0.5052754734560003,0.7031652840736002,4
v28,Java,ocr_only,12,660.0,720.0,extends,0.24875276987389444,0.03694318817338512,0.9035276761164004,0.48684572194602055,0.6535185036141725,5
v28,Java,ocr_only,12,660.0,720.0,object,0.19809638083888356,0.021813904580150617,0.7050748951685406,0.28039029055114756,0.4502641323981048,6
v28,Java,ocr_only,12,660.0,720.0,interface,0.10803254625781099,0.01514210105107408,0.3522384854692871,0.18934631829106707,0.2545031851623551,7
v28,Java,ocr_only,12,660.0,720.0,method,0.09894151653306556,0.012050908620128978,0.3166232320940719,0.14716365558119995,0.21494748618634874,8
v28,Java,ocr_only,12,660.0,720.0,abstract method,0.018121335803555717,0.001266592291600782,0.0,0.0,0.0,9
v28,Java,ocr_only,13,720.0,780.0,abstract class,0.22667117971865028,0.06337604294613496,0.7952349617900119,1.0,0.9180939847160048,1
v28,Java,ocr_only,13,720.0,780.0,implements,0.25023842977777483,0.05537011045756955,0.8907213231089561,0.8688903629685231,0.8776227470246962,2
v28,Java,ocr_only,13,720.0,780.0,class,0.23870307968386983,0.04516586249736751,0.8439840667789299,0.70177987981717,0.758661554601874,3
v28,Java,ocr_only,13,720.0,780.0,extends,0.2533944484596618,0.03323371801762953,0.9035084212825644,0.5063723949326805,0.665226805472634,4
v28,Java,ocr_only,13,720.0,780.0,inheritance,0.2772097989748808,0.02231763117633538,1.0,0.32760443934345995,0.596562663606076,5
v28,Java,ocr_only,13,720.0,780.0,object,0.20350914648283486,0.025524401931330265,0.7013903991495701,0.38012031433129334,0.508628348258604,6
v28,Java,ocr_only,13,720.0,780.0,interface,0.11440437954276719,0.013741917300558567,0.3403686443867372,0.18716374300424138,0.24844570355723972,7
v28,Java,ocr_only,13,720.0,780.0,method,0.10821945213667247,0.0023131594706561056,0.3153094537069511,0.0,0.12612378148278044,8
v28,Java,ocr_only,13,720.0,780.0,abstract method,0.030397063275328536,0.002540109994720562,0.0,0.0037166689672555897,0.0022300013803533535,9
v28,Java,ocr_only,14,780.0,840.0,extends,0.2545091961910088,0.08376968648701091,0.9035017951713286,1.0,0.9614007180685314,1
v28,Java,ocr_only,14,780.0,840.0,implements,0.2511214456978096,0.07595307174004651,0.8896417916824739,0.9228151209466283,0.9095457892409665,2
v28,Java,ocr_only,14,780.0,840.0,class,0.2390254101591322,0.07069884517611162,0.8401543530107267,0.8709324511484499,0.8586212118933607,3
v28,Java,ocr_only,14,780.0,840.0,abstract class,0.22860346385466307,0.06193827839126278,0.7975159673236546,0.784426551904773,0.7896623180723257,4
v28,Java,ocr_only,14,780.0,840.0,object,0.20485678334698215,0.06288042627643656,0.7003632769629309,0.7937297570545174,0.7563831650178827,5
v28,Java,ocr_only,14,780.0,840.0,inheritance,0.27809590316868416,0.03243006969123891,1.0,0.4930488144414427,0.6958292886648656,6
v28,Java,ocr_only,14,780.0,840.0,interface,0.11605208385643846,0.02597093156095589,0.3370444767040363,0.4292682890460306,0.3923787641092329,7
v28,Java,ocr_only,14,780.0,840.0,method,0.11065192177460428,0.01171279477773345,0.31495127195213596,0.2884768340793087,0.29906660922843964,8
v28,Java,ocr_only,14,780.0,840.0,abstract method,0.03366952218519793,-0.017501635601339983,0.0,0.0,0.0,9
v28,Java,ocr_only,15,840.0,900.0,extends,0.2545252315734434,0.09891711012243755,0.903491276283737,1.0,0.9613965105134948,1
v28,Java,ocr_only,15,840.0,900.0,implements,0.2510230810029528,0.07394660135012,0.8890401811698609,0.7851593255562092,0.8267116678016699,2
v28,Java,ocr_only,15,840.0,900.0,class,0.2386369453526932,0.07045281574535395,0.8379306640966998,0.7550995753711398,0.7882320108613639,3
v28,Java,ocr_only,15,840.0,900.0,object,0.20514860099552074,0.07685983591123531,0.6997460715810402,0.8102241443642596,0.7660329152509718,4
v28,Java,ocr_only,15,840.0,900.0,abstract class,0.2291934073849732,0.056243425377317316,0.7989633317001653,0.6328451576522506,0.6992924272714165,5
v28,Java,ocr_only,15,840.0,900.0,inheritance,0.27791363772237915,0.03862326723051242,1.0,0.48124525656162975,0.6887471539369778,6
v28,Java,ocr_only,15,840.0,900.0,interface,0.11674643768211654,0.025670886174473957,0.3349679032524768,0.36980586591464387,0.355870680849777,7
v28,Java,ocr_only,15,840.0,900.0,method,0.11185334793355674,0.014724131740162214,0.3147773078072149,0.27562243829280375,0.2912843860985682,8
v28,Java,ocr_only,15,840.0,900.0,abstract method,0.03556864290410784,-0.01731092182246598,0.0,0.0,0.0,9
v29,Java,ocr_only,1,0.0,60.0,implements,0.25466502739365887,0.0798967086205093,0.8693259492435639,1.0,0.9477303796974256,1
v29,Java,ocr_only,1,0.0,60.0,abstract class,0.2488525122123677,0.04880484286687706,0.840127701268399,0.49880245849573224,0.635332555604799,2
v29,Java,ocr_only,1,0.0,60.0,interface,0.13636673731131502,0.07206039402866472,0.27507325464759264,0.8736794491843034,0.6342369713696191,3
v29,Java,ocr_only,1,0.0,60.0,class,0.23504901820566965,0.0491470481111595,0.77078803877108,0.5043187703337952,0.6109064777087092,4
v29,Java,ocr_only,1,0.0,60.0,extends,0.2614449042781819,0.037223267170506044,0.9033835852825322,0.3121087003352521,0.5486186543141642,5
v29,Java,ocr_only,1,0.0,60.0,inheritance,0.28067839999288613,0.029007464582340783,1.0,0.17967084371702127,0.5078025062302127,6
v29,Java,ocr_only,1,0.0,60.0,method,0.14345848348053622,0.05212930696369811,0.3106975165664836,0.5523924632046412,0.45571448454937813,7
v29,Java,ocr_only,1,0.0,60.0,object,0.2173282254543764,0.031475729118559864,0.6817704474305568,0.21945900333206964,0.4043835809714645,8
v29,Java,ocr_only,1,0.0,60.0,abstract method,0.08160771649724942,0.01786155645213521,0.0,0.0,0.0,9
v29,Java,ocr_only,2,60.0,120.0,abstract class,0.2643484544429504,0.16430007028077184,0.8457524600686944,1.0,0.9383009840274777,1
v29,Java,ocr_only,2,60.0,120.0,implements,0.2685922911185337,0.08724639314428331,0.8665089779986043,0.38603593124217617,0.5782251499447474,2
v29,Java,ocr_only,2,60.0,120.0,class,0.24649110709707858,0.09247801445803265,0.7584125413348354,0.4277215149463788,0.5599979255017614,3
v29,Java,ocr_only,2,60.0,120.0,inheritance,0.2958856019206448,0.05273875229576063,1.0,0.11107888355885558,0.46664733013531334,4
v29,Java,ocr_only,2,60.0,120.0,extends,0.2761318259642493,0.058615629819034835,0.9033846879213396,0.15790587183339938,0.45609739826857554,5
v29,Java,ocr_only,2,60.0,120.0,method,0.15423294327580284,0.07340178436581321,0.3071797588494759,0.27572202213524016,0.28830511682093446,6
v29,Java,ocr_only,2,60.0,120.0,abstract method,0.0914275762578725,0.09788285757462356,0.0,0.4707873308059111,0.28247239848354666,7
v29,Java,ocr_only,2,60.0,120.0,object,0.23015574261045962,0.03879813774523431,0.6785166094746593,0.0,0.27140664378986373,8
v29,Java,ocr_only,2,60.0,120.0,interface,0.14594196957819242,0.05648921377059398,0.26662877695118964,0.14096257856706876,0.1912290579207171,9
v29,Java,ocr_only,3,120.0,180.0,abstract class,0.2644051888777378,0.160574472761052,0.8457540618219006,1.0,0.9383016247287602,1
v29,Java,ocr_only,3,120.0,180.0,implements,0.26864772106283313,0.14079970373041592,0.8665003007078942,0.8511984811326494,0.8573192089627473,2
v29,Java,ocr_only,3,120.0,180.0,extends,0.27619056880354925,0.10145330490882633,0.9033852821959149,0.5551240290092131,0.6944285302838937,3
v29,Java,ocr_only,3,120.0,180.0,class,0.2465396133773632,0.10891011535385217,0.7583903174834011,0.6112351632736258,0.6700972249575359,4
v29,Java,ocr_only,3,120.0,180.0,inheritance,0.29594793552867965,0.08349973420680268,1.0,0.4200266943493425,0.6520160166096055,5
v29,Java,ocr_only,3,120.0,180.0,object,0.23020490698038995,0.08837136782181722,0.6785126156159352,0.45668484596448117,0.5454159538250628,6
v29,Java,ocr_only,3,120.0,180.0,interface,0.1459750121899176,0.05320465425180083,0.2666233376030749,0.1920617606235348,0.22188639141535083,7
v29,Java,ocr_only,3,120.0,180.0,method,0.15426757986588724,0.049353654507801284,0.30717449490208976,0.16308369214763319,0.22072001324941581,8
v29,Java,ocr_only,3,120.0,180.0,abstract method,0.09145148639352531,0.027680876101838354,0.0,0.0,0.0,9
v29,Java,ocr_only,4,180.0,240.0,abstract class,0.2644094035417979,0.20346282940524354,0.8457541833957316,1.0,0.9383016733582926,1
v29,Java,ocr_only,4,180.0,240.0,implements,0.2686518463880203,0.1454212164530093,0.8664996946488641,0.632171129105878,0.7259025553230725,2
v29,Java,ocr_only,4,180.0,240.0,extends,0.27619493228920744,0.1245241241713189,0.9033853237825039,0.499739353557701,0.6611977416476222,3
v29,Java,ocr_only,4,180.0,240.0,class,0.24654322760578742,0.12511909777429459,0.7583887273682017,0.5035098977838661,0.6054614296176004,4
v29,Java,ocr_only,4,180.0,240.0,inheritance,0.2959525674208612,0.0986921092825123,1.0,0.3360333435732883,0.6016200061439729,5
v29,Java,ocr_only,4,180.0,240.0,object,0.23020855547635657,0.10963415026919257,0.6785123125853652,0.4053766711737815,0.514630927738415,6
v29,Java,ocr_only,4,180.0,240.0,method,0.15427014676372447,0.04566767642786541,0.30717410731156747,0.0,0.12286964292462699,7
v29,Java,ocr_only,4,180.0,240.0,interface,0.14597746177718737,0.04697464235910256,0.2666229447048456,0.008282674762668531,0.11161878273953936,8
v29,Java,ocr_only,4,180.0,240.0,abstract method,0.09145325214938063,0.05022316315113775,0.0,0.028869623922639923,0.017321774353583952,9
v29,Java,ocr_only,5,240.0,300.0,abstract class,0.26441800212974975,0.22941847134510415,0.8457544602114092,1.0,0.9383017840845637,1
v29,Java,ocr_only,5,240.0,300.0,implements,0.2686602459211288,0.14129921325151198,0.8664984095867948,0.5420601428490365,0.6718354495441399,2
v29,Java,ocr_only,5,240.0,300.0,extends,0.2762038264608373,0.11627335119054685,0.903385411022888,0.4120052610307401,0.6085573210275993,3
v29,Java,ocr_only,5,240.0,300.0,inheritance,0.2959620042710439,0.08156263111610279,1.0,0.2316199226111254,0.5389719535666753,4
v29,Java,ocr_only,5,240.0,300.0,class,0.24655057708695577,0.10558439244315936,0.7583853747030707,0.3564566744020118,0.5172281545224353,5
v29,Java,ocr_only,5,240.0,300.0,object,0.2302160018810311,0.1074155260388657,0.6785116998735582,0.3659727447296973,0.4909883267872417,6
v29,Java,ocr_only,5,240.0,300.0,abstract method,0.0914568874000574,0.09197206237453269,0.0,0.2857158554030834,0.17142951324185005,7
v29,Java,ocr_only,5,240.0,300.0,interface,0.14598246893850855,0.043877877871610516,0.2666220893282049,0.03577907134995242,0.12811627854125343,8
v29,Java,ocr_only,5,240.0,300.0,method,0.15427540094780803,0.036993075919121474,0.30717330944526017,0.0,0.12286932377810407,9
v29,Java,ocr_only,6,300.0,360.0,abstract class,0.26439647413812317,0.20504302190277543,0.8457538132797715,1.0,0.9383015253119086,1
v29,Java,ocr_only,6,300.0,360.0,implements,0.2686392075010413,0.1270142200922921,0.8665016345199036,0.5250050518002528,0.661603684888113,2
v29,Java,ocr_only,6,300.0,360.0,extends,0.2761815461968942,0.10572309577582094,0.9033851908521958,0.39539680129322174,0.5985921571168114,3
v29,Java,ocr_only,6,300.0,360.0,inheritance,0.29593836159351405,0.07145636218290101,1.0,0.18680042443899267,0.5120802546633956,4
v29,Java,ocr_only,6,300.0,360.0,object,0.2301973528825403,0.09772561014622409,0.678513217728322,0.34671265923007655,0.47943288262937467,5
v29,Java,ocr_only,6,300.0,360.0,class,0.2465321668004976,0.08853408226349899,0.7583937499632056,0.2907598673220894,0.4778134203785359,6
v29,Java,ocr_only,6,300.0,360.0,abstract method,0.09144781225759106,0.086834450700006,0.0,0.2804134774285112,0.1682480864571067,7
v29,Java,ocr_only,6,300.0,360.0,interface,0.14596993671512792,0.04947519027699023,0.26662417717882736,0.05299155683422234,0.13844460497206434,8
v29,Java,ocr_only,6,300.0,360.0,method,0.15426226214532038,0.04077011309350052,0.3071753197970145,0.0,0.1228701279188058,9
v29,Java,ocr_only,7,360.0,420.0,abstract class,0.2643898602863987,0.22881091386641653,0.845753639450381,1.0,0.9383014557801523,1
v29,Java,ocr_only,7,360.0,420.0,implements,0.26863275006406306,0.1483875003948937,0.866502680016141,0.5385929054951409,0.6697568153035409,2
v29,Java,ocr_only,7,360.0,420.0,extends,0.2761746951261394,0.09132671748981316,0.903385119164466,0.21122244316418884,0.4880875135642997,3
v29,Java,ocr_only,7,360.0,420.0,inheritance,0.29593109248669036,0.054826228568723656,1.0,0.0018109818233921443,0.40108658909403533,4
v29,Java,ocr_only,7,360.0,420.0,object,0.23019161895365375,0.08972364203989595,0.6785136841665576,0.20202524108471878,0.3926206183174543,5
v29,Java,ocr_only,7,360.0,420.0,class,0.24652651712994067,0.07973808570743973,0.7583963779573718,0.14473587303265692,0.3902000750025429,6
v29,Java,ocr_only,7,360.0,420.0,abstract method,0.09144502171067852,0.12570382126449672,0.0,0.40845156942833694,0.24507094165700216,7
v29,Java,ocr_only,7,360.0,420.0,interface,0.14596608112422813,0.08166698743525681,0.2666248082651576,0.15580241327758976,0.20013137127261688,8
v29,Java,ocr_only,7,360.0,420.0,method,0.15425822094158395,0.0545105738210905,0.30717593131176746,0.0,0.12287037252470699,9
v29,Java,ocr_only,8,420.0,480.0,abstract class,0.264383299904989,0.19648280987253405,0.8457534394977626,1.0,0.938301375799105,1
v29,Java,ocr_only,8,420.0,480.0,implements,0.2686263366437063,0.13855173987478828,0.8665036494526347,0.6054037712051751,0.709843722504159,2
v29,Java,ocr_only,8,420.0,480.0,extends,0.27616790612390085,0.08127695196068101,0.9033850529708614,0.21527779361129362,0.4905206973551207,3
v29,Java,ocr_only,8,420.0,480.0,inheritance,0.2959238879016952,0.049671802137668614,1.0,0.0,0.4,4
v29,Java,ocr_only,8,420.0,480.0,class,0.24652090276146463,0.07251668797849263,0.7583989069189359,0.15560744519975592,0.39672402988742794,5
v29,Java,ocr_only,8,420.0,480.0,object,0.23018593764770565,0.07535027880966848,0.6785141506491896,0.17490838778502307,0.37635069293068973,6
v29,Java,ocr_only,8,420.0,480.0,abstract method,0.09144225865817814,0.1079754109564381,0.0,0.3971337689069159,0.2382802613441495,7
v29,Java,ocr_only,8,420.0,480.0,interface,0.14596226354707348,0.0799146103870178,0.2666254425426525,0.2059982334837347,0.23024911710730184,8
v29,Java,ocr_only,8,420.0,480.0,method,0.1542542174690698,0.06097159876577229,0.30717653729220307,0.0769683200357199,0.16905160693831317,9
v29,Java,ocr_only,9,480.0,540.0,abstract class,0.2642707953889174,0.17165734421752749,0.8457502052762418,1.0,0.9383000821104968,1
v29,Java,ocr_only,9,480.0,540.0,implements,0.26851642940040704,0.13501505477384235,0.8665208514983496,0.6999842758629657,0.7665989061171192,2
v29,Java,ocr_only,9,480.0,540.0,extends,0.27605143375271257,0.10822125613974058,0.9033838757864152,0.48060494608756416,0.6497165179671046,3
v29,Java,ocr_only,9,480.0,540.0,inheritance,0.29580029946604314,0.0756128234719185,1.0,0.2136171926382131,0.5281703155829278,4
v29,Java,ocr_only,9,480.0,540.0,class,0.2464247309070549,0.07943406714050658,0.7584430349439519,0.24490435301331578,0.4503198257855702,5
v29,Java,ocr_only,9,480.0,540.0,object,0.23008844504974546,0.08098163706367759,0.6785220588995887,0.25757537652745544,0.42595404947630877,6
v29,Java,ocr_only,9,480.0,540.0,interface,0.14589673600160669,0.05808188826296763,0.2666362960803959,0.07007932146899647,0.14870211131355626,7
v29,Java,ocr_only,9,480.0,540.0,method,0.15418551776607375,0.04952278094060897,0.3071869778339552,0.0,0.12287479113358209,8
v29,Java,ocr_only,9,480.0,540.0,abstract method,0.09139481462510013,0.06895732240946548,0.0,0.15912401000519505,0.09547440600311703,9
v3,Java,ocr_only,1,0.0,60.0,implements,0.26601523737026345,0.15018415416719014,0.8669163392181148,1.0,0.9467665356872459,1
v3,Java,ocr_only,1,0.0,60.0,inheritance,0.29298755691340206,0.06848429890442753,1.0,0.7496515893807233,0.849790953628434,2
v3,Java,ocr_only,1,0.0,60.0,class,0.2442361447533877,0.08622882199487909,0.759456490637948,0.8040251637108645,0.786197694481698,3
v3,Java,ocr_only,1,0.0,60.0,extends,0.27340069445199755,0.022166093434104528,0.9033567967550605,0.6077212385258965,0.7259754618175621,4
v3,Java,ocr_only,1,0.0,60.0,abstract class,0.26171062662577005,-0.04311729537883854,0.845677032928495,0.4076769107043061,0.5828769595939818,5
v3,Java,ocr_only,1,0.0,60.0,object,0.22786979129007576,-0.036261568215643296,0.6787035457877927,0.42868454154312846,0.5286921432409941,6
v3,Java,ocr_only,1,0.0,60.0,interface,0.14440562842852497,0.03836806889245752,0.26688444658331617,0.6573680682766455,0.5011746195993138,7
v3,Java,ocr_only,1,0.0,60.0,method,0.15262255758651808,-0.011686048207532395,0.307427456278206,0.5039899671694696,0.4253649628129642,8
v3,Java,ocr_only,1,0.0,60.0,abstract method,0.09031564824578309,-0.1761604591685405,0.0,0.0,0.0,9
v3,Java,ocr_only,2,60.0,120.0,implements,0.26776283452905647,0.11673841225572444,0.8666395171927936,1.0,0.9466558068771175,1
v3,Java,ocr_only,2,60.0,120.0,abstract class,0.2634993209898795,0.11526407278465163,0.8457279949976011,0.9901247498336152,0.9323660478992095,2
v3,Java,ocr_only,2,60.0,120.0,inheritance,0.2949528314471391,0.0641424399597829,1.0,0.6477077400710674,0.7886246440426404,3
v3,Java,ocr_only,2,60.0,120.0,class,0.24576535966942245,0.08614514723975955,0.7587471229178535,0.7950837297876006,0.7805490870397017,4
v3,Java,ocr_only,2,60.0,120.0,extends,0.2752527477035485,0.05294348263680096,0.9033757639876592,0.5726961790724048,0.7049680130385065,5
v3,Java,ocr_only,2,60.0,120.0,object,0.22941992647086945,0.018087651122124654,0.6785766517839538,0.33922887882145114,0.47496798800645224,6
v3,Java,ocr_only,2,60.0,120.0,interface,0.14544734920789207,0.011640656299643627,0.2667110866610501,0.2960463635713771,0.28431225280724626,7
v3,Java,ocr_only,2,60.0,120.0,method,0.15371440455592858,-0.019349524202522353,0.3072590314044654,0.08847151994488073,0.1759865245287146,8
v3,Java,ocr_only,2,60.0,120.0,abstract method,0.09106936952693856,-0.03255800517493849,0.0,0.0,0.0,9
v3,Java,ocr_only,3,120.0,180.0,abstract class,0.26366807331752384,0.36809622513399337,0.8457334276756459,1.0,0.9382933710702583,1
v3,Java,ocr_only,3,120.0,180.0,extends,0.2754273045760542,0.0616686164673466,0.9033775093637887,0.14816421602123647,0.45024953335825735,2
v3,Java,ocr_only,3,120.0,180.0,abstract method,0.09114082216082556,0.27241747596623855,0.0,0.7340233712554078,0.4404140227532447,3
v3,Java,ocr_only,3,120.0,180.0,inheritance,0.29513802211880763,0.030430601477704006,1.0,0.06132589520403361,0.4367955371224202,4
v3,Java,ocr_only,3,120.0,180.0,implements,0.2679276008960156,0.05525974116326096,0.8666137514220947,0.13034823219773922,0.42485443988748145,5
v3,Java,ocr_only,3,120.0,180.0,class,0.24590942372767197,0.07270423668652075,0.7586800289353215,0.17884205292371563,0.41077724332835797,6
v3,Java,ocr_only,3,120.0,180.0,object,0.2295661193426069,0.06661981582126757,0.6785646921148586,0.16192801753257685,0.36858268736548955,7
v3,Java,ocr_only,3,120.0,180.0,method,0.15381750090875648,0.01725236968496975,0.30724283843523653,0.024691828647616577,0.13771223256266457,8
v3,Java,ocr_only,3,120.0,180.0,interface,0.1455456621530213,0.008370073180876916,0.26669405268014307,0.0,0.10667762107205724,9
v3,Java,ocr_only,4,180.0,240.0,abstract class,0.2635785283327726,0.39626782158090496,0.8457307560313537,1.0,0.9382923024125415,1
v3,Java,ocr_only,4,180.0,240.0,extends,0.2753346247347707,0.07426767753240737,0.9033765653612232,0.214410126717819,0.4899967021751807,2
v3,Java,ocr_only,4,180.0,240.0,inheritance,0.2950396896043699,0.0326006787234065,1.0,0.11275435755306448,0.4676526145318387,3
v3,Java,ocr_only,4,180.0,240.0,implements,0.2678401598461338,0.056666254440456684,0.8666275902570094,0.17146760016320672,0.4495315962007278,4
v3,Java,ocr_only,4,180.0,240.0,abstract method,0.09110298477426494,0.2805486776699917,0.0,0.7176778045552524,0.43060668273315145,5
v3,Java,ocr_only,4,180.0,240.0,class,0.24583295980138295,0.07276280430123834,0.7587156767881487,0.210738658885178,0.4299294660463663,6
v3,Java,ocr_only,4,180.0,240.0,object,0.2294885069487467,0.07836032698147113,0.6785709433216919,0.2243950413879011,0.4060654021614174,7
v3,Java,ocr_only,4,180.0,240.0,method,0.15376281787849833,-0.007335746609968243,0.3072513756483114,0.015320701398352173,0.13209297109833587,8
v3,Java,ocr_only,4,180.0,240.0,interface,0.14549349150219126,-0.013615445757033759,0.26670288103967266,0.0,0.10668115241586906,9
v3,Java,ocr_only,5,240.0,300.0,abstract class,0.26366168897100156,0.42306283850913756,0.8457327641347427,1.0,0.9382931056538971,1
v3,Java,ocr_only,5,240.0,300.0,abstract method,0.09113807971639099,0.32760063980309834,0.0,0.771238223527994,0.46274293411679635,2
v3,Java,ocr_only,5,240.0,300.0,implements,0.2679213169730838,0.08192005045686913,0.8666140045629451,0.18249913281629782,0.45614508151495675,3
v3,Java,ocr_only,5,240.0,300.0,extends,0.2754208145265214,0.05514957315382941,0.9033774992689372,0.1183474368795117,0.4323594618352819,4
v3,Java,ocr_only,5,240.0,300.0,inheritance,0.29513113351644926,0.007368505348241193,1.0,0.0038468062519432843,0.402308083751166,5
v3,Java,ocr_only,5,240.0,300.0,class,0.24590397412518408,0.06077765936908636,0.758682178269096,0.13183435649996184,0.3825734852076155,6
v3,Java,ocr_only,5,240.0,300.0,object,0.22956062693105855,0.0817477994308085,0.6785650032492824,0.18208635738000079,0.3806778157277134,7
v3,Java,ocr_only,5,240.0,300.0,method,0.15381367441088223,0.005763234623078846,0.30724376897618333,0.0,0.12289750759047334,8
v3,Java,ocr_only,5,240.0,300.0,interface,0.1455420078787491,0.0163263222749018,0.26669500332928775,0.025312958731461305,0.12186577657059189,9
v3,Java,ocr_only,6,300.0,360.0,implements,0.26773090192667576,0.25278162206418225,0.866643432667962,1.0,0.9466573730671848,1
v3,Java,ocr_only,6,300.0,360.0,inheritance,0.29491710901669255,0.018499593447574163,1.0,0.28963728016015267,0.5737823680960916,2
v3,Java,ocr_only,6,300.0,360.0,abstract class,0.2634668804731432,0.02535492955669069,0.8457271179282688,0.31042323302492614,0.5245447869862632,3
v3,Java,ocr_only,6,300.0,360.0,extends,0.27521913511928836,0.008540038482764994,0.9033754810424242,0.2594390759061932,0.5170136379606856,4
v3,Java,ocr_only,6,300.0,360.0,class,0.24573728060676325,0.032943471239477426,0.7587580688615007,0.33343232655733673,0.5035626234790023,5
v3,Java,ocr_only,6,300.0,360.0,interface,0.14542860920279246,0.1299313157477501,0.2667137006354126,0.6275075888517694,0.4831900335652267,6
v3,Java,ocr_only,6,300.0,360.0,object,0.2293918525666302,-0.03741418159723419,0.6785788011987661,0.12010203432043912,0.34349274107176997,7
v3,Java,ocr_only,6,300.0,360.0,method,0.15369477228806352,-0.010356223174517913,0.3072617303921401,0.2021440289709485,0.24419110953942513,8
v3,Java,ocr_only,6,300.0,360.0,abstract method,0.09105607964325962,-0.07702457704129363,0.0,0.0,0.0,9
v3,Java,ocr_only,7,360.0,420.0,abstract class,0.26382837484069377,0.3344515312859344,0.845737478887772,1.0,0.9382949915551088,1
v3,Java,ocr_only,7,360.0,420.0,implements,0.2680841746303344,0.102193359942666,0.8665884120448315,0.3072665270363979,0.5309952810397713,2
v3,Java,ocr_only,7,360.0,420.0,abstract method,0.09120831234132494,0.2539642549136184,0.0,0.7599385624699067,0.45596313748194395,3
v3,Java,ocr_only,7,360.0,420.0,extends,0.27559340498165347,0.03551842904890684,0.9033792546256894,0.10840180606441546,0.426392785488925,4
v3,Java,ocr_only,7,360.0,420.0,inheritance,0.2953142752535766,-0.0008262925929065149,1.0,0.0,0.4,5
v3,Java,ocr_only,7,360.0,420.0,class,0.2460464792122799,0.038297214459439816,0.7586165767117852,0.1166898144342656,0.37346051934527347,6
v3,Java,ocr_only,7,360.0,420.0,object,0.22970509429998826,0.04555393016994332,0.6785533356426496,0.1383337025583005,0.35442155579204015,7
v3,Java,ocr_only,7,360.0,420.0,interface,0.14563908274710743,0.0348532922071823,0.2666789819814481,0.10641796820114867,0.17052237371326845,8
v3,Java,ocr_only,7,360.0,420.0,method,0.15391542372820086,0.0010431884372503128,0.3072282185789676,0.005575916141809607,0.1262368371166728,9
v30,Java,ocr_only,1,0.0,60.0,abstract class,0.23044328769447722,0.5796429650967108,0.8000899410802169,1.0,0.9200359764320868,1
v30,Java,ocr_only,1,0.0,60.0,extends,0.2554154488868392,0.18944335947131252,0.9034912600211333,0.2565972638789686,0.5153548623358345,2
v30,Java,ocr_only,1,0.0,60.0,abstract method,0.03721582036923787,0.49745838856244223,0.0,0.8434231142683996,0.5060538685610397,3
v30,Java,ocr_only,1,0.0,60.0,inheritance,0.2787230027547072,0.10704798317508905,1.0,0.09961876544055925,0.4597712592643356,4
v30,Java,ocr_only,1,0.0,60.0,class,0.23909947619147193,0.1535197989903408,0.8359323057316275,0.18815620764068552,0.44726664687706236,5
v30,Java,ocr_only,1,0.0,60.0,object,0.20608269375215466,0.16184350525610347,0.6992209163924101,0.2040144143723865,0.4020970151803959,6
v30,Java,ocr_only,1,0.0,60.0,implements,0.25178627310149193,0.08060560852438048,0.888464063937355,0.04924112952940022,0.38493030329258215,7
v30,Java,ocr_only,1,0.0,60.0,method,0.11318733173298783,0.06480466384292728,0.31457247197928845,0.01913739456877015,0.13731142553297748,8
v30,Java,ocr_only,1,0.0,60.0,interface,0.11771238863297757,0.054759766978011784,0.3333092103872059,0.0,0.13332368415488235,9
v30,Java,ocr_only,2,60.0,120.0,abstract class,0.232800233091724,0.3252717323533192,0.8222226037589907,1.0,0.9288890415035963,1
v30,Java,ocr_only,2,60.0,120.0,extends,0.24970374030307482,0.13807916412292895,0.9034284072790978,0.4064630086729225,0.6052491681153926,2
v30,Java,ocr_only,2,60.0,120.0,implements,0.24430753130995222,0.1116641613490036,0.8775045867506165,0.3227081811146203,0.5446267433690187,3
v30,Java,ocr_only,2,60.0,120.0,inheritance,0.2698057347814031,0.07834634982828553,1.0,0.21706641448598574,0.5302398486915915,4
v30,Java,ocr_only,2,60.0,120.0,class,0.22851279564849283,0.10066433205591524,0.8016254106282074,0.2878306982879747,0.49334858322406777,5
v30,Java,ocr_only,2,60.0,120.0,abstract method,0.06164934104329557,0.22229749656113088,0.0,0.6734965566524131,0.4040979339914479,6
v30,Java,ocr_only,2,60.0,120.0,object,0.2051079825159121,0.06756074198903668,0.689186812359506,0.18286816993461782,0.3853956269045731,7
v30,Java,ocr_only,2,60.0,120.0,interface,0.12430537010026715,0.023531639882964715,0.301004585695323,0.04326379866114312,0.1463601134748151,8
v30,Java,ocr_only,2,60.0,120.0,method,0.12707021865043736,0.009886893723716471,0.3142871397428763,0.0,0.12571485589715053,9
v30,Java,ocr_only,3,120.0,180.0,abstract class,0.24094846944045967,0.11418521705378688,0.8287573417312679,1.0,0.9315029366925072,1
v30,Java,ocr_only,3,120.0,180.0,extends,0.2563794973657405,0.036078193204875236,0.9034173609849547,0.534948466128019,0.6823360240707934,2
v30,Java,ocr_only,3,120.0,180.0,implements,0.25047106957065557,0.03292215075901656,0.8748305853614486,0.5161572959094383,0.6596266116902424,3
v30,Java,ocr_only,3,120.0,180.0,inheritance,0.27634157900778195,0.0037268938188230083,1.0,0.3423278711948671,0.6053967227169202,4
v30,Java,ocr_only,3,120.0,180.0,class,0.2332988353636659,0.007961270792109499,0.7917460790841824,0.36753947713479196,0.5372221179145481,5
v30,Java,ocr_only,3,120.0,180.0,abstract method,0.06965762580857578,0.07430693742082461,0.0,0.7625635416942942,0.4575381250165765,6
v30,Java,ocr_only,3,120.0,180.0,object,0.21150820678325694,-0.05376826371123498,0.6863163723115103,0.0,0.27452654892460415,7
v30,Java,ocr_only,3,120.0,180.0,interface,0.12997995922385347,-0.03658747981319555,0.29185784615382215,0.10229489629974677,0.17812007624137693,8
v30,Java,ocr_only,3,120.0,180.0,method,0.1346810854688134,-0.04134630390325854,0.3146033286752877,0.07396071669009105,0.17021776148416973,9
v31,C++,ocr_only,1,0.0,60.0,template,0.031188306678951082,0.025873228187687735,0.8156374620840087,1.0,0.9262549848336035,1
v31,C++,ocr_only,1,0.0,60.0,reference,0.038215635075745845,0.009564162952718655,1.0,0.5143832136460152,0.7086299281876092,2
v31,C++,ocr_only,1,0.0,60.0,constructor,0.01894500865260431,0.015406283093379922,0.4944335323475425,0.6883374879914751,0.6107759057339021,3
v31,C++,ocr_only,1,0.0,60.0,variable,0.02862937601745206,0.005632983039142281,0.7485037059157064,0.3973288681819349,0.5377988032754435,4
v31,C++,ocr_only,1,0.0,60.0,class,0.021089922778379375,0.009228678834161987,0.5507055306819474,0.5043938784401587,0.5229185393368742,5
v31,C++,ocr_only,1,0.0,60.0,data type,0.015319277250385089,-0.007651779476322441,0.3993121710888701,0.001763359841009704,0.1607828843401539,6
v31,C++,ocr_only,1,0.0,60.0,pointer,0.0016191676592870027,-0.0023705019881115133,0.03988867024691514,0.15901805008343897,0.11136629814882945,7
v31,C++,ocr_only,1,0.0,60.0,polymorphism,9.873520969543369e-05,-0.0023350666347121195,0.0,0.16007316895096516,0.0960439013705791,8
v31,C++,ocr_only,1,0.0,60.0,object,0.004116673498450715,-0.007711000556581369,0.1054109411540559,0.0,0.04216437646162236,9
v31,C++,ocr_only,1,0.0,60.0,inheritance,0.00025077304618994746,-0.005943356272162042,0.003988725133177196,0.0526331659386688,0.03317538961647216,10
v31,C++,ocr_only,2,60.0,120.0,template,0.031188061986146178,0.02469888231197972,0.8156390824900636,1.0,0.9262556329960254,1
v31,C++,ocr_only,2,60.0,120.0,reference,0.038215215949671824,0.01246061243100396,1.0,0.6150161477385212,0.7690096886431128,2
v31,C++,ocr_only,2,60.0,120.0,constructor,0.018945382182704862,0.014227717726789872,0.49444622218586226,0.6706046427414668,0.6001412745192249,3
v31,C++,ocr_only,2,60.0,120.0,variable,0.028629182940457208,0.005018585043473083,0.7485056041133525,0.38090949703123733,0.5279479398640834,4
v31,C++,ocr_only,2,60.0,120.0,class,0.02109093343591359,0.009099165110656124,0.5507358381042387,0.509273836844299,0.5258586373482749,5
v31,C++,ocr_only,2,60.0,120.0,data type,0.015319505867962066,-0.007090164966459382,0.3993195339656791,0.0,0.15972781358627164,6
v31,C++,ocr_only,2,60.0,120.0,polymorphism,9.892721322142863e-05,-0.0024116384071868543,0.0,0.14717416719958556,0.08830450031975133,7
v31,C++,ocr_only,2,60.0,120.0,pointer,0.00161930398944565,-0.004571392089248399,0.03988784917484093,0.0792339844333535,0.06349553032994847,8
v31,C++,ocr_only,2,60.0,120.0,object,0.004117477640937541,-0.006027455629402686,0.10542869101191363,0.033430046762599176,0.06222950446232496,9
v31,C++,ocr_only,2,60.0,120.0,inheritance,0.0002517135690511104,-0.006928445837705301,0.00400842686668949,0.005087259373883987,0.004655726371006188,10
v31,C++,ocr_only,3,120.0,180.0,template,0.031186274465873905,0.02622284638946192,0.8156510841807756,1.0,0.9262604336723103,1
v31,C++,ocr_only,3,120.0,180.0,reference,0.03821214687710157,0.009996171440241824,1.0,0.52649128001291,0.7158947680077461,2
v31,C++,ocr_only,3,120.0,180.0,constructor,0.018948082103749403,0.013088369489786367,0.494538293982733,0.6167243527137831,0.567849929221363,3
v31,C++,ocr_only,3,120.0,180.0,variable,0.02862776983307405,0.005147278826476697,0.7485195555151845,0.3849963069464081,0.5304056063739186,4
v31,C++,ocr_only,3,120.0,180.0,class,0.021098259928368078,0.008329104904753038,0.5509559069973892,0.4778448047601012,0.5070892456550165,5
v31,C++,ocr_only,3,120.0,180.0,data type,0.015321188703410035,-0.008046163375896805,0.3993737610948333,0.0,0.15974950443793334,6
v31,C++,ocr_only,3,120.0,180.0,pointer,0.0016203049375318513,-0.0030697173496758694,0.03988202538261022,0.14521709440380273,0.10308306679532572,7
v31,C++,ocr_only,3,120.0,180.0,polymorphism,0.0001003284267161475,-0.0029384129176883295,0.0,0.14904867380707662,0.08942920428424597,8
v31,C++,ocr_only,3,120.0,180.0,object,0.0041233145481287484,-0.0068425446218621086,0.1055574434646772,0.03512265928534038,0.06329657295707511,9
v31,C++,ocr_only,3,120.0,180.0,inheritance,0.00025854153686330917,-0.00699527914988639,0.0041512873586214746,0.030665730734732683,0.020059953384288197,10
v31,C++,ocr_only,4,180.0,240.0,template,0.031188056690564094,0.025378420431410288,0.815639226480457,1.0,0.9262556905921828,1
v31,C++,ocr_only,4,180.0,240.0,reference,0.038215200698419806,0.01131984248288062,1.0,0.5571588299740449,0.7342952979844269,2
v31,C++,ocr_only,4,180.0,240.0,constructor,0.01894540018068674,0.016343732695504296,0.4944467731065314,0.7154099296219218,0.6270246670157656,3
v31,C++,ocr_only,4,180.0,240.0,variable,0.02862917612003439,0.006252949400492052,0.7485056654207145,0.397553152272052,0.537934157531517,4
v31,C++,ocr_only,4,180.0,240.0,class,0.021090977667394126,0.009734474984952255,0.5507371130587637,0.5072202088507652,0.5246269705339646,5
v31,C++,ocr_only,4,180.0,240.0,data type,0.015319518729950103,-0.006288698911459461,0.3993198896670175,0.002494830381144247,0.16122485409549353,6
v31,C++,ocr_only,4,180.0,240.0,polymorphism,9.89361932114434e-05,-0.0011589646973507162,0.0,0.16407998569450033,0.0984479914167002,7
v31,C++,ocr_only,4,180.0,240.0,pointer,0.0016193136228440158,-0.0022278677066163493,0.03988789167482091,0.13040984771891914,0.09420106530127985,8
v31,C++,ocr_only,4,180.0,240.0,object,0.004117512661315377,-0.006367900597652325,0.10542944121806108,0.0,0.042171776487224436,9
v31,C++,ocr_only,4,180.0,240.0,inheritance,0.0002517546185128485,-0.005703099684649434,0.004009270774173669,0.020941037936152977,0.014168331071361253,10
v31,C++,ocr_only,5,240.0,300.0,template,0.031163280604357524,0.025123965053950797,0.8156392921504175,1.0,0.926255716860167,1
v31,C++,ocr_only,5,240.0,300.0,reference,0.038184820621603936,0.012673794012232509,1.0,0.6040918913665941,0.7624551348199564,2
v31,C++,ocr_only,5,240.0,300.0,constructor,0.018932676953532002,0.017184876657343095,0.4945070703079867,0.7475416634163303,0.6463278261729929,3
v31,C++,ocr_only,5,240.0,300.0,variable,0.028606544042915186,0.0065175500072367385,0.7485084688417629,0.4083269567213881,0.5443995615695381,4
v31,C++,ocr_only,5,240.0,300.0,class,0.021074365207814385,0.010205947586152252,0.5507401988784736,0.5256158280520213,0.5356655763826023,5
v31,C++,ocr_only,5,240.0,300.0,data type,0.015307536575637756,-0.0057407748183402555,0.3993237566074145,0.018519444804804035,0.17084116952584824,6
v31,C++,ocr_only,5,240.0,300.0,polymorphism,9.893942084831484e-05,-0.0011095393427912547,0.0,0.16579000611811134,0.0994740036708668,7
v31,C++,ocr_only,5,240.0,300.0,pointer,0.0016180843996177286,-0.002035728500035368,0.03988735276366072,0.1363377362454657,0.0977575828527437,8
v31,C++,ocr_only,5,240.0,300.0,object,0.004114610826378795,-0.006323158079479698,0.10543727173761203,0.0,0.04217490869504481,9
v31,C++,ocr_only,5,240.0,300.0,inheritance,0.00025187854101945035,-0.005955249113972502,0.00401563821944866,0.011699288483278872,0.008625828377746787,10
v31,C++,ocr_only,6,300.0,360.0,template,0.031188801626770533,0.024533791546324846,0.8156342842924486,1.0,0.9262537137169794,1
v31,C++,ocr_only,6,300.0,360.0,reference,0.03821647695469943,0.01144665825809249,1.0,0.5949944834746181,0.7569966900847709,2
v31,C++,ocr_only,6,300.0,360.0,constructor,0.01894427074819072,0.01719077408281112,0.49440833209726176,0.7727567592408191,0.6614173883833961,3
v31,C++,ocr_only,6,300.0,360.0,variable,0.02862976852991275,0.007513458029046695,0.7484999978597059,0.4732743362675287,0.5833646009043996,4
v31,C++,ocr_only,6,300.0,360.0,class,0.021087919926166477,0.009546322987101882,0.5506453374342567,0.5361850978705912,0.5419691936960574,5
v31,C++,ocr_only,6,300.0,360.0,data type,0.015318827965682562,-0.0058292738743065085,0.3992975988655264,0.06035884840921375,0.19593434859173883,6
v31,C++,ocr_only,6,300.0,360.0,polymorphism,9.835232963906149e-05,6.380620179645379e-05,0.0,0.24273109812822663,0.14563865887693597,7
v31,C++,ocr_only,6,300.0,360.0,pointer,0.0016188970150963471,-0.0010776513653652931,0.039890333021725295,0.20740658500541495,0.14040008421193909,8
v31,C++,ocr_only,6,300.0,360.0,inheritance,0.0002489031639684217,-0.003779051527172737,0.003949586602442191,0.12380676648302343,0.07586389453079093,9
v31,C++,ocr_only,6,300.0,360.0,object,0.004115074309328961,-0.007779677663944981,0.10537564529208625,0.0,0.0421502581168345,10
v31,C++,ocr_only,7,360.0,420.0,template,0.031186583440687157,0.028958253649133365,0.8156490450580871,1.0,0.9262596180232349,1
v31,C++,ocr_only,7,360.0,420.0,reference,0.03821267552620069,0.020103006851885083,1.0,0.7850768134686729,0.8710460880812037,2
v31,C++,ocr_only,7,360.0,420.0,variable,0.02862802136201731,0.02545234519633307,0.7485173654927917,0.9149090890841008,0.8483523996475772,3
v31,C++,ocr_only,7,360.0,420.0,constructor,0.018947623527166814,0.022407583835763432,0.49452260377428237,0.8410105486115267,0.702415370676629,4
v31,C++,ocr_only,7,360.0,420.0,class,0.02109701612561207,0.015588639867328943,0.5509184740882281,0.6755098912012867,0.6256733243560633,5
v31,C++,ocr_only,7,360.0,420.0,data type,0.015320909792116127,0.009562989819752532,0.39936470771766114,0.5292630458225452,0.4773037105805916,6
v31,C++,ocr_only,7,360.0,420.0,pointer,0.0016201306872219512,0.005839221107946244,0.03988298150415653,0.438884510275037,0.2792838987666848,7
v31,C++,ocr_only,7,360.0,420.0,inheritance,0.0002573741889528811,0.005485211884111869,0.0041269084621906385,0.4302924526859015,0.2598262349964171,8
v31,C++,ocr_only,7,360.0,420.0,polymorphism,0.00010008702495108449,0.004794016671006172,0.0,0.41351664946808053,0.2481099896808483,9
v31,C++,ocr_only,7,360.0,420.0,object,0.004122315388548816,-0.012243661044968511,0.10553542862788902,0.0,0.04221417145115561,10
v31,C++,ocr_only,8,420.0,480.0,template,0.03118786808820601,0.025490234004099367,0.8156403699260864,1.0,0.9262561479704345,1
v31,C++,ocr_only,8,420.0,480.0,variable,0.028629032275582843,0.016309696704315913,0.7485071756104058,0.7368485066866183,0.7415119742561334,2
v31,C++,ocr_only,8,420.0,480.0,constructor,0.018945672859430503,0.018561858594260915,0.4944561551790826,0.8014046154599571,0.6786252313476073,3
v31,C++,ocr_only,8,420.0,480.0,reference,0.038214883987625264,0.00596462178609082,1.0,0.44031663450153885,0.6641899807009233,4
v31,C++,ocr_only,8,420.0,480.0,class,0.02109172484389677,0.012576627105558805,0.550759621065404,0.6298435670542845,0.5982099886587323,5
v31,C++,ocr_only,8,420.0,480.0,data type,0.01531969003389852,0.0068409136678323846,0.3993254678520926,0.4654347196123227,0.43899101890823067,6
v31,C++,ocr_only,8,420.0,480.0,pointer,0.0016194105328618546,0.007361840394208498,0.03988719464011879,0.48036659576253005,0.3041748353135655,7
v31,C++,ocr_only,8,420.0,480.0,inheritance,0.0002524494545188974,0.005243783939243452,0.004023829260573657,0.41965449353521855,0.2534022278253606,8
v31,C++,ocr_only,8,420.0,480.0,polymorphism,9.907795893028477e-05,0.004605274198502163,0.0,0.4013522105332015,0.24081132631992092,9
v31,C++,ocr_only,8,420.0,480.0,object,0.004118106365618783,-0.00939665637296015,0.10544256636375016,0.0,0.04217702654550007,10
v31,C++,ocr_only,9,480.0,540.0,variable,0.028625640057856554,0.09374736205742161,0.7485419667177304,1.0,0.8994167866870921,1
v31,C++,ocr_only,9,480.0,540.0,reference,0.038207443962117824,0.07400742268607016,1.0,0.8004919051106016,0.880295143066361,2
v31,C++,ocr_only,9,480.0,540.0,template,0.031183523455382764,0.06581186949815995,0.8156692357512015,0.7176608906720421,0.756864228703706,3
v31,C++,ocr_only,9,480.0,540.0,constructor,0.01895218189998954,0.052010613511971684,0.4946786245203614,0.578174024117557,0.5447758642786787,4
v31,C++,ocr_only,9,480.0,540.0,class,0.02110944228026599,0.03212188434233593,0.551292228589302,0.3771621369096391,0.4468141735815043,5
v31,C++,ocr_only,9,480.0,540.0,pointer,0.001621807851742559,0.05463757129266699,0.039872638323939766,0.6047242243143228,0.37878358991816957,6
v31,C++,ocr_only,9,480.0,540.0,data type,0.015323805571860447,0.019611332078694425,0.39945810189272507,0.2507201858388194,0.31021535226038166,7
v31,C++,ocr_only,9,480.0,540.0,inheritance,0.00026893855067298034,0.006104239239817537,0.0043689004960737795,0.1142063744696981,0.07027138488024838,8
v31,C++,ocr_only,9,480.0,540.0,object,0.0041321984776157665,-0.005195687758650824,0.10575354090342025,0.0,0.042301416361368104,9
v31,C++,ocr_only,9,480.0,540.0,polymorphism,0.00010246167465439881,0.001558019127784797,0.0,0.06825852749627433,0.04095511649776459,10
v31,C++,ocr_only,10,540.0,600.0,variable,0.028625181726107892,0.10768896146529477,0.7485455534268917,1.0,0.8994182213707567,1
v31,C++,ocr_only,10,540.0,600.0,reference,0.0382064988192932,0.07862629163051896,1.0,0.728467796950218,0.8370806781701308,2
v31,C++,ocr_only,10,540.0,600.0,template,0.03118298824068903,0.07744552027458179,0.8156732578238733,0.7174358632222282,0.7567308210628862,3
v31,C++,ocr_only,10,540.0,600.0,constructor,0.018953085132014786,0.056845419330190425,0.49470866726443,0.5249693477823666,0.512865075575192,4
v31,C++,ocr_only,10,540.0,600.0,class,0.021111817501795038,0.0392945136250136,0.5513629714757612,0.36099142976111226,0.4371400464469718,5
v31,C++,ocr_only,10,540.0,600.0,pointer,0.001622146240743213,0.07031767061710523,0.03987123676162072,0.650840442653319,0.4064527602966396,6
v31,C++,ocr_only,10,540.0,600.0,data type,0.01532429752134876,0.023512111135166092,0.39947387109842347,0.21353661773421453,0.2879115190798981,7
v31,C++,ocr_only,10,540.0,600.0,object,0.00413409686701797,0.0006568322800594256,0.10579548792727154,0.0,0.042318195170908623,8
v31,C++,ocr_only,10,540.0,600.0,inheritance,0.0002711584647131967,0.003544571050998959,0.00441558069213509,0.02698011142001915,0.017954299128865526,9
v31,C++,ocr_only,10,540.0,600.0,polymorphism,0.00010290898915821771,0.001162225896592687,0.0,0.004721886973383488,0.0028331321840300927,10
v31,C++,ocr_only,11,600.0,660.0,template,0.03118189431945916,0.04832497808316651,0.8156802694817336,1.0,0.9262721077926934,1
v31,C++,ocr_only,11,600.0,660.0,reference,0.03820464061114868,0.03598466718810639,1.0,0.8087746423343162,0.8852647854005897,2
v31,C++,ocr_only,11,600.0,660.0,variable,0.028624357484838374,0.04563647645763359,0.7485548913791973,0.9583390005892717,0.8744253569052419,3
v31,C++,ocr_only,11,600.0,660.0,constructor,0.018954710604240678,0.04228906696877431,0.49476433235705436,0.9064675702660001,0.7417862751024218,4
v31,C++,ocr_only,11,600.0,660.0,class,0.02111626272659068,0.027679632730381726,0.5514966544636086,0.6800798956533419,0.6286465991774486,5
v31,C++,ocr_only,11,600.0,660.0,data type,0.015325344952739683,0.01598320938905394,0.3995076235067653,0.49883221430440605,0.45910237798534975,6
v31,C++,ocr_only,11,600.0,660.0,pointer,0.0016227245891442487,0.013910934621546526,0.039867222457277425,0.46672026129382127,0.2959790457592037,7
v31,C++,ocr_only,11,600.0,660.0,polymorphism,0.00010374782043602989,0.009382332273230138,0.0,0.3965450759887967,0.23792704559327799,8
v31,C++,ocr_only,11,600.0,660.0,inheritance,0.0002752731974814587,0.0086147355894817,0.00450187290853298,0.3846504039954399,0.23259099156067714,9
v31,C++,ocr_only,11,600.0,660.0,object,0.004137610739775786,-0.016207838305308916,0.10587318626620312,0.0,0.04234927450648125,10
v31,C++,ocr_only,12,660.0,720.0,template,0.03114589251080595,0.02696003826144635,0.8156549148174752,1.0,0.9262619659269901,1
v31,C++,ocr_only,12,660.0,720.0,variable,0.02859096159565746,0.023473600867274416,0.748528644560486,0.8962536665398093,0.8371636577480799,2
v31,C++,ocr_only,12,660.0,720.0,reference,0.03816235499837392,0.015360170289299814,1.0,0.6548213449224057,0.7928928069534434,3
v31,C++,ocr_only,12,660.0,720.0,constructor,0.01892853245232579,0.023559983131572378,0.49466548678637684,0.898824153883676,0.7371606870447562,4
v31,C++,ocr_only,12,660.0,720.0,class,0.021073982076774946,0.02222047138357483,0.5510333636865473,0.8589641429986669,0.735791831273819,5
v31,C++,ocr_only,12,660.0,720.0,data type,0.015302486252144748,0.020273017197104573,0.3993975655465046,0.8010135164462647,0.6403671360863606,6
v31,C++,ocr_only,12,660.0,720.0,inheritance,0.00026097532739345906,0.007241892000989353,0.004208591386070653,0.41324476941022026,0.2496302982005604,7
v31,C++,ocr_only,12,660.0,720.0,polymorphism,0.00010078975175617748,0.007026220140147051,0.0,0.40682699611811163,0.24409619767086696,8
v31,C++,ocr_only,12,660.0,720.0,pointer,0.001618648127294919,0.0034058918396988186,0.03987903192377572,0.29909645498706233,0.1954094857617477,9
v31,C++,ocr_only,12,660.0,720.0,object,0.0041205657944397124,-0.006645365205749349,0.10561247328210557,0.0,0.042244989312842235,10
v31,C++,ocr_only,13,720.0,780.0,template,0.03118870702797662,0.017425653486922505,0.8156348607726804,0.9802252654452557,0.9143891035762256,1
v31,C++,ocr_only,13,720.0,780.0,variable,0.028629691021347246,0.016060703542562046,0.7485006148448575,0.9174456595795762,0.8498676416856887,2
v31,C++,ocr_only,13,720.0,780.0,constructor,0.01894440810187191,0.01785559442806175,0.49441304223407323,1.0,0.7977652168936293,3
v31,C++,ocr_only,13,720.0,780.0,class,0.02108829250831456,0.01574262902354107,0.5506565602933923,0.9028161172856948,0.7619522944887738,4
v31,C++,ocr_only,13,720.0,780.0,reference,0.03821631768818119,0.008258381919039269,1.0,0.5585851179268684,0.7351510707561211,5
v31,C++,ocr_only,13,720.0,780.0,data type,0.015318907827194365,0.016028430132726163,0.39930022292342665,0.9159612740474844,0.7092968535978612,6
v31,C++,ocr_only,13,720.0,780.0,polymorphism,9.842463281550942e-05,0.003256271123973084,0.0,0.32851767442229873,0.19711060465337923,7
v31,C++,ocr_only,13,720.0,780.0,inheritance,0.00024925402846853566,0.0029293359808950357,0.003956918485340959,0.31348059594855576,0.18967112496326982,8
v31,C++,ocr_only,13,720.0,780.0,pointer,0.001618948299577343,0.0013993127576172632,0.03989002394632083,0.24310859782541525,0.16182116827377746,9
v31,C++,ocr_only,13,720.0,780.0,object,0.004115374896154066,-0.0038863379325976694,0.10538227434302296,0.0,0.042152909737209185,10
v31,C++,ocr_only,14,780.0,840.0,variable,0.0286285010626763,0.023547251937918786,0.7485124847360679,0.9811006113101143,0.8880653606804958,1
v31,C++,ocr_only,14,780.0,840.0,template,0.031187196869497138,0.021249459052833125,0.8156449787834652,0.9042745603864921,0.8688227277452814,2
v31,C++,ocr_only,14,780.0,840.0,reference,0.03821372592143548,0.016340802293288107,1.0,0.7401550191418821,0.8440930114851293,3
v31,C++,ocr_only,14,780.0,840.0,constructor,0.01894669948617147,0.024112514376141224,0.4944910864244153,1.0,0.7977964345697661,4
v31,C++,ocr_only,14,780.0,840.0,class,0.021094504348954247,0.01841625218686796,0.5508430360314643,0.8095470954462909,0.7060654716803603,5
v31,C++,ocr_only,14,780.0,840.0,data type,0.015320329232948106,0.01700229962905185,0.39934602119657275,0.7622719942326684,0.6171016050182302,6
v31,C++,ocr_only,14,780.0,840.0,pointer,0.00161979133151075,0.0036625347912301403,0.039885050235289154,0.3162607547551692,0.20571047294721717,7
v31,C++,ocr_only,14,780.0,840.0,inheritance,0.0002550372496982032,0.0040814905174172906,0.004078001570415513,0.3302684201821588,0.19979225273746148,8
v31,C++,ocr_only,14,780.0,840.0,polymorphism,9.960781621009174e-05,0.004136387159241698,0.0,0.3321038737723027,0.1992623242633816,9
v31,C++,ocr_only,14,780.0,840.0,object,0.004120317629114552,-0.0057965185295075225,0.10549135104750666,0.0,0.04219654041900267,10
v31,C++,ocr_only,15,840.0,900.0,template,0.03118559730040749,0.019640135101392554,0.8156556053506538,1.0,0.9262622421402615,1
v31,C++,ocr_only,15,840.0,900.0,reference,0.038210986568130594,0.015008847712925008,1.0,0.795910369355591,0.8775462216133546,2
v31,C++,ocr_only,15,840.0,900.0,variable,0.02862726992374835,0.01687577607845839,0.7485257576521324,0.8781813857278561,0.8263191344975667,3
v31,C++,ocr_only,15,840.0,900.0,class,0.02110106421023668,0.0190751009565226,0.5510400691881516,0.9751003122338848,0.8054762150155915,4
v31,C++,ocr_only,15,840.0,900.0,constructor,0.018949107149582287,0.01908106753853077,0.4945732733224345,0.9753632450679148,0.7830472563697227,5
v31,C++,ocr_only,15,840.0,900.0,data type,0.01532186980486101,0.01935391788429443,0.3993955049339711,0.9873870996934709,0.752190461789671,6
v31,C++,ocr_only,15,840.0,900.0,polymorphism,0.0001008542742435572,0.0052211906837283445,0.0,0.36459200355150373,0.21875520213090224,7
v31,C++,ocr_only,15,840.0,900.0,inheritance,0.0002611243304430332,0.0031757241159483716,0.004205444761082178,0.27445324054724207,0.1663541222327781,8
v31,C++,ocr_only,15,840.0,900.0,object,0.004125518407628224,-0.0030522837826259326,0.10560614438040752,0.0,0.04224245775216301,9
v31,C++,ocr_only,15,840.0,900.0,pointer,0.0016206681312968402,-0.0027143693978509483,0.03987952194270039,0.014891069414066132,0.02488645042551984,10
v31,C++,ocr_only,16,900.0,960.0,data type,0.015318752974808975,0.00926901788376116,0.39929539467417613,1.0,0.7597181578696705,1
v31,C++,ocr_only,16,900.0,960.0,class,0.02108766363206278,0.0030299604579691252,0.5506378267712406,0.5904218054107434,0.5745082139549423,2
v31,C++,ocr_only,16,900.0,960.0,reference,0.038216569215154705,-0.001733403806050543,1.0,0.27771910013303297,0.5666314600798198,3
v31,C++,ocr_only,16,900.0,960.0,variable,0.028629799088211994,-1.6705514923076915e-05,0.7484992933383953,0.39041596101265363,0.5336492939429502,4
v31,C++,ocr_only,16,900.0,960.0,object,0.00411488092593466,0.0037041739716779268,0.10537140355656482,0.6346822016319682,0.4229578824018069,5
v31,C++,ocr_only,16,900.0,960.0,template,0.031188850489179392,-0.005963866845487777,0.8156338159361453,0.0,0.32625352637445815,6
v31,C++,ocr_only,16,900.0,960.0,polymorphism,9.830603332693984e-05,0.0018659287139271197,0.0,0.5140060926464417,0.30840365558786503,7
v31,C++,ocr_only,16,900.0,960.0,constructor,0.018944175795447545,-0.003441151237306864,0.49440525850362066,0.1656098403565676,0.2971280076153888,8
v31,C++,ocr_only,16,900.0,960.0,inheritance,0.0002486764832087489,-0.0005163904223485747,0.003944840014470955,0.35761292230350855,0.2161456893878935,9
v31,C++,ocr_only,16,900.0,960.0,pointer,0.0016188638936444082,-0.0038097662188761455,0.0398905336548064,0.14141120771927748,0.10080293809348906,10
v31,C++,ocr_only,17,960.0,1020.0,reference,0.03820698648964743,0.014232228820199274,1.0,1.0,1.0,1
v31,C++,ocr_only,17,960.0,1020.0,object,0.004133133943725074,0.011573872809772965,0.10577430840252838,0.8859806124846498,0.5738980908518012,2
v31,C++,ocr_only,17,960.0,1020.0,class,0.02111062782010513,0.004191156956572979,0.5513274252018967,0.5693289915278552,0.5621283649974718,3
v31,C++,ocr_only,17,960.0,1020.0,data type,0.015324046859002995,0.004484056208091473,0.39946583705443145,0.5818917156817535,0.5089213642308247,4
v31,C++,ocr_only,17,960.0,1020.0,template,0.03118325699085326,-0.0049570556828822734,0.8156709940507034,0.17695355425766063,0.4324405301748777,5
v31,C++,ocr_only,17,960.0,1020.0,variable,0.02862542753584304,-0.0039760340616539075,0.7485439555007692,0.21903049352127582,0.43083587831307324,6
v31,C++,ocr_only,17,960.0,1020.0,constructor,0.01895263133866914,-0.005401056839572808,0.49469350353201075,0.15790992739075227,0.2926233578472557,7
v31,C++,ocr_only,17,960.0,1020.0,inheritance,0.0002700329035208146,-0.003300253933688358,0.004392047775208539,0.24801533828378014,0.1505660220803515,8
v31,C++,ocr_only,17,960.0,1020.0,polymorphism,0.0001026769556059703,-0.005334159703182032,0.0,0.16077920843809548,0.09646752506285729,9
v31,C++,ocr_only,17,960.0,1020.0,pointer,0.001621959725980609,-0.009082718473903848,0.03987167826823757,0.0,0.01594867130729503,10
v31,C++,ocr_only,18,1020.0,1080.0,reference,0.03820816781819005,0.010535417252735895,1.0,0.9377649322557287,0.9626589593534371,1
v31,C++,ocr_only,18,1020.0,1080.0,object,0.004130872783425059,0.011767889662245914,0.1057243897778366,1.0,0.6422897559111346,2
v31,C++,ocr_only,18,1020.0,1080.0,class,0.02110776244375972,0.004410716141667486,0.5512415103468759,0.628491324490104,0.5975913988328128,3
v31,C++,ocr_only,18,1020.0,1080.0,data type,0.015323360472006714,0.0055136755203496176,0.39944396896976636,0.684186487417728,0.5702894800385434,4
v31,C++,ocr_only,18,1020.0,1080.0,variable,0.028625947651936153,-0.004311387074549817,0.7485379699968044,0.1880590029668875,0.4122505897788543,5
v31,C++,ocr_only,18,1020.0,1080.0,template,0.031183940039098954,-0.006274434483266382,0.8156662500037694,0.08893273650931899,0.37962614190709915,6
v31,C++,ocr_only,18,1020.0,1080.0,constructor,0.018951577471919237,-0.00803561428145258,0.4946576873210937,0.0,0.1978630749284375,7
v31,C++,ocr_only,18,1020.0,1080.0,inheritance,0.00026738485457453875,-0.002983282411721348,0.004336558917610919,0.25512312791186087,0.15480850031416088,8
v31,C++,ocr_only,18,1020.0,1080.0,polymorphism,0.0001021358016183074,-0.0060053442289827895,0.0,0.10252074876455515,0.06151244925873309,9
v31,C++,ocr_only,18,1020.0,1080.0,pointer,0.0016215766414088362,-0.007133004867039543,0.03987402412116136,0.045578268218551744,0.04329657057959559,10
v31,C++,ocr_only,19,1080.0,1140.0,reference,0.03820695530418416,0.007495433684572894,1.0,0.7082500179563845,0.8249500107738308,1
v31,C++,ocr_only,19,1080.0,1140.0,object,0.004133186789738579,0.012742209718877894,0.1057754771504196,1.0,0.6423101908601678,2
v31,C++,ocr_only,19,1080.0,1140.0,data type,0.015324026824967535,0.007280217475795878,0.39946543359143005,0.6962827975841686,0.5775558519870732,3
v31,C++,ocr_only,19,1080.0,1140.0,class,0.021110671289049695,0.0041389106262317114,0.551328864329955,0.5216086336858746,0.5334967259435067,4
v31,C++,ocr_only,19,1080.0,1140.0,variable,0.02862539231831994,-0.00304807051670204,0.7485435582050399,0.12197243696445845,0.37260088546069103,5
v31,C++,ocr_only,19,1080.0,1140.0,template,0.0311832295930825,-0.003972128128810377,0.8156708797862066,0.07058968497024555,0.36862216289662997,6
v31,C++,ocr_only,19,1080.0,1140.0,constructor,0.018952648323821715,-0.0041134238528342595,0.49469418197712667,0.06273285542820321,0.2355173860477726,7
v31,C++,ocr_only,19,1080.0,1140.0,pointer,0.0016219668935935417,-0.003682811783137412,0.03987157185011069,0.08667728583278037,0.0679550002397125,8
v31,C++,ocr_only,19,1080.0,1140.0,inheritance,0.0002700906660696566,-0.003929840820993748,0.004393228032733058,0.07294109490570103,0.045521948156513836,9
v31,C++,ocr_only,19,1080.0,1140.0,polymorphism,0.00010268993930195674,-0.005241599560399551,0.0,0.0,0.0,10
v31,C++,ocr_only,20,1140.0,1200.0,reference,0.0382076359533625,0.011376644479619256,1.0,1.0,1.0,1
v31,C++,ocr_only,20,1140.0,1200.0,variable,0.028625717785719425,0.003322968272869028,0.7485407680025687,0.48709777642795754,0.591674973057802,2
v31,C++,ocr_only,20,1140.0,1200.0,object,0.004131894424316732,0.009118277391160525,0.1057469240791367,0.856174811157475,0.5560036563261397,3
v31,C++,ocr_only,20,1140.0,1200.0,class,0.021109061250903737,0.0012624752676991338,0.5512804025554953,0.35587429327867337,0.43403673698940215,4
v31,C++,ocr_only,20,1140.0,1200.0,template,0.031183635586665138,-0.0026963204627850046,0.8156684593984745,0.10375649257407463,0.3885212793038346,5
v31,C++,ocr_only,20,1140.0,1200.0,data type,0.015323679706305294,0.0008390522689367866,0.39945405896079933,0.32890839695983154,0.3571266617602187,6
v31,C++,ocr_only,20,1140.0,1200.0,pointer,0.0016217516095129315,0.0006322806465847705,0.03987299639877813,0.3157400472331492,0.20539322689940076,7
v31,C++,ocr_only,20,1140.0,1200.0,constructor,0.018952055251989026,-0.004325522203655036,0.49467387947616465,0.0,0.19786955179046586,8
v31,C++,ocr_only,20,1140.0,1200.0,inheritance,0.00026858171200453665,-0.0029547914364746832,0.004361624120673882,0.08729564491506983,0.05412203659731145,9
v31,C++,ocr_only,20,1140.0,1200.0,polymorphism,0.00010238091249385392,-0.003973141538215981,0.0,0.02244153132155993,0.013464918792935958,10
v31,C++,ocr_only,21,1200.0,1260.0,reference,0.03820698129140494,0.007536105901887389,1.0,0.8289641147714037,0.8973784688628422,1
v31,C++,ocr_only,21,1200.0,1260.0,object,0.004133079726348094,0.01021252925330271,0.10577317286719094,1.0,0.6423092691468764,2
v31,C++,ocr_only,21,1200.0,1260.0,class,0.021110533573625082,0.0021963747620624007,0.551325163960961,0.4877304897173882,0.5131683594148173,3
v31,C++,ocr_only,21,1200.0,1260.0,template,0.03118324366847811,-0.0031184862512180873,0.815670811950568,0.1480861812814019,0.41512003354906835,4
v31,C++,ocr_only,21,1200.0,1260.0,data type,0.015324002190220835,0.0008842151740753593,0.39946490254632794,0.40387739653096294,0.40211239893710893,5
v31,C++,ocr_only,21,1200.0,1260.0,variable,0.028625404724568072,-0.004423198603043438,0.7485435357047786,0.06470900108114441,0.3382428149305981,6
v31,C++,ocr_only,21,1200.0,1260.0,constructor,0.018952591117888076,-0.005435785413751967,0.4946926696854066,0.0,0.19787706787416265,7
v31,C++,ocr_only,21,1200.0,1260.0,inheritance,0.00026997094764250274,-0.0034495895045175205,0.004390726261973765,0.126927145286521,0.07791257767670211,8
v31,C++,ocr_only,21,1200.0,1260.0,pointer,0.0016219509733264696,-0.004724629597640183,0.039871747019342096,0.04544616025705453,0.04321639496196956,9
v31,C++,ocr_only,21,1200.0,1260.0,polymorphism,0.00010266532684235158,-0.004707214905732878,0.0,0.04655903996824601,0.027935423980947605,10
v31,C++,ocr_only,22,1260.0,1320.0,data type,0.0153201207407173,0.005905333861181851,0.3993393349967846,1.0,0.7597357339987139,1
v31,C++,ocr_only,22,1260.0,1320.0,class,0.021093592154181037,0.0034886350883086524,0.5508156876612649,0.7472985569973665,0.6687054092629259,2
v31,C++,ocr_only,22,1260.0,1320.0,reference,0.03821410463713158,-0.0009310263460937652,1.0,0.2851578737674256,0.5710947242604554,3
v31,C++,ocr_only,22,1260.0,1320.0,object,0.00411959022857059,0.004671085588158107,0.10547531656054558,0.8709411685405059,0.5647548277485218,4
v31,C++,ocr_only,22,1260.0,1320.0,constructor,0.018946360215395048,-0.0003247255396763779,0.49447958774510564,0.3485555509604255,0.4069251656742976,5
v31,C++,ocr_only,22,1260.0,1320.0,variable,0.028628677139167755,-0.0023276500170323583,0.7485108192039556,0.13912030345069856,0.3828765097520014,6
v31,C++,ocr_only,22,1260.0,1320.0,template,0.031187412963676785,-0.0036581207204685333,0.8156433885667681,0.0,0.32625735542670725,7
v31,C++,ocr_only,22,1260.0,1320.0,polymorphism,9.943319232883212e-05,0.0007378766115793355,0.0,0.4596662528708577,0.27579975172251464,8
v31,C++,ocr_only,22,1260.0,1320.0,inheritance,0.00025418571210288933,-0.0030644962633810946,0.0040601824417709625,0.06207217820916296,0.038867379902206164,9
v31,C++,ocr_only,22,1260.0,1320.0,pointer,0.0016196618283013317,-0.0034218036360082163,0.03988565500752323,0.02471043098941923,0.03078052059666083,10
v31,C++,ocr_only,23,1320.0,1380.0,data type,0.01531947331010756,0.007279510114408797,0.39931851127166146,1.0,0.7597274045086646,1
v31,C++,ocr_only,23,1320.0,1380.0,class,0.02109081015354494,0.0029073414829547516,0.5507321379882627,0.6498373354082094,0.6101952564402308,2
v31,C++,ocr_only,23,1320.0,1380.0,constructor,0.01894533671446144,0.0006074405110832117,0.4944446740525604,0.46564053960896845,0.47716219338640525,3
v31,C++,ocr_only,23,1320.0,1380.0,object,0.0041173810195676355,0.0034935774208743344,0.10542656447714542,0.6967883922875319,0.4602436611633773,4
v31,C++,ocr_only,23,1320.0,1380.0,variable,0.02862920452851458,-0.0021172340709292806,0.7485053165252407,0.2474240451857602,0.4478565537215524,5
v31,C++,ocr_only,23,1320.0,1380.0,reference,0.038215267316530216,-0.0048969112430050366,1.0,0.02480244768454071,0.41488146861072445,6
v31,C++,ocr_only,23,1320.0,1380.0,template,0.031188089922005648,-0.005206597268144369,0.8156388296594101,0.0,0.3262555318637641,7
v31,C++,ocr_only,23,1320.0,1380.0,polymorphism,9.890375937488362e-05,0.0006390179097328715,0.0,0.46816954225824753,0.2809017253549485,8
v31,C++,ocr_only,23,1320.0,1380.0,pointer,0.0016192858775190724,-0.0026118191871938807,0.03988791102447069,0.20781321203245223,0.14064309162925961,9
v31,C++,ocr_only,23,1320.0,1380.0,inheritance,0.00025159980712621366,-0.00252583749050951,0.004006049725136107,0.21469940114247965,0.13042206057554223,10
v31,C++,ocr_only,24,1380.0,1440.0,reference,0.03821600728058785,0.04174390577682766,1.0,1.0,1.0,1
v31,C++,ocr_only,24,1380.0,1440.0,variable,0.028629539678262865,0.01237511180046932,0.7485018120090658,0.39601546168152874,0.5370100018125435,2
v31,C++,ocr_only,24,1380.0,1440.0,object,0.004115955590310745,0.03232453908409581,0.10539506664353213,0.8062858199849215,0.5259295186483658,3
v31,C++,ocr_only,24,1380.0,1440.0,class,0.02108901051386921,0.015586928667208295,0.5506782235917994,0.4620681477054224,0.4975121780599733,4
v31,C++,ocr_only,24,1380.0,1440.0,data type,0.015319063578235608,0.02035800222120419,0.39930534472620416,0.5601877592942874,0.4958347934670541,5
v31,C++,ocr_only,24,1380.0,1440.0,template,0.03118852157647504,0.002572511616908798,0.815635957473228,0.1944198854057573,0.4429063142327456,6
v31,C++,ocr_only,24,1380.0,1440.0,constructor,0.018944671314517735,-0.006881170053959005,0.49442210867580766,0.0,0.19776884347032309,7
v31,C++,ocr_only,24,1380.0,1440.0,inheritance,0.00024993125596340114,0.00047738557820233463,0.003971043202259061,0.15133252764003538,0.09238793386492486,8
v31,C++,ocr_only,24,1380.0,1440.0,pointer,0.0016190472089878585,-0.00513771148165305,0.039889401832253514,0.03585513323152691,0.03746884067181755,9
v31,C++,ocr_only,24,1380.0,1440.0,polymorphism,9.856524688797346e-05,-0.004264080550980432,0.0,0.05382180815688473,0.03229308489413084,10
v31,C++,ocr_only,25,1440.0,1500.0,reference,0.03821658513461472,0.04977726777043222,1.0,1.0,1.0,1
v31,C++,ocr_only,25,1440.0,1500.0,object,0.004114861346418929,0.04126002616550176,0.10537092339454816,0.8595818550294274,0.5578974823754758,2
v31,C++,ocr_only,25,1440.0,1500.0,variable,0.028629809015189762,0.013703912251669963,0.7484992629518302,0.4052823789950568,0.5425691325777662,3
v31,C++,ocr_only,25,1440.0,1500.0,data type,0.015318754900994408,0.02565902964896697,0.3992953304822972,0.6023785147747548,0.5211452410577717,4
v31,C++,ocr_only,25,1440.0,1500.0,class,0.021087640828985284,0.017664201390447137,0.5506370375131638,0.4705730540995748,0.5025986474650104,5
v31,C++,ocr_only,25,1440.0,1500.0,template,0.0311888619840964,6.934271684863598e-05,0.8156337928300488,0.18049822347179373,0.4345524512150958,6
v31,C++,ocr_only,25,1440.0,1500.0,constructor,0.018944167672844847,-0.01087900714842111,0.49440488273070476,0.0,0.19776195309228192,7
v31,C++,ocr_only,25,1440.0,1500.0,inheritance,0.00024865207755051346,-2.4228976889108285e-05,0.003944284387858079,0.17895556867040796,0.10895105495738801,8
v31,C++,ocr_only,25,1440.0,1500.0,pointer,0.0016188622418168799,-0.005324926735362074,0.039890556829292295,0.09156646069164896,0.07089609914670629,9
v31,C++,ocr_only,25,1440.0,1500.0,polymorphism,9.83027313754515e-05,-0.007185626073291931,0.0,0.06089033789282687,0.036534202735696124,10
v31,C++,ocr_only,26,1500.0,1560.0,reference,0.03821701084276289,0.04733788517277596,1.0,1.0,1.0,1
v31,C++,ocr_only,26,1500.0,1560.0,object,0.004114052212490848,0.03962156523000626,0.1053531011084477,0.8618612418856743,0.5592579855747836,2
v31,C++,ocr_only,26,1500.0,1560.0,data type,0.015318518322715724,0.027575169851215407,0.3992877408540496,0.6462048007683534,0.5474379768026318,3
v31,C++,ocr_only,26,1500.0,1560.0,variable,0.028630003963609936,0.01395016573555716,0.748497305847456,0.4022878608541136,0.5407716388514505,4
v31,C++,ocr_only,26,1500.0,1560.0,class,0.021086625417997776,0.019335817025594722,0.5506065510844241,0.49870262674775867,0.5194641964824248,5
v31,C++,ocr_only,26,1500.0,1560.0,template,0.031189111372356342,0.001289524729665952,0.8156321703613243,0.1756350991158076,0.4316339276140143,6
v31,C++,ocr_only,26,1500.0,1560.0,constructor,0.018943795101867233,-0.008521310668434322,0.4943921763153309,0.0,0.19775687052613236,7
v31,C++,ocr_only,26,1500.0,1560.0,inheritance,0.0002477067513227179,0.0011945929848925555,0.00392454136445391,0.17393561627607504,0.10593118631142658,8
v31,C++,ocr_only,26,1500.0,1560.0,pointer,0.0016187246954704575,-0.005140741883609863,0.039891419351622326,0.060519467455892643,0.05226824821418452,9
v31,C++,ocr_only,26,1500.0,1560.0,polymorphism,9.810753853766718e-05,-0.00700396504766738,0.0,0.027163756977101286,0.016298254186260772,10
v31,C++,ocr_only,27,1560.0,1620.0,reference,0.03821761729859911,0.047636515020680496,1.0,1.0,1.0,1
v31,C++,ocr_only,27,1560.0,1620.0,object,0.004112923977209767,0.03958046676486252,0.10532820322740413,0.8611292585098321,0.558808836396861,2
v31,C++,ocr_only,27,1560.0,1620.0,data type,0.01531819372566489,0.02784186330512456,0.3992771540272221,0.6587783645295746,0.5549778803286336,3
v31,C++,ocr_only,27,1560.0,1620.0,variable,0.02863028513825558,0.013656993399199407,0.7484945661490318,0.4142585529265615,0.5479529582155496,4
v31,C++,ocr_only,27,1560.0,1620.0,class,0.021085213489552092,0.018465330445748315,0.5505639545141248,0.497145014102692,0.5185125902672651,5
v31,C++,ocr_only,27,1560.0,1620.0,template,0.031189467052251185,-0.00016657514624565862,0.815629838696004,0.175966880261897,0.43183206363553983,6
v31,C++,ocr_only,27,1560.0,1620.0,constructor,0.018943278111302517,-0.010374612228815368,0.4943743516529996,0.0,0.19774974066119985,7
v31,C++,ocr_only,27,1560.0,1620.0,inheritance,0.00024638565446953055,0.0006744806916279371,0.0038969205620779028,0.19046506152040554,0.11583780513707448,8
v31,C++,ocr_only,27,1560.0,1620.0,pointer,0.0016185312741561636,-0.00595035381694539,0.03989255246617023,0.07626568594059557,0.06171643255082544,9
v31,C++,ocr_only,27,1560.0,1620.0,polymorphism,9.783589449395827e-05,-0.0074846804764537945,0.0,0.04981685220375868,0.029890111322255206,10
v31,C++,ocr_only,28,1620.0,1680.0,reference,0.038212836535594166,0.017631500490829496,1.0,1.0,1.0,1
v31,C++,ocr_only,28,1620.0,1680.0,object,0.004122018327332201,0.015247142406248965,0.1055288720353599,0.9151453030710139,0.5912987306567523,2
v31,C++,ocr_only,28,1620.0,1680.0,class,0.021096644804753817,0.006793758926982232,0.5509072492653337,0.6143057195384638,0.5889463314292118,3
v31,C++,ocr_only,28,1620.0,1680.0,data type,0.015320823530066804,0.007560548320540557,0.39936188772750486,0.6415942723860951,0.544701318522659,4
v31,C++,ocr_only,28,1620.0,1680.0,variable,0.028628096281681323,-8.353896265472718e-05,0.7485166424052632,0.36955597666661494,0.5211402429620742,5
v31,C++,ocr_only,28,1620.0,1680.0,template,0.031186676451898716,-0.005131686923514612,0.8156483867025495,0.18990214528884883,0.44020064185432906,6
v31,C++,ocr_only,28,1620.0,1680.0,inheritance,0.000257025746349704,0.0009738384116171304,0.004119623000423543,0.4071859942439413,0.2459594457465342,7
v31,C++,ocr_only,28,1620.0,1680.0,constructor,0.01894748722315287,-0.009039085311763808,0.4945178896892568,0.05084538692697556,0.22831438803188808,8
v31,C++,ocr_only,28,1620.0,1680.0,polymorphism,0.00010001529134084699,-0.0020889176154868924,0.0,0.29818842541062646,0.17891305524637588,9
v31,C++,ocr_only,28,1620.0,1680.0,pointer,0.0016200779668536782,-0.010467805391742628,0.03988323681868677,0.0,0.01595329472747471,10
v31,C++,ocr_only,29,1680.0,1740.0,template,0.031185229262605883,0.008236806661431326,0.8156581400734116,1.0,0.9262632560293647,1
v31,C++,ocr_only,29,1680.0,1740.0,constructor,0.018949667927022303,0.004507824139705381,0.49459232569280714,0.8772165053326281,0.7241668334766997,2
v31,C++,ocr_only,29,1680.0,1740.0,class,0.02110256598990811,0.00039965971087611835,0.5510851951967701,0.741947760493787,0.6656027343749802,3
v31,C++,ocr_only,29,1680.0,1740.0,variable,0.028626950699883563,-0.006736385873937053,0.7485279310355842,0.5069805516361036,0.6035995033958959,4
v31,C++,ocr_only,29,1680.0,1740.0,inheritance,0.000262546702053801,0.005333594473762336,0.004235109544911633,0.9044064872693703,0.5443379361795868,5
v31,C++,ocr_only,29,1680.0,1740.0,polymorphism,0.00010115006535596354,0.0002208770536960312,0.0,0.736061018116585,0.441636610869951,6
v31,C++,ocr_only,29,1680.0,1740.0,pointer,0.00162089016048816,-0.0016435082610763276,0.03987856199710706,0.6746727592495722,0.4207550803485861,7
v31,C++,ocr_only,29,1680.0,1740.0,reference,0.03821035007217777,-0.02213358254949632,1.0,0.0,0.4,8
v31,C++,ocr_only,29,1680.0,1740.0,data type,0.015322188173726931,-0.01012350487999519,0.3994058680225851,0.3954535315991194,0.3970344661685057,9
v31,C++,ocr_only,29,1680.0,1740.0,object,0.0041267380210737795,-0.01571263493633768,0.1056329693354153,0.21142131464183875,0.16910597651926937,10
v31,C++,ocr_only,30,1740.0,1800.0,template,0.03118790255492736,0.009968485743805378,0.8156399638605536,1.0,0.9262559855442214,1
v31,C++,ocr_only,30,1740.0,1800.0,variable,0.02862905742133684,0.004223877813130569,0.7485067103910947,0.8206526026526838,0.7917942457480481,2
v31,C++,ocr_only,30,1740.0,1800.0,constructor,0.018945598397056736,0.008734828946499814,0.49445377822871184,0.9614850763556656,0.774672557104884,3
v31,C++,ocr_only,30,1740.0,1800.0,class,0.021091528960894612,-0.002042784158116945,0.5507539030697335,0.6250066111138632,0.5953055278962114,4
v31,C++,ocr_only,30,1740.0,1800.0,pointer,0.001619382036823099,0.005247542717847278,0.039887278947795465,0.8526115524421717,0.5275218430444212,5
v31,C++,ocr_only,30,1740.0,1800.0,polymorphism,9.904205100419623e-05,0.004655080589781268,0.0,0.8341148087169633,0.500468885230178,6
v31,C++,ocr_only,30,1740.0,1800.0,inheritance,0.00025227422936333315,0.004046522130604312,0.00402016305497426,0.8151155354672989,0.490677386502369,7
v31,C++,ocr_only,30,1740.0,1800.0,reference,0.038214953337124415,-0.021015187344473264,1.0,0.0326857471037004,0.41961144826222024,8
v31,C++,ocr_only,30,1740.0,1800.0,data type,0.015319634891826202,-0.008365850875028889,0.39932386048879626,0.4275996561716162,0.4162893378984882,9
v31,C++,ocr_only,30,1740.0,1800.0,object,0.004117956931649777,-0.022062132016150475,0.10543929674086147,0.0,0.042175718696344594,10
v31,C++,ocr_only,31,1800.0,1860.0,template,0.031188725789915245,0.010297389887879685,0.8156347486689646,0.9882440994419899,0.9192003591327798,1
v31,C++,ocr_only,31,1800.0,1860.0,constructor,0.018944387072265985,0.01073436271915361,0.49441224595320304,1.0,0.7977648983812812,2
v31,C++,ocr_only,31,1800.0,1860.0,variable,0.02862970614234914,0.0023090383633824763,0.7485004824055591,0.7733331040131969,0.7634000553701418,3
v31,C++,ocr_only,31,1800.0,1860.0,class,0.021088232690853866,-0.001309338773779963,0.5506546834517984,0.6759877343208797,0.6258545139732472,4
v31,C++,ocr_only,31,1800.0,1860.0,pointer,0.0016189398497525084,0.008505816498170182,0.03989006669793313,0.9400453165785331,0.5799832166262932,5
v31,C++,ocr_only,31,1800.0,1860.0,inheritance,0.0002491961046112296,0.004025384177075469,0.003955703557576122,0.8195080358736246,0.49328710294720524,6
v31,C++,ocr_only,31,1800.0,1860.0,polymorphism,9.84128505861197e-05,0.0030247654404138642,0.0,0.7925883431083288,0.47555300586499727,7
v31,C++,ocr_only,31,1800.0,1860.0,data type,0.01531889471952634,-0.009171927657314305,0.3992997409842562,0.46446013711563744,0.43839597866308494,8
v31,C++,ocr_only,31,1800.0,1860.0,reference,0.038216348593350206,-0.026436148303601414,1.0,0.0,0.4,9
v31,C++,ocr_only,31,1800.0,1860.0,object,0.004115326061424323,-0.019803115931173395,0.10538118427886621,0.17844878076514506,0.1492217421706335,10
v31,C++,ocr_only,32,1860.0,1920.0,template,0.031189244968470885,0.00788767983916322,0.8156314399016695,0.9239906079776609,0.8806469407472644,1
v31,C++,ocr_only,32,1860.0,1920.0,variable,0.028630124513188082,0.0036567140346458263,0.7484967942957517,0.7961638046186881,0.7770970004895135,2
v31,C++,ocr_only,32,1860.0,1920.0,constructor,0.01894361226839616,0.005211268318555319,0.4943858299724151,0.8431303162714132,0.703632521751814,3
v31,C++,ocr_only,32,1860.0,1920.0,pointer,0.0016186528966799626,0.01040353042775654,0.039891784896854285,1.0,0.6159567139587417,4
v31,C++,ocr_only,32,1860.0,1920.0,class,0.021086134047493064,-0.002534189577241233,0.5505916408578335,0.6091229597680623,0.5857104322039708,5
v31,C++,ocr_only,32,1860.0,1920.0,inheritance,0.00024723147630861765,0.0030438111218619793,0.003914622961028066,0.7776466565890555,0.4681538431378445,6
v31,C++,ocr_only,32,1860.0,1920.0,polymorphism,9.800909487098354e-05,0.003106082728978947,0.0,0.7795280191066369,0.46771681146398214,7
v31,C++,ocr_only,32,1860.0,1920.0,data type,0.015318431062203245,-0.00608153770546524,0.3992846966777338,0.5019497533223457,0.46088373066450095,8
v31,C++,ocr_only,32,1860.0,1920.0,reference,0.038217231028429825,-0.02269567641570712,1.0,0.0,0.4,9
v31,C++,ocr_only,32,1860.0,1920.0,object,0.004113644017318455,-0.014222582087282692,0.10534409462624014,0.25599085707691727,0.19573215209664643,10
v31,C++,ocr_only,33,1920.0,1980.0,template,0.031068881813164244,0.04503823750029604,0.8238649354382107,0.8952956172923909,0.8667233445507189,1
v31,C++,ocr_only,33,1920.0,1980.0,constructor,0.01939645169537698,0.06295242989797982,0.511227404549392,1.0,0.8044909618197568,2
v31,C++,ocr_only,33,1920.0,1980.0,variable,0.029085874592880572,0.0038339286183361283,0.7707515327595822,0.6544657975268577,0.7009800916199476,3
v31,C++,ocr_only,33,1920.0,1980.0,class,0.022740575718692306,-0.012372941652202202,0.6007973284714108,0.5597403245818188,0.5761631261376556,4
v31,C++,ocr_only,33,1920.0,1980.0,pointer,0.001760115772827725,0.02686237168518023,0.038851004681356584,0.7890618129376886,0.4889774896351558,5
v31,C++,ocr_only,33,1920.0,1980.0,polymorphism,0.0003096001042203284,0.024593555246759734,0.0,0.7758010965521478,0.4654806579312887,6
v31,C++,ocr_only,33,1920.0,1980.0,data type,0.016835968379503043,-0.02980460266384352,0.44264672566085617,0.4578562281472964,0.45177242715272026,7
v31,C++,ocr_only,33,1920.0,1980.0,inheritance,0.0012652338166243792,0.00517336005341907,0.02559595227945173,0.6622944698150742,0.4076150628008252,8
v31,C++,ocr_only,33,1920.0,1980.0,reference,0.03764494523889725,-0.10814062212554268,1.0,0.0,0.4,9
v31,C++,ocr_only,33,1920.0,1980.0,object,0.0048694961069641425,-0.1031225674302074,0.12213349002922703,0.029329389101349267,0.06645102947250037,10
v31,C++,ocr_only,34,1980.0,2040.0,reference,0.03819519090598663,0.048764390014183194,1.0,1.0,1.0,1
v31,C++,ocr_only,34,1980.0,2040.0,template,0.031176370696797545,0.0404220697497396,0.8157167836909699,0.8516115615101031,0.8372536503824499,2
v31,C++,ocr_only,34,1980.0,2040.0,constructor,0.018963018479105018,0.03750903012917291,0.4950481012755473,0.7997960729106703,0.6778968842566211,3
v31,C++,ocr_only,34,1980.0,2040.0,variable,0.028620026511899623,0.025210129806926152,0.7485984768608392,0.5810302432481946,0.6480575366932525,4
v31,C++,ocr_only,34,1980.0,2040.0,class,0.021138835784767097,0.024661057436557637,0.5521754530580175,0.5712636568460645,0.5636283753308458,5
v31,C++,ocr_only,34,1980.0,2040.0,data type,0.015330531647269543,0.012798099823133121,0.39967504189806835,0.3602521276398903,0.3760212933431615,6
v31,C++,ocr_only,34,1980.0,2040.0,object,0.004155574430354731,0.0028260596082724607,0.10627002557456346,0.18287515946611763,0.15223310590949596,7
v31,C++,ocr_only,34,1980.0,2040.0,pointer,0.0016257743976874118,-0.0008368979598709945,0.0398486509355221,0.11772055780113229,0.08657179505488821,8
v31,C++,ocr_only,34,1980.0,2040.0,polymorphism,0.00010805334800623753,-0.007243531760518731,0.0,0.003763006961633561,0.0022578041769801367,9
v31,C++,ocr_only,34,1980.0,2040.0,inheritance,0.00029628802298699465,-0.0074550860402911095,0.004942211125585528,0.0,0.0019768844502342114,10
v31,C++,ocr_only,35,2040.0,2100.0,reference,0.03819392828901768,0.030986440151852864,1.0,0.9933075447931144,0.9959845268758687,1
v31,C++,ocr_only,35,2040.0,2100.0,template,0.03117565171777429,0.03128696204927286,0.8157221425632853,1.0,0.9262888570253142,2
v31,C++,ocr_only,35,2040.0,2100.0,constructor,0.01896414399850982,0.029627211485186624,0.49508637739575734,0.9630382797389748,0.7758575188016877,3
v31,C++,ocr_only,35,2040.0,2100.0,variable,0.028619497664867335,0.016355546098249074,0.7486055809165253,0.6674856864491617,0.6999336442361072,4
v31,C++,ocr_only,35,2040.0,2100.0,class,0.021141911794819036,0.01639884561532426,0.5522677066615317,0.668449942568244,0.6219770482055591,5
v31,C++,ocr_only,35,2040.0,2100.0,data type,0.015331318370734686,-0.0001992900351452697,0.399699808295505,0.2988187099950766,0.33917114931524794,6
v31,C++,ocr_only,35,2040.0,2100.0,polymorphism,0.00010863324127365167,0.001260925121204023,0.0,0.331336887905506,0.19880213274330358,7
v31,C++,ocr_only,35,2040.0,2100.0,inheritance,0.00029911173548059214,-0.003889159751136446,0.005001365854410609,0.21664736738903878,0.1319889667751875,8
v31,C++,ocr_only,35,2040.0,2100.0,pointer,0.0016261872360449547,-0.005034945620175073,0.03984619241806806,0.19113135450926183,0.13061728967278433,9
v31,C++,ocr_only,35,2040.0,2100.0,object,0.004157982521635057,-0.013617619024470628,0.1063231694879903,0.0,0.04252926779519612,10
v31,C++,ocr_only,36,2100.0,2160.0,reference,0.03810615803584904,0.030801089917368643,1.0,0.9088194380205488,0.9452916628123292,1
v31,C++,ocr_only,36,2100.0,2160.0,template,0.03112440164329229,0.035612797909541534,0.8160640481629303,1.0,0.9264256192651721,2
v31,C++,ocr_only,36,2100.0,2160.0,constructor,0.019041445329663245,0.029763101731313763,0.4977358302201668,0.8891498432973296,0.7325842380664644,3
v31,C++,ocr_only,36,2100.0,2160.0,variable,0.028579386797384,0.018093549312194007,0.7490150562186287,0.6680149886147825,0.7004150156563209,4
v31,C++,ocr_only,36,2100.0,2160.0,class,0.02135187997504301,0.017428596113789958,0.5586047537060008,0.6554143057763513,0.6166904849482111,5
v31,C++,ocr_only,36,2100.0,2160.0,data type,0.015379644791164396,0.00411126534055511,0.4012648665233617,0.40305449800226356,0.40233864541070286,6
v31,C++,ocr_only,36,2100.0,2160.0,polymorphism,0.00014861725697407256,0.0029012580924346046,0.0,0.3801251886879188,0.22807511321275126,7
v31,C++,ocr_only,36,2100.0,2160.0,inheritance,0.0004944724650144914,-0.002529263529478401,0.009111633708180125,0.2772182761876066,0.169975619195836,8
v31,C++,ocr_only,36,2100.0,2160.0,pointer,0.0016545234073221714,-0.0053699715125900445,0.03967343825357098,0.22338763003431308,0.14990195332201625,9
v31,C++,ocr_only,36,2100.0,2160.0,object,0.004324943539329472,-0.017158405598255183,0.11002626083404507,0.0,0.04401050433361803,10
v32,C++,ocr_only,1,0.0,60.0,data type,0.05208864311567187,0.7121757483986846,0.3536829681147939,0.9646663083748083,0.7202729722708026,1
v32,C++,ocr_only,1,0.0,60.0,variable,0.02652294378951933,0.7411343819834635,0.13590371841950105,1.0,0.6543614873678004,2
v32,C++,ocr_only,1,0.0,60.0,class,0.12796155997835526,0.22519049099306207,1.0,0.37047436002856016,0.6222846160171361,3
v32,C++,ocr_only,1,0.0,60.0,inheritance,0.08840475161740347,-0.037469738512482725,0.6630386700833889,0.04999116028155605,0.2952101642022892,4
v32,C++,ocr_only,1,0.0,60.0,pointer,0.01557608197542741,0.2431085092287,0.0426538009430693,0.39233691542224297,0.2524636696305735,5
v32,C++,ocr_only,1,0.0,60.0,object,0.07832368413050633,-0.07844127662483188,0.5771639484332666,0.0,0.23086557937330665,6
v32,C++,ocr_only,1,0.0,60.0,constructor,0.06090450905585891,-0.06800637750468617,0.4287801772845911,0.01273207544726865,0.17915131618219765,7
v32,C++,ocr_only,1,0.0,60.0,reference,0.010568836098908801,0.09529510220265254,0.0,0.2119833318653004,0.12718999911918025,8
v32,C++,ocr_only,1,0.0,60.0,template,0.021569585447036216,0.041358421475903163,0.09370895388222153,0.1461728357137454,0.12518728298113585,9
v32,C++,ocr_only,1,0.0,60.0,polymorphism,0.016802616465817974,-0.057807705770074776,0.053101931371068604,0.025175919560366827,0.03634632428464754,10
v32,C++,ocr_only,2,60.0,120.0,variable,0.04743547265369201,0.8476191295688579,0.30849172299426153,1.0,0.7233966891977046,1
v32,C++,ocr_only,2,60.0,120.0,pointer,0.014971500610301239,0.5883409263629844,0.0045848418748276635,0.7010063148710107,0.42243772567253746,2
v32,C++,ocr_only,2,60.0,120.0,class,0.12130384078605172,0.006831480192677333,1.0,0.03042294111273762,0.4182537646676426,3
v32,C++,ocr_only,2,60.0,120.0,data type,0.08421826738490652,0.17719345043597262,0.6528286516571713,0.22688046302958262,0.3972597384806181,4
v32,C++,ocr_only,2,60.0,120.0,reference,0.01550161229708676,0.3359429049612124,0.009547407427823465,0.40994669780686493,0.24978698165524832,5
v32,C++,ocr_only,2,60.0,120.0,inheritance,0.06934287456896038,0.008146690845998896,0.5135747664554994,0.03193961191304118,0.22459367373002445,6
v32,C++,ocr_only,2,60.0,120.0,object,0.059589065959321126,0.007250657029919561,0.42226586717387776,0.030906326240133973,0.1874501426136315,7
v32,C++,ocr_only,2,60.0,120.0,constructor,0.054001377570117956,-0.009425238203271975,0.36995751289238976,0.011676065821220613,0.15498864464968828,8
v32,C++,ocr_only,2,60.0,120.0,template,0.03133426765570717,-0.019550366315370927,0.15776257048445896,0.0,0.0631050281937836,9
v32,C++,ocr_only,2,60.0,120.0,polymorphism,0.014481738161028896,0.015808052359784733,0.0,0.040774518526048534,0.02446471111562912,10
v32,C++,ocr_only,3,120.0,180.0,variable,0.04743547265369201,0.8476191295688579,0.30849172299426153,1.0,0.7233966891977046,1
v32,C++,ocr_only,3,120.0,180.0,pointer,0.014971500610301239,0.5883409263629844,0.0045848418748276635,0.7010063148710107,0.42243772567253746,2
v32,C++,ocr_only,3,120.0,180.0,class,0.12130384078605172,0.006831480192677333,1.0,0.03042294111273762,0.4182537646676426,3
v32,C++,ocr_only,3,120.0,180.0,data type,0.08421826738490652,0.17719345043597262,0.6528286516571713,0.22688046302958262,0.3972597384806181,4
v32,C++,ocr_only,3,120.0,180.0,reference,0.01550161229708676,0.3359429049612124,0.009547407427823465,0.40994669780686493,0.24978698165524832,5
v32,C++,ocr_only,3,120.0,180.0,inheritance,0.06934287456896038,0.008146690845998896,0.5135747664554994,0.03193961191304118,0.22459367373002445,6
v32,C++,ocr_only,3,120.0,180.0,object,0.059589065959321126,0.007250657029919561,0.42226586717387776,0.030906326240133973,0.1874501426136315,7
v32,C++,ocr_only,3,120.0,180.0,constructor,0.054001377570117956,-0.009425238203271975,0.36995751289238976,0.011676065821220613,0.15498864464968828,8
v32,C++,ocr_only,3,120.0,180.0,template,0.03133426765570717,-0.019550366315370927,0.15776257048445896,0.0,0.0631050281937836,9
v32,C++,ocr_only,3,120.0,180.0,polymorphism,0.014481738161028896,0.015808052359784733,0.0,0.040774518526048534,0.02446471111562912,10
v32,C++,ocr_only,4,180.0,240.0,constructor,0.03230500970084764,0.13911358830395035,0.3777367113835306,1.0,0.7510946845534122,1
v32,C++,ocr_only,4,180.0,240.0,class,0.0748657111208607,-0.0042438055475523,1.0,0.27323208692154,0.5639392521529241,2
v32,C++,ocr_only,4,180.0,240.0,object,0.031123664020410634,0.03226111951321237,0.36046472047231115,0.45829828749002516,0.41916486068293957,3
v32,C++,ocr_only,4,180.0,240.0,data type,0.06244465171802062,-0.041925093137454565,0.8183965720903897,0.0822021720488549,0.37667993206546885,4
v32,C++,ocr_only,4,180.0,240.0,polymorphism,0.0076996804369487285,0.044782791522110996,0.017991862393678313,0.5217784414581341,0.32026380983235175,5
v32,C++,ocr_only,4,180.0,240.0,reference,0.011542782806305519,0.025156678803643622,0.0741803517525778,0.4222814528548243,0.2830410124139257,6
v32,C++,ocr_only,4,180.0,240.0,template,0.020966328311299527,-0.006214553272945159,0.21195830701924456,0.263241139310763,0.2427280063941556,7
v32,C++,ocr_only,4,180.0,240.0,inheritance,0.03689615195876469,-0.040527951388931165,0.4448619979647833,0.0892851537184362,0.23151589141697504,8
v32,C++,ocr_only,4,180.0,240.0,variable,0.03758956073348361,-0.058139745630766376,0.4550000551423189,0.0,0.18200002205692756,9
v32,C++,ocr_only,4,180.0,240.0,pointer,0.0064690979852186055,-0.0422694124088947,0.0,0.08045660321829666,0.04827396193097799,10
v32,C++,ocr_only,5,240.0,300.0,data type,0.09658915870151032,0.2767655576201753,0.8588182142520733,1.0,0.9435272857008293,1
v32,C++,ocr_only,5,240.0,300.0,class,0.1109442137221827,0.08376731747276833,1.0,0.33431972587769954,0.6005918355266198,2
v32,C++,ocr_only,5,240.0,300.0,variable,0.05817796399545219,0.0786002868653772,0.48104459697905594,0.3164978517067259,0.3823165498156579,3
v32,C++,ocr_only,5,240.0,300.0,inheritance,0.05280843195870987,0.003507674950240315,0.42823531686927657,0.05749201597450069,0.20578933633241103,4
v32,C++,ocr_only,5,240.0,300.0,object,0.04400226374270735,0.0197495412800361,0.34162676311998996,0.11351268239310837,0.20475831468386102,5
v32,C++,ocr_only,5,240.0,300.0,constructor,0.04582295853938962,-0.013160774359355245,0.3595332735671733,0.0,0.14381330942686932,6
v32,C++,ocr_only,5,240.0,300.0,template,0.03173639283667674,-0.003931598780954115,0.22099207688763947,0.03183282979295834,0.1074965286308308,7
v32,C++,ocr_only,5,240.0,300.0,reference,0.01704740062509405,0.0020048779625450224,0.07652602306324291,0.052308640675559605,0.06199559363063292,8
v32,C++,ocr_only,5,240.0,300.0,polymorphism,0.011027849595037546,0.007173809198962943,0.017323814322120146,0.07013707040502225,0.0490117679718614,9
v32,C++,ocr_only,5,240.0,300.0,pointer,0.009266402065212695,-0.0044456413123422035,0.0,0.030059818946105078,0.018035891367663048,10
v32,C++,ocr_only,6,300.0,360.0,data type,0.10329322949403072,0.32100933784099456,0.8641251167596707,1.0,0.9456500467038683,1
v32,C++,ocr_only,6,300.0,360.0,class,0.11799238829328776,0.09508029923644247,1.0,0.3855658237760742,0.6313394942656445,2
v32,C++,ocr_only,6,300.0,360.0,variable,0.062220492741728244,0.1013637434964751,0.4844603082631494,0.4026542110042413,0.43537664990780456,3
v32,C++,ocr_only,6,300.0,360.0,inheritance,0.055903048265350724,0.013251419473604205,0.4260636311248328,0.163024885085986,0.26824038350152474,4
v32,C++,ocr_only,6,300.0,360.0,object,0.046502699023446836,0.014975526669262785,0.33916945077714056,0.1677137484168322,0.23629602936095553,5
v32,C++,ocr_only,6,300.0,360.0,template,0.03384608583668825,-0.003028212793489818,0.22217528380101695,0.1187509727857244,0.1601206971918414,6
v32,C++,ocr_only,6,300.0,360.0,constructor,0.04845837371380046,-0.04669325317212968,0.3572471567082648,0.0,0.14289886268330593,7
v32,C++,ocr_only,6,300.0,360.0,reference,0.018122590187298858,-0.0038135552054798143,0.07683171927005933,0.11661516403380301,0.10070178612830553,8
v32,C++,ocr_only,6,300.0,360.0,pointer,0.009810813827771277,0.004563308278279375,0.0,0.13939679160046925,0.08363807496028154,9
v32,C++,ocr_only,6,300.0,360.0,polymorphism,0.011675528941954658,-0.00202868436840998,0.017236901231990943,0.12146927950835547,0.07977632819780965,10
v32,C++,ocr_only,7,360.0,420.0,data type,0.10425634621489147,0.34858095315468945,0.8692283821494763,1.0,0.9476913528597906,1
v32,C++,ocr_only,7,360.0,420.0,class,0.11846522101920554,0.09143204502281752,1.0,0.27571628120690095,0.5654297687241405,2
v32,C++,ocr_only,7,360.0,420.0,variable,0.06280801091571875,0.12440077126823233,0.4877579322417824,0.3685757524851345,0.41624862438779364,3
v32,C++,ocr_only,7,360.0,420.0,inheritance,0.05589404968192058,0.001673495123128704,0.4241251739304013,0.022903011311609035,0.18339187635912596,4
v32,C++,ocr_only,7,360.0,420.0,constructor,0.04855233663930575,0.015066342557529507,0.3565555946639606,0.060625206655491,0.17899736185887882,5
v32,C++,ocr_only,7,360.0,420.0,object,0.04642765036306908,0.007519690607096174,0.3370010088438425,0.039369362410202585,0.15842202098365854,6
v32,C++,ocr_only,7,360.0,420.0,template,0.03407304758360405,2.4830520665288815e-05,0.22329521471011668,0.018259394747223757,0.10027372273238093,7
v32,C++,ocr_only,7,360.0,420.0,reference,0.0181905726787368,0.03283161332550502,0.07712059023181354,0.1106627373246747,0.09724587848753025,8
v32,C++,ocr_only,7,360.0,420.0,polymorphism,0.011676089439561119,0.002922229724930802,0.01716443435179489,0.026420187984647934,0.022717886531506717,9
v32,C++,ocr_only,7,360.0,420.0,pointer,0.009811102963135533,-0.006457965240948018,0.0,0.0,0.0,10
v32,C++,ocr_only,8,420.0,480.0,data type,0.10437280908596662,0.3116118202750844,0.8698419117760794,1.0,0.9479367647104318,1
v32,C++,ocr_only,8,420.0,480.0,class,0.11852246771115306,0.08192966645946986,1.0,0.2808919764915519,0.5685351858949311,2
v32,C++,ocr_only,8,420.0,480.0,variable,0.06287903699625733,0.11393536434145039,0.48815425474792457,0.3810980820272745,0.4239205511155345,3
v32,C++,ocr_only,8,420.0,480.0,constructor,0.048563724396425284,0.024473811827989297,0.3564723697160594,0.10100439978325719,0.20319158775637808,4
v32,C++,ocr_only,8,420.0,480.0,inheritance,0.05589302857632876,-0.00035803234253641524,0.42389224501748607,0.023258793148656882,0.18351217389618857,5
v32,C++,ocr_only,8,420.0,480.0,object,0.04641863600438113,0.004891466346587799,0.33674040221241847,0.0396943610150954,0.15851277749402462,6
v32,C++,ocr_only,8,420.0,480.0,reference,0.01819876759125538,0.03530138313101431,0.07715504966935294,0.13490426213549614,0.11180457714903885,7
v32,C++,ocr_only,8,420.0,480.0,template,0.03410046818432853,0.0018573545091449127,0.2234295997153484,0.030194910882462542,0.10748878641561689,8
v32,C++,ocr_only,8,420.0,480.0,polymorphism,0.011676170563895683,0.0029459693426230325,0.017155809982750316,0.03360323690283274,0.02702426613479977,9
v32,C++,ocr_only,8,420.0,480.0,pointer,0.009811139677172271,-0.007786860183271266,0.0,0.0,0.0,10
v32,C++,ocr_only,9,480.0,540.0,data type,0.10433960363068177,0.31638322146175457,0.8696670600762372,1.0,0.9478668240304948,1
v32,C++,ocr_only,9,480.0,540.0,class,0.11850614461287032,0.08321998650587771,1.0,0.2810464967344872,0.5686278980406924,2
v32,C++,ocr_only,9,480.0,540.0,variable,0.06285878739674876,0.11604194766190426,0.4880413169253051,0.3822522634225132,0.42456788482362995,3
v32,C++,ocr_only,9,480.0,540.0,constructor,0.04856047718802104,0.023684166053184942,0.3564960930214286,0.09746915576840376,0.2010799306696137,4
v32,C++,ocr_only,9,480.0,540.0,inheritance,0.05589331803575608,-0.0006434843059953927,0.4239586237041105,0.022455402183877208,0.18305669079197054,5
v32,C++,ocr_only,9,480.0,540.0,object,0.04642120462590007,0.004956170801221583,0.33681467024715916,0.039721810660214026,0.15855895449499208,6
v32,C++,ocr_only,9,480.0,540.0,reference,0.01819643227938686,0.035519910793575714,0.07714524471660239,0.13396440402857906,0.1112367403037884,7
v32,C++,ocr_only,9,480.0,540.0,template,0.03409265086665989,0.002870969537543673,0.22339131175264976,0.033292140245756933,0.10933180884851407,8
v32,C++,ocr_only,9,480.0,540.0,polymorphism,0.011676146905433107,0.0025734884490468675,0.01715826814993313,0.032374864111848055,0.026288225727082087,9
v32,C++,ocr_only,9,480.0,540.0,pointer,0.009811128675417028,-0.007925977807518086,0.0,0.0,0.0,10
v32,C++,ocr_only,10,540.0,600.0,data type,0.06113995526557249,0.3993316839602775,0.8448793081315676,1.0,0.9379517232526271,1
v32,C++,ocr_only,10,540.0,600.0,class,0.07129218271410698,0.09502949240248228,1.0,0.2555850021186102,0.5533510012711661,2
v32,C++,ocr_only,10,540.0,600.0,variable,0.046225549815003285,0.10743224156739842,0.6169950429270307,0.28592586968206607,0.4183535389800519,3
v32,C++,ocr_only,10,540.0,600.0,constructor,0.0342121367104451,0.015075875728822838,0.4334364138550072,0.05999432601456559,0.20937116115074225,4
v32,C++,ocr_only,10,540.0,600.0,inheritance,0.02895431918420011,0.03351132789033231,0.35309972946494,0.10509300575623301,0.2042956952397158,5
v32,C++,ocr_only,10,540.0,600.0,object,0.025946769359565348,0.01973922441505686,0.3071459511447476,0.0714022842833241,0.1656997510278935,6
v32,C++,ocr_only,10,540.0,600.0,template,0.032663067294750124,-0.009448623292855946,0.4097674485237074,0.0,0.16390697940948296,7
v32,C++,ocr_only,10,540.0,600.0,reference,0.027881936090883748,-0.0010451312821382333,0.33671428023948385,0.0205574776025449,0.1470201986573205,8
v32,C++,ocr_only,10,540.0,600.0,polymorphism,0.006070764382355104,0.03849872550725712,0.00345105667207435,0.11729368550628862,0.0717566339726029,9
v32,C++,ocr_only,10,540.0,600.0,pointer,0.0058449021079501045,0.015989755765766434,0.0,0.0622299523907102,0.03733797143442612,10
v32,C++,ocr_only,11,600.0,660.0,data type,0.06554134741193124,0.4746619387398194,0.8489599784541167,1.0,0.9395839913816467,1
v32,C++,ocr_only,11,600.0,660.0,class,0.07609048507832712,0.13310080286931103,1.0,0.28886430003239894,0.5733185800194394,2
v32,C++,ocr_only,11,600.0,660.0,variable,0.04792474040105486,0.1431161814360553,0.5967296268715314,0.30971647699143795,0.42452173694347534,3
v32,C++,ocr_only,11,600.0,660.0,constructor,0.035669301422166615,0.013519916298286647,0.4212591926082581,0.03989499836491884,0.19244067606225457,4
v32,C++,ocr_only,11,600.0,660.0,inheritance,0.031686287589672624,0.0226418314597892,0.36423135639053444,0.05888697034934126,0.18102472476581855,5
v32,C++,ocr_only,11,600.0,660.0,template,0.032812777102796585,0.011235495228578744,0.3803601629066774,0.03513879748074286,0.1732273436511167,6
v32,C++,ocr_only,11,600.0,660.0,object,0.028021724837827253,0.018021945627734192,0.3117630263242658,0.04926829480367151,0.15426618741190923,7
v32,C++,ocr_only,11,600.0,660.0,reference,0.026901041371532985,-0.005641800597229317,0.29571734939330657,0.0,0.11828693975732263,8
v32,C++,ocr_only,11,600.0,660.0,polymorphism,0.006639275079871198,0.026235140425472803,0.005614242008623614,0.06636829658395138,0.04206667475382027,9
v32,C++,ocr_only,11,600.0,660.0,pointer,0.006247157737492233,0.010748993837653095,0.0,0.034125893871878275,0.020475536323126965,10
v32,C++,ocr_only,12,660.0,720.0,data type,0.08876136906224717,0.6861232131369246,0.859524653787369,1.0,0.9438098615149476,1
v32,C++,ocr_only,12,660.0,720.0,class,0.10188803432909588,0.2721769020237795,1.0,0.41620615571818925,0.6497236934309136,2
v32,C++,ocr_only,12,660.0,720.0,variable,0.056708552263327945,0.2593858398666406,0.5165106098252994,0.39816675507929183,0.4455042969776949,3
v32,C++,ocr_only,12,660.0,720.0,template,0.03344100907309035,0.10431635082662259,0.2675123975054815,0.17947024611887302,0.21468710667351643,4
v32,C++,ocr_only,12,660.0,720.0,constructor,0.04354562607491672,0.02178749462898191,0.3756472164272687,0.06307873125251087,0.18810612532241403,5
v32,C++,ocr_only,12,660.0,720.0,inheritance,0.0466075267388457,-0.014649242843377175,0.4084142251907493,0.01169152844141634,0.17038060714114955,6
v32,C++,ocr_only,12,660.0,720.0,object,0.03941170286550553,0.010194791235862649,0.3314079308011579,0.04672939150048192,0.16060080722075232,7
v32,C++,ocr_only,12,660.0,720.0,reference,0.021490304679741484,-0.011632510754839943,0.13962162684796828,0.01594606478068104,0.06541628960759593,8
v32,C++,ocr_only,12,660.0,720.0,pointer,0.008443414894028037,-0.007819128032827053,0.0,0.021324127827106496,0.012794476696263898,9
v32,C++,ocr_only,12,660.0,720.0,polymorphism,0.009742299354210511,-0.02293926699659948,0.013900045481859273,0.0,0.00556001819274371,10
v33,C++,ocr_only,1,0.0,60.0,variable,0.028625329947649818,0.033838451014636804,0.7485443249874644,0.9612577846840688,0.876172400805427,1
v33,C++,ocr_only,1,0.0,60.0,constructor,0.018952777437340775,0.03566345184225957,0.49469858798405214,1.0,0.7978794351936208,2
v33,C++,ocr_only,1,0.0,60.0,template,0.03118314906788099,0.025484060887203865,0.8156715366520673,0.783905765851341,0.7966120741716315,3
v33,C++,ocr_only,1,0.0,60.0,data type,0.015324110013712661,0.023045804818491413,0.399468114382651,0.7321449994014534,0.5990742453939324,4
v33,C++,ocr_only,1,0.0,60.0,class,0.021111018757520267,0.01736206260232642,0.5513393100652473,0.6114871008372407,0.5874279845284434,5
v33,C++,ocr_only,1,0.0,60.0,reference,0.038206811398887514,-0.0008909124577940344,1.0,0.2240019670049175,0.5344011802029505,6
v33,C++,ocr_only,1,0.0,60.0,pointer,0.0016220149523220701,0.010045018400406999,0.03987136723215364,0.45615648528009317,0.28964243806091733,7
v33,C++,ocr_only,1,0.0,60.0,inheritance,0.0002704118041783054,0.007814884799970993,0.004399996370014591,0.40881386777348694,0.247048319212098,8
v33,C++,ocr_only,1,0.0,60.0,polymorphism,0.00010275409033785896,-0.003284407996666724,0.0,0.1731914040061516,0.10391484240369096,9
v33,C++,ocr_only,1,0.0,60.0,object,0.0041334590909055694,-0.011442807124617541,0.10578151738353897,0.0,0.04231260695341559,10
v33,C++,ocr_only,2,60.0,120.0,variable,0.028624600824406838,0.03618045593725645,0.7485517154290231,1.0,0.8994206861716092,1
v33,C++,ocr_only,2,60.0,120.0,template,0.031182217161384827,0.029908540684352225,0.8156776638312769,0.8684964277749019,0.8473689221974519,2
v33,C++,ocr_only,2,60.0,120.0,constructor,0.01895414329429363,0.03288658523179579,0.4947456133145946,0.9309372421741338,0.7564605906303181,3
v33,C++,ocr_only,2,60.0,120.0,data type,0.015324973233839205,0.027603725402850648,0.3994961895840155,0.8201712462928809,0.6519012236093347,4
v33,C++,ocr_only,2,60.0,120.0,class,0.021114748045720607,0.019710314198834667,0.5514517896730543,0.6546696844072895,0.6133825265135954,5
v33,C++,ocr_only,2,60.0,120.0,reference,0.03820522137176923,0.004550860751097046,1.0,0.3368206381475412,0.6020923828885247,6
v33,C++,ocr_only,2,60.0,120.0,pointer,0.0016225206136512038,0.009675905389258638,0.039868314883360845,0.4442777147429648,0.2825139547991232,7
v33,C++,ocr_only,2,60.0,120.0,inheritance,0.00027389170558619305,0.010058939977364458,0.004472859674654572,0.4523088208071547,0.2731744363541546,8
v33,C++,ocr_only,2,60.0,120.0,polymorphism,0.00010346790898889269,-0.0016786530041501325,0.0,0.2062061003217862,0.12372366019307172,9
v33,C++,ocr_only,2,60.0,120.0,object,0.004136430552394264,-0.011513421474441744,0.10584716651807029,0.0,0.04233886660722812,10
v33,C++,ocr_only,3,120.0,180.0,template,0.03116355973196779,0.05913037070871204,0.8158011087630821,1.0,0.9263204435052328,1
v33,C++,ocr_only,3,120.0,180.0,variable,0.028610000104163074,0.05180395272561499,0.7486998463291216,0.9044694669474777,0.8421616187001353,2
v33,C++,ocr_only,3,120.0,180.0,constructor,0.018982130736742868,0.05610139018239664,0.4957031345748114,0.9605045569400751,0.7745839879939695,3
v33,C++,ocr_only,3,120.0,180.0,data type,0.015342527558908487,0.050742467129036115,0.4000633205159957,0.8906285579107961,0.6944024629528759,4
v33,C++,ocr_only,3,120.0,180.0,reference,0.03817330642059239,0.018944570223143557,1.0,0.4760098385888374,0.6856059031533024,5
v33,C++,ocr_only,3,120.0,180.0,class,0.021190858500519643,0.04070185722100542,0.5537430642904039,0.7597071691912927,0.6773215272309372,6
v33,C++,ocr_only,3,120.0,180.0,inheritance,0.00034474346373561046,0.015220749801862178,0.005958465653747057,0.427454248304798,0.2588559352443776,7
v33,C++,ocr_only,3,120.0,180.0,pointer,0.001632802418982005,0.011707550014816315,0.03980548494606929,0.3816449798258755,0.244909181873953,8
v33,C++,ocr_only,3,120.0,180.0,polymorphism,0.00011799218089582723,-0.003381945748512481,0.0,0.18489022503433708,0.11093413502060225,9
v33,C++,ocr_only,3,120.0,180.0,object,0.004196990354370169,-0.017561528195160016,0.1071860331459154,0.0,0.04287441325836616,10
v33,C++,ocr_only,4,180.0,240.0,template,0.031180437831967115,0.03450869578435768,0.8156895902621654,0.9457841728041476,0.8937463397873546,1
v33,C++,ocr_only,4,180.0,240.0,variable,0.02862321515027002,0.03447957609710236,0.748566115869826,0.945161826512624,0.8665235422555049,2
v33,C++,ocr_only,4,180.0,240.0,constructor,0.018956874692079694,0.037045463422784315,0.4948383662855104,1.0,0.7979353465142042,3
v33,C++,ocr_only,4,180.0,240.0,class,0.021122150773090834,0.0275133151750103,0.5516737974023818,0.7962788178238149,0.6984368096552416,4
v33,C++,ocr_only,4,180.0,240.0,data type,0.015326683604539974,0.029264082586876617,0.39955099055252996,0.8336962391217093,0.6600381396940376,5
v33,C++,ocr_only,4,180.0,240.0,reference,0.038202165543789295,0.005061821736002601,1.0,0.3164452413701951,0.5898671448221171,6
v33,C++,ocr_only,4,180.0,240.0,pointer,0.0016235145467773727,0.009256805731487357,0.03986220633910381,0.40610048765425294,0.25960517512819326,7
v33,C++,ocr_only,4,180.0,240.0,inheritance,0.00028076129507146556,0.007235746681607989,0.0046168348072444364,0.3629063903545754,0.219590568135643,8
v33,C++,ocr_only,4,180.0,240.0,polymorphism,0.00010487238595859747,-0.0016444667486945695,0.0,0.173118366608665,0.103871019965199,9
v33,C++,ocr_only,4,180.0,240.0,object,0.00414230397671924,-0.009744704128522576,0.1059768622939756,0.0,0.04239074491759024,10
v33,C++,ocr_only,5,240.0,300.0,template,0.03118102110799033,0.03431091083431436,0.8156855015413567,1.0,0.9262742006165426,1
v33,C++,ocr_only,5,240.0,300.0,constructor,0.01895591493887441,0.03417337918803605,0.4948064184410578,0.9964503033535911,0.7957927493885777,2
v33,C++,ocr_only,5,240.0,300.0,variable,0.0286236632428231,0.02473890187700369,0.7485611235946624,0.7529461108434327,0.7511921159439245,3
v33,C++,ocr_only,5,240.0,300.0,reference,0.03820318126375204,0.01491437508501827,1.0,0.49937472745801337,0.6996248364748081,4
v33,C++,ocr_only,5,240.0,300.0,class,0.02111957082599354,0.02370617412472265,0.5515970841088357,0.7262913710935197,0.6564136562996461,5
v33,C++,ocr_only,5,240.0,300.0,data type,0.015326075756783582,0.01814730795472125,0.3995320337086532,0.5828168389734028,0.5095029168675029,6
v33,C++,ocr_only,5,240.0,300.0,pointer,0.0016231709209423605,0.0035187294337022104,0.039864356495069087,0.2052527108402241,0.13909736910216208,7
v33,C++,ocr_only,5,240.0,300.0,inheritance,0.0002783885907577964,0.0003145517524108767,0.004567115300613945,0.12255277175302712,0.07535850917206185,8
v33,C++,ocr_only,5,240.0,300.0,object,0.004140270950029932,-0.004433708770700351,0.10593206488403963,0.0,0.042372825953615856,9
v33,C++,ocr_only,5,240.0,300.0,polymorphism,0.00010438700456170545,-0.002016210388932345,0.0,0.06239571859043648,0.03743743115426189,10
v33,C++,ocr_only,6,300.0,360.0,template,0.031182137803766826,0.030078155584700512,0.8156778094096251,1.0,0.92627112376385,1
v33,C++,ocr_only,6,300.0,360.0,reference,0.03820510092962011,0.020444750805108335,1.0,0.687319586972974,0.8123917521837845,2
v33,C++,ocr_only,6,300.0,360.0,variable,0.028624549072967836,0.02220147022697072,0.7485522458772308,0.7443390693852746,0.7460243399820571,3
v33,C++,ocr_only,6,300.0,360.0,class,0.021115208365234606,0.02359521690991801,0.5514647623841866,0.7895772067261053,0.6943322289893379,4
v33,C++,ocr_only,6,300.0,360.0,constructor,0.018954326363433763,0.023561334631077884,0.49475102246534675,0.788477457968068,0.6709868837669795,5
v33,C++,ocr_only,6,300.0,360.0,data type,0.01532504176795809,0.018897357893474746,0.39949811070629465,0.637094410537985,0.5420558906053089,6
v33,C++,ocr_only,6,300.0,360.0,object,0.0041367806892683824,5.026239464833595e-05,0.10585499255727847,0.025356635601227334,0.05755597838364779,7
v33,C++,ocr_only,6,300.0,360.0,inheritance,0.0002742939345289021,0.001248270046050803,0.004481539927425816,0.06424148844615461,0.040337509038663094,8
v33,C++,ocr_only,6,300.0,360.0,pointer,0.0016225565031002204,0.00010199052983980174,0.03986755942897016,0.027035623980398306,0.03216839815982705,9
v33,C++,ocr_only,6,300.0,360.0,polymorphism,0.00010354026913168652,-0.0007309529434999074,0.0,0.0,0.0,10
v33,C++,ocr_only,7,360.0,420.0,reference,0.038207901838366816,0.024736476476066156,1.0,1.0,1.0,1
v33,C++,ocr_only,7,360.0,420.0,template,0.031183785433988562,0.024723652380585426,0.8156673474912035,0.9995244940238254,0.9259816354107766,2
v33,C++,ocr_only,7,360.0,420.0,class,0.021108350483484032,0.01882330121912183,0.551259478560004,0.7807447568469444,0.6889506455321683,3
v33,C++,ocr_only,7,360.0,420.0,variable,0.028625831886076487,0.01384054159096548,0.7485394220218852,0.5959884920023263,0.6570088640101499,4
v33,C++,ocr_only,7,360.0,420.0,constructor,0.018951788812195614,0.014798418868281794,0.4946652095755644,0.631505723645703,0.5767695180176475,5
v33,C++,ocr_only,7,360.0,420.0,data type,0.015323507132685965,0.013716226334846614,0.3994488510288577,0.5913789936323994,0.5146069365909827,6
v33,C++,ocr_only,7,360.0,420.0,object,0.004131337116172183,0.004937854617101027,0.10573469999522024,0.26588483155731524,0.20182477893247722,7
v33,C++,ocr_only,7,360.0,420.0,polymorphism,0.00010224714952615776,-0.00028104217257684557,0.0,0.07237281222933871,0.043423687337603226,8
v33,C++,ocr_only,7,360.0,420.0,pointer,0.0016216564186520657,-0.0022328911518564977,0.03987359045613959,0.0,0.015949436182455836,9
v33,C++,ocr_only,7,360.0,420.0,inheritance,0.0002679335534495294,-0.001886325510550433,0.004348079183426111,0.012850343622712498,0.009449437846997942,10
v33,C++,ocr_only,8,420.0,480.0,reference,0.03820910499357326,0.030210883116232892,1.0,1.0,1.0,1
v33,C++,ocr_only,8,420.0,480.0,template,0.031184491699443755,0.029641573184163928,0.8156627353119054,0.9844459863903551,0.9169326859589753,2
v33,C++,ocr_only,8,420.0,480.0,class,0.021105517796115653,0.01621426263559732,0.5511740862705593,0.6176008652199881,0.5910301536402166,3
v33,C++,ocr_only,8,420.0,480.0,variable,0.02862638832485788,0.009100162124515452,0.7485339469906145,0.4232378128003361,0.5533562664764475,4
v33,C++,ocr_only,8,420.0,480.0,constructor,0.01895074741701984,0.002224347395866424,0.49462941098638435,0.2353849231130924,0.3390827182624092,5
v33,C++,ocr_only,8,420.0,480.0,data type,0.01532286746600719,0.003042996984028361,0.3994279473918928,0.2577511003366762,0.3144218391587629,6
v33,C++,ocr_only,8,420.0,480.0,object,0.004129079486952997,0.008246305002699612,0.1056847659299689,0.3999097369223152,0.2822197485253767,7
v33,C++,ocr_only,8,420.0,480.0,polymorphism,0.00010170817386129718,-0.004071401216908982,0.0,0.06337991478636426,0.038027948871818554,8
v33,C++,ocr_only,8,420.0,480.0,pointer,0.0016212743224156422,-0.006391240705745954,0.039875884352413,0.0,0.015950353740965203,9
v33,C++,ocr_only,8,420.0,480.0,inheritance,0.00026528854772026923,-0.005932791209408529,0.004292614754895989,0.012525215710628656,0.009232175328335588,10
v33,C++,ocr_only,9,480.0,540.0,reference,0.03820897806902414,0.03218356676254661,1.0,1.0,1.0,1
v33,C++,ocr_only,9,480.0,540.0,template,0.031184419844689466,0.008340127433143522,0.8156632921547307,0.6003223959412859,0.6864587544266638,2
v33,C++,ocr_only,9,480.0,540.0,variable,0.028626334219560567,0.007016497598537357,0.748534646129844,0.5781349424599569,0.6462948239279118,3
v33,C++,ocr_only,9,480.0,540.0,class,0.02110583937658267,-0.003072095667235497,0.5511836930237254,0.4090240717889379,0.4658879202828529,4
v33,C++,ocr_only,9,480.0,540.0,object,0.004129328867364239,0.008051739873483092,0.10569033130184405,0.5954882758593193,0.39956909803632923,5
v33,C++,ocr_only,9,480.0,540.0,pointer,0.0016213153677774722,-0.0017430770050931824,0.0398756655277404,0.4313018559330786,0.2747313797709433,6
v33,C++,ocr_only,9,480.0,540.0,constructor,0.018950868451771737,-0.020249785570321383,0.4946334825911615,0.12108163828008858,0.27050237600451776,7
v33,C++,ocr_only,9,480.0,540.0,polymorphism,0.00010176488047665495,-0.004683355320783575,0.0,0.38201519991648003,0.22920911994988802,8
v33,C++,ocr_only,9,480.0,540.0,inheritance,0.0002655830153817986,-0.009525535602733823,0.00429887470633451,0.3008477564628148,0.1822282037602227,9
v33,C++,ocr_only,9,480.0,540.0,data type,0.01532293917254584,-0.02747311424052606,0.399430265780854,0.0,0.15977210631234162,10
v33,C++,ocr_only,10,540.0,600.0,reference,0.03820632847959573,0.011789826098329709,1.0,1.0,1.0,1
v33,C++,ocr_only,10,540.0,600.0,template,0.031182918814626544,-9.462898087673325e-05,0.8156746003085962,0.5114838699474884,0.6331601620919316,2
v33,C++,ocr_only,10,540.0,600.0,class,0.021112346897533135,0.0006443031141069403,0.5513781570870382,0.5418580221494353,0.5456660761244765,3
v33,C++,ocr_only,10,540.0,600.0,object,0.004134516674311309,0.007088591872992863,0.10580464065142947,0.8067535503373433,0.5263739864629777,4
v33,C++,ocr_only,10,540.0,600.0,variable,0.02862509661051129,-0.008961590617134342,0.7485460085556958,0.1470032307427929,0.3876203418679541,5
v33,C++,ocr_only,10,540.0,600.0,constructor,0.018953304711281198,-0.00652514681436671,0.49471532052826017,0.24715440214155293,0.3461787694962358,6
v33,C++,ocr_only,10,540.0,600.0,polymorphism,0.00010300860763168066,0.0014002781075641718,0.0,0.5729327307295834,0.34375963843775004,7
v33,C++,ocr_only,10,540.0,600.0,data type,0.015324411995645477,-0.012537835463078625,0.39947709121308134,0.0,0.15979083648523254,8
v33,C++,ocr_only,10,540.0,600.0,inheritance,0.0002716493319848574,-0.00626087224068217,0.00442588007868733,0.25801753310946174,0.15658087189715197,9
v33,C++,ocr_only,10,540.0,600.0,pointer,0.0016222451009107789,-0.008394962402901562,0.03987149934399637,0.17029475067792876,0.1181254501443558,10
v33,C++,ocr_only,11,600.0,660.0,reference,0.038212510642339284,0.005483330363351475,1.0,1.0,1.0,1
v33,C++,ocr_only,11,600.0,660.0,object,0.004122609915502158,0.005202449840047097,0.10554198713804065,0.9737970185359138,0.6264950059767646,2
v33,C++,ocr_only,11,600.0,660.0,class,0.02109738945318527,0.0005704596601335169,0.5509298366278151,0.541684633532348,0.5453827147705348,3
v33,C++,ocr_only,11,600.0,660.0,polymorphism,0.00010015630413942017,0.002037841063796508,0.0,0.678574750613409,0.4071448503680454,4
v33,C++,ocr_only,11,600.0,660.0,variable,0.02862794868704723,-0.0036339718064388755,0.7485182397749308,0.1494586490121188,0.3890824853172436,5
v33,C++,ocr_only,11,600.0,660.0,template,0.031186483912782996,-0.004255902197522642,0.8156496272256231,0.09143956560326301,0.38112359025220705,6
v33,C++,ocr_only,11,600.0,660.0,constructor,0.018947757887078153,-0.0050690224507172164,0.4945273497325736,0.015584626742152047,0.20716171593832067,7
v33,C++,ocr_only,11,600.0,660.0,data type,0.015320996158244529,-0.004780164687967407,0.39936760975296975,0.04253179457724084,0.18526612064753242,8
v33,C++,ocr_only,11,600.0,660.0,inheritance,0.00025772115139561635,-0.004561318133842266,0.004134219729854619,0.06294770712880651,0.03942231216922575,9
v33,C++,ocr_only,11,600.0,660.0,pointer,0.0016201766549042457,-0.005236080467410423,0.039882614893756774,0.0,0.01595304595750271,10
v33,C++,ocr_only,12,660.0,720.0,reference,0.03810453355418314,0.006697699869726233,1.0,1.0,1.0,1
v33,C++,ocr_only,12,660.0,720.0,class,0.02135548304702416,0.001333228862149103,0.5587152808401805,0.6216833809729153,0.5964961409198214,2
v33,C++,ocr_only,12,660.0,720.0,object,0.004327930435826783,0.005485218652818717,0.11009290855707048,0.9144926323646085,0.5927327428415933,3
v33,C++,ocr_only,12,660.0,720.0,variable,0.028578504171879376,-0.0019409807087041994,0.7490191340170992,0.39077750170136377,0.534074154627658,4
v33,C++,ocr_only,12,660.0,720.0,polymorphism,0.00014933188971536404,0.00330181127936899,0.0,0.760512995916656,0.45630779754999357,5
v33,C++,ocr_only,12,660.0,720.0,template,0.031123389410339194,-0.0047636186204864156,0.8160688433285437,0.19171764472482017,0.4414581241663096,6
v33,C++,ocr_only,12,660.0,720.0,data type,0.015380269194048292,-0.003154921906199391,0.4012872185208689,0.3051671723910943,0.3436151908430042,7
v33,C++,ocr_only,12,660.0,720.0,constructor,0.019042773931531098,-0.007482145100798506,0.4977826809836993,0.0,0.19911307239347975,8
v33,C++,ocr_only,12,660.0,720.0,inheritance,0.0004979488948177572,-0.004589141128656345,0.009184959895200748,0.2040222568128051,0.12608733804576333,9
v33,C++,ocr_only,12,660.0,720.0,pointer,0.001655017274686249,-0.005137308837112609,0.03967006678772177,0.16536402679719306,0.11508644279340453,10
v34,C++,ocr_only,1,0.0,60.0,constructor,0.08043372570375268,0.1655987361873431,0.5322983181716914,1.0,0.8129193272686766,1
v34,C++,ocr_only,1,0.0,60.0,class,0.14994206406092836,-0.019915059383685284,1.0,0.1873305391743073,0.5123983235045844,2
v34,C++,ocr_only,1,0.0,60.0,inheritance,0.12740261272033657,-0.01734468222646874,0.8483384936450027,0.19859044042339838,0.45848966171204014,3
v34,C++,ocr_only,1,0.0,60.0,object,0.11416303646220809,-0.024061485714529263,0.7592531805880032,0.16916653126175146,0.40520119099225216,4
v34,C++,ocr_only,1,0.0,60.0,pointer,0.03876730974730249,0.005979824222947195,0.25193695032469493,0.30076674500455725,0.28123482713261233,5
v34,C++,ocr_only,1,0.0,60.0,reference,0.005183289172975724,0.03572301272199083,0.025959703904911924,0.43106099555532096,0.26902047889515734,6
v34,C++,ocr_only,1,0.0,60.0,template,0.027736034829591135,-0.0073852962812832245,0.1777106639011552,0.2422189413729681,0.21641563038424294,7
v34,C++,ocr_only,1,0.0,60.0,polymorphism,0.027489450305801716,-0.013014838423143825,0.1760514673325864,0.21755793455652495,0.2009553476669495,8
v34,C++,ocr_only,1,0.0,60.0,variable,0.0013252404363943004,0.001491590634238602,0.0,0.2811054019795365,0.16866324118772189,9
v34,C++,ocr_only,1,0.0,60.0,data type,0.034130832055521504,-0.0626783241842152,0.22073942114391662,0.0,0.08829576845756665,10
v34,C++,ocr_only,2,60.0,120.0,reference,0.006288325505396342,0.04762730110847858,0.526141592369705,1.0,0.8104566369478821,1
v34,C++,ocr_only,2,60.0,120.0,object,0.011187755906797155,-0.00975553033099046,1.0,0.5382328131919556,0.7229396879151734,2
v34,C++,ocr_only,2,60.0,120.0,data type,0.008971532568749387,-0.0009462542911697509,0.7856534380771788,0.6091222153472766,0.6797347044392374,3
v34,C++,ocr_only,2,60.0,120.0,class,0.007124686943017577,0.0041601769869195745,0.6070319952461845,0.6502143390149498,0.6329414015074437,4
v34,C++,ocr_only,2,60.0,120.0,polymorphism,0.007378628567740666,-0.01798634561392078,0.6315924776010166,0.47199836077835117,0.5358360075074173,5
v34,C++,ocr_only,2,60.0,120.0,inheritance,0.005169079826984589,-0.0012134497073625224,0.4178914629735116,0.606972058713868,0.5313398204177254,6
v34,C++,ocr_only,2,60.0,120.0,variable,0.0012979381683948263,0.0034451019903544867,0.04348609913240642,0.644460036530435,0.40407046157122356,7
v34,C++,ocr_only,2,60.0,120.0,template,0.000848316271438069,-0.002378326601743016,0.0,0.5975981412371191,0.35855888474227143,8
v34,C++,ocr_only,2,60.0,120.0,pointer,0.0013531987793885608,-0.026047409734028408,0.048830741873464915,0.40712991828352735,0.26381024771950234,9
v34,C++,ocr_only,2,60.0,120.0,constructor,0.0035999936425208205,-0.07664058339870478,0.26613409122023335,0.0,0.10645363648809335,10
v34,C++,ocr_only,3,120.0,180.0,template,0.031069062095168343,0.07104875841832052,0.815703151283704,1.0,0.9262812605134816,1
v34,C++,ocr_only,3,120.0,180.0,class,0.02105704542458038,0.06539375975302308,0.5519387041239028,0.9274662179237476,0.7772552124038097,2
v34,C++,ocr_only,3,120.0,180.0,reference,0.038064633869731586,0.03075333211975707,1.0,0.48315113003550775,0.6898906780213047,3
v34,C++,ocr_only,3,120.0,180.0,variable,0.02852170365964935,0.030940463801138532,0.7485935357517649,0.4855513726173814,0.5907682378711347,4
v34,C++,ocr_only,3,120.0,180.0,data type,0.015275620848189363,0.04859019412823314,0.3996283047947023,0.7119354566855549,0.5870125959292138,5
v34,C++,ocr_only,3,120.0,180.0,constructor,0.01890375366713077,0.0036868316594670407,0.4952106913104663,0.13598294094271643,0.2796740410898164,6
v34,C++,ocr_only,3,120.0,180.0,object,0.0041360679698194455,0.009763997593093153,0.10615915634610457,0.2139316471335563,0.17082265081857562,7
v34,C++,ocr_only,3,120.0,180.0,pointer,0.00161920768138828,0.006463078342836043,0.039853008004711664,0.1715924404032816,0.11889666744385362,8
v34,C++,ocr_only,3,120.0,180.0,inheritance,0.00028898864179606817,-0.0018514419702120198,0.004808670672532937,0.06494633133236428,0.04089126706843175,9
v34,C++,ocr_only,3,120.0,180.0,polymorphism,0.00010646028569961926,-0.006914895253461258,0.0,0.0,0.0,10
v34,C++,ocr_only,4,180.0,240.0,template,0.031153475999446525,0.05390203045771469,0.8158680025638869,1.0,0.9263472010255548,1
v34,C++,ocr_only,4,180.0,240.0,class,0.02123230866127073,0.04988682321712725,0.5549917383535319,0.9380480878823269,0.7848255480708088,2
v34,C++,ocr_only,4,180.0,240.0,data type,0.01535192587388654,0.03396972576033908,0.4003675654704921,0.6924581186166028,0.5756218973581586,3
v34,C++,ocr_only,4,180.0,240.0,reference,0.03815604621949234,0.004202556808326282,1.0,0.23317098238469394,0.5399025894308164,4
v34,C++,ocr_only,4,180.0,240.0,constructor,0.018997432206314946,0.010096721148281236,0.49622584915245854,0.3241139223915937,0.39295869309593967,5
v34,C++,ocr_only,4,180.0,240.0,variable,0.028602042162603137,-0.007262793205328495,0.74877826351933,0.05626844314231461,0.3332723712931208,6
v34,C++,ocr_only,4,180.0,240.0,object,0.004229989692157163,0.009306590054525945,0.10791718508924268,0.31192273793990216,0.23032051679963836,7
v34,C++,ocr_only,4,180.0,240.0,polymorphism,0.00012588135107808817,-0.0019493519711808263,0.0,0.13825122127960895,0.08295073276776536,8
v34,C++,ocr_only,4,180.0,240.0,inheritance,0.0003833416168710897,-0.003780657061667657,0.006769896125452607,0.1099954314215768,0.06870521730312712,9
v34,C++,ocr_only,4,180.0,240.0,pointer,0.0016384042553099284,-0.010909645297520051,0.03977166308548028,0.0,0.015908665234192113,10
v34,C++,ocr_only,5,240.0,300.0,template,0.031049494824480772,0.012116600310966834,0.8143634154174202,1.0,0.9257453661669681,1
v34,C++,ocr_only,5,240.0,300.0,variable,0.02854121854601294,0.007928586870645904,0.7481809081525342,0.7047740583320868,0.7221367982602658,2
v34,C++,ocr_only,5,240.0,300.0,data type,0.015297068052797983,0.009355525527317074,0.3987253502624499,0.8053633507546563,0.6427081505577736,3
v34,C++,ocr_only,5,240.0,300.0,class,0.021751967002201604,0.005862852390204245,0.5690420734561019,0.559154084586842,0.563109280134546,4
v34,C++,ocr_only,5,240.0,300.0,reference,0.038085007088479235,-0.0009529938545779591,1.0,0.07868413038217278,0.4472104782293037,5
v34,C++,ocr_only,5,240.0,300.0,constructor,0.01921701028029679,0.00033101722927632944,0.5021555852714279,0.16919801882706556,0.30238104540481053,6
v34,C++,ocr_only,5,240.0,300.0,pointer,0.001616382674725717,0.002619483415112923,0.03775153442109503,0.3305190351791557,0.21341203487593144,7
v34,C++,ocr_only,5,240.0,300.0,inheritance,0.0008285868991044286,0.0010618245792089964,0.01696502852823113,0.22071487547907534,0.13921493669873766,8
v34,C++,ocr_only,5,240.0,300.0,polymorphism,0.00018562276281717605,0.0006109512093815674,0.0,0.18893142562221726,0.11335885537333035,9
v34,C++,ocr_only,5,240.0,300.0,object,0.004631259264684551,-0.0020691904656168977,0.11730102166480813,0.0,0.04692040866592326,10
v34,C++,ocr_only,6,300.0,360.0,variable,0.028622800846485053,0.008518480819904313,0.7485699382536887,1.0,0.8994279753014754,1
v34,C++,ocr_only,6,300.0,360.0,template,0.03117991056920245,0.007202873598234313,0.8156927158975331,0.9159006315448672,0.8758174652859336,2
v34,C++,ocr_only,6,300.0,360.0,pointer,0.0016237925691928881,0.007796268698203579,0.03986025204000935,0.9538330420164656,0.588243926025883,3
v34,C++,ocr_only,6,300.0,360.0,data type,0.01532715164489485,0.003355420811092556,0.3995661794159514,0.6699546195209808,0.561799243478969,4
v34,C++,ocr_only,6,300.0,360.0,constructor,0.018957645923288267,-0.0008218027227641297,0.4948647338819234,0.4029282188545793,0.43970282486551693,5
v34,C++,ocr_only,6,300.0,360.0,class,0.021124252860532218,-0.0019649216021529426,0.5517370199626677,0.3298550597518906,0.4186078438362014,6
v34,C++,ocr_only,6,300.0,360.0,reference,0.03820128192315262,-0.007125004331495861,1.0,0.0,0.4,7
v34,C++,ocr_only,6,300.0,360.0,inheritance,0.00028272374940259,0.0018365648494767307,0.004657904875876633,0.5728627025398163,0.3455807834742404,8
v34,C++,ocr_only,6,300.0,360.0,polymorphism,0.00010527617849311623,0.0005240638580021826,0.0,0.488961897906325,0.293377138743795,9
v34,C++,ocr_only,6,300.0,360.0,object,0.004143985950875155,-0.0036676673710410467,0.10601399525849782,0.2210081019027505,0.17501045924504943,10
v34,C++,ocr_only,7,360.0,420.0,variable,0.028622155112118592,0.017961236927579317,0.7485766670349854,1.0,0.8994306668139942,1
v34,C++,ocr_only,7,360.0,420.0,template,0.031179078100257024,0.008362283477157431,0.8156982525915794,0.6483983946969175,0.7153183378547823,2
v34,C++,ocr_only,7,360.0,420.0,reference,0.03819985049106028,-0.004039052777754626,1.0,0.19414786023487632,0.5164887161409258,3
v34,C++,ocr_only,7,360.0,420.0,pointer,0.0016242647057403811,0.01152752620103496,0.03985715566691254,0.7643385780343341,0.47454600908736544,4
v34,C++,ocr_only,7,360.0,420.0,constructor,0.01895900345918938,0.003089817112387795,0.49491002809931367,0.4552723786854497,0.47112743845099525,5
v34,C++,ocr_only,7,360.0,420.0,data type,0.015327958246018153,0.001734963268180345,0.3995917439482627,0.405645219950405,0.40322382954954805,6
v34,C++,ocr_only,7,360.0,420.0,class,0.021127885411776317,-0.004226582671612536,0.5518451787542442,0.18727879767890987,0.33310535010904363,7
v34,C++,ocr_only,7,360.0,420.0,inheritance,0.0002860723410194621,0.0021203864499118093,0.00472837247067299,0.41976294748369647,0.25374911747848705,8
v34,C++,ocr_only,7,360.0,420.0,polymorphism,0.00010595019154266138,0.00016860066380912508,0.0,0.34827067292002717,0.2089624037520163,9
v34,C++,ocr_only,7,360.0,420.0,object,0.004146851738809676,-0.009339416157174195,0.10607739075009297,0.0,0.04243095630003719,10
v34,C++,ocr_only,8,420.0,480.0,reference,0.03816947840745613,0.00415989987522752,1.0,0.9117143723276454,0.9470286233965872,1
v34,C++,ocr_only,8,420.0,480.0,template,0.031161317903955453,0.0026153967704295802,0.8158157234607002,0.7883132054041012,0.7993142126267407,2
v34,C++,ocr_only,8,420.0,480.0,constructor,0.018985620913259154,0.005264892878522779,0.49582134826439406,1.0,0.7983285393057576,3
v34,C++,ocr_only,8,420.0,480.0,class,0.021200232460221336,0.002382763985448083,0.5540244424128599,0.7697265434270466,0.6834457030213719,4
v34,C++,ocr_only,8,420.0,480.0,polymorphism,0.00011975649210400006,0.0032960324658154877,0.0,0.8426939565981412,0.5056163739588847,5
v34,C++,ocr_only,8,420.0,480.0,object,0.004204450797754586,0.0016825555477018904,0.10735148905260491,0.7137819888067463,0.4712097889050897,6
v34,C++,ocr_only,8,420.0,480.0,data type,0.015344559846322041,-0.0019516527365259341,0.4001291622600586,0.4234196439698963,0.4141034512859612,7
v34,C++,ocr_only,8,420.0,480.0,variable,0.028608211307493324,-0.007251221379577147,0.7487165051762161,0.0,0.29948660207048644,8
v34,C++,ocr_only,8,420.0,480.0,inheritance,0.00035346605386004303,-0.0016849663611481654,0.0061422147125271605,0.4447270857108647,0.2692931373115297,9
v34,C++,ocr_only,8,420.0,480.0,pointer,0.0016340521891380483,-0.007234729060340774,0.03979781246241033,0.0013176868552234715,0.016709737098098212,10
v34,C++,ocr_only,9,480.0,540.0,template,0.03107710306050755,0.002146409898242843,0.8152348584128917,0.8229701831698429,0.8198760532670624,1
v34,C++,ocr_only,9,480.0,540.0,reference,0.03809049916575215,-0.0004667477087447072,1.0,0.6980116004973306,0.8188069602983983,2
v34,C++,ocr_only,9,480.0,540.0,class,0.021094807744987176,0.004815172310851657,0.5522552434504303,0.9505877320224413,0.7912547365936369,3
v34,C++,ocr_only,9,480.0,540.0,constructor,0.018913554777133603,0.002410314105975548,0.4947909982552403,0.8355898183848837,0.6992702903330263,4
v34,C++,ocr_only,9,480.0,540.0,object,0.004179815293344902,0.005848491040806078,0.1066364692683384,1.0,0.6426545877073353,5
v34,C++,ocr_only,9,480.0,540.0,data type,0.015310145591285284,-0.000931049787170501,0.3998606109751492,0.6758091395753991,0.5654297281352991,6
v34,C++,ocr_only,9,480.0,540.0,polymorphism,0.0001320615243202058,0.002540690682367627,0.0,0.8418242958446759,0.5050945775068055,7
v34,C++,ocr_only,9,480.0,540.0,inheritance,0.0003137152833747933,-0.0034633046012649254,0.004785596308534864,0.5547192475272639,0.33474578703977226,8
v34,C++,ocr_only,9,480.0,540.0,variable,0.028530640104790523,-0.015063698831225611,0.7481493007887406,0.0,0.29925972031549625,9
v34,C++,ocr_only,9,480.0,540.0,pointer,0.0016251006531211947,-0.009893097291584486,0.03933352428529157,0.24725299317200514,0.1640852056173197,10
v34,C++,ocr_only,10,540.0,600.0,template,0.03116869791058129,0.005375361080494518,0.8157670886804056,0.9433088571895633,0.8922921497859002,1
v34,C++,ocr_only,10,540.0,600.0,class,0.021169956298784945,0.005772471705222465,0.553112993809884,0.9591502163167342,0.7967353273139941,2
v34,C++,ocr_only,10,540.0,600.0,reference,0.03818209428493326,-0.002801737012024226,1.0,0.6171117236063529,0.7702670341638118,3
v34,C++,ocr_only,10,540.0,600.0,object,0.004180373351990576,0.006796492623392263,0.1068184795228781,1.0,0.6427273918091512,4
v34,C++,ocr_only,10,540.0,600.0,constructor,0.01897446553709156,-0.0023699167833982886,0.4954402724617455,0.6343377027015406,0.5787787306056226,5
v34,C++,ocr_only,10,540.0,600.0,data type,0.015337635747411803,-0.001265154118620338,0.39990542680881613,0.6784083999663834,0.5670072107033565,6
v34,C++,ocr_only,10,540.0,600.0,polymorphism,0.00011399709145397608,0.0015781819440153408,0.0,0.7918334882986479,0.4751000929791887,7
v34,C++,ocr_only,10,540.0,600.0,inheritance,0.00032530219690343943,-0.00218644979528495,0.005550713616588591,0.6416564855940279,0.38721417680305215,8
v34,C++,ocr_only,10,540.0,600.0,variable,0.02861398895383733,-0.018271471655431873,0.7486581669037332,0.0,0.2994632667614933,9
v34,C++,ocr_only,10,540.0,600.0,pointer,0.0016299835676879212,-0.008537103753641823,0.03982301685658246,0.3883190431228212,0.2489206326163257,10
v34,C++,ocr_only,11,600.0,660.0,constructor,0.015494592049843606,0.08173534821230562,0.43057560106749493,1.0,0.772230240426998,1
v34,C++,ocr_only,11,600.0,660.0,class,0.030663910007585532,0.012308174155269509,1.0,0.4749607478416272,0.6849764487049763,2
v34,C++,ocr_only,11,600.0,660.0,inheritance,0.02142116601852343,0.029987672404755566,0.6530467648499235,0.6086609980033244,0.626415304741964,3
v34,C++,ocr_only,11,600.0,660.0,pointer,0.0040241699715426234,0.07009909662909392,0.0,0.9120014761920592,0.5472008857152355,4
v34,C++,ocr_only,11,600.0,660.0,polymorphism,0.0087236212768881,0.033489605091840194,0.1764075512368828,0.6351441747148722,0.4516495253236764,5
v34,C++,ocr_only,11,600.0,660.0,data type,0.015361446455060475,0.009168721798826291,0.4255775945327844,0.4512188090431441,0.4409623232390002,6
v34,C++,ocr_only,11,600.0,660.0,object,0.024173347616164402,-0.023082629205408375,0.7563578930335071,0.20731970984533568,0.4269349831206043,7
v34,C++,ocr_only,11,600.0,660.0,template,0.005766096198040314,0.008279130107685315,0.06538825920001126,0.4444913199499073,0.2928500956499489,8
v34,C++,ocr_only,11,600.0,660.0,variable,0.006266570375261291,-0.0035081882790389003,0.08417501074277584,0.3553503616036254,0.24688022125928555,9
v34,C++,ocr_only,11,600.0,660.0,reference,0.008381311483736395,-0.05049700160083578,0.16355795913543705,0.0,0.06542318365417482,10
v35,C++,ocr_only,1,0.0,60.0,reference,0.03497549441547436,0.7965840673109054,1.0,1.0,1.0,1
v35,C++,ocr_only,1,0.0,60.0,variable,0.02628996009771982,0.2986160845473114,0.7398842092223756,0.38579866691363407,0.5274328838371307,2
v35,C++,ocr_only,1,0.0,60.0,template,0.027879739087261407,0.10348247383704799,0.7874951683064877,0.14511788425958508,0.40206879787834615,3
v35,C++,ocr_only,1,0.0,60.0,class,0.032268923811429255,0.007831911089324102,0.9189431844708116,0.027141015899348475,0.38386188332793375,4
v35,C++,ocr_only,1,0.0,60.0,constructor,0.023254270299350215,0.010699170145979384,0.6489708786694869,0.030677537113278978,0.27799487373576215,5
v35,C++,ocr_only,1,0.0,60.0,object,0.01332551324647093,0.10192653827060942,0.3516228517358607,0.14319876951289112,0.22656840240207896,6
v35,C++,ocr_only,1,0.0,60.0,data type,0.014788614170620168,0.031043637790057158,0.39544003556698076,0.0557707149488853,0.1916384431961235,7
v35,C++,ocr_only,1,0.0,60.0,inheritance,0.010509811708453153,-0.005670732474455529,0.26729776529205795,0.010486648622485455,0.11321109529031446,8
v35,C++,ocr_only,1,0.0,60.0,polymorphism,0.0018378811679588764,0.030778477347315522,0.007589382642725998,0.0554436619995976,0.03630195025684895,9
v35,C++,ocr_only,1,0.0,60.0,pointer,0.0015844638602402492,-0.014172855441608727,0.0,0.0,0.0,10
v35,C++,ocr_only,2,60.0,120.0,reference,0.03569900570150838,0.6124983321359131,1.0,1.0,1.0,1
v35,C++,ocr_only,2,60.0,120.0,template,0.029291425210687505,0.11518559865239378,0.8162433517844913,0.2497817164069643,0.47636637055797515,2
v35,C++,ocr_only,2,60.0,120.0,variable,0.027640745341948988,0.11921375792465477,0.7689051403658865,0.25585837306947695,0.4610770799880408,3
v35,C++,ocr_only,2,60.0,120.0,class,0.022368099607203134,0.015535200455506236,0.617696160809147,0.09945467738070736,0.30675127075208325,4
v35,C++,ocr_only,2,60.0,120.0,constructor,0.018609803966908523,0.01402127810279364,0.5099157262359368,0.09717085846260036,0.262268805571935,5
v35,C++,ocr_only,2,60.0,120.0,data type,0.01692909201481283,0.006358537987503633,0.46171625447350195,0.08561127562898913,0.23605326716679426,6
v35,C++,ocr_only,2,60.0,120.0,object,0.0055123728855391045,0.10542104874311314,0.13430748546645663,0.23505146041354555,0.19475387043470999,7
v35,C++,ocr_only,2,60.0,120.0,polymorphism,0.0008290809774456078,0.016478715259136585,0.0,0.10087801124864591,0.06052680674918755,8
v35,C++,ocr_only,2,60.0,120.0,inheritance,0.0018058808595411394,-0.0053683975678879055,0.028012675387895775,0.06792067397769733,0.05195747454177671,9
v35,C++,ocr_only,2,60.0,120.0,pointer,0.0017838142398977472,-0.05039238161972788,0.02737984868069716,0.0,0.010951939472278864,10
v35,C++,ocr_only,3,120.0,180.0,reference,0.03307438712120048,0.5068703683402923,1.0,1.0,1.0,1
v35,C++,ocr_only,3,120.0,180.0,variable,0.026997595766936177,0.10493836543037065,0.8066924128275988,0.24690440897414495,0.4708196105155265,2
v35,C++,ocr_only,3,120.0,180.0,template,0.02747285830499897,0.08535987508962528,0.8218108938071836,0.21022040608855724,0.4548566011760078,3
v35,C++,ocr_only,3,120.0,180.0,class,0.024442669427899237,0.012566177929559365,0.7254181650856767,0.0738276531133656,0.33446385790229005,4
v35,C++,ocr_only,3,120.0,180.0,constructor,0.0185247826242306,0.014683588213176,0.5371654586020466,0.07779502156733235,0.26154319638121803,5
v35,C++,ocr_only,3,120.0,180.0,data type,0.01930947623967966,-0.0022056072604335693,0.5621271893294972,0.046149921015337415,0.25254082834100133,6
v35,C++,ocr_only,3,120.0,180.0,object,0.007212288948379715,0.0676491488090513,0.17730599825588297,0.1770360122627309,0.17714400665999175,7
v35,C++,ocr_only,3,120.0,180.0,inheritance,0.0037746479755266524,0.0013117004758818381,0.06795189289222045,0.05274026199172867,0.058824914351925384,8
v35,C++,ocr_only,3,120.0,180.0,polymorphism,0.001638521394705652,0.002271971779148246,0.0,0.05453951181369583,0.0327237070882175,9
v35,C++,ocr_only,3,120.0,180.0,pointer,0.002010652695346352,-0.026836119520586253,0.011837793935067604,0.0,0.004735117574027042,10
v35,C++,ocr_only,4,180.0,240.0,reference,0.028135375704521397,0.4585152181383805,0.6499184380630881,1.0,0.8599673752252353,1
v35,C++,ocr_only,4,180.0,240.0,class,0.04085357327427815,0.019592785850374668,1.0,0.0834914229100133,0.450094853746008,2
v35,C++,ocr_only,4,180.0,240.0,variable,0.025760934724478043,0.11218208794709836,0.5845594905816262,0.2768260152571679,0.3999194053869512,3
v35,C++,ocr_only,4,180.0,240.0,template,0.02544349970265311,0.08499847076756373,0.5758217627987045,0.22006423579763348,0.36236724659806185,4
v35,C++,ocr_only,4,180.0,240.0,constructor,0.024841126108698132,0.015580238334303059,0.559240805671354,0.0751128713848826,0.2687640450994712,5
v35,C++,ocr_only,4,180.0,240.0,data type,0.024833235995294786,0.005863296332163317,0.5590236221271487,0.054823043312929705,0.25650327483861735,6
v35,C++,ocr_only,4,180.0,240.0,object,0.019358122228569648,0.042974184363825184,0.40831544443730616,0.1323138359505829,0.24271447934527224,7
v35,C++,ocr_only,4,180.0,240.0,inheritance,0.017942064051173903,0.007480590216130116,0.36933697631576395,0.058200094945046195,0.1826548474933333,8
v35,C++,ocr_only,4,180.0,240.0,polymorphism,0.004648658130703128,0.0023408777776179166,0.0034222087101522035,0.04746792409399797,0.029849637940459663,9
v35,C++,ocr_only,4,180.0,240.0,pointer,0.004524331884385415,-0.02039184641046612,0.0,0.0,0.0,10
v35,C++,ocr_only,5,240.0,300.0,reference,0.03645885438866207,0.21096274393488984,1.0,1.0,1.0,1
v35,C++,ocr_only,5,240.0,300.0,template,0.03135019014430598,0.14731950952794023,0.854692433034589,0.7112075603157175,0.7686015094032661,2
v35,C++,ocr_only,5,240.0,300.0,variable,0.030142425847722407,0.03846751429900723,0.8203395605399572,0.21727236736718358,0.458499244636293,3
v35,C++,ocr_only,5,240.0,300.0,class,0.02936479215386382,0.03526959413817553,0.7982210468463333,0.20276123867034768,0.44094516194074196,4
v35,C++,ocr_only,5,240.0,300.0,data type,0.020896041649578742,0.031205277165465232,0.5573413428465518,0.18431868110493466,0.3335277458015815,5
v35,C++,ocr_only,5,240.0,300.0,constructor,0.021927101667318417,0.010427494751029819,0.5866681522446413,0.09003581615301205,0.28868875058966376,6
v35,C++,ocr_only,5,240.0,300.0,object,0.00875596586806319,0.035914580157361806,0.2120368189611539,0.20568797688186005,0.2082275137135776,7
v35,C++,ocr_only,5,240.0,300.0,inheritance,0.006012992079296914,0.000400304715696101,0.13401743298646251,0.04453566675825184,0.08032837324953611,8
v35,C++,ocr_only,5,240.0,300.0,pointer,0.002831259626241988,-0.00019419050293769348,0.043518277165237984,0.041838039490094854,0.04251013456015211,9
v35,C++,ocr_only,5,240.0,300.0,polymorphism,0.0013012617660276575,-0.00941433545308349,0.0,0.0,0.0,10
v35,C++,ocr_only,6,300.0,360.0,reference,0.03607048957742737,0.10548083393614774,1.0,1.0,1.0,1
v35,C++,ocr_only,6,300.0,360.0,template,0.03148489423475396,0.10220029496823771,0.8679782630940479,0.9723867764442414,0.930623371104164,2
v35,C++,ocr_only,6,300.0,360.0,class,0.03147896082133602,0.025186171903062934,0.867807436955525,0.32413713882320117,0.5416052580761307,3
v35,C++,ocr_only,6,300.0,360.0,variable,0.03225374228361346,0.021793122303558312,0.8901138086976,0.29557688148640493,0.533391652370883,4
v35,C++,ocr_only,6,300.0,360.0,data type,0.024780037614253382,0.01785855379591613,0.6749418631076957,0.2624585064694523,0.42745184912474965,5
v35,C++,ocr_only,6,300.0,360.0,constructor,0.022106469185156043,0.011348570333361075,0.5979684013498235,0.20766213597843292,0.36378464212698913,6
v35,C++,ocr_only,6,300.0,360.0,object,0.008645619416539838,0.025982524052295824,0.21042335345932922,0.3308402599081752,0.28267349732863684,7
v35,C++,ocr_only,6,300.0,360.0,pointer,0.00249524019722756,0.023663045166695706,0.03335065373644164,0.3113165506556856,0.200130191887988,8
v35,C++,ocr_only,6,300.0,360.0,inheritance,0.006202079898240431,0.0006782014865913263,0.14007254679261086,0.11784662600570206,0.1267369943204656,9
v35,C++,ocr_only,6,300.0,360.0,polymorphism,0.0013368506317434725,-0.01332235328629759,0.0,0.0,0.0,10
v35,C++,ocr_only,7,360.0,420.0,reference,0.035113238460328156,0.13252866560261767,0.9701470820477731,1.0,0.9880588328191092,1
v35,C++,ocr_only,7,360.0,420.0,template,0.03162336218203849,0.09658521458628412,0.8682385657990951,0.7467566088847277,0.7953493916504747,2
v35,C++,ocr_only,7,360.0,420.0,variable,0.0338892660214309,0.05712863675439487,0.9344056387326465,0.46876111069478854,0.6550189219099318,3
v35,C++,ocr_only,7,360.0,420.0,class,0.03613555724225386,0.021691390183914097,1.0,0.21908423661782525,0.5314505419706952,4
v35,C++,ocr_only,7,360.0,420.0,data type,0.029034528913282516,0.022926031295066717,0.7926415714656935,0.2277830313344632,0.45372644738695533,5
v35,C++,ocr_only,7,360.0,420.0,constructor,0.02352217708636799,0.013783164740176383,0.6316743763773747,0.16336599664787518,0.350689348539675,6
v35,C++,ocr_only,7,360.0,420.0,object,0.010668270980141727,0.014053155016466335,0.25632511043511236,0.16526824173571458,0.20169098921547368,7
v35,C++,ocr_only,7,360.0,420.0,pointer,0.0028869028996932,0.0315912434851231,0.02909995623796584,0.28883470160246516,0.18494080345666541,8
v35,C++,ocr_only,7,360.0,420.0,inheritance,0.008862300117766855,0.006187625675316269,0.20358862458376703,0.10985082167873803,0.14734594284074964,9
v35,C++,ocr_only,7,360.0,420.0,polymorphism,0.0018903694330854788,-0.009403768874903025,0.0,0.0,0.0,10
v35,C++,ocr_only,8,420.0,480.0,variable,0.026787829179727395,0.5866743497321804,0.35074684980124704,1.0,0.7402987399204988,1
v35,C++,ocr_only,8,420.0,480.0,reference,0.02192691155182292,0.560141831372234,0.27824067428769067,0.9588134043519608,0.6865843123262527,2
v35,C++,ocr_only,8,420.0,480.0,class,0.0703146882426987,-0.03378758062286809,1.0,0.0368530309164808,0.4221118185498885,3
v35,C++,ocr_only,8,420.0,480.0,data type,0.032206860572199174,0.10981010484524152,0.43157793383371074,0.25976062404935085,0.3284875479630948,4
v35,C++,ocr_only,8,420.0,480.0,inheritance,0.040101935389408615,0.03581907291813389,0.549342052506099,0.1449038783676683,0.30667914802304064,5
v35,C++,ocr_only,8,420.0,480.0,polymorphism,0.007987513178731743,0.15037461282572495,0.07031852000332821,0.3227291657154124,0.22176490743057872,6
v35,C++,ocr_only,8,420.0,480.0,constructor,0.03519701958248012,-0.02456204228976533,0.4761795935632002,0.05117389227635045,0.22117617279109036,7
v35,C++,ocr_only,8,420.0,480.0,object,0.03853180845030678,-0.05752840464646645,0.5259218038741225,0.0,0.210368721549649,8
v35,C++,ocr_only,8,420.0,480.0,pointer,0.0032732591026989606,0.15817000114303914,0.0,0.33482999618272863,0.20089799770963718,9
v35,C++,ocr_only,8,420.0,480.0,template,0.019793169522399966,-0.0337019102554395,0.24641345853775262,0.03698601756834823,0.12075699395611,10
v35,C++,ocr_only,9,480.0,540.0,variable,0.027254971098693286,0.6450462840145269,0.27044525170837386,1.0,0.7081781006833495,1
v35,C++,ocr_only,9,480.0,540.0,reference,0.019032820969397322,0.6190740376286292,0.1758978431788296,0.9631903761788472,0.6482733629788402,2
v35,C++,ocr_only,9,480.0,540.0,class,0.09069942464096098,-0.017858747549222117,1.0,0.06048616363579776,0.43629169818147867,3
v35,C++,ocr_only,9,480.0,540.0,data type,0.036125677803961934,0.14145064211628824,0.37245048362702504,0.2862702031692037,0.3207423153523322,4
v35,C++,ocr_only,9,480.0,540.0,inheritance,0.055981266983018266,0.015226045435925614,0.6007720871231881,0.10737616944774248,0.3047345365179207,5
v35,C++,ocr_only,9,480.0,540.0,object,0.05220971050475342,-0.025332652969571535,0.5574025444202151,0.04989363948866369,0.25289720146128425,6
v35,C++,ocr_only,9,480.0,540.0,constructor,0.04346195644089462,-0.0025141198858703896,0.4568111584462814,0.08223360756387944,0.23206462791684024,7
v35,C++,ocr_only,9,480.0,540.0,polymorphism,0.010306701945995958,0.17216329582132656,0.07555524091432901,0.3297982527893414,0.22810104803933645,8
v35,C++,ocr_only,9,480.0,540.0,pointer,0.003736172478140515,0.18850730261524168,0.0,0.35296208439926496,0.21177725063955896,9
v35,C++,ocr_only,9,480.0,540.0,template,0.01785477459073329,-0.06053675894427216,0.16235135832039319,0.0,0.06494054332815728,10
v36,C++,ocr_only,1,0.0,60.0,object,0.11664049144900604,0.027766866417837287,0.7415586319948108,1.0,0.8966234527979242,1
v36,C++,ocr_only,1,0.0,60.0,class,0.15600671591972878,0.00951124657758998,1.0,0.6067069619472062,0.7640241771683237,2
v36,C++,ocr_only,1,0.0,60.0,data type,0.0362629373595707,0.011371565661929766,0.21387569274738902,0.6467850612300665,0.4736213138369955,3
v36,C++,ocr_only,1,0.0,60.0,reference,0.006215070770670482,0.0161230567382985,0.016609842357083123,0.7491496140121036,0.4561337053500954,4
v36,C++,ocr_only,1,0.0,60.0,pointer,0.03869024424307735,0.008811173811798807,0.2298110921913569,0.5916248257433717,0.4468993323225658,5
v36,C++,ocr_only,1,0.0,60.0,variable,0.003685031606665113,0.013427996653602023,0.0,0.6910881306047706,0.41465287836286235,6
v36,C++,ocr_only,1,0.0,60.0,template,0.02910339542372281,0.006710415380709271,0.16687291721916528,0.5463667806696728,0.3945692352894698,7
v36,C++,ocr_only,1,0.0,60.0,polymorphism,0.027406446311469053,0.005889269211973545,0.15573235558536627,0.5286762791028353,0.3794987096958477,8
v36,C++,ocr_only,1,0.0,60.0,inheritance,0.13074157268538225,-0.01865048165074652,0.8341329840968696,0.0,0.3336531936387479,9
v36,C++,ocr_only,1,0.0,60.0,constructor,0.08332896534481143,-0.010376822375507794,0.5228666824249117,0.17824497993754418,0.3160936609324912,10
v37,C++,ocr_only,1,0.0,60.0,object,0.057747987127668356,0.00835892654933635,0.8042388039781356,0.8916770978852413,0.856701780322399,1
v37,C++,ocr_only,1,0.0,60.0,class,0.07152391069071437,-0.005620522288171026,1.0,0.5407757334880574,0.7244654400928345,2
v37,C++,ocr_only,1,0.0,60.0,template,0.01295780697303635,0.012674368498799861,0.1677530397404317,1.0,0.6671012158961727,3
v37,C++,ocr_only,1,0.0,60.0,pointer,0.018335528504938258,0.00468936849738102,0.24417254033795646,0.799566676213181,0.5774090218630912,4
v37,C++,ocr_only,1,0.0,60.0,constructor,0.03827045846396013,-0.0068948455838382505,0.5274555967174688,0.5087886509978672,0.5162554292857078,5
v37,C++,ocr_only,1,0.0,60.0,inheritance,0.06041028471182962,-0.018782489358954414,0.8420710812012455,0.210394167163572,0.4630649327786414,6
v37,C++,ocr_only,1,0.0,60.0,polymorphism,0.01650970289922617,-0.012077707845974056,0.2182268530912342,0.3786924318689297,0.3145062003578515,7
v37,C++,ocr_only,1,0.0,60.0,variable,0.0011528471551840974,-0.008326006343093433,0.0,0.47286475521830373,0.2837188531309822,8
v37,C++,ocr_only,1,0.0,60.0,data type,0.020245762796985263,-0.017789257501362732,0.2713177076279539,0.23532550873810973,0.2497223882940474,9
v37,C++,ocr_only,1,0.0,60.0,reference,0.005718156428524607,-0.02716431625958739,0.06487480853597573,0.0,0.025949923414390293,10
v37,C++,ocr_only,2,60.0,120.0,inheritance,0.12615530816390721,0.015440117711225351,0.8280156721875408,1.0,0.9312062688750163,1
v37,C++,ocr_only,2,60.0,120.0,class,0.15141859437857172,-0.007220098304435427,1.0,0.5986173037507274,0.7591703822504365,2
v37,C++,ocr_only,2,60.0,120.0,data type,0.03584926493287968,0.003537228017005413,0.21324117252344787,0.7891629119809889,0.5587942161979724,3
v37,C++,ocr_only,2,60.0,120.0,reference,0.006628305533117707,0.00663446085924625,0.014314278464587906,0.8440245103113512,0.5121404175726458,4
v37,C++,ocr_only,2,60.0,120.0,object,0.11265603086724103,-0.02088261600791547,0.7361169337536836,0.35661174698170806,0.5084138216904983,5
v37,C++,ocr_only,2,60.0,120.0,pointer,0.036901163310375094,-0.0029991367928463492,0.22040215838424823,0.6733836215614284,0.49219103629055627,6
v37,C++,ocr_only,2,60.0,120.0,template,0.02832161278197358,-0.0025478514514697195,0.1619953375921196,0.6813772844185847,0.47362450568799863,7
v37,C++,ocr_only,2,60.0,120.0,variable,0.00452563886338703,0.0008148709273444354,0.0,0.740941525739734,0.4445649154438404,8
v37,C++,ocr_only,2,60.0,120.0,polymorphism,0.026429006333915345,-0.005167828079034099,0.14911108156077715,0.634969373648666,0.44062605681351047,9
v37,C++,ocr_only,2,60.0,120.0,constructor,0.08072794769743742,-0.04101527069343074,0.5187608116862567,0.0,0.20750432467450267,10
v38,C++,ocr_only,1,0.0,60.0,constructor,0.08638217776061544,0.15801101883636592,0.5271840777470718,1.0,0.8108736310988287,1
v38,C++,ocr_only,1,0.0,60.0,class,0.1614100514439123,0.00229663167050726,1.0,0.31237193671966457,0.5874231620317988,2
v38,C++,ocr_only,1,0.0,60.0,inheritance,0.13611665938402503,0.010319866795242818,0.8406043260111355,0.347802199333666,0.5449230500046539,3
v38,C++,ocr_only,1,0.0,60.0,object,0.12130632923642287,-0.006028317536652641,0.7472715476204318,0.2756093176424105,0.464274209633619,4
v38,C++,ocr_only,1,0.0,60.0,pointer,0.04077274296812344,0.06813359667048273,0.2397593392308875,0.6031051538562914,0.45776682800612983,5
v38,C++,ocr_only,1,0.0,60.0,template,0.030019559129002372,0.024409714689775982,0.17199417030832473,0.410022364059438,0.31481108655899265,6
v38,C++,ocr_only,1,0.0,60.0,polymorphism,0.02854639129271357,-0.0017787775983678302,0.16271045780317736,0.2943751039694167,0.24170924550292094,7
v38,C++,ocr_only,1,0.0,60.0,variable,0.00272699921970775,0.004939645929741954,0.0,0.3240433744678288,0.19442602468069728,8
v38,C++,ocr_only,1,0.0,60.0,data type,0.03677486106353298,-0.036100918835364294,0.21456520634427134,0.14280999854796564,0.1715120816664879,9
v38,C++,ocr_only,1,0.0,60.0,reference,0.005734019774408207,-0.06844045323273766,0.01894985326127842,0.0,0.007579941304511369,10
v38,C++,ocr_only,2,60.0,120.0,class,0.05517406862195047,0.0304158321309857,1.0,0.9893057226840989,0.9935834336104593,1
v38,C++,ocr_only,2,60.0,120.0,object,0.019048375024992282,0.030885590159209095,0.29163632443582865,1.0,0.7166545297743314,2
v38,C++,ocr_only,2,60.0,120.0,constructor,0.0293299453733306,0.02023772002652551,0.49324050797830793,0.7575958915417041,0.6518537381163456,3
v38,C++,ocr_only,2,60.0,120.0,inheritance,0.01984865576373423,0.017260018481850208,0.30732847451336204,0.6898070211669308,0.5368156025055033,4
v38,C++,ocr_only,2,60.0,120.0,data type,0.04621945802295778,-0.0016202551439416129,0.8244152500456782,0.2599881147867036,0.48575896889029346,5
v38,C++,ocr_only,2,60.0,120.0,template,0.032105471995930675,0.004436603667905975,0.5476638849228753,0.3978755459863979,0.4577908815609889,6
v38,C++,ocr_only,2,60.0,120.0,variable,0.040409939004111675,-0.0026643753847872395,0.7105004200257421,0.23621819338913141,0.42593108404377567,7
v38,C++,ocr_only,2,60.0,120.0,pointer,0.004503686727963992,0.010701314553320095,0.006439617156949941,0.5404948339758787,0.32687274724830717,8
v38,C++,ocr_only,2,60.0,120.0,reference,0.031134319161204328,-0.0060536276773562585,0.5286212224008402,0.15906016365334158,0.306884587152341,9
v38,C++,ocr_only,2,60.0,120.0,polymorphism,0.004175274015230794,-0.013040522316378275,0.0,0.0,0.0,10
v38,C++,ocr_only,3,120.0,180.0,class,0.08350601890242992,0.016413820171768727,1.0,1.0,1.0,1
v38,C++,ocr_only,3,120.0,180.0,constructor,0.03722589623255604,0.01087372876120771,0.39596329930392365,0.8057170618860509,0.6418155568531999,2
v38,C++,ocr_only,3,120.0,180.0,inheritance,0.03681059494936551,0.008748706017021973,0.39054288979717555,0.7311956087720552,0.5949345211821033,3
v38,C++,ocr_only,3,120.0,180.0,variable,0.04898057170647492,-0.0011703579772686936,0.5493824127679632,0.3833484789435734,0.4497620524733293,4
v38,C++,ocr_only,3,120.0,180.0,template,0.03081011864990371,0.0027162942632731404,0.3122261590402952,0.5196477131547946,0.43667909150899487,5
v38,C++,ocr_only,3,120.0,180.0,object,0.031647162098909894,-0.0008979573131081123,0.32315104285885266,0.3929011735573162,0.3650011212779307,6
v38,C++,ocr_only,3,120.0,180.0,reference,0.022287285133011602,0.00041788870967424927,0.2009882464952489,0.43904597740015094,0.34382288503819014,7
v38,C++,ocr_only,3,120.0,180.0,data type,0.07258747847558204,-0.01210176366870052,0.8574939141174084,0.0,0.3429975656469634,8
v38,C++,ocr_only,3,120.0,180.0,polymorphism,0.007703315946432044,0.0020042530661246553,0.01064189211427507,0.4946774652674637,0.30106323600618823,9
v38,C++,ocr_only,3,120.0,180.0,pointer,0.0068879547739723905,-0.0014800092126581058,0.0,0.37248946104228264,0.2234936766253696,10
v38,C++,ocr_only,4,180.0,240.0,class,0.08995950350663542,0.01556663800495837,1.0,1.0,1.0,1
v38,C++,ocr_only,4,180.0,240.0,constructor,0.0395163322178058,0.010760532675878573,0.388775815921271,0.8158015729521741,0.6449912701398128,2
v38,C++,ocr_only,4,180.0,240.0,inheritance,0.040153189101229,0.004233498894971013,0.39649266478306067,0.5656469730401099,0.4979852497372902,3
v38,C++,ocr_only,4,180.0,240.0,variable,0.05186150325311148,-0.0020513729427764534,0.5383633002243846,0.3247734533305628,0.4102093920880915,4
v38,C++,ocr_only,4,180.0,240.0,object,0.03432653646168216,0.0010078126956356319,0.325890620650561,0.4420195692725734,0.39556798982376845,5
v38,C++,ocr_only,4,180.0,240.0,data type,0.07824587495589465,-0.010525361835148432,0.85806496953705,0.0,0.34322598781482005,6
v38,C++,ocr_only,4,180.0,240.0,pointer,0.0074314023568742,0.001156195017606097,0.0,0.4477064588509791,0.26862387531058746,7
v38,C++,ocr_only,4,180.0,240.0,template,0.031968200412792094,-0.004281702249118272,0.29731446275968126,0.23929402208690964,0.2625021983560183,8
v38,C++,ocr_only,4,180.0,240.0,reference,0.0223314447541444,-0.0026063937666552677,0.18054507724867613,0.3035017674774273,0.25431909138592684,9
v38,C++,ocr_only,4,180.0,240.0,polymorphism,0.00839922463535373,-0.0035791908199734276,0.011727184619494065,0.26621842165190557,0.16442192683894097,10
v38,C++,ocr_only,5,240.0,300.0,class,0.08406842469827061,0.026276492764376592,1.0,1.0,1.0,1
v38,C++,ocr_only,5,240.0,300.0,object,0.03189621836554758,0.015207511656442421,0.32358736949458977,0.6875460190797119,0.5419625592456631,2
v38,C++,ocr_only,5,240.0,300.0,data type,0.07304533291973868,0.0025381343390676425,0.8570856202885415,0.32991623003278214,0.5407839861350859,3
v38,C++,ocr_only,5,240.0,300.0,constructor,0.03743253757766263,0.013051128382593905,0.3953657454693772,0.626675869267916,0.5341518197485005,4
v38,C++,ocr_only,5,240.0,300.0,inheritance,0.03711466184999761,0.0075661477562374395,0.3912444868100734,0.4718464395973487,0.43960565848243854,5
v38,C++,ocr_only,5,240.0,300.0,variable,0.04921350350050805,-0.0008327262082613435,0.548105963104535,0.23476394936034267,0.3601007548580196,6
v38,C++,ocr_only,5,240.0,300.0,reference,0.02229785556279314,-0.0010675099759738125,0.19914460028234982,0.2281364989959508,0.21653973951051042,7
v38,C++,ocr_only,5,240.0,300.0,pointer,0.006937685294808614,0.0004092278298597638,0.0,0.26982169131030526,0.16189301478618315,8
v38,C++,ocr_only,5,240.0,300.0,template,0.030909870319197508,-0.009149463644730719,0.310799367538708,0.0,0.1243197470154832,9
v38,C++,ocr_only,5,240.0,300.0,polymorphism,0.00776647517446527,-0.004757488620601879,0.01074526039898764,0.12397618778189853,0.07868381682873417,10
v38,C++,ocr_only,6,300.0,360.0,reference,0.010554922335337414,0.05340137672809351,0.05786743362360577,1.0,0.6231469734494423,1
v38,C++,ocr_only,6,300.0,360.0,class,0.15721663318863263,-0.00662756682077241,1.0,0.30056019320810357,0.5803361159248621,2
v38,C++,ocr_only,6,300.0,360.0,object,0.10999760974336202,-0.004030758282647225,0.6966721615242879,0.3308174517038037,0.4771593356319974,3
v38,C++,ocr_only,6,300.0,360.0,inheritance,0.11927526600476367,-0.007702866786199028,0.7562704169425388,0.28803111047571994,0.4753268330624475,4
v38,C++,ocr_only,6,300.0,360.0,constructor,0.07471981109439574,-0.012639790093916137,0.4700529383890388,0.23050751468421446,0.32632568416614416,5
v38,C++,ocr_only,6,300.0,360.0,variable,0.010279576707267847,-0.005247470067376442,0.05609865510803814,0.3166406795448923,0.21242386977015063,6
v38,C++,ocr_only,6,300.0,360.0,template,0.0025124047570017987,-0.008411869152908686,0.006203521603760734,0.2797700209234323,0.17034342119556364,7
v38,C++,ocr_only,6,300.0,360.0,data type,0.011682836167339058,-0.01804207507354916,0.06511298085616259,0.16756165991811517,0.12658218829333412,8
v38,C++,ocr_only,6,300.0,360.0,polymorphism,0.018178899284351773,-0.03242294005507503,0.10684270417771978,0.0,0.04273708167108792,9
v38,C++,ocr_only,6,300.0,360.0,pointer,0.0015467029819084595,-0.03120322513379162,0.0,0.014211763833377997,0.008527058300026797,10
v38,C++,ocr_only,7,360.0,420.0,class,0.07828191986352984,0.03157560006799728,1.0,1.0,1.0,1
v38,C++,ocr_only,7,360.0,420.0,constructor,0.03508636309581063,0.020794596983882866,0.39853635460438186,0.6852255960408246,0.5705498994662475,2
v38,C++,ocr_only,7,360.0,420.0,data type,0.06799865508746608,0.0074197955653444855,0.8568137470240499,0.2947197115933777,0.5195573257656466,3
v38,C++,ocr_only,7,360.0,420.0,inheritance,0.034547683132510006,0.01369645196369203,0.3910356661384214,0.47798009666437274,0.4432023244539922,4
v38,C++,ocr_only,7,360.0,420.0,object,0.029715616073890234,0.014621264962550975,0.32375298973950367,0.5049819867685007,0.43249038795690187,5
v38,C++,ocr_only,7,360.0,420.0,variable,0.04589118298411646,-0.0010662236174650115,0.548984846165905,0.046952262737814394,0.24776529610905065,6
v38,C++,ocr_only,7,360.0,420.0,template,0.028876901911841075,-0.002513410207362225,0.3120745645703667,0.0046985603041482926,0.12764896201063566,7
v38,C++,ocr_only,7,360.0,420.0,reference,0.02089821943719309,-0.0026743355954903206,0.20097778041588618,0.0,0.08039111216635447,8
v38,C++,ocr_only,7,360.0,420.0,polymorphism,0.007230634020848359,0.0013479482989397977,0.010667564194433144,0.11743916642500744,0.07473052553277773,9
v38,C++,ocr_only,7,360.0,420.0,pointer,0.006464517268387226,-0.00027584345974133475,0.0,0.07002909901246665,0.04201745940747999,10
v38,C++,ocr_only,8,420.0,480.0,class,0.03145080897125955,0.0150636882628815,1.0,0.8557132900947477,0.9134279740568486,1
v38,C++,ocr_only,8,420.0,480.0,object,0.01802312242853538,0.03604330435603793,0.5191606338889576,1.0,0.807664253555583,2
v38,C++,ocr_only,8,420.0,480.0,reference,0.02211274577767362,0.009559593972802078,0.6656081915211454,0.8178590389684413,0.7569586999895228,3
v38,C++,ocr_only,8,420.0,480.0,template,0.018141587335354845,0.014813569497906812,0.523402808482491,0.8539931054391507,0.7217569866564868,4
v38,C++,ocr_only,8,420.0,480.0,variable,0.017295434372045313,0.005258902377456784,0.4931024545670062,0.7882811554717093,0.6702096751098281,5
v38,C++,ocr_only,8,420.0,480.0,pointer,0.003525294778598267,0.030213192266664916,0.0,0.9599035707794067,0.575942142467644,6
v38,C++,ocr_only,8,420.0,480.0,data type,0.016722003990720144,-0.0353045392408643,0.4725681726422757,0.5093072453890309,0.4946116162903288,7
v38,C++,ocr_only,8,420.0,480.0,inheritance,0.015477399346891324,-0.04033653953830628,0.42799944473122803,0.47469980720063665,0.45601966221287316,8
v38,C++,ocr_only,8,420.0,480.0,constructor,0.01958128325696223,-0.09271091539511858,0.5749576665837515,0.11449653454944622,0.29868098736316834,9
v38,C++,ocr_only,8,420.0,480.0,polymorphism,0.005169983641132189,-0.10935897217333168,0.05889556235874577,0.0,0.02355822494349831,10
v39,C++,ocr_only,1,0.0,60.0,class,0.11821817956914218,0.06157719811393885,1.0,0.8255442633055394,0.8953265579833236,1
v39,C++,ocr_only,1,0.0,60.0,data type,0.10375307720706202,0.05306851475398264,0.8665670087172869,0.7143985871031834,0.7752659557488248,2
v39,C++,ocr_only,1,0.0,60.0,constructor,0.04850330373432311,0.07493254107085719,0.35691679279584976,1.0,0.7427667171183399,3
v39,C++,ocr_only,1,0.0,60.0,template,0.03395460595983813,0.07147092577175126,0.22271267762783828,0.9547822433982867,0.6619544170901073,4
v39,C++,ocr_only,1,0.0,60.0,variable,0.06250114967329222,0.052527194765954265,0.4860395883626161,0.7073275311517518,0.6188123540360976,5
v39,C++,ocr_only,1,0.0,60.0,reference,0.018155220758964908,0.06320924503065697,0.07697162616408786,0.84686306792886,0.5389064912229512,6
v39,C++,ocr_only,1,0.0,60.0,inheritance,0.055898693270192985,-0.001621794200494174,0.42513538695242004,0.0,0.17005415478096803,7
v39,C++,ocr_only,1,0.0,60.0,object,0.046466795576724694,0.002505806710460426,0.3381310719320725,0.05391727191313301,0.16760279192070882,8
v39,C++,ocr_only,1,0.0,60.0,pointer,0.009810939178105637,0.002678236252422862,0.0,0.05616965306635247,0.03370179183981148,9
v39,C++,ocr_only,1,0.0,60.0,polymorphism,0.011675742994850706,0.001394473590442951,0.01720183827222722,0.03940035244569476,0.03052094677630774,10
v39,C++,ocr_only,2,60.0,120.0,class,0.11849588937436199,0.07895525519229397,1.0,1.0,1.0,1
v39,C++,ocr_only,2,60.0,120.0,constructor,0.04855852395475355,0.06804202021372852,0.356511703615026,0.864123826982111,0.661078977635277,2
v39,C++,ocr_only,2,60.0,120.0,data type,0.10431806498949729,0.01574270461618972,0.8695509331081547,0.21296668899272328,0.4756003866388958,3
v39,C++,ocr_only,2,60.0,120.0,variable,0.06284563369209921,0.03239761541068986,0.4879662965924748,0.42033009179269487,0.44738457371260687,4
v39,C++,ocr_only,2,60.0,120.0,template,0.03408755990658636,0.046034327177816046,0.22336548132692527,0.5901151473792725,0.4434152809583336,5
v39,C++,ocr_only,2,60.0,120.0,inheritance,0.05589378566085665,0.021475301366199236,0.42400287990510144,0.2843408790817257,0.340205679411076,6
v39,C++,ocr_only,2,60.0,120.0,object,0.046423117682562166,0.01760244786084622,0.3368639954702041,0.2361215826036564,0.2764185477502755,7
v39,C++,ocr_only,2,60.0,120.0,reference,0.01819489206045736,0.027879222619204065,0.0771382722240425,0.36407345277552516,0.24929938055493212,8
v39,C++,ocr_only,2,60.0,120.0,polymorphism,0.01167617105588581,0.007520091981843347,0.0171600238488955,0.11059034145160299,0.07321821441051998,9
v39,C++,ocr_only,2,60.0,120.0,pointer,0.009811138132565305,-0.00136224813574471,0.0,0.0,0.0,10
v39,C++,ocr_only,3,120.0,180.0,class,0.11850666873847734,0.0729526255839942,1.0,1.0,1.0,1
v39,C++,ocr_only,3,120.0,180.0,constructor,0.04856063011333472,0.056659713326343876,0.3564956549655274,0.7856514937441974,0.6139891582327294,2
v39,C++,ocr_only,3,120.0,180.0,variable,0.06285916373692939,0.02923508773186711,0.48804232573148615,0.42485488244221614,0.45012985975792413,3
v39,C++,ocr_only,3,120.0,180.0,data type,0.10434027430004372,0.008741070453261612,0.8696690112293599,0.15523690860288394,0.44100974965347434,4
v39,C++,ocr_only,3,120.0,180.0,template,0.034092782443267404,0.037359779121050575,0.2233912930604831,0.531742800054559,0.4084021972569286,5
v39,C++,ocr_only,3,120.0,180.0,inheritance,0.05589349125884639,0.016882562370932712,0.42395806029143873,0.2623458528879717,0.3269907358493585,6
v39,C++,ocr_only,3,120.0,180.0,object,0.046421306239894294,0.016964409335767674,0.33681385117714185,0.263422626295728,0.29277911624829356,7
v39,C++,ocr_only,3,120.0,180.0,reference,0.01819643395287681,0.023044300079568016,0.07714470748084598,0.34340927806942556,0.23690344983399375,8
v39,C++,ocr_only,3,120.0,180.0,polymorphism,0.011676174722156284,0.011583911559141008,0.017158248945200332,0.19263714343700447,0.12244558564028281,9
v39,C++,ocr_only,3,120.0,180.0,pointer,0.009811149951583052,-0.003058691416771014,0.0,0.0,0.0,10
v39,C++,ocr_only,4,180.0,240.0,class,0.1185027065899752,0.08472996808960216,1.0,1.0,1.0,1
v39,C++,ocr_only,4,180.0,240.0,constructor,0.04855985016076173,0.06291431635762057,0.3565015277941456,0.749774035737383,0.592465032560088,2
v39,C++,ocr_only,4,180.0,240.0,data type,0.10433211781936945,0.010941048990748136,0.8696256817396214,0.1536396134185147,0.4400340407469574,3
v39,C++,ocr_only,4,180.0,240.0,variable,0.0628541895364867,0.027547659125840535,0.488014394426642,0.3441177657670439,0.40167641723088315,4
v39,C++,ocr_only,4,180.0,240.0,inheritance,0.05589359848354033,0.027269276271185267,0.4239745490886999,0.3409247088235204,0.3741446449295922,5
v39,C++,ocr_only,4,180.0,240.0,template,0.03409085303393871,0.03769209815898042,0.2233817494378727,0.4604746855674035,0.3656375111155912,6
v39,C++,ocr_only,4,180.0,240.0,object,0.04642197381415515,0.025497089935358586,0.3368323259193453,0.3205976958979714,0.32709154790652095,7
v39,C++,ocr_only,4,180.0,240.0,reference,0.018195861178519936,0.020189646136372755,0.07714232633054992,0.25972120874613674,0.18668965577990201,8
v39,C++,ocr_only,4,180.0,240.0,polymorphism,0.01167617623803116,0.012566298348171563,0.017158969735526424,0.17228125624563623,0.1102323416415923,9
v39,C++,ocr_only,4,180.0,240.0,pointer,0.009811140952755117,-0.0024538371412796216,0.0,0.0,0.0,10
v39,C++,ocr_only,5,240.0,300.0,class,0.11846114281805434,0.08678512763701784,1.0,1.0,1.0,1
v39,C++,ocr_only,5,240.0,300.0,constructor,0.048551632314802584,0.057467803341575426,0.35656231863803034,0.6660173919616269,0.5422353626321883,2
v39,C++,ocr_only,5,240.0,300.0,inheritance,0.05589449833690298,0.0472011206093337,0.42414506458776924,0.5490594649604352,0.49909370481136883,3
v39,C++,ocr_only,5,240.0,300.0,data type,0.10424719775524535,0.0055261809630976775,0.8691767716812318,0.07429905051649312,0.3922501389823886,4
v39,C++,ocr_only,5,240.0,300.0,variable,0.06280238520822681,0.024793890855782378,0.4877243212525496,0.2937965713692393,0.37136767132256343,5
v39,C++,ocr_only,5,240.0,300.0,object,0.046428681519760276,0.02456869699041415,0.3370229665902995,0.29123116554597955,0.3095478859637075,6
v39,C++,ocr_only,5,240.0,300.0,template,0.03407085385521324,0.027864306820641428,0.22328319181706466,0.32877471335014646,0.28657810473691375,7
v39,C++,ocr_only,5,240.0,300.0,reference,0.01818986895087786,0.016532254399577038,0.0771167542174951,0.19968010758481053,0.15065476623788435,8
v39,C++,ocr_only,5,240.0,300.0,polymorphism,0.011676139369370021,0.01007997193873909,0.01716526794940959,0.12617578289424144,0.0825715769163087,9
v39,C++,ocr_only,5,240.0,300.0,pointer,0.009811132835310191,-0.0009958633182776476,0.0,0.0,0.0,10
v39,C++,ocr_only,6,300.0,360.0,class,0.11853551800988393,0.08350177658786667,1.0,1.0,1.0,1
v39,C++,ocr_only,6,300.0,360.0,constructor,0.048566367098682096,0.05185703058837505,0.35645371663897246,0.6161841517648438,0.5122919777144952,2
v39,C++,ocr_only,6,300.0,360.0,data type,0.10439897743651823,0.0125802659075027,0.8699781542709076,0.13980033904080327,0.431871465132845,3
v39,C++,ocr_only,6,300.0,360.0,variable,0.06289496371686915,0.024829946877527025,0.4882420116136567,0.2883754513894841,0.3683220754791532,4
v39,C++,ocr_only,6,300.0,360.0,object,0.04641676141587833,0.031937803658244515,0.33668256421187287,0.3745859104485936,0.3594245719539053,5
v39,C++,ocr_only,6,300.0,360.0,inheritance,0.05589297232855033,0.02692426694994052,0.4238406936700216,0.31377724273526436,0.3578026231091672,6
v39,C++,ocr_only,6,300.0,360.0,template,0.03410660444564665,0.03113933630538698,0.22345901265216495,0.36490138258636906,0.30832443461268744,7
v39,C++,ocr_only,6,300.0,360.0,reference,0.018200567904597977,0.020414356440468608,0.07716210086046026,0.23481921209826506,0.17175636760314314,8
v39,C++,ocr_only,6,300.0,360.0,polymorphism,0.011676217358184646,0.001873586350354649,0.017153918814383905,0.009940131091123268,0.012825646180427523,9
v39,C++,ocr_only,6,300.0,360.0,pointer,0.009811168696923405,0.0010540450911111663,0.0,0.0,0.0,10
v39,C++,ocr_only,7,360.0,420.0,class,0.11853017402516534,0.06583906322259954,1.0,1.0,1.0,1
v39,C++,ocr_only,7,360.0,420.0,constructor,0.04856530075772102,0.04132784006566601,0.35646145957577124,0.6625804932473446,0.5401328797787153,2
v39,C++,ocr_only,7,360.0,420.0,data type,0.10438811770709347,0.013897393108764826,0.869921035278084,0.2849751888142062,0.5189535273997573,3
v39,C++,ocr_only,7,360.0,420.0,object,0.046417597710757874,0.029454096774840254,0.3367068367263298,0.4991275076967327,0.4341592393085715,4
v39,C++,ocr_only,7,360.0,420.0,inheritance,0.05589306366036307,0.02138473437746737,0.42386239411209314,0.38804532046774526,0.4023721499254844,5
v39,C++,ocr_only,7,360.0,420.0,variable,0.06288833859283612,0.0169551092368838,0.4882050965236563,0.3270674606332768,0.3915225149894286,6
v39,C++,ocr_only,7,360.0,420.0,template,0.03410404264004893,0.02566352594036332,0.2234464692366818,0.4469468175250792,0.35754667820972025,7
v39,C++,ocr_only,7,360.0,420.0,reference,0.018199798071787926,0.020435749400599983,0.07715885578121442,0.37498167036917,0.25585254453398776,8
v39,C++,ocr_only,7,360.0,420.0,pointer,0.009811163627866383,-0.00031295133872066144,0.0,0.08935674156019544,0.05361404493611726,9
v39,C++,ocr_only,7,360.0,420.0,polymorphism,0.011676208922498764,-0.006804108456569036,0.017154730233625414,0.0,0.006861892093450166,10
v39,C++,ocr_only,8,420.0,480.0,class,0.11854081175321665,0.04267940692905423,1.0,1.0,1.0,1
v39,C++,ocr_only,8,420.0,480.0,data type,0.10440987034706596,0.009324882604535994,0.8700359843936223,0.3798773757428616,0.5759408192031659,2
v39,C++,ocr_only,8,420.0,480.0,object,0.04641587159277254,0.026925121663844927,0.33665800605888824,0.7070985445061276,0.5589223291272318,3
v39,C++,ocr_only,8,420.0,480.0,inheritance,0.05589282665786167,0.017884643786247833,0.4238187337542197,0.5390192515307785,0.49293904442015496,4
v39,C++,ocr_only,8,420.0,480.0,constructor,0.04856740141443453,0.017708731199325502,0.3564458918963001,0.5357487094603598,0.4640275824347359,5
v39,C++,ocr_only,8,420.0,480.0,variable,0.06290160738586881,0.006088360777541265,0.488279356846176,0.31970441721722787,0.38713439306880715,6
v39,C++,ocr_only,8,420.0,480.0,template,0.03410916388951925,0.009555395469051958,0.2234716934107751,0.3841630384936745,0.31988650046051476,7
v39,C++,ocr_only,8,420.0,480.0,reference,0.018201328304616005,0.012535225484702468,0.07716536230390555,0.4395636189716596,0.2946043163045579,8
v39,C++,ocr_only,8,420.0,480.0,pointer,0.009811165779910447,0.0015465069012180644,0.0,0.2352629088516703,0.14115774531100217,9
v39,C++,ocr_only,8,420.0,480.0,polymorphism,0.011676216106690477,-0.011107574902925407,0.017153098495675333,0.0,0.006861239398270134,10
v39,C++,ocr_only,9,480.0,540.0,class,0.11853367351991434,0.04336714785898233,1.0,1.0,1.0,1
v39,C++,ocr_only,9,480.0,540.0,data type,0.10439530387861516,0.006734266418128424,0.8699591349594613,0.3025345798959701,0.5295044019213666,2
v39,C++,ocr_only,9,480.0,540.0,constructor,0.04856598754424118,0.022938302709012235,0.3564563213439067,0.6110485306003288,0.50921164689776,3
v39,C++,ocr_only,9,480.0,540.0,object,0.046417014737211,0.0226501504091444,0.3366906560044964,0.6055623046476762,0.49801364519040425,4
v39,C++,ocr_only,9,480.0,540.0,inheritance,0.055892970136845625,0.013190274490444525,0.42384790740741113,0.4254526307084097,0.4248107413880103,5
v39,C++,ocr_only,9,480.0,540.0,variable,0.06289272632742124,0.008296940096094697,0.4882297543380784,0.3322868355313338,0.39466400305403165,6
v39,C++,ocr_only,9,480.0,540.0,template,0.034105736007604706,0.012573300930261972,0.2234548744843526,0.41370586915375074,0.3376054712859915,7
v39,C++,ocr_only,9,480.0,540.0,reference,0.018200308578363012,0.0138837986669165,0.07716109421026159,0.43865686450247543,0.29405855638558986,8
v39,C++,ocr_only,9,480.0,540.0,pointer,0.009811160509164123,-0.00034911765013696187,0.0,0.16767171214947513,0.10060302728968508,9
v39,C++,ocr_only,9,480.0,540.0,polymorphism,0.011676208651146628,-0.009155716192671954,0.01715420376456984,0.0,0.0068616815058279365,10
v39,C++,ocr_only,10,540.0,600.0,class,0.1185102278022895,0.049897962969063736,1.0,1.0,1.0,1
v39,C++,ocr_only,10,540.0,600.0,data type,0.10434747400964339,0.013786706225113457,0.8697067684376548,0.39814030625936436,0.5867668911306805,2
v39,C++,ocr_only,10,540.0,600.0,constructor,0.048561338726248564,0.02917306500448654,0.35649048657149546,0.6545819263447252,0.5353453504354333,3
v39,C++,ocr_only,10,540.0,600.0,object,0.046420770073453216,0.0264101406108048,0.33679787514598447,0.6085327721654427,0.4998388133576594,4
v39,C++,ocr_only,10,540.0,600.0,inheritance,0.055893450713596436,0.016184511566420163,0.4239437925454091,0.4381040881515657,0.43243996990910305,5
v39,C++,ocr_only,10,540.0,600.0,variable,0.06286354323871687,0.011621686070644881,0.4880666243535876,0.3620563123859288,0.4124604371729923,6
v39,C++,ocr_only,10,540.0,600.0,template,0.03409446282934055,0.019195886947904812,0.22339941976227895,0.4882941293813569,0.3823362455337257,7
v39,C++,ocr_only,10,540.0,600.0,reference,0.01819692502355996,0.018045663671025204,0.07714667789259856,0.46912356896401314,0.3123328125354473,8
v39,C++,ocr_only,10,540.0,600.0,pointer,0.009811152471816664,-9.316552340999652e-05,0.0,0.16680702924387722,0.10008421754632633,9
v39,C++,ocr_only,10,540.0,600.0,polymorphism,0.011676185774861854,-0.010101497236543584,0.017157766037797603,0.0,0.0068631064151190415,10
v4,SQL,ocr_only,1,0.0,60.0,group by,0.23252868686877484,0.6334748123433239,1.0,1.0,1.0,1
v4,SQL,ocr_only,1,0.0,60.0,order by,0.10651826140937203,0.37819386432979746,0.40112431958771005,0.5908061484530435,0.5149334169069102,2
v4,SQL,ocr_only,1,0.0,60.0,having,0.08472486752780711,0.32525248810280033,0.2975492896508412,0.5059455828170464,0.4225870655505643,3
v4,SQL,ocr_only,1,0.0,60.0,select,0.182914951897215,0.09329516711510785,0.7642063410185017,0.13413754031307418,0.38616506059524525,4
v4,SQL,ocr_only,1,0.0,60.0,count,0.11902584419684598,0.11615732299598738,0.46056771186936485,0.17078364999090373,0.2866972747422882,5
v4,SQL,ocr_only,1,0.0,60.0,aggregate function,0.06897415029263197,0.10688427202204137,0.22269261436538187,0.1559197305595987,0.18262888408191197,6
v4,SQL,ocr_only,1,0.0,60.0,where,0.06061696287359148,0.05639462871915598,0.18297434277266073,0.07498908623574198,0.11818318885050948,7
v4,SQL,ocr_only,1,0.0,60.0,join,0.05541505470892179,0.06165906684425061,0.1582518146151594,0.08342753700694472,0.11335724805023059,8
v4,SQL,ocr_only,1,0.0,60.0,subquery,0.022117027853581238,0.11936689142459257,0.0,0.17592831776703124,0.10555699066021874,9
v4,SQL,ocr_only,1,0.0,60.0,left join,0.0719427095213081,0.009611704311672456,0.23680095438118762,0.0,0.09472038175247505,10
v4,SQL,ocr_only,1,0.0,60.0,inner join,0.03834065949077843,0.014792658169093907,0.07710424276454045,0.008304632523900736,0.03582447662015662,11
v4,SQL,ocr_only,2,60.0,120.0,group by,0.23106960163539866,0.5046544929241211,1.0,1.0,1.0,1
v4,SQL,ocr_only,2,60.0,120.0,order by,0.10608162730611564,0.276992630831042,0.4019404451784138,0.5882958291287677,0.5137536755486262,2
v4,SQL,ocr_only,2,60.0,120.0,having,0.08417252294231817,0.23152547104701718,0.29710676599714764,0.5060729256145264,0.42248646176757493,3
v4,SQL,ocr_only,2,60.0,120.0,select,0.18186811765473665,0.043106097326995475,0.7645740099082304,0.1653349499154486,0.4050305739125613,4
v4,SQL,ocr_only,2,60.0,120.0,count,0.11821834085339862,0.08240493999693797,0.46001385216045343,0.2364030563118231,0.3258473746512752,5
v4,SQL,ocr_only,2,60.0,120.0,aggregate function,0.06854270571971838,0.07338227864093165,0.22231907877961998,0.22008645730628673,0.22097950589562004,6
v4,SQL,ocr_only,2,60.0,120.0,subquery,0.02208042435092308,0.09304811587830576,0.0,0.2556501970555095,0.1533901182333057,7
v4,SQL,ocr_only,2,60.0,120.0,left join,0.07148341351152623,0.004012426916240124,0.23639017963765616,0.09463787744666226,0.15133879832305983,8
v4,SQL,ocr_only,2,60.0,120.0,join,0.0551984719405987,-0.0323303453911557,0.15846776383350902,0.028915534659792658,0.0807364263292792,9
v4,SQL,ocr_only,2,60.0,120.0,where,0.060309829359532156,-0.04831989548518257,0.18292528591837703,0.0,0.07317011436735081,10
v4,SQL,ocr_only,2,60.0,120.0,inner join,0.03821936578714625,-0.040685466725056935,0.07722381439042118,0.013806116377445568,0.039173195582635816,11
v4,SQL,ocr_only,3,120.0,180.0,group by,0.2306310462641688,0.30260670350119345,1.0,1.0,1.0,1
v4,SQL,ocr_only,3,120.0,180.0,count,0.11809218036533221,0.14493469062940006,0.4604739576522428,0.46754366035122336,0.4647157792716311,2
v4,SQL,ocr_only,3,120.0,180.0,select,0.1816756346840783,0.07614783301786518,0.7653013538891115,0.23525133558994266,0.44727134290961024,3
v4,SQL,ocr_only,3,120.0,180.0,order by,0.10548033134634624,0.08292547433730557,0.40001110392118083,0.2581393422987549,0.3148880469477253,4
v4,SQL,ocr_only,3,120.0,180.0,having,0.08402976861887423,0.06828196518877992,0.29717430063502903,0.2086884020917742,0.24408276150907615,5
v4,SQL,ocr_only,3,120.0,180.0,aggregate function,0.06839702902395074,0.056925493854922134,0.22222890237338414,0.17033774589339745,0.19109420848539213,6
v4,SQL,ocr_only,3,120.0,180.0,left join,0.07143042746267766,0.03439944226305593,0.23677141123411294,0.09426756223247545,0.15126910183313044,7
v4,SQL,ocr_only,3,120.0,180.0,join,0.05481567617278777,0.03476485051675969,0.1571181204671295,0.09550154115936821,0.12014817288247273,8
v4,SQL,ocr_only,3,120.0,180.0,where,0.0600864392047172,0.010624496332003734,0.1823868478179633,0.013979878608565352,0.08134266629232453,9
v4,SQL,ocr_only,3,120.0,180.0,inner join,0.03801416840938128,0.027338376151114372,0.07656949473977948,0.07042243368046334,0.0728812581041898,10
v4,SQL,ocr_only,3,120.0,180.0,subquery,0.02204266115281866,0.006484747331419383,0.0,0.0,0.0,11
v4,SQL,ocr_only,4,180.0,240.0,group by,0.2282523118334675,0.13002022416863188,1.0,1.0,1.0,1
v4,SQL,ocr_only,4,180.0,240.0,select,0.1800545352675258,0.09161357124047934,0.7663541255139127,0.7369062577343077,0.7486854048461498,2
v4,SQL,ocr_only,4,180.0,240.0,count,0.11685682989049599,0.09656655624353216,0.4599938701164813,0.7708352585841536,0.6464987031970846,3
v4,SQL,ocr_only,4,180.0,240.0,order by,0.1044458553648929,0.016810816664029758,0.3998298293065952,0.2244914771462686,0.29462681801039925,4
v4,SQL,ocr_only,4,180.0,240.0,aggregate function,0.06768326604919939,0.02239348679806454,0.22161772200561858,0.2627339550874146,0.2462874618546962,5
v4,SQL,ocr_only,4,180.0,240.0,left join,0.07074031784516295,0.005957871383321172,0.2364372342551089,0.1501464933787973,0.18466278972932193,6
v4,SQL,ocr_only,4,180.0,240.0,join,0.054249343490967085,0.0023257804290028722,0.15649478880138157,0.12526589773802177,0.1377574541633657,7
v4,SQL,ocr_only,4,180.0,240.0,having,0.08314656040441039,-0.015960644085416364,0.29657833615585893,0.0,0.11863133446234359,8
v4,SQL,ocr_only,4,180.0,240.0,inner join,0.03770344074953527,0.0006005052177326518,0.0762860698391181,0.11344739554725695,0.09858286526400142,9
v4,SQL,ocr_only,4,180.0,240.0,subquery,0.02196672398838151,0.0038062676924718927,0.0,0.13540755041604635,0.08124453024962781,10
v4,SQL,ocr_only,4,180.0,240.0,where,0.059496321049857206,-0.0158211192363936,0.18193029117312473,0.0009557748949674068,0.07334558140623035,11
v4,SQL,ocr_only,5,240.0,300.0,group by,0.2286933943928939,0.1474860310442434,1.0,1.0,1.0,1
v4,SQL,ocr_only,5,240.0,300.0,select,0.1799271907825762,0.08193030097509373,0.76433270367303,0.5657074936265001,0.6451575776451121,2
v4,SQL,ocr_only,5,240.0,300.0,count,0.11699060955969774,0.1075263887548966,0.46018571582506834,0.7352760287266522,0.6252399035660187,3
v4,SQL,ocr_only,5,240.0,300.0,order by,0.10466924756126857,0.04317622246256301,0.4006415673315957,0.30897012113977695,0.3456386996165045,4
v4,SQL,ocr_only,5,240.0,300.0,having,0.0832406272886751,0.040490403460174906,0.297085730916416,0.2911771522416757,0.29354058371157177,5
v4,SQL,ocr_only,5,240.0,300.0,aggregate function,0.06793469778790083,0.032148581185946386,0.22311837737701706,0.2359143872724565,0.23079598331428072,6
v4,SQL,ocr_only,5,240.0,300.0,left join,0.07077324893271307,0.0050250630069179295,0.23683594454975046,0.05622695675780693,0.12847055187458434,7
v4,SQL,ocr_only,5,240.0,300.0,where,0.05948780309532267,0.007895622163176888,0.1822979589892024,0.07524378914377981,0.11806545708194885,8
v4,SQL,ocr_only,5,240.0,300.0,join,0.05431141996488651,0.0011599963976454512,0.15728259739061515,0.03062172799640231,0.08128607575408744,9
v4,SQL,ocr_only,5,240.0,300.0,subquery,0.021765219078070518,0.010546667508616473,0.0,0.09280639009973454,0.055683834059840724,10
v4,SQL,ocr_only,5,240.0,300.0,inner join,0.03768547198979753,-0.003462302410929075,0.07693612958943709,0.0,0.030774451835774836,11
v4,SQL,ocr_only,6,300.0,360.0,group by,0.22932635134223547,0.4671695054281522,1.0,0.7623135933691477,0.8573881560214887,1
v4,SQL,ocr_only,6,300.0,360.0,having,0.08223414943243944,0.6268581769579145,0.290988020549943,1.0,0.7163952082199772,2
v4,SQL,ocr_only,6,300.0,360.0,order by,0.1098614725032273,0.34788142900235763,0.4241568953305237,0.5847608968131542,0.520519296220102,3
v4,SQL,ocr_only,6,300.0,360.0,where,0.06050627286320185,0.34227507959486975,0.18625558350988197,0.576416203152562,0.42035195529549,4
v4,SQL,ocr_only,6,300.0,360.0,count,0.1147427638467791,0.14914734700251434,0.4476856343991419,0.2889578860352725,0.35244898538082026,5
v4,SQL,ocr_only,6,300.0,360.0,select,0.18006265284735637,-0.044987865032079154,0.7625397408470037,0.0,0.3050158963388015,6
v4,SQL,ocr_only,6,300.0,360.0,aggregate function,0.06693677979130784,0.07642481200283376,0.21725183203133466,0.180715029108888,0.19532975027786667,7
v4,SQL,ocr_only,6,300.0,360.0,left join,0.0704956444754319,0.022709747213804945,0.23440622676827044,0.10076357977099219,0.1542206385699035,8
v4,SQL,ocr_only,6,300.0,360.0,join,0.05376956051779608,0.04118936417079794,0.15378336749172145,0.12826931144466072,0.138474933863485,9
v4,SQL,ocr_only,6,300.0,360.0,inner join,0.03720373926386271,0.003039540505005178,0.07393300448151957,0.07148573115773396,0.07246464048724821,10
v4,SQL,ocr_only,6,300.0,360.0,subquery,0.021865538022991335,0.03351556993449579,0.0,0.11684735796619333,0.070108414779716,11
v4,SQL,ocr_only,7,360.0,420.0,count,0.11221673051114857,0.17729841241116603,0.4591165099527004,1.0,0.7836466039810801,1
v4,SQL,ocr_only,7,360.0,420.0,group by,0.21931261553843498,0.10936261656502286,1.0,0.6352045412772883,0.781122724766373,2
v4,SQL,ocr_only,7,360.0,420.0,select,0.17361039555284505,0.11199028637893996,0.7691827632554028,0.6493143636941863,0.6972617235186729,3
v4,SQL,ocr_only,7,360.0,420.0,having,0.07969970988755033,0.11096638326040105,0.2948905959845709,0.6438163018379458,0.5042460194965959,4
v4,SQL,ocr_only,7,360.0,420.0,order by,0.10136181988607706,0.0905911624884805,0.40429421737307153,0.5344072941786758,0.4823620634564341,5
v4,SQL,ocr_only,7,360.0,420.0,aggregate function,0.06495062448284215,0.10931523836706572,0.22040092920912296,0.6349501341382836,0.46913045216661936,6
v4,SQL,ocr_only,7,360.0,420.0,where,0.057752643374729525,0.029148289891576692,0.1840478131014542,0.20447694427903404,0.1963052918080021,7
v4,SQL,ocr_only,7,360.0,420.0,subquery,0.021310851761320956,0.05085040330087578,0.0,0.32101097936014394,0.19260658761608637,8
v4,SQL,ocr_only,7,360.0,420.0,left join,0.06791917365093639,0.0010278166202462202,0.23539346822223933,0.05347818407098493,0.1262442977314867,9
v4,SQL,ocr_only,7,360.0,420.0,join,0.05197952918827059,-0.00463501842532245,0.15489093047409744,0.02307040739905612,0.07579861662907265,10
v4,SQL,ocr_only,7,360.0,420.0,inner join,0.036538199628401706,-0.008931416446935347,0.07690511224042337,0.0,0.03076204489616935,11
v4,SQL,ocr_only,8,420.0,480.0,count,0.10609009485242996,0.16029958409621248,0.4603078013149982,1.0,0.7841231205259993,1
v4,SQL,ocr_only,8,420.0,480.0,select,0.1645118294331491,0.09871390632444517,0.776607291249502,0.6164418082477887,0.680508001448474,2
v4,SQL,ocr_only,8,420.0,480.0,group by,0.20577332353354097,0.03406394223110914,1.0,0.2137991123862349,0.5282794674317409,3
v4,SQL,ocr_only,8,420.0,480.0,aggregate function,0.061319095918433035,0.09291963010924284,0.21791437995713608,0.5803548122443984,0.4353786393294935,4
v4,SQL,ocr_only,8,420.0,480.0,having,0.0752038995158284,0.07110364165618131,0.2930877093218949,0.44448391847338914,0.38392543481279146,5
v4,SQL,ocr_only,8,420.0,480.0,order by,0.09508391464604482,0.049706776536074006,0.40071954686841144,0.3112233424503608,0.3470218242175811,6
v4,SQL,ocr_only,8,420.0,480.0,where,0.05477140707136725,0.019521339017688003,0.18246471969901276,0.12322716784125178,0.14692218858435618,7
v4,SQL,ocr_only,8,420.0,480.0,subquery,0.021069470255698067,0.03707013674293316,0.0,0.23252181826086663,0.13951309095651998,8
v4,SQL,ocr_only,8,420.0,480.0,left join,0.0639476416474536,0.010758254126573703,0.2321455163539851,0.06865030652191793,0.13404839045474481,9
v4,SQL,ocr_only,8,420.0,480.0,join,0.05016481907661669,0.0002497112475575901,0.15752431963155425,0.003202659431578357,0.06493132351156872,10
v4,SQL,ocr_only,8,420.0,480.0,inner join,0.03570340970454078,-0.000264520897674018,0.07922920496319825,0.0,0.0316916819852793,11
v40,C++,ocr_only,1,0.0,60.0,object,0.09198851937588615,0.05670179401090969,0.7457618042054892,0.9123967016150504,0.8457427426512258,1
v40,C++,ocr_only,1,0.0,60.0,class,0.12188130918083638,0.02151921364744353,1.0,0.6368795762603189,0.7821277457561913,2
v40,C++,ocr_only,1,0.0,60.0,inheritance,0.10147710392714861,0.017810783958151888,0.826462221687338,0.6078386168702352,0.6952880587970762,3
v40,C++,ocr_only,1,0.0,60.0,data type,0.029737869577265878,0.06788843107227183,0.21631998913554615,1.0,0.6865279956542184,4
v40,C++,ocr_only,1,0.0,60.0,polymorphism,0.02250547368080361,0.0240910288785351,0.15480845755933664,0.6570196322793384,0.45613516239133767,5
v40,C++,ocr_only,1,0.0,60.0,variable,0.004303422382460798,0.03436110344187997,0.0,0.7374452688199085,0.4424671612919451,6
v40,C++,ocr_only,1,0.0,60.0,pointer,0.03081278783348586,0.010758807968098257,0.22546216957006332,0.5526141241588444,0.42175334232333195,7
v40,C++,ocr_only,1,0.0,60.0,reference,0.008609973826973863,0.01170110471526314,0.03662722270130613,0.5599933126188122,0.3506468766518098,8
v40,C++,ocr_only,1,0.0,60.0,constructor,0.06601450145334253,-0.05904117380653095,0.5248527656965367,0.006005827391385242,0.21354460271344586,9
v40,C++,ocr_only,1,0.0,60.0,template,0.025109645252182716,-0.05980809711329261,0.17695693838587828,0.0,0.07078277535435132,10
v5,Java,ocr_only,1,0.0,60.0,class,0.22358780602577422,0.41812747330029837,0.8437191477940735,1.0,0.9374876591176294,1
v5,Java,ocr_only,1,0.0,60.0,inheritance,0.25962827085402107,0.34325694217759195,1.0,0.7232792410933254,0.8339675446559953,2
v5,Java,ocr_only,1,0.0,60.0,abstract class,0.21256096569092492,0.35354832757949806,0.7959038931107237,0.7613161020039173,0.7751512184466398,3
v5,Java,ocr_only,1,0.0,60.0,implements,0.23438578259510223,0.31093101766170445,0.8905419895192338,0.603802936728184,0.7184985578446039,4
v5,Java,ocr_only,1,0.0,60.0,extends,0.23736784431958396,0.26951279759126395,0.9034729866596319,0.4507215959310699,0.6318221522224947,5
v5,Java,ocr_only,1,0.0,60.0,method,0.1016630865725358,0.35400806079789127,0.3150217752178307,0.7630152715327121,0.5838178730067596,6
v5,Java,ocr_only,1,0.0,60.0,interface,0.10728561285004726,0.27916030413458975,0.33940251509971553,0.486378686807731,0.4275882181245248,7
v5,Java,ocr_only,1,0.0,60.0,object,0.1911221650561359,0.14756399472890264,0.7029396638910208,0.0,0.28117586555640833,8
v5,Java,ocr_only,1,0.0,60.0,abstract method,0.02901483152648631,0.18690879839049293,0.0,0.14541801380339686,0.08725080828203811,9
v5,Java,ocr_only,2,60.0,120.0,implements,0.24743918348768928,0.398318160607878,0.8931408762093398,1.0,0.9572563504837359,1
v5,Java,ocr_only,2,60.0,120.0,inheritance,0.274290445161305,0.15707939394988674,1.0,0.43412715190703816,0.6604762911442229,2
v5,Java,ocr_only,2,60.0,120.0,extends,0.2500458630456663,0.18239732819305107,0.903514597077814,0.49351533298790484,0.6575150386238686,3
v5,Java,ocr_only,2,60.0,120.0,object,0.19982087833345594,0.22630271721844397,0.7036358009160771,0.5965040353371072,0.6393567415686952,4
v5,Java,ocr_only,2,60.0,120.0,class,0.23721553393357475,0.17774743762637754,0.8524541387824375,0.48260810255087266,0.6305465170434985,5
v5,Java,ocr_only,2,60.0,120.0,abstract class,0.22160929810186386,0.18444849483904785,0.7903464915918514,0.49832674670868976,0.6151346446619544,6
v5,Java,ocr_only,2,60.0,120.0,interface,0.11034069957202826,0.20507831826562745,0.3475343403849593,0.5467180442591525,0.4670445627094752,7
v5,Java,ocr_only,2,60.0,120.0,method,0.10245329274071892,0.103477304942397,0.3161450748368765,0.3083929376652498,0.31149379253390047,8
v5,Java,ocr_only,2,60.0,120.0,abstract method,0.023013242793278068,-0.027994512762095105,0.0,0.0,0.0,9
v5,Java,ocr_only,3,120.0,180.0,implements,0.2461447612438376,0.36885919540230233,0.8946526032776434,1.0,0.9578610413110573,1
v5,Java,ocr_only,3,120.0,180.0,inheritance,0.2729949370298923,0.17533896578551622,1.0,0.46790423920092006,0.6807425435205521,2
v5,Java,ocr_only,3,120.0,180.0,extends,0.248405904500884,0.184721416497104,0.9035242604930076,0.49370186387007314,0.657630822519247,3
v5,Java,ocr_only,3,120.0,180.0,class,0.23675771073114366,0.1932423272776806,0.8578222546686343,0.517130631567746,0.6534072808081013,4
v5,Java,ocr_only,3,120.0,180.0,abstract class,0.21874333919476308,0.19045545940856343,0.7871423768135081,0.5094679671424254,0.6205377310108584,5
v5,Java,ocr_only,3,120.0,180.0,object,0.19782697848900907,0.19639527630744083,0.7050764653343954,0.5257998586354957,0.5975105013150556,6
v5,Java,ocr_only,3,120.0,180.0,interface,0.10788889780162395,0.20264742886299972,0.352201953743964,0.5429905362058445,0.4666751032210923,7
v5,Java,ocr_only,3,120.0,180.0,method,0.09882650621569405,0.14141183478615396,0.31664541328540396,0.3746195081080327,0.3514298701789812,8
v5,Java,ocr_only,3,120.0,180.0,abstract method,0.018122233750679614,0.00516483082746484,0.0,0.0,0.0,9
v5,Java,ocr_only,4,180.0,240.0,implements,0.24625445727219736,0.3616449556743574,0.8946440335628755,1.0,0.9578576134251502,1
v5,Java,ocr_only,4,180.0,240.0,inheritance,0.27312003532043344,0.18538667498074163,1.0,0.4895843960964852,0.6937506376578911,2
v5,Java,ocr_only,4,180.0,240.0,class,0.23686112975730314,0.20767048052768142,0.8578071899031094,0.5541147093433325,0.6755917015672432,3
v5,Java,ocr_only,4,180.0,240.0,extends,0.24851918363383343,0.18918537264172705,0.9035253773447737,0.5005848129452635,0.6617610387050676,4
v5,Java,ocr_only,4,180.0,240.0,abstract class,0.2188386490778147,0.20075888169223877,0.7871302863139614,0.534099831859854,0.6353120136414969,5
v5,Java,ocr_only,4,180.0,240.0,object,0.19791494712108348,0.19305229959938597,0.705075962482336,0.511782810852523,0.5891000715044481,6
v5,Java,ocr_only,4,180.0,240.0,interface,0.10793578540404031,0.20262478316992757,0.3522139646916787,0.5395031821354334,0.4645874951579315,7
v5,Java,ocr_only,4,180.0,240.0,method,0.09886402386768857,0.1566279988698901,0.316638173162703,0.4063039001287428,0.37043760934232683,8
v5,Java,ocr_only,4,180.0,240.0,abstract method,0.018121870937695933,0.01632189081183742,0.0,0.0,0.0,9
v5,Java,ocr_only,5,240.0,300.0,implements,0.24620156008342228,0.3478618501150448,0.8946485802856255,1.0,0.9578594321142502,1
v5,Java,ocr_only,5,240.0,300.0,inheritance,0.273059610599573,0.17354354423573917,1.0,0.5012085114333236,0.7007251068599942,2
v5,Java,ocr_only,5,240.0,300.0,extends,0.24846444599123074,0.18375335150911884,0.903524810632125,0.5304226834170388,0.6796635343030732,3
v5,Java,ocr_only,5,240.0,300.0,class,0.23681127524072085,0.18743359800808562,0.8578149374601316,0.5409532792730066,0.6676979425478566,4
v5,Java,ocr_only,5,240.0,300.0,abstract class,0.21879259750627023,0.18427237923417447,0.7871361933138039,0.5319078206794852,0.6339991697332127,5
v5,Java,ocr_only,5,240.0,300.0,object,0.1978724196854277,0.19483096696349117,0.7050762376674474,0.5621199872336632,0.6193024874071769,6
v5,Java,ocr_only,5,240.0,300.0,interface,0.10791305456177773,0.1801777923899556,0.35220822788091277,0.5201916382809049,0.452998274120908,7
v5,Java,ocr_only,5,240.0,300.0,method,0.09884577098466833,0.13181063716362804,0.316641566137281,0.3817946682588398,0.3557334274102163,8
v5,Java,ocr_only,5,240.0,300.0,abstract method,0.018121892731437692,-0.0016194659760244712,0.0,0.0,0.0,9
v5,Java,ocr_only,6,300.0,360.0,implements,0.24627790505787658,0.2977462679443687,0.8946421925499016,1.0,0.9578568770199607,1
v5,Java,ocr_only,6,300.0,360.0,inheritance,0.27314676766220397,0.16461458553263641,1.0,0.5061028103714306,0.7036616862228584,2
v5,Java,ocr_only,6,300.0,360.0,class,0.2368832210471501,0.18664649574188094,0.8578038892829362,0.5878376636938876,0.695824153929507,3
v5,Java,ocr_only,6,300.0,360.0,abstract class,0.21885905239000197,0.1805475243527555,0.7871277717712829,0.5652114580143246,0.653977983517108,4
v5,Java,ocr_only,6,300.0,360.0,extends,0.2485433986426548,0.15877046663839783,0.9035256142413748,0.48442206657377473,0.6520634856408147,5
v5,Java,ocr_only,6,300.0,360.0,object,0.1979337646157499,0.14342542383364243,0.7050758266397285,0.42749441885908696,0.5385269819713436,6
v5,Java,ocr_only,6,300.0,360.0,interface,0.1079458401904789,0.15824194782711223,0.35221643865414465,0.4824613465495772,0.4303633833914041,7
v5,Java,ocr_only,6,300.0,360.0,method,0.09887209877949603,0.1444407395206032,0.3166366110109623,0.43126107721787543,0.38541129073511016,8
v5,Java,ocr_only,6,300.0,360.0,abstract method,0.01812188384375931,0.028192836162639616,0.0,0.0,0.0,9
v5,Java,ocr_only,7,360.0,420.0,implements,0.24571848151107853,0.2526230638205421,0.8946861978269132,1.0,0.9578744791307653,1
v5,Java,ocr_only,7,360.0,420.0,class,0.2363559123503414,0.22762966517398142,0.8578815571278011,0.8591721171713799,0.8586558931539484,2
v5,Java,ocr_only,7,360.0,420.0,inheritance,0.27250879212670437,0.191972520634385,1.0,0.65825825810658,0.7949549548639481,3
v5,Java,ocr_only,7,360.0,420.0,abstract class,0.2183728064129616,0.19529551164698092,0.7871892352537034,0.6769819937449427,0.7210648903484471,4
v5,Java,ocr_only,7,360.0,420.0,extends,0.24796564872444685,0.15699847438372352,0.9035199036675794,0.46119338681470945,0.6381239935558575,5
v5,Java,ocr_only,7,360.0,420.0,method,0.09868045312190701,0.20447728934236922,0.3166737195144741,0.7287176673013888,0.5639000881866228,6
v5,Java,ocr_only,7,360.0,420.0,interface,0.10770651888357856,0.16784017697406667,0.352155551646406,0.52228207841871,0.4542314677097884,7
v5,Java,ocr_only,7,360.0,420.0,object,0.19748500800308041,0.10951376750855722,0.7050784489649288,0.19363590771662348,0.3982129242159456,8
v5,Java,ocr_only,7,360.0,420.0,abstract method,0.018123231423131592,0.07514827584140092,0.0,0.0,0.0,9
v6,SQL,ocr_only,1,0.0,60.0,group by,0.1586585832593428,0.7663914174773814,1.0,1.0,1.0,1
v6,SQL,ocr_only,1,0.0,60.0,order by,0.12469490198423279,0.6971403267261335,0.7509016119347117,0.9038532917862077,0.8426726198456093,2
v6,SQL,ocr_only,1,0.0,60.0,select,0.12789441864859116,0.6358748514506226,0.7743676913983583,0.8187936384147884,0.8010232596082163,3
v6,SQL,ocr_only,1,0.0,60.0,where,0.051545482112375716,0.44952705808109317,0.21440492212082005,0.5600724150951202,0.42180541790540016,4
v6,SQL,ocr_only,1,0.0,60.0,join,0.041748211333981766,0.4606664096351745,0.14254921429666334,0.57553804851609,0.40234251482831934,5
v6,SQL,ocr_only,1,0.0,60.0,having,0.04710539654457112,0.366480854913972,0.18184019072868407,0.4447728728416484,0.3395997999964626,6
v6,SQL,ocr_only,1,0.0,60.0,inner join,0.028988976613027226,0.31773932942964883,0.0489696998679483,0.3771011989691052,0.24584859932864245,7
v6,SQL,ocr_only,1,0.0,60.0,count,0.056769964344929306,0.17117415336079422,0.25272262072549295,0.17361329625269456,0.20525702604181392,8
v6,SQL,ocr_only,1,0.0,60.0,subquery,0.022312131807364043,0.2802584443950439,0.0,0.3250635533822461,0.19503813202934764,9
v6,SQL,ocr_only,1,0.0,60.0,aggregate function,0.0378785438368731,0.1270834955121768,0.11416807598393239,0.11239878585093917,0.11310650190413646,10
v6,SQL,ocr_only,1,0.0,60.0,left join,0.04510318216822611,0.0461266051110462,0.16715543468976224,0.0,0.0668621738759049,11
v6,SQL,ocr_only,2,60.0,120.0,select,0.15705770717063516,0.40673759534940246,0.7560755681674693,1.0,0.9024302272669877,1
v6,SQL,ocr_only,2,60.0,120.0,group by,0.20093775935809688,0.09253156947585826,1.0,0.30085057197858267,0.5805103431871497,2
v6,SQL,ocr_only,2,60.0,120.0,order by,0.12732946827772507,0.1660441119769144,0.5908195253907731,0.46442557630615255,0.5149831559400008,3
v6,SQL,ocr_only,2,60.0,120.0,left join,0.059050351119390644,0.24346855130312484,0.2112633482987025,0.6367050617784799,0.4665283763865689,4
v6,SQL,ocr_only,2,60.0,120.0,where,0.05807828560489813,0.1893324534787762,0.2058597419558109,0.5162451765042309,0.39209100268486285,5
v6,SQL,ocr_only,2,60.0,120.0,join,0.04449083479977541,0.052725185142245896,0.13032858252298207,0.21227617000436164,0.1794971350118098,6
v6,SQL,ocr_only,2,60.0,120.0,count,0.08423974366768949,-0.020232920809684536,0.3512884384991662,0.049934859381798584,0.17047629102874565,7
v6,SQL,ocr_only,2,60.0,120.0,inner join,0.030733479982867393,0.03160174519967671,0.05385294519017848,0.16527375840950656,0.12070543312177533,8
v6,SQL,ocr_only,2,60.0,120.0,having,0.0642884090752565,-0.024821700187743382,0.24038114208189984,0.03972422618796699,0.11998699254554013,9
v6,SQL,ocr_only,2,60.0,120.0,aggregate function,0.05219452674524507,-0.042674237486880706,0.17315256716146135,0.0,0.06926102686458455,10
v6,SQL,ocr_only,2,60.0,120.0,subquery,0.021045766342866205,0.007144035863056064,0.0,0.11085216211493286,0.06651129726895971,11
v6,SQL,ocr_only,3,120.0,180.0,select,0.14476998170244293,0.3411167254475732,0.7444574589451505,1.0,0.8977829835780602,1
v6,SQL,ocr_only,3,120.0,180.0,order by,0.14078234522137528,0.2636701226359558,0.7208306118088065,0.795646969343331,0.7657204263295212,2
v6,SQL,ocr_only,3,120.0,180.0,group by,0.18789934015194804,0.13310063623644805,1.0,0.45112223503152915,0.6706733410189175,3
v6,SQL,ocr_only,3,120.0,180.0,where,0.057460957386125874,0.2986255318611669,0.22714927878910374,0.8878814064094905,0.6235885553613358,4
v6,SQL,ocr_only,3,120.0,180.0,left join,0.053037616087181716,0.1479053628356581,0.20094086957271257,0.49018645010047146,0.3744882178893679,5
v6,SQL,ocr_only,3,120.0,180.0,having,0.053687489240408136,0.11273151704038753,0.20479138446347395,0.3973756394623624,0.32034193746280704,6
v6,SQL,ocr_only,3,120.0,180.0,count,0.0665363245148182,-0.006436004441199251,0.2809210588582854,0.08293648672327031,0.16213031557727636,7
v6,SQL,ocr_only,3,120.0,180.0,join,0.0358778951273976,0.015712844084260952,0.09926908831982652,0.14137913181569434,0.12453511441734721,8
v6,SQL,ocr_only,3,120.0,180.0,inner join,0.025014741765934,-0.00447076737082149,0.034904629546181294,0.08812202277922093,0.06683506548600508,9
v6,SQL,ocr_only,3,120.0,180.0,aggregate function,0.04370985782006355,-0.03786763589392554,0.1456736656166076,0.0,0.058269466246643045,10
v6,SQL,ocr_only,3,120.0,180.0,subquery,0.01912369022895598,-0.007011802107574138,0.0,0.08141716897533811,0.04885030138520287,11
v6,SQL,ocr_only,4,180.0,240.0,group by,0.20888881384449062,0.3145666393507081,1.0,1.0,1.0,1
v6,SQL,ocr_only,4,180.0,240.0,select,0.16249155276956545,0.24086270651809266,0.753763179882065,0.7963400891723997,0.7793093254562657,2
v6,SQL,ocr_only,4,180.0,240.0,order by,0.12635153658916712,0.2309574207018214,0.5619630076929926,0.7689696416462808,0.6861669880649655,3
v6,SQL,ocr_only,4,180.0,240.0,left join,0.06175675021237579,0.140560606014127,0.21914934962095636,0.5191836870730662,0.3991699520922222,4
v6,SQL,ocr_only,4,180.0,240.0,count,0.09023908261616229,0.09835272245218787,0.3703091120328955,0.4025541739374749,0.3896561491756431,5
v6,SQL,ocr_only,4,180.0,240.0,where,0.059165400799684645,0.10884570625623129,0.2053966921491042,0.4315485581408273,0.34108781174413805,6
v6,SQL,ocr_only,4,180.0,240.0,aggregate function,0.05516485843520638,0.09983800674747256,0.18416524857347066,0.40665833575768995,0.31766110088400223,7
v6,SQL,ocr_only,4,180.0,240.0,having,0.06778354037385807,-0.009349127206997333,0.2511343765492694,0.1049506641305898,0.16342414909806163,8
v6,SQL,ocr_only,4,180.0,240.0,join,0.04460638230624784,-0.023541047809775124,0.12812992392171121,0.06573531735936455,0.09069315998430322,9
v6,SQL,ocr_only,4,180.0,240.0,inner join,0.03093998030038604,-0.034122242412167436,0.055600397514053476,0.036497187637485065,0.04413847158811243,10
v6,SQL,ocr_only,4,180.0,240.0,subquery,0.02046345547321514,-0.04733046908417878,0.0,0.0,0.0,11
v6,SQL,ocr_only,5,240.0,300.0,group by,0.16642852285294216,0.4841110592254977,1.0,1.0,1.0,1
v6,SQL,ocr_only,5,240.0,300.0,select,0.13379104304838202,0.12904418514830485,0.7755140415989636,0.4271946243304681,0.5665223912378663,2
v6,SQL,ocr_only,5,240.0,300.0,order by,0.08119491432173491,0.14244452993606666,0.4137492106105134,0.4488124943449669,0.4347871808511855,3
v6,SQL,ocr_only,5,240.0,300.0,count,0.08441090219012949,0.0009267098955678739,0.43586930453828643,0.22051136576768396,0.30665454127592495,4
v6,SQL,ocr_only,5,240.0,300.0,left join,0.05137894158931458,0.04757536962085206,0.20867004228694216,0.29576649377101444,0.2609279131773855,5
v6,SQL,ocr_only,5,240.0,300.0,join,0.05030909114646459,0.025282131851290773,0.20131143483786465,0.25980232091295286,0.23640596648291756,6
v6,SQL,ocr_only,5,240.0,300.0,aggregate function,0.05220042943352111,0.0003101970753759763,0.21432037090072614,0.219516787328079,0.21743822075713787,7
v6,SQL,ocr_only,5,240.0,300.0,subquery,0.02104090022821472,0.044644141549423005,0.0,0.2910377417549563,0.17462264505297376,8
v6,SQL,ocr_only,5,240.0,300.0,inner join,0.03499489252488082,0.00474961574719671,0.09597785591889041,0.22667860124461398,0.17439830311432455,9
v6,SQL,ocr_only,5,240.0,300.0,where,0.04409269903156573,-0.05485660788733229,0.15855406661990754,0.1305199116739396,0.14173357365232675,10
v6,SQL,ocr_only,5,240.0,300.0,having,0.06142545189687497,-0.13576244259380305,0.27777159389214523,0.0,0.1111086375568581,11
v6,SQL,ocr_only,6,300.0,360.0,group by,0.2275979563644653,0.3099549250867446,1.0,1.0,1.0,1
v6,SQL,ocr_only,6,300.0,360.0,select,0.17870040314267813,0.16861937116605635,0.7627231798675314,0.6223883873329057,0.678522304346756,2
v6,SQL,ocr_only,6,300.0,360.0,count,0.11628312598420035,0.20901159181984993,0.4598415003218227,0.730305830305841,0.6221200983122337,3
v6,SQL,ocr_only,6,300.0,360.0,aggregate function,0.06773350405437847,0.2139479617864697,0.22425302705218486,0.7434945190123127,0.5357979222282616,4
v6,SQL,ocr_only,6,300.0,360.0,order by,0.10439071554595201,0.161425456672818,0.4021332276870185,0.603168130449027,0.5227541693442235,5
v6,SQL,ocr_only,6,300.0,360.0,left join,0.07032843061251837,0.1498193839774608,0.23684498476017057,0.5721597415075955,0.4380338388086255,6
v6,SQL,ocr_only,6,300.0,360.0,where,0.05914143110207753,0.08703088677526116,0.18255973947149298,0.40440530868617786,0.3156670810003039,7
v6,SQL,ocr_only,6,300.0,360.0,having,0.08275463752943933,0.00796514875666928,0.29714352056178117,0.1931623481451344,0.23475481711179308,8
v6,SQL,ocr_only,6,300.0,360.0,join,0.054119718527899166,-0.04416606832339172,0.15819173099843575,0.0538813788078166,0.09560551968406426,9
v6,SQL,ocr_only,6,300.0,360.0,inner join,0.03752506324208601,-0.04485901406280093,0.0776656764624846,0.052030009135498066,0.06228427606629268,10
v6,SQL,ocr_only,6,300.0,360.0,subquery,0.021519869198225097,-0.06433323020177112,0.0,0.0,0.0,11
v6,SQL,ocr_only,7,360.0,420.0,order by,0.12069887522850437,0.5717694990151347,0.5163702443837502,1.0,0.8065480977535001,1
v6,SQL,ocr_only,7,360.0,420.0,select,0.16722500428632991,0.43342390479347875,0.7570561453225285,0.7845376142270398,0.7735450266652353,2
v6,SQL,ocr_only,7,360.0,420.0,group by,0.21418761029042976,0.32148679780012585,1.0,0.6102043709820913,0.7661226225892548,3
v6,SQL,ocr_only,7,360.0,420.0,having,0.07193948202789528,0.38299030202558804,0.2641313687375325,0.705991243186953,0.5292472934071848,4
v6,SQL,ocr_only,7,360.0,420.0,count,0.09739676003830212,0.31506568882834346,0.3958252796100327,0.600203998609179,0.5184525110095205,5
v6,SQL,ocr_only,7,360.0,420.0,aggregate function,0.05856589061175685,0.3340220439531885,0.1949479880445068,0.6297270312994332,0.4558154139974626,6
v6,SQL,ocr_only,7,360.0,420.0,where,0.059333443728125185,0.17360087213070688,0.19891864318114785,0.37988366907434795,0.3074976587170679,7
v6,SQL,ocr_only,7,360.0,420.0,subquery,0.020881193602315995,0.22569626143610882,0.0,0.4610181419909854,0.2766108851945912,8
v6,SQL,ocr_only,7,360.0,420.0,left join,0.06416294245659436,0.10319893519649248,0.2239022873416065,0.2702381875523291,0.25170382746804004,9
v6,SQL,ocr_only,7,360.0,420.0,join,0.04735577008045857,-0.04141973066993648,0.13695653218205078,0.04500598590404772,0.08178620441524895,10
v6,SQL,ocr_only,7,360.0,420.0,inner join,0.03284250438172535,-0.07031748858294827,0.06187746368868904,0.0,0.024750985475475617,11
v6,SQL,ocr_only,8,420.0,480.0,order by,0.08081890477882239,0.682304646074417,0.43026813670000985,1.0,0.772107254680004,1
v6,SQL,ocr_only,8,420.0,480.0,select,0.1338014710393866,0.4299421522751739,0.7914319849386973,0.6769923982880975,0.7227682329483375,2
v6,SQL,ocr_only,8,420.0,480.0,having,0.05986284196740474,0.6375166684390591,0.2874178970252914,0.9426742975006746,0.6805717373105212,3
v6,SQL,ocr_only,8,420.0,480.0,count,0.08580686859861866,0.40710741561129415,0.464269362672596,0.6477654184208349,0.5743669961215394,4
v6,SQL,ocr_only,8,420.0,480.0,subquery,0.01769877198122359,0.581385665326314,0.0,0.8708302590931514,0.5224981554558908,5
v6,SQL,ocr_only,8,420.0,480.0,aggregate function,0.049560041566837354,0.4611981665540066,0.21718726640607192,0.7169980665603017,0.5170737464986098,6
v6,SQL,ocr_only,8,420.0,480.0,group by,0.1643983005163966,0.02599178852994712,1.0,0.15996216832138244,0.4959773009928295,7
v6,SQL,ocr_only,8,420.0,480.0,left join,0.05048585823398513,0.07858190979298926,0.223498238747921,0.22727410793324374,0.22576376025911465,8
v6,SQL,ocr_only,8,420.0,480.0,where,0.047343764466366144,-0.019522807212689113,0.20207967115609923,0.1017064418368798,0.14185573356456757,9
v6,SQL,ocr_only,8,420.0,480.0,join,0.04176541385471318,-0.07589312214610941,0.16405398240744395,0.02955609984163302,0.08335525286795739,10
v6,SQL,ocr_only,8,420.0,480.0,inner join,0.03165446506817965,-0.09898499683724016,0.09513113795461185,0.0,0.038052455181844747,11
v7,SQL,ocr_only,1,0.0,60.0,where,0.05099504102924857,0.038059979683550335,0.2598258834745108,0.9615302184801979,0.680848484477923,1
v7,SQL,ocr_only,1,0.0,60.0,aggregate function,0.023350813209369277,0.04228059864157502,0.06757252383967094,1.0,0.6270290095358684,2
v7,SQL,ocr_only,1,0.0,60.0,count,0.023602691518944507,0.038034564514696695,0.06932422591471171,0.9612985662029343,0.6045088300876452,3
v7,SQL,ocr_only,1,0.0,60.0,having,0.027275710370759546,0.026629578398935205,0.09486844508641677,0.8573452530815193,0.5523545298834783,4
v7,SQL,ocr_only,1,0.0,60.0,group by,0.14400356227598587,-0.03488161824727981,0.9066589511536538,0.29668760558117546,0.5406761438101668,5
v7,SQL,ocr_only,1,0.0,60.0,left join,0.035771445140327714,0.015821438940882438,0.15395251727169418,0.7588320331671027,0.5168802268089392,6
v7,SQL,ocr_only,1,0.0,60.0,order by,0.15742512860988972,-0.06743198072028464,1.0,0.0,0.4,7
v7,SQL,ocr_only,1,0.0,60.0,join,0.018921661753806326,-0.001400446220550406,0.03676973733350632,0.6018592843574084,0.37582346554784757,8
v7,SQL,ocr_only,1,0.0,60.0,select,0.10701244279148742,-0.05878394804182843,0.6494021001435298,0.07882444044937476,0.3070555043270368,9
v7,SQL,ocr_only,1,0.0,60.0,inner join,0.013634518800074732,-0.025252359961847846,0.0,0.3844556476912078,0.2306733886147247,10
v7,SQL,ocr_only,1,0.0,60.0,subquery,0.015255018264648963,-0.044883846276708945,0.011269855985155001,0.20552004678703506,0.12781997046628302,11
v8,SQL,ocr_only,1,0.0,60.0,left join,0.01143496595793707,0.01607901431757582,0.0,1.0,0.6,1
v8,SQL,ocr_only,1,0.0,60.0,join,0.07254951721578469,-0.0006953776782936562,1.0,0.26722071758789806,0.5603324305527388,2
v8,SQL,ocr_only,1,0.0,60.0,count,0.017320470184314676,0.010612002861349246,0.09630282977201535,0.7611768740817005,0.49522725635782644,3
v8,SQL,ocr_only,1,0.0,60.0,aggregate function,0.014240429977952149,0.007932001498936006,0.045905008909884346,0.6441026173398642,0.4048235739678722,4
v8,SQL,ocr_only,1,0.0,60.0,order by,0.032186812037771656,0.0010366699458794536,0.3395565483624471,0.34288418219857886,0.3415531286641261,5
v8,SQL,ocr_only,1,0.0,60.0,select,0.05348176408584386,-0.005028551816958478,0.6879997850349532,0.07792859679571904,0.3219570720914127,6
v8,SQL,ocr_only,1,0.0,60.0,group by,0.023426166758672064,0.002076347116871606,0.1962086042347439,0.3883018576342949,0.3114645562744745,7
v8,SQL,ocr_only,1,0.0,60.0,subquery,0.04038536764820549,-0.0021734374406720105,0.4737071792955519,0.20265256082224525,0.3110744082115679,8
v8,SQL,ocr_only,1,0.0,60.0,inner join,0.04901326011875829,-0.00543524932950192,0.6148829270180701,0.06016225918576248,0.28205052631868555,9
v8,SQL,ocr_only,1,0.0,60.0,where,0.0179124376661413,-0.0005329288016776258,0.1059890251157243,0.2743171996102962,0.20698592981246744,10
v8,SQL,ocr_only,1,0.0,60.0,having,0.020710266955162954,-0.0068124516374289765,0.15176910909633584,0.0,0.06070764363853434,11
v8,SQL,ocr_only,2,60.0,120.0,group by,0.14417521856655136,0.01293455846541101,0.9255410085906666,0.681731467672838,0.7792552840399695,1
v8,SQL,ocr_only,2,60.0,120.0,order by,0.1544874197730569,0.00584131948969646,1.0,0.5408199060342123,0.7244919436205274,2
v8,SQL,ocr_only,2,60.0,120.0,left join,0.03654488754336865,0.028955633897362422,0.14839888999205605,1.0,0.6593595559968224,3
v8,SQL,ocr_only,2,60.0,120.0,count,0.02671238593031948,0.025605047747428368,0.0774035575235215,0.9334385421937097,0.5910245483256344,4
v8,SQL,ocr_only,2,60.0,120.0,select,0.10997006399288556,-0.0066184065429916875,0.6785635437843381,0.2932997732899665,0.4474052814877152,5
v8,SQL,ocr_only,2,60.0,120.0,where,0.05177137039558873,0.003713237886706424,0.2583413293591799,0.49854425410729447,0.40246308420804866,6
v8,SQL,ocr_only,2,60.0,120.0,aggregate function,0.023995434521777444,-0.0008146412397774676,0.05778587769580597,0.4085951461175263,0.26827143874883813,7
v8,SQL,ocr_only,2,60.0,120.0,subquery,0.01699081337870276,-0.004551952366207464,0.007209185574166238,0.33435115843323837,0.2034943692896095,8
v8,SQL,ocr_only,2,60.0,120.0,having,0.029189467126176698,-0.008132764330982527,0.0952892604679324,0.26321612299762487,0.1960453779857479,9
v8,SQL,ocr_only,2,60.0,120.0,join,0.022160601946896185,-0.014746668250961078,0.04453751488802242,0.13182684750826765,0.09691111446016956,10
v8,SQL,ocr_only,2,60.0,120.0,inner join,0.015992376913627024,-0.0213825987730376,0.0,0.0,0.0,11
v8,SQL,ocr_only,3,120.0,180.0,select,0.043800984856863054,0.34812461130607464,1.0,1.0,1.0,1
v8,SQL,ocr_only,3,120.0,180.0,join,0.04142559893535502,0.19742591945137283,0.9326729254257125,0.5724653941466255,0.7165484066582603,2
v8,SQL,ocr_only,3,120.0,180.0,order by,0.029347247280402135,0.2666428957523461,0.590328519304448,0.7688350660859887,0.6974324473733724,3
v8,SQL,ocr_only,3,120.0,180.0,subquery,0.02888545710925992,0.2631225079881802,0.5772397066577742,0.7588476695354276,0.6862044843843662,4
v8,SQL,ocr_only,3,120.0,180.0,inner join,0.031013391753874985,0.16682249673318414,0.6375531122437825,0.4856429930457576,0.5464070407249676,5
v8,SQL,ocr_only,3,120.0,180.0,group by,0.019793861923926584,0.18765492688791072,0.31955083955631114,0.5447449315267923,0.4546672947385998,6
v8,SQL,ocr_only,3,120.0,180.0,aggregate function,0.008519696659986515,0.09189015037745514,0.0,0.2730587245920324,0.16383523475521944,7
v8,SQL,ocr_only,3,120.0,180.0,count,0.009035717719125544,0.0733775313262604,0.01462591321097829,0.220538127419249,0.1381732417359407,8
v8,SQL,ocr_only,3,120.0,180.0,left join,0.009511130896543924,0.06676062740227165,0.028100851392528815,0.2017658648581396,0.1322998594718953,9
v8,SQL,ocr_only,3,120.0,180.0,where,0.013703258805700927,-0.003607382775296652,0.1469210000720244,0.0021306913494038046,0.06004681483845205,10
v8,SQL,ocr_only,3,120.0,180.0,having,0.011707959868862404,-0.004358415310921156,0.0903669727444404,0.0,0.03614678909777616,11
v8,SQL,ocr_only,4,180.0,240.0,select,0.027271849428180384,0.022320473458598437,1.0,1.0,1.0,1
v8,SQL,ocr_only,4,180.0,240.0,subquery,0.01506707336699634,0.020765111958613358,0.5485911603418439,0.94832403739068,0.7884308865711456,2
v8,SQL,ocr_only,4,180.0,240.0,inner join,0.009997761720847601,0.015425429533045548,0.361096356948329,0.7709162583168556,0.606988297769445,3
v8,SQL,ocr_only,4,180.0,240.0,order by,0.011507151183124092,0.010853056158225313,0.4169230056588648,0.619001866996685,0.5381703224615569,4
v8,SQL,ocr_only,4,180.0,240.0,join,0.0038367879424158154,0.011613987493081892,0.13322507028611316,0.6442833589255298,0.43986004346976315,5
v8,SQL,ocr_only,4,180.0,240.0,where,0.005340715487154276,0.004124021269820618,0.18884970317548272,0.3954336770335501,0.3128000874903232,6
v8,SQL,ocr_only,4,180.0,240.0,left join,0.005426517532895635,0.003035136010871882,0.1920231986754604,0.3592561106428336,0.2923629458558843,7
v8,SQL,ocr_only,4,180.0,240.0,group by,0.005562709328008184,0.0027560694619621993,0.1970604217997946,0.34998429020295063,0.28881474284168823,8
v8,SQL,ocr_only,4,180.0,240.0,aggregate function,0.0009899645414037726,0.003544838937755899,0.027931762017263193,0.37619068784033527,0.23688711751110642,9
v8,SQL,ocr_only,4,180.0,240.0,count,0.00023477130975783995,0.0006902998146644248,0.0,0.2813503198659891,0.16881019191959343,10
v8,SQL,ocr_only,4,180.0,240.0,having,0.0002623766942155371,-0.007777882168444356,0.0010210195175967393,0.0,0.00040840780703869575,11
v8,SQL,ocr_only,5,240.0,300.0,select,0.027236858393710706,0.019831543321547514,1.0,1.0,1.0,1
v8,SQL,ocr_only,5,240.0,300.0,subquery,0.015064357844594672,0.017877567824797453,0.549633480934759,0.9360694052631007,0.7814950355317639,2
v8,SQL,ocr_only,5,240.0,300.0,where,0.005322407888824418,0.00838757912821302,0.18919413876470279,0.6255738937133468,0.4510219917338892,3
v8,SQL,ocr_only,5,240.0,300.0,order by,0.011467440836371691,0.0024466420332395515,0.4165522799256873,0.4311970233749656,0.42533912599525425,4
v8,SQL,ocr_only,5,240.0,300.0,left join,0.005412681913640959,0.0032339511674438133,0.19253415901400048,0.45695637464379574,0.35118748839187763,5
v8,SQL,ocr_only,5,240.0,300.0,group by,0.005505737741418711,0.00031242626539681437,0.1959771023160687,0.36136928829743253,0.295212413904887,6
v8,SQL,ocr_only,5,240.0,300.0,join,0.0038130500623242878,-0.00041091238977499465,0.1333498832970695,0.33770293705698096,0.2559617155530164,7
v8,SQL,ocr_only,5,240.0,300.0,count,0.00020887111263864989,0.001887902936420249,0.0,0.412916076238306,0.24774964574298358,8
v8,SQL,ocr_only,5,240.0,300.0,aggregate function,0.0009723577951287638,0.00043042592043715863,0.02824800361752392,0.3652300266424247,0.2304372174324644,9
v8,SQL,ocr_only,5,240.0,300.0,having,0.00024193999656343696,0.0004863497375299994,0.0012235052348106407,0.3670597542376015,0.22072525463648515,10
v8,SQL,ocr_only,5,240.0,300.0,inner join,0.009984910904473334,-0.010732469179688772,0.36170062129195,0.0,0.14468024851678002,11
v8,SQL,ocr_only,6,300.0,360.0,select,0.027230291998468912,0.016205538302522204,1.0,1.0,1.0,1
v8,SQL,ocr_only,6,300.0,360.0,subquery,0.015063849808027593,0.015870073777600035,0.5498293519269515,0.985987141297338,0.8115240255491833,2
v8,SQL,ocr_only,6,300.0,360.0,where,0.005318978896894928,0.00855693885443967,0.18925928676037662,0.6805064757172,0.48400760013447064,3
v8,SQL,ocr_only,6,300.0,360.0,order by,0.011460017222955757,0.0006764003042671696,0.4164839067282585,0.35132450564132217,0.37738826607609677,4
v8,SQL,ocr_only,6,300.0,360.0,left join,0.00541008382849003,0.0026098630662980985,0.19263026123728982,0.4320881586609191,0.3363049996914674,5
v8,SQL,ocr_only,6,300.0,360.0,group by,0.005495052083278839,-0.0004146467609744964,0.19577417247487133,0.3057498256755863,0.2617595643953003,6
v8,SQL,ocr_only,6,300.0,360.0,join,0.0038086031043104394,0.00027860699272474934,0.1333738570892609,0.33470807960103904,0.2541743905963278,7
v8,SQL,ocr_only,6,300.0,360.0,count,0.0002040026512632124,0.001467644666863794,0.0,0.3843759749581353,0.23062558497488117,8
v8,SQL,ocr_only,6,300.0,360.0,aggregate function,0.0009690523563724308,0.0009140137689801503,0.02830761172133748,0.3612499781116094,0.22807303155550063,9
v8,SQL,ocr_only,6,300.0,360.0,having,0.00023810270060952498,0.00024253464744002797,0.0012617362638366876,0.3332012833826738,0.20042546453513893,10
v8,SQL,ocr_only,6,300.0,360.0,inner join,0.009982502673531228,-0.007734225313194674,0.3618143762410001,0.0,0.14472575049640005,11
v8,SQL,ocr_only,7,360.0,420.0,select,0.02723395660146514,0.021779310489976365,1.0,1.0,1.0,1
v8,SQL,ocr_only,7,360.0,420.0,subquery,0.015064132329262925,0.017762611122922396,0.5497200020572772,0.8690711980869212,0.7413307196750637,2
v8,SQL,ocr_only,7,360.0,420.0,where,0.005320893912693246,0.015327095053417937,0.1892229828694596,0.789682831699384,0.5494988921674142,3
v8,SQL,ocr_only,7,360.0,420.0,order by,0.011464163960475381,0.00410941073797179,0.4165222077888649,0.4240298829854943,0.4210268129068425,4
v8,SQL,ocr_only,7,360.0,420.0,left join,0.005411533658261254,0.004137250425666745,0.1925766273868349,0.4249373486986199,0.33199306017390584,5
v8,SQL,ocr_only,7,360.0,420.0,group by,0.005501017334018482,0.001349418245295561,0.19588749765370525,0.334064845193724,0.2787939061777165,6
v8,SQL,ocr_only,7,360.0,420.0,join,0.0038110839856498697,0.0017934318472256714,0.13336044980102013,0.3485379644444829,0.2624669585870978,7
v8,SQL,ocr_only,7,360.0,420.0,having,0.00024024400427337907,0.004187373585692839,0.0012403974892835885,0.42657116907963766,0.256438860443496,8
v8,SQL,ocr_only,7,360.0,420.0,count,0.00020671948721459046,0.0026284230473109433,0.0,0.3757554351697844,0.2254532611018706,9
v8,SQL,ocr_only,7,360.0,420.0,aggregate function,0.0009708970791844159,-0.0005686199333352014,0.028274351119926364,0.27154424860352977,0.17423628961008839,10
v8,SQL,ocr_only,7,360.0,420.0,inner join,0.009983846190668664,-0.00889919040794359,0.36175087605602585,0.0,0.14470035042241033,11
v8,SQL,ocr_only,8,420.0,480.0,select,0.027246312726546824,0.03523644713276987,1.0,1.0,1.0,1
v8,SQL,ocr_only,8,420.0,480.0,subquery,0.015065086178711785,0.028236200795888143,0.5493512591862215,0.8211222452970751,0.7124138508527337,2
v8,SQL,ocr_only,8,420.0,480.0,order by,0.011478164474365697,0.02338831788395922,0.416651834944049,0.6972439746454155,0.5850071187648689,3
v8,SQL,ocr_only,8,420.0,480.0,where,0.005327359581606375,0.018431029255557698,0.18910065452487723,0.5705700525305817,0.41798229332829995,4
v8,SQL,ocr_only,8,420.0,480.0,inner join,0.009988391860648012,0.010316528357931511,0.3615371755265992,0.3632196778080807,0.3625466768954881,5
v8,SQL,ocr_only,8,420.0,480.0,having,0.00024747188248821193,0.00979556664832104,0.0011684306151373497,0.3499075090047712,0.21041187764891767,6
v8,SQL,ocr_only,8,420.0,480.0,group by,0.005521143302298002,0.004567859037187954,0.1962697511160092,0.21632355285224683,0.20830203215775178,7
v8,SQL,ocr_only,8,420.0,480.0,join,0.00381947695909484,0.0033677403666508023,0.13331600899174142,0.18565684159214393,0.16472050855198295,8
v8,SQL,ocr_only,8,420.0,480.0,left join,0.00541642136285663,-0.003897800434835932,0.19239552630297357,0.0,0.07695821052118944,9
v8,SQL,ocr_only,8,420.0,480.0,count,0.00021588870752424198,-0.0012562355596317,0.0,0.06750008085988711,0.040500048515932266,10
v8,SQL,ocr_only,8,420.0,480.0,aggregate function,0.0009771271134548026,-0.0025738628441250265,0.028162281338792214,0.033830664264689295,0.031563311094330464,11
v8,SQL,ocr_only,9,480.0,540.0,select,0.027233182535440194,0.01936104510043626,1.0,1.0,1.0,1
v8,SQL,ocr_only,9,480.0,540.0,subquery,0.015064071993472164,0.018075184611319902,0.5497430982664268,0.9483956646482872,0.788934638095543,2
v8,SQL,ocr_only,9,480.0,540.0,where,0.00532048926950981,0.01294179986881433,0.18923068826357034,0.7423819407771496,0.5211214397717179,3
v8,SQL,ocr_only,9,480.0,540.0,order by,0.011463289821759738,0.004860880866101545,0.4165142136358393,0.41807735431879417,0.41745209804561223,4
v8,SQL,ocr_only,9,480.0,540.0,left join,0.005411227526211768,0.0016310564256293257,0.19258800235735143,0.28845758221752676,0.2501097502734566,5
v8,SQL,ocr_only,9,480.0,540.0,group by,0.005499758015706907,0.0007782732592062901,0.1958636290986458,0.2542335673458733,0.2308855920469823,6
v8,SQL,ocr_only,9,480.0,540.0,join,0.0038105571457781673,0.0012502003157849558,0.13336322305197937,0.27317301085110757,0.2172490957314563,7
v8,SQL,ocr_only,9,480.0,540.0,having,0.00023979079944401766,0.0033105003989589467,0.001244923495887645,0.3558572657272611,0.21401232883471172,8
v8,SQL,ocr_only,9,480.0,540.0,count,0.00020614420440145153,0.0018785052152297645,0.0,0.2983882321045076,0.17903293926270455,9
v8,SQL,ocr_only,9,480.0,540.0,inner join,0.009983560623006132,-0.0055566382754369086,0.3617642561810398,0.0,0.14470570247241593,10
v8,SQL,ocr_only,9,480.0,540.0,aggregate function,0.000970506700668049,-0.00047283368743381785,0.02828140053321264,0.20402396608528794,0.13372693986445783,11
v8,SQL,ocr_only,10,540.0,600.0,select,0.027239707094537605,0.017673035548931963,1.0,1.0,1.0,1
v8,SQL,ocr_only,10,540.0,600.0,subquery,0.015064573107176203,0.015253950011548615,0.5495483438683126,0.9085743438807912,0.7649639438757998,2
v8,SQL,ocr_only,10,540.0,600.0,where,0.0053238960704203525,0.01567158342663627,0.18916593595351694,0.9243581631801266,0.6302812722894827,3
v8,SQL,ocr_only,10,540.0,600.0,order by,0.011470664727824832,0.001937683852549096,0.41658208796140594,0.4053063313071534,0.4098166339688544,4
v8,SQL,ocr_only,10,540.0,600.0,left join,0.005413809676702648,0.0032453686584665467,0.1924925303795558,0.4547282882948518,0.34983398512873337,5
v8,SQL,ocr_only,10,540.0,600.0,group by,0.005510377649908751,0.0014136505424761088,0.19606532091353468,0.385501289913881,0.30972690231374245,6
v8,SQL,ocr_only,10,540.0,600.0,having,0.00024360239239345664,0.003953549362252565,0.0012068791350789857,0.48149290016741647,0.2893784917544815,7
v8,SQL,ocr_only,10,540.0,600.0,join,0.0038149657907182596,0.0014246659892827032,0.1333390231503698,0.38591760196079955,0.2848861704366276,8
v8,SQL,ocr_only,10,540.0,600.0,count,0.0002109819880146085,0.0033720913062286273,0.0,0.4595175778994449,0.27571054673966694,9
v8,SQL,ocr_only,10,540.0,600.0,aggregate function,0.0009737902151589822,-0.00015014871268375206,0.028222131237713496,0.32639987711457663,0.20712877876383137,10
v8,SQL,ocr_only,10,540.0,600.0,inner join,0.009985948020977554,-0.008786556211931426,0.3616510210688368,0.0,0.14466040842753472,11
v8,SQL,ocr_only,11,600.0,660.0,select,0.027232950960094926,0.022668656475893514,1.0,1.0,1.0,1
v8,SQL,ocr_only,11,600.0,660.0,subquery,0.015064053286942948,0.020135735782512564,0.5497499965352121,0.9311965095835651,0.7786179043642238,2
v8,SQL,ocr_only,11,600.0,660.0,order by,0.01146303374449487,0.009030440043446317,0.4165120398186238,0.6295356202587525,0.5443261880827011,3
v8,SQL,ocr_only,11,600.0,660.0,where,0.005320369493227902,0.009491269462629605,0.18923306396545578,0.6420534510022278,0.46092529618751893,4
v8,SQL,ocr_only,11,600.0,660.0,group by,0.00549938384243442,0.004424489038428889,0.1958566065011376,0.5044209624408331,0.3809952200649549,5
v8,SQL,ocr_only,11,600.0,660.0,left join,0.005411135889120281,0.0009491688102192186,0.19259142650269656,0.4100184165417368,0.3230476205261207,6
v8,SQL,ocr_only,11,600.0,660.0,having,0.00023965505375190077,0.0033670054315314626,0.0012463000513553346,0.4756957980869561,0.2859159988727158,7
v8,SQL,ocr_only,11,600.0,660.0,join,0.003810399847118155,-0.0015646787548050795,0.13336408908759076,0.34173302280615264,0.25838544931872787,8
v8,SQL,ocr_only,11,600.0,660.0,count,0.00020597132764800258,0.0008904008788464569,0.0,0.4084220622565175,0.2450532373539105,9
v8,SQL,ocr_only,11,600.0,660.0,aggregate function,0.0009703902307623648,2.3283807187832878e-05,0.028283549013247786,0.3848679567980651,0.24223419368413818,10
v8,SQL,ocr_only,11,600.0,660.0,inner join,0.009983475129859413,-0.014145183607660193,0.3617682750784754,0.0,0.14470731003139017,11
v8,SQL,ocr_only,12,660.0,720.0,left join,0.005410207780381503,0.042370110026290424,0.1926256986659634,1.0,0.6770502794663853,1
v8,SQL,ocr_only,12,660.0,720.0,select,0.027230605409428205,0.012279635127874703,1.0,0.42464248006656874,0.6547854880399413,2
v8,SQL,ocr_only,12,660.0,720.0,subquery,0.015063874176223908,0.011728263833912789,0.5498200218014783,0.41409975445896735,0.4683878613959717,3
v8,SQL,ocr_only,12,660.0,720.0,inner join,0.009982617581904408,0.011735648484163204,0.36180896616074276,0.41424095575499204,0.39326815991729236,4
v8,SQL,ocr_only,12,660.0,720.0,join,0.003808815575994007,0.010629385868730657,0.13337274946864794,0.39308819838046977,0.28920201881574104,5
v8,SQL,ocr_only,12,660.0,720.0,order by,0.011460373670487327,-0.003595155468582001,0.4164872680801142,0.12110190193096816,0.23925604839062659,6
v8,SQL,ocr_only,12,660.0,720.0,where,0.005319142797509631,0.0035614018604916025,0.18925621254696157,0.25794185178280654,0.23046759608846853,7
v8,SQL,ocr_only,12,660.0,720.0,having,0.00023828557156194691,0.004721615998744445,0.0012599338945125246,0.2801262118313083,0.16857970065659,8
v8,SQL,ocr_only,12,660.0,720.0,count,0.00020423413034174607,-0.0008292667269206846,0.0,0.17398823530345475,0.10439294118207285,9
v8,SQL,ocr_only,12,660.0,720.0,aggregate function,0.0009692099584512065,-0.0033451055524624986,0.0283047923899948,0.1258830860127672,0.08685176856365824,10
v8,SQL,ocr_only,12,660.0,720.0,group by,0.00549556261605852,-0.009928632678762223,0.19578390421252403,0.0,0.07831356168500962,11
v8,SQL,ocr_only,13,720.0,780.0,inner join,0.009997074605396082,0.07581382431767658,0.3611230302177718,1.0,0.7444492120871087,1
v8,SQL,ocr_only,13,720.0,780.0,select,0.02727011305737055,0.022074211864803992,1.0,0.4003455974151596,0.6402073584490958,2
v8,SQL,ocr_only,13,720.0,780.0,order by,0.011505002713168769,0.035741487941012444,0.4168966882699914,0.5528521358206626,0.4984699568003941,3
v8,SQL,ocr_only,13,720.0,780.0,subquery,0.015066901769741107,0.019024069331564815,0.5486404623755246,0.3663105287742732,0.4392425022147738,4
v8,SQL,ocr_only,13,720.0,780.0,group by,0.005559874761344172,0.0013336886596720533,0.19700455166705608,0.1689121075890602,0.18014908522025855,5
v8,SQL,ocr_only,13,720.0,780.0,join,0.0038355103940659217,0.004711558048392114,0.13322557700488552,0.20660412206123147,0.1772527040386931,6
v8,SQL,ocr_only,13,720.0,780.0,left join,0.005425846562466704,-0.001148835234114879,0.1920472576853236,0.14121082143377048,0.1615453959343917,7
v8,SQL,ocr_only,13,720.0,780.0,aggregate function,0.000989103245680594,0.0017449515979643707,0.02794566468471007,0.1735011922569714,0.11527898122806686,8
v8,SQL,ocr_only,13,720.0,780.0,where,0.0053397682360098574,-0.013803815811746785,0.18886348312686488,0.0,0.07554539325074595,9
v8,SQL,ocr_only,13,720.0,780.0,count,0.00023354847771091662,-0.007804090630244015,0.0,0.06694803805186267,0.0401688228311176,10
v8,SQL,ocr_only,13,720.0,780.0,having,0.0002613745757937457,-0.00864053293586112,0.001029202434386337,0.057614582000028024,0.034980430173771344,11
v8,SQL,ocr_only,14,780.0,840.0,inner join,0.009982447526266319,0.03345818061532614,0.36181699919100396,1.0,0.7447267996764015,1
v8,SQL,ocr_only,14,780.0,840.0,select,0.027230139099984018,0.009932094951936452,1.0,0.3619455028809202,0.6171673017285522,2
v8,SQL,ocr_only,14,780.0,840.0,subquery,0.015063837593067298,0.00768189065151086,0.5498338562441293,0.30091737462082885,0.400483967270149,3
v8,SQL,ocr_only,14,780.0,840.0,order by,0.011459841431994643,0.005688112558322511,0.41648215087839563,0.2468438199794811,0.3146991523390469,4
v8,SQL,ocr_only,14,780.0,840.0,join,0.003808500974935174,0.00785025187751737,0.13337438586373057,0.305483524677874,0.23663986915221663,5
v8,SQL,ocr_only,14,780.0,840.0,left join,0.005410023633205061,0.004386525752143038,0.19263243390743026,0.2115432890302958,0.20397894698114957,6
v8,SQL,ocr_only,14,780.0,840.0,where,0.005318898819644966,0.0026083723000124856,0.18926071852642481,0.16331772261296065,0.17369492097834632,7
v8,SQL,ocr_only,14,780.0,840.0,group by,0.0054948041036688555,-0.001876741090166929,0.19576940182103958,0.041676289794992646,0.10331353460541141,8
v8,SQL,ocr_only,14,780.0,840.0,aggregate function,0.0009689769037174451,0.001723113748439792,0.028308963926312086,0.13930849268725884,0.09490868118288014,9
v8,SQL,ocr_only,14,780.0,840.0,having,0.00023801466611321362,-0.0030157685559002133,0.0012625808043429901,0.010784555094552162,0.006975765378468493,10
v8,SQL,ocr_only,14,780.0,840.0,count,0.00020389184511578957,-0.003413412280913609,0.0,0.0,0.0,11
v8,SQL,ocr_only,15,840.0,900.0,inner join,0.009985893459168064,0.05584729851731356,0.36165694324436853,1.0,0.7446627772977474,1
v8,SQL,ocr_only,15,840.0,900.0,select,0.027239458278456183,0.014493130541791677,1.0,0.30767227461951163,0.584603364771707,2
v8,SQL,ocr_only,15,840.0,900.0,order by,0.01147038479742121,0.01599630178113378,0.416579780844191,0.3328375040495194,0.36633441476738804,3
v8,SQL,ocr_only,15,840.0,900.0,subquery,0.015064585445506793,0.00874165506607974,0.5495571134895084,0.21138437599613094,0.3466534709934819,4
v8,SQL,ocr_only,15,840.0,900.0,join,0.003814862917071154,0.017582895245284842,0.13334270552980934,0.3593993404474718,0.26897668648040685,5
v8,SQL,ocr_only,15,840.0,900.0,left join,0.005413705198899502,0.011782933474768711,0.19249627061286367,0.26229971212821657,0.2343783355220754,6
v8,SQL,ocr_only,15,840.0,900.0,group by,0.005509942206091311,0.01101705746841098,0.19605682322835313,0.24947785596805888,0.22810944287217658,7
v8,SQL,ocr_only,15,840.0,900.0,aggregate function,0.0009736626266096064,0.006960465162278797,0.028224690947646965,0.18156471778660954,0.12022870705102451,8
v8,SQL,ocr_only,15,840.0,900.0,where,0.005323765190394324,0.000338657359729636,0.1891686927728546,0.07070621528791975,0.1180912062818937,9
v8,SQL,ocr_only,15,840.0,900.0,count,0.0002107867252962091,-0.0007996223490095052,0.0,0.05164979026046908,0.030989874156281447,10
v8,SQL,ocr_only,15,840.0,900.0,having,0.00024346074061948754,-0.0038847712229160775,0.0012088650105875607,0.0,0.0004835460042350243,11
v8,SQL,ocr_only,16,900.0,960.0,inner join,0.010391028171684732,0.19872867275394088,0.2335083661159377,1.0,0.693403346446375,1
v8,SQL,ocr_only,16,900.0,960.0,order by,0.02672617879405681,0.1110726357074542,0.7260533450202261,0.6016740781359559,0.651425784889664,2
v8,SQL,ocr_only,16,900.0,960.0,select,0.03581156198392216,0.019605301362755626,1.0,0.18602888698983058,0.5116173321938984,3
v8,SQL,ocr_only,16,900.0,960.0,group by,0.0199121106436766,0.0894916554911603,0.5205924263565918,0.5036059458197971,0.510400538034515,4
v8,SQL,ocr_only,16,900.0,960.0,subquery,0.015224537328776941,0.0041063367365892596,0.3792505585725601,0.11559860539517149,0.22105938666612696,5
v8,SQL,ocr_only,16,900.0,960.0,join,0.005379081690241233,0.03994027201796894,0.08238584933968673,0.27843491177989127,0.20001528680380945,6
v8,SQL,ocr_only,16,900.0,960.0,aggregate function,0.0031928540574381573,0.02403266794106729,0.01646570766653969,0.20614769378463008,0.13027489933739392,7
v8,SQL,ocr_only,16,900.0,960.0,left join,0.008625192726350652,-0.0025346114167673424,0.18026408314132378,0.08542085741149037,0.12335814770342374,8
v8,SQL,ocr_only,16,900.0,960.0,where,0.010164304597088869,-0.02133241851594963,0.22667209255789147,0.0,0.09066883702315659,9
v8,SQL,ocr_only,16,900.0,960.0,having,0.0030698336625713885,-0.0029743711424075996,0.012756340107267627,0.08342250448547985,0.05515603873419496,10
v8,SQL,ocr_only,16,900.0,960.0,count,0.002646772326110349,-0.005399858221292909,0.0,0.07240062385729279,0.043440374314375675,11
v8,SQL,ocr_only,17,960.0,1020.0,inner join,0.011838131368305143,0.19041996000245956,0.20030042625260186,1.0,0.6801201705010407,1
v8,SQL,ocr_only,17,960.0,1020.0,order by,0.017682469892771266,0.12692229037408645,0.38287371561371,0.6826415792393813,0.5627344337891128,2
v8,SQL,ocr_only,17,960.0,1020.0,select,0.03743724854040696,0.019335349633144622,1.0,0.14492701730599433,0.4869562103835966,3
v8,SQL,ocr_only,17,960.0,1020.0,group by,0.020376687200790635,0.06246195101051575,0.4670392912591865,0.3604717795940824,0.403098784260124,4
v8,SQL,ocr_only,17,960.0,1020.0,subquery,0.015525585778856646,0.016677828097351376,0.315494075334559,0.13164484738270912,0.20518453856344906,5
v8,SQL,ocr_only,17,960.0,1020.0,join,0.0071853264121048525,0.025696728210635254,0.05494986141913289,0.17672089369592042,0.1280124807852054,6
v8,SQL,ocr_only,17,960.0,1020.0,having,0.005776394853042118,0.028984676502175327,0.010935766728022238,0.19315390743410457,0.12026665115167162,7
v8,SQL,ocr_only,17,960.0,1020.0,count,0.007994572416582683,0.005260304830273276,0.08023017403643601,0.0745805933046597,0.07684042559737023,8
v8,SQL,ocr_only,17,960.0,1020.0,aggregate function,0.005426330925252854,0.015529884782602756,0.0,0.1259074797025487,0.07554448782152921,9
v8,SQL,ocr_only,17,960.0,1020.0,where,0.008941267452567674,-0.00043494721092328473,0.10980430394319071,0.046115986584349414,0.07159131352788593,10
v8,SQL,ocr_only,17,960.0,1020.0,left join,0.009772691573218638,-0.009661920529297182,0.13577744631438485,0.0,0.05431097852575394,11
v8,SQL,ocr_only,18,1020.0,1080.0,group by,0.07361954035055322,0.0,1.0,0.0,0.4,1
v8,SQL,ocr_only,18,1020.0,1080.0,select,0.06905745877894681,0.0,0.9175679055384186,0.0,0.36702716221536746,2
v8,SQL,ocr_only,18,1020.0,1080.0,order by,0.058847821172531296,0.0,0.7330903160037338,0.0,0.2932361264014935,3
v8,SQL,ocr_only,18,1020.0,1080.0,join,0.03213143098582209,0.0,0.25035278381011183,0.0,0.10014111352404474,4
v8,SQL,ocr_only,18,1020.0,1080.0,count,0.03121641055274693,0.0,0.23381931118591032,0.0,0.09352772447436414,5
v8,SQL,ocr_only,18,1020.0,1080.0,where,0.02719363528225511,0.0,0.16113192366553994,0.0,0.06445276946621598,6
v8,SQL,ocr_only,18,1020.0,1080.0,inner join,0.02531882738706527,0.0,0.12725608451451204,0.0,0.050902433805804816,7
v8,SQL,ocr_only,18,1020.0,1080.0,having,0.024682171653925108,0.0,0.11575237404595118,0.0,0.04630094961838047,8
v8,SQL,ocr_only,18,1020.0,1080.0,aggregate function,0.022035072604552,0.0,0.06792203268485819,0.0,0.02716881307394328,9
v8,SQL,ocr_only,18,1020.0,1080.0,left join,0.02195878617958894,0.0,0.06654361590515182,0.0,0.026617446362060728,10
v8,SQL,ocr_only,18,1020.0,1080.0,subquery,0.018276028804420766,0.0,0.0,0.0,0.0,11
v9,SQL,ocr_only,1,0.0,60.0,count,0.10499568087492617,0.2125512039606982,0.4463018168428285,0.8952380692476243,0.7156635682857059,1
v9,SQL,ocr_only,1,0.0,60.0,aggregate function,0.06163079399032191,0.23661051758056945,0.19950413884347348,1.0,0.6798016555373894,2
v9,SQL,ocr_only,1,0.0,60.0,join,0.0624133221271046,0.14707441954248335,0.2039576527576466,0.6101312510113871,0.4476618117098909,3
v9,SQL,ocr_only,1,0.0,60.0,group by,0.20228613869229828,0.013549742509129986,1.0,0.02872218880322103,0.41723331328193264,4
v9,SQL,ocr_only,1,0.0,60.0,select,0.1653423596228136,0.03198490212408,0.7897460469542467,0.10899475790075633,0.3812952735221525,5
v9,SQL,ocr_only,1,0.0,60.0,order by,0.09632651811424617,0.013318898468666988,0.39696399093709794,0.02771702017024684,0.1754158084769873,6
v9,SQL,ocr_only,1,0.0,60.0,having,0.07651301780973384,0.011234758653218832,0.28420165671942893,0.01864201019806222,0.12486586880660891,7
v9,SQL,ocr_only,1,0.0,60.0,left join,0.06332541564480891,0.006953490003062287,0.20914854747591707,0.0,0.08365941899036683,8
v9,SQL,ocr_only,1,0.0,60.0,where,0.05493363567986269,0.010343785502744595,0.1613893589153325,0.014762428720097033,0.07341320079819122,9
v9,SQL,ocr_only,1,0.0,60.0,subquery,0.02657586768757031,0.03222750304534799,0.0,0.11005111974531652,0.06603067184718991,10
v9,SQL,ocr_only,1,0.0,60.0,inner join,0.042466690273961806,0.0135461433806873,0.0904376420087811,0.02870651704921179,0.053398967033039514,11
v9,SQL,ocr_only,2,60.0,120.0,count,0.09577415515874661,0.17844662467497924,0.4328462489147793,0.8887270254987766,0.7063747148651777,1
v9,SQL,ocr_only,2,60.0,120.0,aggregate function,0.05682118341916182,0.20310856355244336,0.17624135796639223,1.0,0.6704965431865568,2
v9,SQL,ocr_only,2,60.0,120.0,join,0.06819853826172867,0.11053654477110399,0.251190322532583,0.5823214088493462,0.44986897432264095,3
v9,SQL,ocr_only,2,60.0,120.0,group by,0.18186886658989274,-0.011351003344046172,1.0,0.032373162654181685,0.41942389759250903,4
v9,SQL,ocr_only,2,60.0,120.0,select,0.1538592937521657,0.006480543929491881,0.815485364464969,0.112827879330934,0.393890873384548,5
v9,SQL,ocr_only,2,60.0,120.0,order by,0.08933941420035481,-0.00928487558348589,0.39045703114346153,0.04169538921387763,0.1812000459857112,6
v9,SQL,ocr_only,2,60.0,120.0,having,0.07126808252427949,-0.00649085832770601,0.2714111179065253,0.05430180318656285,0.14114552907454783,7
v9,SQL,ocr_only,2,60.0,120.0,left join,0.05759105399011815,-0.006927451634767045,0.1813129236283226,0.052331924169126784,0.10392432395280511,8
v9,SQL,ocr_only,2,60.0,120.0,where,0.05115951271699955,-0.0063999571914293485,0.13894478396360183,0.054711942870604,0.08840507930780313,9
v9,SQL,ocr_only,2,60.0,120.0,subquery,0.030067505378037658,0.009413608499465464,0.0,0.12606166523587545,0.07563699914152526,10
v9,SQL,ocr_only,2,60.0,120.0,inner join,0.04586530468681795,-0.01852601562556701,0.10406889096819606,0.0,0.04162755638727843,11
v9,SQL,ocr_only,3,120.0,180.0,count,0.10431084799967995,0.2662426521432869,0.4451787080909034,0.9318347402831647,0.7371723274062602,1
v9,SQL,ocr_only,3,120.0,180.0,aggregate function,0.06128393447574902,0.28609392227540137,0.19685552501111703,1.0,0.6787422100044468,2
v9,SQL,ocr_only,3,120.0,180.0,group by,0.20044463402858312,0.037553851431763215,1.0,0.146563501159073,0.4879381006954438,3
v9,SQL,ocr_only,3,120.0,180.0,join,0.06356056559845995,0.13014981406519813,0.20999474976112498,0.4645193699589985,0.3627095218798491,4
v9,SQL,ocr_only,3,120.0,180.0,select,0.16453100581430305,-0.005128765272162519,0.7927300439722712,0.0,0.3170920175889085,5
v9,SQL,ocr_only,3,120.0,180.0,order by,0.09563515046685583,-0.005059631608527254,0.3951082603096537,0.0002373910639224268,0.15818573876221492,6
v9,SQL,ocr_only,3,120.0,180.0,having,0.07621594858159836,0.005254224106005275,0.283033337195913,0.03565309236586176,0.13460519029788226,7
v9,SQL,ocr_only,3,120.0,180.0,left join,0.06285721291694918,-0.004257000174323607,0.2059354584386527,0.0029934656024920127,0.0841702627369563,8
v9,SQL,ocr_only,3,120.0,180.0,where,0.05463053931467545,0.004359060967694325,0.15845648289143274,0.032579282609316786,0.08293016272216318,9
v9,SQL,ocr_only,3,120.0,180.0,inner join,0.04313470269270615,0.0025378694776936237,0.09211003811228624,0.026325678175756796,0.05263942215036858,10
v9,SQL,ocr_only,3,120.0,180.0,subquery,0.027174812861276522,0.0021665135773280457,0.0,0.02505051687739495,0.01503031012643697,11
v9,SQL,ocr_only,4,180.0,240.0,select,0.08407825072683989,0.29780521872039434,0.717655119906023,1.0,0.8870620479624092,1
v9,SQL,ocr_only,4,180.0,240.0,group by,0.11328420704697667,0.12104643532111178,1.0,0.44550022419394003,0.667300134516364,2
v9,SQL,ocr_only,4,180.0,240.0,left join,0.03319377112231402,0.21734918856963328,0.22573586428902395,0.7476060322271731,0.5388579650519135,3
v9,SQL,ocr_only,4,180.0,240.0,inner join,0.020490733306948318,0.23385282078293296,0.10293085665652994,0.7993786241531339,0.5207995171544922,4
v9,SQL,ocr_only,4,180.0,240.0,join,0.02670208358011516,0.20108814897065766,0.16297829796869204,0.696594463587682,0.483147997340086,5
v9,SQL,ocr_only,4,180.0,240.0,count,0.052798158880104515,0.14500492059856232,0.4152587975604405,0.5206590053278287,0.4784989222208734,6
v9,SQL,ocr_only,4,180.0,240.0,where,0.02690786955602966,0.15255344160488554,0.16496770780200545,0.5443390348300602,0.3925905040188383,7
v9,SQL,ocr_only,4,180.0,240.0,aggregate function,0.03800639531454016,0.06628313681325027,0.2722612985393858,0.27370544171676664,0.2731277844458143,8
v9,SQL,ocr_only,4,180.0,240.0,order by,0.057961234309727,-0.020966386087440843,0.4651721747193258,0.0,0.18606886988773033,9
v9,SQL,ocr_only,4,180.0,240.0,having,0.037574623327890515,-0.0034513547393121955,0.2680871975970215,0.05494539376770155,0.14020211529942952,10
v9,SQL,ocr_only,4,180.0,240.0,subquery,0.009843491881836312,0.006581839242139518,0.0,0.08641994742971927,0.05185196845783156,11
v9,SQL,ocr_only,5,240.0,300.0,select,0.09779546103100542,0.28174963700325284,0.7286151407031464,1.0,0.8914460562812585,1
v9,SQL,ocr_only,5,240.0,300.0,group by,0.1299389445380669,0.09727744016762732,1.0,0.3634060159883521,0.6180436095930113,2
v9,SQL,ocr_only,5,240.0,300.0,left join,0.03859768201561406,0.18068957305379915,0.22881302917255011,0.6512524389169614,0.48227667501919685,3
v9,SQL,ocr_only,5,240.0,300.0,count,0.06204578485166986,0.12409021173960301,0.4267834852229404,0.4559340466086385,0.4442738220543593,4
v9,SQL,ocr_only,5,240.0,300.0,inner join,0.02293106928494317,0.17890567931604842,0.09654107144782557,0.6450964108485144,0.42567427508823885,5
v9,SQL,ocr_only,5,240.0,300.0,join,0.030638905097589122,0.1347629434405077,0.16161771247332715,0.49276451163432644,0.36030579196992674,6
v9,SQL,ocr_only,5,240.0,300.0,where,0.03155993431485233,0.1163581970814584,0.16939388845874445,0.4292516841708418,0.3253085658860029,7
v9,SQL,ocr_only,5,240.0,300.0,aggregate function,0.04235918124621807,0.054474016414875884,0.2605710662010643,0.2156959408468791,0.23364599098855315,8
v9,SQL,ocr_only,5,240.0,300.0,order by,0.06466021653898396,-0.008030350663501775,0.4488569227657973,0.0,0.17954276910631894,9
v9,SQL,ocr_only,5,240.0,300.0,having,0.04414629242301446,-0.003819222099018691,0.27565950287147606,0.014532157994726186,0.11898309594542614,10
v9,SQL,ocr_only,5,240.0,300.0,subquery,0.011496509723008164,0.004673786098236904,0.0,0.043840628416163666,0.026304377049698197,11
v9,SQL,ocr_only,6,300.0,360.0,select,0.09541478194328465,0.27289268534664485,0.726963043932008,1.0,0.8907852175728032,1
v9,SQL,ocr_only,6,300.0,360.0,group by,0.1270394085085587,0.09247790089590828,1.0,0.37805001550756906,0.6268300093045415,2
v9,SQL,ocr_only,6,300.0,360.0,left join,0.0376575490577194,0.18375889637017873,0.22830548585980517,0.6927260765217271,0.5069578402569583,3
v9,SQL,ocr_only,6,300.0,360.0,count,0.06043583803547812,0.12411540914720538,0.42496597998730146,0.4871150670563035,0.4622554322287027,4
v9,SQL,ocr_only,6,300.0,360.0,inner join,0.022510675860513082,0.1791022996959378,0.09753220563855207,0.6766732334127277,0.4450168223030574,5
v9,SQL,ocr_only,6,300.0,360.0,join,0.029959737279359088,0.13425231908579296,0.16184503004984666,0.5220603793171579,0.3779742396102334,6
v9,SQL,ocr_only,6,300.0,360.0,where,0.030754855986311794,0.11669999850741007,0.16870983178943375,0.46155167131539043,0.3444149355050078,7
v9,SQL,ocr_only,6,300.0,360.0,aggregate function,0.04159894292946948,0.05508685603092382,0.26233422555690444,0.24915060271979445,0.25442405185463846,8
v9,SQL,ocr_only,6,300.0,360.0,order by,0.06350131643898208,-0.017186563707395755,0.4514323444345565,0.0,0.1805729377738226,9
v9,SQL,ocr_only,6,300.0,360.0,having,0.04300328284965298,-0.0008290376253886913,0.27445884926748787,0.05638985255012062,0.14361745123706754,10
v9,SQL,ocr_only,6,300.0,360.0,subquery,0.01121396487374601,0.003043953915867686,0.0,0.06974134719817403,0.041844808318904414,11
v9,SQL,ocr_only,7,360.0,420.0,select,0.06167125479758476,0.18109641307521426,0.7053626841736151,0.9513535019441233,0.85295717483592,1
v9,SQL,ocr_only,7,360.0,420.0,aggregate function,0.030268473587076936,0.19278551034699998,0.2893367753920826,1.0,0.715734710156833,2
v9,SQL,ocr_only,7,360.0,420.0,group by,0.08391129074257198,0.0783901256024921,1.0,0.5239209040541378,0.7143525424324827,3
v9,SQL,ocr_only,7,360.0,420.0,order by,0.046313283554085996,0.07482231387572989,0.5018993698643953,0.5090727475032806,0.5062033964477264,4
v9,SQL,ocr_only,7,360.0,420.0,count,0.03709591497339159,0.058020162476491915,0.3797871239887147,0.43914725998505477,0.4154032055865188,5
v9,SQL,ocr_only,7,360.0,420.0,having,0.02669465700652496,-0.008889601025012066,0.24199064127816722,0.16068900059905458,0.19320965687069963,6
v9,SQL,ocr_only,7,360.0,420.0,subquery,0.008428537030234442,-0.001147732855974639,0.0,0.19290832139664768,0.1157449928379886,7
v9,SQL,ocr_only,7,360.0,420.0,where,0.01927599255600622,-0.036228797441225265,0.14370773444634913,0.04691150911383086,0.08562999924683817,8
v9,SQL,ocr_only,7,360.0,420.0,left join,0.0240026973649559,-0.047501000274160446,0.20632740021746035,0.0,0.08253096008698414,9
v9,SQL,ocr_only,7,360.0,420.0,join,0.022074894665476723,-0.04374596610601577,0.18078775566731617,0.01562731989589263,0.08169149420446205,10
v9,SQL,ocr_only,7,360.0,420.0,inner join,0.01765618276696232,-0.03735209820614816,0.12224839824861389,0.042236670055994976,0.07424136133304254,11
v9,SQL,ocr_only,8,420.0,480.0,select,0.07939012230573063,0.18327656365894593,0.7197162751366087,0.9951968623421837,0.8850046274599537,1
v9,SQL,ocr_only,8,420.0,480.0,aggregate function,0.03602091090931672,0.1843933340291243,0.27254426577542323,1.0,0.7090177063101692,2
v9,SQL,ocr_only,8,420.0,480.0,group by,0.10657358607382272,0.07102405385440247,1.0,0.5124080353602619,0.7074448212161571,3
v9,SQL,ocr_only,8,420.0,480.0,order by,0.05514058726090838,0.07581656497033884,0.46968375291822484,0.5330202321297554,0.5076856404451431,4
v9,SQL,ocr_only,8,420.0,480.0,count,0.04926999055490876,0.059617325130404825,0.4091531036247475,0.46334863178925223,0.44167042052345035,5
v9,SQL,ocr_only,8,420.0,480.0,having,0.03506329395679541,-0.005446701125069981,0.2626704524624908,0.18351359763903818,0.21517633956841925,6
v9,SQL,ocr_only,8,420.0,480.0,subquery,0.009588062632027564,-0.00010454787202037976,0.0,0.20648976010603615,0.12389385606362169,7
v9,SQL,ocr_only,8,420.0,480.0,where,0.02524330200272628,-0.03290422074554569,0.16141831084815503,0.06542106044334843,0.10381996060527107,8
v9,SQL,ocr_only,8,420.0,480.0,left join,0.03121021467461053,-0.0437171410907591,0.22294205645607795,0.0189155779485308,0.10052616935154966,9
v9,SQL,ocr_only,8,420.0,480.0,inner join,0.019629820665781898,-0.036093826472450775,0.10353873111568851,0.051702828128466174,0.0724371893233551,10
v9,SQL,ocr_only,8,420.0,480.0,join,0.025155149490422784,-0.04811517389611557,0.16050938641103116,0.0,0.06420375456441246,11
v9,SQL,ocr_only,9,480.0,540.0,select,0.08615863936694843,0.16550800594801723,0.7183229515893982,1.0,0.8873291806357593,1
v9,SQL,ocr_only,9,480.0,540.0,group by,0.11594682387708222,0.11343749378391166,1.0,0.6984718037524255,0.8190830822514552,2
v9,SQL,ocr_only,9,480.0,540.0,order by,0.0625935668883779,0.1485453919721619,0.49549164546909663,0.9017734571216808,0.739260732460647,3
v9,SQL,ocr_only,9,480.0,540.0,count,0.05237727912034435,0.04909132041397601,0.39888643667451407,0.3258581154037795,0.35506944391207335,4
v9,SQL,ocr_only,9,480.0,540.0,aggregate function,0.037775823070841534,0.03699408146616707,0.2608150801901371,0.255805825001627,0.2578095270770311,5
v9,SQL,ocr_only,9,480.0,540.0,left join,0.0337529091571184,0.02315548501717789,0.22277440950602814,0.17566973928941013,0.19451160737605733,6
v9,SQL,ocr_only,9,480.0,540.0,having,0.03770231148624729,0.008814647516212202,0.2601199547062242,0.09262529273744034,0.15962315752495387,7
v9,SQL,ocr_only,9,480.0,540.0,where,0.028278230915154197,0.0033343885020219954,0.1710058565192019,0.06089039045127864,0.10493657687844794,8
v9,SQL,ocr_only,9,480.0,540.0,inner join,0.020405097508335895,0.003980608037904247,0.09655751345146502,0.06463249712425354,0.07740250365513812,9
v9,SQL,ocr_only,9,480.0,540.0,join,0.026700631307478788,-0.007180693855540266,0.15608807591687754,0.0,0.06243523036675102,10
v9,SQL,ocr_only,9,480.0,540.0,subquery,0.010193853664502333,-0.005918670220774629,0.0,0.007308084641330071,0.0043848507847980426,11
v9,SQL,ocr_only,10,540.0,600.0,group by,0.12328199236899752,0.13141493204530283,1.0,0.7636830531081372,0.8582098318648823,1
v9,SQL,ocr_only,10,540.0,600.0,select,0.09225658407993544,0.1467470496927944,0.7238172037656305,0.8485943224794986,0.7986834749939513,2
v9,SQL,ocr_only,10,540.0,600.0,order by,0.06523407480492595,0.1740858196514666,0.48326751934866774,1.0,0.793307007739467,3
v9,SQL,ocr_only,10,540.0,600.0,count,0.05663981623000985,0.03228021963104694,0.406762922127353,0.21466207222383638,0.29150241218524303,4
v9,SQL,ocr_only,10,540.0,600.0,aggregate function,0.03977064790668671,0.019069155057841413,0.2565965154752239,0.14149747171338878,0.18753708921812284,5
v9,SQL,ocr_only,10,540.0,600.0,having,0.040695522110662796,0.01222848595944985,0.2648295850109825,0.10361295309381609,0.16809960586068268,6
v9,SQL,ocr_only,10,540.0,600.0,where,0.03029416202787639,0.01237133738318153,0.17223848401595532,0.10440408292985329,0.13153784336429408,7
v9,SQL,ocr_only,10,540.0,600.0,left join,0.03616734933705905,0.00234434672090541,0.22452057741326079,0.048873299467077844,0.11913221064555103,8
v9,SQL,ocr_only,10,540.0,600.0,join,0.028536332493370124,0.004200689943617438,0.15659059079179247,0.05915397060810514,0.09812861868158007,9
v9,SQL,ocr_only,10,540.0,600.0,inner join,0.021555060270768842,-0.006480526382488059,0.09444451794249165,0.0,0.037777807176996664,10
v9,SQL,ocr_only,10,540.0,600.0,subquery,0.01094549381774874,-0.000255928130097285,0.0,0.034472637837065535,0.02068358270223932,11
v9,SQL,ocr_only,11,600.0,660.0,group by,0.1191224045307388,0.14699858699707577,1.0,0.8969890700534137,0.9381934420320482,1
v9,SQL,ocr_only,11,600.0,660.0,order by,0.06033400694179939,0.16494792447686327,0.4590777412644754,1.0,0.7836310965057902,2
v9,SQL,ocr_only,11,600.0,660.0,select,0.08891217092297364,0.1278570967161467,0.7220303925563248,0.78713639629192,0.7610939947976819,3
v9,SQL,ocr_only,11,600.0,660.0,count,0.056040502979950224,0.02525635425639372,0.41957246545865334,0.19831255218675659,0.2868165174955153,4
v9,SQL,ocr_only,11,600.0,660.0,aggregate function,0.039524037580520706,0.01017659557560395,0.26760159813452955,0.11177008415262986,0.17410268974538973,5
v9,SQL,ocr_only,11,600.0,660.0,left join,0.03509038682087827,0.0057924956373184774,0.22680680729638844,0.08660981224119521,0.1426886102632725,6
v9,SQL,ocr_only,11,600.0,660.0,join,0.028103096765935906,0.008822684131417879,0.16251553769269386,0.1040000103497396,0.1274062212869213,7
v9,SQL,ocr_only,11,600.0,660.0,having,0.039882171415194845,-0.009298997564270278,0.2708968497611532,0.0,0.10835873990446128,8
v9,SQL,ocr_only,11,600.0,660.0,where,0.028555200972047293,0.0012401472780285883,0.1666754270311237,0.060483965620987824,0.10296055018504217,9
v9,SQL,ocr_only,11,600.0,660.0,inner join,0.02136137097924866,-0.005598240100780407,0.10048374757980083,0.021238581549327187,0.05293664796151665,10
v9,SQL,ocr_only,11,600.0,660.0,subquery,0.010440617749834541,-0.00478817018039076,0.0,0.02588755847758775,0.015532535086552649,11
v9,SQL,ocr_only,12,660.0,720.0,group by,0.12379414317203735,0.10054221496159423,1.0,0.7439841088087819,0.8463904652852692,1
v9,SQL,ocr_only,12,660.0,720.0,order by,0.062252472464549034,0.14080594086238007,0.4528517531461536,0.9946981870535323,0.7779596134905808,2
v9,SQL,ocr_only,12,660.0,720.0,count,0.058790916839225174,0.14165739182495993,0.4220761165732492,1.0,0.7688304466292997,3
v9,SQL,ocr_only,12,660.0,720.0,select,0.09354031254124681,0.09089497041725943,0.7310224080699835,0.6839126680907883,0.7027565640824665,4
v9,SQL,ocr_only,12,660.0,720.0,aggregate function,0.04052527774477771,0.13116332372691705,0.2596818836364442,0.9346555602747357,0.6646660896194191,5
v9,SQL,ocr_only,12,660.0,720.0,having,0.041853203751562845,0.005755445947183888,0.2714880692373773,0.15376606784049296,0.2008548683992467,6
v9,SQL,ocr_only,12,660.0,720.0,join,0.02935987211722342,0.013641379333189069,0.16041366351343983,0.20287018018329045,0.18588757351535018,7
v9,SQL,ocr_only,12,660.0,720.0,left join,0.03676714855743041,0.004718677816364245,0.22626950186863584,0.14731032236595637,0.17889399416702817,8
v9,SQL,ocr_only,12,660.0,720.0,where,0.03011044993821524,0.009210523388679783,0.16708682227175548,0.17528013631352435,0.1720028106968168,9
v9,SQL,ocr_only,12,660.0,720.0,inner join,0.022226557692145106,0.008968607592496285,0.0969935379778498,0.17377377557576146,0.1430616805365968,10
v9,SQL,ocr_only,12,660.0,720.0,subquery,0.011317001809785555,-0.01893879879453867,0.0,0.0,0.0,11
