video_id,subject,method,chunk_id,start_sec,end_sec,concept,lda_score
v1,SQL,ocr_only,1,0.0,60.0,select,0.05919261861878539
v1,SQL,ocr_only,1,0.0,60.0,where,0.023321039565287496
v1,SQL,ocr_only,1,0.0,60.0,group by,0.03424288094232917
v1,SQL,ocr_only,1,0.0,60.0,having,0.02362126199521013
v1,SQL,ocr_only,1,0.0,60.0,count,0.019681326995719662
v1,SQL,ocr_only,1,0.0,60.0,aggregate function,0.016826973394432267
v1,SQL,ocr_only,1,0.0,60.0,join,0.07931679401309466
v1,SQL,ocr_only,1,0.0,60.0,inner join,0.05260235229125513
v1,SQL,ocr_only,1,0.0,60.0,left join,0.013059752852338312
v1,SQL,ocr_only,1,0.0,60.0,subquery,0.04127041482014536
v1,SQL,ocr_only,1,0.0,60.0,order by,0.04711439241840916
v1,SQL,ocr_only,2,60.0,120.0,select,0.07530685422501443
v1,SQL,ocr_only,2,60.0,120.0,where,0.027262686436942213
v1,SQL,ocr_only,2,60.0,120.0,group by,0.05505332700278266
v1,SQL,ocr_only,2,60.0,120.0,having,0.031479275533134274
v1,SQL,ocr_only,2,60.0,120.0,count,0.029392626686133363
v1,SQL,ocr_only,2,60.0,120.0,aggregate function,0.0226248773339158
v1,SQL,ocr_only,2,60.0,120.0,join,0.08529178152417358
v1,SQL,ocr_only,2,60.0,120.0,inner join,0.055546673158136724
v1,SQL,ocr_only,2,60.0,120.0,left join,0.019897011279243124
v1,SQL,ocr_only,2,60.0,120.0,subquery,0.04399958749843078
v1,SQL,ocr_only,2,60.0,120.0,order by,0.05553875365732687
v1,SQL,ocr_only,3,120.0,180.0,select,0.05974621821464927
v1,SQL,ocr_only,3,120.0,180.0,where,0.020504225894351778
v1,SQL,ocr_only,3,120.0,180.0,group by,0.018622703714961494
v1,SQL,ocr_only,3,120.0,180.0,having,0.027476701286929906
v1,SQL,ocr_only,3,120.0,180.0,count,0.020553965472925612
v1,SQL,ocr_only,3,120.0,180.0,aggregate function,0.017429416900139216
v1,SQL,ocr_only,3,120.0,180.0,join,0.10760766329569454
v1,SQL,ocr_only,3,120.0,180.0,inner join,0.06909127450826827
v1,SQL,ocr_only,3,120.0,180.0,left join,0.011276792554022065
v1,SQL,ocr_only,3,120.0,180.0,subquery,0.054954498208804346
v1,SQL,ocr_only,3,120.0,180.0,order by,0.03382891244513669
v1,SQL,ocr_only,4,180.0,240.0,select,0.060123564405492054
v1,SQL,ocr_only,4,180.0,240.0,where,0.020680463176341493
v1,SQL,ocr_only,4,180.0,240.0,group by,0.01877515731897407
v1,SQL,ocr_only,4,180.0,240.0,having,0.027792778493463097
v1,SQL,ocr_only,4,180.0,240.0,count,0.02079013550625593
v1,SQL,ocr_only,4,180.0,240.0,aggregate function,0.017620433888113324
v1,SQL,ocr_only,4,180.0,240.0,join,0.10881201421575762
v1,SQL,ocr_only,4,180.0,240.0,inner join,0.06977709714712865
v1,SQL,ocr_only,4,180.0,240.0,left join,0.01134489243040925
v1,SQL,ocr_only,4,180.0,240.0,subquery,0.05541732099739612
v1,SQL,ocr_only,4,180.0,240.0,order by,0.03408855309945421
v1,SQL,ocr_only,5,240.0,300.0,select,0.06012148348243428
v1,SQL,ocr_only,5,240.0,300.0,where,0.02067891773685218
v1,SQL,ocr_only,5,240.0,300.0,group by,0.018762114031018285
v1,SQL,ocr_only,5,240.0,300.0,having,0.027793542293259497
v1,SQL,ocr_only,5,240.0,300.0,count,0.020787668282857285
v1,SQL,ocr_only,5,240.0,300.0,aggregate function,0.01761939105906741
v1,SQL,ocr_only,5,240.0,300.0,join,0.10883034402261774
v1,SQL,ocr_only,5,240.0,300.0,inner join,0.06978772304858533
v1,SQL,ocr_only,5,240.0,300.0,left join,0.011342378435311095
v1,SQL,ocr_only,5,240.0,300.0,subquery,0.0554262056361965
v1,SQL,ocr_only,5,240.0,300.0,order by,0.03408266349022184
v1,SQL,ocr_only,6,300.0,360.0,select,0.060123340819904905
v1,SQL,ocr_only,6,300.0,360.0,where,0.020680261119183377
v1,SQL,ocr_only,6,300.0,360.0,group by,0.018773348949678463
v1,SQL,ocr_only,6,300.0,360.0,having,0.027792924279785348
v1,SQL,ocr_only,6,300.0,360.0,count,0.02078980346197466
v1,SQL,ocr_only,6,300.0,360.0,aggregate function,0.017620304089947893
v1,SQL,ocr_only,6,300.0,360.0,join,0.1088147451148316
v1,SQL,ocr_only,6,300.0,360.0,inner join,0.06977867520420113
v1,SQL,ocr_only,6,300.0,360.0,left join,0.011344555521924964
v1,SQL,ocr_only,6,300.0,360.0,subquery,0.05541864599742566
v1,SQL,ocr_only,6,300.0,360.0,order by,0.03408776862801987
v1,SQL,ocr_only,7,360.0,420.0,select,0.05972832963262355
v1,SQL,ocr_only,7,360.0,420.0,where,0.020495565993017942
v1,SQL,ocr_only,7,360.0,420.0,group by,0.01860885497046813
v1,SQL,ocr_only,7,360.0,420.0,having,0.027463073620999888
v1,SQL,ocr_only,7,360.0,420.0,count,0.020542133823191595
v1,SQL,ocr_only,7,360.0,420.0,aggregate function,0.017420362451851506
v1,SQL,ocr_only,7,360.0,420.0,join,0.10756410966463369
v1,SQL,ocr_only,7,360.0,420.0,inner join,0.06906657583991602
v1,SQL,ocr_only,7,360.0,420.0,left join,0.011272402138002499
v1,SQL,ocr_only,7,360.0,420.0,subquery,0.05493875984242019
v1,SQL,ocr_only,7,360.0,420.0,order by,0.03381419757734784
v1,SQL,ocr_only,8,420.0,480.0,select,0.059910179394011026
v1,SQL,ocr_only,8,420.0,480.0,where,0.020580609508048887
v1,SQL,ocr_only,8,420.0,480.0,group by,0.018684964815781975
v1,SQL,ocr_only,8,420.0,480.0,having,0.0276148527547895
v1,SQL,ocr_only,8,420.0,480.0,count,0.02065620218560011
v1,SQL,ocr_only,8,420.0,480.0,aggregate function,0.01751241408519028
v1,SQL,ocr_only,8,420.0,480.0,join,0.1081390797454786
v1,SQL,ocr_only,8,420.0,480.0,inner join,0.06939395348426948
v1,SQL,ocr_only,8,420.0,480.0,left join,0.01130568736572852
v1,SQL,ocr_only,8,420.0,480.0,subquery,0.0551593224828176
v1,SQL,ocr_only,8,420.0,480.0,order by,0.03394025921526223
v1,SQL,ocr_only,9,480.0,540.0,select,0.06012223478078636
v1,SQL,ocr_only,9,480.0,540.0,where,0.02067945152123589
v1,SQL,ocr_only,9,480.0,540.0,group by,0.01876663646802162
v1,SQL,ocr_only,9,480.0,540.0,having,0.027793294938088138
v1,SQL,ocr_only,9,480.0,540.0,count,0.0207885370544753
v1,SQL,ocr_only,9,480.0,540.0,aggregate function,0.01761975892387869
v1,SQL,ocr_only,9,480.0,540.0,join,0.10882404381655418
v1,SQL,ocr_only,9,480.0,540.0,inner join,0.06978407012824568
v1,SQL,ocr_only,9,480.0,540.0,left join,0.011343258777684568
v1,SQL,ocr_only,9,480.0,540.0,subquery,0.05542315734689569
v1,SQL,ocr_only,9,480.0,540.0,order by,0.034084688855795506
v1,SQL,ocr_only,10,540.0,600.0,select,0.0601224185551159
v1,SQL,ocr_only,10,540.0,600.0,where,0.020679586993409608
v1,SQL,ocr_only,10,540.0,600.0,group by,0.01876768635862214
v1,SQL,ocr_only,10,540.0,600.0,having,0.027793253469122408
v1,SQL,ocr_only,10,540.0,600.0,count,0.020788751294373364
v1,SQL,ocr_only,10,540.0,600.0,aggregate function,0.01761985580164968
v1,SQL,ocr_only,10,540.0,600.0,join,0.10882265374033082
v1,SQL,ocr_only,10,540.0,600.0,inner join,0.06978326408026204
v1,SQL,ocr_only,10,540.0,600.0,left join,0.011343461806816765
v1,SQL,ocr_only,10,540.0,600.0,subquery,0.055422472099977985
v1,SQL,ocr_only,10,540.0,600.0,order by,0.034085173554435653
v1,SQL,ocr_only,11,600.0,660.0,select,0.05976913481190223
v1,SQL,ocr_only,11,600.0,660.0,where,0.020514625144928317
v1,SQL,ocr_only,11,600.0,660.0,group by,0.018625389452991227
v1,SQL,ocr_only,11,600.0,660.0,having,0.02749724651218193
v1,SQL,ocr_only,11,600.0,660.0,count,0.020567682525255215
v1,SQL,ocr_only,11,600.0,660.0,aggregate function,0.01744102170749997
v1,SQL,ocr_only,11,600.0,660.0,join,0.10769425164669705
v1,SQL,ocr_only,11,600.0,660.0,inner join,0.06914068522640231
v1,SQL,ocr_only,11,600.0,660.0,left join,0.01127977522419475
v1,SQL,ocr_only,11,600.0,660.0,subquery,0.05498876348315646
v1,SQL,ocr_only,11,600.0,660.0,order by,0.033842284540553554
v1,SQL,ocr_only,12,660.0,720.0,select,0.06012217405826094
v1,SQL,ocr_only,12,660.0,720.0,where,0.020679457984071524
v1,SQL,ocr_only,12,660.0,720.0,group by,0.018766968561526116
v1,SQL,ocr_only,12,660.0,720.0,having,0.027793185995035254
v1,SQL,ocr_only,12,660.0,720.0,count,0.020788540148978633
v1,SQL,ocr_only,12,660.0,720.0,aggregate function,0.017619741904444507
v1,SQL,ocr_only,12,660.0,720.0,join,0.10882321223175348
v1,SQL,ocr_only,12,660.0,720.0,inner join,0.06978359088232633
v1,SQL,ocr_only,12,660.0,720.0,left join,0.011343303740546429
v1,SQL,ocr_only,12,660.0,720.0,subquery,0.05542277149717991
v1,SQL,ocr_only,12,660.0,720.0,order by,0.03408481633809012
v1,SQL,ocr_only,13,720.0,780.0,select,0.06013889159875304
v1,SQL,ocr_only,13,720.0,780.0,where,0.020691607480358015
v1,SQL,ocr_only,13,720.0,780.0,group by,0.018868899257656155
v1,SQL,ocr_only,13,720.0,780.0,having,0.027787497272137366
v1,SQL,ocr_only,13,720.0,780.0,count,0.02080797147755404
v1,SQL,ocr_only,13,720.0,780.0,aggregate function,0.01762799258417662
v1,SQL,ocr_only,13,720.0,780.0,join,0.10868110530142094
v1,SQL,ocr_only,13,720.0,780.0,inner join,0.06970119531480085
v1,SQL,ocr_only,13,720.0,780.0,left join,0.011363044625481432
v1,SQL,ocr_only,13,720.0,780.0,subquery,0.05535391452732937
v1,SQL,ocr_only,13,720.0,780.0,order by,0.03413089137068419
v2,Python,ocr_only,1,0.0,60.0,for loop,0.36483159499524304
v2,Python,ocr_only,1,0.0,60.0,for,0.44119669754131413
v2,Python,ocr_only,1,0.0,60.0,iteration,0.03425084382355649
v2,Python,ocr_only,1,0.0,60.0,range,0.41110726653623614
v2,Python,ocr_only,1,0.0,60.0,list,0.15777431759110475
v2,Python,ocr_only,1,0.0,60.0,nested loop,0.00866340334355204
v2,Python,ocr_only,1,0.0,60.0,index,0.0005866744129199452
v2,Python,ocr_only,1,0.0,60.0,break,0.022786250863114657
v2,Python,ocr_only,1,0.0,60.0,continue,0.016173379437519342
v2,Python,ocr_only,2,60.0,120.0,for loop,0.36529097924671144
v2,Python,ocr_only,2,60.0,120.0,for,0.44178310834162454
v2,Python,ocr_only,2,60.0,120.0,iteration,0.03429469221785671
v2,Python,ocr_only,2,60.0,120.0,range,0.41166628078102513
v2,Python,ocr_only,2,60.0,120.0,list,0.157969014020537
v2,Python,ocr_only,2,60.0,120.0,nested loop,0.00867344755032616
v2,Python,ocr_only,2,60.0,120.0,index,0.0005518959188442903
v2,Python,ocr_only,2,60.0,120.0,break,0.022807010698252715
v2,Python,ocr_only,2,60.0,120.0,continue,0.01618486677020652
v2,Python,ocr_only,3,120.0,180.0,for loop,0.3652918321824286
v2,Python,ocr_only,3,120.0,180.0,for,0.44178425081404127
v2,Python,ocr_only,3,120.0,180.0,iteration,0.03429477178205753
v2,Python,ocr_only,3,120.0,180.0,range,0.41166737916766577
v2,Python,ocr_only,3,120.0,180.0,list,0.15796936196736888
v2,Python,ocr_only,3,120.0,180.0,nested loop,0.00867346626822092
v2,Python,ocr_only,3,120.0,180.0,index,0.0005518176044726932
v2,Python,ocr_only,3,120.0,180.0,break,0.022807047723315592
v2,Python,ocr_only,3,120.0,180.0,continue,0.016184885056844626
v2,Python,ocr_only,4,180.0,240.0,for loop,0.36511610765135705
v2,Python,ocr_only,4,180.0,240.0,for,0.44155995265760856
v2,Python,ocr_only,4,180.0,240.0,iteration,0.03427799411677203
v2,Python,ocr_only,4,180.0,240.0,range,0.4114535554273972
v2,Python,ocr_only,4,180.0,240.0,list,0.15789485865492203
v2,Python,ocr_only,4,180.0,240.0,nested loop,0.00866962876516966
v2,Python,ocr_only,4,180.0,240.0,index,0.0005651187941573356
v2,Python,ocr_only,4,180.0,240.0,break,0.022799096404542852
v2,Python,ocr_only,4,180.0,240.0,continue,0.01618048084511314
v2,Python,ocr_only,5,240.0,300.0,for loop,0.36524405703708673
v2,Python,ocr_only,5,240.0,300.0,for,0.44172336323191197
v2,Python,ocr_only,5,240.0,300.0,iteration,0.03429019880371688
v2,Python,ocr_only,5,240.0,300.0,range,0.4116093406091362
v2,Python,ocr_only,5,240.0,300.0,list,0.15794903145583822
v2,Python,ocr_only,5,240.0,300.0,nested loop,0.008672432105223565
v2,Python,ocr_only,5,240.0,300.0,index,0.000555407825281396
v2,Python,ocr_only,5,240.0,300.0,break,0.02280485779274091
v2,Python,ocr_only,5,240.0,300.0,continue,0.016183658090837993
v2,Python,ocr_only,6,300.0,360.0,for loop,0.36510836303444216
v2,Python,ocr_only,6,300.0,360.0,for,0.44155012545151934
v2,Python,ocr_only,6,300.0,360.0,iteration,0.034277241732302365
v2,Python,ocr_only,6,300.0,360.0,range,0.41144418589424514
v2,Python,ocr_only,6,300.0,360.0,list,0.15789149565408808
v2,Python,ocr_only,6,300.0,360.0,nested loop,0.008669469683089312
v2,Python,ocr_only,6,300.0,360.0,index,0.0005656980474656499
v2,Python,ocr_only,6,300.0,360.0,break,0.022798716862381697
v2,Python,ocr_only,6,300.0,360.0,continue,0.016180257244199383
v2,Python,ocr_only,7,360.0,420.0,for loop,0.3651825083333497
v2,Python,ocr_only,7,360.0,420.0,for,0.44164479374246424
v2,Python,ocr_only,7,360.0,420.0,iteration,0.034284324795428776
v2,Python,ocr_only,7,360.0,420.0,range,0.4115344382125554
v2,Python,ocr_only,7,360.0,420.0,list,0.15792295227386977
v2,Python,ocr_only,7,360.0,420.0,nested loop,0.008671086676589959
v2,Python,ocr_only,7,360.0,420.0,index,0.0005600666077430707
v2,Python,ocr_only,7,360.0,420.0,break,0.0228020794831891
v2,Python,ocr_only,7,360.0,420.0,continue,0.01618212228443058
v2,Python,ocr_only,8,420.0,480.0,for loop,0.36504689003282476
v2,Python,ocr_only,8,420.0,480.0,for,0.44147147470050374
v2,Python,ocr_only,8,420.0,480.0,iteration,0.03427139889078371
v2,Python,ocr_only,8,420.0,480.0,range,0.41136919604142014
v2,Python,ocr_only,8,420.0,480.0,list,0.15786560075694653
v2,Python,ocr_only,8,420.0,480.0,nested loop,0.008668107878221407
v2,Python,ocr_only,8,420.0,480.0,index,0.0005703920038429313
v2,Python,ocr_only,8,420.0,480.0,break,0.022795996238595014
v2,Python,ocr_only,8,420.0,480.0,continue,0.016178780276041606
v2,Python,ocr_only,9,480.0,540.0,for loop,0.365192182703953
v2,Python,ocr_only,9,480.0,540.0,for,0.4416570200457651
v2,Python,ocr_only,9,480.0,540.0,iteration,0.0342852647244556
v2,Python,ocr_only,9,480.0,540.0,range,0.411546084967512
v2,Python,ocr_only,9,480.0,540.0,list,0.15792715791300974
v2,Python,ocr_only,9,480.0,540.0,nested loop,0.008671286108420722
v2,Python,ocr_only,9,480.0,540.0,index,0.0005593623807709274
v2,Python,ocr_only,9,480.0,540.0,break,0.022802554472416033
v2,Python,ocr_only,9,480.0,540.0,continue,0.016182403931234213
v2,Python,ocr_only,10,540.0,600.0,for loop,0.36508866173759863
v2,Python,ocr_only,10,540.0,600.0,for,0.44152489887190743
v2,Python,ocr_only,10,540.0,600.0,iteration,0.03427536563804889
v2,Python,ocr_only,10,540.0,600.0,range,0.41142013994648363
v2,Python,ocr_only,10,540.0,600.0,list,0.1578831777544874
v2,Python,ocr_only,10,540.0,600.0,nested loop,0.008669031427702692
v2,Python,ocr_only,10,540.0,600.0,index,0.0005672299795441601
v2,Python,ocr_only,10,540.0,600.0,break,0.02279784220947243
v2,Python,ocr_only,10,540.0,600.0,continue,0.016179781090529748
v2,Python,ocr_only,11,600.0,660.0,for loop,0.3510369489794831
v2,Python,ocr_only,11,600.0,660.0,for,0.4240913367935265
v2,Python,ocr_only,11,600.0,660.0,iteration,0.03279678897239034
v2,Python,ocr_only,11,600.0,660.0,range,0.39472682740060866
v2,Python,ocr_only,11,600.0,660.0,list,0.15108268897412452
v2,Python,ocr_only,11,600.0,660.0,nested loop,0.008488466484083173
v2,Python,ocr_only,11,600.0,660.0,index,0.0015228248669237952
v2,Python,ocr_only,11,600.0,660.0,break,0.021818305549929768
v2,Python,ocr_only,11,600.0,660.0,continue,0.015486753435727967
v2,Python,ocr_only,12,660.0,720.0,for loop,0.36509420934160386
v2,Python,ocr_only,12,660.0,720.0,for,0.44153187198658045
v2,Python,ocr_only,12,660.0,720.0,iteration,0.03427590289362343
v2,Python,ocr_only,12,660.0,720.0,range,0.4114267715868118
v2,Python,ocr_only,12,660.0,720.0,list,0.1578855805057167
v2,Python,ocr_only,12,660.0,720.0,nested loop,0.008669149137284629
v2,Python,ocr_only,12,660.0,720.0,index,0.0005668351913424615
v2,Python,ocr_only,12,660.0,720.0,break,0.022798106636488707
v2,Python,ocr_only,12,660.0,720.0,continue,0.016179936197334932
v2,Python,ocr_only,13,720.0,780.0,for loop,0.3646534843310924
v2,Python,ocr_only,13,720.0,780.0,for,0.44096896718686407
v2,Python,ocr_only,13,720.0,780.0,iteration,0.03423385664593507
v2,Python,ocr_only,13,720.0,780.0,range,0.41089014095122584
v2,Python,ocr_only,13,720.0,780.0,list,0.15769895764682912
v2,Python,ocr_only,13,720.0,780.0,nested loop,0.00865948677168571
v2,Python,ocr_only,13,720.0,780.0,index,0.0006003689406414513
v2,Python,ocr_only,13,720.0,780.0,break,0.022778280390473606
v2,Python,ocr_only,13,720.0,780.0,continue,0.016169010290558773
v2,Python,ocr_only,14,780.0,840.0,for loop,0.36107642588056105
v2,Python,ocr_only,14,780.0,840.0,for,0.4357979171780768
v2,Python,ocr_only,14,780.0,840.0,iteration,0.033942878164585036
v2,Python,ocr_only,14,780.0,840.0,range,0.40585824019216515
v2,Python,ocr_only,14,780.0,840.0,list,0.15653151155386044
v2,Python,ocr_only,14,780.0,840.0,nested loop,0.008556430937848164
v2,Python,ocr_only,14,780.0,840.0,index,0.0010320145306891492
v2,Python,ocr_only,14,780.0,840.0,break,0.02273714214264049
v2,Python,ocr_only,14,780.0,840.0,continue,0.016214454480554443
v2,Python,ocr_only,15,840.0,900.0,for loop,0.34832613962246095
v2,Python,ocr_only,15,840.0,900.0,for,0.4210754342821279
v2,Python,ocr_only,15,840.0,900.0,iteration,0.032698357078743905
v2,Python,ocr_only,15,840.0,900.0,range,0.3922913668328111
v2,Python,ocr_only,15,840.0,900.0,list,0.15065580529753175
v2,Python,ocr_only,15,840.0,900.0,nested loop,0.008277755761069617
v2,Python,ocr_only,15,840.0,900.0,index,0.0011007541004854876
v2,Python,ocr_only,15,840.0,900.0,break,0.02179857341158338
v2,Python,ocr_only,15,840.0,900.0,continue,0.015489952364567253
v3,Java,ocr_only,1,0.0,60.0,class,0.2442361447533877
v3,Java,ocr_only,1,0.0,60.0,object,0.22786979129007576
v3,Java,ocr_only,1,0.0,60.0,method,0.15262255758651808
v3,Java,ocr_only,1,0.0,60.0,interface,0.14440562842852497
v3,Java,ocr_only,1,0.0,60.0,implements,0.26601523737026345
v3,Java,ocr_only,1,0.0,60.0,extends,0.27340069445199755
v3,Java,ocr_only,1,0.0,60.0,inheritance,0.29298755691340206
v3,Java,ocr_only,1,0.0,60.0,abstract class,0.26171062662577005
v3,Java,ocr_only,1,0.0,60.0,abstract method,0.09031564824578309
v3,Java,ocr_only,2,60.0,120.0,class,0.24576535966942245
v3,Java,ocr_only,2,60.0,120.0,object,0.22941992647086945
v3,Java,ocr_only,2,60.0,120.0,method,0.15371440455592858
v3,Java,ocr_only,2,60.0,120.0,interface,0.14544734920789207
v3,Java,ocr_only,2,60.0,120.0,implements,0.26776283452905647
v3,Java,ocr_only,2,60.0,120.0,extends,0.2752527477035485
v3,Java,ocr_only,2,60.0,120.0,inheritance,0.2949528314471391
v3,Java,ocr_only,2,60.0,120.0,abstract class,0.2634993209898795
v3,Java,ocr_only,2,60.0,120.0,abstract method,0.09106936952693856
v3,Java,ocr_only,3,120.0,180.0,class,0.24590942372767197
v3,Java,ocr_only,3,120.0,180.0,object,0.2295661193426069
v3,Java,ocr_only,3,120.0,180.0,method,0.15381750090875648
v3,Java,ocr_only,3,120.0,180.0,interface,0.1455456621530213
v3,Java,ocr_only,3,120.0,180.0,implements,0.2679276008960156
v3,Java,ocr_only,3,120.0,180.0,extends,0.2754273045760542
v3,Java,ocr_only,3,120.0,180.0,inheritance,0.29513802211880763
v3,Java,ocr_only,3,120.0,180.0,abstract class,0.26366807331752384
v3,Java,ocr_only,3,120.0,180.0,abstract method,0.09114082216082556
v3,Java,ocr_only,4,180.0,240.0,class,0.24583295980138295
v3,Java,ocr_only,4,180.0,240.0,object,0.2294885069487467
v3,Java,ocr_only,4,180.0,240.0,method,0.15376281787849833
v3,Java,ocr_only,4,180.0,240.0,interface,0.14549349150219126
v3,Java,ocr_only,4,180.0,240.0,implements,0.2678401598461338
v3,Java,ocr_only,4,180.0,240.0,extends,0.2753346247347707
v3,Java,ocr_only,4,180.0,240.0,inheritance,0.2950396896043699
v3,Java,ocr_only,4,180.0,240.0,abstract class,0.2635785283327726
v3,Java,ocr_only,4,180.0,240.0,abstract method,0.09110298477426494
v3,Java,ocr_only,5,240.0,300.0,class,0.24590397412518408
v3,Java,ocr_only,5,240.0,300.0,object,0.22956062693105855
v3,Java,ocr_only,5,240.0,300.0,method,0.15381367441088223
v3,Java,ocr_only,5,240.0,300.0,interface,0.1455420078787491
v3,Java,ocr_only,5,240.0,300.0,implements,0.2679213169730838
v3,Java,ocr_only,5,240.0,300.0,extends,0.2754208145265214
v3,Java,ocr_only,5,240.0,300.0,inheritance,0.29513113351644926
v3,Java,ocr_only,5,240.0,300.0,abstract class,0.26366168897100156
v3,Java,ocr_only,5,240.0,300.0,abstract method,0.09113807971639099
v3,Java,ocr_only,6,300.0,360.0,class,0.24573728060676325
v3,Java,ocr_only,6,300.0,360.0,object,0.2293918525666302
v3,Java,ocr_only,6,300.0,360.0,method,0.15369477228806352
v3,Java,ocr_only,6,300.0,360.0,interface,0.14542860920279246
v3,Java,ocr_only,6,300.0,360.0,implements,0.26773090192667576
v3,Java,ocr_only,6,300.0,360.0,extends,0.27521913511928836
v3,Java,ocr_only,6,300.0,360.0,inheritance,0.29491710901669255
v3,Java,ocr_only,6,300.0,360.0,abstract class,0.2634668804731432
v3,Java,ocr_only,6,300.0,360.0,abstract method,0.09105607964325962
v3,Java,ocr_only,7,360.0,420.0,class,0.2460464792122799
v3,Java,ocr_only,7,360.0,420.0,object,0.22970509429998826
v3,Java,ocr_only,7,360.0,420.0,method,0.15391542372820086
v3,Java,ocr_only,7,360.0,420.0,interface,0.14563908274710743
v3,Java,ocr_only,7,360.0,420.0,implements,0.2680841746303344
v3,Java,ocr_only,7,360.0,420.0,extends,0.27559340498165347
v3,Java,ocr_only,7,360.0,420.0,inheritance,0.2953142752535766
v3,Java,ocr_only,7,360.0,420.0,abstract class,0.26382837484069377
v3,Java,ocr_only,7,360.0,420.0,abstract method,0.09120831234132494
v4,SQL,ocr_only,1,0.0,60.0,select,0.182914951897215
v4,SQL,ocr_only,1,0.0,60.0,where,0.06061696287359148
v4,SQL,ocr_only,1,0.0,60.0,group by,0.23252868686877484
v4,SQL,ocr_only,1,0.0,60.0,having,0.08472486752780711
v4,SQL,ocr_only,1,0.0,60.0,count,0.11902584419684598
v4,SQL,ocr_only,1,0.0,60.0,aggregate function,0.06897415029263197
v4,SQL,ocr_only,1,0.0,60.0,join,0.05541505470892179
v4,SQL,ocr_only,1,0.0,60.0,inner join,0.03834065949077843
v4,SQL,ocr_only,1,0.0,60.0,left join,0.0719427095213081
v4,SQL,ocr_only,1,0.0,60.0,subquery,0.022117027853581238
v4,SQL,ocr_only,1,0.0,60.0,order by,0.10651826140937203
v4,SQL,ocr_only,2,60.0,120.0,select,0.18186811765473665
v4,SQL,ocr_only,2,60.0,120.0,where,0.060309829359532156
v4,SQL,ocr_only,2,60.0,120.0,group by,0.23106960163539866
v4,SQL,ocr_only,2,60.0,120.0,having,0.08417252294231817
v4,SQL,ocr_only,2,60.0,120.0,count,0.11821834085339862
v4,SQL,ocr_only,2,60.0,120.0,aggregate function,0.06854270571971838
v4,SQL,ocr_only,2,60.0,120.0,join,0.0551984719405987
v4,SQL,ocr_only,2,60.0,120.0,inner join,0.03821936578714625
v4,SQL,ocr_only,2,60.0,120.0,left join,0.07148341351152623
v4,SQL,ocr_only,2,60.0,120.0,subquery,0.02208042435092308
v4,SQL,ocr_only,2,60.0,120.0,order by,0.10608162730611564
v4,SQL,ocr_only,3,120.0,180.0,select,0.1816756346840783
v4,SQL,ocr_only,3,120.0,180.0,where,0.0600864392047172
v4,SQL,ocr_only,3,120.0,180.0,group by,0.2306310462641688
v4,SQL,ocr_only,3,120.0,180.0,having,0.08402976861887423
v4,SQL,ocr_only,3,120.0,180.0,count,0.11809218036533221
v4,SQL,ocr_only,3,120.0,180.0,aggregate function,0.06839702902395074
v4,SQL,ocr_only,3,120.0,180.0,join,0.05481567617278777
v4,SQL,ocr_only,3,120.0,180.0,inner join,0.03801416840938128
v4,SQL,ocr_only,3,120.0,180.0,left join,0.07143042746267766
v4,SQL,ocr_only,3,120.0,180.0,subquery,0.02204266115281866
v4,SQL,ocr_only,3,120.0,180.0,order by,0.10548033134634624
v4,SQL,ocr_only,4,180.0,240.0,select,0.1800545352675258
v4,SQL,ocr_only,4,180.0,240.0,where,0.059496321049857206
v4,SQL,ocr_only,4,180.0,240.0,group by,0.2282523118334675
v4,SQL,ocr_only,4,180.0,240.0,having,0.08314656040441039
v4,SQL,ocr_only,4,180.0,240.0,count,0.11685682989049599
v4,SQL,ocr_only,4,180.0,240.0,aggregate function,0.06768326604919939
v4,SQL,ocr_only,4,180.0,240.0,join,0.054249343490967085
v4,SQL,ocr_only,4,180.0,240.0,inner join,0.03770344074953527
v4,SQL,ocr_only,4,180.0,240.0,left join,0.07074031784516295
v4,SQL,ocr_only,4,180.0,240.0,subquery,0.02196672398838151
v4,SQL,ocr_only,4,180.0,240.0,order by,0.1044458553648929
v4,SQL,ocr_only,5,240.0,300.0,select,0.1799271907825762
v4,SQL,ocr_only,5,240.0,300.0,where,0.05948780309532267
v4,SQL,ocr_only,5,240.0,300.0,group by,0.2286933943928939
v4,SQL,ocr_only,5,240.0,300.0,having,0.0832406272886751
v4,SQL,ocr_only,5,240.0,300.0,count,0.11699060955969774
v4,SQL,ocr_only,5,240.0,300.0,aggregate function,0.06793469778790083
v4,SQL,ocr_only,5,240.0,300.0,join,0.05431141996488651
v4,SQL,ocr_only,5,240.0,300.0,inner join,0.03768547198979753
v4,SQL,ocr_only,5,240.0,300.0,left join,0.07077324893271307
v4,SQL,ocr_only,5,240.0,300.0,subquery,0.021765219078070518
v4,SQL,ocr_only,5,240.0,300.0,order by,0.10466924756126857
v4,SQL,ocr_only,6,300.0,360.0,select,0.18006265284735637
v4,SQL,ocr_only,6,300.0,360.0,where,0.06050627286320185
v4,SQL,ocr_only,6,300.0,360.0,group by,0.22932635134223547
v4,SQL,ocr_only,6,300.0,360.0,having,0.08223414943243944
v4,SQL,ocr_only,6,300.0,360.0,count,0.1147427638467791
v4,SQL,ocr_only,6,300.0,360.0,aggregate function,0.06693677979130784
v4,SQL,ocr_only,6,300.0,360.0,join,0.05376956051779608
v4,SQL,ocr_only,6,300.0,360.0,inner join,0.03720373926386271
v4,SQL,ocr_only,6,300.0,360.0,left join,0.0704956444754319
v4,SQL,ocr_only,6,300.0,360.0,subquery,0.021865538022991335
v4,SQL,ocr_only,6,300.0,360.0,order by,0.1098614725032273
v4,SQL,ocr_only,7,360.0,420.0,select,0.17361039555284505
v4,SQL,ocr_only,7,360.0,420.0,where,0.057752643374729525
v4,SQL,ocr_only,7,360.0,420.0,group by,0.21931261553843498
v4,SQL,ocr_only,7,360.0,420.0,having,0.07969970988755033
v4,SQL,ocr_only,7,360.0,420.0,count,0.11221673051114857
v4,SQL,ocr_only,7,360.0,420.0,aggregate function,0.06495062448284215
v4,SQL,ocr_only,7,360.0,420.0,join,0.05197952918827059
v4,SQL,ocr_only,7,360.0,420.0,inner join,0.036538199628401706
v4,SQL,ocr_only,7,360.0,420.0,left join,0.06791917365093639
v4,SQL,ocr_only,7,360.0,420.0,subquery,0.021310851761320956
v4,SQL,ocr_only,7,360.0,420.0,order by,0.10136181988607706
v4,SQL,ocr_only,8,420.0,480.0,select,0.1645118294331491
v4,SQL,ocr_only,8,420.0,480.0,where,0.05477140707136725
v4,SQL,ocr_only,8,420.0,480.0,group by,0.20577332353354097
v4,SQL,ocr_only,8,420.0,480.0,having,0.0752038995158284
v4,SQL,ocr_only,8,420.0,480.0,count,0.10609009485242996
v4,SQL,ocr_only,8,420.0,480.0,aggregate function,0.061319095918433035
v4,SQL,ocr_only,8,420.0,480.0,join,0.05016481907661669
v4,SQL,ocr_only,8,420.0,480.0,inner join,0.03570340970454078
v4,SQL,ocr_only,8,420.0,480.0,left join,0.0639476416474536
v4,SQL,ocr_only,8,420.0,480.0,subquery,0.021069470255698067
v4,SQL,ocr_only,8,420.0,480.0,order by,0.09508391464604482
v5,Java,ocr_only,1,0.0,60.0,class,0.22358780602577422
v5,Java,ocr_only,1,0.0,60.0,object,0.1911221650561359
v5,Java,ocr_only,1,0.0,60.0,method,0.1016630865725358
v5,Java,ocr_only,1,0.0,60.0,interface,0.10728561285004726
v5,Java,ocr_only,1,0.0,60.0,implements,0.23438578259510223
v5,Java,ocr_only,1,0.0,60.0,extends,0.23736784431958396
v5,Java,ocr_only,1,0.0,60.0,inheritance,0.25962827085402107
v5,Java,ocr_only,1,0.0,60.0,abstract class,0.21256096569092492
v5,Java,ocr_only,1,0.0,60.0,abstract method,0.02901483152648631
v5,Java,ocr_only,2,60.0,120.0,class,0.23721553393357475
v5,Java,ocr_only,2,60.0,120.0,object,0.19982087833345594
v5,Java,ocr_only,2,60.0,120.0,method,0.10245329274071892
v5,Java,ocr_only,2,60.0,120.0,interface,0.11034069957202826
v5,Java,ocr_only,2,60.0,120.0,implements,0.24743918348768928
v5,Java,ocr_only,2,60.0,120.0,extends,0.2500458630456663
v5,Java,ocr_only,2,60.0,120.0,inheritance,0.274290445161305
v5,Java,ocr_only,2,60.0,120.0,abstract class,0.22160929810186386
v5,Java,ocr_only,2,60.0,120.0,abstract method,0.023013242793278068
v5,Java,ocr_only,3,120.0,180.0,class,0.23675771073114366
v5,Java,ocr_only,3,120.0,180.0,object,0.19782697848900907
v5,Java,ocr_only,3,120.0,180.0,method,0.09882650621569405
v5,Java,ocr_only,3,120.0,180.0,interface,0.10788889780162395
v5,Java,ocr_only,3,120.0,180.0,implements,0.2461447612438376
v5,Java,ocr_only,3,120.0,180.0,extends,0.248405904500884
v5,Java,ocr_only,3,120.0,180.0,inheritance,0.2729949370298923
v5,Java,ocr_only,3,120.0,180.0,abstract class,0.21874333919476308
v5,Java,ocr_only,3,120.0,180.0,abstract method,0.018122233750679614
v5,Java,ocr_only,4,180.0,240.0,class,0.23686112975730314
v5,Java,ocr_only,4,180.0,240.0,object,0.19791494712108348
v5,Java,ocr_only,4,180.0,240.0,method,0.09886402386768857
v5,Java,ocr_only,4,180.0,240.0,interface,0.10793578540404031
v5,Java,ocr_only,4,180.0,240.0,implements,0.24625445727219736
v5,Java,ocr_only,4,180.0,240.0,extends,0.24851918363383343
v5,Java,ocr_only,4,180.0,240.0,inheritance,0.27312003532043344
v5,Java,ocr_only,4,180.0,240.0,abstract class,0.2188386490778147
v5,Java,ocr_only,4,180.0,240.0,abstract method,0.018121870937695933
v5,Java,ocr_only,5,240.0,300.0,class,0.23681127524072085
v5,Java,ocr_only,5,240.0,300.0,object,0.1978724196854277
v5,Java,ocr_only,5,240.0,300.0,method,0.09884577098466833
v5,Java,ocr_only,5,240.0,300.0,interface,0.10791305456177773
v5,Java,ocr_only,5,240.0,300.0,implements,0.24620156008342228
v5,Java,ocr_only,5,240.0,300.0,extends,0.24846444599123074
v5,Java,ocr_only,5,240.0,300.0,inheritance,0.273059610599573
v5,Java,ocr_only,5,240.0,300.0,abstract class,0.21879259750627023
v5,Java,ocr_only,5,240.0,300.0,abstract method,0.018121892731437692
v5,Java,ocr_only,6,300.0,360.0,class,0.2368832210471501
v5,Java,ocr_only,6,300.0,360.0,object,0.1979337646157499
v5,Java,ocr_only,6,300.0,360.0,method,0.09887209877949603
v5,Java,ocr_only,6,300.0,360.0,interface,0.1079458401904789
v5,Java,ocr_only,6,300.0,360.0,implements,0.24627790505787658
v5,Java,ocr_only,6,300.0,360.0,extends,0.2485433986426548
v5,Java,ocr_only,6,300.0,360.0,inheritance,0.27314676766220397
v5,Java,ocr_only,6,300.0,360.0,abstract class,0.21885905239000197
v5,Java,ocr_only,6,300.0,360.0,abstract method,0.01812188384375931
v5,Java,ocr_only,7,360.0,420.0,class,0.2363559123503414
v5,Java,ocr_only,7,360.0,420.0,object,0.19748500800308041
v5,Java,ocr_only,7,360.0,420.0,method,0.09868045312190701
v5,Java,ocr_only,7,360.0,420.0,interface,0.10770651888357856
v5,Java,ocr_only,7,360.0,420.0,implements,0.24571848151107853
v5,Java,ocr_only,7,360.0,420.0,extends,0.24796564872444685
v5,Java,ocr_only,7,360.0,420.0,inheritance,0.27250879212670437
v5,Java,ocr_only,7,360.0,420.0,abstract class,0.2183728064129616
v5,Java,ocr_only,7,360.0,420.0,abstract method,0.018123231423131592
v6,SQL,ocr_only,1,0.0,60.0,select,0.12789441864859116
v6,SQL,ocr_only,1,0.0,60.0,where,0.051545482112375716
v6,SQL,ocr_only,1,0.0,60.0,group by,0.1586585832593428
v6,SQL,ocr_only,1,0.0,60.0,having,0.04710539654457112
v6,SQL,ocr_only,1,0.0,60.0,count,0.056769964344929306
v6,SQL,ocr_only,1,0.0,60.0,aggregate function,0.0378785438368731
v6,SQL,ocr_only,1,0.0,60.0,join,0.041748211333981766
v6,SQL,ocr_only,1,0.0,60.0,inner join,0.028988976613027226
v6,SQL,ocr_only,1,0.0,60.0,left join,0.04510318216822611
v6,SQL,ocr_only,1,0.0,60.0,subquery,0.022312131807364043
v6,SQL,ocr_only,1,0.0,60.0,order by,0.12469490198423279
v6,SQL,ocr_only,2,60.0,120.0,select,0.15705770717063516
v6,SQL,ocr_only,2,60.0,120.0,where,0.05807828560489813
v6,SQL,ocr_only,2,60.0,120.0,group by,0.20093775935809688
v6,SQL,ocr_only,2,60.0,120.0,having,0.0642884090752565
v6,SQL,ocr_only,2,60.0,120.0,count,0.08423974366768949
v6,SQL,ocr_only,2,60.0,120.0,aggregate function,0.05219452674524507
v6,SQL,ocr_only,2,60.0,120.0,join,0.04449083479977541
v6,SQL,ocr_only,2,60.0,120.0,inner join,0.030733479982867393
v6,SQL,ocr_only,2,60.0,120.0,left join,0.059050351119390644
v6,SQL,ocr_only,2,60.0,120.0,subquery,0.021045766342866205
v6,SQL,ocr_only,2,60.0,120.0,order by,0.12732946827772507
v6,SQL,ocr_only,3,120.0,180.0,select,0.14476998170244293
v6,SQL,ocr_only,3,120.0,180.0,where,0.057460957386125874
v6,SQL,ocr_only,3,120.0,180.0,group by,0.18789934015194804
v6,SQL,ocr_only,3,120.0,180.0,having,0.053687489240408136
v6,SQL,ocr_only,3,120.0,180.0,count,0.0665363245148182
v6,SQL,ocr_only,3,120.0,180.0,aggregate function,0.04370985782006355
v6,SQL,ocr_only,3,120.0,180.0,join,0.0358778951273976
v6,SQL,ocr_only,3,120.0,180.0,inner join,0.025014741765934
v6,SQL,ocr_only,3,120.0,180.0,left join,0.053037616087181716
v6,SQL,ocr_only,3,120.0,180.0,subquery,0.01912369022895598
v6,SQL,ocr_only,3,120.0,180.0,order by,0.14078234522137528
v6,SQL,ocr_only,4,180.0,240.0,select,0.16249155276956545
v6,SQL,ocr_only,4,180.0,240.0,where,0.059165400799684645
v6,SQL,ocr_only,4,180.0,240.0,group by,0.20888881384449062
v6,SQL,ocr_only,4,180.0,240.0,having,0.06778354037385807
v6,SQL,ocr_only,4,180.0,240.0,count,0.09023908261616229
v6,SQL,ocr_only,4,180.0,240.0,aggregate function,0.05516485843520638
v6,SQL,ocr_only,4,180.0,240.0,join,0.04460638230624784
v6,SQL,ocr_only,4,180.0,240.0,inner join,0.03093998030038604
v6,SQL,ocr_only,4,180.0,240.0,left join,0.06175675021237579
v6,SQL,ocr_only,4,180.0,240.0,subquery,0.02046345547321514
v6,SQL,ocr_only,4,180.0,240.0,order by,0.12635153658916712
v6,SQL,ocr_only,5,240.0,300.0,select,0.13379104304838202
v6,SQL,ocr_only,5,240.0,300.0,where,0.04409269903156573
v6,SQL,ocr_only,5,240.0,300.0,group by,0.16642852285294216
v6,SQL,ocr_only,5,240.0,300.0,having,0.06142545189687497
v6,SQL,ocr_only,5,240.0,300.0,count,0.08441090219012949
v6,SQL,ocr_only,5,240.0,300.0,aggregate function,0.05220042943352111
v6,SQL,ocr_only,5,240.0,300.0,join,0.05030909114646459
v6,SQL,ocr_only,5,240.0,300.0,inner join,0.03499489252488082
v6,SQL,ocr_only,5,240.0,300.0,left join,0.05137894158931458
v6,SQL,ocr_only,5,240.0,300.0,subquery,0.02104090022821472
v6,SQL,ocr_only,5,240.0,300.0,order by,0.08119491432173491
v6,SQL,ocr_only,6,300.0,360.0,select,0.17870040314267813
v6,SQL,ocr_only,6,300.0,360.0,where,0.05914143110207753
v6,SQL,ocr_only,6,300.0,360.0,group by,0.2275979563644653
v6,SQL,ocr_only,6,300.0,360.0,having,0.08275463752943933
v6,SQL,ocr_only,6,300.0,360.0,count,0.11628312598420035
v6,SQL,ocr_only,6,300.0,360.0,aggregate function,0.06773350405437847
v6,SQL,ocr_only,6,300.0,360.0,join,0.054119718527899166
v6,SQL,ocr_only,6,300.0,360.0,inner join,0.03752506324208601
v6,SQL,ocr_only,6,300.0,360.0,left join,0.07032843061251837
v6,SQL,ocr_only,6,300.0,360.0,subquery,0.021519869198225097
v6,SQL,ocr_only,6,300.0,360.0,order by,0.10439071554595201
v6,SQL,ocr_only,7,360.0,420.0,select,0.16722500428632991
v6,SQL,ocr_only,7,360.0,420.0,where,0.059333443728125185
v6,SQL,ocr_only,7,360.0,420.0,group by,0.21418761029042976
v6,SQL,ocr_only,7,360.0,420.0,having,0.07193948202789528
v6,SQL,ocr_only,7,360.0,420.0,count,0.09739676003830212
v6,SQL,ocr_only,7,360.0,420.0,aggregate function,0.05856589061175685
v6,SQL,ocr_only,7,360.0,420.0,join,0.04735577008045857
v6,SQL,ocr_only,7,360.0,420.0,inner join,0.03284250438172535
v6,SQL,ocr_only,7,360.0,420.0,left join,0.06416294245659436
v6,SQL,ocr_only,7,360.0,420.0,subquery,0.020881193602315995
v6,SQL,ocr_only,7,360.0,420.0,order by,0.12069887522850437
v6,SQL,ocr_only,8,420.0,480.0,select,0.1338014710393866
v6,SQL,ocr_only,8,420.0,480.0,where,0.047343764466366144
v6,SQL,ocr_only,8,420.0,480.0,group by,0.1643983005163966
v6,SQL,ocr_only,8,420.0,480.0,having,0.05986284196740474
v6,SQL,ocr_only,8,420.0,480.0,count,0.08580686859861866
v6,SQL,ocr_only,8,420.0,480.0,aggregate function,0.049560041566837354
v6,SQL,ocr_only,8,420.0,480.0,join,0.04176541385471318
v6,SQL,ocr_only,8,420.0,480.0,inner join,0.03165446506817965
v6,SQL,ocr_only,8,420.0,480.0,left join,0.05048585823398513
v6,SQL,ocr_only,8,420.0,480.0,subquery,0.01769877198122359
v6,SQL,ocr_only,8,420.0,480.0,order by,0.08081890477882239
v7,SQL,ocr_only,1,0.0,60.0,select,0.10701244279148742
v7,SQL,ocr_only,1,0.0,60.0,where,0.05099504102924857
v7,SQL,ocr_only,1,0.0,60.0,group by,0.14400356227598587
v7,SQL,ocr_only,1,0.0,60.0,having,0.027275710370759546
v7,SQL,ocr_only,1,0.0,60.0,count,0.023602691518944507
v7,SQL,ocr_only,1,0.0,60.0,aggregate function,0.023350813209369277
v7,SQL,ocr_only,1,0.0,60.0,join,0.018921661753806326
v7,SQL,ocr_only,1,0.0,60.0,inner join,0.013634518800074732
v7,SQL,ocr_only,1,0.0,60.0,left join,0.035771445140327714
v7,SQL,ocr_only,1,0.0,60.0,subquery,0.015255018264648963
v7,SQL,ocr_only,1,0.0,60.0,order by,0.15742512860988972
v8,SQL,ocr_only,1,0.0,60.0,select,0.05348176408584386
v8,SQL,ocr_only,1,0.0,60.0,where,0.0179124376661413
v8,SQL,ocr_only,1,0.0,60.0,group by,0.023426166758672064
v8,SQL,ocr_only,1,0.0,60.0,having,0.020710266955162954
v8,SQL,ocr_only,1,0.0,60.0,count,0.017320470184314676
v8,SQL,ocr_only,1,0.0,60.0,aggregate function,0.014240429977952149
v8,SQL,ocr_only,1,0.0,60.0,join,0.07254951721578469
v8,SQL,ocr_only,1,0.0,60.0,inner join,0.04901326011875829
v8,SQL,ocr_only,1,0.0,60.0,left join,0.01143496595793707
v8,SQL,ocr_only,1,0.0,60.0,subquery,0.04038536764820549
v8,SQL,ocr_only,1,0.0,60.0,order by,0.032186812037771656
v8,SQL,ocr_only,2,60.0,120.0,select,0.10997006399288556
v8,SQL,ocr_only,2,60.0,120.0,where,0.05177137039558873
v8,SQL,ocr_only,2,60.0,120.0,group by,0.14417521856655136
v8,SQL,ocr_only,2,60.0,120.0,having,0.029189467126176698
v8,SQL,ocr_only,2,60.0,120.0,count,0.02671238593031948
v8,SQL,ocr_only,2,60.0,120.0,aggregate function,0.023995434521777444
v8,SQL,ocr_only,2,60.0,120.0,join,0.022160601946896185
v8,SQL,ocr_only,2,60.0,120.0,inner join,0.015992376913627024
v8,SQL,ocr_only,2,60.0,120.0,left join,0.03654488754336865
v8,SQL,ocr_only,2,60.0,120.0,subquery,0.01699081337870276
v8,SQL,ocr_only,2,60.0,120.0,order by,0.1544874197730569
v8,SQL,ocr_only,3,120.0,180.0,select,0.043800984856863054
v8,SQL,ocr_only,3,120.0,180.0,where,0.013703258805700927
v8,SQL,ocr_only,3,120.0,180.0,group by,0.019793861923926584
v8,SQL,ocr_only,3,120.0,180.0,having,0.011707959868862404
v8,SQL,ocr_only,3,120.0,180.0,count,0.009035717719125544
v8,SQL,ocr_only,3,120.0,180.0,aggregate function,0.008519696659986515
v8,SQL,ocr_only,3,120.0,180.0,join,0.04142559893535502
v8,SQL,ocr_only,3,120.0,180.0,inner join,0.031013391753874985
v8,SQL,ocr_only,3,120.0,180.0,left join,0.009511130896543924
v8,SQL,ocr_only,3,120.0,180.0,subquery,0.02888545710925992
v8,SQL,ocr_only,3,120.0,180.0,order by,0.029347247280402135
v8,SQL,ocr_only,4,180.0,240.0,select,0.027271849428180384
v8,SQL,ocr_only,4,180.0,240.0,where,0.005340715487154276
v8,SQL,ocr_only,4,180.0,240.0,group by,0.005562709328008184
v8,SQL,ocr_only,4,180.0,240.0,having,0.0002623766942155371
v8,SQL,ocr_only,4,180.0,240.0,count,0.00023477130975783995
v8,SQL,ocr_only,4,180.0,240.0,aggregate function,0.0009899645414037726
v8,SQL,ocr_only,4,180.0,240.0,join,0.0038367879424158154
v8,SQL,ocr_only,4,180.0,240.0,inner join,0.009997761720847601
v8,SQL,ocr_only,4,180.0,240.0,left join,0.005426517532895635
v8,SQL,ocr_only,4,180.0,240.0,subquery,0.01506707336699634
v8,SQL,ocr_only,4,180.0,240.0,order by,0.011507151183124092
v8,SQL,ocr_only,5,240.0,300.0,select,0.027236858393710706
v8,SQL,ocr_only,5,240.0,300.0,where,0.005322407888824418
v8,SQL,ocr_only,5,240.0,300.0,group by,0.005505737741418711
v8,SQL,ocr_only,5,240.0,300.0,having,0.00024193999656343696
v8,SQL,ocr_only,5,240.0,300.0,count,0.00020887111263864989
v8,SQL,ocr_only,5,240.0,300.0,aggregate function,0.0009723577951287638
v8,SQL,ocr_only,5,240.0,300.0,join,0.0038130500623242878
v8,SQL,ocr_only,5,240.0,300.0,inner join,0.009984910904473334
v8,SQL,ocr_only,5,240.0,300.0,left join,0.005412681913640959
v8,SQL,ocr_only,5,240.0,300.0,subquery,0.015064357844594672
v8,SQL,ocr_only,5,240.0,300.0,order by,0.011467440836371691
v8,SQL,ocr_only,6,300.0,360.0,select,0.027230291998468912
v8,SQL,ocr_only,6,300.0,360.0,where,0.005318978896894928
v8,SQL,ocr_only,6,300.0,360.0,group by,0.005495052083278839
v8,SQL,ocr_only,6,300.0,360.0,having,0.00023810270060952498
v8,SQL,ocr_only,6,300.0,360.0,count,0.0002040026512632124
v8,SQL,ocr_only,6,300.0,360.0,aggregate function,0.0009690523563724308
v8,SQL,ocr_only,6,300.0,360.0,join,0.0038086031043104394
v8,SQL,ocr_only,6,300.0,360.0,inner join,0.009982502673531228
v8,SQL,ocr_only,6,300.0,360.0,left join,0.00541008382849003
v8,SQL,ocr_only,6,300.0,360.0,subquery,0.015063849808027593
v8,SQL,ocr_only,6,300.0,360.0,order by,0.011460017222955757
v8,SQL,ocr_only,7,360.0,420.0,select,0.02723395660146514
v8,SQL,ocr_only,7,360.0,420.0,where,0.005320893912693246
v8,SQL,ocr_only,7,360.0,420.0,group by,0.005501017334018482
v8,SQL,ocr_only,7,360.0,420.0,having,0.00024024400427337907
v8,SQL,ocr_only,7,360.0,420.0,count,0.00020671948721459046
v8,SQL,ocr_only,7,360.0,420.0,aggregate function,0.0009708970791844159
v8,SQL,ocr_only,7,360.0,420.0,join,0.0038110839856498697
v8,SQL,ocr_only,7,360.0,420.0,inner join,0.009983846190668664
v8,SQL,ocr_only,7,360.0,420.0,left join,0.005411533658261254
v8,SQL,ocr_only,7,360.0,420.0,subquery,0.015064132329262925
v8,SQL,ocr_only,7,360.0,420.0,order by,0.011464163960475381
v8,SQL,ocr_only,8,420.0,480.0,select,0.027246312726546824
v8,SQL,ocr_only,8,420.0,480.0,where,0.005327359581606375
v8,SQL,ocr_only,8,420.0,480.0,group by,0.005521143302298002
v8,SQL,ocr_only,8,420.0,480.0,having,0.00024747188248821193
v8,SQL,ocr_only,8,420.0,480.0,count,0.00021588870752424198
v8,SQL,ocr_only,8,420.0,480.0,aggregate function,0.0009771271134548026
v8,SQL,ocr_only,8,420.0,480.0,join,0.00381947695909484
v8,SQL,ocr_only,8,420.0,480.0,inner join,0.009988391860648012
v8,SQL,ocr_only,8,420.0,480.0,left join,0.00541642136285663
v8,SQL,ocr_only,8,420.0,480.0,subquery,0.015065086178711785
v8,SQL,ocr_only,8,420.0,480.0,order by,0.011478164474365697
v8,SQL,ocr_only,9,480.0,540.0,select,0.027233182535440194
v8,SQL,ocr_only,9,480.0,540.0,where,0.00532048926950981
v8,SQL,ocr_only,9,480.0,540.0,group by,0.005499758015706907
v8,SQL,ocr_only,9,480.0,540.0,having,0.00023979079944401766
v8,SQL,ocr_only,9,480.0,540.0,count,0.00020614420440145153
v8,SQL,ocr_only,9,480.0,540.0,aggregate function,0.000970506700668049
v8,SQL,ocr_only,9,480.0,540.0,join,0.0038105571457781673
v8,SQL,ocr_only,9,480.0,540.0,inner join,0.009983560623006132
v8,SQL,ocr_only,9,480.0,540.0,left join,0.005411227526211768
v8,SQL,ocr_only,9,480.0,540.0,subquery,0.015064071993472164
v8,SQL,ocr_only,9,480.0,540.0,order by,0.011463289821759738
v8,SQL,ocr_only,10,540.0,600.0,select,0.027239707094537605
v8,SQL,ocr_only,10,540.0,600.0,where,0.0053238960704203525
v8,SQL,ocr_only,10,540.0,600.0,group by,0.005510377649908751
v8,SQL,ocr_only,10,540.0,600.0,having,0.00024360239239345664
v8,SQL,ocr_only,10,540.0,600.0,count,0.0002109819880146085
v8,SQL,ocr_only,10,540.0,600.0,aggregate function,0.0009737902151589822
v8,SQL,ocr_only,10,540.0,600.0,join,0.0038149657907182596
v8,SQL,ocr_only,10,540.0,600.0,inner join,0.009985948020977554
v8,SQL,ocr_only,10,540.0,600.0,left join,0.005413809676702648
v8,SQL,ocr_only,10,540.0,600.0,subquery,0.015064573107176203
v8,SQL,ocr_only,10,540.0,600.0,order by,0.011470664727824832
v8,SQL,ocr_only,11,600.0,660.0,select,0.027232950960094926
v8,SQL,ocr_only,11,600.0,660.0,where,0.005320369493227902
v8,SQL,ocr_only,11,600.0,660.0,group by,0.00549938384243442
v8,SQL,ocr_only,11,600.0,660.0,having,0.00023965505375190077
v8,SQL,ocr_only,11,600.0,660.0,count,0.00020597132764800258
v8,SQL,ocr_only,11,600.0,660.0,aggregate function,0.0009703902307623648
v8,SQL,ocr_only,11,600.0,660.0,join,0.003810399847118155
v8,SQL,ocr_only,11,600.0,660.0,inner join,0.009983475129859413
v8,SQL,ocr_only,11,600.0,660.0,left join,0.005411135889120281
v8,SQL,ocr_only,11,600.0,660.0,subquery,0.015064053286942948
v8,SQL,ocr_only,11,600.0,660.0,order by,0.01146303374449487
v8,SQL,ocr_only,12,660.0,720.0,select,0.027230605409428205
v8,SQL,ocr_only,12,660.0,720.0,where,0.005319142797509631
v8,SQL,ocr_only,12,660.0,720.0,group by,0.00549556261605852
v8,SQL,ocr_only,12,660.0,720.0,having,0.00023828557156194691
v8,SQL,ocr_only,12,660.0,720.0,count,0.00020423413034174607
v8,SQL,ocr_only,12,660.0,720.0,aggregate function,0.0009692099584512065
v8,SQL,ocr_only,12,660.0,720.0,join,0.003808815575994007
v8,SQL,ocr_only,12,660.0,720.0,inner join,0.009982617581904408
v8,SQL,ocr_only,12,660.0,720.0,left join,0.005410207780381503
v8,SQL,ocr_only,12,660.0,720.0,subquery,0.015063874176223908
v8,SQL,ocr_only,12,660.0,720.0,order by,0.011460373670487327
v8,SQL,ocr_only,13,720.0,780.0,select,0.02727011305737055
v8,SQL,ocr_only,13,720.0,780.0,where,0.0053397682360098574
v8,SQL,ocr_only,13,720.0,780.0,group by,0.005559874761344172
v8,SQL,ocr_only,13,720.0,780.0,having,0.0002613745757937457
v8,SQL,ocr_only,13,720.0,780.0,count,0.00023354847771091662
v8,SQL,ocr_only,13,720.0,780.0,aggregate function,0.000989103245680594
v8,SQL,ocr_only,13,720.0,780.0,join,0.0038355103940659217
v8,SQL,ocr_only,13,720.0,780.0,inner join,0.009997074605396082
v8,SQL,ocr_only,13,720.0,780.0,left join,0.005425846562466704
v8,SQL,ocr_only,13,720.0,780.0,subquery,0.015066901769741107
v8,SQL,ocr_only,13,720.0,780.0,order by,0.011505002713168769
v8,SQL,ocr_only,14,780.0,840.0,select,0.027230139099984018
v8,SQL,ocr_only,14,780.0,840.0,where,0.005318898819644966
v8,SQL,ocr_only,14,780.0,840.0,group by,0.0054948041036688555
v8,SQL,ocr_only,14,780.0,840.0,having,0.00023801466611321362
v8,SQL,ocr_only,14,780.0,840.0,count,0.00020389184511578957
v8,SQL,ocr_only,14,780.0,840.0,aggregate function,0.0009689769037174451
v8,SQL,ocr_only,14,780.0,840.0,join,0.003808500974935174
v8,SQL,ocr_only,14,780.0,840.0,inner join,0.009982447526266319
v8,SQL,ocr_only,14,780.0,840.0,left join,0.005410023633205061
v8,SQL,ocr_only,14,780.0,840.0,subquery,0.015063837593067298
v8,SQL,ocr_only,14,780.0,840.0,order by,0.011459841431994643
v8,SQL,ocr_only,15,840.0,900.0,select,0.027239458278456183
v8,SQL,ocr_only,15,840.0,900.0,where,0.005323765190394324
v8,SQL,ocr_only,15,840.0,900.0,group by,0.005509942206091311
v8,SQL,ocr_only,15,840.0,900.0,having,0.00024346074061948754
v8,SQL,ocr_only,15,840.0,900.0,count,0.0002107867252962091
v8,SQL,ocr_only,15,840.0,900.0,aggregate function,0.0009736626266096064
v8,SQL,ocr_only,15,840.0,900.0,join,0.003814862917071154
v8,SQL,ocr_only,15,840.0,900.0,inner join,0.009985893459168064
v8,SQL,ocr_only,15,840.0,900.0,left join,0.005413705198899502
v8,SQL,ocr_only,15,840.0,900.0,subquery,0.015064585445506793
v8,SQL,ocr_only,15,840.0,900.0,order by,0.01147038479742121
v8,SQL,ocr_only,16,900.0,960.0,select,0.03581156198392216
v8,SQL,ocr_only,16,900.0,960.0,where,0.010164304597088869
v8,SQL,ocr_only,16,900.0,960.0,group by,0.0199121106436766
v8,SQL,ocr_only,16,900.0,960.0,having,0.0030698336625713885
v8,SQL,ocr_only,16,900.0,960.0,count,0.002646772326110349
v8,SQL,ocr_only,16,900.0,960.0,aggregate function,0.0031928540574381573
v8,SQL,ocr_only,16,900.0,960.0,join,0.005379081690241233
v8,SQL,ocr_only,16,900.0,960.0,inner join,0.010391028171684732
v8,SQL,ocr_only,16,900.0,960.0,left join,0.008625192726350652
v8,SQL,ocr_only,16,900.0,960.0,subquery,0.015224537328776941
v8,SQL,ocr_only,16,900.0,960.0,order by,0.02672617879405681
v8,SQL,ocr_only,17,960.0,1020.0,select,0.03743724854040696
v8,SQL,ocr_only,17,960.0,1020.0,where,0.008941267452567674
v8,SQL,ocr_only,17,960.0,1020.0,group by,0.020376687200790635
v8,SQL,ocr_only,17,960.0,1020.0,having,0.005776394853042118
v8,SQL,ocr_only,17,960.0,1020.0,count,0.007994572416582683
v8,SQL,ocr_only,17,960.0,1020.0,aggregate function,0.005426330925252854
v8,SQL,ocr_only,17,960.0,1020.0,join,0.0071853264121048525
v8,SQL,ocr_only,17,960.0,1020.0,inner join,0.011838131368305143
v8,SQL,ocr_only,17,960.0,1020.0,left join,0.009772691573218638
v8,SQL,ocr_only,17,960.0,1020.0,subquery,0.015525585778856646
v8,SQL,ocr_only,17,960.0,1020.0,order by,0.017682469892771266
v8,SQL,ocr_only,18,1020.0,1080.0,select,0.06905745877894681
v8,SQL,ocr_only,18,1020.0,1080.0,where,0.02719363528225511
v8,SQL,ocr_only,18,1020.0,1080.0,group by,0.07361954035055322
v8,SQL,ocr_only,18,1020.0,1080.0,having,0.024682171653925108
v8,SQL,ocr_only,18,1020.0,1080.0,count,0.03121641055274693
v8,SQL,ocr_only,18,1020.0,1080.0,aggregate function,0.022035072604552
v8,SQL,ocr_only,18,1020.0,1080.0,join,0.03213143098582209
v8,SQL,ocr_only,18,1020.0,1080.0,inner join,0.02531882738706527
v8,SQL,ocr_only,18,1020.0,1080.0,left join,0.02195878617958894
v8,SQL,ocr_only,18,1020.0,1080.0,subquery,0.018276028804420766
v8,SQL,ocr_only,18,1020.0,1080.0,order by,0.058847821172531296
v9,SQL,ocr_only,1,0.0,60.0,select,0.1653423596228136
v9,SQL,ocr_only,1,0.0,60.0,where,0.05493363567986269
v9,SQL,ocr_only,1,0.0,60.0,group by,0.20228613869229828
v9,SQL,ocr_only,1,0.0,60.0,having,0.07651301780973384
v9,SQL,ocr_only,1,0.0,60.0,count,0.10499568087492617
v9,SQL,ocr_only,1,0.0,60.0,aggregate function,0.06163079399032191
v9,SQL,ocr_only,1,0.0,60.0,join,0.0624133221271046
v9,SQL,ocr_only,1,0.0,60.0,inner join,0.042466690273961806
v9,SQL,ocr_only,1,0.0,60.0,left join,0.06332541564480891
v9,SQL,ocr_only,1,0.0,60.0,subquery,0.02657586768757031
v9,SQL,ocr_only,1,0.0,60.0,order by,0.09632651811424617
v9,SQL,ocr_only,2,60.0,120.0,select,0.1538592937521657
v9,SQL,ocr_only,2,60.0,120.0,where,0.05115951271699955
v9,SQL,ocr_only,2,60.0,120.0,group by,0.18186886658989274
v9,SQL,ocr_only,2,60.0,120.0,having,0.07126808252427949
v9,SQL,ocr_only,2,60.0,120.0,count,0.09577415515874661
v9,SQL,ocr_only,2,60.0,120.0,aggregate function,0.05682118341916182
v9,SQL,ocr_only,2,60.0,120.0,join,0.06819853826172867
v9,SQL,ocr_only,2,60.0,120.0,inner join,0.04586530468681795
v9,SQL,ocr_only,2,60.0,120.0,left join,0.05759105399011815
v9,SQL,ocr_only,2,60.0,120.0,subquery,0.030067505378037658
v9,SQL,ocr_only,2,60.0,120.0,order by,0.08933941420035481
v9,SQL,ocr_only,3,120.0,180.0,select,0.16453100581430305
v9,SQL,ocr_only,3,120.0,180.0,where,0.05463053931467545
v9,SQL,ocr_only,3,120.0,180.0,group by,0.20044463402858312
v9,SQL,ocr_only,3,120.0,180.0,having,0.07621594858159836
v9,SQL,ocr_only,3,120.0,180.0,count,0.10431084799967995
v9,SQL,ocr_only,3,120.0,180.0,aggregate function,0.06128393447574902
v9,SQL,ocr_only,3,120.0,180.0,join,0.06356056559845995
v9,SQL,ocr_only,3,120.0,180.0,inner join,0.04313470269270615
v9,SQL,ocr_only,3,120.0,180.0,left join,0.06285721291694918
v9,SQL,ocr_only,3,120.0,180.0,subquery,0.027174812861276522
v9,SQL,ocr_only,3,120.0,180.0,order by,0.09563515046685583
v9,SQL,ocr_only,4,180.0,240.0,select,0.08407825072683989
v9,SQL,ocr_only,4,180.0,240.0,where,0.02690786955602966
v9,SQL,ocr_only,4,180.0,240.0,group by,0.11328420704697667
v9,SQL,ocr_only,4,180.0,240.0,having,0.037574623327890515
v9,SQL,ocr_only,4,180.0,240.0,count,0.052798158880104515
v9,SQL,ocr_only,4,180.0,240.0,aggregate function,0.03800639531454016
v9,SQL,ocr_only,4,180.0,240.0,join,0.02670208358011516
v9,SQL,ocr_only,4,180.0,240.0,inner join,0.020490733306948318
v9,SQL,ocr_only,4,180.0,240.0,left join,0.03319377112231402
v9,SQL,ocr_only,4,180.0,240.0,subquery,0.009843491881836312
v9,SQL,ocr_only,4,180.0,240.0,order by,0.057961234309727
v9,SQL,ocr_only,5,240.0,300.0,select,0.09779546103100542
v9,SQL,ocr_only,5,240.0,300.0,where,0.03155993431485233
v9,SQL,ocr_only,5,240.0,300.0,group by,0.1299389445380669
v9,SQL,ocr_only,5,240.0,300.0,having,0.04414629242301446
v9,SQL,ocr_only,5,240.0,300.0,count,0.06204578485166986
v9,SQL,ocr_only,5,240.0,300.0,aggregate function,0.04235918124621807
v9,SQL,ocr_only,5,240.0,300.0,join,0.030638905097589122
v9,SQL,ocr_only,5,240.0,300.0,inner join,0.02293106928494317
v9,SQL,ocr_only,5,240.0,300.0,left join,0.03859768201561406
v9,SQL,ocr_only,5,240.0,300.0,subquery,0.011496509723008164
v9,SQL,ocr_only,5,240.0,300.0,order by,0.06466021653898396
v9,SQL,ocr_only,6,300.0,360.0,select,0.09541478194328465
v9,SQL,ocr_only,6,300.0,360.0,where,0.030754855986311794
v9,SQL,ocr_only,6,300.0,360.0,group by,0.1270394085085587
v9,SQL,ocr_only,6,300.0,360.0,having,0.04300328284965298
v9,SQL,ocr_only,6,300.0,360.0,count,0.06043583803547812
v9,SQL,ocr_only,6,300.0,360.0,aggregate function,0.04159894292946948
v9,SQL,ocr_only,6,300.0,360.0,join,0.029959737279359088
v9,SQL,ocr_only,6,300.0,360.0,inner join,0.022510675860513082
v9,SQL,ocr_only,6,300.0,360.0,left join,0.0376575490577194
v9,SQL,ocr_only,6,300.0,360.0,subquery,0.01121396487374601
v9,SQL,ocr_only,6,300.0,360.0,order by,0.06350131643898208
v9,SQL,ocr_only,7,360.0,420.0,select,0.06167125479758476
v9,SQL,ocr_only,7,360.0,420.0,where,0.01927599255600622
v9,SQL,ocr_only,7,360.0,420.0,group by,0.08391129074257198
v9,SQL,ocr_only,7,360.0,420.0,having,0.02669465700652496
v9,SQL,ocr_only,7,360.0,420.0,count,0.03709591497339159
v9,SQL,ocr_only,7,360.0,420.0,aggregate function,0.030268473587076936
v9,SQL,ocr_only,7,360.0,420.0,join,0.022074894665476723
v9,SQL,ocr_only,7,360.0,420.0,inner join,0.01765618276696232
v9,SQL,ocr_only,7,360.0,420.0,left join,0.0240026973649559
v9,SQL,ocr_only,7,360.0,420.0,subquery,0.008428537030234442
v9,SQL,ocr_only,7,360.0,420.0,order by,0.046313283554085996
v9,SQL,ocr_only,8,420.0,480.0,select,0.07939012230573063
v9,SQL,ocr_only,8,420.0,480.0,where,0.02524330200272628
v9,SQL,ocr_only,8,420.0,480.0,group by,0.10657358607382272
v9,SQL,ocr_only,8,420.0,480.0,having,0.03506329395679541
v9,SQL,ocr_only,8,420.0,480.0,count,0.04926999055490876
v9,SQL,ocr_only,8,420.0,480.0,aggregate function,0.03602091090931672
v9,SQL,ocr_only,8,420.0,480.0,join,0.025155149490422784
v9,SQL,ocr_only,8,420.0,480.0,inner join,0.019629820665781898
v9,SQL,ocr_only,8,420.0,480.0,left join,0.03121021467461053
v9,SQL,ocr_only,8,420.0,480.0,subquery,0.009588062632027564
v9,SQL,ocr_only,8,420.0,480.0,order by,0.05514058726090838
v9,SQL,ocr_only,9,480.0,540.0,select,0.08615863936694843
v9,SQL,ocr_only,9,480.0,540.0,where,0.028278230915154197
v9,SQL,ocr_only,9,480.0,540.0,group by,0.11594682387708222
v9,SQL,ocr_only,9,480.0,540.0,having,0.03770231148624729
v9,SQL,ocr_only,9,480.0,540.0,count,0.05237727912034435
v9,SQL,ocr_only,9,480.0,540.0,aggregate function,0.037775823070841534
v9,SQL,ocr_only,9,480.0,540.0,join,0.026700631307478788
v9,SQL,ocr_only,9,480.0,540.0,inner join,0.020405097508335895
v9,SQL,ocr_only,9,480.0,540.0,left join,0.0337529091571184
v9,SQL,ocr_only,9,480.0,540.0,subquery,0.010193853664502333
v9,SQL,ocr_only,9,480.0,540.0,order by,0.0625935668883779
v9,SQL,ocr_only,10,540.0,600.0,select,0.09225658407993544
v9,SQL,ocr_only,10,540.0,600.0,where,0.03029416202787639
v9,SQL,ocr_only,10,540.0,600.0,group by,0.12328199236899752
v9,SQL,ocr_only,10,540.0,600.0,having,0.040695522110662796
v9,SQL,ocr_only,10,540.0,600.0,count,0.05663981623000985
v9,SQL,ocr_only,10,540.0,600.0,aggregate function,0.03977064790668671
v9,SQL,ocr_only,10,540.0,600.0,join,0.028536332493370124
v9,SQL,ocr_only,10,540.0,600.0,inner join,0.021555060270768842
v9,SQL,ocr_only,10,540.0,600.0,left join,0.03616734933705905
v9,SQL,ocr_only,10,540.0,600.0,subquery,0.01094549381774874
v9,SQL,ocr_only,10,540.0,600.0,order by,0.06523407480492595
v9,SQL,ocr_only,11,600.0,660.0,select,0.08891217092297364
v9,SQL,ocr_only,11,600.0,660.0,where,0.028555200972047293
v9,SQL,ocr_only,11,600.0,660.0,group by,0.1191224045307388
v9,SQL,ocr_only,11,600.0,660.0,having,0.039882171415194845
v9,SQL,ocr_only,11,600.0,660.0,count,0.056040502979950224
v9,SQL,ocr_only,11,600.0,660.0,aggregate function,0.039524037580520706
v9,SQL,ocr_only,11,600.0,660.0,join,0.028103096765935906
v9,SQL,ocr_only,11,600.0,660.0,inner join,0.02136137097924866
v9,SQL,ocr_only,11,600.0,660.0,left join,0.03509038682087827
v9,SQL,ocr_only,11,600.0,660.0,subquery,0.010440617749834541
v9,SQL,ocr_only,11,600.0,660.0,order by,0.06033400694179939
v9,SQL,ocr_only,12,660.0,720.0,select,0.09354031254124681
v9,SQL,ocr_only,12,660.0,720.0,where,0.03011044993821524
v9,SQL,ocr_only,12,660.0,720.0,group by,0.12379414317203735
v9,SQL,ocr_only,12,660.0,720.0,having,0.041853203751562845
v9,SQL,ocr_only,12,660.0,720.0,count,0.058790916839225174
v9,SQL,ocr_only,12,660.0,720.0,aggregate function,0.04052527774477771
v9,SQL,ocr_only,12,660.0,720.0,join,0.02935987211722342
v9,SQL,ocr_only,12,660.0,720.0,inner join,0.022226557692145106
v9,SQL,ocr_only,12,660.0,720.0,left join,0.03676714855743041
v9,SQL,ocr_only,12,660.0,720.0,subquery,0.011317001809785555
v9,SQL,ocr_only,12,660.0,720.0,order by,0.062252472464549034
v10,SQL,ocr_only,1,0.0,60.0,select,0.10290784985813363
v10,SQL,ocr_only,1,0.0,60.0,where,0.03738196417615629
v10,SQL,ocr_only,1,0.0,60.0,group by,0.10865960020855081
v10,SQL,ocr_only,1,0.0,60.0,having,0.04617613047143905
v10,SQL,ocr_only,1,0.0,60.0,count,0.0620637437394316
v10,SQL,ocr_only,1,0.0,60.0,aggregate function,0.03681122174964238
v10,SQL,ocr_only,1,0.0,60.0,join,0.05813766402232213
v10,SQL,ocr_only,1,0.0,60.0,inner join,0.04151485903365951
v10,SQL,ocr_only,1,0.0,60.0,left join,0.03494128932692773
v10,SQL,ocr_only,1,0.0,60.0,subquery,0.027222991710448792
v10,SQL,ocr_only,1,0.0,60.0,order by,0.060302929245262704
v10,SQL,ocr_only,2,60.0,120.0,select,0.15647701368433004
v10,SQL,ocr_only,2,60.0,120.0,where,0.0587237131366134
v10,SQL,ocr_only,2,60.0,120.0,group by,0.20191182439875058
v10,SQL,ocr_only,2,60.0,120.0,having,0.06281388914040872
v10,SQL,ocr_only,2,60.0,120.0,count,0.08180245484639659
v10,SQL,ocr_only,2,60.0,120.0,aggregate function,0.05111513018682308
v10,SQL,ocr_only,2,60.0,120.0,join,0.04144471924899509
v10,SQL,ocr_only,2,60.0,120.0,inner join,0.028776735972540362
v10,SQL,ocr_only,2,60.0,120.0,left join,0.05876086670754436
v10,SQL,ocr_only,2,60.0,120.0,subquery,0.01997969787656637
v10,SQL,ocr_only,2,60.0,120.0,order by,0.13210352415603857
v10,SQL,ocr_only,3,120.0,180.0,select,0.16079137718703845
v10,SQL,ocr_only,3,120.0,180.0,where,0.05909514731523244
v10,SQL,ocr_only,3,120.0,180.0,group by,0.20697717108637542
v10,SQL,ocr_only,3,120.0,180.0,having,0.0663043294557322
v10,SQL,ocr_only,3,120.0,180.0,count,0.08769704978825056
v10,SQL,ocr_only,3,120.0,180.0,aggregate function,0.05395558872069339
v10,SQL,ocr_only,3,120.0,180.0,join,0.04363136625493099
v10,SQL,ocr_only,3,120.0,180.0,inner join,0.030266417456154753
v10,SQL,ocr_only,3,120.0,180.0,left join,0.06089551598577383
v10,SQL,ocr_only,3,120.0,180.0,subquery,0.020314217097698664
v10,SQL,ocr_only,3,120.0,180.0,order by,0.1283208506003543
v10,SQL,ocr_only,4,180.0,240.0,select,0.13922419454476376
v10,SQL,ocr_only,4,180.0,240.0,where,0.046422168155802475
v10,SQL,ocr_only,4,180.0,240.0,group by,0.15663522938348914
v10,SQL,ocr_only,4,180.0,240.0,having,0.06443749613216103
v10,SQL,ocr_only,4,180.0,240.0,count,0.08408550122768725
v10,SQL,ocr_only,4,180.0,240.0,aggregate function,0.05070448487288132
v10,SQL,ocr_only,4,180.0,240.0,join,0.07411292363819441
v10,SQL,ocr_only,4,180.0,240.0,inner join,0.04935148188070348
v10,SQL,ocr_only,4,180.0,240.0,left join,0.050406858315782004
v10,SQL,ocr_only,4,180.0,240.0,subquery,0.03382196375614752
v10,SQL,ocr_only,4,180.0,240.0,order by,0.0808284713155607
v10,SQL,ocr_only,5,240.0,300.0,select,0.12472400937193459
v10,SQL,ocr_only,5,240.0,300.0,where,0.04894929754447122
v10,SQL,ocr_only,5,240.0,300.0,group by,0.14928652117280752
v10,SQL,ocr_only,5,240.0,300.0,having,0.04800725973068342
v10,SQL,ocr_only,5,240.0,300.0,count,0.05821661470686014
v10,SQL,ocr_only,5,240.0,300.0,aggregate function,0.03819655026212337
v10,SQL,ocr_only,5,240.0,300.0,join,0.04942191287874678
v10,SQL,ocr_only,5,240.0,300.0,inner join,0.03386302812078081
v10,SQL,ocr_only,5,240.0,300.0,left join,0.043540961718993174
v10,SQL,ocr_only,5,240.0,300.0,subquery,0.025458786694405693
v10,SQL,ocr_only,5,240.0,300.0,order by,0.11274041748519881
v10,SQL,ocr_only,6,300.0,360.0,select,0.18504554183195693
v10,SQL,ocr_only,6,300.0,360.0,where,0.06124240975818042
v10,SQL,ocr_only,6,300.0,360.0,group by,0.23550390978818772
v10,SQL,ocr_only,6,300.0,360.0,having,0.08584840963073692
v10,SQL,ocr_only,6,300.0,360.0,count,0.12066971862202748
v10,SQL,ocr_only,6,300.0,360.0,aggregate function,0.06985281679202357
v10,SQL,ocr_only,6,300.0,360.0,join,0.05584798717263585
v10,SQL,ocr_only,6,300.0,360.0,inner join,0.038582772934983516
v10,SQL,ocr_only,6,300.0,360.0,left join,0.07287836917871164
v10,SQL,ocr_only,6,300.0,360.0,subquery,0.022187433782847193
v10,SQL,ocr_only,6,300.0,360.0,order by,0.10741008810394272
v10,SQL,ocr_only,7,360.0,420.0,select,0.18512257958788092
v10,SQL,ocr_only,7,360.0,420.0,where,0.06126502466556289
v10,SQL,ocr_only,7,360.0,420.0,group by,0.23561146694239418
v10,SQL,ocr_only,7,360.0,420.0,having,0.08588904383432903
v10,SQL,ocr_only,7,360.0,420.0,count,0.12072914885969156
v10,SQL,ocr_only,7,360.0,420.0,aggregate function,0.06988459325239321
v10,SQL,ocr_only,7,360.0,420.0,join,0.05586373045180118
v10,SQL,ocr_only,7,360.0,420.0,inner join,0.03859157534166939
v10,SQL,ocr_only,7,360.0,420.0,left join,0.0729121953327841
v10,SQL,ocr_only,7,360.0,420.0,subquery,0.02219001540027206
v10,SQL,ocr_only,7,360.0,420.0,order by,0.10744234859897087
v10,SQL,ocr_only,8,420.0,480.0,select,0.18498793013942424
v10,SQL,ocr_only,8,420.0,480.0,where,0.06122547315869863
v10,SQL,ocr_only,8,420.0,480.0,group by,0.23542349491997044
v10,SQL,ocr_only,8,420.0,480.0,having,0.08581802121580347
v10,SQL,ocr_only,8,420.0,480.0,count,0.12062529919713409
v10,SQL,ocr_only,8,420.0,480.0,aggregate function,0.06982905870132271
v10,SQL,ocr_only,8,420.0,480.0,join,0.0558361190403206
v10,SQL,ocr_only,8,420.0,480.0,inner join,0.038576136914606464
v10,SQL,ocr_only,8,420.0,480.0,left join,0.07285308578705724
v10,SQL,ocr_only,8,420.0,480.0,subquery,0.022185467347014647
v10,SQL,ocr_only,8,420.0,480.0,order by,0.10738588592764013
v10,SQL,ocr_only,9,480.0,540.0,select,0.1851047094184973
v10,SQL,ocr_only,9,480.0,540.0,where,0.06125976907690609
v10,SQL,ocr_only,9,480.0,540.0,group by,0.2355865150979749
v10,SQL,ocr_only,9,480.0,540.0,having,0.08587961641049072
v10,SQL,ocr_only,9,480.0,540.0,count,0.12071536020066176
v10,SQL,ocr_only,9,480.0,540.0,aggregate function,0.06987722116034949
v10,SQL,ocr_only,9,480.0,540.0,join,0.05586006778681184
v10,SQL,ocr_only,9,480.0,540.0,inner join,0.03858952596753592
v10,SQL,ocr_only,9,480.0,540.0,left join,0.07290435122793044
v10,SQL,ocr_only,9,480.0,540.0,subquery,0.022189416805082157
v10,SQL,ocr_only,9,480.0,540.0,order by,0.10743484947857834
v10,SQL,ocr_only,10,540.0,600.0,select,0.18511684953094915
v10,SQL,ocr_only,10,540.0,600.0,where,0.061263323819161906
v10,SQL,ocr_only,10,540.0,600.0,group by,0.235603462131261
v10,SQL,ocr_only,10,540.0,600.0,having,0.08588602982003622
v10,SQL,ocr_only,10,540.0,600.0,count,0.1207247372075586
v10,SQL,ocr_only,10,540.0,600.0,aggregate function,0.06988223942694571
v10,SQL,ocr_only,10,540.0,600.0,join,0.05586257645283416
v10,SQL,ocr_only,10,540.0,600.0,inner join,0.038590927747560344
v10,SQL,ocr_only,10,540.0,600.0,left join,0.07290968399894981
v10,SQL,ocr_only,10,540.0,600.0,subquery,0.022189832160325607
v10,SQL,ocr_only,10,540.0,600.0,order by,0.10743990630612656
v10,SQL,ocr_only,11,600.0,660.0,select,0.18514410987148044
v10,SQL,ocr_only,11,600.0,660.0,where,0.06127132021696709
v10,SQL,ocr_only,11,600.0,660.0,group by,0.23564149627394013
v10,SQL,ocr_only,11,600.0,660.0,having,0.08590039331550273
v10,SQL,ocr_only,11,600.0,660.0,count,0.12074574740964936
v10,SQL,ocr_only,11,600.0,660.0,aggregate function,0.06989346298831267
v10,SQL,ocr_only,11,600.0,660.0,join,0.05586811055897398
v10,SQL,ocr_only,11,600.0,660.0,inner join,0.038594023191788854
v10,SQL,ocr_only,11,600.0,660.0,left join,0.07292165139158473
v10,SQL,ocr_only,11,600.0,660.0,subquery,0.02219074721597258
v10,SQL,ocr_only,11,600.0,660.0,order by,0.10745130947309257
v10,SQL,ocr_only,12,660.0,720.0,select,0.18512688215292442
v10,SQL,ocr_only,12,660.0,720.0,where,0.06126628435556555
v10,SQL,ocr_only,12,660.0,720.0,group by,0.23561747163978475
v10,SQL,ocr_only,12,660.0,720.0,having,0.08589130956660121
v10,SQL,ocr_only,12,660.0,720.0,count,0.12073245418884217
v10,SQL,ocr_only,12,660.0,720.0,aggregate function,0.06988636456089214
v10,SQL,ocr_only,12,660.0,720.0,join,0.055864617523344255
v10,SQL,ocr_only,12,660.0,720.0,inner join,0.03859206879087407
v10,SQL,ocr_only,12,660.0,720.0,left join,0.072914084111881
v10,SQL,ocr_only,12,660.0,720.0,subquery,0.022190167149794736
v10,SQL,ocr_only,12,660.0,720.0,order by,0.10744416408089891
v10,SQL,ocr_only,13,720.0,780.0,select,0.18512106367625458
v10,SQL,ocr_only,13,720.0,780.0,where,0.06126456152451525
v10,SQL,ocr_only,13,720.0,780.0,group by,0.23560933267180675
v10,SQL,ocr_only,13,720.0,780.0,having,0.08588823543230997
v10,SQL,ocr_only,13,720.0,780.0,count,0.12072796751084378
v10,SQL,ocr_only,13,720.0,780.0,aggregate function,0.06988395698938356
v10,SQL,ocr_only,13,720.0,780.0,join,0.055863389392432766
v10,SQL,ocr_only,13,720.0,780.0,inner join,0.0385913832940425
v10,SQL,ocr_only,13,720.0,780.0,left join,0.07291153223302316
v10,SQL,ocr_only,13,720.0,780.0,subquery,0.022189966760966847
v10,SQL,ocr_only,13,720.0,780.0,order by,0.10744167922914927
v10,SQL,ocr_only,14,780.0,840.0,select,0.18512075297265443
v10,SQL,ocr_only,14,780.0,840.0,where,0.06126447181325316
v10,SQL,ocr_only,14,780.0,840.0,group by,0.23560890587560654
v10,SQL,ocr_only,14,780.0,840.0,having,0.08588807749523016
v10,SQL,ocr_only,14,780.0,840.0,count,0.12072773886412717
v10,SQL,ocr_only,14,780.0,840.0,aggregate function,0.06988383615056247
v10,SQL,ocr_only,14,780.0,840.0,join,0.05586333369118107
v10,SQL,ocr_only,14,780.0,840.0,inner join,0.038591352671489484
v10,SQL,ocr_only,14,780.0,840.0,left join,0.07291139684744251
v10,SQL,ocr_only,14,780.0,840.0,subquery,0.022189953749542673
v10,SQL,ocr_only,14,780.0,840.0,order by,0.10744154376270525
v10,SQL,ocr_only,15,840.0,900.0,select,0.1851349347354124
v10,SQL,ocr_only,15,840.0,900.0,where,0.06126864642826814
v10,SQL,ocr_only,15,840.0,900.0,group by,0.23562870910336328
v10,SQL,ocr_only,15,840.0,900.0,having,0.08589555973975989
v10,SQL,ocr_only,15,840.0,900.0,count,0.12073867549563332
v10,SQL,ocr_only,15,840.0,900.0,aggregate function,0.06988968757474696
v10,SQL,ocr_only,15,840.0,900.0,join,0.0558662605657287
v10,SQL,ocr_only,15,840.0,900.0,inner join,0.03859298921591335
v10,SQL,ocr_only,15,840.0,900.0,left join,0.07291762027492489
v10,SQL,ocr_only,15,840.0,900.0,subquery,0.022190435507858056
v10,SQL,ocr_only,15,840.0,900.0,order by,0.10744751525579768
v10,SQL,ocr_only,16,900.0,960.0,select,0.18516602734527263
v10,SQL,ocr_only,16,900.0,960.0,where,0.06127775945121424
v10,SQL,ocr_only,16,900.0,960.0,group by,0.23567209093304492
v10,SQL,ocr_only,16,900.0,960.0,having,0.08591195214062364
v10,SQL,ocr_only,16,900.0,960.0,count,0.12076265436478353
v10,SQL,ocr_only,16,900.0,960.0,aggregate function,0.06990249972779951
v10,SQL,ocr_only,16,900.0,960.0,join,0.055872589816763504
v10,SQL,ocr_only,16,900.0,960.0,inner join,0.038596529264827865
v10,SQL,ocr_only,16,900.0,960.0,left join,0.07293127274999606
v10,SQL,ocr_only,16,900.0,960.0,subquery,0.022191482242227736
v10,SQL,ocr_only,16,900.0,960.0,order by,0.10746049275684443
v10,SQL,ocr_only,17,960.0,1020.0,select,0.1851605529027054
v10,SQL,ocr_only,17,960.0,1020.0,where,0.061276166415427456
v10,SQL,ocr_only,17,960.0,1020.0,group by,0.23566446337756458
v10,SQL,ocr_only,17,960.0,1020.0,having,0.0859090678778924
v10,SQL,ocr_only,17,960.0,1020.0,count,0.12075842972309854
v10,SQL,ocr_only,17,960.0,1020.0,aggregate function,0.06990024729869097
v10,SQL,ocr_only,17,960.0,1020.0,join,0.055871496893456
v10,SQL,ocr_only,17,960.0,1020.0,inner join,0.03859591743549085
v10,SQL,ocr_only,17,960.0,1020.0,left join,0.07292886663751517
v10,SQL,ocr_only,17,960.0,1020.0,subquery,0.022191299988017648
v10,SQL,ocr_only,17,960.0,1020.0,order by,0.1074582439168993
v10,SQL,ocr_only,18,1020.0,1080.0,select,0.1851431999771781
v10,SQL,ocr_only,18,1020.0,1080.0,where,0.06127105578001621
v10,SQL,ocr_only,18,1020.0,1080.0,group by,0.23564022257532952
v10,SQL,ocr_only,18,1020.0,1080.0,having,0.08589991670074618
v10,SQL,ocr_only,18,1020.0,1080.0,count,0.12074504893711548
v10,SQL,ocr_only,18,1020.0,1080.0,aggregate function,0.06989309000191676
v10,SQL,ocr_only,18,1020.0,1080.0,join,0.055867941273069946
v10,SQL,ocr_only,18,1020.0,1080.0,inner join,0.03859392933093808
v10,SQL,ocr_only,18,1020.0,1080.0,left join,0.0729212505193588
v10,SQL,ocr_only,18,1020.0,1080.0,subquery,0.022190721276080728
v10,SQL,ocr_only,18,1020.0,1080.0,order by,0.1074509285712606
v10,SQL,ocr_only,19,1080.0,1140.0,select,0.1851581513476665
v10,SQL,ocr_only,19,1080.0,1140.0,where,0.061275451973808875
v10,SQL,ocr_only,19,1080.0,1140.0,group by,0.23566109238441088
v10,SQL,ocr_only,19,1080.0,1140.0,having,0.08590780206147054
v10,SQL,ocr_only,19,1080.0,1140.0,count,0.1207565776110467
v10,SQL,ocr_only,19,1080.0,1140.0,aggregate function,0.0698992545538075
v10,SQL,ocr_only,19,1080.0,1140.0,join,0.05587101319846933
v10,SQL,ocr_only,19,1080.0,1140.0,inner join,0.0385956475161244
v10,SQL,ocr_only,19,1080.0,1140.0,left join,0.07292781215009356
v10,SQL,ocr_only,19,1080.0,1140.0,subquery,0.02219122845118682
v10,SQL,ocr_only,19,1080.0,1140.0,order by,0.10745720820318458
v10,SQL,ocr_only,20,1140.0,1200.0,select,0.18515860160482434
v10,SQL,ocr_only,20,1140.0,1200.0,where,0.06127558487898942
v10,SQL,ocr_only,20,1140.0,1200.0,group by,0.2356617301317091
v10,SQL,ocr_only,20,1140.0,1200.0,having,0.08590803973445814
v10,SQL,ocr_only,20,1140.0,1200.0,count,0.12075692961617934
v10,SQL,ocr_only,20,1140.0,1200.0,aggregate function,0.06989944225784499
v10,SQL,ocr_only,20,1140.0,1200.0,join,0.05587109062461607
v10,SQL,ocr_only,20,1140.0,1200.0,inner join,0.03859569089274426
v10,SQL,ocr_only,20,1140.0,1200.0,left join,0.07292801150440915
v10,SQL,ocr_only,20,1140.0,1200.0,subquery,0.022191235203989
v10,SQL,ocr_only,20,1140.0,1200.0,order by,0.10745739612555232
v10,SQL,ocr_only,21,1200.0,1260.0,select,0.185158099546219
v10,SQL,ocr_only,21,1200.0,1260.0,where,0.06127544057748629
v10,SQL,ocr_only,21,1200.0,1260.0,group by,0.23566103033161345
v10,SQL,ocr_only,21,1200.0,1260.0,having,0.08590777338243294
v10,SQL,ocr_only,21,1200.0,1260.0,count,0.12075653906781139
v10,SQL,ocr_only,21,1200.0,1260.0,aggregate function,0.06989923358444662
v10,SQL,ocr_only,21,1200.0,1260.0,join,0.055870988116183996
v10,SQL,ocr_only,21,1200.0,1260.0,inner join,0.03859563355049457
v10,SQL,ocr_only,21,1200.0,1260.0,left join,0.07292779017298348
v10,SQL,ocr_only,21,1200.0,1260.0,subquery,0.022191218231443117
v10,SQL,ocr_only,21,1200.0,1260.0,order by,0.10745719639132846
v11,SQL,ocr_only,1,0.0,60.0,select,0.08990802438604402
v11,SQL,ocr_only,1,0.0,60.0,where,0.03468080877016327
v11,SQL,ocr_only,1,0.0,60.0,group by,0.08939497480744618
v11,SQL,ocr_only,1,0.0,60.0,having,0.0326483290362738
v11,SQL,ocr_only,1,0.0,60.0,count,0.033976073891541406
v11,SQL,ocr_only,1,0.0,60.0,aggregate function,0.024800086508097577
v11,SQL,ocr_only,1,0.0,60.0,join,0.05799577258099651
v11,SQL,ocr_only,1,0.0,60.0,inner join,0.03920596131510232
v11,SQL,ocr_only,1,0.0,60.0,left join,0.027629276828367102
v11,SQL,ocr_only,1,0.0,60.0,subquery,0.03239416318736429
v11,SQL,ocr_only,1,0.0,60.0,order by,0.08160540407757423
v12,SQL,ocr_only,1,0.0,60.0,select,0.0598361405364792
v12,SQL,ocr_only,1,0.0,60.0,where,0.022973837194852277
v12,SQL,ocr_only,1,0.0,60.0,group by,0.04440174382244158
v12,SQL,ocr_only,1,0.0,60.0,having,0.02290649377848349
v12,SQL,ocr_only,1,0.0,60.0,count,0.018715682425577456
v12,SQL,ocr_only,1,0.0,60.0,aggregate function,0.018253416722643558
v12,SQL,ocr_only,1,0.0,60.0,join,0.07015552139999659
v12,SQL,ocr_only,1,0.0,60.0,inner join,0.046247906191431
v12,SQL,ocr_only,1,0.0,60.0,left join,0.014875575462902153
v12,SQL,ocr_only,1,0.0,60.0,subquery,0.03652769309188183
v12,SQL,ocr_only,1,0.0,60.0,order by,0.05460539082452973
v13,SQL,ocr_only,1,0.0,60.0,select,0.08812096401155706
v13,SQL,ocr_only,1,0.0,60.0,where,0.035882021561126645
v13,SQL,ocr_only,1,0.0,60.0,group by,0.09218278301063608
v13,SQL,ocr_only,1,0.0,60.0,having,0.02890015945784714
v13,SQL,ocr_only,1,0.0,60.0,count,0.028565044633204206
v13,SQL,ocr_only,1,0.0,60.0,aggregate function,0.02226467446521391
v13,SQL,ocr_only,1,0.0,60.0,join,0.048067863138035016
v13,SQL,ocr_only,1,0.0,60.0,inner join,0.03306580301695019
v13,SQL,ocr_only,1,0.0,60.0,left join,0.027063489416966076
v13,SQL,ocr_only,1,0.0,60.0,subquery,0.028625921353440994
v13,SQL,ocr_only,1,0.0,60.0,order by,0.09180062320657412
v13,SQL,ocr_only,2,60.0,120.0,select,0.08336731271969891
v13,SQL,ocr_only,2,60.0,120.0,where,0.027715059175653423
v13,SQL,ocr_only,2,60.0,120.0,group by,0.08685395889509251
v13,SQL,ocr_only,2,60.0,120.0,having,0.0374926208215814
v13,SQL,ocr_only,2,60.0,120.0,count,0.04571617918428695
v13,SQL,ocr_only,2,60.0,120.0,aggregate function,0.032331763567802436
v13,SQL,ocr_only,2,60.0,120.0,join,0.06002204401760183
v13,SQL,ocr_only,2,60.0,120.0,inner join,0.040643256404363476
v13,SQL,ocr_only,2,60.0,120.0,left join,0.027982326119334267
v13,SQL,ocr_only,2,60.0,120.0,subquery,0.02833329681680454
v13,SQL,ocr_only,2,60.0,120.0,order by,0.053646702034077294
v13,SQL,ocr_only,3,120.0,180.0,select,0.11793213709890817
v13,SQL,ocr_only,3,120.0,180.0,where,0.05500976603571255
v13,SQL,ocr_only,3,120.0,180.0,group by,0.15451473203857025
v13,SQL,ocr_only,3,120.0,180.0,having,0.032279145817479996
v13,SQL,ocr_only,3,120.0,180.0,count,0.029599439670748164
v13,SQL,ocr_only,3,120.0,180.0,aggregate function,0.025965121572313878
v13,SQL,ocr_only,3,120.0,180.0,join,0.0257809630057512
v13,SQL,ocr_only,3,120.0,180.0,inner join,0.017767246096613395
v13,SQL,ocr_only,3,120.0,180.0,left join,0.039446595012530984
v13,SQL,ocr_only,3,120.0,180.0,subquery,0.018731861897013247
v13,SQL,ocr_only,3,120.0,180.0,order by,0.16359812656369643
v13,SQL,ocr_only,4,180.0,240.0,select,0.11819414809230469
v13,SQL,ocr_only,4,180.0,240.0,where,0.05670567848611156
v13,SQL,ocr_only,4,180.0,240.0,group by,0.1583504856666332
v13,SQL,ocr_only,4,180.0,240.0,having,0.030103270106682452
v13,SQL,ocr_only,4,180.0,240.0,count,0.025825187976191686
v13,SQL,ocr_only,4,180.0,240.0,aggregate function,0.02439590491267453
v13,SQL,ocr_only,4,180.0,240.0,join,0.020161031420392137
v13,SQL,ocr_only,4,180.0,240.0,inner join,0.014122457702386832
v13,SQL,ocr_only,4,180.0,240.0,left join,0.039478588185652884
v13,SQL,ocr_only,4,180.0,240.0,subquery,0.01673253835920035
v13,SQL,ocr_only,4,180.0,240.0,order by,0.17367147439589797
v13,SQL,ocr_only,5,240.0,300.0,select,0.11815990624706837
v13,SQL,ocr_only,5,240.0,300.0,where,0.05668508738649682
v13,SQL,ocr_only,5,240.0,300.0,group by,0.1582913873123034
v13,SQL,ocr_only,5,240.0,300.0,having,0.030099539760724617
v13,SQL,ocr_only,5,240.0,300.0,count,0.025829030378118546
v13,SQL,ocr_only,5,240.0,300.0,aggregate function,0.024394297427861814
v13,SQL,ocr_only,5,240.0,300.0,join,0.020169475920460374
v13,SQL,ocr_only,5,240.0,300.0,inner join,0.014130327771385554
v13,SQL,ocr_only,5,240.0,300.0,left join,0.0394663818105768
v13,SQL,ocr_only,5,240.0,300.0,subquery,0.016733642978583242
v13,SQL,ocr_only,5,240.0,300.0,order by,0.1735912742798705
v13,SQL,ocr_only,6,300.0,360.0,select,0.1181757637527885
v13,SQL,ocr_only,6,300.0,360.0,where,0.05669462658397896
v13,SQL,ocr_only,6,300.0,360.0,group by,0.1583187712563525
v13,SQL,ocr_only,6,300.0,360.0,having,0.030101259264158974
v13,SQL,ocr_only,6,300.0,360.0,count,0.02582724158969766
v13,SQL,ocr_only,6,300.0,360.0,aggregate function,0.0243950368144299
v13,SQL,ocr_only,6,300.0,360.0,join,0.020165531388138303
v13,SQL,ocr_only,6,300.0,360.0,inner join,0.014126662740110223
v13,SQL,ocr_only,6,300.0,360.0,left join,0.03947203597342201
v13,SQL,ocr_only,6,300.0,360.0,subquery,0.016733118504526946
v13,SQL,ocr_only,6,300.0,360.0,order by,0.17362843974429165
v13,SQL,ocr_only,7,360.0,420.0,select,0.11794204598680212
v13,SQL,ocr_only,7,360.0,420.0,where,0.05656272488695792
v13,SQL,ocr_only,7,360.0,420.0,group by,0.15792619772882385
v13,SQL,ocr_only,7,360.0,420.0,having,0.030023745736095345
v13,SQL,ocr_only,7,360.0,420.0,count,0.025760010684741833
v13,SQL,ocr_only,7,360.0,420.0,aggregate function,0.024334097767843822
v13,SQL,ocr_only,7,360.0,420.0,join,0.0201220019135109
v13,SQL,ocr_only,7,360.0,420.0,inner join,0.014115046824979601
v13,SQL,ocr_only,7,360.0,420.0,left join,0.03938443859680765
v13,SQL,ocr_only,7,360.0,420.0,subquery,0.016728651212028368
v13,SQL,ocr_only,7,360.0,420.0,order by,0.17321365219969312
v13,SQL,ocr_only,8,420.0,480.0,select,0.11855052837255718
v13,SQL,ocr_only,8,420.0,480.0,where,0.05670917170538053
v13,SQL,ocr_only,8,420.0,480.0,group by,0.1587396567737041
v13,SQL,ocr_only,8,420.0,480.0,having,0.030428545947810706
v13,SQL,ocr_only,8,420.0,480.0,count,0.02639016095486899
v13,SQL,ocr_only,8,420.0,480.0,aggregate function,0.024662781631162558
v13,SQL,ocr_only,8,420.0,480.0,join,0.02038146325858065
v13,SQL,ocr_only,8,420.0,480.0,inner join,0.014275907586824533
v13,SQL,ocr_only,8,420.0,480.0,left join,0.03966219958124853
v13,SQL,ocr_only,8,420.0,480.0,subquery,0.016765999674878216
v13,SQL,ocr_only,8,420.0,480.0,order by,0.1731889999101647
v13,SQL,ocr_only,9,480.0,540.0,select,0.11815806436396818
v13,SQL,ocr_only,9,480.0,540.0,where,0.05668394322829704
v13,SQL,ocr_only,9,480.0,540.0,group by,0.15828822095066333
v13,SQL,ocr_only,9,480.0,540.0,having,0.03009936257897486
v13,SQL,ocr_only,9,480.0,540.0,count,0.02582930847887284
v13,SQL,ocr_only,9,480.0,540.0,aggregate function,0.024394239765976208
v13,SQL,ocr_only,9,480.0,540.0,join,0.02016986902372002
v13,SQL,ocr_only,9,480.0,540.0,inner join,0.014130720525814686
v13,SQL,ocr_only,9,480.0,540.0,left join,0.03946574264343797
v13,SQL,ocr_only,9,480.0,540.0,subquery,0.016733669741043927
v13,SQL,ocr_only,9,480.0,540.0,order by,0.17358679900299365
v13,SQL,ocr_only,10,540.0,600.0,select,0.11812905287296145
v13,SQL,ocr_only,10,540.0,600.0,where,0.05666649490139857
v13,SQL,ocr_only,10,540.0,600.0,group by,0.15823810464336363
v13,SQL,ocr_only,10,540.0,600.0,having,0.03009618970158654
v13,SQL,ocr_only,10,540.0,600.0,count,0.025832516311717374
v13,SQL,ocr_only,10,540.0,600.0,aggregate function,0.024392856801493546
v13,SQL,ocr_only,10,540.0,600.0,join,0.020177083715101136
v13,SQL,ocr_only,10,540.0,600.0,inner join,0.014137418913695578
v13,SQL,ocr_only,10,540.0,600.0,left join,0.039455391056591606
v13,SQL,ocr_only,10,540.0,600.0,subquery,0.016734649299755867
v13,SQL,ocr_only,10,540.0,600.0,order by,0.17351888617232752
v13,SQL,ocr_only,11,600.0,660.0,select,0.1209655173047903
v13,SQL,ocr_only,11,600.0,660.0,where,0.0565510455385691
v13,SQL,ocr_only,11,600.0,660.0,group by,0.16114783800668486
v13,SQL,ocr_only,11,600.0,660.0,having,0.032989737375226584
v13,SQL,ocr_only,11,600.0,660.0,count,0.031077558687565388
v13,SQL,ocr_only,11,600.0,660.0,aggregate function,0.026779910828276233
v13,SQL,ocr_only,11,600.0,660.0,join,0.022058169198753197
v13,SQL,ocr_only,11,600.0,660.0,inner join,0.01552708623875782
v13,SQL,ocr_only,11,600.0,660.0,left join,0.04097271859325636
v13,SQL,ocr_only,11,600.0,660.0,subquery,0.016924317285374645
v13,SQL,ocr_only,11,600.0,660.0,order by,0.16826201228323132
v13,SQL,ocr_only,12,660.0,720.0,select,0.11814323837099924
v13,SQL,ocr_only,12,660.0,720.0,where,0.056675054744744886
v13,SQL,ocr_only,12,660.0,720.0,group by,0.15826261982730697
v13,SQL,ocr_only,12,660.0,720.0,having,0.030097727043604843
v13,SQL,ocr_only,12,660.0,720.0,count,0.02583091378985499
v13,SQL,ocr_only,12,660.0,720.0,aggregate function,0.024393518666794088
v13,SQL,ocr_only,12,660.0,720.0,join,0.020173567103203727
v13,SQL,ocr_only,12,660.0,720.0,inner join,0.01413414865980825
v13,SQL,ocr_only,12,660.0,720.0,left join,0.03946044392406339
v13,SQL,ocr_only,12,660.0,720.0,subquery,0.0167341734477184
v13,SQL,ocr_only,12,660.0,720.0,order by,0.173552197338027
v13,SQL,ocr_only,13,720.0,780.0,select,0.11815756157225855
v13,SQL,ocr_only,13,720.0,780.0,where,0.05668365540238636
v13,SQL,ocr_only,13,720.0,780.0,group by,0.15828732458478473
v13,SQL,ocr_only,13,720.0,780.0,having,0.030099309125815855
v13,SQL,ocr_only,13,720.0,780.0,count,0.025829346333118692
v13,SQL,ocr_only,13,720.0,780.0,aggregate function,0.024394210251908785
v13,SQL,ocr_only,13,720.0,780.0,join,0.020170074191883144
v13,SQL,ocr_only,13,720.0,780.0,inner join,0.014130882441748155
v13,SQL,ocr_only,13,720.0,780.0,left join,0.03946555258597911
v13,SQL,ocr_only,13,720.0,780.0,subquery,0.01673372029958118
v13,SQL,ocr_only,13,720.0,780.0,order by,0.1735856635266561
v13,SQL,ocr_only,14,780.0,840.0,select,0.12191889032693237
v13,SQL,ocr_only,14,780.0,840.0,where,0.056927251246714376
v13,SQL,ocr_only,14,780.0,840.0,group by,0.16261575286137472
v13,SQL,ocr_only,14,780.0,840.0,having,0.03325156369028179
v13,SQL,ocr_only,14,780.0,840.0,count,0.03119905779914406
v13,SQL,ocr_only,14,780.0,840.0,aggregate function,0.02696559193592642
v13,SQL,ocr_only,14,780.0,840.0,join,0.022195024359769413
v13,SQL,ocr_only,14,780.0,840.0,inner join,0.01552013272368247
v13,SQL,ocr_only,14,780.0,840.0,left join,0.0413478768582202
v13,SQL,ocr_only,14,780.0,840.0,subquery,0.01704315499765754
v13,SQL,ocr_only,14,780.0,840.0,order by,0.1697847656473213
v13,SQL,ocr_only,15,840.0,900.0,select,0.11818995614492404
v13,SQL,ocr_only,15,840.0,900.0,where,0.05670317245239702
v13,SQL,ocr_only,15,840.0,900.0,group by,0.15834328420002397
v13,SQL,ocr_only,15,840.0,900.0,having,0.030102783574477297
v13,SQL,ocr_only,15,840.0,900.0,count,0.025825608310230855
v13,SQL,ocr_only,15,840.0,900.0,aggregate function,0.024395684485304645
v13,SQL,ocr_only,15,840.0,900.0,join,0.020161990780970637
v13,SQL,ocr_only,15,840.0,900.0,inner join,0.01412337371265672
v13,SQL,ocr_only,15,840.0,900.0,left join,0.03947709302233901
v13,SQL,ocr_only,15,840.0,900.0,subquery,0.016732651301650275
v13,SQL,ocr_only,15,840.0,900.0,order by,0.17366176306223732
v13,SQL,ocr_only,16,900.0,960.0,select,0.11819740897165758
v13,SQL,ocr_only,16,900.0,960.0,where,0.05670760667311798
v13,SQL,ocr_only,16,900.0,960.0,group by,0.1583560756794321
v13,SQL,ocr_only,16,900.0,960.0,having,0.030103673520413578
v13,SQL,ocr_only,16,900.0,960.0,count,0.025824921568346464
v13,SQL,ocr_only,16,900.0,960.0,aggregate function,0.024396099867428297
v13,SQL,ocr_only,16,900.0,960.0,join,0.020160286587416337
v13,SQL,ocr_only,16,900.0,960.0,inner join,0.01412175190961578
v13,SQL,ocr_only,16,900.0,960.0,left join,0.039479759074107314
v13,SQL,ocr_only,16,900.0,960.0,subquery,0.016732443024218602
v13,SQL,ocr_only,16,900.0,960.0,order by,0.17367889956177301
v13,SQL,ocr_only,17,960.0,1020.0,select,0.11287232018688653
v13,SQL,ocr_only,17,960.0,1020.0,where,0.052118014186714384
v13,SQL,ocr_only,17,960.0,1020.0,group by,0.1477292426660178
v13,SQL,ocr_only,17,960.0,1020.0,having,0.030077478185634606
v13,SQL,ocr_only,17,960.0,1020.0,count,0.028136499992538182
v13,SQL,ocr_only,17,960.0,1020.0,aggregate function,0.02448072107366673
v13,SQL,ocr_only,17,960.0,1020.0,join,0.020578766099210492
v13,SQL,ocr_only,17,960.0,1020.0,inner join,0.01505555321963697
v13,SQL,ocr_only,17,960.0,1020.0,left join,0.037888908345418054
v13,SQL,ocr_only,17,960.0,1020.0,subquery,0.016864446946985696
v13,SQL,ocr_only,17,960.0,1020.0,order by,0.15513409996816135
v14,Python,ocr_only,1,0.0,60.0,for loop,0.10308456169903599
v14,Python,ocr_only,1,0.0,60.0,for,0.1256154041318072
v14,Python,ocr_only,1,0.0,60.0,iteration,0.0087335423963743
v14,Python,ocr_only,1,0.0,60.0,range,0.10565523543566792
v14,Python,ocr_only,1,0.0,60.0,list,0.048105026168110625
v14,Python,ocr_only,1,0.0,60.0,nested loop,0.0038523792857420225
v14,Python,ocr_only,1,0.0,60.0,index,0.021908166480119864
v14,Python,ocr_only,1,0.0,60.0,break,0.017935207315519997
v14,Python,ocr_only,1,0.0,60.0,continue,0.016280009913261187
v14,Python,ocr_only,2,60.0,120.0,for loop,0.1483097114268735
v14,Python,ocr_only,2,60.0,120.0,for,0.18042395258191973
v14,Python,ocr_only,2,60.0,120.0,iteration,0.013134391142542928
v14,Python,ocr_only,2,60.0,120.0,range,0.15863071781206098
v14,Python,ocr_only,2,60.0,120.0,list,0.06707297022266795
v14,Python,ocr_only,2,60.0,120.0,nested loop,0.004697453549443344
v14,Python,ocr_only,2,60.0,120.0,index,0.018246566966904493
v14,Python,ocr_only,2,60.0,120.0,break,0.018879033811119616
v14,Python,ocr_only,2,60.0,120.0,continue,0.01636228403246021
v14,Python,ocr_only,3,120.0,180.0,for loop,0.1825596692903813
v14,Python,ocr_only,3,120.0,180.0,for,0.2216985014347306
v14,Python,ocr_only,3,120.0,180.0,iteration,0.016473922933128965
v14,Python,ocr_only,3,120.0,180.0,range,0.19858562590572723
v14,Python,ocr_only,3,120.0,180.0,list,0.08142199026211173
v14,Python,ocr_only,3,120.0,180.0,nested loop,0.005326017611748125
v14,Python,ocr_only,3,120.0,180.0,index,0.015455107100673042
v14,Python,ocr_only,3,120.0,180.0,break,0.01950642866672551
v14,Python,ocr_only,3,120.0,180.0,continue,0.016341306531030733
v14,Python,ocr_only,4,180.0,240.0,for loop,0.18499338416540548
v14,Python,ocr_only,4,180.0,240.0,for,0.22460756072398674
v14,Python,ocr_only,4,180.0,240.0,iteration,0.016711914390237958
v14,Python,ocr_only,4,180.0,240.0,range,0.20140809066683144
v14,Python,ocr_only,4,180.0,240.0,list,0.08243989539480692
v14,Python,ocr_only,4,180.0,240.0,nested loop,0.005369500385689877
v14,Python,ocr_only,4,180.0,240.0,index,0.015254606944168836
v14,Python,ocr_only,4,180.0,240.0,break,0.019541884229459686
v14,Python,ocr_only,4,180.0,240.0,continue,0.01633110647092383
v14,Python,ocr_only,5,240.0,300.0,for loop,0.16467128245569468
v14,Python,ocr_only,5,240.0,300.0,for,0.20023238113609226
v14,Python,ocr_only,5,240.0,300.0,iteration,0.014727089948432387
v14,Python,ocr_only,5,240.0,300.0,range,0.17778192582186492
v14,Python,ocr_only,5,240.0,300.0,list,0.07393372074022597
v14,Python,ocr_only,5,240.0,300.0,nested loop,0.0050021994848162285
v14,Python,ocr_only,5,240.0,300.0,index,0.016920357134207382
v14,Python,ocr_only,5,240.0,300.0,break,0.01921289604777842
v14,Python,ocr_only,5,240.0,300.0,continue,0.016384809126775944
v14,Python,ocr_only,6,300.0,360.0,for loop,0.24163075416952126
v14,Python,ocr_only,6,300.0,360.0,for,0.2927844289972595
v14,Python,ocr_only,6,300.0,360.0,iteration,0.022236522496256527
v14,Python,ocr_only,6,300.0,360.0,range,0.26742522484100106
v14,Python,ocr_only,6,300.0,360.0,list,0.106162986158449
v14,Python,ocr_only,6,300.0,360.0,nested loop,0.006405171725604724
v14,Python,ocr_only,6,300.0,360.0,index,0.010632507013843216
v14,Python,ocr_only,6,300.0,360.0,break,0.020550700220927514
v14,Python,ocr_only,6,300.0,360.0,continue,0.0162690935577346
v14,Python,ocr_only,7,360.0,420.0,for loop,0.360308416650118
v14,Python,ocr_only,7,360.0,420.0,for,0.435422162820742
v14,Python,ocr_only,7,360.0,420.0,iteration,0.0338191406246571
v14,Python,ocr_only,7,360.0,420.0,range,0.40560234465718903
v14,Python,ocr_only,7,360.0,420.0,list,0.15585757644633103
v14,Python,ocr_only,7,360.0,420.0,nested loop,0.00856450816892269
v14,Python,ocr_only,7,360.0,420.0,index,0.0009292684055541853
v14,Python,ocr_only,7,360.0,420.0,break,0.022581932436532455
v14,Python,ocr_only,7,360.0,420.0,continue,0.016060379165069576
v14,Python,ocr_only,8,420.0,480.0,for loop,0.36111477519487545
v14,Python,ocr_only,8,420.0,480.0,for,0.43645203238738045
v14,Python,ocr_only,8,420.0,480.0,iteration,0.03389610082317223
v14,Python,ocr_only,8,420.0,480.0,range,0.4065840190126026
v14,Python,ocr_only,8,420.0,480.0,list,0.1561994112709419
v14,Python,ocr_only,8,420.0,480.0,nested loop,0.00858214238510614
v14,Python,ocr_only,8,420.0,480.0,index,0.0008682999258180666
v14,Python,ocr_only,8,420.0,480.0,break,0.02261860664564458
v14,Python,ocr_only,8,420.0,480.0,continue,0.016080763767560517
v14,Python,ocr_only,9,480.0,540.0,for loop,0.3590377368069402
v14,Python,ocr_only,9,480.0,540.0,for,0.4338006591911777
v14,Python,ocr_only,9,480.0,540.0,iteration,0.03369766131544393
v14,Python,ocr_only,9,480.0,540.0,range,0.40405618572688684
v14,Python,ocr_only,9,480.0,540.0,list,0.15531804519350892
v14,Python,ocr_only,9,480.0,540.0,nested loop,0.008536940559534923
v14,Python,ocr_only,9,480.0,540.0,index,0.0010255878016202644
v14,Python,ocr_only,9,480.0,540.0,break,0.022524270339170434
v14,Python,ocr_only,9,480.0,540.0,continue,0.01602838179262069
v14,Python,ocr_only,10,540.0,600.0,for loop,0.31288769347476664
v14,Python,ocr_only,10,540.0,600.0,for,0.37650389172167836
v14,Python,ocr_only,10,540.0,600.0,iteration,0.02885250631982165
v14,Python,ocr_only,10,540.0,600.0,range,0.34919871019537896
v14,Python,ocr_only,10,540.0,600.0,list,0.13305028987586742
v14,Python,ocr_only,10,540.0,600.0,nested loop,0.007933788143646786
v14,Python,ocr_only,10,540.0,600.0,index,0.004172326883265703
v14,Python,ocr_only,10,540.0,600.0,break,0.01933438638288739
v14,Python,ocr_only,10,540.0,600.0,continue,0.013779231934191769
v14,Python,ocr_only,11,600.0,660.0,for loop,0.3312893111140909
v14,Python,ocr_only,11,600.0,660.0,for,0.39837215575175117
v14,Python,ocr_only,11,600.0,660.0,iteration,0.03104811268978376
v14,Python,ocr_only,11,600.0,660.0,range,0.3702800817117698
v14,Python,ocr_only,11,600.0,660.0,list,0.14355232672535634
v14,Python,ocr_only,11,600.0,660.0,nested loop,0.007931461410122414
v14,Python,ocr_only,11,600.0,660.0,index,0.003128446925781661
v14,Python,ocr_only,11,600.0,660.0,break,0.021267213189400204
v14,Python,ocr_only,11,600.0,660.0,continue,0.015331787946999824
v15,Python,ocr_only,1,0.0,60.0,for loop,0.0880324604802649
v15,Python,ocr_only,1,0.0,60.0,for,0.08780038008797333
v15,Python,ocr_only,1,0.0,60.0,iteration,0.00783379458507969
v15,Python,ocr_only,1,0.0,60.0,range,0.07420712511866649
v15,Python,ocr_only,1,0.0,60.0,list,0.04048884317221179
v15,Python,ocr_only,1,0.0,60.0,nested loop,0.002610518177121715
v15,Python,ocr_only,1,0.0,60.0,index,0.021560943852055453
v15,Python,ocr_only,1,0.0,60.0,break,0.01028846837107419
v15,Python,ocr_only,1,0.0,60.0,continue,0.009264300401658012
v15,Python,ocr_only,2,60.0,120.0,for loop,0.047226674942959554
v15,Python,ocr_only,2,60.0,120.0,for,0.04567846260977037
v15,Python,ocr_only,2,60.0,120.0,iteration,0.0012384488705040404
v15,Python,ocr_only,2,60.0,120.0,range,0.03260997921937717
v15,Python,ocr_only,2,60.0,120.0,list,0.0065718037891109105
v15,Python,ocr_only,2,60.0,120.0,nested loop,0.004206927888799048
v15,Python,ocr_only,2,60.0,120.0,index,0.02250005109414392
v15,Python,ocr_only,2,60.0,120.0,break,0.0016695284347954013
v15,Python,ocr_only,2,60.0,120.0,continue,0.0015235439991513062
v15,Python,ocr_only,3,120.0,180.0,for loop,0.0434223601418216
v15,Python,ocr_only,3,120.0,180.0,for,0.0417486651468066
v15,Python,ocr_only,3,120.0,180.0,iteration,0.0006184629261865683
v15,Python,ocr_only,3,120.0,180.0,range,0.02872507903663627
v15,Python,ocr_only,3,120.0,180.0,list,0.0033785075145867827
v15,Python,ocr_only,3,120.0,180.0,nested loop,0.004360289795665983
v15,Python,ocr_only,3,120.0,180.0,index,0.022590669551403274
v15,Python,ocr_only,3,120.0,180.0,break,0.0008514395064801467
v15,Python,ocr_only,3,120.0,180.0,continue,0.0007879615668520006
v15,Python,ocr_only,4,180.0,240.0,for loop,0.04647785764056276
v15,Python,ocr_only,4,180.0,240.0,for,0.04491985787025399
v15,Python,ocr_only,4,180.0,240.0,iteration,0.0011080882671925124
v15,Python,ocr_only,4,180.0,240.0,range,0.031854050549794004
v15,Python,ocr_only,4,180.0,240.0,list,0.005892131633817582
v15,Python,ocr_only,4,180.0,240.0,nested loop,0.0042446536438850505
v15,Python,ocr_only,4,180.0,240.0,index,0.022516475675590262
v15,Python,ocr_only,4,180.0,240.0,break,0.0014863225187048477
v15,Python,ocr_only,4,180.0,240.0,continue,0.0013571331750161064
v15,Python,ocr_only,5,240.0,300.0,for loop,0.12250075930124038
v15,Python,ocr_only,5,240.0,300.0,for,0.14029708235725083
v15,Python,ocr_only,5,240.0,300.0,iteration,0.008819945953543405
v15,Python,ocr_only,5,240.0,300.0,range,0.12302280094971818
v15,Python,ocr_only,5,240.0,300.0,list,0.040914273486194835
v15,Python,ocr_only,5,240.0,300.0,nested loop,0.005486570751414363
v15,Python,ocr_only,5,240.0,300.0,index,0.017118847062837228
v15,Python,ocr_only,5,240.0,300.0,break,0.0060642299899521
v15,Python,ocr_only,5,240.0,300.0,continue,0.004390867603842839
v15,Python,ocr_only,6,300.0,360.0,for loop,0.15146441069435107
v15,Python,ocr_only,6,300.0,360.0,for,0.17568660776276956
v15,Python,ocr_only,6,300.0,360.0,iteration,0.01201481080022033
v15,Python,ocr_only,6,300.0,360.0,range,0.1569901799751225
v15,Python,ocr_only,6,300.0,360.0,list,0.05583779169378728
v15,Python,ocr_only,6,300.0,360.0,nested loop,0.005723170212324298
v15,Python,ocr_only,6,300.0,360.0,index,0.015266868517665668
v15,Python,ocr_only,6,300.0,360.0,break,0.008452561807019105
v15,Python,ocr_only,6,300.0,360.0,continue,0.00618572346392362
v15,Python,ocr_only,7,360.0,420.0,for loop,0.2093353386291435
v15,Python,ocr_only,7,360.0,420.0,for,0.2480668056989252
v15,Python,ocr_only,7,360.0,420.0,iteration,0.01794661347923636
v15,Python,ocr_only,7,360.0,420.0,range,0.226210331415326
v15,Python,ocr_only,7,360.0,420.0,list,0.08287497113637138
v15,Python,ocr_only,7,360.0,420.0,nested loop,0.006612035219206337
v15,Python,ocr_only,7,360.0,420.0,index,0.011206045642992579
v15,Python,ocr_only,7,360.0,420.0,break,0.012091334775154606
v15,Python,ocr_only,7,360.0,420.0,continue,0.00864771812948963
v15,Python,ocr_only,8,420.0,480.0,for loop,0.20593105308908152
v15,Python,ocr_only,8,420.0,480.0,for,0.2437736991275843
v15,Python,ocr_only,8,420.0,480.0,iteration,0.017607644628759807
v15,Python,ocr_only,8,420.0,480.0,range,0.22211053940037812
v15,Python,ocr_only,8,420.0,480.0,list,0.08134556896419207
v15,Python,ocr_only,8,420.0,480.0,nested loop,0.006550551052209604
v15,Python,ocr_only,8,420.0,480.0,index,0.011451899521172862
v15,Python,ocr_only,8,420.0,480.0,break,0.011901977964086877
v15,Python,ocr_only,8,420.0,480.0,continue,0.008527343155401594
v15,Python,ocr_only,9,480.0,540.0,for loop,0.20774573524214537
v15,Python,ocr_only,9,480.0,540.0,for,0.245777566105674
v15,Python,ocr_only,9,480.0,540.0,iteration,0.017865330375070442
v15,Python,ocr_only,9,480.0,540.0,range,0.22406557413530176
v15,Python,ocr_only,9,480.0,540.0,list,0.08263493098295088
v15,Python,ocr_only,9,480.0,540.0,nested loop,0.006512387668921158
v15,Python,ocr_only,9,480.0,540.0,index,0.01138247409787753
v15,Python,ocr_only,9,480.0,540.0,break,0.012196251328921945
v15,Python,ocr_only,9,480.0,540.0,continue,0.008783305283858319
v15,Python,ocr_only,10,540.0,600.0,for loop,0.18006063489874585
v15,Python,ocr_only,10,540.0,600.0,for,0.21127909371123388
v15,Python,ocr_only,10,540.0,600.0,iteration,0.0149929656476097
v15,Python,ocr_only,10,540.0,600.0,range,0.1910543871402384
v15,Python,ocr_only,10,540.0,600.0,list,0.06948737045193396
v15,Python,ocr_only,10,540.0,600.0,nested loop,0.006119061973515954
v15,Python,ocr_only,10,540.0,600.0,index,0.013297626202000156
v15,Python,ocr_only,10,540.0,600.0,break,0.010368630483371395
v15,Python,ocr_only,10,540.0,600.0,continue,0.007519346438784504
v16,Python,ocr_only,1,0.0,60.0,for loop,0.015020659106719254
v16,Python,ocr_only,1,0.0,60.0,for,0.019333450109441812
v16,Python,ocr_only,1,0.0,60.0,iteration,0.0003389463112073007
v16,Python,ocr_only,1,0.0,60.0,range,0.005058404059935669
v16,Python,ocr_only,1,0.0,60.0,list,0.010497909147428226
v16,Python,ocr_only,1,0.0,60.0,nested loop,0.0019618579121108664
v16,Python,ocr_only,1,0.0,60.0,index,0.026038800412793887
v16,Python,ocr_only,1,0.0,60.0,break,0.014027436677525323
v16,Python,ocr_only,1,0.0,60.0,continue,0.013996302781075196
v16,Python,ocr_only,2,60.0,120.0,for loop,0.017266113593871247
v16,Python,ocr_only,2,60.0,120.0,for,0.022321249886512597
v16,Python,ocr_only,2,60.0,120.0,iteration,0.0003623968862600976
v16,Python,ocr_only,2,60.0,120.0,range,0.005629957961543239
v16,Python,ocr_only,2,60.0,120.0,list,0.012161406136111986
v16,Python,ocr_only,2,60.0,120.0,nested loop,0.002283544422788951
v16,Python,ocr_only,2,60.0,120.0,index,0.028913171994149812
v16,Python,ocr_only,2,60.0,120.0,break,0.016411439882426927
v16,Python,ocr_only,2,60.0,120.0,continue,0.01637863822633903
v16,Python,ocr_only,3,120.0,180.0,for loop,0.015794940538864592
v16,Python,ocr_only,3,120.0,180.0,for,0.02096218376244085
v16,Python,ocr_only,3,120.0,180.0,iteration,0.0002069342347969032
v16,Python,ocr_only,3,120.0,180.0,range,0.004206269348145724
v16,Python,ocr_only,3,120.0,180.0,list,0.011571846365598904
v16,Python,ocr_only,3,120.0,180.0,nested loop,0.002276866675966545
v16,Python,ocr_only,3,120.0,180.0,index,0.029065795309380204
v16,Python,ocr_only,3,120.0,180.0,break,0.016538868721720185
v16,Python,ocr_only,3,120.0,180.0,continue,0.016526634599260952
v16,Python,ocr_only,4,180.0,240.0,for loop,0.044586901322645624
v16,Python,ocr_only,4,180.0,240.0,for,0.05319221230340163
v16,Python,ocr_only,4,180.0,240.0,iteration,0.002586007023305082
v16,Python,ocr_only,4,180.0,240.0,range,0.03626432765431405
v16,Python,ocr_only,4,180.0,240.0,list,0.019891594824593548
v16,Python,ocr_only,4,180.0,240.0,nested loop,0.003098003704916022
v16,Python,ocr_only,4,180.0,240.0,index,0.025912445106102144
v16,Python,ocr_only,4,180.0,240.0,break,0.013967024242188208
v16,Python,ocr_only,4,180.0,240.0,continue,0.013500698139224214
v16,Python,ocr_only,5,240.0,300.0,for loop,0.29927808024620256
v16,Python,ocr_only,5,240.0,300.0,for,0.35948347301919015
v16,Python,ocr_only,5,240.0,300.0,iteration,0.02745759227891752
v16,Python,ocr_only,5,240.0,300.0,range,0.3329213004705951
v16,Python,ocr_only,5,240.0,300.0,list,0.1266926176264783
v16,Python,ocr_only,5,240.0,300.0,nested loop,0.00772469100878729
v16,Python,ocr_only,5,240.0,300.0,index,0.005127263092344843
v16,Python,ocr_only,5,240.0,300.0,break,0.018479354504836076
v16,Python,ocr_only,5,240.0,300.0,continue,0.013200903214597192
v16,Python,ocr_only,6,300.0,360.0,for loop,0.2509785266847818
v16,Python,ocr_only,6,300.0,360.0,for,0.29536343251508534
v16,Python,ocr_only,6,300.0,360.0,iteration,0.023074456890587618
v16,Python,ocr_only,6,300.0,360.0,range,0.27288373430539214
v16,Python,ocr_only,6,300.0,360.0,list,0.10732524314274917
v16,Python,ocr_only,6,300.0,360.0,nested loop,0.006163508846197102
v16,Python,ocr_only,6,300.0,360.0,index,0.009834207546797862
v16,Python,ocr_only,6,300.0,360.0,break,0.016541484776594773
v16,Python,ocr_only,6,300.0,360.0,continue,0.012215590479638948
v17,Python,ocr_only,1,0.0,60.0,for loop,0.3225842664129929
v17,Python,ocr_only,1,0.0,60.0,for,0.3879928715679114
v17,Python,ocr_only,1,0.0,60.0,iteration,0.029928121804186286
v17,Python,ocr_only,1,0.0,60.0,range,0.36059821280131066
v17,Python,ocr_only,1,0.0,60.0,list,0.13796134280470454
v17,Python,ocr_only,1,0.0,60.0,nested loop,0.007907011819136424
v17,Python,ocr_only,1,0.0,60.0,index,0.0037509943756548086
v17,Python,ocr_only,1,0.0,60.0,break,0.020026744185773434
v17,Python,ocr_only,1,0.0,60.0,continue,0.014261055850736682
v17,Python,ocr_only,2,60.0,120.0,for loop,0.30564656879322255
v17,Python,ocr_only,2,60.0,120.0,for,0.3541915849921724
v17,Python,ocr_only,2,60.0,120.0,iteration,0.029556754697865045
v17,Python,ocr_only,2,60.0,120.0,range,0.3262278275732984
v17,Python,ocr_only,2,60.0,120.0,list,0.13929017264652582
v17,Python,ocr_only,2,60.0,120.0,nested loop,0.006898658637426133
v17,Python,ocr_only,2,60.0,120.0,index,0.008115186697712776
v17,Python,ocr_only,2,60.0,120.0,break,0.02239387593344672
v17,Python,ocr_only,2,60.0,120.0,continue,0.017247900731690448
v17,Python,ocr_only,3,120.0,180.0,for loop,0.22644583384609007
v17,Python,ocr_only,3,120.0,180.0,for,0.274554367911295
v17,Python,ocr_only,3,120.0,180.0,iteration,0.020753949627521008
v17,Python,ocr_only,3,120.0,180.0,range,0.24975960006783585
v17,Python,ocr_only,3,120.0,180.0,list,0.0998062387330908
v17,Python,ocr_only,3,120.0,180.0,nested loop,0.0061299021886423765
v17,Python,ocr_only,3,120.0,180.0,index,0.011875891515286318
v17,Python,ocr_only,3,120.0,180.0,break,0.020298833674629205
v17,Python,ocr_only,3,120.0,180.0,continue,0.016303472863584894
v17,Python,ocr_only,4,180.0,240.0,for loop,0.2629204874462902
v17,Python,ocr_only,4,180.0,240.0,for,0.3183714358139687
v17,Python,ocr_only,4,180.0,240.0,iteration,0.02431436345342408
v17,Python,ocr_only,4,180.0,240.0,range,0.29221237633298874
v17,Python,ocr_only,4,180.0,240.0,list,0.11507764097314024
v17,Python,ocr_only,4,180.0,240.0,nested loop,0.006792478421647797
v17,Python,ocr_only,4,180.0,240.0,index,0.008891790362841549
v17,Python,ocr_only,4,180.0,240.0,break,0.02091470592877318
v17,Python,ocr_only,4,180.0,240.0,continue,0.016231286200386972
v17,Python,ocr_only,5,240.0,300.0,for loop,0.09671657454722986
v17,Python,ocr_only,5,240.0,300.0,for,0.09677852959083542
v17,Python,ocr_only,5,240.0,300.0,iteration,0.0073868570630874165
v17,Python,ocr_only,5,240.0,300.0,range,0.08952344859517833
v17,Python,ocr_only,5,240.0,300.0,list,0.03383352665132725
v17,Python,ocr_only,5,240.0,300.0,nested loop,0.0019397908159227671
v17,Python,ocr_only,5,240.0,300.0,index,0.02380787161047773
v17,Python,ocr_only,5,240.0,300.0,break,0.004993322978514216
v17,Python,ocr_only,5,240.0,300.0,continue,0.003581631690451543
v17,Python,ocr_only,6,300.0,360.0,for loop,0.27336953725514723
v17,Python,ocr_only,6,300.0,360.0,for,0.32442770925048525
v17,Python,ocr_only,6,300.0,360.0,iteration,0.025521095425397964
v17,Python,ocr_only,6,300.0,360.0,range,0.2997906741084099
v17,Python,ocr_only,6,300.0,360.0,list,0.11901370850373316
v17,Python,ocr_only,6,300.0,360.0,nested loop,0.006663740773212676
v17,Python,ocr_only,6,300.0,360.0,index,0.007515686760600571
v17,Python,ocr_only,6,300.0,360.0,break,0.018653135457656456
v17,Python,ocr_only,6,300.0,360.0,continue,0.013886866007924221
v18,Python,ocr_only,1,0.0,60.0,for loop,0.20921261860574383
v18,Python,ocr_only,1,0.0,60.0,for,0.2477877271264502
v18,Python,ocr_only,1,0.0,60.0,iteration,0.017968156156035052
v18,Python,ocr_only,1,0.0,60.0,range,0.2259617636821854
v18,Python,ocr_only,1,0.0,60.0,list,0.0830279354732474
v18,Python,ocr_only,1,0.0,60.0,nested loop,0.00657872842735119
v18,Python,ocr_only,1,0.0,60.0,index,0.011242110242032009
v18,Python,ocr_only,1,0.0,60.0,break,0.012169638829245046
v18,Python,ocr_only,1,0.0,60.0,continue,0.008727824744599526
v18,Python,ocr_only,2,60.0,120.0,for loop,0.05236245810450635
v18,Python,ocr_only,2,60.0,120.0,for,0.05098118877876434
v18,Python,ocr_only,2,60.0,120.0,iteration,0.002065612266330649
v18,Python,ocr_only,2,60.0,120.0,range,0.037845022192024305
v18,Python,ocr_only,2,60.0,120.0,list,0.01082280756819075
v18,Python,ocr_only,2,60.0,120.0,nested loop,0.004008347328856333
v18,Python,ocr_only,2,60.0,120.0,index,0.022383739150149795
v18,Python,ocr_only,2,60.0,120.0,break,0.0027466838527723286
v18,Python,ocr_only,2,60.0,120.0,continue,0.0024904091441750264
v19,Python,ocr_only,1,0.0,60.0,for loop,0.36522526715337167
v19,Python,ocr_only,1,0.0,60.0,for,0.44169935087946205
v19,Python,ocr_only,1,0.0,60.0,iteration,0.03428842103383371
v19,Python,ocr_only,1,0.0,60.0,range,0.41158652355157654
v19,Python,ocr_only,1,0.0,60.0,list,0.15794111775452171
v19,Python,ocr_only,1,0.0,60.0,nested loop,0.00867200084336412
v19,Python,ocr_only,1,0.0,60.0,index,0.0005567693693091929
v19,Python,ocr_only,1,0.0,60.0,break,0.02280398462417587
v19,Python,ocr_only,1,0.0,60.0,continue,0.01618316173347753
v19,Python,ocr_only,2,60.0,120.0,for loop,0.36572351574225437
v19,Python,ocr_only,2,60.0,120.0,for,0.4423354044421267
v19,Python,ocr_only,2,60.0,120.0,iteration,0.034335969763050596
v19,Python,ocr_only,2,60.0,120.0,range,0.4121928076455077
v19,Python,ocr_only,2,60.0,120.0,list,0.1581522711980506
v19,Python,ocr_only,2,60.0,120.0,nested loop,0.008682905683630586
v19,Python,ocr_only,2,60.0,120.0,index,0.0005191098557986704
v19,Python,ocr_only,2,60.0,120.0,break,0.022826540843439946
v19,Python,ocr_only,2,60.0,120.0,continue,0.016195661822441802
v19,Python,ocr_only,3,120.0,180.0,for loop,0.3658238198972632
v19,Python,ocr_only,3,120.0,180.0,for,0.44246347413470144
v19,Python,ocr_only,3,120.0,180.0,iteration,0.03434554133446186
v19,Python,ocr_only,3,120.0,180.0,range,0.41231490397582615
v19,Python,ocr_only,3,120.0,180.0,list,0.15819476042698066
v19,Python,ocr_only,3,120.0,180.0,nested loop,0.008685099851365953
v19,Python,ocr_only,3,120.0,180.0,index,0.000511500804915395
v19,Python,ocr_only,3,120.0,180.0,break,0.02283106093089803
v19,Python,ocr_only,3,120.0,180.0,continue,0.016198156550496036
v19,Python,ocr_only,4,180.0,240.0,for loop,0.36571031756642236
v19,Python,ocr_only,4,180.0,240.0,for,0.4423185777300239
v19,Python,ocr_only,4,180.0,240.0,iteration,0.03433470257700034
v19,Python,ocr_only,4,180.0,240.0,range,0.41217678784159717
v19,Python,ocr_only,4,180.0,240.0,list,0.158146622900481
v19,Python,ocr_only,4,180.0,240.0,nested loop,0.008682617916273751
v19,Python,ocr_only,4,180.0,240.0,index,0.0005201078717308639
v19,Python,ocr_only,4,180.0,240.0,break,0.0228259173135981
v19,Python,ocr_only,4,180.0,240.0,continue,0.01619530377363331
v19,Python,ocr_only,5,240.0,300.0,for loop,0.3657553038736871
v19,Python,ocr_only,5,240.0,300.0,for,0.442375984141067
v19,Python,ocr_only,5,240.0,300.0,iteration,0.034339003258129365
v19,Python,ocr_only,5,240.0,300.0,range,0.41223149778902646
v19,Python,ocr_only,5,240.0,300.0,list,0.15816573447479926
v19,Python,ocr_only,5,240.0,300.0,nested loop,0.00868360066481498
v19,Python,ocr_only,5,240.0,300.0,index,0.0005166964589575193
v19,Python,ocr_only,5,240.0,300.0,break,0.022827968631773513
v19,Python,ocr_only,5,240.0,300.0,continue,0.016196447864078083
v19,Python,ocr_only,6,300.0,360.0,for loop,0.36571265585949286
v19,Python,ocr_only,6,300.0,360.0,for,0.44232155409408364
v19,Python,ocr_only,6,300.0,360.0,iteration,0.034334933001209524
v19,Python,ocr_only,6,300.0,360.0,range,0.41217961029144407
v19,Python,ocr_only,6,300.0,360.0,list,0.15814766131583616
v19,Python,ocr_only,6,300.0,360.0,nested loop,0.008682668763083452
v19,Python,ocr_only,6,300.0,360.0,index,0.0005199165647525637
v19,Python,ocr_only,6,300.0,360.0,break,0.02282604100316876
v19,Python,ocr_only,6,300.0,360.0,continue,0.016195380935928302
v19,Python,ocr_only,7,360.0,420.0,for loop,0.36567297382776626
v19,Python,ocr_only,7,360.0,420.0,for,0.4422708819014758
v19,Python,ocr_only,7,360.0,420.0,iteration,0.034331141133473526
v19,Python,ocr_only,7,360.0,420.0,range,0.41213130926265146
v19,Python,ocr_only,7,360.0,420.0,list,0.15813082072309811
v19,Python,ocr_only,7,360.0,420.0,nested loop,0.00868180059814465
v19,Python,ocr_only,7,360.0,420.0,index,0.0005229465472662473
v19,Python,ocr_only,7,360.0,420.0,break,0.02282424342254162
v19,Python,ocr_only,7,360.0,420.0,continue,0.01619438439237213
v19,Python,ocr_only,8,420.0,480.0,for loop,0.36577643043999436
v19,Python,ocr_only,8,420.0,480.0,for,0.44240299779351383
v19,Python,ocr_only,8,420.0,480.0,iteration,0.03434101505204819
v19,Python,ocr_only,8,420.0,480.0,range,0.41225727413389723
v19,Python,ocr_only,8,420.0,480.0,list,0.15817465195927416
v19,Python,ocr_only,8,420.0,480.0,nested loop,0.00868406032789912
v19,Python,ocr_only,8,420.0,480.0,index,0.0005150931863064343
v19,Python,ocr_only,8,420.0,480.0,break,0.02282890988504462
v19,Python,ocr_only,8,420.0,480.0,continue,0.016196960702644668
v19,Python,ocr_only,9,480.0,540.0,for loop,0.3655410442544253
v19,Python,ocr_only,9,480.0,540.0,for,0.4421024031190883
v19,Python,ocr_only,9,480.0,540.0,iteration,0.03431855833609783
v19,Python,ocr_only,9,480.0,540.0,range,0.41197069674515147
v19,Python,ocr_only,9,480.0,540.0,list,0.15807496781142844
v19,Python,ocr_only,9,480.0,540.0,nested loop,0.008678909550848974
v19,Python,ocr_only,9,480.0,540.0,index,0.000532944099632196
v19,Python,ocr_only,9,480.0,540.0,break,0.022818301011759523
v19,Python,ocr_only,9,480.0,540.0,continue,0.016191106108985255
v19,Python,ocr_only,10,540.0,600.0,for loop,0.3476021392607189
v19,Python,ocr_only,10,540.0,600.0,for,0.4200363239313223
v19,Python,ocr_only,10,540.0,600.0,iteration,0.03260451160740662
v19,Python,ocr_only,10,540.0,600.0,range,0.39139242062405977
v19,Python,ocr_only,10,540.0,600.0,list,0.15017358184129492
v19,Python,ocr_only,10,540.0,600.0,nested loop,0.008248481504758829
v19,Python,ocr_only,10,540.0,600.0,index,0.0012673625170775062
v19,Python,ocr_only,10,540.0,600.0,break,0.021683423899854535
v19,Python,ocr_only,10,540.0,600.0,continue,0.015387956826908073
v19,Python,ocr_only,11,600.0,660.0,for loop,0.3629444899343114
v19,Python,ocr_only,11,600.0,660.0,for,0.438787388849085
v19,Python,ocr_only,11,600.0,660.0,iteration,0.03407076263849239
v19,Python,ocr_only,11,600.0,660.0,range,0.40881039469867525
v19,Python,ocr_only,11,600.0,660.0,list,0.15697484007885662
v19,Python,ocr_only,11,600.0,660.0,nested loop,0.008622132780106581
v19,Python,ocr_only,11,600.0,660.0,index,0.0007296314106754098
v19,Python,ocr_only,11,600.0,660.0,break,0.022701100041924542
v19,Python,ocr_only,11,600.0,660.0,continue,0.01612633048698871
v20,Python,ocr_only,1,0.0,60.0,for loop,0.3648395037151082
v20,Python,ocr_only,1,0.0,60.0,for,0.441206599893767
v20,Python,ocr_only,1,0.0,60.0,iteration,0.03425161849216292
v20,Python,ocr_only,1,0.0,60.0,range,0.4111166541054468
v20,Python,ocr_only,1,0.0,60.0,list,0.15777781751178854
v20,Python,ocr_only,1,0.0,60.0,nested loop,0.008663568070855707
v20,Python,ocr_only,1,0.0,60.0,index,0.0005861413381096882
v20,Python,ocr_only,1,0.0,60.0,break,0.022786676080200803
v20,Python,ocr_only,1,0.0,60.0,continue,0.016173649852512784
v20,Python,ocr_only,2,60.0,120.0,for loop,0.36431213839731924
v20,Python,ocr_only,2,60.0,120.0,for,0.4405335278830433
v20,Python,ocr_only,2,60.0,120.0,iteration,0.034201265208174396
v20,Python,ocr_only,2,60.0,120.0,range,0.4104750497794548
v20,Python,ocr_only,2,60.0,120.0,list,0.15755419964046713
v20,Python,ocr_only,2,60.0,120.0,nested loop,0.008652046494391599
v20,Python,ocr_only,2,60.0,120.0,index,0.0006260359292151262
v20,Python,ocr_only,2,60.0,120.0,break,0.022762799052711086
v20,Python,ocr_only,2,60.0,120.0,continue,0.016160415103684985
v20,Python,ocr_only,3,120.0,180.0,for loop,0.3659508995660203
v20,Python,ocr_only,3,120.0,180.0,for,0.4426257330136298
v20,Python,ocr_only,3,120.0,180.0,iteration,0.03435766855846667
v20,Python,ocr_only,3,120.0,180.0,range,0.412469587497208
v20,Python,ocr_only,3,120.0,180.0,list,0.15824860214752817
v20,Python,ocr_only,3,120.0,180.0,nested loop,0.00868787971060738
v20,Python,ocr_only,3,120.0,180.0,index,0.0005018700454703032
v20,Python,ocr_only,3,120.0,180.0,break,0.022836799309075843
v20,Python,ocr_only,3,120.0,180.0,continue,0.01620132891792142
v20,Python,ocr_only,4,180.0,240.0,for loop,0.3656746692061407
v20,Python,ocr_only,4,180.0,240.0,for,0.4422730514645849
v20,Python,ocr_only,4,180.0,240.0,iteration,0.03433130430871651
v20,Python,ocr_only,4,180.0,240.0,range,0.4121333745989437
v20,Python,ocr_only,4,180.0,240.0,list,0.15813154589375653
v20,Python,ocr_only,4,180.0,240.0,nested loop,0.00868183866021583
v20,Python,ocr_only,4,180.0,240.0,index,0.0005228063532416291
v20,Python,ocr_only,4,180.0,240.0,break,0.022824319636065286
v20,Python,ocr_only,4,180.0,240.0,continue,0.016194426532361916
v20,Python,ocr_only,5,240.0,300.0,for loop,0.3659948528520954
v20,Python,ocr_only,5,240.0,300.0,for,0.44268187587893376
v20,Python,ocr_only,5,240.0,300.0,iteration,0.03436186163992238
v20,Python,ocr_only,5,240.0,300.0,range,0.4125231153582193
v20,Python,ocr_only,5,240.0,300.0,list,0.15826721265918822
v20,Python,ocr_only,5,240.0,300.0,nested loop,0.008688841627805258
v20,Python,ocr_only,5,240.0,300.0,index,0.0004985297975442533
v20,Python,ocr_only,5,240.0,300.0,break,0.022838778053836217
v20,Python,ocr_only,5,240.0,300.0,continue,0.016202419559449652
v20,Python,ocr_only,6,300.0,360.0,for loop,0.36612213368757796
v20,Python,ocr_only,6,300.0,360.0,for,0.4428443501378893
v20,Python,ocr_only,6,300.0,360.0,iteration,0.03437401027364369
v20,Python,ocr_only,6,300.0,360.0,range,0.4126780019046589
v20,Python,ocr_only,6,300.0,360.0,list,0.15832115379086126
v20,Python,ocr_only,6,300.0,360.0,nested loop,0.008691623957839465
v20,Python,ocr_only,6,300.0,360.0,index,0.0004888958252332033
v20,Python,ocr_only,6,300.0,360.0,break,0.022844528400559748
v20,Python,ocr_only,6,300.0,360.0,continue,0.016205600682899623
v20,Python,ocr_only,7,360.0,420.0,for loop,0.3660612302393466
v20,Python,ocr_only,7,360.0,420.0,for,0.4427665792188663
v20,Python,ocr_only,7,360.0,420.0,iteration,0.0343681989260462
v20,Python,ocr_only,7,360.0,420.0,range,0.4126038595032198
v20,Python,ocr_only,7,360.0,420.0,list,0.1582953550099701
v20,Python,ocr_only,7,360.0,420.0,nested loop,0.0086902915893886
v20,Python,ocr_only,7,360.0,420.0,index,0.0004935135046586425
v20,Python,ocr_only,7,360.0,420.0,break,0.022841780345374735
v20,Python,ocr_only,7,360.0,420.0,continue,0.01620408262658679
v20,Python,ocr_only,8,420.0,480.0,for loop,0.3656707624554752
v20,Python,ocr_only,8,420.0,480.0,for,0.4422679974660665
v20,Python,ocr_only,8,420.0,480.0,iteration,0.034330935986740314
v20,Python,ocr_only,8,420.0,480.0,range,0.4121285443515842
v20,Python,ocr_only,8,420.0,480.0,list,0.1581299265276808
v20,Python,ocr_only,8,420.0,480.0,nested loop,0.008681750030570787
v20,Python,ocr_only,8,420.0,480.0,index,0.0005231315725961601
v20,Python,ocr_only,8,420.0,480.0,break,0.022824161109669068
v20,Python,ocr_only,8,420.0,480.0,continue,0.01619434830387738
v20,Python,ocr_only,9,480.0,540.0,for loop,0.3655964401184095
v20,Python,ocr_only,9,480.0,540.0,for,0.44217314434775934
v20,Python,ocr_only,9,480.0,540.0,iteration,0.03432384087220335
v20,Python,ocr_only,9,480.0,540.0,range,0.41203813346572293
v20,Python,ocr_only,9,480.0,540.0,list,0.1580984111160698
v20,Python,ocr_only,9,480.0,540.0,nested loop,0.008680125835008533
v20,Python,ocr_only,9,480.0,540.0,index,0.0005287357057335999
v20,Python,ocr_only,9,480.0,540.0,break,0.02282078654204941
v20,Python,ocr_only,9,480.0,540.0,continue,0.0161924734401927
v20,Python,ocr_only,10,540.0,600.0,for loop,0.3650038519850713
v20,Python,ocr_only,10,540.0,600.0,for,0.4414165918138929
v20,Python,ocr_only,10,540.0,600.0,iteration,0.03426728562709895
v20,Python,ocr_only,10,540.0,600.0,range,0.41131688383042786
v20,Python,ocr_only,10,540.0,600.0,list,0.15784732574874244
v20,Python,ocr_only,10,540.0,600.0,nested loop,0.00866717011261715
v20,Python,ocr_only,10,540.0,600.0,index,0.0005736367330156178
v20,Python,ocr_only,10,540.0,600.0,break,0.022794040096633578
v20,Python,ocr_only,10,540.0,600.0,continue,0.01617769166631399
v20,Python,ocr_only,11,600.0,660.0,for loop,0.36467703802650003
v20,Python,ocr_only,11,600.0,660.0,for,0.4409993920462017
v20,Python,ocr_only,11,600.0,660.0,iteration,0.0342360924479635
v20,Python,ocr_only,11,600.0,660.0,range,0.41091916849132953
v20,Python,ocr_only,11,600.0,660.0,list,0.1577088264338024
v20,Python,ocr_only,11,600.0,660.0,nested loop,0.00866002459937972
v20,Python,ocr_only,11,600.0,660.0,index,0.0005983842652986314
v20,Python,ocr_only,11,600.0,660.0,break,0.0227792764575939
v20,Python,ocr_only,11,600.0,660.0,continue,0.016169525210577528
v20,Python,ocr_only,12,660.0,720.0,for loop,0.3659760360951231
v20,Python,ocr_only,12,660.0,720.0,for,0.4426578150698125
v20,Python,ocr_only,12,660.0,720.0,iteration,0.034360070655791455
v20,Python,ocr_only,12,660.0,720.0,range,0.41250018019196366
v20,Python,ocr_only,12,660.0,720.0,list,0.15825926483556255
v20,Python,ocr_only,12,660.0,720.0,nested loop,0.008688426836059497
v20,Python,ocr_only,12,660.0,720.0,index,0.0004999533543224339
v20,Python,ocr_only,12,660.0,720.0,break,0.022837930392913753
v20,Python,ocr_only,12,660.0,720.0,continue,0.01620195243724453
v20,Python,ocr_only,13,720.0,780.0,for loop,0.3659211191673445
v20,Python,ocr_only,13,720.0,780.0,for,0.4425877088989125
v20,Python,ocr_only,13,720.0,780.0,iteration,0.03435482820318383
v20,Python,ocr_only,13,720.0,780.0,range,0.41243334489384026
v20,Python,ocr_only,13,720.0,780.0,list,0.15823598924695703
v20,Python,ocr_only,13,720.0,780.0,nested loop,0.008687226870670929
v20,Python,ocr_only,13,720.0,780.0,index,0.0005041170574780616
v20,Python,ocr_only,13,720.0,780.0,break,0.022835451079488846
v20,Python,ocr_only,13,720.0,780.0,continue,0.016200581824145237
v20,Python,ocr_only,14,780.0,840.0,for loop,0.3658982072026106
v20,Python,ocr_only,14,780.0,840.0,for,0.44255847037342183
v20,Python,ocr_only,14,780.0,840.0,iteration,0.03435263601532058
v20,Python,ocr_only,14,780.0,840.0,range,0.412405467653682
v20,Python,ocr_only,14,780.0,840.0,list,0.1582262502113921
v20,Python,ocr_only,14,780.0,840.0,nested loop,0.00868672977646069
v20,Python,ocr_only,14,780.0,840.0,index,0.0005058600395340582
v20,Python,ocr_only,14,780.0,840.0,break,0.022834408220280614
v20,Python,ocr_only,14,780.0,840.0,continue,0.0162000016290113
v20,Python,ocr_only,15,840.0,900.0,for loop,0.36545857337184895
v20,Python,ocr_only,15,840.0,900.0,for,0.44199705379287696
v20,Python,ocr_only,15,840.0,900.0,iteration,0.034310682517034126
v20,Python,ocr_only,15,840.0,900.0,range,0.4118702382005632
v20,Python,ocr_only,15,840.0,900.0,list,0.15804000402802984
v20,Python,ocr_only,15,840.0,900.0,nested loop,0.00867711322391669
v20,Python,ocr_only,15,840.0,900.0,index,0.0005392236461869572
v20,Python,ocr_only,15,840.0,900.0,break,0.022814572483477888
v20,Python,ocr_only,15,840.0,900.0,continue,0.01618904530452512
v20,Python,ocr_only,16,900.0,960.0,for loop,0.3659780513161778
v20,Python,ocr_only,16,900.0,960.0,for,0.4426603995854041
v20,Python,ocr_only,16,900.0,960.0,iteration,0.034360259302053296
v20,Python,ocr_only,16,900.0,960.0,range,0.41250263855377506
v20,Python,ocr_only,16,900.0,960.0,list,0.15826010183539552
v20,Python,ocr_only,16,900.0,960.0,nested loop,0.00868847344089554
v20,Python,ocr_only,16,900.0,960.0,index,0.0004998111283872519
v20,Python,ocr_only,16,900.0,960.0,break,0.02283802173704057
v20,Python,ocr_only,16,900.0,960.0,continue,0.016202003062204623
v20,Python,ocr_only,17,960.0,1020.0,for loop,0.36605471753343055
v20,Python,ocr_only,17,960.0,1020.0,for,0.4427582923606214
v20,Python,ocr_only,17,960.0,1020.0,iteration,0.03436757565912616
v20,Python,ocr_only,17,960.0,1020.0,range,0.41259596234947576
v20,Python,ocr_only,17,960.0,1020.0,list,0.15829258364001864
v20,Python,ocr_only,17,960.0,1020.0,nested loop,0.008690150448950846
v20,Python,ocr_only,17,960.0,1020.0,index,0.0004939980319615946
v20,Python,ocr_only,17,960.0,1020.0,break,0.02284148256299338
v20,Python,ocr_only,17,960.0,1020.0,continue,0.016203915740620883
v20,Python,ocr_only,18,1020.0,1080.0,for loop,0.3602526281861368
v20,Python,ocr_only,18,1020.0,1080.0,for,0.43549760161507817
v20,Python,ocr_only,18,1020.0,1080.0,iteration,0.03379354201241711
v20,Python,ocr_only,18,1020.0,1080.0,range,0.40571269186670617
v20,Python,ocr_only,18,1020.0,1080.0,list,0.1557214816626251
v20,Python,ocr_only,18,1020.0,1080.0,nested loop,0.00856139511439449
v20,Python,ocr_only,18,1020.0,1080.0,index,0.0009823542513419262
v20,Python,ocr_only,18,1020.0,1080.0,break,0.02257578588421587
v20,Python,ocr_only,18,1020.0,1080.0,continue,0.016049786951228648
v20,Python,ocr_only,19,1080.0,1140.0,for loop,0.3648987051385304
v20,Python,ocr_only,19,1080.0,1140.0,for,0.4412823657948002
v20,Python,ocr_only,19,1080.0,1140.0,iteration,0.03425725401972732
v20,Python,ocr_only,19,1080.0,1140.0,range,0.4111889281764452
v20,Python,ocr_only,19,1080.0,1140.0,list,0.15780279082966917
v20,Python,ocr_only,19,1080.0,1140.0,nested loop,0.008664868466845633
v20,Python,ocr_only,19,1080.0,1140.0,index,0.0005815911158109996
v20,Python,ocr_only,19,1080.0,1140.0,break,0.022789299172200208
v20,Python,ocr_only,19,1080.0,1140.0,continue,0.016175072996074794
v20,Python,ocr_only,20,1140.0,1200.0,for loop,0.3652378853191616
v20,Python,ocr_only,20,1140.0,1200.0,for,0.44171536942605066
v20,Python,ocr_only,20,1140.0,1200.0,iteration,0.03428961824386149
v20,Python,ocr_only,20,1140.0,1200.0,range,0.41160171725855693
v20,Python,ocr_only,20,1140.0,1200.0,list,0.15794647344020696
v20,Python,ocr_only,20,1140.0,1200.0,nested loop,0.0086722877607622
v20,Python,ocr_only,20,1140.0,1200.0,index,0.0005559200131958063
v20,Python,ocr_only,20,1140.0,1200.0,break,0.022804601193879056
v20,Python,ocr_only,20,1140.0,1200.0,continue,0.016183527794265788
v20,Python,ocr_only,21,1200.0,1260.0,for loop,0.3658018082313064
v20,Python,ocr_only,21,1200.0,1260.0,for,0.4424353469319504
v20,Python,ocr_only,21,1200.0,1260.0,iteration,0.03434343994608916
v20,Python,ocr_only,21,1200.0,1260.0,range,0.4122880876447561
v20,Python,ocr_only,21,1200.0,1260.0,list,0.1581854314546263
v20,Python,ocr_only,21,1200.0,1260.0,nested loop,0.008684618309380932
v20,Python,ocr_only,21,1200.0,1260.0,index,0.0005131816116888952
v20,Python,ocr_only,21,1200.0,1260.0,break,0.022830066309453275
v20,Python,ocr_only,21,1200.0,1260.0,continue,0.016197606911238865
v21,Python,ocr_only,1,0.0,60.0,for loop,0.34425927233546005
v21,Python,ocr_only,1,0.0,60.0,for,0.4112269351489174
v21,Python,ocr_only,1,0.0,60.0,iteration,0.032596442481121896
v21,Python,ocr_only,1,0.0,60.0,range,0.38190967313414886
v21,Python,ocr_only,1,0.0,60.0,list,0.15119214727902625
v21,Python,ocr_only,1,0.0,60.0,nested loop,0.008061226782464622
v21,Python,ocr_only,1,0.0,60.0,index,0.003131137614772336
v21,Python,ocr_only,1,0.0,60.0,break,0.022595572578486205
v21,Python,ocr_only,1,0.0,60.0,continue,0.016486108836169636
v21,Python,ocr_only,2,60.0,120.0,for loop,0.3546142618006931
v21,Python,ocr_only,2,60.0,120.0,for,0.42699332147347907
v21,Python,ocr_only,2,60.0,120.0,iteration,0.033372408004750574
v21,Python,ocr_only,2,60.0,120.0,range,0.3973705059872162
v21,Python,ocr_only,2,60.0,120.0,list,0.15411323435496685
v21,Python,ocr_only,2,60.0,120.0,nested loop,0.008392345901046263
v21,Python,ocr_only,2,60.0,120.0,index,0.0016694226261976099
v21,Python,ocr_only,2,60.0,120.0,break,0.02255627792772681
v21,Python,ocr_only,2,60.0,120.0,continue,0.016177241176461233
v21,Python,ocr_only,3,120.0,180.0,for loop,0.3622050842036983
v21,Python,ocr_only,3,120.0,180.0,for,0.4378450813469251
v21,Python,ocr_only,3,120.0,180.0,iteration,0.034000105744209884
v21,Python,ocr_only,3,120.0,180.0,range,0.4079117755328523
v21,Python,ocr_only,3,120.0,180.0,list,0.15666130057380276
v21,Python,ocr_only,3,120.0,180.0,nested loop,0.00860606409396523
v21,Python,ocr_only,3,120.0,180.0,index,0.0007856901732392781
v21,Python,ocr_only,3,120.0,180.0,break,0.022668100467171555
v21,Python,ocr_only,3,120.0,180.0,continue,0.016108229999992358
v21,Python,ocr_only,4,180.0,240.0,for loop,0.343008817321546
v21,Python,ocr_only,4,180.0,240.0,for,0.41392000538062523
v21,Python,ocr_only,4,180.0,240.0,iteration,0.03200950248046367
v21,Python,ocr_only,4,180.0,240.0,range,0.3850192175378356
v21,Python,ocr_only,4,180.0,240.0,list,0.1475508946861759
v21,Python,ocr_only,4,180.0,240.0,nested loop,0.008332374356211054
v21,Python,ocr_only,4,180.0,240.0,index,0.002113761430092356
v21,Python,ocr_only,4,180.0,240.0,break,0.02140257911942369
v21,Python,ocr_only,4,180.0,240.0,continue,0.015233534537688265
v21,Python,ocr_only,5,240.0,300.0,for loop,0.36099218754033324
v21,Python,ocr_only,5,240.0,300.0,for,0.4362958612162877
v21,Python,ocr_only,5,240.0,300.0,iteration,0.03388432777231046
v21,Python,ocr_only,5,240.0,300.0,range,0.4064356565966315
v21,Python,ocr_only,5,240.0,300.0,list,0.15614671010282247
v21,Python,ocr_only,5,240.0,300.0,nested loop,0.008579437048974911
v21,Python,ocr_only,5,240.0,300.0,index,0.0008772595017748125
v21,Python,ocr_only,5,240.0,300.0,break,0.022612514966154396
v21,Python,ocr_only,5,240.0,300.0,continue,0.016077127479410147
v21,Python,ocr_only,6,300.0,360.0,for loop,0.3611235912262949
v21,Python,ocr_only,6,300.0,360.0,for,0.43646259025246814
v21,Python,ocr_only,6,300.0,360.0,iteration,0.03389695730772061
v21,Python,ocr_only,6,300.0,360.0,range,0.4065943390086266
v21,Python,ocr_only,6,300.0,360.0,list,0.1562030226023953
v21,Python,ocr_only,6,300.0,360.0,nested loop,0.008582290730537737
v21,Python,ocr_only,6,300.0,360.0,index,0.000867541104538691
v21,Python,ocr_only,6,300.0,360.0,break,0.0226186714081661
v21,Python,ocr_only,6,300.0,360.0,continue,0.016080660281781893
v21,Python,ocr_only,7,360.0,420.0,for loop,0.36017044331650905
v21,Python,ocr_only,7,360.0,420.0,for,0.43524623649503524
v21,Python,ocr_only,7,360.0,420.0,iteration,0.03380595907869202
v21,Python,ocr_only,7,360.0,420.0,range,0.4054347330649677
v21,Python,ocr_only,7,360.0,420.0,list,0.15579898431925576
v21,Python,ocr_only,7,360.0,420.0,nested loop,0.008561484924299489
v21,Python,ocr_only,7,360.0,420.0,index,0.0009396389245199623
v21,Python,ocr_only,7,360.0,420.0,break,0.02257563489579272
v21,Python,ocr_only,7,360.0,420.0,continue,0.016056859124572175
v21,Python,ocr_only,8,420.0,480.0,for loop,0.3575906190697184
v21,Python,ocr_only,8,420.0,480.0,for,0.4319559411358683
v21,Python,ocr_only,8,420.0,480.0,iteration,0.03355952536568938
v21,Python,ocr_only,8,420.0,480.0,range,0.40229758637146
v21,Python,ocr_only,8,420.0,480.0,list,0.15470495895979042
v21,Python,ocr_only,8,420.0,480.0,nested loop,0.008505300572819932
v21,Python,ocr_only,8,420.0,480.0,index,0.0011349279735959822
v21,Python,ocr_only,8,420.0,480.0,break,0.022459555198519558
v21,Python,ocr_only,8,420.0,480.0,continue,0.015992809875267737
v21,Python,ocr_only,9,480.0,540.0,for loop,0.3573071001284703
v21,Python,ocr_only,9,480.0,540.0,for,0.4315917196341582
v21,Python,ocr_only,9,480.0,540.0,iteration,0.033532458238054424
v21,Python,ocr_only,9,480.0,540.0,range,0.4019511458286883
v21,Python,ocr_only,9,480.0,540.0,list,0.15458420789453672
v21,Python,ocr_only,9,480.0,540.0,nested loop,0.008498959177939018
v21,Python,ocr_only,9,480.0,540.0,index,0.0011565319622923239
v21,Python,ocr_only,9,480.0,540.0,break,0.02244577569858362
v21,Python,ocr_only,9,480.0,540.0,continue,0.015984782863248847
v21,Python,ocr_only,10,540.0,600.0,for loop,0.3560295464447403
v21,Python,ocr_only,10,540.0,600.0,for,0.4299585317330214
v21,Python,ocr_only,10,540.0,600.0,iteration,0.033410704490765615
v21,Python,ocr_only,10,540.0,600.0,range,0.40039388565582684
v21,Python,ocr_only,10,540.0,600.0,list,0.15404403195573457
v21,Python,ocr_only,10,540.0,600.0,nested loop,0.008470936805113035
v21,Python,ocr_only,10,540.0,600.0,index,0.0012538195894717889
v21,Python,ocr_only,10,540.0,600.0,break,0.022388433491775675
v21,Python,ocr_only,10,540.0,600.0,continue,0.015953284937319408
v21,Python,ocr_only,11,600.0,660.0,for loop,0.19368469524960275
v21,Python,ocr_only,11,600.0,660.0,for,0.23003355940674744
v21,Python,ocr_only,11,600.0,660.0,iteration,0.016873380521448635
v21,Python,ocr_only,11,600.0,660.0,range,0.210438860527494
v21,Python,ocr_only,11,600.0,660.0,list,0.0779372419819297
v21,Python,ocr_only,11,600.0,660.0,nested loop,0.0058696939820072555
v21,Python,ocr_only,11,600.0,660.0,index,0.010177723641436766
v21,Python,ocr_only,11,600.0,660.0,break,0.011428700596315332
v21,Python,ocr_only,11,600.0,660.0,continue,0.0081961268897784
v21,Python,ocr_only,12,660.0,720.0,for loop,0.27359010976063924
v21,Python,ocr_only,12,660.0,720.0,for,0.3294377928453051
v21,Python,ocr_only,12,660.0,720.0,iteration,0.025406328863118624
v21,Python,ocr_only,12,660.0,720.0,range,0.30339510366580424
v21,Python,ocr_only,12,660.0,720.0,list,0.1194273902155656
v21,Python,ocr_only,12,660.0,720.0,nested loop,0.006900395994803874
v21,Python,ocr_only,12,660.0,720.0,index,0.007878179331999144
v21,Python,ocr_only,12,660.0,720.0,break,0.020438041390293774
v21,Python,ocr_only,12,660.0,720.0,continue,0.015584151180315866
v21,Python,ocr_only,13,720.0,780.0,for loop,0.31814583655307255
v21,Python,ocr_only,13,720.0,780.0,for,0.37303735509039865
v21,Python,ocr_only,13,720.0,780.0,iteration,0.030508783589772954
v21,Python,ocr_only,13,720.0,780.0,range,0.34468207671068585
v21,Python,ocr_only,13,720.0,780.0,list,0.14292252241017597
v21,Python,ocr_only,13,720.0,780.0,nested loop,0.007290746076656342
v21,Python,ocr_only,13,720.0,780.0,index,0.006400415416387947
v21,Python,ocr_only,13,720.0,780.0,break,0.0223832758994615
v21,Python,ocr_only,13,720.0,780.0,continue,0.01691631259570892
v21,Python,ocr_only,14,780.0,840.0,for loop,0.26705772853615983
v21,Python,ocr_only,14,780.0,840.0,for,0.3156588490472795
v21,Python,ocr_only,14,780.0,840.0,iteration,0.024494287449868413
v21,Python,ocr_only,14,780.0,840.0,range,0.2936825796042598
v21,Python,ocr_only,14,780.0,840.0,list,0.11290051359652505
v21,Python,ocr_only,14,780.0,840.0,nested loop,0.006238047312671417
v21,Python,ocr_only,14,780.0,840.0,index,0.008966422049276876
v21,Python,ocr_only,14,780.0,840.0,break,0.016475892542550895
v21,Python,ocr_only,14,780.0,840.0,continue,0.011766425287062813
v21,Python,ocr_only,15,840.0,900.0,for loop,0.17787453434834746
v21,Python,ocr_only,15,840.0,900.0,for,0.20104250416573913
v21,Python,ocr_only,15,840.0,900.0,iteration,0.015524444208417087
v21,Python,ocr_only,15,840.0,900.0,range,0.18684417969595088
v21,Python,ocr_only,15,840.0,900.0,list,0.07139782977737795
v21,Python,ocr_only,15,840.0,900.0,nested loop,0.0039789147193019505
v21,Python,ocr_only,15,840.0,900.0,index,0.016765500682082112
v21,Python,ocr_only,15,840.0,900.0,break,0.010405259454086721
v21,Python,ocr_only,15,840.0,900.0,continue,0.007420159292790907
v21,Python,ocr_only,16,900.0,960.0,for loop,0.36045643053151183
v21,Python,ocr_only,16,900.0,960.0,for,0.4356112419046238
v21,Python,ocr_only,16,900.0,960.0,iteration,0.03383325564508622
v21,Python,ocr_only,16,900.0,960.0,range,0.40578281235040337
v21,Python,ocr_only,16,900.0,960.0,list,0.1559200972021385
v21,Python,ocr_only,16,900.0,960.0,nested loop,0.008567722177905584
v21,Python,ocr_only,16,900.0,960.0,index,0.0009179021846121204
v21,Python,ocr_only,16,900.0,960.0,break,0.022588430099959752
v21,Python,ocr_only,16,900.0,960.0,continue,0.016063879921211305
v21,Python,ocr_only,17,960.0,1020.0,for loop,0.3501265879830988
v21,Python,ocr_only,17,960.0,1020.0,for,0.42233797123803135
v21,Python,ocr_only,17,960.0,1020.0,iteration,0.03279619717210427
v21,Python,ocr_only,17,960.0,1020.0,range,0.3934002706495533
v21,Python,ocr_only,17,960.0,1020.0,list,0.15112833042011237
v21,Python,ocr_only,17,960.0,1020.0,nested loop,0.008307307217130527
v21,Python,ocr_only,17,960.0,1020.0,index,0.001817271694189295
v21,Python,ocr_only,17,960.0,1020.0,break,0.02189372992956538
v21,Python,ocr_only,17,960.0,1020.0,continue,0.015569237261687
v21,Python,ocr_only,18,1020.0,1080.0,for loop,0.35974883085330445
v21,Python,ocr_only,18,1020.0,1080.0,for,0.43470794446009875
v21,Python,ocr_only,18,1020.0,1080.0,iteration,0.03376568035124666
v21,Python,ocr_only,18,1020.0,1080.0,range,0.4049214400986718
v21,Python,ocr_only,18,1020.0,1080.0,list,0.15562017000842807
v21,Python,ocr_only,18,1020.0,1080.0,nested loop,0.008552306847015913
v21,Python,ocr_only,18,1020.0,1080.0,index,0.0009717370120535293
v21,Python,ocr_only,18,1020.0,1080.0,break,0.022556605670802737
v21,Python,ocr_only,18,1020.0,1080.0,continue,0.01604634844261532
v21,Python,ocr_only,19,1080.0,1140.0,for loop,0.3595568758682529
v21,Python,ocr_only,19,1080.0,1140.0,for,0.4344625645227741
v21,Python,ocr_only,19,1080.0,1140.0,iteration,0.033747298038094425
v21,Python,ocr_only,19,1080.0,1140.0,range,0.40468814984187856
v21,Python,ocr_only,19,1080.0,1140.0,list,0.15553818019362411
v21,Python,ocr_only,19,1080.0,1140.0,nested loop,0.008548002836493712
v21,Python,ocr_only,19,1080.0,1140.0,index,0.0009864227851399934
v21,Python,ocr_only,19,1080.0,1140.0,break,0.022547475410697244
v21,Python,ocr_only,19,1080.0,1140.0,continue,0.01604107541968209
v21,Python,ocr_only,20,1140.0,1200.0,for loop,0.36129950745550404
v21,Python,ocr_only,20,1140.0,1200.0,for,0.43668795601050886
v21,Python,ocr_only,20,1140.0,1200.0,iteration,0.033913616970463335
v21,Python,ocr_only,20,1140.0,1200.0,range,0.4068090760996452
v21,Python,ocr_only,20,1140.0,1200.0,list,0.15627682722678413
v21,Python,ocr_only,20,1140.0,1200.0,nested loop,0.008586257431833446
v21,Python,ocr_only,20,1140.0,1200.0,index,0.0008541306039990601
v21,Python,ocr_only,20,1140.0,1200.0,break,0.022626414311082452
v21,Python,ocr_only,20,1140.0,1200.0,continue,0.01608484664041129
v21,Python,ocr_only,21,1200.0,1260.0,for loop,0.23397753668891025
v21,Python,ocr_only,21,1200.0,1260.0,for,0.27567487185749384
v21,Python,ocr_only,21,1200.0,1260.0,iteration,0.020880048703800502
v21,Python,ocr_only,21,1200.0,1260.0,range,0.2547104366588503
v21,Python,ocr_only,21,1200.0,1260.0,list,0.09627271722283826
v21,Python,ocr_only,21,1200.0,1260.0,nested loop,0.006103325716245608
v21,Python,ocr_only,21,1200.0,1260.0,index,0.010784188140024858
v21,Python,ocr_only,21,1200.0,1260.0,break,0.014038417448231416
v21,Python,ocr_only,21,1200.0,1260.0,continue,0.010025572991954838
v21,Python,ocr_only,22,1260.0,1320.0,for loop,0.2017671239069859
v21,Python,ocr_only,22,1260.0,1320.0,for,0.23175723934317574
v21,Python,ocr_only,22,1260.0,1320.0,iteration,0.017931260859483378
v21,Python,ocr_only,22,1260.0,1320.0,range,0.21545421940431803
v21,Python,ocr_only,22,1260.0,1320.0,list,0.08254728057385825
v21,Python,ocr_only,22,1260.0,1320.0,nested loop,0.00458689083410859
v21,Python,ocr_only,22,1260.0,1320.0,index,0.014666714469864775
v21,Python,ocr_only,22,1260.0,1320.0,break,0.012048795280063987
v21,Python,ocr_only,22,1260.0,1320.0,continue,0.008602337281966207
v21,Python,ocr_only,23,1320.0,1380.0,for loop,0.10700435617879929
v21,Python,ocr_only,23,1320.0,1380.0,for,0.10999626724290715
v21,Python,ocr_only,23,1320.0,1380.0,iteration,0.008419144091611082
v21,Python,ocr_only,23,1320.0,1380.0,range,0.10185710795199121
v21,Python,ocr_only,23,1320.0,1380.0,list,0.038601307442612184
v21,Python,ocr_only,23,1320.0,1380.0,nested loop,0.002198751421558428
v21,Python,ocr_only,23,1320.0,1380.0,index,0.02291360350626892
v21,Python,ocr_only,23,1320.0,1380.0,break,0.0056826671593685546
v21,Python,ocr_only,23,1320.0,1380.0,continue,0.0040716519710515655
v21,Python,ocr_only,24,1380.0,1440.0,for loop,0.09287409691020738
v21,Python,ocr_only,24,1380.0,1440.0,for,0.09184049603867181
v21,Python,ocr_only,24,1380.0,1440.0,iteration,0.007000812395168791
v21,Python,ocr_only,24,1380.0,1440.0,range,0.084918413854138
v21,Python,ocr_only,24,1380.0,1440.0,list,0.03204876644376151
v21,Python,ocr_only,24,1380.0,1440.0,nested loop,0.0018426900443701338
v21,Python,ocr_only,24,1380.0,1440.0,index,0.02414316380318295
v21,Python,ocr_only,24,1380.0,1440.0,break,0.004733604194147265
v21,Python,ocr_only,24,1380.0,1440.0,continue,0.0033962797547587484
v21,Python,ocr_only,25,1440.0,1500.0,for loop,0.07746391050282474
v21,Python,ocr_only,25,1440.0,1500.0,for,0.07204268438535069
v21,Python,ocr_only,25,1440.0,1500.0,iteration,0.005455524387429144
v21,Python,ocr_only,25,1440.0,1500.0,range,0.06643973132796221
v21,Python,ocr_only,25,1440.0,1500.0,list,0.024915007237872856
v21,Python,ocr_only,25,1440.0,1500.0,nested loop,0.0014554052203998268
v21,Python,ocr_only,25,1440.0,1500.0,index,0.025480668254146816
v21,Python,ocr_only,25,1440.0,1500.0,break,0.003705372191122367
v21,Python,ocr_only,25,1440.0,1500.0,continue,0.0026667827287789755
v21,Python,ocr_only,26,1500.0,1560.0,for loop,0.0628912714244002
v21,Python,ocr_only,26,1500.0,1560.0,for,0.05332395685023689
v21,Python,ocr_only,26,1500.0,1560.0,iteration,0.003996076627465538
v21,Python,ocr_only,26,1500.0,1560.0,range,0.0489584791987519
v21,Python,ocr_only,26,1500.0,1560.0,list,0.018183982847836944
v21,Python,ocr_only,26,1500.0,1560.0,nested loop,0.0010904199693149896
v21,Python,ocr_only,26,1500.0,1560.0,index,0.026741253068378386
v21,Python,ocr_only,26,1500.0,1560.0,break,0.002741284695819632
v21,Python,ocr_only,26,1500.0,1560.0,continue,0.001985502095130211
v21,Python,ocr_only,27,1560.0,1620.0,for loop,0.1404943380450883
v21,Python,ocr_only,27,1560.0,1620.0,for,0.15319121156497228
v21,Python,ocr_only,27,1560.0,1620.0,iteration,0.011878271773831123
v21,Python,ocr_only,27,1560.0,1620.0,range,0.14164059227608738
v21,Python,ocr_only,27,1560.0,1620.0,list,0.05492241250319044
v21,Python,ocr_only,27,1560.0,1620.0,nested loop,0.003109212142828754
v21,Python,ocr_only,27,1560.0,1620.0,index,0.019775343011152233
v21,Python,ocr_only,27,1560.0,1620.0,break,0.008367529556009265
v21,Python,ocr_only,27,1560.0,1620.0,continue,0.006124146857042694
v22,Python,ocr_only,1,0.0,60.0,for loop,0.34649222314230677
v22,Python,ocr_only,1,0.0,60.0,for,0.41778309092603616
v22,Python,ocr_only,1,0.0,60.0,iteration,0.03250051932856421
v22,Python,ocr_only,1,0.0,60.0,range,0.38878656296412173
v22,Python,ocr_only,1,0.0,60.0,list,0.15000321314802056
v22,Python,ocr_only,1,0.0,60.0,nested loop,0.008262424138478839
v22,Python,ocr_only,1,0.0,60.0,index,0.001976172562662262
v22,Python,ocr_only,1,0.0,60.0,break,0.021958149562041205
v22,Python,ocr_only,1,0.0,60.0,continue,0.01571554691265078
v22,Python,ocr_only,2,60.0,120.0,for loop,0.3413565061364075
v22,Python,ocr_only,2,60.0,120.0,for,0.41180734429105403
v22,Python,ocr_only,2,60.0,120.0,iteration,0.031852531964492954
v22,Python,ocr_only,2,60.0,120.0,range,0.3830055458480727
v22,Python,ocr_only,2,60.0,120.0,list,0.14685530621280354
v22,Python,ocr_only,2,60.0,120.0,nested loop,0.008295538112299593
v22,Python,ocr_only,2,60.0,120.0,index,0.002239939230205479
v22,Python,ocr_only,2,60.0,120.0,break,0.021329911147402257
v22,Python,ocr_only,2,60.0,120.0,continue,0.015194217048471593
v23,Java,ocr_only,1,0.0,60.0,class,0.15138002972075273
v23,Java,ocr_only,1,0.0,60.0,object,0.128304440657433
v23,Java,ocr_only,1,0.0,60.0,method,0.07241264831563392
v23,Java,ocr_only,1,0.0,60.0,interface,0.07309771067392029
v23,Java,ocr_only,1,0.0,60.0,implements,0.15619968305488802
v23,Java,ocr_only,1,0.0,60.0,extends,0.1589554838464591
v23,Java,ocr_only,1,0.0,60.0,inheritance,0.17349194833510725
v23,Java,ocr_only,1,0.0,60.0,abstract class,0.14335987342959544
v23,Java,ocr_only,1,0.0,60.0,abstract method,0.023167223293045665
v23,Java,ocr_only,2,60.0,120.0,class,0.18593478726142523
v23,Java,ocr_only,2,60.0,120.0,object,0.16549177232914264
v23,Java,ocr_only,2,60.0,120.0,method,0.09960007525796913
v23,Java,ocr_only,2,60.0,120.0,interface,0.0989307435610922
v23,Java,ocr_only,2,60.0,120.0,implements,0.19764934214955338
v23,Java,ocr_only,2,60.0,120.0,extends,0.20216181689993143
v23,Java,ocr_only,2,60.0,120.0,inheritance,0.21889379213099516
v23,Java,ocr_only,2,60.0,120.0,abstract class,0.1871240078163494
v23,Java,ocr_only,2,60.0,120.0,abstract method,0.04580398700718757
v23,Java,ocr_only,3,120.0,180.0,class,0.19341643311696452
v23,Java,ocr_only,3,120.0,180.0,object,0.174096862818243
v23,Java,ocr_only,3,120.0,180.0,method,0.10764818650391215
v23,Java,ocr_only,3,120.0,180.0,interface,0.1055923190019576
v23,Java,ocr_only,3,120.0,180.0,implements,0.20672416854659867
v23,Java,ocr_only,3,120.0,180.0,extends,0.2117497230351288
v23,Java,ocr_only,3,120.0,180.0,inheritance,0.22870727199557805
v23,Java,ocr_only,3,120.0,180.0,abstract class,0.19759351094744992
v23,Java,ocr_only,3,120.0,180.0,abstract method,0.05327861503350693
v23,Java,ocr_only,4,180.0,240.0,class,0.19885200892500082
v23,Java,ocr_only,4,180.0,240.0,object,0.17804586473337167
v23,Java,ocr_only,4,180.0,240.0,method,0.1086203799132137
v23,Java,ocr_only,4,180.0,240.0,interface,0.10723585280537773
v23,Java,ocr_only,4,180.0,240.0,implements,0.21215811959595218
v23,Java,ocr_only,4,180.0,240.0,extends,0.2170451784670983
v23,Java,ocr_only,4,180.0,240.0,inheritance,0.2347222268042799
v23,Java,ocr_only,4,180.0,240.0,abstract class,0.20172160950013834
v23,Java,ocr_only,4,180.0,240.0,abstract method,0.05180972481406395
v23,Java,ocr_only,5,240.0,300.0,class,0.2406845763606341
v23,Java,ocr_only,5,240.0,300.0,object,0.21377955801296958
v23,Java,ocr_only,5,240.0,300.0,method,0.12745674948166985
v23,Java,ocr_only,5,240.0,300.0,interface,0.12731147514839672
v23,Java,ocr_only,5,240.0,300.0,implements,0.2566677590127508
v23,Java,ocr_only,5,240.0,300.0,extends,0.26165640087436803
v23,Java,ocr_only,5,240.0,300.0,inheritance,0.2835750281560451
v23,Java,ocr_only,5,240.0,300.0,abstract class,0.24157495770015472
v23,Java,ocr_only,5,240.0,300.0,abstract method,0.05657052998190466
v23,Java,ocr_only,6,300.0,360.0,class,0.23842854636177185
v23,Java,ocr_only,6,300.0,360.0,object,0.21202594796529586
v23,Java,ocr_only,6,300.0,360.0,method,0.12699618826702747
v23,Java,ocr_only,6,300.0,360.0,interface,0.1265204957344714
v23,Java,ocr_only,6,300.0,360.0,implements,0.2543581156692251
v23,Java,ocr_only,6,300.0,360.0,extends,0.2593026095350573
v23,Java,ocr_only,6,300.0,360.0,inheritance,0.2809223648187141
v23,Java,ocr_only,6,300.0,360.0,abstract class,0.2397481700980667
v23,Java,ocr_only,6,300.0,360.0,abstract method,0.05708416798964093
v23,Java,ocr_only,7,360.0,420.0,class,0.24158114691157323
v23,Java,ocr_only,7,360.0,420.0,object,0.22517930221507323
v23,Java,ocr_only,7,360.0,420.0,method,0.15072589822939134
v23,Java,ocr_only,7,360.0,420.0,interface,0.14259685659834778
v23,Java,ocr_only,7,360.0,420.0,implements,0.2629812844939611
v23,Java,ocr_only,7,360.0,420.0,extends,0.27018603114788975
v23,Java,ocr_only,7,360.0,420.0,inheritance,0.28957651976447984
v23,Java,ocr_only,7,360.0,420.0,abstract class,0.25860500996661706
v23,Java,ocr_only,7,360.0,420.0,abstract method,0.08900541538227964
v23,Java,ocr_only,8,420.0,480.0,class,0.245556194417181
v23,Java,ocr_only,8,420.0,480.0,object,0.2292079557233493
v23,Java,ocr_only,8,420.0,480.0,method,0.1535650517754615
v23,Java,ocr_only,8,420.0,480.0,interface,0.14530487721349725
v23,Java,ocr_only,8,420.0,480.0,implements,0.2675237654763365
v23,Java,ocr_only,8,420.0,480.0,extends,0.27499951411784807
v23,Java,ocr_only,8,420.0,480.0,inheritance,0.29468412426692225
v23,Java,ocr_only,8,420.0,480.0,abstract class,0.26325463649540587
v23,Java,ocr_only,8,420.0,480.0,abstract method,0.090966144198985
v23,Java,ocr_only,9,480.0,540.0,class,0.24486442688006918
v23,Java,ocr_only,9,480.0,540.0,object,0.22850602760013258
v23,Java,ocr_only,9,480.0,540.0,method,0.15307023519614082
v23,Java,ocr_only,9,480.0,540.0,interface,0.14483290558674639
v23,Java,ocr_only,9,480.0,540.0,implements,0.2667330391247265
v23,Java,ocr_only,9,480.0,540.0,extends,0.2741609763454031
v23,Java,ocr_only,9,480.0,540.0,inheritance,0.29379443067485866
v23,Java,ocr_only,9,480.0,540.0,abstract class,0.2624448235998913
v23,Java,ocr_only,9,480.0,540.0,abstract method,0.09062422941050335
v23,Java,ocr_only,10,540.0,600.0,class,0.2453642118301816
v23,Java,ocr_only,10,540.0,600.0,object,0.22901342208863462
v23,Java,ocr_only,10,540.0,600.0,method,0.1534281358176665
v23,Java,ocr_only,10,540.0,600.0,interface,0.145174184916009
v23,Java,ocr_only,10,540.0,600.0,implements,0.26730434823673477
v23,Java,ocr_only,10,540.0,600.0,extends,0.27476707556809765
v23,Java,ocr_only,10,540.0,600.0,inheritance,0.29443746098925644
v23,Java,ocr_only,10,540.0,600.0,abstract class,0.26303013117208235
v23,Java,ocr_only,10,540.0,600.0,abstract method,0.09087162447131507
v23,Java,ocr_only,11,600.0,660.0,class,0.2459442730035785
v23,Java,ocr_only,11,600.0,660.0,object,0.22960141619034394
v23,Java,ocr_only,11,600.0,660.0,method,0.1538425218250338
v23,Java,ocr_only,11,600.0,660.0,interface,0.14556943077154158
v23,Java,ocr_only,11,600.0,660.0,implements,0.267967267297669
v23,Java,ocr_only,11,600.0,660.0,extends,0.27546956110150284
v23,Java,ocr_only,11,600.0,660.0,inheritance,0.29518285965857594
v23,Java,ocr_only,11,600.0,660.0,abstract class,0.26370872953864205
v23,Java,ocr_only,11,600.0,660.0,abstract method,0.09115787145786636
v23,Java,ocr_only,12,660.0,720.0,class,0.24255281298349646
v23,Java,ocr_only,12,660.0,720.0,object,0.22006435353795697
v23,Java,ocr_only,12,660.0,720.0,method,0.13826274783048487
v23,Java,ocr_only,12,660.0,720.0,interface,0.13472666731352712
v23,Java,ocr_only,12,660.0,720.0,implements,0.2610166131895051
v23,Java,ocr_only,12,660.0,720.0,extends,0.26703473786142795
v23,Java,ocr_only,12,660.0,720.0,inheritance,0.28800564554223124
v23,Java,ocr_only,12,660.0,720.0,abstract class,0.25044969689693164
v23,Java,ocr_only,12,660.0,720.0,abstract method,0.07088325421289791
v23,Java,ocr_only,13,720.0,780.0,class,0.23688515630794268
v23,Java,ocr_only,13,720.0,780.0,object,0.19793531518542826
v23,Java,ocr_only,13,720.0,780.0,method,0.09887260658088971
v23,Java,ocr_only,13,720.0,780.0,interface,0.10794658902137119
v23,Java,ocr_only,13,720.0,780.0,implements,0.24627990927469245
v23,Java,ocr_only,13,720.0,780.0,extends,0.24854544976408302
v23,Java,ocr_only,13,720.0,780.0,inheritance,0.27314906203209277
v23,Java,ocr_only,13,720.0,780.0,abstract class,0.21886069474912195
v23,Java,ocr_only,13,720.0,780.0,abstract method,0.018121600577615818
v23,Java,ocr_only,14,780.0,840.0,class,0.23690240047471336
v23,Java,ocr_only,14,780.0,840.0,object,0.19795002691137845
v23,Java,ocr_only,14,780.0,840.0,method,0.09887889567261036
v23,Java,ocr_only,14,780.0,840.0,interface,0.10795444193392752
v23,Java,ocr_only,14,780.0,840.0,implements,0.24629822240081448
v23,Java,ocr_only,14,780.0,840.0,extends,0.2485643743205201
v23,Java,ocr_only,14,780.0,840.0,inheritance,0.2731699546986237
v23,Java,ocr_only,14,780.0,840.0,abstract class,0.21887662937208008
v23,Java,ocr_only,14,780.0,840.0,abstract method,0.01812159374423719
v23,Java,ocr_only,15,840.0,900.0,class,0.2368946288580188
v23,Java,ocr_only,15,840.0,900.0,object,0.19794337937939707
v23,Java,ocr_only,15,840.0,900.0,method,0.09887605033824544
v23,Java,ocr_only,15,840.0,900.0,interface,0.10795089031284132
v23,Java,ocr_only,15,840.0,900.0,implements,0.24628996203550166
v23,Java,ocr_only,15,840.0,900.0,extends,0.24855582995301076
v23,Java,ocr_only,15,840.0,900.0,inheritance,0.2731605238289094
v23,Java,ocr_only,15,840.0,900.0,abstract class,0.2188694338692857
v23,Java,ocr_only,15,840.0,900.0,abstract method,0.018121582358825862
v23,Java,ocr_only,16,900.0,960.0,class,0.23689574012633152
v23,Java,ocr_only,16,900.0,960.0,object,0.19794437082675836
v23,Java,ocr_only,16,900.0,960.0,method,0.09887656539123071
v23,Java,ocr_only,16,900.0,960.0,interface,0.10795146476411441
v23,Java,ocr_only,16,900.0,960.0,implements,0.24629116915041488
v23,Java,ocr_only,16,900.0,960.0,extends,0.24855707587530568
v23,Java,ocr_only,16,900.0,960.0,inheritance,0.27316188294308913
v23,Java,ocr_only,16,900.0,960.0,abstract class,0.21887053833605344
v23,Java,ocr_only,16,900.0,960.0,abstract method,0.01812174621776692
v23,Java,ocr_only,17,960.0,1020.0,class,0.23691849646827087
v23,Java,ocr_only,17,960.0,1020.0,object,0.19796374112359758
v23,Java,ocr_only,17,960.0,1020.0,method,0.09888480331987591
v23,Java,ocr_only,17,960.0,1020.0,interface,0.10796177862475728
v23,Java,ocr_only,17,960.0,1020.0,implements,0.24631530840248
v23,Java,ocr_only,17,960.0,1020.0,extends,0.24858201624875312
v23,Java,ocr_only,17,960.0,1020.0,inheritance,0.273189427589796
v23,Java,ocr_only,17,960.0,1020.0,abstract class,0.21889150649875505
v23,Java,ocr_only,17,960.0,1020.0,abstract method,0.018121635218454644
v23,Java,ocr_only,18,1020.0,1080.0,class,0.23693657400861784
v23,Java,ocr_only,18,1020.0,1080.0,object,0.19797909453156426
v23,Java,ocr_only,18,1020.0,1080.0,method,0.09889132543197925
v23,Java,ocr_only,18,1020.0,1080.0,interface,0.10796994803997169
v23,Java,ocr_only,18,1020.0,1080.0,implements,0.2463344877790863
v23,Java,ocr_only,18,1020.0,1080.0,extends,0.24860178572155014
v23,Java,ocr_only,18,1020.0,1080.0,inheritance,0.2732112643432658
v23,Java,ocr_only,18,1020.0,1080.0,abstract class,0.2189081516695809
v23,Java,ocr_only,18,1020.0,1080.0,abstract method,0.018121553765976604
v23,Java,ocr_only,19,1080.0,1140.0,class,0.23800559862641205
v23,Java,ocr_only,19,1080.0,1140.0,object,0.2015804547955209
v23,Java,ocr_only,19,1080.0,1140.0,method,0.10508595655875992
v23,Java,ocr_only,19,1080.0,1140.0,interface,0.11222022373878571
v23,Java,ocr_only,19,1080.0,1140.0,implements,0.24882544298694426
v23,Java,ocr_only,19,1080.0,1140.0,extends,0.2516829082263929
v23,Java,ocr_only,19,1080.0,1140.0,inheritance,0.27574879734319113
v23,Java,ocr_only,19,1080.0,1140.0,abstract class,0.2239941689757831
v23,Java,ocr_only,19,1080.0,1140.0,abstract method,0.02632722961101408
v23,Java,ocr_only,20,1140.0,1200.0,class,0.223840301869022
v23,Java,ocr_only,20,1140.0,1200.0,object,0.1856452597395374
v23,Java,ocr_only,20,1140.0,1200.0,method,0.09315826900810768
v23,Java,ocr_only,20,1140.0,1200.0,interface,0.10099410693902341
v23,Java,ocr_only,20,1140.0,1200.0,implements,0.23202309669951585
v23,Java,ocr_only,20,1140.0,1200.0,extends,0.23301492812024935
v23,Java,ocr_only,20,1140.0,1200.0,inheritance,0.25617564734182136
v23,Java,ocr_only,20,1140.0,1200.0,abstract class,0.20578776351400135
v23,Java,ocr_only,20,1140.0,1200.0,abstract method,0.016994654001816434
v23,Java,ocr_only,21,1200.0,1260.0,class,0.23665218625999435
v23,Java,ocr_only,21,1200.0,1260.0,object,0.19773681336063037
v23,Java,ocr_only,21,1200.0,1260.0,method,0.09878765271555491
v23,Java,ocr_only,21,1200.0,1260.0,interface,0.10784062311180426
v23,Java,ocr_only,21,1200.0,1260.0,implements,0.24603271164201537
v23,Java,ocr_only,21,1200.0,1260.0,extends,0.2482899414778334
v23,Java,ocr_only,21,1200.0,1260.0,inheritance,0.27286696107544894
v23,Java,ocr_only,21,1200.0,1260.0,abstract class,0.2186456708141492
v23,Java,ocr_only,21,1200.0,1260.0,abstract method,0.018121941363690112
v23,Java,ocr_only,22,1260.0,1320.0,class,0.23686014870097144
v23,Java,ocr_only,22,1260.0,1320.0,object,0.19791403575609612
v23,Java,ocr_only,22,1260.0,1320.0,method,0.09886353098673167
v23,Java,ocr_only,22,1260.0,1320.0,interface,0.1079352428383481
v23,Java,ocr_only,22,1260.0,1320.0,implements,0.2462533696663666
v23,Java,ocr_only,22,1260.0,1320.0,extends,0.2485180539203635
v23,Java,ocr_only,22,1260.0,1320.0,inheritance,0.27311880965972124
v23,Java,ocr_only,22,1260.0,1320.0,abstract class,0.2188376302388229
v23,Java,ocr_only,22,1260.0,1320.0,abstract method,0.018121660379463143
v23,Java,ocr_only,23,1320.0,1380.0,class,0.23696189906030504
v23,Java,ocr_only,23,1320.0,1380.0,object,0.19800064599545703
v23,Java,ocr_only,23,1320.0,1380.0,method,0.0989005339423703
v23,Java,ocr_only,23,1320.0,1380.0,interface,0.10798144154244808
v23,Java,ocr_only,23,1320.0,1380.0,implements,0.24636132802078448
v23,Java,ocr_only,23,1320.0,1380.0,extends,0.24862955097027845
v23,Java,ocr_only,23,1320.0,1380.0,inheritance,0.27324192536888847
v23,Java,ocr_only,23,1320.0,1380.0,abstract class,0.21893148029174755
v23,Java,ocr_only,23,1320.0,1380.0,abstract method,0.018121438745393372
v23,Java,ocr_only,24,1380.0,1440.0,class,0.23615581135725103
v23,Java,ocr_only,24,1380.0,1440.0,object,0.19731440953375234
v23,Java,ocr_only,24,1380.0,1440.0,method,0.09860714001287622
v23,Java,ocr_only,24,1380.0,1440.0,interface,0.10761530191438565
v23,Java,ocr_only,24,1380.0,1440.0,implements,0.24550602881445446
v23,Java,ocr_only,24,1380.0,1440.0,extends,0.24774618579932645
v23,Java,ocr_only,24,1380.0,1440.0,inheritance,0.2722665423632753
v23,Java,ocr_only,24,1380.0,1440.0,abstract class,0.21818783863801836
v23,Java,ocr_only,24,1380.0,1440.0,abstract method,0.018122881777395957
v23,Java,ocr_only,25,1440.0,1500.0,class,0.23683966934225884
v23,Java,ocr_only,25,1440.0,1500.0,object,0.19789660087331268
v23,Java,ocr_only,25,1440.0,1500.0,method,0.09885604189438117
v23,Java,ocr_only,25,1440.0,1500.0,interface,0.10792592506388439
v23,Java,ocr_only,25,1440.0,1500.0,implements,0.2462316371720653
v23,Java,ocr_only,25,1440.0,1500.0,extends,0.2484956157217495
v23,Java,ocr_only,25,1440.0,1500.0,inheritance,0.27309403877977234
v23,Java,ocr_only,25,1440.0,1500.0,abstract class,0.21881872048903517
v23,Java,ocr_only,25,1440.0,1500.0,abstract method,0.018121645105107893
v23,Java,ocr_only,26,1500.0,1560.0,class,0.23690886840571884
v23,Java,ocr_only,26,1500.0,1560.0,object,0.19795550387174787
v23,Java,ocr_only,26,1500.0,1560.0,method,0.0988812331270019
v23,Java,ocr_only,26,1500.0,1560.0,interface,0.10795735670558868
v23,Java,ocr_only,26,1500.0,1560.0,implements,0.2463050570433326
v23,Java,ocr_only,26,1500.0,1560.0,extends,0.24857144454195035
v23,Java,ocr_only,26,1500.0,1560.0,inheritance,0.2731777661062509
v23,Java,ocr_only,26,1500.0,1560.0,abstract class,0.2188825566692781
v23,Java,ocr_only,26,1500.0,1560.0,abstract method,0.018121525888213034
v23,Java,ocr_only,27,1560.0,1620.0,class,0.2368641644366669
v23,Java,ocr_only,27,1560.0,1620.0,object,0.19791743130426534
v23,Java,ocr_only,27,1560.0,1620.0,method,0.09886492894518083
v23,Java,ocr_only,27,1560.0,1620.0,interface,0.10793703074491053
v23,Java,ocr_only,27,1560.0,1620.0,implements,0.24625761821428263
v23,Java,ocr_only,27,1560.0,1620.0,extends,0.24852244393375908
v23,Java,ocr_only,27,1560.0,1620.0,inheritance,0.27312366593940046
v23,Java,ocr_only,27,1560.0,1620.0,abstract class,0.2188412948043416
v23,Java,ocr_only,27,1560.0,1620.0,abstract method,0.01812156337946713
v23,Java,ocr_only,28,1620.0,1680.0,class,0.18221970727170572
v23,Java,ocr_only,28,1620.0,1680.0,object,0.1444654877174767
v23,Java,ocr_only,28,1620.0,1680.0,method,0.07120669506907094
v23,Java,ocr_only,28,1620.0,1680.0,interface,0.07663198917705488
v23,Java,ocr_only,28,1620.0,1680.0,implements,0.18773890284294653
v23,Java,ocr_only,28,1620.0,1680.0,extends,0.18081625849963773
v23,Java,ocr_only,28,1620.0,1680.0,inheritance,0.19947968666136895
v23,Java,ocr_only,28,1620.0,1680.0,abstract class,0.16349199945851797
v23,Java,ocr_only,28,1620.0,1680.0,abstract method,0.01270428585906857
v23,Java,ocr_only,29,1680.0,1740.0,class,0.16463149442566677
v23,Java,ocr_only,29,1680.0,1740.0,object,0.12651145264539046
v23,Java,ocr_only,29,1680.0,1740.0,method,0.061463913250123264
v23,Java,ocr_only,29,1680.0,1740.0,interface,0.06585430078426084
v23,Java,ocr_only,29,1680.0,1740.0,implements,0.16884466390453062
v23,Java,ocr_only,29,1680.0,1740.0,extends,0.15817819592198223
v23,Java,ocr_only,29,1680.0,1740.0,inheritance,0.1749630545566614
v23,Java,ocr_only,29,1680.0,1740.0,abstract class,0.14514187484939117
v23,Java,ocr_only,29,1680.0,1740.0,abstract method,0.010362002220940206
v23,Java,ocr_only,30,1740.0,1800.0,class,0.14889502344040606
v23,Java,ocr_only,30,1740.0,1800.0,object,0.11128171308751804
v23,Java,ocr_only,30,1740.0,1800.0,method,0.054438002517668636
v23,Java,ocr_only,30,1740.0,1800.0,interface,0.057329776027736104
v23,Java,ocr_only,30,1740.0,1800.0,implements,0.15231588283955383
v23,Java,ocr_only,30,1740.0,1800.0,extends,0.1385589346019734
v23,Java,ocr_only,30,1740.0,1800.0,inheritance,0.15347796516738926
v23,Java,ocr_only,30,1740.0,1800.0,abstract class,0.1299099618201853
v23,Java,ocr_only,30,1740.0,1800.0,abstract method,0.010575405269419061
v23,Java,ocr_only,31,1800.0,1860.0,class,0.17212431071551032
v23,Java,ocr_only,31,1800.0,1860.0,object,0.13402192564947524
v23,Java,ocr_only,31,1800.0,1860.0,method,0.06546026306519459
v23,Java,ocr_only,31,1800.0,1860.0,interface,0.07031650997605861
v23,Java,ocr_only,31,1800.0,1860.0,implements,0.17688200840625
v23,Java,ocr_only,31,1800.0,1860.0,extends,0.16766678975002336
v23,Java,ocr_only,31,1800.0,1860.0,inheritance,0.18525798910541022
v23,Java,ocr_only,31,1800.0,1860.0,abstract class,0.1528599289368121
v23,Java,ocr_only,31,1800.0,1860.0,abstract method,0.011248403187195277
v23,Java,ocr_only,32,1860.0,1920.0,class,0.20809466422002648
v23,Java,ocr_only,32,1860.0,1920.0,object,0.18114620285337357
v23,Java,ocr_only,32,1860.0,1920.0,method,0.10304072694022141
v23,Java,ocr_only,32,1860.0,1920.0,interface,0.10512700513613875
v23,Java,ocr_only,32,1860.0,1920.0,implements,0.21958600987301233
v23,Java,ocr_only,32,1860.0,1920.0,extends,0.2232634663633911
v23,Java,ocr_only,32,1860.0,1920.0,inheritance,0.24297309831727926
v23,Java,ocr_only,32,1860.0,1920.0,abstract class,0.20341598207157513
v23,Java,ocr_only,32,1860.0,1920.0,abstract method,0.03904058535061867
v24,Java,ocr_only,1,0.0,60.0,class,0.2465756376572407
v24,Java,ocr_only,1,0.0,60.0,object,0.23024142290707994
v24,Java,ocr_only,1,0.0,60.0,method,0.15429332019264672
v24,Java,ocr_only,1,0.0,60.0,interface,0.14599955992866887
v24,Java,ocr_only,1,0.0,60.0,implements,0.2686888876249709
v24,Java,ocr_only,1,0.0,60.0,extends,0.27623419642592084
v24,Java,ocr_only,1,0.0,60.0,inheritance,0.29599422792279156
v24,Java,ocr_only,1,0.0,60.0,abstract class,0.26444733108163077
v24,Java,ocr_only,1,0.0,60.0,abstract method,0.09146926379030265
v24,Java,ocr_only,2,60.0,120.0,class,0.24630190675294705
v24,Java,ocr_only,2,60.0,120.0,object,0.22998410761244928
v24,Java,ocr_only,2,60.0,120.0,method,0.15411982782235856
v24,Java,ocr_only,2,60.0,120.0,interface,0.14583545220145674
v24,Java,ocr_only,2,60.0,120.0,implements,0.2683858081269391
v24,Java,ocr_only,2,60.0,120.0,extends,0.2759254391820329
v24,Java,ocr_only,2,60.0,120.0,inheritance,0.2956634595822372
v24,Java,ocr_only,2,60.0,120.0,abstract class,0.2641509081555559
v24,Java,ocr_only,2,60.0,120.0,abstract method,0.09136706013762742
v24,Java,ocr_only,3,120.0,180.0,class,0.24660690599472598
v24,Java,ocr_only,3,120.0,180.0,object,0.23027311544763088
v24,Java,ocr_only,3,120.0,180.0,method,0.15431564045950627
v24,Java,ocr_only,3,120.0,180.0,interface,0.14602085787317098
v24,Java,ocr_only,3,120.0,180.0,implements,0.2687246239488949
v24,Java,ocr_only,3,120.0,180.0,extends,0.2762720619915613
v24,Java,ocr_only,3,120.0,180.0,inheritance,0.29603440851519947
v24,Java,ocr_only,3,120.0,180.0,abstract class,0.26448390556781465
v24,Java,ocr_only,3,120.0,180.0,abstract method,0.0914846773944888
v24,Java,ocr_only,4,180.0,240.0,class,0.2466176713697463
v24,Java,ocr_only,4,180.0,240.0,object,0.2302840223126142
v24,Java,ocr_only,4,180.0,240.0,method,0.15432332116402903
v24,Java,ocr_only,4,180.0,240.0,interface,0.1460281862712503
v24,Java,ocr_only,4,180.0,240.0,implements,0.2687369245483423
v24,Java,ocr_only,4,180.0,240.0,extends,0.27628509480763663
v24,Java,ocr_only,4,180.0,240.0,inheritance,0.29604823878578984
v24,Java,ocr_only,4,180.0,240.0,abstract class,0.2644964922520214
v24,Java,ocr_only,4,180.0,240.0,abstract method,0.09148997635947424
v24,Java,ocr_only,5,240.0,300.0,class,0.24661398148734848
v24,Java,ocr_only,5,240.0,300.0,object,0.23028027999969258
v24,Java,ocr_only,5,240.0,300.0,method,0.15432068266807594
v24,Java,ocr_only,5,240.0,300.0,interface,0.14602567006908934
v24,Java,ocr_only,5,240.0,300.0,implements,0.26873270707123464
v24,Java,ocr_only,5,240.0,300.0,extends,0.2762806242781823
v24,Java,ocr_only,5,240.0,300.0,inheritance,0.2960434954597518
v24,Java,ocr_only,5,240.0,300.0,abstract class,0.2644921737019757
v24,Java,ocr_only,5,240.0,300.0,abstract method,0.09148815276280892
v24,Java,ocr_only,6,300.0,360.0,class,0.24614257828626848
v24,Java,ocr_only,6,300.0,360.0,object,0.2298360895628731
v24,Java,ocr_only,6,300.0,360.0,method,0.15402076453396044
v24,Java,ocr_only,6,300.0,360.0,interface,0.14574188258502782
v24,Java,ocr_only,6,300.0,360.0,implements,0.2682102417877358
v24,Java,ocr_only,6,300.0,360.0,extends,0.2757477079681168
v24,Java,ocr_only,6,300.0,360.0,inheritance,0.29547276400962885
v24,Java,ocr_only,6,300.0,360.0,abstract class,0.2639804405949814
v24,Java,ocr_only,6,300.0,360.0,abstract method,0.09131042423916938
v24,Java,ocr_only,7,360.0,420.0,class,0.24661363211423346
v24,Java,ocr_only,7,360.0,420.0,object,0.23027993303523633
v24,Java,ocr_only,7,360.0,420.0,method,0.15432045561155364
v24,Java,ocr_only,7,360.0,420.0,interface,0.14602544461135056
v24,Java,ocr_only,7,360.0,420.0,implements,0.26873230635518053
v24,Java,ocr_only,7,360.0,420.0,extends,0.2762802089606674
v24,Java,ocr_only,7,360.0,420.0,inheritance,0.29604305230667616
v24,Java,ocr_only,7,360.0,420.0,abstract class,0.2644917738294826
v24,Java,ocr_only,7,360.0,420.0,abstract method,0.09148800092584226
v24,Java,ocr_only,8,420.0,480.0,class,0.2466085839641346
v24,Java,ocr_only,8,420.0,480.0,object,0.23027481209087447
v24,Java,ocr_only,8,420.0,480.0,method,0.15431683359820286
v24,Java,ocr_only,8,420.0,480.0,interface,0.14602199702952873
v24,Java,ocr_only,8,420.0,480.0,implements,0.26872654050693895
v24,Java,ocr_only,8,420.0,480.0,extends,0.27627409024885907
v24,Java,ocr_only,8,420.0,480.0,inheritance,0.29603656132908046
v24,Java,ocr_only,8,420.0,480.0,abstract class,0.2644858646098576
v24,Java,ocr_only,8,420.0,480.0,abstract method,0.09148549942583525
v24,Java,ocr_only,9,480.0,540.0,class,0.24660892181010244
v24,Java,ocr_only,9,480.0,540.0,object,0.23027516013142799
v24,Java,ocr_only,9,480.0,540.0,method,0.15431707969631073
v24,Java,ocr_only,9,480.0,540.0,interface,0.1460222323669269
v24,Java,ocr_only,9,480.0,540.0,implements,0.26872692831233036
v24,Java,ocr_only,9,480.0,540.0,extends,0.27627450578412954
v24,Java,ocr_only,9,480.0,540.0,inheritance,0.2960370016695443
v24,Java,ocr_only,9,480.0,540.0,abstract class,0.2644862647051587
v24,Java,ocr_only,9,480.0,540.0,abstract method,0.0914856713184107
v24,Java,ocr_only,10,540.0,600.0,class,0.24661437484066248
v24,Java,ocr_only,10,540.0,600.0,object,0.23028068268680796
v24,Java,ocr_only,10,540.0,600.0,method,0.1543209706127956
v24,Java,ocr_only,10,540.0,600.0,interface,0.14602594330962007
v24,Java,ocr_only,10,540.0,600.0,implements,0.2687331591044833
v24,Java,ocr_only,10,540.0,600.0,extends,0.27628110384542737
v24,Java,ocr_only,10,540.0,600.0,inheritance,0.29604400331652053
v24,Java,ocr_only,10,540.0,600.0,abstract class,0.26449263993554195
v24,Java,ocr_only,10,540.0,600.0,abstract method,0.09148835792681287
v24,Java,ocr_only,11,600.0,660.0,class,0.24660500533891042
v24,Java,ocr_only,11,600.0,660.0,object,0.23027118688161097
v24,Java,ocr_only,11,600.0,660.0,method,0.1543142829340939
v24,Java,ocr_only,11,600.0,660.0,interface,0.14601956231909563
v24,Java,ocr_only,11,600.0,660.0,implements,0.2687224502829822
v24,Java,ocr_only,11,600.0,660.0,extends,0.27626975943448695
v24,Java,ocr_only,11,600.0,660.0,inheritance,0.2960319653337768
v24,Java,ocr_only,11,600.0,660.0,abstract class,0.26448168055358656
v24,Java,ocr_only,11,600.0,660.0,abstract method,0.09148373831953854
v24,Java,ocr_only,12,660.0,720.0,class,0.24607227713736382
v24,Java,ocr_only,12,660.0,720.0,object,0.22973124756770585
v24,Java,ocr_only,12,660.0,720.0,method,0.15393396345554997
v24,Java,ocr_only,12,660.0,720.0,interface,0.1456567004726021
v24,Java,ocr_only,12,660.0,720.0,implements,0.26811363026600243
v24,Java,ocr_only,12,660.0,720.0,extends,0.27562464706181034
v24,Java,ocr_only,12,660.0,720.0,inheritance,0.2953474147742896
v24,Java,ocr_only,12,660.0,720.0,abstract class,0.2638585691645422
v24,Java,ocr_only,12,660.0,720.0,abstract method,0.09122112769454557
v25,Java,ocr_only,1,0.0,60.0,class,0.24351005673741535
v25,Java,ocr_only,1,0.0,60.0,object,0.22057522052565756
v25,Java,ocr_only,1,0.0,60.0,method,0.1379557357127044
v25,Java,ocr_only,1,0.0,60.0,interface,0.13473624327863987
v25,Java,ocr_only,1,0.0,60.0,implements,0.26187898218970507
v25,Java,ocr_only,1,0.0,60.0,extends,0.2678678247409869
v25,Java,ocr_only,1,0.0,60.0,inheritance,0.28902314085107295
v25,Java,ocr_only,1,0.0,60.0,abstract class,0.2508696917822962
v25,Java,ocr_only,1,0.0,60.0,abstract method,0.06995478705769677
v25,Java,ocr_only,2,60.0,120.0,class,0.22590472646408458
v25,Java,ocr_only,2,60.0,120.0,object,0.20689317593994455
v25,Java,ocr_only,2,60.0,120.0,method,0.1372600275032978
v25,Java,ocr_only,2,60.0,120.0,interface,0.12986069167476127
v25,Java,ocr_only,2,60.0,120.0,implements,0.2450483763300666
v25,Java,ocr_only,2,60.0,120.0,extends,0.24833061104779583
v25,Java,ocr_only,2,60.0,120.0,inheritance,0.2665832490983943
v25,Java,ocr_only,2,60.0,120.0,abstract class,0.2388829772792863
v25,Java,ocr_only,2,60.0,120.0,abstract method,0.08026559608304219
v25,Java,ocr_only,3,120.0,180.0,class,0.2109093338684141
v25,Java,ocr_only,3,120.0,180.0,object,0.1899413337561286
v25,Java,ocr_only,3,120.0,180.0,method,0.12489002281119763
v25,Java,ocr_only,3,120.0,180.0,interface,0.11814080148141864
v25,Java,ocr_only,3,120.0,180.0,implements,0.22789866079103407
v25,Java,ocr_only,3,120.0,180.0,extends,0.2280713274780161
v25,Java,ocr_only,3,120.0,180.0,inheritance,0.24523057723022051
v25,Java,ocr_only,3,120.0,180.0,abstract class,0.22032952935877193
v25,Java,ocr_only,3,120.0,180.0,abstract method,0.07213215812929354
v25,Java,ocr_only,4,180.0,240.0,class,0.21080599720017063
v25,Java,ocr_only,4,180.0,240.0,object,0.18982206802963716
v25,Java,ocr_only,4,180.0,240.0,method,0.124802471054627
v25,Java,ocr_only,4,180.0,240.0,interface,0.1180579434458231
v25,Java,ocr_only,4,180.0,240.0,implements,0.22778045217679901
v25,Java,ocr_only,4,180.0,240.0,extends,0.22792879277731076
v25,Java,ocr_only,4,180.0,240.0,inheritance,0.24508053038368
v25,Java,ocr_only,4,180.0,240.0,abstract class,0.22020025746298622
v25,Java,ocr_only,4,180.0,240.0,abstract method,0.07207507692331372
v25,Java,ocr_only,5,240.0,300.0,class,0.19549708643809352
v25,Java,ocr_only,5,240.0,300.0,object,0.1725198564942182
v25,Java,ocr_only,5,240.0,300.0,method,0.11217767639228089
v25,Java,ocr_only,5,240.0,300.0,interface,0.10609649384170936
v25,Java,ocr_only,5,240.0,300.0,implements,0.21027219027128324
v25,Java,ocr_only,5,240.0,300.0,extends,0.2072508031152293
v25,Java,ocr_only,5,240.0,300.0,inheritance,0.22328625728861212
v25,Java,ocr_only,5,240.0,300.0,abstract class,0.20126122606420416
v25,Java,ocr_only,5,240.0,300.0,abstract method,0.06377325604070215
v25,Java,ocr_only,6,300.0,360.0,class,0.20151965831684981
v25,Java,ocr_only,6,300.0,360.0,object,0.17932712934338466
v25,Java,ocr_only,6,300.0,360.0,method,0.11714480590233901
v25,Java,ocr_only,6,300.0,360.0,interface,0.11080261513489817
v25,Java,ocr_only,6,300.0,360.0,implements,0.21715998906728975
v25,Java,ocr_only,6,300.0,360.0,extends,0.21538622623751702
v25,Java,ocr_only,6,300.0,360.0,inheritance,0.23186082662716684
v25,Java,ocr_only,6,300.0,360.0,abstract class,0.20871219384890502
v25,Java,ocr_only,6,300.0,360.0,abstract method,0.06703941578402967
v25,Java,ocr_only,7,360.0,420.0,class,0.03609213854381893
v25,Java,ocr_only,7,360.0,420.0,object,0.028325770128053627
v25,Java,ocr_only,7,360.0,420.0,method,0.016457288904644256
v25,Java,ocr_only,7,360.0,420.0,interface,0.015300769085951741
v25,Java,ocr_only,7,360.0,420.0,implements,0.03366950759745006
v25,Java,ocr_only,7,360.0,420.0,extends,0.03423931591089919
v25,Java,ocr_only,7,360.0,420.0,inheritance,0.03742802207002441
v25,Java,ocr_only,7,360.0,420.0,abstract class,0.031719705316819086
v25,Java,ocr_only,7,360.0,420.0,abstract method,0.0062607537761064595
v26,Java,ocr_only,1,0.0,60.0,class,0.0949930539884737
v26,Java,ocr_only,1,0.0,60.0,object,0.0589305841543447
v26,Java,ocr_only,1,0.0,60.0,method,0.02929597820156958
v26,Java,ocr_only,1,0.0,60.0,interface,0.027569578447522114
v26,Java,ocr_only,1,0.0,60.0,implements,0.09532921657845247
v26,Java,ocr_only,1,0.0,60.0,extends,0.0714995370107926
v26,Java,ocr_only,1,0.0,60.0,inheritance,0.08020650663005251
v26,Java,ocr_only,1,0.0,60.0,abstract class,0.07692570432118127
v26,Java,ocr_only,1,0.0,60.0,abstract method,0.009271587670288661
v26,Java,ocr_only,2,60.0,120.0,class,0.07825277058312677
v26,Java,ocr_only,2,60.0,120.0,object,0.04000309684745584
v26,Java,ocr_only,2,60.0,120.0,method,0.015483613092211251
v26,Java,ocr_only,2,60.0,120.0,interface,0.014483272248501749
v26,Java,ocr_only,2,60.0,120.0,implements,0.07618388784453545
v26,Java,ocr_only,2,60.0,120.0,extends,0.0488791578261634
v26,Java,ocr_only,2,60.0,120.0,inheritance,0.05636554636301776
v26,Java,ocr_only,2,60.0,120.0,abstract class,0.05621152675451196
v26,Java,ocr_only,2,60.0,120.0,abstract method,0.00019034768904375765
v26,Java,ocr_only,3,120.0,180.0,class,0.08596070268418325
v26,Java,ocr_only,3,120.0,180.0,object,0.04871362019473961
v26,Java,ocr_only,3,120.0,180.0,method,0.02183912519558757
v26,Java,ocr_only,3,120.0,180.0,interface,0.020504895791830735
v26,Java,ocr_only,3,120.0,180.0,implements,0.08499918387816396
v26,Java,ocr_only,3,120.0,180.0,extends,0.05928915052653796
v26,Java,ocr_only,3,120.0,180.0,inheritance,0.06733759001116299
v26,Java,ocr_only,3,120.0,180.0,abstract class,0.06574661428608848
v26,Java,ocr_only,3,120.0,180.0,abstract method,0.004369832085676319
v26,Java,ocr_only,4,180.0,240.0,class,0.09170206907550485
v26,Java,ocr_only,4,180.0,240.0,object,0.05520099168039872
v26,Java,ocr_only,4,180.0,240.0,method,0.026572387473744356
v26,Java,ocr_only,4,180.0,240.0,interface,0.024989519269823082
v26,Java,ocr_only,4,180.0,240.0,implements,0.09156537399652775
v26,Java,ocr_only,4,180.0,240.0,extends,0.06704224535652842
v26,Java,ocr_only,4,180.0,240.0,inheritance,0.07550934327224797
v26,Java,ocr_only,4,180.0,240.0,abstract class,0.0728485076111114
v26,Java,ocr_only,4,180.0,240.0,abstract method,0.007482654490303089
v26,Java,ocr_only,5,240.0,300.0,class,0.11255474752911991
v26,Java,ocr_only,5,240.0,300.0,object,0.07877777546000539
v26,Java,ocr_only,5,240.0,300.0,method,0.04377748417798268
v26,Java,ocr_only,5,240.0,300.0,interface,0.04129024143839878
v26,Java,ocr_only,5,240.0,300.0,implements,0.11541390891158118
v26,Java,ocr_only,5,240.0,300.0,extends,0.0952190449155097
v26,Java,ocr_only,5,240.0,300.0,inheritance,0.10520657683255348
v26,Java,ocr_only,5,240.0,300.0,abstract class,0.09865106008818127
v26,Java,ocr_only,5,240.0,300.0,abstract method,0.018794581271391657
v26,Java,ocr_only,6,300.0,360.0,class,0.10578428962511369
v26,Java,ocr_only,6,300.0,360.0,object,0.07123661125574554
v26,Java,ocr_only,6,300.0,360.0,method,0.03829912577945098
v26,Java,ocr_only,6,300.0,360.0,interface,0.03609534094400059
v26,Java,ocr_only,6,300.0,360.0,implements,0.10767163262730038
v26,Java,ocr_only,6,300.0,360.0,extends,0.08620683694837583
v26,Java,ocr_only,6,300.0,360.0,inheritance,0.09569964488213505
v26,Java,ocr_only,6,300.0,360.0,abstract class,0.09033924504264987
v26,Java,ocr_only,6,300.0,360.0,abstract method,0.01516980602273424
v27,Java,ocr_only,1,0.0,60.0,class,0.1428677739774375
v27,Java,ocr_only,1,0.0,60.0,object,0.13248868440028397
v27,Java,ocr_only,1,0.0,60.0,method,0.08827619328480565
v27,Java,ocr_only,1,0.0,60.0,interface,0.08353129500516043
v27,Java,ocr_only,1,0.0,60.0,implements,0.15373244870483582
v27,Java,ocr_only,1,0.0,60.0,extends,0.15895789106082295
v27,Java,ocr_only,1,0.0,60.0,inheritance,0.1704015272375939
v27,Java,ocr_only,1,0.0,60.0,abstract class,0.1518295037772452
v27,Java,ocr_only,1,0.0,60.0,abstract method,0.05231694606221512
v27,Java,ocr_only,2,60.0,120.0,class,0.14053501919275707
v27,Java,ocr_only,2,60.0,120.0,object,0.13030061148211705
v27,Java,ocr_only,2,60.0,120.0,method,0.08680303701212974
v27,Java,ocr_only,2,60.0,120.0,interface,0.08213812158952176
v27,Java,ocr_only,2,60.0,120.0,implements,0.15115187257395843
v27,Java,ocr_only,2,60.0,120.0,extends,0.15633203558237724
v27,Java,ocr_only,2,60.0,120.0,inheritance,0.16758766056296984
v27,Java,ocr_only,2,60.0,120.0,abstract class,0.14930903848168267
v27,Java,ocr_only,2,60.0,120.0,abstract method,0.051453869425283225
v27,Java,ocr_only,3,120.0,180.0,class,0.14364268450133674
v27,Java,ocr_only,3,120.0,180.0,object,0.13323260620900054
v27,Java,ocr_only,3,120.0,180.0,method,0.08878430418533712
v27,Java,ocr_only,3,120.0,180.0,interface,0.08401310213122183
v27,Java,ocr_only,3,120.0,180.0,implements,0.15459795163575363
v27,Java,ocr_only,3,120.0,180.0,extends,0.15984942455084905
v27,Java,ocr_only,3,120.0,180.0,inheritance,0.17135401435469402
v27,Java,ocr_only,3,120.0,180.0,abstract class,0.15268697197058514
v27,Java,ocr_only,3,120.0,180.0,abstract method,0.05263160394623985
v27,Java,ocr_only,4,180.0,240.0,class,0.1368056847281918
v27,Java,ocr_only,4,180.0,240.0,object,0.12679029459613508
v27,Java,ocr_only,4,180.0,240.0,method,0.08443436286517929
v27,Java,ocr_only,4,180.0,240.0,interface,0.07989716852628599
v27,Java,ocr_only,4,180.0,240.0,implements,0.14702040003815608
v27,Java,ocr_only,4,180.0,240.0,extends,0.15212028045618042
v27,Java,ocr_only,4,180.0,240.0,inheritance,0.16307642589600094
v27,Java,ocr_only,4,180.0,240.0,abstract class,0.14526504887881544
v27,Java,ocr_only,4,180.0,240.0,abstract method,0.05005386838077741
v27,Java,ocr_only,5,240.0,300.0,class,0.1301636865842201
v27,Java,ocr_only,5,240.0,300.0,object,0.12053007243312286
v27,Java,ocr_only,5,240.0,300.0,method,0.0802067128297335
v27,Java,ocr_only,5,240.0,300.0,interface,0.07589680073658683
v27,Java,ocr_only,5,240.0,300.0,implements,0.13965816847522028
v27,Java,ocr_only,5,240.0,300.0,extends,0.14460971077989943
v27,Java,ocr_only,5,240.0,300.0,inheritance,0.1550331943229472
v27,Java,ocr_only,5,240.0,300.0,abstract class,0.13805286600452252
v27,Java,ocr_only,5,240.0,300.0,abstract method,0.04754699516924509
v27,Java,ocr_only,6,300.0,360.0,class,0.11302203188425222
v27,Java,ocr_only,6,300.0,360.0,object,0.10437682183554829
v27,Java,ocr_only,6,300.0,360.0,method,0.06929936507236223
v27,Java,ocr_only,6,300.0,360.0,interface,0.06557611252964983
v27,Java,ocr_only,6,300.0,360.0,implements,0.12065925250953217
v27,Java,ocr_only,6,300.0,360.0,extends,0.12522997838477107
v27,Java,ocr_only,6,300.0,360.0,inheritance,0.1342785030086984
v27,Java,ocr_only,6,300.0,360.0,abstract class,0.11944335369208417
v27,Java,ocr_only,6,300.0,360.0,abstract method,0.04108229923577669
v27,Java,ocr_only,7,360.0,420.0,class,0.11809502724841708
v27,Java,ocr_only,7,360.0,420.0,object,0.10915541942968067
v27,Java,ocr_only,7,360.0,420.0,method,0.072525284587231
v27,Java,ocr_only,7,360.0,420.0,interface,0.0686283783326889
v27,Java,ocr_only,7,360.0,420.0,implements,0.1262809785625519
v27,Java,ocr_only,7,360.0,420.0,extends,0.1309631996902167
v27,Java,ocr_only,7,360.0,420.0,inheritance,0.1404188024777748
v27,Java,ocr_only,7,360.0,420.0,abstract class,0.12494852388978517
v27,Java,ocr_only,7,360.0,420.0,abstract method,0.04299241229930284
v27,Java,ocr_only,8,420.0,480.0,class,0.11090127820607523
v27,Java,ocr_only,8,420.0,480.0,object,0.10237714691104295
v27,Java,ocr_only,8,420.0,480.0,method,0.06794858478263938
v27,Java,ocr_only,8,420.0,480.0,interface,0.06429789467657848
v27,Java,ocr_only,8,420.0,480.0,implements,0.11830812827972752
v27,Java,ocr_only,8,420.0,480.0,extends,0.12283097117825618
v27,Java,ocr_only,8,420.0,480.0,inheritance,0.13170949459994372
v27,Java,ocr_only,8,420.0,480.0,abstract class,0.11713955925251103
v27,Java,ocr_only,8,420.0,480.0,abstract method,0.04028049251710678
v27,Java,ocr_only,9,480.0,540.0,class,0.11329970616644708
v27,Java,ocr_only,9,480.0,540.0,object,0.10463267638203605
v27,Java,ocr_only,9,480.0,540.0,method,0.06946971975609252
v27,Java,ocr_only,9,480.0,540.0,interface,0.06573684672943682
v27,Java,ocr_only,9,480.0,540.0,implements,0.12096419690270901
v27,Java,ocr_only,9,480.0,540.0,extends,0.12553735135864186
v27,Java,ocr_only,9,480.0,540.0,inheritance,0.13460865330762853
v27,Java,ocr_only,9,480.0,540.0,abstract class,0.11973794906002687
v27,Java,ocr_only,9,480.0,540.0,abstract method,0.0411775669417618
v28,Java,ocr_only,1,0.0,60.0,class,0.2369053819240559
v28,Java,ocr_only,1,0.0,60.0,object,0.1979525970430521
v28,Java,ocr_only,1,0.0,60.0,method,0.0988800934649379
v28,Java,ocr_only,1,0.0,60.0,interface,0.10795585984583443
v28,Java,ocr_only,1,0.0,60.0,implements,0.24630140070940076
v28,Java,ocr_only,1,0.0,60.0,extends,0.2485676615816634
v28,Java,ocr_only,1,0.0,60.0,inheritance,0.273173568704693
v28,Java,ocr_only,1,0.0,60.0,abstract class,0.21887944485151647
v28,Java,ocr_only,1,0.0,60.0,abstract method,0.018121740744752306
v28,Java,ocr_only,2,60.0,120.0,class,0.23474905949106695
v28,Java,ocr_only,2,60.0,120.0,object,0.1961176741808292
v28,Java,ocr_only,2,60.0,120.0,method,0.09809617693286479
v28,Java,ocr_only,2,60.0,120.0,interface,0.10697723099369727
v28,Java,ocr_only,2,60.0,120.0,implements,0.24401381670550013
v28,Java,ocr_only,2,60.0,120.0,extends,0.24620534009404305
v28,Java,ocr_only,2,60.0,120.0,inheritance,0.27056501091587554
v28,Java,ocr_only,2,60.0,120.0,abstract class,0.21689107141836755
v28,Java,ocr_only,2,60.0,120.0,abstract method,0.01812695498579597
v28,Java,ocr_only,3,120.0,180.0,class,0.16439522586763924
v28,Java,ocr_only,3,120.0,180.0,object,0.13892667621828014
v28,Java,ocr_only,3,120.0,180.0,method,0.06823340740219797
v28,Java,ocr_only,3,120.0,180.0,interface,0.07433840168753934
v28,Java,ocr_only,3,120.0,180.0,implements,0.17045241830918623
v28,Java,ocr_only,3,120.0,180.0,extends,0.1719714090353365
v28,Java,ocr_only,3,120.0,180.0,inheritance,0.18902696920991643
v28,Java,ocr_only,3,120.0,180.0,abstract class,0.15177306650367028
v28,Java,ocr_only,3,120.0,180.0,abstract method,0.012631355542972405
v28,Java,ocr_only,4,180.0,240.0,class,0.23858772389425054
v28,Java,ocr_only,4,180.0,240.0,object,0.20362831620746194
v28,Java,ocr_only,4,180.0,240.0,method,0.10864637867932321
v28,Java,ocr_only,4,180.0,240.0,interface,0.11465605376903394
v28,Java,ocr_only,4,180.0,240.0,implements,0.2502255889619909
v28,Java,ocr_only,4,180.0,240.0,extends,0.25342228244940557
v28,Java,ocr_only,4,180.0,240.0,inheritance,0.277170705138191
v28,Java,ocr_only,4,180.0,240.0,abstract class,0.22689588055761306
v28,Java,ocr_only,4,180.0,240.0,abstract method,0.031060153783986726
v28,Java,ocr_only,5,240.0,300.0,class,0.23747875265968607
v28,Java,ocr_only,5,240.0,300.0,object,0.20005184224569422
v28,Java,ocr_only,5,240.0,300.0,method,0.10256421248863495
v28,Java,ocr_only,5,240.0,300.0,interface,0.11047000567686752
v28,Java,ocr_only,5,240.0,300.0,implements,0.24772193551361624
v28,Java,ocr_only,5,240.0,300.0,extends,0.250339185858005
v28,Java,ocr_only,5,240.0,300.0,inheritance,0.2746120779040579
v28,Java,ocr_only,5,240.0,300.0,abstract class,0.22186271454832746
v28,Java,ocr_only,5,240.0,300.0,abstract method,0.02303410473756375
v28,Java,ocr_only,6,300.0,360.0,class,0.23695522058153798
v28,Java,ocr_only,6,300.0,360.0,object,0.1979950161504467
v28,Java,ocr_only,6,300.0,360.0,method,0.0988982246629847
v28,Java,ocr_only,6,300.0,360.0,interface,0.10797848643914162
v28,Java,ocr_only,6,300.0,360.0,implements,0.24635427218992653
v28,Java,ocr_only,6,300.0,360.0,extends,0.24862226951833574
v28,Java,ocr_only,6,300.0,360.0,inheritance,0.2732338672227324
v28,Java,ocr_only,6,300.0,360.0,abstract class,0.21892540659443194
v28,Java,ocr_only,6,300.0,360.0,abstract method,0.01812162713307586
v28,Java,ocr_only,7,360.0,420.0,class,0.23696001786396154
v28,Java,ocr_only,7,360.0,420.0,object,0.19799905137313287
v28,Java,ocr_only,7,360.0,420.0,method,0.09889992938903025
v28,Java,ocr_only,7,360.0,420.0,interface,0.10798062034607081
v28,Java,ocr_only,7,360.0,420.0,implements,0.24635932935627347
v28,Java,ocr_only,7,360.0,420.0,extends,0.24862748535507956
v28,Java,ocr_only,7,360.0,420.0,inheritance,0.27323963506756366
v28,Java,ocr_only,7,360.0,420.0,abstract class,0.21892977313428408
v28,Java,ocr_only,7,360.0,420.0,abstract method,0.01812153579508783
v28,Java,ocr_only,8,420.0,480.0,class,0.23693773933954856
v28,Java,ocr_only,8,420.0,480.0,object,0.1979801239156662
v28,Java,ocr_only,8,420.0,480.0,method,0.09889181370283716
v28,Java,ocr_only,8,420.0,480.0,interface,0.10797052206344107
v28,Java,ocr_only,8,420.0,480.0,implements,0.24633571909051044
v28,Java,ocr_only,8,420.0,480.0,extends,0.24860310985657533
v28,Java,ocr_only,8,420.0,480.0,inheritance,0.2732127181272255
v28,Java,ocr_only,8,420.0,480.0,abstract class,0.2189092549397854
v28,Java,ocr_only,8,420.0,480.0,abstract method,0.018121593970737815
v28,Java,ocr_only,9,480.0,540.0,class,0.236936403596301
v28,Java,ocr_only,9,480.0,540.0,object,0.19797901300404402
v28,Java,ocr_only,9,480.0,540.0,method,0.09889140784387583
v28,Java,ocr_only,9,480.0,540.0,interface,0.10796996218516684
v28,Java,ocr_only,9,480.0,540.0,implements,0.24633431147896825
v28,Java,ocr_only,9,480.0,540.0,extends,0.24860166528643318
v28,Java,ocr_only,9,480.0,540.0,inheritance,0.27321111192066644
v28,Java,ocr_only,9,480.0,540.0,abstract class,0.21890806879674282
v28,Java,ocr_only,9,480.0,540.0,abstract method,0.01812170020864622
v28,Java,ocr_only,10,540.0,600.0,class,0.23743144235879293
v28,Java,ocr_only,10,540.0,600.0,object,0.19971245547910485
v28,Java,ocr_only,10,540.0,600.0,method,0.1019017872712413
v28,Java,ocr_only,10,540.0,600.0,interface,0.11003011717259963
v28,Java,ocr_only,10,540.0,600.0,implements,0.2475209682613416
v28,Java,ocr_only,10,540.0,600.0,extends,0.2500750947129121
v28,Java,ocr_only,10,540.0,600.0,inheritance,0.2744165586645365
v28,Java,ocr_only,10,540.0,600.0,abstract class,0.22136343606335687
v28,Java,ocr_only,10,540.0,600.0,abstract method,0.02212205153703709
v28,Java,ocr_only,11,600.0,660.0,class,0.2370309097700338
v28,Java,ocr_only,11,600.0,660.0,object,0.19805944307411233
v28,Java,ocr_only,11,600.0,660.0,method,0.09892576073280378
v28,Java,ocr_only,11,600.0,660.0,interface,0.10801285826395296
v28,Java,ocr_only,11,600.0,660.0,implements,0.24643458443887048
v28,Java,ocr_only,11,600.0,660.0,extends,0.24870520619588182
v28,Java,ocr_only,11,600.0,660.0,inheritance,0.27332544457883323
v28,Java,ocr_only,11,600.0,660.0,abstract class,0.2189952286383821
v28,Java,ocr_only,11,600.0,660.0,abstract method,0.018121487035639303
v28,Java,ocr_only,12,660.0,720.0,class,0.23707433262430067
v28,Java,ocr_only,12,660.0,720.0,object,0.19809638083888356
v28,Java,ocr_only,12,660.0,720.0,method,0.09894151653306556
v28,Java,ocr_only,12,660.0,720.0,interface,0.10803254625781099
v28,Java,ocr_only,12,660.0,720.0,implements,0.24648064230179437
v28,Java,ocr_only,12,660.0,720.0,extends,0.24875276987389444
v28,Java,ocr_only,12,660.0,720.0,inheritance,0.2733779706214877
v28,Java,ocr_only,12,660.0,720.0,abstract class,0.2190352471904716
v28,Java,ocr_only,12,660.0,720.0,abstract method,0.018121335803555717
v28,Java,ocr_only,13,720.0,780.0,class,0.23870307968386983
v28,Java,ocr_only,13,720.0,780.0,object,0.20350914648283486
v28,Java,ocr_only,13,720.0,780.0,method,0.10821945213667247
v28,Java,ocr_only,13,720.0,780.0,interface,0.11440437954276719
v28,Java,ocr_only,13,720.0,780.0,implements,0.25023842977777483
v28,Java,ocr_only,13,720.0,780.0,extends,0.2533944484596618
v28,Java,ocr_only,13,720.0,780.0,inheritance,0.2772097989748808
v28,Java,ocr_only,13,720.0,780.0,abstract class,0.22667117971865028
v28,Java,ocr_only,13,720.0,780.0,abstract method,0.030397063275328536
v28,Java,ocr_only,14,780.0,840.0,class,0.2390254101591322
v28,Java,ocr_only,14,780.0,840.0,object,0.20485678334698215
v28,Java,ocr_only,14,780.0,840.0,method,0.11065192177460428
v28,Java,ocr_only,14,780.0,840.0,interface,0.11605208385643846
v28,Java,ocr_only,14,780.0,840.0,implements,0.2511214456978096
v28,Java,ocr_only,14,780.0,840.0,extends,0.2545091961910088
v28,Java,ocr_only,14,780.0,840.0,inheritance,0.27809590316868416
v28,Java,ocr_only,14,780.0,840.0,abstract class,0.22860346385466307
v28,Java,ocr_only,14,780.0,840.0,abstract method,0.03366952218519793
v28,Java,ocr_only,15,840.0,900.0,class,0.2386369453526932
v28,Java,ocr_only,15,840.0,900.0,object,0.20514860099552074
v28,Java,ocr_only,15,840.0,900.0,method,0.11185334793355674
v28,Java,ocr_only,15,840.0,900.0,interface,0.11674643768211654
v28,Java,ocr_only,15,840.0,900.0,implements,0.2510230810029528
v28,Java,ocr_only,15,840.0,900.0,extends,0.2545252315734434
v28,Java,ocr_only,15,840.0,900.0,inheritance,0.27791363772237915
v28,Java,ocr_only,15,840.0,900.0,abstract class,0.2291934073849732
v28,Java,ocr_only,15,840.0,900.0,abstract method,0.03556864290410784
v29,Java,ocr_only,1,0.0,60.0,class,0.23504901820566965
v29,Java,ocr_only,1,0.0,60.0,object,0.2173282254543764
v29,Java,ocr_only,1,0.0,60.0,method,0.14345848348053622
v29,Java,ocr_only,1,0.0,60.0,interface,0.13636673731131502
v29,Java,ocr_only,1,0.0,60.0,implements,0.25466502739365887
v29,Java,ocr_only,1,0.0,60.0,extends,0.2614449042781819
v29,Java,ocr_only,1,0.0,60.0,inheritance,0.28067839999288613
v29,Java,ocr_only,1,0.0,60.0,abstract class,0.2488525122123677
v29,Java,ocr_only,1,0.0,60.0,abstract method,0.08160771649724942
v29,Java,ocr_only,2,60.0,120.0,class,0.24649110709707858
v29,Java,ocr_only,2,60.0,120.0,object,0.23015574261045962
v29,Java,ocr_only,2,60.0,120.0,method,0.15423294327580284
v29,Java,ocr_only,2,60.0,120.0,interface,0.14594196957819242
v29,Java,ocr_only,2,60.0,120.0,implements,0.2685922911185337
v29,Java,ocr_only,2,60.0,120.0,extends,0.2761318259642493
v29,Java,ocr_only,2,60.0,120.0,inheritance,0.2958856019206448
v29,Java,ocr_only,2,60.0,120.0,abstract class,0.2643484544429504
v29,Java,ocr_only,2,60.0,120.0,abstract method,0.0914275762578725
v29,Java,ocr_only,3,120.0,180.0,class,0.2465396133773632
v29,Java,ocr_only,3,120.0,180.0,object,0.23020490698038995
v29,Java,ocr_only,3,120.0,180.0,method,0.15426757986588724
v29,Java,ocr_only,3,120.0,180.0,interface,0.1459750121899176
v29,Java,ocr_only,3,120.0,180.0,implements,0.26864772106283313
v29,Java,ocr_only,3,120.0,180.0,extends,0.27619056880354925
v29,Java,ocr_only,3,120.0,180.0,inheritance,0.29594793552867965
v29,Java,ocr_only,3,120.0,180.0,abstract class,0.2644051888777378
v29,Java,ocr_only,3,120.0,180.0,abstract method,0.09145148639352531
v29,Java,ocr_only,4,180.0,240.0,class,0.24654322760578742
v29,Java,ocr_only,4,180.0,240.0,object,0.23020855547635657
v29,Java,ocr_only,4,180.0,240.0,method,0.15427014676372447
v29,Java,ocr_only,4,180.0,240.0,interface,0.14597746177718737
v29,Java,ocr_only,4,180.0,240.0,implements,0.2686518463880203
v29,Java,ocr_only,4,180.0,240.0,extends,0.27619493228920744
v29,Java,ocr_only,4,180.0,240.0,inheritance,0.2959525674208612
v29,Java,ocr_only,4,180.0,240.0,abstract class,0.2644094035417979
v29,Java,ocr_only,4,180.0,240.0,abstract method,0.09145325214938063
v29,Java,ocr_only,5,240.0,300.0,class,0.24655057708695577
v29,Java,ocr_only,5,240.0,300.0,object,0.2302160018810311
v29,Java,ocr_only,5,240.0,300.0,method,0.15427540094780803
v29,Java,ocr_only,5,240.0,300.0,interface,0.14598246893850855
v29,Java,ocr_only,5,240.0,300.0,implements,0.2686602459211288
v29,Java,ocr_only,5,240.0,300.0,extends,0.2762038264608373
v29,Java,ocr_only,5,240.0,300.0,inheritance,0.2959620042710439
v29,Java,ocr_only,5,240.0,300.0,abstract class,0.26441800212974975
v29,Java,ocr_only,5,240.0,300.0,abstract method,0.0914568874000574
v29,Java,ocr_only,6,300.0,360.0,class,0.2465321668004976
v29,Java,ocr_only,6,300.0,360.0,object,0.2301973528825403
v29,Java,ocr_only,6,300.0,360.0,method,0.15426226214532038
v29,Java,ocr_only,6,300.0,360.0,interface,0.14596993671512792
v29,Java,ocr_only,6,300.0,360.0,implements,0.2686392075010413
v29,Java,ocr_only,6,300.0,360.0,extends,0.2761815461968942
v29,Java,ocr_only,6,300.0,360.0,inheritance,0.29593836159351405
v29,Java,ocr_only,6,300.0,360.0,abstract class,0.26439647413812317
v29,Java,ocr_only,6,300.0,360.0,abstract method,0.09144781225759106
v29,Java,ocr_only,7,360.0,420.0,class,0.24652651712994067
v29,Java,ocr_only,7,360.0,420.0,object,0.23019161895365375
v29,Java,ocr_only,7,360.0,420.0,method,0.15425822094158395
v29,Java,ocr_only,7,360.0,420.0,interface,0.14596608112422813
v29,Java,ocr_only,7,360.0,420.0,implements,0.26863275006406306
v29,Java,ocr_only,7,360.0,420.0,extends,0.2761746951261394
v29,Java,ocr_only,7,360.0,420.0,inheritance,0.29593109248669036
v29,Java,ocr_only,7,360.0,420.0,abstract class,0.2643898602863987
v29,Java,ocr_only,7,360.0,420.0,abstract method,0.09144502171067852
v29,Java,ocr_only,8,420.0,480.0,class,0.24652090276146463
v29,Java,ocr_only,8,420.0,480.0,object,0.23018593764770565
v29,Java,ocr_only,8,420.0,480.0,method,0.1542542174690698
v29,Java,ocr_only,8,420.0,480.0,interface,0.14596226354707348
v29,Java,ocr_only,8,420.0,480.0,implements,0.2686263366437063
v29,Java,ocr_only,8,420.0,480.0,extends,0.27616790612390085
v29,Java,ocr_only,8,420.0,480.0,inheritance,0.2959238879016952
v29,Java,ocr_only,8,420.0,480.0,abstract class,0.264383299904989
v29,Java,ocr_only,8,420.0,480.0,abstract method,0.09144225865817814
v29,Java,ocr_only,9,480.0,540.0,class,0.2464247309070549
v29,Java,ocr_only,9,480.0,540.0,object,0.23008844504974546
v29,Java,ocr_only,9,480.0,540.0,method,0.15418551776607375
v29,Java,ocr_only,9,480.0,540.0,interface,0.14589673600160669
v29,Java,ocr_only,9,480.0,540.0,implements,0.26851642940040704
v29,Java,ocr_only,9,480.0,540.0,extends,0.27605143375271257
v29,Java,ocr_only,9,480.0,540.0,inheritance,0.29580029946604314
v29,Java,ocr_only,9,480.0,540.0,abstract class,0.2642707953889174
v29,Java,ocr_only,9,480.0,540.0,abstract method,0.09139481462510013
v30,Java,ocr_only,1,0.0,60.0,class,0.23909947619147193
v30,Java,ocr_only,1,0.0,60.0,object,0.20608269375215466
v30,Java,ocr_only,1,0.0,60.0,method,0.11318733173298783
v30,Java,ocr_only,1,0.0,60.0,interface,0.11771238863297757
v30,Java,ocr_only,1,0.0,60.0,implements,0.25178627310149193
v30,Java,ocr_only,1,0.0,60.0,extends,0.2554154488868392
v30,Java,ocr_only,1,0.0,60.0,inheritance,0.2787230027547072
v30,Java,ocr_only,1,0.0,60.0,abstract class,0.23044328769447722
v30,Java,ocr_only,1,0.0,60.0,abstract method,0.03721582036923787
v30,Java,ocr_only,2,60.0,120.0,class,0.22851279564849283
v30,Java,ocr_only,2,60.0,120.0,object,0.2051079825159121
v30,Java,ocr_only,2,60.0,120.0,method,0.12707021865043736
v30,Java,ocr_only,2,60.0,120.0,interface,0.12430537010026715
v30,Java,ocr_only,2,60.0,120.0,implements,0.24430753130995222
v30,Java,ocr_only,2,60.0,120.0,extends,0.24970374030307482
v30,Java,ocr_only,2,60.0,120.0,inheritance,0.2698057347814031
v30,Java,ocr_only,2,60.0,120.0,abstract class,0.232800233091724
v30,Java,ocr_only,2,60.0,120.0,abstract method,0.06164934104329557
v30,Java,ocr_only,3,120.0,180.0,class,0.2332988353636659
v30,Java,ocr_only,3,120.0,180.0,object,0.21150820678325694
v30,Java,ocr_only,3,120.0,180.0,method,0.1346810854688134
v30,Java,ocr_only,3,120.0,180.0,interface,0.12997995922385347
v30,Java,ocr_only,3,120.0,180.0,implements,0.25047106957065557
v30,Java,ocr_only,3,120.0,180.0,extends,0.2563794973657405
v30,Java,ocr_only,3,120.0,180.0,inheritance,0.27634157900778195
v30,Java,ocr_only,3,120.0,180.0,abstract class,0.24094846944045967
v30,Java,ocr_only,3,120.0,180.0,abstract method,0.06965762580857578
v31,C++,ocr_only,1,0.0,60.0,variable,0.02862937601745206
v31,C++,ocr_only,1,0.0,60.0,data type,0.015319277250385089
v31,C++,ocr_only,1,0.0,60.0,pointer,0.0016191676592870027
v31,C++,ocr_only,1,0.0,60.0,reference,0.038215635075745845
v31,C++,ocr_only,1,0.0,60.0,class,0.021089922778379375
v31,C++,ocr_only,1,0.0,60.0,object,0.004116673498450715
v31,C++,ocr_only,1,0.0,60.0,constructor,0.01894500865260431
v31,C++,ocr_only,1,0.0,60.0,inheritance,0.00025077304618994746
v31,C++,ocr_only,1,0.0,60.0,polymorphism,9.873520969543369e-05
v31,C++,ocr_only,1,0.0,60.0,template,0.031188306678951082
v31,C++,ocr_only,2,60.0,120.0,variable,0.028629182940457208
v31,C++,ocr_only,2,60.0,120.0,data type,0.015319505867962066
v31,C++,ocr_only,2,60.0,120.0,pointer,0.00161930398944565
v31,C++,ocr_only,2,60.0,120.0,reference,0.038215215949671824
v31,C++,ocr_only,2,60.0,120.0,class,0.02109093343591359
v31,C++,ocr_only,2,60.0,120.0,object,0.004117477640937541
v31,C++,ocr_only,2,60.0,120.0,constructor,0.018945382182704862
v31,C++,ocr_only,2,60.0,120.0,inheritance,0.0002517135690511104
v31,C++,ocr_only,2,60.0,120.0,polymorphism,9.892721322142863e-05
v31,C++,ocr_only,2,60.0,120.0,template,0.031188061986146178
v31,C++,ocr_only,3,120.0,180.0,variable,0.02862776983307405
v31,C++,ocr_only,3,120.0,180.0,data type,0.015321188703410035
v31,C++,ocr_only,3,120.0,180.0,pointer,0.0016203049375318513
v31,C++,ocr_only,3,120.0,180.0,reference,0.03821214687710157
v31,C++,ocr_only,3,120.0,180.0,class,0.021098259928368078
v31,C++,ocr_only,3,120.0,180.0,object,0.0041233145481287484
v31,C++,ocr_only,3,120.0,180.0,constructor,0.018948082103749403
v31,C++,ocr_only,3,120.0,180.0,inheritance,0.00025854153686330917
v31,C++,ocr_only,3,120.0,180.0,polymorphism,0.0001003284267161475
v31,C++,ocr_only,3,120.0,180.0,template,0.031186274465873905
v31,C++,ocr_only,4,180.0,240.0,variable,0.02862917612003439
v31,C++,ocr_only,4,180.0,240.0,data type,0.015319518729950103
v31,C++,ocr_only,4,180.0,240.0,pointer,0.0016193136228440158
v31,C++,ocr_only,4,180.0,240.0,reference,0.038215200698419806
v31,C++,ocr_only,4,180.0,240.0,class,0.021090977667394126
v31,C++,ocr_only,4,180.0,240.0,object,0.004117512661315377
v31,C++,ocr_only,4,180.0,240.0,constructor,0.01894540018068674
v31,C++,ocr_only,4,180.0,240.0,inheritance,0.0002517546185128485
v31,C++,ocr_only,4,180.0,240.0,polymorphism,9.89361932114434e-05
v31,C++,ocr_only,4,180.0,240.0,template,0.031188056690564094
v31,C++,ocr_only,5,240.0,300.0,variable,0.028606544042915186
v31,C++,ocr_only,5,240.0,300.0,data type,0.015307536575637756
v31,C++,ocr_only,5,240.0,300.0,pointer,0.0016180843996177286
v31,C++,ocr_only,5,240.0,300.0,reference,0.038184820621603936
v31,C++,ocr_only,5,240.0,300.0,class,0.021074365207814385
v31,C++,ocr_only,5,240.0,300.0,object,0.004114610826378795
v31,C++,ocr_only,5,240.0,300.0,constructor,0.018932676953532002
v31,C++,ocr_only,5,240.0,300.0,inheritance,0.00025187854101945035
v31,C++,ocr_only,5,240.0,300.0,polymorphism,9.893942084831484e-05
v31,C++,ocr_only,5,240.0,300.0,template,0.031163280604357524
v31,C++,ocr_only,6,300.0,360.0,variable,0.02862976852991275
v31,C++,ocr_only,6,300.0,360.0,data type,0.015318827965682562
v31,C++,ocr_only,6,300.0,360.0,pointer,0.0016188970150963471
v31,C++,ocr_only,6,300.0,360.0,reference,0.03821647695469943
v31,C++,ocr_only,6,300.0,360.0,class,0.021087919926166477
v31,C++,ocr_only,6,300.0,360.0,object,0.004115074309328961
v31,C++,ocr_only,6,300.0,360.0,constructor,0.01894427074819072
v31,C++,ocr_only,6,300.0,360.0,inheritance,0.0002489031639684217
v31,C++,ocr_only,6,300.0,360.0,polymorphism,9.835232963906149e-05
v31,C++,ocr_only,6,300.0,360.0,template,0.031188801626770533
v31,C++,ocr_only,7,360.0,420.0,variable,0.02862802136201731
v31,C++,ocr_only,7,360.0,420.0,data type,0.015320909792116127
v31,C++,ocr_only,7,360.0,420.0,pointer,0.0016201306872219512
v31,C++,ocr_only,7,360.0,420.0,reference,0.03821267552620069
v31,C++,ocr_only,7,360.0,420.0,class,0.02109701612561207
v31,C++,ocr_only,7,360.0,420.0,object,0.004122315388548816
v31,C++,ocr_only,7,360.0,420.0,constructor,0.018947623527166814
v31,C++,ocr_only,7,360.0,420.0,inheritance,0.0002573741889528811
v31,C++,ocr_only,7,360.0,420.0,polymorphism,0.00010008702495108449
v31,C++,ocr_only,7,360.0,420.0,template,0.031186583440687157
v31,C++,ocr_only,8,420.0,480.0,variable,0.028629032275582843
v31,C++,ocr_only,8,420.0,480.0,data type,0.01531969003389852
v31,C++,ocr_only,8,420.0,480.0,pointer,0.0016194105328618546
v31,C++,ocr_only,8,420.0,480.0,reference,0.038214883987625264
v31,C++,ocr_only,8,420.0,480.0,class,0.02109172484389677
v31,C++,ocr_only,8,420.0,480.0,object,0.004118106365618783
v31,C++,ocr_only,8,420.0,480.0,constructor,0.018945672859430503
v31,C++,ocr_only,8,420.0,480.0,inheritance,0.0002524494545188974
v31,C++,ocr_only,8,420.0,480.0,polymorphism,9.907795893028477e-05
v31,C++,ocr_only,8,420.0,480.0,template,0.03118786808820601
v31,C++,ocr_only,9,480.0,540.0,variable,0.028625640057856554
v31,C++,ocr_only,9,480.0,540.0,data type,0.015323805571860447
v31,C++,ocr_only,9,480.0,540.0,pointer,0.001621807851742559
v31,C++,ocr_only,9,480.0,540.0,reference,0.038207443962117824
v31,C++,ocr_only,9,480.0,540.0,class,0.02110944228026599
v31,C++,ocr_only,9,480.0,540.0,object,0.0041321984776157665
v31,C++,ocr_only,9,480.0,540.0,constructor,0.01895218189998954
v31,C++,ocr_only,9,480.0,540.0,inheritance,0.00026893855067298034
v31,C++,ocr_only,9,480.0,540.0,polymorphism,0.00010246167465439881
v31,C++,ocr_only,9,480.0,540.0,template,0.031183523455382764
v31,C++,ocr_only,10,540.0,600.0,variable,0.028625181726107892
v31,C++,ocr_only,10,540.0,600.0,data type,0.01532429752134876
v31,C++,ocr_only,10,540.0,600.0,pointer,0.001622146240743213
v31,C++,ocr_only,10,540.0,600.0,reference,0.0382064988192932
v31,C++,ocr_only,10,540.0,600.0,class,0.021111817501795038
v31,C++,ocr_only,10,540.0,600.0,object,0.00413409686701797
v31,C++,ocr_only,10,540.0,600.0,constructor,0.018953085132014786
v31,C++,ocr_only,10,540.0,600.0,inheritance,0.0002711584647131967
v31,C++,ocr_only,10,540.0,600.0,polymorphism,0.00010290898915821771
v31,C++,ocr_only,10,540.0,600.0,template,0.03118298824068903
v31,C++,ocr_only,11,600.0,660.0,variable,0.028624357484838374
v31,C++,ocr_only,11,600.0,660.0,data type,0.015325344952739683
v31,C++,ocr_only,11,600.0,660.0,pointer,0.0016227245891442487
v31,C++,ocr_only,11,600.0,660.0,reference,0.03820464061114868
v31,C++,ocr_only,11,600.0,660.0,class,0.02111626272659068
v31,C++,ocr_only,11,600.0,660.0,object,0.004137610739775786
v31,C++,ocr_only,11,600.0,660.0,constructor,0.018954710604240678
v31,C++,ocr_only,11,600.0,660.0,inheritance,0.0002752731974814587
v31,C++,ocr_only,11,600.0,660.0,polymorphism,0.00010374782043602989
v31,C++,ocr_only,11,600.0,660.0,template,0.03118189431945916
v31,C++,ocr_only,12,660.0,720.0,variable,0.02859096159565746
v31,C++,ocr_only,12,660.0,720.0,data type,0.015302486252144748
v31,C++,ocr_only,12,660.0,720.0,pointer,0.001618648127294919
v31,C++,ocr_only,12,660.0,720.0,reference,0.03816235499837392
v31,C++,ocr_only,12,660.0,720.0,class,0.021073982076774946
v31,C++,ocr_only,12,660.0,720.0,object,0.0041205657944397124
v31,C++,ocr_only,12,660.0,720.0,constructor,0.01892853245232579
v31,C++,ocr_only,12,660.0,720.0,inheritance,0.00026097532739345906
v31,C++,ocr_only,12,660.0,720.0,polymorphism,0.00010078975175617748
v31,C++,ocr_only,12,660.0,720.0,template,0.03114589251080595
v31,C++,ocr_only,13,720.0,780.0,variable,0.028629691021347246
v31,C++,ocr_only,13,720.0,780.0,data type,0.015318907827194365
v31,C++,ocr_only,13,720.0,780.0,pointer,0.001618948299577343
v31,C++,ocr_only,13,720.0,780.0,reference,0.03821631768818119
v31,C++,ocr_only,13,720.0,780.0,class,0.02108829250831456
v31,C++,ocr_only,13,720.0,780.0,object,0.004115374896154066
v31,C++,ocr_only,13,720.0,780.0,constructor,0.01894440810187191
v31,C++,ocr_only,13,720.0,780.0,inheritance,0.00024925402846853566
v31,C++,ocr_only,13,720.0,780.0,polymorphism,9.842463281550942e-05
v31,C++,ocr_only,13,720.0,780.0,template,0.03118870702797662
v31,C++,ocr_only,14,780.0,840.0,variable,0.0286285010626763
v31,C++,ocr_only,14,780.0,840.0,data type,0.015320329232948106
v31,C++,ocr_only,14,780.0,840.0,pointer,0.00161979133151075
v31,C++,ocr_only,14,780.0,840.0,reference,0.03821372592143548
v31,C++,ocr_only,14,780.0,840.0,class,0.021094504348954247
v31,C++,ocr_only,14,780.0,840.0,object,0.004120317629114552
v31,C++,ocr_only,14,780.0,840.0,constructor,0.01894669948617147
v31,C++,ocr_only,14,780.0,840.0,inheritance,0.0002550372496982032
v31,C++,ocr_only,14,780.0,840.0,polymorphism,9.960781621009174e-05
v31,C++,ocr_only,14,780.0,840.0,template,0.031187196869497138
v31,C++,ocr_only,15,840.0,900.0,variable,0.02862726992374835
v31,C++,ocr_only,15,840.0,900.0,data type,0.01532186980486101
v31,C++,ocr_only,15,840.0,900.0,pointer,0.0016206681312968402
v31,C++,ocr_only,15,840.0,900.0,reference,0.038210986568130594
v31,C++,ocr_only,15,840.0,900.0,class,0.02110106421023668
v31,C++,ocr_only,15,840.0,900.0,object,0.004125518407628224
v31,C++,ocr_only,15,840.0,900.0,constructor,0.018949107149582287
v31,C++,ocr_only,15,840.0,900.0,inheritance,0.0002611243304430332
v31,C++,ocr_only,15,840.0,900.0,polymorphism,0.0001008542742435572
v31,C++,ocr_only,15,840.0,900.0,template,0.03118559730040749
v31,C++,ocr_only,16,900.0,960.0,variable,0.028629799088211994
v31,C++,ocr_only,16,900.0,960.0,data type,0.015318752974808975
v31,C++,ocr_only,16,900.0,960.0,pointer,0.0016188638936444082
v31,C++,ocr_only,16,900.0,960.0,reference,0.038216569215154705
v31,C++,ocr_only,16,900.0,960.0,class,0.02108766363206278
v31,C++,ocr_only,16,900.0,960.0,object,0.00411488092593466
v31,C++,ocr_only,16,900.0,960.0,constructor,0.018944175795447545
v31,C++,ocr_only,16,900.0,960.0,inheritance,0.0002486764832087489
v31,C++,ocr_only,16,900.0,960.0,polymorphism,9.830603332693984e-05
v31,C++,ocr_only,16,900.0,960.0,template,0.031188850489179392
v31,C++,ocr_only,17,960.0,1020.0,variable,0.02862542753584304
v31,C++,ocr_only,17,960.0,1020.0,data type,0.015324046859002995
v31,C++,ocr_only,17,960.0,1020.0,pointer,0.001621959725980609
v31,C++,ocr_only,17,960.0,1020.0,reference,0.03820698648964743
v31,C++,ocr_only,17,960.0,1020.0,class,0.02111062782010513
v31,C++,ocr_only,17,960.0,1020.0,object,0.004133133943725074
v31,C++,ocr_only,17,960.0,1020.0,constructor,0.01895263133866914
v31,C++,ocr_only,17,960.0,1020.0,inheritance,0.0002700329035208146
v31,C++,ocr_only,17,960.0,1020.0,polymorphism,0.0001026769556059703
v31,C++,ocr_only,17,960.0,1020.0,template,0.03118325699085326
v31,C++,ocr_only,18,1020.0,1080.0,variable,0.028625947651936153
v31,C++,ocr_only,18,1020.0,1080.0,data type,0.015323360472006714
v31,C++,ocr_only,18,1020.0,1080.0,pointer,0.0016215766414088362
v31,C++,ocr_only,18,1020.0,1080.0,reference,0.03820816781819005
v31,C++,ocr_only,18,1020.0,1080.0,class,0.02110776244375972
v31,C++,ocr_only,18,1020.0,1080.0,object,0.004130872783425059
v31,C++,ocr_only,18,1020.0,1080.0,constructor,0.018951577471919237
v31,C++,ocr_only,18,1020.0,1080.0,inheritance,0.00026738485457453875
v31,C++,ocr_only,18,1020.0,1080.0,polymorphism,0.0001021358016183074
v31,C++,ocr_only,18,1020.0,1080.0,template,0.031183940039098954
v31,C++,ocr_only,19,1080.0,1140.0,variable,0.02862539231831994
v31,C++,ocr_only,19,1080.0,1140.0,data type,0.015324026824967535
v31,C++,ocr_only,19,1080.0,1140.0,pointer,0.0016219668935935417
v31,C++,ocr_only,19,1080.0,1140.0,reference,0.03820695530418416
v31,C++,ocr_only,19,1080.0,1140.0,class,0.021110671289049695
v31,C++,ocr_only,19,1080.0,1140.0,object,0.004133186789738579
v31,C++,ocr_only,19,1080.0,1140.0,constructor,0.018952648323821715
v31,C++,ocr_only,19,1080.0,1140.0,inheritance,0.0002700906660696566
v31,C++,ocr_only,19,1080.0,1140.0,polymorphism,0.00010268993930195674
v31,C++,ocr_only,19,1080.0,1140.0,template,0.0311832295930825
v31,C++,ocr_only,20,1140.0,1200.0,variable,0.028625717785719425
v31,C++,ocr_only,20,1140.0,1200.0,data type,0.015323679706305294
v31,C++,ocr_only,20,1140.0,1200.0,pointer,0.0016217516095129315
v31,C++,ocr_only,20,1140.0,1200.0,reference,0.0382076359533625
v31,C++,ocr_only,20,1140.0,1200.0,class,0.021109061250903737
v31,C++,ocr_only,20,1140.0,1200.0,object,0.004131894424316732
v31,C++,ocr_only,20,1140.0,1200.0,constructor,0.018952055251989026
v31,C++,ocr_only,20,1140.0,1200.0,inheritance,0.00026858171200453665
v31,C++,ocr_only,20,1140.0,1200.0,polymorphism,0.00010238091249385392
v31,C++,ocr_only,20,1140.0,1200.0,template,0.031183635586665138
v31,C++,ocr_only,21,1200.0,1260.0,variable,0.028625404724568072
v31,C++,ocr_only,21,1200.0,1260.0,data type,0.015324002190220835
v31,C++,ocr_only,21,1200.0,1260.0,pointer,0.0016219509733264696
v31,C++,ocr_only,21,1200.0,1260.0,reference,0.03820698129140494
v31,C++,ocr_only,21,1200.0,1260.0,class,0.021110533573625082
v31,C++,ocr_only,21,1200.0,1260.0,object,0.004133079726348094
v31,C++,ocr_only,21,1200.0,1260.0,constructor,0.018952591117888076
v31,C++,ocr_only,21,1200.0,1260.0,inheritance,0.00026997094764250274
v31,C++,ocr_only,21,1200.0,1260.0,polymorphism,0.00010266532684235158
v31,C++,ocr_only,21,1200.0,1260.0,template,0.03118324366847811
v31,C++,ocr_only,22,1260.0,1320.0,variable,0.028628677139167755
v31,C++,ocr_only,22,1260.0,1320.0,data type,0.0153201207407173
v31,C++,ocr_only,22,1260.0,1320.0,pointer,0.0016196618283013317
v31,C++,ocr_only,22,1260.0,1320.0,reference,0.03821410463713158
v31,C++,ocr_only,22,1260.0,1320.0,class,0.021093592154181037
v31,C++,ocr_only,22,1260.0,1320.0,object,0.00411959022857059
v31,C++,ocr_only,22,1260.0,1320.0,constructor,0.018946360215395048
v31,C++,ocr_only,22,1260.0,1320.0,inheritance,0.00025418571210288933
v31,C++,ocr_only,22,1260.0,1320.0,polymorphism,9.943319232883212e-05
v31,C++,ocr_only,22,1260.0,1320.0,template,0.031187412963676785
v31,C++,ocr_only,23,1320.0,1380.0,variable,0.02862920452851458
v31,C++,ocr_only,23,1320.0,1380.0,data type,0.01531947331010756
v31,C++,ocr_only,23,1320.0,1380.0,pointer,0.0016192858775190724
v31,C++,ocr_only,23,1320.0,1380.0,reference,0.038215267316530216
v31,C++,ocr_only,23,1320.0,1380.0,class,0.02109081015354494
v31,C++,ocr_only,23,1320.0,1380.0,object,0.0041173810195676355
v31,C++,ocr_only,23,1320.0,1380.0,constructor,0.01894533671446144
v31,C++,ocr_only,23,1320.0,1380.0,inheritance,0.00025159980712621366
v31,C++,ocr_only,23,1320.0,1380.0,polymorphism,9.890375937488362e-05
v31,C++,ocr_only,23,1320.0,1380.0,template,0.031188089922005648
v31,C++,ocr_only,24,1380.0,1440.0,variable,0.028629539678262865
v31,C++,ocr_only,24,1380.0,1440.0,data type,0.015319063578235608
v31,C++,ocr_only,24,1380.0,1440.0,pointer,0.0016190472089878585
v31,C++,ocr_only,24,1380.0,1440.0,reference,0.03821600728058785
v31,C++,ocr_only,24,1380.0,1440.0,class,0.02108901051386921
v31,C++,ocr_only,24,1380.0,1440.0,object,0.004115955590310745
v31,C++,ocr_only,24,1380.0,1440.0,constructor,0.018944671314517735
v31,C++,ocr_only,24,1380.0,1440.0,inheritance,0.00024993125596340114
v31,C++,ocr_only,24,1380.0,1440.0,polymorphism,9.856524688797346e-05
v31,C++,ocr_only,24,1380.0,1440.0,template,0.03118852157647504
v31,C++,ocr_only,25,1440.0,1500.0,variable,0.028629809015189762
v31,C++,ocr_only,25,1440.0,1500.0,data type,0.015318754900994408
v31,C++,ocr_only,25,1440.0,1500.0,pointer,0.0016188622418168799
v31,C++,ocr_only,25,1440.0,1500.0,reference,0.03821658513461472
v31,C++,ocr_only,25,1440.0,1500.0,class,0.021087640828985284
v31,C++,ocr_only,25,1440.0,1500.0,object,0.004114861346418929
v31,C++,ocr_only,25,1440.0,1500.0,constructor,0.018944167672844847
v31,C++,ocr_only,25,1440.0,1500.0,inheritance,0.00024865207755051346
v31,C++,ocr_only,25,1440.0,1500.0,polymorphism,9.83027313754515e-05
v31,C++,ocr_only,25,1440.0,1500.0,template,0.0311888619840964
v31,C++,ocr_only,26,1500.0,1560.0,variable,0.028630003963609936
v31,C++,ocr_only,26,1500.0,1560.0,data type,0.015318518322715724
v31,C++,ocr_only,26,1500.0,1560.0,pointer,0.0016187246954704575
v31,C++,ocr_only,26,1500.0,1560.0,reference,0.03821701084276289
v31,C++,ocr_only,26,1500.0,1560.0,class,0.021086625417997776
v31,C++,ocr_only,26,1500.0,1560.0,object,0.004114052212490848
v31,C++,ocr_only,26,1500.0,1560.0,constructor,0.018943795101867233
v31,C++,ocr_only,26,1500.0,1560.0,inheritance,0.0002477067513227179
v31,C++,ocr_only,26,1500.0,1560.0,polymorphism,9.810753853766718e-05
v31,C++,ocr_only,26,1500.0,1560.0,template,0.031189111372356342
v31,C++,ocr_only,27,1560.0,1620.0,variable,0.02863028513825558
v31,C++,ocr_only,27,1560.0,1620.0,data type,0.01531819372566489
v31,C++,ocr_only,27,1560.0,1620.0,pointer,0.0016185312741561636
v31,C++,ocr_only,27,1560.0,1620.0,reference,0.03821761729859911
v31,C++,ocr_only,27,1560.0,1620.0,class,0.021085213489552092
v31,C++,ocr_only,27,1560.0,1620.0,object,0.004112923977209767
v31,C++,ocr_only,27,1560.0,1620.0,constructor,0.018943278111302517
v31,C++,ocr_only,27,1560.0,1620.0,inheritance,0.00024638565446953055
v31,C++,ocr_only,27,1560.0,1620.0,polymorphism,9.783589449395827e-05
v31,C++,ocr_only,27,1560.0,1620.0,template,0.031189467052251185
v31,C++,ocr_only,28,1620.0,1680.0,variable,0.028628096281681323
v31,C++,ocr_only,28,1620.0,1680.0,data type,0.015320823530066804
v31,C++,ocr_only,28,1620.0,1680.0,pointer,0.0016200779668536782
v31,C++,ocr_only,28,1620.0,1680.0,reference,0.038212836535594166
v31,C++,ocr_only,28,1620.0,1680.0,class,0.021096644804753817
v31,C++,ocr_only,28,1620.0,1680.0,object,0.004122018327332201
v31,C++,ocr_only,28,1620.0,1680.0,constructor,0.01894748722315287
v31,C++,ocr_only,28,1620.0,1680.0,inheritance,0.000257025746349704
v31,C++,ocr_only,28,1620.0,1680.0,polymorphism,0.00010001529134084699
v31,C++,ocr_only,28,1620.0,1680.0,template,0.031186676451898716
v31,C++,ocr_only,29,1680.0,1740.0,variable,0.028626950699883563
v31,C++,ocr_only,29,1680.0,1740.0,data type,0.015322188173726931
v31,C++,ocr_only,29,1680.0,1740.0,pointer,0.00162089016048816
v31,C++,ocr_only,29,1680.0,1740.0,reference,0.03821035007217777
v31,C++,ocr_only,29,1680.0,1740.0,class,0.02110256598990811
v31,C++,ocr_only,29,1680.0,1740.0,object,0.0041267380210737795
v31,C++,ocr_only,29,1680.0,1740.0,constructor,0.018949667927022303
v31,C++,ocr_only,29,1680.0,1740.0,inheritance,0.000262546702053801
v31,C++,ocr_only,29,1680.0,1740.0,polymorphism,0.00010115006535596354
v31,C++,ocr_only,29,1680.0,1740.0,template,0.031185229262605883
v31,C++,ocr_only,30,1740.0,1800.0,variable,0.02862905742133684
v31,C++,ocr_only,30,1740.0,1800.0,data type,0.015319634891826202
v31,C++,ocr_only,30,1740.0,1800.0,pointer,0.001619382036823099
v31,C++,ocr_only,30,1740.0,1800.0,reference,0.038214953337124415
v31,C++,ocr_only,30,1740.0,1800.0,class,0.021091528960894612
v31,C++,ocr_only,30,1740.0,1800.0,object,0.004117956931649777
v31,C++,ocr_only,30,1740.0,1800.0,constructor,0.018945598397056736
v31,C++,ocr_only,30,1740.0,1800.0,inheritance,0.00025227422936333315
v31,C++,ocr_only,30,1740.0,1800.0,polymorphism,9.904205100419623e-05
v31,C++,ocr_only,30,1740.0,1800.0,template,0.03118790255492736
v31,C++,ocr_only,31,1800.0,1860.0,variable,0.02862970614234914
v31,C++,ocr_only,31,1800.0,1860.0,data type,0.01531889471952634
v31,C++,ocr_only,31,1800.0,1860.0,pointer,0.0016189398497525084
v31,C++,ocr_only,31,1800.0,1860.0,reference,0.038216348593350206
v31,C++,ocr_only,31,1800.0,1860.0,class,0.021088232690853866
v31,C++,ocr_only,31,1800.0,1860.0,object,0.004115326061424323
v31,C++,ocr_only,31,1800.0,1860.0,constructor,0.018944387072265985
v31,C++,ocr_only,31,1800.0,1860.0,inheritance,0.0002491961046112296
v31,C++,ocr_only,31,1800.0,1860.0,polymorphism,9.84128505861197e-05
v31,C++,ocr_only,31,1800.0,1860.0,template,0.031188725789915245
v31,C++,ocr_only,32,1860.0,1920.0,variable,0.028630124513188082
v31,C++,ocr_only,32,1860.0,1920.0,data type,0.015318431062203245
v31,C++,ocr_only,32,1860.0,1920.0,pointer,0.0016186528966799626
v31,C++,ocr_only,32,1860.0,1920.0,reference,0.038217231028429825
v31,C++,ocr_only,32,1860.0,1920.0,class,0.021086134047493064
v31,C++,ocr_only,32,1860.0,1920.0,object,0.004113644017318455
v31,C++,ocr_only,32,1860.0,1920.0,constructor,0.01894361226839616
v31,C++,ocr_only,32,1860.0,1920.0,inheritance,0.00024723147630861765
v31,C++,ocr_only,32,1860.0,1920.0,polymorphism,9.800909487098354e-05
v31,C++,ocr_only,32,1860.0,1920.0,template,0.031189244968470885
v31,C++,ocr_only,33,1920.0,1980.0,variable,0.029085874592880572
v31,C++,ocr_only,33,1920.0,1980.0,data type,0.016835968379503043
v31,C++,ocr_only,33,1920.0,1980.0,pointer,0.001760115772827725
v31,C++,ocr_only,33,1920.0,1980.0,reference,0.03764494523889725
v31,C++,ocr_only,33,1920.0,1980.0,class,0.022740575718692306
v31,C++,ocr_only,33,1920.0,1980.0,object,0.0048694961069641425
v31,C++,ocr_only,33,1920.0,1980.0,constructor,0.01939645169537698
v31,C++,ocr_only,33,1920.0,1980.0,inheritance,0.0012652338166243792
v31,C++,ocr_only,33,1920.0,1980.0,polymorphism,0.0003096001042203284
v31,C++,ocr_only,33,1920.0,1980.0,template,0.031068881813164244
v31,C++,ocr_only,34,1980.0,2040.0,variable,0.028620026511899623
v31,C++,ocr_only,34,1980.0,2040.0,data type,0.015330531647269543
v31,C++,ocr_only,34,1980.0,2040.0,pointer,0.0016257743976874118
v31,C++,ocr_only,34,1980.0,2040.0,reference,0.03819519090598663
v31,C++,ocr_only,34,1980.0,2040.0,class,0.021138835784767097
v31,C++,ocr_only,34,1980.0,2040.0,object,0.004155574430354731
v31,C++,ocr_only,34,1980.0,2040.0,constructor,0.018963018479105018
v31,C++,ocr_only,34,1980.0,2040.0,inheritance,0.00029628802298699465
v31,C++,ocr_only,34,1980.0,2040.0,polymorphism,0.00010805334800623753
v31,C++,ocr_only,34,1980.0,2040.0,template,0.031176370696797545
v31,C++,ocr_only,35,2040.0,2100.0,variable,0.028619497664867335
v31,C++,ocr_only,35,2040.0,2100.0,data type,0.015331318370734686
v31,C++,ocr_only,35,2040.0,2100.0,pointer,0.0016261872360449547
v31,C++,ocr_only,35,2040.0,2100.0,reference,0.03819392828901768
v31,C++,ocr_only,35,2040.0,2100.0,class,0.021141911794819036
v31,C++,ocr_only,35,2040.0,2100.0,object,0.004157982521635057
v31,C++,ocr_only,35,2040.0,2100.0,constructor,0.01896414399850982
v31,C++,ocr_only,35,2040.0,2100.0,inheritance,0.00029911173548059214
v31,C++,ocr_only,35,2040.0,2100.0,polymorphism,0.00010863324127365167
v31,C++,ocr_only,35,2040.0,2100.0,template,0.03117565171777429
v31,C++,ocr_only,36,2100.0,2160.0,variable,0.028579386797384
v31,C++,ocr_only,36,2100.0,2160.0,data type,0.015379644791164396
v31,C++,ocr_only,36,2100.0,2160.0,pointer,0.0016545234073221714
v31,C++,ocr_only,36,2100.0,2160.0,reference,0.03810615803584904
v31,C++,ocr_only,36,2100.0,2160.0,class,0.02135187997504301
v31,C++,ocr_only,36,2100.0,2160.0,object,0.004324943539329472
v31,C++,ocr_only,36,2100.0,2160.0,constructor,0.019041445329663245
v31,C++,ocr_only,36,2100.0,2160.0,inheritance,0.0004944724650144914
v31,C++,ocr_only,36,2100.0,2160.0,polymorphism,0.00014861725697407256
v31,C++,ocr_only,36,2100.0,2160.0,template,0.03112440164329229
v32,C++,ocr_only,1,0.0,60.0,variable,0.02652294378951933
v32,C++,ocr_only,1,0.0,60.0,data type,0.05208864311567187
v32,C++,ocr_only,1,0.0,60.0,pointer,0.01557608197542741
v32,C++,ocr_only,1,0.0,60.0,reference,0.010568836098908801
v32,C++,ocr_only,1,0.0,60.0,class,0.12796155997835526
v32,C++,ocr_only,1,0.0,60.0,object,0.07832368413050633
v32,C++,ocr_only,1,0.0,60.0,constructor,0.06090450905585891
v32,C++,ocr_only,1,0.0,60.0,inheritance,0.08840475161740347
v32,C++,ocr_only,1,0.0,60.0,polymorphism,0.016802616465817974
v32,C++,ocr_only,1,0.0,60.0,template,0.021569585447036216
v32,C++,ocr_only,2,60.0,120.0,variable,0.04743547265369201
v32,C++,ocr_only,2,60.0,120.0,data type,0.08421826738490652
v32,C++,ocr_only,2,60.0,120.0,pointer,0.014971500610301239
v32,C++,ocr_only,2,60.0,120.0,reference,0.01550161229708676
v32,C++,ocr_only,2,60.0,120.0,class,0.12130384078605172
v32,C++,ocr_only,2,60.0,120.0,object,0.059589065959321126
v32,C++,ocr_only,2,60.0,120.0,constructor,0.054001377570117956
v32,C++,ocr_only,2,60.0,120.0,inheritance,0.06934287456896038
v32,C++,ocr_only,2,60.0,120.0,polymorphism,0.014481738161028896
v32,C++,ocr_only,2,60.0,120.0,template,0.03133426765570717
v32,C++,ocr_only,3,120.0,180.0,variable,0.04743547265369201
v32,C++,ocr_only,3,120.0,180.0,data type,0.08421826738490652
v32,C++,ocr_only,3,120.0,180.0,pointer,0.014971500610301239
v32,C++,ocr_only,3,120.0,180.0,reference,0.01550161229708676
v32,C++,ocr_only,3,120.0,180.0,class,0.12130384078605172
v32,C++,ocr_only,3,120.0,180.0,object,0.059589065959321126
v32,C++,ocr_only,3,120.0,180.0,constructor,0.054001377570117956
v32,C++,ocr_only,3,120.0,180.0,inheritance,0.06934287456896038
v32,C++,ocr_only,3,120.0,180.0,polymorphism,0.014481738161028896
v32,C++,ocr_only,3,120.0,180.0,template,0.03133426765570717
v32,C++,ocr_only,4,180.0,240.0,variable,0.03758956073348361
v32,C++,ocr_only,4,180.0,240.0,data type,0.06244465171802062
v32,C++,ocr_only,4,180.0,240.0,pointer,0.0064690979852186055
v32,C++,ocr_only,4,180.0,240.0,reference,0.011542782806305519
v32,C++,ocr_only,4,180.0,240.0,class,0.0748657111208607
v32,C++,ocr_only,4,180.0,240.0,object,0.031123664020410634
v32,C++,ocr_only,4,180.0,240.0,constructor,0.03230500970084764
v32,C++,ocr_only,4,180.0,240.0,inheritance,0.03689615195876469
v32,C++,ocr_only,4,180.0,240.0,polymorphism,0.0076996804369487285
v32,C++,ocr_only,4,180.0,240.0,template,0.020966328311299527
v32,C++,ocr_only,5,240.0,300.0,variable,0.05817796399545219
v32,C++,ocr_only,5,240.0,300.0,data type,0.09658915870151032
v32,C++,ocr_only,5,240.0,300.0,pointer,0.009266402065212695
v32,C++,ocr_only,5,240.0,300.0,reference,0.01704740062509405
v32,C++,ocr_only,5,240.0,300.0,class,0.1109442137221827
v32,C++,ocr_only,5,240.0,300.0,object,0.04400226374270735
v32,C++,ocr_only,5,240.0,300.0,constructor,0.04582295853938962
v32,C++,ocr_only,5,240.0,300.0,inheritance,0.05280843195870987
v32,C++,ocr_only,5,240.0,300.0,polymorphism,0.011027849595037546
v32,C++,ocr_only,5,240.0,300.0,template,0.03173639283667674
v32,C++,ocr_only,6,300.0,360.0,variable,0.062220492741728244
v32,C++,ocr_only,6,300.0,360.0,data type,0.10329322949403072
v32,C++,ocr_only,6,300.0,360.0,pointer,0.009810813827771277
v32,C++,ocr_only,6,300.0,360.0,reference,0.018122590187298858
v32,C++,ocr_only,6,300.0,360.0,class,0.11799238829328776
v32,C++,ocr_only,6,300.0,360.0,object,0.046502699023446836
v32,C++,ocr_only,6,300.0,360.0,constructor,0.04845837371380046
v32,C++,ocr_only,6,300.0,360.0,inheritance,0.055903048265350724
v32,C++,ocr_only,6,300.0,360.0,polymorphism,0.011675528941954658
v32,C++,ocr_only,6,300.0,360.0,template,0.03384608583668825
v32,C++,ocr_only,7,360.0,420.0,variable,0.06280801091571875
v32,C++,ocr_only,7,360.0,420.0,data type,0.10425634621489147
v32,C++,ocr_only,7,360.0,420.0,pointer,0.009811102963135533
v32,C++,ocr_only,7,360.0,420.0,reference,0.0181905726787368
v32,C++,ocr_only,7,360.0,420.0,class,0.11846522101920554
v32,C++,ocr_only,7,360.0,420.0,object,0.04642765036306908
v32,C++,ocr_only,7,360.0,420.0,constructor,0.04855233663930575
v32,C++,ocr_only,7,360.0,420.0,inheritance,0.05589404968192058
v32,C++,ocr_only,7,360.0,420.0,polymorphism,0.011676089439561119
v32,C++,ocr_only,7,360.0,420.0,template,0.03407304758360405
v32,C++,ocr_only,8,420.0,480.0,variable,0.06287903699625733
v32,C++,ocr_only,8,420.0,480.0,data type,0.10437280908596662
v32,C++,ocr_only,8,420.0,480.0,pointer,0.009811139677172271
v32,C++,ocr_only,8,420.0,480.0,reference,0.01819876759125538
v32,C++,ocr_only,8,420.0,480.0,class,0.11852246771115306
v32,C++,ocr_only,8,420.0,480.0,object,0.04641863600438113
v32,C++,ocr_only,8,420.0,480.0,constructor,0.048563724396425284
v32,C++,ocr_only,8,420.0,480.0,inheritance,0.05589302857632876
v32,C++,ocr_only,8,420.0,480.0,polymorphism,0.011676170563895683
v32,C++,ocr_only,8,420.0,480.0,template,0.03410046818432853
v32,C++,ocr_only,9,480.0,540.0,variable,0.06285878739674876
v32,C++,ocr_only,9,480.0,540.0,data type,0.10433960363068177
v32,C++,ocr_only,9,480.0,540.0,pointer,0.009811128675417028
v32,C++,ocr_only,9,480.0,540.0,reference,0.01819643227938686
v32,C++,ocr_only,9,480.0,540.0,class,0.11850614461287032
v32,C++,ocr_only,9,480.0,540.0,object,0.04642120462590007
v32,C++,ocr_only,9,480.0,540.0,constructor,0.04856047718802104
v32,C++,ocr_only,9,480.0,540.0,inheritance,0.05589331803575608
v32,C++,ocr_only,9,480.0,540.0,polymorphism,0.011676146905433107
v32,C++,ocr_only,9,480.0,540.0,template,0.03409265086665989
v32,C++,ocr_only,10,540.0,600.0,variable,0.046225549815003285
v32,C++,ocr_only,10,540.0,600.0,data type,0.06113995526557249
v32,C++,ocr_only,10,540.0,600.0,pointer,0.0058449021079501045
v32,C++,ocr_only,10,540.0,600.0,reference,0.027881936090883748
v32,C++,ocr_only,10,540.0,600.0,class,0.07129218271410698
v32,C++,ocr_only,10,540.0,600.0,object,0.025946769359565348
v32,C++,ocr_only,10,540.0,600.0,constructor,0.0342121367104451
v32,C++,ocr_only,10,540.0,600.0,inheritance,0.02895431918420011
v32,C++,ocr_only,10,540.0,600.0,polymorphism,0.006070764382355104
v32,C++,ocr_only,10,540.0,600.0,template,0.032663067294750124
v32,C++,ocr_only,11,600.0,660.0,variable,0.04792474040105486
v32,C++,ocr_only,11,600.0,660.0,data type,0.06554134741193124
v32,C++,ocr_only,11,600.0,660.0,pointer,0.006247157737492233
v32,C++,ocr_only,11,600.0,660.0,reference,0.026901041371532985
v32,C++,ocr_only,11,600.0,660.0,class,0.07609048507832712
v32,C++,ocr_only,11,600.0,660.0,object,0.028021724837827253
v32,C++,ocr_only,11,600.0,660.0,constructor,0.035669301422166615
v32,C++,ocr_only,11,600.0,660.0,inheritance,0.031686287589672624
v32,C++,ocr_only,11,600.0,660.0,polymorphism,0.006639275079871198
v32,C++,ocr_only,11,600.0,660.0,template,0.032812777102796585
v32,C++,ocr_only,12,660.0,720.0,variable,0.056708552263327945
v32,C++,ocr_only,12,660.0,720.0,data type,0.08876136906224717
v32,C++,ocr_only,12,660.0,720.0,pointer,0.008443414894028037
v32,C++,ocr_only,12,660.0,720.0,reference,0.021490304679741484
v32,C++,ocr_only,12,660.0,720.0,class,0.10188803432909588
v32,C++,ocr_only,12,660.0,720.0,object,0.03941170286550553
v32,C++,ocr_only,12,660.0,720.0,constructor,0.04354562607491672
v32,C++,ocr_only,12,660.0,720.0,inheritance,0.0466075267388457
v32,C++,ocr_only,12,660.0,720.0,polymorphism,0.009742299354210511
v32,C++,ocr_only,12,660.0,720.0,template,0.03344100907309035
v33,C++,ocr_only,1,0.0,60.0,variable,0.028625329947649818
v33,C++,ocr_only,1,0.0,60.0,data type,0.015324110013712661
v33,C++,ocr_only,1,0.0,60.0,pointer,0.0016220149523220701
v33,C++,ocr_only,1,0.0,60.0,reference,0.038206811398887514
v33,C++,ocr_only,1,0.0,60.0,class,0.021111018757520267
v33,C++,ocr_only,1,0.0,60.0,object,0.0041334590909055694
v33,C++,ocr_only,1,0.0,60.0,constructor,0.018952777437340775
v33,C++,ocr_only,1,0.0,60.0,inheritance,0.0002704118041783054
v33,C++,ocr_only,1,0.0,60.0,polymorphism,0.00010275409033785896
v33,C++,ocr_only,1,0.0,60.0,template,0.03118314906788099
v33,C++,ocr_only,2,60.0,120.0,variable,0.028624600824406838
v33,C++,ocr_only,2,60.0,120.0,data type,0.015324973233839205
v33,C++,ocr_only,2,60.0,120.0,pointer,0.0016225206136512038
v33,C++,ocr_only,2,60.0,120.0,reference,0.03820522137176923
v33,C++,ocr_only,2,60.0,120.0,class,0.021114748045720607
v33,C++,ocr_only,2,60.0,120.0,object,0.004136430552394264
v33,C++,ocr_only,2,60.0,120.0,constructor,0.01895414329429363
v33,C++,ocr_only,2,60.0,120.0,inheritance,0.00027389170558619305
v33,C++,ocr_only,2,60.0,120.0,polymorphism,0.00010346790898889269
v33,C++,ocr_only,2,60.0,120.0,template,0.031182217161384827
v33,C++,ocr_only,3,120.0,180.0,variable,0.028610000104163074
v33,C++,ocr_only,3,120.0,180.0,data type,0.015342527558908487
v33,C++,ocr_only,3,120.0,180.0,pointer,0.001632802418982005
v33,C++,ocr_only,3,120.0,180.0,reference,0.03817330642059239
v33,C++,ocr_only,3,120.0,180.0,class,0.021190858500519643
v33,C++,ocr_only,3,120.0,180.0,object,0.004196990354370169
v33,C++,ocr_only,3,120.0,180.0,constructor,0.018982130736742868
v33,C++,ocr_only,3,120.0,180.0,inheritance,0.00034474346373561046
v33,C++,ocr_only,3,120.0,180.0,polymorphism,0.00011799218089582723
v33,C++,ocr_only,3,120.0,180.0,template,0.03116355973196779
v33,C++,ocr_only,4,180.0,240.0,variable,0.02862321515027002
v33,C++,ocr_only,4,180.0,240.0,data type,0.015326683604539974
v33,C++,ocr_only,4,180.0,240.0,pointer,0.0016235145467773727
v33,C++,ocr_only,4,180.0,240.0,reference,0.038202165543789295
v33,C++,ocr_only,4,180.0,240.0,class,0.021122150773090834
v33,C++,ocr_only,4,180.0,240.0,object,0.00414230397671924
v33,C++,ocr_only,4,180.0,240.0,constructor,0.018956874692079694
v33,C++,ocr_only,4,180.0,240.0,inheritance,0.00028076129507146556
v33,C++,ocr_only,4,180.0,240.0,polymorphism,0.00010487238595859747
v33,C++,ocr_only,4,180.0,240.0,template,0.031180437831967115
v33,C++,ocr_only,5,240.0,300.0,variable,0.0286236632428231
v33,C++,ocr_only,5,240.0,300.0,data type,0.015326075756783582
v33,C++,ocr_only,5,240.0,300.0,pointer,0.0016231709209423605
v33,C++,ocr_only,5,240.0,300.0,reference,0.03820318126375204
v33,C++,ocr_only,5,240.0,300.0,class,0.02111957082599354
v33,C++,ocr_only,5,240.0,300.0,object,0.004140270950029932
v33,C++,ocr_only,5,240.0,300.0,constructor,0.01895591493887441
v33,C++,ocr_only,5,240.0,300.0,inheritance,0.0002783885907577964
v33,C++,ocr_only,5,240.0,300.0,polymorphism,0.00010438700456170545
v33,C++,ocr_only,5,240.0,300.0,template,0.03118102110799033
v33,C++,ocr_only,6,300.0,360.0,variable,0.028624549072967836
v33,C++,ocr_only,6,300.0,360.0,data type,0.01532504176795809
v33,C++,ocr_only,6,300.0,360.0,pointer,0.0016225565031002204
v33,C++,ocr_only,6,300.0,360.0,reference,0.03820510092962011
v33,C++,ocr_only,6,300.0,360.0,class,0.021115208365234606
v33,C++,ocr_only,6,300.0,360.0,object,0.0041367806892683824
v33,C++,ocr_only,6,300.0,360.0,constructor,0.018954326363433763
v33,C++,ocr_only,6,300.0,360.0,inheritance,0.0002742939345289021
v33,C++,ocr_only,6,300.0,360.0,polymorphism,0.00010354026913168652
v33,C++,ocr_only,6,300.0,360.0,template,0.031182137803766826
v33,C++,ocr_only,7,360.0,420.0,variable,0.028625831886076487
v33,C++,ocr_only,7,360.0,420.0,data type,0.015323507132685965
v33,C++,ocr_only,7,360.0,420.0,pointer,0.0016216564186520657
v33,C++,ocr_only,7,360.0,420.0,reference,0.038207901838366816
v33,C++,ocr_only,7,360.0,420.0,class,0.021108350483484032
v33,C++,ocr_only,7,360.0,420.0,object,0.004131337116172183
v33,C++,ocr_only,7,360.0,420.0,constructor,0.018951788812195614
v33,C++,ocr_only,7,360.0,420.0,inheritance,0.0002679335534495294
v33,C++,ocr_only,7,360.0,420.0,polymorphism,0.00010224714952615776
v33,C++,ocr_only,7,360.0,420.0,template,0.031183785433988562
v33,C++,ocr_only,8,420.0,480.0,variable,0.02862638832485788
v33,C++,ocr_only,8,420.0,480.0,data type,0.01532286746600719
v33,C++,ocr_only,8,420.0,480.0,pointer,0.0016212743224156422
v33,C++,ocr_only,8,420.0,480.0,reference,0.03820910499357326
v33,C++,ocr_only,8,420.0,480.0,class,0.021105517796115653
v33,C++,ocr_only,8,420.0,480.0,object,0.004129079486952997
v33,C++,ocr_only,8,420.0,480.0,constructor,0.01895074741701984
v33,C++,ocr_only,8,420.0,480.0,inheritance,0.00026528854772026923
v33,C++,ocr_only,8,420.0,480.0,polymorphism,0.00010170817386129718
v33,C++,ocr_only,8,420.0,480.0,template,0.031184491699443755
v33,C++,ocr_only,9,480.0,540.0,variable,0.028626334219560567
v33,C++,ocr_only,9,480.0,540.0,data type,0.01532293917254584
v33,C++,ocr_only,9,480.0,540.0,pointer,0.0016213153677774722
v33,C++,ocr_only,9,480.0,540.0,reference,0.03820897806902414
v33,C++,ocr_only,9,480.0,540.0,class,0.02110583937658267
v33,C++,ocr_only,9,480.0,540.0,object,0.004129328867364239
v33,C++,ocr_only,9,480.0,540.0,constructor,0.018950868451771737
v33,C++,ocr_only,9,480.0,540.0,inheritance,0.0002655830153817986
v33,C++,ocr_only,9,480.0,540.0,polymorphism,0.00010176488047665495
v33,C++,ocr_only,9,480.0,540.0,template,0.031184419844689466
v33,C++,ocr_only,10,540.0,600.0,variable,0.02862509661051129
v33,C++,ocr_only,10,540.0,600.0,data type,0.015324411995645477
v33,C++,ocr_only,10,540.0,600.0,pointer,0.0016222451009107789
v33,C++,ocr_only,10,540.0,600.0,reference,0.03820632847959573
v33,C++,ocr_only,10,540.0,600.0,class,0.021112346897533135
v33,C++,ocr_only,10,540.0,600.0,object,0.004134516674311309
v33,C++,ocr_only,10,540.0,600.0,constructor,0.018953304711281198
v33,C++,ocr_only,10,540.0,600.0,inheritance,0.0002716493319848574
v33,C++,ocr_only,10,540.0,600.0,polymorphism,0.00010300860763168066
v33,C++,ocr_only,10,540.0,600.0,template,0.031182918814626544
v33,C++,ocr_only,11,600.0,660.0,variable,0.02862794868704723
v33,C++,ocr_only,11,600.0,660.0,data type,0.015320996158244529
v33,C++,ocr_only,11,600.0,660.0,pointer,0.0016201766549042457
v33,C++,ocr_only,11,600.0,660.0,reference,0.038212510642339284
v33,C++,ocr_only,11,600.0,660.0,class,0.02109738945318527
v33,C++,ocr_only,11,600.0,660.0,object,0.004122609915502158
v33,C++,ocr_only,11,600.0,660.0,constructor,0.018947757887078153
v33,C++,ocr_only,11,600.0,660.0,inheritance,0.00025772115139561635
v33,C++,ocr_only,11,600.0,660.0,polymorphism,0.00010015630413942017
v33,C++,ocr_only,11,600.0,660.0,template,0.031186483912782996
v33,C++,ocr_only,12,660.0,720.0,variable,0.028578504171879376
v33,C++,ocr_only,12,660.0,720.0,data type,0.015380269194048292
v33,C++,ocr_only,12,660.0,720.0,pointer,0.001655017274686249
v33,C++,ocr_only,12,660.0,720.0,reference,0.03810453355418314
v33,C++,ocr_only,12,660.0,720.0,class,0.02135548304702416
v33,C++,ocr_only,12,660.0,720.0,object,0.004327930435826783
v33,C++,ocr_only,12,660.0,720.0,constructor,0.019042773931531098
v33,C++,ocr_only,12,660.0,720.0,inheritance,0.0004979488948177572
v33,C++,ocr_only,12,660.0,720.0,polymorphism,0.00014933188971536404
v33,C++,ocr_only,12,660.0,720.0,template,0.031123389410339194
v34,C++,ocr_only,1,0.0,60.0,variable,0.0013252404363943004
v34,C++,ocr_only,1,0.0,60.0,data type,0.034130832055521504
v34,C++,ocr_only,1,0.0,60.0,pointer,0.03876730974730249
v34,C++,ocr_only,1,0.0,60.0,reference,0.005183289172975724
v34,C++,ocr_only,1,0.0,60.0,class,0.14994206406092836
v34,C++,ocr_only,1,0.0,60.0,object,0.11416303646220809
v34,C++,ocr_only,1,0.0,60.0,constructor,0.08043372570375268
v34,C++,ocr_only,1,0.0,60.0,inheritance,0.12740261272033657
v34,C++,ocr_only,1,0.0,60.0,polymorphism,0.027489450305801716
v34,C++,ocr_only,1,0.0,60.0,template,0.027736034829591135
v34,C++,ocr_only,2,60.0,120.0,variable,0.0012979381683948263
v34,C++,ocr_only,2,60.0,120.0,data type,0.008971532568749387
v34,C++,ocr_only,2,60.0,120.0,pointer,0.0013531987793885608
v34,C++,ocr_only,2,60.0,120.0,reference,0.006288325505396342
v34,C++,ocr_only,2,60.0,120.0,class,0.007124686943017577
v34,C++,ocr_only,2,60.0,120.0,object,0.011187755906797155
v34,C++,ocr_only,2,60.0,120.0,constructor,0.0035999936425208205
v34,C++,ocr_only,2,60.0,120.0,inheritance,0.005169079826984589
v34,C++,ocr_only,2,60.0,120.0,polymorphism,0.007378628567740666
v34,C++,ocr_only,2,60.0,120.0,template,0.000848316271438069
v34,C++,ocr_only,3,120.0,180.0,variable,0.02852170365964935
v34,C++,ocr_only,3,120.0,180.0,data type,0.015275620848189363
v34,C++,ocr_only,3,120.0,180.0,pointer,0.00161920768138828
v34,C++,ocr_only,3,120.0,180.0,reference,0.038064633869731586
v34,C++,ocr_only,3,120.0,180.0,class,0.02105704542458038
v34,C++,ocr_only,3,120.0,180.0,object,0.0041360679698194455
v34,C++,ocr_only,3,120.0,180.0,constructor,0.01890375366713077
v34,C++,ocr_only,3,120.0,180.0,inheritance,0.00028898864179606817
v34,C++,ocr_only,3,120.0,180.0,polymorphism,0.00010646028569961926
v34,C++,ocr_only,3,120.0,180.0,template,0.031069062095168343
v34,C++,ocr_only,4,180.0,240.0,variable,0.028602042162603137
v34,C++,ocr_only,4,180.0,240.0,data type,0.01535192587388654
v34,C++,ocr_only,4,180.0,240.0,pointer,0.0016384042553099284
v34,C++,ocr_only,4,180.0,240.0,reference,0.03815604621949234
v34,C++,ocr_only,4,180.0,240.0,class,0.02123230866127073
v34,C++,ocr_only,4,180.0,240.0,object,0.004229989692157163
v34,C++,ocr_only,4,180.0,240.0,constructor,0.018997432206314946
v34,C++,ocr_only,4,180.0,240.0,inheritance,0.0003833416168710897
v34,C++,ocr_only,4,180.0,240.0,polymorphism,0.00012588135107808817
v34,C++,ocr_only,4,180.0,240.0,template,0.031153475999446525
v34,C++,ocr_only,5,240.0,300.0,variable,0.02854121854601294
v34,C++,ocr_only,5,240.0,300.0,data type,0.015297068052797983
v34,C++,ocr_only,5,240.0,300.0,pointer,0.001616382674725717
v34,C++,ocr_only,5,240.0,300.0,reference,0.038085007088479235
v34,C++,ocr_only,5,240.0,300.0,class,0.021751967002201604
v34,C++,ocr_only,5,240.0,300.0,object,0.004631259264684551
v34,C++,ocr_only,5,240.0,300.0,constructor,0.01921701028029679
v34,C++,ocr_only,5,240.0,300.0,inheritance,0.0008285868991044286
v34,C++,ocr_only,5,240.0,300.0,polymorphism,0.00018562276281717605
v34,C++,ocr_only,5,240.0,300.0,template,0.031049494824480772
v34,C++,ocr_only,6,300.0,360.0,variable,0.028622800846485053
v34,C++,ocr_only,6,300.0,360.0,data type,0.01532715164489485
v34,C++,ocr_only,6,300.0,360.0,pointer,0.0016237925691928881
v34,C++,ocr_only,6,300.0,360.0,reference,0.03820128192315262
v34,C++,ocr_only,6,300.0,360.0,class,0.021124252860532218
v34,C++,ocr_only,6,300.0,360.0,object,0.004143985950875155
v34,C++,ocr_only,6,300.0,360.0,constructor,0.018957645923288267
v34,C++,ocr_only,6,300.0,360.0,inheritance,0.00028272374940259
v34,C++,ocr_only,6,300.0,360.0,polymorphism,0.00010527617849311623
v34,C++,ocr_only,6,300.0,360.0,template,0.03117991056920245
v34,C++,ocr_only,7,360.0,420.0,variable,0.028622155112118592
v34,C++,ocr_only,7,360.0,420.0,data type,0.015327958246018153
v34,C++,ocr_only,7,360.0,420.0,pointer,0.0016242647057403811
v34,C++,ocr_only,7,360.0,420.0,reference,0.03819985049106028
v34,C++,ocr_only,7,360.0,420.0,class,0.021127885411776317
v34,C++,ocr_only,7,360.0,420.0,object,0.004146851738809676
v34,C++,ocr_only,7,360.0,420.0,constructor,0.01895900345918938
v34,C++,ocr_only,7,360.0,420.0,inheritance,0.0002860723410194621
v34,C++,ocr_only,7,360.0,420.0,polymorphism,0.00010595019154266138
v34,C++,ocr_only,7,360.0,420.0,template,0.031179078100257024
v34,C++,ocr_only,8,420.0,480.0,variable,0.028608211307493324
v34,C++,ocr_only,8,420.0,480.0,data type,0.015344559846322041
v34,C++,ocr_only,8,420.0,480.0,pointer,0.0016340521891380483
v34,C++,ocr_only,8,420.0,480.0,reference,0.03816947840745613
v34,C++,ocr_only,8,420.0,480.0,class,0.021200232460221336
v34,C++,ocr_only,8,420.0,480.0,object,0.004204450797754586
v34,C++,ocr_only,8,420.0,480.0,constructor,0.018985620913259154
v34,C++,ocr_only,8,420.0,480.0,inheritance,0.00035346605386004303
v34,C++,ocr_only,8,420.0,480.0,polymorphism,0.00011975649210400006
v34,C++,ocr_only,8,420.0,480.0,template,0.031161317903955453
v34,C++,ocr_only,9,480.0,540.0,variable,0.028530640104790523
v34,C++,ocr_only,9,480.0,540.0,data type,0.015310145591285284
v34,C++,ocr_only,9,480.0,540.0,pointer,0.0016251006531211947
v34,C++,ocr_only,9,480.0,540.0,reference,0.03809049916575215
v34,C++,ocr_only,9,480.0,540.0,class,0.021094807744987176
v34,C++,ocr_only,9,480.0,540.0,object,0.004179815293344902
v34,C++,ocr_only,9,480.0,540.0,constructor,0.018913554777133603
v34,C++,ocr_only,9,480.0,540.0,inheritance,0.0003137152833747933
v34,C++,ocr_only,9,480.0,540.0,polymorphism,0.0001320615243202058
v34,C++,ocr_only,9,480.0,540.0,template,0.03107710306050755
v34,C++,ocr_only,10,540.0,600.0,variable,0.02861398895383733
v34,C++,ocr_only,10,540.0,600.0,data type,0.015337635747411803
v34,C++,ocr_only,10,540.0,600.0,pointer,0.0016299835676879212
v34,C++,ocr_only,10,540.0,600.0,reference,0.03818209428493326
v34,C++,ocr_only,10,540.0,600.0,class,0.021169956298784945
v34,C++,ocr_only,10,540.0,600.0,object,0.004180373351990576
v34,C++,ocr_only,10,540.0,600.0,constructor,0.01897446553709156
v34,C++,ocr_only,10,540.0,600.0,inheritance,0.00032530219690343943
v34,C++,ocr_only,10,540.0,600.0,polymorphism,0.00011399709145397608
v34,C++,ocr_only,10,540.0,600.0,template,0.03116869791058129
v34,C++,ocr_only,11,600.0,660.0,variable,0.006266570375261291
v34,C++,ocr_only,11,600.0,660.0,data type,0.015361446455060475
v34,C++,ocr_only,11,600.0,660.0,pointer,0.0040241699715426234
v34,C++,ocr_only,11,600.0,660.0,reference,0.008381311483736395
v34,C++,ocr_only,11,600.0,660.0,class,0.030663910007585532
v34,C++,ocr_only,11,600.0,660.0,object,0.024173347616164402
v34,C++,ocr_only,11,600.0,660.0,constructor,0.015494592049843606
v34,C++,ocr_only,11,600.0,660.0,inheritance,0.02142116601852343
v34,C++,ocr_only,11,600.0,660.0,polymorphism,0.0087236212768881
v34,C++,ocr_only,11,600.0,660.0,template,0.005766096198040314
v35,C++,ocr_only,1,0.0,60.0,variable,0.02628996009771982
v35,C++,ocr_only,1,0.0,60.0,data type,0.014788614170620168
v35,C++,ocr_only,1,0.0,60.0,pointer,0.0015844638602402492
v35,C++,ocr_only,1,0.0,60.0,reference,0.03497549441547436
v35,C++,ocr_only,1,0.0,60.0,class,0.032268923811429255
v35,C++,ocr_only,1,0.0,60.0,object,0.01332551324647093
v35,C++,ocr_only,1,0.0,60.0,constructor,0.023254270299350215
v35,C++,ocr_only,1,0.0,60.0,inheritance,0.010509811708453153
v35,C++,ocr_only,1,0.0,60.0,polymorphism,0.0018378811679588764
v35,C++,ocr_only,1,0.0,60.0,template,0.027879739087261407
v35,C++,ocr_only,2,60.0,120.0,variable,0.027640745341948988
v35,C++,ocr_only,2,60.0,120.0,data type,0.01692909201481283
v35,C++,ocr_only,2,60.0,120.0,pointer,0.0017838142398977472
v35,C++,ocr_only,2,60.0,120.0,reference,0.03569900570150838
v35,C++,ocr_only,2,60.0,120.0,class,0.022368099607203134
v35,C++,ocr_only,2,60.0,120.0,object,0.0055123728855391045
v35,C++,ocr_only,2,60.0,120.0,constructor,0.018609803966908523
v35,C++,ocr_only,2,60.0,120.0,inheritance,0.0018058808595411394
v35,C++,ocr_only,2,60.0,120.0,polymorphism,0.0008290809774456078
v35,C++,ocr_only,2,60.0,120.0,template,0.029291425210687505
v35,C++,ocr_only,3,120.0,180.0,variable,0.026997595766936177
v35,C++,ocr_only,3,120.0,180.0,data type,0.01930947623967966
v35,C++,ocr_only,3,120.0,180.0,pointer,0.002010652695346352
v35,C++,ocr_only,3,120.0,180.0,reference,0.03307438712120048
v35,C++,ocr_only,3,120.0,180.0,class,0.024442669427899237
v35,C++,ocr_only,3,120.0,180.0,object,0.007212288948379715
v35,C++,ocr_only,3,120.0,180.0,constructor,0.0185247826242306
v35,C++,ocr_only,3,120.0,180.0,inheritance,0.0037746479755266524
v35,C++,ocr_only,3,120.0,180.0,polymorphism,0.001638521394705652
v35,C++,ocr_only,3,120.0,180.0,template,0.02747285830499897
v35,C++,ocr_only,4,180.0,240.0,variable,0.025760934724478043
v35,C++,ocr_only,4,180.0,240.0,data type,0.024833235995294786
v35,C++,ocr_only,4,180.0,240.0,pointer,0.004524331884385415
v35,C++,ocr_only,4,180.0,240.0,reference,0.028135375704521397
v35,C++,ocr_only,4,180.0,240.0,class,0.04085357327427815
v35,C++,ocr_only,4,180.0,240.0,object,0.019358122228569648
v35,C++,ocr_only,4,180.0,240.0,constructor,0.024841126108698132
v35,C++,ocr_only,4,180.0,240.0,inheritance,0.017942064051173903
v35,C++,ocr_only,4,180.0,240.0,polymorphism,0.004648658130703128
v35,C++,ocr_only,4,180.0,240.0,template,0.02544349970265311
v35,C++,ocr_only,5,240.0,300.0,variable,0.030142425847722407
v35,C++,ocr_only,5,240.0,300.0,data type,0.020896041649578742
v35,C++,ocr_only,5,240.0,300.0,pointer,0.002831259626241988
v35,C++,ocr_only,5,240.0,300.0,reference,0.03645885438866207
v35,C++,ocr_only,5,240.0,300.0,class,0.02936479215386382
v35,C++,ocr_only,5,240.0,300.0,object,0.00875596586806319
v35,C++,ocr_only,5,240.0,300.0,constructor,0.021927101667318417
v35,C++,ocr_only,5,240.0,300.0,inheritance,0.006012992079296914
v35,C++,ocr_only,5,240.0,300.0,polymorphism,0.0013012617660276575
v35,C++,ocr_only,5,240.0,300.0,template,0.03135019014430598
v35,C++,ocr_only,6,300.0,360.0,variable,0.03225374228361346
v35,C++,ocr_only,6,300.0,360.0,data type,0.024780037614253382
v35,C++,ocr_only,6,300.0,360.0,pointer,0.00249524019722756
v35,C++,ocr_only,6,300.0,360.0,reference,0.03607048957742737
v35,C++,ocr_only,6,300.0,360.0,class,0.03147896082133602
v35,C++,ocr_only,6,300.0,360.0,object,0.008645619416539838
v35,C++,ocr_only,6,300.0,360.0,constructor,0.022106469185156043
v35,C++,ocr_only,6,300.0,360.0,inheritance,0.006202079898240431
v35,C++,ocr_only,6,300.0,360.0,polymorphism,0.0013368506317434725
v35,C++,ocr_only,6,300.0,360.0,template,0.03148489423475396
v35,C++,ocr_only,7,360.0,420.0,variable,0.0338892660214309
v35,C++,ocr_only,7,360.0,420.0,data type,0.029034528913282516
v35,C++,ocr_only,7,360.0,420.0,pointer,0.0028869028996932
v35,C++,ocr_only,7,360.0,420.0,reference,0.035113238460328156
v35,C++,ocr_only,7,360.0,420.0,class,0.03613555724225386
v35,C++,ocr_only,7,360.0,420.0,object,0.010668270980141727
v35,C++,ocr_only,7,360.0,420.0,constructor,0.02352217708636799
v35,C++,ocr_only,7,360.0,420.0,inheritance,0.008862300117766855
v35,C++,ocr_only,7,360.0,420.0,polymorphism,0.0018903694330854788
v35,C++,ocr_only,7,360.0,420.0,template,0.03162336218203849
v35,C++,ocr_only,8,420.0,480.0,variable,0.026787829179727395
v35,C++,ocr_only,8,420.0,480.0,data type,0.032206860572199174
v35,C++,ocr_only,8,420.0,480.0,pointer,0.0032732591026989606
v35,C++,ocr_only,8,420.0,480.0,reference,0.02192691155182292
v35,C++,ocr_only,8,420.0,480.0,class,0.0703146882426987
v35,C++,ocr_only,8,420.0,480.0,object,0.03853180845030678
v35,C++,ocr_only,8,420.0,480.0,constructor,0.03519701958248012
v35,C++,ocr_only,8,420.0,480.0,inheritance,0.040101935389408615
v35,C++,ocr_only,8,420.0,480.0,polymorphism,0.007987513178731743
v35,C++,ocr_only,8,420.0,480.0,template,0.019793169522399966
v35,C++,ocr_only,9,480.0,540.0,variable,0.027254971098693286
v35,C++,ocr_only,9,480.0,540.0,data type,0.036125677803961934
v35,C++,ocr_only,9,480.0,540.0,pointer,0.003736172478140515
v35,C++,ocr_only,9,480.0,540.0,reference,0.019032820969397322
v35,C++,ocr_only,9,480.0,540.0,class,0.09069942464096098
v35,C++,ocr_only,9,480.0,540.0,object,0.05220971050475342
v35,C++,ocr_only,9,480.0,540.0,constructor,0.04346195644089462
v35,C++,ocr_only,9,480.0,540.0,inheritance,0.055981266983018266
v35,C++,ocr_only,9,480.0,540.0,polymorphism,0.010306701945995958
v35,C++,ocr_only,9,480.0,540.0,template,0.01785477459073329
v36,C++,ocr_only,1,0.0,60.0,variable,0.003685031606665113
v36,C++,ocr_only,1,0.0,60.0,data type,0.0362629373595707
v36,C++,ocr_only,1,0.0,60.0,pointer,0.03869024424307735
v36,C++,ocr_only,1,0.0,60.0,reference,0.006215070770670482
v36,C++,ocr_only,1,0.0,60.0,class,0.15600671591972878
v36,C++,ocr_only,1,0.0,60.0,object,0.11664049144900604
v36,C++,ocr_only,1,0.0,60.0,constructor,0.08332896534481143
v36,C++,ocr_only,1,0.0,60.0,inheritance,0.13074157268538225
v36,C++,ocr_only,1,0.0,60.0,polymorphism,0.027406446311469053
v36,C++,ocr_only,1,0.0,60.0,template,0.02910339542372281
v37,C++,ocr_only,1,0.0,60.0,variable,0.0011528471551840974
v37,C++,ocr_only,1,0.0,60.0,data type,0.020245762796985263
v37,C++,ocr_only,1,0.0,60.0,pointer,0.018335528504938258
v37,C++,ocr_only,1,0.0,60.0,reference,0.005718156428524607
v37,C++,ocr_only,1,0.0,60.0,class,0.07152391069071437
v37,C++,ocr_only,1,0.0,60.0,object,0.057747987127668356
v37,C++,ocr_only,1,0.0,60.0,constructor,0.03827045846396013
v37,C++,ocr_only,1,0.0,60.0,inheritance,0.06041028471182962
v37,C++,ocr_only,1,0.0,60.0,polymorphism,0.01650970289922617
v37,C++,ocr_only,1,0.0,60.0,template,0.01295780697303635
v37,C++,ocr_only,2,60.0,120.0,variable,0.00452563886338703
v37,C++,ocr_only,2,60.0,120.0,data type,0.03584926493287968
v37,C++,ocr_only,2,60.0,120.0,pointer,0.036901163310375094
v37,C++,ocr_only,2,60.0,120.0,reference,0.006628305533117707
v37,C++,ocr_only,2,60.0,120.0,class,0.15141859437857172
v37,C++,ocr_only,2,60.0,120.0,object,0.11265603086724103
v37,C++,ocr_only,2,60.0,120.0,constructor,0.08072794769743742
v37,C++,ocr_only,2,60.0,120.0,inheritance,0.12615530816390721
v37,C++,ocr_only,2,60.0,120.0,polymorphism,0.026429006333915345
v37,C++,ocr_only,2,60.0,120.0,template,0.02832161278197358
v38,C++,ocr_only,1,0.0,60.0,variable,0.00272699921970775
v38,C++,ocr_only,1,0.0,60.0,data type,0.03677486106353298
v38,C++,ocr_only,1,0.0,60.0,pointer,0.04077274296812344
v38,C++,ocr_only,1,0.0,60.0,reference,0.005734019774408207
v38,C++,ocr_only,1,0.0,60.0,class,0.1614100514439123
v38,C++,ocr_only,1,0.0,60.0,object,0.12130632923642287
v38,C++,ocr_only,1,0.0,60.0,constructor,0.08638217776061544
v38,C++,ocr_only,1,0.0,60.0,inheritance,0.13611665938402503
v38,C++,ocr_only,1,0.0,60.0,polymorphism,0.02854639129271357
v38,C++,ocr_only,1,0.0,60.0,template,0.030019559129002372
v38,C++,ocr_only,2,60.0,120.0,variable,0.040409939004111675
v38,C++,ocr_only,2,60.0,120.0,data type,0.04621945802295778
v38,C++,ocr_only,2,60.0,120.0,pointer,0.004503686727963992
v38,C++,ocr_only,2,60.0,120.0,reference,0.031134319161204328
v38,C++,ocr_only,2,60.0,120.0,class,0.05517406862195047
v38,C++,ocr_only,2,60.0,120.0,object,0.019048375024992282
v38,C++,ocr_only,2,60.0,120.0,constructor,0.0293299453733306
v38,C++,ocr_only,2,60.0,120.0,inheritance,0.01984865576373423
v38,C++,ocr_only,2,60.0,120.0,polymorphism,0.004175274015230794
v38,C++,ocr_only,2,60.0,120.0,template,0.032105471995930675
v38,C++,ocr_only,3,120.0,180.0,variable,0.04898057170647492
v38,C++,ocr_only,3,120.0,180.0,data type,0.07258747847558204
v38,C++,ocr_only,3,120.0,180.0,pointer,0.0068879547739723905
v38,C++,ocr_only,3,120.0,180.0,reference,0.022287285133011602
v38,C++,ocr_only,3,120.0,180.0,class,0.08350601890242992
v38,C++,ocr_only,3,120.0,180.0,object,0.031647162098909894
v38,C++,ocr_only,3,120.0,180.0,constructor,0.03722589623255604
v38,C++,ocr_only,3,120.0,180.0,inheritance,0.03681059494936551
v38,C++,ocr_only,3,120.0,180.0,polymorphism,0.007703315946432044
v38,C++,ocr_only,3,120.0,180.0,template,0.03081011864990371
v38,C++,ocr_only,4,180.0,240.0,variable,0.05186150325311148
v38,C++,ocr_only,4,180.0,240.0,data type,0.07824587495589465
v38,C++,ocr_only,4,180.0,240.0,pointer,0.0074314023568742
v38,C++,ocr_only,4,180.0,240.0,reference,0.0223314447541444
v38,C++,ocr_only,4,180.0,240.0,class,0.08995950350663542
v38,C++,ocr_only,4,180.0,240.0,object,0.03432653646168216
v38,C++,ocr_only,4,180.0,240.0,constructor,0.0395163322178058
v38,C++,ocr_only,4,180.0,240.0,inheritance,0.040153189101229
v38,C++,ocr_only,4,180.0,240.0,polymorphism,0.00839922463535373
v38,C++,ocr_only,4,180.0,240.0,template,0.031968200412792094
v38,C++,ocr_only,5,240.0,300.0,variable,0.04921350350050805
v38,C++,ocr_only,5,240.0,300.0,data type,0.07304533291973868
v38,C++,ocr_only,5,240.0,300.0,pointer,0.006937685294808614
v38,C++,ocr_only,5,240.0,300.0,reference,0.02229785556279314
v38,C++,ocr_only,5,240.0,300.0,class,0.08406842469827061
v38,C++,ocr_only,5,240.0,300.0,object,0.03189621836554758
v38,C++,ocr_only,5,240.0,300.0,constructor,0.03743253757766263
v38,C++,ocr_only,5,240.0,300.0,inheritance,0.03711466184999761
v38,C++,ocr_only,5,240.0,300.0,polymorphism,0.00776647517446527
v38,C++,ocr_only,5,240.0,300.0,template,0.030909870319197508
v38,C++,ocr_only,6,300.0,360.0,variable,0.010279576707267847
v38,C++,ocr_only,6,300.0,360.0,data type,0.011682836167339058
v38,C++,ocr_only,6,300.0,360.0,pointer,0.0015467029819084595
v38,C++,ocr_only,6,300.0,360.0,reference,0.010554922335337414
v38,C++,ocr_only,6,300.0,360.0,class,0.15721663318863263
v38,C++,ocr_only,6,300.0,360.0,object,0.10999760974336202
v38,C++,ocr_only,6,300.0,360.0,constructor,0.07471981109439574
v38,C++,ocr_only,6,300.0,360.0,inheritance,0.11927526600476367
v38,C++,ocr_only,6,300.0,360.0,polymorphism,0.018178899284351773
v38,C++,ocr_only,6,300.0,360.0,template,0.0025124047570017987
v38,C++,ocr_only,7,360.0,420.0,variable,0.04589118298411646
v38,C++,ocr_only,7,360.0,420.0,data type,0.06799865508746608
v38,C++,ocr_only,7,360.0,420.0,pointer,0.006464517268387226
v38,C++,ocr_only,7,360.0,420.0,reference,0.02089821943719309
v38,C++,ocr_only,7,360.0,420.0,class,0.07828191986352984
v38,C++,ocr_only,7,360.0,420.0,object,0.029715616073890234
v38,C++,ocr_only,7,360.0,420.0,constructor,0.03508636309581063
v38,C++,ocr_only,7,360.0,420.0,inheritance,0.034547683132510006
v38,C++,ocr_only,7,360.0,420.0,polymorphism,0.007230634020848359
v38,C++,ocr_only,7,360.0,420.0,template,0.028876901911841075
v38,C++,ocr_only,8,420.0,480.0,variable,0.017295434372045313
v38,C++,ocr_only,8,420.0,480.0,data type,0.016722003990720144
v38,C++,ocr_only,8,420.0,480.0,pointer,0.003525294778598267
v38,C++,ocr_only,8,420.0,480.0,reference,0.02211274577767362
v38,C++,ocr_only,8,420.0,480.0,class,0.03145080897125955
v38,C++,ocr_only,8,420.0,480.0,object,0.01802312242853538
v38,C++,ocr_only,8,420.0,480.0,constructor,0.01958128325696223
v38,C++,ocr_only,8,420.0,480.0,inheritance,0.015477399346891324
v38,C++,ocr_only,8,420.0,480.0,polymorphism,0.005169983641132189
v38,C++,ocr_only,8,420.0,480.0,template,0.018141587335354845
v39,C++,ocr_only,1,0.0,60.0,variable,0.06250114967329222
v39,C++,ocr_only,1,0.0,60.0,data type,0.10375307720706202
v39,C++,ocr_only,1,0.0,60.0,pointer,0.009810939178105637
v39,C++,ocr_only,1,0.0,60.0,reference,0.018155220758964908
v39,C++,ocr_only,1,0.0,60.0,class,0.11821817956914218
v39,C++,ocr_only,1,0.0,60.0,object,0.046466795576724694
v39,C++,ocr_only,1,0.0,60.0,constructor,0.04850330373432311
v39,C++,ocr_only,1,0.0,60.0,inheritance,0.055898693270192985
v39,C++,ocr_only,1,0.0,60.0,polymorphism,0.011675742994850706
v39,C++,ocr_only,1,0.0,60.0,template,0.03395460595983813
v39,C++,ocr_only,2,60.0,120.0,variable,0.06284563369209921
v39,C++,ocr_only,2,60.0,120.0,data type,0.10431806498949729
v39,C++,ocr_only,2,60.0,120.0,pointer,0.009811138132565305
v39,C++,ocr_only,2,60.0,120.0,reference,0.01819489206045736
v39,C++,ocr_only,2,60.0,120.0,class,0.11849588937436199
v39,C++,ocr_only,2,60.0,120.0,object,0.046423117682562166
v39,C++,ocr_only,2,60.0,120.0,constructor,0.04855852395475355
v39,C++,ocr_only,2,60.0,120.0,inheritance,0.05589378566085665
v39,C++,ocr_only,2,60.0,120.0,polymorphism,0.01167617105588581
v39,C++,ocr_only,2,60.0,120.0,template,0.03408755990658636
v39,C++,ocr_only,3,120.0,180.0,variable,0.06285916373692939
v39,C++,ocr_only,3,120.0,180.0,data type,0.10434027430004372
v39,C++,ocr_only,3,120.0,180.0,pointer,0.009811149951583052
v39,C++,ocr_only,3,120.0,180.0,reference,0.01819643395287681
v39,C++,ocr_only,3,120.0,180.0,class,0.11850666873847734
v39,C++,ocr_only,3,120.0,180.0,object,0.046421306239894294
v39,C++,ocr_only,3,120.0,180.0,constructor,0.04856063011333472
v39,C++,ocr_only,3,120.0,180.0,inheritance,0.05589349125884639
v39,C++,ocr_only,3,120.0,180.0,polymorphism,0.011676174722156284
v39,C++,ocr_only,3,120.0,180.0,template,0.034092782443267404
v39,C++,ocr_only,4,180.0,240.0,variable,0.0628541895364867
v39,C++,ocr_only,4,180.0,240.0,data type,0.10433211781936945
v39,C++,ocr_only,4,180.0,240.0,pointer,0.009811140952755117
v39,C++,ocr_only,4,180.0,240.0,reference,0.018195861178519936
v39,C++,ocr_only,4,180.0,240.0,class,0.1185027065899752
v39,C++,ocr_only,4,180.0,240.0,object,0.04642197381415515
v39,C++,ocr_only,4,180.0,240.0,constructor,0.04855985016076173
v39,C++,ocr_only,4,180.0,240.0,inheritance,0.05589359848354033
v39,C++,ocr_only,4,180.0,240.0,polymorphism,0.01167617623803116
v39,C++,ocr_only,4,180.0,240.0,template,0.03409085303393871
v39,C++,ocr_only,5,240.0,300.0,variable,0.06280238520822681
v39,C++,ocr_only,5,240.0,300.0,data type,0.10424719775524535
v39,C++,ocr_only,5,240.0,300.0,pointer,0.009811132835310191
v39,C++,ocr_only,5,240.0,300.0,reference,0.01818986895087786
v39,C++,ocr_only,5,240.0,300.0,class,0.11846114281805434
v39,C++,ocr_only,5,240.0,300.0,object,0.046428681519760276
v39,C++,ocr_only,5,240.0,300.0,constructor,0.048551632314802584
v39,C++,ocr_only,5,240.0,300.0,inheritance,0.05589449833690298
v39,C++,ocr_only,5,240.0,300.0,polymorphism,0.011676139369370021
v39,C++,ocr_only,5,240.0,300.0,template,0.03407085385521324
v39,C++,ocr_only,6,300.0,360.0,variable,0.06289496371686915
v39,C++,ocr_only,6,300.0,360.0,data type,0.10439897743651823
v39,C++,ocr_only,6,300.0,360.0,pointer,0.009811168696923405
v39,C++,ocr_only,6,300.0,360.0,reference,0.018200567904597977
v39,C++,ocr_only,6,300.0,360.0,class,0.11853551800988393
v39,C++,ocr_only,6,300.0,360.0,object,0.04641676141587833
v39,C++,ocr_only,6,300.0,360.0,constructor,0.048566367098682096
v39,C++,ocr_only,6,300.0,360.0,inheritance,0.05589297232855033
v39,C++,ocr_only,6,300.0,360.0,polymorphism,0.011676217358184646
v39,C++,ocr_only,6,300.0,360.0,template,0.03410660444564665
v39,C++,ocr_only,7,360.0,420.0,variable,0.06288833859283612
v39,C++,ocr_only,7,360.0,420.0,data type,0.10438811770709347
v39,C++,ocr_only,7,360.0,420.0,pointer,0.009811163627866383
v39,C++,ocr_only,7,360.0,420.0,reference,0.018199798071787926
v39,C++,ocr_only,7,360.0,420.0,class,0.11853017402516534
v39,C++,ocr_only,7,360.0,420.0,object,0.046417597710757874
v39,C++,ocr_only,7,360.0,420.0,constructor,0.04856530075772102
v39,C++,ocr_only,7,360.0,420.0,inheritance,0.05589306366036307
v39,C++,ocr_only,7,360.0,420.0,polymorphism,0.011676208922498764
v39,C++,ocr_only,7,360.0,420.0,template,0.03410404264004893
v39,C++,ocr_only,8,420.0,480.0,variable,0.06290160738586881
v39,C++,ocr_only,8,420.0,480.0,data type,0.10440987034706596
v39,C++,ocr_only,8,420.0,480.0,pointer,0.009811165779910447
v39,C++,ocr_only,8,420.0,480.0,reference,0.018201328304616005
v39,C++,ocr_only,8,420.0,480.0,class,0.11854081175321665
v39,C++,ocr_only,8,420.0,480.0,object,0.04641587159277254
v39,C++,ocr_only,8,420.0,480.0,constructor,0.04856740141443453
v39,C++,ocr_only,8,420.0,480.0,inheritance,0.05589282665786167
v39,C++,ocr_only,8,420.0,480.0,polymorphism,0.011676216106690477
v39,C++,ocr_only,8,420.0,480.0,template,0.03410916388951925
v39,C++,ocr_only,9,480.0,540.0,variable,0.06289272632742124
v39,C++,ocr_only,9,480.0,540.0,data type,0.10439530387861516
v39,C++,ocr_only,9,480.0,540.0,pointer,0.009811160509164123
v39,C++,ocr_only,9,480.0,540.0,reference,0.018200308578363012
v39,C++,ocr_only,9,480.0,540.0,class,0.11853367351991434
v39,C++,ocr_only,9,480.0,540.0,object,0.046417014737211
v39,C++,ocr_only,9,480.0,540.0,constructor,0.04856598754424118
v39,C++,ocr_only,9,480.0,540.0,inheritance,0.055892970136845625
v39,C++,ocr_only,9,480.0,540.0,polymorphism,0.011676208651146628
v39,C++,ocr_only,9,480.0,540.0,template,0.034105736007604706
v39,C++,ocr_only,10,540.0,600.0,variable,0.06286354323871687
v39,C++,ocr_only,10,540.0,600.0,data type,0.10434747400964339
v39,C++,ocr_only,10,540.0,600.0,pointer,0.009811152471816664
v39,C++,ocr_only,10,540.0,600.0,reference,0.01819692502355996
v39,C++,ocr_only,10,540.0,600.0,class,0.1185102278022895
v39,C++,ocr_only,10,540.0,600.0,object,0.046420770073453216
v39,C++,ocr_only,10,540.0,600.0,constructor,0.048561338726248564
v39,C++,ocr_only,10,540.0,600.0,inheritance,0.055893450713596436
v39,C++,ocr_only,10,540.0,600.0,polymorphism,0.011676185774861854
v39,C++,ocr_only,10,540.0,600.0,template,0.03409446282934055
v40,C++,ocr_only,1,0.0,60.0,variable,0.004303422382460798
v40,C++,ocr_only,1,0.0,60.0,data type,0.029737869577265878
v40,C++,ocr_only,1,0.0,60.0,pointer,0.03081278783348586
v40,C++,ocr_only,1,0.0,60.0,reference,0.008609973826973863
v40,C++,ocr_only,1,0.0,60.0,class,0.12188130918083638
v40,C++,ocr_only,1,0.0,60.0,object,0.09198851937588615
v40,C++,ocr_only,1,0.0,60.0,constructor,0.06601450145334253
v40,C++,ocr_only,1,0.0,60.0,inheritance,0.10147710392714861
v40,C++,ocr_only,1,0.0,60.0,polymorphism,0.02250547368080361
v40,C++,ocr_only,1,0.0,60.0,template,0.025109645252182716
