video_id,subject,method,chunk_id,start_sec,end_sec,concept,lsa_score
v1,SQL,ocr_only,1,0.0,60.0,select,0.024925985607167717
v1,SQL,ocr_only,1,0.0,60.0,where,-0.052942018672428884
v1,SQL,ocr_only,1,0.0,60.0,group by,-0.016237980811125756
v1,SQL,ocr_only,1,0.0,60.0,having,-0.016482527878182517
v1,SQL,ocr_only,1,0.0,60.0,count,-0.05122676322811698
v1,SQL,ocr_only,1,0.0,60.0,aggregate function,-0.03676074924826533
v1,SQL,ocr_only,1,0.0,60.0,join,-0.01467627580062542
v1,SQL,ocr_only,1,0.0,60.0,inner join,-0.0560072236738221
v1,SQL,ocr_only,1,0.0,60.0,left join,-0.006711452763640413
v1,SQL,ocr_only,1,0.0,60.0,subquery,-0.002809423600460059
v1,SQL,ocr_only,1,0.0,60.0,order by,-0.02531461499667598
v1,SQL,ocr_only,2,60.0,120.0,select,0.10014349170934679
v1,SQL,ocr_only,2,60.0,120.0,where,0.03252732600585569
v1,SQL,ocr_only,2,60.0,120.0,group by,-0.018225843703259813
v1,SQL,ocr_only,2,60.0,120.0,having,0.008132970904052753
v1,SQL,ocr_only,2,60.0,120.0,count,-0.030113685792130387
v1,SQL,ocr_only,2,60.0,120.0,aggregate function,-0.029103393928402794
v1,SQL,ocr_only,2,60.0,120.0,join,0.11199926750506951
v1,SQL,ocr_only,2,60.0,120.0,inner join,0.026890997391158054
v1,SQL,ocr_only,2,60.0,120.0,left join,0.12101956057429845
v1,SQL,ocr_only,2,60.0,120.0,subquery,-0.0033496159134190377
v1,SQL,ocr_only,2,60.0,120.0,order by,-0.046858102642235576
v1,SQL,ocr_only,3,120.0,180.0,select,0.11392620506497757
v1,SQL,ocr_only,3,120.0,180.0,where,0.05313984978728651
v1,SQL,ocr_only,3,120.0,180.0,group by,0.018530886665646007
v1,SQL,ocr_only,3,120.0,180.0,having,0.018660039714666173
v1,SQL,ocr_only,3,120.0,180.0,count,0.004672781007313857
v1,SQL,ocr_only,3,120.0,180.0,aggregate function,-0.006759590135876899
v1,SQL,ocr_only,3,120.0,180.0,join,0.2668110005202752
v1,SQL,ocr_only,3,120.0,180.0,inner join,0.17440757263310797
v1,SQL,ocr_only,3,120.0,180.0,left join,0.11685082050995357
v1,SQL,ocr_only,3,120.0,180.0,subquery,0.052450827632639196
v1,SQL,ocr_only,3,120.0,180.0,order by,0.010533448239430783
v1,SQL,ocr_only,4,180.0,240.0,select,0.06108878886790555
v1,SQL,ocr_only,4,180.0,240.0,where,0.009398626345143069
v1,SQL,ocr_only,4,180.0,240.0,group by,-0.01778024251144461
v1,SQL,ocr_only,4,180.0,240.0,having,0.0365900734885901
v1,SQL,ocr_only,4,180.0,240.0,count,0.010263226550415653
v1,SQL,ocr_only,4,180.0,240.0,aggregate function,0.014129735514387383
v1,SQL,ocr_only,4,180.0,240.0,join,0.19893571132251364
v1,SQL,ocr_only,4,180.0,240.0,inner join,0.12765034799570066
v1,SQL,ocr_only,4,180.0,240.0,left join,-0.01548017730666804
v1,SQL,ocr_only,4,180.0,240.0,subquery,0.08798130509793249
v1,SQL,ocr_only,4,180.0,240.0,order by,0.04327659932822589
v1,SQL,ocr_only,5,240.0,300.0,select,0.06149743985304342
v1,SQL,ocr_only,5,240.0,300.0,where,0.03133576491012198
v1,SQL,ocr_only,5,240.0,300.0,group by,0.00525696395912987
v1,SQL,ocr_only,5,240.0,300.0,having,0.02145494744827146
v1,SQL,ocr_only,5,240.0,300.0,count,0.010244767787684687
v1,SQL,ocr_only,5,240.0,300.0,aggregate function,0.005467895938020689
v1,SQL,ocr_only,5,240.0,300.0,join,0.24589441145602442
v1,SQL,ocr_only,5,240.0,300.0,inner join,0.17875541973544282
v1,SQL,ocr_only,5,240.0,300.0,left join,0.006011940709412273
v1,SQL,ocr_only,5,240.0,300.0,subquery,0.07861454349382592
v1,SQL,ocr_only,5,240.0,300.0,order by,0.0360694263665663
v1,SQL,ocr_only,6,300.0,360.0,select,0.05439317100926379
v1,SQL,ocr_only,6,300.0,360.0,where,0.008768629404646334
v1,SQL,ocr_only,6,300.0,360.0,group by,-0.012363154889736081
v1,SQL,ocr_only,6,300.0,360.0,having,0.01646574516284564
v1,SQL,ocr_only,6,300.0,360.0,count,0.008417391620953554
v1,SQL,ocr_only,6,300.0,360.0,aggregate function,0.006880810474817434
v1,SQL,ocr_only,6,300.0,360.0,join,0.23933516966244475
v1,SQL,ocr_only,6,300.0,360.0,inner join,0.17538841251385498
v1,SQL,ocr_only,6,300.0,360.0,left join,0.045830867596094206
v1,SQL,ocr_only,6,300.0,360.0,subquery,0.0739243646527101
v1,SQL,ocr_only,6,300.0,360.0,order by,0.02011161802942767
v1,SQL,ocr_only,7,360.0,420.0,select,0.1140937335043769
v1,SQL,ocr_only,7,360.0,420.0,where,0.03608045034780597
v1,SQL,ocr_only,7,360.0,420.0,group by,0.04995787163088882
v1,SQL,ocr_only,7,360.0,420.0,having,0.037536649517226045
v1,SQL,ocr_only,7,360.0,420.0,count,0.04808525040183283
v1,SQL,ocr_only,7,360.0,420.0,aggregate function,0.03722157158421403
v1,SQL,ocr_only,7,360.0,420.0,join,0.2689941079467237
v1,SQL,ocr_only,7,360.0,420.0,inner join,0.20123405486159407
v1,SQL,ocr_only,7,360.0,420.0,left join,0.025981472901124583
v1,SQL,ocr_only,7,360.0,420.0,subquery,0.11979196808762214
v1,SQL,ocr_only,7,360.0,420.0,order by,0.08918288976625457
v1,SQL,ocr_only,8,420.0,480.0,select,0.10383774693601126
v1,SQL,ocr_only,8,420.0,480.0,where,0.016120842679594138
v1,SQL,ocr_only,8,420.0,480.0,group by,0.03432829442324863
v1,SQL,ocr_only,8,420.0,480.0,having,0.02984310206222771
v1,SQL,ocr_only,8,420.0,480.0,count,0.05220776296764403
v1,SQL,ocr_only,8,420.0,480.0,aggregate function,0.04638412300739398
v1,SQL,ocr_only,8,420.0,480.0,join,0.2309770759068596
v1,SQL,ocr_only,8,420.0,480.0,inner join,0.16927019544635358
v1,SQL,ocr_only,8,420.0,480.0,left join,-0.011806687685435833
v1,SQL,ocr_only,8,420.0,480.0,subquery,0.12173179638201576
v1,SQL,ocr_only,8,420.0,480.0,order by,0.08849674742631042
v1,SQL,ocr_only,9,480.0,540.0,select,0.10864306688667878
v1,SQL,ocr_only,9,480.0,540.0,where,0.02658892134202505
v1,SQL,ocr_only,9,480.0,540.0,group by,0.059442277690435474
v1,SQL,ocr_only,9,480.0,540.0,having,0.04516041671614224
v1,SQL,ocr_only,9,480.0,540.0,count,0.06527110771798207
v1,SQL,ocr_only,9,480.0,540.0,aggregate function,0.055151069114305375
v1,SQL,ocr_only,9,480.0,540.0,join,0.2403066068797696
v1,SQL,ocr_only,9,480.0,540.0,inner join,0.17671776858794344
v1,SQL,ocr_only,9,480.0,540.0,left join,-0.007641524636196772
v1,SQL,ocr_only,9,480.0,540.0,subquery,0.12320332443870292
v1,SQL,ocr_only,9,480.0,540.0,order by,0.10291212716207877
v1,SQL,ocr_only,10,540.0,600.0,select,0.09776411024129837
v1,SQL,ocr_only,10,540.0,600.0,where,0.02644873401941138
v1,SQL,ocr_only,10,540.0,600.0,group by,0.03026567985019212
v1,SQL,ocr_only,10,540.0,600.0,having,0.027474180093079167
v1,SQL,ocr_only,10,540.0,600.0,count,0.029615341818745866
v1,SQL,ocr_only,10,540.0,600.0,aggregate function,0.028270777383747586
v1,SQL,ocr_only,10,540.0,600.0,join,0.24212596857896845
v1,SQL,ocr_only,10,540.0,600.0,inner join,0.1775664086930314
v1,SQL,ocr_only,10,540.0,600.0,left join,-0.015601408335545928
v1,SQL,ocr_only,10,540.0,600.0,subquery,0.10620773138040752
v1,SQL,ocr_only,10,540.0,600.0,order by,0.0772356515738969
v1,SQL,ocr_only,11,600.0,660.0,select,0.09761497071215645
v1,SQL,ocr_only,11,600.0,660.0,where,0.027293542617134223
v1,SQL,ocr_only,11,600.0,660.0,group by,0.023812040240532687
v1,SQL,ocr_only,11,600.0,660.0,having,0.020202993664096957
v1,SQL,ocr_only,11,600.0,660.0,count,0.011735597176082165
v1,SQL,ocr_only,11,600.0,660.0,aggregate function,0.008382311431074657
v1,SQL,ocr_only,11,600.0,660.0,join,0.24300115419644433
v1,SQL,ocr_only,11,600.0,660.0,inner join,0.18009551083107414
v1,SQL,ocr_only,11,600.0,660.0,left join,-0.011192796379090311
v1,SQL,ocr_only,11,600.0,660.0,subquery,0.10007214822961767
v1,SQL,ocr_only,11,600.0,660.0,order by,0.06977423191514
v1,SQL,ocr_only,12,660.0,720.0,select,0.11193637023345376
v1,SQL,ocr_only,12,660.0,720.0,where,0.07410030589831769
v1,SQL,ocr_only,12,660.0,720.0,group by,0.041615875969635265
v1,SQL,ocr_only,12,660.0,720.0,having,0.052674558611575925
v1,SQL,ocr_only,12,660.0,720.0,count,0.020151967206597236
v1,SQL,ocr_only,12,660.0,720.0,aggregate function,0.006093519527637368
v1,SQL,ocr_only,12,660.0,720.0,join,0.29039277498180527
v1,SQL,ocr_only,12,660.0,720.0,inner join,0.23104853123198466
v1,SQL,ocr_only,12,660.0,720.0,left join,0.028773943788932686
v1,SQL,ocr_only,12,660.0,720.0,subquery,0.11005698669390175
v1,SQL,ocr_only,12,660.0,720.0,order by,0.09229165504363342
v1,SQL,ocr_only,13,720.0,780.0,select,0.10742952658127926
v1,SQL,ocr_only,13,720.0,780.0,where,0.060945941909899805
v1,SQL,ocr_only,13,720.0,780.0,group by,0.04031024537902087
v1,SQL,ocr_only,13,720.0,780.0,having,0.048567723379916036
v1,SQL,ocr_only,13,720.0,780.0,count,0.016722423588145643
v1,SQL,ocr_only,13,720.0,780.0,aggregate function,0.00641014166802893
v1,SQL,ocr_only,13,720.0,780.0,join,0.28052688562442224
v1,SQL,ocr_only,13,720.0,780.0,inner join,0.2234928468372031
v1,SQL,ocr_only,13,720.0,780.0,left join,0.01918483498431694
v1,SQL,ocr_only,13,720.0,780.0,subquery,0.11033702468815527
v1,SQL,ocr_only,13,720.0,780.0,order by,0.09397077102405686
v2,Python,ocr_only,1,0.0,60.0,for loop,0.16405126655183097
v2,Python,ocr_only,1,0.0,60.0,for,0.3110673240285074
v2,Python,ocr_only,1,0.0,60.0,iteration,-0.0037117658103179
v2,Python,ocr_only,1,0.0,60.0,range,0.19983972094574526
v2,Python,ocr_only,1,0.0,60.0,list,0.24115014534276308
v2,Python,ocr_only,1,0.0,60.0,nested loop,-0.0023006892580787587
v2,Python,ocr_only,1,0.0,60.0,index,0.0033232319444892887
v2,Python,ocr_only,1,0.0,60.0,break,0.007070690784069082
v2,Python,ocr_only,1,0.0,60.0,continue,-0.010885067784591178
v2,Python,ocr_only,2,60.0,120.0,for loop,0.13300730281477954
v2,Python,ocr_only,2,60.0,120.0,for,0.23725871107925123
v2,Python,ocr_only,2,60.0,120.0,iteration,0.012151815023702103
v2,Python,ocr_only,2,60.0,120.0,range,0.15331029622927744
v2,Python,ocr_only,2,60.0,120.0,list,0.23321604174886645
v2,Python,ocr_only,2,60.0,120.0,nested loop,0.005509834553691186
v2,Python,ocr_only,2,60.0,120.0,index,-0.004637325730103748
v2,Python,ocr_only,2,60.0,120.0,break,0.010327714910107488
v2,Python,ocr_only,2,60.0,120.0,continue,0.0030634231946411058
v2,Python,ocr_only,3,120.0,180.0,for loop,0.1351367492135734
v2,Python,ocr_only,3,120.0,180.0,for,0.24876001555750382
v2,Python,ocr_only,3,120.0,180.0,iteration,0.006274966081706675
v2,Python,ocr_only,3,120.0,180.0,range,0.16044512676650124
v2,Python,ocr_only,3,120.0,180.0,list,0.2284173337760644
v2,Python,ocr_only,3,120.0,180.0,nested loop,0.003312252344811449
v2,Python,ocr_only,3,120.0,180.0,index,-0.005057497209756181
v2,Python,ocr_only,3,120.0,180.0,break,0.0032552548351766804
v2,Python,ocr_only,3,120.0,180.0,continue,0.003120705048646424
v2,Python,ocr_only,4,180.0,240.0,for loop,0.14298013176546556
v2,Python,ocr_only,4,180.0,240.0,for,0.2667610854789182
v2,Python,ocr_only,4,180.0,240.0,iteration,0.008242081507707047
v2,Python,ocr_only,4,180.0,240.0,range,0.16741169547488577
v2,Python,ocr_only,4,180.0,240.0,list,0.23249749514009155
v2,Python,ocr_only,4,180.0,240.0,nested loop,0.004693874976192113
v2,Python,ocr_only,4,180.0,240.0,index,-0.004217480323290048
v2,Python,ocr_only,4,180.0,240.0,break,0.003398863326288504
v2,Python,ocr_only,4,180.0,240.0,continue,0.002291460736153451
v2,Python,ocr_only,5,240.0,300.0,for loop,0.13677541069069957
v2,Python,ocr_only,5,240.0,300.0,for,0.2355204768125571
v2,Python,ocr_only,5,240.0,300.0,iteration,0.019998099289007393
v2,Python,ocr_only,5,240.0,300.0,range,0.15573489672223825
v2,Python,ocr_only,5,240.0,300.0,list,0.23151403124870737
v2,Python,ocr_only,5,240.0,300.0,nested loop,0.009265515945906638
v2,Python,ocr_only,5,240.0,300.0,index,-0.0020701365265306314
v2,Python,ocr_only,5,240.0,300.0,break,0.12071804684135788
v2,Python,ocr_only,5,240.0,300.0,continue,0.005411394474092815
v2,Python,ocr_only,6,300.0,360.0,for loop,0.14916486538954588
v2,Python,ocr_only,6,300.0,360.0,for,0.23506210688666335
v2,Python,ocr_only,6,300.0,360.0,iteration,0.030555330762320428
v2,Python,ocr_only,6,300.0,360.0,range,0.14998111125068675
v2,Python,ocr_only,6,300.0,360.0,list,0.2479468239158144
v2,Python,ocr_only,6,300.0,360.0,nested loop,0.022383055915105917
v2,Python,ocr_only,6,300.0,360.0,index,0.0020544089936634737
v2,Python,ocr_only,6,300.0,360.0,break,0.16852292490010962
v2,Python,ocr_only,6,300.0,360.0,continue,0.02223031218244219
v2,Python,ocr_only,7,360.0,420.0,for loop,0.14073232175899997
v2,Python,ocr_only,7,360.0,420.0,for,0.25353110016148145
v2,Python,ocr_only,7,360.0,420.0,iteration,0.0062305047875840045
v2,Python,ocr_only,7,360.0,420.0,range,0.14454740756464915
v2,Python,ocr_only,7,360.0,420.0,list,0.2464791644663922
v2,Python,ocr_only,7,360.0,420.0,nested loop,0.0024746715669903595
v2,Python,ocr_only,7,360.0,420.0,index,-0.0034818998577655696
v2,Python,ocr_only,7,360.0,420.0,break,0.13433693237328437
v2,Python,ocr_only,7,360.0,420.0,continue,-0.00435992419106086
v2,Python,ocr_only,8,420.0,480.0,for loop,0.19983345531511976
v2,Python,ocr_only,8,420.0,480.0,for,0.3655442168942309
v2,Python,ocr_only,8,420.0,480.0,iteration,-0.02968842545457253
v2,Python,ocr_only,8,420.0,480.0,range,0.29643940384278555
v2,Python,ocr_only,8,420.0,480.0,list,0.145220417469144
v2,Python,ocr_only,8,420.0,480.0,nested loop,-0.004613094515536372
v2,Python,ocr_only,8,420.0,480.0,index,0.003253766453331834
v2,Python,ocr_only,8,420.0,480.0,break,-0.02206557744955374
v2,Python,ocr_only,8,420.0,480.0,continue,0.010396834907561294
v2,Python,ocr_only,9,480.0,540.0,for loop,0.2055353997053781
v2,Python,ocr_only,9,480.0,540.0,for,0.37347506105295364
v2,Python,ocr_only,9,480.0,540.0,iteration,-0.029623600528225876
v2,Python,ocr_only,9,480.0,540.0,range,0.2925052000611993
v2,Python,ocr_only,9,480.0,540.0,list,0.15761513275095504
v2,Python,ocr_only,9,480.0,540.0,nested loop,-0.002276498769849845
v2,Python,ocr_only,9,480.0,540.0,index,0.003413613495015004
v2,Python,ocr_only,9,480.0,540.0,break,-0.01958506084630904
v2,Python,ocr_only,9,480.0,540.0,continue,0.010747385026509411
v2,Python,ocr_only,10,540.0,600.0,for loop,0.15641545385049768
v2,Python,ocr_only,10,540.0,600.0,for,0.28955817475717577
v2,Python,ocr_only,10,540.0,600.0,iteration,-0.03152359917880015
v2,Python,ocr_only,10,540.0,600.0,range,0.20142596448750158
v2,Python,ocr_only,10,540.0,600.0,list,0.19180324425115922
v2,Python,ocr_only,10,540.0,600.0,nested loop,-0.011039710440976402
v2,Python,ocr_only,10,540.0,600.0,index,-1.230376391706351e-05
v2,Python,ocr_only,10,540.0,600.0,break,-0.008480917971091958
v2,Python,ocr_only,10,540.0,600.0,continue,-0.012350298029301288
v2,Python,ocr_only,11,600.0,660.0,for loop,0.14885328673837864
v2,Python,ocr_only,11,600.0,660.0,for,0.2948381648277345
v2,Python,ocr_only,11,600.0,660.0,iteration,0.005911679798941421
v2,Python,ocr_only,11,600.0,660.0,range,0.2862366022688035
v2,Python,ocr_only,11,600.0,660.0,list,0.15998422689696543
v2,Python,ocr_only,11,600.0,660.0,nested loop,-0.020701807705357973
v2,Python,ocr_only,11,600.0,660.0,index,-0.004543147982356375
v2,Python,ocr_only,11,600.0,660.0,break,-0.009537890377316437
v2,Python,ocr_only,11,600.0,660.0,continue,-0.013621618583092398
v2,Python,ocr_only,12,660.0,720.0,for loop,0.17217952738634756
v2,Python,ocr_only,12,660.0,720.0,for,0.3239560861325643
v2,Python,ocr_only,12,660.0,720.0,iteration,-0.014974374743229279
v2,Python,ocr_only,12,660.0,720.0,range,0.17818624724622287
v2,Python,ocr_only,12,660.0,720.0,list,0.2576389564264784
v2,Python,ocr_only,12,660.0,720.0,nested loop,-0.008452133950782006
v2,Python,ocr_only,12,660.0,720.0,index,0.007363886271074332
v2,Python,ocr_only,12,660.0,720.0,break,0.002672252983079952
v2,Python,ocr_only,12,660.0,720.0,continue,-0.015344951461048485
v2,Python,ocr_only,13,720.0,780.0,for loop,0.15554132999260148
v2,Python,ocr_only,13,720.0,780.0,for,0.28381430999714236
v2,Python,ocr_only,13,720.0,780.0,iteration,0.004002251685781037
v2,Python,ocr_only,13,720.0,780.0,range,0.2785287605751129
v2,Python,ocr_only,13,720.0,780.0,list,0.1892882295745618
v2,Python,ocr_only,13,720.0,780.0,nested loop,-0.002636866160578683
v2,Python,ocr_only,13,720.0,780.0,index,0.003953215512400828
v2,Python,ocr_only,13,720.0,780.0,break,-0.02086973404586447
v2,Python,ocr_only,13,720.0,780.0,continue,-0.013660861670824458
v2,Python,ocr_only,14,780.0,840.0,for loop,0.14050772165324604
v2,Python,ocr_only,14,780.0,840.0,for,0.30747419728101844
v2,Python,ocr_only,14,780.0,840.0,iteration,-0.01602366837332736
v2,Python,ocr_only,14,780.0,840.0,range,0.27037192008175553
v2,Python,ocr_only,14,780.0,840.0,list,0.10108075548569302
v2,Python,ocr_only,14,780.0,840.0,nested loop,-0.004028015540103743
v2,Python,ocr_only,14,780.0,840.0,index,-0.01669119458106872
v2,Python,ocr_only,14,780.0,840.0,break,-0.04756945114712704
v2,Python,ocr_only,14,780.0,840.0,continue,-0.008636303708135411
v2,Python,ocr_only,15,840.0,900.0,for loop,0.11849093765779542
v2,Python,ocr_only,15,840.0,900.0,for,0.2714788064817001
v2,Python,ocr_only,15,840.0,900.0,iteration,-0.04796655999163196
v2,Python,ocr_only,15,840.0,900.0,range,0.24391572012464596
v2,Python,ocr_only,15,840.0,900.0,list,0.025561950022378287
v2,Python,ocr_only,15,840.0,900.0,nested loop,-0.009927720674251126
v2,Python,ocr_only,15,840.0,900.0,index,0.011914255828322517
v2,Python,ocr_only,15,840.0,900.0,break,-0.020142433836121392
v2,Python,ocr_only,15,840.0,900.0,continue,-0.012355256729300726
v3,Java,ocr_only,1,0.0,60.0,class,0.08622882199487909
v3,Java,ocr_only,1,0.0,60.0,object,-0.036261568215643296
v3,Java,ocr_only,1,0.0,60.0,method,-0.011686048207532395
v3,Java,ocr_only,1,0.0,60.0,interface,0.03836806889245752
v3,Java,ocr_only,1,0.0,60.0,implements,0.15018415416719014
v3,Java,ocr_only,1,0.0,60.0,extends,0.022166093434104528
v3,Java,ocr_only,1,0.0,60.0,inheritance,0.06848429890442753
v3,Java,ocr_only,1,0.0,60.0,abstract class,-0.04311729537883854
v3,Java,ocr_only,1,0.0,60.0,abstract method,-0.1761604591685405
v3,Java,ocr_only,2,60.0,120.0,class,0.08614514723975955
v3,Java,ocr_only,2,60.0,120.0,object,0.018087651122124654
v3,Java,ocr_only,2,60.0,120.0,method,-0.019349524202522353
v3,Java,ocr_only,2,60.0,120.0,interface,0.011640656299643627
v3,Java,ocr_only,2,60.0,120.0,implements,0.11673841225572444
v3,Java,ocr_only,2,60.0,120.0,extends,0.05294348263680096
v3,Java,ocr_only,2,60.0,120.0,inheritance,0.0641424399597829
v3,Java,ocr_only,2,60.0,120.0,abstract class,0.11526407278465163
v3,Java,ocr_only,2,60.0,120.0,abstract method,-0.03255800517493849
v3,Java,ocr_only,3,120.0,180.0,class,0.07270423668652075
v3,Java,ocr_only,3,120.0,180.0,object,0.06661981582126757
v3,Java,ocr_only,3,120.0,180.0,method,0.01725236968496975
v3,Java,ocr_only,3,120.0,180.0,interface,0.008370073180876916
v3,Java,ocr_only,3,120.0,180.0,implements,0.05525974116326096
v3,Java,ocr_only,3,120.0,180.0,extends,0.0616686164673466
v3,Java,ocr_only,3,120.0,180.0,inheritance,0.030430601477704006
v3,Java,ocr_only,3,120.0,180.0,abstract class,0.36809622513399337
v3,Java,ocr_only,3,120.0,180.0,abstract method,0.27241747596623855
v3,Java,ocr_only,4,180.0,240.0,class,0.07276280430123834
v3,Java,ocr_only,4,180.0,240.0,object,0.07836032698147113
v3,Java,ocr_only,4,180.0,240.0,method,-0.007335746609968243
v3,Java,ocr_only,4,180.0,240.0,interface,-0.013615445757033759
v3,Java,ocr_only,4,180.0,240.0,implements,0.056666254440456684
v3,Java,ocr_only,4,180.0,240.0,extends,0.07426767753240737
v3,Java,ocr_only,4,180.0,240.0,inheritance,0.0326006787234065
v3,Java,ocr_only,4,180.0,240.0,abstract class,0.39626782158090496
v3,Java,ocr_only,4,180.0,240.0,abstract method,0.2805486776699917
v3,Java,ocr_only,5,240.0,300.0,class,0.06077765936908636
v3,Java,ocr_only,5,240.0,300.0,object,0.0817477994308085
v3,Java,ocr_only,5,240.0,300.0,method,0.005763234623078846
v3,Java,ocr_only,5,240.0,300.0,interface,0.0163263222749018
v3,Java,ocr_only,5,240.0,300.0,implements,0.08192005045686913
v3,Java,ocr_only,5,240.0,300.0,extends,0.05514957315382941
v3,Java,ocr_only,5,240.0,300.0,inheritance,0.007368505348241193
v3,Java,ocr_only,5,240.0,300.0,abstract class,0.42306283850913756
v3,Java,ocr_only,5,240.0,300.0,abstract method,0.32760063980309834
v3,Java,ocr_only,6,300.0,360.0,class,0.032943471239477426
v3,Java,ocr_only,6,300.0,360.0,object,-0.03741418159723419
v3,Java,ocr_only,6,300.0,360.0,method,-0.010356223174517913
v3,Java,ocr_only,6,300.0,360.0,interface,0.1299313157477501
v3,Java,ocr_only,6,300.0,360.0,implements,0.25278162206418225
v3,Java,ocr_only,6,300.0,360.0,extends,0.008540038482764994
v3,Java,ocr_only,6,300.0,360.0,inheritance,0.018499593447574163
v3,Java,ocr_only,6,300.0,360.0,abstract class,0.02535492955669069
v3,Java,ocr_only,6,300.0,360.0,abstract method,-0.07702457704129363
v3,Java,ocr_only,7,360.0,420.0,class,0.038297214459439816
v3,Java,ocr_only,7,360.0,420.0,object,0.04555393016994332
v3,Java,ocr_only,7,360.0,420.0,method,0.0010431884372503128
v3,Java,ocr_only,7,360.0,420.0,interface,0.0348532922071823
v3,Java,ocr_only,7,360.0,420.0,implements,0.102193359942666
v3,Java,ocr_only,7,360.0,420.0,extends,0.03551842904890684
v3,Java,ocr_only,7,360.0,420.0,inheritance,-0.0008262925929065149
v3,Java,ocr_only,7,360.0,420.0,abstract class,0.3344515312859344
v3,Java,ocr_only,7,360.0,420.0,abstract method,0.2539642549136184
v4,SQL,ocr_only,1,0.0,60.0,select,0.09329516711510785
v4,SQL,ocr_only,1,0.0,60.0,where,0.05639462871915598
v4,SQL,ocr_only,1,0.0,60.0,group by,0.6334748123433239
v4,SQL,ocr_only,1,0.0,60.0,having,0.32525248810280033
v4,SQL,ocr_only,1,0.0,60.0,count,0.11615732299598738
v4,SQL,ocr_only,1,0.0,60.0,aggregate function,0.10688427202204137
v4,SQL,ocr_only,1,0.0,60.0,join,0.06165906684425061
v4,SQL,ocr_only,1,0.0,60.0,inner join,0.014792658169093907
v4,SQL,ocr_only,1,0.0,60.0,left join,0.009611704311672456
v4,SQL,ocr_only,1,0.0,60.0,subquery,0.11936689142459257
v4,SQL,ocr_only,1,0.0,60.0,order by,0.37819386432979746
v4,SQL,ocr_only,2,60.0,120.0,select,0.043106097326995475
v4,SQL,ocr_only,2,60.0,120.0,where,-0.04831989548518257
v4,SQL,ocr_only,2,60.0,120.0,group by,0.5046544929241211
v4,SQL,ocr_only,2,60.0,120.0,having,0.23152547104701718
v4,SQL,ocr_only,2,60.0,120.0,count,0.08240493999693797
v4,SQL,ocr_only,2,60.0,120.0,aggregate function,0.07338227864093165
v4,SQL,ocr_only,2,60.0,120.0,join,-0.0323303453911557
v4,SQL,ocr_only,2,60.0,120.0,inner join,-0.040685466725056935
v4,SQL,ocr_only,2,60.0,120.0,left join,0.004012426916240124
v4,SQL,ocr_only,2,60.0,120.0,subquery,0.09304811587830576
v4,SQL,ocr_only,2,60.0,120.0,order by,0.276992630831042
v4,SQL,ocr_only,3,120.0,180.0,select,0.07614783301786518
v4,SQL,ocr_only,3,120.0,180.0,where,0.010624496332003734
v4,SQL,ocr_only,3,120.0,180.0,group by,0.30260670350119345
v4,SQL,ocr_only,3,120.0,180.0,having,0.06828196518877992
v4,SQL,ocr_only,3,120.0,180.0,count,0.14493469062940006
v4,SQL,ocr_only,3,120.0,180.0,aggregate function,0.056925493854922134
v4,SQL,ocr_only,3,120.0,180.0,join,0.03476485051675969
v4,SQL,ocr_only,3,120.0,180.0,inner join,0.027338376151114372
v4,SQL,ocr_only,3,120.0,180.0,left join,0.03439944226305593
v4,SQL,ocr_only,3,120.0,180.0,subquery,0.006484747331419383
v4,SQL,ocr_only,3,120.0,180.0,order by,0.08292547433730557
v4,SQL,ocr_only,4,180.0,240.0,select,0.09161357124047934
v4,SQL,ocr_only,4,180.0,240.0,where,-0.0158211192363936
v4,SQL,ocr_only,4,180.0,240.0,group by,0.13002022416863188
v4,SQL,ocr_only,4,180.0,240.0,having,-0.015960644085416364
v4,SQL,ocr_only,4,180.0,240.0,count,0.09656655624353216
v4,SQL,ocr_only,4,180.0,240.0,aggregate function,0.02239348679806454
v4,SQL,ocr_only,4,180.0,240.0,join,0.0023257804290028722
v4,SQL,ocr_only,4,180.0,240.0,inner join,0.0006005052177326518
v4,SQL,ocr_only,4,180.0,240.0,left join,0.005957871383321172
v4,SQL,ocr_only,4,180.0,240.0,subquery,0.0038062676924718927
v4,SQL,ocr_only,4,180.0,240.0,order by,0.016810816664029758
v4,SQL,ocr_only,5,240.0,300.0,select,0.08193030097509373
v4,SQL,ocr_only,5,240.0,300.0,where,0.007895622163176888
v4,SQL,ocr_only,5,240.0,300.0,group by,0.1474860310442434
v4,SQL,ocr_only,5,240.0,300.0,having,0.040490403460174906
v4,SQL,ocr_only,5,240.0,300.0,count,0.1075263887548966
v4,SQL,ocr_only,5,240.0,300.0,aggregate function,0.032148581185946386
v4,SQL,ocr_only,5,240.0,300.0,join,0.0011599963976454512
v4,SQL,ocr_only,5,240.0,300.0,inner join,-0.003462302410929075
v4,SQL,ocr_only,5,240.0,300.0,left join,0.0050250630069179295
v4,SQL,ocr_only,5,240.0,300.0,subquery,0.010546667508616473
v4,SQL,ocr_only,5,240.0,300.0,order by,0.04317622246256301
v4,SQL,ocr_only,6,300.0,360.0,select,-0.044987865032079154
v4,SQL,ocr_only,6,300.0,360.0,where,0.34227507959486975
v4,SQL,ocr_only,6,300.0,360.0,group by,0.4671695054281522
v4,SQL,ocr_only,6,300.0,360.0,having,0.6268581769579145
v4,SQL,ocr_only,6,300.0,360.0,count,0.14914734700251434
v4,SQL,ocr_only,6,300.0,360.0,aggregate function,0.07642481200283376
v4,SQL,ocr_only,6,300.0,360.0,join,0.04118936417079794
v4,SQL,ocr_only,6,300.0,360.0,inner join,0.003039540505005178
v4,SQL,ocr_only,6,300.0,360.0,left join,0.022709747213804945
v4,SQL,ocr_only,6,300.0,360.0,subquery,0.03351556993449579
v4,SQL,ocr_only,6,300.0,360.0,order by,0.34788142900235763
v4,SQL,ocr_only,7,360.0,420.0,select,0.11199028637893996
v4,SQL,ocr_only,7,360.0,420.0,where,0.029148289891576692
v4,SQL,ocr_only,7,360.0,420.0,group by,0.10936261656502286
v4,SQL,ocr_only,7,360.0,420.0,having,0.11096638326040105
v4,SQL,ocr_only,7,360.0,420.0,count,0.17729841241116603
v4,SQL,ocr_only,7,360.0,420.0,aggregate function,0.10931523836706572
v4,SQL,ocr_only,7,360.0,420.0,join,-0.00463501842532245
v4,SQL,ocr_only,7,360.0,420.0,inner join,-0.008931416446935347
v4,SQL,ocr_only,7,360.0,420.0,left join,0.0010278166202462202
v4,SQL,ocr_only,7,360.0,420.0,subquery,0.05085040330087578
v4,SQL,ocr_only,7,360.0,420.0,order by,0.0905911624884805
v4,SQL,ocr_only,8,420.0,480.0,select,0.09871390632444517
v4,SQL,ocr_only,8,420.0,480.0,where,0.019521339017688003
v4,SQL,ocr_only,8,420.0,480.0,group by,0.03406394223110914
v4,SQL,ocr_only,8,420.0,480.0,having,0.07110364165618131
v4,SQL,ocr_only,8,420.0,480.0,count,0.16029958409621248
v4,SQL,ocr_only,8,420.0,480.0,aggregate function,0.09291963010924284
v4,SQL,ocr_only,8,420.0,480.0,join,0.0002497112475575901
v4,SQL,ocr_only,8,420.0,480.0,inner join,-0.000264520897674018
v4,SQL,ocr_only,8,420.0,480.0,left join,0.010758254126573703
v4,SQL,ocr_only,8,420.0,480.0,subquery,0.03707013674293316
v4,SQL,ocr_only,8,420.0,480.0,order by,0.049706776536074006
v5,Java,ocr_only,1,0.0,60.0,class,0.41812747330029837
v5,Java,ocr_only,1,0.0,60.0,object,0.14756399472890264
v5,Java,ocr_only,1,0.0,60.0,method,0.35400806079789127
v5,Java,ocr_only,1,0.0,60.0,interface,0.27916030413458975
v5,Java,ocr_only,1,0.0,60.0,implements,0.31093101766170445
v5,Java,ocr_only,1,0.0,60.0,extends,0.26951279759126395
v5,Java,ocr_only,1,0.0,60.0,inheritance,0.34325694217759195
v5,Java,ocr_only,1,0.0,60.0,abstract class,0.35354832757949806
v5,Java,ocr_only,1,0.0,60.0,abstract method,0.18690879839049293
v5,Java,ocr_only,2,60.0,120.0,class,0.17774743762637754
v5,Java,ocr_only,2,60.0,120.0,object,0.22630271721844397
v5,Java,ocr_only,2,60.0,120.0,method,0.103477304942397
v5,Java,ocr_only,2,60.0,120.0,interface,0.20507831826562745
v5,Java,ocr_only,2,60.0,120.0,implements,0.398318160607878
v5,Java,ocr_only,2,60.0,120.0,extends,0.18239732819305107
v5,Java,ocr_only,2,60.0,120.0,inheritance,0.15707939394988674
v5,Java,ocr_only,2,60.0,120.0,abstract class,0.18444849483904785
v5,Java,ocr_only,2,60.0,120.0,abstract method,-0.027994512762095105
v5,Java,ocr_only,3,120.0,180.0,class,0.1932423272776806
v5,Java,ocr_only,3,120.0,180.0,object,0.19639527630744083
v5,Java,ocr_only,3,120.0,180.0,method,0.14141183478615396
v5,Java,ocr_only,3,120.0,180.0,interface,0.20264742886299972
v5,Java,ocr_only,3,120.0,180.0,implements,0.36885919540230233
v5,Java,ocr_only,3,120.0,180.0,extends,0.184721416497104
v5,Java,ocr_only,3,120.0,180.0,inheritance,0.17533896578551622
v5,Java,ocr_only,3,120.0,180.0,abstract class,0.19045545940856343
v5,Java,ocr_only,3,120.0,180.0,abstract method,0.00516483082746484
v5,Java,ocr_only,4,180.0,240.0,class,0.20767048052768142
v5,Java,ocr_only,4,180.0,240.0,object,0.19305229959938597
v5,Java,ocr_only,4,180.0,240.0,method,0.1566279988698901
v5,Java,ocr_only,4,180.0,240.0,interface,0.20262478316992757
v5,Java,ocr_only,4,180.0,240.0,implements,0.3616449556743574
v5,Java,ocr_only,4,180.0,240.0,extends,0.18918537264172705
v5,Java,ocr_only,4,180.0,240.0,inheritance,0.18538667498074163
v5,Java,ocr_only,4,180.0,240.0,abstract class,0.20075888169223877
v5,Java,ocr_only,4,180.0,240.0,abstract method,0.01632189081183742
v5,Java,ocr_only,5,240.0,300.0,class,0.18743359800808562
v5,Java,ocr_only,5,240.0,300.0,object,0.19483096696349117
v5,Java,ocr_only,5,240.0,300.0,method,0.13181063716362804
v5,Java,ocr_only,5,240.0,300.0,interface,0.1801777923899556
v5,Java,ocr_only,5,240.0,300.0,implements,0.3478618501150448
v5,Java,ocr_only,5,240.0,300.0,extends,0.18375335150911884
v5,Java,ocr_only,5,240.0,300.0,inheritance,0.17354354423573917
v5,Java,ocr_only,5,240.0,300.0,abstract class,0.18427237923417447
v5,Java,ocr_only,5,240.0,300.0,abstract method,-0.0016194659760244712
v5,Java,ocr_only,6,300.0,360.0,class,0.18664649574188094
v5,Java,ocr_only,6,300.0,360.0,object,0.14342542383364243
v5,Java,ocr_only,6,300.0,360.0,method,0.1444407395206032
v5,Java,ocr_only,6,300.0,360.0,interface,0.15824194782711223
v5,Java,ocr_only,6,300.0,360.0,implements,0.2977462679443687
v5,Java,ocr_only,6,300.0,360.0,extends,0.15877046663839783
v5,Java,ocr_only,6,300.0,360.0,inheritance,0.16461458553263641
v5,Java,ocr_only,6,300.0,360.0,abstract class,0.1805475243527555
v5,Java,ocr_only,6,300.0,360.0,abstract method,0.028192836162639616
v5,Java,ocr_only,7,360.0,420.0,class,0.22762966517398142
v5,Java,ocr_only,7,360.0,420.0,object,0.10951376750855722
v5,Java,ocr_only,7,360.0,420.0,method,0.20447728934236922
v5,Java,ocr_only,7,360.0,420.0,interface,0.16784017697406667
v5,Java,ocr_only,7,360.0,420.0,implements,0.2526230638205421
v5,Java,ocr_only,7,360.0,420.0,extends,0.15699847438372352
v5,Java,ocr_only,7,360.0,420.0,inheritance,0.191972520634385
v5,Java,ocr_only,7,360.0,420.0,abstract class,0.19529551164698092
v5,Java,ocr_only,7,360.0,420.0,abstract method,0.07514827584140092
v6,SQL,ocr_only,1,0.0,60.0,select,0.6358748514506226
v6,SQL,ocr_only,1,0.0,60.0,where,0.44952705808109317
v6,SQL,ocr_only,1,0.0,60.0,group by,0.7663914174773814
v6,SQL,ocr_only,1,0.0,60.0,having,0.366480854913972
v6,SQL,ocr_only,1,0.0,60.0,count,0.17117415336079422
v6,SQL,ocr_only,1,0.0,60.0,aggregate function,0.1270834955121768
v6,SQL,ocr_only,1,0.0,60.0,join,0.4606664096351745
v6,SQL,ocr_only,1,0.0,60.0,inner join,0.31773932942964883
v6,SQL,ocr_only,1,0.0,60.0,left join,0.0461266051110462
v6,SQL,ocr_only,1,0.0,60.0,subquery,0.2802584443950439
v6,SQL,ocr_only,1,0.0,60.0,order by,0.6971403267261335
v6,SQL,ocr_only,2,60.0,120.0,select,0.40673759534940246
v6,SQL,ocr_only,2,60.0,120.0,where,0.1893324534787762
v6,SQL,ocr_only,2,60.0,120.0,group by,0.09253156947585826
v6,SQL,ocr_only,2,60.0,120.0,having,-0.024821700187743382
v6,SQL,ocr_only,2,60.0,120.0,count,-0.020232920809684536
v6,SQL,ocr_only,2,60.0,120.0,aggregate function,-0.042674237486880706
v6,SQL,ocr_only,2,60.0,120.0,join,0.052725185142245896
v6,SQL,ocr_only,2,60.0,120.0,inner join,0.03160174519967671
v6,SQL,ocr_only,2,60.0,120.0,left join,0.24346855130312484
v6,SQL,ocr_only,2,60.0,120.0,subquery,0.007144035863056064
v6,SQL,ocr_only,2,60.0,120.0,order by,0.1660441119769144
v6,SQL,ocr_only,3,120.0,180.0,select,0.3411167254475732
v6,SQL,ocr_only,3,120.0,180.0,where,0.2986255318611669
v6,SQL,ocr_only,3,120.0,180.0,group by,0.13310063623644805
v6,SQL,ocr_only,3,120.0,180.0,having,0.11273151704038753
v6,SQL,ocr_only,3,120.0,180.0,count,-0.006436004441199251
v6,SQL,ocr_only,3,120.0,180.0,aggregate function,-0.03786763589392554
v6,SQL,ocr_only,3,120.0,180.0,join,0.015712844084260952
v6,SQL,ocr_only,3,120.0,180.0,inner join,-0.00447076737082149
v6,SQL,ocr_only,3,120.0,180.0,left join,0.1479053628356581
v6,SQL,ocr_only,3,120.0,180.0,subquery,-0.007011802107574138
v6,SQL,ocr_only,3,120.0,180.0,order by,0.2636701226359558
v6,SQL,ocr_only,4,180.0,240.0,select,0.24086270651809266
v6,SQL,ocr_only,4,180.0,240.0,where,0.10884570625623129
v6,SQL,ocr_only,4,180.0,240.0,group by,0.3145666393507081
v6,SQL,ocr_only,4,180.0,240.0,having,-0.009349127206997333
v6,SQL,ocr_only,4,180.0,240.0,count,0.09835272245218787
v6,SQL,ocr_only,4,180.0,240.0,aggregate function,0.09983800674747256
v6,SQL,ocr_only,4,180.0,240.0,join,-0.023541047809775124
v6,SQL,ocr_only,4,180.0,240.0,inner join,-0.034122242412167436
v6,SQL,ocr_only,4,180.0,240.0,left join,0.140560606014127
v6,SQL,ocr_only,4,180.0,240.0,subquery,-0.04733046908417878
v6,SQL,ocr_only,4,180.0,240.0,order by,0.2309574207018214
v6,SQL,ocr_only,5,240.0,300.0,select,0.12904418514830485
v6,SQL,ocr_only,5,240.0,300.0,where,-0.05485660788733229
v6,SQL,ocr_only,5,240.0,300.0,group by,0.4841110592254977
v6,SQL,ocr_only,5,240.0,300.0,having,-0.13576244259380305
v6,SQL,ocr_only,5,240.0,300.0,count,0.0009267098955678739
v6,SQL,ocr_only,5,240.0,300.0,aggregate function,0.0003101970753759763
v6,SQL,ocr_only,5,240.0,300.0,join,0.025282131851290773
v6,SQL,ocr_only,5,240.0,300.0,inner join,0.00474961574719671
v6,SQL,ocr_only,5,240.0,300.0,left join,0.04757536962085206
v6,SQL,ocr_only,5,240.0,300.0,subquery,0.044644141549423005
v6,SQL,ocr_only,5,240.0,300.0,order by,0.14244452993606666
v6,SQL,ocr_only,6,300.0,360.0,select,0.16861937116605635
v6,SQL,ocr_only,6,300.0,360.0,where,0.08703088677526116
v6,SQL,ocr_only,6,300.0,360.0,group by,0.3099549250867446
v6,SQL,ocr_only,6,300.0,360.0,having,0.00796514875666928
v6,SQL,ocr_only,6,300.0,360.0,count,0.20901159181984993
v6,SQL,ocr_only,6,300.0,360.0,aggregate function,0.2139479617864697
v6,SQL,ocr_only,6,300.0,360.0,join,-0.04416606832339172
v6,SQL,ocr_only,6,300.0,360.0,inner join,-0.04485901406280093
v6,SQL,ocr_only,6,300.0,360.0,left join,0.1498193839774608
v6,SQL,ocr_only,6,300.0,360.0,subquery,-0.06433323020177112
v6,SQL,ocr_only,6,300.0,360.0,order by,0.161425456672818
v6,SQL,ocr_only,7,360.0,420.0,select,0.43342390479347875
v6,SQL,ocr_only,7,360.0,420.0,where,0.17360087213070688
v6,SQL,ocr_only,7,360.0,420.0,group by,0.32148679780012585
v6,SQL,ocr_only,7,360.0,420.0,having,0.38299030202558804
v6,SQL,ocr_only,7,360.0,420.0,count,0.31506568882834346
v6,SQL,ocr_only,7,360.0,420.0,aggregate function,0.3340220439531885
v6,SQL,ocr_only,7,360.0,420.0,join,-0.04141973066993648
v6,SQL,ocr_only,7,360.0,420.0,inner join,-0.07031748858294827
v6,SQL,ocr_only,7,360.0,420.0,left join,0.10319893519649248
v6,SQL,ocr_only,7,360.0,420.0,subquery,0.22569626143610882
v6,SQL,ocr_only,7,360.0,420.0,order by,0.5717694990151347
v6,SQL,ocr_only,8,420.0,480.0,select,0.4299421522751739
v6,SQL,ocr_only,8,420.0,480.0,where,-0.019522807212689113
v6,SQL,ocr_only,8,420.0,480.0,group by,0.02599178852994712
v6,SQL,ocr_only,8,420.0,480.0,having,0.6375166684390591
v6,SQL,ocr_only,8,420.0,480.0,count,0.40710741561129415
v6,SQL,ocr_only,8,420.0,480.0,aggregate function,0.4611981665540066
v6,SQL,ocr_only,8,420.0,480.0,join,-0.07589312214610941
v6,SQL,ocr_only,8,420.0,480.0,inner join,-0.09898499683724016
v6,SQL,ocr_only,8,420.0,480.0,left join,0.07858190979298926
v6,SQL,ocr_only,8,420.0,480.0,subquery,0.581385665326314
v6,SQL,ocr_only,8,420.0,480.0,order by,0.682304646074417
v7,SQL,ocr_only,1,0.0,60.0,select,-0.05878394804182843
v7,SQL,ocr_only,1,0.0,60.0,where,0.038059979683550335
v7,SQL,ocr_only,1,0.0,60.0,group by,-0.03488161824727981
v7,SQL,ocr_only,1,0.0,60.0,having,0.026629578398935205
v7,SQL,ocr_only,1,0.0,60.0,count,0.038034564514696695
v7,SQL,ocr_only,1,0.0,60.0,aggregate function,0.04228059864157502
v7,SQL,ocr_only,1,0.0,60.0,join,-0.001400446220550406
v7,SQL,ocr_only,1,0.0,60.0,inner join,-0.025252359961847846
v7,SQL,ocr_only,1,0.0,60.0,left join,0.015821438940882438
v7,SQL,ocr_only,1,0.0,60.0,subquery,-0.044883846276708945
v7,SQL,ocr_only,1,0.0,60.0,order by,-0.06743198072028464
v8,SQL,ocr_only,1,0.0,60.0,select,-0.005028551816958478
v8,SQL,ocr_only,1,0.0,60.0,where,-0.0005329288016776258
v8,SQL,ocr_only,1,0.0,60.0,group by,0.002076347116871606
v8,SQL,ocr_only,1,0.0,60.0,having,-0.0068124516374289765
v8,SQL,ocr_only,1,0.0,60.0,count,0.010612002861349246
v8,SQL,ocr_only,1,0.0,60.0,aggregate function,0.007932001498936006
v8,SQL,ocr_only,1,0.0,60.0,join,-0.0006953776782936562
v8,SQL,ocr_only,1,0.0,60.0,inner join,-0.00543524932950192
v8,SQL,ocr_only,1,0.0,60.0,left join,0.01607901431757582
v8,SQL,ocr_only,1,0.0,60.0,subquery,-0.0021734374406720105
v8,SQL,ocr_only,1,0.0,60.0,order by,0.0010366699458794536
v8,SQL,ocr_only,2,60.0,120.0,select,-0.0066184065429916875
v8,SQL,ocr_only,2,60.0,120.0,where,0.003713237886706424
v8,SQL,ocr_only,2,60.0,120.0,group by,0.01293455846541101
v8,SQL,ocr_only,2,60.0,120.0,having,-0.008132764330982527
v8,SQL,ocr_only,2,60.0,120.0,count,0.025605047747428368
v8,SQL,ocr_only,2,60.0,120.0,aggregate function,-0.0008146412397774676
v8,SQL,ocr_only,2,60.0,120.0,join,-0.014746668250961078
v8,SQL,ocr_only,2,60.0,120.0,inner join,-0.0213825987730376
v8,SQL,ocr_only,2,60.0,120.0,left join,0.028955633897362422
v8,SQL,ocr_only,2,60.0,120.0,subquery,-0.004551952366207464
v8,SQL,ocr_only,2,60.0,120.0,order by,0.00584131948969646
v8,SQL,ocr_only,3,120.0,180.0,select,0.34812461130607464
v8,SQL,ocr_only,3,120.0,180.0,where,-0.003607382775296652
v8,SQL,ocr_only,3,120.0,180.0,group by,0.18765492688791072
v8,SQL,ocr_only,3,120.0,180.0,having,-0.004358415310921156
v8,SQL,ocr_only,3,120.0,180.0,count,0.0733775313262604
v8,SQL,ocr_only,3,120.0,180.0,aggregate function,0.09189015037745514
v8,SQL,ocr_only,3,120.0,180.0,join,0.19742591945137283
v8,SQL,ocr_only,3,120.0,180.0,inner join,0.16682249673318414
v8,SQL,ocr_only,3,120.0,180.0,left join,0.06676062740227165
v8,SQL,ocr_only,3,120.0,180.0,subquery,0.2631225079881802
v8,SQL,ocr_only,3,120.0,180.0,order by,0.2666428957523461
v8,SQL,ocr_only,4,180.0,240.0,select,0.022320473458598437
v8,SQL,ocr_only,4,180.0,240.0,where,0.004124021269820618
v8,SQL,ocr_only,4,180.0,240.0,group by,0.0027560694619621993
v8,SQL,ocr_only,4,180.0,240.0,having,-0.007777882168444356
v8,SQL,ocr_only,4,180.0,240.0,count,0.0006902998146644248
v8,SQL,ocr_only,4,180.0,240.0,aggregate function,0.003544838937755899
v8,SQL,ocr_only,4,180.0,240.0,join,0.011613987493081892
v8,SQL,ocr_only,4,180.0,240.0,inner join,0.015425429533045548
v8,SQL,ocr_only,4,180.0,240.0,left join,0.003035136010871882
v8,SQL,ocr_only,4,180.0,240.0,subquery,0.020765111958613358
v8,SQL,ocr_only,4,180.0,240.0,order by,0.010853056158225313
v8,SQL,ocr_only,5,240.0,300.0,select,0.019831543321547514
v8,SQL,ocr_only,5,240.0,300.0,where,0.00838757912821302
v8,SQL,ocr_only,5,240.0,300.0,group by,0.00031242626539681437
v8,SQL,ocr_only,5,240.0,300.0,having,0.0004863497375299994
v8,SQL,ocr_only,5,240.0,300.0,count,0.001887902936420249
v8,SQL,ocr_only,5,240.0,300.0,aggregate function,0.00043042592043715863
v8,SQL,ocr_only,5,240.0,300.0,join,-0.00041091238977499465
v8,SQL,ocr_only,5,240.0,300.0,inner join,-0.010732469179688772
v8,SQL,ocr_only,5,240.0,300.0,left join,0.0032339511674438133
v8,SQL,ocr_only,5,240.0,300.0,subquery,0.017877567824797453
v8,SQL,ocr_only,5,240.0,300.0,order by,0.0024466420332395515
v8,SQL,ocr_only,6,300.0,360.0,select,0.016205538302522204
v8,SQL,ocr_only,6,300.0,360.0,where,0.00855693885443967
v8,SQL,ocr_only,6,300.0,360.0,group by,-0.0004146467609744964
v8,SQL,ocr_only,6,300.0,360.0,having,0.00024253464744002797
v8,SQL,ocr_only,6,300.0,360.0,count,0.001467644666863794
v8,SQL,ocr_only,6,300.0,360.0,aggregate function,0.0009140137689801503
v8,SQL,ocr_only,6,300.0,360.0,join,0.00027860699272474934
v8,SQL,ocr_only,6,300.0,360.0,inner join,-0.007734225313194674
v8,SQL,ocr_only,6,300.0,360.0,left join,0.0026098630662980985
v8,SQL,ocr_only,6,300.0,360.0,subquery,0.015870073777600035
v8,SQL,ocr_only,6,300.0,360.0,order by,0.0006764003042671696
v8,SQL,ocr_only,7,360.0,420.0,select,0.021779310489976365
v8,SQL,ocr_only,7,360.0,420.0,where,0.015327095053417937
v8,SQL,ocr_only,7,360.0,420.0,group by,0.001349418245295561
v8,SQL,ocr_only,7,360.0,420.0,having,0.004187373585692839
v8,SQL,ocr_only,7,360.0,420.0,count,0.0026284230473109433
v8,SQL,ocr_only,7,360.0,420.0,aggregate function,-0.0005686199333352014
v8,SQL,ocr_only,7,360.0,420.0,join,0.0017934318472256714
v8,SQL,ocr_only,7,360.0,420.0,inner join,-0.00889919040794359
v8,SQL,ocr_only,7,360.0,420.0,left join,0.004137250425666745
v8,SQL,ocr_only,7,360.0,420.0,subquery,0.017762611122922396
v8,SQL,ocr_only,7,360.0,420.0,order by,0.00410941073797179
v8,SQL,ocr_only,8,420.0,480.0,select,0.03523644713276987
v8,SQL,ocr_only,8,420.0,480.0,where,0.018431029255557698
v8,SQL,ocr_only,8,420.0,480.0,group by,0.004567859037187954
v8,SQL,ocr_only,8,420.0,480.0,having,0.00979556664832104
v8,SQL,ocr_only,8,420.0,480.0,count,-0.0012562355596317
v8,SQL,ocr_only,8,420.0,480.0,aggregate function,-0.0025738628441250265
v8,SQL,ocr_only,8,420.0,480.0,join,0.0033677403666508023
v8,SQL,ocr_only,8,420.0,480.0,inner join,0.010316528357931511
v8,SQL,ocr_only,8,420.0,480.0,left join,-0.003897800434835932
v8,SQL,ocr_only,8,420.0,480.0,subquery,0.028236200795888143
v8,SQL,ocr_only,8,420.0,480.0,order by,0.02338831788395922
v8,SQL,ocr_only,9,480.0,540.0,select,0.01936104510043626
v8,SQL,ocr_only,9,480.0,540.0,where,0.01294179986881433
v8,SQL,ocr_only,9,480.0,540.0,group by,0.0007782732592062901
v8,SQL,ocr_only,9,480.0,540.0,having,0.0033105003989589467
v8,SQL,ocr_only,9,480.0,540.0,count,0.0018785052152297645
v8,SQL,ocr_only,9,480.0,540.0,aggregate function,-0.00047283368743381785
v8,SQL,ocr_only,9,480.0,540.0,join,0.0012502003157849558
v8,SQL,ocr_only,9,480.0,540.0,inner join,-0.0055566382754369086
v8,SQL,ocr_only,9,480.0,540.0,left join,0.0016310564256293257
v8,SQL,ocr_only,9,480.0,540.0,subquery,0.018075184611319902
v8,SQL,ocr_only,9,480.0,540.0,order by,0.004860880866101545
v8,SQL,ocr_only,10,540.0,600.0,select,0.017673035548931963
v8,SQL,ocr_only,10,540.0,600.0,where,0.01567158342663627
v8,SQL,ocr_only,10,540.0,600.0,group by,0.0014136505424761088
v8,SQL,ocr_only,10,540.0,600.0,having,0.003953549362252565
v8,SQL,ocr_only,10,540.0,600.0,count,0.0033720913062286273
v8,SQL,ocr_only,10,540.0,600.0,aggregate function,-0.00015014871268375206
v8,SQL,ocr_only,10,540.0,600.0,join,0.0014246659892827032
v8,SQL,ocr_only,10,540.0,600.0,inner join,-0.008786556211931426
v8,SQL,ocr_only,10,540.0,600.0,left join,0.0032453686584665467
v8,SQL,ocr_only,10,540.0,600.0,subquery,0.015253950011548615
v8,SQL,ocr_only,10,540.0,600.0,order by,0.001937683852549096
v8,SQL,ocr_only,11,600.0,660.0,select,0.022668656475893514
v8,SQL,ocr_only,11,600.0,660.0,where,0.009491269462629605
v8,SQL,ocr_only,11,600.0,660.0,group by,0.004424489038428889
v8,SQL,ocr_only,11,600.0,660.0,having,0.0033670054315314626
v8,SQL,ocr_only,11,600.0,660.0,count,0.0008904008788464569
v8,SQL,ocr_only,11,600.0,660.0,aggregate function,2.3283807187832878e-05
v8,SQL,ocr_only,11,600.0,660.0,join,-0.0015646787548050795
v8,SQL,ocr_only,11,600.0,660.0,inner join,-0.014145183607660193
v8,SQL,ocr_only,11,600.0,660.0,left join,0.0009491688102192186
v8,SQL,ocr_only,11,600.0,660.0,subquery,0.020135735782512564
v8,SQL,ocr_only,11,600.0,660.0,order by,0.009030440043446317
v8,SQL,ocr_only,12,660.0,720.0,select,0.012279635127874703
v8,SQL,ocr_only,12,660.0,720.0,where,0.0035614018604916025
v8,SQL,ocr_only,12,660.0,720.0,group by,-0.009928632678762223
v8,SQL,ocr_only,12,660.0,720.0,having,0.004721615998744445
v8,SQL,ocr_only,12,660.0,720.0,count,-0.0008292667269206846
v8,SQL,ocr_only,12,660.0,720.0,aggregate function,-0.0033451055524624986
v8,SQL,ocr_only,12,660.0,720.0,join,0.010629385868730657
v8,SQL,ocr_only,12,660.0,720.0,inner join,0.011735648484163204
v8,SQL,ocr_only,12,660.0,720.0,left join,0.042370110026290424
v8,SQL,ocr_only,12,660.0,720.0,subquery,0.011728263833912789
v8,SQL,ocr_only,12,660.0,720.0,order by,-0.003595155468582001
v8,SQL,ocr_only,13,720.0,780.0,select,0.022074211864803992
v8,SQL,ocr_only,13,720.0,780.0,where,-0.013803815811746785
v8,SQL,ocr_only,13,720.0,780.0,group by,0.0013336886596720533
v8,SQL,ocr_only,13,720.0,780.0,having,-0.00864053293586112
v8,SQL,ocr_only,13,720.0,780.0,count,-0.007804090630244015
v8,SQL,ocr_only,13,720.0,780.0,aggregate function,0.0017449515979643707
v8,SQL,ocr_only,13,720.0,780.0,join,0.004711558048392114
v8,SQL,ocr_only,13,720.0,780.0,inner join,0.07581382431767658
v8,SQL,ocr_only,13,720.0,780.0,left join,-0.001148835234114879
v8,SQL,ocr_only,13,720.0,780.0,subquery,0.019024069331564815
v8,SQL,ocr_only,13,720.0,780.0,order by,0.035741487941012444
v8,SQL,ocr_only,14,780.0,840.0,select,0.009932094951936452
v8,SQL,ocr_only,14,780.0,840.0,where,0.0026083723000124856
v8,SQL,ocr_only,14,780.0,840.0,group by,-0.001876741090166929
v8,SQL,ocr_only,14,780.0,840.0,having,-0.0030157685559002133
v8,SQL,ocr_only,14,780.0,840.0,count,-0.003413412280913609
v8,SQL,ocr_only,14,780.0,840.0,aggregate function,0.001723113748439792
v8,SQL,ocr_only,14,780.0,840.0,join,0.00785025187751737
v8,SQL,ocr_only,14,780.0,840.0,inner join,0.03345818061532614
v8,SQL,ocr_only,14,780.0,840.0,left join,0.004386525752143038
v8,SQL,ocr_only,14,780.0,840.0,subquery,0.00768189065151086
v8,SQL,ocr_only,14,780.0,840.0,order by,0.005688112558322511
v8,SQL,ocr_only,15,840.0,900.0,select,0.014493130541791677
v8,SQL,ocr_only,15,840.0,900.0,where,0.000338657359729636
v8,SQL,ocr_only,15,840.0,900.0,group by,0.01101705746841098
v8,SQL,ocr_only,15,840.0,900.0,having,-0.0038847712229160775
v8,SQL,ocr_only,15,840.0,900.0,count,-0.0007996223490095052
v8,SQL,ocr_only,15,840.0,900.0,aggregate function,0.006960465162278797
v8,SQL,ocr_only,15,840.0,900.0,join,0.017582895245284842
v8,SQL,ocr_only,15,840.0,900.0,inner join,0.05584729851731356
v8,SQL,ocr_only,15,840.0,900.0,left join,0.011782933474768711
v8,SQL,ocr_only,15,840.0,900.0,subquery,0.00874165506607974
v8,SQL,ocr_only,15,840.0,900.0,order by,0.01599630178113378
v8,SQL,ocr_only,16,900.0,960.0,select,0.019605301362755626
v8,SQL,ocr_only,16,900.0,960.0,where,-0.02133241851594963
v8,SQL,ocr_only,16,900.0,960.0,group by,0.0894916554911603
v8,SQL,ocr_only,16,900.0,960.0,having,-0.0029743711424075996
v8,SQL,ocr_only,16,900.0,960.0,count,-0.005399858221292909
v8,SQL,ocr_only,16,900.0,960.0,aggregate function,0.02403266794106729
v8,SQL,ocr_only,16,900.0,960.0,join,0.03994027201796894
v8,SQL,ocr_only,16,900.0,960.0,inner join,0.19872867275394088
v8,SQL,ocr_only,16,900.0,960.0,left join,-0.0025346114167673424
v8,SQL,ocr_only,16,900.0,960.0,subquery,0.0041063367365892596
v8,SQL,ocr_only,16,900.0,960.0,order by,0.1110726357074542
v8,SQL,ocr_only,17,960.0,1020.0,select,0.019335349633144622
v8,SQL,ocr_only,17,960.0,1020.0,where,-0.00043494721092328473
v8,SQL,ocr_only,17,960.0,1020.0,group by,0.06246195101051575
v8,SQL,ocr_only,17,960.0,1020.0,having,0.028984676502175327
v8,SQL,ocr_only,17,960.0,1020.0,count,0.005260304830273276
v8,SQL,ocr_only,17,960.0,1020.0,aggregate function,0.015529884782602756
v8,SQL,ocr_only,17,960.0,1020.0,join,0.025696728210635254
v8,SQL,ocr_only,17,960.0,1020.0,inner join,0.19041996000245956
v8,SQL,ocr_only,17,960.0,1020.0,left join,-0.009661920529297182
v8,SQL,ocr_only,17,960.0,1020.0,subquery,0.016677828097351376
v8,SQL,ocr_only,17,960.0,1020.0,order by,0.12692229037408645
v8,SQL,ocr_only,18,1020.0,1080.0,select,0.0
v8,SQL,ocr_only,18,1020.0,1080.0,where,0.0
v8,SQL,ocr_only,18,1020.0,1080.0,group by,0.0
v8,SQL,ocr_only,18,1020.0,1080.0,having,0.0
v8,SQL,ocr_only,18,1020.0,1080.0,count,0.0
v8,SQL,ocr_only,18,1020.0,1080.0,aggregate function,0.0
v8,SQL,ocr_only,18,1020.0,1080.0,join,0.0
v8,SQL,ocr_only,18,1020.0,1080.0,inner join,0.0
v8,SQL,ocr_only,18,1020.0,1080.0,left join,0.0
v8,SQL,ocr_only,18,1020.0,1080.0,subquery,0.0
v8,SQL,ocr_only,18,1020.0,1080.0,order by,0.0
v9,SQL,ocr_only,1,0.0,60.0,select,0.03198490212408
v9,SQL,ocr_only,1,0.0,60.0,where,0.010343785502744595
v9,SQL,ocr_only,1,0.0,60.0,group by,0.013549742509129986
v9,SQL,ocr_only,1,0.0,60.0,having,0.011234758653218832
v9,SQL,ocr_only,1,0.0,60.0,count,0.2125512039606982
v9,SQL,ocr_only,1,0.0,60.0,aggregate function,0.23661051758056945
v9,SQL,ocr_only,1,0.0,60.0,join,0.14707441954248335
v9,SQL,ocr_only,1,0.0,60.0,inner join,0.0135461433806873
v9,SQL,ocr_only,1,0.0,60.0,left join,0.006953490003062287
v9,SQL,ocr_only,1,0.0,60.0,subquery,0.03222750304534799
v9,SQL,ocr_only,1,0.0,60.0,order by,0.013318898468666988
v9,SQL,ocr_only,2,60.0,120.0,select,0.006480543929491881
v9,SQL,ocr_only,2,60.0,120.0,where,-0.0063999571914293485
v9,SQL,ocr_only,2,60.0,120.0,group by,-0.011351003344046172
v9,SQL,ocr_only,2,60.0,120.0,having,-0.00649085832770601
v9,SQL,ocr_only,2,60.0,120.0,count,0.17844662467497924
v9,SQL,ocr_only,2,60.0,120.0,aggregate function,0.20310856355244336
v9,SQL,ocr_only,2,60.0,120.0,join,0.11053654477110399
v9,SQL,ocr_only,2,60.0,120.0,inner join,-0.01852601562556701
v9,SQL,ocr_only,2,60.0,120.0,left join,-0.006927451634767045
v9,SQL,ocr_only,2,60.0,120.0,subquery,0.009413608499465464
v9,SQL,ocr_only,2,60.0,120.0,order by,-0.00928487558348589
v9,SQL,ocr_only,3,120.0,180.0,select,-0.005128765272162519
v9,SQL,ocr_only,3,120.0,180.0,where,0.004359060967694325
v9,SQL,ocr_only,3,120.0,180.0,group by,0.037553851431763215
v9,SQL,ocr_only,3,120.0,180.0,having,0.005254224106005275
v9,SQL,ocr_only,3,120.0,180.0,count,0.2662426521432869
v9,SQL,ocr_only,3,120.0,180.0,aggregate function,0.28609392227540137
v9,SQL,ocr_only,3,120.0,180.0,join,0.13014981406519813
v9,SQL,ocr_only,3,120.0,180.0,inner join,0.0025378694776936237
v9,SQL,ocr_only,3,120.0,180.0,left join,-0.004257000174323607
v9,SQL,ocr_only,3,120.0,180.0,subquery,0.0021665135773280457
v9,SQL,ocr_only,3,120.0,180.0,order by,-0.005059631608527254
v9,SQL,ocr_only,4,180.0,240.0,select,0.29780521872039434
v9,SQL,ocr_only,4,180.0,240.0,where,0.15255344160488554
v9,SQL,ocr_only,4,180.0,240.0,group by,0.12104643532111178
v9,SQL,ocr_only,4,180.0,240.0,having,-0.0034513547393121955
v9,SQL,ocr_only,4,180.0,240.0,count,0.14500492059856232
v9,SQL,ocr_only,4,180.0,240.0,aggregate function,0.06628313681325027
v9,SQL,ocr_only,4,180.0,240.0,join,0.20108814897065766
v9,SQL,ocr_only,4,180.0,240.0,inner join,0.23385282078293296
v9,SQL,ocr_only,4,180.0,240.0,left join,0.21734918856963328
v9,SQL,ocr_only,4,180.0,240.0,subquery,0.006581839242139518
v9,SQL,ocr_only,4,180.0,240.0,order by,-0.020966386087440843
v9,SQL,ocr_only,5,240.0,300.0,select,0.28174963700325284
v9,SQL,ocr_only,5,240.0,300.0,where,0.1163581970814584
v9,SQL,ocr_only,5,240.0,300.0,group by,0.09727744016762732
v9,SQL,ocr_only,5,240.0,300.0,having,-0.003819222099018691
v9,SQL,ocr_only,5,240.0,300.0,count,0.12409021173960301
v9,SQL,ocr_only,5,240.0,300.0,aggregate function,0.054474016414875884
v9,SQL,ocr_only,5,240.0,300.0,join,0.1347629434405077
v9,SQL,ocr_only,5,240.0,300.0,inner join,0.17890567931604842
v9,SQL,ocr_only,5,240.0,300.0,left join,0.18068957305379915
v9,SQL,ocr_only,5,240.0,300.0,subquery,0.004673786098236904
v9,SQL,ocr_only,5,240.0,300.0,order by,-0.008030350663501775
v9,SQL,ocr_only,6,300.0,360.0,select,0.27289268534664485
v9,SQL,ocr_only,6,300.0,360.0,where,0.11669999850741007
v9,SQL,ocr_only,6,300.0,360.0,group by,0.09247790089590828
v9,SQL,ocr_only,6,300.0,360.0,having,-0.0008290376253886913
v9,SQL,ocr_only,6,300.0,360.0,count,0.12411540914720538
v9,SQL,ocr_only,6,300.0,360.0,aggregate function,0.05508685603092382
v9,SQL,ocr_only,6,300.0,360.0,join,0.13425231908579296
v9,SQL,ocr_only,6,300.0,360.0,inner join,0.1791022996959378
v9,SQL,ocr_only,6,300.0,360.0,left join,0.18375889637017873
v9,SQL,ocr_only,6,300.0,360.0,subquery,0.003043953915867686
v9,SQL,ocr_only,6,300.0,360.0,order by,-0.017186563707395755
v9,SQL,ocr_only,7,360.0,420.0,select,0.18109641307521426
v9,SQL,ocr_only,7,360.0,420.0,where,-0.036228797441225265
v9,SQL,ocr_only,7,360.0,420.0,group by,0.0783901256024921
v9,SQL,ocr_only,7,360.0,420.0,having,-0.008889601025012066
v9,SQL,ocr_only,7,360.0,420.0,count,0.058020162476491915
v9,SQL,ocr_only,7,360.0,420.0,aggregate function,0.19278551034699998
v9,SQL,ocr_only,7,360.0,420.0,join,-0.04374596610601577
v9,SQL,ocr_only,7,360.0,420.0,inner join,-0.03735209820614816
v9,SQL,ocr_only,7,360.0,420.0,left join,-0.047501000274160446
v9,SQL,ocr_only,7,360.0,420.0,subquery,-0.001147732855974639
v9,SQL,ocr_only,7,360.0,420.0,order by,0.07482231387572989
v9,SQL,ocr_only,8,420.0,480.0,select,0.18327656365894593
v9,SQL,ocr_only,8,420.0,480.0,where,-0.03290422074554569
v9,SQL,ocr_only,8,420.0,480.0,group by,0.07102405385440247
v9,SQL,ocr_only,8,420.0,480.0,having,-0.005446701125069981
v9,SQL,ocr_only,8,420.0,480.0,count,0.059617325130404825
v9,SQL,ocr_only,8,420.0,480.0,aggregate function,0.1843933340291243
v9,SQL,ocr_only,8,420.0,480.0,join,-0.04811517389611557
v9,SQL,ocr_only,8,420.0,480.0,inner join,-0.036093826472450775
v9,SQL,ocr_only,8,420.0,480.0,left join,-0.0437171410907591
v9,SQL,ocr_only,8,420.0,480.0,subquery,-0.00010454787202037976
v9,SQL,ocr_only,8,420.0,480.0,order by,0.07581656497033884
v9,SQL,ocr_only,9,480.0,540.0,select,0.16550800594801723
v9,SQL,ocr_only,9,480.0,540.0,where,0.0033343885020219954
v9,SQL,ocr_only,9,480.0,540.0,group by,0.11343749378391166
v9,SQL,ocr_only,9,480.0,540.0,having,0.008814647516212202
v9,SQL,ocr_only,9,480.0,540.0,count,0.04909132041397601
v9,SQL,ocr_only,9,480.0,540.0,aggregate function,0.03699408146616707
v9,SQL,ocr_only,9,480.0,540.0,join,-0.007180693855540266
v9,SQL,ocr_only,9,480.0,540.0,inner join,0.003980608037904247
v9,SQL,ocr_only,9,480.0,540.0,left join,0.02315548501717789
v9,SQL,ocr_only,9,480.0,540.0,subquery,-0.005918670220774629
v9,SQL,ocr_only,9,480.0,540.0,order by,0.1485453919721619
v9,SQL,ocr_only,10,540.0,600.0,select,0.1467470496927944
v9,SQL,ocr_only,10,540.0,600.0,where,0.01237133738318153
v9,SQL,ocr_only,10,540.0,600.0,group by,0.13141493204530283
v9,SQL,ocr_only,10,540.0,600.0,having,0.01222848595944985
v9,SQL,ocr_only,10,540.0,600.0,count,0.03228021963104694
v9,SQL,ocr_only,10,540.0,600.0,aggregate function,0.019069155057841413
v9,SQL,ocr_only,10,540.0,600.0,join,0.004200689943617438
v9,SQL,ocr_only,10,540.0,600.0,inner join,-0.006480526382488059
v9,SQL,ocr_only,10,540.0,600.0,left join,0.00234434672090541
v9,SQL,ocr_only,10,540.0,600.0,subquery,-0.000255928130097285
v9,SQL,ocr_only,10,540.0,600.0,order by,0.1740858196514666
v9,SQL,ocr_only,11,600.0,660.0,select,0.1278570967161467
v9,SQL,ocr_only,11,600.0,660.0,where,0.0012401472780285883
v9,SQL,ocr_only,11,600.0,660.0,group by,0.14699858699707577
v9,SQL,ocr_only,11,600.0,660.0,having,-0.009298997564270278
v9,SQL,ocr_only,11,600.0,660.0,count,0.02525635425639372
v9,SQL,ocr_only,11,600.0,660.0,aggregate function,0.01017659557560395
v9,SQL,ocr_only,11,600.0,660.0,join,0.008822684131417879
v9,SQL,ocr_only,11,600.0,660.0,inner join,-0.005598240100780407
v9,SQL,ocr_only,11,600.0,660.0,left join,0.0057924956373184774
v9,SQL,ocr_only,11,600.0,660.0,subquery,-0.00478817018039076
v9,SQL,ocr_only,11,600.0,660.0,order by,0.16494792447686327
v9,SQL,ocr_only,12,660.0,720.0,select,0.09089497041725943
v9,SQL,ocr_only,12,660.0,720.0,where,0.009210523388679783
v9,SQL,ocr_only,12,660.0,720.0,group by,0.10054221496159423
v9,SQL,ocr_only,12,660.0,720.0,having,0.005755445947183888
v9,SQL,ocr_only,12,660.0,720.0,count,0.14165739182495993
v9,SQL,ocr_only,12,660.0,720.0,aggregate function,0.13116332372691705
v9,SQL,ocr_only,12,660.0,720.0,join,0.013641379333189069
v9,SQL,ocr_only,12,660.0,720.0,inner join,0.008968607592496285
v9,SQL,ocr_only,12,660.0,720.0,left join,0.004718677816364245
v9,SQL,ocr_only,12,660.0,720.0,subquery,-0.01893879879453867
v9,SQL,ocr_only,12,660.0,720.0,order by,0.14080594086238007
v10,SQL,ocr_only,1,0.0,60.0,select,0.20194419130840066
v10,SQL,ocr_only,1,0.0,60.0,where,-0.03665973388938664
v10,SQL,ocr_only,1,0.0,60.0,group by,0.19835221323110605
v10,SQL,ocr_only,1,0.0,60.0,having,0.08473046033831712
v10,SQL,ocr_only,1,0.0,60.0,count,-0.010548116871060408
v10,SQL,ocr_only,1,0.0,60.0,aggregate function,-0.01993998086054929
v10,SQL,ocr_only,1,0.0,60.0,join,-0.07172768387744013
v10,SQL,ocr_only,1,0.0,60.0,inner join,-0.039242597114750526
v10,SQL,ocr_only,1,0.0,60.0,left join,0.08467914109009199
v10,SQL,ocr_only,1,0.0,60.0,subquery,0.043002302654884215
v10,SQL,ocr_only,1,0.0,60.0,order by,0.11985167902317474
v10,SQL,ocr_only,2,60.0,120.0,select,0.19650396423112737
v10,SQL,ocr_only,2,60.0,120.0,where,0.006612684072279462
v10,SQL,ocr_only,2,60.0,120.0,group by,0.5321068191065622
v10,SQL,ocr_only,2,60.0,120.0,having,0.07022122005718427
v10,SQL,ocr_only,2,60.0,120.0,count,0.010241873870848298
v10,SQL,ocr_only,2,60.0,120.0,aggregate function,-0.002413131361109216
v10,SQL,ocr_only,2,60.0,120.0,join,-0.025158504060977527
v10,SQL,ocr_only,2,60.0,120.0,inner join,-0.028859737996444163
v10,SQL,ocr_only,2,60.0,120.0,left join,-0.0073892103626615755
v10,SQL,ocr_only,2,60.0,120.0,subquery,-0.0014504274217771794
v10,SQL,ocr_only,2,60.0,120.0,order by,0.21787410654025766
v10,SQL,ocr_only,3,120.0,180.0,select,0.18334648479551102
v10,SQL,ocr_only,3,120.0,180.0,where,0.01035028681933447
v10,SQL,ocr_only,3,120.0,180.0,group by,0.7322205570013686
v10,SQL,ocr_only,3,120.0,180.0,having,-0.000904569919377464
v10,SQL,ocr_only,3,120.0,180.0,count,0.01290473204391288
v10,SQL,ocr_only,3,120.0,180.0,aggregate function,-0.003238792796749029
v10,SQL,ocr_only,3,120.0,180.0,join,0.05670437048683601
v10,SQL,ocr_only,3,120.0,180.0,inner join,0.02876367047683204
v10,SQL,ocr_only,3,120.0,180.0,left join,-0.03017711867752639
v10,SQL,ocr_only,3,120.0,180.0,subquery,-0.026496528442948232
v10,SQL,ocr_only,3,120.0,180.0,order by,0.25270555838901865
v10,SQL,ocr_only,4,180.0,240.0,select,0.18186263860678498
v10,SQL,ocr_only,4,180.0,240.0,where,-0.02486742112565601
v10,SQL,ocr_only,4,180.0,240.0,group by,0.5257551594029335
v10,SQL,ocr_only,4,180.0,240.0,having,0.02237934098623832
v10,SQL,ocr_only,4,180.0,240.0,count,0.043749871669244884
v10,SQL,ocr_only,4,180.0,240.0,aggregate function,0.02631634573175021
v10,SQL,ocr_only,4,180.0,240.0,join,-0.022256893493526272
v10,SQL,ocr_only,4,180.0,240.0,inner join,-0.025538540573446348
v10,SQL,ocr_only,4,180.0,240.0,left join,0.006937680703950112
v10,SQL,ocr_only,4,180.0,240.0,subquery,-0.01178634975805008
v10,SQL,ocr_only,4,180.0,240.0,order by,0.16975764364850407
v10,SQL,ocr_only,5,240.0,300.0,select,0.14567579105677889
v10,SQL,ocr_only,5,240.0,300.0,where,-0.024344844721196093
v10,SQL,ocr_only,5,240.0,300.0,group by,0.5996568324303959
v10,SQL,ocr_only,5,240.0,300.0,having,0.009431088842590562
v10,SQL,ocr_only,5,240.0,300.0,count,0.045866696284067685
v10,SQL,ocr_only,5,240.0,300.0,aggregate function,0.03800826110034121
v10,SQL,ocr_only,5,240.0,300.0,join,-0.017401742728982716
v10,SQL,ocr_only,5,240.0,300.0,inner join,-0.025564944780422566
v10,SQL,ocr_only,5,240.0,300.0,left join,0.000916297979198484
v10,SQL,ocr_only,5,240.0,300.0,subquery,-0.03551118663810966
v10,SQL,ocr_only,5,240.0,300.0,order by,0.19030194290257735
v10,SQL,ocr_only,6,300.0,360.0,select,0.08075889847367883
v10,SQL,ocr_only,6,300.0,360.0,where,0.010717983041951144
v10,SQL,ocr_only,6,300.0,360.0,group by,0.06241947419744782
v10,SQL,ocr_only,6,300.0,360.0,having,0.12016121000934875
v10,SQL,ocr_only,6,300.0,360.0,count,-0.0036186346864705322
v10,SQL,ocr_only,6,300.0,360.0,aggregate function,0.1004636921900303
v10,SQL,ocr_only,6,300.0,360.0,join,-0.008634402154237181
v10,SQL,ocr_only,6,300.0,360.0,inner join,0.0014198334222778508
v10,SQL,ocr_only,6,300.0,360.0,left join,0.013129027967151485
v10,SQL,ocr_only,6,300.0,360.0,subquery,-0.004011724158215208
v10,SQL,ocr_only,6,300.0,360.0,order by,-0.009262120284657486
v10,SQL,ocr_only,7,360.0,420.0,select,0.1431596605567284
v10,SQL,ocr_only,7,360.0,420.0,where,0.0040942663760421575
v10,SQL,ocr_only,7,360.0,420.0,group by,0.08768044836289483
v10,SQL,ocr_only,7,360.0,420.0,having,0.11801008945030221
v10,SQL,ocr_only,7,360.0,420.0,count,0.012402134122828649
v10,SQL,ocr_only,7,360.0,420.0,aggregate function,0.11356158629188447
v10,SQL,ocr_only,7,360.0,420.0,join,0.003028149918101115
v10,SQL,ocr_only,7,360.0,420.0,inner join,0.01125216395183041
v10,SQL,ocr_only,7,360.0,420.0,left join,0.04096950136653967
v10,SQL,ocr_only,7,360.0,420.0,subquery,0.03556437070549155
v10,SQL,ocr_only,7,360.0,420.0,order by,0.033716862401301485
v10,SQL,ocr_only,8,420.0,480.0,select,0.23772693273547976
v10,SQL,ocr_only,8,420.0,480.0,where,0.07514495720574617
v10,SQL,ocr_only,8,420.0,480.0,group by,0.20123324349288846
v10,SQL,ocr_only,8,420.0,480.0,having,0.03855840602551735
v10,SQL,ocr_only,8,420.0,480.0,count,0.03711660242398147
v10,SQL,ocr_only,8,420.0,480.0,aggregate function,0.033138920605091
v10,SQL,ocr_only,8,420.0,480.0,join,0.14325367141468892
v10,SQL,ocr_only,8,420.0,480.0,inner join,0.10414945279486125
v10,SQL,ocr_only,8,420.0,480.0,left join,0.10150606054566312
v10,SQL,ocr_only,8,420.0,480.0,subquery,0.21047595928931748
v10,SQL,ocr_only,8,420.0,480.0,order by,0.09952375735872378
v10,SQL,ocr_only,9,480.0,540.0,select,0.14266347458575063
v10,SQL,ocr_only,9,480.0,540.0,where,0.06788549176142054
v10,SQL,ocr_only,9,480.0,540.0,group by,0.19109794763210353
v10,SQL,ocr_only,9,480.0,540.0,having,0.03648723201271587
v10,SQL,ocr_only,9,480.0,540.0,count,0.12108180599413593
v10,SQL,ocr_only,9,480.0,540.0,aggregate function,0.09550493167246199
v10,SQL,ocr_only,9,480.0,540.0,join,0.08853445864611775
v10,SQL,ocr_only,9,480.0,540.0,inner join,0.052496928625905895
v10,SQL,ocr_only,9,480.0,540.0,left join,0.061632491238099024
v10,SQL,ocr_only,9,480.0,540.0,subquery,0.045075845040814924
v10,SQL,ocr_only,9,480.0,540.0,order by,0.04978609449514884
v10,SQL,ocr_only,10,540.0,600.0,select,0.1539429230616397
v10,SQL,ocr_only,10,540.0,600.0,where,0.05045860542733831
v10,SQL,ocr_only,10,540.0,600.0,group by,0.27596245617819937
v10,SQL,ocr_only,10,540.0,600.0,having,0.09945252253336927
v10,SQL,ocr_only,10,540.0,600.0,count,0.15012565105420572
v10,SQL,ocr_only,10,540.0,600.0,aggregate function,0.15125983234016
v10,SQL,ocr_only,10,540.0,600.0,join,0.07568081754939653
v10,SQL,ocr_only,10,540.0,600.0,inner join,0.05326882643721999
v10,SQL,ocr_only,10,540.0,600.0,left join,0.09803116183255059
v10,SQL,ocr_only,10,540.0,600.0,subquery,0.03213238806681773
v10,SQL,ocr_only,10,540.0,600.0,order by,0.08892423791464459
v10,SQL,ocr_only,11,600.0,660.0,select,0.07630569837041193
v10,SQL,ocr_only,11,600.0,660.0,where,0.03407647467696781
v10,SQL,ocr_only,11,600.0,660.0,group by,0.10926465937174977
v10,SQL,ocr_only,11,600.0,660.0,having,-0.0031971540979926962
v10,SQL,ocr_only,11,600.0,660.0,count,0.04173059416706151
v10,SQL,ocr_only,11,600.0,660.0,aggregate function,-0.027461292444236996
v10,SQL,ocr_only,11,600.0,660.0,join,0.06085293304236506
v10,SQL,ocr_only,11,600.0,660.0,inner join,0.038530098399316454
v10,SQL,ocr_only,11,600.0,660.0,left join,0.10589805452352773
v10,SQL,ocr_only,11,600.0,660.0,subquery,0.014003988140576814
v10,SQL,ocr_only,11,600.0,660.0,order by,0.02048375071572134
v10,SQL,ocr_only,12,660.0,720.0,select,0.12563680477731298
v10,SQL,ocr_only,12,660.0,720.0,where,0.015449286868026647
v10,SQL,ocr_only,12,660.0,720.0,group by,0.2309518421081078
v10,SQL,ocr_only,12,660.0,720.0,having,0.011773699411078387
v10,SQL,ocr_only,12,660.0,720.0,count,0.02771696313131749
v10,SQL,ocr_only,12,660.0,720.0,aggregate function,-0.020999725848995066
v10,SQL,ocr_only,12,660.0,720.0,join,0.0678035580944231
v10,SQL,ocr_only,12,660.0,720.0,inner join,0.04788151951270616
v10,SQL,ocr_only,12,660.0,720.0,left join,0.13816324566584115
v10,SQL,ocr_only,12,660.0,720.0,subquery,0.01250749378097583
v10,SQL,ocr_only,12,660.0,720.0,order by,0.069630690525302
v10,SQL,ocr_only,13,720.0,780.0,select,0.12076717220043591
v10,SQL,ocr_only,13,720.0,780.0,where,0.032960578344609553
v10,SQL,ocr_only,13,720.0,780.0,group by,0.243696621525483
v10,SQL,ocr_only,13,720.0,780.0,having,0.01566016558055035
v10,SQL,ocr_only,13,720.0,780.0,count,0.04113185055550719
v10,SQL,ocr_only,13,720.0,780.0,aggregate function,-0.016004283787224516
v10,SQL,ocr_only,13,720.0,780.0,join,0.07832572235115726
v10,SQL,ocr_only,13,720.0,780.0,inner join,0.05257104289661933
v10,SQL,ocr_only,13,720.0,780.0,left join,0.13607131012938667
v10,SQL,ocr_only,13,720.0,780.0,subquery,0.00766267864821619
v10,SQL,ocr_only,13,720.0,780.0,order by,0.07285021661799895
v10,SQL,ocr_only,14,780.0,840.0,select,0.07002386208900913
v10,SQL,ocr_only,14,780.0,840.0,where,0.05580743687847562
v10,SQL,ocr_only,14,780.0,840.0,group by,0.1758881391333789
v10,SQL,ocr_only,14,780.0,840.0,having,0.005858518826769385
v10,SQL,ocr_only,14,780.0,840.0,count,0.05930920777912711
v10,SQL,ocr_only,14,780.0,840.0,aggregate function,-0.019413376748900084
v10,SQL,ocr_only,14,780.0,840.0,join,0.07837381420133614
v10,SQL,ocr_only,14,780.0,840.0,inner join,0.048636332476165764
v10,SQL,ocr_only,14,780.0,840.0,left join,0.0989336103134514
v10,SQL,ocr_only,14,780.0,840.0,subquery,-0.003985226222149257
v10,SQL,ocr_only,14,780.0,840.0,order by,0.04803235874938154
v10,SQL,ocr_only,15,840.0,900.0,select,0.10892589791489934
v10,SQL,ocr_only,15,840.0,900.0,where,0.061936837836660937
v10,SQL,ocr_only,15,840.0,900.0,group by,0.07298233662149982
v10,SQL,ocr_only,15,840.0,900.0,having,0.10123906544936875
v10,SQL,ocr_only,15,840.0,900.0,count,0.08387190468275284
v10,SQL,ocr_only,15,840.0,900.0,aggregate function,0.11153082481018158
v10,SQL,ocr_only,15,840.0,900.0,join,0.022237364088819166
v10,SQL,ocr_only,15,840.0,900.0,inner join,0.008030867751411475
v10,SQL,ocr_only,15,840.0,900.0,left join,0.034290316229286355
v10,SQL,ocr_only,15,840.0,900.0,subquery,0.008358238145898377
v10,SQL,ocr_only,15,840.0,900.0,order by,0.009277566175596845
v10,SQL,ocr_only,16,900.0,960.0,select,0.045928421791501056
v10,SQL,ocr_only,16,900.0,960.0,where,0.0734229076692661
v10,SQL,ocr_only,16,900.0,960.0,group by,0.11291681937659892
v10,SQL,ocr_only,16,900.0,960.0,having,0.03539566467378441
v10,SQL,ocr_only,16,900.0,960.0,count,0.19881240596046768
v10,SQL,ocr_only,16,900.0,960.0,aggregate function,0.1395814867406305
v10,SQL,ocr_only,16,900.0,960.0,join,0.05341519700328616
v10,SQL,ocr_only,16,900.0,960.0,inner join,0.01956800337411954
v10,SQL,ocr_only,16,900.0,960.0,left join,0.029929396336911038
v10,SQL,ocr_only,16,900.0,960.0,subquery,-0.00666626158077116
v10,SQL,ocr_only,16,900.0,960.0,order by,0.008390711308109478
v10,SQL,ocr_only,17,960.0,1020.0,select,0.07871899167464406
v10,SQL,ocr_only,17,960.0,1020.0,where,0.06500808662713678
v10,SQL,ocr_only,17,960.0,1020.0,group by,0.11919305180772917
v10,SQL,ocr_only,17,960.0,1020.0,having,0.06706568846911429
v10,SQL,ocr_only,17,960.0,1020.0,count,0.13917943496322574
v10,SQL,ocr_only,17,960.0,1020.0,aggregate function,0.10948250363788137
v10,SQL,ocr_only,17,960.0,1020.0,join,0.031936298711109715
v10,SQL,ocr_only,17,960.0,1020.0,inner join,0.009986970007149806
v10,SQL,ocr_only,17,960.0,1020.0,left join,0.02702878730899411
v10,SQL,ocr_only,17,960.0,1020.0,subquery,0.00437999021194739
v10,SQL,ocr_only,17,960.0,1020.0,order by,0.0346386957750353
v10,SQL,ocr_only,18,1020.0,1080.0,select,0.0424278065840239
v10,SQL,ocr_only,18,1020.0,1080.0,where,0.06864728336744358
v10,SQL,ocr_only,18,1020.0,1080.0,group by,0.10867472140129318
v10,SQL,ocr_only,18,1020.0,1080.0,having,0.0375226967760998
v10,SQL,ocr_only,18,1020.0,1080.0,count,0.06285840365095643
v10,SQL,ocr_only,18,1020.0,1080.0,aggregate function,-0.00211314584903008
v10,SQL,ocr_only,18,1020.0,1080.0,join,0.047898962252634944
v10,SQL,ocr_only,18,1020.0,1080.0,inner join,0.011191439133538424
v10,SQL,ocr_only,18,1020.0,1080.0,left join,0.04913671975956515
v10,SQL,ocr_only,18,1020.0,1080.0,subquery,-0.008711106082011614
v10,SQL,ocr_only,18,1020.0,1080.0,order by,0.026809095148106556
v10,SQL,ocr_only,19,1080.0,1140.0,select,0.09098273191568733
v10,SQL,ocr_only,19,1080.0,1140.0,where,0.08360347933627296
v10,SQL,ocr_only,19,1080.0,1140.0,group by,0.12340112285290485
v10,SQL,ocr_only,19,1080.0,1140.0,having,0.11656038425395585
v10,SQL,ocr_only,19,1080.0,1140.0,count,0.052447650954431616
v10,SQL,ocr_only,19,1080.0,1140.0,aggregate function,0.05393976088462024
v10,SQL,ocr_only,19,1080.0,1140.0,join,0.033037310963950337
v10,SQL,ocr_only,19,1080.0,1140.0,inner join,0.011551894319666781
v10,SQL,ocr_only,19,1080.0,1140.0,left join,0.04717942498360257
v10,SQL,ocr_only,19,1080.0,1140.0,subquery,-0.008066568545624783
v10,SQL,ocr_only,19,1080.0,1140.0,order by,0.03863143293380419
v10,SQL,ocr_only,20,1140.0,1200.0,select,0.0624949735176532
v10,SQL,ocr_only,20,1140.0,1200.0,where,0.05841131470351918
v10,SQL,ocr_only,20,1140.0,1200.0,group by,0.12318357884931903
v10,SQL,ocr_only,20,1140.0,1200.0,having,0.020457310331582042
v10,SQL,ocr_only,20,1140.0,1200.0,count,0.05218546145203671
v10,SQL,ocr_only,20,1140.0,1200.0,aggregate function,-0.016881788037500352
v10,SQL,ocr_only,20,1140.0,1200.0,join,0.05053254534443136
v10,SQL,ocr_only,20,1140.0,1200.0,inner join,0.01917182697688495
v10,SQL,ocr_only,20,1140.0,1200.0,left join,0.07025850783016908
v10,SQL,ocr_only,20,1140.0,1200.0,subquery,-0.0012081689212279903
v10,SQL,ocr_only,20,1140.0,1200.0,order by,0.03285280102275438
v10,SQL,ocr_only,21,1200.0,1260.0,select,0.08986716624909026
v10,SQL,ocr_only,21,1200.0,1260.0,where,0.04826141685403584
v10,SQL,ocr_only,21,1200.0,1260.0,group by,0.14316508203639614
v10,SQL,ocr_only,21,1200.0,1260.0,having,0.03932854228967271
v10,SQL,ocr_only,21,1200.0,1260.0,count,0.04314452463647014
v10,SQL,ocr_only,21,1200.0,1260.0,aggregate function,0.003266142295562772
v10,SQL,ocr_only,21,1200.0,1260.0,join,0.04527604125867175
v10,SQL,ocr_only,21,1200.0,1260.0,inner join,0.016012663844388854
v10,SQL,ocr_only,21,1200.0,1260.0,left join,0.07178400208778515
v10,SQL,ocr_only,21,1200.0,1260.0,subquery,0.007016067240914123
v10,SQL,ocr_only,21,1200.0,1260.0,order by,0.03583027907855136
v11,SQL,ocr_only,1,0.0,60.0,select,0.029565236426247855
v11,SQL,ocr_only,1,0.0,60.0,where,-0.03929723710239625
v11,SQL,ocr_only,1,0.0,60.0,group by,0.04412234094410471
v11,SQL,ocr_only,1,0.0,60.0,having,-0.05402030107134424
v11,SQL,ocr_only,1,0.0,60.0,count,0.0016388277436372096
v11,SQL,ocr_only,1,0.0,60.0,aggregate function,0.0094466031606708
v11,SQL,ocr_only,1,0.0,60.0,join,0.025848983253472492
v11,SQL,ocr_only,1,0.0,60.0,inner join,0.03838505752166707
v11,SQL,ocr_only,1,0.0,60.0,left join,-0.030093384386991228
v11,SQL,ocr_only,1,0.0,60.0,subquery,0.03158833762417696
v11,SQL,ocr_only,1,0.0,60.0,order by,0.02466225542920865
v12,SQL,ocr_only,1,0.0,60.0,select,-0.024437209406424916
v12,SQL,ocr_only,1,0.0,60.0,where,-0.023386817813220738
v12,SQL,ocr_only,1,0.0,60.0,group by,0.1184655081410327
v12,SQL,ocr_only,1,0.0,60.0,having,0.010102856953407234
v12,SQL,ocr_only,1,0.0,60.0,count,-0.00939038372530671
v12,SQL,ocr_only,1,0.0,60.0,aggregate function,-0.011857468898920311
v12,SQL,ocr_only,1,0.0,60.0,join,0.008920602997168302
v12,SQL,ocr_only,1,0.0,60.0,inner join,0.028019516635403165
v12,SQL,ocr_only,1,0.0,60.0,left join,0.0019089284616095221
v12,SQL,ocr_only,1,0.0,60.0,subquery,0.012310413700255873
v12,SQL,ocr_only,1,0.0,60.0,order by,0.14138420956242892
v13,SQL,ocr_only,1,0.0,60.0,select,0.16633488183825013
v13,SQL,ocr_only,1,0.0,60.0,where,-0.06910386112840841
v13,SQL,ocr_only,1,0.0,60.0,group by,-0.03017619421367757
v13,SQL,ocr_only,1,0.0,60.0,having,0.16950283373869493
v13,SQL,ocr_only,1,0.0,60.0,count,0.1665310070460787
v13,SQL,ocr_only,1,0.0,60.0,aggregate function,0.09121242952411694
v13,SQL,ocr_only,1,0.0,60.0,join,0.3124680217690256
v13,SQL,ocr_only,1,0.0,60.0,inner join,0.38644773252191494
v13,SQL,ocr_only,1,0.0,60.0,left join,0.8343802749550077
v13,SQL,ocr_only,1,0.0,60.0,subquery,0.23260451069865556
v13,SQL,ocr_only,1,0.0,60.0,order by,0.1484107936023942
v13,SQL,ocr_only,2,60.0,120.0,select,0.5231745745334122
v13,SQL,ocr_only,2,60.0,120.0,where,0.25929732945670503
v13,SQL,ocr_only,2,60.0,120.0,group by,0.34490739708162094
v13,SQL,ocr_only,2,60.0,120.0,having,-0.10829836142552865
v13,SQL,ocr_only,2,60.0,120.0,count,-0.012877130612420285
v13,SQL,ocr_only,2,60.0,120.0,aggregate function,-0.037807381827143084
v13,SQL,ocr_only,2,60.0,120.0,join,0.4274714411835348
v13,SQL,ocr_only,2,60.0,120.0,inner join,0.2816248099334439
v13,SQL,ocr_only,2,60.0,120.0,left join,-0.031099575698353955
v13,SQL,ocr_only,2,60.0,120.0,subquery,0.022538087220107878
v13,SQL,ocr_only,2,60.0,120.0,order by,0.08076507032110115
v13,SQL,ocr_only,3,120.0,180.0,select,0.20782253466218156
v13,SQL,ocr_only,3,120.0,180.0,where,0.13932719882088634
v13,SQL,ocr_only,3,120.0,180.0,group by,0.3360608537307937
v13,SQL,ocr_only,3,120.0,180.0,having,0.149468899751871
v13,SQL,ocr_only,3,120.0,180.0,count,0.07124359433320793
v13,SQL,ocr_only,3,120.0,180.0,aggregate function,0.09211302837671703
v13,SQL,ocr_only,3,120.0,180.0,join,0.06271744827862226
v13,SQL,ocr_only,3,120.0,180.0,inner join,0.04095903543878062
v13,SQL,ocr_only,3,120.0,180.0,left join,0.05345167053736391
v13,SQL,ocr_only,3,120.0,180.0,subquery,0.1018262179952406
v13,SQL,ocr_only,3,120.0,180.0,order by,0.46949726045287055
v13,SQL,ocr_only,4,180.0,240.0,select,0.18304698532459918
v13,SQL,ocr_only,4,180.0,240.0,where,-0.0230649693473968
v13,SQL,ocr_only,4,180.0,240.0,group by,0.12001196844581008
v13,SQL,ocr_only,4,180.0,240.0,having,-0.03744040471402644
v13,SQL,ocr_only,4,180.0,240.0,count,0.020321668985398732
v13,SQL,ocr_only,4,180.0,240.0,aggregate function,0.045924768422763204
v13,SQL,ocr_only,4,180.0,240.0,join,-0.01605917857570708
v13,SQL,ocr_only,4,180.0,240.0,inner join,-0.03892017511047123
v13,SQL,ocr_only,4,180.0,240.0,left join,0.07968312255428325
v13,SQL,ocr_only,4,180.0,240.0,subquery,0.023247370571007495
v13,SQL,ocr_only,4,180.0,240.0,order by,0.21122180910201702
v13,SQL,ocr_only,5,240.0,300.0,select,0.16027886160895846
v13,SQL,ocr_only,5,240.0,300.0,where,0.11271420778132037
v13,SQL,ocr_only,5,240.0,300.0,group by,0.035153141793336534
v13,SQL,ocr_only,5,240.0,300.0,having,0.01026816753042796
v13,SQL,ocr_only,5,240.0,300.0,count,0.024466813181883276
v13,SQL,ocr_only,5,240.0,300.0,aggregate function,0.0284398288170383
v13,SQL,ocr_only,5,240.0,300.0,join,0.0007818270850642052
v13,SQL,ocr_only,5,240.0,300.0,inner join,-0.010360514907848397
v13,SQL,ocr_only,5,240.0,300.0,left join,0.0546066763916793
v13,SQL,ocr_only,5,240.0,300.0,subquery,0.0252561610666399
v13,SQL,ocr_only,5,240.0,300.0,order by,0.15758256938050338
v13,SQL,ocr_only,6,300.0,360.0,select,0.09397614392513758
v13,SQL,ocr_only,6,300.0,360.0,where,0.11228818969676263
v13,SQL,ocr_only,6,300.0,360.0,group by,0.07635700537047141
v13,SQL,ocr_only,6,300.0,360.0,having,-0.006238208886428409
v13,SQL,ocr_only,6,300.0,360.0,count,0.006900538588882962
v13,SQL,ocr_only,6,300.0,360.0,aggregate function,0.017093294027191692
v13,SQL,ocr_only,6,300.0,360.0,join,-0.008691488743397903
v13,SQL,ocr_only,6,300.0,360.0,inner join,-0.01410654629237661
v13,SQL,ocr_only,6,300.0,360.0,left join,0.018382337589685386
v13,SQL,ocr_only,6,300.0,360.0,subquery,-0.00843247125759317
v13,SQL,ocr_only,6,300.0,360.0,order by,0.1872683505294062
v13,SQL,ocr_only,7,360.0,420.0,select,0.08354523230243796
v13,SQL,ocr_only,7,360.0,420.0,where,0.046313780241491125
v13,SQL,ocr_only,7,360.0,420.0,group by,0.183974092615067
v13,SQL,ocr_only,7,360.0,420.0,having,-0.020266621544309395
v13,SQL,ocr_only,7,360.0,420.0,count,-3.5782778987065944e-05
v13,SQL,ocr_only,7,360.0,420.0,aggregate function,0.030932186596048537
v13,SQL,ocr_only,7,360.0,420.0,join,-0.016846183346926044
v13,SQL,ocr_only,7,360.0,420.0,inner join,-0.020363389620890137
v13,SQL,ocr_only,7,360.0,420.0,left join,0.011322974477167744
v13,SQL,ocr_only,7,360.0,420.0,subquery,-0.005068595887109846
v13,SQL,ocr_only,7,360.0,420.0,order by,0.28798493306566403
v13,SQL,ocr_only,8,420.0,480.0,select,0.04337074568260051
v13,SQL,ocr_only,8,420.0,480.0,where,0.04541564407731845
v13,SQL,ocr_only,8,420.0,480.0,group by,0.19956484336961686
v13,SQL,ocr_only,8,420.0,480.0,having,-0.0014756019312208248
v13,SQL,ocr_only,8,420.0,480.0,count,0.0007970379726815309
v13,SQL,ocr_only,8,420.0,480.0,aggregate function,0.03463325678928952
v13,SQL,ocr_only,8,420.0,480.0,join,-0.005311405328212355
v13,SQL,ocr_only,8,420.0,480.0,inner join,-0.00430212458017904
v13,SQL,ocr_only,8,420.0,480.0,left join,0.0028701985419054173
v13,SQL,ocr_only,8,420.0,480.0,subquery,-0.010708238711412991
v13,SQL,ocr_only,8,420.0,480.0,order by,0.29980623249623867
v13,SQL,ocr_only,9,480.0,540.0,select,0.01057019740919202
v13,SQL,ocr_only,9,480.0,540.0,where,-0.021441669619438202
v13,SQL,ocr_only,9,480.0,540.0,group by,0.17826147415369925
v13,SQL,ocr_only,9,480.0,540.0,having,0.023199521504395002
v13,SQL,ocr_only,9,480.0,540.0,count,-0.011005196994625523
v13,SQL,ocr_only,9,480.0,540.0,aggregate function,0.027992894742426045
v13,SQL,ocr_only,9,480.0,540.0,join,-2.1443166937758774e-05
v13,SQL,ocr_only,9,480.0,540.0,inner join,0.004821757953174304
v13,SQL,ocr_only,9,480.0,540.0,left join,0.017825000277436213
v13,SQL,ocr_only,9,480.0,540.0,subquery,-0.005583799350888035
v13,SQL,ocr_only,9,480.0,540.0,order by,0.2681010466135236
v13,SQL,ocr_only,10,540.0,600.0,select,0.02386192530849883
v13,SQL,ocr_only,10,540.0,600.0,where,0.011894792883276818
v13,SQL,ocr_only,10,540.0,600.0,group by,0.1930847939536901
v13,SQL,ocr_only,10,540.0,600.0,having,0.0555323629116106
v13,SQL,ocr_only,10,540.0,600.0,count,-0.004121669270358091
v13,SQL,ocr_only,10,540.0,600.0,aggregate function,0.027478310026927338
v13,SQL,ocr_only,10,540.0,600.0,join,0.009133624962384354
v13,SQL,ocr_only,10,540.0,600.0,inner join,0.01217388134577097
v13,SQL,ocr_only,10,540.0,600.0,left join,0.02160755662317927
v13,SQL,ocr_only,10,540.0,600.0,subquery,0.0010051742027972893
v13,SQL,ocr_only,10,540.0,600.0,order by,0.29484184820685083
v13,SQL,ocr_only,11,600.0,660.0,select,0.31452578921320035
v13,SQL,ocr_only,11,600.0,660.0,where,0.5078652513968532
v13,SQL,ocr_only,11,600.0,660.0,group by,0.46779318884127724
v13,SQL,ocr_only,11,600.0,660.0,having,0.4226846784872299
v13,SQL,ocr_only,11,600.0,660.0,count,0.17023507223193976
v13,SQL,ocr_only,11,600.0,660.0,aggregate function,0.06134733405074818
v13,SQL,ocr_only,11,600.0,660.0,join,0.21380334989771396
v13,SQL,ocr_only,11,600.0,660.0,inner join,0.1809135231114273
v13,SQL,ocr_only,11,600.0,660.0,left join,0.137514290819928
v13,SQL,ocr_only,11,600.0,660.0,subquery,0.11445589820457927
v13,SQL,ocr_only,11,600.0,660.0,order by,0.5381921689461729
v13,SQL,ocr_only,12,660.0,720.0,select,0.12420312148863605
v13,SQL,ocr_only,12,660.0,720.0,where,0.16852896822832727
v13,SQL,ocr_only,12,660.0,720.0,group by,0.01825048180665714
v13,SQL,ocr_only,12,660.0,720.0,having,0.0115450884826208
v13,SQL,ocr_only,12,660.0,720.0,count,0.027604968489701523
v13,SQL,ocr_only,12,660.0,720.0,aggregate function,0.013011910264345514
v13,SQL,ocr_only,12,660.0,720.0,join,0.025943049558850795
v13,SQL,ocr_only,12,660.0,720.0,inner join,0.021888973592187305
v13,SQL,ocr_only,12,660.0,720.0,left join,0.06921613727894975
v13,SQL,ocr_only,12,660.0,720.0,subquery,-0.006429651977373684
v13,SQL,ocr_only,12,660.0,720.0,order by,0.11240880650450695
v13,SQL,ocr_only,13,720.0,780.0,select,0.10362294788084143
v13,SQL,ocr_only,13,720.0,780.0,where,0.13065059375714386
v13,SQL,ocr_only,13,720.0,780.0,group by,0.11923277925867884
v13,SQL,ocr_only,13,720.0,780.0,having,0.01696952937659385
v13,SQL,ocr_only,13,720.0,780.0,count,0.010037271444555991
v13,SQL,ocr_only,13,720.0,780.0,aggregate function,0.02230007194499033
v13,SQL,ocr_only,13,720.0,780.0,join,-0.0038576800823750365
v13,SQL,ocr_only,13,720.0,780.0,inner join,-0.005460038289623756
v13,SQL,ocr_only,13,720.0,780.0,left join,0.006533043161094417
v13,SQL,ocr_only,13,720.0,780.0,subquery,0.009540696716996406
v13,SQL,ocr_only,13,720.0,780.0,order by,0.24807470292590192
v13,SQL,ocr_only,14,780.0,840.0,select,0.07419396787862213
v13,SQL,ocr_only,14,780.0,840.0,where,0.031825244749226496
v13,SQL,ocr_only,14,780.0,840.0,group by,0.04904559132348434
v13,SQL,ocr_only,14,780.0,840.0,having,0.08823425259158864
v13,SQL,ocr_only,14,780.0,840.0,count,0.0943615914109016
v13,SQL,ocr_only,14,780.0,840.0,aggregate function,0.07493605679466633
v13,SQL,ocr_only,14,780.0,840.0,join,0.059835143379716633
v13,SQL,ocr_only,14,780.0,840.0,inner join,0.06982476671176036
v13,SQL,ocr_only,14,780.0,840.0,left join,0.16838964978968318
v13,SQL,ocr_only,14,780.0,840.0,subquery,0.03364055760016481
v13,SQL,ocr_only,14,780.0,840.0,order by,0.10536790193758656
v13,SQL,ocr_only,15,840.0,900.0,select,0.11207141285757893
v13,SQL,ocr_only,15,840.0,900.0,where,-0.07424897274025376
v13,SQL,ocr_only,15,840.0,900.0,group by,0.014794241061600804
v13,SQL,ocr_only,15,840.0,900.0,having,-0.04945228334023179
v13,SQL,ocr_only,15,840.0,900.0,count,0.034072151350070815
v13,SQL,ocr_only,15,840.0,900.0,aggregate function,0.020034594759187018
v13,SQL,ocr_only,15,840.0,900.0,join,0.047196607100827126
v13,SQL,ocr_only,15,840.0,900.0,inner join,0.050004308142379425
v13,SQL,ocr_only,15,840.0,900.0,left join,0.24094473388515897
v13,SQL,ocr_only,15,840.0,900.0,subquery,-0.021912715641887227
v13,SQL,ocr_only,15,840.0,900.0,order by,0.025447808470909775
v13,SQL,ocr_only,16,900.0,960.0,select,0.044219652666101464
v13,SQL,ocr_only,16,900.0,960.0,where,-0.005449689785513027
v13,SQL,ocr_only,16,900.0,960.0,group by,0.0014242099890577925
v13,SQL,ocr_only,16,900.0,960.0,having,-0.0005467178447437878
v13,SQL,ocr_only,16,900.0,960.0,count,-0.004168190835071638
v13,SQL,ocr_only,16,900.0,960.0,aggregate function,-0.03010705828824256
v13,SQL,ocr_only,16,900.0,960.0,join,0.041280418798387654
v13,SQL,ocr_only,16,900.0,960.0,inner join,0.04866402049742045
v13,SQL,ocr_only,16,900.0,960.0,left join,0.16326716603446623
v13,SQL,ocr_only,16,900.0,960.0,subquery,-0.028838694602378357
v13,SQL,ocr_only,16,900.0,960.0,order by,-0.0012774732411787604
v13,SQL,ocr_only,17,960.0,1020.0,select,0.06920455065231763
v13,SQL,ocr_only,17,960.0,1020.0,where,0.2251554991242253
v13,SQL,ocr_only,17,960.0,1020.0,group by,0.18045214849584396
v13,SQL,ocr_only,17,960.0,1020.0,having,0.25735572274359747
v13,SQL,ocr_only,17,960.0,1020.0,count,0.08376105286389833
v13,SQL,ocr_only,17,960.0,1020.0,aggregate function,0.022949390670694993
v13,SQL,ocr_only,17,960.0,1020.0,join,0.005430922867372254
v13,SQL,ocr_only,17,960.0,1020.0,inner join,-0.007991834114128082
v13,SQL,ocr_only,17,960.0,1020.0,left join,-0.07261663511033331
v13,SQL,ocr_only,17,960.0,1020.0,subquery,0.16253488074761158
v13,SQL,ocr_only,17,960.0,1020.0,order by,0.283463669781253
v14,Python,ocr_only,1,0.0,60.0,for loop,0.06819964728235964
v14,Python,ocr_only,1,0.0,60.0,for,0.1348441157585834
v14,Python,ocr_only,1,0.0,60.0,iteration,-0.007652983138089129
v14,Python,ocr_only,1,0.0,60.0,range,0.03438679421785633
v14,Python,ocr_only,1,0.0,60.0,list,0.0009109759243804079
v14,Python,ocr_only,1,0.0,60.0,nested loop,-0.002855265730934909
v14,Python,ocr_only,1,0.0,60.0,index,-0.007584757144294958
v14,Python,ocr_only,1,0.0,60.0,break,0.015904418417845834
v14,Python,ocr_only,1,0.0,60.0,continue,0.020704962263063408
v14,Python,ocr_only,2,60.0,120.0,for loop,0.045380356076472374
v14,Python,ocr_only,2,60.0,120.0,for,0.1031449411086305
v14,Python,ocr_only,2,60.0,120.0,iteration,0.00197503882403589
v14,Python,ocr_only,2,60.0,120.0,range,0.020675349907049872
v14,Python,ocr_only,2,60.0,120.0,list,0.008420631237371622
v14,Python,ocr_only,2,60.0,120.0,nested loop,-0.008942524349174273
v14,Python,ocr_only,2,60.0,120.0,index,-0.008159317853552395
v14,Python,ocr_only,2,60.0,120.0,break,0.012286973305819229
v14,Python,ocr_only,2,60.0,120.0,continue,0.02284573762552612
v14,Python,ocr_only,3,120.0,180.0,for loop,0.05258648644835981
v14,Python,ocr_only,3,120.0,180.0,for,0.08310932738884036
v14,Python,ocr_only,3,120.0,180.0,iteration,0.012637847236963033
v14,Python,ocr_only,3,120.0,180.0,range,0.016264724940787977
v14,Python,ocr_only,3,120.0,180.0,list,0.005046023893981082
v14,Python,ocr_only,3,120.0,180.0,nested loop,0.007958136941657113
v14,Python,ocr_only,3,120.0,180.0,index,0.0027745370951590895
v14,Python,ocr_only,3,120.0,180.0,break,0.18473578401460938
v14,Python,ocr_only,3,120.0,180.0,continue,0.03338519208568516
v14,Python,ocr_only,4,180.0,240.0,for loop,0.07599335105473089
v14,Python,ocr_only,4,180.0,240.0,for,0.10929461334662341
v14,Python,ocr_only,4,180.0,240.0,iteration,-0.0010976314149271714
v14,Python,ocr_only,4,180.0,240.0,range,0.023938515639758334
v14,Python,ocr_only,4,180.0,240.0,list,0.001085446456644561
v14,Python,ocr_only,4,180.0,240.0,nested loop,0.01738475235316216
v14,Python,ocr_only,4,180.0,240.0,index,0.004737641145717156
v14,Python,ocr_only,4,180.0,240.0,break,0.0366118048816093
v14,Python,ocr_only,4,180.0,240.0,continue,0.12340474803088329
v14,Python,ocr_only,5,240.0,300.0,for loop,0.07939181009064776
v14,Python,ocr_only,5,240.0,300.0,for,0.17043160245835903
v14,Python,ocr_only,5,240.0,300.0,iteration,-0.009503204357507821
v14,Python,ocr_only,5,240.0,300.0,range,0.04745750848299343
v14,Python,ocr_only,5,240.0,300.0,list,-0.012355388242411445
v14,Python,ocr_only,5,240.0,300.0,nested loop,-0.006232610554421047
v14,Python,ocr_only,5,240.0,300.0,index,0.009915023593688456
v14,Python,ocr_only,5,240.0,300.0,break,-0.0233695601751933
v14,Python,ocr_only,5,240.0,300.0,continue,0.007236685969029666
v14,Python,ocr_only,6,300.0,360.0,for loop,0.10807213481456164
v14,Python,ocr_only,6,300.0,360.0,for,0.23783582224760702
v14,Python,ocr_only,6,300.0,360.0,iteration,-0.029917292968914037
v14,Python,ocr_only,6,300.0,360.0,range,0.17661805714008177
v14,Python,ocr_only,6,300.0,360.0,list,-0.09173687279535851
v14,Python,ocr_only,6,300.0,360.0,nested loop,-0.01272504858954149
v14,Python,ocr_only,6,300.0,360.0,index,-0.0017106755142805867
v14,Python,ocr_only,6,300.0,360.0,break,-0.06795428431177794
v14,Python,ocr_only,6,300.0,360.0,continue,0.003391232450750117
v14,Python,ocr_only,7,360.0,420.0,for loop,0.0200959962557601
v14,Python,ocr_only,7,360.0,420.0,for,0.0707871235057437
v14,Python,ocr_only,7,360.0,420.0,iteration,-0.004293817877006043
v14,Python,ocr_only,7,360.0,420.0,range,0.08851867762239415
v14,Python,ocr_only,7,360.0,420.0,list,-0.011155818996504053
v14,Python,ocr_only,7,360.0,420.0,nested loop,-0.014718760731389956
v14,Python,ocr_only,7,360.0,420.0,index,-0.001995133126394996
v14,Python,ocr_only,7,360.0,420.0,break,-0.028467467760539676
v14,Python,ocr_only,7,360.0,420.0,continue,0.004162357543695203
v14,Python,ocr_only,8,420.0,480.0,for loop,-0.031021142491569596
v14,Python,ocr_only,8,420.0,480.0,for,-0.010472148322162618
v14,Python,ocr_only,8,420.0,480.0,iteration,-0.008159556033497845
v14,Python,ocr_only,8,420.0,480.0,range,-0.011747046258317857
v14,Python,ocr_only,8,420.0,480.0,list,0.017890283063146394
v14,Python,ocr_only,8,420.0,480.0,nested loop,-0.0209325594320724
v14,Python,ocr_only,8,420.0,480.0,index,-0.010681366257338667
v14,Python,ocr_only,8,420.0,480.0,break,0.004145423786928077
v14,Python,ocr_only,8,420.0,480.0,continue,-0.019071399024334506
v14,Python,ocr_only,9,480.0,540.0,for loop,-0.012750718792527798
v14,Python,ocr_only,9,480.0,540.0,for,-0.03928843838422707
v14,Python,ocr_only,9,480.0,540.0,iteration,0.02332922397222353
v14,Python,ocr_only,9,480.0,540.0,range,-0.020395994841049425
v14,Python,ocr_only,9,480.0,540.0,list,0.005400613790948591
v14,Python,ocr_only,9,480.0,540.0,nested loop,0.007868257433504696
v14,Python,ocr_only,9,480.0,540.0,index,0.015222643736244499
v14,Python,ocr_only,9,480.0,540.0,break,0.365120693546302
v14,Python,ocr_only,9,480.0,540.0,continue,-5.794550880211942e-05
v14,Python,ocr_only,10,540.0,600.0,for loop,0.0044038433625713524
v14,Python,ocr_only,10,540.0,600.0,for,-0.017874129574259923
v14,Python,ocr_only,10,540.0,600.0,iteration,0.01626454743800232
v14,Python,ocr_only,10,540.0,600.0,range,-0.007252936347539867
v14,Python,ocr_only,10,540.0,600.0,list,-0.0005122937551115094
v14,Python,ocr_only,10,540.0,600.0,nested loop,0.013038741525762102
v14,Python,ocr_only,10,540.0,600.0,index,-0.0023984980118836297
v14,Python,ocr_only,10,540.0,600.0,break,0.5827113011940883
v14,Python,ocr_only,10,540.0,600.0,continue,-0.004085149250589971
v14,Python,ocr_only,11,600.0,660.0,for loop,0.004102449523043977
v14,Python,ocr_only,11,600.0,660.0,for,0.0006348912710249163
v14,Python,ocr_only,11,600.0,660.0,iteration,-0.014877137015636435
v14,Python,ocr_only,11,600.0,660.0,range,-0.0019399310285615201
v14,Python,ocr_only,11,600.0,660.0,list,-0.026094287753822845
v14,Python,ocr_only,11,600.0,660.0,nested loop,0.005789280286778359
v14,Python,ocr_only,11,600.0,660.0,index,-0.011171110677834634
v14,Python,ocr_only,11,600.0,660.0,break,0.60534005142341
v14,Python,ocr_only,11,600.0,660.0,continue,-0.029239909761903174
v15,Python,ocr_only,1,0.0,60.0,for loop,0.0
v15,Python,ocr_only,1,0.0,60.0,for,0.0
v15,Python,ocr_only,1,0.0,60.0,iteration,0.0
v15,Python,ocr_only,1,0.0,60.0,range,0.0
v15,Python,ocr_only,1,0.0,60.0,list,0.0
v15,Python,ocr_only,1,0.0,60.0,nested loop,0.0
v15,Python,ocr_only,1,0.0,60.0,index,0.0
v15,Python,ocr_only,1,0.0,60.0,break,0.0
v15,Python,ocr_only,1,0.0,60.0,continue,0.0
v15,Python,ocr_only,2,60.0,120.0,for loop,-0.025722895233325313
v15,Python,ocr_only,2,60.0,120.0,for,0.006403448374838574
v15,Python,ocr_only,2,60.0,120.0,iteration,0.019076123191931516
v15,Python,ocr_only,2,60.0,120.0,range,-0.007376749485398219
v15,Python,ocr_only,2,60.0,120.0,list,-0.007487980285423529
v15,Python,ocr_only,2,60.0,120.0,nested loop,-0.03166411695886077
v15,Python,ocr_only,2,60.0,120.0,index,0.03285046850567761
v15,Python,ocr_only,2,60.0,120.0,break,-0.0040586795330719225
v15,Python,ocr_only,2,60.0,120.0,continue,-0.0533418042143698
v15,Python,ocr_only,3,120.0,180.0,for loop,-0.004831603358731431
v15,Python,ocr_only,3,120.0,180.0,for,0.04927882132278576
v15,Python,ocr_only,3,120.0,180.0,iteration,0.033263587555706124
v15,Python,ocr_only,3,120.0,180.0,range,-0.0015047538295693112
v15,Python,ocr_only,3,120.0,180.0,list,0.010751222668231728
v15,Python,ocr_only,3,120.0,180.0,nested loop,-0.02608896128804267
v15,Python,ocr_only,3,120.0,180.0,index,0.023998307356057968
v15,Python,ocr_only,3,120.0,180.0,break,-0.03259288365056529
v15,Python,ocr_only,3,120.0,180.0,continue,0.015392780961602865
v15,Python,ocr_only,4,180.0,240.0,for loop,0.02077659423991106
v15,Python,ocr_only,4,180.0,240.0,for,0.085833332084494
v15,Python,ocr_only,4,180.0,240.0,iteration,0.02529259431725503
v15,Python,ocr_only,4,180.0,240.0,range,0.013508346651419563
v15,Python,ocr_only,4,180.0,240.0,list,0.016614886061823025
v15,Python,ocr_only,4,180.0,240.0,nested loop,-0.01886161092662732
v15,Python,ocr_only,4,180.0,240.0,index,0.017753931145219247
v15,Python,ocr_only,4,180.0,240.0,break,-0.03405928368807515
v15,Python,ocr_only,4,180.0,240.0,continue,0.050710240975517254
v15,Python,ocr_only,5,240.0,300.0,for loop,0.03215785180559673
v15,Python,ocr_only,5,240.0,300.0,for,0.08328786281163723
v15,Python,ocr_only,5,240.0,300.0,iteration,0.004435332331302978
v15,Python,ocr_only,5,240.0,300.0,range,0.018507918487577726
v15,Python,ocr_only,5,240.0,300.0,list,0.007390507347262547
v15,Python,ocr_only,5,240.0,300.0,nested loop,-0.00960160781342803
v15,Python,ocr_only,5,240.0,300.0,index,-0.0054223295822278346
v15,Python,ocr_only,5,240.0,300.0,break,-0.007298824990920268
v15,Python,ocr_only,5,240.0,300.0,continue,0.12084859707382269
v15,Python,ocr_only,6,300.0,360.0,for loop,0.0498119803603871
v15,Python,ocr_only,6,300.0,360.0,for,0.08873308733728053
v15,Python,ocr_only,6,300.0,360.0,iteration,-0.0046079842983021355
v15,Python,ocr_only,6,300.0,360.0,range,0.023605702666970672
v15,Python,ocr_only,6,300.0,360.0,list,0.0011213244609613422
v15,Python,ocr_only,6,300.0,360.0,nested loop,0.003867323741197311
v15,Python,ocr_only,6,300.0,360.0,index,-0.009888061892438597
v15,Python,ocr_only,6,300.0,360.0,break,0.007625986594529597
v15,Python,ocr_only,6,300.0,360.0,continue,0.172589648636578
v15,Python,ocr_only,7,360.0,420.0,for loop,0.1060228805499713
v15,Python,ocr_only,7,360.0,420.0,for,0.15049158629607476
v15,Python,ocr_only,7,360.0,420.0,iteration,-0.015859132148488556
v15,Python,ocr_only,7,360.0,420.0,range,0.09038937175320097
v15,Python,ocr_only,7,360.0,420.0,list,-0.021903982425793368
v15,Python,ocr_only,7,360.0,420.0,nested loop,0.02607349974782843
v15,Python,ocr_only,7,360.0,420.0,index,-0.005680746395057349
v15,Python,ocr_only,7,360.0,420.0,break,0.017366668349156376
v15,Python,ocr_only,7,360.0,420.0,continue,0.23761351363833982
v15,Python,ocr_only,8,420.0,480.0,for loop,0.08684233167792856
v15,Python,ocr_only,8,420.0,480.0,for,0.16189711441979351
v15,Python,ocr_only,8,420.0,480.0,iteration,-0.01675118207911678
v15,Python,ocr_only,8,420.0,480.0,range,0.10395761707504475
v15,Python,ocr_only,8,420.0,480.0,list,-0.021651276379563184
v15,Python,ocr_only,8,420.0,480.0,nested loop,0.002557274913273185
v15,Python,ocr_only,8,420.0,480.0,index,-0.005420224601607794
v15,Python,ocr_only,8,420.0,480.0,break,0.0004811989625807752
v15,Python,ocr_only,8,420.0,480.0,continue,0.18228397344555525
v15,Python,ocr_only,9,480.0,540.0,for loop,0.0914354302191347
v15,Python,ocr_only,9,480.0,540.0,for,0.16472178195157655
v15,Python,ocr_only,9,480.0,540.0,iteration,0.0016741203330304418
v15,Python,ocr_only,9,480.0,540.0,range,0.15697368273509155
v15,Python,ocr_only,9,480.0,540.0,list,-0.035390423515783434
v15,Python,ocr_only,9,480.0,540.0,nested loop,0.003361943328090482
v15,Python,ocr_only,9,480.0,540.0,index,-0.018285336276956957
v15,Python,ocr_only,9,480.0,540.0,break,-0.00449861501948712
v15,Python,ocr_only,9,480.0,540.0,continue,0.17927167622127993
v15,Python,ocr_only,10,540.0,600.0,for loop,0.08049738383377648
v15,Python,ocr_only,10,540.0,600.0,for,0.14436455895794215
v15,Python,ocr_only,10,540.0,600.0,iteration,-0.013794244721879772
v15,Python,ocr_only,10,540.0,600.0,range,0.04125437330283923
v15,Python,ocr_only,10,540.0,600.0,list,0.02221622421115708
v15,Python,ocr_only,10,540.0,600.0,nested loop,0.00714751262473981
v15,Python,ocr_only,10,540.0,600.0,index,-0.008670905785465033
v15,Python,ocr_only,10,540.0,600.0,break,0.017710970086811568
v15,Python,ocr_only,10,540.0,600.0,continue,0.17067461916244153
v16,Python,ocr_only,1,0.0,60.0,for loop,0.01148450718042528
v16,Python,ocr_only,1,0.0,60.0,for,0.020686687630127484
v16,Python,ocr_only,1,0.0,60.0,iteration,0.07534664191677241
v16,Python,ocr_only,1,0.0,60.0,range,0.0038345673417454072
v16,Python,ocr_only,1,0.0,60.0,list,0.31035075972727083
v16,Python,ocr_only,1,0.0,60.0,nested loop,-0.001029975191539177
v16,Python,ocr_only,1,0.0,60.0,index,-0.018589217827423475
v16,Python,ocr_only,1,0.0,60.0,break,-0.01874930567977713
v16,Python,ocr_only,1,0.0,60.0,continue,0.0015802281088123792
v16,Python,ocr_only,2,60.0,120.0,for loop,0.0010397794009829036
v16,Python,ocr_only,2,60.0,120.0,for,-0.0037903118068515645
v16,Python,ocr_only,2,60.0,120.0,iteration,0.002727029720619741
v16,Python,ocr_only,2,60.0,120.0,range,-0.0010329800440753688
v16,Python,ocr_only,2,60.0,120.0,list,0.1337073174612224
v16,Python,ocr_only,2,60.0,120.0,nested loop,0.0036291902648595636
v16,Python,ocr_only,2,60.0,120.0,index,0.005605867254964158
v16,Python,ocr_only,2,60.0,120.0,break,-0.007490223451995646
v16,Python,ocr_only,2,60.0,120.0,continue,0.005537394630585931
v16,Python,ocr_only,3,120.0,180.0,for loop,-0.0008171977379916594
v16,Python,ocr_only,3,120.0,180.0,for,-0.0072792020226502465
v16,Python,ocr_only,3,120.0,180.0,iteration,-0.009141266576502525
v16,Python,ocr_only,3,120.0,180.0,range,-0.0029442045292488437
v16,Python,ocr_only,3,120.0,180.0,list,0.1046252170177323
v16,Python,ocr_only,3,120.0,180.0,nested loop,0.004004664277155585
v16,Python,ocr_only,3,120.0,180.0,index,0.007490293853689841
v16,Python,ocr_only,3,120.0,180.0,break,-0.004983989158081185
v16,Python,ocr_only,3,120.0,180.0,continue,0.007067701988972283
v16,Python,ocr_only,4,180.0,240.0,for loop,-0.012150812301089178
v16,Python,ocr_only,4,180.0,240.0,for,-0.015843108210802568
v16,Python,ocr_only,4,180.0,240.0,iteration,-0.051391429623821816
v16,Python,ocr_only,4,180.0,240.0,range,-0.003294647563363549
v16,Python,ocr_only,4,180.0,240.0,list,0.031371750798804623
v16,Python,ocr_only,4,180.0,240.0,nested loop,-0.0027349741012262572
v16,Python,ocr_only,4,180.0,240.0,index,0.003688122229009347
v16,Python,ocr_only,4,180.0,240.0,break,0.023973521725497597
v16,Python,ocr_only,4,180.0,240.0,continue,0.0016278175090756336
v16,Python,ocr_only,5,240.0,300.0,for loop,-0.0007239634033128043
v16,Python,ocr_only,5,240.0,300.0,for,0.008221090242693269
v16,Python,ocr_only,5,240.0,300.0,iteration,-0.06378589445663019
v16,Python,ocr_only,5,240.0,300.0,range,0.25915879210645515
v16,Python,ocr_only,5,240.0,300.0,list,-0.024271366952695314
v16,Python,ocr_only,5,240.0,300.0,nested loop,-0.00552399212919489
v16,Python,ocr_only,5,240.0,300.0,index,0.0010075939924087628
v16,Python,ocr_only,5,240.0,300.0,break,0.006172093086987961
v16,Python,ocr_only,5,240.0,300.0,continue,-0.013112197835344801
v16,Python,ocr_only,6,300.0,360.0,for loop,0.010228236596559713
v16,Python,ocr_only,6,300.0,360.0,for,0.0138151542135171
v16,Python,ocr_only,6,300.0,360.0,iteration,-0.047585739458307685
v16,Python,ocr_only,6,300.0,360.0,range,0.28751723034247667
v16,Python,ocr_only,6,300.0,360.0,list,-0.036775486189974456
v16,Python,ocr_only,6,300.0,360.0,nested loop,0.00220757809461807
v16,Python,ocr_only,6,300.0,360.0,index,0.0018742877380538356
v16,Python,ocr_only,6,300.0,360.0,break,-0.01536899116431043
v16,Python,ocr_only,6,300.0,360.0,continue,-0.003996526034234742
v17,Python,ocr_only,1,0.0,60.0,for loop,0.33320209892039565
v17,Python,ocr_only,1,0.0,60.0,for,0.4055607290658895
v17,Python,ocr_only,1,0.0,60.0,iteration,-0.0016837893853828868
v17,Python,ocr_only,1,0.0,60.0,range,0.10273772614716646
v17,Python,ocr_only,1,0.0,60.0,list,0.3626165130394481
v17,Python,ocr_only,1,0.0,60.0,nested loop,0.15354000245374266
v17,Python,ocr_only,1,0.0,60.0,index,-0.04512512375227791
v17,Python,ocr_only,1,0.0,60.0,break,0.08466662059778143
v17,Python,ocr_only,1,0.0,60.0,continue,0.06523655971806219
v17,Python,ocr_only,2,60.0,120.0,for loop,0.46886135333804946
v17,Python,ocr_only,2,60.0,120.0,for,0.422151524118281
v17,Python,ocr_only,2,60.0,120.0,iteration,0.06338479587821474
v17,Python,ocr_only,2,60.0,120.0,range,0.10815792660958928
v17,Python,ocr_only,2,60.0,120.0,list,0.4557086720341762
v17,Python,ocr_only,2,60.0,120.0,nested loop,0.29081328105119447
v17,Python,ocr_only,2,60.0,120.0,index,-0.0040860263970821376
v17,Python,ocr_only,2,60.0,120.0,break,0.15798224571598382
v17,Python,ocr_only,2,60.0,120.0,continue,0.14471408931789517
v17,Python,ocr_only,3,120.0,180.0,for loop,0.03947041031160049
v17,Python,ocr_only,3,120.0,180.0,for,0.09506831389667114
v17,Python,ocr_only,3,120.0,180.0,iteration,-0.02730068352626099
v17,Python,ocr_only,3,120.0,180.0,range,0.02172241563905062
v17,Python,ocr_only,3,120.0,180.0,list,-0.014587160229600205
v17,Python,ocr_only,3,120.0,180.0,nested loop,-0.023079817975498403
v17,Python,ocr_only,3,120.0,180.0,index,0.016818494092777834
v17,Python,ocr_only,3,120.0,180.0,break,0.0005511129401684102
v17,Python,ocr_only,3,120.0,180.0,continue,-0.009826087975970614
v17,Python,ocr_only,4,180.0,240.0,for loop,0.06929323843448355
v17,Python,ocr_only,4,180.0,240.0,for,0.12979764536874064
v17,Python,ocr_only,4,180.0,240.0,iteration,-0.011804462674953477
v17,Python,ocr_only,4,180.0,240.0,range,0.10887075135758233
v17,Python,ocr_only,4,180.0,240.0,list,-0.036014416570134135
v17,Python,ocr_only,4,180.0,240.0,nested loop,-0.008546486419866023
v17,Python,ocr_only,4,180.0,240.0,index,0.007995296591591943
v17,Python,ocr_only,4,180.0,240.0,break,-0.01390041167394575
v17,Python,ocr_only,4,180.0,240.0,continue,-0.00872727828615719
v17,Python,ocr_only,5,240.0,300.0,for loop,0.014272514886332398
v17,Python,ocr_only,5,240.0,300.0,for,0.0536822604547431
v17,Python,ocr_only,5,240.0,300.0,iteration,0.009013691734388034
v17,Python,ocr_only,5,240.0,300.0,range,0.02906199919168035
v17,Python,ocr_only,5,240.0,300.0,list,0.011419006203854838
v17,Python,ocr_only,5,240.0,300.0,nested loop,-0.011069902251937786
v17,Python,ocr_only,5,240.0,300.0,index,-0.010646706481642938
v17,Python,ocr_only,5,240.0,300.0,break,-0.015605552101286403
v17,Python,ocr_only,5,240.0,300.0,continue,-0.02434932028782094
v17,Python,ocr_only,6,300.0,360.0,for loop,0.016742919527832124
v17,Python,ocr_only,6,300.0,360.0,for,0.01443581511156081
v17,Python,ocr_only,6,300.0,360.0,iteration,-0.029348957000726896
v17,Python,ocr_only,6,300.0,360.0,range,-0.013850492880142057
v17,Python,ocr_only,6,300.0,360.0,list,-0.024277291311136356
v17,Python,ocr_only,6,300.0,360.0,nested loop,0.0021413043622495556
v17,Python,ocr_only,6,300.0,360.0,index,-0.016344147839146055
v17,Python,ocr_only,6,300.0,360.0,break,0.0011923735421382447
v17,Python,ocr_only,6,300.0,360.0,continue,-0.0023363981815583356
v18,Python,ocr_only,1,0.0,60.0,for loop,-0.0061169247216411446
v18,Python,ocr_only,1,0.0,60.0,for,-0.033947775526698615
v18,Python,ocr_only,1,0.0,60.0,iteration,0.009557631912580812
v18,Python,ocr_only,1,0.0,60.0,range,-0.014380090290039733
v18,Python,ocr_only,1,0.0,60.0,list,0.009860729125476302
v18,Python,ocr_only,1,0.0,60.0,nested loop,0.01362805015274329
v18,Python,ocr_only,1,0.0,60.0,index,0.014279692534095136
v18,Python,ocr_only,1,0.0,60.0,break,-0.009518467659148155
v18,Python,ocr_only,1,0.0,60.0,continue,0.4444486150563087
v18,Python,ocr_only,2,60.0,120.0,for loop,0.022392260176966283
v18,Python,ocr_only,2,60.0,120.0,for,0.016305264641676358
v18,Python,ocr_only,2,60.0,120.0,iteration,-0.013966417868735533
v18,Python,ocr_only,2,60.0,120.0,range,0.012152213364546941
v18,Python,ocr_only,2,60.0,120.0,list,-0.03599535283280691
v18,Python,ocr_only,2,60.0,120.0,nested loop,0.011362253315215232
v18,Python,ocr_only,2,60.0,120.0,index,-0.0011268867489666622
v18,Python,ocr_only,2,60.0,120.0,break,0.03103924212184566
v18,Python,ocr_only,2,60.0,120.0,continue,-0.0731370817028163
v19,Python,ocr_only,1,0.0,60.0,for loop,0.049800760557744725
v19,Python,ocr_only,1,0.0,60.0,for,0.05177270859686926
v19,Python,ocr_only,1,0.0,60.0,iteration,0.09365097484625201
v19,Python,ocr_only,1,0.0,60.0,range,0.01932532138310033
v19,Python,ocr_only,1,0.0,60.0,list,0.1492208633267457
v19,Python,ocr_only,1,0.0,60.0,nested loop,0.003765102949830544
v19,Python,ocr_only,1,0.0,60.0,index,0.017575892007392707
v19,Python,ocr_only,1,0.0,60.0,break,0.025340283329509803
v19,Python,ocr_only,1,0.0,60.0,continue,0.018043047969062236
v19,Python,ocr_only,2,60.0,120.0,for loop,0.03842661852080516
v19,Python,ocr_only,2,60.0,120.0,for,0.04784137791228168
v19,Python,ocr_only,2,60.0,120.0,iteration,0.09967765757820181
v19,Python,ocr_only,2,60.0,120.0,range,0.013903553471613105
v19,Python,ocr_only,2,60.0,120.0,list,0.15681188584058206
v19,Python,ocr_only,2,60.0,120.0,nested loop,-0.00548442190418484
v19,Python,ocr_only,2,60.0,120.0,index,0.011938742568946344
v19,Python,ocr_only,2,60.0,120.0,break,0.003945439122821383
v19,Python,ocr_only,2,60.0,120.0,continue,-0.0023279211308177986
v19,Python,ocr_only,3,120.0,180.0,for loop,0.0283268402362447
v19,Python,ocr_only,3,120.0,180.0,for,0.017489960087262255
v19,Python,ocr_only,3,120.0,180.0,iteration,0.032046482313808355
v19,Python,ocr_only,3,120.0,180.0,range,0.016968834556911113
v19,Python,ocr_only,3,120.0,180.0,list,0.0419741923161649
v19,Python,ocr_only,3,120.0,180.0,nested loop,0.0007368907166707322
v19,Python,ocr_only,3,120.0,180.0,index,-0.005231922779876719
v19,Python,ocr_only,3,120.0,180.0,break,0.009575159524490074
v19,Python,ocr_only,3,120.0,180.0,continue,-0.004983196020408056
v19,Python,ocr_only,4,180.0,240.0,for loop,0.023102882111457685
v19,Python,ocr_only,4,180.0,240.0,for,0.006829116204900648
v19,Python,ocr_only,4,180.0,240.0,iteration,0.016572323951989563
v19,Python,ocr_only,4,180.0,240.0,range,0.018095214579238284
v19,Python,ocr_only,4,180.0,240.0,list,0.011412919450439055
v19,Python,ocr_only,4,180.0,240.0,nested loop,0.002427384350748705
v19,Python,ocr_only,4,180.0,240.0,index,-0.01117920517463808
v19,Python,ocr_only,4,180.0,240.0,break,0.017343613352529035
v19,Python,ocr_only,4,180.0,240.0,continue,-0.006692809842446561
v19,Python,ocr_only,5,240.0,300.0,for loop,0.0439673036998714
v19,Python,ocr_only,5,240.0,300.0,for,0.027491442609218365
v19,Python,ocr_only,5,240.0,300.0,iteration,0.0427225007112587
v19,Python,ocr_only,5,240.0,300.0,range,0.017969313445180726
v19,Python,ocr_only,5,240.0,300.0,list,0.06473049351820968
v19,Python,ocr_only,5,240.0,300.0,nested loop,0.008370664872126097
v19,Python,ocr_only,5,240.0,300.0,index,0.00010181274508496957
v19,Python,ocr_only,5,240.0,300.0,break,0.08824756910013731
v19,Python,ocr_only,5,240.0,300.0,continue,0.00803661406708728
v19,Python,ocr_only,6,300.0,360.0,for loop,0.04369807632888663
v19,Python,ocr_only,6,300.0,360.0,for,0.049690424475122445
v19,Python,ocr_only,6,300.0,360.0,iteration,0.0714076089778694
v19,Python,ocr_only,6,300.0,360.0,range,0.02194050993940582
v19,Python,ocr_only,6,300.0,360.0,list,0.1139468865672797
v19,Python,ocr_only,6,300.0,360.0,nested loop,-0.0018933586341298937
v19,Python,ocr_only,6,300.0,360.0,index,0.0030808712657076974
v19,Python,ocr_only,6,300.0,360.0,break,0.004434091889228764
v19,Python,ocr_only,6,300.0,360.0,continue,-0.00027040301303881743
v19,Python,ocr_only,7,360.0,420.0,for loop,0.07182192353941247
v19,Python,ocr_only,7,360.0,420.0,for,0.10093040182817828
v19,Python,ocr_only,7,360.0,420.0,iteration,0.032703694777529074
v19,Python,ocr_only,7,360.0,420.0,range,0.09676081214205723
v19,Python,ocr_only,7,360.0,420.0,list,0.06606062774084527
v19,Python,ocr_only,7,360.0,420.0,nested loop,-0.0016417213855077527
v19,Python,ocr_only,7,360.0,420.0,index,0.005867280406922324
v19,Python,ocr_only,7,360.0,420.0,break,-0.00719476780660999
v19,Python,ocr_only,7,360.0,420.0,continue,0.017612417278608707
v19,Python,ocr_only,8,420.0,480.0,for loop,0.0853048481154301
v19,Python,ocr_only,8,420.0,480.0,for,0.10332262937298907
v19,Python,ocr_only,8,420.0,480.0,iteration,0.01875181749607284
v19,Python,ocr_only,8,420.0,480.0,range,0.08669762900187301
v19,Python,ocr_only,8,420.0,480.0,list,0.05922173237784903
v19,Python,ocr_only,8,420.0,480.0,nested loop,0.010109892380201473
v19,Python,ocr_only,8,420.0,480.0,index,0.009668402506071693
v19,Python,ocr_only,8,420.0,480.0,break,0.018841198866461243
v19,Python,ocr_only,8,420.0,480.0,continue,0.05408630595498033
v19,Python,ocr_only,9,480.0,540.0,for loop,0.0860763002605888
v19,Python,ocr_only,9,480.0,540.0,for,0.11535755971935838
v19,Python,ocr_only,9,480.0,540.0,iteration,-0.05309342641878342
v19,Python,ocr_only,9,480.0,540.0,range,0.1398748773366575
v19,Python,ocr_only,9,480.0,540.0,list,-0.039905031998468746
v19,Python,ocr_only,9,480.0,540.0,nested loop,0.0016682871988596426
v19,Python,ocr_only,9,480.0,540.0,index,-0.011990719051052437
v19,Python,ocr_only,9,480.0,540.0,break,-0.008920732496304824
v19,Python,ocr_only,9,480.0,540.0,continue,0.0406508187483667
v19,Python,ocr_only,10,540.0,600.0,for loop,0.07427316888288622
v19,Python,ocr_only,10,540.0,600.0,for,0.10698991278538406
v19,Python,ocr_only,10,540.0,600.0,iteration,-0.05768281010065758
v19,Python,ocr_only,10,540.0,600.0,range,0.1262753906195351
v19,Python,ocr_only,10,540.0,600.0,list,-0.03131507380184372
v19,Python,ocr_only,10,540.0,600.0,nested loop,-0.004743502228061517
v19,Python,ocr_only,10,540.0,600.0,index,-0.016883473948855303
v19,Python,ocr_only,10,540.0,600.0,break,-0.010533070663763248
v19,Python,ocr_only,10,540.0,600.0,continue,0.02385548816213856
v19,Python,ocr_only,11,600.0,660.0,for loop,0.055972346523790045
v19,Python,ocr_only,11,600.0,660.0,for,0.09120915276336415
v19,Python,ocr_only,11,600.0,660.0,iteration,0.006659736443206575
v19,Python,ocr_only,11,600.0,660.0,range,0.14395533418232398
v19,Python,ocr_only,11,600.0,660.0,list,0.034301310376411244
v19,Python,ocr_only,11,600.0,660.0,nested loop,-0.010563770172722507
v19,Python,ocr_only,11,600.0,660.0,index,-0.01801575948059819
v19,Python,ocr_only,11,600.0,660.0,break,0.003917418090502178
v19,Python,ocr_only,11,600.0,660.0,continue,0.013047525461178835
v20,Python,ocr_only,1,0.0,60.0,for loop,0.3142918693862206
v20,Python,ocr_only,1,0.0,60.0,for,0.7020543411662318
v20,Python,ocr_only,1,0.0,60.0,iteration,0.03160647493990241
v20,Python,ocr_only,1,0.0,60.0,range,0.19333191226013652
v20,Python,ocr_only,1,0.0,60.0,list,0.34767328110019563
v20,Python,ocr_only,1,0.0,60.0,nested loop,0.0005114640905072318
v20,Python,ocr_only,1,0.0,60.0,index,-0.001926293171441559
v20,Python,ocr_only,1,0.0,60.0,break,-0.006156069909810744
v20,Python,ocr_only,1,0.0,60.0,continue,0.0016615374282200521
v20,Python,ocr_only,2,60.0,120.0,for loop,0.14713609216177262
v20,Python,ocr_only,2,60.0,120.0,for,0.2774599999236819
v20,Python,ocr_only,2,60.0,120.0,iteration,-0.017818776477362734
v20,Python,ocr_only,2,60.0,120.0,range,0.08300110643793622
v20,Python,ocr_only,2,60.0,120.0,list,0.057697157080743966
v20,Python,ocr_only,2,60.0,120.0,nested loop,0.00500777807183856
v20,Python,ocr_only,2,60.0,120.0,index,0.013325158762152657
v20,Python,ocr_only,2,60.0,120.0,break,0.012815901798691234
v20,Python,ocr_only,2,60.0,120.0,continue,0.003857073862156163
v20,Python,ocr_only,3,120.0,180.0,for loop,0.2642785344151822
v20,Python,ocr_only,3,120.0,180.0,for,0.5587193631273554
v20,Python,ocr_only,3,120.0,180.0,iteration,0.05807362062474273
v20,Python,ocr_only,3,120.0,180.0,range,0.1664788917300129
v20,Python,ocr_only,3,120.0,180.0,list,0.28414796900925476
v20,Python,ocr_only,3,120.0,180.0,nested loop,0.0005573822059670798
v20,Python,ocr_only,3,120.0,180.0,index,0.012600976308497727
v20,Python,ocr_only,3,120.0,180.0,break,0.0010176927781249628
v20,Python,ocr_only,3,120.0,180.0,continue,0.0074506484899776616
v20,Python,ocr_only,4,180.0,240.0,for loop,0.12871357343924422
v20,Python,ocr_only,4,180.0,240.0,for,0.25132999079647755
v20,Python,ocr_only,4,180.0,240.0,iteration,0.040797099718097925
v20,Python,ocr_only,4,180.0,240.0,range,0.08031602032529626
v20,Python,ocr_only,4,180.0,240.0,list,0.1260809512975659
v20,Python,ocr_only,4,180.0,240.0,nested loop,0.000618652029060122
v20,Python,ocr_only,4,180.0,240.0,index,0.008783159327686084
v20,Python,ocr_only,4,180.0,240.0,break,-0.0009182317371729979
v20,Python,ocr_only,4,180.0,240.0,continue,-0.005874362252035953
v20,Python,ocr_only,5,240.0,300.0,for loop,-0.019716553194195022
v20,Python,ocr_only,5,240.0,300.0,for,-0.05614799104423876
v20,Python,ocr_only,5,240.0,300.0,iteration,0.04621103579748735
v20,Python,ocr_only,5,240.0,300.0,range,0.0009355209130638188
v20,Python,ocr_only,5,240.0,300.0,list,0.02142031030466024
v20,Python,ocr_only,5,240.0,300.0,nested loop,-0.006244411177471457
v20,Python,ocr_only,5,240.0,300.0,index,-0.006236829615374698
v20,Python,ocr_only,5,240.0,300.0,break,-0.02338454092984032
v20,Python,ocr_only,5,240.0,300.0,continue,-0.03014690652025018
v20,Python,ocr_only,6,300.0,360.0,for loop,0.1444075885277915
v20,Python,ocr_only,6,300.0,360.0,for,0.28473965389388733
v20,Python,ocr_only,6,300.0,360.0,iteration,-8.031443146533457e-05
v20,Python,ocr_only,6,300.0,360.0,range,0.09213669042507669
v20,Python,ocr_only,6,300.0,360.0,list,0.08478799298301402
v20,Python,ocr_only,6,300.0,360.0,nested loop,-0.00032779931202567096
v20,Python,ocr_only,6,300.0,360.0,index,-0.009114031241633843
v20,Python,ocr_only,6,300.0,360.0,break,-0.00015936696676894794
v20,Python,ocr_only,6,300.0,360.0,continue,-0.0072082419239519685
v20,Python,ocr_only,7,360.0,420.0,for loop,0.14637958073167107
v20,Python,ocr_only,7,360.0,420.0,for,0.2934853212565517
v20,Python,ocr_only,7,360.0,420.0,iteration,0.011828893536872762
v20,Python,ocr_only,7,360.0,420.0,range,0.09563166358854659
v20,Python,ocr_only,7,360.0,420.0,list,0.10796256431094263
v20,Python,ocr_only,7,360.0,420.0,nested loop,-0.0019828344961249217
v20,Python,ocr_only,7,360.0,420.0,index,-0.008648282343909203
v20,Python,ocr_only,7,360.0,420.0,break,-0.001549353052603409
v20,Python,ocr_only,7,360.0,420.0,continue,-0.006412548237787748
v20,Python,ocr_only,8,420.0,480.0,for loop,0.1841834297172852
v20,Python,ocr_only,8,420.0,480.0,for,0.37057689272696637
v20,Python,ocr_only,8,420.0,480.0,iteration,-0.011751585276781478
v20,Python,ocr_only,8,420.0,480.0,range,0.15769287822158948
v20,Python,ocr_only,8,420.0,480.0,list,0.07074312572492943
v20,Python,ocr_only,8,420.0,480.0,nested loop,-0.0008590052865021305
v20,Python,ocr_only,8,420.0,480.0,index,-0.004859702821537996
v20,Python,ocr_only,8,420.0,480.0,break,-0.004371052494308664
v20,Python,ocr_only,8,420.0,480.0,continue,0.00908526403536161
v20,Python,ocr_only,9,480.0,540.0,for loop,0.3365207244468768
v20,Python,ocr_only,9,480.0,540.0,for,0.7347101176219344
v20,Python,ocr_only,9,480.0,540.0,iteration,0.04757579080980459
v20,Python,ocr_only,9,480.0,540.0,range,0.26054549017453804
v20,Python,ocr_only,9,480.0,540.0,list,0.333725505546364
v20,Python,ocr_only,9,480.0,540.0,nested loop,-0.004020515947406614
v20,Python,ocr_only,9,480.0,540.0,index,0.0011618561408786297
v20,Python,ocr_only,9,480.0,540.0,break,-0.012413608151192773
v20,Python,ocr_only,9,480.0,540.0,continue,0.02298609575332584
v20,Python,ocr_only,10,540.0,600.0,for loop,0.24197976233546362
v20,Python,ocr_only,10,540.0,600.0,for,0.4726661464861878
v20,Python,ocr_only,10,540.0,600.0,iteration,-0.02098037777855845
v20,Python,ocr_only,10,540.0,600.0,range,0.20139578432788224
v20,Python,ocr_only,10,540.0,600.0,list,0.12077548066533064
v20,Python,ocr_only,10,540.0,600.0,nested loop,0.011291159484432399
v20,Python,ocr_only,10,540.0,600.0,index,0.02045674511517705
v20,Python,ocr_only,10,540.0,600.0,break,0.004910043994413015
v20,Python,ocr_only,10,540.0,600.0,continue,0.022989102192328515
v20,Python,ocr_only,11,600.0,660.0,for loop,0.10695036944716574
v20,Python,ocr_only,11,600.0,660.0,for,0.17978301377812722
v20,Python,ocr_only,11,600.0,660.0,iteration,-0.05146250585023816
v20,Python,ocr_only,11,600.0,660.0,range,0.11605542183205407
v20,Python,ocr_only,11,600.0,660.0,list,-0.044716664528049094
v20,Python,ocr_only,11,600.0,660.0,nested loop,0.0035018754980947844
v20,Python,ocr_only,11,600.0,660.0,index,0.009898095043526718
v20,Python,ocr_only,11,600.0,660.0,break,0.011562296597274901
v20,Python,ocr_only,11,600.0,660.0,continue,0.014938200324995952
v20,Python,ocr_only,12,660.0,720.0,for loop,0.1911171530846141
v20,Python,ocr_only,12,660.0,720.0,for,0.4130484872666517
v20,Python,ocr_only,12,660.0,720.0,iteration,0.028752878693566342
v20,Python,ocr_only,12,660.0,720.0,range,0.15195949816246063
v20,Python,ocr_only,12,660.0,720.0,list,0.19741843803939732
v20,Python,ocr_only,12,660.0,720.0,nested loop,-0.0077564025682682215
v20,Python,ocr_only,12,660.0,720.0,index,-0.0034967630590157987
v20,Python,ocr_only,12,660.0,720.0,break,-0.0036601488766818935
v20,Python,ocr_only,12,660.0,720.0,continue,-0.002610387918045407
v20,Python,ocr_only,13,720.0,780.0,for loop,0.16985150421344508
v20,Python,ocr_only,13,720.0,780.0,for,0.3677697455156922
v20,Python,ocr_only,13,720.0,780.0,iteration,0.03517564467416598
v20,Python,ocr_only,13,720.0,780.0,range,0.13804571658386117
v20,Python,ocr_only,13,720.0,780.0,list,0.19145154506327658
v20,Python,ocr_only,13,720.0,780.0,nested loop,-0.007878283900618125
v20,Python,ocr_only,13,720.0,780.0,index,-0.004215158016601419
v20,Python,ocr_only,13,720.0,780.0,break,-0.0022864016897626103
v20,Python,ocr_only,13,720.0,780.0,continue,-0.004145961849964305
v20,Python,ocr_only,14,780.0,840.0,for loop,0.1867846394246492
v20,Python,ocr_only,14,780.0,840.0,for,0.4179436890800053
v20,Python,ocr_only,14,780.0,840.0,iteration,0.03837489224792469
v20,Python,ocr_only,14,780.0,840.0,range,0.1439239364885714
v20,Python,ocr_only,14,780.0,840.0,list,0.22090482375850795
v20,Python,ocr_only,14,780.0,840.0,nested loop,-0.01353082420305863
v20,Python,ocr_only,14,780.0,840.0,index,-0.0017304626125103618
v20,Python,ocr_only,14,780.0,840.0,break,-0.004428554201606004
v20,Python,ocr_only,14,780.0,840.0,continue,-0.008270088246021476
v20,Python,ocr_only,15,840.0,900.0,for loop,0.08614598185447321
v20,Python,ocr_only,15,840.0,900.0,for,0.1915511214007206
v20,Python,ocr_only,15,840.0,900.0,iteration,0.007105570118601983
v20,Python,ocr_only,15,840.0,900.0,range,0.08027359216259426
v20,Python,ocr_only,15,840.0,900.0,list,0.061561636483383295
v20,Python,ocr_only,15,840.0,900.0,nested loop,-0.0059919811408478815
v20,Python,ocr_only,15,840.0,900.0,index,0.0036840538816331745
v20,Python,ocr_only,15,840.0,900.0,break,0.025748888524481227
v20,Python,ocr_only,15,840.0,900.0,continue,-0.02070129767267364
v20,Python,ocr_only,16,900.0,960.0,for loop,0.21030205693146342
v20,Python,ocr_only,16,900.0,960.0,for,0.4519349102753376
v20,Python,ocr_only,16,900.0,960.0,iteration,0.02837312234825447
v20,Python,ocr_only,16,900.0,960.0,range,0.1524517309750168
v20,Python,ocr_only,16,900.0,960.0,list,0.18792762788140369
v20,Python,ocr_only,16,900.0,960.0,nested loop,-0.008243700144738237
v20,Python,ocr_only,16,900.0,960.0,index,-0.00831141758575726
v20,Python,ocr_only,16,900.0,960.0,break,0.07873430344676255
v20,Python,ocr_only,16,900.0,960.0,continue,-0.0034727192235571593
v20,Python,ocr_only,17,960.0,1020.0,for loop,0.16634220434250188
v20,Python,ocr_only,17,960.0,1020.0,for,0.3585387308541736
v20,Python,ocr_only,17,960.0,1020.0,iteration,-0.028030924574115577
v20,Python,ocr_only,17,960.0,1020.0,range,0.12518596861862807
v20,Python,ocr_only,17,960.0,1020.0,list,0.06318314382777931
v20,Python,ocr_only,17,960.0,1020.0,nested loop,-0.004863513919181461
v20,Python,ocr_only,17,960.0,1020.0,index,-0.02719503592706931
v20,Python,ocr_only,17,960.0,1020.0,break,0.05640420497559647
v20,Python,ocr_only,17,960.0,1020.0,continue,-0.008002435144712446
v20,Python,ocr_only,18,1020.0,1080.0,for loop,0.256025950192847
v20,Python,ocr_only,18,1020.0,1080.0,for,0.5544419422542538
v20,Python,ocr_only,18,1020.0,1080.0,iteration,0.003460595176822524
v20,Python,ocr_only,18,1020.0,1080.0,range,0.2122584729331758
v20,Python,ocr_only,18,1020.0,1080.0,list,0.17685090591327166
v20,Python,ocr_only,18,1020.0,1080.0,nested loop,-0.002990728075779351
v20,Python,ocr_only,18,1020.0,1080.0,index,-0.014199101981016822
v20,Python,ocr_only,18,1020.0,1080.0,break,0.01678574993780142
v20,Python,ocr_only,18,1020.0,1080.0,continue,5.092487144152481e-06
v20,Python,ocr_only,19,1080.0,1140.0,for loop,0.37188810756939045
v20,Python,ocr_only,19,1080.0,1140.0,for,0.7606960586953806
v20,Python,ocr_only,19,1080.0,1140.0,iteration,0.041939281635273204
v20,Python,ocr_only,19,1080.0,1140.0,range,0.3035489985680717
v20,Python,ocr_only,19,1080.0,1140.0,list,0.31615785285498954
v20,Python,ocr_only,19,1080.0,1140.0,nested loop,0.014780929654162295
v20,Python,ocr_only,19,1080.0,1140.0,index,0.006429787579479871
v20,Python,ocr_only,19,1080.0,1140.0,break,0.0028312701169538705
v20,Python,ocr_only,19,1080.0,1140.0,continue,0.06756059287158661
v20,Python,ocr_only,20,1140.0,1200.0,for loop,0.3389360154534365
v20,Python,ocr_only,20,1140.0,1200.0,for,0.7329441842433072
v20,Python,ocr_only,20,1140.0,1200.0,iteration,0.06250041975141073
v20,Python,ocr_only,20,1140.0,1200.0,range,0.2264566497370935
v20,Python,ocr_only,20,1140.0,1200.0,list,0.37919559687218113
v20,Python,ocr_only,20,1140.0,1200.0,nested loop,0.005343213471742317
v20,Python,ocr_only,20,1140.0,1200.0,index,0.010915271727426283
v20,Python,ocr_only,20,1140.0,1200.0,break,0.0003390757666329478
v20,Python,ocr_only,20,1140.0,1200.0,continue,0.025468802714693328
v20,Python,ocr_only,21,1200.0,1260.0,for loop,0.24960767517155383
v20,Python,ocr_only,21,1200.0,1260.0,for,0.5487915284566097
v20,Python,ocr_only,21,1200.0,1260.0,iteration,-0.036188445080060236
v20,Python,ocr_only,21,1200.0,1260.0,range,0.16340586456720899
v20,Python,ocr_only,21,1200.0,1260.0,list,0.15962919249667396
v20,Python,ocr_only,21,1200.0,1260.0,nested loop,-0.0054027901300812975
v20,Python,ocr_only,21,1200.0,1260.0,index,-0.028584723715764284
v20,Python,ocr_only,21,1200.0,1260.0,break,0.011415373309612876
v20,Python,ocr_only,21,1200.0,1260.0,continue,0.0035941395640449445
v21,Python,ocr_only,1,0.0,60.0,for loop,0.5578441638071502
v21,Python,ocr_only,1,0.0,60.0,for,-0.04441150715634484
v21,Python,ocr_only,1,0.0,60.0,iteration,-0.00629101679883567
v21,Python,ocr_only,1,0.0,60.0,range,-0.005927007181266059
v21,Python,ocr_only,1,0.0,60.0,list,0.0026150783097388824
v21,Python,ocr_only,1,0.0,60.0,nested loop,0.7396541080853591
v21,Python,ocr_only,1,0.0,60.0,index,-0.11043093560416271
v21,Python,ocr_only,1,0.0,60.0,break,0.3334347169880899
v21,Python,ocr_only,1,0.0,60.0,continue,0.3187589705490079
v21,Python,ocr_only,2,60.0,120.0,for loop,0.501030678918031
v21,Python,ocr_only,2,60.0,120.0,for,-0.044111064550311205
v21,Python,ocr_only,2,60.0,120.0,iteration,-0.004156457514294411
v21,Python,ocr_only,2,60.0,120.0,range,-0.009124024169483902
v21,Python,ocr_only,2,60.0,120.0,list,0.00890033167572935
v21,Python,ocr_only,2,60.0,120.0,nested loop,0.6709760099904319
v21,Python,ocr_only,2,60.0,120.0,index,-0.10808390859391943
v21,Python,ocr_only,2,60.0,120.0,break,0.2970935888351028
v21,Python,ocr_only,2,60.0,120.0,continue,0.2817338011970198
v21,Python,ocr_only,3,120.0,180.0,for loop,-0.010308803472319958
v21,Python,ocr_only,3,120.0,180.0,for,0.006748672535808321
v21,Python,ocr_only,3,120.0,180.0,iteration,0.008910433346925315
v21,Python,ocr_only,3,120.0,180.0,range,0.01647377560945477
v21,Python,ocr_only,3,120.0,180.0,list,0.009365700640863773
v21,Python,ocr_only,3,120.0,180.0,nested loop,-0.009552837444615653
v21,Python,ocr_only,3,120.0,180.0,index,0.003865169605868947
v21,Python,ocr_only,3,120.0,180.0,break,-0.010684693883081747
v21,Python,ocr_only,3,120.0,180.0,continue,-0.0014500143748120515
v21,Python,ocr_only,4,180.0,240.0,for loop,-0.02134893964195061
v21,Python,ocr_only,4,180.0,240.0,for,0.010947206948763813
v21,Python,ocr_only,4,180.0,240.0,iteration,0.0021914514306837925
v21,Python,ocr_only,4,180.0,240.0,range,-0.004369563809853197
v21,Python,ocr_only,4,180.0,240.0,list,0.0013308742051771265
v21,Python,ocr_only,4,180.0,240.0,nested loop,-0.029032552164439066
v21,Python,ocr_only,4,180.0,240.0,index,0.04190369020118595
v21,Python,ocr_only,4,180.0,240.0,break,-0.0027799334711111796
v21,Python,ocr_only,4,180.0,240.0,continue,0.012047452490986639
v21,Python,ocr_only,5,240.0,300.0,for loop,-0.014103425019814706
v21,Python,ocr_only,5,240.0,300.0,for,0.002722388580710308
v21,Python,ocr_only,5,240.0,300.0,iteration,0.005418254449698923
v21,Python,ocr_only,5,240.0,300.0,range,0.008240351673670146
v21,Python,ocr_only,5,240.0,300.0,list,0.007361716258637223
v21,Python,ocr_only,5,240.0,300.0,nested loop,-0.013714630277400653
v21,Python,ocr_only,5,240.0,300.0,index,0.0011687594835684924
v21,Python,ocr_only,5,240.0,300.0,break,0.0011290832857356393
v21,Python,ocr_only,5,240.0,300.0,continue,-0.01649524125597412
v21,Python,ocr_only,6,300.0,360.0,for loop,-0.018859823031558105
v21,Python,ocr_only,6,300.0,360.0,for,0.001695399972310204
v21,Python,ocr_only,6,300.0,360.0,iteration,-0.010386704809008475
v21,Python,ocr_only,6,300.0,360.0,range,-0.005086670771321415
v21,Python,ocr_only,6,300.0,360.0,list,-0.007605012541322367
v21,Python,ocr_only,6,300.0,360.0,nested loop,-0.020694195376653658
v21,Python,ocr_only,6,300.0,360.0,index,0.0035346823071260797
v21,Python,ocr_only,6,300.0,360.0,break,-0.010671772281373263
v21,Python,ocr_only,6,300.0,360.0,continue,-0.006900972239514849
v21,Python,ocr_only,7,360.0,420.0,for loop,-0.01271570356273781
v21,Python,ocr_only,7,360.0,420.0,for,-0.014032476077455877
v21,Python,ocr_only,7,360.0,420.0,iteration,0.0072417568356068435
v21,Python,ocr_only,7,360.0,420.0,range,-0.006037819987556753
v21,Python,ocr_only,7,360.0,420.0,list,-0.005650645138656758
v21,Python,ocr_only,7,360.0,420.0,nested loop,-0.009482088318568772
v21,Python,ocr_only,7,360.0,420.0,index,-0.013984279703910122
v21,Python,ocr_only,7,360.0,420.0,break,0.003752297819952145
v21,Python,ocr_only,7,360.0,420.0,continue,-0.013442749070391087
v21,Python,ocr_only,8,420.0,480.0,for loop,0.017541801937790126
v21,Python,ocr_only,8,420.0,480.0,for,-0.013890208839737947
v21,Python,ocr_only,8,420.0,480.0,iteration,0.06247487734982626
v21,Python,ocr_only,8,420.0,480.0,range,-0.0018537850069630993
v21,Python,ocr_only,8,420.0,480.0,list,0.021055441126231814
v21,Python,ocr_only,8,420.0,480.0,nested loop,0.034940361389380205
v21,Python,ocr_only,8,420.0,480.0,index,0.030023347721390092
v21,Python,ocr_only,8,420.0,480.0,break,-0.00018036314751596736
v21,Python,ocr_only,8,420.0,480.0,continue,0.06990419758528546
v21,Python,ocr_only,9,480.0,540.0,for loop,0.042732252615092614
v21,Python,ocr_only,9,480.0,540.0,for,0.011662879261368098
v21,Python,ocr_only,9,480.0,540.0,iteration,-0.0009392806489944346
v21,Python,ocr_only,9,480.0,540.0,range,0.0006184423060756712
v21,Python,ocr_only,9,480.0,540.0,list,0.022852549117085924
v21,Python,ocr_only,9,480.0,540.0,nested loop,0.02901189901632298
v21,Python,ocr_only,9,480.0,540.0,index,0.03152367689330178
v21,Python,ocr_only,9,480.0,540.0,break,0.033899243750900705
v21,Python,ocr_only,9,480.0,540.0,continue,0.02889860720608035
v21,Python,ocr_only,10,540.0,600.0,for loop,-0.005030988567262141
v21,Python,ocr_only,10,540.0,600.0,for,0.006696476509810333
v21,Python,ocr_only,10,540.0,600.0,iteration,-0.02652829297676337
v21,Python,ocr_only,10,540.0,600.0,range,-0.0071017639116644216
v21,Python,ocr_only,10,540.0,600.0,list,-0.03956219457630254
v21,Python,ocr_only,10,540.0,600.0,nested loop,-0.006580564931528637
v21,Python,ocr_only,10,540.0,600.0,index,0.00021789223415841585
v21,Python,ocr_only,10,540.0,600.0,break,-0.01309358080294958
v21,Python,ocr_only,10,540.0,600.0,continue,0.007955861521844907
v21,Python,ocr_only,11,600.0,660.0,for loop,-0.018732505609446337
v21,Python,ocr_only,11,600.0,660.0,for,-0.015937725062830598
v21,Python,ocr_only,11,600.0,660.0,iteration,-0.07293206674040244
v21,Python,ocr_only,11,600.0,660.0,range,-0.008844685548441252
v21,Python,ocr_only,11,600.0,660.0,list,-0.09386634902987781
v21,Python,ocr_only,11,600.0,660.0,nested loop,-0.014191020535076336
v21,Python,ocr_only,11,600.0,660.0,index,-0.06186630083943043
v21,Python,ocr_only,11,600.0,660.0,break,-0.004112898740834186
v21,Python,ocr_only,11,600.0,660.0,continue,-0.02095189714468094
v21,Python,ocr_only,12,660.0,720.0,for loop,0.018921767067439796
v21,Python,ocr_only,12,660.0,720.0,for,0.006721620437483894
v21,Python,ocr_only,12,660.0,720.0,iteration,0.01333875644897109
v21,Python,ocr_only,12,660.0,720.0,range,0.044395013835793966
v21,Python,ocr_only,12,660.0,720.0,list,0.08116696872015126
v21,Python,ocr_only,12,660.0,720.0,nested loop,0.033150306901039615
v21,Python,ocr_only,12,660.0,720.0,index,0.01520979134555942
v21,Python,ocr_only,12,660.0,720.0,break,-0.023561800664991427
v21,Python,ocr_only,12,660.0,720.0,continue,-0.01814716923177584
v21,Python,ocr_only,13,720.0,780.0,for loop,-0.023718101392696898
v21,Python,ocr_only,13,720.0,780.0,for,-0.010861399328784082
v21,Python,ocr_only,13,720.0,780.0,iteration,0.009615153172907804
v21,Python,ocr_only,13,720.0,780.0,range,-0.012322227539199343
v21,Python,ocr_only,13,720.0,780.0,list,0.024109247385600722
v21,Python,ocr_only,13,720.0,780.0,nested loop,0.049389376476073846
v21,Python,ocr_only,13,720.0,780.0,index,0.00840623883821208
v21,Python,ocr_only,13,720.0,780.0,break,-0.03088292345134091
v21,Python,ocr_only,13,720.0,780.0,continue,0.009826985298626403
v21,Python,ocr_only,14,780.0,840.0,for loop,-0.022970873774421214
v21,Python,ocr_only,14,780.0,840.0,for,-0.019235735836982473
v21,Python,ocr_only,14,780.0,840.0,iteration,0.015952229266839757
v21,Python,ocr_only,14,780.0,840.0,range,-0.018195615368538753
v21,Python,ocr_only,14,780.0,840.0,list,0.02004025091464673
v21,Python,ocr_only,14,780.0,840.0,nested loop,0.057465932007534054
v21,Python,ocr_only,14,780.0,840.0,index,0.012354178521637144
v21,Python,ocr_only,14,780.0,840.0,break,-0.0435569766626429
v21,Python,ocr_only,14,780.0,840.0,continue,0.022153396292524802
v21,Python,ocr_only,15,840.0,900.0,for loop,0.070801184897086
v21,Python,ocr_only,15,840.0,900.0,for,0.10314948162030299
v21,Python,ocr_only,15,840.0,900.0,iteration,-0.05321190746670996
v21,Python,ocr_only,15,840.0,900.0,range,0.03380428275342854
v21,Python,ocr_only,15,840.0,900.0,list,0.027496050625453145
v21,Python,ocr_only,15,840.0,900.0,nested loop,0.038422892176062505
v21,Python,ocr_only,15,840.0,900.0,index,-0.03198020603593087
v21,Python,ocr_only,15,840.0,900.0,break,-0.014091443765583392
v21,Python,ocr_only,15,840.0,900.0,continue,0.017379380917830003
v21,Python,ocr_only,16,900.0,960.0,for loop,-0.00739290738284604
v21,Python,ocr_only,16,900.0,960.0,for,-0.001000793816994261
v21,Python,ocr_only,16,900.0,960.0,iteration,0.005496769399579189
v21,Python,ocr_only,16,900.0,960.0,range,0.0059361053682190305
v21,Python,ocr_only,16,900.0,960.0,list,0.0024263861700312976
v21,Python,ocr_only,16,900.0,960.0,nested loop,-0.0031666126308648786
v21,Python,ocr_only,16,900.0,960.0,index,-0.011434026828900094
v21,Python,ocr_only,16,900.0,960.0,break,-0.0011201377056673956
v21,Python,ocr_only,16,900.0,960.0,continue,-0.03633730007123003
v21,Python,ocr_only,17,960.0,1020.0,for loop,-0.005081585232141358
v21,Python,ocr_only,17,960.0,1020.0,for,0.0015137460068849094
v21,Python,ocr_only,17,960.0,1020.0,iteration,-0.006451001604428286
v21,Python,ocr_only,17,960.0,1020.0,range,-0.011538396842133225
v21,Python,ocr_only,17,960.0,1020.0,list,0.004298027819071206
v21,Python,ocr_only,17,960.0,1020.0,nested loop,-0.00544201639026056
v21,Python,ocr_only,17,960.0,1020.0,index,0.016859631662275203
v21,Python,ocr_only,17,960.0,1020.0,break,0.0010595482641509197
v21,Python,ocr_only,17,960.0,1020.0,continue,0.0055382337371557505
v21,Python,ocr_only,18,1020.0,1080.0,for loop,0.012594677654462852
v21,Python,ocr_only,18,1020.0,1080.0,for,0.0048486042626296275
v21,Python,ocr_only,18,1020.0,1080.0,iteration,-0.0060353547146147525
v21,Python,ocr_only,18,1020.0,1080.0,range,0.01528667712192906
v21,Python,ocr_only,18,1020.0,1080.0,list,-0.012875468869481873
v21,Python,ocr_only,18,1020.0,1080.0,nested loop,0.0067526986713849655
v21,Python,ocr_only,18,1020.0,1080.0,index,-0.003028710824945016
v21,Python,ocr_only,18,1020.0,1080.0,break,0.0032431710693156274
v21,Python,ocr_only,18,1020.0,1080.0,continue,-0.01759241200272964
v21,Python,ocr_only,19,1080.0,1140.0,for loop,-0.018363949559785996
v21,Python,ocr_only,19,1080.0,1140.0,for,0.016901605952734596
v21,Python,ocr_only,19,1080.0,1140.0,iteration,0.005607799973538395
v21,Python,ocr_only,19,1080.0,1140.0,range,-0.005346475380354944
v21,Python,ocr_only,19,1080.0,1140.0,list,-0.006781349020120241
v21,Python,ocr_only,19,1080.0,1140.0,nested loop,-0.02909803535036197
v21,Python,ocr_only,19,1080.0,1140.0,index,0.018603181801892004
v21,Python,ocr_only,19,1080.0,1140.0,break,-0.01579035633956584
v21,Python,ocr_only,19,1080.0,1140.0,continue,0.009980337742462814
v21,Python,ocr_only,20,1140.0,1200.0,for loop,0.00020599723137376184
v21,Python,ocr_only,20,1140.0,1200.0,for,0.009842252188178063
v21,Python,ocr_only,20,1140.0,1200.0,iteration,0.00168200435352571
v21,Python,ocr_only,20,1140.0,1200.0,range,-0.0021205301639571866
v21,Python,ocr_only,20,1140.0,1200.0,list,0.02321163116688142
v21,Python,ocr_only,20,1140.0,1200.0,nested loop,-0.0004210968802316991
v21,Python,ocr_only,20,1140.0,1200.0,index,0.00967772771568618
v21,Python,ocr_only,20,1140.0,1200.0,break,-0.01701529638523406
v21,Python,ocr_only,20,1140.0,1200.0,continue,-0.0010683969700470053
v21,Python,ocr_only,21,1200.0,1260.0,for loop,0.02842226717391462
v21,Python,ocr_only,21,1200.0,1260.0,for,0.008857596817723074
v21,Python,ocr_only,21,1200.0,1260.0,iteration,0.028960553764126047
v21,Python,ocr_only,21,1200.0,1260.0,range,0.04224944315036796
v21,Python,ocr_only,21,1200.0,1260.0,list,-0.008272866980185074
v21,Python,ocr_only,21,1200.0,1260.0,nested loop,0.019027367609728296
v21,Python,ocr_only,21,1200.0,1260.0,index,0.06699065337702942
v21,Python,ocr_only,21,1200.0,1260.0,break,0.058792826588160436
v21,Python,ocr_only,21,1200.0,1260.0,continue,0.04691516153893754
v21,Python,ocr_only,22,1260.0,1320.0,for loop,-0.030980026649771272
v21,Python,ocr_only,22,1260.0,1320.0,for,-0.03131156509498261
v21,Python,ocr_only,22,1260.0,1320.0,iteration,0.07317809788575469
v21,Python,ocr_only,22,1260.0,1320.0,range,0.0018222123670050539
v21,Python,ocr_only,22,1260.0,1320.0,list,0.041999723726918056
v21,Python,ocr_only,22,1260.0,1320.0,nested loop,-0.014409270607638974
v21,Python,ocr_only,22,1260.0,1320.0,index,0.010904352851806041
v21,Python,ocr_only,22,1260.0,1320.0,break,0.0042748104642310585
v21,Python,ocr_only,22,1260.0,1320.0,continue,-0.0074961614393687735
v21,Python,ocr_only,23,1320.0,1380.0,for loop,0.015769636272596147
v21,Python,ocr_only,23,1320.0,1380.0,for,0.033964101825862125
v21,Python,ocr_only,23,1320.0,1380.0,iteration,0.019288026578348674
v21,Python,ocr_only,23,1320.0,1380.0,range,0.01864222897574231
v21,Python,ocr_only,23,1320.0,1380.0,list,0.031150094170526874
v21,Python,ocr_only,23,1320.0,1380.0,nested loop,-0.0012261719193185415
v21,Python,ocr_only,23,1320.0,1380.0,index,-0.005590711238104603
v21,Python,ocr_only,23,1320.0,1380.0,break,-0.0027218959288476566
v21,Python,ocr_only,23,1320.0,1380.0,continue,0.002154761200306137
v21,Python,ocr_only,24,1380.0,1440.0,for loop,0.03789789529232086
v21,Python,ocr_only,24,1380.0,1440.0,for,0.06806203073405977
v21,Python,ocr_only,24,1380.0,1440.0,iteration,-0.01982868128412388
v21,Python,ocr_only,24,1380.0,1440.0,range,0.026570522724070615
v21,Python,ocr_only,24,1380.0,1440.0,list,0.017598608387537556
v21,Python,ocr_only,24,1380.0,1440.0,nested loop,0.004124672682722578
v21,Python,ocr_only,24,1380.0,1440.0,index,-0.008493564457706285
v21,Python,ocr_only,24,1380.0,1440.0,break,-0.004863810865501913
v21,Python,ocr_only,24,1380.0,1440.0,continue,0.007158954382968468
v21,Python,ocr_only,25,1440.0,1500.0,for loop,0.02919208106010202
v21,Python,ocr_only,25,1440.0,1500.0,for,0.0607163689292795
v21,Python,ocr_only,25,1440.0,1500.0,iteration,-0.009087271701582496
v21,Python,ocr_only,25,1440.0,1500.0,range,0.023665532423171803
v21,Python,ocr_only,25,1440.0,1500.0,list,0.015364055631997808
v21,Python,ocr_only,25,1440.0,1500.0,nested loop,-0.0038939334464378026
v21,Python,ocr_only,25,1440.0,1500.0,index,0.006476290251967139
v21,Python,ocr_only,25,1440.0,1500.0,break,-0.0005824966456320429
v21,Python,ocr_only,25,1440.0,1500.0,continue,0.0013794819373463745
v21,Python,ocr_only,26,1500.0,1560.0,for loop,0.010430035676990957
v21,Python,ocr_only,26,1500.0,1560.0,for,0.03718600860358014
v21,Python,ocr_only,26,1500.0,1560.0,iteration,0.006903964722169573
v21,Python,ocr_only,26,1500.0,1560.0,range,0.015119659554725934
v21,Python,ocr_only,26,1500.0,1560.0,list,0.00954297873110856
v21,Python,ocr_only,26,1500.0,1560.0,nested loop,-0.013470693471903461
v21,Python,ocr_only,26,1500.0,1560.0,index,0.020157925108374466
v21,Python,ocr_only,26,1500.0,1560.0,break,0.007992460796759675
v21,Python,ocr_only,26,1500.0,1560.0,continue,-0.007792284163451003
v21,Python,ocr_only,27,1560.0,1620.0,for loop,-0.04860840253470591
v21,Python,ocr_only,27,1560.0,1620.0,for,0.0261250028061158
v21,Python,ocr_only,27,1560.0,1620.0,iteration,-0.0802478355361865
v21,Python,ocr_only,27,1560.0,1620.0,range,0.06116421743932868
v21,Python,ocr_only,27,1560.0,1620.0,list,-0.08309251702629233
v21,Python,ocr_only,27,1560.0,1620.0,nested loop,-0.03600660922386399
v21,Python,ocr_only,27,1560.0,1620.0,index,-0.007584165004670623
v21,Python,ocr_only,27,1560.0,1620.0,break,0.03299883232522265
v21,Python,ocr_only,27,1560.0,1620.0,continue,-0.1072875590530373
v22,Python,ocr_only,1,0.0,60.0,for loop,0.01647401212152327
v22,Python,ocr_only,1,0.0,60.0,for,0.014194597771707677
v22,Python,ocr_only,1,0.0,60.0,iteration,0.6981841116494356
v22,Python,ocr_only,1,0.0,60.0,range,0.9428438481011553
v22,Python,ocr_only,1,0.0,60.0,list,0.06289031463571874
v22,Python,ocr_only,1,0.0,60.0,nested loop,0.0038809927791519355
v22,Python,ocr_only,1,0.0,60.0,index,-0.002716212453580978
v22,Python,ocr_only,1,0.0,60.0,break,0.01905024755336252
v22,Python,ocr_only,1,0.0,60.0,continue,0.001664817134385066
v22,Python,ocr_only,2,60.0,120.0,for loop,0.0219812520550739
v22,Python,ocr_only,2,60.0,120.0,for,0.03396168999674329
v22,Python,ocr_only,2,60.0,120.0,iteration,0.575152484403882
v22,Python,ocr_only,2,60.0,120.0,range,0.9263048804900386
v22,Python,ocr_only,2,60.0,120.0,list,-0.06375300788245922
v22,Python,ocr_only,2,60.0,120.0,nested loop,0.0005143511806388363
v22,Python,ocr_only,2,60.0,120.0,index,-0.018845691663230715
v22,Python,ocr_only,2,60.0,120.0,break,-0.0239886821579442
v22,Python,ocr_only,2,60.0,120.0,continue,0.011147365889800066
v23,Java,ocr_only,1,0.0,60.0,class,0.12958199012192373
v23,Java,ocr_only,1,0.0,60.0,object,0.071266897487022
v23,Java,ocr_only,1,0.0,60.0,method,0.08252032343672305
v23,Java,ocr_only,1,0.0,60.0,interface,-0.034502249187618426
v23,Java,ocr_only,1,0.0,60.0,implements,-0.05038347382693454
v23,Java,ocr_only,1,0.0,60.0,extends,-0.010375192496192247
v23,Java,ocr_only,1,0.0,60.0,inheritance,-0.0032340347410842294
v23,Java,ocr_only,1,0.0,60.0,abstract class,0.04127797336412393
v23,Java,ocr_only,1,0.0,60.0,abstract method,0.0011549721992116708
v23,Java,ocr_only,2,60.0,120.0,class,0.0025077036303169722
v23,Java,ocr_only,2,60.0,120.0,object,0.033348732246580505
v23,Java,ocr_only,2,60.0,120.0,method,0.008536629687643934
v23,Java,ocr_only,2,60.0,120.0,interface,0.0028368529419647986
v23,Java,ocr_only,2,60.0,120.0,implements,-0.008973804307159697
v23,Java,ocr_only,2,60.0,120.0,extends,-0.0028525286977662003
v23,Java,ocr_only,2,60.0,120.0,inheritance,-0.0010066248669795168
v23,Java,ocr_only,2,60.0,120.0,abstract class,-0.019971574944249657
v23,Java,ocr_only,2,60.0,120.0,abstract method,-0.0015900922743648479
v23,Java,ocr_only,3,120.0,180.0,class,-0.0012102821837758804
v23,Java,ocr_only,3,120.0,180.0,object,0.02952132583286843
v23,Java,ocr_only,3,120.0,180.0,method,0.006509010867772405
v23,Java,ocr_only,3,120.0,180.0,interface,0.011653996862708113
v23,Java,ocr_only,3,120.0,180.0,implements,-0.0004122800210297806
v23,Java,ocr_only,3,120.0,180.0,extends,-0.00383005413056507
v23,Java,ocr_only,3,120.0,180.0,inheritance,-0.00028348137537439366
v23,Java,ocr_only,3,120.0,180.0,abstract class,-0.021807533604037577
v23,Java,ocr_only,3,120.0,180.0,abstract method,-0.004510113191986803
v23,Java,ocr_only,4,180.0,240.0,class,-0.0007034534538205787
v23,Java,ocr_only,4,180.0,240.0,object,0.03139928776834259
v23,Java,ocr_only,4,180.0,240.0,method,0.005086569459767464
v23,Java,ocr_only,4,180.0,240.0,interface,0.012579453747905882
v23,Java,ocr_only,4,180.0,240.0,implements,0.001775602783060513
v23,Java,ocr_only,4,180.0,240.0,extends,-0.006687869779540108
v23,Java,ocr_only,4,180.0,240.0,inheritance,-0.003234371849073664
v23,Java,ocr_only,4,180.0,240.0,abstract class,-0.01643238288882324
v23,Java,ocr_only,4,180.0,240.0,abstract method,-0.00015951282978306686
v23,Java,ocr_only,5,240.0,300.0,class,0.03634909158002854
v23,Java,ocr_only,5,240.0,300.0,object,0.22814018195653343
v23,Java,ocr_only,5,240.0,300.0,method,-0.018682089258128767
v23,Java,ocr_only,5,240.0,300.0,interface,-0.003254966209135829
v23,Java,ocr_only,5,240.0,300.0,implements,0.031952944883604256
v23,Java,ocr_only,5,240.0,300.0,extends,0.022776686723199796
v23,Java,ocr_only,5,240.0,300.0,inheritance,0.01327491412552091
v23,Java,ocr_only,5,240.0,300.0,abstract class,0.03705540726776838
v23,Java,ocr_only,5,240.0,300.0,abstract method,-0.000993331635123236
v23,Java,ocr_only,6,300.0,360.0,class,0.17603098043491375
v23,Java,ocr_only,6,300.0,360.0,object,0.372522865323307
v23,Java,ocr_only,6,300.0,360.0,method,0.11184284442245593
v23,Java,ocr_only,6,300.0,360.0,interface,0.2842817046785538
v23,Java,ocr_only,6,300.0,360.0,implements,0.495504343380217
v23,Java,ocr_only,6,300.0,360.0,extends,0.25183531960350986
v23,Java,ocr_only,6,300.0,360.0,inheritance,0.18066713597556538
v23,Java,ocr_only,6,300.0,360.0,abstract class,0.16052330706566534
v23,Java,ocr_only,6,300.0,360.0,abstract method,-0.017493278466755958
v23,Java,ocr_only,7,360.0,420.0,class,0.1513137388596639
v23,Java,ocr_only,7,360.0,420.0,object,0.5402874373518298
v23,Java,ocr_only,7,360.0,420.0,method,0.008652457962887569
v23,Java,ocr_only,7,360.0,420.0,interface,0.008108415158802324
v23,Java,ocr_only,7,360.0,420.0,implements,0.1084105922553701
v23,Java,ocr_only,7,360.0,420.0,extends,0.05696797617512437
v23,Java,ocr_only,7,360.0,420.0,inheritance,0.06027551756727667
v23,Java,ocr_only,7,360.0,420.0,abstract class,0.14008583020991158
v23,Java,ocr_only,7,360.0,420.0,abstract method,-0.0015414175082719924
v23,Java,ocr_only,8,420.0,480.0,class,0.05926442336027131
v23,Java,ocr_only,8,420.0,480.0,object,0.41921903279763817
v23,Java,ocr_only,8,420.0,480.0,method,0.004345005486789929
v23,Java,ocr_only,8,420.0,480.0,interface,0.00690215679508174
v23,Java,ocr_only,8,420.0,480.0,implements,0.06642328583402604
v23,Java,ocr_only,8,420.0,480.0,extends,-0.013749334237909545
v23,Java,ocr_only,8,420.0,480.0,inheritance,-0.007026509678171634
v23,Java,ocr_only,8,420.0,480.0,abstract class,0.05543543151465894
v23,Java,ocr_only,8,420.0,480.0,abstract method,0.006989195859319021
v23,Java,ocr_only,9,480.0,540.0,class,0.15828629589029009
v23,Java,ocr_only,9,480.0,540.0,object,0.28828551871224245
v23,Java,ocr_only,9,480.0,540.0,method,-0.07610425449061944
v23,Java,ocr_only,9,480.0,540.0,interface,-0.07200195098094604
v23,Java,ocr_only,9,480.0,540.0,implements,0.10769667450052828
v23,Java,ocr_only,9,480.0,540.0,extends,0.09924648582880917
v23,Java,ocr_only,9,480.0,540.0,inheritance,0.07091150753843654
v23,Java,ocr_only,9,480.0,540.0,abstract class,0.11001266811787597
v23,Java,ocr_only,9,480.0,540.0,abstract method,-0.1111809643602434
v23,Java,ocr_only,10,540.0,600.0,class,0.11941972982047991
v23,Java,ocr_only,10,540.0,600.0,object,0.34543137239733146
v23,Java,ocr_only,10,540.0,600.0,method,0.09569701060351912
v23,Java,ocr_only,10,540.0,600.0,interface,-0.015077533972228043
v23,Java,ocr_only,10,540.0,600.0,implements,0.027055955953495248
v23,Java,ocr_only,10,540.0,600.0,extends,0.0675507804756771
v23,Java,ocr_only,10,540.0,600.0,inheritance,0.06407507359826535
v23,Java,ocr_only,10,540.0,600.0,abstract class,0.08423262421049886
v23,Java,ocr_only,10,540.0,600.0,abstract method,0.09455914044287114
v23,Java,ocr_only,11,600.0,660.0,class,0.1023383483957292
v23,Java,ocr_only,11,600.0,660.0,object,0.37516092726357037
v23,Java,ocr_only,11,600.0,660.0,method,0.15336981912811054
v23,Java,ocr_only,11,600.0,660.0,interface,0.027791333857037755
v23,Java,ocr_only,11,600.0,660.0,implements,0.023628218363152393
v23,Java,ocr_only,11,600.0,660.0,extends,0.031975073726259545
v23,Java,ocr_only,11,600.0,660.0,inheritance,0.04210450432209037
v23,Java,ocr_only,11,600.0,660.0,abstract class,0.07380370057610035
v23,Java,ocr_only,11,600.0,660.0,abstract method,0.15379848306042426
v23,Java,ocr_only,12,660.0,720.0,class,0.1486760268363454
v23,Java,ocr_only,12,660.0,720.0,object,0.36251879524976693
v23,Java,ocr_only,12,660.0,720.0,method,0.08906452778792351
v23,Java,ocr_only,12,660.0,720.0,interface,0.06896156605065476
v23,Java,ocr_only,12,660.0,720.0,implements,0.1514025623537834
v23,Java,ocr_only,12,660.0,720.0,extends,0.06548628340278334
v23,Java,ocr_only,12,660.0,720.0,inheritance,0.053334069269062145
v23,Java,ocr_only,12,660.0,720.0,abstract class,0.10036082260040052
v23,Java,ocr_only,12,660.0,720.0,abstract method,0.05793616077271658
v23,Java,ocr_only,13,720.0,780.0,class,0.03900555364625487
v23,Java,ocr_only,13,720.0,780.0,object,0.016656209732415574
v23,Java,ocr_only,13,720.0,780.0,method,-0.00029835685134023686
v23,Java,ocr_only,13,720.0,780.0,interface,0.007765594840227902
v23,Java,ocr_only,13,720.0,780.0,implements,0.0528744544798716
v23,Java,ocr_only,13,720.0,780.0,extends,0.02562418942855939
v23,Java,ocr_only,13,720.0,780.0,inheritance,0.01887777082963409
v23,Java,ocr_only,13,720.0,780.0,abstract class,0.02712369960013048
v23,Java,ocr_only,13,720.0,780.0,abstract method,0.004343577065126071
v23,Java,ocr_only,14,780.0,840.0,class,0.04540175043447699
v23,Java,ocr_only,14,780.0,840.0,object,0.02087312515297467
v23,Java,ocr_only,14,780.0,840.0,method,0.00037927736730435725
v23,Java,ocr_only,14,780.0,840.0,interface,0.005873845375492668
v23,Java,ocr_only,14,780.0,840.0,implements,0.052071837542959
v23,Java,ocr_only,14,780.0,840.0,extends,0.027255640734079694
v23,Java,ocr_only,14,780.0,840.0,inheritance,0.021137053856431973
v23,Java,ocr_only,14,780.0,840.0,abstract class,0.030644230217804762
v23,Java,ocr_only,14,780.0,840.0,abstract method,0.0029454679833569356
v23,Java,ocr_only,15,840.0,900.0,class,0.048308746873817456
v23,Java,ocr_only,15,840.0,900.0,object,0.022691243279030167
v23,Java,ocr_only,15,840.0,900.0,method,0.0005035068212350695
v23,Java,ocr_only,15,840.0,900.0,interface,0.005939003810101433
v23,Java,ocr_only,15,840.0,900.0,implements,0.05371722925105347
v23,Java,ocr_only,15,840.0,900.0,extends,0.027633202249478614
v23,Java,ocr_only,15,840.0,900.0,inheritance,0.02178127704000738
v23,Java,ocr_only,15,840.0,900.0,abstract class,0.031889988366074304
v23,Java,ocr_only,15,840.0,900.0,abstract method,0.0009513709601867268
v23,Java,ocr_only,16,900.0,960.0,class,0.1072149116202084
v23,Java,ocr_only,16,900.0,960.0,object,0.07380322453485359
v23,Java,ocr_only,16,900.0,960.0,method,-0.006230715918923808
v23,Java,ocr_only,16,900.0,960.0,interface,-0.012380290679005944
v23,Java,ocr_only,16,900.0,960.0,implements,0.08174929233553296
v23,Java,ocr_only,16,900.0,960.0,extends,0.049631958215782083
v23,Java,ocr_only,16,900.0,960.0,inheritance,0.05121026854773075
v23,Java,ocr_only,16,900.0,960.0,abstract class,0.10115971385647085
v23,Java,ocr_only,16,900.0,960.0,abstract method,-0.016391880078347527
v23,Java,ocr_only,17,960.0,1020.0,class,0.08937682950542561
v23,Java,ocr_only,17,960.0,1020.0,object,0.06579399291699102
v23,Java,ocr_only,17,960.0,1020.0,method,-0.010243404677316131
v23,Java,ocr_only,17,960.0,1020.0,interface,-0.009572990670124308
v23,Java,ocr_only,17,960.0,1020.0,implements,0.06679840694142226
v23,Java,ocr_only,17,960.0,1020.0,extends,0.038244097692584036
v23,Java,ocr_only,17,960.0,1020.0,inheritance,0.03843314852077888
v23,Java,ocr_only,17,960.0,1020.0,abstract class,0.09021419420914609
v23,Java,ocr_only,17,960.0,1020.0,abstract method,-0.014548289123688345
v23,Java,ocr_only,18,1020.0,1080.0,class,0.0804878749930714
v23,Java,ocr_only,18,1020.0,1080.0,object,0.059666862601340784
v23,Java,ocr_only,18,1020.0,1080.0,method,-0.01185796768723684
v23,Java,ocr_only,18,1020.0,1080.0,interface,-0.01054474548850665
v23,Java,ocr_only,18,1020.0,1080.0,implements,0.056146443488084834
v23,Java,ocr_only,18,1020.0,1080.0,extends,0.030164667808240727
v23,Java,ocr_only,18,1020.0,1080.0,inheritance,0.030325141086872082
v23,Java,ocr_only,18,1020.0,1080.0,abstract class,0.08259704048783566
v23,Java,ocr_only,18,1020.0,1080.0,abstract method,-0.013822491302384322
v23,Java,ocr_only,19,1080.0,1140.0,class,0.11097036755488529
v23,Java,ocr_only,19,1080.0,1140.0,object,0.17362812004295983
v23,Java,ocr_only,19,1080.0,1140.0,method,0.040365016926182065
v23,Java,ocr_only,19,1080.0,1140.0,interface,0.03962777890027985
v23,Java,ocr_only,19,1080.0,1140.0,implements,0.12118756585192142
v23,Java,ocr_only,19,1080.0,1140.0,extends,0.06792659961234242
v23,Java,ocr_only,19,1080.0,1140.0,inheritance,0.056383006887550643
v23,Java,ocr_only,19,1080.0,1140.0,abstract class,0.10232371662529027
v23,Java,ocr_only,19,1080.0,1140.0,abstract method,0.03270263280071681
v23,Java,ocr_only,20,1140.0,1200.0,class,0.11237598573131838
v23,Java,ocr_only,20,1140.0,1200.0,object,0.20471896945335105
v23,Java,ocr_only,20,1140.0,1200.0,method,0.0824132250157266
v23,Java,ocr_only,20,1140.0,1200.0,interface,0.09125777377401195
v23,Java,ocr_only,20,1140.0,1200.0,implements,0.18999586042553954
v23,Java,ocr_only,20,1140.0,1200.0,extends,0.149719977819032
v23,Java,ocr_only,20,1140.0,1200.0,inheritance,0.11106086401622041
v23,Java,ocr_only,20,1140.0,1200.0,abstract class,0.14278764843498812
v23,Java,ocr_only,20,1140.0,1200.0,abstract method,0.013427200279175613
v23,Java,ocr_only,21,1200.0,1260.0,class,0.03994407573119536
v23,Java,ocr_only,21,1200.0,1260.0,object,0.062310518529495276
v23,Java,ocr_only,21,1200.0,1260.0,method,0.03366117666123344
v23,Java,ocr_only,21,1200.0,1260.0,interface,0.03541446296938724
v23,Java,ocr_only,21,1200.0,1260.0,implements,0.07911457044653501
v23,Java,ocr_only,21,1200.0,1260.0,extends,0.05530406340569883
v23,Java,ocr_only,21,1200.0,1260.0,inheritance,0.04256448449706294
v23,Java,ocr_only,21,1200.0,1260.0,abstract class,0.0436313889302973
v23,Java,ocr_only,21,1200.0,1260.0,abstract method,-0.0005623817657653286
v23,Java,ocr_only,22,1260.0,1320.0,class,0.03179577454865765
v23,Java,ocr_only,22,1260.0,1320.0,object,0.028130083524287912
v23,Java,ocr_only,22,1260.0,1320.0,method,0.033889559881605635
v23,Java,ocr_only,22,1260.0,1320.0,interface,0.03592377877352358
v23,Java,ocr_only,22,1260.0,1320.0,implements,0.0608422504540947
v23,Java,ocr_only,22,1260.0,1320.0,extends,0.033605351018277184
v23,Java,ocr_only,22,1260.0,1320.0,inheritance,0.029909192527006218
v23,Java,ocr_only,22,1260.0,1320.0,abstract class,0.024038072759568884
v23,Java,ocr_only,22,1260.0,1320.0,abstract method,-0.0023888850413605538
v23,Java,ocr_only,23,1320.0,1380.0,class,0.0260161394941949
v23,Java,ocr_only,23,1320.0,1380.0,object,-0.004901680370258885
v23,Java,ocr_only,23,1320.0,1380.0,method,0.03532639880245195
v23,Java,ocr_only,23,1320.0,1380.0,interface,0.03649733582357861
v23,Java,ocr_only,23,1320.0,1380.0,implements,0.04167392534764657
v23,Java,ocr_only,23,1320.0,1380.0,extends,0.012836558679725035
v23,Java,ocr_only,23,1320.0,1380.0,inheritance,0.01860804666373484
v23,Java,ocr_only,23,1320.0,1380.0,abstract class,0.006197325764041756
v23,Java,ocr_only,23,1320.0,1380.0,abstract method,-0.0037104734998120482
v23,Java,ocr_only,24,1380.0,1440.0,class,0.08414777334606985
v23,Java,ocr_only,24,1380.0,1440.0,object,0.189603376001261
v23,Java,ocr_only,24,1380.0,1440.0,method,0.07118800153505778
v23,Java,ocr_only,24,1380.0,1440.0,interface,0.07147938072522404
v23,Java,ocr_only,24,1380.0,1440.0,implements,0.16676977827436051
v23,Java,ocr_only,24,1380.0,1440.0,extends,0.13585402860676551
v23,Java,ocr_only,24,1380.0,1440.0,inheritance,0.10151410653616633
v23,Java,ocr_only,24,1380.0,1440.0,abstract class,0.11093712701721407
v23,Java,ocr_only,24,1380.0,1440.0,abstract method,0.010858767624865071
v23,Java,ocr_only,25,1440.0,1500.0,class,0.040845820157439844
v23,Java,ocr_only,25,1440.0,1500.0,object,0.05292306796454906
v23,Java,ocr_only,25,1440.0,1500.0,method,0.05679776851722433
v23,Java,ocr_only,25,1440.0,1500.0,interface,0.05082330474175047
v23,Java,ocr_only,25,1440.0,1500.0,implements,0.07084049803588696
v23,Java,ocr_only,25,1440.0,1500.0,extends,0.03987720783484211
v23,Java,ocr_only,25,1440.0,1500.0,inheritance,0.03857125510641683
v23,Java,ocr_only,25,1440.0,1500.0,abstract class,0.033292375827382883
v23,Java,ocr_only,25,1440.0,1500.0,abstract method,0.0071458703705767615
v23,Java,ocr_only,26,1500.0,1560.0,class,0.03151324682071807
v23,Java,ocr_only,26,1500.0,1560.0,object,0.022058265903830594
v23,Java,ocr_only,26,1500.0,1560.0,method,0.04730667448912243
v23,Java,ocr_only,26,1500.0,1560.0,interface,0.039554784844763845
v23,Java,ocr_only,26,1500.0,1560.0,implements,0.049227902508665856
v23,Java,ocr_only,26,1500.0,1560.0,extends,0.0241270072182542
v23,Java,ocr_only,26,1500.0,1560.0,inheritance,0.02817689779230775
v23,Java,ocr_only,26,1500.0,1560.0,abstract class,0.01458799269380619
v23,Java,ocr_only,26,1500.0,1560.0,abstract method,-0.0024795274460289924
v23,Java,ocr_only,27,1560.0,1620.0,class,0.03051577228787955
v23,Java,ocr_only,27,1560.0,1620.0,object,0.012395425220915513
v23,Java,ocr_only,27,1560.0,1620.0,method,0.04910505434743197
v23,Java,ocr_only,27,1560.0,1620.0,interface,0.040833484136312354
v23,Java,ocr_only,27,1560.0,1620.0,implements,0.04560272843600596
v23,Java,ocr_only,27,1560.0,1620.0,extends,0.020197564741014987
v23,Java,ocr_only,27,1560.0,1620.0,inheritance,0.026623939677115325
v23,Java,ocr_only,27,1560.0,1620.0,abstract class,0.009338429203390588
v23,Java,ocr_only,27,1560.0,1620.0,abstract method,-0.003920710672651349
v23,Java,ocr_only,28,1620.0,1680.0,class,0.3046801620072962
v23,Java,ocr_only,28,1620.0,1680.0,object,0.39858727931008214
v23,Java,ocr_only,28,1620.0,1680.0,method,0.23341788445196002
v23,Java,ocr_only,28,1620.0,1680.0,interface,0.4087909902934663
v23,Java,ocr_only,28,1620.0,1680.0,implements,0.6037194319108137
v23,Java,ocr_only,28,1620.0,1680.0,extends,0.3279253479978436
v23,Java,ocr_only,28,1620.0,1680.0,inheritance,0.2664303868942516
v23,Java,ocr_only,28,1620.0,1680.0,abstract class,0.31106890418939054
v23,Java,ocr_only,28,1620.0,1680.0,abstract method,-0.01838265074111498
v23,Java,ocr_only,29,1680.0,1740.0,class,0.10363767930976085
v23,Java,ocr_only,29,1680.0,1740.0,object,0.1534958000118877
v23,Java,ocr_only,29,1680.0,1740.0,method,0.0619151505432355
v23,Java,ocr_only,29,1680.0,1740.0,interface,0.09598516843240602
v23,Java,ocr_only,29,1680.0,1740.0,implements,0.2059896605765397
v23,Java,ocr_only,29,1680.0,1740.0,extends,0.12886168416035176
v23,Java,ocr_only,29,1680.0,1740.0,inheritance,0.09910845206721151
v23,Java,ocr_only,29,1680.0,1740.0,abstract class,0.08677071755114621
v23,Java,ocr_only,29,1680.0,1740.0,abstract method,-0.04153827177139773
v23,Java,ocr_only,30,1740.0,1800.0,class,0.11411584713295846
v23,Java,ocr_only,30,1740.0,1800.0,object,0.12547591943669406
v23,Java,ocr_only,30,1740.0,1800.0,method,0.052175471744061654
v23,Java,ocr_only,30,1740.0,1800.0,interface,0.040682351555700734
v23,Java,ocr_only,30,1740.0,1800.0,implements,0.1173081130546171
v23,Java,ocr_only,30,1740.0,1800.0,extends,0.1152408476533629
v23,Java,ocr_only,30,1740.0,1800.0,inheritance,0.10624614109857318
v23,Java,ocr_only,30,1740.0,1800.0,abstract class,0.09127024523799465
v23,Java,ocr_only,30,1740.0,1800.0,abstract method,-0.010169084429051883
v23,Java,ocr_only,31,1800.0,1860.0,class,-0.02516372919870656
v23,Java,ocr_only,31,1800.0,1860.0,object,-0.04346953427705355
v23,Java,ocr_only,31,1800.0,1860.0,method,-0.002151945723892538
v23,Java,ocr_only,31,1800.0,1860.0,interface,-0.003160068520591275
v23,Java,ocr_only,31,1800.0,1860.0,implements,0.0042511557161749
v23,Java,ocr_only,31,1800.0,1860.0,extends,-0.014556576144737918
v23,Java,ocr_only,31,1800.0,1860.0,inheritance,-0.014173434552879352
v23,Java,ocr_only,31,1800.0,1860.0,abstract class,-0.020227741967263617
v23,Java,ocr_only,31,1800.0,1860.0,abstract method,0.009343239553403356
v23,Java,ocr_only,32,1860.0,1920.0,class,-0.033135436758378455
v23,Java,ocr_only,32,1860.0,1920.0,object,-0.1313071269624739
v23,Java,ocr_only,32,1860.0,1920.0,method,0.5125527062438209
v23,Java,ocr_only,32,1860.0,1920.0,interface,0.2916745270027173
v23,Java,ocr_only,32,1860.0,1920.0,implements,-0.052111113278750586
v23,Java,ocr_only,32,1860.0,1920.0,extends,-0.056380404279259416
v23,Java,ocr_only,32,1860.0,1920.0,inheritance,0.0015693520213997346
v23,Java,ocr_only,32,1860.0,1920.0,abstract class,0.023967557288120625
v23,Java,ocr_only,32,1860.0,1920.0,abstract method,0.5619834803729131
v24,Java,ocr_only,1,0.0,60.0,class,0.04596287312575479
v24,Java,ocr_only,1,0.0,60.0,object,0.05794044798047907
v24,Java,ocr_only,1,0.0,60.0,method,0.08612865247160922
v24,Java,ocr_only,1,0.0,60.0,interface,0.058902536249125496
v24,Java,ocr_only,1,0.0,60.0,implements,0.06427436472200851
v24,Java,ocr_only,1,0.0,60.0,extends,0.04692267909568161
v24,Java,ocr_only,1,0.0,60.0,inheritance,0.042144360079694104
v24,Java,ocr_only,1,0.0,60.0,abstract class,0.046748347534118155
v24,Java,ocr_only,1,0.0,60.0,abstract method,0.055142811218924385
v24,Java,ocr_only,2,60.0,120.0,class,0.048803877457281264
v24,Java,ocr_only,2,60.0,120.0,object,0.0507462740091295
v24,Java,ocr_only,2,60.0,120.0,method,0.08627353960886204
v24,Java,ocr_only,2,60.0,120.0,interface,0.05624286120526962
v24,Java,ocr_only,2,60.0,120.0,implements,0.059710598701205646
v24,Java,ocr_only,2,60.0,120.0,extends,0.03849103466629625
v24,Java,ocr_only,2,60.0,120.0,inheritance,0.039711767128294904
v24,Java,ocr_only,2,60.0,120.0,abstract class,0.03781350186258707
v24,Java,ocr_only,2,60.0,120.0,abstract method,0.04624504459686841
v24,Java,ocr_only,3,120.0,180.0,class,0.04369491123143937
v24,Java,ocr_only,3,120.0,180.0,object,0.039239013227010906
v24,Java,ocr_only,3,120.0,180.0,method,0.08798945994492195
v24,Java,ocr_only,3,120.0,180.0,interface,0.051708685276190165
v24,Java,ocr_only,3,120.0,180.0,implements,0.04752998050543688
v24,Java,ocr_only,3,120.0,180.0,extends,0.02845256709555215
v24,Java,ocr_only,3,120.0,180.0,inheritance,0.03261810474847016
v24,Java,ocr_only,3,120.0,180.0,abstract class,0.03105719199058608
v24,Java,ocr_only,3,120.0,180.0,abstract method,0.05037533557536084
v24,Java,ocr_only,4,180.0,240.0,class,0.047733022899501855
v24,Java,ocr_only,4,180.0,240.0,object,0.044288987641191095
v24,Java,ocr_only,4,180.0,240.0,method,0.08682180834036674
v24,Java,ocr_only,4,180.0,240.0,interface,0.05135070548188083
v24,Java,ocr_only,4,180.0,240.0,implements,0.053837017788322276
v24,Java,ocr_only,4,180.0,240.0,extends,0.03169475416162727
v24,Java,ocr_only,4,180.0,240.0,inheritance,0.03577252228536428
v24,Java,ocr_only,4,180.0,240.0,abstract class,0.03015485542678917
v24,Java,ocr_only,4,180.0,240.0,abstract method,0.041237059008582044
v24,Java,ocr_only,5,240.0,300.0,class,0.04569506431119372
v24,Java,ocr_only,5,240.0,300.0,object,0.0463898888753492
v24,Java,ocr_only,5,240.0,300.0,method,0.08534944313834665
v24,Java,ocr_only,5,240.0,300.0,interface,0.05183469834536596
v24,Java,ocr_only,5,240.0,300.0,implements,0.05513473253488771
v24,Java,ocr_only,5,240.0,300.0,extends,0.03461515075971614
v24,Java,ocr_only,5,240.0,300.0,inheritance,0.0378513534405349
v24,Java,ocr_only,5,240.0,300.0,abstract class,0.03261072539995542
v24,Java,ocr_only,5,240.0,300.0,abstract method,0.04365795592178375
v24,Java,ocr_only,6,300.0,360.0,class,0.04684692613994461
v24,Java,ocr_only,6,300.0,360.0,object,0.048973106541885046
v24,Java,ocr_only,6,300.0,360.0,method,0.08566731791301949
v24,Java,ocr_only,6,300.0,360.0,interface,0.05518159313022725
v24,Java,ocr_only,6,300.0,360.0,implements,0.06152887836296718
v24,Java,ocr_only,6,300.0,360.0,extends,0.03961131586647941
v24,Java,ocr_only,6,300.0,360.0,inheritance,0.040161991146486005
v24,Java,ocr_only,6,300.0,360.0,abstract class,0.03760535533710162
v24,Java,ocr_only,6,300.0,360.0,abstract method,0.046201073594538004
v24,Java,ocr_only,7,360.0,420.0,class,0.05924158281161689
v24,Java,ocr_only,7,360.0,420.0,object,0.0652920446710661
v24,Java,ocr_only,7,360.0,420.0,method,0.09739219786124995
v24,Java,ocr_only,7,360.0,420.0,interface,0.07785696656355395
v24,Java,ocr_only,7,360.0,420.0,implements,0.09631981177887411
v24,Java,ocr_only,7,360.0,420.0,extends,0.05585730856469943
v24,Java,ocr_only,7,360.0,420.0,inheritance,0.05095917577808728
v24,Java,ocr_only,7,360.0,420.0,abstract class,0.06550786690019644
v24,Java,ocr_only,7,360.0,420.0,abstract method,0.05996837285240073
v24,Java,ocr_only,8,420.0,480.0,class,0.05535155421499899
v24,Java,ocr_only,8,420.0,480.0,object,0.06442102703706316
v24,Java,ocr_only,8,420.0,480.0,method,0.09514223772927302
v24,Java,ocr_only,8,420.0,480.0,interface,0.06876902466006922
v24,Java,ocr_only,8,420.0,480.0,implements,0.07681639300887086
v24,Java,ocr_only,8,420.0,480.0,extends,0.051502557275449085
v24,Java,ocr_only,8,420.0,480.0,inheritance,0.04587890061860309
v24,Java,ocr_only,8,420.0,480.0,abstract class,0.053662518783287996
v24,Java,ocr_only,8,420.0,480.0,abstract method,0.05722537479563743
v24,Java,ocr_only,9,480.0,540.0,class,0.04308239827841409
v24,Java,ocr_only,9,480.0,540.0,object,0.05417711783379384
v24,Java,ocr_only,9,480.0,540.0,method,0.08339414758459873
v24,Java,ocr_only,9,480.0,540.0,interface,0.06080498472502906
v24,Java,ocr_only,9,480.0,540.0,implements,0.07010546539385921
v24,Java,ocr_only,9,480.0,540.0,extends,0.047937844698635705
v24,Java,ocr_only,9,480.0,540.0,inheritance,0.0366142899248263
v24,Java,ocr_only,9,480.0,540.0,abstract class,0.04269021883150683
v24,Java,ocr_only,9,480.0,540.0,abstract method,0.04959399172696602
v24,Java,ocr_only,10,540.0,600.0,class,0.03858555936879876
v24,Java,ocr_only,10,540.0,600.0,object,0.05157824107521077
v24,Java,ocr_only,10,540.0,600.0,method,0.0834517599726338
v24,Java,ocr_only,10,540.0,600.0,interface,0.06163943548604267
v24,Java,ocr_only,10,540.0,600.0,implements,0.07060749196141963
v24,Java,ocr_only,10,540.0,600.0,extends,0.046711269505656836
v24,Java,ocr_only,10,540.0,600.0,inheritance,0.03122715721895687
v24,Java,ocr_only,10,540.0,600.0,abstract class,0.0405053503053986
v24,Java,ocr_only,10,540.0,600.0,abstract method,0.05067009010485781
v24,Java,ocr_only,11,600.0,660.0,class,0.03734332730413489
v24,Java,ocr_only,11,600.0,660.0,object,0.04261965398272157
v24,Java,ocr_only,11,600.0,660.0,method,0.07992917780423048
v24,Java,ocr_only,11,600.0,660.0,interface,0.06296399132836637
v24,Java,ocr_only,11,600.0,660.0,implements,0.07581869100611177
v24,Java,ocr_only,11,600.0,660.0,extends,0.04545690284174958
v24,Java,ocr_only,11,600.0,660.0,inheritance,0.03034033065519892
v24,Java,ocr_only,11,600.0,660.0,abstract class,0.04167543792773977
v24,Java,ocr_only,11,600.0,660.0,abstract method,0.05084432757757041
v24,Java,ocr_only,12,660.0,720.0,class,0.06708231166157111
v24,Java,ocr_only,12,660.0,720.0,object,0.07843992137623329
v24,Java,ocr_only,12,660.0,720.0,method,0.086735588369633
v24,Java,ocr_only,12,660.0,720.0,interface,0.08350051039098087
v24,Java,ocr_only,12,660.0,720.0,implements,0.1204990537712301
v24,Java,ocr_only,12,660.0,720.0,extends,0.07538898697894077
v24,Java,ocr_only,12,660.0,720.0,inheritance,0.058393061280695185
v24,Java,ocr_only,12,660.0,720.0,abstract class,0.06840532986362038
v24,Java,ocr_only,12,660.0,720.0,abstract method,0.03871236068217454
v25,Java,ocr_only,1,0.0,60.0,class,0.1024606146349191
v25,Java,ocr_only,1,0.0,60.0,object,0.20089818856957628
v25,Java,ocr_only,1,0.0,60.0,method,0.04194123286802058
v25,Java,ocr_only,1,0.0,60.0,interface,0.04967205221490287
v25,Java,ocr_only,1,0.0,60.0,implements,0.09432002528739385
v25,Java,ocr_only,1,0.0,60.0,extends,0.10948360129054434
v25,Java,ocr_only,1,0.0,60.0,inheritance,0.07829487054165842
v25,Java,ocr_only,1,0.0,60.0,abstract class,0.15968764302057234
v25,Java,ocr_only,1,0.0,60.0,abstract method,0.0679139808375215
v25,Java,ocr_only,2,60.0,120.0,class,0.057631609340484696
v25,Java,ocr_only,2,60.0,120.0,object,0.029842098103631344
v25,Java,ocr_only,2,60.0,120.0,method,0.11456457201606192
v25,Java,ocr_only,2,60.0,120.0,interface,0.1468444680614939
v25,Java,ocr_only,2,60.0,120.0,implements,0.16049017720324854
v25,Java,ocr_only,2,60.0,120.0,extends,0.03453714867129308
v25,Java,ocr_only,2,60.0,120.0,inheritance,0.03932153246977764
v25,Java,ocr_only,2,60.0,120.0,abstract class,0.05538937766004493
v25,Java,ocr_only,2,60.0,120.0,abstract method,0.08322735455952555
v25,Java,ocr_only,3,120.0,180.0,class,0.055661969505053144
v25,Java,ocr_only,3,120.0,180.0,object,0.04054895658845742
v25,Java,ocr_only,3,120.0,180.0,method,0.11115721693624032
v25,Java,ocr_only,3,120.0,180.0,interface,0.16078715594105086
v25,Java,ocr_only,3,120.0,180.0,implements,0.19192293658089485
v25,Java,ocr_only,3,120.0,180.0,extends,0.03757063502135068
v25,Java,ocr_only,3,120.0,180.0,inheritance,0.03627682825612962
v25,Java,ocr_only,3,120.0,180.0,abstract class,0.0748101898204548
v25,Java,ocr_only,3,120.0,180.0,abstract method,0.10560168204998259
v25,Java,ocr_only,4,180.0,240.0,class,0.05339115039926344
v25,Java,ocr_only,4,180.0,240.0,object,0.0501858404288598
v25,Java,ocr_only,4,180.0,240.0,method,0.06564094405634376
v25,Java,ocr_only,4,180.0,240.0,interface,0.12989655501698522
v25,Java,ocr_only,4,180.0,240.0,implements,0.21031004154114422
v25,Java,ocr_only,4,180.0,240.0,extends,0.04346925103204909
v25,Java,ocr_only,4,180.0,240.0,inheritance,0.04102211767688009
v25,Java,ocr_only,4,180.0,240.0,abstract class,0.04855057500408566
v25,Java,ocr_only,4,180.0,240.0,abstract method,0.04020925640536962
v25,Java,ocr_only,5,240.0,300.0,class,0.030678277078139318
v25,Java,ocr_only,5,240.0,300.0,object,0.04177249999056471
v25,Java,ocr_only,5,240.0,300.0,method,0.013425492424016566
v25,Java,ocr_only,5,240.0,300.0,interface,0.07499421924113625
v25,Java,ocr_only,5,240.0,300.0,implements,0.17615132968851846
v25,Java,ocr_only,5,240.0,300.0,extends,0.031693561605563914
v25,Java,ocr_only,5,240.0,300.0,inheritance,0.023328500390303857
v25,Java,ocr_only,5,240.0,300.0,abstract class,0.024399245691510526
v25,Java,ocr_only,5,240.0,300.0,abstract method,0.0038817371577060064
v25,Java,ocr_only,6,300.0,360.0,class,0.045864655700570765
v25,Java,ocr_only,6,300.0,360.0,object,0.06874740605600868
v25,Java,ocr_only,6,300.0,360.0,method,0.03720500939920803
v25,Java,ocr_only,6,300.0,360.0,interface,0.09719985840380756
v25,Java,ocr_only,6,300.0,360.0,implements,0.20239681861118983
v25,Java,ocr_only,6,300.0,360.0,extends,0.05385429542221241
v25,Java,ocr_only,6,300.0,360.0,inheritance,0.04263331542820542
v25,Java,ocr_only,6,300.0,360.0,abstract class,0.04220800326794437
v25,Java,ocr_only,6,300.0,360.0,abstract method,0.014847671058455837
v25,Java,ocr_only,7,360.0,420.0,class,-0.029024282584223612
v25,Java,ocr_only,7,360.0,420.0,object,-0.027896300865620945
v25,Java,ocr_only,7,360.0,420.0,method,0.03322166067332282
v25,Java,ocr_only,7,360.0,420.0,interface,-0.019399872699956806
v25,Java,ocr_only,7,360.0,420.0,implements,-0.044995568161139594
v25,Java,ocr_only,7,360.0,420.0,extends,0.024125605435555343
v25,Java,ocr_only,7,360.0,420.0,inheritance,0.021261504703314706
v25,Java,ocr_only,7,360.0,420.0,abstract class,-0.01248936995021694
v25,Java,ocr_only,7,360.0,420.0,abstract method,0.006769462620077388
v26,Java,ocr_only,1,0.0,60.0,class,0.09126902271458669
v26,Java,ocr_only,1,0.0,60.0,object,0.08123917906356248
v26,Java,ocr_only,1,0.0,60.0,method,0.025911847232343018
v26,Java,ocr_only,1,0.0,60.0,interface,0.09934937388865839
v26,Java,ocr_only,1,0.0,60.0,implements,0.2637967969835291
v26,Java,ocr_only,1,0.0,60.0,extends,0.07314837547784947
v26,Java,ocr_only,1,0.0,60.0,inheritance,0.06598929451270458
v26,Java,ocr_only,1,0.0,60.0,abstract class,0.09171495523296506
v26,Java,ocr_only,1,0.0,60.0,abstract method,-0.0017408443073381554
v26,Java,ocr_only,2,60.0,120.0,class,0.054003862595246484
v26,Java,ocr_only,2,60.0,120.0,object,0.033888651343158736
v26,Java,ocr_only,2,60.0,120.0,method,-0.0026778760068577484
v26,Java,ocr_only,2,60.0,120.0,interface,0.04919991428208999
v26,Java,ocr_only,2,60.0,120.0,implements,0.19146524359861622
v26,Java,ocr_only,2,60.0,120.0,extends,0.029278077917153922
v26,Java,ocr_only,2,60.0,120.0,inheritance,0.027372996052639424
v26,Java,ocr_only,2,60.0,120.0,abstract class,0.05624636703954085
v26,Java,ocr_only,2,60.0,120.0,abstract method,-0.0037906927382216427
v26,Java,ocr_only,3,120.0,180.0,class,0.061987776828405595
v26,Java,ocr_only,3,120.0,180.0,object,0.047093398943566234
v26,Java,ocr_only,3,120.0,180.0,method,0.004154361703602465
v26,Java,ocr_only,3,120.0,180.0,interface,0.06797297050315429
v26,Java,ocr_only,3,120.0,180.0,implements,0.2177685005803679
v26,Java,ocr_only,3,120.0,180.0,extends,0.04000443206086766
v26,Java,ocr_only,3,120.0,180.0,inheritance,0.03614105886945593
v26,Java,ocr_only,3,120.0,180.0,abstract class,0.06447887086622262
v26,Java,ocr_only,3,120.0,180.0,abstract method,-0.004910853942860533
v26,Java,ocr_only,4,180.0,240.0,class,0.06024162496390328
v26,Java,ocr_only,4,180.0,240.0,object,0.04708259183520999
v26,Java,ocr_only,4,180.0,240.0,method,0.0029131721083647533
v26,Java,ocr_only,4,180.0,240.0,interface,0.06487742990956166
v26,Java,ocr_only,4,180.0,240.0,implements,0.21621603212642304
v26,Java,ocr_only,4,180.0,240.0,extends,0.03989357047683556
v26,Java,ocr_only,4,180.0,240.0,inheritance,0.03492677292912677
v26,Java,ocr_only,4,180.0,240.0,abstract class,0.06553715919011405
v26,Java,ocr_only,4,180.0,240.0,abstract method,-0.0027463814765830707
v26,Java,ocr_only,5,240.0,300.0,class,0.07224070395185919
v26,Java,ocr_only,5,240.0,300.0,object,0.06404484795981082
v26,Java,ocr_only,5,240.0,300.0,method,0.011672757894477713
v26,Java,ocr_only,5,240.0,300.0,interface,0.07111412885286207
v26,Java,ocr_only,5,240.0,300.0,implements,0.22549701468360786
v26,Java,ocr_only,5,240.0,300.0,extends,0.05013532130704773
v26,Java,ocr_only,5,240.0,300.0,inheritance,0.0389247403866408
v26,Java,ocr_only,5,240.0,300.0,abstract class,0.11482093108712833
v26,Java,ocr_only,5,240.0,300.0,abstract method,0.03732474348708795
v26,Java,ocr_only,6,300.0,360.0,class,0.06215891941376651
v26,Java,ocr_only,6,300.0,360.0,object,0.045318886085009426
v26,Java,ocr_only,6,300.0,360.0,method,0.005009295111478938
v26,Java,ocr_only,6,300.0,360.0,interface,0.05567715690195606
v26,Java,ocr_only,6,300.0,360.0,implements,0.1981486990544477
v26,Java,ocr_only,6,300.0,360.0,extends,0.03344117550815315
v26,Java,ocr_only,6,300.0,360.0,inheritance,0.024891695311925536
v26,Java,ocr_only,6,300.0,360.0,abstract class,0.10972433673060712
v26,Java,ocr_only,6,300.0,360.0,abstract method,0.047057910786020264
v27,Java,ocr_only,1,0.0,60.0,class,0.15045078501176504
v27,Java,ocr_only,1,0.0,60.0,object,0.18837897979434534
v27,Java,ocr_only,1,0.0,60.0,method,0.09771380025195606
v27,Java,ocr_only,1,0.0,60.0,interface,0.09051046073337372
v27,Java,ocr_only,1,0.0,60.0,implements,0.19728203369910066
v27,Java,ocr_only,1,0.0,60.0,extends,0.13555515971739013
v27,Java,ocr_only,1,0.0,60.0,inheritance,0.11170032939591534
v27,Java,ocr_only,1,0.0,60.0,abstract class,0.11882510130573137
v27,Java,ocr_only,1,0.0,60.0,abstract method,-0.008399688588195328
v27,Java,ocr_only,2,60.0,120.0,class,0.15012187438210708
v27,Java,ocr_only,2,60.0,120.0,object,0.19462857911129605
v27,Java,ocr_only,2,60.0,120.0,method,0.10024180337694781
v27,Java,ocr_only,2,60.0,120.0,interface,0.09023094073501906
v27,Java,ocr_only,2,60.0,120.0,implements,0.1996197514953279
v27,Java,ocr_only,2,60.0,120.0,extends,0.13969909367225436
v27,Java,ocr_only,2,60.0,120.0,inheritance,0.10934023299448196
v27,Java,ocr_only,2,60.0,120.0,abstract class,0.12368232682397091
v27,Java,ocr_only,2,60.0,120.0,abstract method,-0.003338790677979069
v27,Java,ocr_only,3,120.0,180.0,class,0.16699260011251302
v27,Java,ocr_only,3,120.0,180.0,object,0.23325457482479198
v27,Java,ocr_only,3,120.0,180.0,method,0.1162373850645004
v27,Java,ocr_only,3,120.0,180.0,interface,0.10706804147130855
v27,Java,ocr_only,3,120.0,180.0,implements,0.22725872050365553
v27,Java,ocr_only,3,120.0,180.0,extends,0.1610631485509516
v27,Java,ocr_only,3,120.0,180.0,inheritance,0.1293565460930013
v27,Java,ocr_only,3,120.0,180.0,abstract class,0.1423877296284981
v27,Java,ocr_only,3,120.0,180.0,abstract method,-0.002710785493917145
v27,Java,ocr_only,4,180.0,240.0,class,0.1521224898483955
v27,Java,ocr_only,4,180.0,240.0,object,0.20266199542340013
v27,Java,ocr_only,4,180.0,240.0,method,0.11058848800063344
v27,Java,ocr_only,4,180.0,240.0,interface,0.11729376886334829
v27,Java,ocr_only,4,180.0,240.0,implements,0.23290658943512751
v27,Java,ocr_only,4,180.0,240.0,extends,0.15430971996406412
v27,Java,ocr_only,4,180.0,240.0,inheritance,0.11322796954468563
v27,Java,ocr_only,4,180.0,240.0,abstract class,0.13208246626603054
v27,Java,ocr_only,4,180.0,240.0,abstract method,-0.002313843160109932
v27,Java,ocr_only,5,240.0,300.0,class,0.15978214822513656
v27,Java,ocr_only,5,240.0,300.0,object,0.20845479123887886
v27,Java,ocr_only,5,240.0,300.0,method,0.10506105539158643
v27,Java,ocr_only,5,240.0,300.0,interface,0.11656276976976188
v27,Java,ocr_only,5,240.0,300.0,implements,0.2352042073269993
v27,Java,ocr_only,5,240.0,300.0,extends,0.18158988850242586
v27,Java,ocr_only,5,240.0,300.0,inheritance,0.13078886418142682
v27,Java,ocr_only,5,240.0,300.0,abstract class,0.1519372490846614
v27,Java,ocr_only,5,240.0,300.0,abstract method,0.006805107411124663
v27,Java,ocr_only,6,300.0,360.0,class,0.13257140808507398
v27,Java,ocr_only,6,300.0,360.0,object,0.09288662949131847
v27,Java,ocr_only,6,300.0,360.0,method,0.042215116098907754
v27,Java,ocr_only,6,300.0,360.0,interface,0.03523979026705879
v27,Java,ocr_only,6,300.0,360.0,implements,0.1388636096545883
v27,Java,ocr_only,6,300.0,360.0,extends,0.14652317345932503
v27,Java,ocr_only,6,300.0,360.0,inheritance,0.09696134089448066
v27,Java,ocr_only,6,300.0,360.0,abstract class,0.12062757423353393
v27,Java,ocr_only,6,300.0,360.0,abstract method,-0.00047701551148580674
v27,Java,ocr_only,7,360.0,420.0,class,0.14126464373670186
v27,Java,ocr_only,7,360.0,420.0,object,0.07821893596552613
v27,Java,ocr_only,7,360.0,420.0,method,0.021826091521366688
v27,Java,ocr_only,7,360.0,420.0,interface,0.02537673611254825
v27,Java,ocr_only,7,360.0,420.0,implements,0.1318439588683379
v27,Java,ocr_only,7,360.0,420.0,extends,0.15613356614438845
v27,Java,ocr_only,7,360.0,420.0,inheritance,0.09846674946940694
v27,Java,ocr_only,7,360.0,420.0,abstract class,0.13835658383901536
v27,Java,ocr_only,7,360.0,420.0,abstract method,-0.0037923078753990995
v27,Java,ocr_only,8,420.0,480.0,class,0.13286021164947795
v27,Java,ocr_only,8,420.0,480.0,object,0.08350573246136202
v27,Java,ocr_only,8,420.0,480.0,method,0.025772284336222112
v27,Java,ocr_only,8,420.0,480.0,interface,0.030155774267387397
v27,Java,ocr_only,8,420.0,480.0,implements,0.1294322061444781
v27,Java,ocr_only,8,420.0,480.0,extends,0.16366188537446652
v27,Java,ocr_only,8,420.0,480.0,inheritance,0.10393588568573281
v27,Java,ocr_only,8,420.0,480.0,abstract class,0.1384644227412705
v27,Java,ocr_only,8,420.0,480.0,abstract method,0.006829276471548081
v27,Java,ocr_only,9,480.0,540.0,class,0.15416241283378435
v27,Java,ocr_only,9,480.0,540.0,object,0.10732659780794719
v27,Java,ocr_only,9,480.0,540.0,method,0.033970872821588206
v27,Java,ocr_only,9,480.0,540.0,interface,0.031804941998935035
v27,Java,ocr_only,9,480.0,540.0,implements,0.14163333788273874
v27,Java,ocr_only,9,480.0,540.0,extends,0.17642393398488232
v27,Java,ocr_only,9,480.0,540.0,inheritance,0.11694531027587299
v27,Java,ocr_only,9,480.0,540.0,abstract class,0.15663305773843753
v27,Java,ocr_only,9,480.0,540.0,abstract method,0.0038069313761839455
v28,Java,ocr_only,1,0.0,60.0,class,0.11428402345440312
v28,Java,ocr_only,1,0.0,60.0,object,0.09764822278653935
v28,Java,ocr_only,1,0.0,60.0,method,0.05653377993187972
v28,Java,ocr_only,1,0.0,60.0,interface,0.051919358265597515
v28,Java,ocr_only,1,0.0,60.0,implements,0.14348407642860597
v28,Java,ocr_only,1,0.0,60.0,extends,0.11046820194793824
v28,Java,ocr_only,1,0.0,60.0,inheritance,0.112157820618288
v28,Java,ocr_only,1,0.0,60.0,abstract class,0.10272958817113145
v28,Java,ocr_only,1,0.0,60.0,abstract method,0.0036030983336303884
v28,Java,ocr_only,2,60.0,120.0,class,0.0011019856407857753
v28,Java,ocr_only,2,60.0,120.0,object,-0.013911794633125899
v28,Java,ocr_only,2,60.0,120.0,method,0.00059499769476119
v28,Java,ocr_only,2,60.0,120.0,interface,-0.007856753234454153
v28,Java,ocr_only,2,60.0,120.0,implements,-0.016418442238492162
v28,Java,ocr_only,2,60.0,120.0,extends,-0.009446230914322446
v28,Java,ocr_only,2,60.0,120.0,inheritance,-0.0010095934771925028
v28,Java,ocr_only,2,60.0,120.0,abstract class,0.008229089218998457
v28,Java,ocr_only,2,60.0,120.0,abstract method,0.006917502101810744
v28,Java,ocr_only,3,120.0,180.0,class,0.002243388297535045
v28,Java,ocr_only,3,120.0,180.0,object,-0.014322357139901083
v28,Java,ocr_only,3,120.0,180.0,method,-0.0014570893140249375
v28,Java,ocr_only,3,120.0,180.0,interface,-0.007104095247372455
v28,Java,ocr_only,3,120.0,180.0,implements,-0.01095167021105308
v28,Java,ocr_only,3,120.0,180.0,extends,-0.004296359188096344
v28,Java,ocr_only,3,120.0,180.0,inheritance,0.0013397071248066417
v28,Java,ocr_only,3,120.0,180.0,abstract class,0.003645650888727682
v28,Java,ocr_only,3,120.0,180.0,abstract method,-0.0019459631448257026
v28,Java,ocr_only,4,180.0,240.0,class,0.11635202874288207
v28,Java,ocr_only,4,180.0,240.0,object,0.17370939170515354
v28,Java,ocr_only,4,180.0,240.0,method,0.0989121065880736
v28,Java,ocr_only,4,180.0,240.0,interface,0.07437042153718226
v28,Java,ocr_only,4,180.0,240.0,implements,0.12849205891243817
v28,Java,ocr_only,4,180.0,240.0,extends,0.08768139276379028
v28,Java,ocr_only,4,180.0,240.0,inheritance,0.061537919039535274
v28,Java,ocr_only,4,180.0,240.0,abstract class,0.21333257680737205
v28,Java,ocr_only,4,180.0,240.0,abstract method,0.15986351676619662
v28,Java,ocr_only,5,240.0,300.0,class,0.0832119119163997
v28,Java,ocr_only,5,240.0,300.0,object,0.09392322817948093
v28,Java,ocr_only,5,240.0,300.0,method,0.0470305759672782
v28,Java,ocr_only,5,240.0,300.0,interface,0.03133409265097105
v28,Java,ocr_only,5,240.0,300.0,implements,0.08119296019053848
v28,Java,ocr_only,5,240.0,300.0,extends,0.08800724093045384
v28,Java,ocr_only,5,240.0,300.0,inheritance,0.05469751897369918
v28,Java,ocr_only,5,240.0,300.0,abstract class,0.10424380880826874
v28,Java,ocr_only,5,240.0,300.0,abstract method,0.054284365810707544
v28,Java,ocr_only,6,300.0,360.0,class,0.042774045852445396
v28,Java,ocr_only,6,300.0,360.0,object,0.023145208056512705
v28,Java,ocr_only,6,300.0,360.0,method,0.012630381303839361
v28,Java,ocr_only,6,300.0,360.0,interface,0.0035449943757340234
v28,Java,ocr_only,6,300.0,360.0,implements,0.04897613573703692
v28,Java,ocr_only,6,300.0,360.0,extends,0.050770356390101454
v28,Java,ocr_only,6,300.0,360.0,inheritance,0.015719252879446685
v28,Java,ocr_only,6,300.0,360.0,abstract class,0.029297215242352855
v28,Java,ocr_only,6,300.0,360.0,abstract method,-0.001503897833294419
v28,Java,ocr_only,7,360.0,420.0,class,0.053227327149767176
v28,Java,ocr_only,7,360.0,420.0,object,0.04925323226368639
v28,Java,ocr_only,7,360.0,420.0,method,0.015381223940080872
v28,Java,ocr_only,7,360.0,420.0,interface,0.01355944616906987
v28,Java,ocr_only,7,360.0,420.0,implements,0.06912809134839552
v28,Java,ocr_only,7,360.0,420.0,extends,0.06837570431047146
v28,Java,ocr_only,7,360.0,420.0,inheritance,0.03121592752831001
v28,Java,ocr_only,7,360.0,420.0,abstract class,0.04839591782963577
v28,Java,ocr_only,7,360.0,420.0,abstract method,0.002193340351460773
v28,Java,ocr_only,8,420.0,480.0,class,0.06299316690632771
v28,Java,ocr_only,8,420.0,480.0,object,0.07155241030852506
v28,Java,ocr_only,8,420.0,480.0,method,0.02001716042722452
v28,Java,ocr_only,8,420.0,480.0,interface,0.025638681162231638
v28,Java,ocr_only,8,420.0,480.0,implements,0.0888264946617948
v28,Java,ocr_only,8,420.0,480.0,extends,0.09258096161477711
v28,Java,ocr_only,8,420.0,480.0,inheritance,0.05217390316239294
v28,Java,ocr_only,8,420.0,480.0,abstract class,0.06123229694794037
v28,Java,ocr_only,8,420.0,480.0,abstract method,0.0050569283540256495
v28,Java,ocr_only,9,480.0,540.0,class,0.055838005740979406
v28,Java,ocr_only,9,480.0,540.0,object,0.04587885052914987
v28,Java,ocr_only,9,480.0,540.0,method,0.011167582615279507
v28,Java,ocr_only,9,480.0,540.0,interface,0.008073848791870496
v28,Java,ocr_only,9,480.0,540.0,implements,0.06627207425089673
v28,Java,ocr_only,9,480.0,540.0,extends,0.07655582463780161
v28,Java,ocr_only,9,480.0,540.0,inheritance,0.03334594490904886
v28,Java,ocr_only,9,480.0,540.0,abstract class,0.05074402335464123
v28,Java,ocr_only,9,480.0,540.0,abstract method,0.0018203620253210953
v28,Java,ocr_only,10,540.0,600.0,class,0.06652963584606732
v28,Java,ocr_only,10,540.0,600.0,object,0.0388582205666528
v28,Java,ocr_only,10,540.0,600.0,method,0.014978197827389987
v28,Java,ocr_only,10,540.0,600.0,interface,0.012274329469958139
v28,Java,ocr_only,10,540.0,600.0,implements,0.07157281550986345
v28,Java,ocr_only,10,540.0,600.0,extends,0.0921217617413753
v28,Java,ocr_only,10,540.0,600.0,inheritance,0.041745639277038116
v28,Java,ocr_only,10,540.0,600.0,abstract class,0.045262270410282225
v28,Java,ocr_only,10,540.0,600.0,abstract method,-0.014037337647535751
v28,Java,ocr_only,11,600.0,660.0,class,0.08245687178835577
v28,Java,ocr_only,11,600.0,660.0,object,0.04939364982604646
v28,Java,ocr_only,11,600.0,660.0,method,0.03313675723285144
v28,Java,ocr_only,11,600.0,660.0,interface,0.0329151715314558
v28,Java,ocr_only,11,600.0,660.0,implements,0.10740877319558809
v28,Java,ocr_only,11,600.0,660.0,extends,0.06930573013050736
v28,Java,ocr_only,11,600.0,660.0,inheritance,0.07004225464530338
v28,Java,ocr_only,11,600.0,660.0,abstract class,0.07840406737356936
v28,Java,ocr_only,11,600.0,660.0,abstract method,0.0009071697795379394
v28,Java,ocr_only,12,660.0,720.0,class,0.0569712313425626
v28,Java,ocr_only,12,660.0,720.0,object,0.021813904580150617
v28,Java,ocr_only,12,660.0,720.0,method,0.012050908620128978
v28,Java,ocr_only,12,660.0,720.0,interface,0.01514210105107408
v28,Java,ocr_only,12,660.0,720.0,implements,0.07454770430215268
v28,Java,ocr_only,12,660.0,720.0,extends,0.03694318817338512
v28,Java,ocr_only,12,660.0,720.0,inheritance,0.038293740858114586
v28,Java,ocr_only,12,660.0,720.0,abstract class,0.06549561505071888
v28,Java,ocr_only,12,660.0,720.0,abstract method,0.001266592291600782
v28,Java,ocr_only,13,720.0,780.0,class,0.04516586249736751
v28,Java,ocr_only,13,720.0,780.0,object,0.025524401931330265
v28,Java,ocr_only,13,720.0,780.0,method,0.0023131594706561056
v28,Java,ocr_only,13,720.0,780.0,interface,0.013741917300558567
v28,Java,ocr_only,13,720.0,780.0,implements,0.05537011045756955
v28,Java,ocr_only,13,720.0,780.0,extends,0.03323371801762953
v28,Java,ocr_only,13,720.0,780.0,inheritance,0.02231763117633538
v28,Java,ocr_only,13,720.0,780.0,abstract class,0.06337604294613496
v28,Java,ocr_only,13,720.0,780.0,abstract method,0.002540109994720562
v28,Java,ocr_only,14,780.0,840.0,class,0.07069884517611162
v28,Java,ocr_only,14,780.0,840.0,object,0.06288042627643656
v28,Java,ocr_only,14,780.0,840.0,method,0.01171279477773345
v28,Java,ocr_only,14,780.0,840.0,interface,0.02597093156095589
v28,Java,ocr_only,14,780.0,840.0,implements,0.07595307174004651
v28,Java,ocr_only,14,780.0,840.0,extends,0.08376968648701091
v28,Java,ocr_only,14,780.0,840.0,inheritance,0.03243006969123891
v28,Java,ocr_only,14,780.0,840.0,abstract class,0.06193827839126278
v28,Java,ocr_only,14,780.0,840.0,abstract method,-0.017501635601339983
v28,Java,ocr_only,15,840.0,900.0,class,0.07045281574535395
v28,Java,ocr_only,15,840.0,900.0,object,0.07685983591123531
v28,Java,ocr_only,15,840.0,900.0,method,0.014724131740162214
v28,Java,ocr_only,15,840.0,900.0,interface,0.025670886174473957
v28,Java,ocr_only,15,840.0,900.0,implements,0.07394660135012
v28,Java,ocr_only,15,840.0,900.0,extends,0.09891711012243755
v28,Java,ocr_only,15,840.0,900.0,inheritance,0.03862326723051242
v28,Java,ocr_only,15,840.0,900.0,abstract class,0.056243425377317316
v28,Java,ocr_only,15,840.0,900.0,abstract method,-0.01731092182246598
v29,Java,ocr_only,1,0.0,60.0,class,0.0491470481111595
v29,Java,ocr_only,1,0.0,60.0,object,0.031475729118559864
v29,Java,ocr_only,1,0.0,60.0,method,0.05212930696369811
v29,Java,ocr_only,1,0.0,60.0,interface,0.07206039402866472
v29,Java,ocr_only,1,0.0,60.0,implements,0.0798967086205093
v29,Java,ocr_only,1,0.0,60.0,extends,0.037223267170506044
v29,Java,ocr_only,1,0.0,60.0,inheritance,0.029007464582340783
v29,Java,ocr_only,1,0.0,60.0,abstract class,0.04880484286687706
v29,Java,ocr_only,1,0.0,60.0,abstract method,0.01786155645213521
v29,Java,ocr_only,2,60.0,120.0,class,0.09247801445803265
v29,Java,ocr_only,2,60.0,120.0,object,0.03879813774523431
v29,Java,ocr_only,2,60.0,120.0,method,0.07340178436581321
v29,Java,ocr_only,2,60.0,120.0,interface,0.05648921377059398
v29,Java,ocr_only,2,60.0,120.0,implements,0.08724639314428331
v29,Java,ocr_only,2,60.0,120.0,extends,0.058615629819034835
v29,Java,ocr_only,2,60.0,120.0,inheritance,0.05273875229576063
v29,Java,ocr_only,2,60.0,120.0,abstract class,0.16430007028077184
v29,Java,ocr_only,2,60.0,120.0,abstract method,0.09788285757462356
v29,Java,ocr_only,3,120.0,180.0,class,0.10891011535385217
v29,Java,ocr_only,3,120.0,180.0,object,0.08837136782181722
v29,Java,ocr_only,3,120.0,180.0,method,0.049353654507801284
v29,Java,ocr_only,3,120.0,180.0,interface,0.05320465425180083
v29,Java,ocr_only,3,120.0,180.0,implements,0.14079970373041592
v29,Java,ocr_only,3,120.0,180.0,extends,0.10145330490882633
v29,Java,ocr_only,3,120.0,180.0,inheritance,0.08349973420680268
v29,Java,ocr_only,3,120.0,180.0,abstract class,0.160574472761052
v29,Java,ocr_only,3,120.0,180.0,abstract method,0.027680876101838354
v29,Java,ocr_only,4,180.0,240.0,class,0.12511909777429459
v29,Java,ocr_only,4,180.0,240.0,object,0.10963415026919257
v29,Java,ocr_only,4,180.0,240.0,method,0.04566767642786541
v29,Java,ocr_only,4,180.0,240.0,interface,0.04697464235910256
v29,Java,ocr_only,4,180.0,240.0,implements,0.1454212164530093
v29,Java,ocr_only,4,180.0,240.0,extends,0.1245241241713189
v29,Java,ocr_only,4,180.0,240.0,inheritance,0.0986921092825123
v29,Java,ocr_only,4,180.0,240.0,abstract class,0.20346282940524354
v29,Java,ocr_only,4,180.0,240.0,abstract method,0.05022316315113775
v29,Java,ocr_only,5,240.0,300.0,class,0.10558439244315936
v29,Java,ocr_only,5,240.0,300.0,object,0.1074155260388657
v29,Java,ocr_only,5,240.0,300.0,method,0.036993075919121474
v29,Java,ocr_only,5,240.0,300.0,interface,0.043877877871610516
v29,Java,ocr_only,5,240.0,300.0,implements,0.14129921325151198
v29,Java,ocr_only,5,240.0,300.0,extends,0.11627335119054685
v29,Java,ocr_only,5,240.0,300.0,inheritance,0.08156263111610279
v29,Java,ocr_only,5,240.0,300.0,abstract class,0.22941847134510415
v29,Java,ocr_only,5,240.0,300.0,abstract method,0.09197206237453269
v29,Java,ocr_only,6,300.0,360.0,class,0.08853408226349899
v29,Java,ocr_only,6,300.0,360.0,object,0.09772561014622409
v29,Java,ocr_only,6,300.0,360.0,method,0.04077011309350052
v29,Java,ocr_only,6,300.0,360.0,interface,0.04947519027699023
v29,Java,ocr_only,6,300.0,360.0,implements,0.1270142200922921
v29,Java,ocr_only,6,300.0,360.0,extends,0.10572309577582094
v29,Java,ocr_only,6,300.0,360.0,inheritance,0.07145636218290101
v29,Java,ocr_only,6,300.0,360.0,abstract class,0.20504302190277543
v29,Java,ocr_only,6,300.0,360.0,abstract method,0.086834450700006
v29,Java,ocr_only,7,360.0,420.0,class,0.07973808570743973
v29,Java,ocr_only,7,360.0,420.0,object,0.08972364203989595
v29,Java,ocr_only,7,360.0,420.0,method,0.0545105738210905
v29,Java,ocr_only,7,360.0,420.0,interface,0.08166698743525681
v29,Java,ocr_only,7,360.0,420.0,implements,0.1483875003948937
v29,Java,ocr_only,7,360.0,420.0,extends,0.09132671748981316
v29,Java,ocr_only,7,360.0,420.0,inheritance,0.054826228568723656
v29,Java,ocr_only,7,360.0,420.0,abstract class,0.22881091386641653
v29,Java,ocr_only,7,360.0,420.0,abstract method,0.12570382126449672
v29,Java,ocr_only,8,420.0,480.0,class,0.07251668797849263
v29,Java,ocr_only,8,420.0,480.0,object,0.07535027880966848
v29,Java,ocr_only,8,420.0,480.0,method,0.06097159876577229
v29,Java,ocr_only,8,420.0,480.0,interface,0.0799146103870178
v29,Java,ocr_only,8,420.0,480.0,implements,0.13855173987478828
v29,Java,ocr_only,8,420.0,480.0,extends,0.08127695196068101
v29,Java,ocr_only,8,420.0,480.0,inheritance,0.049671802137668614
v29,Java,ocr_only,8,420.0,480.0,abstract class,0.19648280987253405
v29,Java,ocr_only,8,420.0,480.0,abstract method,0.1079754109564381
v29,Java,ocr_only,9,480.0,540.0,class,0.07943406714050658
v29,Java,ocr_only,9,480.0,540.0,object,0.08098163706367759
v29,Java,ocr_only,9,480.0,540.0,method,0.04952278094060897
v29,Java,ocr_only,9,480.0,540.0,interface,0.05808188826296763
v29,Java,ocr_only,9,480.0,540.0,implements,0.13501505477384235
v29,Java,ocr_only,9,480.0,540.0,extends,0.10822125613974058
v29,Java,ocr_only,9,480.0,540.0,inheritance,0.0756128234719185
v29,Java,ocr_only,9,480.0,540.0,abstract class,0.17165734421752749
v29,Java,ocr_only,9,480.0,540.0,abstract method,0.06895732240946548
v30,Java,ocr_only,1,0.0,60.0,class,0.1535197989903408
v30,Java,ocr_only,1,0.0,60.0,object,0.16184350525610347
v30,Java,ocr_only,1,0.0,60.0,method,0.06480466384292728
v30,Java,ocr_only,1,0.0,60.0,interface,0.054759766978011784
v30,Java,ocr_only,1,0.0,60.0,implements,0.08060560852438048
v30,Java,ocr_only,1,0.0,60.0,extends,0.18944335947131252
v30,Java,ocr_only,1,0.0,60.0,inheritance,0.10704798317508905
v30,Java,ocr_only,1,0.0,60.0,abstract class,0.5796429650967108
v30,Java,ocr_only,1,0.0,60.0,abstract method,0.49745838856244223
v30,Java,ocr_only,2,60.0,120.0,class,0.10066433205591524
v30,Java,ocr_only,2,60.0,120.0,object,0.06756074198903668
v30,Java,ocr_only,2,60.0,120.0,method,0.009886893723716471
v30,Java,ocr_only,2,60.0,120.0,interface,0.023531639882964715
v30,Java,ocr_only,2,60.0,120.0,implements,0.1116641613490036
v30,Java,ocr_only,2,60.0,120.0,extends,0.13807916412292895
v30,Java,ocr_only,2,60.0,120.0,inheritance,0.07834634982828553
v30,Java,ocr_only,2,60.0,120.0,abstract class,0.3252717323533192
v30,Java,ocr_only,2,60.0,120.0,abstract method,0.22229749656113088
v30,Java,ocr_only,3,120.0,180.0,class,0.007961270792109499
v30,Java,ocr_only,3,120.0,180.0,object,-0.05376826371123498
v30,Java,ocr_only,3,120.0,180.0,method,-0.04134630390325854
v30,Java,ocr_only,3,120.0,180.0,interface,-0.03658747981319555
v30,Java,ocr_only,3,120.0,180.0,implements,0.03292215075901656
v30,Java,ocr_only,3,120.0,180.0,extends,0.036078193204875236
v30,Java,ocr_only,3,120.0,180.0,inheritance,0.0037268938188230083
v30,Java,ocr_only,3,120.0,180.0,abstract class,0.11418521705378688
v30,Java,ocr_only,3,120.0,180.0,abstract method,0.07430693742082461
v31,C++,ocr_only,1,0.0,60.0,variable,0.005632983039142281
v31,C++,ocr_only,1,0.0,60.0,data type,-0.007651779476322441
v31,C++,ocr_only,1,0.0,60.0,pointer,-0.0023705019881115133
v31,C++,ocr_only,1,0.0,60.0,reference,0.009564162952718655
v31,C++,ocr_only,1,0.0,60.0,class,0.009228678834161987
v31,C++,ocr_only,1,0.0,60.0,object,-0.007711000556581369
v31,C++,ocr_only,1,0.0,60.0,constructor,0.015406283093379922
v31,C++,ocr_only,1,0.0,60.0,inheritance,-0.005943356272162042
v31,C++,ocr_only,1,0.0,60.0,polymorphism,-0.0023350666347121195
v31,C++,ocr_only,1,0.0,60.0,template,0.025873228187687735
v31,C++,ocr_only,2,60.0,120.0,variable,0.005018585043473083
v31,C++,ocr_only,2,60.0,120.0,data type,-0.007090164966459382
v31,C++,ocr_only,2,60.0,120.0,pointer,-0.004571392089248399
v31,C++,ocr_only,2,60.0,120.0,reference,0.01246061243100396
v31,C++,ocr_only,2,60.0,120.0,class,0.009099165110656124
v31,C++,ocr_only,2,60.0,120.0,object,-0.006027455629402686
v31,C++,ocr_only,2,60.0,120.0,constructor,0.014227717726789872
v31,C++,ocr_only,2,60.0,120.0,inheritance,-0.006928445837705301
v31,C++,ocr_only,2,60.0,120.0,polymorphism,-0.0024116384071868543
v31,C++,ocr_only,2,60.0,120.0,template,0.02469888231197972
v31,C++,ocr_only,3,120.0,180.0,variable,0.005147278826476697
v31,C++,ocr_only,3,120.0,180.0,data type,-0.008046163375896805
v31,C++,ocr_only,3,120.0,180.0,pointer,-0.0030697173496758694
v31,C++,ocr_only,3,120.0,180.0,reference,0.009996171440241824
v31,C++,ocr_only,3,120.0,180.0,class,0.008329104904753038
v31,C++,ocr_only,3,120.0,180.0,object,-0.0068425446218621086
v31,C++,ocr_only,3,120.0,180.0,constructor,0.013088369489786367
v31,C++,ocr_only,3,120.0,180.0,inheritance,-0.00699527914988639
v31,C++,ocr_only,3,120.0,180.0,polymorphism,-0.0029384129176883295
v31,C++,ocr_only,3,120.0,180.0,template,0.02622284638946192
v31,C++,ocr_only,4,180.0,240.0,variable,0.006252949400492052
v31,C++,ocr_only,4,180.0,240.0,data type,-0.006288698911459461
v31,C++,ocr_only,4,180.0,240.0,pointer,-0.0022278677066163493
v31,C++,ocr_only,4,180.0,240.0,reference,0.01131984248288062
v31,C++,ocr_only,4,180.0,240.0,class,0.009734474984952255
v31,C++,ocr_only,4,180.0,240.0,object,-0.006367900597652325
v31,C++,ocr_only,4,180.0,240.0,constructor,0.016343732695504296
v31,C++,ocr_only,4,180.0,240.0,inheritance,-0.005703099684649434
v31,C++,ocr_only,4,180.0,240.0,polymorphism,-0.0011589646973507162
v31,C++,ocr_only,4,180.0,240.0,template,0.025378420431410288
v31,C++,ocr_only,5,240.0,300.0,variable,0.0065175500072367385
v31,C++,ocr_only,5,240.0,300.0,data type,-0.0057407748183402555
v31,C++,ocr_only,5,240.0,300.0,pointer,-0.002035728500035368
v31,C++,ocr_only,5,240.0,300.0,reference,0.012673794012232509
v31,C++,ocr_only,5,240.0,300.0,class,0.010205947586152252
v31,C++,ocr_only,5,240.0,300.0,object,-0.006323158079479698
v31,C++,ocr_only,5,240.0,300.0,constructor,0.017184876657343095
v31,C++,ocr_only,5,240.0,300.0,inheritance,-0.005955249113972502
v31,C++,ocr_only,5,240.0,300.0,polymorphism,-0.0011095393427912547
v31,C++,ocr_only,5,240.0,300.0,template,0.025123965053950797
v31,C++,ocr_only,6,300.0,360.0,variable,0.007513458029046695
v31,C++,ocr_only,6,300.0,360.0,data type,-0.0058292738743065085
v31,C++,ocr_only,6,300.0,360.0,pointer,-0.0010776513653652931
v31,C++,ocr_only,6,300.0,360.0,reference,0.01144665825809249
v31,C++,ocr_only,6,300.0,360.0,class,0.009546322987101882
v31,C++,ocr_only,6,300.0,360.0,object,-0.007779677663944981
v31,C++,ocr_only,6,300.0,360.0,constructor,0.01719077408281112
v31,C++,ocr_only,6,300.0,360.0,inheritance,-0.003779051527172737
v31,C++,ocr_only,6,300.0,360.0,polymorphism,6.380620179645379e-05
v31,C++,ocr_only,6,300.0,360.0,template,0.024533791546324846
v31,C++,ocr_only,7,360.0,420.0,variable,0.02545234519633307
v31,C++,ocr_only,7,360.0,420.0,data type,0.009562989819752532
v31,C++,ocr_only,7,360.0,420.0,pointer,0.005839221107946244
v31,C++,ocr_only,7,360.0,420.0,reference,0.020103006851885083
v31,C++,ocr_only,7,360.0,420.0,class,0.015588639867328943
v31,C++,ocr_only,7,360.0,420.0,object,-0.012243661044968511
v31,C++,ocr_only,7,360.0,420.0,constructor,0.022407583835763432
v31,C++,ocr_only,7,360.0,420.0,inheritance,0.005485211884111869
v31,C++,ocr_only,7,360.0,420.0,polymorphism,0.004794016671006172
v31,C++,ocr_only,7,360.0,420.0,template,0.028958253649133365
v31,C++,ocr_only,8,420.0,480.0,variable,0.016309696704315913
v31,C++,ocr_only,8,420.0,480.0,data type,0.0068409136678323846
v31,C++,ocr_only,8,420.0,480.0,pointer,0.007361840394208498
v31,C++,ocr_only,8,420.0,480.0,reference,0.00596462178609082
v31,C++,ocr_only,8,420.0,480.0,class,0.012576627105558805
v31,C++,ocr_only,8,420.0,480.0,object,-0.00939665637296015
v31,C++,ocr_only,8,420.0,480.0,constructor,0.018561858594260915
v31,C++,ocr_only,8,420.0,480.0,inheritance,0.005243783939243452
v31,C++,ocr_only,8,420.0,480.0,polymorphism,0.004605274198502163
v31,C++,ocr_only,8,420.0,480.0,template,0.025490234004099367
v31,C++,ocr_only,9,480.0,540.0,variable,0.09374736205742161
v31,C++,ocr_only,9,480.0,540.0,data type,0.019611332078694425
v31,C++,ocr_only,9,480.0,540.0,pointer,0.05463757129266699
v31,C++,ocr_only,9,480.0,540.0,reference,0.07400742268607016
v31,C++,ocr_only,9,480.0,540.0,class,0.03212188434233593
v31,C++,ocr_only,9,480.0,540.0,object,-0.005195687758650824
v31,C++,ocr_only,9,480.0,540.0,constructor,0.052010613511971684
v31,C++,ocr_only,9,480.0,540.0,inheritance,0.006104239239817537
v31,C++,ocr_only,9,480.0,540.0,polymorphism,0.001558019127784797
v31,C++,ocr_only,9,480.0,540.0,template,0.06581186949815995
v31,C++,ocr_only,10,540.0,600.0,variable,0.10768896146529477
v31,C++,ocr_only,10,540.0,600.0,data type,0.023512111135166092
v31,C++,ocr_only,10,540.0,600.0,pointer,0.07031767061710523
v31,C++,ocr_only,10,540.0,600.0,reference,0.07862629163051896
v31,C++,ocr_only,10,540.0,600.0,class,0.0392945136250136
v31,C++,ocr_only,10,540.0,600.0,object,0.0006568322800594256
v31,C++,ocr_only,10,540.0,600.0,constructor,0.056845419330190425
v31,C++,ocr_only,10,540.0,600.0,inheritance,0.003544571050998959
v31,C++,ocr_only,10,540.0,600.0,polymorphism,0.001162225896592687
v31,C++,ocr_only,10,540.0,600.0,template,0.07744552027458179
v31,C++,ocr_only,11,600.0,660.0,variable,0.04563647645763359
v31,C++,ocr_only,11,600.0,660.0,data type,0.01598320938905394
v31,C++,ocr_only,11,600.0,660.0,pointer,0.013910934621546526
v31,C++,ocr_only,11,600.0,660.0,reference,0.03598466718810639
v31,C++,ocr_only,11,600.0,660.0,class,0.027679632730381726
v31,C++,ocr_only,11,600.0,660.0,object,-0.016207838305308916
v31,C++,ocr_only,11,600.0,660.0,constructor,0.04228906696877431
v31,C++,ocr_only,11,600.0,660.0,inheritance,0.0086147355894817
v31,C++,ocr_only,11,600.0,660.0,polymorphism,0.009382332273230138
v31,C++,ocr_only,11,600.0,660.0,template,0.04832497808316651
v31,C++,ocr_only,12,660.0,720.0,variable,0.023473600867274416
v31,C++,ocr_only,12,660.0,720.0,data type,0.020273017197104573
v31,C++,ocr_only,12,660.0,720.0,pointer,0.0034058918396988186
v31,C++,ocr_only,12,660.0,720.0,reference,0.015360170289299814
v31,C++,ocr_only,12,660.0,720.0,class,0.02222047138357483
v31,C++,ocr_only,12,660.0,720.0,object,-0.006645365205749349
v31,C++,ocr_only,12,660.0,720.0,constructor,0.023559983131572378
v31,C++,ocr_only,12,660.0,720.0,inheritance,0.007241892000989353
v31,C++,ocr_only,12,660.0,720.0,polymorphism,0.007026220140147051
v31,C++,ocr_only,12,660.0,720.0,template,0.02696003826144635
v31,C++,ocr_only,13,720.0,780.0,variable,0.016060703542562046
v31,C++,ocr_only,13,720.0,780.0,data type,0.016028430132726163
v31,C++,ocr_only,13,720.0,780.0,pointer,0.0013993127576172632
v31,C++,ocr_only,13,720.0,780.0,reference,0.008258381919039269
v31,C++,ocr_only,13,720.0,780.0,class,0.01574262902354107
v31,C++,ocr_only,13,720.0,780.0,object,-0.0038863379325976694
v31,C++,ocr_only,13,720.0,780.0,constructor,0.01785559442806175
v31,C++,ocr_only,13,720.0,780.0,inheritance,0.0029293359808950357
v31,C++,ocr_only,13,720.0,780.0,polymorphism,0.003256271123973084
v31,C++,ocr_only,13,720.0,780.0,template,0.017425653486922505
v31,C++,ocr_only,14,780.0,840.0,variable,0.023547251937918786
v31,C++,ocr_only,14,780.0,840.0,data type,0.01700229962905185
v31,C++,ocr_only,14,780.0,840.0,pointer,0.0036625347912301403
v31,C++,ocr_only,14,780.0,840.0,reference,0.016340802293288107
v31,C++,ocr_only,14,780.0,840.0,class,0.01841625218686796
v31,C++,ocr_only,14,780.0,840.0,object,-0.0057965185295075225
v31,C++,ocr_only,14,780.0,840.0,constructor,0.024112514376141224
v31,C++,ocr_only,14,780.0,840.0,inheritance,0.0040814905174172906
v31,C++,ocr_only,14,780.0,840.0,polymorphism,0.004136387159241698
v31,C++,ocr_only,14,780.0,840.0,template,0.021249459052833125
v31,C++,ocr_only,15,840.0,900.0,variable,0.01687577607845839
v31,C++,ocr_only,15,840.0,900.0,data type,0.01935391788429443
v31,C++,ocr_only,15,840.0,900.0,pointer,-0.0027143693978509483
v31,C++,ocr_only,15,840.0,900.0,reference,0.015008847712925008
v31,C++,ocr_only,15,840.0,900.0,class,0.0190751009565226
v31,C++,ocr_only,15,840.0,900.0,object,-0.0030522837826259326
v31,C++,ocr_only,15,840.0,900.0,constructor,0.01908106753853077
v31,C++,ocr_only,15,840.0,900.0,inheritance,0.0031757241159483716
v31,C++,ocr_only,15,840.0,900.0,polymorphism,0.0052211906837283445
v31,C++,ocr_only,15,840.0,900.0,template,0.019640135101392554
v31,C++,ocr_only,16,900.0,960.0,variable,-1.6705514923076915e-05
v31,C++,ocr_only,16,900.0,960.0,data type,0.00926901788376116
v31,C++,ocr_only,16,900.0,960.0,pointer,-0.0038097662188761455
v31,C++,ocr_only,16,900.0,960.0,reference,-0.001733403806050543
v31,C++,ocr_only,16,900.0,960.0,class,0.0030299604579691252
v31,C++,ocr_only,16,900.0,960.0,object,0.0037041739716779268
v31,C++,ocr_only,16,900.0,960.0,constructor,-0.003441151237306864
v31,C++,ocr_only,16,900.0,960.0,inheritance,-0.0005163904223485747
v31,C++,ocr_only,16,900.0,960.0,polymorphism,0.0018659287139271197
v31,C++,ocr_only,16,900.0,960.0,template,-0.005963866845487777
v31,C++,ocr_only,17,960.0,1020.0,variable,-0.0039760340616539075
v31,C++,ocr_only,17,960.0,1020.0,data type,0.004484056208091473
v31,C++,ocr_only,17,960.0,1020.0,pointer,-0.009082718473903848
v31,C++,ocr_only,17,960.0,1020.0,reference,0.014232228820199274
v31,C++,ocr_only,17,960.0,1020.0,class,0.004191156956572979
v31,C++,ocr_only,17,960.0,1020.0,object,0.011573872809772965
v31,C++,ocr_only,17,960.0,1020.0,constructor,-0.005401056839572808
v31,C++,ocr_only,17,960.0,1020.0,inheritance,-0.003300253933688358
v31,C++,ocr_only,17,960.0,1020.0,polymorphism,-0.005334159703182032
v31,C++,ocr_only,17,960.0,1020.0,template,-0.0049570556828822734
v31,C++,ocr_only,18,1020.0,1080.0,variable,-0.004311387074549817
v31,C++,ocr_only,18,1020.0,1080.0,data type,0.0055136755203496176
v31,C++,ocr_only,18,1020.0,1080.0,pointer,-0.007133004867039543
v31,C++,ocr_only,18,1020.0,1080.0,reference,0.010535417252735895
v31,C++,ocr_only,18,1020.0,1080.0,class,0.004410716141667486
v31,C++,ocr_only,18,1020.0,1080.0,object,0.011767889662245914
v31,C++,ocr_only,18,1020.0,1080.0,constructor,-0.00803561428145258
v31,C++,ocr_only,18,1020.0,1080.0,inheritance,-0.002983282411721348
v31,C++,ocr_only,18,1020.0,1080.0,polymorphism,-0.0060053442289827895
v31,C++,ocr_only,18,1020.0,1080.0,template,-0.006274434483266382
v31,C++,ocr_only,19,1080.0,1140.0,variable,-0.00304807051670204
v31,C++,ocr_only,19,1080.0,1140.0,data type,0.007280217475795878
v31,C++,ocr_only,19,1080.0,1140.0,pointer,-0.003682811783137412
v31,C++,ocr_only,19,1080.0,1140.0,reference,0.007495433684572894
v31,C++,ocr_only,19,1080.0,1140.0,class,0.0041389106262317114
v31,C++,ocr_only,19,1080.0,1140.0,object,0.012742209718877894
v31,C++,ocr_only,19,1080.0,1140.0,constructor,-0.0041134238528342595
v31,C++,ocr_only,19,1080.0,1140.0,inheritance,-0.003929840820993748
v31,C++,ocr_only,19,1080.0,1140.0,polymorphism,-0.005241599560399551
v31,C++,ocr_only,19,1080.0,1140.0,template,-0.003972128128810377
v31,C++,ocr_only,20,1140.0,1200.0,variable,0.003322968272869028
v31,C++,ocr_only,20,1140.0,1200.0,data type,0.0008390522689367866
v31,C++,ocr_only,20,1140.0,1200.0,pointer,0.0006322806465847705
v31,C++,ocr_only,20,1140.0,1200.0,reference,0.011376644479619256
v31,C++,ocr_only,20,1140.0,1200.0,class,0.0012624752676991338
v31,C++,ocr_only,20,1140.0,1200.0,object,0.009118277391160525
v31,C++,ocr_only,20,1140.0,1200.0,constructor,-0.004325522203655036
v31,C++,ocr_only,20,1140.0,1200.0,inheritance,-0.0029547914364746832
v31,C++,ocr_only,20,1140.0,1200.0,polymorphism,-0.003973141538215981
v31,C++,ocr_only,20,1140.0,1200.0,template,-0.0026963204627850046
v31,C++,ocr_only,21,1200.0,1260.0,variable,-0.004423198603043438
v31,C++,ocr_only,21,1200.0,1260.0,data type,0.0008842151740753593
v31,C++,ocr_only,21,1200.0,1260.0,pointer,-0.004724629597640183
v31,C++,ocr_only,21,1200.0,1260.0,reference,0.007536105901887389
v31,C++,ocr_only,21,1200.0,1260.0,class,0.0021963747620624007
v31,C++,ocr_only,21,1200.0,1260.0,object,0.01021252925330271
v31,C++,ocr_only,21,1200.0,1260.0,constructor,-0.005435785413751967
v31,C++,ocr_only,21,1200.0,1260.0,inheritance,-0.0034495895045175205
v31,C++,ocr_only,21,1200.0,1260.0,polymorphism,-0.004707214905732878
v31,C++,ocr_only,21,1200.0,1260.0,template,-0.0031184862512180873
v31,C++,ocr_only,22,1260.0,1320.0,variable,-0.0023276500170323583
v31,C++,ocr_only,22,1260.0,1320.0,data type,0.005905333861181851
v31,C++,ocr_only,22,1260.0,1320.0,pointer,-0.0034218036360082163
v31,C++,ocr_only,22,1260.0,1320.0,reference,-0.0009310263460937652
v31,C++,ocr_only,22,1260.0,1320.0,class,0.0034886350883086524
v31,C++,ocr_only,22,1260.0,1320.0,object,0.004671085588158107
v31,C++,ocr_only,22,1260.0,1320.0,constructor,-0.0003247255396763779
v31,C++,ocr_only,22,1260.0,1320.0,inheritance,-0.0030644962633810946
v31,C++,ocr_only,22,1260.0,1320.0,polymorphism,0.0007378766115793355
v31,C++,ocr_only,22,1260.0,1320.0,template,-0.0036581207204685333
v31,C++,ocr_only,23,1320.0,1380.0,variable,-0.0021172340709292806
v31,C++,ocr_only,23,1320.0,1380.0,data type,0.007279510114408797
v31,C++,ocr_only,23,1320.0,1380.0,pointer,-0.0026118191871938807
v31,C++,ocr_only,23,1320.0,1380.0,reference,-0.0048969112430050366
v31,C++,ocr_only,23,1320.0,1380.0,class,0.0029073414829547516
v31,C++,ocr_only,23,1320.0,1380.0,object,0.0034935774208743344
v31,C++,ocr_only,23,1320.0,1380.0,constructor,0.0006074405110832117
v31,C++,ocr_only,23,1320.0,1380.0,inheritance,-0.00252583749050951
v31,C++,ocr_only,23,1320.0,1380.0,polymorphism,0.0006390179097328715
v31,C++,ocr_only,23,1320.0,1380.0,template,-0.005206597268144369
v31,C++,ocr_only,24,1380.0,1440.0,variable,0.01237511180046932
v31,C++,ocr_only,24,1380.0,1440.0,data type,0.02035800222120419
v31,C++,ocr_only,24,1380.0,1440.0,pointer,-0.00513771148165305
v31,C++,ocr_only,24,1380.0,1440.0,reference,0.04174390577682766
v31,C++,ocr_only,24,1380.0,1440.0,class,0.015586928667208295
v31,C++,ocr_only,24,1380.0,1440.0,object,0.03232453908409581
v31,C++,ocr_only,24,1380.0,1440.0,constructor,-0.006881170053959005
v31,C++,ocr_only,24,1380.0,1440.0,inheritance,0.00047738557820233463
v31,C++,ocr_only,24,1380.0,1440.0,polymorphism,-0.004264080550980432
v31,C++,ocr_only,24,1380.0,1440.0,template,0.002572511616908798
v31,C++,ocr_only,25,1440.0,1500.0,variable,0.013703912251669963
v31,C++,ocr_only,25,1440.0,1500.0,data type,0.02565902964896697
v31,C++,ocr_only,25,1440.0,1500.0,pointer,-0.005324926735362074
v31,C++,ocr_only,25,1440.0,1500.0,reference,0.04977726777043222
v31,C++,ocr_only,25,1440.0,1500.0,class,0.017664201390447137
v31,C++,ocr_only,25,1440.0,1500.0,object,0.04126002616550176
v31,C++,ocr_only,25,1440.0,1500.0,constructor,-0.01087900714842111
v31,C++,ocr_only,25,1440.0,1500.0,inheritance,-2.4228976889108285e-05
v31,C++,ocr_only,25,1440.0,1500.0,polymorphism,-0.007185626073291931
v31,C++,ocr_only,25,1440.0,1500.0,template,6.934271684863598e-05
v31,C++,ocr_only,26,1500.0,1560.0,variable,0.01395016573555716
v31,C++,ocr_only,26,1500.0,1560.0,data type,0.027575169851215407
v31,C++,ocr_only,26,1500.0,1560.0,pointer,-0.005140741883609863
v31,C++,ocr_only,26,1500.0,1560.0,reference,0.04733788517277596
v31,C++,ocr_only,26,1500.0,1560.0,class,0.019335817025594722
v31,C++,ocr_only,26,1500.0,1560.0,object,0.03962156523000626
v31,C++,ocr_only,26,1500.0,1560.0,constructor,-0.008521310668434322
v31,C++,ocr_only,26,1500.0,1560.0,inheritance,0.0011945929848925555
v31,C++,ocr_only,26,1500.0,1560.0,polymorphism,-0.00700396504766738
v31,C++,ocr_only,26,1500.0,1560.0,template,0.001289524729665952
v31,C++,ocr_only,27,1560.0,1620.0,variable,0.013656993399199407
v31,C++,ocr_only,27,1560.0,1620.0,data type,0.02784186330512456
v31,C++,ocr_only,27,1560.0,1620.0,pointer,-0.00595035381694539
v31,C++,ocr_only,27,1560.0,1620.0,reference,0.047636515020680496
v31,C++,ocr_only,27,1560.0,1620.0,class,0.018465330445748315
v31,C++,ocr_only,27,1560.0,1620.0,object,0.03958046676486252
v31,C++,ocr_only,27,1560.0,1620.0,constructor,-0.010374612228815368
v31,C++,ocr_only,27,1560.0,1620.0,inheritance,0.0006744806916279371
v31,C++,ocr_only,27,1560.0,1620.0,polymorphism,-0.0074846804764537945
v31,C++,ocr_only,27,1560.0,1620.0,template,-0.00016657514624565862
v31,C++,ocr_only,28,1620.0,1680.0,variable,-8.353896265472718e-05
v31,C++,ocr_only,28,1620.0,1680.0,data type,0.007560548320540557
v31,C++,ocr_only,28,1620.0,1680.0,pointer,-0.010467805391742628
v31,C++,ocr_only,28,1620.0,1680.0,reference,0.017631500490829496
v31,C++,ocr_only,28,1620.0,1680.0,class,0.006793758926982232
v31,C++,ocr_only,28,1620.0,1680.0,object,0.015247142406248965
v31,C++,ocr_only,28,1620.0,1680.0,constructor,-0.009039085311763808
v31,C++,ocr_only,28,1620.0,1680.0,inheritance,0.0009738384116171304
v31,C++,ocr_only,28,1620.0,1680.0,polymorphism,-0.0020889176154868924
v31,C++,ocr_only,28,1620.0,1680.0,template,-0.005131686923514612
v31,C++,ocr_only,29,1680.0,1740.0,variable,-0.006736385873937053
v31,C++,ocr_only,29,1680.0,1740.0,data type,-0.01012350487999519
v31,C++,ocr_only,29,1680.0,1740.0,pointer,-0.0016435082610763276
v31,C++,ocr_only,29,1680.0,1740.0,reference,-0.02213358254949632
v31,C++,ocr_only,29,1680.0,1740.0,class,0.00039965971087611835
v31,C++,ocr_only,29,1680.0,1740.0,object,-0.01571263493633768
v31,C++,ocr_only,29,1680.0,1740.0,constructor,0.004507824139705381
v31,C++,ocr_only,29,1680.0,1740.0,inheritance,0.005333594473762336
v31,C++,ocr_only,29,1680.0,1740.0,polymorphism,0.0002208770536960312
v31,C++,ocr_only,29,1680.0,1740.0,template,0.008236806661431326
v31,C++,ocr_only,30,1740.0,1800.0,variable,0.004223877813130569
v31,C++,ocr_only,30,1740.0,1800.0,data type,-0.008365850875028889
v31,C++,ocr_only,30,1740.0,1800.0,pointer,0.005247542717847278
v31,C++,ocr_only,30,1740.0,1800.0,reference,-0.021015187344473264
v31,C++,ocr_only,30,1740.0,1800.0,class,-0.002042784158116945
v31,C++,ocr_only,30,1740.0,1800.0,object,-0.022062132016150475
v31,C++,ocr_only,30,1740.0,1800.0,constructor,0.008734828946499814
v31,C++,ocr_only,30,1740.0,1800.0,inheritance,0.004046522130604312
v31,C++,ocr_only,30,1740.0,1800.0,polymorphism,0.004655080589781268
v31,C++,ocr_only,30,1740.0,1800.0,template,0.009968485743805378
v31,C++,ocr_only,31,1800.0,1860.0,variable,0.0023090383633824763
v31,C++,ocr_only,31,1800.0,1860.0,data type,-0.009171927657314305
v31,C++,ocr_only,31,1800.0,1860.0,pointer,0.008505816498170182
v31,C++,ocr_only,31,1800.0,1860.0,reference,-0.026436148303601414
v31,C++,ocr_only,31,1800.0,1860.0,class,-0.001309338773779963
v31,C++,ocr_only,31,1800.0,1860.0,object,-0.019803115931173395
v31,C++,ocr_only,31,1800.0,1860.0,constructor,0.01073436271915361
v31,C++,ocr_only,31,1800.0,1860.0,inheritance,0.004025384177075469
v31,C++,ocr_only,31,1800.0,1860.0,polymorphism,0.0030247654404138642
v31,C++,ocr_only,31,1800.0,1860.0,template,0.010297389887879685
v31,C++,ocr_only,32,1860.0,1920.0,variable,0.0036567140346458263
v31,C++,ocr_only,32,1860.0,1920.0,data type,-0.00608153770546524
v31,C++,ocr_only,32,1860.0,1920.0,pointer,0.01040353042775654
v31,C++,ocr_only,32,1860.0,1920.0,reference,-0.02269567641570712
v31,C++,ocr_only,32,1860.0,1920.0,class,-0.002534189577241233
v31,C++,ocr_only,32,1860.0,1920.0,object,-0.014222582087282692
v31,C++,ocr_only,32,1860.0,1920.0,constructor,0.005211268318555319
v31,C++,ocr_only,32,1860.0,1920.0,inheritance,0.0030438111218619793
v31,C++,ocr_only,32,1860.0,1920.0,polymorphism,0.003106082728978947
v31,C++,ocr_only,32,1860.0,1920.0,template,0.00788767983916322
v31,C++,ocr_only,33,1920.0,1980.0,variable,0.0038339286183361283
v31,C++,ocr_only,33,1920.0,1980.0,data type,-0.02980460266384352
v31,C++,ocr_only,33,1920.0,1980.0,pointer,0.02686237168518023
v31,C++,ocr_only,33,1920.0,1980.0,reference,-0.10814062212554268
v31,C++,ocr_only,33,1920.0,1980.0,class,-0.012372941652202202
v31,C++,ocr_only,33,1920.0,1980.0,object,-0.1031225674302074
v31,C++,ocr_only,33,1920.0,1980.0,constructor,0.06295242989797982
v31,C++,ocr_only,33,1920.0,1980.0,inheritance,0.00517336005341907
v31,C++,ocr_only,33,1920.0,1980.0,polymorphism,0.024593555246759734
v31,C++,ocr_only,33,1920.0,1980.0,template,0.04503823750029604
v31,C++,ocr_only,34,1980.0,2040.0,variable,0.025210129806926152
v31,C++,ocr_only,34,1980.0,2040.0,data type,0.012798099823133121
v31,C++,ocr_only,34,1980.0,2040.0,pointer,-0.0008368979598709945
v31,C++,ocr_only,34,1980.0,2040.0,reference,0.048764390014183194
v31,C++,ocr_only,34,1980.0,2040.0,class,0.024661057436557637
v31,C++,ocr_only,34,1980.0,2040.0,object,0.0028260596082724607
v31,C++,ocr_only,34,1980.0,2040.0,constructor,0.03750903012917291
v31,C++,ocr_only,34,1980.0,2040.0,inheritance,-0.0074550860402911095
v31,C++,ocr_only,34,1980.0,2040.0,polymorphism,-0.007243531760518731
v31,C++,ocr_only,34,1980.0,2040.0,template,0.0404220697497396
v31,C++,ocr_only,35,2040.0,2100.0,variable,0.016355546098249074
v31,C++,ocr_only,35,2040.0,2100.0,data type,-0.0001992900351452697
v31,C++,ocr_only,35,2040.0,2100.0,pointer,-0.005034945620175073
v31,C++,ocr_only,35,2040.0,2100.0,reference,0.030986440151852864
v31,C++,ocr_only,35,2040.0,2100.0,class,0.01639884561532426
v31,C++,ocr_only,35,2040.0,2100.0,object,-0.013617619024470628
v31,C++,ocr_only,35,2040.0,2100.0,constructor,0.029627211485186624
v31,C++,ocr_only,35,2040.0,2100.0,inheritance,-0.003889159751136446
v31,C++,ocr_only,35,2040.0,2100.0,polymorphism,0.001260925121204023
v31,C++,ocr_only,35,2040.0,2100.0,template,0.03128696204927286
v31,C++,ocr_only,36,2100.0,2160.0,variable,0.018093549312194007
v31,C++,ocr_only,36,2100.0,2160.0,data type,0.00411126534055511
v31,C++,ocr_only,36,2100.0,2160.0,pointer,-0.0053699715125900445
v31,C++,ocr_only,36,2100.0,2160.0,reference,0.030801089917368643
v31,C++,ocr_only,36,2100.0,2160.0,class,0.017428596113789958
v31,C++,ocr_only,36,2100.0,2160.0,object,-0.017158405598255183
v31,C++,ocr_only,36,2100.0,2160.0,constructor,0.029763101731313763
v31,C++,ocr_only,36,2100.0,2160.0,inheritance,-0.002529263529478401
v31,C++,ocr_only,36,2100.0,2160.0,polymorphism,0.0029012580924346046
v31,C++,ocr_only,36,2100.0,2160.0,template,0.035612797909541534
v32,C++,ocr_only,1,0.0,60.0,variable,0.7411343819834635
v32,C++,ocr_only,1,0.0,60.0,data type,0.7121757483986846
v32,C++,ocr_only,1,0.0,60.0,pointer,0.2431085092287
v32,C++,ocr_only,1,0.0,60.0,reference,0.09529510220265254
v32,C++,ocr_only,1,0.0,60.0,class,0.22519049099306207
v32,C++,ocr_only,1,0.0,60.0,object,-0.07844127662483188
v32,C++,ocr_only,1,0.0,60.0,constructor,-0.06800637750468617
v32,C++,ocr_only,1,0.0,60.0,inheritance,-0.037469738512482725
v32,C++,ocr_only,1,0.0,60.0,polymorphism,-0.057807705770074776
v32,C++,ocr_only,1,0.0,60.0,template,0.041358421475903163
v32,C++,ocr_only,2,60.0,120.0,variable,0.8476191295688579
v32,C++,ocr_only,2,60.0,120.0,data type,0.17719345043597262
v32,C++,ocr_only,2,60.0,120.0,pointer,0.5883409263629844
v32,C++,ocr_only,2,60.0,120.0,reference,0.3359429049612124
v32,C++,ocr_only,2,60.0,120.0,class,0.006831480192677333
v32,C++,ocr_only,2,60.0,120.0,object,0.007250657029919561
v32,C++,ocr_only,2,60.0,120.0,constructor,-0.009425238203271975
v32,C++,ocr_only,2,60.0,120.0,inheritance,0.008146690845998896
v32,C++,ocr_only,2,60.0,120.0,polymorphism,0.015808052359784733
v32,C++,ocr_only,2,60.0,120.0,template,-0.019550366315370927
v32,C++,ocr_only,3,120.0,180.0,variable,0.8476191295688579
v32,C++,ocr_only,3,120.0,180.0,data type,0.17719345043597262
v32,C++,ocr_only,3,120.0,180.0,pointer,0.5883409263629844
v32,C++,ocr_only,3,120.0,180.0,reference,0.3359429049612124
v32,C++,ocr_only,3,120.0,180.0,class,0.006831480192677333
v32,C++,ocr_only,3,120.0,180.0,object,0.007250657029919561
v32,C++,ocr_only,3,120.0,180.0,constructor,-0.009425238203271975
v32,C++,ocr_only,3,120.0,180.0,inheritance,0.008146690845998896
v32,C++,ocr_only,3,120.0,180.0,polymorphism,0.015808052359784733
v32,C++,ocr_only,3,120.0,180.0,template,-0.019550366315370927
v32,C++,ocr_only,4,180.0,240.0,variable,-0.058139745630766376
v32,C++,ocr_only,4,180.0,240.0,data type,-0.041925093137454565
v32,C++,ocr_only,4,180.0,240.0,pointer,-0.0422694124088947
v32,C++,ocr_only,4,180.0,240.0,reference,0.025156678803643622
v32,C++,ocr_only,4,180.0,240.0,class,-0.0042438055475523
v32,C++,ocr_only,4,180.0,240.0,object,0.03226111951321237
v32,C++,ocr_only,4,180.0,240.0,constructor,0.13911358830395035
v32,C++,ocr_only,4,180.0,240.0,inheritance,-0.040527951388931165
v32,C++,ocr_only,4,180.0,240.0,polymorphism,0.044782791522110996
v32,C++,ocr_only,4,180.0,240.0,template,-0.006214553272945159
v32,C++,ocr_only,5,240.0,300.0,variable,0.0786002868653772
v32,C++,ocr_only,5,240.0,300.0,data type,0.2767655576201753
v32,C++,ocr_only,5,240.0,300.0,pointer,-0.0044456413123422035
v32,C++,ocr_only,5,240.0,300.0,reference,0.0020048779625450224
v32,C++,ocr_only,5,240.0,300.0,class,0.08376731747276833
v32,C++,ocr_only,5,240.0,300.0,object,0.0197495412800361
v32,C++,ocr_only,5,240.0,300.0,constructor,-0.013160774359355245
v32,C++,ocr_only,5,240.0,300.0,inheritance,0.003507674950240315
v32,C++,ocr_only,5,240.0,300.0,polymorphism,0.007173809198962943
v32,C++,ocr_only,5,240.0,300.0,template,-0.003931598780954115
v32,C++,ocr_only,6,300.0,360.0,variable,0.1013637434964751
v32,C++,ocr_only,6,300.0,360.0,data type,0.32100933784099456
v32,C++,ocr_only,6,300.0,360.0,pointer,0.004563308278279375
v32,C++,ocr_only,6,300.0,360.0,reference,-0.0038135552054798143
v32,C++,ocr_only,6,300.0,360.0,class,0.09508029923644247
v32,C++,ocr_only,6,300.0,360.0,object,0.014975526669262785
v32,C++,ocr_only,6,300.0,360.0,constructor,-0.04669325317212968
v32,C++,ocr_only,6,300.0,360.0,inheritance,0.013251419473604205
v32,C++,ocr_only,6,300.0,360.0,polymorphism,-0.00202868436840998
v32,C++,ocr_only,6,300.0,360.0,template,-0.003028212793489818
v32,C++,ocr_only,7,360.0,420.0,variable,0.12440077126823233
v32,C++,ocr_only,7,360.0,420.0,data type,0.34858095315468945
v32,C++,ocr_only,7,360.0,420.0,pointer,-0.006457965240948018
v32,C++,ocr_only,7,360.0,420.0,reference,0.03283161332550502
v32,C++,ocr_only,7,360.0,420.0,class,0.09143204502281752
v32,C++,ocr_only,7,360.0,420.0,object,0.007519690607096174
v32,C++,ocr_only,7,360.0,420.0,constructor,0.015066342557529507
v32,C++,ocr_only,7,360.0,420.0,inheritance,0.001673495123128704
v32,C++,ocr_only,7,360.0,420.0,polymorphism,0.002922229724930802
v32,C++,ocr_only,7,360.0,420.0,template,2.4830520665288815e-05
v32,C++,ocr_only,8,420.0,480.0,variable,0.11393536434145039
v32,C++,ocr_only,8,420.0,480.0,data type,0.3116118202750844
v32,C++,ocr_only,8,420.0,480.0,pointer,-0.007786860183271266
v32,C++,ocr_only,8,420.0,480.0,reference,0.03530138313101431
v32,C++,ocr_only,8,420.0,480.0,class,0.08192966645946986
v32,C++,ocr_only,8,420.0,480.0,object,0.004891466346587799
v32,C++,ocr_only,8,420.0,480.0,constructor,0.024473811827989297
v32,C++,ocr_only,8,420.0,480.0,inheritance,-0.00035803234253641524
v32,C++,ocr_only,8,420.0,480.0,polymorphism,0.0029459693426230325
v32,C++,ocr_only,8,420.0,480.0,template,0.0018573545091449127
v32,C++,ocr_only,9,480.0,540.0,variable,0.11604194766190426
v32,C++,ocr_only,9,480.0,540.0,data type,0.31638322146175457
v32,C++,ocr_only,9,480.0,540.0,pointer,-0.007925977807518086
v32,C++,ocr_only,9,480.0,540.0,reference,0.035519910793575714
v32,C++,ocr_only,9,480.0,540.0,class,0.08321998650587771
v32,C++,ocr_only,9,480.0,540.0,object,0.004956170801221583
v32,C++,ocr_only,9,480.0,540.0,constructor,0.023684166053184942
v32,C++,ocr_only,9,480.0,540.0,inheritance,-0.0006434843059953927
v32,C++,ocr_only,9,480.0,540.0,polymorphism,0.0025734884490468675
v32,C++,ocr_only,9,480.0,540.0,template,0.002870969537543673
v32,C++,ocr_only,10,540.0,600.0,variable,0.10743224156739842
v32,C++,ocr_only,10,540.0,600.0,data type,0.3993316839602775
v32,C++,ocr_only,10,540.0,600.0,pointer,0.015989755765766434
v32,C++,ocr_only,10,540.0,600.0,reference,-0.0010451312821382333
v32,C++,ocr_only,10,540.0,600.0,class,0.09502949240248228
v32,C++,ocr_only,10,540.0,600.0,object,0.01973922441505686
v32,C++,ocr_only,10,540.0,600.0,constructor,0.015075875728822838
v32,C++,ocr_only,10,540.0,600.0,inheritance,0.03351132789033231
v32,C++,ocr_only,10,540.0,600.0,polymorphism,0.03849872550725712
v32,C++,ocr_only,10,540.0,600.0,template,-0.009448623292855946
v32,C++,ocr_only,11,600.0,660.0,variable,0.1431161814360553
v32,C++,ocr_only,11,600.0,660.0,data type,0.4746619387398194
v32,C++,ocr_only,11,600.0,660.0,pointer,0.010748993837653095
v32,C++,ocr_only,11,600.0,660.0,reference,-0.005641800597229317
v32,C++,ocr_only,11,600.0,660.0,class,0.13310080286931103
v32,C++,ocr_only,11,600.0,660.0,object,0.018021945627734192
v32,C++,ocr_only,11,600.0,660.0,constructor,0.013519916298286647
v32,C++,ocr_only,11,600.0,660.0,inheritance,0.0226418314597892
v32,C++,ocr_only,11,600.0,660.0,polymorphism,0.026235140425472803
v32,C++,ocr_only,11,600.0,660.0,template,0.011235495228578744
v32,C++,ocr_only,12,660.0,720.0,variable,0.2593858398666406
v32,C++,ocr_only,12,660.0,720.0,data type,0.6861232131369246
v32,C++,ocr_only,12,660.0,720.0,pointer,-0.007819128032827053
v32,C++,ocr_only,12,660.0,720.0,reference,-0.011632510754839943
v32,C++,ocr_only,12,660.0,720.0,class,0.2721769020237795
v32,C++,ocr_only,12,660.0,720.0,object,0.010194791235862649
v32,C++,ocr_only,12,660.0,720.0,constructor,0.02178749462898191
v32,C++,ocr_only,12,660.0,720.0,inheritance,-0.014649242843377175
v32,C++,ocr_only,12,660.0,720.0,polymorphism,-0.02293926699659948
v32,C++,ocr_only,12,660.0,720.0,template,0.10431635082662259
v33,C++,ocr_only,1,0.0,60.0,variable,0.033838451014636804
v33,C++,ocr_only,1,0.0,60.0,data type,0.023045804818491413
v33,C++,ocr_only,1,0.0,60.0,pointer,0.010045018400406999
v33,C++,ocr_only,1,0.0,60.0,reference,-0.0008909124577940344
v33,C++,ocr_only,1,0.0,60.0,class,0.01736206260232642
v33,C++,ocr_only,1,0.0,60.0,object,-0.011442807124617541
v33,C++,ocr_only,1,0.0,60.0,constructor,0.03566345184225957
v33,C++,ocr_only,1,0.0,60.0,inheritance,0.007814884799970993
v33,C++,ocr_only,1,0.0,60.0,polymorphism,-0.003284407996666724
v33,C++,ocr_only,1,0.0,60.0,template,0.025484060887203865
v33,C++,ocr_only,2,60.0,120.0,variable,0.03618045593725645
v33,C++,ocr_only,2,60.0,120.0,data type,0.027603725402850648
v33,C++,ocr_only,2,60.0,120.0,pointer,0.009675905389258638
v33,C++,ocr_only,2,60.0,120.0,reference,0.004550860751097046
v33,C++,ocr_only,2,60.0,120.0,class,0.019710314198834667
v33,C++,ocr_only,2,60.0,120.0,object,-0.011513421474441744
v33,C++,ocr_only,2,60.0,120.0,constructor,0.03288658523179579
v33,C++,ocr_only,2,60.0,120.0,inheritance,0.010058939977364458
v33,C++,ocr_only,2,60.0,120.0,polymorphism,-0.0016786530041501325
v33,C++,ocr_only,2,60.0,120.0,template,0.029908540684352225
v33,C++,ocr_only,3,120.0,180.0,variable,0.05180395272561499
v33,C++,ocr_only,3,120.0,180.0,data type,0.050742467129036115
v33,C++,ocr_only,3,120.0,180.0,pointer,0.011707550014816315
v33,C++,ocr_only,3,120.0,180.0,reference,0.018944570223143557
v33,C++,ocr_only,3,120.0,180.0,class,0.04070185722100542
v33,C++,ocr_only,3,120.0,180.0,object,-0.017561528195160016
v33,C++,ocr_only,3,120.0,180.0,constructor,0.05610139018239664
v33,C++,ocr_only,3,120.0,180.0,inheritance,0.015220749801862178
v33,C++,ocr_only,3,120.0,180.0,polymorphism,-0.003381945748512481
v33,C++,ocr_only,3,120.0,180.0,template,0.05913037070871204
v33,C++,ocr_only,4,180.0,240.0,variable,0.03447957609710236
v33,C++,ocr_only,4,180.0,240.0,data type,0.029264082586876617
v33,C++,ocr_only,4,180.0,240.0,pointer,0.009256805731487357
v33,C++,ocr_only,4,180.0,240.0,reference,0.005061821736002601
v33,C++,ocr_only,4,180.0,240.0,class,0.0275133151750103
v33,C++,ocr_only,4,180.0,240.0,object,-0.009744704128522576
v33,C++,ocr_only,4,180.0,240.0,constructor,0.037045463422784315
v33,C++,ocr_only,4,180.0,240.0,inheritance,0.007235746681607989
v33,C++,ocr_only,4,180.0,240.0,polymorphism,-0.0016444667486945695
v33,C++,ocr_only,4,180.0,240.0,template,0.03450869578435768
v33,C++,ocr_only,5,240.0,300.0,variable,0.02473890187700369
v33,C++,ocr_only,5,240.0,300.0,data type,0.01814730795472125
v33,C++,ocr_only,5,240.0,300.0,pointer,0.0035187294337022104
v33,C++,ocr_only,5,240.0,300.0,reference,0.01491437508501827
v33,C++,ocr_only,5,240.0,300.0,class,0.02370617412472265
v33,C++,ocr_only,5,240.0,300.0,object,-0.004433708770700351
v33,C++,ocr_only,5,240.0,300.0,constructor,0.03417337918803605
v33,C++,ocr_only,5,240.0,300.0,inheritance,0.0003145517524108767
v33,C++,ocr_only,5,240.0,300.0,polymorphism,-0.002016210388932345
v33,C++,ocr_only,5,240.0,300.0,template,0.03431091083431436
v33,C++,ocr_only,6,300.0,360.0,variable,0.02220147022697072
v33,C++,ocr_only,6,300.0,360.0,data type,0.018897357893474746
v33,C++,ocr_only,6,300.0,360.0,pointer,0.00010199052983980174
v33,C++,ocr_only,6,300.0,360.0,reference,0.020444750805108335
v33,C++,ocr_only,6,300.0,360.0,class,0.02359521690991801
v33,C++,ocr_only,6,300.0,360.0,object,5.026239464833595e-05
v33,C++,ocr_only,6,300.0,360.0,constructor,0.023561334631077884
v33,C++,ocr_only,6,300.0,360.0,inheritance,0.001248270046050803
v33,C++,ocr_only,6,300.0,360.0,polymorphism,-0.0007309529434999074
v33,C++,ocr_only,6,300.0,360.0,template,0.030078155584700512
v33,C++,ocr_only,7,360.0,420.0,variable,0.01384054159096548
v33,C++,ocr_only,7,360.0,420.0,data type,0.013716226334846614
v33,C++,ocr_only,7,360.0,420.0,pointer,-0.0022328911518564977
v33,C++,ocr_only,7,360.0,420.0,reference,0.024736476476066156
v33,C++,ocr_only,7,360.0,420.0,class,0.01882330121912183
v33,C++,ocr_only,7,360.0,420.0,object,0.004937854617101027
v33,C++,ocr_only,7,360.0,420.0,constructor,0.014798418868281794
v33,C++,ocr_only,7,360.0,420.0,inheritance,-0.001886325510550433
v33,C++,ocr_only,7,360.0,420.0,polymorphism,-0.00028104217257684557
v33,C++,ocr_only,7,360.0,420.0,template,0.024723652380585426
v33,C++,ocr_only,8,420.0,480.0,variable,0.009100162124515452
v33,C++,ocr_only,8,420.0,480.0,data type,0.003042996984028361
v33,C++,ocr_only,8,420.0,480.0,pointer,-0.006391240705745954
v33,C++,ocr_only,8,420.0,480.0,reference,0.030210883116232892
v33,C++,ocr_only,8,420.0,480.0,class,0.01621426263559732
v33,C++,ocr_only,8,420.0,480.0,object,0.008246305002699612
v33,C++,ocr_only,8,420.0,480.0,constructor,0.002224347395866424
v33,C++,ocr_only,8,420.0,480.0,inheritance,-0.005932791209408529
v33,C++,ocr_only,8,420.0,480.0,polymorphism,-0.004071401216908982
v33,C++,ocr_only,8,420.0,480.0,template,0.029641573184163928
v33,C++,ocr_only,9,480.0,540.0,variable,0.007016497598537357
v33,C++,ocr_only,9,480.0,540.0,data type,-0.02747311424052606
v33,C++,ocr_only,9,480.0,540.0,pointer,-0.0017430770050931824
v33,C++,ocr_only,9,480.0,540.0,reference,0.03218356676254661
v33,C++,ocr_only,9,480.0,540.0,class,-0.003072095667235497
v33,C++,ocr_only,9,480.0,540.0,object,0.008051739873483092
v33,C++,ocr_only,9,480.0,540.0,constructor,-0.020249785570321383
v33,C++,ocr_only,9,480.0,540.0,inheritance,-0.009525535602733823
v33,C++,ocr_only,9,480.0,540.0,polymorphism,-0.004683355320783575
v33,C++,ocr_only,9,480.0,540.0,template,0.008340127433143522
v33,C++,ocr_only,10,540.0,600.0,variable,-0.008961590617134342
v33,C++,ocr_only,10,540.0,600.0,data type,-0.012537835463078625
v33,C++,ocr_only,10,540.0,600.0,pointer,-0.008394962402901562
v33,C++,ocr_only,10,540.0,600.0,reference,0.011789826098329709
v33,C++,ocr_only,10,540.0,600.0,class,0.0006443031141069403
v33,C++,ocr_only,10,540.0,600.0,object,0.007088591872992863
v33,C++,ocr_only,10,540.0,600.0,constructor,-0.00652514681436671
v33,C++,ocr_only,10,540.0,600.0,inheritance,-0.00626087224068217
v33,C++,ocr_only,10,540.0,600.0,polymorphism,0.0014002781075641718
v33,C++,ocr_only,10,540.0,600.0,template,-9.462898087673325e-05
v33,C++,ocr_only,11,600.0,660.0,variable,-0.0036339718064388755
v33,C++,ocr_only,11,600.0,660.0,data type,-0.004780164687967407
v33,C++,ocr_only,11,600.0,660.0,pointer,-0.005236080467410423
v33,C++,ocr_only,11,600.0,660.0,reference,0.005483330363351475
v33,C++,ocr_only,11,600.0,660.0,class,0.0005704596601335169
v33,C++,ocr_only,11,600.0,660.0,object,0.005202449840047097
v33,C++,ocr_only,11,600.0,660.0,constructor,-0.0050690224507172164
v33,C++,ocr_only,11,600.0,660.0,inheritance,-0.004561318133842266
v33,C++,ocr_only,11,600.0,660.0,polymorphism,0.002037841063796508
v33,C++,ocr_only,11,600.0,660.0,template,-0.004255902197522642
v33,C++,ocr_only,12,660.0,720.0,variable,-0.0019409807087041994
v33,C++,ocr_only,12,660.0,720.0,data type,-0.003154921906199391
v33,C++,ocr_only,12,660.0,720.0,pointer,-0.005137308837112609
v33,C++,ocr_only,12,660.0,720.0,reference,0.006697699869726233
v33,C++,ocr_only,12,660.0,720.0,class,0.001333228862149103
v33,C++,ocr_only,12,660.0,720.0,object,0.005485218652818717
v33,C++,ocr_only,12,660.0,720.0,constructor,-0.007482145100798506
v33,C++,ocr_only,12,660.0,720.0,inheritance,-0.004589141128656345
v33,C++,ocr_only,12,660.0,720.0,polymorphism,0.00330181127936899
v33,C++,ocr_only,12,660.0,720.0,template,-0.0047636186204864156
v34,C++,ocr_only,1,0.0,60.0,variable,0.001491590634238602
v34,C++,ocr_only,1,0.0,60.0,data type,-0.0626783241842152
v34,C++,ocr_only,1,0.0,60.0,pointer,0.005979824222947195
v34,C++,ocr_only,1,0.0,60.0,reference,0.03572301272199083
v34,C++,ocr_only,1,0.0,60.0,class,-0.019915059383685284
v34,C++,ocr_only,1,0.0,60.0,object,-0.024061485714529263
v34,C++,ocr_only,1,0.0,60.0,constructor,0.1655987361873431
v34,C++,ocr_only,1,0.0,60.0,inheritance,-0.01734468222646874
v34,C++,ocr_only,1,0.0,60.0,polymorphism,-0.013014838423143825
v34,C++,ocr_only,1,0.0,60.0,template,-0.0073852962812832245
v34,C++,ocr_only,2,60.0,120.0,variable,0.0034451019903544867
v34,C++,ocr_only,2,60.0,120.0,data type,-0.0009462542911697509
v34,C++,ocr_only,2,60.0,120.0,pointer,-0.026047409734028408
v34,C++,ocr_only,2,60.0,120.0,reference,0.04762730110847858
v34,C++,ocr_only,2,60.0,120.0,class,0.0041601769869195745
v34,C++,ocr_only,2,60.0,120.0,object,-0.00975553033099046
v34,C++,ocr_only,2,60.0,120.0,constructor,-0.07664058339870478
v34,C++,ocr_only,2,60.0,120.0,inheritance,-0.0012134497073625224
v34,C++,ocr_only,2,60.0,120.0,polymorphism,-0.01798634561392078
v34,C++,ocr_only,2,60.0,120.0,template,-0.002378326601743016
v34,C++,ocr_only,3,120.0,180.0,variable,0.030940463801138532
v34,C++,ocr_only,3,120.0,180.0,data type,0.04859019412823314
v34,C++,ocr_only,3,120.0,180.0,pointer,0.006463078342836043
v34,C++,ocr_only,3,120.0,180.0,reference,0.03075333211975707
v34,C++,ocr_only,3,120.0,180.0,class,0.06539375975302308
v34,C++,ocr_only,3,120.0,180.0,object,0.009763997593093153
v34,C++,ocr_only,3,120.0,180.0,constructor,0.0036868316594670407
v34,C++,ocr_only,3,120.0,180.0,inheritance,-0.0018514419702120198
v34,C++,ocr_only,3,120.0,180.0,polymorphism,-0.006914895253461258
v34,C++,ocr_only,3,120.0,180.0,template,0.07104875841832052
v34,C++,ocr_only,4,180.0,240.0,variable,-0.007262793205328495
v34,C++,ocr_only,4,180.0,240.0,data type,0.03396972576033908
v34,C++,ocr_only,4,180.0,240.0,pointer,-0.010909645297520051
v34,C++,ocr_only,4,180.0,240.0,reference,0.004202556808326282
v34,C++,ocr_only,4,180.0,240.0,class,0.04988682321712725
v34,C++,ocr_only,4,180.0,240.0,object,0.009306590054525945
v34,C++,ocr_only,4,180.0,240.0,constructor,0.010096721148281236
v34,C++,ocr_only,4,180.0,240.0,inheritance,-0.003780657061667657
v34,C++,ocr_only,4,180.0,240.0,polymorphism,-0.0019493519711808263
v34,C++,ocr_only,4,180.0,240.0,template,0.05390203045771469
v34,C++,ocr_only,5,240.0,300.0,variable,0.007928586870645904
v34,C++,ocr_only,5,240.0,300.0,data type,0.009355525527317074
v34,C++,ocr_only,5,240.0,300.0,pointer,0.002619483415112923
v34,C++,ocr_only,5,240.0,300.0,reference,-0.0009529938545779591
v34,C++,ocr_only,5,240.0,300.0,class,0.005862852390204245
v34,C++,ocr_only,5,240.0,300.0,object,-0.0020691904656168977
v34,C++,ocr_only,5,240.0,300.0,constructor,0.00033101722927632944
v34,C++,ocr_only,5,240.0,300.0,inheritance,0.0010618245792089964
v34,C++,ocr_only,5,240.0,300.0,polymorphism,0.0006109512093815674
v34,C++,ocr_only,5,240.0,300.0,template,0.012116600310966834
v34,C++,ocr_only,6,300.0,360.0,variable,0.008518480819904313
v34,C++,ocr_only,6,300.0,360.0,data type,0.003355420811092556
v34,C++,ocr_only,6,300.0,360.0,pointer,0.007796268698203579
v34,C++,ocr_only,6,300.0,360.0,reference,-0.007125004331495861
v34,C++,ocr_only,6,300.0,360.0,class,-0.0019649216021529426
v34,C++,ocr_only,6,300.0,360.0,object,-0.0036676673710410467
v34,C++,ocr_only,6,300.0,360.0,constructor,-0.0008218027227641297
v34,C++,ocr_only,6,300.0,360.0,inheritance,0.0018365648494767307
v34,C++,ocr_only,6,300.0,360.0,polymorphism,0.0005240638580021826
v34,C++,ocr_only,6,300.0,360.0,template,0.007202873598234313
v34,C++,ocr_only,7,360.0,420.0,variable,0.017961236927579317
v34,C++,ocr_only,7,360.0,420.0,data type,0.001734963268180345
v34,C++,ocr_only,7,360.0,420.0,pointer,0.01152752620103496
v34,C++,ocr_only,7,360.0,420.0,reference,-0.004039052777754626
v34,C++,ocr_only,7,360.0,420.0,class,-0.004226582671612536
v34,C++,ocr_only,7,360.0,420.0,object,-0.009339416157174195
v34,C++,ocr_only,7,360.0,420.0,constructor,0.003089817112387795
v34,C++,ocr_only,7,360.0,420.0,inheritance,0.0021203864499118093
v34,C++,ocr_only,7,360.0,420.0,polymorphism,0.00016860066380912508
v34,C++,ocr_only,7,360.0,420.0,template,0.008362283477157431
v34,C++,ocr_only,8,420.0,480.0,variable,-0.007251221379577147
v34,C++,ocr_only,8,420.0,480.0,data type,-0.0019516527365259341
v34,C++,ocr_only,8,420.0,480.0,pointer,-0.007234729060340774
v34,C++,ocr_only,8,420.0,480.0,reference,0.00415989987522752
v34,C++,ocr_only,8,420.0,480.0,class,0.002382763985448083
v34,C++,ocr_only,8,420.0,480.0,object,0.0016825555477018904
v34,C++,ocr_only,8,420.0,480.0,constructor,0.005264892878522779
v34,C++,ocr_only,8,420.0,480.0,inheritance,-0.0016849663611481654
v34,C++,ocr_only,8,420.0,480.0,polymorphism,0.0032960324658154877
v34,C++,ocr_only,8,420.0,480.0,template,0.0026153967704295802
v34,C++,ocr_only,9,480.0,540.0,variable,-0.015063698831225611
v34,C++,ocr_only,9,480.0,540.0,data type,-0.000931049787170501
v34,C++,ocr_only,9,480.0,540.0,pointer,-0.009893097291584486
v34,C++,ocr_only,9,480.0,540.0,reference,-0.0004667477087447072
v34,C++,ocr_only,9,480.0,540.0,class,0.004815172310851657
v34,C++,ocr_only,9,480.0,540.0,object,0.005848491040806078
v34,C++,ocr_only,9,480.0,540.0,constructor,0.002410314105975548
v34,C++,ocr_only,9,480.0,540.0,inheritance,-0.0034633046012649254
v34,C++,ocr_only,9,480.0,540.0,polymorphism,0.002540690682367627
v34,C++,ocr_only,9,480.0,540.0,template,0.002146409898242843
v34,C++,ocr_only,10,540.0,600.0,variable,-0.018271471655431873
v34,C++,ocr_only,10,540.0,600.0,data type,-0.001265154118620338
v34,C++,ocr_only,10,540.0,600.0,pointer,-0.008537103753641823
v34,C++,ocr_only,10,540.0,600.0,reference,-0.002801737012024226
v34,C++,ocr_only,10,540.0,600.0,class,0.005772471705222465
v34,C++,ocr_only,10,540.0,600.0,object,0.006796492623392263
v34,C++,ocr_only,10,540.0,600.0,constructor,-0.0023699167833982886
v34,C++,ocr_only,10,540.0,600.0,inheritance,-0.00218644979528495
v34,C++,ocr_only,10,540.0,600.0,polymorphism,0.0015781819440153408
v34,C++,ocr_only,10,540.0,600.0,template,0.005375361080494518
v34,C++,ocr_only,11,600.0,660.0,variable,-0.0035081882790389003
v34,C++,ocr_only,11,600.0,660.0,data type,0.009168721798826291
v34,C++,ocr_only,11,600.0,660.0,pointer,0.07009909662909392
v34,C++,ocr_only,11,600.0,660.0,reference,-0.05049700160083578
v34,C++,ocr_only,11,600.0,660.0,class,0.012308174155269509
v34,C++,ocr_only,11,600.0,660.0,object,-0.023082629205408375
v34,C++,ocr_only,11,600.0,660.0,constructor,0.08173534821230562
v34,C++,ocr_only,11,600.0,660.0,inheritance,0.029987672404755566
v34,C++,ocr_only,11,600.0,660.0,polymorphism,0.033489605091840194
v34,C++,ocr_only,11,600.0,660.0,template,0.008279130107685315
v35,C++,ocr_only,1,0.0,60.0,variable,0.2986160845473114
v35,C++,ocr_only,1,0.0,60.0,data type,0.031043637790057158
v35,C++,ocr_only,1,0.0,60.0,pointer,-0.014172855441608727
v35,C++,ocr_only,1,0.0,60.0,reference,0.7965840673109054
v35,C++,ocr_only,1,0.0,60.0,class,0.007831911089324102
v35,C++,ocr_only,1,0.0,60.0,object,0.10192653827060942
v35,C++,ocr_only,1,0.0,60.0,constructor,0.010699170145979384
v35,C++,ocr_only,1,0.0,60.0,inheritance,-0.005670732474455529
v35,C++,ocr_only,1,0.0,60.0,polymorphism,0.030778477347315522
v35,C++,ocr_only,1,0.0,60.0,template,0.10348247383704799
v35,C++,ocr_only,2,60.0,120.0,variable,0.11921375792465477
v35,C++,ocr_only,2,60.0,120.0,data type,0.006358537987503633
v35,C++,ocr_only,2,60.0,120.0,pointer,-0.05039238161972788
v35,C++,ocr_only,2,60.0,120.0,reference,0.6124983321359131
v35,C++,ocr_only,2,60.0,120.0,class,0.015535200455506236
v35,C++,ocr_only,2,60.0,120.0,object,0.10542104874311314
v35,C++,ocr_only,2,60.0,120.0,constructor,0.01402127810279364
v35,C++,ocr_only,2,60.0,120.0,inheritance,-0.0053683975678879055
v35,C++,ocr_only,2,60.0,120.0,polymorphism,0.016478715259136585
v35,C++,ocr_only,2,60.0,120.0,template,0.11518559865239378
v35,C++,ocr_only,3,120.0,180.0,variable,0.10493836543037065
v35,C++,ocr_only,3,120.0,180.0,data type,-0.0022056072604335693
v35,C++,ocr_only,3,120.0,180.0,pointer,-0.026836119520586253
v35,C++,ocr_only,3,120.0,180.0,reference,0.5068703683402923
v35,C++,ocr_only,3,120.0,180.0,class,0.012566177929559365
v35,C++,ocr_only,3,120.0,180.0,object,0.0676491488090513
v35,C++,ocr_only,3,120.0,180.0,constructor,0.014683588213176
v35,C++,ocr_only,3,120.0,180.0,inheritance,0.0013117004758818381
v35,C++,ocr_only,3,120.0,180.0,polymorphism,0.002271971779148246
v35,C++,ocr_only,3,120.0,180.0,template,0.08535987508962528
v35,C++,ocr_only,4,180.0,240.0,variable,0.11218208794709836
v35,C++,ocr_only,4,180.0,240.0,data type,0.005863296332163317
v35,C++,ocr_only,4,180.0,240.0,pointer,-0.02039184641046612
v35,C++,ocr_only,4,180.0,240.0,reference,0.4585152181383805
v35,C++,ocr_only,4,180.0,240.0,class,0.019592785850374668
v35,C++,ocr_only,4,180.0,240.0,object,0.042974184363825184
v35,C++,ocr_only,4,180.0,240.0,constructor,0.015580238334303059
v35,C++,ocr_only,4,180.0,240.0,inheritance,0.007480590216130116
v35,C++,ocr_only,4,180.0,240.0,polymorphism,0.0023408777776179166
v35,C++,ocr_only,4,180.0,240.0,template,0.08499847076756373
v35,C++,ocr_only,5,240.0,300.0,variable,0.03846751429900723
v35,C++,ocr_only,5,240.0,300.0,data type,0.031205277165465232
v35,C++,ocr_only,5,240.0,300.0,pointer,-0.00019419050293769348
v35,C++,ocr_only,5,240.0,300.0,reference,0.21096274393488984
v35,C++,ocr_only,5,240.0,300.0,class,0.03526959413817553
v35,C++,ocr_only,5,240.0,300.0,object,0.035914580157361806
v35,C++,ocr_only,5,240.0,300.0,constructor,0.010427494751029819
v35,C++,ocr_only,5,240.0,300.0,inheritance,0.000400304715696101
v35,C++,ocr_only,5,240.0,300.0,polymorphism,-0.00941433545308349
v35,C++,ocr_only,5,240.0,300.0,template,0.14731950952794023
v35,C++,ocr_only,6,300.0,360.0,variable,0.021793122303558312
v35,C++,ocr_only,6,300.0,360.0,data type,0.01785855379591613
v35,C++,ocr_only,6,300.0,360.0,pointer,0.023663045166695706
v35,C++,ocr_only,6,300.0,360.0,reference,0.10548083393614774
v35,C++,ocr_only,6,300.0,360.0,class,0.025186171903062934
v35,C++,ocr_only,6,300.0,360.0,object,0.025982524052295824
v35,C++,ocr_only,6,300.0,360.0,constructor,0.011348570333361075
v35,C++,ocr_only,6,300.0,360.0,inheritance,0.0006782014865913263
v35,C++,ocr_only,6,300.0,360.0,polymorphism,-0.01332235328629759
v35,C++,ocr_only,6,300.0,360.0,template,0.10220029496823771
v35,C++,ocr_only,7,360.0,420.0,variable,0.05712863675439487
v35,C++,ocr_only,7,360.0,420.0,data type,0.022926031295066717
v35,C++,ocr_only,7,360.0,420.0,pointer,0.0315912434851231
v35,C++,ocr_only,7,360.0,420.0,reference,0.13252866560261767
v35,C++,ocr_only,7,360.0,420.0,class,0.021691390183914097
v35,C++,ocr_only,7,360.0,420.0,object,0.014053155016466335
v35,C++,ocr_only,7,360.0,420.0,constructor,0.013783164740176383
v35,C++,ocr_only,7,360.0,420.0,inheritance,0.006187625675316269
v35,C++,ocr_only,7,360.0,420.0,polymorphism,-0.009403768874903025
v35,C++,ocr_only,7,360.0,420.0,template,0.09658521458628412
v35,C++,ocr_only,8,420.0,480.0,variable,0.5866743497321804
v35,C++,ocr_only,8,420.0,480.0,data type,0.10981010484524152
v35,C++,ocr_only,8,420.0,480.0,pointer,0.15817000114303914
v35,C++,ocr_only,8,420.0,480.0,reference,0.560141831372234
v35,C++,ocr_only,8,420.0,480.0,class,-0.03378758062286809
v35,C++,ocr_only,8,420.0,480.0,object,-0.05752840464646645
v35,C++,ocr_only,8,420.0,480.0,constructor,-0.02456204228976533
v35,C++,ocr_only,8,420.0,480.0,inheritance,0.03581907291813389
v35,C++,ocr_only,8,420.0,480.0,polymorphism,0.15037461282572495
v35,C++,ocr_only,8,420.0,480.0,template,-0.0337019102554395
v35,C++,ocr_only,9,480.0,540.0,variable,0.6450462840145269
v35,C++,ocr_only,9,480.0,540.0,data type,0.14145064211628824
v35,C++,ocr_only,9,480.0,540.0,pointer,0.18850730261524168
v35,C++,ocr_only,9,480.0,540.0,reference,0.6190740376286292
v35,C++,ocr_only,9,480.0,540.0,class,-0.017858747549222117
v35,C++,ocr_only,9,480.0,540.0,object,-0.025332652969571535
v35,C++,ocr_only,9,480.0,540.0,constructor,-0.0025141198858703896
v35,C++,ocr_only,9,480.0,540.0,inheritance,0.015226045435925614
v35,C++,ocr_only,9,480.0,540.0,polymorphism,0.17216329582132656
v35,C++,ocr_only,9,480.0,540.0,template,-0.06053675894427216
v36,C++,ocr_only,1,0.0,60.0,variable,0.013427996653602023
v36,C++,ocr_only,1,0.0,60.0,data type,0.011371565661929766
v36,C++,ocr_only,1,0.0,60.0,pointer,0.008811173811798807
v36,C++,ocr_only,1,0.0,60.0,reference,0.0161230567382985
v36,C++,ocr_only,1,0.0,60.0,class,0.00951124657758998
v36,C++,ocr_only,1,0.0,60.0,object,0.027766866417837287
v36,C++,ocr_only,1,0.0,60.0,constructor,-0.010376822375507794
v36,C++,ocr_only,1,0.0,60.0,inheritance,-0.01865048165074652
v36,C++,ocr_only,1,0.0,60.0,polymorphism,0.005889269211973545
v36,C++,ocr_only,1,0.0,60.0,template,0.006710415380709271
v37,C++,ocr_only,1,0.0,60.0,variable,-0.008326006343093433
v37,C++,ocr_only,1,0.0,60.0,data type,-0.017789257501362732
v37,C++,ocr_only,1,0.0,60.0,pointer,0.00468936849738102
v37,C++,ocr_only,1,0.0,60.0,reference,-0.02716431625958739
v37,C++,ocr_only,1,0.0,60.0,class,-0.005620522288171026
v37,C++,ocr_only,1,0.0,60.0,object,0.00835892654933635
v37,C++,ocr_only,1,0.0,60.0,constructor,-0.0068948455838382505
v37,C++,ocr_only,1,0.0,60.0,inheritance,-0.018782489358954414
v37,C++,ocr_only,1,0.0,60.0,polymorphism,-0.012077707845974056
v37,C++,ocr_only,1,0.0,60.0,template,0.012674368498799861
v37,C++,ocr_only,2,60.0,120.0,variable,0.0008148709273444354
v37,C++,ocr_only,2,60.0,120.0,data type,0.003537228017005413
v37,C++,ocr_only,2,60.0,120.0,pointer,-0.0029991367928463492
v37,C++,ocr_only,2,60.0,120.0,reference,0.00663446085924625
v37,C++,ocr_only,2,60.0,120.0,class,-0.007220098304435427
v37,C++,ocr_only,2,60.0,120.0,object,-0.02088261600791547
v37,C++,ocr_only,2,60.0,120.0,constructor,-0.04101527069343074
v37,C++,ocr_only,2,60.0,120.0,inheritance,0.015440117711225351
v37,C++,ocr_only,2,60.0,120.0,polymorphism,-0.005167828079034099
v37,C++,ocr_only,2,60.0,120.0,template,-0.0025478514514697195
v38,C++,ocr_only,1,0.0,60.0,variable,0.004939645929741954
v38,C++,ocr_only,1,0.0,60.0,data type,-0.036100918835364294
v38,C++,ocr_only,1,0.0,60.0,pointer,0.06813359667048273
v38,C++,ocr_only,1,0.0,60.0,reference,-0.06844045323273766
v38,C++,ocr_only,1,0.0,60.0,class,0.00229663167050726
v38,C++,ocr_only,1,0.0,60.0,object,-0.006028317536652641
v38,C++,ocr_only,1,0.0,60.0,constructor,0.15801101883636592
v38,C++,ocr_only,1,0.0,60.0,inheritance,0.010319866795242818
v38,C++,ocr_only,1,0.0,60.0,polymorphism,-0.0017787775983678302
v38,C++,ocr_only,1,0.0,60.0,template,0.024409714689775982
v38,C++,ocr_only,2,60.0,120.0,variable,-0.0026643753847872395
v38,C++,ocr_only,2,60.0,120.0,data type,-0.0016202551439416129
v38,C++,ocr_only,2,60.0,120.0,pointer,0.010701314553320095
v38,C++,ocr_only,2,60.0,120.0,reference,-0.0060536276773562585
v38,C++,ocr_only,2,60.0,120.0,class,0.0304158321309857
v38,C++,ocr_only,2,60.0,120.0,object,0.030885590159209095
v38,C++,ocr_only,2,60.0,120.0,constructor,0.02023772002652551
v38,C++,ocr_only,2,60.0,120.0,inheritance,0.017260018481850208
v38,C++,ocr_only,2,60.0,120.0,polymorphism,-0.013040522316378275
v38,C++,ocr_only,2,60.0,120.0,template,0.004436603667905975
v38,C++,ocr_only,3,120.0,180.0,variable,-0.0011703579772686936
v38,C++,ocr_only,3,120.0,180.0,data type,-0.01210176366870052
v38,C++,ocr_only,3,120.0,180.0,pointer,-0.0014800092126581058
v38,C++,ocr_only,3,120.0,180.0,reference,0.00041788870967424927
v38,C++,ocr_only,3,120.0,180.0,class,0.016413820171768727
v38,C++,ocr_only,3,120.0,180.0,object,-0.0008979573131081123
v38,C++,ocr_only,3,120.0,180.0,constructor,0.01087372876120771
v38,C++,ocr_only,3,120.0,180.0,inheritance,0.008748706017021973
v38,C++,ocr_only,3,120.0,180.0,polymorphism,0.0020042530661246553
v38,C++,ocr_only,3,120.0,180.0,template,0.0027162942632731404
v38,C++,ocr_only,4,180.0,240.0,variable,-0.0020513729427764534
v38,C++,ocr_only,4,180.0,240.0,data type,-0.010525361835148432
v38,C++,ocr_only,4,180.0,240.0,pointer,0.001156195017606097
v38,C++,ocr_only,4,180.0,240.0,reference,-0.0026063937666552677
v38,C++,ocr_only,4,180.0,240.0,class,0.01556663800495837
v38,C++,ocr_only,4,180.0,240.0,object,0.0010078126956356319
v38,C++,ocr_only,4,180.0,240.0,constructor,0.010760532675878573
v38,C++,ocr_only,4,180.0,240.0,inheritance,0.004233498894971013
v38,C++,ocr_only,4,180.0,240.0,polymorphism,-0.0035791908199734276
v38,C++,ocr_only,4,180.0,240.0,template,-0.004281702249118272
v38,C++,ocr_only,5,240.0,300.0,variable,-0.0008327262082613435
v38,C++,ocr_only,5,240.0,300.0,data type,0.0025381343390676425
v38,C++,ocr_only,5,240.0,300.0,pointer,0.0004092278298597638
v38,C++,ocr_only,5,240.0,300.0,reference,-0.0010675099759738125
v38,C++,ocr_only,5,240.0,300.0,class,0.026276492764376592
v38,C++,ocr_only,5,240.0,300.0,object,0.015207511656442421
v38,C++,ocr_only,5,240.0,300.0,constructor,0.013051128382593905
v38,C++,ocr_only,5,240.0,300.0,inheritance,0.0075661477562374395
v38,C++,ocr_only,5,240.0,300.0,polymorphism,-0.004757488620601879
v38,C++,ocr_only,5,240.0,300.0,template,-0.009149463644730719
v38,C++,ocr_only,6,300.0,360.0,variable,-0.005247470067376442
v38,C++,ocr_only,6,300.0,360.0,data type,-0.01804207507354916
v38,C++,ocr_only,6,300.0,360.0,pointer,-0.03120322513379162
v38,C++,ocr_only,6,300.0,360.0,reference,0.05340137672809351
v38,C++,ocr_only,6,300.0,360.0,class,-0.00662756682077241
v38,C++,ocr_only,6,300.0,360.0,object,-0.004030758282647225
v38,C++,ocr_only,6,300.0,360.0,constructor,-0.012639790093916137
v38,C++,ocr_only,6,300.0,360.0,inheritance,-0.007702866786199028
v38,C++,ocr_only,6,300.0,360.0,polymorphism,-0.03242294005507503
v38,C++,ocr_only,6,300.0,360.0,template,-0.008411869152908686
v38,C++,ocr_only,7,360.0,420.0,variable,-0.0010662236174650115
v38,C++,ocr_only,7,360.0,420.0,data type,0.0074197955653444855
v38,C++,ocr_only,7,360.0,420.0,pointer,-0.00027584345974133475
v38,C++,ocr_only,7,360.0,420.0,reference,-0.0026743355954903206
v38,C++,ocr_only,7,360.0,420.0,class,0.03157560006799728
v38,C++,ocr_only,7,360.0,420.0,object,0.014621264962550975
v38,C++,ocr_only,7,360.0,420.0,constructor,0.020794596983882866
v38,C++,ocr_only,7,360.0,420.0,inheritance,0.01369645196369203
v38,C++,ocr_only,7,360.0,420.0,polymorphism,0.0013479482989397977
v38,C++,ocr_only,7,360.0,420.0,template,-0.002513410207362225
v38,C++,ocr_only,8,420.0,480.0,variable,0.005258902377456784
v38,C++,ocr_only,8,420.0,480.0,data type,-0.0353045392408643
v38,C++,ocr_only,8,420.0,480.0,pointer,0.030213192266664916
v38,C++,ocr_only,8,420.0,480.0,reference,0.009559593972802078
v38,C++,ocr_only,8,420.0,480.0,class,0.0150636882628815
v38,C++,ocr_only,8,420.0,480.0,object,0.03604330435603793
v38,C++,ocr_only,8,420.0,480.0,constructor,-0.09271091539511858
v38,C++,ocr_only,8,420.0,480.0,inheritance,-0.04033653953830628
v38,C++,ocr_only,8,420.0,480.0,polymorphism,-0.10935897217333168
v38,C++,ocr_only,8,420.0,480.0,template,0.014813569497906812
v39,C++,ocr_only,1,0.0,60.0,variable,0.052527194765954265
v39,C++,ocr_only,1,0.0,60.0,data type,0.05306851475398264
v39,C++,ocr_only,1,0.0,60.0,pointer,0.002678236252422862
v39,C++,ocr_only,1,0.0,60.0,reference,0.06320924503065697
v39,C++,ocr_only,1,0.0,60.0,class,0.06157719811393885
v39,C++,ocr_only,1,0.0,60.0,object,0.002505806710460426
v39,C++,ocr_only,1,0.0,60.0,constructor,0.07493254107085719
v39,C++,ocr_only,1,0.0,60.0,inheritance,-0.001621794200494174
v39,C++,ocr_only,1,0.0,60.0,polymorphism,0.001394473590442951
v39,C++,ocr_only,1,0.0,60.0,template,0.07147092577175126
v39,C++,ocr_only,2,60.0,120.0,variable,0.03239761541068986
v39,C++,ocr_only,2,60.0,120.0,data type,0.01574270461618972
v39,C++,ocr_only,2,60.0,120.0,pointer,-0.00136224813574471
v39,C++,ocr_only,2,60.0,120.0,reference,0.027879222619204065
v39,C++,ocr_only,2,60.0,120.0,class,0.07895525519229397
v39,C++,ocr_only,2,60.0,120.0,object,0.01760244786084622
v39,C++,ocr_only,2,60.0,120.0,constructor,0.06804202021372852
v39,C++,ocr_only,2,60.0,120.0,inheritance,0.021475301366199236
v39,C++,ocr_only,2,60.0,120.0,polymorphism,0.007520091981843347
v39,C++,ocr_only,2,60.0,120.0,template,0.046034327177816046
v39,C++,ocr_only,3,120.0,180.0,variable,0.02923508773186711
v39,C++,ocr_only,3,120.0,180.0,data type,0.008741070453261612
v39,C++,ocr_only,3,120.0,180.0,pointer,-0.003058691416771014
v39,C++,ocr_only,3,120.0,180.0,reference,0.023044300079568016
v39,C++,ocr_only,3,120.0,180.0,class,0.0729526255839942
v39,C++,ocr_only,3,120.0,180.0,object,0.016964409335767674
v39,C++,ocr_only,3,120.0,180.0,constructor,0.056659713326343876
v39,C++,ocr_only,3,120.0,180.0,inheritance,0.016882562370932712
v39,C++,ocr_only,3,120.0,180.0,polymorphism,0.011583911559141008
v39,C++,ocr_only,3,120.0,180.0,template,0.037359779121050575
v39,C++,ocr_only,4,180.0,240.0,variable,0.027547659125840535
v39,C++,ocr_only,4,180.0,240.0,data type,0.010941048990748136
v39,C++,ocr_only,4,180.0,240.0,pointer,-0.0024538371412796216
v39,C++,ocr_only,4,180.0,240.0,reference,0.020189646136372755
v39,C++,ocr_only,4,180.0,240.0,class,0.08472996808960216
v39,C++,ocr_only,4,180.0,240.0,object,0.025497089935358586
v39,C++,ocr_only,4,180.0,240.0,constructor,0.06291431635762057
v39,C++,ocr_only,4,180.0,240.0,inheritance,0.027269276271185267
v39,C++,ocr_only,4,180.0,240.0,polymorphism,0.012566298348171563
v39,C++,ocr_only,4,180.0,240.0,template,0.03769209815898042
v39,C++,ocr_only,5,240.0,300.0,variable,0.024793890855782378
v39,C++,ocr_only,5,240.0,300.0,data type,0.0055261809630976775
v39,C++,ocr_only,5,240.0,300.0,pointer,-0.0009958633182776476
v39,C++,ocr_only,5,240.0,300.0,reference,0.016532254399577038
v39,C++,ocr_only,5,240.0,300.0,class,0.08678512763701784
v39,C++,ocr_only,5,240.0,300.0,object,0.02456869699041415
v39,C++,ocr_only,5,240.0,300.0,constructor,0.057467803341575426
v39,C++,ocr_only,5,240.0,300.0,inheritance,0.0472011206093337
v39,C++,ocr_only,5,240.0,300.0,polymorphism,0.01007997193873909
v39,C++,ocr_only,5,240.0,300.0,template,0.027864306820641428
v39,C++,ocr_only,6,300.0,360.0,variable,0.024829946877527025
v39,C++,ocr_only,6,300.0,360.0,data type,0.0125802659075027
v39,C++,ocr_only,6,300.0,360.0,pointer,0.0010540450911111663
v39,C++,ocr_only,6,300.0,360.0,reference,0.020414356440468608
v39,C++,ocr_only,6,300.0,360.0,class,0.08350177658786667
v39,C++,ocr_only,6,300.0,360.0,object,0.031937803658244515
v39,C++,ocr_only,6,300.0,360.0,constructor,0.05185703058837505
v39,C++,ocr_only,6,300.0,360.0,inheritance,0.02692426694994052
v39,C++,ocr_only,6,300.0,360.0,polymorphism,0.001873586350354649
v39,C++,ocr_only,6,300.0,360.0,template,0.03113933630538698
v39,C++,ocr_only,7,360.0,420.0,variable,0.0169551092368838
v39,C++,ocr_only,7,360.0,420.0,data type,0.013897393108764826
v39,C++,ocr_only,7,360.0,420.0,pointer,-0.00031295133872066144
v39,C++,ocr_only,7,360.0,420.0,reference,0.020435749400599983
v39,C++,ocr_only,7,360.0,420.0,class,0.06583906322259954
v39,C++,ocr_only,7,360.0,420.0,object,0.029454096774840254
v39,C++,ocr_only,7,360.0,420.0,constructor,0.04132784006566601
v39,C++,ocr_only,7,360.0,420.0,inheritance,0.02138473437746737
v39,C++,ocr_only,7,360.0,420.0,polymorphism,-0.006804108456569036
v39,C++,ocr_only,7,360.0,420.0,template,0.02566352594036332
v39,C++,ocr_only,8,420.0,480.0,variable,0.006088360777541265
v39,C++,ocr_only,8,420.0,480.0,data type,0.009324882604535994
v39,C++,ocr_only,8,420.0,480.0,pointer,0.0015465069012180644
v39,C++,ocr_only,8,420.0,480.0,reference,0.012535225484702468
v39,C++,ocr_only,8,420.0,480.0,class,0.04267940692905423
v39,C++,ocr_only,8,420.0,480.0,object,0.026925121663844927
v39,C++,ocr_only,8,420.0,480.0,constructor,0.017708731199325502
v39,C++,ocr_only,8,420.0,480.0,inheritance,0.017884643786247833
v39,C++,ocr_only,8,420.0,480.0,polymorphism,-0.011107574902925407
v39,C++,ocr_only,8,420.0,480.0,template,0.009555395469051958
v39,C++,ocr_only,9,480.0,540.0,variable,0.008296940096094697
v39,C++,ocr_only,9,480.0,540.0,data type,0.006734266418128424
v39,C++,ocr_only,9,480.0,540.0,pointer,-0.00034911765013696187
v39,C++,ocr_only,9,480.0,540.0,reference,0.0138837986669165
v39,C++,ocr_only,9,480.0,540.0,class,0.04336714785898233
v39,C++,ocr_only,9,480.0,540.0,object,0.0226501504091444
v39,C++,ocr_only,9,480.0,540.0,constructor,0.022938302709012235
v39,C++,ocr_only,9,480.0,540.0,inheritance,0.013190274490444525
v39,C++,ocr_only,9,480.0,540.0,polymorphism,-0.009155716192671954
v39,C++,ocr_only,9,480.0,540.0,template,0.012573300930261972
v39,C++,ocr_only,10,540.0,600.0,variable,0.011621686070644881
v39,C++,ocr_only,10,540.0,600.0,data type,0.013786706225113457
v39,C++,ocr_only,10,540.0,600.0,pointer,-9.316552340999652e-05
v39,C++,ocr_only,10,540.0,600.0,reference,0.018045663671025204
v39,C++,ocr_only,10,540.0,600.0,class,0.049897962969063736
v39,C++,ocr_only,10,540.0,600.0,object,0.0264101406108048
v39,C++,ocr_only,10,540.0,600.0,constructor,0.02917306500448654
v39,C++,ocr_only,10,540.0,600.0,inheritance,0.016184511566420163
v39,C++,ocr_only,10,540.0,600.0,polymorphism,-0.010101497236543584
v39,C++,ocr_only,10,540.0,600.0,template,0.019195886947904812
v40,C++,ocr_only,1,0.0,60.0,variable,0.03436110344187997
v40,C++,ocr_only,1,0.0,60.0,data type,0.06788843107227183
v40,C++,ocr_only,1,0.0,60.0,pointer,0.010758807968098257
v40,C++,ocr_only,1,0.0,60.0,reference,0.01170110471526314
v40,C++,ocr_only,1,0.0,60.0,class,0.02151921364744353
v40,C++,ocr_only,1,0.0,60.0,object,0.05670179401090969
v40,C++,ocr_only,1,0.0,60.0,constructor,-0.05904117380653095
v40,C++,ocr_only,1,0.0,60.0,inheritance,0.017810783958151888
v40,C++,ocr_only,1,0.0,60.0,polymorphism,0.0240910288785351
v40,C++,ocr_only,1,0.0,60.0,template,-0.05980809711329261
