video_id,subject,method,chunk_id,start_sec,end_sec,concept,lda_score,lsa_score,lda_norm,lsa_norm,final_score,rank
v1,SQL,ocr_only,1,0.0,60.0,select,0.106170917899779,0.011854453247876857,0.5900670308688252,1.0,0.8360268123475301,1
v1,SQL,ocr_only,1,0.0,60.0,group by,0.16966690197424358,-0.01576400075399614,1.0,0.3992505968669437,0.6395503581201663,2
v1,SQL,ocr_only,1,0.0,60.0,join,0.014773324594897852,0.010928685135520545,0.0,0.9798629336421237,0.5879177601852742,3
v1,SQL,ocr_only,1,0.0,60.0,having,0.05399955542470457,0.002531331793417222,0.25324633528050555,0.7972058954232635,0.5796220713661603,4
v1,SQL,ocr_only,1,0.0,60.0,left join,0.0352313776790133,0.0006103162183460256,0.13207812376889053,0.7554204660123682,0.5060835291149771,5
v1,SQL,ocr_only,1,0.0,60.0,aggregate function,0.06500864284863679,-0.013743941354247868,0.32432150579561453,0.4431904017021381,0.3956428433395287,6
v1,SQL,ocr_only,1,0.0,60.0,order by,0.11049552055841293,-0.029736331276083543,0.6179868628709142,0.09532811007776476,0.30439161119502456,7
v1,SQL,ocr_only,1,0.0,60.0,subquery,0.0385849886402747,-0.02499887192255707,0.15372918908742317,0.19837608947607335,0.18051732932061326,8
v1,SQL,ocr_only,1,0.0,60.0,inner join,0.023888114864264388,-0.02368619694657813,0.058845501689484166,0.2269290529501899,0.15969563244590762,9
v1,SQL,ocr_only,1,0.0,60.0,count,0.0568767930548722,-0.03411888248551871,0.2718219126468999,0.0,0.10872876505875997,10
v1,SQL,ocr_only,1,0.0,60.0,where,0.03425502916698008,-0.03407657669496204,0.12577477324556918,0.0009202245145318807,0.050862044006946806,11
v1,SQL,ocr_only,2,60.0,120.0,select,0.09449727878311885,0.08460664150171703,0.5885186288095519,0.7041898906195762,0.6579213858955664,1
v1,SQL,ocr_only,2,60.0,120.0,left join,0.03185613838735302,0.1425573062122501,0.1336572931668272,1.0,0.6534629172667309,2
v1,SQL,ocr_only,2,60.0,120.0,group by,0.15116435580904755,-0.0032444452227913577,1.0,0.25575259135866707,0.5534515548152003,3
v1,SQL,ocr_only,2,60.0,120.0,join,0.013449550246923611,0.05720755551978519,0.0,0.5643308111470029,0.33859848668820175,4
v1,SQL,ocr_only,2,60.0,120.0,inner join,0.021283372078790143,0.035203695938673216,0.05688438363537208,0.4520117524788604,0.29396080494146504,5
v1,SQL,ocr_only,2,60.0,120.0,order by,0.09847881660334998,-0.05334764386505157,0.6174301013558717,0.0,0.2469720405423487,6
v1,SQL,ocr_only,2,60.0,120.0,subquery,0.03437619633958294,0.005642276620797291,0.15195640009250275,0.30111500736746144,0.24145156445747798,7
v1,SQL,ocr_only,2,60.0,120.0,aggregate function,0.058102208172663046,-0.017810066967118912,0.32424006804116906,0.18140213855703988,0.23853731035069156,8
v1,SQL,ocr_only,2,60.0,120.0,count,0.05085998383765522,-0.022500266926553526,0.271651500635896,0.157460936675291,0.20313716225953302,9
v1,SQL,ocr_only,2,60.0,120.0,having,0.04810032551421024,-0.03121599957297688,0.25161256355733996,0.11297133780101941,0.16842782810354762,10
v1,SQL,ocr_only,2,60.0,120.0,where,0.03045715461721693,-0.02135066003753902,0.12349873567240445,0.16332912371477562,0.14739696849782716,11
v1,SQL,ocr_only,3,120.0,180.0,select,0.07917832688429784,0.11227123881551289,0.6117445311034074,0.8018757784232114,0.7258232794952898,1
v1,SQL,ocr_only,3,120.0,180.0,left join,0.022583037064721437,0.1500937429031888,0.1181742629655019,1.0,0.6472697051862008,2
v1,SQL,ocr_only,3,120.0,180.0,group by,0.12369768350830486,0.006077323058075769,1.0,0.24560412473096335,0.547362474838578,3
v1,SQL,ocr_only,3,120.0,180.0,inner join,0.016278168891073273,0.07287848846445893,0.06318920175347748,0.5955261940334671,0.3825913971214712,4
v1,SQL,ocr_only,3,120.0,180.0,join,0.009032572027636323,0.0664317711809616,0.0,0.5617565937828397,0.3370539562697038,5
v1,SQL,ocr_only,3,120.0,180.0,subquery,0.030710269254644335,0.02574192781432862,0.18905224917225733,0.3486124951158659,0.2847883967384225,6
v1,SQL,ocr_only,3,120.0,180.0,order by,0.07815852950022412,-0.039262323202974715,0.6028508286432163,0.008103135869557864,0.24600221297902125,7
v1,SQL,ocr_only,3,120.0,180.0,where,0.023086091727927225,0.018767516241668426,0.12256142708813565,0.31207869342504413,0.23627178689028075,8
v1,SQL,ocr_only,3,120.0,180.0,aggregate function,0.04785106875309233,-0.021054084214544803,0.33853799315409416,0.10348267942131002,0.19750480491442368,9
v1,SQL,ocr_only,3,120.0,180.0,count,0.04179704923650432,-0.022520584120020698,0.28574059524977463,0.09580076731043215,0.17177669848616914,10
v1,SQL,ocr_only,3,120.0,180.0,having,0.04205868639014688,-0.04080923597875847,0.2880223455595598,0.0,0.11520893822382393,11
v1,SQL,ocr_only,4,180.0,240.0,select,0.11567564282136139,0.09120306796532955,0.6138465093990628,1.0,0.8455386037596251,1
v1,SQL,ocr_only,4,180.0,240.0,subquery,0.044767706480943276,0.06180809489145973,0.19345609675543693,0.7256617877971844,0.5127795113804854,2
v1,SQL,ocr_only,4,180.0,240.0,order by,0.11417521140730527,0.01569456366971302,0.6049509327703722,0.2952921568422116,0.41915566721347586,3
v1,SQL,ocr_only,4,180.0,240.0,group by,0.18080878169808753,-0.015945596589422274,1.0,0.0,0.4,4
v1,SQL,ocr_only,4,180.0,240.0,inner join,0.023584709027265213,0.03755264181448592,0.06786889876072388,0.4992898290073523,0.3267214569087009,5
v1,SQL,ocr_only,4,180.0,240.0,where,0.033698239083910266,0.021528622308325536,0.12782877480880545,0.3497404195700347,0.260975761665543,6
v1,SQL,ocr_only,4,180.0,240.0,having,0.06138842832467332,0.003958804405020704,0.29199502589273635,0.18576434038776135,0.22825661458975136,7
v1,SQL,ocr_only,4,180.0,240.0,aggregate function,0.06923128780275065,-0.0015626836847966168,0.3384928243403771,0.13423324466425002,0.21593707653470084,8
v1,SQL,ocr_only,4,180.0,240.0,left join,0.0313385759167918,0.006701301900917814,0.11383908869295864,0.21135959635565743,0.17235139329057791,9
v1,SQL,ocr_only,4,180.0,240.0,count,0.06002277394440608,-0.006200476724327194,0.28389849907107123,0.09094952238173186,0.1681291130574676,10
v1,SQL,ocr_only,4,180.0,240.0,join,0.012137151214144238,-0.012742393822150831,0.0,0.029894938780451533,0.01793696326827092,11
v1,SQL,ocr_only,5,240.0,300.0,select,0.11572875133376323,0.09622206847799736,0.6138437128387173,1.0,0.8455374851354869,1
v1,SQL,ocr_only,5,240.0,300.0,subquery,0.04479235166977303,0.06440651979219421,0.1934947289856804,0.7085971327614532,0.502556171251144,2
v1,SQL,ocr_only,5,240.0,300.0,inner join,0.023590884612852366,0.06319060997301733,0.06786084883692108,0.6974604520425143,0.445620610760277,3
v1,SQL,ocr_only,5,240.0,300.0,group by,0.18089492936932697,-0.01295856171723835,1.0,0.0,0.4,4
v1,SQL,ocr_only,5,240.0,300.0,order by,0.11422560351342376,0.0099519675486611,0.6049364852115257,0.20984060290667927,0.36787895582861785,5
v1,SQL,ocr_only,5,240.0,300.0,left join,0.03134733782092821,0.03415329798443361,0.11382339049060201,0.4315038264335625,0.3044316520563783,6
v1,SQL,ocr_only,5,240.0,300.0,where,0.033706944604088365,0.024178516754399988,0.127805751003573,0.3401434705517837,0.2552083827324994,7
v1,SQL,ocr_only,5,240.0,300.0,aggregate function,0.06926432065877643,-0.004786762859511785,0.3385086759316308,0.07484659910016857,0.18031142983275347,8
v1,SQL,ocr_only,5,240.0,300.0,having,0.06142119433268364,-0.0015586326511212534,0.2920325339647345,0.10441347559298622,0.17946109894168555,9
v1,SQL,ocr_only,5,240.0,300.0,count,0.060046397816408116,-0.010754160967822767,0.28388587975958074,0.02019040140612576,0.12566859274750775,10
v1,SQL,ocr_only,5,240.0,300.0,join,0.012138961378713021,0.009125624196957524,0.0,0.20227201358615676,0.12136320815169405,11
v1,SQL,ocr_only,6,300.0,360.0,select,0.11571147699853304,0.10746095907344466,0.6138444691262831,0.9520162168667421,0.8167475177705585,1
v1,SQL,ocr_only,6,300.0,360.0,inner join,0.023588890652983956,0.11333979666740415,0.06786341043909361,1.0,0.6271453641756374,2
v1,SQL,ocr_only,6,300.0,360.0,left join,0.031344531568998565,0.08869699932413153,0.11382860970347497,0.7988625090219551,0.524848949294563,3
v1,SQL,ocr_only,6,300.0,360.0,group by,0.18086693554367397,0.0033068718489706133,1.0,0.10189796577629881,0.4611387794657793,4
v1,SQL,ocr_only,6,300.0,360.0,subquery,0.04478431812185402,0.06806433900979483,0.19348191929612737,0.630456241258653,0.4556665124736427,5
v1,SQL,ocr_only,6,300.0,360.0,order by,0.11420925251325882,0.009673573077579083,0.6049412658252019,0.15386375087328724,0.33429475685405313,6
v1,SQL,ocr_only,6,300.0,360.0,join,0.012138396559084129,0.05842959501779062,0.0,0.5518162960538704,0.3310897776323222,7
v1,SQL,ocr_only,6,300.0,360.0,where,0.03370413514518261,0.03211339735605404,0.12781322422324837,0.337020309379533,0.2533374753170191,8
v1,SQL,ocr_only,6,300.0,360.0,aggregate function,0.06925358650208568,-0.003530058193546496,0.3385034344914108,0.046094116254332,0.16305784354916353,9
v1,SQL,ocr_only,6,300.0,360.0,count,0.06003872473194062,-0.006120611047810058,0.28388990067193837,0.024949710686478235,0.12852578668066228,10
v1,SQL,ocr_only,6,300.0,360.0,having,0.06141052089385841,-0.009177379138286429,0.2920200970819427,0.0,0.11680803883277709,11
v1,SQL,ocr_only,7,360.0,420.0,select,0.11567623286125364,0.11971952632276568,0.6138463570252005,1.0,0.8455385428100802,1
v1,SQL,ocr_only,7,360.0,420.0,group by,0.18080978080008112,0.06210358639313587,1.0,0.5342559245602165,0.7205535547361299,2
v1,SQL,ocr_only,7,360.0,420.0,order by,0.1141757718434789,0.07566584894839509,0.6049506572438902,0.6438877980033231,0.6283129416995499,3
v1,SQL,ocr_only,7,360.0,420.0,subquery,0.044768011333461234,0.09043778109535175,0.1934567279274976,0.7632981536904206,0.5353615833852514,4
v1,SQL,ocr_only,7,360.0,420.0,inner join,0.02358474273518601,0.06427441227054644,0.06786866159000605,0.551804007477031,0.358229869122221,5
v1,SQL,ocr_only,7,360.0,420.0,count,0.06002301396667286,0.02949558613046476,0.2838982135646283,0.27066597093233424,0.2759588679852519,6
v1,SQL,ocr_only,7,360.0,420.0,where,0.03369828304188771,0.040718012847510344,0.12782824549710736,0.36138355294010727,0.2679614299629073,7
v1,SQL,ocr_only,7,360.0,420.0,aggregate function,0.06923167773811148,0.02041487891987285,0.33849310628582296,0.1972611876501034,0.25375395510439125,8
v1,SQL,ocr_only,7,360.0,420.0,left join,0.03133865687773442,0.029627593550569535,0.11383886109872926,0.27173306580057693,0.20857538391983785,9
v1,SQL,ocr_only,7,360.0,420.0,having,0.06138882797933399,-0.003987769095271329,0.29199563913570975,0.0,0.11679825565428391,10
v1,SQL,ocr_only,7,360.0,420.0,join,0.012137157548205907,0.017766189493297117,0.0,0.1758502480800064,0.10551014884800385,11
v1,SQL,ocr_only,8,420.0,480.0,select,0.11563274067890444,0.10805853504200315,0.6138488848067031,1.0,0.8455395539226812,1
v1,SQL,ocr_only,8,420.0,480.0,group by,0.18073917219370758,0.06640361938807789,1.0,0.6536142047392552,0.7921685228435531,2
v1,SQL,ocr_only,8,420.0,480.0,order by,0.11413446967415612,0.09425917838303981,0.6049625274087584,0.8852500105842551,0.7731350173140565,3
v1,SQL,ocr_only,8,420.0,480.0,subquery,0.044747815618249066,0.08629156295686856,0.1934250921689241,0.8189944735749985,0.5687667210125688,4
v1,SQL,ocr_only,8,420.0,480.0,count,0.060003679011987866,0.06825276307176589,0.2839087590765381,0.6689909518859104,0.5149580747621615,5
v1,SQL,ocr_only,8,420.0,480.0,aggregate function,0.06920459831005528,0.04381734358423683,0.33848009965054016,0.46579567279716105,0.41486944353851263,6
v1,SQL,ocr_only,8,420.0,480.0,where,0.033691181297140146,0.05491883929328259,0.12784736698811866,0.5581113181272267,0.3860057376715835,7
v1,SQL,ocr_only,8,420.0,480.0,inner join,0.023579703563815387,0.02908808710662653,0.06787543622598231,0.34331300446133545,0.23313797716719417,8
v1,SQL,ocr_only,8,420.0,480.0,having,0.06136197758486302,0.007691853986059145,0.29196492951128156,0.16539039656010868,0.21602020974057784,9
v1,SQL,ocr_only,8,420.0,480.0,left join,0.031331460537585,-0.009304887941675328,0.11385168665905912,0.024052216490473628,0.059972004557907826,10
v1,SQL,ocr_only,8,420.0,480.0,join,0.012135667106812773,-0.01219730750075813,0.0,0.0,0.0,11
v1,SQL,ocr_only,9,480.0,540.0,group by,0.18079013028214272,0.07970659323476048,1.0,0.7739506996381289,0.8643704197828773,1
v1,SQL,ocr_only,9,480.0,540.0,select,0.11566412611840285,0.10666181619189312,0.6138470961345078,1.0,0.8455388384538032,2
v1,SQL,ocr_only,9,480.0,540.0,order by,0.11416424967019935,0.09345691631751431,0.6049538490613869,0.889262337666473,0.7755389422244386,3
v1,SQL,ocr_only,9,480.0,540.0,subquery,0.044762417325611994,0.07988785482132968,0.19344819264081864,0.7754707781361481,0.5426617439380164,4
v1,SQL,ocr_only,9,480.0,540.0,count,0.060017613593073046,0.06496202694974829,0.2839011294263667,0.6503012348139364,0.5037411926589086,5
v1,SQL,ocr_only,9,480.0,540.0,aggregate function,0.06922414482342025,0.04297972187186907,0.3384895970404491,0.46595534047285725,0.414969043099894,6
v1,SQL,ocr_only,9,480.0,540.0,where,0.033696264694493154,0.05429498883319416,0.12783343509509937,0.5608463448649581,0.3876411809570146,7
v1,SQL,ocr_only,9,480.0,540.0,inner join,0.02358331254549403,0.029665207619512097,0.0678705080103905,0.354298440576689,0.2397272675501696,8
v1,SQL,ocr_only,9,480.0,540.0,having,0.06138138317461184,0.010402906363025446,0.29198735536448184,0.1927627808897703,0.23245261067965492,9
v1,SQL,ocr_only,9,480.0,540.0,left join,0.03133661620322096,-0.012583069388293868,0.11384232465147869,0.0,0.04553692986059148,10
v1,SQL,ocr_only,9,480.0,540.0,join,0.012136719905549802,-0.011559154241859609,0.0,0.00858665880261775,0.00515199528157065,11
v1,SQL,ocr_only,10,540.0,600.0,select,0.11564446516656479,0.11152009450393353,0.6138481540232873,1.0,0.8455392616093149,1
v1,SQL,ocr_only,10,540.0,600.0,order by,0.11414557582976678,0.07664456623232019,0.6049591154026318,0.7270269549016627,0.6781998191020504,2
v1,SQL,ocr_only,10,540.0,600.0,group by,0.18075824282238562,0.023442708029206068,1.0,0.31061252454550303,0.5863675147273019,3
v1,SQL,ocr_only,10,540.0,600.0,subquery,0.04475331449113592,0.08929317992583949,0.19343407758269263,0.8260284831165863,0.5729907209030288,4
v1,SQL,ocr_only,10,540.0,600.0,where,0.03369300957484991,0.06419019649564679,0.12784185863535047,0.6295457868653501,0.42886421557335025,5
v1,SQL,ocr_only,10,540.0,600.0,count,0.06000885341317257,0.03187560952138632,0.28390578308337056,0.37661739711422665,0.3395327515018842,6
v1,SQL,ocr_only,10,540.0,600.0,having,0.06136927511533898,0.02486195190573451,0.2919736509066004,0.321721039367011,0.3098220839828467,7
v1,SQL,ocr_only,10,540.0,600.0,aggregate function,0.069211920673843,0.019021728199076632,0.33848380849206905,0.27600922571802594,0.30099905882764316,8
v1,SQL,ocr_only,10,540.0,600.0,inner join,0.023581004899526938,0.041238436451709826,0.06787345544208175,0.44990085702325966,0.2970898963907885,9
v1,SQL,ocr_only,10,540.0,600.0,left join,0.03133334537518901,-0.016241707981178508,0.11384806624012822,0.0,0.04553922649605129,10
v1,SQL,ocr_only,10,540.0,600.0,join,0.012136032844014622,-0.00905357157205527,0.0,0.05626201469692684,0.0337572088181561,11
v1,SQL,ocr_only,11,600.0,660.0,select,0.11561257557526654,0.11985561817185861,0.6138498964337278,1.0,0.8455399585734911,1
v1,SQL,ocr_only,11,600.0,660.0,order by,0.11411528959701692,0.07290006162116178,0.6049676998678148,0.6468155832634005,0.6300764299051662,2
v1,SQL,ocr_only,11,600.0,660.0,subquery,0.04473853996666373,0.09790888004130154,0.19341109927685635,0.8349237773905874,0.5783187061450951,3
v1,SQL,ocr_only,11,600.0,660.0,group by,0.18070651166178395,-0.001133412215743242,1.0,0.08995988402702193,0.4539759304162132,4
v1,SQL,ocr_only,11,600.0,660.0,where,0.03368774650949837,0.07471613472914779,0.12785560679131672,0.6604754942198929,0.4474275392484624,5
v1,SQL,ocr_only,11,600.0,660.0,inner join,0.02357727300870233,0.061945677973940606,0.06787827826954228,0.5644202740953455,0.36580347576502414,6
v1,SQL,ocr_only,11,600.0,660.0,having,0.061349625194483934,0.032622931747131725,0.2919513422965057,0.3438641187860304,0.3230990081902205,7
v1,SQL,ocr_only,11,600.0,660.0,count,0.05999465207686041,-0.003919075005422372,0.28391337376738773,0.06900703499550359,0.15496957050425725,8
v1,SQL,ocr_only,11,600.0,660.0,aggregate function,0.0691920874770115,-0.009525161512577677,0.3384743796895365,0.026839876545005286,0.15149367780281775,9
v1,SQL,ocr_only,11,600.0,660.0,join,0.012134923863813086,0.0049797436255107855,0.0,0.1359410530050137,0.08156463180300821,10
v1,SQL,ocr_only,11,600.0,660.0,left join,0.03132804757553838,-0.013093499415386733,0.11385740599849963,0.0,0.04554296239939985,11
v1,SQL,ocr_only,12,660.0,720.0,select,0.115615153057498,0.14448398177743904,0.6138497660602451,1.0,0.845539906424098,1
v1,SQL,ocr_only,12,660.0,720.0,where,0.033688180466685924,0.14289379217922374,0.12785453387968154,0.990060638824409,0.645178196846518,2
v1,SQL,ocr_only,12,660.0,720.0,order by,0.11411773919619982,0.08513970310313244,0.6049670260519365,0.6290730236753836,0.6194306246260048,3
v1,SQL,ocr_only,12,660.0,720.0,inner join,0.02357758030835912,0.14236217219709454,0.06787790693933811,0.9867377878785384,0.6191938355028582,4
v1,SQL,ocr_only,12,660.0,720.0,subquery,0.044739728853792765,0.10933460432596347,0.19341291660147966,0.7803014445702027,0.5455460333827135,5
v1,SQL,ocr_only,12,660.0,720.0,group by,0.18071068802802234,0.02296332780991308,1.0,0.24044423920717453,0.5442665435243047,6
v1,SQL,ocr_only,12,660.0,720.0,having,0.06135120751510973,0.06897787062379784,0.2919531064018604,0.5280546982808572,0.43361406152925847,7
v1,SQL,ocr_only,12,660.0,720.0,join,0.01213501656881458,0.07796333214120277,0.0,0.5842176535983211,0.3505305921589927,8
v1,SQL,ocr_only,12,660.0,720.0,left join,0.03132848012443345,0.04484884617373133,0.1138566638322027,0.37723803522819965,0.27188548666980084,9
v1,SQL,ocr_only,12,660.0,720.0,count,0.059995803572475,0.002718729158787647,0.2839127769112393,0.11390688914888597,0.1819092442538273,10
v1,SQL,ocr_only,12,660.0,720.0,aggregate function,0.06919368766621564,-0.015505133229315063,0.3384751227949771,0.0,0.13539004911799085,11
v1,SQL,ocr_only,13,720.0,780.0,select,0.11518835103175858,0.13051023981212534,0.6138731149747488,1.0,0.8455492459898996,1
v1,SQL,ocr_only,13,720.0,780.0,where,0.033618143758874716,0.12918083784837786,0.1280407970395993,0.990791261836023,0.6456910759174536,2
v1,SQL,ocr_only,13,720.0,780.0,order by,0.11371258915998624,0.07818117591651495,0.6050834743099296,0.6375177253219146,0.6245440249171206,3
v1,SQL,ocr_only,13,720.0,780.0,inner join,0.023527900038626516,0.12613406987839398,0.06794328522699436,0.9696863671186395,0.6089891343619814,4
v1,SQL,ocr_only,13,720.0,780.0,subquery,0.04454173439805077,0.10013972961386845,0.1931017247708668,0.7896241438264746,0.5510151762042315,5
v1,SQL,ocr_only,13,720.0,780.0,group by,0.18001822933011208,0.01748759105585206,1.0,0.21709459788840477,0.5302567587330429,6
v1,SQL,ocr_only,13,720.0,780.0,having,0.06108793907905809,0.05989379497365864,0.2916509529996331,0.5108414397438864,0.42316524504618513,7
v1,SQL,ocr_only,13,720.0,780.0,join,0.01212036773957847,0.06309425444221732,0.0,0.5330109520916027,0.3198065712549616,8
v1,SQL,ocr_only,13,720.0,780.0,left join,0.03125787362033443,0.031249425412022015,0.11398302336588526,0.3124225217954472,0.23304672242362243,9
v1,SQL,ocr_only,13,720.0,780.0,count,0.059805910626700175,0.0020148286857561773,0.284015188968972,0.10991511325909316,0.1795551435430447,10
v1,SQL,ocr_only,13,720.0,780.0,aggregate function,0.06892816310995403,-0.01385285750644834,0.33834734303476377,0.0,0.13533893721390552,11
v10,SQL,ocr_only,1,0.0,60.0,select,0.040283544467575996,0.3109418727452002,0.6575259473375904,1.0,0.8630103789350361,1
v10,SQL,ocr_only,1,0.0,60.0,group by,0.05826616617888153,0.09977233846008457,1.0,0.39994130625423036,0.6399647837525382,2
v10,SQL,ocr_only,1,0.0,60.0,order by,0.037714066796060985,-0.025001069917300823,0.6085909563492585,0.04538557595626053,0.27066772811345974,3
v10,SQL,ocr_only,1,0.0,60.0,count,0.02343575785496247,0.028002141394423346,0.336664514992287,0.19599933684613335,0.2522654081045948,4
v10,SQL,ocr_only,1,0.0,60.0,aggregate function,0.022976381316449895,0.029003167616202627,0.3279158159778645,0.19884384985355952,0.25047263630328154,5
v10,SQL,ocr_only,1,0.0,60.0,having,0.019126527927384354,0.025625006466597707,0.2545964238738493,0.18924447760719323,0.21538525611385567,6
v10,SQL,ocr_only,1,0.0,60.0,subquery,0.013862489647623601,0.027781579934144478,0.15434427199177303,0.19537259008461,0.1789612628474752,7
v10,SQL,ocr_only,1,0.0,60.0,where,0.014742775632045343,-0.015542990737187675,0.1711090748901901,0.07226162442308139,0.11180060460992487,8
v10,SQL,ocr_only,1,0.0,60.0,left join,0.012971458182525639,-0.018204323452873924,0.13737482438836962,0.06469918963151053,0.09376944353425416,9
v10,SQL,ocr_only,1,0.0,60.0,inner join,0.010441635358445518,-0.014102923865558762,0.08919504899244485,0.07635371397956771,0.08149024798471856,10
v10,SQL,ocr_only,1,0.0,60.0,join,0.0057581832484732975,-0.04097292573380168,0.0,0.0,0.0,11
v10,SQL,ocr_only,2,60.0,120.0,group by,0.09119711720047081,0.25116781710152064,1.0,0.8594514583226889,0.9156708749936133,1
v10,SQL,ocr_only,2,60.0,120.0,select,0.05849023913507449,0.2948251848339934,0.609757813121527,1.0,0.8439031252486108,2
v10,SQL,ocr_only,2,60.0,120.0,order by,0.05782630507850985,0.03545647394993181,0.6018360824794635,0.16500018290465415,0.3397345427345779,3
v10,SQL,ocr_only,2,60.0,120.0,aggregate function,0.035651353318321116,0.007747737690720977,0.33725559725191884,0.07579593914864298,0.18037980238995333,4
v10,SQL,ocr_only,2,60.0,120.0,having,0.03090836057166563,0.014245014757073213,0.28066456896414627,0.0967129770732637,0.17029361382961672,5
v10,SQL,ocr_only,2,60.0,120.0,count,0.031586829651974214,0.006012600956237605,0.2887597242736703,0.07020991895757735,0.15762984108401454,6
v10,SQL,ocr_only,2,60.0,120.0,subquery,0.02256730004391601,0.009780619523909876,0.1811431871090395,0.08234050635223274,0.12186157865495545,7
v10,SQL,ocr_only,2,60.0,120.0,where,0.017351764295903533,0.004398887241237251,0.11891401097129616,0.06501480250626468,0.08657448589227727,8
v10,SQL,ocr_only,2,60.0,120.0,left join,0.017785267735676097,-0.0039363553716606995,0.12408635820718744,0.03818070199548171,0.07254296448016401,9
v10,SQL,ocr_only,2,60.0,120.0,inner join,0.012322456082137058,-0.005340144648252796,0.058906809064044545,0.03366140672197137,0.04375956765880064,10
v10,SQL,ocr_only,2,60.0,120.0,join,0.0073853737110830125,-0.015796093846412763,0.0,0.0,0.0,11
v10,SQL,ocr_only,3,120.0,180.0,group by,0.11020144181912976,0.34099192060784844,1.0,1.0,1.0,1
v10,SQL,ocr_only,3,120.0,180.0,select,0.07052958601408141,0.24789107826629928,0.6102531768372803,0.7451546187229461,0.6911940419686797,2
v10,SQL,ocr_only,3,120.0,180.0,order by,0.0698586935969899,0.061811832550222094,0.6036621519674001,0.23579900893919878,0.38294426615047933,3
v10,SQL,ocr_only,3,120.0,180.0,aggregate function,0.04267689930296082,-0.005956975037209583,0.3366210025434739,0.05029512762143759,0.16482547759025212,4
v10,SQL,ocr_only,3,120.0,180.0,count,0.03753192643277774,-0.0039209989982951715,0.2860754258185992,0.05586821457595306,0.14795109907301152,5
v10,SQL,ocr_only,3,120.0,180.0,having,0.03733052987827636,-0.011171915141277676,0.2840968527037302,0.03602024711839488,0.13525088935252902,6
v10,SQL,ocr_only,3,120.0,180.0,left join,0.020540831539863618,0.014046234151109336,0.11915040751061039,0.10505000785829216,0.11069016771921944,7
v10,SQL,ocr_only,3,120.0,180.0,where,0.020809751804689358,0.004670453496901532,0.12179235144726312,0.07938563860558476,0.0963483237422561,8
v10,SQL,ocr_only,3,120.0,180.0,subquery,0.027308011041300304,-0.01725106774263363,0.1856329720121984,0.019379753610823756,0.08588104097137361,9
v10,SQL,ocr_only,3,120.0,180.0,inner join,0.014697443126816928,-0.02433093466624825,0.06174341143554946,0.0,0.024697364574219786,10
v10,SQL,ocr_only,3,120.0,180.0,join,0.008412656260548532,-0.01919058137227731,0.0,0.014070713670827417,0.00844242820249645,11
v10,SQL,ocr_only,4,180.0,240.0,group by,0.1325858903735383,0.36347146904285565,1.0,1.0,1.0,1
v10,SQL,ocr_only,4,180.0,240.0,select,0.08232075738140818,0.2912326188896465,0.5802950456563698,0.805424545490176,0.7153727455566535,2
v10,SQL,ocr_only,4,180.0,240.0,order by,0.08724894394850394,0.08072953425065668,0.6214445302994057,0.23843416174952545,0.39163830916947756,3
v10,SQL,ocr_only,4,180.0,240.0,having,0.0413537975993594,0.02634685355340119,0.23822819013617957,0.09195432726034032,0.15046387241067602,4
v10,SQL,ocr_only,4,180.0,240.0,aggregate function,0.05101367102905542,-0.0077924724198216696,0.31888642170617437,0.0,0.12755456868246975,5
v10,SQL,ocr_only,4,180.0,240.0,count,0.0449315267064029,0.001151730213513012,0.2681015942662486,0.02409122361330593,0.121695371874483,6
v10,SQL,ocr_only,4,180.0,240.0,left join,0.02947767165948742,0.011406250759592191,0.1390646427890836,0.05171179054926852,0.08665293144519455,7
v10,SQL,ocr_only,4,180.0,240.0,where,0.027368215397348856,0.0071123172910519394,0.12145105676058611,0.04014607411684759,0.072668067174343,8
v10,SQL,ocr_only,4,180.0,240.0,subquery,0.029454352043577322,0.0018027441522635382,0.13886992812808008,0.025844730663265345,0.07105480964919124,9
v10,SQL,ocr_only,4,180.0,240.0,inner join,0.01913690889717434,-0.0077444458740728505,0.05272110593393518,0.00012935957518418758,0.021166058118684584,10
v10,SQL,ocr_only,4,180.0,240.0,join,0.012822870013821683,-0.0049850724564739456,0.0,0.0075617361392203725,0.004537041683532223,11
v10,SQL,ocr_only,5,240.0,300.0,group by,0.13019282322676748,0.5926694870561434,1.0,1.0,1.0,1
v10,SQL,ocr_only,5,240.0,300.0,select,0.08336552068394647,0.21501157938398105,0.6122070152502985,0.4009488881316073,0.4854521389790838,2
v10,SQL,ocr_only,5,240.0,300.0,order by,0.08232840721565388,0.17328017917788574,0.6036183222111144,0.33475342079086345,0.44229938135896385,3
v10,SQL,ocr_only,5,240.0,300.0,aggregate function,0.05026791110086841,0.04173891864503568,0.33811433616494596,0.12609914193705354,0.21090521962821052,4
v10,SQL,ocr_only,5,240.0,300.0,count,0.043942279751252915,0.04569218786486951,0.2857296091298897,0.13236992370421924,0.19371379787448742,5
v10,SQL,ocr_only,5,240.0,300.0,having,0.04418941219491735,-0.0071095611946899945,0.28777619782394237,0.048614371814165336,0.14427910221807616,6
v10,SQL,ocr_only,5,240.0,300.0,where,0.024429797543911693,0.004120465527323584,0.12414003842718133,0.06642774168532897,0.08951266038206991,7
v10,SQL,ocr_only,5,240.0,300.0,left join,0.023662016884189136,0.0008371284724275099,0.11778178293307853,0.06121962430338975,0.08384448775526526,8
v10,SQL,ocr_only,5,240.0,300.0,subquery,0.03224455338951073,-0.03775736666302822,0.18885671715715502,0.0,0.07554268686286202,9
v10,SQL,ocr_only,5,240.0,300.0,join,0.009439471865743211,0.023126723168340694,0.0,0.09657597780327136,0.05794558668196281,10
v10,SQL,ocr_only,5,240.0,300.0,inner join,0.017199912392297484,-0.010752829395539535,0.06426687490728411,0.04283532198569393,0.051407943154330005,11
v10,SQL,ocr_only,6,300.0,360.0,aggregate function,0.06914380761899185,0.0931603794778403,0.33845160470290014,1.0,0.73538064188116,1
v10,SQL,ocr_only,6,300.0,360.0,having,0.061301844056573095,0.08012557073652422,0.29189752481585474,0.8731119835738742,0.6406262000706664,2
v10,SQL,ocr_only,6,300.0,360.0,group by,0.1805806231093581,0.02515933601465578,1.0,0.33804034326942745,0.6028242059616564,3
v10,SQL,ocr_only,6,300.0,360.0,select,0.11553523928527326,0.04147052715707601,0.6138558958190323,0.49682247277232094,0.5436358419910055,4
v10,SQL,ocr_only,6,300.0,360.0,order by,0.11404153670790104,0.01084275576197347,0.6049884803355277,0.19867485610962993,0.361200305799989,5
v10,SQL,ocr_only,6,300.0,360.0,left join,0.031315041329145345,0.026184033201580456,0.11387986398153645,0.34801531076351705,0.2543611320507248,6
v10,SQL,ocr_only,6,300.0,360.0,where,0.03367511095164213,0.021035778772114985,0.12789049650618134,0.29789936310551307,0.22989581646578036,7
v10,SQL,ocr_only,6,300.0,360.0,subquery,0.04470262510032338,0.0009848574244578291,0.19335570436477115,0.10271263748397558,0.13896986423629382,8
v10,SQL,ocr_only,6,300.0,360.0,count,0.05996023829107045,-0.009566490312144436,0.28393303716081814,0.0,0.11357321486432725,9
v10,SQL,ocr_only,6,300.0,360.0,inner join,0.023568305625574947,-0.003877383428738222,0.06789110747466381,0.055380903701602605,0.06038498521082709,10
v10,SQL,ocr_only,6,300.0,360.0,join,0.012132152396463028,-0.008580278198737284,0.0,0.009600332565602051,0.005760199539361231,11
v10,SQL,ocr_only,7,360.0,420.0,group by,0.18090164395668965,0.06510698068234656,1.0,0.792536968454825,0.875522181072895,1
v10,SQL,ocr_only,7,360.0,420.0,aggregate function,0.0692668946155128,0.08499920227423977,0.3385098444253479,1.0,0.7354039377701391,2
v10,SQL,ocr_only,7,360.0,420.0,select,0.11573287764835348,0.0644192738869704,0.6138433810411331,0.7853646304671414,0.716756130696738,3
v10,SQL,ocr_only,7,360.0,420.0,order by,0.11422954782839988,0.02193439685648389,0.604935421088252,0.3422747853811234,0.44733903966397487,4
v10,SQL,ocr_only,7,360.0,420.0,having,0.06142373066457184,0.03671012479503079,0.29203528544864976,0.49637609062030014,0.41463976855164,5
v10,SQL,ocr_only,7,360.0,420.0,left join,0.031348047194810734,0.04651677593518698,0.11382224107996401,0.5986531321987978,0.40472077575126425,6
v10,SQL,ocr_only,7,360.0,420.0,where,0.03370763475315217,0.012186972574344819,0.12780394436026662,0.24061544170310226,0.195490842765968,7
v10,SQL,ocr_only,7,360.0,420.0,subquery,0.04479425626589956,0.0013007017420714338,0.19349756603761198,0.1270786635885014,0.15364622456814564,8
v10,SQL,ocr_only,7,360.0,420.0,inner join,0.023591373555717925,0.008506826268946513,0.06786017924396603,0.20223389112964296,0.1484844063753722,9
v10,SQL,ocr_only,7,360.0,420.0,join,0.012139118316081866,0.00868234228193549,0.0,0.20406440985633237,0.12243864591379941,10
v10,SQL,ocr_only,7,360.0,420.0,count,0.06004823994091585,-0.0108840085500544,0.2838848342840044,0.0,0.11355393371360177,11
v10,SQL,ocr_only,8,420.0,480.0,group by,0.18055775190898796,0.0594080648999169,1.0,0.8940611996245024,0.9364367197747014,1
v10,SQL,ocr_only,8,420.0,480.0,aggregate function,0.06913503444912529,0.0668806025778207,0.3384467687763516,1.0,0.7353787075105407,2
v10,SQL,ocr_only,8,420.0,480.0,select,0.11552090179965943,0.028003173035636205,0.6138548823857827,0.4488313843420705,0.5148407835595554,3
v10,SQL,ocr_only,8,420.0,480.0,order by,0.11402831196217318,0.01592291690237572,0.6049928868036313,0.27756856866291774,0.40853829591920315,4
v10,SQL,ocr_only,8,420.0,480.0,count,0.05995390518500673,0.028590583272389294,0.2839353920174104,0.4571591490844179,0.3878696462576149,5
v10,SQL,ocr_only,8,420.0,480.0,having,0.061293010392747045,0.02819732817733424,0.29188609899463114,0.45158393825143994,0.3877048025487164,6
v10,SQL,ocr_only,8,420.0,480.0,left join,0.03131295119698138,0.025637557688854132,0.11388465112669943,0.4152938549524213,0.2947301734221326,7
v10,SQL,ocr_only,8,420.0,480.0,subquery,0.044695951704134984,0.009003077502312013,0.19334391608462395,0.17946541864447632,0.1850168176205354,8
v10,SQL,ocr_only,8,420.0,480.0,where,0.03367279887116299,0.006452862492194906,0.12789584103160215,0.14331080417257167,0.13714481891618385,9
v10,SQL,ocr_only,8,420.0,480.0,inner join,0.023566665287509194,0.005051366473652166,0.06789241013473522,0.1234416762624527,0.1012219698113657,10
v10,SQL,ocr_only,8,420.0,480.0,join,0.012131823047952002,-0.0036557604111650656,0.0,0.0,0.0,11
v10,SQL,ocr_only,9,480.0,540.0,group by,0.18071335719293494,0.16624713880455014,1.0,1.0,1.0,1
v10,SQL,ocr_only,9,480.0,540.0,order by,0.11411936553152598,0.05641305598980339,0.604966847740934,0.33427776848934465,0.4425534001899804,2
v10,SQL,ocr_only,9,480.0,540.0,aggregate function,0.06919469915968267,0.0812866358280789,0.3384753501102206,0.4850405795515949,0.4264144877750452,3
v10,SQL,ocr_only,9,480.0,540.0,count,0.059996590077533406,0.060251911601686754,0.2839124993951192,0.3575456964302613,0.32809241761620445,4
v10,SQL,ocr_only,9,480.0,540.0,select,0.11561681891864325,0.02177921209347787,0.6138496871250275,0.12435641025902071,0.32015372100542344,5
v10,SQL,ocr_only,9,480.0,540.0,having,0.061352161511788225,0.01597530762302093,0.2919537001615292,0.08917800173109429,0.17028828110326827,6
v10,SQL,ocr_only,9,480.0,540.0,left join,0.031328828282262654,0.024171497681574988,0.11385637229318324,0.13885644211893955,0.12885641418863703,7
v10,SQL,ocr_only,9,480.0,540.0,subquery,0.04474043493907316,0.0012622883429522181,0.1934135383726078,0.0,0.07736541534904312,8
v10,SQL,ocr_only,9,480.0,540.0,where,0.0336885599413643,0.0060357624753152326,0.12785421522952473,0.028932802733146062,0.06850136773169753,9
v10,SQL,ocr_only,9,480.0,540.0,inner join,0.02357784434695026,0.005897012730856275,0.06787781565936915,0.028091817975631896,0.0440062170491268,10
v10,SQL,ocr_only,9,480.0,540.0,join,0.012135121972474044,0.005605536830692316,0.0,0.026325135159916017,0.01579508109594961,11
v10,SQL,ocr_only,10,540.0,600.0,group by,0.18065852051004747,0.12495950575336698,1.0,1.0,1.0,1
v10,SQL,ocr_only,10,540.0,600.0,aggregate function,0.06917367746500633,0.07841268779473742,0.3384653561959029,0.6249403306623417,0.5103503408757661,2
v10,SQL,ocr_only,10,540.0,600.0,select,0.1155830037560943,0.04574538746137002,0.6138514651825685,0.3617174639117853,0.46257106442009854,3
v10,SQL,ocr_only,10,540.0,600.0,order by,0.11408725981540754,0.04357571406973877,0.604975940869146,0.34423491579089777,0.44853132582219707,4
v10,SQL,ocr_only,10,540.0,600.0,left join,0.0313232171534901,0.04289636561645655,0.11386629774018252,0.3387609388913482,0.24880308243088192,5
v10,SQL,ocr_only,10,540.0,600.0,having,0.06133133037654076,0.028162857113186005,0.2919300232658456,0.22004294548669387,0.24879777659835456,6
v10,SQL,ocr_only,10,540.0,600.0,count,0.05998152671687693,0.013969279002007413,0.2839204870920321,0.10567554194412951,0.17697352000329056,7
v10,SQL,ocr_only,10,540.0,600.0,where,0.03368296917289313,0.009588421941406187,0.12786871877773195,0.07037596889866374,0.09337306885029104,8
v10,SQL,ocr_only,10,540.0,600.0,subquery,0.04472477236052424,0.0008544052480806151,0.19338915311815053,0.0,0.07735566124726022,9
v10,SQL,ocr_only,10,540.0,600.0,inner join,0.023573880528101877,0.005807804680231666,0.06788287520333507,0.03991294001603146,0.0511009140909529,10
v10,SQL,ocr_only,10,540.0,600.0,join,0.012133948003976897,0.005736825839723058,0.0,0.03934101476703185,0.023604608860219107,11
v10,SQL,ocr_only,11,600.0,660.0,group by,0.18070202418125064,0.08499801919540276,1.0,1.0,1.0,1
v10,SQL,ocr_only,11,600.0,660.0,order by,0.11411277101500844,0.01718685987710653,0.6049688772079767,0.28971750867351914,0.41581805608730216,2
v10,SQL,ocr_only,11,600.0,660.0,having,0.061347813560038,0.016778303182234437,0.29194839122245136,0.28543811469177427,0.2880422253040451,3
v10,SQL,ocr_only,11,600.0,660.0,select,0.11560980035137278,-0.009652748236849137,0.6138497874371426,0.00858820917394176,0.25069284047922213,4
v10,SQL,ocr_only,11,600.0,660.0,count,0.05999348105374932,0.009216336513087007,0.28391400931915384,0.20623090780892936,0.23730414841301917,5
v10,SQL,ocr_only,11,600.0,660.0,aggregate function,0.06919035318594284,-0.005885425715436483,0.3384731243686206,0.04804872353529055,0.16421848386862256,6
v10,SQL,ocr_only,11,600.0,660.0,subquery,0.04473715760312181,0.00030772209939270497,0.1934080748655303,0.11291834828867767,0.14511423891941871,7
v10,SQL,ocr_only,11,600.0,660.0,where,0.033687435133714576,0.0024516279100625254,0.12785719291265923,0.13537451591182897,0.1323675867121611,8
v10,SQL,ocr_only,11,600.0,660.0,inner join,0.02357704527583716,-0.0036512671643983514,0.06787876595160808,0.07145023617130244,0.0700216480834247,9
v10,SQL,ocr_only,11,600.0,660.0,left join,0.03132773406646364,-0.010472670489846542,0.1138586072892026,0.0,0.04554344291568105,10
v10,SQL,ocr_only,11,600.0,660.0,join,0.012134918137557406,-0.007633680110203377,0.0,0.029736774595457885,0.01784206475727473,11
v10,SQL,ocr_only,12,660.0,720.0,group by,0.18062254034895975,0.27215664990009997,1.0,1.0,1.0,1
v10,SQL,ocr_only,12,660.0,720.0,order by,0.1140662425773899,0.10271646546198482,0.6049821074405767,0.42246592479050354,0.4954723978505328,2
v10,SQL,ocr_only,12,660.0,720.0,select,0.1155608212200682,0.023174699776885847,0.613852572377214,0.1513491278051219,0.33635050563395874,3
v10,SQL,ocr_only,12,660.0,720.0,aggregate function,0.0691598771375116,0.0062173550434495625,0.3384586012887463,0.09355029784568793,0.19151361922291127,4
v10,SQL,ocr_only,12,660.0,720.0,having,0.06131761696688617,-0.00621962217437237,0.2919140489439728,0.051159066038927586,0.14746105920094568,5
v10,SQL,ocr_only,12,660.0,720.0,left join,0.031319596414974206,0.01755820689828876,0.11387297310107539,0.13220540442381268,0.12487243189471775,6
v10,SQL,ocr_only,12,660.0,720.0,count,0.05997167742626444,-0.021228955748626325,0.2839257710702011,0.0,0.11357030842808045,7
v10,SQL,ocr_only,12,660.0,720.0,subquery,0.044714452234106264,-0.013554273601351599,0.19337270331399994,0.026159027571597035,0.0930444978685582,8
v10,SQL,ocr_only,12,660.0,720.0,where,0.03367937339270381,-0.005760622279635198,0.12787847160179236,0.05272355961291274,0.0827855244084646,9
v10,SQL,ocr_only,12,660.0,720.0,inner join,0.02357132781795078,0.0018063614477731378,0.06788626959353801,0.07851549889594751,0.07426380717498371,10
v10,SQL,ocr_only,12,660.0,720.0,join,0.012133216130417809,0.009519594138822423,0.0,0.10480592536044292,0.06288355521626575,11
v10,SQL,ocr_only,13,720.0,780.0,group by,0.18059289113829446,0.2997346301746745,1.0,1.0,1.0,1
v10,SQL,ocr_only,13,720.0,780.0,order by,0.11404888180026865,0.11618942242063639,0.6049870392335,0.4173321813366799,0.49239412449540787,2
v10,SQL,ocr_only,13,720.0,780.0,select,0.11554258142034568,0.020589493312193882,0.6138538134975097,0.11384835389385341,0.3138505377353159,3
v10,SQL,ocr_only,13,720.0,780.0,aggregate function,0.06914850754734353,0.0014249303335556404,0.338453207719433,0.0530100773567571,0.16718732950182746,4
v10,SQL,ocr_only,13,720.0,780.0,having,0.06130636402219734,-0.006823572445291638,0.2919013338026075,0.026825045449905036,0.13285556079098604,5
v10,SQL,ocr_only,13,720.0,780.0,left join,0.03131654594013635,0.022643209151960116,0.11387829384318392,0.12036791462307966,0.11777206631112136,6
v10,SQL,ocr_only,13,720.0,780.0,count,0.0599635676109812,-0.015273684811904624,0.2839303384962274,0.0,0.11357213539849097,7
v10,SQL,ocr_only,13,720.0,780.0,subquery,0.04470598942480291,-0.015188601729475696,0.19335958399249145,0.0002700978938684616,0.07750589233331767,8
v10,SQL,ocr_only,13,720.0,780.0,where,0.033676388100495676,-0.007358958502068932,0.12788659072788144,0.025125452038219684,0.06622990751408439,9
v10,SQL,ocr_only,13,720.0,780.0,inner join,0.023569210170278042,-0.0010761109911376966,0.06788920976262537,0.04507047320757807,0.05419796782959699,10
v10,SQL,ocr_only,13,720.0,780.0,join,0.012132572244197962,0.009225296559424188,0.0,0.07777249109241001,0.046663494655446,11
v10,SQL,ocr_only,14,780.0,840.0,group by,0.1805649112841969,0.18439995358538624,1.0,1.0,1.0,1
v10,SQL,ocr_only,14,780.0,840.0,order by,0.11403248885439163,0.06940073937154227,0.6049916427034041,0.42228103439229975,0.4953652777167415,2
v10,SQL,ocr_only,14,780.0,840.0,select,0.11552533476323198,-0.004021015755464115,0.6138547892507904,0.053433814739126805,0.27760220454379225,3
v10,SQL,ocr_only,14,780.0,840.0,count,0.059955875011722295,0.013318381470061686,0.28393442545429987,0.14054135454165426,0.1978985829067125,4
v10,SQL,ocr_only,14,780.0,840.0,having,0.061295743373245254,0.008021974750100178,0.29188933196679395,0.11393391524207787,0.1851160819319643,5
v10,SQL,ocr_only,14,780.0,840.0,aggregate function,0.06913778000688506,-0.014657410046214044,0.33844813586097006,0.0,0.13537925434438802,6
v10,SQL,ocr_only,14,780.0,840.0,subquery,0.04469800903811233,-0.0038719679016051747,0.1933472447388218,0.05418258308981584,0.10984844774941824,7
v10,SQL,ocr_only,14,780.0,840.0,where,0.033673524718699756,-0.005872986689035263,0.12789399229415527,0.04413011001912143,0.07763566292913497,8
v10,SQL,ocr_only,14,780.0,840.0,left join,0.03131366253327938,-0.008573718264343198,0.1138833001944841,0.030562505555584794,0.06389082341114452,9
v10,SQL,ocr_only,14,780.0,840.0,inner join,0.023567180157215588,-0.005523561089507577,0.06789180963325664,0.045885511543349265,0.05468803077931222,10
v10,SQL,ocr_only,14,780.0,840.0,join,0.012131962459651492,-0.002088018283984503,0.0,0.06314457065497955,0.037886742392987734,11
v10,SQL,ocr_only,15,840.0,900.0,aggregate function,0.06922479967562374,0.11588245756203001,0.3384897641362204,1.0,0.7353959056544881,1
v10,SQL,ocr_only,15,840.0,900.0,group by,0.1807918613082155,0.056373317902701545,1.0,0.48459669681327755,0.6907580180879666,2
v10,SQL,ocr_only,15,840.0,900.0,having,0.06138200891612511,0.0788136999230611,0.29198781016138675,0.6789508260155509,0.5241656196738852,3
v10,SQL,ocr_only,15,840.0,900.0,select,0.1156652078502941,0.04046537528782318,0.6138470686640113,0.3468194374284179,0.45363048992265526,4
v10,SQL,ocr_only,15,840.0,900.0,count,0.06001811877755824,0.06072104655645504,0.283900949451307,0.5222519834185317,0.42691156983164186,5
v10,SQL,ocr_only,15,840.0,900.0,order by,0.11416529776767312,0.020257247941912627,0.6049537101941381,0.17179866507437574,0.3450606831222807,6
v10,SQL,ocr_only,15,840.0,900.0,where,0.033696501776392156,0.03465323174202272,0.12783321031788766,0.29648098523015354,0.22902187526524717,7
v10,SQL,ocr_only,15,840.0,900.0,left join,0.03133682801966708,0.027389240498505895,0.11384208856088353,0.23356821077801745,0.1856777618911639,8
v10,SQL,ocr_only,15,840.0,900.0,subquery,0.044762883471224306,0.009895014790109674,0.19344867654944167,0.08205229627448658,0.12661084838446862,9
v10,SQL,ocr_only,15,840.0,900.0,inner join,0.023583477652821205,0.00743454461047593,0.06787045002479755,0.060742385473635814,0.0635936112941005,10
v10,SQL,ocr_only,15,840.0,900.0,join,0.012136781486342533,0.0004211493178155719,0.0,0.0,0.0,11
v10,SQL,ocr_only,16,900.0,960.0,group by,0.18075515038599876,0.1293958304924217,1.0,0.8199637372771598,0.8919782423662959,1
v10,SQL,ocr_only,16,900.0,960.0,count,0.06000805701508606,0.1589417158869609,0.2839063953182568,1.0,0.7135625581273027,2
v10,SQL,ocr_only,16,900.0,960.0,aggregate function,0.06921072409003752,0.12936748818764687,0.33848303856833334,0.8197910349681757,0.6272678364082387,3
v10,SQL,ocr_only,16,900.0,960.0,order by,0.11414381604124521,0.044848317971670104,0.6049598446476061,0.3047780194187269,0.42485074951027857,4
v10,SQL,ocr_only,16,900.0,960.0,having,0.06136805452622743,0.05367015125833128,0.29197189398098505,0.35853338582883204,0.33190878908969323,5
v10,SQL,ocr_only,16,900.0,960.0,select,0.11564258814539301,-0.0051690301799250105,0.6138483494446432,0.0,0.24553933977785727,6
v10,SQL,ocr_only,16,900.0,960.0,where,0.033692792642184215,0.02322658926514394,0.12784307323845762,0.17302717905807258,0.1549535367302266,7
v10,SQL,ocr_only,16,900.0,960.0,subquery,0.04475238773943344,0.0024470855382156265,0.19343227376009556,0.04640839128862755,0.10521794427721476,8
v10,SQL,ocr_only,16,900.0,960.0,left join,0.0313330834239072,0.009919095480500975,0.11384875972793643,0.09193868178672823,0.10070271296321151,9
v10,SQL,ocr_only,16,900.0,960.0,inner join,0.023580846624181834,-0.0031691450326602408,0.06787392887044201,0.012186192526659315,0.0344612870641724,10
v10,SQL,ocr_only,16,900.0,960.0,join,0.012136002579788576,-0.0018351041756355588,0.0,0.02031509870127979,0.012189059220767875,11
v10,SQL,ocr_only,17,960.0,1020.0,group by,0.1807883640291422,0.07058863629415364,1.0,1.0,1.0,1
v10,SQL,ocr_only,17,960.0,1020.0,having,0.06138068256908799,0.05974617053197759,0.2919863241735909,0.8628026490396037,0.6344761190931986,2
v10,SQL,ocr_only,17,960.0,1020.0,order by,0.1141632484608926,0.028751615276892635,0.6049542843555159,0.47060672530169495,0.5243457489232233,3
v10,SQL,ocr_only,17,960.0,1020.0,aggregate function,0.06922345916659445,0.03491488100267033,0.3384891372220419,0.5485948646593974,0.46455257368445524,4
v10,SQL,ocr_only,17,960.0,1020.0,select,0.11566305895568264,0.015745005050981444,0.6138472326857668,0.3060249311682471,0.429153851775255,5
v10,SQL,ocr_only,17,960.0,1020.0,count,0.06001716337176644,0.02069916049637982,0.28390149891652855,0.3687133470935066,0.3347886078227154,6
v10,SQL,ocr_only,17,960.0,1020.0,where,0.03369615015291403,0.01817308968505801,0.12783417483244577,0.3367491950958364,0.25318318699048015,7
v10,SQL,ocr_only,17,960.0,1020.0,subquery,0.044761885796712725,0.010324729692999305,0.19344714104274935,0.2374383719018782,0.21984187955822665,8
v10,SQL,ocr_only,17,960.0,1020.0,left join,0.031336467427408254,0.006176453528903237,0.11384271616043123,0.1849473137560869,0.1565054747178246,9
v10,SQL,ocr_only,17,960.0,1020.0,inner join,0.023583228245137502,-0.0012737599485493558,0.06787080458925444,0.09067451865428383,0.08155303302827208,10
v10,SQL,ocr_only,17,960.0,1020.0,join,0.012136704411580518,-0.008439607956027726,0.0,0.0,0.0,11
v10,SQL,ocr_only,18,1020.0,1080.0,group by,0.18053117232783458,0.15360607583709623,1.0,1.0,1.0,1
v10,SQL,ocr_only,18,1020.0,1080.0,order by,0.11401277470747939,0.06642893673398437,0.604997391316715,0.504796398605723,0.5448767956901198,2
v10,SQL,ocr_only,18,1020.0,1080.0,having,0.061282887346853165,0.05902910788686672,0.2918743485474248,0.4627621917885012,0.39440705449207064,3
v10,SQL,ocr_only,18,1020.0,1080.0,select,0.11550449598829365,0.001768451801607553,0.6138555992475941,0.13749706605317782,0.3280404793309444,4
v10,SQL,ocr_only,18,1020.0,1080.0,count,0.05994660948648609,0.02117342865250491,0.28393920188644767,0.24772567094202452,0.2622110833197938,5
v10,SQL,ocr_only,18,1020.0,1080.0,where,0.03367011052120951,0.017984359130570945,0.12790288697720606,0.22961038603355188,0.18892738641101356,6
v10,SQL,ocr_only,18,1020.0,1080.0,aggregate function,0.06912484539669046,-0.0177896160852519,0.3384418245793899,0.026398838312175554,0.1512160328190613,7
v10,SQL,ocr_only,18,1020.0,1080.0,subquery,0.044688334190116426,-0.0032831947290926583,0.19333180962074145,0.10880154357205121,0.1426136499915273,8
v10,SQL,ocr_only,18,1020.0,1080.0,inner join,0.023564758295966444,-0.010368025797606477,0.06789481953372674,0.06855665946030741,0.06829192348967514,9
v10,SQL,ocr_only,18,1020.0,1080.0,join,0.012131277850960447,-0.007979917216752069,0.0,0.08212214213072305,0.04927328527843383,10
v10,SQL,ocr_only,18,1020.0,1080.0,left join,0.03131027377334318,-0.022436947391448827,0.11388959584542095,0.0,0.04555583833816838,11
v10,SQL,ocr_only,19,1080.0,1140.0,group by,0.18081164636428923,0.15033042938478727,1.0,1.0,1.0,1
v10,SQL,ocr_only,19,1080.0,1140.0,order by,0.11417688095754511,0.07273117221315903,0.6049504272386318,0.4877974104284971,0.534658617152551,2
v10,SQL,ocr_only,19,1080.0,1140.0,having,0.06138952365330404,0.09976589572643171,0.2919963285343011,0.6662431313871596,0.5165444102460162,3
v10,SQL,ocr_only,19,1080.0,1140.0,select,0.11567740570492561,0.04219373620241858,0.6138464090396052,0.2862316432590905,0.41727754957129637,4
v10,SQL,ocr_only,19,1080.0,1140.0,aggregate function,0.06923238670217884,0.046902607267290966,0.33849337369941135,0.31731307420696037,0.32578519400394074,5
v10,SQL,ocr_only,19,1080.0,1140.0,where,0.033698516714697646,0.04174831027380655,0.12782796396283425,0.28329155952101076,0.22110612129774015,6
v10,SQL,ocr_only,19,1080.0,1140.0,count,0.06002355264894897,0.0016203034670107155,0.2838980594343656,0.018422155483744623,0.12461251706399301,7
v10,SQL,ocr_only,19,1080.0,1140.0,left join,0.0313388584313851,0.012227400605309583,0.11383853980871095,0.08843548834409524,0.09859670892994152,8
v10,SQL,ocr_only,19,1080.0,1140.0,subquery,0.044768532180628116,0.0015753806894209575,0.19345744211261337,0.018125637658047818,0.08825835943987405,9
v10,SQL,ocr_only,19,1080.0,1140.0,inner join,0.02358490644497875,-0.0006008573011283172,0.06786861103738578,0.003761135020891536,0.029404125427489235,10
v10,SQL,ocr_only,19,1080.0,1140.0,join,0.012137206493434815,-0.0011706734045329177,0.0,0.0,0.0,11
v10,SQL,ocr_only,20,1140.0,1200.0,group by,0.18067224368677728,0.09597863920018047,1.0,1.0,1.0,1
v10,SQL,ocr_only,20,1140.0,1200.0,order by,0.11409529649702399,0.03814428878900712,0.6049736791077632,0.4479516505936455,0.5107604619992926,2
v10,SQL,ocr_only,20,1140.0,1200.0,having,0.06133654339983194,0.027227638054249246,0.2919359534300488,0.3437485433343227,0.32302350737261315,3
v10,SQL,ocr_only,20,1140.0,1200.0,select,0.11559148005189668,-0.00023904133351882256,0.6138511045531851,0.0815698396419668,0.29448234560645414,4
v10,SQL,ocr_only,20,1140.0,1200.0,count,0.05998530786163191,0.017590572163599116,0.2839185596346759,0.25175950429039395,0.2646231264281067,5
v10,SQL,ocr_only,20,1140.0,1200.0,subquery,0.04472869166758377,0.011936336713430968,0.19339525962179507,0.19778792295112851,0.19603085761939515,6
v10,SQL,ocr_only,20,1140.0,1200.0,aggregate function,0.06917893611212135,-0.0010032669789847397,0.3384678487916399,0.07427504851603486,0.1799521686262769,7
v10,SQL,ocr_only,20,1140.0,1200.0,where,0.03368438361148601,0.0037858132513357893,0.12786518408729755,0.11998843195558122,0.12313913280826774,8
v10,SQL,ocr_only,20,1140.0,1200.0,inner join,0.023574882732998237,-0.0018276552369628004,0.06788167467969745,0.06640598499494024,0.06699626086884312,9
v10,SQL,ocr_only,20,1140.0,1200.0,left join,0.03132461837698019,-0.007811916910550985,0.1138638004537189,0.009284192222425167,0.05111603551494266,10
v10,SQL,ocr_only,20,1140.0,1200.0,join,0.012134240853504057,-0.008784558576546059,0.0,0.0,0.0,11
v10,SQL,ocr_only,21,1200.0,1260.0,group by,0.18053408079356034,0.1884968081666581,1.0,1.0,1.0,1
v10,SQL,ocr_only,21,1200.0,1260.0,order by,0.11401446283018056,0.07020750307497214,0.604996857594957,0.3961966505761028,0.4797167333836445,2
v10,SQL,ocr_only,21,1200.0,1260.0,select,0.11550630680117695,0.03337244618828897,0.6138556435375642,0.208173475470289,0.37044634269719906,3
v10,SQL,ocr_only,21,1200.0,1260.0,aggregate function,0.06912595914535137,0.03278483490959975,0.33844241010656095,0.20517403559737063,0.25848138540104676,4
v10,SQL,ocr_only,21,1200.0,1260.0,having,0.061284008578228015,0.01657807767507361,0.2918757698966906,0.12244724728863912,0.19021865633185972,5
v10,SQL,ocr_only,21,1200.0,1260.0,left join,0.03131054297739893,0.01806398397543926,0.11388898248587195,0.13003200062196402,0.12357479336752719,6
v10,SQL,ocr_only,21,1200.0,1260.0,count,0.05994741070895069,-0.0074101956691909705,0.28393885782983114,0.0,0.11357554313193247,7
v10,SQL,ocr_only,21,1200.0,1260.0,where,0.03367040130889161,0.003339693454161716,0.12790216363618306,0.05487240840230523,0.08408431049585637,8
v10,SQL,ocr_only,21,1200.0,1260.0,subquery,0.044689181074398975,-0.006376146272170054,0.19333327653344315,0.005278266610046004,0.08050027057940487,9
v10,SQL,ocr_only,21,1200.0,1260.0,inner join,0.023564964739795028,0.001631938397775088,0.06789461515078023,0.04615523636175092,0.054850987877362645,10
v10,SQL,ocr_only,21,1200.0,1260.0,join,0.012131324404424023,0.0041635484758295385,0.0,0.059077745656904525,0.035446647394142716,11
v11,SQL,ocr_only,1,0.0,60.0,left join,0.02497043549060652,0.2153629923593285,0.1870819368393533,1.0,0.6748327747357413,1
v11,SQL,ocr_only,1,0.0,60.0,count,0.039763914016694865,0.09858398652098152,0.39807627077071117,0.6318065188529147,0.5383144196200333,2
v11,SQL,ocr_only,1,0.0,60.0,group by,0.08196668599062563,-0.04231450452672881,1.0,0.18756651582496797,0.5125399094949807,3
v11,SQL,ocr_only,1,0.0,60.0,aggregate function,0.03116747809806117,0.06400123663948304,0.2754682399659835,0.5227702843422879,0.42384946659176614,4
v11,SQL,ocr_only,1,0.0,60.0,select,0.05990805120275994,-0.08517389285364778,0.6853852225294393,0.05243480037118603,0.30561496923448733,5
v11,SQL,ocr_only,1,0.0,60.0,order by,0.0592363907944434,-0.10180450738707884,0.6758055594210708,0.0,0.27032222376842835,6
v11,SQL,ocr_only,1,0.0,60.0,having,0.02204330328309938,0.005743767590006882,0.14533324944559126,0.33908983443472746,0.26158720043907296,7
v11,SQL,ocr_only,1,0.0,60.0,inner join,0.02272296695424928,-0.014905128534673228,0.15502706035955036,0.2739857612204479,0.22640228087608885,8
v11,SQL,ocr_only,1,0.0,60.0,where,0.032877791213876566,-0.06592199156132467,0.2998618520599306,0.11313427717040428,0.1878253071262148,9
v11,SQL,ocr_only,1,0.0,60.0,subquery,0.013696900325057397,-0.03638550787095151,0.026291353400034623,0.20626009779827184,0.13427260003897695,10
v11,SQL,ocr_only,1,0.0,60.0,join,0.011853530578115544,-0.04816673777024784,0.0,0.16911496184103766,0.10146897710462259,11
v12,SQL,ocr_only,1,0.0,60.0,aggregate function,0.04144173550938446,0.1141492137669139,0.37051249033469985,1.0,0.7482049961338799,1
v12,SQL,ocr_only,1,0.0,60.0,inner join,0.027249982719057503,0.09547002171002607,0.23621846281134037,0.8832239792433461,0.6244217726705438,2
v12,SQL,ocr_only,1,0.0,60.0,group by,0.10796391290267592,0.005652639965226452,1.0,0.3217159438317474,0.5930295662990485,3
v12,SQL,ocr_only,1,0.0,60.0,left join,0.059900642440280025,0.029993659924133848,0.5451858370349358,0.4738878066887044,0.502407018827197,4
v12,SQL,ocr_only,1,0.0,60.0,join,0.031234914804171978,0.04362321070791823,0.2739271649726294,0.5590951700684379,0.44502796803011446,5
v12,SQL,ocr_only,1,0.0,60.0,count,0.040418252537509,0.02890531646091739,0.3608274533681303,0.46708384972611894,0.4245812911829235,6
v12,SQL,ocr_only,1,0.0,60.0,order by,0.0922418056056054,-0.03527156465433686,0.8512245005058775,0.06587159287966947,0.3800127559301527,7
v12,SQL,ocr_only,1,0.0,60.0,select,0.05300754860350694,-0.04580821529990496,0.47995771848514973,0.0,0.1919830873940599,8
v12,SQL,ocr_only,1,0.0,60.0,where,0.03988105993215652,-0.0373420519911801,0.35574409547750235,0.052927603038607864,0.17405420001416566,9
v12,SQL,ocr_only,1,0.0,60.0,subquery,0.0022871895810941314,-0.0071390302481948165,0.0,0.24174672772189218,0.1450480366331353,10
v12,SQL,ocr_only,1,0.0,60.0,having,0.010918201001416591,-0.04339218156582803,0.08167372292626521,0.015104229595161108,0.04173202692760275,11
v13,SQL,ocr_only,1,0.0,60.0,left join,0.050882832861667886,0.7444631333181755,0.25265316530339227,1.0,0.7010612661213569,1
v13,SQL,ocr_only,1,0.0,60.0,order by,0.1053975595556504,0.22888945845851696,0.6959044926317336,0.34969141925763575,0.48817664860727483,2
v13,SQL,ocr_only,1,0.0,60.0,group by,0.14279774868304576,0.04887848294999627,1.0,0.12263816245033357,0.47358289747020016,3
v13,SQL,ocr_only,1,0.0,60.0,select,0.08068198963574998,0.25793454688139533,0.4949457822603293,0.3863268627467937,0.42977443055220793,4
v13,SQL,ocr_only,1,0.0,60.0,subquery,0.019809449871702602,0.44127318245275515,0.0,0.6175773972627512,0.3705464383576507,5
v13,SQL,ocr_only,1,0.0,60.0,inner join,0.026642558236975766,0.33708494213170215,0.05555901196547772,0.48616163653433264,0.3139205867067906,6
v13,SQL,ocr_only,1,0.0,60.0,join,0.024763764011961963,0.2874223809050121,0.04028280891874916,0.42352075457667515,0.27022557631350475,7
v13,SQL,ocr_only,1,0.0,60.0,count,0.049839423259419015,0.06841189245464445,0.24416935332832462,0.1472762392789942,0.18603348489872637,8
v13,SQL,ocr_only,1,0.0,60.0,aggregate function,0.054748860717755476,-0.009519313391236229,0.2840872764623558,0.048979265751455496,0.14302247003581564,9
v13,SQL,ocr_only,1,0.0,60.0,where,0.03866993303840546,-0.04602909767584615,0.15335185012709004,0.0029283768890685704,0.06309776618427716,10
v13,SQL,ocr_only,1,0.0,60.0,having,0.03211604582127018,-0.048350755545326606,0.10006314477481451,0.0,0.04002525790992581,11
v13,SQL,ocr_only,2,60.0,120.0,select,0.04844326932508361,0.31290240712821027,0.5349008537161452,1.0,0.813960341486458,1
v13,SQL,ocr_only,2,60.0,120.0,group by,0.08894469783058612,-0.0011314791241150521,1.0,0.165833477757157,0.49950008665429424,2
v13,SQL,ocr_only,2,60.0,120.0,order by,0.07640838087297516,-0.021269151222867013,0.8560388971530591,0.11234188772159831,0.40982069149418265,3
v13,SQL,ocr_only,2,60.0,120.0,left join,0.04923529673046683,-0.006631208512420698,0.5439961198257616,0.15122457617691965,0.3083331936364564,4
v13,SQL,ocr_only,2,60.0,120.0,where,0.0378459810625833,0.013489477879166486,0.4132066343840249,0.20467104716993623,0.2880852820555717,5
v13,SQL,ocr_only,2,60.0,120.0,count,0.03789002297517754,-0.033285165353625294,0.41371239076606225,0.08042381404396419,0.21373924473280342,6
v13,SQL,ocr_only,2,60.0,120.0,inner join,0.025897252704416018,-0.02509430240809262,0.27599311961117506,0.10218115921133517,0.17170594337127112,7
v13,SQL,ocr_only,2,60.0,120.0,join,0.025697981710147786,-0.02621919572927393,0.2737047862675574,0.09919311113530666,0.16899778118820696,8
v13,SQL,ocr_only,2,60.0,120.0,aggregate function,0.03404157982483513,-0.06356185735458758,0.3695186995854407,0.0,0.14780747983417628,9
v13,SQL,ocr_only,2,60.0,120.0,having,0.009446542528020942,-0.0063970354908619185,0.08708098635728301,0.15184660871400651,0.12594035977131712,10
v13,SQL,ocr_only,2,60.0,120.0,subquery,0.0018634188622001684,0.0012832105585641289,0.0,0.1722476049678674,0.10334856298072044,11
v13,SQL,ocr_only,3,120.0,180.0,group by,0.12545774347704888,0.3615324666555202,1.0,1.0,1.0,1
v13,SQL,ocr_only,3,120.0,180.0,order by,0.10903007117776947,0.3058163157614373,0.8686062899006886,0.8543728507143228,0.8600662263888691,2
v13,SQL,ocr_only,3,120.0,180.0,select,0.05816087401008921,0.10520960475078724,0.46173838896696495,0.33004044470170313,0.3827196224078079,3
v13,SQL,ocr_only,3,120.0,180.0,where,0.04594189459507631,0.11637593596111014,0.3640071334539071,0.3592262544901483,0.3611386060756518,4
v13,SQL,ocr_only,3,120.0,180.0,left join,0.07308303172548385,0.021060333080179367,0.5810905180570228,0.11009670574614555,0.29849423067049646,5
v13,SQL,ocr_only,3,120.0,180.0,aggregate function,0.048194575468804166,0.04095373137146548,0.38202478636763393,0.16209273986328743,0.25006555846502604,6
v13,SQL,ocr_only,3,120.0,180.0,count,0.045332542828092064,0.013974446473271368,0.35913334561829613,0.09157608918942714,0.19859899176097473,7
v13,SQL,ocr_only,3,120.0,180.0,having,0.010355336661336494,0.08100636863802925,0.0793746066178768,0.2667796446997521,0.19181762946700198,8
v13,SQL,ocr_only,3,120.0,180.0,join,0.038142163066439215,0.021969905432458654,0.30162241791687056,0.11247408513445444,0.18813341824742089,9
v13,SQL,ocr_only,3,120.0,180.0,inner join,0.031320984459683884,-0.021062064428682643,0.24706447762785294,0.0,0.09882579105114118,10
v13,SQL,ocr_only,3,120.0,180.0,subquery,0.00043142154076384725,0.038934496075866784,0.0,0.15681499768052137,0.09408899860831282,11
v13,SQL,ocr_only,4,180.0,240.0,order by,0.10991431115943774,0.2001222381054319,0.8693759867210527,1.0,0.947750394688421,1
v13,SQL,ocr_only,4,180.0,240.0,group by,0.12637887435706618,0.1561839156156524,1.0,0.8197580265910684,0.8918548159546411,2
v13,SQL,ocr_only,4,180.0,240.0,left join,0.07377759203291143,0.06017798178364047,0.5826800554423608,0.42592644649662326,0.4886278900749183,3
v13,SQL,ocr_only,4,180.0,240.0,select,0.05843224379163332,0.05916295528393645,0.4609354972431183,0.4217626466744619,0.43743178690192447,4
v13,SQL,ocr_only,4,180.0,240.0,aggregate function,0.04855014719521172,-0.004648937056824637,0.3825344427152491,0.15999613510287292,0.24901145814782338,5
v13,SQL,ocr_only,4,180.0,240.0,join,0.03850609784888504,-0.003950077226614947,0.30284851242722555,0.16286296906000738,0.21885718640689467,6
v13,SQL,ocr_only,4,180.0,240.0,inner join,0.03153561518092943,0.004106429493106688,0.247547171623307,0.19591203847504307,0.21656609173434865,7
v13,SQL,ocr_only,4,180.0,240.0,where,0.046261433923195684,-0.04168345719501631,0.3643766021915122,0.008074654816200514,0.1505954337663252,8
v13,SQL,ocr_only,4,180.0,240.0,count,0.04559151519778877,-0.04365184879991142,0.35906170428423134,0.0,0.14362468171369255,9
v13,SQL,ocr_only,4,180.0,240.0,subquery,0.00033341928083605515,0.007870949922822602,0.0,0.2113546988394224,0.12681281930365343,10
v13,SQL,ocr_only,4,180.0,240.0,having,0.010325428861239914,-0.017443609696280088,0.07927306521572604,0.10751035697164937,0.09621544026928003,11
v13,SQL,ocr_only,5,240.0,300.0,order by,0.10975222471372494,0.08936327850835263,0.8692365523076782,0.7339780035195773,0.7880814230348177,1
v13,SQL,ocr_only,5,240.0,300.0,where,0.046202918781917644,0.12762136868981327,0.3643104753933022,1.0,0.7457241901573208,2
v13,SQL,ocr_only,5,240.0,300.0,group by,0.12620993351910004,0.03263892911418932,1.0,0.3395535928049843,0.6037321556829907,3
v13,SQL,ocr_only,5,240.0,300.0,select,0.058382431783018586,0.08027231397920541,0.4610818504414048,0.6707653203326793,0.5868919323761695,4
v13,SQL,ocr_only,5,240.0,300.0,left join,0.07365035422200576,0.03530572957522365,0.5823919429233468,0.35809679711796494,0.4478148554401177,5
v13,SQL,ocr_only,5,240.0,300.0,count,0.04554404586193062,0.020820624057821594,0.3590754517562044,0.25737674886955125,0.2980562300242125,6
v13,SQL,ocr_only,5,240.0,300.0,aggregate function,0.0484849320536181,0.0077755293376561875,0.3824420346896805,0.16666960365464778,0.2529785760686609,7
v13,SQL,ocr_only,5,240.0,300.0,having,0.010330817979755208,0.029518770427330844,0.07929148324019927,0.31785802882683134,0.2224314105921785,8
v13,SQL,ocr_only,5,240.0,300.0,join,0.038439434119521367,-0.006828766670162206,0.3026263106917224,0.0651207818822122,0.1601229934060163,9
v13,SQL,ocr_only,5,240.0,300.0,inner join,0.03149631037274138,-0.016194145394098865,0.24746025996011278,0.0,0.09898410398404511,10
v13,SQL,ocr_only,5,240.0,300.0,subquery,0.00035130027092298975,0.001367199199929873,0.0,0.12211022368408883,0.07326613421045329,11
v13,SQL,ocr_only,6,300.0,360.0,order by,0.1098254551468384,0.16149859538573724,0.8692997022919956,1.0,0.9477198809167983,1
v13,SQL,ocr_only,6,300.0,360.0,group by,0.126286247556672,0.10051041559862413,1.0,0.6993910579557429,0.8196346347734458,2
v13,SQL,ocr_only,6,300.0,360.0,select,0.0584049204574855,0.05659245583167285,0.4610156400868076,0.48292072766601835,0.474158692634334,3
v13,SQL,ocr_only,6,300.0,360.0,left join,0.07370785090552932,-0.005848123435825024,0.5825224008530367,0.17515295135669365,0.33810073115523087,4
v13,SQL,ocr_only,6,300.0,360.0,where,0.04622935799777282,0.022545426461696126,0.3643404862651614,0.31510392260011133,0.33479854806613135,5
v13,SQL,ocr_only,6,300.0,360.0,aggregate function,0.04851439088688238,0.018047717758538133,0.38248387034069264,0.29293484886157584,0.32875445745322257,6
v13,SQL,ocr_only,6,300.0,360.0,count,0.045565488158233004,-0.01799419591207321,0.35906929496969353,0.11528531782798578,0.21279890868466889,7
v13,SQL,ocr_only,6,300.0,360.0,subquery,0.0003432107121162334,0.009663530072462944,0.0,0.2516094346746106,0.15096566080476637,8
v13,SQL,ocr_only,6,300.0,360.0,join,0.038469559855272964,-0.03187298569499339,0.302726931939984,0.0468771717239132,0.14921707581034155,9
v13,SQL,ocr_only,6,300.0,360.0,having,0.010328370693641033,-0.00402082724908427,0.07928314444131522,0.18415964044653121,0.14220904204444482,10
v13,SQL,ocr_only,6,300.0,360.0,inner join,0.03151406958175599,-0.041383525726063006,0.24749966056569012,0.0,0.09899986422627605,11
v13,SQL,ocr_only,7,360.0,420.0,group by,0.12623200278540164,0.2228240584560711,1.0,1.0,1.0,1
v13,SQL,ocr_only,7,360.0,420.0,order by,0.10977342507698216,0.20633979922064954,0.8692550299323044,0.9380312948273559,0.9105207888693354,2
v13,SQL,ocr_only,7,360.0,420.0,select,0.05838893393192018,0.03745186344119707,0.4610627866093511,0.30313672358423993,0.3663071487942844,3
v13,SQL,ocr_only,7,360.0,420.0,left join,0.07366702213179005,-0.002289166347283558,0.5824300894086538,0.15373964586007105,0.32521582327950416,4
v13,SQL,ocr_only,7,360.0,420.0,aggregate function,0.048493453359070446,0.028446286255851407,0.3824542741228282,0.26928236898218405,0.3145511310384417,5
v13,SQL,ocr_only,7,360.0,420.0,count,0.04555026819567499,-0.03368566350352792,0.3590739636908414,0.03571188083024556,0.1650567139744839,6
v13,SQL,ocr_only,7,360.0,420.0,join,0.03844816692117758,-0.025049040308401622,0.3026557217866886,0.0681792394675058,0.16196983239517893,7
v13,SQL,ocr_only,7,360.0,420.0,where,0.04621059845764704,-0.0431853601609001,0.3643195482040259,0.0,0.14572781928161035,8
v13,SQL,ocr_only,7,360.0,420.0,inner join,0.03150146923388401,-0.037762372332398556,0.24747198736655643,0.020386450437343873,0.1112206652090289,9
v13,SQL,ocr_only,7,360.0,420.0,subquery,0.0003489366919393082,-0.003314635361559187,0.0,0.14988463568935145,0.08993078141361087,10
v13,SQL,ocr_only,7,360.0,420.0,having,0.010330091563483825,-0.03860824616096005,0.07928909885412207,0.017206586231935894,0.04203959128081036,11
v13,SQL,ocr_only,8,420.0,480.0,group by,0.12608572685597244,0.18349747559256474,1.0,1.0,1.0,1
v13,SQL,ocr_only,8,420.0,480.0,order by,0.10963302327569169,0.11669168190510057,0.8691334604660099,0.6788826218846561,0.7549829573171977,2
v13,SQL,ocr_only,8,420.0,480.0,aggregate function,0.0484369848264159,0.060391897489769523,0.3823737163322698,0.4082647882804633,0.3979083595011859,3
v13,SQL,ocr_only,8,420.0,480.0,select,0.05834578285825683,0.0003226655969346904,0.4611893409523121,0.1195282403536437,0.25619268059311107,4
v13,SQL,ocr_only,8,420.0,480.0,left join,0.07355674820271245,-0.024544188423101902,0.5821789635931879,0.0,0.23287158543727515,5
v13,SQL,ocr_only,8,420.0,480.0,join,0.038390392896717605,-0.003134720063370032,0.302462064515633,0.10290952276809141,0.18273053946710804,6
v13,SQL,ocr_only,8,420.0,480.0,count,0.04550910061472919,-0.011355980486330018,0.3590850165103827,0.06339214791023177,0.18166929535029216,7
v13,SQL,ocr_only,8,420.0,480.0,where,0.04615982178765956,-0.020512268538546728,0.3642609213510292,0.01938034817992779,0.15733257744836837,8
v13,SQL,ocr_only,8,420.0,480.0,inner join,0.031467362085162404,-0.011239677657836037,0.2473955472727593,0.06395118414484496,0.1373289293960107,9
v13,SQL,ocr_only,8,420.0,480.0,having,0.010334817259981666,-0.002848274560073403,0.07930505689688265,0.1042863888138997,0.09429385604709288,10
v13,SQL,ocr_only,8,420.0,480.0,subquery,0.00036448719556655864,-0.020084340817891497,0.0,0.021437280971154677,0.012862368582692806,11
v13,SQL,ocr_only,9,480.0,540.0,having,0.010345094996821024,0.10164370182674282,0.07934077113484768,1.0,0.631736308453939,1
v13,SQL,ocr_only,9,480.0,540.0,aggregate function,0.048311033664077616,0.06772410867101798,0.38219478191352346,0.7154802686138226,0.5821660739337029,2
v13,SQL,ocr_only,9,480.0,540.0,order by,0.10932007399306731,0.012269019951875258,0.8688634435085469,0.25031941382614775,0.49773702569910744,3
v13,SQL,ocr_only,9,480.0,540.0,group by,0.12575942194156836,-0.014032351317440841,1.0,0.029701818141013674,0.4178210908846082,4
v13,SQL,ocr_only,9,480.0,540.0,left join,0.07331121887001912,0.015176063857142631,0.5816210736269166,0.27470388528066164,0.39747076061916364,5
v13,SQL,ocr_only,9,480.0,540.0,inner join,0.03139147987963331,0.032108829674930124,0.24722762703520185,0.4167370152178003,0.34893325994476093,6
v13,SQL,ocr_only,9,480.0,540.0,where,0.046046852715285566,0.018051094724510053,0.3641334273009025,0.29881982931203305,0.3249452685075808,7
v13,SQL,ocr_only,9,480.0,540.0,count,0.0454174010663372,0.008731642883837215,0.35911229617212914,0.2206476672167713,0.27603351879891447,8
v13,SQL,ocr_only,9,480.0,540.0,join,0.03826175820636662,0.01237848815815731,0.3020317862225385,0.2512376401888198,0.27155529860230726,9
v13,SQL,ocr_only,9,480.0,540.0,select,0.05824944130726946,-0.01757331342372468,0.4614733858714956,0.0,0.18458935434859824,10
v13,SQL,ocr_only,9,480.0,540.0,subquery,0.0003988940435181343,-0.0011620225641311844,0.0,0.13765896441136696,0.08259537864682018,11
v13,SQL,ocr_only,10,540.0,600.0,having,0.01034203173311471,0.12239668876415322,0.07933018362936366,1.0,0.6317320734517454,1
v13,SQL,ocr_only,10,540.0,600.0,where,0.04608028213109967,0.0770471363356644,0.36417153923909357,0.6574347553839421,0.5401294689260028,2
v13,SQL,ocr_only,10,540.0,600.0,group by,0.1258559056257887,0.017725817669362938,1.0,0.20932841360883206,0.5255970481652993,3
v13,SQL,ocr_only,10,540.0,600.0,aggregate function,0.04834827715630419,0.06867613967412714,0.3822479355456067,0.5942012202005107,0.5094199063385491,4
v13,SQL,ocr_only,10,540.0,600.0,order by,0.1094126310243079,0.02320462275413521,0.8689436506826617,0.25071467000085035,0.4980062622735749,5
v13,SQL,ocr_only,10,540.0,600.0,left join,0.0733838604372234,0.03018024243430582,0.5817867881979849,0.3034076897578672,0.4147593291339143,6
v13,SQL,ocr_only,10,540.0,600.0,inner join,0.03141393465199399,0.05860998058217481,0.24727767198846415,0.5181626251754238,0.40980864390063987,7
v13,SQL,ocr_only,10,540.0,600.0,join,0.038299815729105194,0.045453647065480336,0.3021595892264253,0.4187812119519137,0.37213256286171836,8
v13,SQL,ocr_only,10,540.0,600.0,count,0.04544452631563218,0.024043787808001236,0.3591044319717288,0.25705362521775504,0.2978739479193445,9
v13,SQL,ocr_only,10,540.0,600.0,select,0.058277920046807936,-0.00998554539773886,0.4613892731923729,0.0,0.18455570927694917,10
v13,SQL,ocr_only,10,540.0,600.0,subquery,0.0003886948639108702,-0.008560274890706472,0.0,0.010766327642494722,0.006459796585496833,11
v13,SQL,ocr_only,11,600.0,660.0,group by,0.12537650954163215,0.35988896955529104,1.0,0.6476973213423335,0.7886183928054,1
v13,SQL,ocr_only,11,600.0,660.0,where,0.0459142255983248,0.5591697219781827,0.36398020704648787,1.0,0.7455920828185951,2
v13,SQL,ocr_only,11,600.0,660.0,left join,0.07302234963197622,0.42360389581384017,0.580954884587118,0.7603370967268028,0.6885842118709289,3
v13,SQL,ocr_only,11,600.0,660.0,order by,0.108952442157632,0.18177552252206028,0.8685410056363461,0.3328157096872508,0.547105828066889,4
v13,SQL,ocr_only,11,600.0,660.0,join,0.03811037991990978,0.3092247760170529,0.30151786558940313,0.5581295588838985,0.45548488156610034,5
v13,SQL,ocr_only,11,600.0,660.0,count,0.0453099714972993,0.24642644920659834,0.35914372929687094,0.44711021315404326,0.4119236196111743,6
v13,SQL,ocr_only,11,600.0,660.0,inner join,0.031302399634766144,0.26223468210830525,0.24702647676300207,0.47505713089899976,0.38384486924460065,7
v13,SQL,ocr_only,11,600.0,660.0,select,0.05813693327702369,0.16610425615938657,0.46181132416720483,0.30511093112533727,0.3677910883420843,8
v13,SQL,ocr_only,11,600.0,660.0,having,0.010357637192083208,0.2092161189705503,0.0793836302301763,0.38132714651809946,0.2605497400029302,9
v13,SQL,ocr_only,11,600.0,660.0,aggregate function,0.04816321623712715,0.06760076973229534,0.38198123205435175,0.13096946636540713,0.23137417264098498,10
v13,SQL,ocr_only,11,600.0,660.0,subquery,0.00043969967553511655,-0.006482384847077228,0.0,0.0,0.0,11
v13,SQL,ocr_only,12,660.0,720.0,where,0.046180489193882526,0.16603896662656736,0.36428522981733324,1.0,0.7457140919269333,1
v13,SQL,ocr_only,12,660.0,720.0,order by,0.10969011989978343,0.059264656537432486,0.8691832427447139,0.3895659555403292,0.5814128704220831,2
v13,SQL,ocr_only,12,660.0,720.0,left join,0.07360163301317604,0.06975884188156785,0.5822817899086651,0.4495617354014422,0.5026497572043314,3
v13,SQL,ocr_only,12,660.0,720.0,group by,0.12614517365461306,0.019787631474989766,1.0,0.16387383866328584,0.4983243031979715,4
v13,SQL,ocr_only,12,660.0,720.0,select,0.05836329485614349,0.06734424545003458,0.461137853622379,0.4357573674386963,0.44590956191216935,5
v13,SQL,ocr_only,12,660.0,720.0,count,0.045525837109781905,0.04447712683196735,0.35908078235405333,0.30502491230493806,0.3266472603245842,6
v13,SQL,ocr_only,12,660.0,720.0,aggregate function,0.048459935310416265,0.014743953002896232,0.3824066989869845,0.13503887783699695,0.23398600629699198,7
v13,SQL,ocr_only,12,660.0,720.0,having,0.010332853235558674,0.03735879789505866,0.07929852839379385,0.26432907152522184,0.19031685427265063,8
v13,SQL,ocr_only,12,660.0,720.0,join,0.03841391013220373,0.0033530893805734066,0.3025413605505784,0.06991674363581685,0.16296659040172146,9
v13,SQL,ocr_only,12,660.0,720.0,inner join,0.03148124418263316,-0.00578758303911164,0.2474270538962607,0.0176590645220738,0.10956626027174857,10
v13,SQL,ocr_only,12,660.0,720.0,subquery,0.0003581254195163406,-0.00887642522980718,0.0,0.0,0.0,11
v13,SQL,ocr_only,13,720.0,780.0,group by,0.12613271637222068,0.10602730828567708,1.0,0.946172942264622,0.9677037653587732,1
v13,SQL,ocr_only,13,720.0,780.0,order by,0.1096781708645682,0.11442967738760254,0.8691729558919252,1.0,0.9476691823567701,2
v13,SQL,ocr_only,13,720.0,780.0,where,0.04617617572515278,0.06322646142026506,0.36428035249602037,0.6719831718081362,0.5489020440832898,3
v13,SQL,ocr_only,13,720.0,780.0,select,0.058359619504463084,0.04085395723753499,0.46114865772892977,0.5286609659254121,0.5016560426468192,4
v13,SQL,ocr_only,13,720.0,780.0,aggregate function,0.04845512502010555,0.03472760273395288,0.3823998563007407,0.4894144589496426,0.4466086178900819,5
v13,SQL,ocr_only,13,720.0,780.0,left join,0.07359225066012012,0.007393956944392324,0.5822604871110524,0.3143103053251731,0.4214903780395248,6
v13,SQL,ocr_only,13,720.0,780.0,count,0.045522336920990454,0.011970191556187308,0.3590818012487718,0.3436264710007892,0.34980860309998224,7
v13,SQL,ocr_only,13,720.0,780.0,join,0.03840899592974888,-0.026325547845795952,0.3025249443496167,0.09829721316835524,0.17998830564085982,8
v13,SQL,ocr_only,13,720.0,780.0,having,0.010333249860307581,-0.00813501007634557,0.0792998867091198,0.21482900496138715,0.1606173576604802,9
v13,SQL,ocr_only,13,720.0,780.0,subquery,0.0003594435765778873,-0.010298127914453654,0.0,0.2009716907506143,0.12058301445036858,10
v13,SQL,ocr_only,13,720.0,780.0,inner join,0.031478346777314675,-0.04166967961669009,0.2474206364280508,0.0,0.09896825457122033,11
v13,SQL,ocr_only,14,780.0,840.0,left join,0.07295122972722322,0.4002283904299619,0.5703218069470491,1.0,0.8281287227788197,1
v13,SQL,ocr_only,14,780.0,840.0,group by,0.1270983891329625,-0.006531055552464745,1.0,0.14155820508376682,0.4849349230502601,2
v13,SQL,ocr_only,14,780.0,840.0,count,0.045779504103598455,0.16063249990419293,0.3547038854120526,0.49434701922968877,0.4384897657026343,3
v13,SQL,ocr_only,14,780.0,840.0,order by,0.10981809061685532,-0.0019892816304630423,0.8628742943617921,0.15114335079142258,0.4358357282195704,4
v13,SQL,ocr_only,14,780.0,840.0,aggregate function,0.0488224886852783,0.10835707497336128,0.3788511191892985,0.3840228213508995,0.3819541404862591,5
v13,SQL,ocr_only,14,780.0,840.0,inner join,0.03136491400354399,0.1253568616501806,0.24031866011556433,0.41989986743349333,0.34806738450632174,6
v13,SQL,ocr_only,14,780.0,840.0,join,0.038005347507307184,0.09144508082112476,0.2930130119578295,0.3483310562080048,0.32620383850793466,7
v13,SQL,ocr_only,14,780.0,840.0,where,0.04599539129242521,0.042886627068611835,0.3564170319227176,0.24585130654420717,0.2900775966956114,8
v13,SQL,ocr_only,14,780.0,840.0,select,0.05931992599879883,-0.07360623457465855,0.46215225531652504,0.0,0.18486090212661002,9
v13,SQL,ocr_only,14,780.0,840.0,having,0.01116836927046789,0.035058972969948816,0.08005143756757212,0.22933150472814806,0.16961947786391768,10
v13,SQL,ocr_only,14,780.0,840.0,subquery,0.0010804522648781925,-0.0064104199449427045,0.0,0.14181279941089278,0.08508767964653567,11
v13,SQL,ocr_only,15,840.0,900.0,left join,0.0737736772171716,0.25550300131560927,0.5826715089952895,1.0,0.8330686035981159,1
v13,SQL,ocr_only,15,840.0,900.0,order by,0.10990929812774865,0.038466928802052644,0.8693718775725883,0.3928427919316739,0.5834544261880397,2
v13,SQL,ocr_only,15,840.0,900.0,group by,0.12637362405701486,-0.023638074830708594,1.0,0.2191043890199401,0.5314626334119641,3
v13,SQL,ocr_only,15,840.0,900.0,inner join,0.031534408548389306,0.1135929086871147,0.24754473960218976,0.6030073036285135,0.460822278017984,4
v13,SQL,ocr_only,15,840.0,900.0,join,0.03850404894949594,0.060042320919809704,0.3028419344890119,0.45319983161399907,0.3930566727640042,5
v13,SQL,ocr_only,15,840.0,900.0,aggregate function,0.04854811977288081,0.008531119222248524,0.3825316903176727,0.3090975308087625,0.33847119461232655,6
v13,SQL,ocr_only,15,840.0,900.0,select,0.058430682222301994,-0.0172321617125041,0.46094003713282033,0.23702489540827035,0.32659095209809036,7
v13,SQL,ocr_only,15,840.0,900.0,count,0.04559004596820222,0.0048157260357841085,0.3590623039141872,0.29870373899413727,0.32284716496215726,8
v13,SQL,ocr_only,15,840.0,900.0,subquery,0.00033395033809411056,0.005627733702108565,0.0,0.30097532593314635,0.1805851955598878,9
v13,SQL,ocr_only,15,840.0,900.0,where,0.04625963790223918,-0.10195972766039685,0.3643748528464401,0.0,0.14574994113857606,10
v13,SQL,ocr_only,15,840.0,900.0,having,0.010325570752842713,-0.042086235869915854,0.07927361377522105,0.16749576092029406,0.13220690206226485,11
v13,SQL,ocr_only,16,900.0,960.0,left join,0.07374087529165321,0.25783101847457335,0.5825970508550915,1.0,0.8330388203420366,1
v13,SQL,ocr_only,16,900.0,960.0,order by,0.10986753499944296,0.013834511838775307,0.8693358259445045,0.21037291332738914,0.4739580783742353,2
v13,SQL,ocr_only,16,900.0,960.0,group by,0.12633011544615905,-0.03800324926184442,1.0,0.042614362838749774,0.4255686177032499,3
v13,SQL,ocr_only,16,900.0,960.0,inner join,0.031524275066494745,0.10078875239203249,0.24752216890049922,0.4917762194181009,0.39407459921106025,4
v13,SQL,ocr_only,16,900.0,960.0,join,0.038486861393246925,0.05112304400556862,0.30278450123167616,0.33104691570199135,0.3197419499138653,5
v13,SQL,ocr_only,16,900.0,960.0,count,0.04557781742657423,-0.01577119087892485,0.3590657091721583,0.11456225969058356,0.21236363948321346,6
v13,SQL,ocr_only,16,900.0,960.0,select,0.05841786667156917,-0.048122542187660405,0.46097770497739804,0.009866075158853477,0.1903107270862713,7
v13,SQL,ocr_only,16,900.0,960.0,aggregate function,0.0485313246233952,-0.03459890401836822,0.38250781654339705,0.05363158293627502,0.18518207637912382,8
v13,SQL,ocr_only,16,900.0,960.0,having,0.010326980125917816,0.019605801787732333,0.0792783723349545,0.22905009412629346,0.1691414054097579,9
v13,SQL,ocr_only,16,900.0,960.0,where,0.046244551351602776,-0.05117118111304287,0.3643576035936074,0.0,0.14574304143744296,10
v13,SQL,ocr_only,16,900.0,960.0,subquery,0.00033857594640194545,0.0009684023108351596,0.0,0.1687353148083144,0.10124118888498865,11
v13,SQL,ocr_only,17,960.0,1020.0,left join,0.05422697017545695,0.17659816473807857,0.5725801374152939,0.8945539197778754,0.7657644068328427,1
v13,SQL,ocr_only,17,960.0,1020.0,where,0.03890976702184027,0.2110658808130542,0.40866814660157313,1.0,0.7634672586406293,2
v13,SQL,ocr_only,17,960.0,1020.0,count,0.03824262454304124,0.17498387718535352,0.4015289416984555,0.8896153768696085,0.6943808028011472,3
v13,SQL,ocr_only,17,960.0,1020.0,group by,0.09416838528852896,0.019869888660613684,1.0,0.4150796680928835,0.6490478008557301,4
v13,SQL,ocr_only,17,960.0,1020.0,order by,0.08216942849528468,0.029468174311688033,0.8715971267114717,0.44444342392040886,0.615304905036834,5
v13,SQL,ocr_only,17,960.0,1020.0,having,0.008408131027753674,0.158808935603501,0.08226496263089626,0.8401318490397359,0.5369850944762,6
v13,SQL,ocr_only,17,960.0,1020.0,aggregate function,0.03594795150398186,0.05784062640347844,0.37697325602094434,0.5312424405091934,0.46953476671389377,7
v13,SQL,ocr_only,17,960.0,1020.0,join,0.028557799584940074,-0.02866188851334,0.29788998596717087,0.2666078152415011,0.279120683531769,8
v13,SQL,ocr_only,17,960.0,1020.0,select,0.04810934606320535,-0.1158093904380772,0.5071144034146051,0.0,0.20284576136584206,9
v13,SQL,ocr_only,17,960.0,1020.0,subquery,0.0007206571657947941,-0.02171520419939809,0.0,0.28785960430267155,0.17271576258160293,10
v13,SQL,ocr_only,17,960.0,1020.0,inner join,0.02658552609031242,-0.08206721638598015,0.27678435253713957,0.10322645063649874,0.17264961139675505,11
v14,Python,ocr_only,1,0.0,60.0,for,0.0637073247818185,0.008140857234229948,0.8945836065131375,0.8253090543757541,0.8530188752307075,1
v14,Python,ocr_only,1,0.0,60.0,break,0.03293607449246162,0.012395138884858152,0.4578966388985061,1.0,0.7831586555594025,2
v14,Python,ocr_only,1,0.0,60.0,continue,0.03197422388073099,0.01223929665951095,0.4442466369328659,0.9936007467417984,0.7738591028182255,3
v14,Python,ocr_only,1,0.0,60.0,list,0.06541363072309686,-0.0013304210209502728,0.918798468123015,0.43639579226874886,0.6293568626104553,4
v14,Python,ocr_only,1,0.0,60.0,for loop,0.07113551584120492,-0.005414058863695619,1.0,0.26871188816456243,0.5612271328987375,5
v14,Python,ocr_only,1,0.0,60.0,index,0.04894732408325804,-0.009598250349607906,0.6851186063446664,0.09689901177942649,0.33218684960552247,6
v14,Python,ocr_only,1,0.0,60.0,range,0.03085186315111476,-0.010271640008720306,0.4283187724822174,0.06924802719861876,0.21287632531205822,7
v14,Python,ocr_only,1,0.0,60.0,iteration,0.0018303967416642107,-0.010564517440713132,0.01646367907848033,0.05722178170091587,0.04091854065194166,8
v14,Python,ocr_only,1,0.0,60.0,nested loop,0.000670279707774069,-0.011958050316939499,0.0,0.0,0.0,9
v14,Python,ocr_only,2,60.0,120.0,break,0.03369570266626126,0.07333087012421435,0.3848414409798538,1.0,0.7539365763919414,1
v14,Python,ocr_only,2,60.0,120.0,for,0.08063535385809224,-0.001425567685085566,0.9363637760019302,0.14709310655015573,0.46280137433086554,2
v14,Python,ocr_only,2,60.0,120.0,for loop,0.0860513850284619,-0.0074042659155071485,1.0,0.07888128314049897,0.4473287698842994,3
v14,Python,ocr_only,2,60.0,120.0,continue,0.03185556142887769,0.024675862059753625,0.3632205092889761,0.4448880525193534,0.41222103522720255,4
v14,Python,ocr_only,2,60.0,120.0,list,0.07014532916318601,-0.0019112598835914648,0.8131101350549605,0.14155177477539643,0.41017511888722213,5
v14,Python,ocr_only,2,60.0,120.0,index,0.04838543592660003,-0.0067295987689209545,0.5574399964204076,0.0865786571322265,0.274923192847499,6
v14,Python,ocr_only,2,60.0,120.0,range,0.044980613616803285,-0.014318131640708089,0.5174346810217034,0.0,0.20697387240868137,7
v14,Python,ocr_only,2,60.0,120.0,iteration,0.0025224066996237847,-0.004793797514252429,0.018567543638957434,0.10866449057800161,0.07262571180238393,8
v14,Python,ocr_only,2,60.0,120.0,nested loop,0.0009421370232073706,-0.008430347066680914,0.0,0.067174576497955,0.040304745898772996,9
v14,Python,ocr_only,3,120.0,180.0,break,0.03180052679623541,0.1549026153726761,0.21977885451455348,1.0,0.6879115418058214,1
v14,Python,ocr_only,3,120.0,180.0,for loop,0.13814636802574817,0.020329358199727567,1.0,0.18692620519765357,0.5121557231185921,2
v14,Python,ocr_only,3,120.0,180.0,for,0.13582244598523874,0.007982962303673048,0.9829502207561459,0.11233091654802227,0.46057863823127176,3
v14,Python,ocr_only,3,120.0,180.0,range,0.09375857949969237,-0.00988787157014236,0.6743427781569519,0.004357705381768046,0.2723517344918416,4
v14,Python,ocr_only,3,120.0,180.0,continue,0.027950580047444946,0.03905821191958305,0.1915331814570004,0.3000834586237972,0.2566633477570785,5
v14,Python,ocr_only,3,120.0,180.0,list,0.07634057696802389,-0.010609122963033667,0.5465531652279664,0.0,0.21862126609118657,6
v14,Python,ocr_only,3,120.0,180.0,index,0.040139662979632666,0.007902962955571559,0.28096009404537325,0.11184757108318746,0.17949258026806178,7
v14,Python,ocr_only,3,120.0,180.0,nested loop,0.0018441903100373963,0.016032999822517914,0.0,0.16096817696103818,0.0965809061766229,8
v14,Python,ocr_only,3,120.0,180.0,iteration,0.005095821312119987,-0.007177643198926637,0.02385604585764292,0.020732546214618997,0.021981946071828566,9
v14,Python,ocr_only,4,180.0,240.0,continue,0.028007246357635414,0.1360145221262512,0.23926173070280066,1.0,0.6957046922811203,1
v14,Python,ocr_only,4,180.0,240.0,for,0.11053296145117936,0.014196085160659865,0.9803715218617923,0.12446923133818234,0.46683014754762636,2
v14,Python,ocr_only,4,180.0,240.0,for loop,0.11271867565152795,0.00611389717354234,1.0,0.06638110907119703,0.43982866544271826,3
v14,Python,ocr_only,4,180.0,240.0,range,0.07478674085166451,0.008935072121682217,0.6593579559302422,0.08665739509489678,0.31573761942903494,4
v14,Python,ocr_only,4,180.0,240.0,list,0.0641005831127496,0.016789934397188677,0.5633925211417974,0.14311168704866237,0.31122402068591637,5
v14,Python,ocr_only,4,180.0,240.0,break,0.027953959316212976,0.03986009006298801,0.23878319442964874,0.308920998236347,0.2808658767136677,6
v14,Python,ocr_only,4,180.0,240.0,iteration,0.004995570328826838,0.03448418719444859,0.032608829887611504,0.2702834283578806,0.17521358896977296,7
v14,Python,ocr_only,4,180.0,240.0,index,0.03739412313498788,-0.0031221493944785326,0.323559167934497,0.0,0.1294236671737988,8
v14,Python,ocr_only,4,180.0,240.0,nested loop,0.0013644389675336384,-0.001650576003648148,0.0,0.010576459640341027,0.006345875784204616,9
v14,Python,ocr_only,5,240.0,300.0,for,0.08705369199666245,0.10537957816308931,0.9437883107394438,1.0,0.9775153242957775,1
v14,Python,ocr_only,5,240.0,300.0,for loop,0.09217619890552914,0.06168555327227486,1.0,0.6535215556553237,0.7921129333931942,2
v14,Python,ocr_only,5,240.0,300.0,break,0.03339189834004196,0.05467458095453356,0.35493208782858104,0.5979269797821986,0.5007290230007515,3
v14,Python,ocr_only,5,240.0,300.0,range,0.05070534506737641,0.031319344945260716,0.5449207212809923,0.41272806848902593,0.46560512960581246,4
v14,Python,ocr_only,5,240.0,300.0,list,0.07068981244209677,0.0019023420127428354,0.764219726649057,0.17946145048322476,0.41336476094955765,5
v14,Python,ocr_only,5,240.0,300.0,index,0.04730409219663433,0.020276307869829816,0.5075971660631766,0.3251606192486095,0.3981352379744364,6
v14,Python,ocr_only,5,240.0,300.0,continue,0.03133433252634846,0.00936078176456639,0.33235344572811165,0.23860428772259246,0.2761039509248001,7
v14,Python,ocr_only,5,240.0,300.0,nested loop,0.0010473433907535656,0.00794384138331273,0.0,0.22736844254118121,0.13642106552470873,8
v14,Python,ocr_only,5,240.0,300.0,iteration,0.0028277530175404688,-0.02072934896932321,0.01953727627467272,0.0,0.00781491050986909,9
v14,Python,ocr_only,6,300.0,360.0,for,0.1346724076669819,0.12513395614838976,0.9898640446687336,1.0,0.9959456178674935,1
v14,Python,ocr_only,6,300.0,360.0,range,0.09497880144153639,0.11380338798860071,0.6941984662812003,0.9291449067652885,0.8351663305716532,2
v14,Python,ocr_only,6,300.0,360.0,for loop,0.13603317689088748,0.06974387551757591,1.0,0.6536211360254005,0.7921726816152403,3
v14,Python,ocr_only,6,300.0,360.0,break,0.02871999991153418,0.0256439648855196,0.2006568423136999,0.37784473757734893,0.3069695794718893,4
v14,Python,ocr_only,6,300.0,360.0,index,0.03599421161721048,0.0029565967595882076,0.2548402289038914,0.23597051193013152,0.2435183987196355,5
v14,Python,ocr_only,6,300.0,360.0,list,0.06999077110691465,-0.03477788141360334,0.5080702420102841,0.0,0.20322809680411363,6
v14,Python,ocr_only,6,300.0,360.0,continue,0.026884673263416106,-0.01000110256703575,0.18698605332406099,0.15494024222542227,0.16775856666487776,7
v14,Python,ocr_only,6,300.0,360.0,nested loop,0.00178147792098394,0.0012309851700969246,0.0,0.22517949348021649,0.1351076960881299,8
v14,Python,ocr_only,6,300.0,360.0,iteration,0.005755908438006473,-0.028921433132792933,0.029604321937955643,0.03662298157595767,0.03381551772075686,9
v14,Python,ocr_only,7,360.0,420.0,range,0.24377203961018992,0.08738427526584651,0.8159479590776574,1.0,0.926379183631063,1
v14,Python,ocr_only,7,360.0,420.0,for,0.2980557793542246,-0.01598926916515374,1.0,0.3652100027651299,0.6191260016590779,2
v14,Python,ocr_only,7,360.0,420.0,for loop,0.2882574506138896,-0.07238838832068985,0.96677822105127,0.018877709625189025,0.3980379141956214,3
v14,Python,ocr_only,7,360.0,420.0,list,0.07613679098066378,-0.02486460943069364,0.24757131836953142,0.310708851105566,0.28545383801115215,4
v14,Python,ocr_only,7,360.0,420.0,break,0.01699341903681712,-0.0133600766795459,0.04704242399669275,0.38135518865244317,0.24763008279014298,5
v14,Python,ocr_only,7,360.0,420.0,continue,0.013070581251645242,-0.04511451161928746,0.033741824149065104,0.18635947888408885,0.12531241699007936,6
v14,Python,ocr_only,7,360.0,420.0,iteration,0.014772299989068031,-0.05119545045740517,0.03951159624242709,0.1490180181701176,0.10521544939904139,7
v14,Python,ocr_only,7,360.0,420.0,nested loop,0.00436618793490853,-0.06718067064043913,0.0042290941402185105,0.05085694676988127,0.032205805718016164,8
v14,Python,ocr_only,7,360.0,420.0,index,0.003118871988232844,-0.07546256365929867,0.0,0.0,0.0,9
v14,Python,ocr_only,8,420.0,480.0,list,0.05888434624458998,0.03647046984395324,0.23308691281646648,1.0,0.6932347651265865,1
v14,Python,ocr_only,8,420.0,480.0,range,0.19539880815920402,-0.00906390215526215,0.806922250636282,0.5797545780571582,0.6706216470888078,2
v14,Python,ocr_only,8,420.0,480.0,for,0.24020233226112359,-0.042565621981086633,0.9952528130394364,0.270560802764571,0.5604376068745172,3
v14,Python,ocr_only,8,420.0,480.0,break,0.015088719038091376,0.01341983671033015,0.04899302136640999,0.7872613012548849,0.4919539892994949,4
v14,Python,ocr_only,8,420.0,480.0,for loop,0.24133168005624475,-0.06808725303724622,1.0,0.03501679192260465,0.4210100751535628,5
v14,Python,ocr_only,8,420.0,480.0,continue,0.014676919853049636,0.00010698475254083857,0.04726203315352633,0.6643944461160866,0.41754148093106247,6
v14,Python,ocr_only,8,420.0,480.0,iteration,0.012629092657291566,-0.026053934889228844,0.038654039581318286,0.42295031873342015,0.2692318070725794,7
v14,Python,ocr_only,8,420.0,480.0,nested loop,0.003433361640937207,-0.05302862064146123,0.0,0.1739957883861521,0.10439747303169125,8
v14,Python,ocr_only,8,420.0,480.0,index,0.00593693973735941,-0.07188138747957185,0.010523731790535895,0.0,0.004209492716214358,9
v14,Python,ocr_only,9,480.0,540.0,break,0.023930474479902868,0.25071930917249985,0.14013264689697436,1.0,0.6560530587587897,1
v14,Python,ocr_only,9,480.0,540.0,for loop,0.15687338423770442,-0.03246078692159132,0.9938402470707889,0.0934348679410931,0.45359701959297144,2
v14,Python,ocr_only,9,480.0,540.0,for,0.15783260666659193,-0.06164666000056852,1.0,0.0,0.4,3
v14,Python,ocr_only,9,480.0,540.0,range,0.11828777309963251,-0.033861075665722926,0.7460584770919632,0.08895202127300499,0.35179460360058823,4
v14,Python,ocr_only,9,480.0,540.0,list,0.06459629295288559,-0.024162380717259496,0.4012726983741218,0.1200011620425291,0.2325097765751662,5
v14,Python,ocr_only,9,480.0,540.0,continue,0.02366314573719692,0.0036729002451806724,0.1384159658057544,0.2091122807605155,0.18083375477861105,6
v14,Python,ocr_only,9,480.0,540.0,index,0.026985059389042602,-0.004995634501892995,0.15974800176666723,0.18136106711191596,0.17271584097381648,7
v14,Python,ocr_only,9,480.0,540.0,nested loop,0.0021084339747540998,0.0041571986052782355,0.0,0.21066270048574884,0.1263976202914493,8
v14,Python,ocr_only,9,480.0,540.0,iteration,0.007708829020891671,-0.028925379534803678,0.03596355626316396,0.10475302592144861,0.07723723805813475,9
v14,Python,ocr_only,10,540.0,600.0,break,0.008670646748496921,0.3565612568794552,0.05465008617099492,1.0,0.621860034468398,1
v14,Python,ocr_only,10,540.0,600.0,for loop,0.1300806858946708,0.016043079874639068,1.0,0.07150205220291835,0.442901231321751,2
v14,Python,ocr_only,10,540.0,600.0,for,0.1266286448597707,-0.0011348575171691545,0.9731209484995884,0.024662615448107154,0.40404594866869964,3
v14,Python,ocr_only,10,540.0,600.0,range,0.10045160413268973,0.01051159709079485,0.769295438107895,0.05641924382466956,0.3415697215379598,4
v14,Python,ocr_only,10,540.0,600.0,list,0.031580540651226424,-0.0056128596751346205,0.2330362095845752,0.012452354455657896,0.10068589650722481,5
v14,Python,ocr_only,10,540.0,600.0,index,0.008014204784879847,0.03814105363325649,0.04953875140738447,0.13175705375914906,0.09886973281844323,6
v14,Python,ocr_only,10,540.0,600.0,iteration,0.007112145677130848,0.032136575187815784,0.042514937678500925,0.11538451833909524,0.08623668607485752,7
v14,Python,ocr_only,10,540.0,600.0,nested loop,0.0016520084598574615,0.016472099927116117,0.0,0.07267187004287201,0.0436031220257232,8
v14,Python,ocr_only,10,540.0,600.0,continue,0.01191413028039664,-0.010179647408719478,0.07990522074595009,0.0,0.031962088298380036,9
v14,Python,ocr_only,11,600.0,660.0,break,0.00696694103938653,0.38169853561618505,0.03930601328514134,1.0,0.6157224053140565,1
v14,Python,ocr_only,11,600.0,660.0,for loop,0.1329365242517194,0.034213337478682194,1.0,0.12942474160063766,0.47765484496038263,2
v14,Python,ocr_only,11,600.0,660.0,for,0.1318093677382576,0.010951754364071614,0.9914038575269081,0.07114611897347509,0.4392492143948483,3
v14,Python,ocr_only,11,600.0,660.0,range,0.10674356738552296,0.02274416817992817,0.800242125805708,0.10069035210892253,0.3805110615876367,4
v14,Python,ocr_only,11,600.0,660.0,index,0.005124629935451406,0.05421893073123738,0.025255818356535693,0.17954593988081294,0.11782989127110204,5
v14,Python,ocr_only,11,600.0,660.0,iteration,0.007504670010809377,0.04336557732366944,0.04340694762305632,0.15235439043370774,0.10877541330944718,6
v14,Python,ocr_only,11,600.0,660.0,list,0.02972229544793968,-0.017445817252731012,0.21284736817724992,0.0,0.08513894727089998,7
v14,Python,ocr_only,11,600.0,660.0,nested loop,0.001812997973500269,0.026969946863260458,0.0,0.11127744585823604,0.06676646751494163,8
v14,Python,ocr_only,11,600.0,660.0,continue,0.009738344407444505,-0.007474044244853366,0.060441834191738875,0.024982873830492344,0.03916645797499096,9
v15,Python,ocr_only,1,0.0,60.0,for loop,0.1163319044272537,0.0,1.0,0.0,0.4,1
v15,Python,ocr_only,1,0.0,60.0,for,0.09600644664988423,0.0,0.8233589740830288,0.0,0.32934358963321153,2
v15,Python,ocr_only,1,0.0,60.0,range,0.07089759195932081,0.0,0.6051472171463894,0.0,0.24205888685855578,3
v15,Python,ocr_only,1,0.0,60.0,list,0.029964213199462093,0.0,0.24941038220828968,0.0,0.09976415288331587,4
v15,Python,ocr_only,1,0.0,60.0,index,0.01696902479761937,0.0,0.13647401263526915,0.0,0.05458960505410766,5
v15,Python,ocr_only,1,0.0,60.0,continue,0.014785006326807973,0.0,0.1174935169666659,0.0,0.04699740678666636,6
v15,Python,ocr_only,1,0.0,60.0,break,0.013321813345924515,0.0,0.104777448670013,0.0,0.041910979468005205,7
v15,Python,ocr_only,1,0.0,60.0,iteration,0.004675904168116543,0.0,0.02963905405764772,0.0,0.011855621623059089,8
v15,Python,ocr_only,1,0.0,60.0,nested loop,0.00126544310063465,0.0,0.0,0.0,0.0,9
v15,Python,ocr_only,2,60.0,120.0,continue,0.01886956024071437,0.006219332106835452,0.25096125972415917,1.0,0.7003845038896637,1
v15,Python,ocr_only,2,60.0,120.0,range,0.058423102857904814,-0.0013378062535819326,0.7903192433009628,0.610193506235909,0.6822438010619305,2
v15,Python,ocr_only,2,60.0,120.0,iteration,0.008214868628581446,0.005613374888927397,0.10567230193924723,0.9687439812242981,0.6235153095102777,3
v15,Python,ocr_only,2,60.0,120.0,for loop,0.07379993419930854,-0.008481481675737701,1.0,0.2417139394881784,0.5450283636929071,4
v15,Python,ocr_only,2,60.0,120.0,index,0.007097573218447474,0.003100388503849947,0.09043669573067542,0.8391210518923762,0.5396473094276959,5
v15,Python,ocr_only,2,60.0,120.0,list,0.007749750810192825,0.0013316254107104766,0.09932988626539305,0.747886075535804,0.48846359982763965,6
v15,Python,ocr_only,2,60.0,120.0,for,0.07172638189433814,-0.011506755960855045,0.9717247327028602,0.08566657003243018,0.4400898351006022,7
v15,Python,ocr_only,2,60.0,120.0,nested loop,0.00046544426576315126,0.0002948784071264306,0.0,0.694409389637836,0.41664563378270164,8
v15,Python,ocr_only,2,60.0,120.0,break,0.003534399993152066,-0.013167564933907352,0.0418487362517958,0.0,0.016739494500718318,9
v15,Python,ocr_only,3,120.0,180.0,for,0.0676399340484704,-0.0004895566208002128,1.0,0.7825419405435389,0.8695251643261233,1
v15,Python,ocr_only,3,120.0,180.0,for loop,0.0666478382817895,0.00018629344374939793,0.9852606001740007,0.7899961873183958,0.8681019524606378,2
v15,Python,ocr_only,3,120.0,180.0,range,0.05631755953809743,-0.017342715910686052,0.8317853875675619,0.5966610553112536,0.6907107882137768,3
v15,Python,ocr_only,3,120.0,180.0,break,0.0018952264332985946,0.019226592838620687,0.023241944449177737,1.0,0.6092967777796711,4
v15,Python,ocr_only,3,120.0,180.0,continue,0.019561509700448742,-1.4596795285905807e-05,0.2857069415381532,0.7877804807660451,0.5869510650748884,5
v15,Python,ocr_only,3,120.0,180.0,index,0.0054473254129252194,-0.011100499406870646,0.07601488113592485,0.6655091988303817,0.429711471752599,6
v15,Python,ocr_only,3,120.0,180.0,nested loop,0.0003308320231009209,-0.00972270293195005,0.0,0.6807055204234412,0.40842331225406475,7
v15,Python,ocr_only,3,120.0,180.0,iteration,0.00880902145055624,-0.04999084929423948,0.125959033360151,0.23657047347247298,0.1923258974275442,8
v15,Python,ocr_only,3,120.0,180.0,list,0.004025111250758428,-0.07143985341175811,0.05488528470139294,0.0,0.02195411388055718,9
v15,Python,ocr_only,4,180.0,240.0,for,0.0663223645931888,0.05929943360689999,1.0,1.0,1.0,1
v15,Python,ocr_only,4,180.0,240.0,for loop,0.0643146054961011,0.03538877913991305,0.9695957379154249,0.7908634542202969,0.8623563676983481,2
v15,Python,ocr_only,4,180.0,240.0,range,0.05565007363595458,0.005207139798961485,0.8383854259321942,0.5268772130050928,0.6514804981759335,3
v15,Python,ocr_only,4,180.0,240.0,continue,0.019787785212922175,0.026906340535251587,0.2953091087843328,0.7166710931531156,0.5481262994056025,4
v15,Python,ocr_only,4,180.0,240.0,break,0.0013533826447194343,0.021219145160681217,0.016149916892637565,0.6669275615632908,0.4066165036950295,5
v15,Python,ocr_only,4,180.0,240.0,index,0.004898422922187155,0.0012648000249127088,0.06983381445427597,0.4923952073463664,0.3233706501895302,6
v15,Python,ocr_only,4,180.0,240.0,nested loop,0.000286915632028689,-0.002352933757510284,0.0,0.4607523952330003,0.2764514371398002,7
v15,Python,ocr_only,4,180.0,240.0,iteration,0.009006549619083178,-0.04408512892084277,0.13204474451567813,0.09573824824199978,0.11026084675147112,8
v15,Python,ocr_only,4,180.0,240.0,list,0.0028005442997899874,-0.05503091634625238,0.038064838012076406,0.0,0.015225935204830563,9
v15,Python,ocr_only,5,240.0,300.0,for,0.097895966972423,0.11462081866029263,1.0,0.7750481583444024,0.8650288950066415,1
v15,Python,ocr_only,5,240.0,300.0,continue,0.019157807275230834,0.1500388381489548,0.1889742566539779,1.0,0.6755897026615911,2
v15,Python,ocr_only,5,240.0,300.0,for loop,0.09322018604911074,0.05954491585934303,0.9518381085659574,0.42524243953834884,0.6358807071493923,3
v15,Python,ocr_only,5,240.0,300.0,range,0.08189141604154776,0.03233589823618673,0.83514851165495,0.25242875000023257,0.4855166546621196,4
v15,Python,ocr_only,5,240.0,300.0,list,0.011567893481393168,-0.0074082813233425785,0.11079595657365574,0.0,0.0443183826294623,5
v15,Python,ocr_only,5,240.0,300.0,iteration,0.010141357524550204,-0.006838489491262585,0.09610222497949897,0.003618940975164983,0.040612254576898585,6
v15,Python,ocr_only,5,240.0,300.0,index,0.003808487049380303,-0.001448048876257864,0.030871833459160954,0.037855455641622,0.035062006768637584,7
v15,Python,ocr_only,5,240.0,300.0,break,0.002797706762984119,-0.0054234337546859145,0.020460505123743897,0.012606439389358884,0.015748065683112888,8
v15,Python,ocr_only,5,240.0,300.0,nested loop,0.0008113055505244217,-0.00413465637645094,0.0,0.02079190116569664,0.012475140699417983,9
v15,Python,ocr_only,6,300.0,360.0,for,0.09110592184822687,0.11318629226754646,1.0,0.6183470878240733,0.771008252694444,1
v15,Python,ocr_only,6,300.0,360.0,continue,0.019379626266761946,0.18862572248243728,0.20671572607404576,1.0,0.6826862904296183,2
v15,Python,ocr_only,6,300.0,360.0,for loop,0.08651776926804276,0.06302661796621245,0.9492555797183342,0.36458608092928085,0.5984538804449022,3
v15,Python,ocr_only,6,300.0,360.0,range,0.0764324891491977,0.037414501011697715,0.837713584532885,0.23501273984177717,0.4760930777182203,4
v15,Python,ocr_only,6,300.0,360.0,iteration,0.01000293383129524,0.011100020842138602,0.10301062614946001,0.10188609823671443,0.10233590940181267,5
v15,Python,ocr_only,6,300.0,360.0,list,0.009312258642350135,-0.0019951930328360704,0.09537184094050277,0.03563657200468602,0.05953067957901273,6
v15,Python,ocr_only,6,300.0,360.0,index,0.003786696226123205,0.005165815281311114,0.03425977968242996,0.07186457199653687,0.0568226550708941,7
v15,Python,ocr_only,6,300.0,360.0,nested loop,0.000689033553577643,0.0016587895558471417,0.0,0.05412230409516795,0.03247338245710077,8
v15,Python,ocr_only,6,300.0,360.0,break,0.0022795129547166283,-0.009039296722541957,0.017590512471032563,0.0,0.007036204988413026,9
v15,Python,ocr_only,7,360.0,420.0,for,0.16883198293817367,0.18236595670902356,1.0,0.8128015627731884,0.887680937663913,1
v15,Python,ocr_only,7,360.0,420.0,for loop,0.16177656585744993,0.10083405420897643,0.9576942065887928,0.48022060809842143,0.6712100474945699,2
v15,Python,ocr_only,7,360.0,420.0,continue,0.017100440363689448,0.22825747430077212,0.09018514133519549,1.0,0.6360740565340782,3
v15,Python,ocr_only,7,360.0,420.0,range,0.13947614162378846,0.10089114245028982,0.8239760819453688,0.4804534796642076,0.6178625205766721,4
v15,Python,ocr_only,7,360.0,420.0,list,0.03401892509620331,0.0014618410506661548,0.19163200290768992,0.0748663295040251,0.12157259886549103,5
v15,Python,ocr_only,7,360.0,420.0,iteration,0.01190540792902766,0.021972508672863583,0.05903461310550543,0.15853244313118237,0.11873331112091158,6
v15,Python,ocr_only,7,360.0,420.0,index,0.003265213409177953,0.006269121257855891,0.007226154412385857,0.09447595213849447,0.059576033048051015,7
v15,Python,ocr_only,7,360.0,420.0,nested loop,0.002060093987978577,0.006459074597920488,0.0,0.09525080052599907,0.05715048031559944,8
v15,Python,ocr_only,7,360.0,420.0,break,0.007586587616576937,-0.01689156792197845,0.033138040609762456,0.0,0.013255216243904983,9
v15,Python,ocr_only,8,420.0,480.0,for,0.1984749221792528,0.1930879291326168,1.0,1.0,1.0,1
v15,Python,ocr_only,8,420.0,480.0,for loop,0.19059433505922857,0.09651358278602264,0.959770277804736,0.5496981795032957,0.7137270188238718,2
v15,Python,ocr_only,8,420.0,480.0,range,0.1634756005757135,0.11101922340585817,0.8213314612618915,0.6173343233208327,0.6989331784972563,3
v15,Python,ocr_only,8,420.0,480.0,continue,0.016210667964596654,0.18119896744695488,0.06955659502181238,0.9445647701134252,0.5945615000767801,4
v15,Python,ocr_only,8,420.0,480.0,list,0.04352975937617445,0.004679505505824372,0.20901821651980787,0.12149903814439914,0.15650670949456263,5
v15,Python,ocr_only,8,420.0,480.0,iteration,0.01260580143957682,0.006537647901688268,0.05115406020507798,0.13016308750380884,0.09855947658431649,6
v15,Python,ocr_only,8,420.0,480.0,index,0.003127432178209218,-0.0055166153592957744,0.002767797044551437,0.0739570980613643,0.04548137765463915,7
v15,Python,ocr_only,8,420.0,480.0,nested loop,0.002585249320612927,-0.00566247320485589,0.0,0.07327699971357193,0.043966199828143156,8
v15,Python,ocr_only,8,420.0,480.0,break,0.009660085106734762,-0.021377884574438774,0.03611643065649132,0.0,0.014446572262596527,9
v15,Python,ocr_only,9,480.0,540.0,for,0.19069325719699443,0.19224192749881683,1.0,1.0,1.0,1
v15,Python,ocr_only,9,480.0,540.0,for loop,0.1828340681543844,0.09891672031102344,0.9582512496126584,0.5494722338575507,0.7129838401595938,2
v15,Python,ocr_only,9,480.0,540.0,range,0.15724951015262317,0.11230389242412729,0.8223436744169262,0.6140988543476046,0.6973967823753333,3
v15,Python,ocr_only,9,480.0,540.0,continue,0.016478875334155197,0.1818164108079916,0.0745568400450037,0.9496707814840762,0.5996252049084472,4
v15,Python,ocr_only,9,480.0,540.0,list,0.040884263755381296,-0.0026700476285098263,0.20420055567262962,0.0590617541108145,0.11711727473554057,5
v15,Python,ocr_only,9,480.0,540.0,iteration,0.012464361550627754,0.007020225926292409,0.053231365754163894,0.10584158380001477,0.08479749658167442,6
v15,Python,ocr_only,9,480.0,540.0,nested loop,0.002443573800651468,-0.002943254223425195,0.0,0.05774284831235294,0.03464570898741176,7
v15,Python,ocr_only,9,480.0,540.0,index,0.003060631042137958,-0.004937914778443975,0.0032778660253432183,0.048113617463105926,0.03017931688800084,8
v15,Python,ocr_only,9,480.0,540.0,break,0.009032338497437044,-0.014904477675876727,0.035000136934698146,0.0,0.014000054773879259,9
v15,Python,ocr_only,10,540.0,600.0,for,0.12820860028873513,0.1727940767818847,1.0,0.8867378341723101,0.9320427005033861,1
v15,Python,ocr_only,10,540.0,600.0,for loop,0.12342060984508615,0.09715111434788923,0.9622535144950678,0.49423457223391,0.6814421491383731,2
v15,Python,ocr_only,10,540.0,600.0,continue,0.01811804574015713,0.19462188456260449,0.13209277035839975,1.0,0.6528371081433599,3
v15,Python,ocr_only,10,540.0,600.0,range,0.10615581488644563,0.06255926939256201,0.8261451950817789,0.3147411792658503,0.5193027855922218,4
v15,Python,ocr_only,10,540.0,600.0,list,0.021849860361680483,0.02228113721091209,0.16151281373072363,0.10574224853414449,0.12805047461277613,5
v15,Python,ocr_only,10,540.0,600.0,iteration,0.010698750030413621,0.011890286177112058,0.07360219038322174,0.051825231089973424,0.06053601480727275,6
v15,Python,ocr_only,10,540.0,600.0,index,0.0040526556006315806,0.00814846879243934,0.02120720129318716,0.03240933988471568,0.027928484448104272,7
v15,Python,ocr_only,10,540.0,600.0,nested loop,0.0013626070896237766,0.006157568032860048,0.0,0.02207876824677414,0.013247260948064485,8
v15,Python,ocr_only,10,540.0,600.0,break,0.005230097054299468,0.0019025627907845418,0.030489650221783956,0.0,0.012195860088713583,9
v16,Python,ocr_only,1,0.0,60.0,for loop,0.026816562503884412,0.002716014522240118,1.0,0.8284665594044944,0.8970799356426966,1
v16,Python,ocr_only,1,0.0,60.0,for,0.02095900949761637,0.0038431724907627167,0.7789314636563508,0.899431152311295,0.8512312768493173,2
v16,Python,ocr_only,1,0.0,60.0,range,0.01576891718567012,0.0012862054236198743,0.5830534050775189,0.7384473931016384,0.6762897978919906,3
v16,Python,ocr_only,1,0.0,60.0,break,0.0007459722859179339,0.0054405462431399544,0.016075959545969003,1.0,0.6064303838183875,4
v16,Python,ocr_only,1,0.0,60.0,index,0.0069953103480174025,0.001564053601295701,0.2519307639372632,0.7559404006208114,0.5543365459473921,5
v16,Python,ocr_only,1,0.0,60.0,continue,0.004400235262726121,2.662635305938261e-05,0.1539906428332252,0.6591457171409814,0.4570836874178789,6
v16,Python,ocr_only,1,0.0,60.0,nested loop,0.0003200148578524844,0.0012045291059514342,0.0,0.733305144370465,0.439983086622279,7
v16,Python,ocr_only,1,0.0,60.0,iteration,0.0017864422417071054,-0.008252678555497047,0.05534409250007445,0.13789002912318993,0.10487165447394374,8
v16,Python,ocr_only,1,0.0,60.0,list,0.0017231676865908816,-0.010442839010727704,0.05295606233246507,0.0,0.021182424932986027,9
v16,Python,ocr_only,2,60.0,120.0,index,0.008175061431519836,0.0033098951889314544,1.0,0.502917811326726,0.7017506867960356,1
v16,Python,ocr_only,2,60.0,120.0,iteration,9.52056152869785e-05,0.013957303458942721,0.0,1.0,0.6,2
v16,Python,ocr_only,2,60.0,120.0,continue,0.0001589727560911437,0.00982485620920507,0.007892113702827918,0.8070736209804164,0.48740101806938096,3
v16,Python,ocr_only,2,60.0,120.0,range,0.0005697853101332003,0.00168345870093561,0.05873615886718747,0.42698641199566684,0.2796863107442751,4
v16,Python,ocr_only,2,60.0,120.0,nested loop,0.00032663908926107806,0.0013917584409599876,0.028643267805489484,0.4133681680072552,0.2594782079265489,5
v16,Python,ocr_only,2,60.0,120.0,list,0.0002725792612652301,-0.00044182810174496316,0.021952575641498277,0.3277658140206287,0.20544051866897653,6
v16,Python,ocr_only,2,60.0,120.0,break,0.00014928206647020216,-0.0018786012459171264,0.006692749525874113,0.2606889892177676,0.1590904933410102,7
v16,Python,ocr_only,2,60.0,120.0,for loop,0.0008651115463180421,-0.0035817678781441833,0.09528708785672658,0.18117538593017446,0.1468200667007953,8
v16,Python,ocr_only,2,60.0,120.0,for,0.0007201338592449644,-0.007462511035777945,0.07734398461696211,0.0,0.030937593846784846,9
v16,Python,ocr_only,3,120.0,180.0,index,0.008200273989151246,0.0033898755086276327,1.0,0.5001522300865261,0.7000913380519156,1
v16,Python,ocr_only,3,120.0,180.0,iteration,0.00010843434151503446,0.015405407749800242,0.0,1.0,0.6,2
v16,Python,ocr_only,3,120.0,180.0,continue,0.00020112823745500628,0.011033799802570198,0.01145523144011505,0.8181405168327602,0.49546640267570213,3
v16,Python,ocr_only,3,120.0,180.0,range,0.0007729912926956013,0.002165266140080553,0.08212680677312942,0.44920831436168523,0.3023757113262629,4
v16,Python,ocr_only,3,120.0,180.0,nested loop,0.00032934780147228504,0.001938529488266858,0.02730077084779897,0.4397760389125485,0.2747859316866487,5
v16,Python,ocr_only,3,120.0,180.0,list,0.00035815203128173353,-0.0008705930086676392,0.03086043478872528,0.32291616226929404,0.20609387127706652,6
v16,Python,ocr_only,3,120.0,180.0,break,0.00018720830264229533,-0.0006229582865568632,0.009734987908500178,0.33321780027547976,0.20382467532868792,7
v16,Python,ocr_only,3,120.0,180.0,for loop,0.0011988040235124658,-0.00395794199990614,0.13474929428636787,0.19448202574996368,0.17058893316452536,8
v16,Python,ocr_only,3,120.0,180.0,for,0.0009954274598394975,-0.008632975462857795,0.10961575574270944,0.0,0.04384630229708378,9
v16,Python,ocr_only,4,180.0,240.0,for loop,0.03887701761229725,0.002891384088850526,1.0,0.9643921740951233,0.978635304457074,1
v16,Python,ocr_only,4,180.0,240.0,for,0.02115623494291089,0.0033776134122866673,0.5418952478573541,1.0,0.8167580991429416,2
v16,Python,ocr_only,4,180.0,240.0,range,0.012842232423979092,0.0010160791561618213,0.3269677170418952,0.8270587630004594,0.6270223446170338,3
v16,Python,ocr_only,4,180.0,240.0,break,0.0003316753760858872,0.002273913107536324,0.003553918536684482,0.9191731834991416,0.5529254775141588,4
v16,Python,ocr_only,4,180.0,240.0,list,0.0011263331529329241,0.001387212340048342,0.024096831944771777,0.8542378021130387,0.5221814140457319,5
v16,Python,ocr_only,4,180.0,240.0,nested loop,0.0002541032104943659,-0.00030822295459912775,0.0015485794749475036,0.7300767079647974,0.4386654565688574,6
v16,Python,ocr_only,4,180.0,240.0,index,0.005550794144921501,-0.0020192247258180103,0.13847477133461927,0.6047756406372544,0.4182552929162004,7
v16,Python,ocr_only,4,180.0,240.0,continue,0.0016385627701519603,-0.009712283597849798,0.03733861850771114,0.04139312175621914,0.03977132045681594,8
v16,Python,ocr_only,4,180.0,240.0,iteration,0.00019419979278593715,-0.010277511860878342,0.0,0.0,0.0,9
v16,Python,ocr_only,5,240.0,300.0,range,0.028483778921151098,0.18924380455748568,0.3246153670625338,1.0,0.7298461468250135,1
v16,Python,ocr_only,5,240.0,300.0,for loop,0.08709364808870516,-0.00314872912471617,1.0,0.10432794160302705,0.46259676496181623,2
v16,Python,ocr_only,5,240.0,300.0,for,0.0421210887770192,0.002571335373225835,0.4817634658738306,0.13095736346769227,0.27127980443014765,3
v16,Python,ocr_only,5,240.0,300.0,index,0.01762283052192131,0.026932980552995672,0.19946037606611403,0.2443715613395492,0.2264070872301751,4
v16,Python,ocr_only,5,240.0,300.0,continue,0.019909219552624105,-0.022784176520155703,0.22580733841538858,0.012916277908898136,0.09807270211149431,5
v16,Python,ocr_only,5,240.0,300.0,break,0.010261699293150753,-0.011963040353134368,0.11463515834152033,0.06329343714377622,0.08383012562287387,6
v16,Python,ocr_only,5,240.0,300.0,iteration,0.004609394915431903,-0.008354526995933606,0.049501426230925495,0.08009265759448113,0.06785616504905888,7
v16,Python,ocr_only,5,240.0,300.0,nested loop,0.00031366182718661507,-0.0017473293441335562,0.0,0.11085207537312883,0.06651124522387729,8
v16,Python,ocr_only,5,240.0,300.0,list,0.0013973176304751434,-0.02555862438792092,0.012487393118764083,0.0,0.0049949572475056336,9
v16,Python,ocr_only,6,300.0,360.0,range,0.06091797427517839,0.2386920272891108,0.6252181426527915,1.0,0.8500872570611167,1
v16,Python,ocr_only,6,300.0,360.0,for loop,0.0970247178924338,-0.00011612151769134245,1.0,0.09266273018016462,0.4555976381080988,2
v16,Python,ocr_only,6,300.0,360.0,for,0.07701207892505262,0.005709044252801813,0.7922722114704963,0.11479509891571871,0.38578594393762977,3
v16,Python,ocr_only,6,300.0,360.0,index,0.010616628249890627,0.008715232112209426,0.10309872667165673,0.12621692978099255,0.11696964853725823,4
v16,Python,ocr_only,6,300.0,360.0,iteration,0.0075793781130557005,0.00917136723873838,0.07157258685751243,0.12794998789664558,0.10539902748099232,5
v16,Python,ocr_only,6,300.0,360.0,continue,0.019375131364240347,-0.020868118534654544,0.1940104992638707,0.013816759425985552,0.08589425536113962,6
v16,Python,ocr_only,6,300.0,360.0,break,0.006968939549046951,-0.0055749025601239035,0.06523633839266257,0.07192241829243243,0.06924798633252449,7
v16,Python,ocr_only,6,300.0,360.0,nested loop,0.0006840255418830205,0.0003426635424418548,0.0,0.0944058565599606,0.05664351393597636,8
v16,Python,ocr_only,6,300.0,360.0,list,0.008535968191334713,-0.024504643618302565,0.08150182916353935,0.0,0.03260073166541574,9
v17,Python,ocr_only,1,0.0,60.0,for loop,0.25104491510212934,0.3351081978626643,0.9795334077065924,0.7542719348066923,0.8443765239666523,1
v17,Python,ocr_only,1,0.0,60.0,for,0.25621072654995924,0.3047547593484004,1.0,0.6963130735417209,0.8177878441250326,2
v17,Python,ocr_only,1,0.0,60.0,list,0.09184200979750118,0.4637976088566982,0.3487823654546338,1.0,0.7395129461818535,3
v17,Python,ocr_only,1,0.0,60.0,range,0.1995806824424768,0.29617228156802705,0.7756356313019461,0.6799251233347418,0.7182093265216235,4
v17,Python,ocr_only,1,0.0,60.0,iteration,0.010641287806322494,0.357350635129531,0.02707064838800719,0.7967431143120834,0.48887412794245294,5
v17,Python,ocr_only,1,0.0,60.0,continue,0.02018965073188887,0.3150952029755446,0.06490061044540105,0.7160577999035224,0.4555949241202738,6
v17,Python,ocr_only,1,0.0,60.0,nested loop,0.0038085985467631906,0.19876996484316933,0.0,0.49393870340113394,0.29636322204068033,7
v17,Python,ocr_only,1,0.0,60.0,break,0.028607730342111802,0.07888923551009334,0.0982524671703029,0.2650305170520251,0.19831929709933624,8
v17,Python,ocr_only,1,0.0,60.0,index,0.023533042276004532,-0.05990899703220338,0.07814689949441148,0.0,0.031258759797764595,9
v17,Python,ocr_only,2,60.0,120.0,for loop,0.21330273656735174,0.5446337343164463,0.9874534290830769,1.0,0.9949813716332307,1
v17,Python,ocr_only,2,60.0,120.0,for,0.21597290939764088,0.3326719687572035,1.0,0.618741969569352,0.7712451817416113,2
v17,Python,ocr_only,2,60.0,120.0,list,0.0866764063292217,0.5110559698389228,0.39246339163655475,0.9396032944093082,0.7207473333002068,3
v17,Python,ocr_only,2,60.0,120.0,range,0.16420698106171006,0.3142810856159408,0.7567629766958623,0.5856620795909951,0.654102438432942,4
v17,Python,ocr_only,2,60.0,120.0,continue,0.02278934143806725,0.4559569891399759,0.09227174065486922,0.8404961332446906,0.5412063762087621,5
v17,Python,ocr_only,2,60.0,120.0,nested loop,0.0031519842245681566,0.42272612056473857,0.0,0.7807233932457233,0.46843403594743394,6
v17,Python,ocr_only,2,60.0,120.0,iteration,0.008787330620828733,0.3931615137997361,0.02647928718323978,0.727545199924197,0.44711883482781406,7
v17,Python,ocr_only,2,60.0,120.0,break,0.02968178745738988,0.2679809069313939,0.12465787004377905,0.5023814233496051,0.3512920020272747,8
v17,Python,ocr_only,2,60.0,120.0,index,0.02909377804960729,-0.01131984211005557,0.12189493962561457,0.0,0.04875797585024583,9
v17,Python,ocr_only,3,120.0,180.0,for,0.09516365205088702,0.1248560166465864,0.9555995164851039,1.0,0.9822398065940415,1
v17,Python,ocr_only,3,120.0,180.0,for loop,0.09953052804546453,0.0361170099287112,1.0,0.5369813134753264,0.7221887880851958,2
v17,Python,ocr_only,3,120.0,180.0,list,0.0724021852323014,0.01686127977261808,0.7241708856954074,0.43650956813234143,0.5515740951575678,3
v17,Python,ocr_only,3,120.0,180.0,range,0.05763744539690186,0.013473281638122713,0.5740494743071703,0.4188318128339367,0.48091887742323014,4
v17,Python,ocr_only,3,120.0,180.0,index,0.04664965752803398,0.012592284979698764,0.4623304571556325,0.41423498523011915,0.4334731740003245,5
v17,Python,ocr_only,3,120.0,180.0,break,0.033493249878800944,-0.03592204060309463,0.32856186338965787,0.16109896151518938,0.22808412226497676,6
v17,Python,ocr_only,3,120.0,180.0,continue,0.031066185291100796,-0.06679716993197822,0.30388453310833524,0.0,0.1215538132433341,7
v17,Python,ocr_only,3,120.0,180.0,nested loop,0.0011785361552761207,-0.04550646857512979,0.0,0.11108973316298451,0.06665383989779071,8
v17,Python,ocr_only,3,120.0,180.0,iteration,0.0031783652917485206,-0.055939569700823324,0.020333387235362165,0.056652333441395857,0.04212475495898238,9
v17,Python,ocr_only,4,180.0,240.0,for,0.11900704892037454,0.1540936186238242,0.97815608273501,1.0,0.991262433094004,1
v17,Python,ocr_only,4,180.0,240.0,for loop,0.12163003484229339,0.06916382774559364,1.0,0.5944976193460568,0.7566985716076341,2
v17,Python,ocr_only,4,180.0,240.0,range,0.07954925591319675,0.07472999017830072,0.649556238296133,0.621073595740552,0.6324666527627844,3
v17,Python,ocr_only,4,180.0,240.0,list,0.07275796367712184,0.0043192049598709086,0.5929991578758669,0.28489307846218864,0.4081355102276599,4
v17,Python,ocr_only,4,180.0,240.0,index,0.04147641974833113,0.003714059567678963,0.33249015102546736,0.28200377549042666,0.30219832570444294,5
v17,Python,ocr_only,4,180.0,240.0,break,0.03150914068994034,-0.029363498700400253,0.24948382709168107,0.12407298954092645,0.1742373245612283,6
v17,Python,ocr_only,4,180.0,240.0,continue,0.028959938333955913,-0.055349765509374906,0.22825437065788304,0.0,0.09130174826315322,7
v17,Python,ocr_only,4,180.0,240.0,nested loop,0.0015514843653245518,-0.026151630917010123,0.0,0.13940824492119422,0.08364494695271653,8
v17,Python,ocr_only,4,180.0,240.0,iteration,0.004560125600577271,-0.04171414733232093,0.025055609209987752,0.06510407685344777,0.049084689796063764,9
v17,Python,ocr_only,5,240.0,300.0,for loop,0.09081837398985633,0.020514120719796837,1.0,0.8760525558941133,0.925631533536468,1
v17,Python,ocr_only,5,240.0,300.0,for,0.06379720570122263,0.02539412684905919,0.7002980906790622,0.9707831369872006,0.8625891184639451,2
v17,Python,ocr_only,5,240.0,300.0,range,0.04510684504521448,0.02689922128567174,0.49299629252332394,1.0,0.7971985170093295,3
v17,Python,ocr_only,5,240.0,300.0,list,0.009676606897169591,0.020689293434824816,0.10002623633477652,0.879453005124443,0.5676822976085764,4
v17,Python,ocr_only,5,240.0,300.0,iteration,0.0015395017401453387,0.016506991476173884,0.009774551956967942,0.7982662433960009,0.48286956682038773,5
v17,Python,ocr_only,5,240.0,300.0,nested loop,0.0006582266959733974,0.0015833836001216844,0.0,0.5085694666590643,0.30514167999543856,6
v17,Python,ocr_only,5,240.0,300.0,continue,0.0030099665257118245,-0.00822370354252696,0.02608402825777088,0.3181944877665522,0.20135030396303966,7
v17,Python,ocr_only,5,240.0,300.0,index,0.003238976280661417,-0.017087828279680715,0.0286240613191979,0.14612427617460258,0.0991241902324407,8
v17,Python,ocr_only,5,240.0,300.0,break,0.0020425958915262807,-0.024615359042585765,0.015354557829641081,0.0,0.006141823131856433,9
v17,Python,ocr_only,6,300.0,360.0,for loop,0.09114844091492634,0.008672331882285889,1.0,0.6090983400053083,0.765459004003185,1
v17,Python,ocr_only,6,300.0,360.0,for,0.05516535195084002,0.015143115111805027,0.6036583329342482,0.7257033012369826,0.6768853139158888,2
v17,Python,ocr_only,6,300.0,360.0,break,0.0028201953657217196,0.0303647185454852,0.027093973924654884,1.0,0.6108375895698619,3
v17,Python,ocr_only,6,300.0,360.0,list,0.0071131652445166425,0.023773085273127745,0.0743795985724676,0.8812172939636902,0.5584822158072011,4
v17,Python,ocr_only,6,300.0,360.0,continue,0.005468200525346189,0.005299535457197186,0.05626086341576457,0.5483197939715503,0.351496221749236,5
v17,Python,ocr_only,6,300.0,360.0,range,0.0355971069664049,-0.012023104234332954,0.3881206717172581,0.23616195186574418,0.29694543980634974,6
v17,Python,ocr_only,6,300.0,360.0,nested loop,0.0003603861780095556,-0.0010078604901407931,0.0,0.4346591081125343,0.26079546486752053,7
v17,Python,ocr_only,6,300.0,360.0,index,0.004914167973840197,-0.025128488271528276,0.05015838051631869,0.0,0.02006335220652748,8
v17,Python,ocr_only,6,300.0,360.0,iteration,0.0010905917759285724,-0.02384991622169137,0.008042969970388586,0.023040154339123802,0.017041280591629716,9
v18,Python,ocr_only,1,0.0,60.0,continue,0.0161078007978333,0.5431277347053192,0.23536127818972802,1.0,0.6941445112758912,1
v18,Python,ocr_only,1,0.0,60.0,for loop,0.06770010551990645,0.016520858921140608,1.0,0.2106607784354702,0.5263964670612822,2
v18,Python,ocr_only,1,0.0,60.0,for,0.06066917090007355,-0.030089758278373145,0.8957959934179776,0.14079540069591917,0.44279563778474257,3
v18,Python,ocr_only,1,0.0,60.0,range,0.04864131594300767,0.02860708866108508,0.7175336791051342,0.22877701582863272,0.4242796811392333,4
v18,Python,ocr_only,1,0.0,60.0,iteration,0.007097480320518718,0.057763185679606026,0.10182120918158596,0.27247954229144933,0.20421620904750398,5
v18,Python,ocr_only,1,0.0,60.0,index,0.003920139860140035,0.06103467748515309,0.05473051297276595,0.27738323214794786,0.1883221444778751,6
v18,Python,ocr_only,1,0.0,60.0,break,0.000794288515889839,0.036080921070851944,0.008402926149264448,0.23997965925717563,0.14734896601401115,7
v18,Python,ocr_only,1,0.0,60.0,nested loop,0.00022731967938681658,0.022316691012103033,0.0,0.2193482411355849,0.13160894468135093,8
v18,Python,ocr_only,1,0.0,60.0,list,0.0018016118452838113,-0.12402126967381717,0.023332253830722672,0.0,0.00933290153228907,9
v18,Python,ocr_only,2,60.0,120.0,continue,0.019554987412307163,0.014802524549482996,0.28545354817940904,1.0,0.7141814192717636,1
v18,Python,ocr_only,2,60.0,120.0,for loop,0.06670766655648724,0.0040335376789092554,0.985644996499465,0.29289335479918277,0.5699940114792957,2
v18,Python,ocr_only,2,60.0,120.0,for,0.06767436912875989,0.003105957535655616,1.0,0.23198715339566758,0.5391922920374006,3
v18,Python,ocr_only,2,60.0,120.0,list,0.004054925754216911,0.008091515629161645,0.05528612570394745,0.5593458269943672,0.35772194647819927,4
v18,Python,ocr_only,2,60.0,120.0,range,0.05633463175332804,-0.0004271256647578331,0.8316111135022811,0.0,0.3326444454009125,5
v18,Python,ocr_only,2,60.0,120.0,index,0.0054586014832569,0.005733994876403404,0.07612994114618261,0.4045477377674861,0.2731806191189647,6
v18,Python,ocr_only,2,60.0,120.0,break,0.0019072161565873687,0.005044742277373954,0.023393815001158367,0.35929045415732486,0.22493179849485825,7
v18,Python,ocr_only,2,60.0,120.0,nested loop,0.0003318169491927203,0.003031014861280501,0.0,0.22706631323710388,0.13623978794226232,8
v18,Python,ocr_only,2,60.0,120.0,iteration,0.008803896278198971,0.0012193210979363457,0.125805735820877,0.10810798275292177,0.11518708398010387,9
v19,Python,ocr_only,1,0.0,60.0,list,0.11305523703212099,0.21152968176708334,0.26776648210217663,1.0,0.7071065928408706,1
v19,Python,ocr_only,1,0.0,60.0,for,0.4184553095554261,0.10080566535349203,1.0,0.49868151619056894,0.6992089097143414,2
v19,Python,ocr_only,1,0.0,60.0,range,0.34210062583914064,0.0941568665100802,0.816930434221541,0.46857814870719816,0.6079190629129354,3
v19,Python,ocr_only,1,0.0,60.0,for loop,0.40306853034237544,0.060186411735541887,0.9631083405475308,0.3147721594241182,0.5741066318734833,4
v19,Python,ocr_only,1,0.0,60.0,iteration,0.01810396289439718,0.12216737116947514,0.040109347261645265,0.5953996295513595,0.37328351663547377,5
v19,Python,ocr_only,1,0.0,60.0,continue,0.009852823586674905,0.0664490523568469,0.020326245338847117,0.34312714150125495,0.2140067830362918,6
v19,Python,ocr_only,1,0.0,60.0,index,0.0013751499362908454,0.004358347232925617,0.0,0.06200278240004524,0.03720166944002714,7
v19,Python,ocr_only,1,0.0,60.0,nested loop,0.006455398440996488,0.0017978620023109473,0.012180508680501054,0.05040982709364232,0.03511809972838581,8
v19,Python,ocr_only,1,0.0,60.0,break,0.024456285302276105,-0.009335935579037577,0.05533980659032604,0.0,0.022135922636130418,9
v19,Python,ocr_only,2,60.0,120.0,list,0.11325638269257852,0.1921966079002699,0.2678140272318901,1.0,0.707125610892756,1
v19,Python,ocr_only,2,60.0,120.0,for,0.41923500647871037,0.08759658742077123,1.0,0.4932152406797785,0.6959291444078671,2
v19,Python,ocr_only,2,60.0,120.0,range,0.3427563123100784,0.07724081332504465,0.8169917022535724,0.4430417468446984,0.592621729008248,3
v19,Python,ocr_only,2,60.0,120.0,for loop,0.4037617812811161,0.04628547354820297,0.9629736276901508,0.2930638180969968,0.5610277419342584,4
v19,Python,ocr_only,2,60.0,120.0,iteration,0.018136430687827585,0.10382624285419391,0.040198471195746155,0.5718475581972431,0.35918792339664435,5
v19,Python,ocr_only,2,60.0,120.0,continue,0.009841026752229505,0.031010769548770346,0.02034813549276697,0.21905821891494592,0.13957418554607434,6
v19,Python,ocr_only,2,60.0,120.0,index,0.0013375935723337696,-0.004602007708553246,0.0,0.04651510976120773,0.027909065856724636,7
v19,Python,ocr_only,2,60.0,120.0,nested loop,0.0064679431472322736,-0.0074802556676129145,0.012276576538768567,0.03257006278598401,0.024452668287097835,8
v19,Python,ocr_only,2,60.0,120.0,break,0.024483309738142958,-0.014202693885767411,0.055386119777187104,0.0,0.02215444791087484,9
v19,Python,ocr_only,3,120.0,180.0,for,0.41929034875225224,0.0216187861933799,1.0,0.7587811507945672,0.8552686904767404,1
v19,Python,ocr_only,3,120.0,180.0,for loop,0.4038110269701065,0.012568846257375858,0.9629641800972908,0.5612800852123204,0.7219537231663086,2
v19,Python,ocr_only,3,120.0,180.0,list,0.1132706581769643,0.03267197261698475,0.2678173949519068,1.0,0.7071269579807627,3
v19,Python,ocr_only,3,120.0,180.0,range,0.34280285301844277,0.0068404643261104,0.8169960443568008,0.436266931148608,0.5885585764318851,4
v19,Python,ocr_only,3,120.0,180.0,break,0.02448522875350718,0.023490409478801752,0.055389407447660965,0.7996264598080299,0.5019316388638824,5
v19,Python,ocr_only,3,120.0,180.0,iteration,0.01813872768875693,0.0016401158123480703,0.04020477121136585,0.3227772969488241,0.20974828665384082,6
v19,Python,ocr_only,3,120.0,180.0,nested loop,0.006468834997861429,-0.0033397875298366605,0.012283390025113632,0.2140985406771717,0.13337248041634847,7
v19,Python,ocr_only,3,120.0,180.0,index,0.0013349255212030122,-0.0074952253364423,0.0,0.12341248081722682,0.07404748849033609,8
v19,Python,ocr_only,3,120.0,180.0,continue,0.009840163900239382,-0.013150260844511721,0.020349630382316162,0.0,0.008139852152926464,9
v19,Python,ocr_only,4,180.0,240.0,break,0.024398485959175643,0.03480234399490209,0.05532207565498008,1.0,0.6221288302619921,1
v19,Python,ocr_only,4,180.0,240.0,for loop,0.4023543775016853,0.0019782465924720245,0.9629741484186631,0.3695008019266954,0.6068901405234826,2
v19,Python,ocr_only,4,180.0,240.0,for,0.4177723324256844,-0.004131635298236169,1.0,0.25213959667603925,0.5512837580056236,3
v19,Python,ocr_only,4,180.0,240.0,range,0.34156017377313935,-0.005641680974852153,0.81697831593929,0.2231339982436524,0.4606717253219075,4
v19,Python,ocr_only,4,180.0,240.0,list,0.112861635239312,-0.0026475131638400914,0.26776422195841465,0.2806472447038657,0.2754940356056853,5
v19,Python,ocr_only,4,180.0,240.0,nested loop,0.006446466023081191,-0.0018127848978383985,0.0122107272942192,0.29668105961340296,0.18289292668572946,6
v19,Python,ocr_only,4,180.0,240.0,index,0.001361790452609962,-0.012278579576291962,0.0,0.0956496322731858,0.05738977936391148,7
v19,Python,ocr_only,4,180.0,240.0,iteration,0.01807339095450626,-0.015947039780220048,0.040132510629322375,0.02518429126523307,0.03116357901086879,8
v19,Python,ocr_only,4,180.0,240.0,continue,0.00980755131497922,-0.01725814633202421,0.02028229358063507,0.0,0.008112917432254028,9
v19,Python,ocr_only,5,240.0,300.0,for,0.41930545212638526,0.051264298189902885,1.0,0.6739688958843707,0.8043813375306224,1
v19,Python,ocr_only,5,240.0,300.0,list,0.11327453020367985,0.07622725434015928,0.26781827618408555,1.0,0.7071273104736342,2
v19,Python,ocr_only,5,240.0,300.0,for loop,0.4038244618639087,0.0395503552707474,0.9629615920327804,0.5209778109947514,0.697771323409963,3
v19,Python,ocr_only,5,240.0,300.0,range,0.3428155623111408,0.02887503199575889,0.8169972529979824,0.38155171846043306,0.5557299322754528,4
v19,Python,ocr_only,5,240.0,300.0,break,0.024485743759872156,0.056844320206635456,0.05539030875676216,0.7468473133343871,0.47026451150333715,5
v19,Python,ocr_only,5,240.0,300.0,iteration,0.018139360050273636,0.021681839545268877,0.040206528845578196,0.2876043324764465,0.1886452110240992,6
v19,Python,ocr_only,5,240.0,300.0,continue,0.00983993556803685,0.010927186365456004,0.02035008137972725,0.1471421440445272,0.0964253189786072,7
v19,Python,ocr_only,5,240.0,300.0,nested loop,0.006469077862177143,0.00775838544231986,0.012285274103690335,0.10575571298747904,0.06836753743396357,8
v19,Python,ocr_only,5,240.0,300.0,index,0.0013341862939593723,-0.0003389254970966871,0.0,0.0,0.0,9
v19,Python,ocr_only,6,300.0,360.0,for,0.41898437718696896,0.04235727889420698,1.0,0.7354250595122214,0.8412550357073328,1
v19,Python,ocr_only,6,300.0,360.0,list,0.1131917136484309,0.06171045948501327,0.2677987524360069,1.0,0.7071195009744028,2
v19,Python,ocr_only,6,300.0,360.0,for loop,0.4035390550981847,0.02541815487402881,0.9630171503411158,0.5038523881094261,0.687518293002102,3
v19,Python,ocr_only,6,300.0,360.0,range,0.3425455156388324,0.018584380755247123,0.816971966755954,0.4104287065445212,0.5730460106290943,4
v19,Python,ocr_only,6,300.0,360.0,break,0.024474621084267286,0.02155900717401932,0.05537126936938224,0.45109445675686083,0.2928051818018694,5
v19,Python,ocr_only,6,300.0,360.0,iteration,0.018125983273737833,0.011595356574887321,0.040169856518560955,0.31488262057120253,0.2049975149501459,6
v19,Python,ocr_only,6,300.0,360.0,index,0.0013496564651740556,0.0010364037660572827,0.0,0.17053248143507607,0.10231948886104564,7
v19,Python,ocr_only,6,300.0,360.0,nested loop,0.006463909396463078,-0.001354608684958032,0.01224575610583837,0.13784524566188067,0.08760544983946374,8
v19,Python,ocr_only,6,300.0,360.0,continue,0.009844809029816116,-0.011437740246700417,0.02034110705632892,0.0,0.00813644282253157,9
v19,Python,ocr_only,7,360.0,420.0,for,0.37276380324996755,0.11723645619620385,1.0,1.0,1.0,1
v19,Python,ocr_only,7,360.0,420.0,range,0.30504989802282867,0.10167758263858023,0.8175297224709017,0.8682164808328209,0.8479417774880531,2
v19,Python,ocr_only,7,360.0,420.0,for loop,0.3588015818052215,0.07081287838800258,0.9623756684332473,0.6067927132874951,0.749025895345796,3
v19,Python,ocr_only,7,360.0,420.0,list,0.09851193540017272,0.06922833421089784,0.26096694214338223,0.5933716383516165,0.4604097598683228,4
v19,Python,ocr_only,7,360.0,420.0,break,0.021325597988773426,0.016371766604454458,0.05297107539092266,0.14567698587711422,0.1085946216826376,5
v19,Python,ocr_only,7,360.0,420.0,iteration,0.016991183750443273,0.015759655958845098,0.04129102583033117,0.14049241421134795,0.10081185885894124,6
v19,Python,ocr_only,7,360.0,420.0,continue,0.011197351582867256,0.007544304232205458,0.025678247922627507,0.07090845893829728,0.052816374532029364,7
v19,Python,ocr_only,7,360.0,420.0,index,0.0016682684369587703,0.004712038388850471,0.0,0.04691919270562495,0.02815151562337497,8
v19,Python,ocr_only,7,360.0,420.0,nested loop,0.005648907892132902,-0.0008274235358725495,0.01072672420372812,0.0,0.004290689681491248,9
v19,Python,ocr_only,8,420.0,480.0,for,0.369645618651647,0.14023695043742412,1.0,1.0,1.0,1
v19,Python,ocr_only,8,420.0,480.0,range,0.3025237453438109,0.11147858349810635,0.8175840799261174,0.784016288134579,0.7974434048511944,2
v19,Python,ocr_only,8,420.0,480.0,for loop,0.3557743774049254,0.08850201623313507,0.9623023746226089,0.6114555758282999,0.7517942953460235,3
v19,Python,ocr_only,8,420.0,480.0,list,0.09751473941697147,0.09903001766127319,0.2604347544288123,0.6905239329353556,0.5184882615327383,4
v19,Python,ocr_only,8,420.0,480.0,continue,0.011290206928454187,0.05502267395579981,0.02610387759678837,0.36001596414486525,0.2264511295256345,5
v19,Python,ocr_only,8,420.0,480.0,iteration,0.016916588238788676,0.033240851564280596,0.04139459391372023,0.19642813381915392,0.13441471785698045,6
v19,Python,ocr_only,8,420.0,480.0,break,0.02110930056943026,0.009808042347004301,0.05278905356909175,0.020440911566204645,0.03338016836735949,7
v19,Python,ocr_only,8,420.0,480.0,index,0.0016850081925914762,0.013643703609561847,0.0,0.04924784482126933,0.029548706892761595,8
v19,Python,ocr_only,8,420.0,480.0,nested loop,0.00559374829016628,0.007086322128762362,0.010622713373310224,0.0,0.004249085349324089,9
v19,Python,ocr_only,9,480.0,540.0,range,0.2877234475138089,0.10849294644071897,0.8178048646152293,1.0,0.9271219458460918,1
v19,Python,ocr_only,9,480.0,540.0,for,0.3514168121684973,0.083954523276761,1.0,0.8143181042105688,0.8885908625263412,2
v19,Python,ocr_only,9,480.0,540.0,for loop,0.33816323544368615,0.06148488280930951,0.9620880884719964,0.6442906573845867,0.7714096298195505,3
v19,Python,ocr_only,9,480.0,540.0,break,0.019881467563973975,0.01588907660781281,0.05164176327413587,0.2992678464658827,0.20021741318918398,4
v19,Python,ocr_only,9,480.0,540.0,list,0.09175039037375037,-0.006343901364489703,0.25722311687783506,0.13103122134298628,0.1815079795569258,5
v19,Python,ocr_only,9,480.0,540.0,continue,0.011817889131001654,0.005790158474754179,0.02857586351760656,0.22284947794076643,0.14514003217150248,6
v19,Python,ocr_only,9,480.0,540.0,index,0.0018280895048714712,0.004623963203646876,0.0,0.21402489506708244,0.12841493704024945,7
v19,Python,ocr_only,9,480.0,540.0,nested loop,0.005272962296593413,0.0017446631213515688,0.009854072996046263,0.19223727268177251,0.119283992807482,8
v19,Python,ocr_only,9,480.0,540.0,iteration,0.016461905122959076,-0.023660072891791874,0.04186009064190625,0.0,0.0167440362567625,9
v19,Python,ocr_only,10,540.0,600.0,for,0.34887858746704437,0.09281232506657705,1.0,0.9520356800248055,0.9712214080148833,1
v19,Python,ocr_only,10,540.0,600.0,range,0.2856638758436818,0.0994374386615137,0.8178420208286965,1.0,0.9271368083314786,2
v19,Python,ocr_only,10,540.0,600.0,for loop,0.3357077464969335,0.06563593330818222,0.9620472242379837,0.7552847667925998,0.8379897497707534,3
v19,Python,ocr_only,10,540.0,600.0,break,0.01970906895514231,0.01887243334507052,0.05147310242954545,0.4167276321489136,0.2706258202611663,4
v19,Python,ocr_only,10,540.0,600.0,list,0.09094520090287786,-0.0031741952526771725,0.2567454117757159,0.2571150408652234,0.2569671892294204,5
v19,Python,ocr_only,10,540.0,600.0,nested loop,0.005228231522518965,0.0013732623062640828,0.009745472646924238,0.2900376023134337,0.1779207504468299,6
v19,Python,ocr_only,10,540.0,600.0,continue,0.011891910341653895,-0.0010495583623755874,0.028947367844554643,0.2724969301230033,0.17507710521162384,7
v19,Python,ocr_only,10,540.0,600.0,index,0.0018462372458403883,-0.004054244992034747,0.0,0.25074368033113487,0.1504462081986809,8
v19,Python,ocr_only,10,540.0,600.0,iteration,0.01639930411692248,-0.03868843487037287,0.041935764379907904,0.0,0.01677430575196316,9
v19,Python,ocr_only,11,600.0,660.0,range,0.27676196622130456,0.13990578902618206,0.8176408402065376,1.0,0.9270563360826151,1
v19,Python,ocr_only,11,600.0,660.0,for,0.3380289194046402,0.0950255647669458,1.0,0.6849663709873072,0.8109798225923843,2
v19,Python,ocr_only,11,600.0,660.0,for loop,0.32547052802460663,0.061860460866635464,0.9626203429185166,0.45216621878780977,0.6563478684400925,3
v19,Python,ocr_only,11,600.0,660.0,list,0.08770106802962081,0.044629916428198704,0.25490702119543673,0.33121760424990243,0.30069337102811616,4
v19,Python,ocr_only,11,600.0,660.0,break,0.019082778626483547,0.012654871752191363,0.05066684028459149,0.10677099043752768,0.0843293303763532,5
v19,Python,ocr_only,11,600.0,660.0,iteration,0.0160752719659774,0.012037960233105549,0.041715091271677975,0.10244062271220732,0.07815041013599558,6
v19,Python,ocr_only,11,600.0,660.0,continue,0.012161757514116191,0.01175474071452056,0.030066638554510753,0.10045258289690503,0.07229820515994732,7
v19,Python,ocr_only,11,600.0,660.0,index,0.0020603107933382875,0.0013540585796574522,0.0,0.02744571425410641,0.016467428552463845,8
v19,Python,ocr_only,11,600.0,660.0,nested loop,0.005042119544771809,-0.002555904348870361,0.008875259994552997,0.0,0.003550103997821199,9
v2,Python,ocr_only,1,0.0,60.0,for,0.2980457734098188,0.4238532919785478,0.9975865291925314,1.0,0.9990346116770126,1
v2,Python,ocr_only,1,0.0,60.0,for loop,0.2987567613469699,0.2955472494813681,1.0,0.7323985380130511,0.8394391228078306,2
v2,Python,ocr_only,1,0.0,60.0,range,0.23992301740682553,0.33728231380893287,0.8002870146256164,0.8194432633651029,0.8117807638693082,3
v2,Python,ocr_only,1,0.0,60.0,break,0.01838067987696839,0.20253592888019123,0.04825461532904079,0.538409502970069,0.3423475479136577,4
v2,Python,ocr_only,1,0.0,60.0,index,0.0041652813295132134,0.10345915307062004,0.0,0.3317700529521386,0.19906203177128318,5
v2,Python,ocr_only,1,0.0,60.0,nested loop,0.004435119260295703,0.10159326218139243,0.0009159733023049398,0.32787845813596767,0.19709346420250257,6
v2,Python,ocr_only,1,0.0,60.0,continue,0.009318657394907623,0.05478218998841084,0.017493296361079536,0.23024695838572146,0.14514549357586468,7
v2,Python,ocr_only,1,0.0,60.0,list,0.08016108677825114,-0.0556136045940774,0.2579701403592345,0.0,0.10318805614369381,8
v2,Python,ocr_only,1,0.0,60.0,iteration,0.012421037403640435,-0.051347173322196654,0.02802442240908667,0.00889828120017981,0.016548737683742553,9
v2,Python,ocr_only,2,60.0,120.0,for,0.1411982802403171,0.10278261992419271,0.8453934284696988,1.0,0.9381573713878795,1
v2,Python,ocr_only,2,60.0,120.0,range,0.10803974706234397,0.09120234360438752,0.6443488031454292,0.9093219713789176,0.8033327040855222,2
v2,Python,ocr_only,2,60.0,120.0,for loop,0.16669772904851812,0.03376101050701999,1.0,0.45953418542357866,0.6757205112541472,3
v2,Python,ocr_only,2,60.0,120.0,list,0.03034014009927847,0.017249233415607315,0.17324568510673838,0.33024060430933816,0.26744263662829826,4
v2,Python,ocr_only,2,60.0,120.0,iteration,0.004835030307143784,0.02203117727992451,0.01860479027305693,0.36768506855337085,0.22805295724124527,5
v2,Python,ocr_only,2,60.0,120.0,continue,0.005004316604372671,-0.008054175894007783,0.0196311957541511,0.1321051531142636,0.0871155701702186,6
v2,Python,ocr_only,2,60.0,120.0,index,0.0019577776232321356,-0.01548018409351707,0.001159622095818948,0.07395664564697174,0.04483783622651062,7
v2,Python,ocr_only,2,60.0,120.0,break,0.006571369923936761,-0.02444883506680296,0.029132449799495856,0.0037286504602560906,0.013890170195951996,8
v2,Python,ocr_only,2,60.0,120.0,nested loop,0.0017665197486378549,-0.024925012188056515,0.0,0.0,0.0,9
v2,Python,ocr_only,3,120.0,180.0,for,0.1385025848269007,0.11149910380735364,0.8407072490061116,1.0,0.9362828996024446,1
v2,Python,ocr_only,3,120.0,180.0,range,0.10576235027650825,0.09757574746717296,0.6394751147853752,0.9025654745450763,0.7973293306411958,2
v2,Python,ocr_only,3,120.0,180.0,for loop,0.1644193304297496,0.04444846388540068,1.0,0.5307850260650823,0.7184710156390494,3
v2,Python,ocr_only,3,120.0,180.0,list,0.029514040941340552,0.008059690760131107,0.17082819673650113,0.27613932464640323,0.23401487348244238,4
v2,Python,ocr_only,3,120.0,180.0,iteration,0.004702672665433319,0.009495388584208368,0.01832945445007378,0.286186222302965,0.1790435151618085,5
v2,Python,ocr_only,3,120.0,180.0,continue,0.004939519966025196,-0.011801835830173742,0.01978519502240124,0.137149962393854,0.09020405544527288,6
v2,Python,ocr_only,3,120.0,180.0,nested loop,0.0017204917120778552,-0.020047606339460348,0.0,0.07944672497372206,0.047668034984233235,7
v2,Python,ocr_only,3,120.0,180.0,index,0.001938534612387916,-0.02797022547480836,0.0013401626098169424,0.02400487482261732,0.01493898993749717,8
v2,Python,ocr_only,3,120.0,180.0,break,0.006381340072735159,-0.03140051288572573,0.028647090522540157,0.0,0.011458836209016063,9
v2,Python,ocr_only,4,180.0,240.0,for,0.13680983232935282,0.10718709955270923,0.8378698638096231,1.0,0.9351479455238493,1
v2,Python,ocr_only,4,180.0,240.0,range,0.10433508347884649,0.09696653953022151,0.6364924593242628,0.9288085323876956,0.8118821031623225,2
v2,Python,ocr_only,4,180.0,240.0,for loop,0.16295544418355484,0.044531125935714164,1.0,0.5635688546755399,0.7381413128053239,3
v2,Python,ocr_only,4,180.0,240.0,list,0.029031946631984377,0.0009748678589674085,0.16953425996653118,0.26017707092188047,0.22391994653974073,4
v2,Python,ocr_only,4,180.0,240.0,iteration,0.004625163029675795,0.003937738559679097,0.018186677378771603,0.28081499223588496,0.1757636662930396,5
v2,Python,ocr_only,4,180.0,240.0,continue,0.004928387908372708,-0.015597858916367743,0.020066988734787544,0.14473948835518008,0.09487048850702307,6
v2,Python,ocr_only,4,180.0,240.0,nested loop,0.0016923226655339073,-0.018233194698468187,0.0,0.12638301654090028,0.07582980992454016,7
v2,Python,ocr_only,4,180.0,240.0,index,0.0019681348657592432,-0.032652442503023064,0.001710324081718301,0.025945524777909776,0.016251444499433186,8
v2,Python,ocr_only,4,180.0,240.0,break,0.006289018861247484,-0.036377296087327274,0.028504323570345266,0.0,0.011401729428138108,9
v2,Python,ocr_only,5,240.0,300.0,for,0.15655723428879179,0.1109900189898673,0.8693767160266773,0.5950803412234119,0.704798891144718,1
v2,Python,ocr_only,5,240.0,300.0,break,0.0075632603578402085,0.1895361569223927,0.03168730650731691,1.0,0.6126749226029268,2
v2,Python,ocr_only,5,240.0,300.0,range,0.12100592919103315,0.09868949793616727,0.6694964726231053,0.5316689129986772,0.5867999368484484,3
v2,Python,ocr_only,5,240.0,300.0,for loop,0.17979028695238372,0.05545692141838269,1.0,0.3087971004258904,0.5852782602555343,4
v2,Python,ocr_only,5,240.0,300.0,list,0.03492378316261541,0.004064342705523067,0.18551648219662895,0.04385898909651292,0.10052198633655933,5
v2,Python,ocr_only,5,240.0,300.0,index,0.0019272601099653626,0.02697710978720216,0.0,0.1619784800422167,0.09718708802533002,6
v2,Python,ocr_only,5,240.0,300.0,iteration,0.0055703201018090075,0.0018692796032768943,0.02048239061551164,0.03254303867870704,0.027718779453428877,7
v2,Python,ocr_only,5,240.0,300.0,continue,0.005274165549928367,-0.004443404775950942,0.018817319705957035,0.0,0.0075269278823828145,8
v2,Python,ocr_only,5,240.0,300.0,nested loop,0.002026295638470872,-0.0031010056775628873,0.000556807844011629,0.0069203120505840245,0.004374910367955067,9
v2,Python,ocr_only,6,300.0,360.0,break,0.008765074560156445,0.23614493341470366,0.03543178964811241,1.0,0.6141727158592449,1
v2,Python,ocr_only,6,300.0,360.0,for,0.17502195404046206,0.08946990068875935,0.8941341920718245,0.38688892744809544,0.5897870332975871,2
v2,Python,ocr_only,6,300.0,360.0,for loop,0.19551906551950388,0.05457911694337226,1.0,0.24104320683195843,0.5446259240991751,3
v2,Python,ocr_only,6,300.0,360.0,range,0.136594869122622,0.07544867774678077,0.6956616221533085,0.32827931355076534,0.47523223699178263,4
v2,Python,ocr_only,6,300.0,360.0,index,0.0019049810461859791,0.043308645443761874,0.0,0.19393191092242953,0.11635914655345772,5
v2,Python,ocr_only,6,300.0,360.0,list,0.04044708955784142,0.005517378581268712,0.19906665683181202,0.03596198428569248,0.1012038533041403,6
v2,Python,ocr_only,6,300.0,360.0,nested loop,0.002338852358845497,0.008914961486472837,0.0022409078029615656,0.05016409939948889,0.03099482276087796,7
v2,Python,ocr_only,6,300.0,360.0,continue,0.005608714843780443,0.002742533662457642,0.01912946471673076,0.024362954016401605,0.022269558296533265,8
v2,Python,ocr_only,6,300.0,360.0,iteration,0.0064561683818159365,-0.003085834536444627,0.023506488941702795,0.0,0.00940259557668112,9
v2,Python,ocr_only,7,360.0,420.0,for,0.1987800577433978,0.11063934342327424,0.9207741368901052,0.45851784877629953,0.6434203640218218,1
v2,Python,ocr_only,7,360.0,420.0,break,0.010343008771800945,0.23352258186097433,0.039374115487734465,1.0,0.6157496461950938,2
v2,Python,ocr_only,7,360.0,420.0,for loop,0.21571798318490507,0.06329838369536127,1.0,0.24991100344595718,0.5499466020675743,3
v2,Python,ocr_only,7,360.0,420.0,range,0.1566563669463032,0.08330831447981296,0.7237437642922924,0.338084301161377,0.49234808641374317,4
v2,Python,ocr_only,7,360.0,420.0,list,0.04759630467658746,0.023119083363265878,0.21362358493647815,0.07286184478860051,0.12916654084775156,5
v2,Python,ocr_only,7,360.0,420.0,index,0.0019251032258372574,0.03975971023520586,0.0,0.14618838265403294,0.08771302959241976,6
v2,Python,ocr_only,7,360.0,420.0,continue,0.006073910935187739,0.01234802977772175,0.019405733765057102,0.025399446005847974,0.023001961109531625,7
v2,Python,ocr_only,7,360.0,420.0,iteration,0.0076026510714566255,0.009739517806789203,0.02655629994182395,0.013905098269973264,0.01896557893871354,8
v2,Python,ocr_only,7,360.0,420.0,nested loop,0.002741880243100094,0.006583913319462592,0.003820412622811453,0.0,0.0015281650491245813,9
v2,Python,ocr_only,8,420.0,480.0,for,0.40603161871514587,0.30659308836590965,1.0,1.0,1.0,1
v2,Python,ocr_only,8,420.0,480.0,range,0.3316267851570662,0.28358000860137517,0.8160214557632909,0.9377223720694848,0.8890420055470072,2
v2,Python,ocr_only,8,420.0,480.0,for loop,0.3923104821522883,0.15230259874019483,0.9660721675005549,0.5824615477613955,0.7359057956570593,3
v2,Python,ocr_only,8,420.0,480.0,continue,0.009784073220927973,0.017188443688528635,0.020210877556905985,0.21681778505991867,0.1381750220587136,4
v2,Python,ocr_only,8,420.0,480.0,list,0.10953241260179288,-0.06293093702264237,0.26685552941269813,0.0,0.10674221176507925,5
v2,Python,ocr_only,8,420.0,480.0,iteration,0.017537610701132834,-0.010172765553840814,0.039382811288594964,0.14277331876682903,0.1014171157755354,6
v2,Python,ocr_only,8,420.0,480.0,nested loop,0.006248970995362649,-0.006064791458384594,0.01146973897644298,0.15389025247942514,0.09692204707823228,7
v2,Python,ocr_only,8,420.0,480.0,break,0.02379033951223563,-0.017990644154506567,0.05484374156909422,0.12161670089213113,0.09490751716291637,8
v2,Python,ocr_only,8,420.0,480.0,index,0.0016103647761566801,-0.039510008224684104,0.0,0.06338134245352874,0.03802880547211724,9
v2,Python,ocr_only,9,480.0,540.0,for,0.40890847749413267,0.30480834405382323,1.0,1.0,1.0,1
v2,Python,ocr_only,9,480.0,540.0,range,0.33407098122679246,0.28113888624272176,0.8161564452031479,0.9346460426548132,0.887250203674147,2
v2,Python,ocr_only,9,480.0,540.0,for loop,0.39457898134597497,0.1520971619224669,0.9647985883852346,0.5783477525004924,0.7329280868543893,3
v2,Python,ocr_only,9,480.0,540.0,continue,0.009998907408929692,0.01441814436558148,0.020050682281407675,0.1982009526646415,0.12694084451134796,4
v2,Python,ocr_only,9,480.0,540.0,list,0.11059519667853526,-0.057364946938855965,0.267172517472568,0.0,0.1068690069890272,5
v2,Python,ocr_only,9,480.0,540.0,iteration,0.017706394714283258,-0.007560555094480531,0.038984665049965235,0.13751536373062406,0.09810308425836053,6
v2,Python,ocr_only,9,480.0,540.0,nested loop,0.006301731129441992,-0.0054176324718988676,0.01096830962287384,0.14343220706467594,0.0904466480879551,7
v2,Python,ocr_only,9,480.0,540.0,break,0.024126622374174452,-0.01967456651478634,0.05475640427789254,0.10406725554157852,0.08434291503610412,8
v2,Python,ocr_only,9,480.0,540.0,index,0.0018368434080971504,-0.04306910348435423,0.0,0.039472384656853966,0.02368343079411238,9
v2,Python,ocr_only,10,540.0,600.0,for,0.34237576011792764,0.23029120147319512,1.0,1.0,1.0,1
v2,Python,ocr_only,10,540.0,600.0,range,0.2801986776662351,0.21337635427493762,0.8172449159115687,0.941311303717537,0.8916847485951496,2
v2,Python,ocr_only,10,540.0,600.0,for loop,0.3299137832669289,0.11444888995345374,0.9633709151747057,0.5980670615729277,0.7441886030136389,3
v2,Python,ocr_only,10,540.0,600.0,list,0.08926117576133591,-0.00949242309593382,0.25602850239818475,0.1680333761870786,0.20323142667152105,4
v2,Python,ocr_only,10,540.0,600.0,break,0.019479823267393396,-0.01618913592790846,0.05092243373143633,0.14479808822496684,0.10724782642755464,5
v2,Python,ocr_only,10,540.0,600.0,continue,0.011993540533515356,-0.014641747632275305,0.028918245426161327,0.15016699287122387,0.10166749389319886,6
v2,Python,ocr_only,10,540.0,600.0,iteration,0.016130947651116348,-0.0190114160222496,0.041079192126623,0.1350057479608531,0.09743512562716106,7
v2,Python,ocr_only,10,540.0,600.0,nested loop,0.005123338633491696,-0.021456239918185262,0.008724883556555848,0.12652305075342832,0.07940378387467933,8
v2,Python,ocr_only,10,540.0,600.0,index,0.002154951696497422,-0.05792183220620333,0.0,0.0,0.0,9
v2,Python,ocr_only,11,600.0,660.0,range,0.22051936855210677,0.16629338547273528,0.8190563684585916,1.0,0.9276225473834366,1
v2,Python,ocr_only,11,600.0,660.0,for,0.26867987317650294,0.12222756394186095,1.0,0.8015157637011379,0.8809094582206827,2
v2,Python,ocr_only,11,600.0,660.0,for loop,0.25830574784143195,0.058368161799405904,0.961023416867551,0.5138759507030661,0.69273493716886,3
v2,Python,ocr_only,11,600.0,660.0,list,0.06564392947879862,-0.00040725744741073455,0.2371745007113252,0.24913575530749954,0.2443512534690298,4
v2,Python,ocr_only,11,600.0,660.0,break,0.014340518951071536,0.01048665726551521,0.04442267047729875,0.2982048584577736,0.19669198326558365,5
v2,Python,ocr_only,11,600.0,660.0,iteration,0.014381799463289728,-0.026702384091763308,0.0445777653179966,0.13069547780740995,0.0962483928116446,6
v2,Python,ocr_only,11,600.0,660.0,index,0.002516846524886286,-0.028109267339848337,0.0,0.12435849968339677,0.07461509981003805,7
v2,Python,ocr_only,11,600.0,660.0,nested loop,0.0038184553278148405,-0.031756847641254936,0.004890269017838614,0.10792882322868216,0.06671340154434474,8
v2,Python,ocr_only,11,600.0,660.0,continue,0.014199271572523675,-0.055718308516521736,0.04389199053904894,0.0,0.017556796215619577,9
v2,Python,ocr_only,12,660.0,720.0,for,0.33390488453017114,0.35246689286952204,1.0,1.0,1.0,1
v2,Python,ocr_only,12,660.0,720.0,for loop,0.3217462163745179,0.19257516481110123,0.963341607338966,0.5695475823965804,0.7270651923735347,2
v2,Python,ocr_only,12,660.0,720.0,range,0.2733147476237336,0.1928947657980703,0.8173206965049655,0.5704079959975831,0.6691730762005361,3
v2,Python,ocr_only,12,660.0,720.0,list,0.08659503168134497,0.15540428517126617,0.2543606274459011,0.469478021577483,0.3834310639248502,4
v2,Python,ocr_only,12,660.0,720.0,break,0.01891619778216089,0.08734739722389492,0.05030889775348169,0.2862587124409455,0.19187878656595997,5
v2,Python,ocr_only,12,660.0,720.0,index,0.0022299999251700533,0.06296838951632654,0.0,0.22062678179684775,0.13237606907810864,6
v2,Python,ocr_only,12,660.0,720.0,nested loop,0.004974585698695659,0.001218185510152051,0.00827492795179289,0.05438600796363069,0.03594157595889557,7
v2,Python,ocr_only,12,660.0,720.0,continue,0.012235780623347934,-0.006931260032375128,0.030167435529808006,0.032446483145770755,0.031534864099385655,8
v2,Python,ocr_only,12,660.0,720.0,iteration,0.01591607153684533,-0.01898351957938829,0.04126351510749546,0.0,0.016505406042998185,9
v2,Python,ocr_only,13,720.0,780.0,range,0.2848470079927023,0.37304017807149104,0.8168505611778786,1.0,0.9267402244711515,1
v2,Python,ocr_only,13,720.0,780.0,for,0.3482125626414321,0.21190993466767588,1.0,0.6711599505451793,0.8026959703271076,2
v2,Python,ocr_only,13,720.0,780.0,for loop,0.33579170966468747,0.12157834765437874,0.9640992292264509,0.4868081931513731,0.6777246075814043,3
v2,Python,ocr_only,13,720.0,780.0,break,0.019975114612493308,0.15527168448372772,0.05127470689455289,0.5555706943132047,0.35385229934574397,4
v2,Python,ocr_only,13,720.0,780.0,index,0.0022352281966799403,0.11658534212724209,0.0,0.47661829863010086,0.2859709791780605,5
v2,Python,ocr_only,13,720.0,780.0,nested loop,0.005230719126153434,0.03164777290798632,0.008658055402042045,0.30327483515233766,0.1854281232522194,6
v2,Python,ocr_only,13,720.0,780.0,continue,0.011782324566841099,-0.010287698016573926,0.027594571723847126,0.21769150801626586,0.14165273349929836,7
v2,Python,ocr_only,13,720.0,780.0,iteration,0.016224646931671995,-0.018810212899868884,0.040434494812913745,0.2002984714484591,0.13635288079424096,8
v2,Python,ocr_only,13,720.0,780.0,list,0.09128899250023143,-0.11695562283825438,0.2573976831357204,0.0,0.10295907325428817,9
v2,Python,ocr_only,14,780.0,840.0,for,0.1766142823296762,0.18914277852466954,0.901650259910743,0.9035450877810323,0.9027871566329166,1
v2,Python,ocr_only,14,780.0,840.0,range,0.13746434956747267,0.21493058100639978,0.6990569677865228,1.0,0.8796227871146092,2
v2,Python,ocr_only,14,780.0,840.0,for loop,0.19561977689123225,0.12014033654811401,1.0,0.6454531278919199,0.7872718767351519,3
v2,Python,ocr_only,14,780.0,840.0,nested loop,0.0023758034520784976,0.01247820165999909,0.0,0.2427611273890903,0.14565667643345417,4
v2,Python,ocr_only,14,780.0,840.0,break,0.010193070088437343,-0.012102913785141087,0.040452835331603494,0.15081962387458747,0.10667290845739388,5
v2,Python,ocr_only,14,780.0,840.0,list,0.043356353546668704,-0.05242544979053785,0.2120663809859698,0.0,0.08482655239438792,6
v2,Python,ocr_only,14,780.0,840.0,continue,0.006842373847029235,-0.02757464315306132,0.023113633586907767,0.0929502377911618,0.06501559610946019,7
v2,Python,ocr_only,14,780.0,840.0,index,0.003882563995717244,-0.03320809411832863,0.007797192930899737,0.0718792675629045,0.046246437710102596,8
v2,Python,ocr_only,14,780.0,840.0,iteration,0.0065707996136466044,-0.038563898087794035,0.02170828971744868,0.05184678894814961,0.03979138925586924,9
v2,Python,ocr_only,15,840.0,900.0,for,0.18992096678315526,0.19863282805121482,0.9121247838396407,1.0,0.9648499135358563,1
v2,Python,ocr_only,15,840.0,900.0,range,0.1491908778481586,0.1949144863825153,0.714289509428931,0.9843671231942263,0.8763360776881082,2
v2,Python,ocr_only,15,840.0,900.0,for loop,0.20801261085449052,0.12590671755810146,1.0,0.6942404901969202,0.8165442941181522,3
v2,Python,ocr_only,15,840.0,900.0,break,0.009894596703760309,0.008682240467940434,0.03769589706107635,0.20139825775821427,0.1359173134793591,4
v2,Python,ocr_only,15,840.0,900.0,nested loop,0.0025953886888273087,0.013769624255457698,0.0022419891916449146,0.2227869441942737,0.13456896219322217,5
v2,Python,ocr_only,15,840.0,900.0,list,0.045119902888026954,-0.02565792244377868,0.20879319386019582,0.05702326908836926,0.11773123899709989,6
v2,Python,ocr_only,15,840.0,900.0,continue,0.006054584713235587,-0.0007369420298745822,0.019044088392101848,0.1617975613405173,0.10469617216115111,7
v2,Python,ocr_only,15,840.0,900.0,index,0.002133810643966491,-0.004728447865015821,0.0,0.1450162312342622,0.08700973874055731,8
v2,Python,ocr_only,15,840.0,900.0,iteration,0.00720462551140674,-0.03922113286058681,0.02463009723320236,0.0,0.009852038893280944,9
v20,Python,ocr_only,1,0.0,60.0,for,0.41680376852715983,0.7508905040968598,1.0,1.0,1.0,1
v20,Python,ocr_only,1,0.0,60.0,for loop,0.4016002675434091,0.33192261047377375,0.9633957949746367,0.47095580832968176,0.6679318029876637,2
v20,Python,ocr_only,1,0.0,60.0,range,0.34071141444986786,0.22969429804509553,0.8167987667784794,0.34186884071753937,0.5318408111419154,3
v20,Python,ocr_only,1,0.0,60.0,list,0.11262984345713045,0.42358789789762097,0.26766573511372466,0.5867045056105382,0.45908899741181275,4
v20,Python,ocr_only,1,0.0,60.0,iteration,0.01803518658879032,0.005628173928564339,0.03991804607727523,0.058933362084959966,0.05132723568188607,5
v20,Python,ocr_only,1,0.0,60.0,index,0.0014552867552946988,0.020585185108256472,0.0,0.07782005963339503,0.046692035780037014,6
v20,Python,ocr_only,1,0.0,60.0,nested loop,0.0064288111741658575,-0.00704958278218078,0.011974341154815929,0.0429247522288955,0.030544587799263674,7
v20,Python,ocr_only,1,0.0,60.0,break,0.024399448969065474,-0.04104313815768383,0.055240751370732394,0.0,0.02209630054829296,8
v20,Python,ocr_only,1,0.0,60.0,continue,0.009878316275557415,-0.03433633753663151,0.020279427733382597,0.008468892168741353,0.01319310639459785,9
v20,Python,ocr_only,2,60.0,120.0,for,0.41673999984949084,0.1255516947564533,1.0,1.0,1.0,1
v20,Python,ocr_only,2,60.0,120.0,for loop,0.4015429476920586,0.06510730155539372,0.9634054573226963,0.5380133471741388,0.7081701912335618,2
v20,Python,ocr_only,2,60.0,120.0,range,0.3406579263179108,0.03353453169601185,0.8167941612632067,0.2966973624266674,0.5047360819612832,3
v20,Python,ocr_only,2,60.0,120.0,list,0.11261325946625651,0.01082826499462291,0.2676619870110377,0.12314955102499556,0.18095452541941243,4
v20,Python,ocr_only,2,60.0,120.0,break,0.024397024144485312,0.028352859729684245,0.05523705388117186,0.2570929729872293,0.17635060534480632,5
v20,Python,ocr_only,2,60.0,120.0,continue,0.009879090991817285,0.005315504834438495,0.020277831603203445,0.08101459889198762,0.05671989197647395,6
v20,Python,ocr_only,2,60.0,120.0,nested loop,0.006427785599986824,0.001982222290052428,0.011967078889758233,0.055537760362375344,0.038109487773328496,7
v20,Python,ocr_only,2,60.0,120.0,iteration,0.01803254447385417,-0.005284105003855318,0.039911369629187544,0.0,0.015964547851675018,8
v20,Python,ocr_only,2,60.0,120.0,index,0.00145807403224107,-0.002285671645229704,0.0,0.02291752994301826,0.013750517965810956,9
v20,Python,ocr_only,3,120.0,180.0,for,0.4193510213427478,0.5175701917697786,1.0,1.0,1.0,1
v20,Python,ocr_only,3,120.0,180.0,for loop,0.4038650442382379,0.24210498853690104,0.962953895784985,0.4721577090899884,0.6684761837679871,2
v20,Python,ocr_only,3,120.0,180.0,range,0.3428538893390707,0.16264688103647462,0.817000845007535,0.3199012752385522,0.5187411031461453,3
v20,Python,ocr_only,3,120.0,180.0,list,0.11328624842148245,0.24945000411258256,0.26782098425781614,0.4862321177729604,0.3988676643669027,4
v20,Python,ocr_only,3,120.0,180.0,break,0.024487314960967,0.010512847989741066,0.05539302307980333,0.028384322874592548,0.03918780295667686,5
v20,Python,ocr_only,3,120.0,180.0,index,0.0013319763541142758,0.02621439201152399,0.0,0.058471386031806245,0.035082831619083744,6
v20,Python,ocr_only,3,120.0,180.0,iteration,0.018141256134681157,0.010307219710215799,0.04021175585677907,0.027990301049452104,0.032878882972382895,7
v20,Python,ocr_only,3,120.0,180.0,continue,0.00983923235437431,-0.004300086486951415,0.020351359829768892,0.0,0.008140543931907556,8
v20,Python,ocr_only,3,120.0,180.0,nested loop,0.0064698115581936135,-0.0025671284243003628,0.01229091177943589,0.003320668248132224,0.006908765660653691,9
v20,Python,ocr_only,4,180.0,240.0,for,0.41907637968524697,0.19192586836644782,1.0,1.0,1.0,1
v20,Python,ocr_only,4,180.0,240.0,for loop,0.4036207927788573,0.0919356667364518,0.963001113041267,0.4800543959844666,0.6732330828071867,2
v20,Python,ocr_only,4,180.0,240.0,range,0.34262290102887005,0.0769194994187706,0.8169792171891085,0.4019708432091527,0.567974192801135,3
v20,Python,ocr_only,4,180.0,240.0,list,0.11321547100292695,0.07374878797344478,0.26780437042128413,0.3854832529180623,0.33841169991935105,4
v20,Python,ocr_only,4,180.0,240.0,iteration,0.01812982083835063,0.02160309291806306,0.04018032462187446,0.11432743494392712,0.08466859081510605,5
v20,Python,ocr_only,4,180.0,240.0,break,0.02447782347169756,0.013388330207764264,0.05537670850994558,0.07161095183235328,0.0651172545033902,6
v20,Python,ocr_only,4,180.0,240.0,continue,0.009843430742754814,0.011148069449891915,0.020343665406030297,0.05996167306387439,0.044114470000736754,7
v20,Python,ocr_only,4,180.0,240.0,index,0.0013452483777526417,0.01176608432654782,0.0,0.06317532913312111,0.037905197479872664,8
v20,Python,ocr_only,4,180.0,240.0,nested loop,0.006465390889621002,-0.00038309791343400215,0.012257028811432763,0.0,0.004902811524573105,9
v20,Python,ocr_only,5,240.0,300.0,range,0.3429956183800382,0.03385254249810962,0.817014119915569,0.7941609211199796,0.8033022006382153,1
v20,Python,ocr_only,5,240.0,300.0,iteration,0.018148274740206704,0.06034660774161017,0.040231054166872296,1.0,0.6160924216667489,2
v20,Python,ocr_only,5,240.0,300.0,for loop,0.404014830915901,-0.04637127838483165,0.9629247819886787,0.1708818115151848,0.4876989997045824,3
v20,Python,ocr_only,5,240.0,300.0,continue,0.009836653385541383,0.016775477091189536,0.020356097995528014,0.6614848904305554,0.40503337345654444,4
v20,Python,ocr_only,5,240.0,300.0,for,0.4195195279373751,-0.06836590587658106,1.0,0.0,0.4,5
v20,Python,ocr_only,5,240.0,300.0,index,0.0013238205853749094,0.013720286765261635,0.0,0.6377483457850928,0.3826490074710556,6
v20,Python,ocr_only,5,240.0,300.0,list,0.11332968132827896,-0.013334982719366643,0.2678312062362405,0.4275491295310759,0.36366196021314173,7
v20,Python,ocr_only,5,240.0,300.0,nested loop,0.006472523387784045,-0.015183707535225027,0.012311706485488651,0.41318591989520176,0.25283623453131654,8
v20,Python,ocr_only,5,240.0,300.0,break,0.024493127271399354,-0.01888406587284303,0.05540302370086876,0.38443690215327014,0.2528233507723096,9
v20,Python,ocr_only,6,300.0,360.0,for,0.41970792779260774,0.31891522742654344,1.0,1.0,1.0,1
v20,Python,ocr_only,6,300.0,360.0,for loop,0.4041823691302353,0.14959982445082046,0.9628924222627355,0.48884843921886395,0.6784660324364126,2
v20,Python,ocr_only,6,300.0,360.0,range,0.3431540756007743,0.10342695031334966,0.8170289338328115,0.34945570668345965,0.5364849975432004,3
v20,Python,ocr_only,6,300.0,360.0,list,0.11337823343713356,0.09599312597332722,0.2678425817888583,0.3270135020925395,0.303345133971067,4
v20,Python,ocr_only,6,300.0,360.0,break,0.024499636964805498,0.013201527262920645,0.055414191964211365,0.07707135768847921,0.06840849139877207,5
v20,Python,ocr_only,6,300.0,360.0,continue,0.009833774760503192,0.0005630749991872512,0.020361371407801424,0.03891673922537644,0.03149459209834643,6
v20,Python,ocr_only,6,300.0,360.0,nested loop,0.006475555880240668,-0.001916020416908179,0.012334905444930322,0.031432520607391434,0.02379347454240699,7
v20,Python,ocr_only,6,300.0,360.0,iteration,0.018156120573790797,-0.008143911636632722,0.040252577962025145,0.012630945196123157,0.02367959830248395,8
v20,Python,ocr_only,6,300.0,360.0,index,0.0013147151636619945,-0.01232782447175673,0.0,0.0,0.0,9
v20,Python,ocr_only,7,360.0,420.0,for,0.41964250435774486,0.30619282332483416,1.0,1.0,1.0,1
v20,Python,ocr_only,7,360.0,420.0,for loop,0.4041241973786267,0.14262176196314305,0.9629036733229317,0.48788843896019135,0.6778945327052875,2
v20,Python,ocr_only,7,360.0,420.0,range,0.34309904970524757,0.1040354900245423,0.8170237898630772,0.3670817645235151,0.5470585746593399,3
v20,Python,ocr_only,7,360.0,420.0,list,0.11336137275927109,0.10324206089085299,0.26783862904065536,0.3645976806712399,0.32589406001900606,4
v20,Python,ocr_only,7,360.0,420.0,break,0.024497377630270104,0.008933351361980285,0.0554103146909832,0.06933408053058504,0.06376457419474431,5
v20,Python,ocr_only,7,360.0,420.0,iteration,0.01815339567550532,0.0020553163853043567,0.04024510193007713,0.04780019061467078,0.04477815514083332,6
v20,Python,ocr_only,7,360.0,420.0,continue,0.009834774050142414,0.0034803391136653634,0.020359536724244162,0.0522616803663603,0.039500822909513844,7
v20,Python,ocr_only,7,360.0,420.0,nested loop,0.00647450292709542,-0.0033043066006466404,0.012326848914175218,0.031020175426953536,0.02354284482184221,8
v20,Python,ocr_only,7,360.0,420.0,index,0.0013178784666571114,-0.01321230986444762,0.0,0.0,0.0,9
v20,Python,ocr_only,8,420.0,480.0,for,0.4191460030897258,0.3424436256992725,1.0,1.0,1.0,1
v20,Python,ocr_only,8,420.0,480.0,for loop,0.4036827334117435,0.15881496983075452,0.9629891778534533,0.48934553873689973,0.6788029943835212,2
v20,Python,ocr_only,8,420.0,480.0,range,0.3426814114666563,0.13816332076897753,0.8169845407857481,0.4319151955480491,0.5859429336431288,3
v20,Python,ocr_only,8,420.0,480.0,list,0.1132335387957526,0.0709573374024482,0.26780868185224643,0.2450215156516767,0.2541363821319046,4
v20,Python,ocr_only,8,420.0,480.0,break,0.02448030982586086,0.018014281937576922,0.055380777486485455,0.0977917309638535,0.08082734957290628,5
v20,Python,ocr_only,8,420.0,480.0,continue,0.00984244365446792,0.0027444265908623967,0.020345531205695856,0.05532766282175896,0.04133481017533371,6
v20,Python,ocr_only,8,420.0,480.0,nested loop,0.006466511012835033,-0.0050299860261992565,0.012265348606532932,0.033707733906931533,0.02513077978677209,7
v20,Python,ocr_only,8,420.0,480.0,index,0.0013419992566167283,-0.004161399192359151,0.0,0.03612319428046076,0.02167391656827646,8
v20,Python,ocr_only,8,420.0,480.0,iteration,0.018132718372005217,-0.017151109680721553,0.04018802826527126,0.0,0.016075211306108502,9
v20,Python,ocr_only,9,480.0,540.0,for,0.4186718461294067,0.80913452090307,1.0,1.0,1.0,1
v20,Python,ocr_only,9,480.0,540.0,for loop,0.403261094973835,0.3698801775060396,0.9630709502398309,0.46758269371529426,0.6657779963251089,2
v20,Python,ocr_only,9,480.0,540.0,range,0.3422826253782365,0.29451644658509457,0.8169471879869666,0.37623481016749966,0.5525197612952865,3
v20,Python,ocr_only,9,480.0,540.0,list,0.11311127836189326,0.37144611249698173,0.267779922086906,0.46948075323872807,0.38880042077799926,4
v20,Python,ocr_only,9,480.0,540.0,index,0.0013648410573880057,0.037638750044157,0.0,0.06487504038298836,0.038925024229793014,5
v20,Python,ocr_only,9,480.0,540.0,break,0.024463876695515793,-0.015778546089912148,0.05535261895290102,0.00012828637990479385,0.022218019409103285,6
v20,Python,ocr_only,9,480.0,540.0,iteration,0.018112965950289883,-0.011028230043466121,0.040133821597390845,0.005886113277848007,0.019585196605665142,7
v20,Python,ocr_only,9,480.0,540.0,nested loop,0.006458878777990166,-0.010813503963895557,0.01220693076964532,0.006146381349393746,0.008570601117494376,8
v20,Python,ocr_only,9,480.0,540.0,continue,0.009849631095149266,-0.015884384778675074,0.020332249242489848,0.0,0.008132899696995939,9
v20,Python,ocr_only,10,540.0,600.0,for,0.417859626489559,0.4884350876536729,1.0,1.0,1.0,1
v20,Python,ocr_only,10,540.0,600.0,for loop,0.40253885458295446,0.2460766584178936,0.9632115167016722,0.5296600577702388,0.7030806413428121,2
v20,Python,ocr_only,10,540.0,600.0,range,0.3415995374685134,0.18830108531156056,0.8168830507769438,0.41753620962181076,0.577274946083864,3
v20,Python,ocr_only,10,540.0,600.0,list,0.11290180108722239,0.13765351158088387,0.2677303771050902,0.31924552100132486,0.298639463442831,4
v20,Python,ocr_only,10,540.0,600.0,break,0.02443572715198117,0.026796149388749434,0.05530422108143189,0.10410695332861968,0.08458586042974456,5
v20,Python,ocr_only,10,540.0,600.0,nested loop,0.00644580486296895,0.014495455426361081,0.012106531062808167,0.08023525344222018,0.05298376449045537,6
v20,Python,ocr_only,10,540.0,600.0,index,0.0014039715400404839,0.012399468932033888,0.0,0.07616761622504238,0.045700569735025426,7
v20,Python,ocr_only,10,540.0,600.0,continue,0.009861975017654654,-0.002221745174100238,0.02030949364498226,0.0477925313571757,0.03679931627229832,8
v20,Python,ocr_only,10,540.0,600.0,iteration,0.018079146098222955,-0.026848449795475057,0.04004069667442452,0.0,0.016016278669769807,9
v20,Python,ocr_only,11,600.0,660.0,for,0.41772057115333927,0.1749877125853569,1.0,1.0,1.0,1
v20,Python,ocr_only,11,600.0,660.0,for loop,0.40241514157807445,0.10443993286821938,0.9632354773552986,0.6505717306346536,0.7756372293229117,2
v20,Python,ocr_only,11,600.0,660.0,range,0.3414825699554771,0.09307428767896513,0.8168719337381238,0.5942768657271341,0.68331489293153,3
v20,Python,ocr_only,11,600.0,660.0,break,0.024431002914271235,0.027170370501384114,0.05529582385472722,0.2678499843129609,0.18282832012966743,4
v20,Python,ocr_only,11,600.0,660.0,continue,0.009864164983594787,0.011171097325777188,0.020305440845187744,0.1886044239385404,0.12128483070119933,5
v20,Python,ocr_only,11,600.0,660.0,nested loop,0.0064435687002063905,0.011620232043806784,0.012088971722213897,0.19082902077010944,0.11933300115095122,6
v20,Python,ocr_only,11,600.0,660.0,list,0.11286609147995615,-0.026907170863171213,0.2677219958985158,0.0,0.10708879835940632,7
v20,Python,ocr_only,11,600.0,660.0,index,0.0014108117916006603,-0.011804240271222144,0.0,0.07480591055096981,0.044883546330581885,8
v20,Python,ocr_only,11,600.0,660.0,iteration,0.01807335954770603,-0.021641481648769754,0.0400243986152316,0.026081340569207218,0.03165856378761697,9
v20,Python,ocr_only,12,660.0,720.0,for,0.4026626285368264,0.36483349742123755,1.0,1.0,1.0,1
v20,Python,ocr_only,12,660.0,720.0,for loop,0.3877045710132448,0.173750414111235,0.9627185386176498,0.517340946090816,0.6954919831015496,2
v20,Python,ocr_only,12,660.0,720.0,range,0.3293186871271949,0.152716195294989,0.8171975662627474,0.4642103602864336,0.6054052426769592,3
v20,Python,ocr_only,12,660.0,720.0,list,0.10797996264619607,0.1966534079597715,0.26553294696656554,0.5751918931821843,0.4513283146959368,4
v20,Python,ocr_only,12,660.0,720.0,iteration,0.017733213355149425,0.03029809773497755,0.04060195620973953,0.1549930181430731,0.10923659336973968,5
v20,Python,ocr_only,12,660.0,720.0,index,0.001442907824295312,-0.0003334917662057592,0.0,0.07762031851801053,0.046572191110806314,6
v20,Python,ocr_only,12,660.0,720.0,nested loop,0.006175396991870865,-0.00385441924319183,0.011795255624950504,0.06872676553839945,0.04595416157301986,7
v20,Python,ocr_only,12,660.0,720.0,continue,0.010328948781153077,-0.007696303399343,0.02214756777427823,0.05902250423009586,0.04427252964776881,8
v20,Python,ocr_only,12,660.0,720.0,break,0.02334700887432238,-0.031063112747720965,0.054593779715332295,0.0,0.02183751188613292,9
v20,Python,ocr_only,13,720.0,780.0,for,0.4103847280117215,0.33782503144013404,1.0,1.0,1.0,1
v20,Python,ocr_only,13,720.0,780.0,for loop,0.39518107581759576,0.15933430918160243,0.9628267031733824,0.5245427556225203,0.6998563346428651,2
v20,Python,ocr_only,13,720.0,780.0,range,0.3355822854448318,0.14444922303238789,0.8171062212295689,0.4848923919886275,0.6177779236850041,3
v20,Python,ocr_only,13,720.0,780.0,list,0.11043415050699042,0.1913036140376198,0.266613593330761,0.6097014540645008,0.4724663097710049,4
v20,Python,ocr_only,13,720.0,780.0,iteration,0.017922337258916718,0.033815179520727746,0.04041997551253786,0.1901893575855168,0.13028160475632522,5
v20,Python,ocr_only,13,720.0,780.0,continue,0.01010259829729711,-0.007964893673550364,0.021300524882164624,0.07889708300965226,0.055858459758657206,6
v20,Python,ocr_only,13,720.0,780.0,nested loop,0.006311601935365402,-0.005707805301594244,0.012031447213763069,0.08490943482305534,0.05575823977933843,7
v20,Python,ocr_only,13,720.0,780.0,index,0.0013908132390274225,-0.0053865800522836385,0.0,0.08576510322939677,0.051459061937638065,8
v20,Python,ocr_only,13,720.0,780.0,break,0.023874039421864578,-0.03758353445989985,0.054972031051690885,0.0,0.021988812420676355,9
v20,Python,ocr_only,14,780.0,840.0,for,0.4193674210147647,0.39979532114900773,1.0,1.0,1.0,1
v20,Python,ocr_only,14,780.0,840.0,for loop,0.4038796150032086,0.18336191705530647,0.9629510443287336,0.4951740956388723,0.6822848751148168,2
v20,Python,ocr_only,14,780.0,840.0,range,0.34286768310569915,0.16156331237675706,0.8170021372593557,0.444329354889449,0.5933984678374117,3
v20,Python,ocr_only,14,780.0,840.0,list,0.11329047865636553,0.24121283116685316,0.2678219845359647,0.6301100134874675,0.4851948019068664,4
v20,Python,ocr_only,14,780.0,840.0,iteration,0.0181419395084145,0.04520655619416477,0.040213632103868635,0.17292991488907863,0.11984340177499464,5
v20,Python,ocr_only,14,780.0,840.0,index,0.0013311840698250375,-0.0013650545066758015,0.0,0.0643027111168379,0.03858162667010274,6
v20,Python,ocr_only,14,780.0,840.0,continue,0.009838982538184753,-0.01024123607067222,0.020351820527655103,0.04359922311284146,0.034300262078766915,7
v20,Python,ocr_only,14,780.0,840.0,nested loop,0.006470075482596417,-0.010855869475590104,0.012292932905355363,0.04216560492535548,0.030216536117355433,8
v20,Python,ocr_only,14,780.0,840.0,break,0.024487881407887196,-0.028933478668830906,0.05539399528446183,0.0,0.022157598113784732,9
v20,Python,ocr_only,15,840.0,900.0,for,0.41879277190474146,0.18410202917426308,1.0,1.0,1.0,1
v20,Python,ocr_only,15,840.0,900.0,for loop,0.40336862585416317,0.09195377762141052,0.9630500798682773,0.5487901583275075,0.7144941269438154,2
v20,Python,ocr_only,15,840.0,900.0,range,0.3423843612711733,0.10036690792267336,0.8169568246407803,0.5899855920685978,0.6807740850974708,3
v20,Python,ocr_only,15,840.0,900.0,break,0.02446802769002959,0.1002308897373238,0.05535983924702775,0.5893195702739146,0.37573567786315987,4
v20,Python,ocr_only,15,840.0,900.0,list,0.11314237767657653,0.06938440281287366,0.26778716838350813,0.43827776267813173,0.3700815249602823,5
v20,Python,ocr_only,15,840.0,900.0,iteration,0.018118009468113986,0.04924774167275635,0.04014780317285115,0.3396773060038814,0.2198655048714693,6
v20,Python,ocr_only,15,840.0,900.0,continue,0.00984776948817346,0.02635819291799558,0.020335704290558376,0.2275971580298671,0.1446925765341436,7
v20,Python,ocr_only,15,840.0,900.0,nested loop,0.006460825618368638,0.003222837355631964,0.012221977600630932,0.1143134012095484,0.07347683176598141,8
v20,Python,ocr_only,15,840.0,900.0,index,0.0013589589061539407,-0.020122797153301238,0.0,0.0,0.0,9
v20,Python,ocr_only,16,900.0,960.0,for,0.4195183258414162,0.41486983409385053,1.0,1.0,1.0,1
v20,Python,ocr_only,16,900.0,960.0,for loop,0.4040138012104266,0.20294756378131718,0.9629250823820559,0.5189079827294517,0.6965148225904934,2
v20,Python,ocr_only,16,900.0,960.0,range,0.3429946084481427,0.1635493947354585,0.8170140274727421,0.42946884735644203,0.584486919402962,3
v20,Python,ocr_only,16,900.0,960.0,list,0.11332935627237925,0.19173513109341891,0.26783109495626556,0.49345425456593184,0.4032049907220653,4
v20,Python,ocr_only,16,900.0,960.0,break,0.024493087562710368,0.08655482113458801,0.05540295399195216,0.25468082400287284,0.17496967599850455,5
v20,Python,ocr_only,16,900.0,960.0,iteration,0.018148225319907237,0.04237598375915633,0.04023091547108352,0.15438892942157492,0.10872572384137835,6
v20,Python,ocr_only,16,900.0,960.0,continue,0.009836674080525833,0.020540259472774762,0.020356067011590998,0.10481890249610584,0.07103376830229989,7
v20,Python,ocr_only,16,900.0,960.0,nested loop,0.00647250421056409,-0.0014722885308730664,0.012311555893055609,0.05484746198293102,0.03783309954698085,8
v20,Python,ocr_only,16,900.0,960.0,index,0.001323879915380278,-0.02563273652634778,0.0,0.0,0.0,9
v20,Python,ocr_only,17,960.0,1020.0,for,0.41963727913098586,0.29681162048049786,1.0,1.0,1.0,1
v20,Python,ocr_only,17,960.0,1020.0,for loop,0.40411954865161487,0.13585496479893158,0.9629045661056703,0.5511406342979971,0.7158462070210664,2
v20,Python,ocr_only,17,960.0,1020.0,range,0.34309465669031525,0.09955092167585267,0.8170233853061725,0.449899652993801,0.5967491459187496,3
v20,Python,ocr_only,17,960.0,1020.0,list,0.11336002080520836,0.06478069582106057,0.26783830891610255,0.3529360235221882,0.31889693767975397,4
v20,Python,ocr_only,17,960.0,1020.0,break,0.024497193729552814,0.07719758981918705,0.0554100075075678,0.3875629803285874,0.25470179120017955,5
v20,Python,ocr_only,17,960.0,1020.0,continue,0.009834852209531507,0.0022801014573583757,0.020359397412548125,0.17864079464025232,0.11532823574917063,6
v20,Python,ocr_only,17,960.0,1020.0,nested loop,0.006474418753537725,-0.007190017517695707,0.012326216446502378,0.15223150091912227,0.09626938713007431,7
v20,Python,ocr_only,17,960.0,1020.0,iteration,0.018153178539274374,-0.013945797098012145,0.04024451688196078,0.1333916777108008,0.09613281337926478,8
v20,Python,ocr_only,17,960.0,1020.0,index,0.001318126332425166,-0.06177877103296599,0.0,0.0,0.0,9
v20,Python,ocr_only,18,1020.0,1080.0,for,0.4192841652999981,0.5141978755881209,1.0,1.0,1.0,1
v20,Python,ocr_only,18,1020.0,1080.0,for loop,0.40380560390162873,0.23336283317681106,0.9629654239621934,0.4860605417516874,0.6768224946358898,2
v20,Python,ocr_only,18,1020.0,1080.0,range,0.34279764018205744,0.2055592195050439,0.8169955231985331,0.43517880696132166,0.5879054934562062,3
v20,Python,ocr_only,18,1020.0,1080.0,list,0.11326904867276541,0.17813998580917847,0.2678169621988653,0.3850005030351395,0.33812708670062985,4
v20,Python,ocr_only,18,1020.0,1080.0,break,0.02448502461892587,0.05028981389723622,0.05538903655774272,0.1510295301636604,0.11277333272129333,5
v20,Python,ocr_only,18,1020.0,1080.0,iteration,0.018138472990228482,-0.005341831530631059,0.04020404340355858,0.049221374503421865,0.04561444206347655,6
v20,Python,ocr_only,18,1020.0,1080.0,continue,0.009840284167534416,-0.004786910293808957,0.02034949122518142,0.05023690275578696,0.03828193814354475,7
v20,Python,ocr_only,18,1020.0,1080.0,nested loop,0.006468734307426987,-0.00598915273140393,0.012282596864277927,0.04803675058903654,0.03373508909913309,8
v20,Python,ocr_only,18,1020.0,1080.0,index,0.001335236100209344,-0.03223816450207756,0.0,0.0,0.0,9
v20,Python,ocr_only,19,1080.0,1140.0,for,0.41790659767074595,0.809199218899657,1.0,1.0,1.0,1
v20,Python,ocr_only,19,1080.0,1140.0,for loop,0.402580564517565,0.38985404822375247,0.9632032248642612,0.4950085391840013,0.6822864134561053,2
v20,Python,ocr_only,19,1080.0,1140.0,range,0.3416390450299692,0.351774298067865,0.8168867340539904,0.4491514505528508,0.5962455639533066,3
v20,Python,ocr_only,19,1080.0,1140.0,list,0.1129139875456955,0.39422957119027174,0.2677332496501725,0.5002777109527736,0.40725992643173314,4
v20,Python,ocr_only,19,1080.0,1140.0,iteration,0.018081118843628438,0.06179617986971794,0.0400459081032999,0.09994873223483866,0.07598760258222316,5
v20,Python,ocr_only,19,1080.0,1140.0,continue,0.009861345586266524,0.05612343041933971,0.020310785179131548,0.09311739081943063,0.063994748563311,6
v20,Python,ocr_only,19,1080.0,1140.0,index,0.0014018062414674578,0.01947062082297075,0.0,0.0489786784759751,0.02938720708558506,7
v20,Python,ocr_only,19,1080.0,1140.0,nested loop,0.006446561776055884,0.0071381253945673896,0.012112118848085359,0.03412741675318476,0.025321297591144997,8
v20,Python,ocr_only,19,1080.0,1140.0,break,0.024437418142088628,-0.021201299157220188,0.055306955345152516,0.0,0.022122782138061008,9
v20,Python,ocr_only,20,1140.0,1200.0,for,0.41813931910679825,0.7892430860922148,1.0,1.0,1.0,1
v20,Python,ocr_only,20,1140.0,1200.0,for loop,0.4027877426824687,0.36169873335351566,0.9631634653969103,0.4738479948132151,0.6695741830466932,2
v20,Python,ocr_only,20,1140.0,1200.0,range,0.3418347197688378,0.2991088089474735,0.8169049916311493,0.39682250255778306,0.5648554981871295,3
v20,Python,ocr_only,20,1140.0,1200.0,list,0.11297403611713565,0.4718744156185714,0.26774741591391443,0.6094342931124468,0.47275954223303385,4
v20,Python,ocr_only,20,1140.0,1200.0,iteration,0.018090794175794126,0.07143132553829273,0.04007243789105017,0.11663411119143778,0.08600944187128273,5
v20,Python,ocr_only,20,1140.0,1200.0,index,0.0013906593932443345,0.03946627896525713,0.0,0.07729673427940886,0.046378040567645315,6
v20,Python,ocr_only,20,1140.0,1200.0,continue,0.00985782892520641,0.019016984384644633,0.020317208789062118,0.05213107069544773,0.03940552593289349,7
v20,Python,ocr_only,20,1140.0,1200.0,break,0.024445537342636613,-0.02334405322110993,0.05532082086415997,0.0,0.02212832834566399,8
v20,Python,ocr_only,20,1140.0,1200.0,nested loop,0.006450308386753346,-0.0005872203020418742,0.012140768483782736,0.028005406211940146,0.021659551120677183,9
v20,Python,ocr_only,21,1200.0,1260.0,for,0.419237071092219,0.5599356741914889,1.0,1.0,1.0,1
v20,Python,ocr_only,21,1200.0,1260.0,for loop,0.4037636750266973,0.2437529839702561,0.9629734109726533,0.48874089168819485,0.6784338994019783,2
v20,Python,ocr_only,21,1200.0,1260.0,range,0.34275804643295643,0.1499555809463447,0.816991861173861,0.3370729537678298,0.5290405167302423,3
v20,Python,ocr_only,21,1200.0,1260.0,list,0.11325690308786168,0.2042783303251323,0.2678141318659613,0.4249114132009248,0.3620725006669394,4
v20,Python,ocr_only,21,1200.0,1260.0,break,0.02448338068483363,-0.010146547001908012,0.055386251353613775,0.07819201655911265,0.0690697104769131,5
v20,Python,ocr_only,21,1200.0,1260.0,nested loop,0.006467977204829826,-0.018041089179634425,0.01227684356806172,0.06542674913890616,0.044166786910568384,6
v20,Python,ocr_only,21,1200.0,1260.0,continue,0.009840977090210111,-0.031240285341931715,0.02034816029881797,0.04408399550603969,0.034589661423151,7
v20,Python,ocr_only,21,1200.0,1260.0,iteration,0.018136510656556484,-0.05850355765961439,0.040198703180485656,0.0,0.016079481272194263,8
v20,Python,ocr_only,21,1200.0,1260.0,index,0.0013374894134005391,-0.04259325644787805,0.0,0.025726539314321728,0.015435923588593036,9
v21,Python,ocr_only,1,0.0,60.0,for loop,0.13618371970167942,0.6028211241485975,1.0,0.8368001190581239,0.9020800714348743,1
v21,Python,ocr_only,1,0.0,60.0,nested loop,0.0015064639478181985,0.7350558174755425,0.0,1.0,0.6,2
v21,Python,ocr_only,1,0.0,60.0,break,0.016469336811031226,0.43282482956987095,0.11110170592248676,0.6269960628168934,0.4206383200591307,3
v21,Python,ocr_only,1,0.0,60.0,for,0.1186578540937349,-0.034330939132380105,0.8698676661486544,0.05044717148307226,0.3782153693493051,4
v21,Python,ocr_only,1,0.0,60.0,continue,0.015271254972797821,0.31864770113376834,0.10220575811357802,0.4860822579881849,0.33253165803834217,5
v21,Python,ocr_only,1,0.0,60.0,range,0.08577765845664585,-0.03424337989409991,0.6257269947855437,0.0505552343287837,0.2806239385114877,6
v21,Python,ocr_only,1,0.0,60.0,list,0.04361332728589064,-0.010295642452800562,0.3126501435032784,0.08011077532122449,0.17312652259404607,7
v21,Python,ocr_only,1,0.0,60.0,index,0.019062067452606038,-0.07520637489726101,0.13035314245541804,0.0,0.05214125698216722,8
v21,Python,ocr_only,1,0.0,60.0,iteration,0.004407075168470543,-0.06767384607688372,0.021537498699509872,0.00929640910224225,0.0141928449411493,9
v21,Python,ocr_only,2,60.0,120.0,for loop,0.06774160253853688,0.5408556728769296,1.0,0.8280066443981798,0.8968039866389079,1
v21,Python,ocr_only,2,60.0,120.0,nested loop,0.0002870978786061353,0.6701660236179027,0.0,1.0,0.6,2
v21,Python,ocr_only,2,60.0,120.0,for,0.0642774228708986,-0.04889513862913667,0.9486442056745832,0.04358977089506827,0.4056115448068742,3
v21,Python,ocr_only,2,60.0,120.0,continue,0.017694037376484686,0.26757816753194863,0.25805451519709405,0.4645251838233098,0.3819369163728235,4
v21,Python,ocr_only,2,60.0,120.0,break,0.0014608985693173077,0.36977802796115056,0.017401368472407332,0.6004593672551275,0.36723616774203943,5
v21,Python,ocr_only,2,60.0,120.0,range,0.052420123092855264,-0.04490550124786333,0.7728620271852228,0.04889631532022568,0.33848260006622455,6
v21,Python,ocr_only,2,60.0,120.0,list,0.0031820780045103744,-0.02114893363861966,0.042917521083271876,0.08049449564594538,0.06546370582087598,7
v21,Python,ocr_only,2,60.0,120.0,iteration,0.007857033792253602,-0.0812497618826258,0.11222283747854948,0.0005554724749261988,0.045222418476375516,8
v21,Python,ocr_only,2,60.0,120.0,index,0.004797735653866312,-0.0816673846466467,0.06686933360492944,0.0,0.026747733441971778,9
v21,Python,ocr_only,3,120.0,180.0,for,0.06451435631915246,0.006666100897092753,1.0,0.5291768075496345,0.7175060845297807,1
v21,Python,ocr_only,3,120.0,180.0,index,0.0041807483418826496,0.02439591638118731,0.061486698823093724,1.0,0.6245946795292374,2
v21,Python,ocr_only,3,120.0,180.0,for loop,0.06118445055406224,0.0005606121464200479,0.9482019896211045,0.36704281875317296,0.5995064871003456,3
v21,Python,ocr_only,3,120.0,180.0,range,0.05470815457368332,0.0021696074086963047,0.8474606263292884,0.40977040871044135,0.5848464957579802,4
v21,Python,ocr_only,3,120.0,180.0,iteration,0.00926265722431327,0.012981887130226069,0.14053781546320995,0.6968953401979597,0.47435233030405977,5
v21,Python,ocr_only,3,120.0,180.0,continue,0.0200857778930997,-0.007642601397445042,0.30889576799483326,0.14920280837407562,0.21307999222237867,6
v21,Python,ocr_only,3,120.0,180.0,nested loop,0.00022799202190618267,-0.0042172174702345844,0.0,0.2401654130004012,0.14409924780024072,7
v21,Python,ocr_only,3,120.0,180.0,list,0.0011708152270441436,-0.00782482980477097,0.014665990454500582,0.14436365138627122,0.09248458701356296,8
v21,Python,ocr_only,3,120.0,180.0,break,0.0006388113080327541,-0.013261139958414407,0.006390457612862219,0.0,0.002556183045144888,9
v21,Python,ocr_only,4,180.0,240.0,for loop,0.06084516612907588,0.019283698942991385,0.9457338529945328,1.0,0.9782935411978131,1
v21,Python,ocr_only,4,180.0,240.0,for,0.064323739264666,0.0053150436191891515,1.0,0.5325912053130873,0.7195547231878524,2
v21,Python,ocr_only,4,180.0,240.0,break,0.0005613106699883596,0.01823123381554605,0.005298670267171813,0.9647831917055758,0.5809893831302142,3
v21,Python,ocr_only,4,180.0,240.0,index,0.004102706425054953,0.016864281264944464,0.060544857470414166,0.9190432382698162,0.5756438859500553,4
v21,Python,ocr_only,4,180.0,240.0,nested loop,0.00022165486129648758,0.015688877315010365,0.0,0.8797127421860036,0.5278276453116021,5
v21,Python,ocr_only,4,180.0,240.0,list,0.0009955016618715196,0.015251324324439283,0.012072100428209397,0.8650716682104724,0.5238718410975671,6
v21,Python,ocr_only,4,180.0,240.0,iteration,0.009291290137759237,0.006480605059350281,0.1414873691063002,0.5715923586274612,0.3995503628189968,7
v21,Python,ocr_only,4,180.0,240.0,range,0.05461141731591279,-0.010601608057188074,0.8484866437784248,0.0,0.33939465751136993,8
v21,Python,ocr_only,4,180.0,240.0,continue,0.02011928431240481,-0.0014903564112389092,0.31040534229589595,0.3048739518016145,0.3070865079993271,9
v21,Python,ocr_only,5,240.0,300.0,for loop,0.06113313387961163,0.013974592156996283,0.9477405312815433,0.6475133261295946,0.7676042081903741,1
v21,Python,ocr_only,5,240.0,300.0,range,0.054699126620016636,0.013720533779031372,0.8476229029516065,0.6428378429232827,0.7247518669346122,2
v21,Python,ocr_only,5,240.0,300.0,for,0.06449156142854495,0.00227976408912171,1.0,0.4322912473693979,0.6593747484216388,3
v21,Python,ocr_only,5,240.0,300.0,index,0.004168686438304133,0.033128161674018074,0.06133410573019156,1.0,0.6245336422920766,4
v21,Python,ocr_only,5,240.0,300.0,iteration,0.009267751674148712,0.01741626092052051,0.1406791076107963,0.7108509914112646,0.48278223789107727,5
v21,Python,ocr_only,5,240.0,300.0,continue,0.020091878607653883,0.009902303177530505,0.30911005174885836,0.572570240657441,0.4671861650940079,6
v21,Python,ocr_only,5,240.0,300.0,break,0.0006270883819799485,0.013052482041966587,0.006224376506881468,0.6305435635430323,0.38081588872857197,7
v21,Python,ocr_only,5,240.0,300.0,nested loop,0.00022708206641131493,0.0126784869400623,0.0,0.6236608626763919,0.3741965176058351,8
v21,Python,ocr_only,5,240.0,300.0,list,0.0011465212155039055,-0.0212102599937008,0.014307112703916946,0.0,0.005722845081566778,9
v21,Python,ocr_only,6,300.0,360.0,for loop,0.06138796401936854,0.007601058975430433,0.9495516912533182,0.5780116396909722,0.7266276603159106,1
v21,Python,ocr_only,6,300.0,360.0,range,0.05477391534354538,0.009429592654700466,0.8468573237184094,0.6249044752114736,0.713685614614248,2
v21,Python,ocr_only,6,300.0,360.0,for,0.06463709615458603,0.00022114796691009275,1.0,0.3887534614021072,0.6332520768412644,3
v21,Python,ocr_only,6,300.0,360.0,index,0.004227882478262032,0.02405602316175362,0.062044097974654024,1.0,0.6248176391898616,4
v21,Python,ocr_only,6,300.0,360.0,continue,0.020066607377211814,0.009009495031721913,0.3079672708721722,0.614131051150315,0.49166553903905785,5
v21,Python,ocr_only,6,300.0,360.0,iteration,0.009246303660491643,0.012320175082627676,0.1399636317719645,0.6990336027675788,0.47540561436933304,6
v21,Python,ocr_only,6,300.0,360.0,break,0.0006858128338478615,0.012068137332633299,0.0070474356084760815,0.6925700823580658,0.4183610236582299,7
v21,Python,ocr_only,6,300.0,360.0,nested loop,0.0002319215127065593,0.005436736194409227,0.0,0.5225074762542791,0.31350448575256745,8
v21,Python,ocr_only,6,300.0,360.0,list,0.0012802028612564837,-0.014937858504254876,0.01627635286106777,0.0,0.006510541144427108,9
v21,Python,ocr_only,7,360.0,420.0,for loop,0.061098172210181066,0.005041984718181847,0.9475462765182929,0.7093444737003203,0.8046251948275094,1
v21,Python,ocr_only,7,360.0,420.0,index,0.004160700227376444,0.016703607690054495,0.061242875676810284,1.0,0.624497150270724,2
v21,Python,ocr_only,7,360.0,420.0,for,0.06446787880083381,-0.009820698794176264,1.0,0.3389053753921783,0.603343225235307,3
v21,Python,ocr_only,7,360.0,420.0,range,0.054685615290341966,-0.008866621861361635,0.8477267585765864,0.36268488993371983,0.5567016373908664,4
v21,Python,ocr_only,7,360.0,420.0,iteration,0.00927047113275703,0.0011196890454785123,0.14078288989323698,0.6115847608539811,0.4232640124696834,5
v21,Python,ocr_only,7,360.0,420.0,nested loop,0.00022636519641063934,0.004613802325683114,0.0,0.6986724103911092,0.4192034462346655,6
v21,Python,ocr_only,7,360.0,420.0,continue,0.02009534062650238,-0.010157240664366412,0.30928560544880623,0.3305173701687263,0.32202466428075827,7
v21,Python,ocr_only,7,360.0,420.0,break,0.0006189735430922952,-0.020312950982916397,0.006111442969715831,0.07739537036604999,0.04888179940751632,8
v21,Python,ocr_only,7,360.0,420.0,list,0.0011261786940941453,-0.023418192574114434,0.014006729405914119,0.0,0.005602691762365648,9
v21,Python,ocr_only,8,420.0,480.0,for,0.06554787441102947,0.0087927569332805,1.0,0.97023979063669,0.982143874382014,1
v21,Python,ocr_only,8,420.0,480.0,for loop,0.06294578827791222,-0.002246129273461844,0.9601437167928005,0.7990468802860164,0.8634856148887301,2
v21,Python,ocr_only,8,420.0,480.0,range,0.055256334140556605,-0.008416978861942,0.8423639638835188,0.7033483034003392,0.758954567593611,3
v21,Python,ocr_only,8,420.0,480.0,continue,0.019921044318667494,0.010711759092759326,0.3011315656067823,1.0,0.7204526262427129,4
v21,Python,ocr_only,8,420.0,480.0,index,0.0045782533648440855,0.005896439953613738,0.0661252705953746,0.925323218098386,0.5816440390971814,5
v21,Python,ocr_only,8,420.0,480.0,nested loop,0.0002611511210059338,-0.01085727687241177,0.0,0.6655037499996422,0.3993022499997853,6
v21,Python,ocr_only,8,420.0,480.0,iteration,0.00912208764326575,-0.025327242603372088,0.13572340708380837,0.4411010793167423,0.31895001042356874,7
v21,Python,ocr_only,8,420.0,480.0,list,0.0020839080114578,-0.04678448713504669,0.027919258290152262,0.10833850973432826,0.07617080915665786,8
v21,Python,ocr_only,8,420.0,480.0,break,0.0010367589976668524,-0.053770386716492716,0.011880024568171875,0.0,0.004752009827268751,9
v21,Python,ocr_only,9,480.0,540.0,iteration,0.003874691549468868,0.038465311550627594,0.05065361436493782,1.0,0.6202614457459751,1
v21,Python,ocr_only,9,480.0,540.0,range,0.03777884875118107,0.011567839596082178,0.51999472589441,0.6492386367069238,0.5975410723819183,2
v21,Python,ocr_only,9,480.0,540.0,list,0.0021504930581623914,0.031865946558833104,0.026785236466832955,0.9139397834375561,0.5590779646492668,3
v21,Python,ocr_only,9,480.0,540.0,for,0.05201747145833828,-0.018769217200579523,0.7171024424575121,0.25362274320291367,0.43901462290475307,4
v21,Python,ocr_only,9,480.0,540.0,for loop,0.07245336132028711,-0.03473199787680182,1.0,0.0454572055121529,0.42727432330729176,5
v21,Python,ocr_only,9,480.0,540.0,index,0.0035769007561163714,-0.01714441342269264,0.04653124491260866,0.2748112916723929,0.18349927296847918,6
v21,Python,ocr_only,9,480.0,540.0,nested loop,0.00021558719641686,-0.02227467762110062,0.0,0.20790915055934509,0.12474549033560704,7
v21,Python,ocr_only,9,480.0,540.0,continue,0.009985529724135803,-0.03821779773490516,0.1352470040254267,0.0,0.05409880161017068,8
v21,Python,ocr_only,9,480.0,540.0,break,0.0007799536810525657,-0.032188204579721054,0.007812622848372294,0.07863000354788258,0.050303051268078464,9
v21,Python,ocr_only,10,540.0,600.0,range,0.04879191599932066,0.00903329719004533,0.7295403610065962,0.8031428755040239,0.7737018697050528,1
v21,Python,ocr_only,10,540.0,600.0,continue,0.01636444028083652,0.022461150045239128,0.2425183525543313,1.0,0.6970073410217326,2
v21,Python,ocr_only,10,540.0,600.0,for loop,0.06679997975019775,-0.027061533623333855,1.0,0.2739797487020934,0.5643878492212561,3
v21,Python,ocr_only,10,540.0,600.0,iteration,0.007255645406706621,0.011229979666776621,0.10571511777001691,0.8353470261201634,0.5434942627801048,4
v21,Python,ocr_only,10,540.0,600.0,nested loop,0.00021679632993042397,0.0012713784251270344,0.0,0.6893503708414368,0.41361022250486207,5
v21,Python,ocr_only,10,540.0,600.0,for,0.06054950713539386,-0.045750010153173065,0.9061253563778794,0.0,0.36245014255115177,6
v21,Python,ocr_only,10,540.0,600.0,list,0.0014761506896022415,-0.0241805142325514,0.018914000427448494,0.3162165231888807,0.19729551408430782,7
v21,Python,ocr_only,10,540.0,600.0,break,0.0006550394226390619,-0.024568320682877457,0.006581888551985946,0.31053114195217385,0.1889514405920987,8
v21,Python,ocr_only,10,540.0,600.0,index,0.003800195879189362,-0.03695513439838696,0.05381838724413082,0.12893602350705696,0.0988889690018865,9
v21,Python,ocr_only,11,600.0,660.0,continue,0.020048857044515755,0.07307172957714583,0.30713085628418896,1.0,0.7228523425136756,1
v21,Python,ocr_only,11,600.0,660.0,for loop,0.06158684362822231,0.009974350250809212,0.9510232502349292,0.5619363676229423,0.7175711206677371,2
v21,Python,ocr_only,11,600.0,660.0,for,0.0647463708935975,-0.022136602063095732,1.0,0.33900095319053475,0.6034005719143208,3
v21,Python,ocr_only,11,600.0,660.0,range,0.05482685549132757,-0.04700313549852597,0.8462347108151796,0.16636107372721481,0.4383105285624007,4
v21,Python,ocr_only,11,600.0,660.0,nested loop,0.00023561261480916065,0.021218433716602446,0.0,0.6400002127202341,0.3840001276321405,5
v21,Python,ocr_only,11,600.0,660.0,break,0.0007338924850474489,-0.01994048937713738,0.007723980984457389,0.35424781622338175,0.215638282127812,6
v21,Python,ocr_only,11,600.0,660.0,index,0.004277560552728363,-0.04847677808265741,0.06265540889244557,0.15613007475194232,0.11874020840814362,7
v21,Python,ocr_only,11,600.0,660.0,list,0.001386546856010367,-0.04732381158735519,0.017840965939779425,0.1641347287698045,0.10561722363779447,8
v21,Python,ocr_only,11,600.0,660.0,iteration,0.00922910879083217,-0.07096528847877523,0.13941079621412766,0.0,0.05576431848565107,9
v21,Python,ocr_only,12,660.0,720.0,index,0.05104077961088614,0.07120688883798965,0.8482966912616555,1.0,0.9393186765046622,1
v21,Python,ocr_only,12,660.0,720.0,list,0.060122143774015764,0.043636976954750176,1.0,0.7653423393291707,0.8592054035975024,2
v21,Python,ocr_only,12,660.0,720.0,for,0.03832228321174263,0.049439176281223594,0.6358354408076414,0.814726991933876,0.7431703714833822,3
v21,Python,ocr_only,12,660.0,720.0,break,0.03264921088840811,0.049594385185899835,0.5410673171312548,0.8160480320097693,0.7060557460583634,4
v21,Python,ocr_only,12,660.0,720.0,for loop,0.04808095748169379,-0.0077082039891108725,0.7988531492772416,0.3283246187781115,0.5165360309777636,5
v21,Python,ocr_only,12,660.0,720.0,range,0.009134612595495686,0.01477916079904719,0.14825823023538276,0.5197228516846405,0.37113700310493736,6
v21,Python,ocr_only,12,660.0,720.0,iteration,0.0007307897176222471,0.024309214130287853,0.007873183041653162,0.6008366408852759,0.36365125774782675,7
v21,Python,ocr_only,12,660.0,720.0,continue,0.03283825007430539,-0.028460358904418573,0.5442251984216288,0.15169539533597362,0.30870731657023565,8
v21,Python,ocr_only,12,660.0,720.0,nested loop,0.00025948000843489057,-0.046283040126714886,0.0,0.0,0.0,9
v21,Python,ocr_only,13,720.0,780.0,for,0.0646171817530058,0.00495008652012993,1.0,0.5626687561555997,0.7376012536933598,1
v21,Python,ocr_only,13,720.0,780.0,for loop,0.061343818654011235,0.00633850868020005,0.9491604444559214,0.5808267985505389,0.7281602569126919,2
v21,Python,ocr_only,13,720.0,780.0,list,0.0012539108425438906,0.038389836083322255,0.015886587132238877,1.0,0.6063546348528955,3
v21,Python,ocr_only,13,720.0,780.0,range,0.05476742487776304,-0.009607253753871003,0.8470205575701681,0.3722851614141311,0.5621793198765459,4
v21,Python,ocr_only,13,720.0,780.0,nested loop,0.00023103470739464405,0.006705791081333035,0.0,0.5856301858793258,0.35137811152759546,5
v21,Python,ocr_only,13,720.0,780.0,break,0.0006737008636460719,0.002318066294179034,0.006875176983922382,0.5282467077170038,0.3196980954237712,6
v21,Python,ocr_only,13,720.0,780.0,iteration,0.00925162071814111,-0.005371028628372871,0.14010134826605294,0.4276872989163276,0.31265291865621775,7
v21,Python,ocr_only,13,720.0,780.0,continue,0.020072699831938615,-0.038073371231200144,0.3081666792468282,0.0,0.12326667169873129,8
v21,Python,ocr_only,13,720.0,780.0,index,0.004214819541862608,-0.029425520755979352,0.061873322403433295,0.11309819165247512,0.09260824395285838,9
v21,Python,ocr_only,14,780.0,840.0,for,0.06437008772108566,0.00830695791006511,1.0,0.7612841559742392,0.8567704935845435,1
v21,Python,ocr_only,14,780.0,840.0,for loop,0.06091507256099907,0.005335589577972595,0.9461391890342346,0.7140453687592736,0.8068828968692581,2
v21,Python,ocr_only,14,780.0,840.0,range,0.05463888768813877,-0.003977639101196501,0.8482986901187816,0.5659837423671789,0.6789097214678199,3
v21,Python,ocr_only,14,780.0,840.0,list,0.001030961042109385,0.02332243017608822,0.012595728029304191,1.0,0.6050382912117217,4
v21,Python,ocr_only,14,780.0,840.0,break,0.0005756527993825255,0.006164727759682777,0.005497851448047266,0.7272270001694825,0.4385353406809084,5
v21,Python,ocr_only,14,780.0,840.0,nested loop,0.00022298153877003986,0.005993314081815386,0.0,0.7245018670491433,0.434701120229486,6
v21,Python,ocr_only,14,780.0,840.0,iteration,0.009286615599544744,-0.007138982709291586,0.14129451194594045,0.5157247299104406,0.36595264272464056,7
v21,Python,ocr_only,14,780.0,840.0,index,0.004116206994628681,-0.013876032097228999,0.060692144783484316,0.40861917888998894,0.2694483652473871,8
v21,Python,ocr_only,14,780.0,840.0,continue,0.02011303101139769,-0.03957859898393151,0.31006931810917815,0.0,0.12402772724367127,9
v21,Python,ocr_only,15,840.0,900.0,for,0.07282832277923008,0.11501752483349623,1.0,1.0,1.0,1
v21,Python,ocr_only,15,840.0,900.0,for loop,0.0687419824993637,0.0821135518970336,0.9436080835129823,0.8042610334567837,0.8599998534792631,2
v21,Python,ocr_only,15,840.0,900.0,range,0.061637260446963854,0.020615418764128292,0.8455621878697773,0.43842128981802886,0.6012776490387283,3
v21,Python,ocr_only,15,840.0,900.0,break,0.0009980974361201008,0.04353823818173481,0.00873549646610293,0.5747844272337819,0.34836485492671027,4
v21,Python,ocr_only,15,840.0,900.0,continue,0.019929501482182636,0.013025255136663484,0.2699908209939111,0.3932689677199427,0.34395770902953005,5
v21,Python,ocr_only,15,840.0,900.0,index,0.003868067371799194,0.036568668231765106,0.048341376997021124,0.5333238892649469,0.3393308843577766,6
v21,Python,ocr_only,15,840.0,900.0,nested loop,0.0003650951673944989,0.01943207052876676,0.0,0.4313817945844996,0.25882907675069977,7
v21,Python,ocr_only,15,840.0,900.0,list,0.0034427408458890573,0.005703176649350295,0.04247182715874333,0.34971142897462054,0.22681558824826967,8
v21,Python,ocr_only,15,840.0,900.0,iteration,0.00957258579265422,-0.05308376597002863,0.12706431839582924,0.0,0.0508257273583317,9
v21,Python,ocr_only,16,900.0,960.0,for,0.06329584773816765,0.01985426006804301,1.0,0.5970218617989019,0.7582131170793411,1
v21,Python,ocr_only,16,900.0,960.0,continue,0.020753621909442323,0.07439820533759167,0.32536197710671394,1.0,0.7301447908426856,2
v21,Python,ocr_only,16,900.0,960.0,for loop,0.0608239599419801,-0.00213475413877696,0.9608006054420406,0.43456401313849585,0.6450586500599138,3
v21,Python,ocr_only,16,900.0,960.0,range,0.052327781873939,0.0027094609463077907,0.8260675334808106,0.47035373766953326,0.6126392559940442,4
v21,Python,ocr_only,16,900.0,960.0,index,0.006831218219514661,0.057947857665620515,0.10457938483922292,0.8784625782962443,0.5689093009134357,5
v21,Python,ocr_only,16,900.0,960.0,iteration,0.008767418777634811,0.004340745989259587,0.1352838082916757,0.48240589499396896,0.34355706031305167,6
v21,Python,ocr_only,16,900.0,960.0,break,0.0024752500628436977,-0.01059762498399426,0.035502093095396446,0.3720391642265124,0.237424335774066,7
v21,Python,ocr_only,16,900.0,960.0,nested loop,0.00023651164223189252,-0.01097730150148715,0.0,0.36923406211331083,0.2215404372679865,8
v21,Python,ocr_only,16,900.0,960.0,list,0.00459171250170772,-0.06095391453926775,0.06906512388348034,0.0,0.027626049553392137,9
v21,Python,ocr_only,17,960.0,1020.0,for,0.06451699399262484,0.015613122663429053,1.0,0.9257513647675586,0.9554508188605352,1
v21,Python,ocr_only,17,960.0,1020.0,range,0.05471180728530182,0.006439107019620484,0.8474827657706564,0.7782135127160164,0.8059212139378724,2
v21,Python,ocr_only,17,960.0,1020.0,index,0.004179328270526006,0.02022995916797496,0.061462655380518254,1.0,0.6245850621522073,3
v21,Python,ocr_only,17,960.0,1020.0,iteration,0.009263737119185567,0.015944850987724486,0.1405493671827121,0.9310862678603211,0.6148715075892774,4
v21,Python,ocr_only,17,960.0,1020.0,for loop,0.06118080731885493,-0.01824030994292014,0.9481064481947946,0.38131554459504313,0.6080319060349437,5
v21,Python,ocr_only,17,960.0,1020.0,list,0.0011697554439833722,0.01705374867001476,0.014649500525113308,0.9489197214472959,0.5752116330784228,6
v21,Python,ocr_only,17,960.0,1020.0,break,0.0006376856957294385,-0.02370860620979234,0.006373288266943227,0.29337360979571914,0.17857348118420877,7
v21,Python,ocr_only,17,960.0,1020.0,nested loop,0.00022795310575209917,-0.026056579093194854,0.0,0.25561316885661256,0.15336790131396752,8
v21,Python,ocr_only,17,960.0,1020.0,continue,0.02008709526770197,-0.041950799981233945,0.3089040042904877,0.0,0.12356160171619508,9
v21,Python,ocr_only,18,1020.0,1080.0,for,0.09784257542609585,-0.0061792601018242,1.0,0.4380115633786466,0.6628069380271879,1
v21,Python,ocr_only,18,1020.0,1080.0,list,0.011764195329431123,0.06443652948244402,0.11283869230027326,1.0,0.6451354769201093,2
v21,Python,ocr_only,18,1020.0,1080.0,for loop,0.09344928404876582,-0.015131606290624692,0.9547208239857541,0.3667652448377583,0.6019474764969566,3
v21,Python,ocr_only,18,1020.0,1080.0,range,0.08174172847511643,-0.009211475584508308,0.8340576528036042,0.413879990983224,0.5819510557113761,4
v21,Python,ocr_only,18,1020.0,1080.0,iteration,0.010079268044195488,0.005640763693264243,0.0954730972220439,0.5320799966927282,0.3574372369044545,5
v21,Python,ocr_only,18,1020.0,1080.0,break,0.0029139097111278932,0.003689686192392614,0.021623790790362005,0.5165525487820385,0.3185810455853679,6
v21,Python,ocr_only,18,1020.0,1080.0,nested loop,0.0008158235269933414,-0.01376032099973762,0.0,0.37767847658556514,0.22660708595133908,7
v21,Python,ocr_only,18,1020.0,1080.0,index,0.0039567989573117916,-0.024011252255088347,0.03237226196734618,0.2960975034912568,0.19060740688169253,8
v21,Python,ocr_only,18,1020.0,1080.0,continue,0.01911012952170955,-0.061216927034929994,0.18854909225179814,0.0,0.07541963690071926,9
v21,Python,ocr_only,19,1080.0,1140.0,for,0.06451709445570435,0.009848177790762087,1.0,0.527693546744289,0.7166161280465735,1
v21,Python,ocr_only,19,1080.0,1140.0,range,0.05471195740304924,0.012258802361740491,0.847483822067651,0.548204656335049,0.6679163226280899,2
v21,Python,ocr_only,19,1080.0,1140.0,list,0.0011701619579823133,0.06535729280045356,0.014656095431641408,1.0,0.6058624381726565,3
v21,Python,ocr_only,19,1080.0,1140.0,for loop,0.06117897099505697,-0.01829639148281942,0.9480764186211572,0.28822185475831325,0.5521636803034509,4
v21,Python,ocr_only,19,1080.0,1140.0,iteration,0.009263849848833154,0.0048023646134072555,0.14055115797496812,0.48476059554931306,0.34707682051957506,5
v21,Python,ocr_only,19,1080.0,1140.0,break,0.0006375630944224572,-0.0048793519661342235,0.006371668339491196,0.4023824632675809,0.243978145296345,6
v21,Python,ocr_only,19,1080.0,1140.0,nested loop,0.00022793388544446657,-0.019957986806150945,0.0,0.2740839569775259,0.16445037418651554,7
v21,Python,ocr_only,19,1080.0,1140.0,continue,0.020087328544124875,-0.052170457724772364,0.3089073567382578,0.0,0.12356294269530313,8
v21,Python,ocr_only,19,1080.0,1140.0,index,0.00417924473326965,-0.04696438018531299,0.06146154052683428,0.04429658115801301,0.05116256490554151,9
v21,Python,ocr_only,20,1140.0,1200.0,continue,0.018038608885101077,0.04239030796355618,0.2778893870426607,1.0,0.7111557548170643,1
v21,Python,ocr_only,20,1140.0,1200.0,for,0.0623821593848847,0.0021800771615456847,0.9695701934596713,0.43990401436559906,0.651770486003228,2
v21,Python,ocr_only,20,1140.0,1200.0,range,0.05148675945424719,-0.005771414809574659,0.79962126232264,0.32914616383851386,0.5173362032321643,3
v21,Python,ocr_only,20,1140.0,1200.0,for loop,0.06433300961883812,-0.024290697850329165,1.0,0.0711875328864325,0.44271251973185954,4
v21,Python,ocr_only,20,1140.0,1200.0,list,0.0013743259387764648,0.013982535459974476,0.017956103921109835,0.6043027104615405,0.36976406784536825,5
v21,Python,ocr_only,20,1140.0,1200.0,break,0.0006630805376154075,-0.005694614975213869,0.006861936063759964,0.33021592340131434,0.2008743284662926,6
v21,Python,ocr_only,20,1140.0,1200.0,iteration,0.008156701001222675,-0.01877904536154425,0.12374913582184381,0.14796039321594678,0.1382758902583056,7
v21,Python,ocr_only,20,1140.0,1200.0,index,0.003987234205346455,-0.023848711810764135,0.05871284253462305,0.07734404085789243,0.06989156152858468,8
v21,Python,ocr_only,20,1140.0,1200.0,nested loop,0.0002231628681547689,-0.029401370308277507,0.0,0.0,0.0,9
v21,Python,ocr_only,21,1200.0,1260.0,for,0.11020884248553131,0.02471677023670896,1.0,0.8376524643637263,0.9025914786182357,1
v21,Python,ocr_only,21,1200.0,1260.0,for loop,0.1058833857823377,-0.0036321149233389033,0.9603772133438501,0.5408746987612502,0.7086757045942902,2
v21,Python,ocr_only,21,1200.0,1260.0,continue,0.018665671523913095,0.04022457498894982,0.1614306229995085,1.0,0.6645722491998034,3
v21,Python,ocr_only,21,1200.0,1260.0,range,0.09159686196476648,-0.011404884852077536,0.8295073597943547,0.45950341100267095,0.6075049905193445,4
v21,Python,ocr_only,21,1200.0,1260.0,break,0.003955216090704182,0.0286227906053651,0.02667739871813021,0.8785436666407462,0.5377971594716998,5
v21,Python,ocr_only,21,1200.0,1260.0,index,0.004116917745637146,0.012273945566635816,0.028158645812945582,0.7073914794071863,0.43569834596949,6
v21,Python,ocr_only,21,1200.0,1260.0,list,0.016046773525419156,-0.027654768627214964,0.13744054662400607,0.28938722580320075,0.22860855413152287,7
v21,Python,ocr_only,21,1200.0,1260.0,nested loop,0.0010429541614641682,-0.026804865356868497,0.0,0.29828466187970415,0.1789707971278225,8
v21,Python,ocr_only,21,1200.0,1260.0,iteration,0.010281711765070372,-0.05529769266643864,0.08463044404658951,0.0,0.033852177618635806,9
v21,Python,ocr_only,22,1260.0,1320.0,range,0.08014216071707114,0.015270163275465395,0.8356321691133535,0.7134078742938791,0.7622975922216688,1
v21,Python,ocr_only,22,1260.0,1320.0,list,0.010910750126668324,0.06652539730507744,0.10672437094384309,0.9955165648207309,0.6399996872699758,2
v21,Python,ocr_only,22,1260.0,1320.0,iteration,0.01008231179408106,0.06733997525707483,0.09800209942321755,1.0,0.639200839769287,3
v21,Python,ocr_only,22,1260.0,1320.0,for,0.09575376045100757,-0.061108610610614775,1.0,0.2930192780268126,0.5758115668160876,4
v21,Python,ocr_only,22,1260.0,1320.0,for loop,0.09117589134513357,-0.08045768344386718,0.951801581654709,0.18652202553658073,0.49263384798383203,5
v21,Python,ocr_only,22,1260.0,1320.0,continue,0.019215488383736625,-0.010608460182507915,0.19416139448143518,0.5709719901430331,0.42024775187839397,6
v21,Python,ocr_only,22,1260.0,1320.0,nested loop,0.0007741062831387603,-0.042791061444935094,0.0,0.39383902661689113,0.23630341597013466,7
v21,Python,ocr_only,22,1260.0,1320.0,index,0.0038392717583151993,-0.05320857239518798,0.03227181128454109,0.3365010702429706,0.2148093666595988,8
v21,Python,ocr_only,22,1260.0,1320.0,break,0.002664676671864349,-0.11434614697436148,0.019905003922041652,0.0,0.007962001568816662,9
v21,Python,ocr_only,23,1320.0,1380.0,range,0.054308211443151136,0.008147022546130072,0.8516968386859366,0.8378780910955661,0.8434055901317143,1
v21,Python,ocr_only,23,1320.0,1380.0,for,0.0637295533748026,0.002474793161945759,1.0,0.735468493394107,0.8412810960364643,2
v21,Python,ocr_only,23,1320.0,1380.0,for loop,0.059797413885078796,-0.01091181593825013,0.9381034335358542,0.49377917519406495,0.6715088785307807,3
v21,Python,ocr_only,23,1320.0,1380.0,list,0.00044826711956972177,0.017126577940816307,0.0038770621260997874,1.0,0.6015508248504399,4
v21,Python,ocr_only,23,1320.0,1380.0,iteration,0.009379089600459491,0.011890505164924459,0.14445886211374692,0.9054650173334349,0.6010625552455596,5
v21,Python,ocr_only,23,1320.0,1380.0,continue,0.02022022189864257,-0.00720884350899133,0.31511121755402133,0.5606347078418373,0.4624253117267109,6
v21,Python,ocr_only,23,1320.0,1380.0,index,0.0038583019627063883,-0.016209202379584703,0.05755507860157511,0.39813720136295,0.26190435225840003,7
v21,Python,ocr_only,23,1320.0,1380.0,nested loop,0.00020196671938548178,-0.014590527076667921,0.0,0.42736166944303156,0.25641700166581893,8
v21,Python,ocr_only,23,1320.0,1380.0,break,0.00031945301563872136,-0.038261095787966465,0.001849374459799683,0.0,0.0007397497839198732,9
v21,Python,ocr_only,24,1380.0,1440.0,for,0.0636718071580477,0.04986798102978479,1.0,1.0,1.0,1
v21,Python,ocr_only,24,1380.0,1440.0,for loop,0.05969711713431458,0.03527572351963628,0.9373785732943938,0.8109504874353315,0.8615217217789564,2
v21,Python,ocr_only,24,1380.0,1440.0,range,0.054278209955966474,0.005251850358592211,0.8520034379587599,0.4219771855009791,0.5939876864840914,3
v21,Python,ocr_only,24,1380.0,1440.0,break,0.0002965468747759532,0.01854504237902968,0.0015198183806620998,0.5941966978104675,0.3571259460385453,4
v21,Python,ocr_only,24,1380.0,1440.0,continue,0.020229771215240087,-0.003308150981820359,0.3155686975610309,0.3110783694793698,0.31287450071203426,5
v21,Python,ocr_only,24,1380.0,1440.0,index,0.0038352824697393756,0.008315662877979545,0.05727276272785152,0.46167030789666597,0.29991128982914017,6
v21,Python,ocr_only,24,1380.0,1440.0,nested loop,0.00020008137928504528,0.003155855308927905,0.0,0.3948225905247449,0.23689355431484693,7
v21,Python,ocr_only,24,1380.0,1440.0,list,0.0003961095271630995,-0.01146355542555466,0.0030884326126775067,0.20542129525466954,0.12448815019787272,8
v21,Python,ocr_only,24,1380.0,1440.0,iteration,0.009387313529034682,-0.027319509761321612,0.14474527101677834,0.0,0.057898108406711335,9
v21,Python,ocr_only,25,1440.0,1500.0,for,0.06367437069803665,0.041550187027177894,1.0,1.0,1.0,1
v21,Python,ocr_only,25,1440.0,1500.0,for loop,0.059701695819339096,0.026005728502799134,0.9374127649390402,0.7117559509959638,0.8020186765731944,2
v21,Python,ocr_only,25,1440.0,1500.0,range,0.05427948873719858,0.008973824706484014,0.8519889737753421,0.3959299024528358,0.5783535309818384,3
v21,Python,ocr_only,25,1440.0,1500.0,break,0.00029762524084016317,0.015517455905006942,0.0015353920357513485,0.5172697837290647,0.3109760270517394,4
v21,Python,ocr_only,25,1440.0,1500.0,continue,0.020229331806329864,-0.005264436245899704,0.3155481018775807,0.13190694010554047,0.20536340481435655,5
v21,Python,ocr_only,25,1440.0,1500.0,index,0.00383638183304536,0.0037480167667901442,0.0572864910867969,0.2990266853036234,0.2023306076168928,6
v21,Python,ocr_only,25,1440.0,1500.0,nested loop,0.00020016745470468887,-0.000637180812765549,0.0,0.21771107665559886,0.1306266459933593,7
v21,Python,ocr_only,25,1440.0,1500.0,iteration,0.009386920567330667,-0.006514135663476664,0.1447320744997466,0.10873351019188801,0.12313293591503144,8
v21,Python,ocr_only,25,1440.0,1500.0,list,0.000398534810593478,-0.012377929019239061,0.0031251649607689697,0.0,0.001250065984307588,9
v21,Python,ocr_only,26,1500.0,1560.0,for,0.06370982397427952,0.025628525010133376,1.0,0.9535062875683863,0.9721037725410318,1
v21,Python,ocr_only,26,1500.0,1560.0,range,0.05429801065329763,0.015688028710474596,0.851802319327305,0.6896696508588502,0.7545227182462322,2
v21,Python,ocr_only,26,1500.0,1560.0,iteration,0.009381937201892503,0.02738025510398182,0.1445573195159175,1.0,0.657822927806367,3
v21,Python,ocr_only,26,1500.0,1560.0,for loop,0.059762866718613486,0.005512826523633157,0.9378515179747584,0.41960354531561755,0.6269027343792739,4
v21,Python,ocr_only,26,1500.0,1560.0,continue,0.02022353517353923,-0.0053960743415958825,0.31526827811536196,0.13006390587341232,0.2041456547701922,5
v21,Python,ocr_only,26,1500.0,1560.0,break,0.00031156344236906206,0.0019494426824972887,0.0017359196269945251,0.3250256510526654,0.19570975848239705,6
v21,Python,ocr_only,26,1500.0,1560.0,list,0.00043038106972755557,-0.008454734636921377,0.003606812747909537,0.04888218004918201,0.03077203312867302,7
v21,Python,ocr_only,26,1500.0,1560.0,index,0.003850365557551217,-0.010296454331192272,0.0574576225490527,0.0,0.02298304901962108,8
v21,Python,ocr_only,26,1500.0,1560.0,nested loop,0.00020131777998528332,-0.010199474090131009,0.0,0.0025740103771038046,0.0015444062262622827,9
v21,Python,ocr_only,27,1560.0,1620.0,for,0.05769866950596869,0.04673742375308951,0.6207631171852871,0.6612418725970359,0.6450503704323364,1
v21,Python,ocr_only,27,1560.0,1620.0,index,0.005683699588648532,0.09440832537696339,0.05707866935964955,1.0,0.6228314677438598,2
v21,Python,ocr_only,27,1560.0,1620.0,for loop,0.09269341723625792,-0.00715486838847722,1.0,0.2782734087031692,0.5669640452219016,3
v21,Python,ocr_only,27,1560.0,1620.0,break,0.0034859740421410543,0.06762626074476477,0.03326199286969821,0.8096817607023165,0.49911385356926913,4
v21,Python,ocr_only,27,1560.0,1620.0,range,0.037783033672749274,0.001028895468314794,0.4049380536393665,0.3364287282964224,0.3638324584336,5
v21,Python,ocr_only,27,1560.0,1620.0,list,0.008556284469853436,-0.022657702847370488,0.0882087733502525,0.16810743760052196,0.13614797190041417,6
v21,Python,ocr_only,27,1560.0,1620.0,iteration,0.00131410822611275,-0.03054074448697981,0.009725557393425111,0.11208910496768018,0.07114368593797815,7
v21,Python,ocr_only,27,1560.0,1620.0,continue,0.006060267910978521,-0.03776177656861688,0.061159527373767626,0.060775133077812724,0.060928890796194686,8
v21,Python,ocr_only,27,1560.0,1620.0,nested loop,0.000416665379854451,-0.04631420721387172,0.0,0.0,0.0,9
v22,Python,ocr_only,1,0.0,60.0,range,0.13399740371015553,0.7652312916034987,0.8226326458397624,1.0,0.9290530583359049,1
v22,Python,ocr_only,1,0.0,60.0,for,0.16246505427478122,-0.021319066942447396,1.0,0.019284702222486603,0.411570821333492,2
v22,Python,ocr_only,1,0.0,60.0,for loop,0.1564406752419699,-0.02228185385314186,0.962465178955234,0.01808424526310826,0.39583661873995857,3
v22,Python,ocr_only,1,0.0,60.0,iteration,0.011569442858301183,0.41206392164517464,0.05984670949313672,0.559651027260009,0.3597293001532601,4
v22,Python,ocr_only,1,0.0,60.0,continue,0.017140001915563384,0.025286503018567073,0.09455401064315473,0.0773951524000223,0.08425869569727527,5
v22,Python,ocr_only,1,0.0,60.0,list,0.032626571955081715,-0.03678572631028135,0.19104289885298126,0.0,0.0764171595411925,6
v22,Python,ocr_only,1,0.0,60.0,break,0.007505961245567472,0.04137586946170858,0.03452923621963301,0.09745628088454426,0.07228546301857976,7
v22,Python,ocr_only,1,0.0,60.0,index,0.0037449629600269686,-0.019546431033142332,0.011096381675028267,0.02149492453661664,0.017335507391981288,8
v22,Python,ocr_only,1,0.0,60.0,nested loop,0.0019639818006021038,-0.019183499124102252,0.0,0.021947448486774383,0.013168469092064629,9
v22,Python,ocr_only,2,60.0,120.0,range,0.13993520523322217,0.7371607607241393,0.8230220929083334,1.0,0.9292088371633334,1
v22,Python,ocr_only,2,60.0,120.0,for,0.1695786171999871,-0.002362242433511612,1.0,0.10348908539642442,0.46209345123785467,2
v22,Python,ocr_only,2,60.0,120.0,for loop,0.16288503170758384,-0.011944770565577943,0.9600377732255376,0.09187235268735157,0.43913852090262606,3
v22,Python,ocr_only,2,60.0,120.0,iteration,0.01183979465510821,0.3393966200128719,0.05826337695555616,0.5177974287981087,0.3339838080610877,4
v22,Python,ocr_only,2,60.0,120.0,break,0.0078025732503978675,0.03305148232650535,0.03416024754952207,0.1464205299066825,0.10151641696381833,5
v22,Python,ocr_only,2,60.0,120.0,continue,0.01701010977481206,-0.002927795157542772,0.08913133338093278,0.1028034756348446,0.09733461873327987,6
v22,Python,ocr_only,2,60.0,120.0,list,0.034550719265275406,-0.08772936733934056,0.19385275884352293,0.0,0.07754110353740917,7
v22,Python,ocr_only,2,60.0,120.0,index,0.0034638947130959026,-0.02342075932426912,0.008257350543734762,0.07796021049014486,0.05007906651158082,8
v22,Python,ocr_only,2,60.0,120.0,nested loop,0.0020808065754610904,-0.019892059729182156,0.0,0.08223799182736487,0.049342795096418916,9
v23,Java,ocr_only,1,0.0,60.0,class,0.2284247644911684,0.38038663495341746,1.0,1.0,1.0,1
v23,Java,ocr_only,1,0.0,60.0,object,0.2132372860705997,0.02070065459573528,0.9263364796917787,0.3067186587651691,0.554565787135813,2
v23,Java,ocr_only,1,0.0,60.0,abstract class,0.1858075856374448,0.054427404627825436,0.7932947568360851,0.3717257142931257,0.5403533313103095,3
v23,Java,ocr_only,1,0.0,60.0,implements,0.18898374892963105,0.03454454847347636,0.8087000376007525,0.33340224900665905,0.5235213644442964,4
v23,Java,ocr_only,1,0.0,60.0,inheritance,0.2172661692786862,-0.04148589719244046,0.9458776906683417,0.18685639449898014,0.4904649129667248,5
v23,Java,ocr_only,1,0.0,60.0,extends,0.21730761364531864,-0.05289425513748965,0.9460787074440401,0.1648672091279918,0.47735180845441116,6
v23,Java,ocr_only,1,0.0,60.0,method,0.08167536536665479,0.03410199377532096,0.28822434881701214,0.33254924129587243,0.3148192843043283,7
v23,Java,ocr_only,1,0.0,60.0,interface,0.07016756593987974,-0.030609351877474558,0.23240830132692214,0.20782053081717214,0.21765563902107216,8
v23,Java,ocr_only,1,0.0,60.0,abstract method,0.022251093221839845,-0.13843012667618476,0.0,0.0,0.0,9
v23,Java,ocr_only,2,60.0,120.0,object,0.23652392707531167,0.059738122333836546,0.956506398640575,1.0,0.98260255945623,1
v23,Java,ocr_only,2,60.0,120.0,extends,0.24001344454721132,-0.0009335121103533022,0.9719872189998253,0.08590503188729152,0.44033790673230505,2
v23,Java,ocr_only,2,60.0,120.0,inheritance,0.238357274315286,-0.00208928300600382,0.9646398209566178,0.06849188042559672,0.4269510566380052,3
v23,Java,ocr_only,2,60.0,120.0,class,0.24632777973541073,-0.004647308349114457,1.0,0.02995199080727541,0.41797119448436526,4
v23,Java,ocr_only,2,60.0,120.0,implements,0.20659769813078205,-0.006635325240714589,0.8237423193514533,0.0,0.3294969277405813,5
v23,Java,ocr_only,2,60.0,120.0,abstract class,0.1991377021620305,-0.00649901140749161,0.7906469534726561,0.002053740436940096,0.31749102565122655,6
v23,Java,ocr_only,2,60.0,120.0,interface,0.07562915764166644,0.006262191946658542,0.242716299464109,0.1943174214792225,0.2136769726731771,7
v23,Java,ocr_only,2,60.0,120.0,method,0.08509081473621391,0.004173324994624772,0.28469179176671006,0.16284599686040127,0.21158431482292478,8
v23,Java,ocr_only,2,60.0,120.0,abstract method,0.020918699924304816,0.011575564820935783,0.0,0.2743701092397795,0.16462206554386768,9
v23,Java,ocr_only,3,120.0,180.0,object,0.2370939651526407,0.06766397522320765,0.9567159142519662,1.0,0.9826863657007865,1
v23,Java,ocr_only,3,120.0,180.0,inheritance,0.23891897393602515,0.004296974436888459,0.9647925340617752,0.3255617336305096,0.5812540538030159,2
v23,Java,ocr_only,3,120.0,180.0,extends,0.24059230163378856,0.0033152418615154606,0.9721978856168482,0.31511279320478613,0.577946830169611,3
v23,Java,ocr_only,3,120.0,180.0,abstract class,0.19956514284258284,-0.006192549854122936,0.7906312178560896,0.21391787341805404,0.4446032111932683,4
v23,Java,ocr_only,3,120.0,180.0,implements,0.20706088207505982,-0.014250366018408648,0.8238037902433386,0.12815557605304742,0.40641486172916397,5
v23,Java,ocr_only,3,120.0,180.0,class,0.24687452168880328,-0.02629125232849185,1.0,0.0,0.4,6
v23,Java,ocr_only,3,120.0,180.0,method,0.08524465741829279,0.013967341151359195,0.28470318854956117,0.42848699884951563,0.37097347472953385,7
v23,Java,ocr_only,3,120.0,180.0,abstract method,0.020912568995673703,0.02746014027536432,0.0,0.5720958163214399,0.3432574897928639,8
v23,Java,ocr_only,3,120.0,180.0,interface,0.07578274543331447,0.007590445895285389,0.2428292718471852,0.36061536017390416,0.31350092484321657,9
v23,Java,ocr_only,4,180.0,240.0,object,0.23701618750967052,0.08686000450922446,0.9566873403720878,1.0,0.9826749361488352,1
v23,Java,ocr_only,4,180.0,240.0,inheritance,0.23884234229571025,0.00723594821226109,0.9647717340168837,0.3251233064628833,0.5809826774844835,2
v23,Java,ocr_only,4,180.0,240.0,extends,0.24051331757082353,0.004695355930033077,0.9721691474223664,0.30358978256576746,0.571021528508407,3
v23,Java,ocr_only,4,180.0,240.0,abstract class,0.19950682873664907,-0.006792577308345888,0.7906332774836947,0.20622048539535925,0.4399856022306935,4
v23,Java,ocr_only,4,180.0,240.0,implements,0.2069976920974699,-0.017104369758227354,0.8237953558634714,0.11881990927974115,0.40081008791323325,5
v23,Java,ocr_only,4,180.0,240.0,class,0.24679992938950066,-0.031123113087626178,1.0,0.0,0.4,6
v23,Java,ocr_only,4,180.0,240.0,method,0.08522376047493532,0.02121759698533797,0.2847017333310808,0.4436288101134335,0.38005797940049246,7
v23,Java,ocr_only,4,180.0,240.0,abstract method,0.02091350348354779,0.036088569025637555,0.0,0.5696720300520168,0.3418032180312101,8
v23,Java,ocr_only,4,180.0,240.0,interface,0.07576183801033419,0.009625422461855286,0.2428137693834792,0.34537598581450923,0.30435109924209724,9
v23,Java,ocr_only,5,240.0,300.0,object,0.23638208946588402,0.2150271470726928,0.9564541604013945,1.0,0.9825816641605578,1
v23,Java,ocr_only,5,240.0,300.0,class,0.24619169861158588,0.030877405375370887,1.0,0.16274487973643006,0.49764692784185804,2
v23,Java,ocr_only,5,240.0,300.0,extends,0.2398692672897883,0.03011795200349961,0.9719340927734285,0.1592919494290621,0.4843488067668087,3
v23,Java,ocr_only,5,240.0,300.0,inheritance,0.23821745210444467,0.023329287391114912,0.9646015193712526,0.12842661041700176,0.4628965739987021,4
v23,Java,ocr_only,5,240.0,300.0,implements,0.20648294414246246,0.016153326774630557,0.8237288533019184,0.09580039159321165,0.3869717762766943,5
v23,Java,ocr_only,5,240.0,300.0,abstract class,0.19903177415582343,0.001995121867277985,0.7906523618494232,0.0314287044913875,0.33511816743460177,6
v23,Java,ocr_only,5,240.0,300.0,method,0.08505245398732647,0.0019220135584213612,0.2846867193966682,0.0310963102921894,0.1325324739339809,7
v23,Java,ocr_only,5,240.0,300.0,interface,0.07559120939207092,0.0049110959718572525,0.24268730500321195,0.04468647084561788,0.12388680450865551,8
v23,Java,ocr_only,5,240.0,300.0,abstract method,0.020920829198471772,-0.0049174519395546595,0.0,0.0,0.0,9
v23,Java,ocr_only,6,300.0,360.0,implements,0.20433720271718517,0.48286336428572435,0.8234401807070751,1.0,0.92937607228283,1
v23,Java,ocr_only,6,300.0,360.0,object,0.23374096565956679,0.29902586759047706,0.9554670433914666,0.6237472766324627,0.7564351833360643,2
v23,Java,ocr_only,6,300.0,360.0,extends,0.23718726751124974,0.28117011592384517,0.9709414036708879,0.5872026363217769,0.7406981432614214,3
v23,Java,ocr_only,6,300.0,360.0,inheritance,0.23561490572892824,0.23158508599575678,0.9638812871296295,0.4857189733907508,0.6769838988863023,4
v23,Java,ocr_only,6,300.0,360.0,class,0.24365892078337273,0.17882124736127514,1.0,0.3777293720394056,0.6266376232236434,5
v23,Java,ocr_only,6,300.0,360.0,abstract class,0.19705174209360796,0.19482873490968036,0.7907274795733318,0.4104912453929341,0.5625857390650932,6
v23,Java,ocr_only,6,300.0,360.0,interface,0.07487920944050355,0.3312272271230955,0.24215632478598276,0.6896524887795237,0.5106540231821073,7
v23,Java,ocr_only,6,300.0,360.0,method,0.08433886783897737,0.11371495223208843,0.2846314672656682,0.24447896724665785,0.260539967254262,8
v23,Java,ocr_only,6,300.0,360.0,abstract method,0.020948463649577562,-0.005737741507915708,0.0,0.0,0.0,9
v23,Java,ocr_only,7,360.0,420.0,class,0.24292406967563768,0.14824544969048958,1.0,1.0,1.0,1
v23,Java,ocr_only,7,360.0,420.0,abstract class,0.1964773803841612,0.13484551521806762,0.7907495288670325,0.9237140901456502,0.870528265634203,2
v23,Java,ocr_only,7,360.0,420.0,implements,0.20371462950269353,0.11895927694439826,0.8233546038650787,0.8332736373685092,0.829306023967137,3
v23,Java,ocr_only,7,360.0,420.0,object,0.2329745750279248,0.07529841459955576,0.9551757838001401,0.5847120779178514,0.7328975602707668,4
v23,Java,ocr_only,7,360.0,420.0,inheritance,0.23485985227308928,0.0623893905973988,0.9636692880258402,0.5112209244078902,0.6922002698550702,5
v23,Java,ocr_only,7,360.0,420.0,extends,0.23640905037405438,0.05849528259812216,0.9706486968373254,0.48905174347590114,0.6816905248204708,6
v23,Java,ocr_only,7,360.0,420.0,interface,0.07467293406164452,0.008117486260807702,0.2419991622019502,0.20225063724970466,0.21815004723060288,7
v23,Java,ocr_only,7,360.0,420.0,method,0.08413240280903925,-0.004339385242628389,0.2846157258850623,0.13133359071234307,0.19264644478143078,8
v23,Java,ocr_only,7,360.0,420.0,abstract method,0.020957117630105198,-0.02740867173253628,0.0,0.0,0.0,9
v23,Java,ocr_only,8,420.0,480.0,implements,0.2062831529745156,0.06770462269489667,0.8237005647265988,1.0,0.9294802258906395,1
v23,Java,ocr_only,8,420.0,480.0,class,0.24595644573235892,0.054407179112460624,1.0,0.8457120970408049,0.9074272582244829,2
v23,Java,ocr_only,8,420.0,480.0,abstract class,0.1988475327297375,0.06216639583581762,0.7906582947526075,0.9357409262237261,0.8777078736352786,3
v23,Java,ocr_only,8,420.0,480.0,inheritance,0.23797557443631287,-0.0016729511234124092,0.9645347536169795,0.19502419314925942,0.5028284173363475,4
v23,Java,ocr_only,8,420.0,480.0,object,0.2361365368662111,-0.0019847234389140486,0.95636247290828,0.1914067537172909,0.49738904139368656,5
v23,Java,ocr_only,8,420.0,480.0,extends,0.23962004766462375,-0.008331491913370999,0.9718424329478341,0.11776631355141502,0.4593967613099827,6
v23,Java,ocr_only,8,420.0,480.0,interface,0.07552477993131179,-0.004177941805097648,0.2426389557118514,0.16595922612657274,0.19663111796068422,7
v23,Java,ocr_only,8,420.0,480.0,method,0.08498615803653385,-0.018481289015581777,0.2846832505234789,0.0,0.11387330020939157,8
v23,Java,ocr_only,8,420.0,480.0,abstract method,0.020922867511765867,-0.015575889955791221,0.0,0.03371083512524145,0.02022650107514487,9
v23,Java,ocr_only,9,480.0,540.0,extends,0.24021081813704434,0.07502415644027906,0.9720587676752447,1.0,0.9888235070700979,1
v23,Java,ocr_only,9,480.0,540.0,class,0.24651429534191988,0.07100437249467655,1.0,0.9649138412983524,0.9789483047790115,2
v23,Java,ocr_only,9,480.0,540.0,object,0.23671833517371554,0.06341760840587662,0.9565777443135449,0.898693762693681,0.9218473553416264,3
v23,Java,ocr_only,9,480.0,540.0,inheritance,0.23854881039655748,0.059275415743800866,0.9646916363454817,0.8625391755116064,0.9034001598451564,4
v23,Java,ocr_only,9,480.0,540.0,implements,0.2067558547719329,0.06395501589789106,0.8237639657082062,0.9033844537376363,0.8715362585258642,5
v23,Java,ocr_only,9,480.0,540.0,abstract class,0.1992836692876432,-0.017572392561046875,0.790642235621086,0.19178312629475297,0.43132677002528624,6
v23,Java,ocr_only,9,480.0,540.0,method,0.08514308471175915,0.0028745155060788037,0.28469472638738874,0.3702512905317838,0.3360286648740258,7
v23,Java,ocr_only,9,480.0,540.0,interface,0.07568153050329475,-0.03404987462817667,0.24275478186161323,0.047961578013950235,0.12587885955301545,8
v23,Java,ocr_only,9,480.0,540.0,abstract method,0.02091661476679422,-0.039544781692402727,0.0,0.0,0.0,9
v23,Java,ocr_only,10,540.0,600.0,object,0.2368321376060476,0.30924280839160045,0.9566201383960841,1.0,0.9826480553584336,1
v23,Java,ocr_only,10,540.0,600.0,class,0.24662331559823783,0.10777817126090518,1.0,0.2944451322399853,0.5766670793439912,2
v23,Java,ocr_only,10,540.0,600.0,abstract class,0.19936885091234294,0.11869518776565113,0.7906388649173453,0.3326779171398141,0.5158622962508266,3
v23,Java,ocr_only,10,540.0,600.0,inheritance,0.23866091146025292,0.04782458079423358,0.9647225298308598,0.08448000785932737,0.43657701664794035,4
v23,Java,ocr_only,10,540.0,600.0,extends,0.24032636670669094,0.04526660532991495,0.9721013373814552,0.07552165136478348,0.43415352577145216,5
v23,Java,ocr_only,10,540.0,600.0,method,0.08517380887337003,0.1439010930892276,0.2846971770575905,0.4209522140617618,0.3664501992600933,6
v23,Java,ocr_only,10,540.0,600.0,implements,0.20684824518522255,0.034210377016111446,0.8237763575354383,0.03680132894507466,0.35159134038122014,7
v23,Java,ocr_only,10,540.0,600.0,abstract method,0.020915403443295268,0.1687003296612554,0.0,0.5078023051215417,0.30468138307292497,8
v23,Java,ocr_only,10,540.0,600.0,interface,0.07571219460966727,0.02370209945949107,0.24277744915187308,0.0,0.09711097966074923,9
v23,Java,ocr_only,11,600.0,660.0,object,0.23760671196301494,0.34945487910566847,0.9569040818578989,1.0,0.9827616327431595,1
v23,Java,ocr_only,11,600.0,660.0,abstract class,0.19994948852500463,0.17427092347407303,0.7906170712515482,0.4680767251166556,0.5970928635706126,2
v23,Java,ocr_only,11,600.0,660.0,class,0.24736617912058573,0.12124431404250018,1.0,0.30706832886763785,0.5842409973205828,3
v23,Java,ocr_only,11,600.0,660.0,method,0.08538293525171155,0.21159731030263046,0.28471334495452194,0.5814134393712564,0.4627334016045626,4
v23,Java,ocr_only,11,600.0,660.0,abstract method,0.02090697884573192,0.25497085269023556,0.0,0.7131115542295866,0.42786693253775193,5
v23,Java,ocr_only,11,600.0,660.0,inheritance,0.2394241719837197,0.03505006336479202,0.9649296335621305,0.045350707917118704,0.41318227817512343,6
v23,Java,ocr_only,11,600.0,660.0,extends,0.24111296368393567,0.020114231866619068,0.9723870108652661,0.0,0.38895480434610646,7
v23,Java,ocr_only,11,600.0,660.0,implements,0.20747745145500676,0.03966813590086327,0.8238590986051086,0.059372883967314105,0.3651673698224319,8
v23,Java,ocr_only,11,600.0,660.0,interface,0.0759208537882269,0.07170307266927939,0.2429306244821344,0.15664279898379796,0.19115792918313254,9
v23,Java,ocr_only,12,660.0,720.0,object,0.22945759549675687,0.26894451618823983,0.9550547205465355,1.0,0.9820218882186142,1
v23,Java,ocr_only,12,660.0,720.0,class,0.23923964080035573,0.2375789100157081,1.0,0.8709725951302107,0.9225835570781264,2
v23,Java,ocr_only,12,660.0,720.0,implements,0.20057419371057786,0.15130591083436126,0.8223449932291909,0.5160749045365228,0.6385829400135901,3
v23,Java,ocr_only,12,660.0,720.0,abstract class,0.19340236640069924,0.14053880420797005,0.7893928065821006,0.4717827005753508,0.5988267429780507,4
v23,Java,ocr_only,12,660.0,720.0,extends,0.23282710492942654,0.06271074400693294,0.9705365076751135,0.15162460834680858,0.47918936807813056,5
v23,Java,ocr_only,12,660.0,720.0,inheritance,0.2313938736813726,0.04706220921146649,0.9639512816854605,0.08725187397122233,0.4379316370569176,6
v23,Java,ocr_only,12,660.0,720.0,method,0.0838991599473727,0.0660185013544126,0.286261604226649,0.1652315937861029,0.21364359796232135,7
v23,Java,ocr_only,12,660.0,720.0,interface,0.07402326407417628,0.03193935614805393,0.24088511228678572,0.02504161492932717,0.1113790138723106,8
v23,Java,ocr_only,12,660.0,720.0,abstract method,0.021596199207630076,0.025851925089589136,0.0,0.0,0.0,9
v23,Java,ocr_only,13,720.0,780.0,implements,0.09771678707770784,0.002557740792852348,0.9979770706451699,0.7898722540401149,0.873114180682137,1
v23,Java,ocr_only,13,720.0,780.0,inheritance,0.06955665041061873,0.0033582721018702052,0.6281747479453647,0.8318444873126686,0.750376591565747,2
v23,Java,ocr_only,13,720.0,780.0,interface,0.03882993556121361,0.006565481778229839,0.22466780994373273,1.0,0.6898671239774931,3
v23,Java,ocr_only,13,720.0,780.0,extends,0.06274957530356616,0.0013627768625194502,0.5387834138357538,0.727219732806743,0.6518452052183473,4
v23,Java,ocr_only,13,720.0,780.0,class,0.08294922080262639,-0.005527572090078323,0.8040476031248356,0.36595549453161114,0.5411923379689009,5
v23,Java,ocr_only,13,720.0,780.0,method,0.021721670295267927,0.0038466771077627204,0.0,0.8574517916215453,0.5144710749729271,6
v23,Java,ocr_only,13,720.0,780.0,abstract method,0.04279926077245122,-0.0027904317153151616,0.276793468992187,0.5094650525153352,0.41639641910607594,7
v23,Java,ocr_only,13,720.0,780.0,abstract class,0.09787083145115577,-0.01250739680365242,1.0,0.0,0.4,8
v23,Java,ocr_only,13,720.0,780.0,object,0.0692884841322384,-0.01164511521169016,0.6246531559237354,0.04520982966783839,0.2769871601701972,9
v23,Java,ocr_only,14,780.0,840.0,implements,0.09771891379227618,0.0018571195235513917,0.9979803713398935,0.7817528747349748,0.8682438733769422,1
v23,Java,ocr_only,14,780.0,840.0,inheritance,0.06955564692932538,0.0032997998798701164,0.6281555302021783,0.855331625276426,0.7644611872467268,2
v23,Java,ocr_only,14,780.0,840.0,interface,0.03883057362679061,0.006136355554686548,0.22469042765036326,1.0,0.6898761710601453,3
v23,Java,ocr_only,14,780.0,840.0,extends,0.06274821955341978,0.0008332552338477888,0.5387640629373239,0.7295343394021498,0.6532262288162195,4
v23,Java,ocr_only,14,780.0,840.0,class,0.08294833270407559,-0.005286714492681074,0.8040210614687237,0.41740717702882474,0.5720527308047844,5
v23,Java,ocr_only,14,780.0,840.0,method,0.021719726080691636,0.004088803400398673,0.0,0.8955719272664201,0.5373431563598521,6
v23,Java,ocr_only,14,780.0,840.0,abstract class,0.09787271455034223,-0.013470940651111027,1.0,0.0,0.4,7
v23,Java,ocr_only,14,780.0,840.0,abstract method,0.04280122539590834,-0.004459705325945649,0.27683088659899874,0.4595858210425205,0.3864838472651118,8
v23,Java,ocr_only,14,780.0,840.0,object,0.06928786401275025,-0.012565192856467546,0.6246391492701043,0.046194426051240335,0.27757231533878596,9
v23,Java,ocr_only,15,840.0,900.0,implements,0.0977158630779151,0.002096085214648569,0.9979756210507061,0.8080868289811001,0.8840423458089426,1
v23,Java,ocr_only,15,840.0,900.0,inheritance,0.06955718921830911,0.003681018564502463,0.6281839822711801,0.8784259187044303,0.7783291441311302,2
v23,Java,ocr_only,15,840.0,900.0,interface,0.03882966766244054,0.006420417335244391,0.22465714686584107,1.0,0.6898628587463365,3
v23,Java,ocr_only,15,840.0,900.0,extends,0.06275027805790744,0.0013138080744119313,0.5387927401416119,0.7733694940466768,0.6795387924846509,4
v23,Java,ocr_only,15,840.0,900.0,class,0.0829497063325634,-0.00541224911471112,0.8040601927686954,0.47486814687419815,0.6065449652319971,5
v23,Java,ocr_only,15,840.0,900.0,method,0.02172260880707122,0.004868785718969017,0.0,0.9311388359107906,0.5586833015464744,6
v23,Java,ocr_only,15,840.0,900.0,abstract class,0.09787001428260311,-0.016112335876206387,1.0,0.0,0.4,7
v23,Java,ocr_only,15,840.0,900.0,abstract method,0.04279836547981201,-0.006953982778839252,0.27677576853899466,0.4064462523253932,0.3545780588108338,8
v23,Java,ocr_only,15,840.0,900.0,object,0.06928884584444589,-0.01239183645474925,0.6246599833615988,0.1651151719695949,0.3489330965263965,9
v23,Java,ocr_only,16,900.0,960.0,abstract class,0.09785049718659235,0.04850279597608794,1.0,0.9601973390207744,0.9761184034124647,1
v23,Java,ocr_only,16,900.0,960.0,class,0.08295943328119192,0.05109988669488279,0.804341018129896,1.0,0.9217364072519584,2
v23,Java,ocr_only,16,900.0,960.0,implements,0.09769377552415802,0.04179892139698709,0.9979407783685779,0.8574546642315699,0.913649109886373,3
v23,Java,ocr_only,16,900.0,960.0,object,0.0692957080049458,0.03479120226430481,0.6248084747812931,0.7500553089232505,0.6999565752664675,4
v23,Java,ocr_only,16,900.0,960.0,inheritance,0.069568105351549,0.020446141239267017,0.6283876003453953,0.5302048444886326,0.5694779468313377,5
v23,Java,ocr_only,16,900.0,960.0,extends,0.06276489400977141,0.018425458059302166,0.5389977882382426,0.4992361274636506,0.5151407917734874,6
v23,Java,ocr_only,16,900.0,960.0,interface,0.038823086306919496,-0.009508990190753562,0.22441786641204248,0.07111655301357439,0.13243707837296162,7
v23,Java,ocr_only,16,900.0,960.0,abstract method,0.04277776775143313,-0.014149286473472819,0.27637983165305613,0.0,0.11055193266122246,8
v23,Java,ocr_only,16,900.0,960.0,method,0.02174326324786902,-0.007151722503632027,0.0,0.10724371865656766,0.06434623119394059,9
v23,Java,ocr_only,17,960.0,1020.0,abstract class,0.09786998407497674,0.03752355841210811,1.0,0.9129176440895934,0.9477505864537561,1
v23,Java,ocr_only,17,960.0,1020.0,class,0.08294970646122128,0.042181269361774694,0.8040603622376326,1.0,0.9216241448950531,2
v23,Java,ocr_only,17,960.0,1020.0,implements,0.09771581043964198,0.02210427197496533,0.9979753241164795,0.6246327324851304,0.7739697691376701,3
v23,Java,ocr_only,17,960.0,1020.0,object,0.06928882021439642,0.018631867100359932,0.6246596049589589,0.5597113149856044,0.5856906309749462,4
v23,Java,ocr_only,17,960.0,1020.0,inheritance,0.06955718367325864,0.016958759757843524,0.628183871750727,0.5284302564030066,0.5683317025420946,5
v23,Java,ocr_only,17,960.0,1020.0,extends,0.06275026821445656,0.015465292055917521,0.5387924687350675,0.5005078096549689,0.5158216732870083,6
v23,Java,ocr_only,17,960.0,1020.0,interface,0.03882966745281252,-0.00479573201769368,0.224656634963874,0.12169990840170951,0.16288259902657531,7
v23,Java,ocr_only,17,960.0,1020.0,method,0.021722667563906423,-0.0008198766260201182,0.0,0.1960340304645674,0.11762041827874044,8
v23,Java,ocr_only,17,960.0,1020.0,abstract method,0.04279837066893519,-0.011305006944973457,0.27677538842704685,0.0,0.11071015537081874,9
v23,Java,ocr_only,18,1020.0,1080.0,class,0.08294648640188224,0.03665555597803859,0.8039670790531194,1.0,0.9215868316212478,1
v23,Java,ocr_only,18,1020.0,1080.0,abstract class,0.09787649112803878,0.029269069972593202,1.0,0.8461262945038828,0.9076757767023297,2
v23,Java,ocr_only,18,1020.0,1080.0,implements,0.0977231818247841,0.01438903193875901,0.9979870287333067,0.5361485068926594,0.7208839156289183,3
v23,Java,ocr_only,18,1020.0,1080.0,inheritance,0.0695535599054886,0.01607095016968524,0.6281161969354959,0.5711858697663318,0.5939580006339975,4
v23,Java,ocr_only,18,1020.0,1080.0,object,0.06928655264472869,0.013468682228170442,0.6246103565690097,0.5169759774630849,0.5600297291054548,5
v23,Java,ocr_only,18,1020.0,1080.0,extends,0.06274541532103334,0.01381464893463337,0.5387243652784522,0.5241830823113839,0.5299995954982112,6
v23,Java,ocr_only,18,1020.0,1080.0,interface,0.03883185960955259,-0.0028850232718009776,0.22473624120675084,0.1762990626191773,0.19567393405420672,7
v23,Java,ocr_only,18,1020.0,1080.0,method,0.021715789884383097,0.0030490210519529657,0.0,0.299915811909852,0.1799494871459112,8
v23,Java,ocr_only,18,1020.0,1080.0,abstract method,0.042805223191120345,-0.011348006304613908,0.2769070263582169,0.0,0.11076281054328677,9
v23,Java,ocr_only,19,1080.0,1140.0,object,0.09809667882242684,0.10030719858769124,0.7805251623106748,1.0,0.9122100649242699,1
v23,Java,ocr_only,19,1080.0,1140.0,abstract class,0.11534854542053433,0.05433303974145081,0.9861554473654306,0.5166896432949918,0.7044759649231673,2
v23,Java,ocr_only,19,1080.0,1140.0,implements,0.11651006875888144,0.05301914095929475,1.0,0.5028770819558722,0.7017262491735233,3
v23,Java,ocr_only,19,1080.0,1140.0,class,0.1110889098838725,0.05693542236916507,0.9353835459800336,0.5440475875760398,0.7005819709376373,4
v23,Java,ocr_only,19,1080.0,1140.0,extends,0.09327500019065117,0.03424471171002735,0.7230540970287754,0.305508031056132,0.4725264574451894,5
v23,Java,ocr_only,19,1080.0,1140.0,inheritance,0.09862893093211426,0.028546808066346296,0.7868692383220223,0.2456079499756175,0.4621124653141794,6
v23,Java,ocr_only,19,1080.0,1140.0,interface,0.045180453474223226,0.01652435244976448,0.14980045548002618,0.1192200516792368,0.13145221319955255,7
v23,Java,ocr_only,19,1080.0,1140.0,method,0.032612569937082836,0.01241264037179416,0.0,0.07599505135419804,0.04559703081251882,8
v23,Java,ocr_only,19,1080.0,1140.0,abstract method,0.03905787996996271,0.005183727285169431,0.07682362553584526,0.0,0.030729450214338108,9
v23,Java,ocr_only,20,1140.0,1200.0,class,0.05607473762970516,0.1126262024121226,1.0,1.0,1.0,1
v23,Java,ocr_only,20,1140.0,1200.0,implements,0.04271715491122971,0.06355881230601276,0.4500591001205959,0.7429342095774667,0.6257841657947184,2
v23,Java,ocr_only,20,1140.0,1200.0,method,0.053854232437843354,-0.024058563931165934,0.9085802686656508,0.2839036797601852,0.5337743153223714,3
v23,Java,ocr_only,20,1140.0,1200.0,abstract class,0.04597731199736126,0.010314054094534932,0.5842820175063571,0.46398304005549373,0.5121026310358391,4
v23,Java,ocr_only,20,1140.0,1200.0,inheritance,0.04870913146961131,-0.006309579993714537,0.696752910671729,0.3768912337183415,0.5048359044996964,5
v23,Java,ocr_only,20,1140.0,1200.0,extends,0.04342472146896916,0.012259191124781306,0.479190103662846,0.4741736816828372,0.4761802504748407,6
v23,Java,ocr_only,20,1140.0,1200.0,object,0.04236308886859302,0.002444160004034787,0.43548195677002227,0.42275238685504707,0.4278442148210371,7
v23,Java,ocr_only,20,1140.0,1200.0,interface,0.03178561361400707,0.02236347102842617,0.0,0.5271103611040145,0.31626621666240873,8
v23,Java,ocr_only,20,1140.0,1200.0,abstract method,0.03959602089623349,-0.07824863171286484,0.3215598585267441,0.0,0.12862394341069766,9
v23,Java,ocr_only,21,1200.0,1260.0,method,0.05126293694526325,0.005292567225341118,1.0,0.8004701049749878,0.8802820629849927,1
v23,Java,ocr_only,21,1200.0,1260.0,abstract method,0.04105865852831226,0.009570908917083553,0.5323559651546051,1.0,0.8129423860618421,2
v23,Java,ocr_only,21,1200.0,1260.0,extends,0.03211806187141802,0.005040629674989373,0.12262423070781538,0.7887204419988946,0.5222819574824629,3
v23,Java,ocr_only,21,1200.0,1260.0,inheritance,0.03692371900793306,-0.0006326823541104914,0.3428589990644159,0.524133030526996,0.4516234179419639,4
v23,Java,ocr_only,21,1200.0,1260.0,class,0.0410249984779179,-0.005924369566861516,0.5308133845686649,0.2773435335349042,0.3787314739484085,5
v23,Java,ocr_only,21,1200.0,1260.0,abstract class,0.0328566386595279,-0.0019669275251450466,0.15647189882524984,0.46190756606070876,0.3397332991665252,6
v23,Java,ocr_only,21,1200.0,1260.0,interface,0.029442326274318694,-0.004956961671091284,0.0,0.32246073309424755,0.19347643985654853,7
v23,Java,ocr_only,21,1200.0,1260.0,implements,0.032110081523374176,-0.0072967274285240125,0.12225850546922395,0.21334059973399333,0.17690776202808556,8
v23,Java,ocr_only,21,1200.0,1260.0,object,0.032108625867013796,-0.011871199751425107,0.12219179531237585,0.0,0.04887671812495034,9
v23,Java,ocr_only,22,1260.0,1320.0,method,0.05129316404492999,0.0330159579166405,1.0,0.83376905807944,0.900261434847664,1
v23,Java,ocr_only,22,1260.0,1320.0,abstract method,0.04111722575083784,0.04879090251962908,0.5345031741419365,1.0,0.8138012696567746,2
v23,Java,ocr_only,22,1260.0,1320.0,inheritance,0.03678537459194539,0.01355511178279661,0.33634326924896907,0.6286973532452385,0.5117557196467307,3
v23,Java,ocr_only,22,1260.0,1320.0,extends,0.03197453663968855,0.011156959455760567,0.11627218275336688,0.6034264486414492,0.4085647422862163,4
v23,Java,ocr_only,22,1260.0,1320.0,abstract class,0.03270974016862959,-0.0020209621466519127,0.149903961876909,0.4645620420996149,0.3386988100105325,5
v23,Java,ocr_only,22,1260.0,1320.0,object,0.031968246436170605,-0.0034764831549763606,0.11598443830298,0.44922426220318995,0.31592833264310594,6
v23,Java,ocr_only,22,1260.0,1320.0,interface,0.02943278234343383,0.0022791861129963613,0.0,0.5098755258289946,0.30592531549739677,7
v23,Java,ocr_only,22,1260.0,1320.0,class,0.04086086968790255,-0.04610686092159155,0.5227762031111542,0.0,0.20911048124446172,8
v23,Java,ocr_only,22,1260.0,1320.0,implements,0.03196908739028552,-0.020799458234750524,0.11602290762736771,0.2666807074174762,0.2064175875014328,9
v23,Java,ocr_only,23,1320.0,1380.0,method,0.05132409135762783,0.02815321649356216,1.0,0.8997118932761344,0.9398271359656807,1
v23,Java,ocr_only,23,1320.0,1380.0,abstract method,0.041177033820628595,0.03492959617319785,0.5366831211533294,1.0,0.8146732484613317,2
v23,Java,ocr_only,23,1320.0,1380.0,inheritance,0.03664463900971583,0.012919123938625895,0.32973297724846345,0.6742525223111306,0.5364447042860638,3
v23,Java,ocr_only,23,1320.0,1380.0,extends,0.03182853636470663,0.011625591848534015,0.10982867124107498,0.6551086888137647,0.4369966817846888,4
v23,Java,ocr_only,23,1320.0,1380.0,interface,0.029423189404178193,0.007713293790801308,0.0,0.5972080126859826,0.3583248076115895,5
v23,Java,ocr_only,23,1320.0,1380.0,object,0.031825473616494515,-0.0010030370841804244,0.10968882548409999,0.4682092903065881,0.32480110437759285,6
v23,Java,ocr_only,23,1320.0,1380.0,abstract class,0.032560144460073374,-0.007620543175191194,0.1432340577827698,0.3702724584765276,0.2794570981990245,7
v23,Java,ocr_only,23,1320.0,1380.0,implements,0.03182560057557972,-0.01338891248296273,0.10969462246385328,0.2849025612585541,0.21481938574067377,8
v23,Java,ocr_only,23,1320.0,1380.0,class,0.0406937341606196,-0.032639529429041726,0.5146155523821324,0.0,0.205846220952853,9
v23,Java,ocr_only,24,1380.0,1440.0,class,0.047391152802967317,0.08145876205695762,1.0,1.0,1.0,1
v23,Java,ocr_only,24,1380.0,1440.0,implements,0.03356910078754643,0.020402414609436086,0.4481869559933574,0.5867188907336787,0.5313061168375501,2
v23,Java,ocr_only,24,1380.0,1440.0,extends,0.03594653834814961,-0.013962756840094176,0.5431005806699625,0.35410628335495636,0.42970400228095884,3
v23,Java,ocr_only,24,1380.0,1440.0,abstract class,0.033492004516649736,-0.005334981902962191,0.44510906800121264,0.4125063768027804,0.42554745328215327,4
v23,Java,ocr_only,24,1380.0,1440.0,inheritance,0.03857103151511591,-0.028592019127973385,0.6478773216214908,0.2550830368156957,0.41220075073801377,5
v23,Java,ocr_only,24,1380.0,1440.0,object,0.03568383352530978,-0.018397446998079776,0.5326127060906495,0.3240885416398953,0.407498207420197,6
v23,Java,ocr_only,24,1380.0,1440.0,method,0.041241892137254696,-0.06256512720533337,0.7545051745897464,0.02512424664234249,0.31687661782130405,7
v23,Java,ocr_only,24,1380.0,1440.0,interface,0.02234271988615772,-0.021201391316087333,0.0,0.30510906994674863,0.18306544196804916,8
v23,Java,ocr_only,24,1380.0,1440.0,abstract method,0.024922205026817114,-0.06627687375739649,0.10297990094734999,0.0,0.04119196037894,9
v23,Java,ocr_only,25,1440.0,1500.0,method,0.03922842890533424,0.01273517165572955,1.0,0.564618401886124,0.7387710411316744,1
v23,Java,ocr_only,25,1440.0,1500.0,abstract method,0.025779460459742557,0.025876063176023492,0.31486949120216484,1.0,0.7259477964808659,2
v23,Java,ocr_only,25,1440.0,1500.0,object,0.024159713861220698,0.010898201736406729,0.23235477524767872,0.5037562527749503,0.39519566176404164,3
v23,Java,ocr_only,25,1440.0,1500.0,class,0.035812126649592615,-0.004306405667909783,0.8259633880358563,0.0,0.33038535521434254,4
v23,Java,ocr_only,25,1440.0,1500.0,abstract class,0.02394108274183193,0.006467219456126738,0.22121705485879906,0.3569497637765983,0.3026566802094786,5
v23,Java,ocr_only,25,1440.0,1500.0,inheritance,0.027162991462071403,0.0023535601154182242,0.3853506811460556,0.22065675998094075,0.2865343284469867,6
v23,Java,ocr_only,25,1440.0,1500.0,interface,0.019598638269985178,0.009166619961570819,0.0,0.44638580426096264,0.26783148255657757,7
v23,Java,ocr_only,25,1440.0,1500.0,extends,0.024228590478061675,0.0005639583578608008,0.23586355525050487,0.1613640040831032,0.19116382455006387,8
v23,Java,ocr_only,25,1440.0,1500.0,implements,0.023614944663528436,5.727067314026893e-05,0.204602609785901,0.14457652101336166,0.1685869565223774,9
v23,Java,ocr_only,26,1500.0,1560.0,method,0.03582279128699827,0.009051675351177235,1.0,0.6186171078348237,0.7711702647008942,1
v23,Java,ocr_only,26,1500.0,1560.0,abstract method,0.022859122592495878,0.022824513425307547,0.33245283608680953,1.0,0.7329811344347238,2
v23,Java,ocr_only,26,1500.0,1560.0,inheritance,0.020537043581174644,0.005901885070716451,0.2128804145047001,0.5313964405758173,0.4039900301473704,3
v23,Java,ocr_only,26,1500.0,1560.0,object,0.017866680187506343,0.003455432110400997,0.07537354418358216,0.46365184788335706,0.3083405264034471,4
v23,Java,ocr_only,26,1500.0,1560.0,abstract class,0.01828412459769949,0.0026313835758939234,0.09686929810037459,0.44083316580176823,0.3032476187212108,5
v23,Java,ocr_only,26,1500.0,1560.0,extends,0.017871300294788107,0.0028761151810077846,0.0756114505653014,0.44761001505100645,0.29881058925672443,6
v23,Java,ocr_only,26,1500.0,1560.0,class,0.030102905786573726,-0.013288375634659302,0.7054619773385724,0.0,0.282184790935429,7
v23,Java,ocr_only,26,1500.0,1560.0,interface,0.016402936937668398,0.0021161086863641203,0.0,0.4265647175290706,0.2559388305174424,8
v23,Java,ocr_only,26,1500.0,1560.0,implements,0.01786775012075327,-0.005674344536837557,0.0754286389967399,0.21083971113965302,0.15667528228248778,9
v23,Java,ocr_only,27,1560.0,1620.0,method,0.036090751128480314,0.010969909307692803,1.0,0.7012547724843443,0.8207528634906066,1
v23,Java,ocr_only,27,1560.0,1620.0,abstract method,0.023167741272515332,0.021899496426931845,0.33564237686687,1.0,0.734256950746748,2
v23,Java,ocr_only,27,1560.0,1620.0,inheritance,0.0208698614039841,0.006643926887755568,0.21751091796387872,0.5830099945093411,0.43681036389115613,3
v23,Java,ocr_only,27,1560.0,1620.0,object,0.01816162221788666,0.003373534234324409,0.07828334105994189,0.49361831057326533,0.32748432276793593,4
v23,Java,ocr_only,27,1560.0,1620.0,extends,0.018167356316216608,0.0028821944800017855,0.07857812470398112,0.48018821434993997,0.3195441784915564,5
v23,Java,ocr_only,27,1560.0,1620.0,abstract class,0.018586468436299453,0.0010270505461822416,0.10012421458767833,0.4294804071348221,0.2977379301159646,6
v23,Java,ocr_only,27,1560.0,1620.0,class,0.030345278147315427,-0.01468548004324885,0.7046315977403317,0.0,0.2818526390961327,7
v23,Java,ocr_only,27,1560.0,1620.0,interface,0.016638863461383654,0.0022008510492912436,0.0,0.4615646290302696,0.27693877741816175,8
v23,Java,ocr_only,27,1560.0,1620.0,implements,0.018162434130452237,-0.0062124688025293594,0.07832508058566164,0.2315981055126709,0.1702888955418672,9
v23,Java,ocr_only,28,1620.0,1680.0,implements,0.09234394981790131,0.41797216071938686,0.6370608912389994,1.0,0.8548243564955997,1
v23,Java,ocr_only,28,1620.0,1680.0,class,0.12927634209661656,0.21453427245550336,1.0,0.5352398789776414,0.7211439273865848,2
v23,Java,ocr_only,28,1620.0,1680.0,abstract class,0.10839294434109902,0.2329210999185795,0.7947763114804466,0.5772451525767852,0.6642576161382499,3
v23,Java,ocr_only,28,1620.0,1680.0,inheritance,0.10382046427272698,0.22604119256243219,0.7498419939762214,0.5615277923409274,0.636853472995045,4
v23,Java,ocr_only,28,1620.0,1680.0,interface,0.04019587365075278,0.40838365420348666,0.12459540714921415,0.9780947615668669,0.6366950197998058,5
v23,Java,ocr_only,28,1620.0,1680.0,extends,0.09662304458047465,0.22500292966068008,0.6791120756765502,0.5591558487664571,0.6071383395304943,6
v23,Java,ocr_only,28,1620.0,1680.0,method,0.06315969315642703,0.2740435219079671,0.35026365312257834,0.6711905920601603,0.5428198164851274,7
v23,Java,ocr_only,28,1620.0,1680.0,object,0.09017730355996759,0.1885092693034223,0.6157689950650271,0.47578495778381097,0.5317785726962975,8
v23,Java,ocr_only,28,1620.0,1680.0,abstract method,0.027517145065481387,-0.019754483762006846,0.0,0.0,0.0,9
v23,Java,ocr_only,29,1680.0,1740.0,class,0.02374365540072333,-0.01041538114055813,1.0,0.5439315924853976,0.7263589554912386,1
v23,Java,ocr_only,29,1680.0,1740.0,object,0.008425611637628795,0.012926857323411253,0.1410502931633754,1.0,0.6564201172653501,2
v23,Java,ocr_only,29,1680.0,1740.0,implements,0.008436028096526967,0.010664842350394962,0.14163438956989025,0.9558040001986042,0.6301361559471186,3
v23,Java,ocr_only,29,1680.0,1740.0,method,0.022754734421383378,-0.024713971293308656,0.9445468756699104,0.26456098924463267,0.5365553438147438,4
v23,Java,ocr_only,29,1680.0,1740.0,extends,0.00847639329793545,-0.0014677691465167148,0.14389784294895364,0.7187530072987175,0.48881094155881194,5
v23,Java,ocr_only,29,1680.0,1740.0,inheritance,0.00931594101823486,-0.008104896596775575,0.19097495536483128,0.5890746068580998,0.4298347462607924,6
v23,Java,ocr_only,29,1680.0,1740.0,abstract class,0.008677491525974083,-0.01436156184617285,0.15517430009260744,0.46682980325671747,0.34216760199107343,7
v23,Java,ocr_only,29,1680.0,1740.0,interface,0.005910197118854351,-0.021151174067680176,0.0,0.3341721047123269,0.20050326282739614,8
v23,Java,ocr_only,29,1680.0,1740.0,abstract method,0.007096313218967321,-0.03825458405547225,0.0665107171792292,0.0,0.026604286871691682,9
v23,Java,ocr_only,30,1740.0,1800.0,object,0.12559656253443743,0.1738948726659831,0.8269027735176475,1.0,0.930761109407059,1
v23,Java,ocr_only,30,1740.0,1800.0,extends,0.1294236118348638,0.13952315037600538,0.8560061115647976,0.8206645238585302,0.8348011589410371,2
v23,Java,ocr_only,30,1740.0,1800.0,class,0.14835861197501368,0.10586038923091987,1.0,0.6450280734281495,0.7870168440568897,3
v23,Java,ocr_only,30,1740.0,1800.0,inheritance,0.13128148231747486,0.12072574804418201,0.8701345505941112,0.7225885220521481,0.7816069334689333,4
v23,Java,ocr_only,30,1740.0,1800.0,abstract class,0.11771887029524858,0.11073563669779908,0.7669957479554262,0.6704648210663443,0.7090771918219771,5
v23,Java,ocr_only,30,1740.0,1800.0,implements,0.1145985073887843,0.10739066513625463,0.7432665066084438,0.6530123331575797,0.6891140025379253,6
v23,Java,ocr_only,30,1740.0,1800.0,method,0.05970005018911871,0.03188266715270224,0.3257834190582359,0.2590471237151091,0.2857416418523598,7
v23,Java,ocr_only,30,1740.0,1800.0,interface,0.0436479768093846,0.028717750876043283,0.20371315519306626,0.2425340795727729,0.22700570982089024,8
v23,Java,ocr_only,30,1740.0,1800.0,abstract method,0.016859974457000895,-0.017766716159104627,0.0,0.0,0.0,9
v23,Java,ocr_only,31,1800.0,1860.0,extends,0.16724292842101943,0.044038117938984205,0.8607235752684803,0.8729654122737945,0.8680686774716688,1
v23,Java,ocr_only,31,1800.0,1860.0,implements,0.1534862345898887,0.042425888206074076,0.7760971010651971,0.8557662662536415,0.8238986001782638,2
v23,Java,ocr_only,31,1800.0,1860.0,object,0.16247539313262088,0.03407763836253896,0.8313953291761023,0.7667077622819355,0.7925827890396022,3
v23,Java,ocr_only,31,1800.0,1860.0,abstract class,0.15986306569007244,0.03244975896062089,0.8153251844421198,0.7493416667651069,0.7757350738359121,4
v23,Java,ocr_only,31,1800.0,1860.0,abstract method,0.027325593926356896,0.055946205654512964,0.0,1.0,0.6,5
v23,Java,ocr_only,31,1800.0,1860.0,inheritance,0.1712209735263723,-0.0004498689488856049,0.8851951478439943,0.39837090070502995,0.5931005995606158,6
v23,Java,ocr_only,31,1800.0,1860.0,interface,0.05921902115144927,0.01623293704838311,0.19619745335981792,0.5763418253914203,0.42428407657877937,7
v23,Java,ocr_only,31,1800.0,1860.0,class,0.18988339821447456,-0.037792735280171436,1.0,0.0,0.4,8
v23,Java,ocr_only,31,1800.0,1860.0,method,0.07292717400070275,-0.025786590386522767,0.2805253200487474,0.1280806543570226,0.18905852063371253,9
v23,Java,ocr_only,32,1860.0,1920.0,object,0.11663156888867085,0.1209900511931988,0.8963481862800203,1.0,0.9585392745120082,1
v23,Java,ocr_only,32,1860.0,1920.0,abstract class,0.10237000029815187,0.06121711503369121,0.7458507203022963,0.608291784598002,0.6633153588797197,2
v23,Java,ocr_only,32,1860.0,1920.0,class,0.1264539100244212,0.029528678373201937,1.0,0.40062888947041964,0.6403773336822518,3
v23,Java,ocr_only,32,1860.0,1920.0,implements,0.10474841166393868,0.005413326044241251,0.7709492837128803,0.2425944640013426,0.4539363918859577,4
v23,Java,ocr_only,32,1860.0,1920.0,extends,0.11809801228045386,-0.01903170568269218,0.9118230629082363,0.08239956028020015,0.4141689613314146,5
v23,Java,ocr_only,32,1860.0,1920.0,inheritance,0.12021438835035783,-0.03160551307946903,0.934156457271896,0.0,0.3736625829087584,6
v23,Java,ocr_only,32,1860.0,1920.0,abstract method,0.031691061375328886,0.026536084094015384,0.0,0.38101760985393496,0.22861056591236095,7
v23,Java,ocr_only,32,1860.0,1920.0,method,0.06401128520941837,-0.014280724760337914,0.3410642914901342,0.11353402310026549,0.20454613045621298,8
v23,Java,ocr_only,32,1860.0,1920.0,interface,0.04802457611930249,-0.017568303630348735,0.1723620065966649,0.09198962968568129,0.12413858045007474,9
v24,Java,ocr_only,1,0.0,60.0,method,0.05133358162120207,0.11630715560026385,1.0,1.0,1.0,1
v24,Java,ocr_only,1,0.0,60.0,abstract method,0.04119516444526631,0.10852663602599653,0.5373350728498854,0.915923550647053,0.7644881595281859,2
v24,Java,ocr_only,1,0.0,60.0,class,0.04064394984284582,0.040224466203040904,0.5121804891069436,0.17784894431757908,0.3115815622333249,3
v24,Java,ocr_only,1,0.0,60.0,interface,0.029420493809714933,0.054438398434826,0.0,0.3314449788734639,0.19886698732407834,4
v24,Java,ocr_only,1,0.0,60.0,abstract class,0.03251563304948639,0.04116388058016813,0.14124614779980676,0.18800027477129175,0.16929862398269774,5
v24,Java,ocr_only,1,0.0,60.0,inheritance,0.03660277157795314,0.026819947626694356,0.32776201282199774,0.0329994498298068,0.1509044750266832,6
v24,Java,ocr_only,1,0.0,60.0,object,0.03178295162903134,0.03340392263959986,0.10781035697205449,0.10414601484127602,0.10561175169358741,7
v24,Java,ocr_only,1,0.0,60.0,implements,0.03178288353377827,0.032820458140716886,0.10780724945687206,0.09784108585532246,0.1018275512959423,8
v24,Java,ocr_only,1,0.0,60.0,extends,0.03178505747497323,0.02376614519668172,0.10790645689005834,0.0,0.04316258275602334,9
v24,Java,ocr_only,2,60.0,120.0,method,0.05133445821625883,0.10073537247991278,1.0,1.0,1.0,1
v24,Java,ocr_only,2,60.0,120.0,abstract method,0.04119684533115707,0.0879484770703024,0.537395811762867,0.8498719844572211,0.7248815153794794,2
v24,Java,ocr_only,2,60.0,120.0,class,0.04063930620596737,0.04363494779796077,0.511953931377213,0.32959696865053423,0.40253975374120576,3
v24,Java,ocr_only,2,60.0,120.0,object,0.031778960580526074,0.049814399732034303,0.10763458697007462,0.4021485010035086,0.284342935390135,4
v24,Java,ocr_only,2,60.0,120.0,interface,0.02942023188006065,0.05097146261964151,0.0,0.4157333118281996,0.24943998709691975,5
v24,Java,ocr_only,2,60.0,120.0,implements,0.03177888665387213,0.04485264775384377,0.10763121351518691,0.34389370543042896,0.24938870866433213,6
v24,Java,ocr_only,2,60.0,120.0,abstract class,0.032511485876023614,0.04259063068462255,0.14106151631996214,0.3173358801845258,0.24682613463870035,7
v24,Java,ocr_only,2,60.0,120.0,inheritance,0.03659885033889395,0.02092190645047064,0.3275780010985636,0.06292834306085504,0.1687882062759385,8
v24,Java,ocr_only,2,60.0,120.0,extends,0.031780981986881264,0.015562093106438609,0.10772682870948988,0.0,0.043090731483795955,9
v24,Java,ocr_only,3,120.0,180.0,method,0.05134221233881611,0.10949463437775132,1.0,1.0,1.0,1
v24,Java,ocr_only,3,120.0,180.0,abstract method,0.04121194689994706,0.08721903040169295,0.5379464867885277,0.7114706163025547,0.6420609644969439,2
v24,Java,ocr_only,3,120.0,180.0,class,0.040596951138909494,0.05277197894974495,0.5098957951544008,0.26528803304658183,0.3631311378897094,3
v24,Java,ocr_only,3,120.0,180.0,object,0.03174277515857032,0.06343451780095395,0.10604624718391037,0.40339678047699706,0.28445656715976236,4
v24,Java,ocr_only,3,120.0,180.0,interface,0.029417770365722313,0.0660930959384261,0.0,0.43783256557807854,0.2626995393468471,5
v24,Java,ocr_only,3,120.0,180.0,implements,0.03174254567920544,0.059319953273295666,0.10603578035583054,0.3501020294738557,0.2524755298266457,6
v24,Java,ocr_only,3,120.0,180.0,abstract class,0.03247359293805661,0.05205739273653419,0.13937971949682793,0.25603220681093886,0.20937121188529448,7
v24,Java,ocr_only,3,120.0,180.0,inheritance,0.03656316889952079,0.03378808128702181,0.32591016649671095,0.01939515855087976,0.14200116172921223,8
v24,Java,ocr_only,3,120.0,180.0,extends,0.03174397180113065,0.03229069871407284,0.10610082748117868,0.0,0.04244033099247147,9
v24,Java,ocr_only,4,180.0,240.0,method,0.05134255522366817,0.09330155446631552,1.0,1.0,1.0,1
v24,Java,ocr_only,4,180.0,240.0,abstract method,0.04121258683273694,0.07697275788144824,0.5379695116995356,0.746422775540023,0.6630414700038281,2
v24,Java,ocr_only,4,180.0,240.0,object,0.031741231560888615,0.0660606883067706,0.10597853875268183,0.5769643404692303,0.3885700197826109,3
v24,Java,ocr_only,4,180.0,240.0,class,0.040595144289865194,0.045721136579712746,0.5098077970158151,0.26110229595779877,0.3605844963810053,4
v24,Java,ocr_only,4,180.0,240.0,implements,0.03174098371532381,0.053881764154543606,0.10596723445212412,0.38783235101861885,0.275086304392021,5
v24,Java,ocr_only,4,180.0,240.0,abstract class,0.03247196249928503,0.04992136939116544,0.1393073665687492,0.3263295999344412,0.2515207065881644,6
v24,Java,ocr_only,4,180.0,240.0,interface,0.02941766358244041,0.05013310140893852,0.0,0.329617681644392,0.19777060898663518,7
v24,Java,ocr_only,4,180.0,240.0,inheritance,0.036561646588545715,0.028907772179119134,0.3258389196629687,0.0,0.1303355678651875,8
v24,Java,ocr_only,4,180.0,240.0,extends,0.03174239466734025,0.029552025395616525,0.10603158833991219,0.010004897889426961,0.048415574069621055,9
v24,Java,ocr_only,5,240.0,300.0,method,0.05134108243640098,0.09176647314828403,1.0,1.0,1.0,1
v24,Java,ocr_only,5,240.0,300.0,abstract method,0.041209791358801526,0.08026774379330778,0.5378688850080352,0.8418120729302404,0.7202347977613582,2
v24,Java,ocr_only,5,240.0,300.0,class,0.040602919975712,0.03995306519682396,0.5101869097517946,0.287203364368758,0.3763967825219726,3
v24,Java,ocr_only,5,240.0,300.0,object,0.031747872569773135,0.05166423656138897,0.10627067640408475,0.4483138544523899,0.31149658323306784,4
v24,Java,ocr_only,5,240.0,300.0,abstract class,0.03247894067931622,0.039318722651162874,0.13961779060803917,0.27847671908017607,0.2229331476913213,5
v24,Java,ocr_only,5,240.0,300.0,implements,0.03174767349424363,0.04009084121155769,0.10626159572564867,0.2890987478931323,0.21596388702613883,6
v24,Java,ocr_only,5,240.0,300.0,interface,0.02941810268253695,0.043800245967704335,0.0,0.34012899922986856,0.20407739953792112,7
v24,Java,ocr_only,5,240.0,300.0,inheritance,0.0365681919598574,0.02171247621903552,0.3261458687457947,0.036267728799672924,0.15221898477812165,8
v24,Java,ocr_only,5,240.0,300.0,extends,0.03174918432616306,0.019076163792972764,0.10633051117128585,0.0,0.04253220446851434,9
v24,Java,ocr_only,6,300.0,360.0,method,0.0513428240222511,0.09717561206538457,1.0,1.0,1.0,1
v24,Java,ocr_only,6,300.0,360.0,abstract method,0.04121331668068654,0.07873311979115304,0.5380012416634228,0.710324972574913,0.6413954802103169,2
v24,Java,ocr_only,6,300.0,360.0,class,0.04059258863407059,0.04643510426694124,0.5096903300730309,0.20302214204455402,0.3256894172559448,3
v24,Java,ocr_only,6,300.0,360.0,object,0.03173904506790685,0.06076602154963888,0.10588726280414765,0.42811692832202686,0.29922506211487515,4
v24,Java,ocr_only,6,300.0,360.0,implements,0.031738799987856205,0.056875565529398965,0.10587608489832538,0.36700978848422255,0.26255630704986366,5
v24,Java,ocr_only,6,300.0,360.0,abstract class,0.032469700755007304,0.05046850143093022,0.13921188648321312,0.2663744491363275,0.21550942407508175,6
v24,Java,ocr_only,6,300.0,360.0,interface,0.02941742452975946,0.05486154265809256,0.0,0.33537566215219755,0.20122539729131853,7
v24,Java,ocr_only,6,300.0,360.0,inheritance,0.036559480414434804,0.03397490119872671,0.3257434778837733,0.0073105423411677795,0.13468371655821,8
v24,Java,ocr_only,6,300.0,360.0,extends,0.03174016415071434,0.03350946715062846,0.1059383032792767,0.0,0.04237532131171068,9
v24,Java,ocr_only,7,360.0,420.0,method,0.0546408606738684,0.14984461829564183,0.8723455107187387,1.0,0.9489382042874954,1
v24,Java,ocr_only,7,360.0,420.0,abstract method,0.03975906054833372,0.13616712736883346,0.29377119521325334,0.8713096396287481,0.6402942618625502,2
v24,Java,ocr_only,7,360.0,420.0,abstract class,0.047560579891669064,0.09063815036564894,0.597078501849377,0.4429313289262978,0.5045901980955295,3
v24,Java,ocr_only,7,360.0,420.0,class,0.057924325811706735,0.05427217980376907,1.0,0.10076697422833238,0.46046018453699944,4
v24,Java,ocr_only,7,360.0,420.0,implements,0.04381977860663596,0.08801950583968152,0.4516437073572486,0.4182927230932328,0.43163311679883914,5
v24,Java,ocr_only,7,360.0,420.0,interface,0.032202824309288954,0.10945345279162898,0.0,0.6199629250465727,0.3719777550279436,6
v24,Java,ocr_only,7,360.0,420.0,inheritance,0.05007987971733041,0.047166455138238354,0.6950237880304554,0.03390980921177879,0.29835540073924943,7
v24,Java,ocr_only,7,360.0,420.0,object,0.04339596129090588,0.05146348283365177,0.43516654657834763,0.07434018095226597,0.21867072720269864,8
v24,Java,ocr_only,7,360.0,420.0,extends,0.044653249646110324,0.04356244698653288,0.48404737708065176,0.0,0.19361895083226072,9
v24,Java,ocr_only,8,420.0,480.0,method,0.05134108107816246,0.11431157376426579,1.0,1.0,1.0,1
v24,Java,ocr_only,8,420.0,480.0,abstract method,0.04120975520776426,0.09423293906734403,0.5378672860203824,0.7413747416398148,0.6599717593920418,2
v24,Java,ocr_only,8,420.0,480.0,class,0.04060300426175266,0.04769104765367929,0.5101908036944793,0.14188633652051144,0.2892081233900986,3
v24,Java,ocr_only,8,420.0,480.0,interface,0.02941810189074868,0.06588708406373885,0.0,0.3762625622309406,0.22575753733856435,4
v24,Java,ocr_only,8,420.0,480.0,implements,0.03174772620102005,0.054927719308639225,0.10626403876754273,0.2350991522663337,0.18356510686681732,5
v24,Java,ocr_only,8,420.0,480.0,inheritance,0.03656825323263251,0.03753212940874126,0.32614870820060854,0.011033173672745915,0.13707938748389098,6
v24,Java,ocr_only,8,420.0,480.0,abstract class,0.03247900018364008,0.04311819313563267,0.13962054457674697,0.08298513636297981,0.10563929964848667,7
v24,Java,ocr_only,8,420.0,480.0,object,0.03174793188518533,0.04167381623090588,0.10627342089410124,0.06438066669693623,0.08113776837580224,8
v24,Java,ocr_only,8,420.0,480.0,extends,0.031749248488174064,0.03667555776091622,0.1063334767367621,0.0,0.042533390694704847,9
v24,Java,ocr_only,9,480.0,540.0,method,0.051340435779475384,0.10865724384075127,1.0,1.0,1.0,1
v24,Java,ocr_only,9,480.0,540.0,abstract method,0.04120838584634291,0.09999933479480629,0.5378146560642335,0.9252854845520826,0.7702971531569429,2
v24,Java,ocr_only,9,480.0,540.0,class,0.04060706544358749,0.012539790528824516,0.5103847204641052,0.17054234317096503,0.3064792940882211,3
v24,Java,ocr_only,9,480.0,540.0,interface,0.029418386398046704,0.049143918884452194,0.0,0.48642227433806295,0.2918533646028378,4
v24,Java,ocr_only,9,480.0,540.0,inheritance,0.03657171133123712,0.00857997934451074,0.32630730862463864,0.1363706543334836,0.21234531604994564,5
v24,Java,ocr_only,9,480.0,540.0,extends,0.03175283072375196,0.016379967054287875,0.1064884165292905,0.20368162966749417,0.1648043444122127,6
v24,Java,ocr_only,9,480.0,540.0,implements,0.03175120842311736,0.012368015804034512,0.1064144133826698,0.1690599915707371,0.14400176029551018,7
v24,Java,ocr_only,9,480.0,540.0,abstract class,0.03248261814044115,0.004994214985447394,0.13977852567882257,0.10542684963697808,0.11916752005371588,8
v24,Java,ocr_only,9,480.0,540.0,object,0.03175143374685798,-0.00722263564505371,0.10642469178943294,0.0,0.042569876715773176,9
v24,Java,ocr_only,10,540.0,600.0,method,0.05134282690329215,0.10954650041218818,1.0,1.0,1.0,1
v24,Java,ocr_only,10,540.0,600.0,abstract method,0.041213071192298445,0.1007821760415092,0.5379866123325522,0.9346122852973615,0.7759620161114378,2
v24,Java,ocr_only,10,540.0,600.0,interface,0.029417584082655546,0.0466638825986573,0.0,0.5308536631640356,0.31851219789842133,3
v24,Java,ocr_only,10,540.0,600.0,class,0.04059378773137489,-0.0022802900989330834,0.5097413853131886,0.1656974382970666,0.3033150171035154,4
v24,Java,ocr_only,10,540.0,600.0,inheritance,0.03656050363525934,0.0025984000023803124,0.3257851970460593,0.20209572560082067,0.2515715141789161,5
v24,Java,ocr_only,10,540.0,600.0,extends,0.031741205797821845,0.011666157229486633,0.10597929218732512,0.26974725211693507,0.20424006814509107,6
v24,Java,ocr_only,10,540.0,600.0,implements,0.03173979517665959,-0.004227408770442974,0.10591495442040533,0.15117063225930627,0.1330683611237459,7
v24,Java,ocr_only,10,540.0,600.0,abstract class,0.032470740624950256,-0.00980663248321198,0.13925303209964912,0.1095458962313684,0.12142875057868069,8
v24,Java,ocr_only,10,540.0,600.0,object,0.031740059400050105,-0.02448975411262887,0.10592700552481844,0.0,0.04237080220992738,9
v24,Java,ocr_only,11,600.0,660.0,method,0.05134260886353147,0.1121011995590001,1.0,1.0,1.0,1
v24,Java,ocr_only,11,600.0,660.0,abstract method,0.0412126536743971,0.10203253482288908,0.5379712389999552,0.9171475007772406,0.7654769960663265,2
v24,Java,ocr_only,11,600.0,660.0,interface,0.029417663829355584,0.05426757794749761,0.0,0.524101733923943,0.3144610403543658,3
v24,Java,ocr_only,11,600.0,660.0,class,0.040595011511495416,0.006351387081638819,0.5098004881981207,0.12981150075797634,0.2818070957340341,4
v24,Java,ocr_only,11,600.0,660.0,inheritance,0.036561533283887934,0.010326925385720597,0.32583294705627397,0.16252520142055388,0.2278482996748419,5
v24,Java,ocr_only,11,600.0,660.0,extends,0.03174227179237321,0.019642730743339852,0.10602571451805712,0.23918261095603585,0.18591985238084435,6
v24,Java,ocr_only,11,600.0,660.0,implements,0.03174085556253486,0.010945827866454812,0.10596112006474623,0.1676179936276565,0.1429552442024924,7
v24,Java,ocr_only,11,600.0,660.0,abstract class,0.03247184272829101,0.0017948963255652625,0.1393015532843833,0.09231728909035167,0.11111099476796432,8
v24,Java,ocr_only,11,600.0,660.0,object,0.031741105318094785,-0.009423978686258818,0.1059725114529362,0.0,0.04238900458117448,9
v24,Java,ocr_only,12,660.0,720.0,method,0.05125995988063078,0.11891854984265085,1.0,1.0,1.0,1
v24,Java,ocr_only,12,660.0,720.0,abstract method,0.041052315224887864,0.0954872968714924,0.5321130129870377,0.7474820617069926,0.6613344422190106,2
v24,Java,ocr_only,12,660.0,720.0,class,0.04104350835082565,0.04738104807366089,0.5317093330090467,0.22904240419522878,0.35010917572075595,3
v24,Java,ocr_only,12,660.0,720.0,interface,0.029443485092756152,0.07881845650706917,0.0,0.5678424492739527,0.3407054695643716,4
v24,Java,ocr_only,12,660.0,720.0,implements,0.032125732289218493,0.06061703097818326,0.12294594899232333,0.3716862106722255,0.2721901060002646,5
v24,Java,ocr_only,12,660.0,720.0,inheritance,0.03693921758192469,0.04529556576172737,0.343581287171775,0.20656722139539274,0.26137284770594565,6
v24,Java,ocr_only,12,660.0,720.0,extends,0.0321340656287138,0.058736321567803146,0.12332792360446083,0.3514178595335982,0.2601818851619433,7
v24,Java,ocr_only,12,660.0,720.0,abstract class,0.032873150503667084,0.04120000788751989,0.15720529756792354,0.16242951216458182,0.1603398263259185,8
v24,Java,ocr_only,12,660.0,720.0,object,0.03212419450278952,0.02612810046091167,0.1228754615994734,0.0,0.04915018463978937,9
v25,Java,ocr_only,1,0.0,60.0,object,0.13421549129550764,0.26949580249981964,0.8244036483459042,1.0,0.9297614593383616,1
v25,Java,ocr_only,1,0.0,60.0,abstract class,0.14103465782852934,0.20561367657221008,0.8798230740506343,0.6647198692092187,0.750761151145785,2
v25,Java,ocr_only,1,0.0,60.0,class,0.15582200831176243,0.11191734738432316,1.0,0.17296232281307358,0.5037773936878441,3
v25,Java,ocr_only,1,0.0,60.0,implements,0.13763931932884402,0.10355980906947128,0.8522291285421149,0.1290984642046762,0.41835072993965167,4
v25,Java,ocr_only,1,0.0,60.0,extends,0.13482966119731685,0.10333293782946025,0.8293950124779537,0.12790774899413732,0.40850265438766387,5
v25,Java,ocr_only,1,0.0,60.0,inheritance,0.13955351590087303,0.08306954750981767,0.8677858207264313,0.021556996604756965,0.3600485262534267,6
v25,Java,ocr_only,1,0.0,60.0,interface,0.053225699726111235,0.097812156199048,0.16619890807644408,0.09893237661517948,0.1258389891996853,7
v25,Java,ocr_only,1,0.0,60.0,abstract method,0.03277550527952921,0.10413124163068563,0.0,0.13209758142377384,0.0792585488542643,8
v25,Java,ocr_only,1,0.0,60.0,method,0.055437961548335024,0.07896221562445323,0.1841779791406926,0.0,0.07367119165627704,9
v25,Java,ocr_only,2,60.0,120.0,implements,0.10168341566665272,0.20861364284019757,0.941286162794228,1.0,0.9765144651176912,1
v25,Java,ocr_only,2,60.0,120.0,abstract class,0.10604199278550179,0.10094672681533168,1.0,0.4113439472528145,0.6468063683516887,2
v25,Java,ocr_only,2,60.0,120.0,interface,0.040841110084376124,0.19912406453406864,0.12168721392329074,0.9481168597173243,0.6175450013997109,3
v25,Java,ocr_only,2,60.0,120.0,class,0.09852362310276429,0.07505578605246793,0.8987209996363158,0.2697883092343663,0.5213613853951461,4
v25,Java,ocr_only,2,60.0,120.0,abstract method,0.04052259203827185,0.126993802569089,0.11739649789461454,0.5537532347564388,0.3792105400117091,5
v25,Java,ocr_only,2,60.0,120.0,method,0.03180775216563313,0.13820218327847394,0.0,0.6150337226692759,0.36902023360156555,6
v25,Java,ocr_only,2,60.0,120.0,inheritance,0.08171431883814866,0.036792396221801624,0.6722850029283942,0.06058777805870902,0.30526666800658314,7
v25,Java,ocr_only,2,60.0,120.0,extends,0.0744562938592966,0.03904474511108299,0.5745130729100321,0.07290222761782582,0.2735465657347083,8
v25,Java,ocr_only,2,60.0,120.0,object,0.07805012940180062,0.02571071417345302,0.6229251737477974,0.0,0.249170069499119,9
v25,Java,ocr_only,3,120.0,180.0,implements,0.10332344324369702,0.23131380926226577,0.9170209727042454,1.0,0.9668083890816982,1
v25,Java,ocr_only,3,120.0,180.0,interface,0.041672211585580175,0.20770356710183305,0.07762417828150305,0.8731416878013524,0.5549346839934126,2
v25,Java,ocr_only,3,120.0,180.0,abstract class,0.10941800932801701,0.09090680228786419,1.0,0.2455902906626569,0.5473541743975942,3
v25,Java,ocr_only,3,120.0,180.0,class,0.10495423801936135,0.06973578454687666,0.9392246476388365,0.1318379809701213,0.4547926476376074,4
v25,Java,ocr_only,3,120.0,180.0,method,0.035970943449579004,0.1480275410544175,0.0,0.552501183919332,0.33150071035159917,5
v25,Java,ocr_only,3,120.0,180.0,inheritance,0.08673392106816251,0.049788873072096625,0.6911505178791095,0.024662819187703716,0.29125789866426605,6
v25,Java,ocr_only,3,120.0,180.0,abstract method,0.039584232877012175,0.12392610978969434,0.04919583082343295,0.423003702655105,0.27348055392243614,7
v25,Java,ocr_only,3,120.0,180.0,extends,0.07928936618386051,0.051426980357131655,0.5897910585833025,0.03346440300746257,0.2559950652377985,8
v25,Java,ocr_only,3,120.0,180.0,object,0.081667731756467,0.04519875104312911,0.6221730951447481,0.0,0.24886923805789923,9
v25,Java,ocr_only,4,180.0,240.0,implements,0.10447834820966745,0.21546765486913366,0.8997230750377737,1.0,0.9598892300151095,1
v25,Java,ocr_only,4,180.0,240.0,abstract class,0.11178905487832985,0.05461557991524432,1.0,0.05524931193039328,0.433149587158236,2
v25,Java,ocr_only,4,180.0,240.0,class,0.10945910740403392,0.0556527362920088,0.9680413975508814,0.0613409598054046,0.42402113490359533,3
v25,Java,ocr_only,4,180.0,240.0,interface,0.04225633928731274,0.1385947026390655,0.04625814989565596,0.5484933934851748,0.3475992960493673,4
v25,Java,ocr_only,4,180.0,240.0,object,0.08420164187217777,0.061260395675256284,0.6215986949964706,0.09427706002233839,0.30520571401199126,5
v25,Java,ocr_only,4,180.0,240.0,inheritance,0.090249510724191,0.04982160799293916,0.7045539712154353,0.027092334325457098,0.29807698908144836,6
v25,Java,ocr_only,4,180.0,240.0,extends,0.08267331009458041,0.055838327695899394,0.6006354122489279,0.06243101479273196,0.27771277377521036,7
v25,Java,ocr_only,4,180.0,240.0,method,0.038883880817434976,0.0838020657222732,0.0,0.22667360071515918,0.1360041604290955,8
v25,Java,ocr_only,4,180.0,240.0,abstract method,0.03893156286682904,0.045208900908810336,0.0006540283321213737,0.0,0.0002616113328485495,9
v25,Java,ocr_only,5,240.0,300.0,implements,0.1033410701239918,0.185773363080235,0.9168716472374367,1.0,0.9667486588949747,1
v25,Java,ocr_only,5,240.0,300.0,class,0.10499655382680842,0.02947339699670114,0.939409722764526,0.24218743420434483,0.5210763496284172,2
v25,Java,ocr_only,5,240.0,300.0,object,0.081691153415508,0.06111370710822012,0.6221254911135137,0.39559389480054086,0.48620653332573,3
v25,Java,ocr_only,5,240.0,300.0,abstract class,0.10944707651637468,0.0014180859866838947,1.0,0.10616266239259928,0.4636975974355596,4
v25,Java,ocr_only,5,240.0,300.0,inheritance,0.08676602971921213,0.04085235765184109,0.6912158392872332,0.2973577556460707,0.45490098910253574,5
v25,Java,ocr_only,5,240.0,300.0,extends,0.0793191420111779,0.04195619218953703,0.5898324687835738,0.30270964217673163,0.4175587728194685,6
v25,Java,ocr_only,5,240.0,300.0,interface,0.04167985125407997,0.08312448000030248,0.0774038798302509,0.5023120259585464,0.3323487675072282,7
v25,Java,ocr_only,5,240.0,300.0,method,0.03599432316008897,0.033022859553095196,0.0,0.2593968258277507,0.15563809549665042,8
v25,Java,ocr_only,5,240.0,300.0,abstract method,0.03958337123572875,-0.020478120648368524,0.04886199511447782,0.0,0.01954479804579113,9
v25,Java,ocr_only,6,300.0,360.0,implements,0.1048094802111121,0.2040797203206507,0.8960642037907138,1.0,0.9584256815162855,1
v25,Java,ocr_only,6,300.0,360.0,class,0.11076655383773286,0.05001079197820388,0.9768554042817539,0.27290815134719504,0.5544870525210186,2
v25,Java,ocr_only,6,300.0,360.0,object,0.08493734601563968,0.084821680463366,0.6265537564467876,0.4371899019521282,0.512935443749992,3
v25,Java,ocr_only,6,300.0,360.0,abstract class,0.11247310182704333,0.028648182089226124,1.0,0.1720923691947971,0.5032554215168783,4
v25,Java,ocr_only,6,300.0,360.0,inheritance,0.09127042460581156,0.06660857704994895,0.7124444225983044,0.3512374703162569,0.4957202512290759,5
v25,Java,ocr_only,6,300.0,360.0,extends,0.08365669358623619,0.06805382108837368,0.6091852541135426,0.3580579575550403,0.4585088761784412,6
v25,Java,ocr_only,6,300.0,360.0,interface,0.042424561437431174,0.10480796213298096,0.049985609472447956,0.531510428765661,0.33890050104837577,7
v25,Java,ocr_only,6,300.0,360.0,method,0.03973164620391014,0.06536648130349587,0.01346367468142369,0.3453756933687013,0.21261088589379024,8
v25,Java,ocr_only,6,300.0,360.0,abstract method,0.03873891307363557,-0.007817756769642706,0.0,0.0,0.0,9
v25,Java,ocr_only,7,360.0,420.0,class,0.0922539539789239,0.0,1.0,0.0,0.4,1
v25,Java,ocr_only,7,360.0,420.0,inheritance,0.08004810319324568,0.0,0.8246402696679239,0.0,0.32985610786716957,2
v25,Java,ocr_only,7,360.0,420.0,abstract class,0.07869995197328483,0.0,0.8052715719400615,0.0,0.32210862877602464,3
v25,Java,ocr_only,7,360.0,420.0,extends,0.07686508987943552,0.0,0.7789103679876501,0.0,0.3115641471950601,4
v25,Java,ocr_only,7,360.0,420.0,implements,0.0760804283585678,0.0,0.7676372469969552,0.0,0.3070548987987821,5
v25,Java,ocr_only,7,360.0,420.0,object,0.07586452740628659,0.0,0.764535428579275,0.0,0.30581417143171,6
v25,Java,ocr_only,7,360.0,420.0,method,0.041717165145656036,0.0,0.27394510900876107,0.0,0.10957804360350443,7
v25,Java,ocr_only,7,360.0,420.0,interface,0.032342608094915216,0.0,0.13926217495802923,0.0,0.0557048699832117,8
v25,Java,ocr_only,7,360.0,420.0,abstract method,0.02264931463234084,0.0,0.0,0.0,0.0,9
v26,Java,ocr_only,1,0.0,60.0,implements,0.09769195477810537,0.14496473772320825,0.9979386165382619,1.0,0.9991754466153048,1
v26,Java,ocr_only,1,0.0,60.0,abstract class,0.09784883542922543,0.04288064397684442,1.0,0.23314412654583042,0.5398864759274983,2
v26,Java,ocr_only,1,0.0,60.0,class,0.08295960847325248,0.03251998051843582,0.8043582431231747,0.15531480628264666,0.4149321810188579,3
v26,Java,ocr_only,1,0.0,60.0,inheritance,0.0695683535887401,0.04187461536499637,0.6283995691007884,0.22558683802470758,0.38671193045513996,4
v26,Java,ocr_only,1,0.0,60.0,object,0.06929572717720149,0.03905873089954167,0.6248173072223072,0.20443390947280762,0.3725872685726075,5
v26,Java,ocr_only,1,0.0,60.0,extends,0.06276540562196013,0.04417222282738364,0.5390100597529885,0.24284646891099892,0.3613119052477948,6
v26,Java,ocr_only,1,0.0,60.0,interface,0.03882243325754573,0.04225129688631278,0.22440372108419815,0.22841647020776676,0.2268113705583393,7
v26,Java,ocr_only,1,0.0,60.0,abstract method,0.04277621782120733,0.011844424923693923,0.27635573717170364,0.0,0.11054229486868146,8
v26,Java,ocr_only,1,0.0,60.0,method,0.021744290092581855,0.030467824155594535,0.0,0.13989900444380984,0.0839394026662859,9
v26,Java,ocr_only,2,60.0,120.0,implements,0.09768727781629886,0.07908337229075937,0.9979316562799193,1.0,0.9991726625119677,1
v26,Java,ocr_only,2,60.0,120.0,abstract class,0.09784467046617287,0.004585801135268505,1.0,0.18124437728557147,0.5087466263713429,2
v26,Java,ocr_only,2,60.0,120.0,class,0.08296158024026262,-0.000655912601866685,0.8044168757003701,0.12363602135700939,0.39594836309435366,3
v26,Java,ocr_only,2,60.0,120.0,inheritance,0.06957062038097109,0.0017588032580308631,0.628442281251455,0.15017463405113754,0.3414816929312645,4
v26,Java,ocr_only,2,60.0,120.0,object,0.06929715052468065,-0.0004082423194905472,0.6248485323671042,0.12635800857255888,0.325754218090377,5
v26,Java,ocr_only,2,60.0,120.0,extends,0.06276844899522516,0.0009776461000609662,0.5390529198048898,0.14158943046139155,0.30057482619879083,6
v26,Java,ocr_only,2,60.0,120.0,abstract method,0.04277196919923155,0.005026923466700664,0.2762732192097696,0.18609247345250748,0.22216477175541233,7
v26,Java,ocr_only,2,60.0,120.0,interface,0.038821082669242786,-0.011905402734086674,0.22435344182756503,0.0,0.08974137673102602,8
v26,Java,ocr_only,2,60.0,120.0,method,0.02174868683156429,0.00030693468158130417,0.0,0.1342180660453247,0.08053083962719483,9
v26,Java,ocr_only,3,120.0,180.0,implements,0.09771132021720634,0.09967652050716592,0.9979687893826088,1.0,0.9991875157530435,1
v26,Java,ocr_only,3,120.0,180.0,abstract class,0.09786597557651869,0.004995674442685039,1.0,0.057133920570279176,0.43428035234216755,2
v26,Java,ocr_only,3,120.0,180.0,class,0.08295125171090419,0.001034955871944848,0.8041131868562487,0.017691653778799315,0.33226026700977906,3
v26,Java,ocr_only,3,120.0,180.0,object,0.06928984887313502,0.003880098508424032,0.6246872257002896,0.04602461228709711,0.2774896576523741,4
v26,Java,ocr_only,3,120.0,180.0,inheritance,0.0695589700043215,0.0005864854588291458,0.628221805435909,0.013225623343597502,0.2592240961805221,5
v26,Java,ocr_only,3,120.0,180.0,extends,0.0627527717942185,0.0017238360020182305,0.538830644793938,0.024551771051061332,0.23026332054821205,6
v26,Java,ocr_only,3,120.0,180.0,abstract method,0.04279435603161685,6.529177443381023e-05,0.2767010543060103,0.008035388293366854,0.11550165469842422,7
v26,Java,ocr_only,3,120.0,180.0,interface,0.03882829161152406,0.001846885835283359,0.22461160719489628,0.025777145756586867,0.10531093033191063,8
v26,Java,ocr_only,3,120.0,180.0,method,0.021726476310331026,-0.0007416068707404402,0.0,0.0,0.0,9
v26,Java,ocr_only,4,180.0,240.0,implements,0.09773242643890885,0.10369587201086353,0.9980013416360328,1.0,0.9992005366544131,1
v26,Java,ocr_only,4,180.0,240.0,abstract class,0.09788467964869374,0.008413965374239156,1.0,0.0828953874771419,0.44973723248628517,2
v26,Java,ocr_only,4,180.0,240.0,class,0.08294218471491677,0.002761410568157978,0.803846877710343,0.028488582783724025,0.3386319007543716,3
v26,Java,ocr_only,4,180.0,240.0,object,0.06928344097540773,0.005328575201351608,0.6245458143382046,0.053197980499559226,0.2817371140350174,4
v26,Java,ocr_only,4,180.0,240.0,inheritance,0.06954874478487078,0.0021298931354644494,0.6280285105554128,0.022410119717062336,0.2646574760524025,5
v26,Java,ocr_only,4,180.0,240.0,extends,0.06273901208920651,0.0026358265971748035,0.5386357862391347,0.02727981563040873,0.23182220387389912,6
v26,Java,ocr_only,4,180.0,240.0,abstract method,0.042814003293386554,0.002432553726684633,0.2770762070476924,0.025323279560677734,0.1260244505554836,7
v26,Java,ocr_only,4,180.0,240.0,interface,0.0388346181331035,0.003575359649649428,0.2248380214272844,0.03632298160449261,0.11172899753360933,8
v26,Java,ocr_only,4,180.0,240.0,method,0.021706973378428147,-0.00019838970756125632,0.0,0.0,0.0,9
v26,Java,ocr_only,5,240.0,300.0,implements,0.09772379879534493,0.10426718977258705,0.9979881641969383,1.0,0.9991952656787753,1
v26,Java,ocr_only,5,240.0,300.0,abstract class,0.09787702455085998,0.031080984645114343,1.0,0.2875683601644364,0.5725410160986618,2
v26,Java,ocr_only,5,240.0,300.0,class,0.08294580046546993,0.005355575332066095,0.8039548175334291,0.0371441783064784,0.34386843399725875,3
v26,Java,ocr_only,5,240.0,300.0,object,0.0692859890082572,0.006428855179987563,0.6246031304732541,0.04759202870021503,0.27839646940943064,4
v26,Java,ocr_only,5,240.0,300.0,abstract method,0.04280600892840707,0.027031346190707642,0.27692416612464765,0.24814712552344098,0.25965794176392365,5
v26,Java,ocr_only,5,240.0,300.0,inheritance,0.06955283964511877,0.0015398528110158035,0.6281068473484188,0.0,0.25124273893936755,6
v26,Java,ocr_only,5,240.0,300.0,extends,0.06274454494140355,0.002640988827395079,0.5387147539846836,0.010719016465803975,0.22191731147335583,7
v26,Java,ocr_only,5,240.0,300.0,interface,0.03883202610602515,0.007465021430030257,0.22474624801978185,0.057678596508648615,0.12450565711310191,8
v26,Java,ocr_only,5,240.0,300.0,method,0.021714866942441912,0.0077971759472427165,0.0,0.060911957043797246,0.036547174226278345,9
v26,Java,ocr_only,6,300.0,360.0,implements,0.0975375141604391,0.09686205114093724,0.9976975110938855,1.0,0.9990790044375542,1
v26,Java,ocr_only,6,300.0,360.0,abstract class,0.09771209682521077,0.03168528856012286,1.0,0.3318741790541427,0.5991245074324856,2
v26,Java,ocr_only,6,300.0,360.0,class,0.08302799128655418,0.001523364283689048,0.8063382172382855,0.022684835789168776,0.33614618836881544,3
v26,Java,ocr_only,6,300.0,360.0,abstract method,0.04263136190307521,0.03488327855870834,0.2735660137578867,0.36465671701055413,0.32822043570948717,4
v26,Java,ocr_only,6,300.0,360.0,object,0.06934449229250049,0.004088123306721842,0.62587296502184,0.04897613440448993,0.27973486665143,5
v26,Java,ocr_only,6,300.0,360.0,inheritance,0.06964531205540642,-0.0006895784137242721,0.6298403358243008,0.0,0.25193613432972034,6
v26,Java,ocr_only,6,300.0,360.0,extends,0.06286845004255065,0.0007323864934591284,0.5404634803199062,0.014576536688058346,0.2249313141407975,7
v26,Java,ocr_only,6,300.0,360.0,interface,0.0387762207485372,0.0043290665205464665,0.22272236469663173,0.05144603895579848,0.11995656925213179,8
v26,Java,ocr_only,6,300.0,360.0,method,0.021888641473030025,0.009323817190796033,0.0,0.10264713824087845,0.06158828294452707,9
v27,Java,ocr_only,1,0.0,60.0,object,0.1788423465505057,0.18571172757748805,0.931040184409295,1.0,0.972416073763718,1
v27,Java,ocr_only,1,0.0,60.0,class,0.1899841212086669,0.1338665866759561,1.0,0.7569034650766575,0.8541420790459945,2
v27,Java,ocr_only,1,0.0,60.0,abstract class,0.16414884449920764,0.13915612852959786,0.8400976529969439,0.7817055829529407,0.805062410970542,3
v27,Java,ocr_only,1,0.0,60.0,implements,0.16897536868584315,0.0917810308911413,0.8699704720106246,0.5595686212762966,0.6837293615700277,4
v27,Java,ocr_only,1,0.0,60.0,extends,0.17889168832663796,0.07778037336768336,0.9313455755958333,0.49392097770898047,0.6688908168637215,5
v27,Java,ocr_only,1,0.0,60.0,inheritance,0.18014598189297204,0.06266983153400486,0.9391087781093259,0.42306920073034154,0.6294850316819354,6
v27,Java,ocr_only,1,0.0,60.0,method,0.06327999761252857,0.029970283979608152,0.21578983009035246,0.2697443844446168,0.24816256270291107,7
v27,Java,ocr_only,1,0.0,60.0,interface,0.06291586610901855,-0.027558037529944162,0.21353611000506742,0.0,0.08541444400202697,8
v27,Java,ocr_only,1,0.0,60.0,abstract method,0.02841503111291299,-0.009950316495537143,0.0,0.08256079348864725,0.04953647609318835,9
v27,Java,ocr_only,2,60.0,120.0,object,0.23594566316147916,0.17321358804017487,0.9569721665170465,1.0,0.9827888666068186,1
v27,Java,ocr_only,2,60.0,120.0,implements,0.20601593107751623,0.15983508318338474,0.8238793834597702,0.9267600136822276,0.8856077615932446,2
v27,Java,ocr_only,2,60.0,120.0,class,0.24562170643532039,0.11794440439121877,1.0,0.697431491966046,0.8184588951796277,3
v27,Java,ocr_only,2,60.0,120.0,abstract class,0.19853493855099189,0.13679028749256386,0.7906125933464263,0.8006023795401018,0.7966064650626317,4
v27,Java,ocr_only,2,60.0,120.0,extends,0.23942752738052092,0.11359401966808783,0.9724554657941598,0.673615518431646,0.7931514973766516,5
v27,Java,ocr_only,2,60.0,120.0,inheritance,0.23774620655993214,0.08464880952851606,0.9649788981257106,0.5151563470010414,0.6950853674509091,6
v27,Java,ocr_only,2,60.0,120.0,method,0.08476990054322867,0.08720986307626648,0.2847174693742642,0.5291767124158749,0.4313930151992306,7
v27,Java,ocr_only,2,60.0,120.0,interface,0.0753812945602595,0.06484097645592704,0.24296782404512668,0.4067193102207439,0.341218715750497,8
v27,Java,ocr_only,2,60.0,120.0,abstract method,0.020743006054679096,-0.009453088039524236,0.0,0.0,0.0,9
v27,Java,ocr_only,3,120.0,180.0,object,0.23412172338715595,0.18910280403295704,0.9570518711934725,0.9622085431304099,0.9601458743556349,1
v27,Java,ocr_only,3,120.0,180.0,implements,0.20441037377041987,0.19704334554172356,0.8239027353836249,1.0,0.92956109415345,2
v27,Java,ocr_only,3,120.0,180.0,abstract class,0.19698063304948132,0.15411234768076285,0.7906069218630247,0.795678298231957,0.793649747684384,3
v27,Java,ocr_only,3,120.0,180.0,class,0.24370531446789495,0.12450330501850831,1.0,0.6547598410354197,0.7928559046212518,4
v27,Java,ocr_only,3,120.0,180.0,extends,0.23757683320283132,0.12599331501101416,0.9725356809839963,0.661851252660795,0.7861250239900756,5
v27,Java,ocr_only,3,120.0,180.0,inheritance,0.23590346940057205,0.10499052382543812,0.965036629374412,0.5618925689420068,0.7231501931149689,6
v27,Java,ocr_only,3,120.0,180.0,method,0.08409593212919526,0.10919571223316574,0.28472278776691995,0.5819063420787239,0.46303292035400234,7
v27,Java,ocr_only,3,120.0,180.0,interface,0.07478830667658241,0.09798490155630386,0.2430113777689354,0.5285506776445009,0.4143349576942747,8
v27,Java,ocr_only,3,120.0,180.0,abstract method,0.020561923892928033,-0.013071377904042912,0.0,0.0,0.0,9
v27,Java,ocr_only,4,180.0,240.0,implements,0.20507654029843433,0.2150915812084668,0.8239020170833896,1.0,0.9295608068333558,1
v27,Java,ocr_only,4,180.0,240.0,object,0.23488441760051246,0.1768565172195385,0.9570498903648491,0.8320160126465193,0.8820295637338512,2
v27,Java,ocr_only,4,180.0,240.0,extends,0.23835078766275306,0.1443710348417011,0.9725337101993355,0.6892925464974748,0.8025890119782191,3
v27,Java,ocr_only,4,180.0,240.0,class,0.2444996789378759,0.11837660893635196,1.0,0.5750872371037307,0.7450523422622384,4
v27,Java,ocr_only,4,180.0,240.0,abstract class,0.19762273177516335,0.14564069601334687,0.7906068333082082,0.6948707442026678,0.7331651798448839,5
v27,Java,ocr_only,4,180.0,240.0,inheritance,0.2366721260853476,0.11025018581333658,0.9650353493893474,0.5393841725156618,0.7096446432651361,6
v27,Java,ocr_only,4,180.0,240.0,interface,0.07503200211473827,0.12678454501759756,0.24301014358451686,0.6120271158691964,0.46442032695532465,7
v27,Java,ocr_only,4,180.0,240.0,method,0.08437016482325936,0.11652521575102825,0.28472249003560524,0.5669532266697532,0.454060932016094,8
v27,Java,ocr_only,4,180.0,240.0,abstract method,0.020629206451487365,-0.012519779798651558,0.0,0.0,0.0,9
v27,Java,ocr_only,5,240.0,300.0,implements,0.20777407270860607,0.2243534715422934,0.8238977972582624,1.0,0.929559118903305,1
v27,Java,ocr_only,5,240.0,300.0,object,0.23797185036446372,0.1724167505661699,0.957037074699161,0.7832747315387631,0.8527796688029223,2
v27,Java,ocr_only,5,240.0,300.0,extends,0.24148378058802036,0.16405172604654678,0.9725208582317046,0.7483685582065347,0.8380294782166027,3
v27,Java,ocr_only,5,240.0,300.0,class,0.24771641928970725,0.12105820646636126,1.0,0.5689621209500751,0.7413772725700452,4
v27,Java,ocr_only,5,240.0,300.0,inheritance,0.2397839926763995,0.12254848220517756,0.9650266466729915,0.5751808502711794,0.7311191688319043,5
v27,Java,ocr_only,5,240.0,300.0,abstract class,0.20022324377592707,0.14813990018850953,0.7906068736799272,0.6819705518253285,0.725425080567168,6
v27,Java,ocr_only,5,240.0,300.0,interface,0.076019205191118,0.1385861152475448,0.24300247242640335,0.6421038338801702,0.48246328929866344,7
v27,Java,ocr_only,5,240.0,300.0,method,0.08548151694924525,0.11882386332163303,0.28472095134080144,0.5596384938751513,0.4496714768614114,8
v27,Java,ocr_only,5,240.0,300.0,abstract method,0.020902978235374958,-0.015289655190816749,0.0,0.0,0.0,9
v27,Java,ocr_only,6,300.0,360.0,extends,0.24138707401436466,0.09961340608042728,0.972485994799125,1.0,0.98899439791965,1
v27,Java,ocr_only,6,300.0,360.0,class,0.247625076808348,0.05414395817202176,1.0,0.5570523596799424,0.7342314158079655,2
v27,Java,ocr_only,6,300.0,360.0,object,0.2378766503578766,0.05393216767321252,0.9570025431349088,0.5549891698677692,0.7157945191746251,3
v27,Java,ocr_only,6,300.0,360.0,implements,0.2076968059060291,0.06284333711174975,0.8238880793179587,0.6417987014733333,0.7146344526111834,4
v27,Java,ocr_only,6,300.0,360.0,inheritance,0.2396901583047882,0.03881974799733357,0.9650013960901015,0.40776920255166005,0.6306620799670366,5
v27,Java,ocr_only,6,300.0,360.0,abstract class,0.20015191548817665,0.04901038008889925,0.7906097751791648,0.5070428169448188,0.6204696002385572,6
v27,Java,ocr_only,6,300.0,360.0,method,0.08545575681949057,0.0322682206653821,0.28471857725049715,0.3439464884948262,0.32025532399709455,7
v27,Java,ocr_only,6,300.0,360.0,interface,0.0759935836233878,0.024297034024540157,0.2429836997380575,0.2662939443024214,0.25696984647667587,8
v27,Java,ocr_only,6,300.0,360.0,abstract method,0.020904076051069278,-0.0030385639708207014,0.0,0.0,0.0,9
v27,Java,ocr_only,7,360.0,420.0,extends,0.24136632822546342,0.09127406182165669,0.9724785195682635,1.0,0.9889914078273054,1
v27,Java,ocr_only,7,360.0,420.0,class,0.2476054813329994,0.0299761972847839,1.0,0.3781374444011439,0.6268824666406864,2
v27,Java,ocr_only,7,360.0,420.0,implements,0.2076801692487514,0.041335928392769214,0.8238857620066395,0.4933811232976284,0.6255829787812328,3
v27,Java,ocr_only,7,360.0,420.0,inheritance,0.2396700231790702,0.024078746190470488,0.9649959613851379,0.31830821483927335,0.5769833134576192,4
v27,Java,ocr_only,7,360.0,420.0,object,0.23785621198572698,0.024235411764525542,0.956995072738221,0.3198975761488771,0.5747365747846147,5
v27,Java,ocr_only,7,360.0,420.0,abstract class,0.20013656483439934,0.021982502064836304,0.7906102264177488,0.29704196455510856,0.49446926930016466,6
v27,Java,ocr_only,7,360.0,420.0,interface,0.07598806314699459,0.018994728276848685,0.24297972257702877,0.2667312080974898,0.2572306138893054,7
v27,Java,ocr_only,7,360.0,420.0,method,0.0854502551576228,0.014775514697272236,0.2847183252004036,0.22392758093957277,0.2482438786439051,8
v27,Java,ocr_only,7,360.0,420.0,abstract method,0.0209042643322866,-0.007297341111331785,0.0,0.0,0.0,9
v27,Java,ocr_only,8,420.0,480.0,extends,0.24127977823065067,0.09604869273089998,0.9724472110021031,1.0,0.9889788844008413,1
v27,Java,ocr_only,8,420.0,480.0,class,0.2475237522643691,0.028710746876607872,1.0,0.3560752270100524,0.6136451362060314,2
v27,Java,ocr_only,8,420.0,480.0,implements,0.20761090890159115,0.03755687263567039,0.8238765655426933,0.44066704888668873,0.5939508555490906,3
v27,Java,ocr_only,8,420.0,480.0,inheritance,0.2395860403434108,0.025872660660119253,0.9649732525306466,0.32893578877068635,0.5833507742746704,4
v27,Java,ocr_only,8,420.0,480.0,object,0.2377709747709054,0.01792098025296432,0.9569639112895514,0.252897175829548,0.5345238700135494,5
v27,Java,ocr_only,8,420.0,480.0,abstract class,0.20007266187920605,0.018768163637217367,0.7906125371370352,0.2609984382227671,0.47284407778847437,6
v27,Java,ocr_only,8,420.0,480.0,interface,0.0759650923785281,0.020227428616427436,0.24296297020608232,0.27495278236779463,0.2621568575031097,7
v27,Java,ocr_only,8,420.0,480.0,method,0.08542726015223655,0.010336353267278478,0.2847166851837263,0.18036854211477474,0.22210779934235536,8
v27,Java,ocr_only,8,420.0,480.0,abstract method,0.02090516805516194,-0.008525550532984101,0.0,0.0,0.0,9
v27,Java,ocr_only,9,480.0,540.0,extends,0.2412570103379648,0.1040620125879775,0.9724390065227938,1.0,0.9889756026091175,1
v27,Java,ocr_only,9,480.0,540.0,implements,0.20759268529707964,0.05136709962398264,0.8238741602836792,0.5068975055209279,0.6336881674260284,2
v27,Java,ocr_only,9,480.0,540.0,inheritance,0.23956394581837817,0.0340017227626585,0.9649673025833919,0.3443977466971697,0.5926255690516586,3
v27,Java,ocr_only,9,480.0,540.0,class,0.24750224443172247,0.031146439805029534,1.0,0.31767890289127065,0.5906073417347624,4
v27,Java,ocr_only,9,480.0,540.0,object,0.23774855320148713,0.02125137836858239,0.9569557495620707,0.22508401653725674,0.5178327097471823,5
v27,Java,ocr_only,9,480.0,540.0,abstract class,0.20005584279386937,0.025600810003841127,0.7906131385267311,0.2657846357863616,0.4757160368825094,6
v27,Java,ocr_only,9,480.0,540.0,interface,0.07595904777369493,0.03303291878955598,0.24295857398256776,0.3353319824909644,0.29838261908760577,7
v27,Java,ocr_only,9,480.0,540.0,method,0.08542120641815854,0.018239623710096145,0.28471625492218483,0.1969009595527378,0.23202707770051662,8
v27,Java,ocr_only,9,480.0,540.0,abstract method,0.020905402089203887,-0.0028020036236283746,0.0,0.0,0.0,9
v28,Java,ocr_only,1,0.0,60.0,class,0.24743735606843717,0.12931433544470344,1.0,0.8986241291084889,0.9391744774650933,1
v28,Java,ocr_only,1,0.0,60.0,implements,0.20753775903766036,0.14341717292775394,0.8238669994639208,1.0,0.9295467997855683,2
v28,Java,ocr_only,1,0.0,60.0,object,0.23768082232413482,0.12537246207862418,0.9569307037890648,0.8702886366297157,0.9049454634934553,3
v28,Java,ocr_only,1,0.0,60.0,abstract class,0.20000521158890158,0.13966618655710586,0.7906152805854848,0.9730366665230559,0.9000681121480275,4
v28,Java,ocr_only,1,0.0,60.0,inheritance,0.23949723847633067,0.11302271095685151,0.9649491012395872,0.7815145316478072,0.8548883594845191,5
v28,Java,ocr_only,1,0.0,60.0,extends,0.24118822729202682,0.10429307293694737,0.9724138115661545,0.7187629997026197,0.8202233244480337,6
v28,Java,ocr_only,1,0.0,60.0,method,0.08540299651250728,0.04604231551512825,0.2847146321674968,0.300037245341183,0.2939082000717085,7
v28,Java,ocr_only,1,0.0,60.0,interface,0.07594087677779233,0.044970604707669164,0.24294499877943387,0.2923334327871076,0.2725780591840381,8
v28,Java,ocr_only,1,0.0,60.0,abstract method,0.020906286312410604,0.004302831822434502,0.0,0.0,0.0,9
v28,Java,ocr_only,2,60.0,120.0,class,0.22203976348726165,0.004112905036193795,1.0,1.0,1.0,1
v28,Java,ocr_only,2,60.0,120.0,inheritance,0.21340446046328126,0.0035350669920085082,0.9570043919476081,0.9714378528643209,0.9656644684976358,2
v28,Java,ocr_only,2,60.0,120.0,extends,0.21429749840472045,0.0013350592181370405,0.9614508727716632,0.8626929435090517,0.9021961152140963,3
v28,Java,ocr_only,2,60.0,120.0,implements,0.1860231637793496,-0.000545748586083345,0.820671538668543,0.7697258746587861,0.7901041402626889,4
v28,Java,ocr_only,2,60.0,120.0,object,0.2112003572747623,-0.004464191958242679,0.9460300513208322,0.5760398457365463,0.7240359279702606,5
v28,Java,ocr_only,2,60.0,120.0,interface,0.06880959057374968,0.0038270872541053768,0.23705926264614088,0.9858722186464669,0.6863470362463365,6
v28,Java,ocr_only,2,60.0,120.0,method,0.0782614775638095,0.0014035568289903564,0.2841206833341658,0.8660787344920483,0.6332955140288953,7
v28,Java,ocr_only,2,60.0,120.0,abstract class,0.18015088901568083,-0.007658968349855244,0.7914331872854464,0.41812419050915745,0.567447789219673,8
v28,Java,ocr_only,2,60.0,120.0,abstract method,0.021198249315444173,-0.016117998524395456,0.0,0.0,0.0,9
v28,Java,ocr_only,3,120.0,180.0,class,0.2169308262969595,0.007872045148672622,1.0,1.0,1.0,1
v28,Java,ocr_only,3,120.0,180.0,inheritance,0.20815203487611827,0.0034250568813337743,0.9551375488017492,0.8252491721999999,0.8772045228406997,2
v28,Java,ocr_only,3,120.0,180.0,extends,0.20888506038037694,-0.0025934505434845635,0.9588835451850106,0.5887432289907477,0.7367993554684529,3
v28,Java,ocr_only,3,120.0,180.0,implements,0.181696060467072,-0.0011585154111866149,0.819938999943383,0.6451310778299412,0.715054246675318,4
v28,Java,ocr_only,3,120.0,180.0,interface,0.06736994206923354,0.006873567589734751,0.2356957184442782,0.9607633819846952,0.6707363165685284,5
v28,Java,ocr_only,3,120.0,180.0,method,0.07681402515241198,0.005293364355642688,0.28395802428121525,0.8986670132404905,0.6527834176567804,6
v28,Java,ocr_only,3,120.0,180.0,object,0.2058707773970225,-0.009666267001575931,0.9434795884493011,0.3108066893316127,0.5638758489786881,7
v28,Java,ocr_only,3,120.0,180.0,abstract class,0.17615864717536958,-0.011598541794633833,0.7916410348073415,0.2348751600977819,0.45758150998160574,8
v28,Java,ocr_only,3,120.0,180.0,abstract method,0.02124844188940573,-0.01757554971152662,0.0,0.0,0.0,9
v28,Java,ocr_only,4,180.0,240.0,abstract class,0.19692898984474583,0.3352473870013723,0.793834426307029,1.0,0.9175337705228116,1
v28,Java,ocr_only,4,180.0,240.0,object,0.23259675973874064,0.2652345896418272,0.9553023333803095,0.6842395343383364,0.7926646539551256,2
v28,Java,ocr_only,4,180.0,240.0,class,0.24247033843736143,0.20582445914389644,1.0,0.41629751261465636,0.6497785075687939,3
v28,Java,ocr_only,4,180.0,240.0,implements,0.20423036046297666,0.16031391440522894,0.8268877132379444,0.21104316853525276,0.4573809864163294,4
v28,Java,ocr_only,4,180.0,240.0,extends,0.23579855901654817,0.1370503979041884,0.9697968708799292,0.10612379550158996,0.4515930256529257,5
v28,Java,ocr_only,4,180.0,240.0,inheritance,0.23436518446421678,0.12637610014213008,0.9633079877872966,0.05798229338948676,0.4201125711486107,6
v28,Java,ocr_only,4,180.0,240.0,abstract method,0.02157337791747664,0.21534110138256404,0.0,0.45921794285236434,0.2755307657114186,7
v28,Java,ocr_only,4,180.0,240.0,method,0.0834747738724018,0.17085278269094692,0.2802274680884661,0.25857387839042134,0.26723531426963926,8
v28,Java,ocr_only,4,180.0,240.0,interface,0.07482293531092421,0.1135198277490257,0.24106061608146995,0.0,0.09642424643258798,9
v28,Java,ocr_only,5,240.0,300.0,abstract class,0.19687442204563052,0.1785061634771412,0.7899406981287448,1.0,0.9159762792514979,1
v28,Java,ocr_only,5,240.0,300.0,object,0.23382456522244122,0.13944937131858082,0.9561648458424938,0.7360034637873414,0.8240680166094023,2
v28,Java,ocr_only,5,240.0,300.0,class,0.2435687284175908,0.12163771993203955,1.0,0.6156091863673083,0.769365511820385,3
v28,Java,ocr_only,5,240.0,300.0,extends,0.23726647737243442,0.10630839900372259,0.971648653602061,0.5119937227332602,0.6958556950807805,4
v28,Java,ocr_only,5,240.0,300.0,inheritance,0.2356972269673456,0.07645028111559003,0.9645892138080888,0.3101737763255889,0.5719399513185889,5
v28,Java,ocr_only,5,240.0,300.0,implements,0.20424998818836895,0.0839502040064492,0.823120466610738,0.3608679976280132,0.5457689852211032,6
v28,Java,ocr_only,5,240.0,300.0,method,0.08475475973400229,0.06580796712100248,0.28555847637324105,0.23823919397554236,0.25716690693462185,7
v28,Java,ocr_only,5,240.0,300.0,abstract method,0.021277661295130736,0.09344284116185786,0.0,0.42503157046773,0.255018942280638,8
v28,Java,ocr_only,5,240.0,300.0,interface,0.07506532971185842,0.030561827847302613,0.24196954521387076,0.0,0.09678781808554832,9
v28,Java,ocr_only,6,300.0,360.0,extends,0.24026992213265078,0.05206692052158712,0.972266447168709,0.9873175038700243,0.9812970811894981,1
v28,Java,ocr_only,6,300.0,360.0,abstract class,0.19926183822113377,0.05281909387518162,0.7904262393341597,1.0,0.9161704957336638,2
v28,Java,ocr_only,6,300.0,360.0,implements,0.20676133849062517,0.048369432669246155,0.8236809188408161,0.9249736636450924,0.8844565657233818,3
v28,Java,ocr_only,6,300.0,360.0,class,0.24652431369551603,0.03382963621833654,1.0,0.6798161991615683,0.807889719496941,4
v28,Java,ocr_only,6,300.0,360.0,object,0.23677809193672092,0.022355748320616407,0.9567827896069249,0.48635343135251274,0.6745251746542775,5
v28,Java,ocr_only,6,300.0,360.0,inheritance,0.23860762604768332,0.011317617452280044,0.9648954062240687,0.30023802145285294,0.5661009753613393,6
v28,Java,ocr_only,6,300.0,360.0,abstract method,0.0210071720255673,0.01641352141060052,0.0,0.3861607438163593,0.23169644628981556,7
v28,Java,ocr_only,6,300.0,360.0,method,0.08526797483114176,-0.005796230838046007,0.2849486399558137,0.011679122531709678,0.1209869295013513,8
v28,Java,ocr_only,6,300.0,360.0,interface,0.07574282622052575,-0.006488896120312798,0.24271172377249156,0.0,0.09708468950899662,9
v28,Java,ocr_only,7,360.0,420.0,extends,0.2411656979690505,0.07202200063280709,0.9724056631041516,0.9015826611896468,0.9299118619554487,1
v28,Java,ocr_only,7,360.0,420.0,abstract class,0.19998867079570487,0.08188404551633673,0.7906162999903797,1.0,0.9162465199961519,2
v28,Java,ocr_only,7,360.0,420.0,object,0.23765867163802243,0.06727788263269913,0.9569227560827941,0.8542391868811204,0.8953126145617899,3
v28,Java,ocr_only,7,360.0,420.0,class,0.24741607885343528,0.0565052139173745,1.0,0.7467343641624125,0.8480406184974475,4
v28,Java,ocr_only,7,360.0,420.0,implements,0.20751986048812676,0.043942761402085466,0.8238651834493733,0.6213685642611168,0.7023672119364194,5
v28,Java,ocr_only,7,360.0,420.0,inheritance,0.23947537531229315,0.026417499391534156,0.964943184622276,0.4464768790779385,0.6538634012956736,6
v28,Java,ocr_only,7,360.0,420.0,abstract method,0.020906526985017042,0.026569372137273558,0.0,0.4479924786974916,0.26879548721849494,7
v28,Java,ocr_only,7,360.0,420.0,method,0.08539686497817388,-0.00021426028992300517,0.28471354722656445,0.1807077666230575,0.22231007886446028,8
v28,Java,ocr_only,7,360.0,420.0,interface,0.07593490067985606,-0.01832233074560898,0.24294063204365693,0.0,0.09717625281746278,9
v28,Java,ocr_only,8,420.0,480.0,extends,0.24120185535812344,0.08735917527745861,0.9724187463509522,0.9915015927799896,0.9838684542083747,1
v28,Java,ocr_only,8,420.0,480.0,abstract class,0.20001516540037362,0.08829241588514831,0.7906145558079901,1.0,0.9162458223231961,2
v28,Java,ocr_only,8,420.0,480.0,class,0.24745022916786213,0.06271405655901377,1.0,0.767074737444861,0.8602448424669166,3
v28,Java,ocr_only,8,420.0,480.0,object,0.23769421736001725,0.05969263815447616,0.9569355092270755,0.7395606711127491,0.8265106063584797,4
v28,Java,ocr_only,8,420.0,480.0,inheritance,0.23951044236182212,0.04127218442503343,0.9649525971900982,0.5718177378538769,0.7290716815883654,5
v28,Java,ocr_only,8,420.0,480.0,implements,0.20754854600266734,0.040240710397248525,0.8238680210380688,0.5624247836116897,0.6670020785822414,6
v28,Java,ocr_only,8,420.0,480.0,abstract method,0.020906001365714678,0.02061742560919273,0.0,0.3837284605530791,0.23023707633184742,7
v28,Java,ocr_only,8,420.0,480.0,method,0.085406624667322,-0.0020840530559616964,0.28471536850605167,0.1770010543480901,0.22008678001127474,8
v28,Java,ocr_only,8,420.0,480.0,interface,0.07594442131330939,-0.021521174300585692,0.24294779205613906,0.0,0.09717911682245563,9
v28,Java,ocr_only,9,480.0,540.0,extends,0.2402671918182214,0.08644517016169408,0.9710510427876614,1.0,0.9884204171150646,1
v28,Java,ocr_only,9,480.0,540.0,abstract class,0.19955478025321866,0.06854434910020497,0.7907604795508385,0.8092200874132236,0.8018362442682696,2
v28,Java,ocr_only,9,480.0,540.0,class,0.24680431633126784,0.04958416985848967,1.0,0.6071499518625163,0.7642899711175097,3
v28,Java,ocr_only,9,480.0,540.0,implements,0.20683771843719492,0.05795221483168914,0.8230121928916608,0.6963332850194371,0.7470048481683267,4
v28,Java,ocr_only,9,480.0,540.0,object,0.23671180920488294,0.03631787507394437,0.9553064108869509,0.46576299812155636,0.6615803632277142,5
v28,Java,ocr_only,9,480.0,540.0,inheritance,0.2386664441384967,0.02993642858020715,0.9639623027773375,0.39775205046332074,0.6242361513889274,6
v28,Java,ocr_only,9,480.0,540.0,method,0.08533319929371122,-0.007049422450222989,0.2849424163759172,0.003571392364165246,0.11611980196886604,7
v28,Java,ocr_only,9,480.0,540.0,interface,0.07573399837783275,-0.007384525107439123,0.2424333810910888,0.0,0.09697335243643553,8
v28,Java,ocr_only,9,480.0,540.0,abstract method,0.020988772610743424,0.007737103387101443,0.0,0.1611603709376542,0.09669622256259251,9
v28,Java,ocr_only,10,540.0,600.0,extends,0.24121422401052575,0.10528447799889955,0.9724235752166208,1.0,0.9889694300866483,1
v28,Java,ocr_only,10,540.0,600.0,implements,0.2075584356495683,0.07176591983172965,0.8238696204642548,0.7126220941045895,0.7571211046484556,2
v28,Java,ocr_only,10,540.0,600.0,class,0.247461828241651,0.04877673127648927,1.0,0.5155197953633923,0.7093118772180353,3
v28,Java,ocr_only,10,540.0,600.0,abstract class,0.20002424174570488,0.06379632451443891,0.7906142918923516,0.6442932118867343,0.7028216438889812,4
v28,Java,ocr_only,10,540.0,600.0,inheritance,0.23952242677130842,0.04254529198335361,0.9649561176776847,0.46209333334660724,0.6632384470790382,5
v28,Java,ocr_only,10,540.0,600.0,object,0.23770641380609908,0.03664265500843819,0.9569403818711103,0.4114859222326811,0.6296677060880528,6
v28,Java,ocr_only,10,540.0,600.0,interface,0.07594768643783543,0.00795854767122248,0.24295031250933188,0.16555712487999255,0.19651439993172828,7
v28,Java,ocr_only,10,540.0,600.0,method,0.08540982782643916,-0.007595060101609604,0.2847154468935778,0.03220523042848777,0.1332093170145238,8
v28,Java,ocr_only,10,540.0,600.0,abstract method,0.020905837746073696,-0.011351343612831393,0.0,0.0,0.0,9
v28,Java,ocr_only,11,600.0,660.0,implements,0.20609174009109713,0.11112931760646849,0.821954417398423,1.0,0.9287817669593692,1
v28,Java,ocr_only,11,600.0,660.0,class,0.2461652691765103,0.09019939232135604,1.0,0.8147746675967606,0.8888648005580564,2
v28,Java,ocr_only,11,600.0,660.0,abstract class,0.19911110335797183,0.09912377295359157,0.7909396412495544,0.893753514705912,0.852627965323369,3
v28,Java,ocr_only,11,600.0,660.0,object,0.23565900392473974,0.07405501022959379,0.9533209537465196,0.6719003620913027,0.7844685987533895,4
v28,Java,ocr_only,11,600.0,660.0,extends,0.23927683467384284,0.07168635851069047,0.9693948758137535,0.6509383043675016,0.7783209329460024,5
v28,Java,ocr_only,11,600.0,660.0,inheritance,0.23778425849933127,0.06791092792606504,0.9627634011063043,0.6175265565721083,0.7556212943857867,6
v28,Java,ocr_only,11,600.0,660.0,method,0.08528903567124191,0.02607989140369044,0.28523133911809473,0.247330889885224,0.2624910695783723,7
v28,Java,ocr_only,11,600.0,660.0,interface,0.07551837849118037,0.02776337901061482,0.24182057920432504,0.2622293927389874,0.25406586732512243,8
v28,Java,ocr_only,11,600.0,660.0,abstract method,0.021090720850938834,-0.001867781729531491,0.0,0.0,0.0,9
v28,Java,ocr_only,12,660.0,720.0,implements,0.20458522389099196,0.0915666600566931,0.8201555562954828,1.0,0.9280622225181931,1
v28,Java,ocr_only,12,660.0,720.0,class,0.24478453464679079,0.0700254381849632,1.0,0.7831269304785811,0.8698761582871486,2
v28,Java,ocr_only,12,660.0,720.0,abstract class,0.1981235501404935,0.07468564545958793,0.791247196942808,0.830045042286356,0.8145259041489368,3
v28,Java,ocr_only,12,660.0,720.0,object,0.2335833228912883,0.05303079298608764,0.9498878050615768,0.6120279607147269,0.7471718984534668,4
v28,Java,ocr_only,12,660.0,720.0,extends,0.23729861925929896,0.04657535591004916,0.9665093688630384,0.547035804646729,0.7148252303332527,5
v28,Java,ocr_only,12,660.0,720.0,inheritance,0.23599433247599108,0.04426827149503234,0.9606742257582198,0.5238085020494532,0.6985547915329599,6
v28,Java,ocr_only,12,660.0,720.0,interface,0.07507093176741647,0.022730949661858884,0.24073204427945155,0.30697469740065964,0.2804776361521764,7
v28,Java,ocr_only,12,660.0,720.0,method,0.0851235808847793,0.018662814092744735,0.28570577776586537,0.26601745489340356,0.27389278404238826,8
v28,Java,ocr_only,12,660.0,720.0,abstract method,0.021261861787094754,-0.0077597427985144785,0.0,0.0,0.0,9
v28,Java,ocr_only,13,720.0,780.0,implements,0.20793894974742594,0.07370244298239988,0.8239194699196251,1.0,0.92956778796785,1
v28,Java,ocr_only,13,720.0,780.0,class,0.2479110326852025,0.0548976581944296,1.0,0.8158718443597389,0.8895231066158433,2
v28,Java,ocr_only,13,720.0,780.0,extends,0.24168988162957528,0.03834382831694154,0.9725952841314238,0.6537840460418131,0.7813085412776575,3
v28,Java,ocr_only,13,720.0,780.0,inheritance,0.23998397522234793,0.030922287224914736,0.9650806168342583,0.5811155901838397,0.7347016008440072,4
v28,Java,ocr_only,13,720.0,780.0,object,0.238174814115907,0.030285045282214887,0.9571111035337178,0.5748759982433354,0.7277700403594883,5
v28,Java,ocr_only,13,720.0,780.0,abstract class,0.20037536734825484,0.03731881473283008,0.7906012262787866,0.6437475652803106,0.7024890296797011,6
v28,Java,ocr_only,13,720.0,780.0,interface,0.0760738895219572,0.02842913778765795,0.24304231774005847,0.5567037709158354,0.43123918964552466,7
v28,Java,ocr_only,13,720.0,780.0,method,0.08553630076480376,0.025127688309648597,0.28472506892599403,0.5243774342850519,0.42851648814142873,8
v28,Java,ocr_only,13,720.0,780.0,abstract method,0.020900795269795824,-0.028426341844565814,0.0,0.0,0.0,9
v28,Java,ocr_only,14,780.0,840.0,extends,0.24156051255982205,0.08581337845864881,0.9725487002906406,1.0,0.9890194801162562,1
v28,Java,ocr_only,14,780.0,840.0,class,0.24778884748907629,0.0536693882894112,1.0,0.7525480235844162,0.8515288141506497,2
v28,Java,ocr_only,14,780.0,840.0,implements,0.2078354274337203,0.06703237369251018,0.8239058559291648,0.8554194198049766,0.8428139942546519,3
v28,Java,ocr_only,14,780.0,840.0,inheritance,0.23985843884633468,0.036122713782449405,0.9650468340347167,0.6174696072643425,0.7565004979724923,4
v28,Java,ocr_only,14,780.0,840.0,object,0.23804741360366033,0.024366137916296576,0.9570647654268838,0.5269647284785277,0.6990047432578701,5
v28,Java,ocr_only,14,780.0,840.0,abstract class,0.20027983699213264,0.02410808716151585,0.7906046959804609,0.5249781932366419,0.6312287943341695,6
v28,Java,ocr_only,14,780.0,840.0,interface,0.07603955269819088,0.029941549067507574,0.2430173682486505,0.5698855513581026,0.43913827811432177,7
v28,Java,ocr_only,14,780.0,840.0,method,0.0855019069966068,0.01776620435565978,0.2847225634175724,0.4761568917665165,0.39958316042693887,8
v28,Java,ocr_only,14,780.0,840.0,abstract method,0.020902142844971713,-0.04408653438445295,0.0,0.0,0.0,9
v28,Java,ocr_only,15,840.0,900.0,extends,0.24077128898095,0.09648225493632223,0.9722624519984602,1.0,0.988904980799384,1
v28,Java,ocr_only,15,840.0,900.0,class,0.24704366573538208,0.049539300888139966,1.0,0.6810250079847276,0.8086150047908366,2
v28,Java,ocr_only,15,840.0,900.0,implements,0.20720404219679542,0.05775358853857937,0.8238222106980443,0.7368406759765787,0.7716332898651649,3
v28,Java,ocr_only,15,840.0,900.0,inheritance,0.2390926674450113,0.0400802343876414,0.9648392937201221,0.6167511308364853,0.75598639598994,4
v28,Java,ocr_only,15,840.0,900.0,object,0.23727018388251375,0.026949538584421735,0.9567799523769744,0.527528718785296,0.6992292122219673,5
v28,Java,ocr_only,15,840.0,900.0,abstract class,0.19969733509238538,0.015337638692958967,0.7906262378166409,0.44862644792778267,0.5854263638833259,6
v28,Java,ocr_only,15,840.0,900.0,interface,0.07583019932646808,0.027994754490576,0.24286408024333428,0.5346309078588168,0.41792417681262384,7
v28,Java,ocr_only,15,840.0,900.0,method,0.08529227891796529,0.015245666735824875,0.28470705255492124,0.44800150314347353,0.38268372290805264,8
v28,Java,ocr_only,15,840.0,900.0,abstract method,0.0209106004015647,-0.0506858780624386,0.0,0.0,0.0,9
v29,Java,ocr_only,1,0.0,60.0,implements,0.11496083675570651,0.11268035022695101,0.8604072187096066,0.969025960756188,0.9255784639375555,1
v29,Java,ocr_only,1,0.0,60.0,abstract class,0.12174270272203944,0.08654987781443084,0.9344759724840228,0.6716833063938424,0.7768003728299147,2
v29,Java,ocr_only,1,0.0,60.0,interface,0.04623878876873482,0.11540234879019261,0.10985324484908345,1.0,0.6439412979396334,3
v29,Java,ocr_only,1,0.0,60.0,class,0.12774219845462673,0.049511036370741376,1.0,0.2502126473293018,0.5501275883975811,4
v29,Java,ocr_only,1,0.0,60.0,extends,0.10260225363455946,0.05398737220465122,0.725431851348305,0.30114955951594474,0.4708624762488889,5
v29,Java,ocr_only,1,0.0,60.0,inheritance,0.10918414309036965,0.03252260367721043,0.7973165438345585,0.05689866544621048,0.35306581680154975,6
v29,Java,ocr_only,1,0.0,60.0,method,0.04771465592841901,0.06526608207188447,0.1259720596114318,0.42949172940718056,0.30808386148888106,7
v29,Java,ocr_only,1,0.0,60.0,abstract method,0.0361804315726324,0.07135750891110533,0.0,0.498807009920828,0.2992842059524968,8
v29,Java,ocr_only,1,0.0,60.0,object,0.10256402676783187,0.027522348967909296,0.725014353215303,0.0,0.2900057412861212,9
v29,Java,ocr_only,2,60.0,120.0,abstract class,0.12515508050707957,0.22402858730884354,0.9014655204210433,1.0,0.9605862081684173,1
v29,Java,ocr_only,2,60.0,120.0,class,0.13499014504698797,0.10033920823795213,1.0,0.2184030013830438,0.5310418008298263,2
v29,Java,ocr_only,2,60.0,120.0,implements,0.11095208249750464,0.11469397397922793,0.7591700619971926,0.3091112085347689,0.4891347499197384,3
v29,Java,ocr_only,2,60.0,120.0,extends,0.10187278666152494,0.08748191654152931,0.6682073960673989,0.13715737887484797,0.3495773857518683,4
v29,Java,ocr_only,2,60.0,120.0,abstract method,0.035176713424532796,0.15305916120177068,0.0,0.5515420090591272,0.3309252054354763,5
v29,Java,ocr_only,2,60.0,120.0,inheritance,0.11018349676630824,0.06577647107789457,0.7514698385031886,0.0,0.3005879354012755,6
v29,Java,ocr_only,2,60.0,120.0,object,0.09856636328798708,0.06737719422010692,0.6350813596232816,0.010115018872014945,0.26010155517252165,7
v29,Java,ocr_only,2,60.0,120.0,method,0.05543455904187299,0.09206857675051021,0.20295710996056726,0.16614062610224833,0.1808672196455759,8
v29,Java,ocr_only,2,60.0,120.0,interface,0.04554397942861097,0.07114486842103646,0.10386644197639064,0.0339230682723218,0.06190041775394934,9
v29,Java,ocr_only,3,120.0,180.0,abstract class,0.13614751896939375,0.2289467919477066,0.8400921508920807,1.0,0.9360368603568323,1
v29,Java,ocr_only,3,120.0,180.0,implements,0.11628608918589117,0.16113856648180963,0.6797147203326245,0.6062437737973827,0.6356321524114794,2
v29,Java,ocr_only,3,120.0,180.0,class,0.15595079494038794,0.12173978205850983,1.0,0.3774585996551798,0.6264751597931079,3
v29,Java,ocr_only,3,120.0,180.0,extends,0.11762970409656202,0.13917057333692281,0.6905641661874115,0.47867762649677253,0.5634322423730281,4
v29,Java,ocr_only,3,120.0,180.0,object,0.11035863809826536,0.14226638000824035,0.6318516316445232,0.4966546955555101,0.5507334699911153,5
v29,Java,ocr_only,3,120.0,180.0,inheritance,0.12654651207549955,0.10950722840105824,0.7625657676855019,0.30642526805145553,0.48888146790507403,6
v29,Java,ocr_only,3,120.0,180.0,method,0.06901133944235303,0.06380405367004265,0.29797972054385813,0.041031070165916256,0.143810530317093,7
v29,Java,ocr_only,3,120.0,180.0,interface,0.048249230408830245,0.05692907222169258,0.13032946897146355,0.0011086753278917408,0.05279699278532047,8
v29,Java,ocr_only,3,120.0,180.0,abstract method,0.032108994294134136,0.05673814874772705,0.0,0.0,0.0,9
v29,Java,ocr_only,4,180.0,240.0,abstract class,0.1362126734971075,0.25570957678524686,0.839799956576314,1.0,0.9359199826305256,1
v29,Java,ocr_only,4,180.0,240.0,class,0.15607492509218485,0.14685178729010664,1.0,0.46144416508553504,0.676866499051321,2
v29,Java,ocr_only,4,180.0,240.0,implements,0.11631771343443334,0.17230095964886158,0.6793361012728798,0.5873497188462354,0.6241442718168931,3
v29,Java,ocr_only,4,180.0,240.0,extends,0.11772297503934885,0.15780406872847377,0.690670313260452,0.5156287585961477,0.5856453804618694,4
v29,Java,ocr_only,4,180.0,240.0,object,0.11042843732032313,0.15604525576629508,0.6318358324993052,0.5069273235615256,0.5568907271366375,5
v29,Java,ocr_only,4,180.0,240.0,inheritance,0.12664338689506463,0.1240248322085744,0.7626183680820418,0.3485115958178262,0.5141543047235124,6
v29,Java,ocr_only,4,180.0,240.0,method,0.06909171255204058,0.061922110893674234,0.29843228702649244,0.0412686958533774,0.1441341323226234,7
v29,Java,ocr_only,4,180.0,240.0,interface,0.048265259778054584,0.05358050782356838,0.1304554278681484,0.0,0.052182171147259364,8
v29,Java,ocr_only,4,180.0,240.0,abstract method,0.03209086634541509,0.056868895331393575,0.0,0.016268751074337746,0.009761250644602646,9
v29,Java,ocr_only,5,240.0,300.0,abstract class,0.13836308716691353,0.27609392577343544,0.8305096890469275,1.0,0.9322038756187709,1
v29,Java,ocr_only,5,240.0,300.0,class,0.16017335061085797,0.11997629301139376,1.0,0.2872873967048239,0.5723724380228944,2
v29,Java,ocr_only,5,240.0,300.0,implements,0.11736168891053494,0.15620204580573283,0.6673051715924987,0.4526662211437914,0.5385218013232743,3
v29,Java,ocr_only,5,240.0,300.0,extends,0.12080355663256687,0.1356656378607856,0.6940523602253119,0.35891283461195433,0.4929686448572974,4
v29,Java,ocr_only,5,240.0,300.0,object,0.11273405427021072,0.13532165208720268,0.631343238524536,0.357342461093926,0.46694277206616996,5
v29,Java,ocr_only,5,240.0,300.0,inheritance,0.12984266416488396,0.09826220700780357,0.7642964061227058,0.18815764121216366,0.41861314717638054,6
v29,Java,ocr_only,5,240.0,300.0,abstract method,0.031491874240311094,0.10686401637214181,0.0,0.22742686299475864,0.13645611779685518,7
v29,Java,ocr_only,5,240.0,300.0,method,0.07174578015001862,0.058977608054192096,0.3128181852203321,0.008814486346937284,0.13041596589629523,8
v29,Java,ocr_only,5,240.0,300.0,interface,0.04879454723371624,0.057046820333959705,0.13446125644052254,0.0,0.053784502576209016,9
v29,Java,ocr_only,6,300.0,360.0,abstract class,0.14103149887885505,0.24641377807920833,0.8198058823665341,1.0,0.9279223529466136,1
v29,Java,ocr_only,6,300.0,360.0,class,0.16527357431311746,0.09858776265300913,1.0,0.2036723552138618,0.5222034131283171,2
v29,Java,ocr_only,6,300.0,360.0,implements,0.11865323083607844,0.1394920789684255,0.6534656581118853,0.4240208356834894,0.5157987646548478,3
v29,Java,ocr_only,6,300.0,360.0,extends,0.1246394001375544,0.1190236631107769,0.697961538764062,0.3137590164398938,0.4674400253695611,4
v29,Java,ocr_only,6,300.0,360.0,object,0.11560367231585016,0.1166499230245901,0.6307979410587694,0.30097185684070077,0.4329022905279282,5
v29,Java,ocr_only,6,300.0,360.0,inheritance,0.13382497477967975,0.0834180919154043,0.7662389650134155,0.12195447804704536,0.3796682728335934,6
v29,Java,ocr_only,6,300.0,360.0,method,0.07505298702591287,0.06077911325993113,0.32938006225267874,0.0,0.1317520249010715,7
v29,Java,ocr_only,6,300.0,360.0,abstract method,0.03074046217472135,0.10038386393739117,0.0,0.21334781796286192,0.12800869077771715,8
v29,Java,ocr_only,6,300.0,360.0,interface,0.049450749626722273,0.06203840073665408,0.1390757052639456,0.006783687076704761,0.0597004943516011,9
v29,Java,ocr_only,7,360.0,420.0,abstract class,0.14103148776061109,0.2656933665874147,0.8198059405263325,1.0,0.927922376210533,1
v29,Java,ocr_only,7,360.0,420.0,implements,0.11865321833928247,0.16884389732508107,0.653465666072449,0.5145820280496712,0.5701354832587824,2
v29,Java,ocr_only,7,360.0,420.0,class,0.16527354954789403,0.0900640061100413,1.0,0.11973035446445775,0.47183821267867465,3
v29,Java,ocr_only,7,360.0,420.0,extends,0.12463937153646784,0.10180394463187632,0.6979614377067728,0.17857194845042548,0.3863277441529644,4
v29,Java,ocr_only,7,360.0,420.0,object,0.11560364622883226,0.10477293880330227,0.6307978425572078,0.1934528057272184,0.36839082045921423,5
v29,Java,ocr_only,7,360.0,420.0,inheritance,0.13382494832484151,0.06617568315017286,0.7662388963085999,0.0,0.30649555852343996,6
v29,Java,ocr_only,7,360.0,420.0,abstract method,0.030740469722221265,0.13650586144810062,0.0,0.352500976787103,0.2115005860722618,7
v29,Java,ocr_only,7,360.0,420.0,method,0.07505297591039217,0.07754132592984606,0.3293800026401746,0.05696559113893406,0.1659313557394303,8
v29,Java,ocr_only,7,360.0,420.0,interface,0.049450745739322594,0.10159303312864257,0.1390756536707998,0.17751484163362496,0.1621391664484949,9
v29,Java,ocr_only,8,420.0,480.0,abstract class,0.14079239179468434,0.24158994736281308,0.820695676738752,1.0,0.9282782706955008,1
v29,Java,ocr_only,8,420.0,480.0,implements,0.11853601587639091,0.1610185807129998,0.6546253370908444,0.557367511421854,0.5962706416894501,2
v29,Java,ocr_only,8,420.0,480.0,class,0.16482235663210387,0.08647919488751768,1.0,0.14787273409705878,0.4887236404582353,3
v29,Java,ocr_only,8,420.0,480.0,extends,0.12430102625058019,0.09333593493659725,0.6976420993179957,0.1855414002455256,0.39038167987451367,4
v29,Java,ocr_only,8,420.0,480.0,object,0.11535007653548855,0.09802853179198506,0.6308528221772008,0.21132097815714218,0.37913371576516564,5
v29,Java,ocr_only,8,420.0,480.0,inheritance,0.13347313330584165,0.05956226360957101,0.7660815855823451,0.0,0.30643263423293804,6
v29,Java,ocr_only,8,420.0,480.0,abstract method,0.03080459063319005,0.11897031718025354,0.0,0.3263682333683731,0.19582094002102388,7
v29,Java,ocr_only,8,420.0,480.0,method,0.07476214559343507,0.07770671218983312,0.3279979682738577,0.0996796102996006,0.19100695348930344,8
v29,Java,ocr_only,8,420.0,480.0,interface,0.04939175896135233,0.09770824074915754,0.13869182335357633,0.20956140490859332,0.18121357228658652,9
v29,Java,ocr_only,9,480.0,540.0,abstract class,0.14097667274761422,0.2287926191920386,0.8197999584394104,1.0,0.9279199833757642,1
v29,Java,ocr_only,9,480.0,540.0,implements,0.11861585347442331,0.16209373958228973,0.6535185891189359,0.6124382095564544,0.628870361381447,2
v29,Java,ocr_only,9,480.0,540.0,class,0.1652092165306277,0.10985075667936241,1.0,0.3088741300631215,0.5853244780378729,3
v29,Java,ocr_only,9,480.0,540.0,extends,0.12459730475113892,0.1253425104964819,0.6979983506457612,0.3988908122263388,0.5185338275941078,4
v29,Java,ocr_only,9,480.0,540.0,object,0.11556869600354003,0.12131424155438704,0.6308590653061806,0.37548407537077366,0.4776340713449364,5
v29,Java,ocr_only,9,480.0,540.0,inheritance,0.13377759743974554,0.09315048556332109,0.7662656006232446,0.21183521407989733,0.43360736869723626,6
v29,Java,ocr_only,9,480.0,540.0,method,0.07502353144964027,0.05669392098596607,0.3293537671783296,0.0,0.13174150687133185,7
v29,Java,ocr_only,9,480.0,540.0,interface,0.049435720549863865,0.06772406048618487,0.1390755764579488,0.06409194035280392,0.09408539479486187,8
v29,Java,ocr_only,9,480.0,540.0,abstract method,0.030733421890671173,0.06198002292766805,0.0,0.030715525432809233,0.01842931525968554,9
v3,Java,ocr_only,1,0.0,60.0,abstract class,0.0927148815868129,0.14864637254944574,1.0,1.0,1.0,1
v3,Java,ocr_only,1,0.0,60.0,implements,0.09174227826724511,0.13204010225373952,0.9852835095400397,0.9270923186026832,0.9503687949776257,2
v3,Java,ocr_only,1,0.0,60.0,class,0.08177093640399002,0.10170177765106934,0.8344068320176908,0.7938958292722781,0.8101002303704432,3
v3,Java,ocr_only,1,0.0,60.0,object,0.06735154913264665,0.09250087411686242,0.6162266439102759,0.7535004526166991,0.6985909291341298,4
v3,Java,ocr_only,1,0.0,60.0,inheritance,0.06870414084231175,0.04469075090291231,0.6366927502776213,0.5435962917919521,0.5808348751862198,5
v3,Java,ocr_only,1,0.0,60.0,extends,0.06207555329854575,0.05044354064137769,0.5363953902046648,0.5688531709062368,0.555870058625608,6
v3,Java,ocr_only,1,0.0,60.0,interface,0.03816273441316453,-0.02718884733480979,0.17456979911594203,0.22801821471837805,0.20663884847740366,7
v3,Java,ocr_only,1,0.0,60.0,abstract method,0.0418877917181054,-0.06892691129530465,0.23093375468554525,0.04477264450991237,0.11923708858016553,8
v3,Java,ocr_only,1,0.0,60.0,method,0.026625529494750416,-0.07912483039430009,0.0,0.0,0.0,9
v3,Java,ocr_only,2,60.0,120.0,abstract class,0.09658073889882482,0.2616781213014365,1.0,1.0,1.0,1
v3,Java,ocr_only,2,60.0,120.0,implements,0.09641402775687832,0.08804061358121197,0.9977713935297302,0.44826142427009147,0.668065411973947,2
v3,Java,ocr_only,2,60.0,120.0,class,0.08220294469567586,0.10699960689044255,0.8077966186589434,0.5085042145695365,0.6282211762052993,3
v3,Java,ocr_only,2,60.0,120.0,object,0.06849303254050489,0.08132669029296435,0.6245215323083826,0.426927724418869,0.5059652475746744,4
v3,Java,ocr_only,2,60.0,120.0,inheritance,0.06878070405777185,0.07534304742461109,0.6283671457281459,0.407914513291806,0.49609556626634194,5
v3,Java,ocr_only,2,60.0,120.0,extends,0.06207697029059524,0.09163811253755307,0.5387511532152353,0.4596925889788111,0.49131601467338076,6
v3,Java,ocr_only,2,60.0,120.0,abstract method,0.04216663178056411,0.04758874797842574,0.27258832384083065,0.31972436447042846,0.30086994821858937,7
v3,Java,ocr_only,2,60.0,120.0,interface,0.038325215790109834,-0.035405848444251174,0.2212360001066928,0.056006455680191,0.12209827345079172,8
v3,Java,ocr_only,2,60.0,120.0,method,0.021775633479601344,-0.053031625956157735,0.0,0.0,0.0,9
v3,Java,ocr_only,3,120.0,180.0,abstract class,0.09893065442453441,0.3587802427598747,1.0,1.0,1.0,1
v3,Java,ocr_only,3,120.0,180.0,abstract method,0.04242599498417952,0.23695392368184026,0.2542325372661926,0.6808928234250121,0.5102287089614843,2
v3,Java,ocr_only,3,120.0,180.0,implements,0.09819376952472711,0.022802497387133976,0.9902743457353949,0.11995281044934539,0.4680814245637652,3
v3,Java,ocr_only,3,120.0,180.0,class,0.08510964873889336,0.06502867219874131,0.8175857275365022,0.23055842936378407,0.4653693486328714,4
v3,Java,ocr_only,3,120.0,180.0,inheritance,0.07125324391597013,0.0428890425685869,0.6347042453763994,0.17256673466955985,0.3574217389522957,5
v3,Java,ocr_only,3,120.0,180.0,object,0.07050836304772108,0.04311954135883708,0.6248730576362196,0.1731704943392054,0.3538515196580111,6
v3,Java,ocr_only,3,120.0,180.0,extends,0.0643956001260036,0.06295242145444441,0.5441947606679031,0.2251199779857209,0.3527498910585938,7
v3,Java,ocr_only,3,120.0,180.0,interface,0.03908549705488648,-0.02299217735806057,0.21014352425964403,0.0,0.08405740970385761,8
v3,Java,ocr_only,3,120.0,180.0,method,0.02316352557552006,0.0035868632070734097,0.0,0.06962011702396761,0.04177207021438057,9
v3,Java,ocr_only,4,180.0,240.0,abstract class,0.09779890054163322,0.39950392480831654,1.0,1.0,1.0,1
v3,Java,ocr_only,4,180.0,240.0,abstract method,0.04272245568749876,0.28027872226279243,0.275310913795081,0.7040462957313737,0.5325521429568566,2
v3,Java,ocr_only,4,180.0,240.0,implements,0.09763523732896753,0.05347637355295803,0.9978465395806468,0.1410529536829889,0.4837703880420521,3
v3,Java,ocr_only,4,180.0,240.0,class,0.08298639405476804,0.07251131111035063,0.8050988617947269,0.18830353628091986,0.4350216664864427,4
v3,Java,ocr_only,4,180.0,240.0,extends,0.06280486525528002,0.07031211650090488,0.5395527884660425,0.1828444573514918,0.3255277897973121,5
v3,Java,ocr_only,4,180.0,240.0,inheritance,0.06959815468519706,0.04579893407367501,0.6289380551137055,0.12199518230009344,0.3247723314255383,6
v3,Java,ocr_only,4,180.0,240.0,object,0.06931485236572862,0.04667391744582547,0.6252103980443531,0.12416716074619846,0.32458445566546035,7
v3,Java,ocr_only,4,180.0,240.0,interface,0.03880560991433085,-0.0033469293148261263,0.22377353893945665,0.0,0.08950941557578267,8
v3,Java,ocr_only,4,180.0,240.0,method,0.02179879801137296,0.013429188763059551,0.0,0.041643496361453876,0.024986097816872326,9
v3,Java,ocr_only,5,240.0,300.0,abstract class,0.1031350372476989,0.37705023593110526,1.0,1.0,1.0,1
v3,Java,ocr_only,5,240.0,300.0,abstract method,0.04125399968038671,0.2859794739403083,0.17250252514600486,0.7486720380514587,0.5182042328892771,2
v3,Java,ocr_only,5,240.0,300.0,implements,0.10023433287249511,0.08902796085076255,0.9612106448091133,0.205144990452152,0.5075712521949366,3
v3,Java,ocr_only,5,240.0,300.0,class,0.09312419627620945,0.044964726531088954,0.8661311130075764,0.08354369233691618,0.3965786606051803,4
v3,Java,ocr_only,5,240.0,300.0,object,0.07501684746482729,0.027848775893162765,0.6239925515553649,0.0363088071047433,0.27138230488499193,5
v3,Java,ocr_only,5,240.0,300.0,extends,0.07041978611739717,0.03819543696567536,0.5625188464221988,0.06486248540370912,0.26392502981110505,6
v3,Java,ocr_only,5,240.0,300.0,inheritance,0.07750945443086141,0.01469197987106768,0.6573246683278585,0.0,0.26292986733114343,7
v3,Java,ocr_only,5,240.0,300.0,interface,0.04012020791107522,0.0391825586369891,0.1573410174693608,0.06758664486414705,0.10348839390623255,8
v3,Java,ocr_only,5,240.0,300.0,method,0.028354098999844344,0.01972523323365181,0.0,0.013890268203935149,0.008334160922361089,9
v3,Java,ocr_only,6,300.0,360.0,implements,0.10441684978570957,0.3385890582275671,0.8981889291340025,1.0,0.959275571653601,1
v3,Java,ocr_only,6,300.0,360.0,abstract class,0.11186516569034008,0.14933105833370197,1.0,0.5389113928072147,0.7233468356843289,2
v3,Java,ocr_only,6,300.0,360.0,class,0.10997042348920034,0.049424475430719234,0.9741007584824503,0.2955093322023245,0.5669459027143748,3
v3,Java,ocr_only,6,300.0,360.0,object,0.08450009852834281,0.06548473086802387,0.6259467471900816,0.33463687669132863,0.4511608248908298,4
v3,Java,ocr_only,6,300.0,360.0,inheritance,0.09067452334806655,-0.011234085895858234,0.7103449938443169,0.14772709011969337,0.3727742516095428,5
v3,Java,ocr_only,6,300.0,360.0,extends,0.08311461094243468,0.015471786770766799,0.6070085097953493,0.21279051485538492,0.37047771283137065,6
v3,Java,ocr_only,6,300.0,360.0,interface,0.042261083621274904,0.16426943514791903,0.04858142124573876,0.5753057083069613,0.36461599348247226,7
v3,Java,ocr_only,6,300.0,360.0,abstract method,0.038706953707343915,-0.030678001540444932,0.0,0.10035594603086107,0.060213567618516636,8
v3,Java,ocr_only,6,300.0,360.0,method,0.03932683421874665,-0.07187000959913943,0.008473150103050796,0.0,0.0033892600412203187,9
v3,Java,ocr_only,7,360.0,420.0,abstract class,0.10446591107177863,0.3538201336962013,1.0,1.0,1.0,1
v3,Java,ocr_only,7,360.0,420.0,implements,0.10087816521577654,0.10946642763352196,0.9518175241953929,0.30262893001791513,0.5623043676889062,2
v3,Java,ocr_only,7,360.0,420.0,abstract method,0.04087877743058077,0.27335072098951674,0.1460416509085224,0.7703450406203539,0.5206236847356213,3
v3,Java,ocr_only,7,360.0,420.0,class,0.095668668017221,0.030913913261031357,0.8818553577549657,0.07844468546352659,0.3998089543801023,4
v3,Java,ocr_only,7,360.0,420.0,object,0.07644831768583274,0.024122109679976668,0.623731147744688,0.05906127848866645,0.2849292261910751,5
v3,Java,ocr_only,7,360.0,420.0,extends,0.07233343685445218,0.027888304407410237,0.568469388953956,0.06980977618551548,0.26927362129289173,6
v3,Java,ocr_only,7,360.0,420.0,inheritance,0.07949614569313918,0.003427471051109552,0.6646626699630112,0.0,0.2658650679852045,7
v3,Java,ocr_only,7,360.0,420.0,interface,0.040447398628306847,0.06006628867419547,0.14024834794409646,0.16164384606550583,0.1530856468169421,8
v3,Java,ocr_only,7,360.0,420.0,method,0.03000427754029794,0.018201327063624047,0.0,0.0421637139915762,0.02529822839494572,9
v30,Java,ocr_only,1,0.0,60.0,abstract class,0.09325915887240567,0.5582685507450869,1.0,1.0,1.0,1
v30,Java,ocr_only,1,0.0,60.0,abstract method,0.04235992772937546,0.43633598258492884,0.26502504720866976,0.7762956284757074,0.5717873959688924,2
v30,Java,ocr_only,1,0.0,60.0,class,0.08032913615731639,0.14430160366346734,0.8132929983184063,0.24051287423811293,0.46962492387023025,3
v30,Java,ocr_only,1,0.0,60.0,implements,0.09302582549873101,0.05599218938246387,0.9966307116738312,0.07849543853986798,0.4457495477934533,4
v30,Java,ocr_only,1,0.0,60.0,object,0.06693808363778228,0.16300387526540122,0.6199288163386454,0.27482511729110815,0.41286659691012306,5
v30,Java,ocr_only,1,0.0,60.0,extends,0.06095522414097184,0.1113985310263289,0.5335374941619144,0.18014704010066468,0.3215032217251646,6
v30,Java,ocr_only,1,0.0,60.0,inheritance,0.06757127321213208,0.03248652936681743,0.6290719500769126,0.035370627995755625,0.2728511568282184,7
v30,Java,ocr_only,1,0.0,60.0,interface,0.03810584177144312,0.013207373221709532,0.20359687715801617,0.0,0.08143875086320647,8
v30,Java,ocr_only,1,0.0,60.0,method,0.024006144263238136,0.024088887536348545,0.0,0.019963840323542967,0.01197830419412578,9
v30,Java,ocr_only,2,60.0,120.0,abstract class,0.12192126240900439,0.5138196132418922,0.884340983005462,1.0,0.9537363932021848,1
v30,Java,ocr_only,2,60.0,120.0,class,0.13334386466398784,0.12566267543884493,1.0,0.2682934139813872,0.5609760483888323,2
v30,Java,ocr_only,2,60.0,120.0,object,0.11492888364067058,0.1448240650413644,0.8135399836582133,0.30441415176540737,0.5080644845225297,3
v30,Java,ocr_only,2,60.0,120.0,extends,0.11469221388199687,0.14019973271023983,0.8111435952495567,0.29569691888075506,0.5018755894282757,4
v30,Java,ocr_only,2,60.0,120.0,implements,0.11969259620420061,0.08712544473408634,0.8617747291254327,0.19564768034284966,0.4620984998558829,5
v30,Java,ocr_only,2,60.0,120.0,abstract method,0.03458284670096213,0.36542732972170955,0.0,0.7202687866907259,0.43216127201443555,6
v30,Java,ocr_only,2,60.0,120.0,inheritance,0.11943092355851112,0.05115996159573702,0.8591251751709823,0.12784989465693583,0.4203600068625544,7
v30,Java,ocr_only,2,60.0,120.0,method,0.05164539436084465,-0.01666206509737249,0.17276601650937234,0.0,0.06910640660374893,8
v30,Java,ocr_only,2,60.0,120.0,interface,0.04866722827501503,-0.006354447242135752,0.14261073715669711,0.019430676451458132,0.06870270073355372,9
v30,Java,ocr_only,3,120.0,180.0,abstract class,0.12141177633399852,0.3844767267320376,0.8256710848238324,1.0,0.930268433929533,1
v30,Java,ocr_only,3,120.0,180.0,implements,0.12430973277728032,0.18612778455451723,0.852673310298624,0.40771082306511297,0.5856958179585174,2
v30,Java,ocr_only,3,120.0,180.0,extends,0.12926894539195208,0.1355567788970304,0.898881657394121,0.2567008958690554,0.5135732004790816,3
v30,Java,ocr_only,3,120.0,180.0,object,0.12950994900297141,0.11088003597244055,0.9011272514782106,0.18301374838148193,0.4702591496201734,4
v30,Java,ocr_only,3,120.0,180.0,abstract method,0.032798382503534194,0.3068512635195531,0.0,0.7682028388426541,0.4609217033055924,5
v30,Java,ocr_only,3,120.0,180.0,inheritance,0.13183909015872494,0.0839094933942302,0.9228294391684614,0.10247709267883325,0.4306180312746845,6
v30,Java,ocr_only,3,120.0,180.0,class,0.14012125653801868,0.04959142086846997,1.0,0.0,0.4,7
v30,Java,ocr_only,3,120.0,180.0,interface,0.05166209760718567,0.10053620521234595,0.1757660263327487,0.15212606660213066,0.16158205049437788,8
v30,Java,ocr_only,3,120.0,180.0,method,0.05776497459902543,0.07521603434289345,0.23263067002351323,0.07651758087248821,0.13896281653289821,9
v31,C++,ocr_only,1,0.0,60.0,constructor,0.03079210859770771,0.0177428621276443,1.0,0.9847785968469652,0.9908671581081792,1
v31,C++,ocr_only,1,0.0,60.0,template,0.02179708943959852,0.018164709054233702,0.7054743438742784,1.0,0.8821897375497114,2
v31,C++,ocr_only,1,0.0,60.0,reference,0.01665280923163116,0.015759150271066433,0.5370341797218501,0.9132007898150396,0.7627341457777638,3
v31,C++,ocr_only,1,0.0,60.0,variable,0.01969936584839588,0.010323180784228803,0.6367881736494633,0.7170559849785486,0.6849488604469145,4
v31,C++,ocr_only,1,0.0,60.0,data type,0.011415210358101618,0.0042441584526150735,0.3655384644115679,0.4977080560179125,0.44484021937537466,5
v31,C++,ocr_only,1,0.0,60.0,class,0.016543098861641924,0.0008549803276580491,0.5334419118081408,0.37541714112491353,0.43862704939820446,6
v31,C++,ocr_only,1,0.0,60.0,polymorphism,0.00025141045808768896,-0.0002239587492380425,0.0,0.3364860368976596,0.20189162213859577,7
v31,C++,ocr_only,1,0.0,60.0,object,0.0002824520320127471,-0.0014096560601293514,0.0010164002729455726,0.29370280049372893,0.17662824040541558,8
v31,C++,ocr_only,1,0.0,60.0,pointer,0.00025158902079640337,-0.009139186345520212,5.846713388740758e-06,0.014799982334657317,0.008882328086149886,9
v31,C++,ocr_only,1,0.0,60.0,inheritance,0.0002845581060245085,-0.009549353988981374,0.0010853598626096087,0.0,0.0004341439450438435,10
v31,C++,ocr_only,2,60.0,120.0,constructor,0.030794273466359805,0.018568272822428403,1.0,0.9744713501062066,0.9846828100637239,1
v31,C++,ocr_only,2,60.0,120.0,template,0.0217969903203823,0.01931562138901243,0.705416985512601,1.0,0.8821667942050404,2
v31,C++,ocr_only,2,60.0,120.0,reference,0.016653052276355176,0.016681765658530818,0.536997613713305,0.9100302270979642,0.7608171817441005,3
v31,C++,ocr_only,2,60.0,120.0,variable,0.019699376278751287,0.010683295706020958,0.6367383124521651,0.7051287311119577,0.6777725636480407,4
v31,C++,ocr_only,2,60.0,120.0,data type,0.011415838686962857,0.005240277450659857,0.36552427652403235,0.5192008875064431,0.45773024311347876,5
v31,C++,ocr_only,2,60.0,120.0,class,0.01654602075583508,0.001443287467639094,0.5334932594045184,0.38949965803886805,0.4470970985851282,6
v31,C++,ocr_only,2,60.0,120.0,polymorphism,0.0002519209746869589,0.0001807551474512832,2.7652173876312516e-06,0.34637286684290247,0.20782482619269654,7
v31,C++,ocr_only,2,60.0,120.0,object,0.00028492412483186456,-0.0012394638288326155,0.0010833322396240185,0.2978596634473393,0.17914913096425317,8
v31,C++,ocr_only,2,60.0,120.0,inheritance,0.0002869067539776236,-0.009716570687521473,0.0011482461542905126,0.008290508191038574,0.005433603376339349,9
v31,C++,ocr_only,2,60.0,120.0,pointer,0.00025183651820924924,-0.009959274451277195,0.0,0.0,0.0,10
v31,C++,ocr_only,3,120.0,180.0,constructor,0.030797998573000338,0.020351074130406453,1.0,1.0,1.0,1
v31,C++,ocr_only,3,120.0,180.0,template,0.021796828222200127,0.017777662953718524,0.7053215561179,0.9254248227058548,0.8373835160706729,2
v31,C++,ocr_only,3,120.0,180.0,reference,0.01665347235642178,0.018274885271986677,0.5369394409272134,0.939833885227755,0.7786761075075384,3
v31,C++,ocr_only,3,120.0,180.0,variable,0.019699404593068306,0.006118559349547879,0.6366565373362962,0.5875543237166947,0.6071952091645354,4
v31,C++,ocr_only,3,120.0,180.0,class,0.0165510379775447,-0.002158408068898468,0.533585965524446,0.3476951367044854,0.42205146823246964,5
v31,C++,ocr_only,3,120.0,180.0,data type,0.011416922828522939,0.0015240965151918512,0.36550637099807987,0.4544108589072964,0.41884906374360975,6
v31,C++,ocr_only,3,120.0,180.0,object,0.00028916115608145626,0.0007992197836181568,0.0012080224800546692,0.43340457306257446,0.26052595282956653,7
v31,C++,ocr_only,3,120.0,180.0,polymorphism,0.0002527950797814531,-0.0035856646391655635,1.747743351747472e-05,0.30633450505101933,0.18380769400401858,8
v31,C++,ocr_only,3,120.0,180.0,pointer,0.00025226121868760084,-0.012405565893538278,0.0,0.05074157621007122,0.03044494572604273,9
v31,C++,ocr_only,3,120.0,180.0,inheritance,0.0002909342623882469,-0.014156536445397916,0.0012660700657529166,0.0,0.0005064280263011666,10
v31,C++,ocr_only,4,180.0,240.0,constructor,0.030792847468197417,0.018788476488118943,1.0,0.9915862708958096,0.9949517625374857,1
v31,C++,ocr_only,4,180.0,240.0,template,0.021797057925775017,0.019021197547087212,0.7054545807281216,1.0,0.8821818322912487,2
v31,C++,ocr_only,4,180.0,240.0,reference,0.01665289409283164,0.017590707283055982,0.537021350289348,0.9482824733563037,0.7837780241295215,3
v31,C++,ocr_only,4,180.0,240.0,variable,0.019699373089541512,0.010347966153606405,0.6367709530515363,0.6864305287788418,0.6665666984879196,4
v31,C++,ocr_only,4,180.0,240.0,class,0.016544093824488716,0.0014128906620581021,0.5334589480671936,0.3633944226152423,0.4314202327960228,5
v31,C++,ocr_only,4,180.0,240.0,data type,0.011415426022025048,0.003670820863498356,0.3655330977503285,0.4450269707624163,0.4132294215575812,6
v31,C++,ocr_only,4,180.0,240.0,object,0.00028329084711025874,-0.0006395869505998547,0.0010381963274179117,0.28918974727610913,0.17392912689663265,7
v31,C++,ocr_only,4,180.0,240.0,polymorphism,0.0002515830185239085,-0.0008123903256317715,0.0,0.2829422645933898,0.16976535875603385,8
v31,C++,ocr_only,4,180.0,240.0,inheritance,0.0002853554308243382,-0.00861674235298279,0.001105796138731603,0.0007860038622781827,0.0009139207728595508,9
v31,C++,ocr_only,4,180.0,240.0,pointer,0.0002516733022341993,-0.008638482968697578,2.9561222142458393e-06,0.0,1.1824488856983358e-06,10
v31,C++,ocr_only,5,240.0,300.0,constructor,0.030767736705862102,0.018889915695129388,1.0,0.9816339776036969,0.9889803865622181,1
v31,C++,ocr_only,5,240.0,300.0,template,0.02178014588414231,0.019378902676435196,0.7054793283972401,1.0,0.8821917313588961,2
v31,C++,ocr_only,5,240.0,300.0,reference,0.016639021150805764,0.015437293064984621,0.5370062036977225,0.8519557919352622,0.7259759566402463,3
v31,C++,ocr_only,5,240.0,300.0,variable,0.019682859103142356,0.011453102431960717,0.6367518658840435,0.7023122693166175,0.6760881079435879,4
v31,C++,ocr_only,5,240.0,300.0,class,0.016531284475029565,0.004971060784673168,0.5334757049539242,0.458851141271982,0.4887009667447589,5
v31,C++,ocr_only,5,240.0,300.0,data type,0.011406778975804303,0.0064107793729077135,0.3655471876012552,0.5129260038895476,0.4539744773742306,6
v31,C++,ocr_only,5,240.0,300.0,polymorphism,0.0002517455468435018,-6.091942641094622e-05,6.797614224684466e-08,0.2698533462637582,0.16191203494871179,7
v31,C++,ocr_only,5,240.0,300.0,object,0.0002842461306517874,-0.0015399647959265454,0.0010651024175818515,0.21430139617066604,0.12900687866943236,8
v31,C++,ocr_only,5,240.0,300.0,pointer,0.00025174347248400496,-0.007009531386580708,0.0,0.008868150823786584,0.005320890494271951,9
v31,C++,ocr_only,5,240.0,300.0,inheritance,0.00028604668525220695,-0.007245641863172573,0.0011241060550072962,0.0,0.0004496424220029185,10
v31,C++,ocr_only,6,300.0,360.0,constructor,0.030789539246604672,0.019000861413494368,1.0,0.9881017096933862,0.9928610258160318,1
v31,C++,ocr_only,6,300.0,360.0,template,0.02179720822578217,0.01932819808497235,0.7055434696007016,1.0,0.8822173878402806,2
v31,C++,ocr_only,6,300.0,360.0,reference,0.01665252149677444,0.01828733606415916,0.5370791859008375,0.9621659301512231,0.7921312324510689,3
v31,C++,ocr_only,6,300.0,360.0,variable,0.019699359298038444,0.01069677662860523,0.6368487879731113,0.6862583169099656,0.6664945053352239,4
v31,C++,ocr_only,6,300.0,360.0,class,0.016539630850966755,0.0016936482451136695,0.5333825484214014,0.3590055386287422,0.42875634254580586,5
v31,C++,ocr_only,6,300.0,360.0,data type,0.011414468648987935,0.002772568937101486,0.3655576011153274,0.39822299493487817,0.38515683740705786,6
v31,C++,ocr_only,6,300.0,360.0,polymorphism,0.0002508006129991158,-0.0015779352924621187,0.0,0.2400874518874777,0.14405247113248662,7
v31,C++,ocr_only,6,300.0,360.0,object,0.00027951320819007353,-0.0032543593077236617,0.00094020239458619,0.17915147572416298,0.10786696639233227,8
v31,C++,ocr_only,6,300.0,360.0,inheritance,0.00028176773532671856,-0.006988083782104203,0.0010140275503561827,0.04343512741371371,0.026466687468370702,9
v31,C++,ocr_only,6,300.0,360.0,pointer,0.0002512955684465117,-0.008183037818897527,1.620746204793351e-05,0.0,6.482984819173404e-06,10
v31,C++,ocr_only,7,360.0,420.0,constructor,0.03079970638493705,0.030011294201151777,1.0,1.0,1.0,1
v31,C++,ocr_only,7,360.0,420.0,template,0.02179674854912222,0.024406798628757297,0.7052776333672657,0.8542826840717549,0.7946806637899593,2
v31,C++,ocr_only,7,360.0,420.0,variable,0.019699409874353573,0.024236831893316955,0.6366187960017086,0.849863535878036,0.764565639927505,3
v31,C++,ocr_only,7,360.0,420.0,reference,0.01665366384527387,0.02201117744708362,0.5369127333695293,0.7919963490992044,0.6899629028073343,4
v31,C++,ocr_only,7,360.0,420.0,class,0.01655334618550491,0.016414436021716588,0.5336287173115457,0.6464806415900504,0.6013398718786485,5
v31,C++,ocr_only,7,360.0,420.0,data type,0.011417419673016373,0.012802973558056137,0.36549814908974865,0.552582339774572,0.4777486635006427,6
v31,C++,ocr_only,7,360.0,420.0,inheritance,0.00029279342475790134,0.0011642512961379983,0.0013204826401279027,0.24997466582177835,0.15051299254911818,7
v31,C++,ocr_only,7,360.0,420.0,pointer,0.00025245631133206015,0.0006246663323450114,0.0,0.2359454152632735,0.1415672491579641,8
v31,C++,ocr_only,7,360.0,420.0,polymorphism,0.00025319554812471115,-0.0031357189917076344,2.4199782005574353e-05,0.1381751076238285,0.08291474448709933,9
v31,C++,ocr_only,7,360.0,420.0,object,0.00029111838692685594,-0.008450130487416304,0.001265648315368413,0.0,0.0005062593261473653,10
v31,C++,ocr_only,8,420.0,480.0,constructor,0.030794214088448874,0.025341747153519938,1.0,1.0,1.0,1
v31,C++,ocr_only,8,420.0,480.0,template,0.02179699711133216,0.02028031268052738,0.7054186463723973,0.8534873894579569,0.7942598922237329,2
v31,C++,ocr_only,8,420.0,480.0,variable,0.019699383660000725,0.019816819733558002,0.6367398747642125,0.8400707262588859,0.7587383856610165,3
v31,C++,ocr_only,8,420.0,480.0,reference,0.016653049631240667,0.015262513157487025,0.536998676560771,0.7082378734916671,0.6397421947193087,4
v31,C++,ocr_only,8,420.0,480.0,class,0.016545936920415144,0.010161026611351775,0.5334916579542445,0.5605658813898964,0.5497361920156356,5
v31,C++,ocr_only,8,420.0,480.0,data type,0.01141582417857616,0.00759931315076838,0.3655246566474206,0.4864123329100213,0.438057262404981,6
v31,C++,ocr_only,8,420.0,480.0,pointer,0.00025182956097938113,0.004210588096721179,0.0,0.3883193996265971,0.23299163977595827,7
v31,C++,ocr_only,8,420.0,480.0,inheritance,0.00028683405470191013,0.0015555078716854404,0.0011460956393580315,0.31146317694027537,0.18733634441990843,8
v31,C++,ocr_only,8,420.0,480.0,polymorphism,0.00025190357040587,-0.002611640573454957,2.4231711974648076e-06,0.19083733450933377,0.11450336997407924,9
v31,C++,ocr_only,8,420.0,480.0,object,0.0002848467043587631,-0.009204319934269272,0.0010810270347322327,0.0,0.0004324108138928931,10
v31,C++,ocr_only,9,480.0,540.0,variable,0.031423276575835324,0.10492802075688888,0.5732537030400389,1.0,0.8293014812160155,1
v31,C++,ocr_only,9,480.0,540.0,constructor,0.054072592802652295,0.07530256153183029,1.0,0.712163351475001,0.8272980108850005,2
v31,C++,ocr_only,9,480.0,540.0,reference,0.023136053084889495,0.09199568917866567,0.41711027242055554,0.8743513492630959,0.6914549185260798,3
v31,C++,ocr_only,9,480.0,540.0,template,0.02666792856381173,0.07454890259986288,0.4836559803289117,0.7048409110206455,0.616366938743952,4
v31,C++,ocr_only,9,480.0,540.0,class,0.041816770577532435,0.045605557352395645,0.7690823555822414,0.42363158258984035,0.5618118917868007,5
v31,C++,ocr_only,9,480.0,540.0,pointer,0.0026890047831270663,0.060818839586146055,0.0318579292965156,0.571441617801842,0.3556081423997114,6
v31,C++,ocr_only,9,480.0,540.0,data type,0.022416745570809755,0.02300385595130102,0.40355746513335106,0.2040367424615525,0.28384503153027196,7
v31,C++,ocr_only,9,480.0,540.0,inheritance,0.013072882676898726,0.005276287861226691,0.2275054002786543,0.03179827193584809,0.11008112327297058,8
v31,C++,ocr_only,9,480.0,540.0,object,0.011662544857044174,0.0020034648434136024,0.2009325697323214,0.0,0.08037302789292856,9
v31,C++,ocr_only,9,480.0,540.0,polymorphism,0.000998163362572085,0.012262816529334102,0.0,0.0996783672746195,0.059807020364771694,10
v31,C++,ocr_only,10,540.0,600.0,constructor,0.06797453734949585,0.09100617436742295,1.0,0.735811494489701,0.8414868966938206,1
v31,C++,ocr_only,10,540.0,600.0,variable,0.03841241185606779,0.12710217350879868,0.5556453959915102,1.0,0.8222581583966041,2
v31,C++,ocr_only,10,540.0,600.0,reference,0.026979698954911237,0.1077781805827867,0.38379785359928464,0.8585666851437064,0.6686591525259377,3
v31,C++,ocr_only,10,540.0,600.0,class,0.0569681048779151,0.05957713871864448,0.8345599695278099,0.5057807388605265,0.6372924311274399,4
v31,C++,ocr_only,10,540.0,600.0,template,0.029529209862049204,0.0859250436023869,0.42212009500267994,0.6986224326809491,0.5880214976096415,5
v31,C++,ocr_only,10,540.0,600.0,data type,0.02900176898661892,0.03441670165606664,0.4141920188773074,0.321630184126913,0.3586549180270707,6
v31,C++,ocr_only,10,540.0,600.0,pointer,0.004155934883680383,0.062170973477734134,0.040728995167247733,0.5247651511179799,0.33115068873768705,7
v31,C++,ocr_only,10,540.0,600.0,inheritance,0.020766179967396412,0.00922870481354781,0.29040112643194416,0.13727791792255498,0.19852720132631066,8
v31,C++,ocr_only,10,540.0,600.0,object,0.018508441768024336,-0.00952753743056914,0.2564645827365374,0.0,0.10258583309461496,9
v31,C++,ocr_only,10,540.0,600.0,polymorphism,0.0014463069075237585,0.0063928705793700824,0.0,0.11652229885053496,0.06991337931032097,10
v31,C++,ocr_only,11,600.0,660.0,constructor,0.03955960303612791,0.0653291693952059,1.0,1.0,1.0,1
v31,C++,ocr_only,11,600.0,660.0,variable,0.02409103875615062,0.061820750275255174,0.6035677766162184,0.9580917796428955,0.8162821784322246,2
v31,C++,ocr_only,11,600.0,660.0,reference,0.019067263894952165,0.0607425826470318,0.47481722149311706,0.9452130200076679,0.7570547006018475,3
v31,C++,ocr_only,11,600.0,660.0,class,0.026116422835364653,0.03982513177211835,0.6554748249496084,0.6953531513306636,0.6794018207782415,4
v31,C++,ocr_only,11,600.0,660.0,template,0.023586065380771362,0.04206904140816815,0.590626193006527,0.7221567504087366,0.6695445274478528,5
v31,C++,ocr_only,11,600.0,660.0,data type,0.015565763122970169,0.019327043341825865,0.3850798863990233,0.45050258545865474,0.42433350583480217,6
v31,C++,ocr_only,11,600.0,660.0,pointer,0.0011790187175925442,0.02206325143739537,0.016372812578310112,0.4831867112405341,0.29646115177564447,7
v31,C++,ocr_only,11,600.0,660.0,inheritance,0.005161587797877558,0.010535623247092065,0.11843908626089965,0.34548868660977533,0.25466884647022503,8
v31,C++,ocr_only,11,600.0,660.0,polymorphism,0.0005401607013347975,-0.0076288462573913425,0.0,0.12851330121896565,0.07710798073137938,9
v31,C++,ocr_only,11,600.0,660.0,object,0.004627220414841016,-0.01838755944832672,0.10474418569180428,0.0,0.04189767427672172,10
v31,C++,ocr_only,12,660.0,720.0,constructor,0.030803147842917662,0.03519110803688545,1.0,1.0,1.0,1
v31,C++,ocr_only,12,660.0,720.0,variable,0.019699432442199623,0.022840611574926034,0.636543144997709,0.700792365317327,0.6750926771894799,2
v31,C++,ocr_only,12,660.0,720.0,class,0.016557986879546172,0.023293423379841083,0.5337145076310587,0.7117623493598575,0.6405432126683379,3
v31,C++,ocr_only,12,660.0,720.0,template,0.021796594909268083,0.018340359539586192,0.7051893636012818,0.5917676171124849,0.6371363157080037,4
v31,C++,ocr_only,12,660.0,720.0,reference,0.0166540525036878,0.018938316310993387,0.5368590145248583,0.6062539360848681,0.5784959674608642,5
v31,C++,ocr_only,12,660.0,720.0,data type,0.011418420567436097,0.015673952534080084,0.3654815747377629,0.5271702678742488,0.4624947906196544,6
v31,C++,ocr_only,12,660.0,720.0,pointer,0.0002528493744844689,0.007876057019156796,0.0,0.3382556052362532,0.2029533631417519,7
v31,C++,ocr_only,12,660.0,720.0,inheritance,0.0002965200495580995,0.002842216286090734,0.0014294680334712396,0.21630394250357665,0.13035415271553447,8
v31,C++,ocr_only,12,660.0,720.0,polymorphism,0.0002540043535068838,-0.00541482387274955,3.780581795651895e-05,0.016265874154178,0.009774646819689406,9
v31,C++,ocr_only,12,660.0,720.0,object,0.00029503993990817156,-0.006086235955549207,0.00138101974575787,0.0,0.000552407898303148,10
v31,C++,ocr_only,13,720.0,780.0,constructor,0.030790891367746574,0.02097425228368554,1.0,1.0,1.0,1
v31,C++,ocr_only,13,720.0,780.0,template,0.02179714820191695,0.014787558600330335,0.7055071700400962,0.7450959031335904,0.7292604098961928,2
v31,C++,ocr_only,13,720.0,780.0,variable,0.01969936912881435,0.012980601618113744,0.6368170946757234,0.6706456779886828,0.657114244663499,3
v31,C++,ocr_only,13,720.0,780.0,class,0.0165414526993907,0.012479767143161692,0.5334136808878828,0.650010300507382,0.6033716526595823,4
v31,C++,ocr_only,13,720.0,780.0,data type,0.011414859519494636,0.012110232418846501,0.36554754264448885,0.6347847341574965,0.5270898575522934,5
v31,C++,ocr_only,13,720.0,780.0,reference,0.01665267583252427,0.008652725213568238,0.5370555922288646,0.4923285537356804,0.5102193691329541,6
v31,C++,ocr_only,13,720.0,780.0,pointer,0.0002514503055960314,0.002515146131717087,1.075659393821728e-05,0.23944807623368636,0.14367314837778708,7
v31,C++,ocr_only,13,720.0,780.0,inheritance,0.0002832272222310966,0.0002600763469304782,0.001051265971926115,0.1465347114733972,0.08834133327280876,8
v31,C++,ocr_only,13,720.0,780.0,object,0.00028104976504996995,-0.002671752085128376,0.000979966901498708,0.025737543084105884,0.015834512611063015,9
v31,C++,ocr_only,13,720.0,780.0,polymorphism,0.00025112180169584267,-0.003296419547052183,0.0,0.0,0.0,10
v31,C++,ocr_only,14,780.0,840.0,constructor,0.030796245188420772,0.027398576632121557,1.0,1.0,1.0,1
v31,C++,ocr_only,14,780.0,840.0,variable,0.019699403787322666,0.020555883722898995,0.6366954315023786,0.7852099319172273,0.7258041317512878,2
v31,C++,ocr_only,14,780.0,840.0,template,0.021796908482233392,0.01789233549233767,0.7053665975182206,0.7016019557339127,0.7031078124476359,3
v31,C++,ocr_only,14,780.0,840.0,reference,0.016653279237544765,0.020268960891363,0.5369669659736599,0.7762035107117606,0.6805088928165204,4
v31,C++,ocr_only,14,780.0,840.0,class,0.016548674030816436,0.018535647665529724,0.5335422482436868,0.7217953309608155,0.6464940978739641,5
v31,C++,ocr_only,14,780.0,840.0,data type,0.011416418893433504,0.014913969978803942,0.36551499880294996,0.608111959921727,0.5110731754742162,6
v31,C++,ocr_only,14,780.0,840.0,pointer,0.0002520617035088316,0.005822464990449007,0.0,0.32273235845054415,0.19363941507032648,7
v31,C++,ocr_only,14,780.0,840.0,inheritance,0.0002890287278170132,0.0016720179908969236,0.0012102803247774619,0.19245107804905134,0.11595475895934178,8
v31,C++,ocr_only,14,780.0,840.0,object,0.0002871540225889533,-0.0035835516577782498,0.0011489034924589308,0.027480330767489073,0.016947759857477016,9
v31,C++,ocr_only,14,780.0,840.0,polymorphism,0.0002523770832033957,-0.004459008638467526,1.0325360136731406e-05,0.0,4.1301440546925625e-06,10
v31,C++,ocr_only,15,840.0,900.0,constructor,0.03080019024741375,0.025733945568009557,1.0,1.0,1.0,1
v31,C++,ocr_only,15,840.0,900.0,variable,0.019699419902138787,0.017731647411703348,0.6366083851918588,0.7328734300586685,0.6943674121119445,2
v31,C++,ocr_only,15,840.0,900.0,class,0.016553992929152547,0.019079720392808305,0.5336405954419267,0.777873766766864,0.6801804982368891,3
v31,C++,ocr_only,15,840.0,900.0,template,0.021796730951096067,0.013690222703307248,0.70526535449489,0.597965694937697,0.6408855587605742,4
v31,C++,ocr_only,15,840.0,900.0,reference,0.01665371933506238,0.014403168208497697,0.5369052102889506,0.6217646941297645,0.5878209005934389,5
v31,C++,ocr_only,15,840.0,900.0,data type,0.01141756142244669,0.017112031406138768,0.3654958557962007,0.7121898845303404,0.5735122730366845,6
v31,C++,ocr_only,15,840.0,900.0,pointer,0.00025251139924934086,0.007632873296896132,0.0,0.3957639101172157,0.2374583460703294,7
v31,C++,ocr_only,15,840.0,900.0,inheritance,0.0002933075951051026,0.0019480042708614374,0.0013354924954703442,0.20599597922680643,0.124131784534272,8
v31,C++,ocr_only,15,840.0,900.0,polymorphism,0.00025330867805988227,-0.0037890703700883227,2.60994890807987e-05,0.01448536060200555,0.008701656156835649,9
v31,C++,ocr_only,15,840.0,900.0,object,0.00029165804704937186,-0.0042230076398414515,0.0012814933663080363,0.0,0.0005125973465232146,10
v31,C++,ocr_only,16,900.0,960.0,data type,0.011414618235086256,0.001955818673073554,0.365553706193454,1.0,0.7462214824773816,1
v31,C++,ocr_only,16,900.0,960.0,constructor,0.030790058924863584,-0.0027465918314765244,1.0,0.5154191224177932,0.7092514734506759,2
v31,C++,ocr_only,16,900.0,960.0,polymorphism,0.0002509244403216263,0.0015264501509190149,0.0,0.9557538043370526,0.5734522826022316,3
v31,C++,ocr_only,16,900.0,960.0,object,0.00028009708202198674,0.0007696077854983816,0.0009552543709163336,0.8777616049592967,0.5270390647239445,4
v31,C++,ocr_only,16,900.0,960.0,variable,0.01969936564125466,-0.0036338970875992153,0.6368366860815025,0.4239827922039176,0.5091243497549516,5
v31,C++,ocr_only,16,900.0,960.0,class,0.016540325874746492,-0.0033868466997839597,0.5333943384240342,0.44944120201707694,0.4830224565798598,6
v31,C++,ocr_only,16,900.0,960.0,template,0.021797188524604903,-0.0050850126242659496,0.7055296244623234,0.27444611531219637,0.4468795189722472,7
v31,C++,ocr_only,16,900.0,960.0,pointer,0.00025135445960070316,-0.0012991086388212127,1.4080925551263668e-05,0.6645814882094877,0.3987545252959131,8
v31,C++,ocr_only,16,900.0,960.0,inheritance,0.0002823227148662,-0.001766389742323337,0.001028132429897992,0.6164284213954481,0.37026830580922804,9
v31,C++,ocr_only,16,900.0,960.0,reference,0.016652580814274422,-0.007748259061096502,0.5370701118676054,0.0,0.2148280447470422,10
v31,C++,ocr_only,17,960.0,1020.0,class,0.04376836523748005,0.00645370355433698,0.7792261652087359,0.7124739203948061,0.739174818320378,1
v31,C++,ocr_only,17,960.0,1020.0,object,0.01254246463757764,0.010991092826007168,0.20955028398052097,1.0,0.6838201135922084,2
v31,C++,ocr_only,17,960.0,1020.0,pointer,0.0028771885554478216,0.007393020636398481,0.03321991196177127,0.7719967300857452,0.4764860028361556,3
v31,C++,ocr_only,17,960.0,1020.0,template,0.027043354633757025,0.002169543997140372,0.47410013293484426,0.44099454577406866,0.4542367806383789,4
v31,C++,ocr_only,17,960.0,1020.0,constructor,0.055869740857224036,-0.004117330991480454,1.0,0.042606748250865877,0.4255640489505195,5
v31,C++,ocr_only,17,960.0,1020.0,polymorphism,0.0010562905623305338,0.005095990594159492,0.0,0.6264381272777433,0.37586287636664595,6
v31,C++,ocr_only,17,960.0,1020.0,inheritance,0.014061263084610321,0.0004524755767971672,0.23725878324231942,0.332187052796188,0.29421574497464054,7
v31,C++,ocr_only,17,960.0,1020.0,data type,0.023265601025982362,-0.003021025601678719,0.4051799393062633,0.11207762057558215,0.22931854806785462,8
v31,C++,ocr_only,17,960.0,1020.0,variable,0.03232720229479719,-0.004789699225623549,0.570497050709831,0.0,0.22819882028393243,9
v31,C++,ocr_only,17,960.0,1020.0,reference,0.023636118817772944,-0.0035673931939588835,0.4119395537767484,0.07745530310934919,0.21124900337630886,10
v31,C++,ocr_only,18,1020.0,1080.0,class,0.0428926687200859,0.008094928533784638,0.7747721593402681,0.7858781631601717,0.7814357616322103,1
v31,C++,ocr_only,18,1020.0,1080.0,object,0.01215107000500849,0.01257676432617892,0.20580322863751369,1.0,0.6823212914550054,2
v31,C++,ocr_only,18,1020.0,1080.0,data type,0.02288282322426347,0.00463813266897636,0.40442771171394537,0.6207280964377015,0.5342079425481991,3
v31,C++,ocr_only,18,1020.0,1080.0,pointer,0.0027926417578837313,0.007127194884706608,0.03259639700277778,0.739644227757197,0.45682509545542926,4
v31,C++,ocr_only,18,1020.0,1080.0,constructor,0.055061811046491944,-0.007265642141698108,1.0,0.05201959263336048,0.4312117555800163,5
v31,C++,ocr_only,18,1020.0,1080.0,template,0.02687296516333418,-0.0013264922188633579,0.47827770284377596,0.3357653052501838,0.39277026428762063,6
v31,C++,ocr_only,18,1020.0,1080.0,inheritance,0.013620356651205697,0.001554047843736809,0.23299694942382562,0.4733844769167036,0.3772294659195524,7
v31,C++,ocr_only,18,1020.0,1080.0,polymorphism,0.0010314465464350872,0.0047184639176153275,0.0,0.6245659600522949,0.3747395760313769,8
v31,C++,ocr_only,18,1020.0,1080.0,variable,0.03191763181907897,-0.007608406620264313,0.5716449548033566,0.035643856628353135,0.2500442958983546,9
v31,C++,ocr_only,18,1020.0,1080.0,reference,0.023410238654213048,-0.008354476777206889,0.4141891751952629,0.0,0.16567567007810516,10
v31,C++,ocr_only,19,1080.0,1140.0,class,0.03315389659044839,0.008600212521089771,0.7147278662018863,0.8877003980511396,0.8185113853114383,1
v31,C++,ocr_only,19,1080.0,1140.0,object,0.007769663862842649,0.010801445661803223,0.15491712687711218,1.0,0.6619668507508448,2
v31,C++,ocr_only,19,1080.0,1140.0,constructor,0.04608936518071938,-0.003137810839639662,1.0,0.2888654420005058,0.5733192652003035,3
v31,C++,ocr_only,19,1080.0,1140.0,pointer,0.0018533179358917317,0.009362772385797856,0.024441093860537177,0.9266036689882378,0.5657386389371575,4
v31,C++,ocr_only,19,1080.0,1140.0,data type,0.018641504440737897,0.003384978164327169,0.3946790758413531,0.6216364671107591,0.5308535106029967,5
v31,C++,ocr_only,19,1080.0,1140.0,template,0.024993925935678098,-0.0020133508492310424,0.5347720938870666,0.34623165505387604,0.4216478305871523,6
v31,C++,ocr_only,19,1080.0,1140.0,inheritance,0.008695392407210383,0.001574805162878419,0.1753326653886608,0.5292874542954326,0.38770553873272384,7
v31,C++,ocr_only,19,1080.0,1140.0,polymorphism,0.0007450533545057792,0.003354192499053873,0.0,0.6200658847440039,0.37203953084640234,8
v31,C++,ocr_only,19,1080.0,1140.0,variable,0.02739570030290724,-0.004497072092254867,0.5877395835345922,0.21952044860115938,0.3668081025745325,9
v31,C++,ocr_only,19,1080.0,1140.0,reference,0.02091040700555994,-0.008799987491235584,0.44471627948263515,0.0,0.17788651179305406,10
v31,C++,ocr_only,20,1140.0,1200.0,class,0.03452412737309171,0.0035091943699527804,0.7245213966769846,0.5665444781740014,0.6297352455751948,1
v31,C++,ocr_only,20,1140.0,1200.0,pointer,0.0019855311103877506,0.009299287618448653,0.025786185221471244,1.0,0.6103144740885885,2
v31,C++,ocr_only,20,1140.0,1200.0,object,0.008384380866140868,0.007091809105140375,0.16319535927004666,0.8347446733859971,0.5661249477396169,3
v31,C++,ocr_only,20,1140.0,1200.0,constructor,0.047352573550677644,-0.002360640750498575,1.0,0.12711935391909124,0.47627161235145477,4
v31,C++,ocr_only,20,1140.0,1200.0,template,0.025259302615973266,0.0013823226699155736,0.52556815255122,0.4073235048613411,0.4546213639372927,5
v31,C++,ocr_only,20,1140.0,1200.0,polymorphism,0.0007847239142984546,0.005148005278130763,0.0,0.6892284500708199,0.4135370700424919,6
v31,C++,ocr_only,20,1140.0,1200.0,inheritance,0.009387015167960115,0.0013251484538258232,0.184725971261973,0.40304335277974673,0.31571640017263725,7
v31,C++,ocr_only,20,1140.0,1200.0,data type,0.019239211216357438,-0.0007983909751775678,0.3962924516841376,0.24407183853757777,0.3049600837962017,8
v31,C++,ocr_only,20,1140.0,1200.0,variable,0.028033948627550147,-0.0030804258402777275,0.58515101998535,0.07323510572087014,0.2780014714266621,9
v31,C++,ocr_only,20,1140.0,1200.0,reference,0.02126289229677365,-0.004058699434304089,0.43974906598387314,0.0,0.17589962639354928,10
v31,C++,ocr_only,21,1200.0,1260.0,class,0.032158310102087355,0.0051305811783234,0.7072636885058877,0.8089477360089831,0.768274117007745,1
v31,C++,ocr_only,21,1200.0,1260.0,object,0.007321005978254535,0.006554036967930344,0.14858170714252805,0.9233655515583004,0.6134520137919914,2
v31,C++,ocr_only,21,1200.0,1260.0,pointer,0.0017573126975660492,0.007507435254674011,0.0234338581547457,1.0,0.6093735432618983,3
v31,C++,ocr_only,21,1200.0,1260.0,constructor,0.04517247744452667,-0.002992542369462202,1.0,0.15600855899984578,0.49360513539990747,4
v31,C++,ocr_only,21,1200.0,1260.0,template,0.02480227417323209,-0.00015071640815930487,0.5417994856591124,0.38443540656172265,0.44738103820067854,5
v31,C++,ocr_only,21,1200.0,1260.0,data type,0.01820832879972385,0.0007239087402733175,0.39347749193925413,0.4547380458419991,0.4302338242809011,6
v31,C++,ocr_only,21,1200.0,1260.0,polymorphism,0.0007155145347474931,0.0038740955962520405,0.0,0.7079510372569165,0.4247706223541499,7
v31,C++,ocr_only,21,1200.0,1260.0,inheritance,0.008191350836356427,0.0018347920780869454,0.16815895221588512,0.5440311912777748,0.3936822956530189,8
v31,C++,ocr_only,21,1200.0,1260.0,variable,0.02693429838690297,-0.0025882687053826042,0.5897565226253488,0.18850420084965605,0.3490051295599332,9
v31,C++,ocr_only,21,1200.0,1260.0,reference,0.020655180128852802,-0.004933422690157084,0.44851614435675247,0.0,0.179406457742701,10
v31,C++,ocr_only,22,1260.0,1320.0,constructor,0.032367579070290475,-0.0025932129322990775,1.0,0.40923834090042654,0.6455430045402559,1
v31,C++,ocr_only,22,1260.0,1320.0,data type,0.012159170412908385,0.0003341024331897017,0.36976770166594275,0.7627885212682632,0.605580193427335,2
v31,C++,ocr_only,22,1260.0,1320.0,polymorphism,0.00030256318519450334,0.002298159715919059,0.0,1.0,0.6,3
v31,C++,ocr_only,22,1260.0,1320.0,variable,0.020491256402443113,-0.0015176207288181444,0.6296174400659644,0.5391443366896529,0.5753335780401775,4
v31,C++,ocr_only,22,1260.0,1320.0,template,0.02212594545931716,-0.0025217366578480904,0.6805978937395851,0.4178709774868669,0.5229617439879541,5
v31,C++,ocr_only,22,1260.0,1320.0,reference,0.017091047730288272,-0.0019709363629048225,0.5235763676292817,0.4843945731061365,0.5000672909153946,6
v31,C++,ocr_only,22,1260.0,1320.0,object,0.0010545528418076774,0.0005063937247567242,0.023452028195086714,0.783597217839689,0.4795391419818481,7
v31,C++,ocr_only,22,1260.0,1320.0,pointer,0.00041656646588838706,-0.001561550816497722,0.003555378893383714,0.5338386253181361,0.3217253267482351,8
v31,C++,ocr_only,22,1260.0,1320.0,class,0.018254251330644834,-0.005981613645936319,0.5598527756786296,0.0,0.22394111027145183,9
v31,C++,ocr_only,22,1260.0,1320.0,inheritance,0.0011516045794637273,-0.00419127056415216,0.026478745474873253,0.21623092849765746,0.14033005528854378,10
v31,C++,ocr_only,23,1320.0,1380.0,data type,0.011415308049333644,0.0022964979293777174,0.36553643860075624,1.0,0.7462145754403025,1
v31,C++,ocr_only,23,1320.0,1380.0,polymorphism,0.00025147896929205067,0.0022905302222485952,0.0,0.999188094678952,0.5995128568073712,2
v31,C++,ocr_only,23,1320.0,1380.0,object,0.00028279843089852857,0.0022298634335985662,0.0010254908394282222,0.9909343906264382,0.5949708307116343,3
v31,C++,ocr_only,23,1320.0,1380.0,constructor,0.030792426194077144,-0.004615754176810777,1.0,0.05958953011405935,0.43575371806843566,4
v31,C++,ocr_only,23,1320.0,1380.0,variable,0.019699380994563993,-0.0029082107156422838,0.6367812328194346,0.2919004649583589,0.42985277210278916,5
v31,C++,ocr_only,23,1320.0,1380.0,template,0.021797081318106933,-0.004264483019032637,0.7054660810038609,0.10737989850177605,0.34661437150261,6
v31,C++,ocr_only,23,1320.0,1380.0,reference,0.016652850954689644,-0.00465516496154751,0.5370289226683604,0.05422770099910805,0.24734818966680902,7
v31,C++,ocr_only,23,1320.0,1380.0,class,0.016543521923402877,-0.00505375212369417,0.5334491701976171,0.0,0.21337966807904685,8
v31,C++,ocr_only,23,1320.0,1380.0,pointer,0.0002516252146714865,-0.0033249837583511892,4.788501756655739e-06,0.23519857866882737,0.14112106260199908,9
v31,C++,ocr_only,23,1320.0,1380.0,inheritance,0.0002848891701779712,-0.00430760936513272,0.0010939477626550798,0.10151256803156178,0.061345119923999096,10
v31,C++,ocr_only,24,1380.0,1440.0,template,0.021796929864007008,0.029233847539690324,0.7053811904438837,0.9454706435090556,0.8494348622829868,1
v31,C++,ocr_only,24,1380.0,1440.0,class,0.016547903156235513,0.03079321108377744,0.5335280434386218,1.0,0.8134112173754487,2
v31,C++,ocr_only,24,1380.0,1440.0,constructor,0.030795671096976972,0.01458927015529095,1.0,0.4333646731718898,0.6600188039031338,3
v31,C++,ocr_only,24,1380.0,1440.0,variable,0.019699388965602294,0.010503683391134543,0.6367076963979497,0.29049586109651776,0.42898059521709053,4
v31,C++,ocr_only,24,1380.0,1440.0,data type,0.011416247754459916,0.015609103337777902,0.36551763327324854,0.4690272018875275,0.42762337444181586,5
v31,C++,ocr_only,24,1380.0,1440.0,reference,0.016653208806035276,0.01164982156137044,0.5369757506657025,0.3305751467189475,0.4131353882976495,6
v31,C++,ocr_only,24,1380.0,1440.0,object,0.00028651273441869133,0.012598992265538025,0.001130082015999358,0.36376668046652844,0.2187120410863168,7
v31,C++,ocr_only,24,1380.0,1440.0,inheritance,0.0002884179584220755,0.006701245204150096,0.001192459054440936,0.1575284666623746,0.09499406361920114,8
v31,C++,ocr_only,24,1380.0,1440.0,polymorphism,0.00025224653762394983,0.005327783632440711,8.206650732251455e-06,0.10949991299101233,0.0657032304549003,9
v31,C++,ocr_only,24,1380.0,1440.0,pointer,0.0002519958763493348,0.0021964396484483034,0.0,0.0,0.0,10
v31,C++,ocr_only,25,1440.0,1500.0,class,0.016540935157369797,0.041690113546416274,0.5334048317317595,1.0,0.8133619326927037,1
v31,C++,ocr_only,25,1440.0,1500.0,template,0.021797168158878635,0.03443852156278088,0.7055175480052942,0.8254589460928399,0.7774823868578216,2
v31,C++,ocr_only,25,1440.0,1500.0,constructor,0.030790509360233115,0.014838433908705343,1.0,0.3536977157953762,0.6122186294772257,3
v31,C++,ocr_only,25,1440.0,1500.0,data type,0.011414750336690512,0.022370735616561783,0.3655504779856431,0.534995268305615,0.46721735217762617,4
v31,C++,ocr_only,25,1440.0,1500.0,reference,0.01665263419123727,0.01681622682629887,0.5370623606347859,0.4013018916819835,0.4556060792631044,5
v31,C++,ocr_only,25,1440.0,1500.0,variable,0.01969936906610946,0.01359363826698302,0.636826167705179,0.3237363026745662,0.4489722486868113,6
v31,C++,ocr_only,25,1440.0,1500.0,object,0.0002806121173046138,0.01764938252595896,0.0009687001699734639,0.4213554018926513,0.25320072120358017,7
v31,C++,ocr_only,25,1440.0,1500.0,inheritance,0.0002828116979956861,0.011323138190937686,0.001040724337717664,0.2690868578266547,0.1618684044310799,8
v31,C++,ocr_only,25,1440.0,1500.0,polymorphism,0.00025102851702089277,0.006412503296119576,0.0,0.15089110276637885,0.0905346616598273,9
v31,C++,ocr_only,25,1440.0,1500.0,pointer,0.0002514060049457609,0.00014348700036263183,1.2360652979208267e-05,0.0,4.944261191683307e-06,10
v31,C++,ocr_only,26,1500.0,1560.0,class,0.016539673407675367,0.04519831958816542,0.5333832222697135,1.0,0.8133532889078854,1
v31,C++,ocr_only,26,1500.0,1560.0,template,0.021797210055355076,0.03440248590792738,0.7055426598973709,0.74365841119129,0.7284121106737222,2
v31,C++,ocr_only,26,1500.0,1560.0,constructor,0.030789573634725623,0.011193315504265524,1.0,0.19256844515213276,0.5155410670912797,3
v31,C++,ocr_only,26,1500.0,1560.0,data type,0.011414478447091342,0.026997471792226946,0.36555734842903304,0.5678301111458487,0.48692100605912236,4
v31,C++,ocr_only,26,1500.0,1560.0,variable,0.019699363702986795,0.016141589484529276,0.6368481224256545,0.31006269816971366,0.44077686787209,5
v31,C++,ocr_only,26,1500.0,1560.0,reference,0.016652529113138158,0.015887726148416555,0.5370787123989399,0.3040348421609149,0.3972523902561249,6
v31,C++,ocr_only,26,1500.0,1560.0,object,0.00027954506500037837,0.017667025666842123,0.0009409895629042529,0.3462834057299052,0.2081464392631048,7
v31,C++,ocr_only,26,1500.0,1560.0,inheritance,0.00028179771451538444,0.015612821419501467,0.0010147531711611375,0.29750736896446167,0.17891032264714146,8
v31,C++,ocr_only,26,1500.0,1560.0,polymorphism,0.0002508084056558404,0.005415863654074836,0.0,0.05538578465462058,0.03323147079277235,9
v31,C++,ocr_only,26,1500.0,1560.0,pointer,0.0002512992133725464,0.0030832896766740717,1.6071629387254458e-05,0.0,6.4286517549017835e-06,10
v31,C++,ocr_only,27,1560.0,1620.0,class,0.016537182898320502,0.04439310330011796,0.5333405681760385,1.0,0.8133362272704154,1
v31,C++,ocr_only,27,1560.0,1620.0,template,0.021797292468112302,0.03255056068413101,0.7055922285066166,0.747590118169135,0.7307909623041277,2
v31,C++,ocr_only,27,1560.0,1620.0,data type,0.011413941389779567,0.03103205210919803,0.36557089638274887,0.7152248920190879,0.5753632937645523,3
v31,C++,ocr_only,27,1560.0,1620.0,constructor,0.03078772619328733,0.008106513549295941,1.0,0.22659397326671574,0.5359563839600294,4
v31,C++,ocr_only,27,1560.0,1620.0,reference,0.016652322841013808,0.01990669676037918,0.5371110307559794,0.4781010141509298,0.5017050207929497,5
v31,C++,ocr_only,27,1560.0,1620.0,variable,0.019699353459405673,0.01663219498565337,0.6368914775569919,0.40830885609715717,0.4997419046810911,6
v31,C++,ocr_only,27,1560.0,1620.0,object,0.00027743804945235933,0.018777945447537962,0.000886251472525314,0.45404300610913717,0.2727803042544924,7
v31,C++,ocr_only,27,1560.0,1620.0,inheritance,0.00027979517020395764,0.013583791351991035,0.0009634395914561788,0.3433357142731398,0.20638680440046633,8
v31,C++,ocr_only,27,1560.0,1620.0,polymorphism,0.00025037427634894897,0.005366376101247053,0.0,0.1681911630012357,0.10091469780074143,9
v31,C++,ocr_only,27,1560.0,1620.0,pointer,0.00025108857119477226,-0.0025248007458195604,2.3390857457652832e-05,0.0,9.356342983061133e-06,10
v31,C++,ocr_only,28,1620.0,1680.0,class,0.016549571624041408,0.01955736577281391,0.5335587917252559,1.0,0.8134235166901024,1
v31,C++,ocr_only,28,1620.0,1680.0,template,0.02179688431571464,0.01107093257089745,0.70534960190367,0.6576015979327215,0.676700799521101,2
v31,C++,ocr_only,28,1620.0,1680.0,data type,0.011416608783929109,0.00977748512256214,0.3655116604159526,0.6054154404586963,0.5094539284415989,3
v31,C++,ocr_only,28,1620.0,1680.0,variable,0.019699397710755587,0.005106254062988894,0.6366803716944469,0.416947327597839,0.5048405452364821,4
v31,C++,ocr_only,28,1620.0,1680.0,reference,0.01665335573772735,0.006459833715615924,0.5369565608351564,0.4715596127714988,0.4977183919969619,5
v31,C++,ocr_only,28,1620.0,1680.0,constructor,0.030796916226220855,-0.004594505875493621,1.0,0.025555016747552093,0.4153330100485313,6
v31,C++,ocr_only,28,1620.0,1680.0,inheritance,0.00028975998978028676,0.009841511900530203,0.001231793482767891,0.607998700816043,0.36529193788273295,7
v31,C++,ocr_only,28,1620.0,1680.0,object,0.00028792712999228305,0.006595451832060927,0.0011717878215035552,0.47703133749463184,0.28668751762538053,8
v31,C++,ocr_only,28,1620.0,1680.0,polymorphism,0.00025253451595091383,0.003908266873971808,1.3075505741039016e-05,0.36861266338061643,0.22117282823066628,9
v31,C++,ocr_only,28,1620.0,1680.0,pointer,0.0002521351274902986,-0.005227893593697235,0.0,0.0,0.0,10
v31,C++,ocr_only,29,1680.0,1740.0,constructor,0.030800293950878223,0.0014268658553722082,1.0,0.7476883937087448,0.8486130362252469,1
v31,C++,ocr_only,29,1680.0,1740.0,reference,0.016653716678518487,0.0032985156465974,0.5369031737681493,0.874438436704301,0.7394243315298403,2
v31,C++,ocr_only,29,1680.0,1740.0,template,0.021796726494271324,-0.0016342984772143823,0.7052627336178592,0.5403832062795172,0.606335017214854,3
v31,C++,ocr_only,29,1680.0,1740.0,inheritance,0.000293432115264082,0.005152615796579545,0.001339290602135612,1.0,0.6005357162408542,4
v31,C++,ocr_only,29,1680.0,1740.0,variable,0.019699392895529654,-0.001580473548808748,0.6366052404004429,0.5440282856216205,0.5810590675331495,5
v31,C++,ocr_only,29,1680.0,1740.0,class,0.01655412313696511,-0.002513425131303592,0.5336429185050848,0.48084784783438606,0.5019658761026655,6
v31,C++,ocr_only,29,1680.0,1740.0,polymorphism,0.0002533491351859257,0.00019555462291906772,2.7149827534492985e-05,0.6643027344972621,0.398592500629371,7
v31,C++,ocr_only,29,1680.0,1740.0,data type,0.011417573866422517,-0.004100731681003106,0.3654948485391109,0.3733538207120148,0.37021023184285323,8
v31,C++,ocr_only,29,1680.0,1740.0,object,0.0002917940000104591,-0.006797150871740627,0.0012856659012380341,0.19074954828757895,0.11496399533304258,9
v31,C++,ocr_only,29,1680.0,1740.0,pointer,0.0002525197683853084,-0.009613846975277758,0.0,0.0,0.0,10
v31,C++,ocr_only,30,1740.0,1800.0,constructor,0.030792281535995655,0.008723183953532228,1.0,1.0,1.0,1
v31,C++,ocr_only,30,1740.0,1800.0,variable,0.019699366321268234,0.002480409496192692,0.6367841098282386,0.6984790253821717,0.6738010591605985,2
v31,C++,ocr_only,30,1740.0,1800.0,reference,0.016652829413696262,0.000156881173121019,0.5370311960625429,0.586254480139948,0.5665651665089859,3
v31,C++,ocr_only,30,1740.0,1800.0,template,0.021797076770951607,-0.007135418218595644,0.7054695503599387,0.23404229710803803,0.42261319840879835,4
v31,C++,ocr_only,30,1740.0,1800.0,polymorphism,0.0002514502703765018,-0.00021105203303433678,0.0,0.5684836028365408,0.34109016170192447,5
v31,C++,ocr_only,30,1740.0,1800.0,pointer,0.00025161008169767476,-0.0003514646259249614,5.232710261978539e-06,0.5617017877723713,0.3370231657475276,6
v31,C++,ocr_only,30,1740.0,1800.0,data type,0.0114152626711504,-0.00711368824610159,0.36553728036019045,0.23509183726515887,0.2872700145031715,7
v31,C++,ocr_only,30,1740.0,1800.0,inheritance,0.0002847513876240668,-0.003327027299020635,0.001090380185068938,0.4179845089632003,0.2512268574519477,8
v31,C++,ocr_only,30,1740.0,1800.0,class,0.016543339796135217,-0.011981095293548759,0.5334461719154006,0.0,0.21337846876616023,9
v31,C++,ocr_only,30,1740.0,1800.0,object,0.0002826553471069655,-0.009489717877622917,0.0010217494232251728,0.1203315211408333,0.07260761245379005,10
v31,C++,ocr_only,31,1800.0,1860.0,constructor,0.03078886968475454,0.011189464982408933,1.0,1.0,1.0,1
v31,C++,ocr_only,31,1800.0,1860.0,variable,0.01969937678603346,-0.00015348619619400867,0.6368653012056077,0.514217455105504,0.5632765935455455,2
v31,C++,ocr_only,31,1800.0,1860.0,reference,0.01665245886206128,-0.002799031471610312,0.5370914312299592,0.4009171599451373,0.45538686845906606,3
v31,C++,ocr_only,31,1800.0,1860.0,template,0.021797252181711805,-0.0057960801747175585,0.7055619816467557,0.2725630902463638,0.44576264680652056,4
v31,C++,ocr_only,31,1800.0,1860.0,polymorphism,0.0002506343259793816,0.0011048435310317068,0.0,0.5681077176644399,0.34086463059866395,5
v31,C++,ocr_only,31,1800.0,1860.0,pointer,0.00025121799315940175,-0.0018857296603271851,1.911266886128252e-05,0.44003097355114057,0.2640262291982289,6
v31,C++,ocr_only,31,1800.0,1860.0,data type,0.01141428008550647,-0.008113156517523168,0.36556289609966663,0.17333007541630488,0.25022320368964956,7
v31,C++,ocr_only,31,1800.0,1860.0,class,0.016538714069429084,-0.012160388357970855,0.5333667630788406,0.0,0.21334670523153623,8
v31,C++,ocr_only,31,1800.0,1860.0,inheritance,0.0002810158477521084,-0.006393842520054436,0.000994868282852391,0.24696282901032665,0.14857564471933696,9
v31,C++,ocr_only,31,1800.0,1860.0,object,0.00027872021003062125,-0.007741083563900916,0.0009196957100263226,0.18926477736917807,0.11392674470551736,10
v31,C++,ocr_only,32,1860.0,1920.0,constructor,0.03078716459480855,0.018021464398358347,1.0,1.0,1.0,1
v31,C++,ocr_only,32,1860.0,1920.0,template,0.02179732890933466,-0.00730752405425486,0.7056077519040331,0.3225981647915018,0.47580199963651426,2
v31,C++,ocr_only,32,1860.0,1920.0,variable,0.019699373492107992,-0.006482350945722658,0.6369055160355348,0.34466670413053513,0.461562228892535,3
v31,C++,ocr_only,32,1860.0,1920.0,reference,0.016652273067228298,-0.008578891154892278,0.537121406999595,0.2885965539965535,0.3880064951977701,4
v31,C++,ocr_only,32,1860.0,1920.0,polymorphism,0.00025023387187947393,0.002269651819948197,0.0,0.578731429861958,0.3472388579171748,5
v31,C++,ocr_only,32,1860.0,1920.0,pointer,0.0002510244315638754,-0.002099377853922186,2.588864256118051e-05,0.4618855193078458,0.277141667041732,6
v31,C++,ocr_only,32,1860.0,1920.0,data type,0.011413785317887566,-0.01436052989833764,0.365575425614919,0.13397163864908027,0.22661315343541577,7
v31,C++,ocr_only,32,1860.0,1920.0,class,0.016536415464472147,-0.01936991415439856,0.5333273910322615,0.0,0.2133309564129046,8
v31,C++,ocr_only,32,1860.0,1920.0,object,0.00027676790042275873,-0.009012972768211672,0.0008689160277447714,0.2769874176094868,0.16654001697678997,9
v31,C++,ocr_only,32,1860.0,1920.0,inheritance,0.00027916043790100184,-0.01011930944370716,0.0009472650111429829,0.2473994024488659,0.14881854747377674,10
v31,C++,ocr_only,33,1920.0,1980.0,constructor,0.042231909568406084,0.04501488479264652,1.0,1.0,1.0,1
v31,C++,ocr_only,33,1920.0,1980.0,variable,0.025456518168535332,-0.004699405065423959,0.5968615414697506,0.552307936911974,0.5701293787350846,2
v31,C++,ocr_only,33,1920.0,1980.0,reference,0.01983731305730506,-0.017657021996645535,0.46182339942531975,0.4356207173377975,0.4461017901728064,3
v31,C++,ocr_only,33,1920.0,1980.0,data type,0.016819848174714415,-0.025760174125956922,0.3893090769609196,0.3626494065809844,0.3733132747329585,4
v31,C++,ocr_only,33,1920.0,1980.0,template,0.0241886120969699,-0.03946814345383068,0.5663918083310072,0.23920503904272558,0.37007974675803823,5
v31,C++,ocr_only,33,1920.0,1980.0,polymorphism,0.0006199247901986325,-0.007041944730640489,0.0,0.5312126659429958,0.31872759956579744,6
v31,C++,ocr_only,33,1920.0,1980.0,pointer,0.0014493804105447108,-0.00866656787674403,0.019933094390164035,0.516582448150564,0.317922706646404,7
v31,C++,ocr_only,33,1920.0,1980.0,class,0.028964356570158455,-0.06603084051049687,0.6811602938681272,0.0,0.27246411754725086,8
v31,C++,ocr_only,33,1920.0,1980.0,inheritance,0.006572759232187952,-0.032911955939571615,0.14305576803697356,0.29824547032777815,0.23616958941145633,9
v31,C++,ocr_only,33,1920.0,1980.0,object,0.0058795677056346935,-0.04696265448254105,0.12639730941626653,0.17171472360508827,0.1535877579295596,10
v31,C++,ocr_only,34,1980.0,2040.0,constructor,0.062098800998053046,0.0498637909863769,1.0,0.9174030271093039,0.9504418162655823,1
v31,C++,ocr_only,34,1980.0,2040.0,template,0.028339084942628597,0.055248328245869525,0.44507637720077553,1.0,0.7780305508803103,2
v31,C++,ocr_only,34,1980.0,2040.0,class,0.05053854549244209,0.031505603885326625,0.8099788856302436,0.6357946716959253,0.7054683572696526,3
v31,C++,ocr_only,34,1980.0,2040.0,variable,0.03544931232054804,0.030239444062511115,0.56195037960659,0.616372210020874,0.5946034778551603,4
v31,C++,ocr_only,34,1980.0,2040.0,reference,0.025365888022661168,0.0371328871767343,0.3962046034152635,0.7221152862759912,0.5917510131317001,5
v31,C++,ocr_only,34,1980.0,2040.0,data type,0.026203832429045223,0.015771708216440666,0.40997827215500016,0.39444205560306683,0.4006565422238402,6
v31,C++,ocr_only,34,1980.0,2040.0,inheritance,0.0174988811796803,-0.001528139880006037,0.2668910768818619,0.12906826109244723,0.18419738740821312,7
v31,C++,ocr_only,34,1980.0,2040.0,pointer,0.0035296324667809286,0.005330887593618821,0.037272258677969884,0.23428341310885586,0.15547895133650147,8
v31,C++,ocr_only,34,1980.0,2040.0,object,0.015606778290985387,-0.005474664611807182,0.2357897314801505,0.06852991200583382,0.1354338397955605,9
v31,C++,ocr_only,34,1980.0,2040.0,polymorphism,0.001262111644067898,-0.009942163258197986,0.0,0.0,0.0,10
v31,C++,ocr_only,35,2040.0,2100.0,constructor,0.07260112034655662,0.03317224667273491,1.0,0.8206209537302337,0.8923725722381401,1
v31,C++,ocr_only,35,2040.0,2100.0,template,0.030542236799435823,0.04169350876806518,0.4076778564560217,1.0,0.7630711425824087,2
v31,C++,ocr_only,35,2040.0,2100.0,class,0.061934014535498856,0.014860348191951877,0.8497734022745191,0.4351415672116884,0.6009943012368206,3
v31,C++,ocr_only,35,2040.0,2100.0,reference,0.028294411846361476,0.0212084105694672,0.3760213695921952,0.5687731070235794,0.4916724120510257,4
v31,C++,ocr_only,35,2040.0,2100.0,variable,0.040749581076166,0.01330763322319643,0.5514295572140906,0.4024557365086548,0.46204526479082914,5
v31,C++,ocr_only,35,2040.0,2100.0,data type,0.031171008183986004,0.0029109969096913547,0.4165329468171013,0.18359863700080561,0.2767723609273239,6
v31,C++,ocr_only,35,2040.0,2100.0,object,0.02072569563038255,-0.0003701989011068197,0.26942989985187193,0.11452697031801747,0.17648814213155928,7
v31,C++,ocr_only,35,2040.0,2100.0,pointer,0.004628982526657615,0.0030385289932762117,0.0427372536020289,0.18628328432960736,0.12886487203857597,8
v31,C++,ocr_only,35,2040.0,2100.0,inheritance,0.023255756176412807,-0.005810713561867525,0.30506115678340023,0.0,0.1220244627133601,9
v31,C++,ocr_only,35,2040.0,2100.0,polymorphism,0.0015943480934135304,-0.0004581383213268169,0.0,0.1126757786574272,0.06760546719445631,10
v31,C++,ocr_only,36,2100.0,2160.0,constructor,0.0764877118447006,0.0340006824563302,1.0,0.8106209838481717,0.886372590308903,1
v31,C++,ocr_only,36,2100.0,2160.0,template,0.031313947401897635,0.043550502796799125,0.39555218769245537,1.0,0.7582208750769821,2
v31,C++,ocr_only,36,2100.0,2160.0,class,0.0661962744750655,0.012798543250953363,0.8622953636849914,0.39016906748979446,0.5790195859678733,3
v31,C++,ocr_only,36,2100.0,2160.0,reference,0.029349658109104695,0.017725774002832994,0.3692690036272631,0.48787918965720045,0.4404351152452255,4
v31,C++,ocr_only,36,2100.0,2160.0,variable,0.04262573128187424,0.01075794713967762,0.5469095762980652,0.34970274769118853,0.4285854791339392,5
v31,C++,ocr_only,36,2100.0,2160.0,data type,0.03297804899516932,0.0017750262145579709,0.41781870853519243,0.17156570779737865,0.27006690809250417,6
v31,C++,ocr_only,36,2100.0,2160.0,object,0.022731765627343532,0.0010875616559009062,0.28071825559846153,0.1579328480035647,0.20704701104152343,7
v31,C++,ocr_only,36,2100.0,2160.0,pointer,0.005037457979973366,0.005865419048128145,0.0439594713866331,0.2526808013676072,0.16919226937521753,8
v31,C++,ocr_only,36,2100.0,2160.0,inheritance,0.025477842037649728,-0.006876521984091479,0.3174621466403643,0.0,0.12698485865614573,9
v31,C++,ocr_only,36,2100.0,2160.0,polymorphism,0.001752120908657252,0.00015144175100070167,0.0,0.1393689944157768,0.08362139664946608,10
v32,C++,ocr_only,1,0.0,60.0,variable,0.060202227743964234,0.48724838473716575,0.36734278086312133,1.0,0.7469371123452485,1
v32,C++,ocr_only,1,0.0,60.0,class,0.14690993674182107,0.0782265040040884,0.9983251517589622,0.21588600426612028,0.528861663263257,2
v32,C++,ocr_only,1,0.0,60.0,data type,0.060111566996275,0.2532760824606203,0.36668303175678113,0.5514641991760789,0.4775517322083598,3
v32,C++,ocr_only,1,0.0,60.0,constructor,0.14714008937460113,-0.018756011486164282,1.0,0.029966005069277355,0.41797960304156645,4
v32,C++,ocr_only,1,0.0,60.0,pointer,0.011547205132633987,0.24873762443721514,0.013274360902368651,0.5427637637645928,0.3309680026197031,5
v32,C++,ocr_only,1,0.0,60.0,object,0.0783019709914287,-0.006732306827018992,0.49905677767940676,0.0530160069100323,0.2314323152177821,6
v32,C++,ocr_only,1,0.0,60.0,inheritance,0.0821968281158059,-0.019655981636179938,0.5274001189006681,0.02824072037520371,0.22790447978538947,7
v32,C++,ocr_only,1,0.0,60.0,reference,0.039732101796472276,0.07597182159255117,0.21837922557873246,0.21156367307040833,0.214289894073738,8
v32,C++,ocr_only,1,0.0,60.0,template,0.04045650227819029,0.026038200664171385,0.2236507745415106,0.11583859607100948,0.15896346745920992,9
v32,C++,ocr_only,1,0.0,60.0,polymorphism,0.009723082185076854,-0.03438735057484007,0.0,0.0,0.0,10
v32,C++,ocr_only,2,60.0,120.0,variable,0.0606791106516185,0.4511507033584828,0.39018333062366206,1.0,0.7560733322494648,1
v32,C++,ocr_only,2,60.0,120.0,constructor,0.1419428802995449,-0.0008853332625644832,1.0,0.05929906138691851,0.4355794368321511,2
v32,C++,ocr_only,2,60.0,120.0,class,0.14093666429855942,-0.0038427118331442766,0.9924491899274106,0.05314466533926258,0.4288664751745218,3
v32,C++,ocr_only,2,60.0,120.0,pointer,0.011235868506296078,0.2965994176140789,0.01915312394166548,0.6783740060850495,0.4146856532276959,4
v32,C++,ocr_only,2,60.0,120.0,reference,0.040095303376634826,0.13676422285406967,0.2357190613693835,0.34575203448725544,0.30173884524010663,5
v32,C++,ocr_only,2,60.0,120.0,data type,0.058709052513159665,0.0840161618807099,0.37539969090724673,0.23598169219647622,0.29174889168078444,6
v32,C++,ocr_only,2,60.0,120.0,object,0.07231122034330792,0.009144825315798223,0.4774725915173975,0.08017213084313479,0.23909231511283988,7
v32,C++,ocr_only,2,60.0,120.0,inheritance,0.07635638309615592,-0.022300379156613506,0.5078281569522078,0.014733690175458437,0.2119714768861582,8
v32,C++,ocr_only,2,60.0,120.0,template,0.04010658341425661,-0.02234039500377613,0.23580370862366123,0.014650415962927377,0.10311173302722093,9
v32,C++,ocr_only,2,60.0,120.0,polymorphism,0.008683535764022107,-0.02938037518759023,0.0,0.0,0.0,10
v32,C++,ocr_only,3,120.0,180.0,variable,0.05964781498807675,0.45217325302043987,0.38085783516573124,1.0,0.7523431340662925,1
v32,C++,ocr_only,3,120.0,180.0,constructor,0.14194922936402618,-0.0006407062226280711,1.0,0.058998814398651456,0.4353992886391909,2
v32,C++,ocr_only,3,120.0,180.0,class,0.14120580327608517,-0.0035472187173860156,0.994407308295098,0.05295873624358687,0.4295381650641914,3
v32,C++,ocr_only,3,120.0,180.0,pointer,0.011192651658703515,0.29752648546427857,0.016336338802320476,0.6786256504480946,0.413709925789785,4
v32,C++,ocr_only,3,120.0,180.0,reference,0.039581892792415585,0.13677679663000597,0.22990467595431235,0.3445687056689258,0.2987030937830804,5
v32,C++,ocr_only,3,120.0,180.0,data type,0.05835077518141498,0.08412087127488967,0.37110038397413353,0.23514343911811525,0.28952621706052256,6
v32,C++,ocr_only,3,120.0,180.0,object,0.07353744910093539,0.00870758040076889,0.48534763280284504,0.07842566424811849,0.2411944516700091,7
v32,C++,ocr_only,3,120.0,180.0,inheritance,0.07739705191904031,-0.022109675577708373,0.5143828913378459,0.014383746324027257,0.21438340432955472,8
v32,C++,ocr_only,3,120.0,180.0,template,0.039763333548262274,-0.022480515846777693,0.23126962968221465,0.013613096202184101,0.10067570959419632,9
v32,C++,ocr_only,3,120.0,180.0,polymorphism,0.009021092579835781,-0.029031198336012295,0.0,0.0,0.0,10
v32,C++,ocr_only,4,180.0,240.0,class,0.08776841605282842,0.006650364853541854,0.9885776899942817,0.8745924842931523,0.920186566573604,1
v32,C++,ocr_only,4,180.0,240.0,constructor,0.0887154774451106,-0.005183313824613083,1.0,0.7615012182935526,0.8569007309761315,2
v32,C++,ocr_only,4,180.0,240.0,inheritance,0.0576919910614251,0.01977279505700032,0.6258321986088817,1.0,0.8503328794435527,3
v32,C++,ocr_only,4,180.0,240.0,variable,0.02511480811222827,0.009555487890570973,0.23292558686110343,0.9023559592934258,0.6345838103204969,4
v32,C++,ocr_only,4,180.0,240.0,template,0.024232189250418663,0.0056245008176305285,0.22228050478021577,0.8647885792083507,0.6077853494370968,5
v32,C++,ocr_only,4,180.0,240.0,object,0.058157540428508674,-0.028910786987167994,0.6314470924659529,0.5347441757959913,0.5734253424639759,6
v32,C++,ocr_only,4,180.0,240.0,pointer,0.00580217953881483,0.006586152062169781,0.0,0.8739788200162067,0.524387292009724,7
v32,C++,ocr_only,4,180.0,240.0,data type,0.031238838813459558,-0.027424399833901245,0.30678624438979496,0.5489491757372849,0.4520840031982889,8
v32,C++,ocr_only,4,180.0,240.0,polymorphism,0.00983499316085349,-0.02128437331951631,0.04863892432063592,0.6076277481971523,0.3840322186465457,9
v32,C++,ocr_only,4,180.0,240.0,reference,0.02020616638154189,-0.0848655125395988,0.17372348231770596,0.0,0.06948939292708238,10
v32,C++,ocr_only,5,240.0,300.0,class,0.13016520953641067,0.10029762657459071,0.9681944145751894,0.9288685921038763,0.9445989210924015,1
v32,C++,ocr_only,5,240.0,300.0,data type,0.05929656475853123,0.10911231097575726,0.4215150591436377,1.0,0.768606023657455,2
v32,C++,ocr_only,5,240.0,300.0,variable,0.06850114048959101,0.08442553381445964,0.49251897834440833,0.8007863769157091,0.6774794174871888,3
v32,C++,ocr_only,5,240.0,300.0,constructor,0.13428831883810374,0.010779260606804043,1.0,0.20648681255809745,0.5238920875348585,4
v32,C++,ocr_only,5,240.0,300.0,object,0.05506432214028917,0.0018515801958269775,0.3888676214252761,0.13444356654064496,0.2362131884944974,5
v32,C++,ocr_only,5,240.0,300.0,inheritance,0.06078087529429577,-0.014808818408312012,0.4329650019144539,0.0,0.17318600076578158,6
v32,C++,ocr_only,5,240.0,300.0,reference,0.04369698502176998,-0.007550445056699793,0.3011802027029004,0.05857252421511035,0.15561559561022636,7
v32,C++,ocr_only,5,240.0,300.0,template,0.04202360073593366,-0.010114844304841962,0.2882717486801443,0.03787872275535835,0.13803593312527274,8
v32,C++,ocr_only,5,240.0,300.0,pointer,0.01103699007405163,-0.006681043887615178,0.04924163322161376,0.06558828636484089,0.05904962510755004,9
v32,C++,ocr_only,5,240.0,300.0,polymorphism,0.004653562972967129,-0.005772985226723912,0.0,0.07291600089911468,0.04374960053946881,10
v32,C++,ocr_only,6,300.0,360.0,class,0.135431646605112,0.08687896233425821,0.9651852106479452,0.9547265620946545,0.9589100215159707,1
v32,C++,ocr_only,6,300.0,360.0,data type,0.06301110788160084,0.0921182444433656,0.4338935056082975,1.0,0.7735574022433189,2
v32,C++,ocr_only,6,300.0,360.0,variable,0.07452333775905108,0.07075825684493525,0.5183495500979699,0.8154250807538131,0.6965948684914758,3
v32,C++,ocr_only,6,300.0,360.0,constructor,0.14017726144627204,0.011256517156219082,1.0,0.30126144898936963,0.5807568693936218,4
v32,C++,ocr_only,6,300.0,360.0,object,0.054095223040958436,0.00942411506602299,0.3684847729142915,0.28542738231372505,0.31865033855395164,5
v32,C++,ocr_only,6,300.0,360.0,reference,0.04702734895280721,0.010448948312557566,0.3166334205011904,0.2942831231163942,0.3032232420703127,6
v32,C++,ocr_only,6,300.0,360.0,inheritance,0.060652437283225516,-0.022279814198387024,0.4165898215163855,0.011468881317436107,0.17351725739701587,7
v32,C++,ocr_only,6,300.0,360.0,template,0.044549466525870454,-0.02360705391063393,0.2984551743475531,0.0,0.11938206973902124,8
v32,C++,ocr_only,6,300.0,360.0,polymorphism,0.0038669482293420343,-0.002068460635532394,0.0,0.18611827821100752,0.11167096692660451,9
v32,C++,ocr_only,6,300.0,360.0,pointer,0.01170896463517776,-0.009662743175375155,0.057530616875302816,0.12049492145272876,0.09530919962175839,10
v32,C++,ocr_only,7,360.0,420.0,data type,0.06336628864090847,0.30867405323426783,0.4348208673515488,1.0,0.7739283469406195,1
v32,C++,ocr_only,7,360.0,420.0,class,0.1359846334600685,0.10657147424129383,0.9649885635640676,0.380392853031885,0.614231137244758,2
v32,C++,ocr_only,7,360.0,420.0,constructor,0.14078023413864982,0.04345273017570585,1.0,0.18688307633552131,0.5121298458013128,3
v32,C++,ocr_only,7,360.0,420.0,variable,0.0750191369672911,0.12373961324492047,0.5198952898944619,0.43302702365847034,0.46777433015286696,4
v32,C++,ocr_only,7,360.0,420.0,inheritance,0.060777374752173464,0.016550887779572247,0.4159198786895063,0.10440726678222664,0.2290123115451385,5
v32,C++,ocr_only,7,360.0,420.0,object,0.05413843877882233,-0.0007319678363896122,0.36745072948128427,0.05142139736370589,0.17783313021073724,6
v32,C++,ocr_only,7,360.0,420.0,reference,0.047259364624989995,-0.0037505795188197896,0.3172283937162021,0.0421669218311586,0.152191510585176,7
v32,C++,ocr_only,7,360.0,420.0,template,0.04477378556645577,-0.01750452617997868,0.2990818258413931,0.0,0.11963273033655725,8
v32,C++,ocr_only,7,360.0,420.0,pointer,0.01176841171273403,0.023401046929288134,0.058118153889954074,0.12540852064143912,0.09849237394084509,9
v32,C++,ocr_only,7,360.0,420.0,polymorphism,0.0038078283547055185,0.017912300289340048,0.0,0.10858109239705588,0.06514865543823352,10
v32,C++,ocr_only,8,420.0,480.0,data type,0.06305283847513506,0.29249141895077563,0.4340017586126071,1.0,0.7736007034450428,1
v32,C++,ocr_only,8,420.0,480.0,class,0.13549690973240833,0.08182805343570436,0.9651623785574248,0.32146269993179405,0.5789425713820464,2
v32,C++,ocr_only,8,420.0,480.0,constructor,0.14024835220659254,0.04144532683567714,1.0,0.19139173951786934,0.5148350437107216,3
v32,C++,ocr_only,8,420.0,480.0,variable,0.07458134171714904,0.10526001620236178,0.51852885410559,0.3969360064182461,0.44557314549318366,4
v32,C++,ocr_only,8,420.0,480.0,inheritance,0.06066761808886032,0.022206839172875612,0.4165133000391043,0.12942542921899144,0.24426057754703662,5
v32,C++,ocr_only,8,420.0,480.0,object,0.054100838649118854,-0.0027540747145335057,0.36836561068759277,0.049027439397710114,0.1767627079136632,6
v32,C++,ocr_only,8,420.0,480.0,reference,0.04705444897990986,-0.005624005835573762,0.3167014145689347,0.039783519319384696,0.15055067741920472,7
v32,C++,ocr_only,8,420.0,480.0,template,0.04457579922583902,-0.017975471364459195,0.2985279309815368,0.0,0.11941117239261473,8
v32,C++,ocr_only,8,420.0,480.0,pointer,0.011715941218856775,0.025368377298044843,0.05759913933062543,0.13960860244547993,0.10680481719953812,9
v32,C++,ocr_only,8,420.0,480.0,polymorphism,0.003860094988277889,0.01881009590023009,0.0,0.11848467070784519,0.07109080242470711,10
v32,C++,ocr_only,9,480.0,540.0,data type,0.06305283847513506,0.29249141895077563,0.4340017586126071,1.0,0.7736007034450428,1
v32,C++,ocr_only,9,480.0,540.0,class,0.13549690973240833,0.08182805343570436,0.9651623785574248,0.32146269993179405,0.5789425713820464,2
v32,C++,ocr_only,9,480.0,540.0,constructor,0.14024835220659254,0.04144532683567714,1.0,0.19139173951786934,0.5148350437107216,3
v32,C++,ocr_only,9,480.0,540.0,variable,0.07458134171714904,0.10526001620236178,0.51852885410559,0.3969360064182461,0.44557314549318366,4
v32,C++,ocr_only,9,480.0,540.0,inheritance,0.06066761808886032,0.022206839172875612,0.4165133000391043,0.12942542921899144,0.24426057754703662,5
v32,C++,ocr_only,9,480.0,540.0,object,0.054100838649118854,-0.0027540747145335057,0.36836561068759277,0.049027439397710114,0.1767627079136632,6
v32,C++,ocr_only,9,480.0,540.0,reference,0.04705444897990986,-0.005624005835573762,0.3167014145689347,0.039783519319384696,0.15055067741920472,7
v32,C++,ocr_only,9,480.0,540.0,template,0.04457579922583902,-0.017975471364459195,0.2985279309815368,0.0,0.11941117239261473,8
v32,C++,ocr_only,9,480.0,540.0,pointer,0.011715941218856775,0.025368377298044843,0.05759913933062543,0.13960860244547993,0.10680481719953812,9
v32,C++,ocr_only,9,480.0,540.0,polymorphism,0.003860094988277889,0.01881009590023009,0.0,0.11848467070784519,0.07109080242470711,10
v32,C++,ocr_only,10,540.0,600.0,data type,0.06324849779198019,0.605609366186865,0.4345142926152338,1.0,0.7738057170460935,1
v32,C++,ocr_only,10,540.0,600.0,class,0.13580122762122562,0.20684788109361188,0.9650533987175627,0.40514830296565646,0.629110341266419,2
v32,C++,ocr_only,10,540.0,600.0,variable,0.07485470960697001,0.2501537656306812,0.5193842796722463,0.4697497749519109,0.4896035768400451,3
v32,C++,ocr_only,10,540.0,600.0,constructor,0.1405802746172561,-0.047213190398893615,1.0,0.026153176361746654,0.415691905817048,4
v32,C++,ocr_only,10,540.0,600.0,reference,0.0471824054164547,0.05893503108041948,0.3170315968224022,0.18449958654572027,0.237512390656393,5
v32,C++,ocr_only,10,540.0,600.0,object,0.05412410372735697,0.02915378339046608,0.36779250444594436,0.14007346619453834,0.23116108149510073,6
v32,C++,ocr_only,10,540.0,600.0,template,0.04469940851399051,0.01877609473463706,0.29887477542934693,0.12459256861795745,0.19430545134251326,7
v32,C++,ocr_only,10,540.0,600.0,inheritance,0.06073594139820915,-0.03964580239602426,0.41614131855457126,0.03744181321335098,0.1889216153498391,8
v32,C++,ocr_only,10,540.0,600.0,polymorphism,0.003827433978866577,-0.030039293887274363,0.0,0.05177230425279622,0.031063382551677732,9
v32,C++,ocr_only,10,540.0,600.0,pointer,0.01174869233372168,-0.06474508868196055,0.05792390357580209,0.0,0.02316956143032084,10
v32,C++,ocr_only,11,600.0,660.0,data type,0.06336918734817984,0.644570126678443,0.4348292479721987,1.0,0.7739316991888795,1
v32,C++,ocr_only,11,600.0,660.0,class,0.1359888821433834,0.2346526707284529,0.9649861953917694,0.41452288838069756,0.6347082111851263,2
v32,C++,ocr_only,11,600.0,660.0,variable,0.07502332968262426,0.2677348605012463,0.519909811065261,0.46177353514646907,0.4850280455139858,3
v32,C++,ocr_only,11,600.0,660.0,constructor,0.14078499359046454,-0.032455482129294506,1.0,0.03301752051902718,0.4198105123114163,4
v32,C++,ocr_only,11,600.0,660.0,object,0.05413842441044299,0.0248160014021754,0.3674404615661795,0.1148172640270183,0.21586654304268277,5
v32,C++,ocr_only,11,600.0,660.0,reference,0.04726131169036544,0.04233074222411954,0.317234396985233,0.1398332269199076,0.21079369494603778,6
v32,C++,ocr_only,11,600.0,660.0,template,0.04477567728429178,0.04325753556762852,0.2990881302893819,0.14115694778602225,0.2043294207873661,7
v32,C++,ocr_only,11,600.0,660.0,inheritance,0.06077806307271688,-0.031205013110025045,0.41591285703805614,0.0348035410432681,0.18724726744118333,8
v32,C++,ocr_only,11,600.0,660.0,polymorphism,0.0038072643563860295,-0.023699494377074803,0.0,0.045523527140928645,0.027314116284557186,9
v32,C++,ocr_only,11,600.0,660.0,pointer,0.011768883560569689,-0.055572454158316874,0.05812345735837252,0.0,0.02324938294334901,10
v32,C++,ocr_only,12,660.0,720.0,data type,0.06313573627017899,0.706560942902442,0.4342211999676469,1.0,0.7736884799870587,1
v32,C++,ocr_only,12,660.0,720.0,class,0.13562593051161237,0.3093125692724091,0.9651169900821006,0.46108565259472367,0.6626981875896745,2
v32,C++,ocr_only,12,660.0,720.0,variable,0.07469702400371425,0.3071793934972899,0.5188925000002177,0.45819174765499004,0.4824720485930811,3
v32,C++,ocr_only,12,660.0,720.0,constructor,0.140388967272799,0.02397589900444322,1.0,0.07399275138761396,0.4443956508325684,4
v32,C++,ocr_only,12,660.0,720.0,template,0.04462847837371886,0.11831597423097552,0.2986797600996706,0.2019762082115832,0.2406576289668182,5
v32,C++,ocr_only,12,660.0,720.0,inheritance,0.06069670697240926,-0.007430070993125526,0.4163585028166487,0.031386842970145566,0.18537550690874682,6
v32,C++,ocr_only,12,660.0,720.0,object,0.05411121794848585,0.013577858790846624,0.3681284154892299,0.05988658147482522,0.1831833150805871,7
v32,C++,ocr_only,12,660.0,720.0,reference,0.047109747161197486,0.0154961795307136,0.3168518062253502,0.06248901017753461,0.16423412859666087,8
v32,C++,ocr_only,12,660.0,720.0,pointer,0.011729706761898426,-0.03056616373829612,0.05773931937631837,0.0,0.02309572775052735,9
v32,C++,ocr_only,12,660.0,720.0,polymorphism,0.0038457970476113087,-0.017398492084380993,0.0,0.017863502149477732,0.010718101289686638,10
v33,C++,ocr_only,1,0.0,60.0,constructor,0.06515461271585726,0.02954627296417353,1.0,0.7390843999189985,0.8434506399513991,1
v33,C++,ocr_only,1,0.0,60.0,class,0.05384330338172174,0.02946751547526296,0.8227186153128973,0.7375483959532715,0.7716164836971218,2
v33,C++,ocr_only,1,0.0,60.0,pointer,0.003849113035660283,0.0429245310536615,0.039163057857379925,1.0,0.6156652231429519,3
v33,C++,ocr_only,1,0.0,60.0,template,0.02899068358456291,0.02668158096431772,0.43320518936085706,0.6832144333516074,0.5832107357553072,4
v33,C++,ocr_only,1,0.0,60.0,variable,0.03701219839782967,0.017293040520285838,0.5589258474541244,0.5001101272862215,0.5236364153533827,5
v33,C++,ocr_only,1,0.0,60.0,inheritance,0.01915172154092749,0.014778380011888505,0.2789998039846786,0.45106681005017335,0.3822400076239754,6
v33,C++,ocr_only,1,0.0,60.0,data type,0.027656670301204264,-0.003989954659788277,0.41229728956970674,0.08502877500662642,0.21593618083185856,7
v33,C++,ocr_only,1,0.0,60.0,reference,0.02622488371582846,-0.008349743406488372,0.38985699544161406,0.0,0.15594279817664564,8
v33,C++,ocr_only,1,0.0,60.0,object,0.017069121035801958,-0.0037204685163712975,0.24635934739451934,0.09028455183144378,0.15271447005667402,9
v33,C++,ocr_only,1,0.0,60.0,polymorphism,0.0013503427181939026,-0.007958131608576224,0.0,0.0076375882844818554,0.0045825529706891134,10
v33,C++,ocr_only,2,60.0,120.0,constructor,0.06746829874593033,0.033742416317577226,1.0,0.8079445272196297,0.8847667163317778,1
v33,C++,ocr_only,2,60.0,120.0,class,0.056355117634718156,0.032115207616192416,0.8317299070110792,0.7780242988206183,0.7995065420968026,2
v33,C++,ocr_only,2,60.0,120.0,pointer,0.004091352016432448,0.04418733446088648,0.040378752689718134,1.0,0.6161515010758872,3
v33,C++,ocr_only,2,60.0,120.0,template,0.029474723660300076,0.029078809258274916,0.4247207573904814,0.7221926576169062,0.6032038975263363,4
v33,C++,ocr_only,2,60.0,120.0,variable,0.03817727826916128,0.01851373117156541,0.5564903793034016,0.5279277491643396,0.5393528012199644,5
v33,C++,ocr_only,2,60.0,120.0,inheritance,0.02042274769858404,0.015205773056915128,0.28766037642767234,0.4671028148824193,0.3953258395005205,6
v33,C++,ocr_only,2,60.0,120.0,data type,0.028750007803389873,-0.0009346328807410325,0.41374748129496347,0.17032181088677417,0.2676920790500499,7
v33,C++,ocr_only,2,60.0,120.0,reference,0.02686918037366543,-0.005088131398590635,0.38526895625981056,0.09394953964507369,0.21047730629096845,8
v33,C++,ocr_only,2,60.0,120.0,object,0.01820021067030328,-0.004072443910599999,0.25400785977401996,0.1126254486399282,0.1691784130935649,9
v33,C++,ocr_only,2,60.0,120.0,polymorphism,0.0014245894104640252,-0.010197567943086122,0.0,0.0,0.0,10
v33,C++,ocr_only,3,120.0,180.0,constructor,0.09123129675861547,0.06786193880786723,1.0,0.603389310928139,0.7620335865568835,1
v33,C++,ocr_only,3,120.0,180.0,variable,0.050119470822503835,0.0956803386929049,0.5382478304923465,0.8504077768969585,0.7255437983351137,2
v33,C++,ocr_only,3,120.0,180.0,class,0.08216565162700806,0.05353233530715132,0.8981781710690387,0.47614702922551266,0.6449594859629231,3
v33,C++,ocr_only,3,120.0,180.0,pointer,0.006579752549262412,0.11252691842390147,0.04922651084422312,1.0,0.6196906043376892,4
v33,C++,ocr_only,3,120.0,180.0,reference,0.033478544930559274,0.06243358753710316,0.35134337032162805,0.5551872932281472,0.4736497240655395,5
v33,C++,ocr_only,3,120.0,180.0,data type,0.03997053013216118,0.04819516446832429,0.42425884374063194,0.4287546645075955,0.42695633620081,6
v33,C++,ocr_only,3,120.0,180.0,template,0.03443391396990143,0.047901279974365565,0.3620737068258306,0.4261450644885537,0.40051652142346444,7
v33,C++,ocr_only,3,120.0,180.0,inheritance,0.03350264216718548,0.02581370676687963,0.3516140211875998,0.2300145007884559,0.2786543089481135,8
v33,C++,ocr_only,3,120.0,180.0,object,0.029848501830347374,-8.976298869023148e-05,0.31057212655507915,0.0,0.12422885062203166,9
v33,C++,ocr_only,3,120.0,180.0,polymorphism,0.0021968998440381037,0.010586036309648836,0.0,0.09479767263986705,0.056878603583920224,10
v33,C++,ocr_only,4,180.0,240.0,constructor,0.07311624823505862,0.04145013196486917,1.0,0.8566346665638163,0.9139807999382897,1
v33,C++,ocr_only,4,180.0,240.0,class,0.06248761991391678,0.032870368650884656,0.8513680647789675,0.6962721393177709,0.7583105095022495,2
v33,C++,ocr_only,4,180.0,240.0,variable,0.041019661126532755,0.034059380628435804,0.5511577118148644,0.7184957087413161,0.6515605099707353,3
v33,C++,ocr_only,4,180.0,240.0,pointer,0.004682715605447642,0.049120506393588836,0.04301777412628308,1.0,0.6172071096505132,4
v33,C++,ocr_only,4,180.0,240.0,template,0.03065544712546879,0.030681451718555647,0.40622337621872007,0.6553595595234311,0.5557050862015467,5
v33,C++,ocr_only,4,180.0,240.0,data type,0.031418338237569864,0.01806982947556847,0.41689173143149566,0.4196384164632937,0.4185397424505745,6
v33,C++,ocr_only,4,180.0,240.0,inheritance,0.02352728051357589,0.01205109274296032,0.3065422916900467,0.30714349114333045,0.306903011362017,7
v33,C++,ocr_only,4,180.0,240.0,reference,0.028441412114596155,0.008747728317890419,0.37526206132745227,0.24540101081692683,0.29734543102113703,8
v33,C++,ocr_only,4,180.0,240.0,object,0.020963544796732892,-0.004381789069867692,0.2706907227503663,0.0,0.10827628910014653,9
v33,C++,ocr_only,4,180.0,240.0,polymorphism,0.0016065265501739043,-0.0018307383857774147,0.0,0.0476811445563623,0.028608686733817376,10
v33,C++,ocr_only,5,240.0,300.0,constructor,0.08363094585091053,0.03590931337598296,1.0,1.0,1.0,1
v33,C++,ocr_only,5,240.0,300.0,class,0.07389863237827196,0.022924353929716687,0.8808630942931408,0.6777420909858136,0.7589904923087445,2
v33,C++,ocr_only,5,240.0,300.0,template,0.03285915317672609,0.02778229047180788,0.3784834106096049,0.7983053071172328,0.6303765485141817,3
v33,C++,ocr_only,5,240.0,300.0,variable,0.04632220153730748,0.020271209475721596,0.5432896437391485,0.6118969270024257,0.5844540136971148,4
v33,C++,ocr_only,5,240.0,300.0,pointer,0.005783440699988338,0.02367222876744972,0.0470394416749916,0.6963026866048835,0.4365973886329267,5
v33,C++,ocr_only,5,240.0,300.0,data type,0.036389919539115155,0.0113199840275157,0.42170484818161663,0.3897473540299162,0.40253035169059637,6
v33,C++,ocr_only,5,240.0,300.0,reference,0.03137204536225996,0.009502827974912966,0.3602791651374385,0.34464956898965465,0.3509014074487682,7
v33,C++,ocr_only,5,240.0,300.0,inheritance,0.029295218331454088,0.002115100823971228,0.3348559451770261,0.1613025578663827,0.23072391279064006,8
v33,C++,ocr_only,5,240.0,300.0,object,0.026093703768440193,-0.003033186348928222,0.2956650025830331,0.0335334827138077,0.13838609066149785,9
v33,C++,ocr_only,5,240.0,300.0,polymorphism,0.0019407809528453556,-0.004384374018651777,0.0,0.0,0.0,10
v33,C++,ocr_only,6,300.0,360.0,constructor,0.08457298009583095,0.035834692055901965,1.0,1.0,1.0,1
v33,C++,ocr_only,6,300.0,360.0,class,0.07492017667363152,0.02248824646799122,0.8831420213585498,0.6292345096269348,0.7307975143195808,2
v33,C++,ocr_only,6,300.0,360.0,template,0.03305735218684665,0.027553401908364552,0.3763457223168749,0.7699449952986333,0.6125052861059299,3
v33,C++,ocr_only,6,300.0,360.0,variable,0.04679875618816454,0.019884276017310666,0.5427007826091582,0.5568959701480741,0.5512178951325077,4
v33,C++,ocr_only,6,300.0,360.0,reference,0.031635102132631106,0.017776836027580678,0.3591277951314841,0.4983510927065619,0.4426617736765308,5
v33,C++,ocr_only,6,300.0,360.0,data type,0.036835877905344705,0.013579775932676176,0.42208900107182623,0.38175637586134925,0.39788942594554,6
v33,C++,ocr_only,6,300.0,360.0,pointer,0.005882027290102931,0.0213261660726344,0.0473580285392509,0.5969518089783313,0.37711429680269914,7
v33,C++,ocr_only,6,300.0,360.0,object,0.02655137397180927,0.002111783982735253,0.29758358140907365,0.06317450094136097,0.15693813312844607,8
v33,C++,ocr_only,6,300.0,360.0,inheritance,0.02981037956465082,-0.00016230856700260316,0.33703748814509915,0.0,0.13481499525803967,9
v33,C++,ocr_only,6,300.0,360.0,polymorphism,0.001970118618852392,0.001164990103070791,0.0,0.036872479570668616,0.02212348774240117,10
v33,C++,ocr_only,7,360.0,420.0,constructor,0.09207100399320632,0.02967213877849722,1.0,1.0,1.0,1
v33,C++,ocr_only,7,360.0,420.0,class,0.0830574947621576,0.014672796533987918,0.8996965750053504,0.5914102323407977,0.7147247694066188,2
v33,C++,ocr_only,7,360.0,420.0,reference,0.03372485592241507,0.022840314615822335,0.35071698084183256,0.8138976095209982,0.628625358049332,3
v33,C++,ocr_only,7,360.0,420.0,template,0.03462868655394646,0.022547305622582576,0.360774917837713,0.8059158944218768,0.6278595037882113,4
v33,C++,ocr_only,7,360.0,420.0,data type,0.04038101794096601,0.02063091459324815,0.4247875598656119,0.7537124209191259,0.6221424764977204,5
v33,C++,ocr_only,7,360.0,420.0,variable,0.05057974624219873,0.014701313415347108,0.5382802465630085,0.5921870467996572,0.5706243267049977,6
v33,C++,ocr_only,7,360.0,420.0,object,0.03021001244306616,0.0036119897519789005,0.3116033758893487,0.29010818859026244,0.29870626350989693,7
v33,C++,ocr_only,7,360.0,420.0,pointer,0.006666958579707561,0.004617699303678674,0.04961341428882911,0.31750423205423994,0.2103479049480756,8
v33,C++,ocr_only,7,360.0,420.0,inheritance,0.03392375800303269,-0.007037890281799746,0.3529303873423535,0.0,0.1411721549369414,9
v33,C++,ocr_only,7,360.0,420.0,polymorphism,0.002208576747780485,-6.537080648678802e-05,0.0,0.1899350028805603,0.11396100172833618,10
v33,C++,ocr_only,8,420.0,480.0,constructor,0.12276974171611657,0.024700434001763777,1.0,0.9012885697053563,0.9407731418232138,1
v33,C++,ocr_only,8,420.0,480.0,class,0.11637715963287165,0.013512379306805327,0.9465423354579173,0.6254422231108578,0.7538822680496816,2
v33,C++,ocr_only,8,420.0,480.0,template,0.04105872299078833,0.02870407187766261,0.31669548055405444,1.0,0.7266781922216218,3
v33,C++,ocr_only,8,420.0,480.0,reference,0.042278583433908924,0.02246019492222451,0.3268965056652401,0.8460545024400619,0.6383913037301331,4
v33,C++,ocr_only,8,420.0,480.0,data type,0.05489324958543935,0.01927362681027839,0.4323860531841314,0.7674882819646685,0.6334473904524536,5
v33,C++,ocr_only,8,420.0,480.0,variable,0.06605337879100072,0.010361801766100494,0.5257121044648626,0.5477633657972866,0.538942861264317,6
v33,C++,ocr_only,8,420.0,480.0,object,0.045198080156471865,0.0003381921944492028,0.35131065856842153,0.3006269193446602,0.3209004150341647,7
v33,C++,ocr_only,8,420.0,480.0,inheritance,0.05077207678736358,-0.011854937995341758,0.3979229410816021,0.0,0.15916917643264084,8
v33,C++,ocr_only,8,420.0,480.0,polymorphism,0.0031875987623669706,-0.0028257004720799415,0.0,0.22261977182218093,0.13357186309330854,9
v33,C++,ocr_only,8,420.0,480.0,pointer,0.009880781616093326,-0.010766108304168657,0.0559714242310832,0.026845568828784794,0.03849591098970416,10
v33,C++,ocr_only,9,480.0,540.0,reference,0.047393297485544085,0.03470047931113806,0.31757083629353355,1.0,0.7270283345174134,1
v33,C++,ocr_only,9,480.0,540.0,constructor,0.1411277544049979,0.0035193420859298994,1.0,0.3819189659615942,0.6291513795769565,2
v33,C++,ocr_only,9,480.0,540.0,variable,0.07530529048008167,0.006537856760512323,0.5207827464346567,0.4417527897843413,0.47336477244446745,3
v33,C++,ocr_only,9,480.0,540.0,template,0.04490319160960113,0.011619280763817094,0.29944174133413626,0.5424781667860206,0.4452635966052669,4
v33,C++,ocr_only,9,480.0,540.0,class,0.13630326063757034,-0.012203361741448471,0.9648755073084619,0.07025922855954528,0.42810574005911195,5
v33,C++,ocr_only,9,480.0,540.0,object,0.05416287519583154,-0.003109889120658663,0.3668564182161681,0.2505125310566025,0.29705008592042875,6
v33,C++,ocr_only,9,480.0,540.0,polymorphism,0.0037736348794556807,0.0022194631967743903,0.0,0.35615241094048977,0.21369144656429387,7
v33,C++,ocr_only,9,480.0,540.0,inheritance,0.06084897907350863,-0.013952551299867092,0.4155342729523251,0.03558631450936359,0.1875654978865482,8
v33,C++,ocr_only,9,480.0,540.0,data type,0.06357113114632426,-0.015747820358368785,0.4353527689844694,0.0,0.17414110759378776,9
v33,C++,ocr_only,9,480.0,540.0,pointer,0.01180269562433929,-0.011618309678203285,0.05845518702036844,0.08185629064246851,0.07249584919362848,10
v33,C++,ocr_only,10,540.0,600.0,constructor,0.10987338066462497,0.0020593125618746464,1.0,0.6307986217138999,0.77847917302834,1
v33,C++,ocr_only,10,540.0,600.0,reference,0.03868452268583232,0.009192720741933206,0.33528130364642267,1.0,0.7341125214585691,2
v33,C++,ocr_only,10,540.0,600.0,template,0.038356442297048376,0.0019938680365597134,0.33221788649768,0.6274114317007027,0.5093340136194936,3
v33,C++,ocr_only,10,540.0,600.0,object,0.038904390825427,0.0011393608432784628,0.33733429996172526,0.5831849938533967,0.48484471629672815,4
v33,C++,ocr_only,10,540.0,600.0,data type,0.04879598922641343,-0.0012858971992596507,0.429696090565468,0.4576617391337753,0.44647547970645235,5
v33,C++,ocr_only,10,540.0,600.0,polymorphism,0.002777163318384031,0.003415346763799705,0.0,0.7009824221801889,0.4205894533081133,6
v33,C++,ocr_only,10,540.0,600.0,class,0.10238086025453681,-0.010128464387908764,0.9300393553036059,0.0,0.3720157421214424,7
v33,C++,ocr_only,10,540.0,600.0,variable,0.059550926400112655,-0.005777429967867754,0.5301192188532639,0.22519500697298053,0.34716469172509384,8
v33,C++,ocr_only,10,540.0,600.0,pointer,0.0085307137660361,-0.004314029436317507,0.05372319013892807,0.3009357300039915,0.2020507140579661,9
v33,C++,ocr_only,10,540.0,600.0,inheritance,0.04369641924399717,-0.009024523975760005,0.38207937628013144,0.057136268025489816,0.18711351132734647,10
v33,C++,ocr_only,11,600.0,660.0,constructor,0.0891712276955129,-0.00027879954153902753,1.0,0.8939278890861568,0.9363567334516941,1
v33,C++,ocr_only,11,600.0,660.0,data type,0.03901202413394617,-0.00023621243473679606,0.4238359781256803,0.898958877218261,0.7089097175812287,2
v33,C++,ocr_only,11,600.0,660.0,object,0.028787738426541525,3.4304385784829445e-05,0.30639261468112755,0.930916129442484,0.6811067235379413,3
v33,C++,ocr_only,11,600.0,660.0,pointer,0.006363288704976243,0.0006190964974915231,0.04880955469420064,1.0,0.6195238218776802,4
v33,C++,ocr_only,11,600.0,660.0,template,0.0340238521228795,-0.0014104406276754257,0.3665383130188279,0.7602425250957742,0.6027608402649957,5
v33,C++,ocr_only,11,600.0,660.0,polymorphism,0.002114067482013664,0.0004678833776954804,0.0,0.982136579161267,0.5892819474967601,6
v33,C++,ocr_only,11,600.0,660.0,class,0.07990751829106328,-0.005320119522883313,0.893590494087663,0.29837625619257396,0.5364619513506096,7
v33,C++,ocr_only,11,600.0,660.0,inheritance,0.0323269376849424,-0.0043657863256621465,0.3470463558521161,0.4111155181384236,0.38548785322390056,8
v33,C++,ocr_only,11,600.0,660.0,reference,0.03291854019902408,-0.004805697124403712,0.35384191996919534,0.3591470663266822,0.35702500778368745,9
v33,C++,ocr_only,11,600.0,660.0,variable,0.0491230971698648,-0.007845862211210568,0.5399789009033381,0.0,0.21599156036133527,10
v33,C++,ocr_only,12,660.0,720.0,constructor,0.09149354403740766,-9.552401808853017e-05,1.0,0.8258649096161945,0.8955189457697167,1
v33,C++,ocr_only,12,660.0,720.0,object,0.030030596990413203,0.0007605361033683218,0.3115047388055944,0.9234977879369177,0.6787005682843884,2
v33,C++,ocr_only,12,660.0,720.0,polymorphism,0.002222127789214202,0.0014313192870342218,0.0,1.0,0.6,3
v33,C++,ocr_only,12,660.0,720.0,template,0.034467744410555286,-0.0008167796593949199,0.36120874941304204,0.7436063596606571,0.5906473155616111,4
v33,C++,ocr_only,12,660.0,720.0,class,0.08247212122418926,-0.00485389235511715,0.8989438815652153,0.2831773282069805,0.5294839495502744,5
v33,C++,ocr_only,12,660.0,720.0,data type,0.04007940884651104,-0.0022521097253834707,0.4240694574850876,0.5799082709747225,0.5175727455788686,6
v33,C++,ocr_only,12,660.0,720.0,pointer,0.006607998086814467,-0.0008614615962981542,0.04912961485238026,0.7385104253921811,0.46275810117626076,7
v33,C++,ocr_only,12,660.0,720.0,reference,0.033537817775151434,-0.004342889516782092,0.3507919029633514,0.3414567371949923,0.34519080350233594,8
v33,C++,ocr_only,12,660.0,720.0,inheritance,0.03369091050368228,-0.005252986930765817,0.35250681614569873,0.23766095480500926,0.283599299341285,9
v33,C++,ocr_only,12,660.0,720.0,variable,0.050210357297377335,-0.007336834803893038,0.5375542533653289,0.0,0.21502170134613158,10
v34,C++,ocr_only,1,0.0,60.0,object,0.10531687302191803,0.010627828994482228,0.8142399870943494,0.7790656200781143,0.7931353668846084,1
v34,C++,ocr_only,1,0.0,60.0,inheritance,0.09987263682580422,0.004754473118047884,0.7689358777106178,0.7336697417783914,0.7477761961512819,2
v34,C++,ocr_only,1,0.0,60.0,reference,0.022195158353211487,0.039212499832946994,0.12254419766433289,1.0,0.6490176790657332,3
v34,C++,ocr_only,1,0.0,60.0,constructor,0.11866003074932435,-0.04942822540413394,0.9252748238338543,0.31488510828930244,0.5590409945071232,4
v34,C++,ocr_only,1,0.0,60.0,template,0.023298381255134205,-0.001402249868957347,0.1317246463485802,0.6860836847910066,0.464340069414036,5
v34,C++,ocr_only,1,0.0,60.0,pointer,0.007468910213181649,0.006841898625192994,0.0,0.7498037061210433,0.449882223672626,6
v34,C++,ocr_only,1,0.0,60.0,class,0.12763982340784194,-0.09016831834741613,1.0,0.0,0.4,7
v34,C++,ocr_only,1,0.0,60.0,variable,0.014139689163999715,-0.009535840502929684,0.05551076190968379,0.6232181785408164,0.39613521188836337,8
v34,C++,ocr_only,1,0.0,60.0,polymorphism,0.01747478117247099,-0.019023569350006427,0.083263667498983,0.5498863741782068,0.3632372915065173,9
v34,C++,ocr_only,1,0.0,60.0,data type,0.03606738787927795,-0.03716503388884795,0.23798169545213252,0.4096687994713331,0.3409939578636529,10
v34,C++,ocr_only,2,60.0,120.0,class,0.1039192719319546,0.028579337520852472,0.9791706102332455,0.8903471237453524,0.9258765183405095,1
v34,C++,ocr_only,2,60.0,120.0,object,0.048232427184944464,0.03779800526396638,0.43791433236018296,1.0,0.7751657329440732,2
v34,C++,ocr_only,2,60.0,120.0,inheritance,0.0490834645959209,0.026500198179536402,0.44618611258922114,0.8656164777059833,0.6978443316592784,3
v34,C++,ocr_only,2,60.0,120.0,reference,0.042580714886389426,0.024440928312361436,0.38298170372549,0.8411221722149396,0.6578659848191598,4
v34,C++,ocr_only,2,60.0,120.0,template,0.03488649166578392,0.025072461544987094,0.3081965971095684,0.8486340424045911,0.632459064286582,5
v34,C++,ocr_only,2,60.0,120.0,variable,0.0512750577242784,0.005613497679717496,0.4674876164660528,0.6171763723572128,0.5573008700007488,6
v34,C++,ocr_only,2,60.0,120.0,data type,0.04487855631374925,0.0018105723171464722,0.40531590318975536,0.5719418855736805,0.5052914926201104,7
v34,C++,ocr_only,2,60.0,120.0,pointer,0.00815006854146965,0.020623053798503026,0.04832809621587056,0.7957098704279918,0.49675716074314324,8
v34,C++,ocr_only,2,60.0,120.0,polymorphism,0.003177859809836405,0.014572992476846233,0.0,0.723746475724651,0.4342478854347906,9
v34,C++,ocr_only,2,60.0,120.0,constructor,0.10606229186823006,-0.04627336666890778,1.0,0.0,0.4,10
v34,C++,ocr_only,3,120.0,180.0,class,0.1362738850582177,0.05525977490782019,0.964885798234957,0.9696040144652108,0.9677167279731093,1
v34,C++,ocr_only,3,120.0,180.0,data type,0.06355226078834984,0.0511461056652052,0.43530396641368485,0.9241838074878289,0.7286318710581713,2
v34,C++,ocr_only,3,120.0,180.0,template,0.04489128428931778,0.0580127132829293,0.2994088428221464,1.0,0.7197635371288585,3
v34,C++,ocr_only,3,120.0,180.0,variable,0.07527894608650995,0.03999252661394407,0.5207013917839598,0.8010339285916745,0.6889009138685886,4
v34,C++,ocr_only,3,120.0,180.0,constructor,0.14109573058587088,0.004660471303678416,1.0,0.4109225291373926,0.6465535174824355,5
v34,C++,ocr_only,3,120.0,180.0,reference,0.047380979993102264,0.02814502488264168,0.3175395931282016,0.6702222495130296,0.5291491869590984,6
v34,C++,ocr_only,3,120.0,180.0,inheritance,0.06084234924504867,0.015357109779017103,0.4155695348249547,0.5290271955211359,0.48364413124266337,7
v34,C++,ocr_only,3,120.0,180.0,pointer,0.011799534865353957,0.004204862875873235,0.05842427387083554,0.40589202525604595,0.26690492470196175,8
v34,C++,ocr_only,3,120.0,180.0,polymorphism,0.0037767745715139496,-0.005140432176785769,0.0,0.30270793083268166,0.181624758499609,9
v34,C++,ocr_only,3,120.0,180.0,object,0.054160591509625086,-0.03255643019683282,0.3669108650435955,0.0,0.1467643460174382,10
v34,C++,ocr_only,4,180.0,240.0,class,0.10903790451461452,0.05093001924876791,0.9385464527569749,1.0,0.97541858110279,1
v34,C++,ocr_only,4,180.0,240.0,data type,0.05166440440054029,0.04173806821700986,0.4307634353590075,0.851079151555469,0.6829528650768844,2
v34,C++,ocr_only,4,180.0,240.0,template,0.03960922820783358,0.042928427764025376,0.3240693391259782,0.8703644320234715,0.6518463948644742,3
v34,C++,ocr_only,4,180.0,240.0,constructor,0.11598143153098708,0.001703592531487331,1.0,0.20247168339974708,0.5214830100398482,4
v34,C++,ocr_only,4,180.0,240.0,variable,0.06257756360009101,0.013001176707435216,0.5273501329924828,0.3855063639635189,0.4422438715751045,5
v34,C++,ocr_only,4,180.0,240.0,inheritance,0.04710462009938612,0.006271002796953385,0.390407155429766,0.27646931563010224,0.32204445154996775,6
v34,C++,ocr_only,4,180.0,240.0,reference,0.040369063760172665,0.005084882742240627,0.3307942485131666,0.25725272012229156,0.2866693314786416,7
v34,C++,ocr_only,4,180.0,240.0,object,0.04195473706633073,-0.010793716062757665,0.3448282184541226,0.0,0.13793128738164903,8
v34,C++,ocr_only,4,180.0,240.0,polymorphism,0.002993209892395728,-0.002132544968262456,0.0,0.14032156431851464,0.08419293859110878,9
v34,C++,ocr_only,4,180.0,240.0,pointer,0.009171145654501212,-0.007603505911744387,0.05467769713082551,0.051685306064384866,0.05288226249096112,10
v34,C++,ocr_only,5,240.0,300.0,class,0.10530953005074715,0.010261215100050167,0.9338125886007793,0.8123282727470089,0.8609219990885171,1
v34,C++,ocr_only,5,240.0,300.0,data type,0.05007039395162735,0.013488427648102012,0.4302962891307266,1.0,0.7721185156522906,2
v34,C++,ocr_only,5,240.0,300.0,constructor,0.11257073575586145,0.0007721642030856167,1.0,0.2605125663721983,0.556307539823319,3
v34,C++,ocr_only,5,240.0,300.0,template,0.03892042681244524,0.007831660238816717,0.3286620024709986,0.6710426429737767,0.5340903867726654,4
v34,C++,ocr_only,5,240.0,300.0,variable,0.06090857621680682,0.003884870088632713,0.5290885913374962,0.44152540059776413,0.476550676893657,5
v34,C++,ocr_only,5,240.0,300.0,object,0.04022386401409887,0.0017484999159817806,0.3405431056654908,0.31728930694623125,0.3265908264339351,6
v34,C++,ocr_only,5,240.0,300.0,reference,0.03943545527008268,-0.0006732093260074465,0.33335659477320345,0.17645992258386334,0.2392185914595994,7
v34,C++,ocr_only,5,240.0,300.0,inheritance,0.04517888330579825,-0.003707623111858212,0.38570914470495626,0.0,0.1542836578819825,8
v34,C++,ocr_only,5,240.0,300.0,polymorphism,0.002863987121788253,-0.0007192058569273625,0.0,0.17378509151003238,0.10427105490601943,9
v34,C++,ocr_only,5,240.0,300.0,pointer,0.008813134914906477,-0.0030943776306669806,0.05422772862371123,0.03566199528900728,0.04308828862288886,10
v34,C++,ocr_only,6,300.0,360.0,class,0.10205348395803812,0.005008195797854496,0.9296332065521903,0.6554621533636694,0.7651305746390777,1
v34,C++,ocr_only,6,300.0,360.0,object,0.03876419393626009,0.011545507160759676,0.33702802170225643,1.0,0.7348112086809026,2
v34,C++,ocr_only,6,300.0,360.0,variable,0.0593906769303114,0.0065432526587434715,0.5301627647731251,0.7363647073273797,0.6538839303056778,3
v34,C++,ocr_only,6,300.0,360.0,data type,0.04864946941056742,0.0072122377304188945,0.42958816098851854,0.7716224246413783,0.6348087191802344,4
v34,C++,ocr_only,6,300.0,360.0,constructor,0.1095685454395686,-0.0024969355934764967,1.0,0.25991700265162243,0.5559502015909734,5
v34,C++,ocr_only,6,300.0,360.0,reference,0.03859738761896863,0.0032430162760986874,0.33546614150959464,0.5624313770106792,0.4716452828102454,6
v34,C++,ocr_only,6,300.0,360.0,template,0.03828922543150905,0.0030549749218597277,0.33258068474431246,0.5525209781216657,0.4645448607707244,7
v34,C++,ocr_only,6,300.0,360.0,pointer,0.008498926528335143,0.0018939636256649543,0.0536411424903956,0.4913318577470112,0.31625557164436496,8
v34,C++,ocr_only,6,300.0,360.0,polymorphism,0.002770137933557888,-0.0018629574389402096,0.0,0.29332974009867846,0.17599784405920707,9
v34,C++,ocr_only,6,300.0,360.0,inheritance,0.043536195111733275,-0.0074286387182139575,0.3817103469064465,0.0,0.1526841387625786,10
v34,C++,ocr_only,7,360.0,420.0,object,0.03999870528177753,0.012248825354678118,0.34005103207911497,1.0,0.736020412831646,1
v34,C++,ocr_only,7,360.0,420.0,class,0.10479316690881044,0.004681549956164239,0.9331877953542929,0.5476258299523791,0.7018506161131446,2
v34,C++,ocr_only,7,360.0,420.0,variable,0.06066050931704331,0.007380335044712381,0.5291918206768634,0.7089600751430091,0.6370527733565509,3
v34,C++,ocr_only,7,360.0,420.0,template,0.038816714792335116,0.0064402299736967825,0.3292309404304575,0.6527602900338587,0.5233485501924982,4
v34,C++,ocr_only,7,360.0,420.0,reference,0.03929979403255945,0.006356787592608347,0.3336531093899191,0.6477720775129966,0.5221244902637656,5
v34,C++,ocr_only,7,360.0,420.0,constructor,0.11209175485373829,-0.002389686039266526,1.0,0.12490505580531033,0.4749430334831862,6
v34,C++,ocr_only,7,360.0,420.0,data type,0.04984154018039674,0.0026422189259872296,0.4301535977401163,0.4257139615922213,0.4274898160513793,7
v34,C++,ocr_only,7,360.0,420.0,pointer,0.00876311668631282,0.005985109145546865,0.054116471419391,0.6255530197730012,0.3969784004315571,8
v34,C++,ocr_only,7,360.0,420.0,inheritance,0.044923132595747546,-0.004479086846226899,0.38512986759448625,0.0,0.1540519470377945,9
v34,C++,ocr_only,7,360.0,420.0,polymorphism,0.002851414954300328,-0.0015737309655891997,0.0,0.17368311393220448,0.10420986835932268,10
v34,C++,ocr_only,8,420.0,480.0,class,0.10095956174293391,0.008337112083747572,0.928297666931828,1.0,0.9713190667727312,1
v34,C++,ocr_only,8,420.0,480.0,data type,0.04815418653929706,0.00540032205115136,0.4291678561135849,0.743810825527609,0.6179536377619994,2
v34,C++,ocr_only,8,420.0,480.0,template,0.038058766359633366,0.005283714113782395,0.3337433819009829,0.733638599770947,0.5736805126229614,3
v34,C++,ocr_only,8,420.0,480.0,object,0.038305951500613604,0.004453232297328971,0.3360798386003011,0.6611920003852062,0.5311471356712442,4
v34,C++,ocr_only,8,420.0,480.0,variable,0.058843312755003825,0.0017507997432138472,0.5302041904883208,0.42544686456627806,0.4673497949350952,5
v34,C++,ocr_only,8,420.0,480.0,constructor,0.10854530100069128,-0.003104087918388948,1.0,0.001933556370156691,0.40116013382209403,6
v34,C++,ocr_only,8,420.0,480.0,polymorphism,0.0027504274845794804,0.0008848967934366634,0.0,0.3499103231675332,0.2099461939005199,7
v34,C++,ocr_only,8,420.0,480.0,reference,0.038301713263697544,-0.002412541387810059,0.3360397777091142,0.06226021670740621,0.1717720411080894,8
v34,C++,ocr_only,8,420.0,480.0,inheritance,0.043008511334846594,-0.003126252980933193,0.3805296278759301,0.0,0.15221185115037206,9
v34,C++,ocr_only,8,420.0,480.0,pointer,0.008392407528266678,-0.0026951504695778843,0.05332942756274447,0.03760697743837527,0.04389595748812295,10
v34,C++,ocr_only,9,480.0,540.0,reference,0.03823806826357716,0.026976099596375588,0.3363596995919565,1.0,0.7345438798367826,1
v34,C++,ocr_only,9,480.0,540.0,class,0.10067031236567404,0.007475371195405116,0.9278164281455098,0.4010147964263077,0.6117354491139886,2
v34,C++,ocr_only,9,480.0,540.0,variable,0.05873710399901933,0.011146852226560727,0.5305589116971609,0.5137881640485269,0.5204964631079805,3
v34,C++,ocr_only,9,480.0,540.0,constructor,0.10828977489034923,-0.003740345422975692,1.0,0.0565123674015876,0.4339074204409526,4
v34,C++,ocr_only,9,480.0,540.0,object,0.038151662082021975,0.006448406078914128,0.3355411238991485,0.36947049219745526,0.35589874487813256,5
v34,C++,ocr_only,9,480.0,540.0,data type,0.04804166525064034,-0.0010135782979375277,0.429234839440263,0.14026786247364628,0.255854653260293,6
v34,C++,ocr_only,9,480.0,540.0,template,0.03801676837547142,-0.0009605802046694018,0.3342631978606677,0.1418957541622278,0.21884273164160375,7
v34,C++,ocr_only,9,480.0,540.0,inheritance,0.04284405303398071,-0.002672965324817774,0.37999485516341663,0.08929805992750427,0.20557677802186922,8
v34,C++,ocr_only,9,480.0,540.0,polymorphism,0.0027330349158474912,-0.0005671054110938406,0.0,0.153981742669162,0.0923890456014972,9
v34,C++,ocr_only,9,480.0,540.0,pointer,0.008365227820110755,-0.0055801777283802706,0.053357018278735915,0.0,0.021342807311494367,10
v34,C++,ocr_only,10,540.0,600.0,class,0.1031130853858583,0.0037948715884356847,0.931089351438295,0.9674885987463683,0.952928899823139,1
v34,C++,ocr_only,10,540.0,600.0,constructor,0.110536761796362,-0.0018643156439489376,1.0,0.557160217325293,0.7342961303951758,2
v34,C++,ocr_only,10,540.0,600.0,reference,0.0388616499304058,0.004243263937617788,0.3346721797534981,1.0,0.7338688719013993,3
v34,C++,ocr_only,10,540.0,600.0,variable,0.05986219243193005,-0.0002703223977276808,0.5296107686553676,0.6727352357617286,0.6154854489191841,4
v34,C++,ocr_only,10,540.0,600.0,object,0.039258524410789385,0.00012205485888001075,0.3383561870200496,0.70118517353529,0.5560535789291938,5
v34,C++,ocr_only,10,540.0,600.0,inheritance,0.04408531163044183,-0.0019152426151689199,0.3831610814393405,0.553467676185853,0.48534503828724807,6
v34,C++,ocr_only,10,540.0,600.0,template,0.03848359678531962,-0.002360860805548155,0.3311628824756937,0.5211574197335228,0.4451596048303912,7
v34,C++,ocr_only,10,540.0,600.0,polymorphism,0.0028077450848696165,5.1306229021708275e-05,0.0,0.6960554314742056,0.41763325888452335,8
v34,C++,ocr_only,10,540.0,600.0,pointer,0.008600601296558584,-0.0015049676885042036,0.053772478284125964,0.5832153130254009,0.3714381791288909,9
v34,C++,ocr_only,10,540.0,600.0,data type,0.049101146225529656,-0.009548585441129461,0.42972081760142455,0.0,0.17188832704056983,10
v34,C++,ocr_only,11,600.0,660.0,class,0.0745144315854049,0.0,1.0,0.0,0.4,1
v34,C++,ocr_only,11,600.0,660.0,constructor,0.0737460713398403,0.0,0.9889215683438884,0.0,0.3955686273375554,2
v34,C++,ocr_only,11,600.0,660.0,object,0.04936984320698127,0.0,0.6374583335363292,0.0,0.25498333341453167,3
v34,C++,ocr_only,11,600.0,660.0,inheritance,0.04691865792684035,0.0,0.6021164626375374,0.0,0.24084658505501497,4
v34,C++,ocr_only,11,600.0,660.0,data type,0.023869778717415305,0.0,0.26979131366531617,0.0,0.10791652546612647,5
v34,C++,ocr_only,11,600.0,660.0,reference,0.02144876941572032,0.0,0.23488452841391347,0.0,0.0939538113655654,6
v34,C++,ocr_only,11,600.0,660.0,variable,0.019869347830687143,0.0,0.21211198885713278,0.0,0.08484479554285312,7
v34,C++,ocr_only,11,600.0,660.0,template,0.019825875278015083,0.0,0.21148518950556008,0.0,0.08459407580222404,8
v34,C++,ocr_only,11,600.0,660.0,polymorphism,0.010389593857946418,0.0,0.07543026031899046,0.0,0.030172104127596185,9
v34,C++,ocr_only,11,600.0,660.0,pointer,0.005158021814106832,0.0,0.0,0.0,0.0,10
v35,C++,ocr_only,1,0.0,60.0,reference,0.03958398526464726,0.8140942175756886,0.5533056288031628,1.0,0.8213222515212651,1
v35,C++,ocr_only,1,0.0,60.0,constructor,0.06964218702338565,0.057883498952359926,0.9914608756643877,0.12473515508324422,0.47142544331570163,2
v35,C++,ocr_only,1,0.0,60.0,class,0.07022798560496485,-0.011207775874059746,1.0,0.044766487016573944,0.4268598922099444,3
v35,C++,ocr_only,1,0.0,60.0,variable,0.027437430290491113,0.25664379120547176,0.3762465739757191,0.35478729807750803,0.3633710084367925,4
v35,C++,ocr_only,1,0.0,60.0,object,0.04126718983262169,0.07159100503781803,0.5778415248264295,0.1406007040534117,0.31549703236261883,5
v35,C++,ocr_only,1,0.0,60.0,template,0.025184269927181074,0.09938862942507722,0.3434024922462779,0.1727746508108203,0.24102578738500335,6
v35,C++,ocr_only,1,0.0,60.0,inheritance,0.03581259867023775,-0.028557849527700543,0.49833052292204605,0.024684902410904846,0.21414315061536135,7
v35,C++,ocr_only,1,0.0,60.0,data type,0.025921353525462286,-0.004569558739285273,0.3541468823649707,0.052449792671867376,0.1731286285491087,8
v35,C++,ocr_only,1,0.0,60.0,polymorphism,0.0016262697198676092,-0.01468346839695473,0.0,0.04074359841937421,0.024446159051624523,9
v35,C++,ocr_only,1,0.0,60.0,pointer,0.004312154636313136,-0.04988509453212256,0.03915186204590253,0.0,0.01566074481836101,10
v35,C++,ocr_only,2,60.0,120.0,reference,0.03911896381833171,0.5940058936684472,0.5995671814962618,1.0,0.8398268725985047,1
v35,C++,ocr_only,2,60.0,120.0,constructor,0.0632981746486676,0.0434563855180599,0.983192575046627,0.21314612709305408,0.5211647062744833,2
v35,C++,ocr_only,2,60.0,120.0,class,0.06435751607469158,0.003696081481121591,1.0,0.15632008555406743,0.4937920513324405,3
v35,C++,ocr_only,2,60.0,120.0,object,0.04003038186328301,0.09523178786349207,0.6140276661099563,0.28714433298317776,0.4178976662338892,4
v35,C++,ocr_only,2,60.0,120.0,template,0.023514348973102523,0.13069551903474977,0.3519856308324036,0.3378296461234675,0.3434920400070419,5
v35,C++,ocr_only,2,60.0,120.0,variable,0.023317511575003887,0.072997951825359,0.348862624674722,0.25536739060617325,0.2927654842335927,6
v35,C++,ocr_only,2,60.0,120.0,inheritance,0.03347058868103265,-0.02590804852582018,0.5099505207139402,0.11400940503368837,0.2723858513057891,7
v35,C++,ocr_only,2,60.0,120.0,data type,0.02263239121920891,-0.015163888209185098,0.33799256080185724,0.12936512514808746,0.2128160994095954,8
v35,C++,ocr_only,2,60.0,120.0,polymorphism,0.0013293348415285887,-0.017641230011537095,0.0,0.12582446992482918,0.0754946819548975,9
v35,C++,ocr_only,2,60.0,120.0,pointer,0.0036423885804716615,-0.10567866925610463,0.036698722598170634,0.0,0.014679489039268254,10
v35,C++,ocr_only,3,120.0,180.0,reference,0.039276473353013215,0.41808852189782303,0.5888285657498448,1.0,0.8355314262999379,1
v35,C++,ocr_only,3,120.0,180.0,constructor,0.06479488765732089,0.029185579271671543,0.9852987585483857,0.18178374871084155,0.5031897526458592,2
v35,C++,ocr_only,3,120.0,180.0,class,0.0657411186148158,0.0011731918014663424,1.0,0.12284824539282309,0.4737089472356939,3
v35,C++,ocr_only,3,120.0,180.0,object,0.04030279603057124,0.07368177808249532,0.6047741627212152,0.2753996847121475,0.40714947591577455,4
v35,C++,ocr_only,3,120.0,180.0,template,0.023925106629398302,0.09897412563636519,0.3503200419813715,0.3286124726177495,0.33729550036319833,5
v35,C++,ocr_only,3,120.0,180.0,variable,0.024316368845797028,0.05147475613366357,0.35639893875452255,0.2286781399262651,0.27976645945756806,6
v35,C++,ocr_only,3,120.0,180.0,inheritance,0.03399792685623375,-0.012550963145422077,0.5068177353621218,0.0939738775700287,0.259111420686866,7
v35,C++,ocr_only,3,120.0,180.0,data type,0.02341929428751729,-0.011177589362808042,0.3424614221504523,0.09686333050252935,0.19510256716169855,8
v35,C++,ocr_only,3,120.0,180.0,polymorphism,0.0013771014255730756,-0.009425915264156622,0.0,0.10054869272890019,0.06032921563734011,9
v35,C++,ocr_only,3,120.0,180.0,pointer,0.0037993526178466764,-0.05721729366549165,0.03763362353769362,0.0,0.015053449415077448,10
v35,C++,ocr_only,4,180.0,240.0,reference,0.03875023914452471,0.3231668126055309,0.6018946218190128,1.0,0.8407578487276051,1
v35,C++,ocr_only,4,180.0,240.0,class,0.06350652844352392,0.025839248298597777,1.0,0.08625201754949006,0.4517512105296941,2
v35,C++,ocr_only,4,180.0,240.0,constructor,0.06265182298125976,0.016299808146045758,0.9862554990702188,0.056935380817809356,0.4286634281187731,3
v35,C++,ocr_only,4,180.0,240.0,template,0.02343021411296229,0.11785782829179993,0.3555336149140358,0.36904379978045454,0.36363972583388704,4
v35,C++,ocr_only,4,180.0,240.0,object,0.039439828179457515,0.05989643461275527,0.6129838888826548,0.19091666697424867,0.3597435557376111,5
v35,C++,ocr_only,4,180.0,240.0,variable,0.023129105911288143,0.0753871862002626,0.3506915001264319,0.23852289225888096,0.2833903354059013,6
v35,C++,ocr_only,4,180.0,240.0,inheritance,0.03294654337220182,0.0019382193362812545,0.5085655096737041,0.012799302044570186,0.21110578509622374,7
v35,C++,ocr_only,4,180.0,240.0,data type,0.02237017605101803,0.019457688746752605,0.3384871646791203,0.06664018916425905,0.17537897937020358,8
v35,C++,ocr_only,4,180.0,240.0,polymorphism,0.0013212612860818388,0.006241184390797555,0.0,0.026023187446128415,0.015613912467677049,9
v35,C++,ocr_only,4,180.0,240.0,pointer,0.003575485696467911,-0.0022265890953991068,0.03625013630123636,0.0,0.014500054520494543,10
v35,C++,ocr_only,5,240.0,300.0,reference,0.03967073174327852,0.2734144395385724,0.5621217936420206,1.0,0.8248487174568082,1
v35,C++,ocr_only,5,240.0,300.0,template,0.025001960808813752,0.18143058396598907,0.3460272398467367,0.6812989190042746,0.5471902473412594,2
v35,C++,ocr_only,5,240.0,300.0,class,0.06939445681385305,0.04549678475582271,1.0,0.21032226247620778,0.5261933574857247,3
v35,C++,ocr_only,5,240.0,300.0,constructor,0.06874622211837626,0.03263897763869238,0.9904504618758103,0.16577317283481474,0.495644088451213,4
v35,C++,ocr_only,5,240.0,300.0,object,0.041030644676935284,0.056152069043493014,0.5821554951642481,0.24724016072757724,0.38120629450224564,5
v35,C++,ocr_only,5,240.0,300.0,variable,0.026941324802673756,0.04991210104044796,0.374597186079598,0.22562023040860998,0.2852110126770052,6
v35,C++,ocr_only,5,240.0,300.0,data type,0.025491847197530632,0.049451279364468,0.3532440531062192,0.22402359841958466,0.2757117802942385,7
v35,C++,ocr_only,5,240.0,300.0,inheritance,0.035401436402105926,0.011242520937492522,0.4992282168118471,0.09163979543175757,0.2546751639837934,8
v35,C++,ocr_only,5,240.0,300.0,polymorphism,0.0015131952233311573,0.009684516401887392,0.0,0.08624169892229146,0.051745019353374874,9
v35,C++,ocr_only,5,240.0,300.0,pointer,0.0042142148281758595,-0.015206657337522281,0.03979035659557982,0.0,0.01591614263823193,10
v35,C++,ocr_only,6,300.0,360.0,reference,0.040276787060705005,0.1699227416865726,0.5304338125161949,1.0,0.812173525006478,1
v35,C++,ocr_only,6,300.0,360.0,template,0.026513770278701002,0.12437295563231521,0.3413207935175395,0.7266811874950596,0.5725370299040515,2
v35,C++,ocr_only,6,300.0,360.0,class,0.07445025302735642,0.024974854682637472,1.0,0.1302487281976388,0.4781492369185833,3
v35,C++,ocr_only,6,300.0,360.0,constructor,0.07421620159205365,0.01913635092015996,0.9967839773625103,0.09521512972441769,0.45584266877965474,4
v35,C++,ocr_only,6,300.0,360.0,object,0.04201412802351431,0.06636325323057889,0.5543060346976357,0.3785973796957994,0.4488808416965339,5
v35,C++,ocr_only,6,300.0,360.0,inheritance,0.03731283201655023,0.011848193968893394,0.4897070957320288,0.05148297254376681,0.22677262181907162,6
v35,C++,ocr_only,6,300.0,360.0,data type,0.028374657914553472,0.022510390359110385,0.3668906292888281,0.11546085495571264,0.21603276468895882,7
v35,C++,ocr_only,6,300.0,360.0,variable,0.030608759499427065,0.014339062646885833,0.39758867334102804,0.0664292835618624,0.19889303947352865,8
v35,C++,ocr_only,6,300.0,360.0,polymorphism,0.0016735777097154588,0.01875209190228218,0.0,0.09290940608533042,0.05574564365119825,9
v35,C++,ocr_only,6,300.0,360.0,pointer,0.0047871891878500696,0.0032683294388460953,0.042783095882642994,0.0,0.017113238353057197,10
v35,C++,ocr_only,7,360.0,420.0,reference,0.040941340999435166,0.1730016477081359,0.49699355884063384,1.0,0.7987974235362535,1
v35,C++,ocr_only,7,360.0,420.0,template,0.028235687644402117,0.11392329456634155,0.3353704669244682,0.6303790121420525,0.5123755940550188,2
v35,C++,ocr_only,7,360.0,420.0,constructor,0.08048411549378018,0.015364587218666157,1.0,0.013751011621865813,0.4082506069731195,3
v35,C++,ocr_only,7,360.0,420.0,class,0.08024433409864414,0.015568821503952356,0.9969498451293332,0.015028793995060345,0.4077972144487695,4
v35,C++,ocr_only,7,360.0,420.0,object,0.04315291886208453,0.05635247124682872,0.5251260792381892,0.270189814990925,0.3721643206898307,5
v35,C++,ocr_only,7,360.0,420.0,variable,0.034794575176956104,0.033677726220904376,0.41880322342430176,0.12832631998466104,0.24451708136051734,6
v35,C++,ocr_only,7,360.0,420.0,data type,0.03167121475722983,0.025788313395607377,0.37907231356087745,0.07896657302105653,0.1990088692369849,7
v35,C++,ocr_only,7,360.0,420.0,inheritance,0.03951860549230814,0.01316669492536997,0.4788955590593242,0.0,0.19155822362372968,8
v35,C++,ocr_only,7,360.0,420.0,pointer,0.005444409350870917,0.019459124185403714,0.045452525391525854,0.0393682930453008,0.041801985983790826,9
v35,C++,ocr_only,7,360.0,420.0,polymorphism,0.0018712563757062157,0.013830113738894515,0.0,0.0041506491663698105,0.002490389499821886,10
v35,C++,ocr_only,8,420.0,480.0,variable,0.04390123526686471,0.7034828021146715,0.3650475552039358,1.0,0.7460190220815743,1
v35,C++,ocr_only,8,420.0,480.0,reference,0.0358983764131842,0.6163636643360346,0.28302016058167057,0.8796628463274614,0.6410057720291451,2
v35,C++,ocr_only,8,420.0,480.0,pointer,0.008286010955141159,0.5124436906765881,0.0,0.736118796664363,0.4416712779986178,3
v35,C++,ocr_only,8,420.0,480.0,class,0.10511385040305689,0.012989030810812834,0.9924622615532893,0.046225006514025155,0.42471990852973085,4
v35,C++,ocr_only,8,420.0,480.0,constructor,0.10584925663097348,-0.01249813809141295,1.0,0.01101972970494745,0.4066118378229685,5
v35,C++,ocr_only,8,420.0,480.0,data type,0.041081116136617905,0.14297115149204465,0.3361420066983331,0.22576854688794576,0.2699179308121007,6
v35,C++,ocr_only,8,420.0,480.0,inheritance,0.05491428612035572,0.05271596954020974,0.4779286999137318,0.10109959380581135,0.2518312362489796,7
v35,C++,ocr_only,8,420.0,480.0,object,0.05456875338833237,-0.011726085439899819,0.4743870718177229,0.012086161500961035,0.19700652562766577,8
v35,C++,ocr_only,8,420.0,480.0,polymorphism,0.008509686962862703,0.17885271009648937,0.002292625733923816,0.2753315331833873,0.16611597020360191,9
v35,C++,ocr_only,8,420.0,480.0,template,0.031184831406662797,-0.020475968056222375,0.23470744841357788,0.0,0.09388297936543116,10
v35,C++,ocr_only,9,480.0,540.0,variable,0.042168218018846744,0.7137678179900364,0.3566976497052745,1.0,0.7426790598821098,1
v35,C++,ocr_only,9,480.0,540.0,reference,0.03660344814841618,0.6346554978992707,0.2984781743925345,0.894957611913495,0.6563658369051109,2
v35,C++,ocr_only,9,480.0,540.0,pointer,0.008074122816670502,0.5268604676947977,0.0,0.7518313910727482,0.4510988346436489,3
v35,C++,ocr_only,9,480.0,540.0,class,0.10365674084161929,0.013253583558338878,1.0,0.06988332551905187,0.4419299953114311,4
v35,C++,ocr_only,9,480.0,540.0,constructor,0.10361444417177268,-0.017863235039785267,0.9995574857571324,0.028567574300386055,0.41696353888308463,5
v35,C++,ocr_only,9,480.0,540.0,data type,0.0398720084518809,0.14154210316547353,0.3326743532690282,0.24022003727463065,0.2772017636723897,6
v35,C++,ocr_only,9,480.0,540.0,inheritance,0.05456320353912908,0.05437382294313352,0.4863758880335763,0.1244812457761239,0.2692391026791049,7
v35,C++,ocr_only,9,480.0,540.0,object,0.05497299600072928,-0.0040609254512320005,0.4906631995769076,0.046893766208643974,0.22440153955594944,8
v35,C++,ocr_only,9,480.0,540.0,polymorphism,0.008258574093075387,0.19909486326001333,0.0019297575251259636,0.31663644567175736,0.19075377041310482,9
v35,C++,ocr_only,9,480.0,540.0,template,0.030422948314521765,-0.03937880721439795,0.23381683782733192,0.0,0.09352673513093278,10
v36,C++,ocr_only,1,0.0,60.0,template,0.015724775811288567,0.09479618195994191,0.3493984187354214,0.9677467092546347,0.7204073930469495,1
v36,C++,ocr_only,1,0.0,60.0,class,0.04267242405303443,-0.015314511381228513,1.0,0.4035480178582206,0.6421288107149323,2
v36,C++,ocr_only,1,0.0,60.0,constructor,0.03972448439060339,-0.009495539998414683,0.928827399384001,0.4333639779601557,0.6315493465296939,3
v36,C++,ocr_only,1,0.0,60.0,pointer,0.0012528379072898404,0.10109083003457071,0.0,1.0,0.6,4
v36,C++,ocr_only,1,0.0,60.0,inheritance,0.027146126303753182,0.008384149660055393,0.6251459950698612,0.5249781273382436,0.5650452744308907,5
v36,C++,ocr_only,1,0.0,60.0,object,0.03726107739539105,-0.035009186910823796,0.8693529520405568,0.30263402100556464,0.5293215934195615,6
v36,C++,ocr_only,1,0.0,60.0,data type,0.009377247994675823,-0.005670877636342344,0.1961489923824523,0.45296125261383824,0.3502363485212839,7
v36,C++,ocr_only,1,0.0,60.0,reference,0.032872611996558575,-0.09407214184089056,0.7634014974946175,0.0,0.305360598997847,8
v36,C++,ocr_only,1,0.0,60.0,polymorphism,0.0023310909205194654,-0.02166190974388184,0.026032442947052568,0.37102443870969354,0.23302764040463714,9
v36,C++,ocr_only,1,0.0,60.0,variable,0.0054729104035268405,-0.04552752602025091,0.10188591651755474,0.24873886349515764,0.18999768470411646,10
v37,C++,ocr_only,1,0.0,60.0,constructor,0.12107343827176086,0.016828348599102046,0.9462629732409641,1.0,0.9785051892963856,1
v37,C++,ocr_only,1,0.0,60.0,object,0.09510740298463612,0.0027789178528045597,0.728944625497671,0.7842013424222098,0.7620986556523943,2
v37,C++,ocr_only,1,0.0,60.0,reference,0.02865890291944017,0.013887106697102058,0.17281512461276696,0.9548226497197823,0.6420196396769762,3
v37,C++,ocr_only,1,0.0,60.0,inheritance,0.091121544512849,-0.020142359671549325,0.6955856560651336,0.43213149638755205,0.5375131602585846,4
v37,C++,ocr_only,1,0.0,60.0,class,0.1274941457156557,-0.03652926316961561,1.0,0.1804293569488115,0.5082576141692869,5
v37,C++,ocr_only,1,0.0,60.0,pointer,0.008010284565574306,-0.00586981762260425,0.0,0.6513571340666158,0.39081428043996946,6
v37,C++,ocr_only,1,0.0,60.0,template,0.027437509237683715,-0.017097041529961332,0.1625928764363184,0.4789074532728635,0.35238162253824545,7
v37,C++,ocr_only,1,0.0,60.0,polymorphism,0.014521429663050612,-0.01498680407590951,0.054493929429496595,0.5113206106440094,0.32858993815820425,8
v37,C++,ocr_only,1,0.0,60.0,variable,0.024778620748938277,-0.02273553049796154,0.14033975820635378,0.3923005029960853,0.2915162050801927,9
v37,C++,ocr_only,1,0.0,60.0,data type,0.040139450187302445,-0.04827599868458301,0.26889962638026327,0.0,0.10755985055210532,10
v37,C++,ocr_only,2,60.0,120.0,class,0.15551405806318547,0.005233094160420592,1.0,0.8843639528979896,0.9306183717387938,1
v37,C++,ocr_only,2,60.0,120.0,data type,0.04557887321210254,0.006869807781755301,0.24582375210026372,0.97477231084401,0.6831928873465114,2
v37,C++,ocr_only,2,60.0,120.0,variable,0.0198528839545865,0.007326518902435758,0.06933857969595995,1.0,0.627735431878384,3
v37,C++,ocr_only,2,60.0,120.0,reference,0.01971017678475367,0.006101688101500943,0.06835958140675254,0.9323431173109421,0.5867497029492662,4
v37,C++,ocr_only,2,60.0,120.0,constructor,0.1456731340628078,-0.004402143148788977,0.9324893922857839,0.35213524031753296,0.5842769011048333,5
v37,C++,ocr_only,2,60.0,120.0,inheritance,0.12114690790045851,-0.0028636080877193566,0.7642348225834915,0.43712043668942735,0.567966191047053,6
v37,C++,ocr_only,2,60.0,120.0,object,0.12449791639326557,-0.003373418006134018,0.7872233772960593,0.4089596900642005,0.560265164956944,7
v37,C++,ocr_only,2,60.0,120.0,template,0.026863594834461237,0.004235165667215716,0.1174333878654821,0.829240640400214,0.5445177393863212,8
v37,C++,ocr_only,2,60.0,120.0,polymorphism,0.02262681471137452,-0.005234794809683315,0.08836827153594651,0.30614144615512145,0.21903217630745148,9
v37,C++,ocr_only,2,60.0,120.0,pointer,0.009745499112628035,-0.010777046503673402,0.0,0.0,0.0,10
v38,C++,ocr_only,1,0.0,60.0,class,0.1673479751438019,0.009021773448275509,1.0,0.6000874383568304,0.7600524630140983,1
v38,C++,ocr_only,1,0.0,60.0,inheritance,0.13197226415251082,0.015611486519984705,0.7745755421813861,0.6784982133007801,0.7169291448530225,2
v38,C++,ocr_only,1,0.0,60.0,pointer,0.010418636891801293,0.0426307900264754,0.0,1.0,0.6,3
v38,C++,ocr_only,1,0.0,60.0,reference,0.019446360305062294,0.02697601911772511,0.0575273146106312,0.8137244057264049,0.5112455692800955,4
v38,C++,ocr_only,1,0.0,60.0,polymorphism,0.024417444722296754,0.024354884570351676,0.08920452979936654,0.7825356136112721,0.5052031800865099,5
v38,C++,ocr_only,1,0.0,60.0,template,0.027899496693319297,0.021867345461456036,0.11139319133205579,0.7529364691402828,0.49631915801699195,6
v38,C++,ocr_only,1,0.0,60.0,object,0.13544251369294108,-0.018045295119100743,0.7966889951474445,0.2780172967992843,0.4854859761385484,7
v38,C++,ocr_only,1,0.0,60.0,constructor,0.1561944989638807,-0.041410122417250846,0.9289267621710691,0.0,0.37157070486842764,8
v38,C++,ocr_only,1,0.0,60.0,variable,0.019879087197290805,-0.004934923654289294,0.06028477791894917,0.4340171673812482,0.28452421159632857,9
v38,C++,ocr_only,1,0.0,60.0,data type,0.04876213075190021,-0.031889624414801775,0.24433604504548462,0.11328408659084933,0.16570486997270345,10
v38,C++,ocr_only,2,60.0,120.0,class,0.11566736683715079,0.08202230766786454,0.9729201763299159,1.0,0.9891680705319663,1
v38,C++,ocr_only,2,60.0,120.0,constructor,0.11879887087237331,0.0770030090974209,1.0,0.9496070578708588,0.9697642347225153,2
v38,C++,ocr_only,2,60.0,120.0,inheritance,0.053091397929170524,0.05816336219120987,0.4317916371510234,0.7604600639325734,0.6289926932199534,3
v38,C++,ocr_only,2,60.0,120.0,object,0.05018234859819528,0.052902485694672007,0.40663550066059484,0.7076417186761843,0.5872392314699485,4
v38,C++,ocr_only,2,60.0,120.0,data type,0.05178370068495997,0.003172768736953419,0.4204832657139225,0.2083634403315295,0.29321137048448676,5
v38,C++,ocr_only,2,60.0,120.0,reference,0.0448328905968409,-0.0011115870296297952,0.36037581912168754,0.16534920454220534,0.2433598503739982,6
v38,C++,ocr_only,2,60.0,120.0,template,0.038701698237757945,-0.00028608225200683874,0.30735605414490846,0.1736371383844048,0.22712470468860627,7
v38,C++,ocr_only,2,60.0,120.0,variable,0.06028663267176626,-0.017580897828269347,0.4940127570674504,0.0,0.19760510282698018,8
v38,C++,ocr_only,2,60.0,120.0,pointer,0.009465709136239914,0.007182564016227345,0.05453650775931652,0.24862113343789813,0.17098728316646547,9
v38,C++,ocr_only,2,60.0,120.0,polymorphism,0.0031591210211957483,-0.006287159122554583,0.0,0.11338730163812984,0.0680323809828779,10
v38,C++,ocr_only,3,120.0,180.0,class,0.08355782188428036,0.024727151720510435,0.9937853268619948,1.0,0.9975141307447979,1
v38,C++,ocr_only,3,120.0,180.0,constructor,0.08406787644513011,0.016378847027194082,1.0,0.8046587459379803,0.8827952475627882,2
v38,C++,ocr_only,3,120.0,180.0,inheritance,0.04079207019187358,0.012683790701220174,0.4727132913005092,0.7181984449473595,0.6200043834886194,3
v38,C++,ocr_only,3,120.0,180.0,object,0.04381336311655803,0.007696802344612873,0.5095257216212971,0.6015083389486797,0.5647152920177266,4
v38,C++,ocr_only,3,120.0,180.0,pointer,0.005820722102008971,0.009544834052115383,0.046610842158933255,0.6447502718382315,0.4054944999665122,5
v38,C++,ocr_only,3,120.0,180.0,template,0.029211947299550078,0.0005624437651117812,0.3316172513909256,0.4345721042226501,0.39339016308996033,6
v38,C++,ocr_only,3,120.0,180.0,variable,0.03717480110345027,-0.004095893056970911,0.4286392906694613,0.32557208684218303,0.36679896837309434,7
v38,C++,ocr_only,3,120.0,180.0,reference,0.041297652978844426,-0.015382039327637705,0.47887347886944476,0.061488533710194256,0.22844251177389446,8
v38,C++,ocr_only,3,120.0,180.0,polymorphism,0.00199524776083663,-0.0032750977448465454,0.0,0.3447778048278915,0.2068666828967349,9
v38,C++,ocr_only,3,120.0,180.0,data type,0.033550745281982146,-0.018009876529885713,0.38448259824270015,0.0,0.15379303929708008,10
v38,C++,ocr_only,4,180.0,240.0,class,0.08713582208153932,0.024423536721491258,0.9906594394849455,1.0,0.9962637757939782,1
v38,C++,ocr_only,4,180.0,240.0,constructor,0.08793724039269267,0.014271085061493206,1.0,0.7573665067795502,0.85441990406773,2
v38,C++,ocr_only,4,180.0,240.0,object,0.04453351534876783,0.010018237875703035,0.4941279545158881,0.6557276905232978,0.5910877961203339,3
v38,C++,ocr_only,4,180.0,240.0,inheritance,0.042176296395293494,0.010452862948049103,0.4666544790839704,0.6661147973105206,0.5863306700199005,4
v38,C++,ocr_only,4,180.0,240.0,pointer,0.006227416437857826,0.015289957506710002,0.047668933061666835,0.7817165444658227,0.48809749990416035,5
v38,C++,ocr_only,4,180.0,240.0,variable,0.03973478600915589,-0.003243688870654027,0.43819858383866106,0.3387808365943282,0.37854793549206134,6
v38,C++,ocr_only,4,180.0,240.0,template,0.03025979455037055,-0.0004784142815256146,0.32776720253787295,0.40486814789053377,0.37402776974946944,7
v38,C++,ocr_only,4,180.0,240.0,data type,0.035575990977459344,-0.01102701476260913,0.389727671553957,0.15276709200501373,0.24755132382459105,8
v38,C++,ocr_only,4,180.0,240.0,polymorphism,0.0021374310705781717,-0.0004897286143228449,0.0,0.40459774659417824,0.24275864795650692,9
v38,C++,ocr_only,4,180.0,240.0,reference,0.041664532917280846,-0.017419209410733077,0.46068985652762695,0.0,0.1842759426110508,10
v38,C++,ocr_only,5,240.0,300.0,class,0.09042381130563987,0.04210790098457745,0.984324462902581,1.0,0.9937297851610324,1
v38,C++,ocr_only,5,240.0,300.0,constructor,0.09182719731865147,0.029791341213844656,1.0,0.7794857612240483,0.8676914567344289,2
v38,C++,ocr_only,5,240.0,300.0,object,0.04374385861912986,0.021230195828351624,0.462918860125561,0.6262080202903942,0.560892356224461,3
v38,C++,ocr_only,5,240.0,300.0,inheritance,0.04294916487384775,0.02094043279019966,0.454042292189328,0.6210201369063243,0.5542289990195257,4
v38,C++,ocr_only,5,240.0,300.0,data type,0.03823382346659743,0.0002615479789194835,0.4013728851473345,0.250787813288596,0.3110218420320914,5
v38,C++,ocr_only,5,240.0,300.0,pointer,0.006805018706333595,0.01136319282582071,0.050319511108196956,0.4495503580368962,0.2898580192654165,6
v38,C++,ocr_only,5,240.0,300.0,variable,0.04334615180662792,-0.004340760812043486,0.4584765557022099,0.1683886175275635,0.2844237927974221,7
v38,C++,ocr_only,5,240.0,300.0,template,0.03110266500574895,0.0003774304852287292,0.3217192916497628,0.2528625600638242,0.2804052526981996,8
v38,C++,ocr_only,5,240.0,300.0,reference,0.04038320697149024,-0.013745906184975646,0.4253810629082235,0.0,0.1701524251632894,9
v38,C++,ocr_only,5,240.0,300.0,polymorphism,0.00230005676264028,0.0011816349622828103,0.0,0.2672609425163004,0.16035656550978022,10
v38,C++,ocr_only,6,300.0,360.0,constructor,0.04184109949361497,0.0235205451360146,0.9349666347889082,0.9940951585515826,0.9704437490465129,1
v38,C++,ocr_only,6,300.0,360.0,reference,0.03214244136662607,0.024090997318526503,0.7101909423527214,1.0,0.8840763769410885,2
v38,C++,ocr_only,6,300.0,360.0,template,0.015975151023475898,0.009485625350318891,0.3354985020051315,0.8488174672455995,0.6434898811494123,3
v38,C++,ocr_only,6,300.0,360.0,object,0.037989015824015614,-0.028640440199848856,0.8456909058355524,0.45416848696755574,0.6107774545147544,4
v38,C++,ocr_only,6,300.0,360.0,variable,0.006378167210621089,-0.005861511839441978,0.11307920919281306,0.6899568044752256,0.4592057663622605,5
v38,C++,ocr_only,6,300.0,360.0,class,0.04464716971052268,-0.06867531749656874,1.0,0.03976109211278843,0.4238566552676731,6
v38,C++,ocr_only,6,300.0,360.0,data type,0.010276147622213672,-0.031253572767955526,0.20341863910634445,0.4271195353263837,0.33763917683836797,7
v38,C++,ocr_only,6,300.0,360.0,polymorphism,0.002847427281909114,-0.020259260849918075,0.03125092924964526,0.5409234100430901,0.33705441772571215,8
v38,C++,ocr_only,6,300.0,360.0,inheritance,0.028359516006178993,-0.07251653863229904,0.622518023460704,0.0,0.24900720938428159,9
v38,C++,ocr_only,6,300.0,360.0,pointer,0.0014990071050740496,-0.06858959839573785,0.0,0.04064838418568147,0.024389030511408883,10
v38,C++,ocr_only,7,360.0,420.0,class,0.08379370381317615,0.03893087289804695,0.9862495220262594,1.0,0.9944998088105037,1
v38,C++,ocr_only,7,360.0,420.0,constructor,0.08493243505779059,0.026720144987297422,1.0,0.7637052546925616,0.858223152815537,2
v38,C++,ocr_only,7,360.0,420.0,object,0.041246136151500336,0.021282595918049346,0.47247650074923253,0.6584810385929168,0.5840792234554432,3
v38,C++,ocr_only,7,360.0,420.0,inheritance,0.04002885328771314,0.01780271811585942,0.45777749140398094,0.5911405127062005,0.5377953041853126,4
v38,C++,ocr_only,7,360.0,420.0,data type,0.035116330062940085,0.003519327881780492,0.3984574870419312,0.31473683864535895,0.3482250980039878,5
v38,C++,ocr_only,7,360.0,420.0,variable,0.039583403032134805,-0.004167759826158566,0.4523985629195861,0.16598088851855744,0.2805479582789689,6
v38,C++,ocr_only,7,360.0,420.0,template,0.02901846988148109,-5.641983296754298e-05,0.3248242285284251,0.2455410952207413,0.2772543485438148,7
v38,C++,ocr_only,7,360.0,420.0,pointer,0.006223635068453288,0.007001249637588575,0.04957062896839862,0.382116917907038,0.24909840233158226,8
v38,C++,ocr_only,7,360.0,420.0,reference,0.03823489241315085,-0.012744960582136419,0.43611494406624335,0.0,0.17444597762649736,9
v38,C++,ocr_only,7,360.0,420.0,polymorphism,0.0021184960231558246,-0.0005338389420114459,0.0,0.23630236452417722,0.14178141871450634,10
v38,C++,ocr_only,8,420.0,480.0,constructor,0.15923484604099294,0.018836248541955213,0.9279519196986004,0.816770008828119,0.8612427731763115,1
v38,C++,ocr_only,8,420.0,480.0,inheritance,0.13511352012958291,-0.0020472718013304575,0.7773463150793634,0.6795575825712191,0.7186730755744768,2
v38,C++,ocr_only,8,420.0,480.0,object,0.13862464937239116,-0.014763726942048165,0.7992686482235494,0.5960057850503621,0.677310930319637,3
v38,C++,ocr_only,8,420.0,480.0,polymorphism,0.02493245820561683,0.04672357152372204,0.08941209829573409,1.0,0.6357648393182936,4
v38,C++,ocr_only,8,420.0,480.0,class,0.17077422553908844,-0.053784388432549256,1.0,0.33962565616168766,0.6037753936970126,5
v38,C++,ocr_only,8,420.0,480.0,template,0.028197486791718084,0.030929122417039944,0.10979786009485101,0.8962246475836265,0.5816539325881163,6
v38,C++,ocr_only,8,420.0,480.0,reference,0.01937910065208657,0.029986662715508334,0.05473876503503597,0.89003233995681,0.5559149099881003,7
v38,C++,ocr_only,8,420.0,480.0,pointer,0.010612019275955996,0.01020965915335444,0.0,0.7600901368106358,0.45605408208638143,8
v38,C++,ocr_only,8,420.0,480.0,data type,0.049679358838364926,-0.06070985865901596,0.24392358518229154,0.2941227640667282,0.27404309251295356,9
v38,C++,ocr_only,8,420.0,480.0,variable,0.019875584072497107,-0.10547489120286734,0.05783864378917138,0.0,0.023135457515668555,10
v39,C++,ocr_only,1,0.0,60.0,constructor,0.14037420914392515,0.12763026968200963,1.0,1.0,1.0,1
v39,C++,ocr_only,1,0.0,60.0,class,0.13561223862498703,0.07835472819192538,0.9651205938609491,0.67981751682132,0.7939387476371716,2
v39,C++,ocr_only,1,0.0,60.0,data type,0.0631271749532087,0.09710677294374387,0.4341983706409065,0.8016645036174607,0.654678050426839,3
v39,C++,ocr_only,1,0.0,60.0,template,0.044622856003871024,0.0866775056911462,0.29866211450624874,0.7338972384450876,0.559803188869552,4
v39,C++,ocr_only,1,0.0,60.0,variable,0.07468542950557713,0.05496906233372812,0.5188576630887085,0.527862199054366,0.524260384668103,5
v39,C++,ocr_only,1,0.0,60.0,reference,0.047103436574378967,0.06394915636548419,0.31683131081590565,0.586213030304882,0.4784603425092915,6
v39,C++,ocr_only,1,0.0,60.0,object,0.054109225696304795,-0.0024789870984771745,0.36814573267895534,0.15457641538263406,0.24000414230116257,7
v39,C++,ocr_only,1,0.0,60.0,inheritance,0.06069308762331925,-0.021500089415665346,0.4163697175193697,0.03098114704979206,0.1851365752376231,8
v39,C++,ocr_only,1,0.0,60.0,pointer,0.011728368204870242,-0.016004427091044538,0.057723999682880875,0.0666908471687181,0.06310410817438322,9
v39,C++,ocr_only,1,0.0,60.0,polymorphism,0.0038475005195309406,-0.02626803543727982,0.0,0.0,0.0,10
v39,C++,ocr_only,2,60.0,120.0,constructor,0.1409501564670027,0.12409877115480218,1.0,1.0,1.0,1
v39,C++,ocr_only,2,60.0,120.0,class,0.13614041117887435,0.10465772878504982,0.9649330854176624,0.8229470218324827,0.8797414472665546,2
v39,C++,ocr_only,2,60.0,120.0,template,0.04483708658727006,0.05159048511263651,0.29925835780996907,0.33965433841337866,0.3234959461720148,3
v39,C++,ocr_only,2,60.0,120.0,variable,0.07515914104805807,0.03421119777508885,0.5203305414788074,0.18137812446256102,0.3169590912690596,4
v39,C++,ocr_only,2,60.0,120.0,object,0.054150281845347585,0.03645333920074236,0.3671590475636924,0.20179769916100213,0.2679422385220782,5
v39,C++,ocr_only,2,60.0,120.0,inheritance,0.06081229016348275,0.02938099218131438,0.415730450547441,0.13738859605796525,0.24872533785375556,6
v39,C++,ocr_only,2,60.0,120.0,data type,0.0634664705738569,0.01859708298885032,0.4350815621263501,0.03917764612533828,0.19753921252574302,7
v39,C++,ocr_only,2,60.0,120.0,reference,0.047324913130988855,0.015049655407909887,0.317396615800385,0.006870601775889872,0.13108100738568793,8
v39,C++,ocr_only,2,60.0,120.0,polymorphism,0.0037910894257604435,0.019910193356022027,0.0,0.051136372244474586,0.03068182334668475,9
v39,C++,ocr_only,2,60.0,120.0,pointer,0.011785180405649742,0.014295239065337027,0.05828335780007574,0.0,0.0233133431200303,10
v39,C++,ocr_only,3,120.0,180.0,constructor,0.14102768239359284,0.10465394153736425,1.0,1.0,1.0,1
v39,C++,ocr_only,3,120.0,180.0,class,0.13621152391123528,0.09221077508211696,0.9649081068076382,0.8760225224608336,0.9115767561995554,2
v39,C++,ocr_only,3,120.0,180.0,variable,0.07522289137657258,0.030034983238173166,0.5205276764927832,0.25653407757534463,0.36213151714232006,3
v39,C++,ocr_only,3,120.0,180.0,template,0.04486591771622375,0.038190627341589366,0.29933817842401605,0.33779283010310884,0.32241096943147174,4
v39,C++,ocr_only,3,120.0,180.0,object,0.054155839840324585,0.033333156393335645,0.3670271791366183,0.2893954227751434,0.3204481253197333,5
v39,C++,ocr_only,3,120.0,180.0,inheritance,0.060828356076417234,0.021003936875388804,0.41564502008578996,0.16655325544103067,0.2661899612989344,6
v39,C++,ocr_only,3,120.0,180.0,data type,0.06351213944313067,0.004866060832029527,0.43519982493723736,0.005763542316867178,0.17753805536501527,7
v39,C++,ocr_only,3,120.0,180.0,reference,0.04735474594341122,0.004287595147421744,0.3174724849761222,0.0,0.12698899399044888,8
v39,C++,ocr_only,3,120.0,180.0,polymorphism,0.003783491663927496,0.02365719131595891,0.0,0.19298895362079407,0.11579337217247644,9
v39,C++,ocr_only,3,120.0,180.0,pointer,0.01179282751977216,0.01705448244598363,0.05835828688458611,0.12720286986396898,0.09966503667221582,10
v39,C++,ocr_only,4,180.0,240.0,constructor,0.1402532571918853,0.10889915070257074,1.0,1.0,1.0,1
v39,C++,ocr_only,4,180.0,240.0,class,0.1354969687654694,0.09786898058116875,0.965148907486791,0.8968364098921662,0.9241614089300161,2
v39,C++,ocr_only,4,180.0,240.0,variable,0.07468175993528524,0.03064010150961679,0.5195332763195275,0.26805440130922265,0.3686459513133446,3
v39,C++,ocr_only,4,180.0,240.0,object,0.0540326570008986,0.036768182617924625,0.3682296268847578,0.32536945997530553,0.3425135267390864,4
v39,C++,ocr_only,4,180.0,240.0,inheritance,0.06057831089107895,0.0314482062909404,0.4161920649949344,0.2756124887645459,0.3318443192567013,5
v39,C++,ocr_only,4,180.0,240.0,template,0.044638382035228796,0.03935036701780774,0.2993942837409876,0.349520258202389,0.32946986841782844,6
v39,C++,ocr_only,4,180.0,240.0,data type,0.06309508917833942,0.007228079761115887,0.4346334346220169,0.04908513894293692,0.20330445721456894,7
v39,C++,ocr_only,4,180.0,240.0,pointer,0.011712512741661373,0.02079277485038272,0.05813420572409462,0.1759537754847821,0.1288259475805071,8
v39,C++,ocr_only,4,180.0,240.0,polymorphism,0.003778671076307717,0.024804313538480473,0.0,0.21347311819352652,0.1280838709161159,9
v39,C++,ocr_only,4,180.0,240.0,reference,0.04723072974999267,0.0019799352131477464,0.31838937864142913,0.0,0.12735575145657166,10
v39,C++,ocr_only,5,240.0,300.0,class,0.12911115469365578,0.09731265878312517,0.9590220027133174,1.0,0.983608801085327,1
v39,C++,ocr_only,5,240.0,300.0,constructor,0.13447480840245635,0.09023897804608434,1.0,0.9273755446774739,0.9564253268064843,2
v39,C++,ocr_only,5,240.0,300.0,inheritance,0.05725642886742563,0.05455570474005943,0.4100561447737278,0.5610205472848433,0.5006347862803971,3
v39,C++,ocr_only,5,240.0,300.0,variable,0.07189711387914263,0.026896621114738527,0.5219101128442116,0.2770487428336501,0.3749932908378747,4
v39,C++,ocr_only,5,240.0,300.0,object,0.050986379707992455,0.031481732869887126,0.3621533398217515,0.3241234209523406,0.339335388500105,5
v39,C++,ocr_only,5,240.0,300.0,template,0.04348182832153956,0.024647901236203567,0.3048190108274578,0.2539614616256693,0.2743044813063847,6
v39,C++,ocr_only,5,240.0,300.0,data type,0.06040607067939868,0.0017011484695650043,0.43411922204012265,0.018370475398186793,0.18466997405496116,7
v39,C++,ocr_only,5,240.0,300.0,pointer,0.01110721528671173,0.020033817659703648,0.05747888092275624,0.20658933401447857,0.14694515277778963,8
v39,C++,ocr_only,5,240.0,300.0,reference,0.04552131805525001,-8.815070489820788e-05,0.3204005918376332,0.0,0.12816023673505328,9
v39,C++,ocr_only,5,240.0,300.0,polymorphism,0.0035837433443861727,0.018641627233626754,0.0,0.19229591660455367,0.1153775499627322,10
v39,C++,ocr_only,6,300.0,360.0,class,0.10954143664168871,0.09299570109056382,0.9389777200333637,1.0,0.9755910880133455,1
v39,C++,ocr_only,6,300.0,360.0,constructor,0.11646590829917906,0.08204749234185121,1.0,0.8736637231475113,0.9241982338885067,2
v39,C++,ocr_only,6,300.0,360.0,variable,0.06286401192013497,0.02826084234667961,0.5276303970359322,0.25299551515805757,0.36284946790920747,3
v39,C++,ocr_only,6,300.0,360.0,inheritance,0.047325169536143886,0.034626150437015196,0.3906935104089745,0.3264476518143471,0.35214599525219803,4
v39,C++,ocr_only,6,300.0,360.0,object,0.04213597821835573,0.03156585421502527,0.344963482031723,0.2911335251269648,0.31266550788886804,5
v39,C++,ocr_only,6,300.0,360.0,template,0.039732258534457186,0.02424701253307609,0.3237805726680167,0.20667813793141157,0.25351911182605363,6
v39,C++,ocr_only,6,300.0,360.0,reference,0.04051814403994385,0.018116065877875273,0.3307062310733989,0.13593040268290615,0.21384073403910325,7
v39,C++,ocr_only,6,300.0,360.0,data type,0.051908874928666866,0.010403033752074908,0.4310876614117519,0.04692627567155025,0.20059082996763095,8
v39,C++,ocr_only,6,300.0,360.0,pointer,0.0092210650299727,0.009437396914568557,0.05489903422849546,0.03578336036528981,0.04342962991057207,9
v39,C++,ocr_only,6,300.0,360.0,polymorphism,0.00299142551557479,0.006336437247480787,0.0,0.0,0.0,10
v39,C++,ocr_only,7,360.0,420.0,class,0.09577757601264592,0.08037037130951875,0.9208622700017836,1.0,0.9683449080007134,1
v39,C++,ocr_only,7,360.0,420.0,constructor,0.10378636945752436,0.062047068467037524,1.0,0.793289353042247,0.8759736118253483,2
v39,C++,ocr_only,7,360.0,420.0,variable,0.056476318433106396,0.023628703085548115,0.5325125975665542,0.3598803093050412,0.42893322460964645,3
v39,C++,ocr_only,7,360.0,420.0,inheritance,0.040362634058249164,0.02757172530701923,0.3732875642190641,0.4043627195656752,0.39193265742703076,4
v39,C++,ocr_only,7,360.0,420.0,object,0.03594098532934921,0.029547350696311654,0.32959568407968903,0.42665033910007444,0.38782847709192025,5
v39,C++,ocr_only,7,360.0,420.0,template,0.03707818902576058,0.028380918358473946,0.34083279734762184,0.4134914678387279,0.38442799964228547,6
v39,C++,ocr_only,7,360.0,420.0,data type,0.045916110627542625,0.017219954965473443,0.42816343688540404,0.28758130942066623,0.3438141604065613,7
v39,C++,ocr_only,7,360.0,420.0,reference,0.03698632570467144,0.021678753839083516,0.3399250632736783,0.33788234999952893,0.33869943530918867,8
v39,C++,ocr_only,7,360.0,420.0,pointer,0.007893590875065604,-0.0026464783028147853,0.052449426687323705,0.06346214766615826,0.059057059274624436,9
v39,C++,ocr_only,7,360.0,420.0,polymorphism,0.002585672330389916,-0.008271907702970158,0.0,0.0,0.0,10
v39,C++,ocr_only,8,420.0,480.0,class,0.08359858727179713,0.051141927275540185,0.9007373783209126,1.0,0.9602949513283651,1
v39,C++,ocr_only,8,420.0,480.0,constructor,0.09256580769259025,0.02212346459177319,1.0,0.6258944522502338,0.7755366713501403,2
v39,C++,ocr_only,8,420.0,480.0,reference,0.03386014973767622,0.03455618101409022,0.35015788142239773,0.7861768296413107,0.6117692503537455,3
v39,C++,ocr_only,8,420.0,480.0,inheritance,0.03420356302571984,0.020211651443864935,0.3539592938658348,0.6012473883210506,0.5023321505389643,4
v39,C++,ocr_only,8,420.0,480.0,data type,0.0406121371103134,0.015797580034173517,0.42489898699374723,0.5443412516822911,0.49656434580687353,5
v39,C++,ocr_only,8,420.0,480.0,variable,0.05082148469507039,0.009184952647490752,0.5379113318833809,0.4590913672373813,0.4906193530957812,6
v39,C++,ocr_only,8,420.0,480.0,object,0.030461631955795543,0.019737603275330237,0.31253799822311357,0.5951359670620376,0.482096779526468,7
v39,C++,ocr_only,8,420.0,480.0,template,0.034728417620529674,0.011775226414253203,0.35976917035335076,0.4924851344019871,0.43939874878253254,8
v39,C++,ocr_only,8,420.0,480.0,pointer,0.0067189020361601145,-0.015827554083318218,0.04971791495888702,0.13663053831281838,0.10186548897124582,9
v39,C++,ocr_only,8,420.0,480.0,polymorphism,0.002227468153424827,-0.02642565454277871,0.0,0.0,0.0,10
v39,C++,ocr_only,9,480.0,540.0,class,0.08898568837711071,0.05087804631639113,0.9102169260438865,1.0,0.9640867704175546,1
v39,C++,ocr_only,9,480.0,540.0,constructor,0.09752772172513383,0.028441026792646238,1.0,0.6900561877454817,0.814033712647289,2
v39,C++,ocr_only,9,480.0,540.0,reference,0.03524175048224864,0.027533470695955825,0.3453284792171253,0.6775192553714929,0.5446429449097459,3
v39,C++,ocr_only,9,480.0,540.0,variable,0.0533195818427923,0.012029692493981088,0.5353398270872985,0.46335087551234344,0.4921464561423255,4
v39,C++,ocr_only,9,480.0,540.0,template,0.03576621617091397,0.018051207196231565,0.35084100062677076,0.5465317641498482,0.4682554587406172,5
v39,C++,ocr_only,9,480.0,540.0,object,0.032888041518711414,0.019123224260462493,0.3205892611252952,0.5613405517135438,0.46504003547824435,6
v39,C++,ocr_only,9,480.0,540.0,inheritance,0.03692994782223539,0.016558591610816086,0.36307267904088536,0.5259128506491229,0.46077678200582783,7
v39,C++,ocr_only,9,480.0,540.0,data type,0.042956698481034776,0.013116870052783225,0.4264182758172394,0.47836908935380706,0.45758876393917997,8
v39,C++,ocr_only,9,480.0,540.0,pointer,0.007238418050085821,-0.012500239264928853,0.0509927907061017,0.12449568328622597,0.09509452625417625,9
v39,C++,ocr_only,9,480.0,540.0,polymorphism,0.0023869232245333047,-0.02151255687242222,0.0,0.0,0.0,10
v39,C++,ocr_only,10,540.0,600.0,class,0.09155337886296334,0.07379322150694441,0.9144870250968354,1.0,0.9657948100387341,1
v39,C++,ocr_only,10,540.0,600.0,constructor,0.09988345908223031,0.04978403737518098,1.0,0.7443299783702497,0.8465979870221498,2
v39,C++,ocr_only,10,540.0,600.0,reference,0.035891278319483556,0.03697836452184546,0.34308414762840367,0.6079643843780591,0.5020122896781969,3
v39,C++,ocr_only,10,540.0,600.0,data type,0.04406284582255096,0.026232086196109068,0.4269699000360569,0.4935289584634617,0.46690533509249976,4
v39,C++,ocr_only,10,540.0,600.0,variable,0.05448648156204344,0.018964791649170906,0.5339744039457909,0.4161406830514983,0.46327417140921534,5
v39,C++,ocr_only,10,540.0,600.0,object,0.03406503113637122,0.02741879182149378,0.32433668956968614,0.5061659998241824,0.4334342757223839,6
v39,C++,ocr_only,10,540.0,600.0,inheritance,0.03824486791012489,0.024731831274620215,0.3672450731296196,0.4775529800161248,0.43342981726152274,7
v39,C++,ocr_only,10,540.0,600.0,template,0.03624917426837756,0.018283096250886918,0.34675815153834566,0.40888141608650436,0.3840321102672409,8
v39,C++,ocr_only,10,540.0,600.0,pointer,0.00748542625175078,-0.013856514208090696,0.0514820440432845,0.06663176461469386,0.06057187638613011,9
v39,C++,ocr_only,10,540.0,600.0,polymorphism,0.0024704030085759645,-0.020113697961824734,0.0,0.0,0.0,10
v4,SQL,ocr_only,1,0.0,60.0,group by,0.17744846469217268,0.6715656777500646,1.0,1.0,1.0,1
v4,SQL,ocr_only,1,0.0,60.0,order by,0.11221065403073144,0.5197463903942042,0.6055297100614667,0.7771449324113126,0.7084988434713742,2
v4,SQL,ocr_only,1,0.0,60.0,having,0.06010911837218188,0.495009737966027,0.2904898939013205,0.7408340759660593,0.5606964031401638,3
v4,SQL,ocr_only,1,0.0,60.0,select,0.1136027643409981,0.21365226114487634,0.6139473156210273,0.3278302962382016,0.4422771039913319,4
v4,SQL,ocr_only,1,0.0,60.0,aggregate function,0.06794283854900711,0.1804919642068644,0.33785766786734706,0.2791543977796627,0.3026357058147364,5
v4,SQL,ocr_only,1,0.0,60.0,count,0.05910100563602126,0.19620085218183264,0.2843941877564935,0.3022134263943793,0.29508573093922497,6
v4,SQL,ocr_only,1,0.0,60.0,subquery,0.04380524309734999,0.1862071438106576,0.19190604595214508,0.28754369244088324,0.24928863384538796,7
v4,SQL,ocr_only,1,0.0,60.0,where,0.03335900501368405,0.1727929211588856,0.1287412872968365,0.2678529960361292,0.21220831254041214,8
v4,SQL,ocr_only,1,0.0,60.0,join,0.012067668405571082,0.10742872782127308,0.0,0.17190509654434982,0.1031430579266099,9
v4,SQL,ocr_only,1,0.0,60.0,inner join,0.02334403633751002,0.04876691055035765,0.06818426434709636,0.08579559438246621,0.07875106236831828,10
v4,SQL,ocr_only,1,0.0,60.0,left join,0.030998778606079944,-0.009681058070480997,0.11446982131892525,0.0,0.045787928527570104,11
v4,SQL,ocr_only,2,60.0,120.0,group by,0.17709999675506063,0.5675207248401727,1.0,1.0,1.0,1
v4,SQL,ocr_only,2,60.0,120.0,order by,0.11200530689766464,0.43773007836848343,0.6055852725832707,0.7989883012722752,0.7216270897966733,2
v4,SQL,ocr_only,2,60.0,120.0,having,0.05997833899733065,0.3900339170956142,0.29034907731629733,0.7251194466137675,0.5512112988947794,3
v4,SQL,ocr_only,2,60.0,120.0,select,0.11338962084188582,0.1505759852439601,0.6139729584016577,0.3542618620047872,0.4581463005635354,4
v4,SQL,ocr_only,2,60.0,120.0,aggregate function,0.06780918723990834,0.17992563822457108,0.33779690880307917,0.3997167831649858,0.3749488334202231,5
v4,SQL,ocr_only,2,60.0,120.0,count,0.059005762923215854,0.17690146958472458,0.2844561492141069,0.39503313844897575,0.3508023427550282,6
v4,SQL,ocr_only,2,60.0,120.0,subquery,0.043707170759156526,0.1581927317782516,0.1917605687993921,0.36605820635823344,0.2963391513346969,7
v4,SQL,ocr_only,2,60.0,120.0,where,0.03332316128459931,0.03697178692866429,0.1288428980128421,0.17831872968561796,0.15852839701650762,8
v4,SQL,ocr_only,2,60.0,120.0,left join,0.030960594209353057,-0.03263487841212246,0.11452788628103464,0.07051624604535228,0.08812090213962523,9
v4,SQL,ocr_only,2,60.0,120.0,join,0.012058771535753637,-0.041820181945481046,0.0,0.056290617953015744,0.03377437077180945,10
v4,SQL,ocr_only,2,60.0,120.0,inner join,0.023318653304198415,-0.07816630379139877,0.06822466176849228,0.0,0.027289864707396912,11
v4,SQL,ocr_only,3,120.0,180.0,group by,0.17297708069046297,0.3366339199197149,1.0,1.0,1.0,1
v4,SQL,ocr_only,3,120.0,180.0,select,0.11037331577113581,0.12858375660908183,0.6107731514620891,0.3565330908040698,0.45822911506727754,2
v4,SQL,ocr_only,3,120.0,180.0,order by,0.10967779463497346,0.12561608139693892,0.6064488827816218,0.34735453133616007,0.45099227191434477,3
v4,SQL,ocr_only,3,120.0,180.0,count,0.05758977631990669,0.17026961818544806,0.28260166302600337,0.485460999722192,0.4043172650437165,4
v4,SQL,ocr_only,3,120.0,180.0,having,0.05826272587302454,0.10925675502942593,0.28678559723703023,0.29675767043144635,0.2927688411536799,5
v4,SQL,ocr_only,3,120.0,180.0,aggregate function,0.06628998499890798,0.07512822333580224,0.33669353449912637,0.19120341152176823,0.2493994607127115,6
v4,SQL,ocr_only,3,120.0,180.0,left join,0.030869161695428197,0.04921679247632505,0.11647138899721325,0.11106337191460057,0.11322657874764565,7
v4,SQL,ocr_only,3,120.0,180.0,where,0.032604855285494685,0.04274029012862995,0.12726272953335513,0.09103255395340858,0.10552462418538719,8
v4,SQL,ocr_only,3,120.0,180.0,subquery,0.04238827959727405,0.013307016333312207,0.18808928553506069,0.0,0.07523571421402428,9
v4,SQL,ocr_only,3,120.0,180.0,join,0.012135748304242657,0.03406443508519296,0.0,0.06419947898438258,0.038519687390629546,10
v4,SQL,ocr_only,3,120.0,180.0,inner join,0.022821040625703237,0.017748018935887035,0.06643374661808021,0.013735332733881386,0.03481469828756092,11
v4,SQL,ocr_only,4,180.0,240.0,group by,0.18050056790978214,0.153761419739255,1.0,1.0,1.0,1
v4,SQL,ocr_only,4,180.0,240.0,select,0.11548548323373864,0.09149776228972482,0.6138558877072358,0.6437247121340863,0.6317771823633461,2
v4,SQL,ocr_only,4,180.0,240.0,count,0.05993803645230142,0.08969261370716392,0.28394292005634236,0.6333955754075143,0.49361451326704553,3
v4,SQL,ocr_only,4,180.0,240.0,order by,0.11399475531539856,0.019305091875065423,0.6050020069260948,0.23063519109783223,0.3803819174291373,4
v4,SQL,ocr_only,4,180.0,240.0,aggregate function,0.06911314607184404,0.01560154505474274,0.33843665142469614,0.20944333916390265,0.26104066406822,5
v4,SQL,ocr_only,4,180.0,240.0,left join,0.031307067514286,0.01109300980868806,0.11389499748975954,0.18364530932693443,0.1557451845920645,6
v4,SQL,ocr_only,4,180.0,240.0,inner join,0.02356236739382902,0.009917393714131318,0.06789689769662832,0.17691838418850178,0.1333097895917524,7
v4,SQL,ocr_only,4,180.0,240.0,subquery,0.04467966985155174,-0.006422817829949936,0.19331889863973897,0.08341900091863248,0.12737896000707508,8
v4,SQL,ocr_only,4,180.0,240.0,having,0.06127134020143196,-0.02038148663096126,0.2918618114211695,0.0035469062005155975,0.11887286828877716,9
v4,SQL,ocr_only,4,180.0,240.0,join,0.012130566642610698,0.006433111308082769,0.0,0.15698117252972132,0.09418870351783279,10
v4,SQL,ocr_only,4,180.0,240.0,where,0.033666721839120985,-0.021001353796032875,0.12790969314264286,0.0,0.05116387725705715,11
v4,SQL,ocr_only,5,240.0,300.0,group by,0.18060047447479904,0.14001817578857195,1.0,1.0,1.0,1
v4,SQL,ocr_only,5,240.0,300.0,select,0.1155472217144061,0.09548487516525328,0.6138535620154411,0.6861347453956329,0.6572222720435562,2
v4,SQL,ocr_only,5,240.0,300.0,count,0.05996554851533036,0.10034484439311085,0.28392901232232787,0.7203872139465981,0.54580393329689,3
v4,SQL,ocr_only,5,240.0,300.0,order by,0.11405320191504655,0.03552334506802095,0.6049852825778855,0.26353321694344495,0.4001140431972212,4
v4,SQL,ocr_only,5,240.0,300.0,aggregate function,0.06915143572831185,0.029130523943334905,0.33845507330325275,0.21847739575220995,0.2664684667726271,5
v4,SQL,ocr_only,5,240.0,300.0,having,0.06130935490478495,0.02574303610655624,0.2919056472884538,0.1946027959026985,0.23352393645700062,6
v4,SQL,ocr_only,5,240.0,300.0,subquery,0.04470826086142836,0.01193701875919196,0.1933640208597171,0.09729967466192034,0.13572541314103903,7
v4,SQL,ocr_only,5,240.0,300.0,left join,0.0313171798664895,0.01143220095547531,0.11387655470634704,0.09374178054056302,0.10179569020687662,8
v4,SQL,ocr_only,5,240.0,300.0,inner join,0.023569624707744284,0.007168272545740036,0.06788821898611046,0.06369013475629363,0.06536936844822036,9
v4,SQL,ocr_only,5,240.0,300.0,where,0.033676959905536895,-0.0018685095645223785,0.12788385822830103,0.0,0.051153543291320415,10
v4,SQL,ocr_only,5,240.0,300.0,join,0.012132643721445634,0.001734416550889393,0.0,0.025392982480672188,0.015235789488403312,11
v4,SQL,ocr_only,6,300.0,360.0,group by,0.15984027250992078,0.48467055375595236,1.0,0.7401389665313273,0.8440833799187963,1
v4,SQL,ocr_only,6,300.0,360.0,having,0.05432891135370072,0.6689641714230457,0.2914199981027967,1.0,0.7165679992411187,2
v4,SQL,ocr_only,6,300.0,360.0,order by,0.10116779704669888,0.37557108037555437,0.6059747280343704,0.5863045458801971,0.5941726187418663,3
v4,SQL,ocr_only,6,300.0,360.0,where,0.03149442585637929,0.34840928082533734,0.13807101653618134,0.548005372032851,0.38403162983418315,4
v4,SQL,ocr_only,6,300.0,360.0,count,0.05469882482613798,0.2344190369166778,0.29390421673223227,0.3872747783073611,0.34992655367730957,5
v4,SQL,ocr_only,6,300.0,360.0,select,0.10376730600097209,0.044451891993042086,0.6234321851230292,0.11941385490782264,0.3210211869939053,6
v4,SQL,ocr_only,6,300.0,360.0,aggregate function,0.06124972682952314,0.15907305832219742,0.33789794502007375,0.2810340733219155,0.3037796220011788,7
v4,SQL,ocr_only,6,300.0,360.0,subquery,0.03950010715600714,0.08885793960563576,0.19183456965800827,0.18202807655554337,0.18595067379652935,8
v4,SQL,ocr_only,6,300.0,360.0,left join,0.028007605360864888,0.04297981463835396,0.11465466358373765,0.11733816966393049,0.11626476723185335,9
v4,SQL,ocr_only,6,300.0,360.0,join,0.010934911261062068,0.017590372623629655,0.0,0.08153808757396205,0.048922852544377234,10
v4,SQL,ocr_only,6,300.0,360.0,inner join,0.022045964412272405,-0.040236493282655945,0.07461822098292985,0.0,0.02984728839317194,11
v4,SQL,ocr_only,7,360.0,420.0,select,0.11559810081241506,0.16703743850587796,0.6138495290011424,0.8061362497366187,0.7292215614424282,1
v4,SQL,ocr_only,7,360.0,420.0,group by,0.1806832299907443,0.116257521957261,1.0,0.524918899623055,0.714951339773833,2
v4,SQL,ocr_only,7,360.0,420.0,count,0.05998829096943857,0.20204376032848587,0.28391618579173544,1.0,0.7135664743166942,3
v4,SQL,ocr_only,7,360.0,420.0,order by,0.11410185821367483,0.10258772557009527,0.6049723124767804,0.4492160592509117,0.5115185605412591,4
v4,SQL,ocr_only,7,360.0,420.0,aggregate function,0.06918314813986601,0.13065205622912177,0.33846932983481415,0.6046353123149899,0.4981689193229196,5
v4,SQL,ocr_only,7,360.0,420.0,having,0.061340570090204306,0.13614912872581927,0.2919392661174249,0.6350779019443643,0.4978224476135885,6
v4,SQL,ocr_only,7,360.0,420.0,subquery,0.04473169616810885,0.08247188421604952,0.19339871516906396,0.33781525386609745,0.28004863838728405,7
v4,SQL,ocr_only,7,360.0,420.0,inner join,0.02357570430244643,0.03316961165689864,0.06788008554493119,0.06478104298103261,0.06602066000659204,8
v4,SQL,ocr_only,7,360.0,420.0,where,0.03368554717554929,0.023824242160538796,0.127861845379449,0.013026723080126375,0.05896077199985543,9
v4,SQL,ocr_only,7,360.0,420.0,left join,0.03132596929383674,0.0214719836293933,0.11386245532084921,0.0,0.045544982128339684,10
v4,SQL,ocr_only,7,360.0,420.0,join,0.012134609526879121,0.023398149692203524,0.0,0.010667038326925327,0.006400222996155196,11
v4,SQL,ocr_only,8,420.0,480.0,select,0.10697736507393776,0.14392373713633286,0.6135010153557359,0.7815754802723816,0.7143456943057233,1
v4,SQL,ocr_only,8,420.0,480.0,count,0.0556922963171217,0.18442891804076322,0.2842743502640338,1.0,0.7137097401056135,2
v4,SQL,ocr_only,8,420.0,480.0,group by,0.16718399200799736,0.04538550372953291,1.0,0.2502072496879802,0.5501243498127881,3
v4,SQL,ocr_only,8,420.0,480.0,aggregate function,0.06412712944068515,0.1175133284944678,0.33842211777593256,0.6391571353939723,0.5188631283467564,4
v4,SQL,ocr_only,8,420.0,480.0,order by,0.10560081427117754,0.06229086419563009,0.6046641893338964,0.3413695444408883,0.44668740239809157,5
v4,SQL,ocr_only,8,420.0,480.0,having,0.0567605026340734,0.09259217907548531,0.29113174583519913,0.5047696330706318,0.4193144781764588,6
v4,SQL,ocr_only,8,420.0,480.0,subquery,0.04139834815784503,0.061228437924899994,0.19251374629980722,0.33564040207567436,0.2783897397653275,7
v4,SQL,ocr_only,8,420.0,480.0,inner join,0.02186366496493976,0.01656188807567845,0.06711002242611419,0.09477566623545441,0.08370940871171832,8
v4,SQL,ocr_only,8,420.0,480.0,where,0.03119976729956329,0.00044374526065667734,0.12704352570672445,0.007858449112564843,0.05553247975022869,9
v4,SQL,ocr_only,8,420.0,480.0,left join,0.02927014842713539,-0.0010135448976535627,0.114656255850856,0.0,0.0458625023403424,10
v4,SQL,ocr_only,8,420.0,480.0,join,0.011409645046972061,0.0028020628724995016,0.0,0.020575696146896957,0.012345417688138174,11
v40,C++,ocr_only,1,0.0,60.0,constructor,0.0715765433913931,0.03275517268572,0.9422318742952916,0.9030614334756664,0.9187296098035165,1
v40,C++,ocr_only,1,0.0,60.0,template,0.013211140058894181,0.04307767909783431,0.10200101951127738,1.0,0.640800407804511,2
v40,C++,ocr_only,1,0.0,60.0,object,0.053373789380667544,-0.013695930807971948,0.680184245244833,0.4668395309281,0.5521774166547933,3
v40,C++,ocr_only,1,0.0,60.0,reference,0.015603183045345444,0.018328805491525796,0.1364369731486768,0.767583546601444,0.515124917220337,4
v40,C++,ocr_only,1,0.0,60.0,class,0.07558932147175115,-0.04790089915410951,1.0,0.14562097536552493,0.487372585219315,5
v40,C++,ocr_only,1,0.0,60.0,variable,0.01116184524715409,-0.00596861515946641,0.07249928332753978,0.5394066839180053,0.35264372368181907,6
v40,C++,ocr_only,1,0.0,60.0,polymorphism,0.02067089227122797,-0.019221982407978153,0.20939193296284386,0.41494442917108604,0.3327234306877892,7
v40,C++,ocr_only,1,0.0,60.0,inheritance,0.049425961488553466,-0.06340735345650157,0.623351145241493,0.0,0.24934045809659722,8
v40,C++,ocr_only,1,0.0,60.0,data type,0.01631606384708564,-0.03838635434054798,0.14669963580848838,0.23497198165560196,0.19966304331675655,9
v40,C++,ocr_only,1,0.0,60.0,pointer,0.006125788919733586,-0.04250624595826596,0.0,0.19628211586985664,0.11776926952191398,10
v5,Java,ocr_only,1,0.0,60.0,abstract class,0.13224895479033896,0.38263966653235254,0.9366254675138364,1.0,0.9746501870055345,1
v5,Java,ocr_only,1,0.0,60.0,class,0.13881141885789608,0.32938331200713156,1.0,0.764939107911518,0.8589634647469108,2
v5,Java,ocr_only,1,0.0,60.0,inheritance,0.12672510511418822,0.33996471329032324,0.8832809635064849,0.8116428984234151,0.840298124456643,3
v5,Java,ocr_only,1,0.0,60.0,extends,0.12264126728832,0.28130136890461765,0.843842833209788,0.5527168381038448,0.669167236146222,4
v5,Java,ocr_only,1,0.0,60.0,implements,0.13400549777513274,0.25788551167969437,0.953588621796614,0.44936480927317524,0.6510543342825508,5
v5,Java,ocr_only,1,0.0,60.0,method,0.043979696413869236,0.30174494000908103,0.08419825040123476,0.6429499023856612,0.4194492415918906,6
v5,Java,ocr_only,1,0.0,60.0,object,0.1254624679678441,0.15607558753117975,0.8710875193938059,0.0,0.3484350077575224,7
v5,Java,ocr_only,1,0.0,60.0,interface,0.05118959353280063,0.21505850657423686,0.1538251244658886,0.2603365869077233,0.21773200193098943,8
v5,Java,ocr_only,1,0.0,60.0,abstract method,0.03526092609505205,0.20670992506544617,0.0,0.22348793223308938,0.13409275933985362,9
v5,Java,ocr_only,2,60.0,120.0,implements,0.09718867074166881,0.7961122150760339,0.9971321945402459,1.0,0.9988528778160983,1
v5,Java,ocr_only,2,60.0,120.0,abstract class,0.09740427650011245,0.2915159015265843,1.0,0.40282643551946723,0.6416958613116803,2
v5,Java,ocr_only,2,60.0,120.0,class,0.08319169088408347,0.2900018153963345,0.8109562058031683,0.40103456311165747,0.5650032201882618,3
v5,Java,ocr_only,2,60.0,120.0,object,0.06946211255040287,0.3066754369841564,0.6283369659940238,0.4207672598615781,0.5037951423145564,4
v5,Java,ocr_only,2,60.0,120.0,interface,0.03867254448092596,0.5357866843521896,0.21880017045338157,0.6919130779729531,0.5026679149651245,5
v5,Java,ocr_only,2,60.0,120.0,inheritance,0.06982809224884134,0.18022505164758704,0.6332049184314602,0.2711172816241214,0.4159523363470569,6
v5,Java,ocr_only,2,60.0,120.0,extends,0.06311083325702604,0.2123057614728719,0.5438576201479302,0.30908377349694316,0.40299331215733797,7
v5,Java,ocr_only,2,60.0,120.0,abstract method,0.04230046298296836,-0.04886208312215592,0.2670556742154483,0.0,0.10682226968617932,8
v5,Java,ocr_only,2,60.0,120.0,method,0.022222831499961376,0.06676835364486244,0.0,0.1368449158910359,0.08210694953462154,9
v5,Java,ocr_only,3,120.0,180.0,implements,0.0974998384263055,0.457545278875282,0.9976331914265953,1.0,0.9990532765706381,1
v5,Java,ocr_only,3,120.0,180.0,abstract class,0.09767913538331074,0.20233722809523777,1.0,0.45853569908861896,0.6751214194531714,2
v5,Java,ocr_only,3,120.0,180.0,class,0.08304532737733658,0.1963554047717553,0.8068264914887333,0.4458443134754889,0.5902371846807867,3
v5,Java,ocr_only,3,120.0,180.0,inheritance,0.069664521551144,0.1350986350367995,0.6301932319093823,0.31587837431624954,0.4416043173535026,4
v5,Java,ocr_only,3,120.0,180.0,interface,0.038765021303285074,0.2620497468775893,0.22230453529078026,0.585225265265392,0.44005697327554727,5
v5,Java,ocr_only,3,120.0,180.0,object,0.06935653376238077,0.1061257388511769,0.6261276406627476,0.25440778618011367,0.4030957279731673,6
v5,Java,ocr_only,3,120.0,180.0,extends,0.06289393978995336,0.12465702335484158,0.5408182016412767,0.29372484133608406,0.39256218545816113,7
v5,Java,ocr_only,3,120.0,180.0,abstract method,0.04259598225125152,-0.013784133517157425,0.2728751158933281,0.0,0.10915004635733123,8
v5,Java,ocr_only,3,120.0,180.0,method,0.021924400074350633,0.04066627089383174,0.0,0.11552515709682158,0.06931509425809294,9
v5,Java,ocr_only,4,180.0,240.0,implements,0.09760235835780307,0.28993379341034003,0.9977970966425518,1.0,0.9991188386570207,1
v5,Java,ocr_only,4,180.0,240.0,abstract class,0.09776964693246838,0.2071961461206462,1.0,0.6593089722761297,0.7955853833656779,2
v5,Java,ocr_only,4,180.0,240.0,class,0.08300069597825668,0.17814821513656992,0.8055182686079397,0.5396975283397761,0.6460258244470416,3
v5,Java,ocr_only,4,180.0,240.0,inheritance,0.06961445550897351,0.15824253037530045,0.6292444607140726,0.4577313566994443,0.5263365983052957,4
v5,Java,ocr_only,4,180.0,240.0,interface,0.03879589667585603,0.17719609933939345,0.22341694463287542,0.5357769756037717,0.4108329632154132,5
v5,Java,ocr_only,4,180.0,240.0,extends,0.0628267210547564,0.11929237122643528,0.5398616499119803,0.29734524245604166,0.3943518054384171,6
v5,Java,ocr_only,4,180.0,240.0,object,0.0693252210129024,0.04708135364267879,0.6254357389065038,0.0,0.25017429556260157,7
v5,Java,ocr_only,4,180.0,240.0,abstract method,0.042691909502783426,0.06709957945850402,0.2747207455904133,0.08242958495692616,0.15934604921032103,8
v5,Java,ocr_only,4,180.0,240.0,method,0.021829604397374826,0.10951993829196942,0.0,0.2571050334475787,0.1542630200685472,9
v5,Java,ocr_only,5,240.0,300.0,implements,0.09992727222919134,0.25187929006746185,0.9637547970703966,1.0,0.9855019188281586,1
v5,Java,ocr_only,5,240.0,300.0,abstract class,0.10263375081924846,0.1649687884358777,1.0,0.6414538089402765,0.7848722853641659,2
v5,Java,ocr_only,5,240.0,300.0,class,0.09240731799735985,0.15625765093848804,0.8630474542688005,0.605516320249594,0.7085287738572765,3
v5,Java,ocr_only,5,240.0,300.0,inheritance,0.07696704171309045,0.12049733662222148,0.6562710366505559,0.4579884122466292,0.5373014620081998,4
v5,Java,ocr_only,5,240.0,300.0,extends,0.06991851452981954,0.08863144609456933,0.5618770521383455,0.32652681141675094,0.4206669077053887,5
v5,Java,ocr_only,5,240.0,300.0,object,0.074621205795837,0.04927336677939411,0.6248555659452771,0.16415645155273384,0.34843609730975117,6
v5,Java,ocr_only,5,240.0,300.0,interface,0.039987784601975204,0.10839455496882949,0.16104425632340463,0.4080588159195242,0.30925299208107637,7
v5,Java,ocr_only,5,240.0,300.0,abstract method,0.04126105693812193,0.009482344294002597,0.17809593904420326,0.0,0.0712383756176813,8
v5,Java,ocr_only,5,240.0,300.0,method,0.027962390989542927,0.0377234396984933,0.0,0.11650763715019923,0.06990458229011953,9
v5,Java,ocr_only,6,300.0,360.0,implements,0.10179281474126055,0.17141082934908733,0.9377066504876582,1.0,0.9750826601950633,1
v5,Java,ocr_only,6,300.0,360.0,abstract class,0.10639789537296349,0.13104887314915115,1.0,0.7676424134025106,0.8605854480415064,2
v5,Java,ocr_only,6,300.0,360.0,class,0.09943844225987447,0.0937313890252597,0.9058588372581673,0.552811385244087,0.6940303660497191,3
v5,Java,ocr_only,6,300.0,360.0,inheritance,0.0824453064557446,0.06768105617885328,0.6759911253510474,0.4028436175702826,0.5121026206825885,4
v5,Java,ocr_only,6,300.0,360.0,extends,0.07518093708367087,0.03265435942743588,0.5777253323123708,0.20120030069719366,0.3518103133432645,5
v5,Java,ocr_only,6,300.0,360.0,interface,0.040919671144786715,0.06256347061229509,0.11427003487994342,0.37338246297308575,0.2697374917358288,6
v5,Java,ocr_only,6,300.0,360.0,object,0.07857204253736111,-0.0022953826622070135,0.6235971278691442,0.0,0.2494388511476577,7
v5,Java,ocr_only,6,300.0,360.0,abstract method,0.040291972136775635,0.03720404498707656,0.10577909263120264,0.22739214212278908,0.1787469223261545,8
v5,Java,ocr_only,6,300.0,360.0,method,0.03247217669266401,0.027053103246236578,0.0,0.16895472861117572,0.10137283716670543,9
v5,Java,ocr_only,7,360.0,420.0,abstract class,0.1060255785853403,0.15436191765298554,1.0,1.0,1.0,1
v5,Java,ocr_only,7,360.0,420.0,class,0.09919512099154432,0.12371925992167801,0.9071558352867246,0.8220124238449082,0.8560697884216348,2
v5,Java,ocr_only,7,360.0,420.0,implements,0.1014874867138517,0.10627463654358885,0.9383152089864144,0.7206855004680159,0.8077373838753753,3
v5,Java,ocr_only,7,360.0,420.0,inheritance,0.08228896390726817,0.13210400924343826,0.677355999558775,0.8707151578418812,0.7933714945286388,4
v5,Java,ocr_only,7,360.0,420.0,extends,0.07507145705840286,0.07397261041970886,0.5792508015550731,0.5330594993195011,0.5515360202137299,5
v5,Java,ocr_only,7,360.0,420.0,method,0.03245652214662882,0.11792084025050874,0.0,0.7883323601947184,0.47299941611683105,6
v5,Java,ocr_only,7,360.0,420.0,abstract method,0.040136603293985273,0.0961583337190624,0.10439281838220303,0.6619250549747804,0.43891216033774944,7
v5,Java,ocr_only,7,360.0,420.0,interface,0.040810397456038726,0.0624519026352477,0.11355148093233065,0.46614158142452994,0.32510554122765023,8
v5,Java,ocr_only,7,360.0,420.0,object,0.0784500519486313,-0.017799861237731317,0.6251749312609239,0.0,0.2500699725043696,9
v6,SQL,ocr_only,1,0.0,60.0,group by,0.13094950793169446,0.7032671457001566,1.0,1.0,1.0,1
v6,SQL,ocr_only,1,0.0,60.0,order by,0.10675268843588802,0.6112676920414454,0.803599904856746,0.8440251632946234,0.8278550599194724,2
v6,SQL,ocr_only,1,0.0,60.0,select,0.06626189979785127,0.5998727272242552,0.47494535824106243,0.8247062683888116,0.6848019043297119,3
v6,SQL,ocr_only,1,0.0,60.0,join,0.032780902876566625,0.675522717824551,0.2031877009187468,0.9529624097178329,0.6530525261981984,4
v6,SQL,ocr_only,1,0.0,60.0,inner join,0.029355167272653027,0.5933728442636995,0.1753817821011572,0.8136864400848558,0.5583645768913763,5
v6,SQL,ocr_only,1,0.0,60.0,where,0.042901015122385554,0.4438568363987157,0.28533035641459475,0.5601986857108658,0.45025135399235744,6
v6,SQL,ocr_only,1,0.0,60.0,having,0.01848752558268567,0.3015817506928283,0.0871715996735743,0.31898710914496514,0.2262609053564088,7
v6,SQL,ocr_only,1,0.0,60.0,left join,0.06409192293903482,0.13436854848469784,0.4573321483064232,0.03549573096625671,0.20423029790232333,8
v6,SQL,ocr_only,1,0.0,60.0,count,0.04673985157615794,0.18148332311145202,0.3164893211244383,0.11537358878571748,0.1958198817212058,9
v6,SQL,ocr_only,1,0.0,60.0,subquery,0.0077478390213137184,0.29725857532634503,0.0,0.3116576463599209,0.18699458781595252,10
v6,SQL,ocr_only,1,0.0,60.0,aggregate function,0.050262705218764844,0.11343191585157231,0.34508352503225626,0.0,0.1380334100129025,11
v6,SQL,ocr_only,2,60.0,120.0,left join,0.0724359321826097,0.30052366524695723,0.5795384036662234,1.0,0.8318153614664894,1
v6,SQL,ocr_only,2,60.0,120.0,where,0.04564481079575554,0.2800149356279578,0.36362402528354404,0.942613889601118,0.7110179438740885,2
v6,SQL,ocr_only,2,60.0,120.0,group by,0.12460771319259699,0.12272155769398416,1.0,0.5024864258907417,0.7014918555344449,3
v6,SQL,ocr_only,2,60.0,120.0,order by,0.10821052561677373,0.14789673116642033,0.8678521696969629,0.5729298571046304,0.6908987821415634,4
v6,SQL,ocr_only,2,60.0,120.0,select,0.05791362578397648,0.15984998730523292,0.46250057186115906,0.6063766326558837,0.5488262083379938,5
v6,SQL,ocr_only,2,60.0,120.0,join,0.03780276846792325,0.18446808797005532,0.3004236213133171,0.6752613012242148,0.5253262292598557,6
v6,SQL,ocr_only,2,60.0,120.0,inner join,0.031121475288800354,0.1810932875159729,0.24657789971277963,0.6658181677376454,0.49812206052769903,7
v6,SQL,ocr_only,2,60.0,120.0,count,0.04509360995925116,0.04286626686968888,0.35918180040391456,0.27904086781324366,0.311097240849512,8
v6,SQL,ocr_only,2,60.0,120.0,aggregate function,0.04786644237348695,-0.02821256801144037,0.38152854649319295,0.08015298244497414,0.20070320806426167,9
v6,SQL,ocr_only,2,60.0,120.0,having,0.01038685607607886,0.013904144794400473,0.07947394188766806,0.19800105863565862,0.15059021193646238,10
v6,SQL,ocr_only,2,60.0,120.0,subquery,0.0005255580923448046,-0.056857754689790437,0.0,0.0,0.0,11
v6,SQL,ocr_only,3,120.0,180.0,order by,0.1077415077140996,0.2745694140686991,0.8674699817865016,1.0,0.9469879927146007,1
v6,SQL,ocr_only,3,120.0,180.0,group by,0.12411441496444851,0.15896142954996728,1.0,0.6433995655438725,0.7860397393263234,2
v6,SQL,ocr_only,3,120.0,180.0,left join,0.07207188664804985,0.18470722290063768,0.5787432787477715,0.7228141590296637,0.6651858069169069,3
v6,SQL,ocr_only,3,120.0,180.0,where,0.045476574432219974,0.1719655971986713,0.36346830293170207,0.6835117762408491,0.5554943869171902,4
v6,SQL,ocr_only,3,120.0,180.0,select,0.05776432621058037,0.10250013706524774,0.46293114982191136,0.46924099411109077,0.46671705639541905,5
v6,SQL,ocr_only,3,120.0,180.0,join,0.03761240075265148,0.02206267112890769,0.29981197940582877,0.2211263381999225,0.252600594682285,6
v6,SQL,ocr_only,3,120.0,180.0,inner join,0.031008427287232226,0.00363003523191717,0.24635630960504715,0.16426966003533258,0.1971043198632184,7
v6,SQL,ocr_only,3,120.0,180.0,count,0.0449549413399705,-0.02078697069680488,0.3592459591439112,0.08895379877758944,0.19707066292411815,8
v6,SQL,ocr_only,3,120.0,180.0,having,0.010397877177586895,0.034486376731828194,0.07952481537769737,0.2594480755262803,0.1874787714668471,9
v6,SQL,ocr_only,3,120.0,180.0,aggregate function,0.04767606751231645,-0.04962532421044076,0.3812720352504958,0.0,0.15250881410019834,10
v6,SQL,ocr_only,3,120.0,180.0,subquery,0.0005732921980343643,-0.01236178613224794,0.0,0.11494183488600598,0.06896510093160359,11
v6,SQL,ocr_only,4,180.0,240.0,order by,0.10825632952317582,0.2930345812793315,0.8679280647068256,1.0,0.9471712258827303,1
v6,SQL,ocr_only,4,180.0,240.0,group by,0.12465101320890504,0.17748616608368423,1.0,0.6396414515910221,0.7837848709546134,2
v6,SQL,ocr_only,4,180.0,240.0,left join,0.07247597312154373,0.14762939508008982,0.5796894499199808,0.5465277326290001,0.5597924195453925,3
v6,SQL,ocr_only,4,180.0,240.0,select,0.05792265799877105,0.09704997176929002,0.46245117133891295,0.38878668933748084,0.41825248213805366,4
v6,SQL,ocr_only,4,180.0,240.0,where,0.045662529327400184,0.08975252081931875,0.36368629416225007,0.36602827394108844,0.3650914820295531,5
v6,SQL,ocr_only,4,180.0,240.0,aggregate function,0.047883191226278085,-0.01975390404730209,0.3815754538580795,0.024512760815480386,0.16733783803252006,6
v6,SQL,ocr_only,4,180.0,240.0,count,0.04510579227996382,-0.01663186517405233,0.35920134399707354,0.03424940146551212,0.1642301784781367,7
v6,SQL,ocr_only,4,180.0,240.0,join,0.037824116348027695,-0.011693137822293113,0.30054177782650743,0.04965171240551287,0.1500077385739107,8
v6,SQL,ocr_only,4,180.0,240.0,inner join,0.031133333150525605,-0.027613883162003604,0.24664231245955173,0.0,0.0986569249838207,9
v6,SQL,ocr_only,4,180.0,240.0,having,0.010380774302437374,0.002915300635654382,0.07946430147186405,0.09521075939299724,0.08891217622454395,10
v6,SQL,ocr_only,4,180.0,240.0,subquery,0.0005165129508740112,-0.0041542315804755595,0.0,0.07316314962680931,0.04389788977608559,11
v6,SQL,ocr_only,5,240.0,300.0,group by,0.14261164520923503,0.44471331153019616,1.0,1.0,1.0,1
v6,SQL,ocr_only,5,240.0,300.0,order by,0.10982431268680463,0.18264703408944577,0.7430506217655204,0.6164918288415655,0.6671153460111474,2
v6,SQL,ocr_only,5,240.0,300.0,select,0.07667237681416014,0.1224378774113548,0.4832439020844429,0.5283816614819867,0.5103265577229692,3
v6,SQL,ocr_only,5,240.0,300.0,aggregate function,0.05470856344309332,0.06887716857499719,0.31111681045559836,0.45000084235341753,0.39444722959428985,4
v6,SQL,ocr_only,5,240.0,300.0,count,0.04987049493891423,0.05896519107263496,0.27320159752529416,0.435495640075517,0.37057802305542786,5
v6,SQL,ocr_only,5,240.0,300.0,left join,0.058753742008641086,0.004692277417976951,0.34281826456303044,0.3560725793810966,0.35077085345387016,6
v6,SQL,ocr_only,5,240.0,300.0,join,0.0292845535457903,0.033272776715768164,0.11187268070304388,0.39789732357760593,0.2834874664277811,7
v6,SQL,ocr_only,5,240.0,300.0,subquery,0.01500934179945506,0.05791370990292635,0.0,0.43395690100408624,0.26037414060245173,8
v6,SQL,ocr_only,5,240.0,300.0,inner join,0.028579205600100233,0.007623393586107465,0.10634497527107432,0.3603619790401077,0.25875517753249433,9
v6,SQL,ocr_only,5,240.0,300.0,where,0.04162287759685306,-0.1261825937371806,0.20856626476351078,0.16455010278676316,0.1821565675774622,10
v6,SQL,ocr_only,5,240.0,300.0,having,0.027052063321805358,-0.23862617677626252,0.09437699164157326,0.0,0.03775079665662931,11
v6,SQL,ocr_only,6,300.0,360.0,order by,0.10902826190462259,0.24440621503391802,0.8442914434801473,1.0,0.9377165773920589,1
v6,SQL,ocr_only,6,300.0,360.0,group by,0.12854452624451504,0.1586627201853387,1.0,0.7047152484252285,0.8228291490551372,2
v6,SQL,ocr_only,6,300.0,360.0,left join,0.07025280280881219,0.12440270779771721,0.5349253343184747,0.5867300967272155,0.5660081917637192,3
v6,SQL,ocr_only,6,300.0,360.0,select,0.06161634724049106,0.07546543710070532,0.46602024026098465,0.4181991796467586,0.43732760389244907,4
v6,SQL,ocr_only,6,300.0,360.0,where,0.045069985104129046,0.07245542067478472,0.3340067504333575,0.40783323930185483,0.3783026437544559,5
v6,SQL,ocr_only,6,300.0,360.0,aggregate function,0.049365763341020566,0.03609102934273425,0.36828018600209617,0.2826009953909312,0.3168726716353972,6
v6,SQL,ocr_only,6,300.0,360.0,count,0.04614659496833112,0.02980026638135894,0.3425963741938473,0.26093677023255746,0.2936006118170734,7
v6,SQL,ocr_only,6,300.0,360.0,having,0.01351916315665959,0.027102181134117755,0.08228168374559876,0.25164506322474156,0.18389971143308445,8
v6,SQL,ocr_only,6,300.0,360.0,join,0.03640388791827148,-0.045396321863784575,0.2648651637049788,0.0019736160195180418,0.10713023509370236,9
v6,SQL,ocr_only,6,300.0,360.0,inner join,0.030765461529229324,-0.04596941185268557,0.2198795445930972,0.0,0.08795181783723888,10
v6,SQL,ocr_only,6,300.0,360.0,subquery,0.0032061069817036817,-0.020632643415331095,0.0,0.08725514847445821,0.052353089084674925,11
v6,SQL,ocr_only,7,360.0,420.0,order by,0.09892372650068974,0.5646151796622517,0.7279268205002375,1.0,0.8911707282000949,1
v6,SQL,ocr_only,7,360.0,420.0,group by,0.1302308595774111,0.15897441123317885,1.0,0.3473975133279584,0.608438507996775,2
v6,SQL,ocr_only,7,360.0,420.0,select,0.07265519782347778,0.30649525357432916,0.4996413974793756,0.5847318151059178,0.5506956480553009,3
v6,SQL,ocr_only,7,360.0,420.0,having,0.026223363269520635,0.4283459986288302,0.09612770537144791,0.7807675822536979,0.5069116315007979,4
v6,SQL,ocr_only,7,360.0,420.0,aggregate function,0.04995710939184202,0.24203464042876785,0.30238471884872226,0.4810263700292024,0.40956970955701033,5
v6,SQL,ocr_only,7,360.0,420.0,count,0.04670284374288331,0.21305219187919616,0.27410367504061334,0.4343988624772781,0.37028078750261223,6
v6,SQL,ocr_only,7,360.0,420.0,subquery,0.015162063989830303,0.2802633606244871,0.0,0.5425294530615933,0.32551767183695596,7
v6,SQL,ocr_only,7,360.0,420.0,where,0.03843098133791632,0.11270644879767744,0.20221744069942624,0.27296074639353124,0.24466342411588926,8
v6,SQL,ocr_only,7,360.0,420.0,left join,0.05126973485596451,0.056710020550789116,0.3137920292096223,0.18287264094941202,0.23524039625349613,9
v6,SQL,ocr_only,7,360.0,420.0,join,0.02538326283276877,-0.0437928442816417,0.08882685171723156,0.02118174444186166,0.04823978735200962,10
v6,SQL,ocr_only,7,360.0,420.0,inner join,0.026419822677664167,-0.05695886688734917,0.09783502669292646,0.0,0.03913401067717059,11
v6,SQL,ocr_only,8,420.0,480.0,order by,0.0670000227212153,0.6831493536801873,0.6144136635083327,0.8873845408288208,0.7781961899006256,1
v6,SQL,ocr_only,8,420.0,480.0,having,0.03393857038751016,0.7814474514326305,0.2674445121859759,1.0,0.7069778048743903,2
v6,SQL,ocr_only,8,420.0,480.0,select,0.07138138897680016,0.5332636606178927,0.6603946723275639,0.7156676253101664,0.6935584441171254,3
v6,SQL,ocr_only,8,420.0,480.0,subquery,0.024508602333420452,0.6509371925512454,0.1684800753034246,0.8504805986430054,0.577680389307173,4
v6,SQL,ocr_only,8,420.0,480.0,aggregate function,0.039729110007028015,0.5290219849326361,0.32821433551991147,0.7108081390548636,0.5577706176408828,5
v6,SQL,ocr_only,8,420.0,480.0,count,0.03972904755498641,0.469831445682094,0.3282136801061185,0.6429963511494988,0.5170832827321467,6
v6,SQL,ocr_only,8,420.0,480.0,group by,0.10374116883135895,0.02233624641550141,1.0,0.1303223676791212,0.4781934206074727,7
v6,SQL,ocr_only,8,420.0,480.0,where,0.025903833887546128,0.03658708307729305,0.18312257507466517,0.14664887399954743,0.16123835442959453,8
v6,SQL,ocr_only,8,420.0,480.0,inner join,0.01806060480250695,-0.033422109472154356,0.10081044577692931,0.06644266914485018,0.08018977979768184,9
v6,SQL,ocr_only,8,420.0,480.0,left join,0.020276438694556424,-0.09141759281521925,0.12406489924847042,0.0,0.04962595969938817,10
v6,SQL,ocr_only,8,420.0,480.0,join,0.008454737148016252,-0.024746257795630815,0.0,0.07638218010785311,0.04582930806471187,11
v7,SQL,ocr_only,1,0.0,60.0,group by,0.1533931050252214,0.010975231457160301,1.0,0.5898613445929681,0.7539168067557809,1
v7,SQL,ocr_only,1,0.0,60.0,aggregate function,0.05880411940554152,0.05005652536822043,0.26943364285059235,1.0,0.707773457140237,2
v7,SQL,ocr_only,1,0.0,60.0,count,0.05272696962737338,0.04036686890422353,0.22249624156437,0.8983118961582012,0.6279856343206687,3
v7,SQL,ocr_only,1,0.0,60.0,order by,0.11052623145628389,0.009390619519522265,0.6689139283979469,0.5732316339461344,0.6115045517268594,4
v7,SQL,ocr_only,1,0.0,60.0,left join,0.0501002547421784,0.027165865581451818,0.20220857791753877,0.7597739612283368,0.5367478079040175,5
v7,SQL,ocr_only,1,0.0,60.0,having,0.037323123872695506,0.019699602508221146,0.10352328286985356,0.681419260262221,0.45026086930527404,6
v7,SQL,ocr_only,1,0.0,60.0,where,0.03904179409314608,0.009861714693132406,0.11679758361290443,0.5781755424439675,0.39362435891154224,7
v7,SQL,ocr_only,1,0.0,60.0,join,0.023919601771176066,-0.004353934189845339,0.0,0.4289894092552466,0.2573936455531479,8
v7,SQL,ocr_only,1,0.0,60.0,select,0.08813367225397935,-0.04523147881240204,0.4959630261707385,0.0,0.1983852104682954,9
v7,SQL,ocr_only,1,0.0,60.0,subquery,0.023959559933005935,-0.019581559833054405,0.0003086203804300023,0.2691830855301274,0.1616332994702484,10
v7,SQL,ocr_only,1,0.0,60.0,inner join,0.026943568435325395,-0.03110976202195992,0.023355872731858334,0.14820036280405038,0.09826256677517356,11
v8,SQL,ocr_only,1,0.0,60.0,count,0.011270577824012034,0.12848319323390336,0.8480246148409578,0.730705158527837,0.7776329410530853,1
v8,SQL,ocr_only,1,0.0,60.0,select,0.01292335932969027,0.023965589239727407,1.0,0.4250929510172115,0.6550557706103269,2
v8,SQL,ocr_only,1,0.0,60.0,aggregate function,0.0023012540328463016,0.22058046849632343,0.02328375641805104,1.0,0.6093135025672204,3
v8,SQL,ocr_only,1,0.0,60.0,group by,0.008689379245264837,0.06598455765603341,0.6106800857369115,0.5479575135816394,0.5730465424437482,4
v8,SQL,ocr_only,1,0.0,60.0,where,0.011279762356422992,-0.030319526736949445,0.8488691444087595,0.26636185219172565,0.4993647690785392,5
v8,SQL,ocr_only,1,0.0,60.0,inner join,0.00787256464618149,-0.009190670095958236,0.5355729328115284,0.3281431815894861,0.41111508207830305,6
v8,SQL,ocr_only,1,0.0,60.0,order by,0.008196269980629904,-0.055952211642371706,0.5653380546451288,0.19141121116089127,0.3409819485545863,7
v8,SQL,ocr_only,1,0.0,60.0,join,0.002683487050178408,0.04990184037086693,0.0584305739677258,0.5009312276311606,0.3239309661657867,8
v8,SQL,ocr_only,1,0.0,60.0,left join,0.0020480356452093874,-0.013193058381041785,0.0,0.3164400935701012,0.18986405614206073,9
v8,SQL,ocr_only,1,0.0,60.0,subquery,0.002377256029488043,-0.09356850987439629,0.03027223775862911,0.08142017135760928,0.06096099791801721,10
v8,SQL,ocr_only,1,0.0,60.0,having,0.002438298479751368,-0.12141373666166945,0.035885169569608945,0.0,0.014354067827843578,11
v8,SQL,ocr_only,2,60.0,120.0,group by,0.11163018980684482,0.04085978547973469,1.0,1.0,1.0,1
v8,SQL,ocr_only,2,60.0,120.0,count,0.041446393637300315,0.03535762645824284,0.3604936384603483,0.9381961801003845,0.70711516344437,2
v8,SQL,ocr_only,2,60.0,120.0,order by,0.09577492430870925,0.0043624820376368485,0.8555287159807723,0.5900386084905579,0.6962346514866437,3
v8,SQL,ocr_only,2,60.0,120.0,aggregate function,0.0428568183661079,0.026859508605916182,0.3733452599994051,0.84273980685138,0.65498198811059,4
v8,SQL,ocr_only,2,60.0,120.0,select,0.054072594675610236,-0.0029861008713938588,0.4755420730957722,0.5074945575365413,0.4947135637602337,5
v8,SQL,ocr_only,2,60.0,120.0,join,0.03269721454563857,0.0021164918496219586,0.2807721643774837,0.5648101895128129,0.4511949794586812,6
v8,SQL,ocr_only,2,60.0,120.0,where,0.041158552766077196,-0.005993774409360125,0.3578708668477439,0.4737104169962147,0.42737459693682633,7
v8,SQL,ocr_only,2,60.0,120.0,inner join,0.028107885677282028,-0.009658004509951102,0.23895474829725818,0.4325514071742355,0.3551127436234446,8
v8,SQL,ocr_only,2,60.0,120.0,subquery,0.0018833594538634772,0.0015668635906528254,0.0,0.5586364083123094,0.3351818449873856,9
v8,SQL,ocr_only,2,60.0,120.0,left join,0.06268828695181794,-0.03424820438999619,0.5540472312720661,0.1563383281364394,0.3154218893906901,10
v8,SQL,ocr_only,2,60.0,120.0,having,0.010784142789544324,-0.04816641112799453,0.08110287383292114,0.0,0.032441149533168456,11
v8,SQL,ocr_only,3,120.0,180.0,group by,0.07045578450016546,0.14983713501655507,1.0,0.6264479244356711,0.7758687546614027,1
v8,SQL,ocr_only,3,120.0,180.0,join,0.02188313789170689,0.31010587874968987,0.30008482615271115,1.0,0.7200339304610844,2
v8,SQL,ocr_only,3,120.0,180.0,select,0.03451338958523549,0.25107514603352027,0.48208242000570173,0.8624120198700396,0.7102801799243044,3
v8,SQL,ocr_only,3,120.0,180.0,inner join,0.018778887388480436,0.2696487217508007,0.25535364137405603,0.9057030421756375,0.6455632818550048,4
v8,SQL,ocr_only,3,120.0,180.0,order by,0.06151491243255894,0.048781853200469405,0.8711651008439093,0.39090973158632847,0.5830118792893608,5
v8,SQL,ocr_only,3,120.0,180.0,where,0.027424163557008198,0.18086447076961687,0.37992910503428,0.6987659909520388,0.5712312365849354,6
v8,SQL,ocr_only,3,120.0,180.0,aggregate function,0.02678625539691793,-0.021646601798998112,0.3707370672940422,0.22675610480276223,0.2843484897992742,7
v8,SQL,ocr_only,3,120.0,180.0,count,0.02722899091041681,-0.031965687341413404,0.3771167341546282,0.20270452910242717,0.2724694111233076,8
v8,SQL,ocr_only,3,120.0,180.0,left join,0.040482686984900935,-0.11893401747097812,0.5680979476526025,0.0,0.227239179061041,9
v8,SQL,ocr_only,3,120.0,180.0,having,0.006017739005456504,-0.025275060517443573,0.0714698711320645,0.21829894557256505,0.15956731579636482,10
v8,SQL,ocr_only,3,120.0,180.0,subquery,0.0010578796919802256,-0.029839780655693253,0.0,0.20765956173330102,0.12459573703998061,11
v8,SQL,ocr_only,4,180.0,240.0,left join,0.0036528462747307667,0.0009193943335068517,1.0,0.7942553804622852,0.8765532282773711,1
v8,SQL,ocr_only,4,180.0,240.0,count,0.0023912196683153124,0.00010057656931783283,0.6407121656863667,0.5857438032616669,0.6077311482315468,2
v8,SQL,ocr_only,4,180.0,240.0,where,0.00014138141028411302,0.0017273463504910316,0.0,1.0,0.6,3
v8,SQL,ocr_only,4,180.0,240.0,aggregate function,0.0016252173700360547,0.00045449818225804195,0.42256893263426365,0.6758697836043628,0.5745494432163232,4
v8,SQL,ocr_only,4,180.0,240.0,subquery,0.0003168754250196956,0.001095260069291129,0.04997743719791922,0.8390395113735704,0.5234146817033098,5
v8,SQL,ocr_only,4,180.0,240.0,join,0.002320201323567378,-0.0004087777721509376,0.6204874596193942,0.4560369481608552,0.5218171527442709,6
v8,SQL,ocr_only,4,180.0,240.0,order by,0.0002872369773012715,0.000549300015849514,0.04153695755123063,0.7000110281012338,0.43662139988123255,7
v8,SQL,ocr_only,4,180.0,240.0,having,0.0002661180771367092,0.0003782703423097313,0.03552268687508355,0.6564583982761991,0.40808411371575287,8
v8,SQL,ocr_only,4,180.0,240.0,group by,0.00021847865893680318,0.00019008766025970563,0.02195586503891713,0.6085377625106132,0.3739050035219348,9
v8,SQL,ocr_only,4,180.0,240.0,select,0.0002676707687346281,-0.0003401765529506891,0.03596486461510305,0.4735062179287094,0.29848967660326686,10
v8,SQL,ocr_only,4,180.0,240.0,inner join,0.00048057819757493553,-0.002199619121556585,0.09659694753752693,0.0,0.038638779015010775,11
v8,SQL,ocr_only,5,240.0,300.0,left join,0.0036296994290642435,0.00011348557495156455,1.0,0.4764632553129359,0.6858779531877615,1
v8,SQL,ocr_only,5,240.0,300.0,count,0.0023557999375918744,0.0010752795709193508,0.6381757802858861,0.6780250410178338,0.6620853367250547,2
v8,SQL,ocr_only,5,240.0,300.0,where,0.00010893044218186253,0.0026116500754673096,0.0,1.0,0.6,3
v8,SQL,ocr_only,5,240.0,300.0,join,0.0023089453712210528,-0.00018479665365529627,0.6248677312359792,0.41395267727430024,0.49831869885897184,4
v8,SQL,ocr_only,5,240.0,300.0,aggregate function,0.0015960930950604207,-7.460967009900092e-05,0.4223971122273011,0.4370444050872767,0.4311854879432865,5
v8,SQL,ocr_only,5,240.0,300.0,having,0.00024662012936195964,0.0008336448719052094,0.03910784481830502,0.6273860043574437,0.39207474054178826,6
v8,SQL,ocr_only,5,240.0,300.0,group by,0.00013580000799101483,0.0004166864550683395,0.007631732132742153,0.5400046280807492,0.32705546970154636,7
v8,SQL,ocr_only,5,240.0,300.0,select,0.00021033714389272605,1.0410107260345705e-05,0.028802429835266905,0.4548618776610572,0.2844380985307411,8
v8,SQL,ocr_only,5,240.0,300.0,subquery,0.0003046146410759391,-0.0007813657779456133,0.05557995983921505,0.2889305431244932,0.19559030981038192,9
v8,SQL,ocr_only,5,240.0,300.0,order by,0.00022585082641080927,-0.0010044387589524231,0.033208763387932196,0.2421814590350211,0.15859238077618554,10
v8,SQL,ocr_only,5,240.0,300.0,inner join,0.0004586611377855533,-0.0021600579772482324,0.09933361061367878,0.0,0.03973344424547151,11
v8,SQL,ocr_only,6,300.0,360.0,left join,0.0036281468641181226,0.00010654116679572314,1.0,0.47646061216631186,0.6858763672997872,1
v8,SQL,ocr_only,6,300.0,360.0,count,0.0023534066303394913,0.0005840332926733749,0.638002791505722,0.5797952258695107,0.6030782521239952,2
v8,SQL,ocr_only,6,300.0,360.0,where,0.00010673784806273826,0.002525729919902307,0.0,1.0,0.6,3
v8,SQL,ocr_only,6,300.0,360.0,join,0.002308190836587983,5.3410889869189144e-05,0.6251625353624132,0.4649626285460456,0.5290425912725927,4
v8,SQL,ocr_only,6,300.0,360.0,aggregate function,0.0015941307520386363,0.00019133474056950785,0.422385726052933,0.4948108858474173,0.46584082192962356,5
v8,SQL,ocr_only,6,300.0,360.0,having,0.00024530167135953227,0.0008568299311315945,0.03934897158070282,0.638831456472891,0.3990384625160157,6
v8,SQL,ocr_only,6,300.0,360.0,group by,0.0001302266689614051,0.00047750919781919016,0.006670290441006073,0.5567422254213722,0.33671345142922576,7
v8,SQL,ocr_only,6,300.0,360.0,subquery,0.0003037844701067983,-0.00044552306921965005,0.055956755135700746,0.3569877633457274,0.23657536006171676,8
v8,SQL,ocr_only,6,300.0,360.0,select,0.00020646211353582837,-0.0007909779529030962,0.028319421293695482,0.28222747930607145,0.18066425610112105,9
v8,SQL,ocr_only,6,300.0,360.0,order by,0.0002217156912034314,-0.0010350593159958025,0.032651090122296875,0.22940555408379526,0.1507037684991959,10
v8,SQL,ocr_only,6,300.0,360.0,inner join,0.00045718027772117474,-0.0020951043655881357,0.09951767263065495,0.0,0.03980706905226198,11
v8,SQL,ocr_only,7,360.0,420.0,left join,0.0036292486306202876,0.0014601671430906253,1.0,1.0,1.0,1
v8,SQL,ocr_only,7,360.0,420.0,having,0.00024623308080737804,0.0013443763338576444,0.039178301608718005,0.9681453458757272,0.5965585281689235,2
v8,SQL,ocr_only,7,360.0,420.0,where,0.00010828781606214156,0.001115760076829272,0.0,0.9052518239885828,0.5431510943931497,3
v8,SQL,ocr_only,7,360.0,420.0,count,0.0023550981407710406,-0.0004904623804782687,0.6381242061595783,0.46337166818777503,0.5332726833764964,4
v8,SQL,ocr_only,7,360.0,420.0,join,0.0023087267121309507,-0.0006858889434331157,0.6249540997362527,0.40960880383904813,0.49574692219792993,5
v8,SQL,ocr_only,7,360.0,420.0,aggregate function,0.0015955198526636388,-0.0007194486426792577,0.4223938052511764,0.40037635595236404,0.409183335671889,6
v8,SQL,ocr_only,7,360.0,420.0,group by,0.00013417174153193797,-9.893833849592501e-05,0.007351381294212061,0.5710819693878502,0.3455897341503949,7
v8,SQL,ocr_only,7,360.0,420.0,order by,0.00022464416126079907,-0.0007386136532174114,0.03304675948609197,0.3951039618303697,0.2502810808926586,8
v8,SQL,ocr_only,7,360.0,420.0,select,0.00020920068091732577,-0.0010709109795124614,0.0286606043549076,0.30368723829533445,0.19367658471916369,9
v8,SQL,ocr_only,7,360.0,420.0,subquery,0.0003043706908304435,-0.0012487930648054496,0.05569016103716816,0.2547509510420749,0.1751266350401122,10
v8,SQL,ocr_only,7,360.0,420.0,inner join,0.0004582270833771493,-0.002174805906098755,0.09938743591468296,0.0,0.03975497436587319,11
v8,SQL,ocr_only,8,420.0,480.0,count,0.0023654909501473137,0.00020463156159467968,0.6388737852787808,0.6905170179048402,0.6698597248544165,1
v8,SQL,ocr_only,8,420.0,480.0,left join,0.00363600416310295,-0.0006956357326036323,1.0,0.3897089879933587,0.6338253927960152,2
v8,SQL,ocr_only,8,420.0,480.0,select,0.00022603011143117085,0.0011308615128802968,0.03076094839416061,1.0,0.6123043793576642,3
v8,SQL,ocr_only,8,420.0,480.0,join,0.0023120104908360855,-0.0002114237382973506,0.6236726873006755,0.5514996661679865,0.5803688746210621,4
v8,SQL,ocr_only,8,420.0,480.0,where,0.00011780703101038768,0.0005265184832944289,0.0,0.7980697096384621,0.47884182578307727,5
v8,SQL,ocr_only,8,420.0,480.0,group by,0.00015839960128051928,-8.653092421661749e-05,0.011537889648039095,0.5932303405974972,0.36055336021771395,6
v8,SQL,ocr_only,8,420.0,480.0,aggregate function,0.0016040514576853126,-0.0009843710226300352,0.4224448974497721,0.293233314247923,0.34491794752866267,7
v8,SQL,ocr_only,8,420.0,480.0,having,0.00025196124016797235,-0.0002633939967425111,0.03813152137890355,0.5341347444856983,0.33573345524298037,8
v8,SQL,ocr_only,8,420.0,480.0,subquery,0.00030797727832912306,-0.0006183686150990937,0.05405332338657938,0.4155263974930304,0.27093716785044997,9
v8,SQL,ocr_only,8,420.0,480.0,order by,0.00024262159328707127,-0.0008220236316903636,0.035476852942133486,0.34747875795619365,0.22267799595056958,10
v8,SQL,ocr_only,8,420.0,480.0,inner join,0.00046465627760602896,-0.0018619684805983763,0.09858721202167015,0.0,0.03943488480866806,11
v8,SQL,ocr_only,9,480.0,540.0,left join,0.0036290158634400163,0.0005491800729522603,1.0,0.5537493095568629,0.7322495857341178,1
v8,SQL,ocr_only,9,480.0,540.0,group by,0.00013333934856948857,0.0029385053455221796,0.007207203029808349,1.0,0.6028828812119233,2
v8,SQL,ocr_only,9,480.0,540.0,count,0.0023547425076825643,0.0004975984819357108,0.6380988333487462,0.5441154933203097,0.5817088293316843,3
v8,SQL,ocr_only,9,480.0,540.0,join,0.0023086134426828675,-0.0005902015122149687,0.6249979061697435,0.34094872317533936,0.45456839637310104,4
v8,SQL,ocr_only,9,480.0,540.0,where,0.00010796240138968223,0.0014182918644299156,0.0,0.7160720127365849,0.42964320764195096,5
v8,SQL,ocr_only,9,480.0,540.0,aggregate function,0.0015952266326843413,-0.0001799255500253951,0.42239183452460694,0.4175753480644636,0.4195019426485209,6
v8,SQL,ocr_only,9,480.0,540.0,having,0.00024603658338314544,0.0001515175275332482,0.039213883992849585,0.47947847356233975,0.3033726377345437,7
v8,SQL,ocr_only,9,480.0,540.0,select,0.00020862458037688707,-0.0005392642413281439,0.028588653956020466,0.35046220070955797,0.22171278200814296,8
v8,SQL,ocr_only,9,480.0,540.0,order by,0.00022402628910203536,-0.0007148334828419481,0.03296283029021897,0.3176713973201796,0.20378797050819536,9
v8,SQL,ocr_only,9,480.0,540.0,inner join,0.0004580072973030401,-0.0024157166730415657,0.09941481993560085,0.0,0.03976592797424034,10
v8,SQL,ocr_only,9,480.0,540.0,subquery,0.00030424697313051073,-0.0023790643107412823,0.05574597882604448,0.006845506625090471,0.026405695505472077,11
v8,SQL,ocr_only,10,540.0,600.0,left join,0.0036321582559268586,0.0010100282540342815,1.0,0.8261704818975331,0.8957022891385198,1
v8,SQL,ocr_only,10,540.0,600.0,count,0.0023595828408267566,0.0008665499961108406,0.6384487624563662,0.7880225097798153,0.7281930108504355,2
v8,SQL,ocr_only,10,540.0,600.0,group by,0.0001446256135734281,0.0016638180899933358,0.00915754944274437,1.0,0.6036630197770977,3
v8,SQL,ocr_only,10,540.0,600.0,where,0.0001123931909641881,0.001452197427839676,0.0,0.9437343383157161,0.5662406029894296,4
v8,SQL,ocr_only,10,540.0,600.0,aggregate function,0.001599201321133969,0.00020934695043987156,0.42241686667389816,0.6132854881238028,0.5369380395438409,5
v8,SQL,ocr_only,10,540.0,600.0,join,0.0023101403783072853,-0.0007667877288541531,0.6244016707877649,0.3537509839572172,0.46201125868943627,6
v8,SQL,ocr_only,10,540.0,600.0,having,0.00024870851503251955,0.0005058640318343999,0.03872852919226788,0.6921233937213273,0.4307654479097035,7
v8,SQL,ocr_only,10,540.0,600.0,order by,0.00023239776597732464,-0.0006677379900386241,0.034094484375595466,0.3800863098058084,0.2416895796337232,8
v8,SQL,ocr_only,10,540.0,600.0,select,0.00021646517290685387,-0.0009277777092353287,0.029567877407115955,0.3109469983799039,0.19839534999078873,9
v8,SQL,ocr_only,10,540.0,600.0,subquery,0.0003059301776708062,-0.0018228380059299959,0.05498576840629863,0.07296853574618792,0.0657754288102322,10
v8,SQL,ocr_only,10,540.0,600.0,inner join,0.00046099989656138586,-0.00209727981268661,0.09904260629988808,0.0,0.03961704251995524,11
v8,SQL,ocr_only,11,600.0,660.0,left join,0.0036283127929404883,0.00040629719034408285,1.0,0.7034059343992076,0.8220435606395247,1
v8,SQL,ocr_only,11,600.0,660.0,where,0.00010697234095856163,0.0013374648280278043,0.0,1.0,0.6,2
v8,SQL,ocr_only,11,600.0,660.0,count,0.0023536621179406766,-3.577221913725684e-05,0.6380211762022624,0.562598674643101,0.5927676752667655,3
v8,SQL,ocr_only,11,600.0,660.0,join,0.002308271528664238,-0.00040374615243662405,0.6251310311295554,0.44539219055194745,0.5172877267829906,4
v8,SQL,ocr_only,11,600.0,660.0,aggregate function,0.0015943396575870661,-0.00021180318106087375,0.4223866839661485,0.5065295668308756,0.4728724136849848,5
v8,SQL,ocr_only,11,600.0,660.0,group by,0.0001308201405002821,0.0006151898887538487,0.0067723640661606944,0.7699421113327068,0.46467421242608836,6
v8,SQL,ocr_only,11,600.0,660.0,having,0.0002454416787272286,0.00027987385747147916,0.039322905483544446,0.6631377713251987,0.413611824988537,7
v8,SQL,ocr_only,11,600.0,660.0,select,0.00020687509740509045,0.00022387564655575523,0.02837066106184088,0.645301308405182,0.3985290494678455,8
v8,SQL,ocr_only,11,600.0,660.0,order by,0.0002221564901984722,-0.0006400570823942991,0.03271031324877466,0.37012280121148905,0.2351578060264033,9
v8,SQL,ocr_only,11,600.0,660.0,subquery,0.00030387242904886074,-0.0011752165563314407,0.05591623155309429,0.1996646391187571,0.14216527609249197,10
v8,SQL,ocr_only,11,600.0,660.0,inner join,0.0004573386489216724,-0.0018020708056252577,0.0994979930912142,0.0,0.03979919723648568,11
v8,SQL,ocr_only,12,660.0,720.0,left join,0.0036278326316321195,0.03011665804543892,1.0,1.0,1.0,1
v8,SQL,ocr_only,12,660.0,720.0,join,0.002308038128794357,0.010179286043381627,0.6252224778037209,0.3534148760511171,0.46213791675215865,2
v8,SQL,ocr_only,12,660.0,720.0,count,0.0023529194560775258,0.003596506871111262,0.6379672745094955,0.13993001522836881,0.3391449189408195,3
v8,SQL,ocr_only,12,660.0,720.0,inner join,0.0004568787368079385,0.00950546635040134,0.09955508895847161,0.3315623575918187,0.23875945013847985,4
v8,SQL,ocr_only,12,660.0,720.0,aggregate function,0.0015937325020126932,-0.0004201277203911081,0.4223835568046688,0.009667301820807269,0.1747538038143519,5
v8,SQL,ocr_only,12,660.0,720.0,subquery,0.0003036154804237585,0.006410509943271513,0.05603344725751591,0.2311904142928756,0.16112762747873172,6
v8,SQL,ocr_only,12,660.0,720.0,where,0.00010629138469853886,0.005011034410994063,0.0,0.18580428916025174,0.11148257349615104,7
v8,SQL,ocr_only,12,660.0,720.0,select,0.000205673606258791,0.0034967885037867534,0.02822122888573015,0.1366960678009022,0.09330613223483339,8
v8,SQL,ocr_only,12,660.0,720.0,group by,0.00012909500215756224,0.0017341573208816885,0.006475465104627093,0.07953251075049281,0.05030969249214652,9
v8,SQL,ocr_only,12,660.0,720.0,order by,0.000220876232666472,0.0005940725842901166,0.03253826660917549,0.04255863923697412,0.03855049018585467,10
v8,SQL,ocr_only,12,660.0,720.0,having,0.0002450334146511816,-0.0007182177715207685,0.03939809879366138,0.0,0.01575923951746455,11
v8,SQL,ocr_only,13,720.0,780.0,left join,0.0036590996366760416,0.0036800562370947554,1.0,0.597326476653857,0.7583958859923141,1
v8,SQL,ocr_only,13,720.0,780.0,subquery,0.0003203007117900419,0.007534605194813791,0.048441260499926746,1.0,0.6193765041999707,2
v8,SQL,ocr_only,13,720.0,780.0,aggregate function,0.0016332085146580745,0.0018999683025377237,0.4226203955970103,0.4113658653510476,0.41586767744943265,3
v8,SQL,ocr_only,13,720.0,780.0,order by,0.0003040745624728335,0.0040654172980145184,0.043816802861541104,0.6375840263342727,0.40007713694518005,4
v8,SQL,ocr_only,13,720.0,780.0,inner join,0.0004866227041165519,0.003301475277953797,0.09584308041478086,0.5577772244945945,0.37300356686266906,5
v8,SQL,ocr_only,13,720.0,780.0,join,0.0023232414118823648,-0.0009387298158640829,0.6192799874646903,0.11481532582194437,0.3166011904790427,6
v8,SQL,ocr_only,13,720.0,780.0,count,0.002400997530032142,-0.002037787163363725,0.6414405054951514,0.0,0.2565762021980606,7
v8,SQL,ocr_only,13,720.0,780.0,select,0.00028352903686112394,0.0009862151391482638,0.037961321626140763,0.31590872891128835,0.2047297659972293,8
v8,SQL,ocr_only,13,720.0,780.0,where,0.00015033156352469134,-0.0006525552760638884,0.0,0.14471114800433968,0.0868266888026038,9
v8,SQL,ocr_only,13,720.0,780.0,group by,0.00024120794951942333,-0.001264504964587131,0.02589979847631042,0.08078254315557735,0.05882944528387058,10
v8,SQL,ocr_only,13,720.0,780.0,having,0.0002715316017781963,-0.0015810523090676412,0.034542048869206365,0.0477137623705848,0.04244507697003343,11
v8,SQL,ocr_only,14,780.0,840.0,left join,0.003628989170958871,0.003849295936850776,1.0,1.0,1.0,1
v8,SQL,ocr_only,14,780.0,840.0,aggregate function,0.001595193798315158,0.0007011979537470598,0.42239197787026783,0.43441621637953853,0.42960652097583024,2
v8,SQL,ocr_only,14,780.0,840.0,join,0.002308600350586935,-0.00024095118877349916,0.6250029942855757,0.26515074890631873,0.40909164705802153,3
v8,SQL,ocr_only,14,780.0,840.0,count,0.0023547016168323446,-0.0004254068630582157,0.6380959836648725,0.23201164754030623,0.39444538199013274,4
v8,SQL,ocr_only,14,780.0,840.0,inner join,0.0004579815259067889,0.0013910287275623004,0.09941802471705267,0.5583504462562078,0.37477747764054575,5
v8,SQL,ocr_only,14,780.0,840.0,having,0.0002460150669653331,0.0008468405165904978,0.03921849395114919,0.4605821972960413,0.29203671595808445,6
v8,SQL,ocr_only,14,780.0,840.0,subquery,0.0003042335349662237,0.0007573786723543088,0.05575282902031865,0.44450958182335404,0.28900688070213987,7
v8,SQL,ocr_only,14,780.0,840.0,where,0.00010792420176957957,7.087313270851578e-05,0.0,0.32117275982060567,0.1927036558923634,8
v8,SQL,ocr_only,14,780.0,840.0,order by,0.0002239561269679697,-0.0005016565935524345,0.03295364505162934,0.21831270573340508,0.1441690814606948,9
v8,SQL,ocr_only,14,780.0,840.0,group by,0.00013324556523947075,-0.0014658861708290644,0.007191393425416205,0.04508029190071673,0.029924732510596522,10
v8,SQL,ocr_only,14,780.0,840.0,select,0.00020855880449774332,-0.0017168077497716594,0.028580728730868712,0.0,0.011432291492347486,11
v8,SQL,ocr_only,15,840.0,900.0,left join,0.003634575259235766,0.0052455368512172185,1.0,1.0,1.0,1
v8,SQL,ocr_only,15,840.0,900.0,inner join,0.0004632941524847769,0.004202575677799967,0.0987568135508367,0.8977829053549405,0.5781724686332991,2
v8,SQL,ocr_only,15,840.0,900.0,join,0.00231131538394054,-0.00098233824953848,0.6239441076438659,0.3896270399733512,0.4833538670415571,3
v8,SQL,ocr_only,15,840.0,900.0,aggregate function,0.0016022480081048238,0.0003529896277095374,0.4224349636436884,0.520498005729083,0.4812727888949252,4
v8,SQL,ocr_only,15,840.0,900.0,count,0.0023632909158859267,-0.0014046394772015455,0.6387149817641489,0.34823872595268046,0.46442922827726785,5
v8,SQL,ocr_only,15,840.0,900.0,subquery,0.0003072152934464192,0.0016640610630088717,0.05440091966377852,0.6489916797067354,0.4111553756895526,6
v8,SQL,ocr_only,15,840.0,900.0,order by,0.00023881814866812676,0.0006050143044133725,0.0349632039176754,0.5451980913009361,0.3411041363476318,7
v8,SQL,ocr_only,15,840.0,900.0,select,0.0002224690583533266,-0.0006366145349167138,0.03031697239329587,0.4235102511218038,0.2662329396304006,8
v8,SQL,ocr_only,15,840.0,900.0,having,0.0002507508436304236,-0.001800590267672201,0.03835434449107103,0.30943292909668063,0.20100149525443678,9
v8,SQL,ocr_only,15,840.0,900.0,group by,0.00015327584838252558,-0.0029532188638868116,0.010653023681218711,0.19646770151889809,0.12214183038382632,10
v8,SQL,ocr_only,15,840.0,900.0,where,0.00011579014725547976,-0.004957856006296965,0.0,0.0,0.0,11
v8,SQL,ocr_only,16,900.0,960.0,left join,0.00366960192756729,0.007382276069578957,1.0,0.6848737136769928,0.8109242282061957,1
v8,SQL,ocr_only,16,900.0,960.0,inner join,0.0004966128036184864,0.02585516919043493,0.09459033946230702,1.0,0.6378361357849228,2
v8,SQL,ocr_only,16,900.0,960.0,aggregate function,0.0016465125103537314,0.005084625842739442,0.4227132111322414,0.6456784463998982,0.5564923522928356,3
v8,SQL,ocr_only,16,900.0,960.0,join,0.002328343382739752,-0.0029402611506027703,0.6172730518993182,0.5087831144218959,0.5521790894128649,4
v8,SQL,ocr_only,16,900.0,960.0,count,0.0024171692298646575,-0.0058799234713087884,0.6426194293846107,0.4586358600580469,0.5322292877886725,5
v8,SQL,ocr_only,16,900.0,960.0,subquery,0.0003259451263937423,0.004514363717869524,0.045890467617645335,0.6359504311688656,0.39992644574837755,6
v8,SQL,ocr_only,16,900.0,960.0,order by,0.00033207783093326687,0.001112536561255979,0.047640429473297274,0.5779191768567794,0.36580767790338653,7
v8,SQL,ocr_only,16,900.0,960.0,select,0.0003097512330878758,-0.006519919009090238,0.0412695543815479,0.4477182730961721,0.2851387856103224,8
v8,SQL,ocr_only,16,900.0,960.0,group by,0.0002789800798372095,-0.010432349761067298,0.032489032819480096,0.38097670937356815,0.24158163875193292,9
v8,SQL,ocr_only,16,900.0,960.0,having,0.0002804807899254036,-0.016999392121535426,0.03291725912547712,0.26895052822039617,0.17453722058242854,10
v8,SQL,ocr_only,16,900.0,960.0,where,0.0001651229472298482,-0.03276543442979463,0.0,0.0,0.0,11
v8,SQL,ocr_only,17,960.0,1020.0,order by,0.009568025690924358,0.00968689207145005,0.8740535083977736,0.8767623163436739,0.8756787931653138,1
v8,SQL,ocr_only,17,960.0,1020.0,left join,0.009587255658068828,0.0012171518640556973,0.875870974155131,0.6089113900055686,0.7156952236653936,2
v8,SQL,ocr_only,17,960.0,1020.0,inner join,0.0031101837392822893,0.013583802859104245,0.263708907943698,1.0,0.7054835631774792,3
v8,SQL,ocr_only,17,960.0,1020.0,group by,0.010900621304166278,-0.006917436047902571,1.0,0.3516594726805763,0.6109956836083458,4
v8,SQL,ocr_only,17,960.0,1020.0,count,0.00604993475119789,-0.0005474942358604912,0.5415511298868745,0.5531054171011309,0.5484837022154283,5
v8,SQL,ocr_only,17,960.0,1020.0,aggregate function,0.005598193703546036,-0.0007891908330972503,0.49885610710644424,0.5454618937016629,0.5268195790635755,6
v8,SQL,ocr_only,17,960.0,1020.0,join,0.005382387423261995,-0.006754002990813618,0.47845978912564396,0.35682795419991814,0.40548068817020844,7
v8,SQL,ocr_only,17,960.0,1020.0,select,0.005195082049864944,-0.0074968453942745724,0.4607571534549374,0.33333596731270126,0.3843044417695957,8
v8,SQL,ocr_only,17,960.0,1020.0,subquery,0.00031997236119593863,0.0013712519500964659,0.0,0.6137847213928486,0.3682708328357091,9
v8,SQL,ocr_only,17,960.0,1020.0,having,0.0011196358526367415,-0.00920320094112064,0.075577924922279,0.2793734014377923,0.19785521083158697,10
v8,SQL,ocr_only,17,960.0,1020.0,where,0.004046612581543583,-0.018037294454940858,0.3522128217687046,0.0,0.14088512870748185,11
v8,SQL,ocr_only,18,1020.0,1080.0,count,0.02579673564598984,0.040778547955421934,0.8532239577167855,0.5818405298185595,0.6903939009778499,1
v8,SQL,ocr_only,18,1020.0,1080.0,select,0.029859312908423155,0.00667796616592168,1.0,0.4510023244374566,0.670601394662474,2
v8,SQL,ocr_only,18,1020.0,1080.0,left join,0.004782970491532093,0.1497641548157544,0.09402183463079841,1.0,0.6376087338523193,3
v8,SQL,ocr_only,18,1020.0,1080.0,inner join,0.01816726567426456,-0.006220441079317655,0.5775803613417746,0.40151330203135344,0.4719401257555219,4
v8,SQL,ocr_only,18,1020.0,1080.0,group by,0.014942994340781123,-0.009502822257496338,0.46109130648686053,0.3889193567027772,0.41778813661641057,5
v8,SQL,ocr_only,18,1020.0,1080.0,order by,0.01285554552618889,-0.023589081117132867,0.3856742852998906,0.3348727471432893,0.3551933624059298,6
v8,SQL,ocr_only,18,1020.0,1080.0,where,0.026272300143815087,-0.11086752910388344,0.8704055324493202,0.0,0.3481622129797281,7
v8,SQL,ocr_only,18,1020.0,1080.0,subquery,0.0021805637117777547,0.039446364878021244,0.0,0.5767291670810518,0.34603750024863106,8
v8,SQL,ocr_only,18,1020.0,1080.0,aggregate function,0.005294517755055649,-0.020964182337680652,0.11250342351652576,0.344944042927349,0.2519677951630197,9
v8,SQL,ocr_only,18,1020.0,1080.0,join,0.0025647738617733664,-0.012424673029955143,0.013881051750784211,0.3777087059924832,0.23217764429580356,10
v8,SQL,ocr_only,18,1020.0,1080.0,having,0.005399689154225485,-0.04321555097610441,0.1163031399857433,0.25956927841757943,0.20226282304484497,11
v9,SQL,ocr_only,1,0.0,60.0,count,0.002826989208759873,0.25145180862886773,0.680085513322236,1.0,0.8720342053288943,1
v9,SQL,ocr_only,1,0.0,60.0,join,0.002457833270989046,0.1791256182563006,0.5736210089884729,0.7477393218191527,0.6780919966868808,2
v9,SQL,ocr_only,1,0.0,60.0,aggregate function,0.001983888867828682,0.15310626884395298,0.43693553057269874,0.6569885343827832,0.5689673328587495,3
v9,SQL,ocr_only,1,0.0,60.0,left join,0.0039362634506777995,-0.0027879658518745573,1.0,0.1132576235429153,0.4679545741257492,4
v9,SQL,ocr_only,1,0.0,60.0,order by,0.0010419625555439195,0.0240464472596491,0.1652841559208799,0.20685120582933303,0.19022438586595178,5
v9,SQL,ocr_only,1,0.0,60.0,select,0.0009740082443329648,0.01393942536672132,0.14568614510706523,0.1715997404339473,0.16123430230319447,6
v9,SQL,ocr_only,1,0.0,60.0,subquery,0.00046885485209423387,0.038812572716409276,0.0,0.25835278226572483,0.1550116693594349,7
v9,SQL,ocr_only,1,0.0,60.0,group by,0.0012364197587035849,-0.008389340966514822,0.22136557742946733,0.09372103965973573,0.14477885476762836,8
v9,SQL,ocr_only,1,0.0,60.0,inner join,0.0007497012084295123,0.015082480901050587,0.08099603734327822,0.17558651151649612,0.13775032184720895,9
v9,SQL,ocr_only,1,0.0,60.0,having,0.0005072841432843015,0.01909933167426167,0.011083000487962678,0.18959656091881918,0.11819113674647658,10
v9,SQL,ocr_only,1,0.0,60.0,where,0.0005398229822618388,-0.035260297650003256,0.020467195644780778,0.0,0.008186878257912311,11
v9,SQL,ocr_only,2,60.0,120.0,count,0.010027521019950594,0.23251025190722915,0.3163402018844425,1.0,0.726536080753777,1
v9,SQL,ocr_only,2,60.0,120.0,aggregate function,0.01047357243817597,0.12686882730007873,0.3383266233312709,0.6029975613761336,0.49712918615818846,2
v9,SQL,ocr_only,2,60.0,120.0,join,0.0036664517478843567,0.1688456212934397,0.002795296177063153,0.7607471339793791,0.4575663988584527,3
v9,SQL,ocr_only,2,60.0,120.0,group by,0.023897328040187984,-0.012576582511628279,1.0,0.07895911759311573,0.44737547055586946,4
v9,SQL,ocr_only,2,60.0,120.0,order by,0.015301085287203515,-0.012395498273434186,0.5762806521761469,0.07963963552844973,0.27829604218752857,5
v9,SQL,ocr_only,2,60.0,120.0,select,0.015440039374667128,-0.021780819910104103,0.5831298695620913,0.044369422249111785,0.25987360117430364,6
v9,SQL,ocr_only,2,60.0,120.0,left join,0.007374369053445538,0.0003968025563170856,0.1855630875998563,0.12771333998583564,0.1508532390314439,7
v9,SQL,ocr_only,2,60.0,120.0,having,0.008206232691823048,-0.010647739083125496,0.22656666654244978,0.0862077470742766,0.14235131486154587,8
v9,SQL,ocr_only,2,60.0,120.0,subquery,0.0060744721307790005,0.0001699516537138316,0.12148957407334803,0.12686083007438353,0.12471232767396934,9
v9,SQL,ocr_only,2,60.0,120.0,inner join,0.003609741936005496,0.0074830801880605615,0.0,0.15434370313201284,0.09260622187920771,10
v9,SQL,ocr_only,2,60.0,120.0,where,0.004691666838931066,-0.03358741986863288,0.053329405350127895,0.0,0.02133176214005116,11
v9,SQL,ocr_only,3,120.0,180.0,count,0.019270160531409238,0.267378526375665,0.2632041429383896,1.0,0.7052816571753558,1
v9,SQL,ocr_only,3,120.0,180.0,group by,0.05219663734760565,0.039502965934780046,1.0,0.20084071772318737,0.5205044306339124,2
v9,SQL,ocr_only,3,120.0,180.0,aggregate function,0.021047782078005367,0.156071694726267,0.3029819848941746,0.609647091942031,0.4869810491228885,3
v9,SQL,ocr_only,3,120.0,180.0,join,0.007507899618393469,0.1737101445634025,0.0,0.6715051116658157,0.4029030669994894,4
v9,SQL,ocr_only,3,120.0,180.0,order by,0.03550354936129909,0.020847683478849223,0.6264587268618552,0.13541666738049848,0.33183349117304123,5
v9,SQL,ocr_only,3,120.0,180.0,select,0.031738974075663846,-0.01776558130667993,0.5422188159373985,0.0,0.21688752637495942,6
v9,SQL,ocr_only,3,120.0,180.0,having,0.015223309509845812,0.022895621422944927,0.17264774713940792,0.14259878298071682,0.15461836864419326,7
v9,SQL,ocr_only,3,120.0,180.0,left join,0.01570355596475835,-0.0018274712594957547,0.18339422330578684,0.05589493038004307,0.10689464755034057,8
v9,SQL,ocr_only,3,120.0,180.0,subquery,0.01060500847490238,-0.0022196461611526707,0.06930401290982066,0.05451957353032762,0.060433349282124835,9
v9,SQL,ocr_only,3,120.0,180.0,inner join,0.008383313662729831,0.006525148290206022,0.019589142339192095,0.08518755584438102,0.05894819044230545,10
v9,SQL,ocr_only,3,120.0,180.0,where,0.011703733508559957,-0.011885553440012828,0.09389018583587673,0.020621249775981856,0.04992882419993981,11
v9,SQL,ocr_only,4,180.0,240.0,group by,0.125677626998257,0.1914963421395134,1.0,0.6506528462841097,0.7903917077704659,1
v9,SQL,ocr_only,4,180.0,240.0,select,0.058225911747449025,0.30254746448309544,0.46154647939773935,1.0,0.7846185917590958,2
v9,SQL,ocr_only,4,180.0,240.0,left join,0.07324839155780326,0.26259909615328536,0.5814679241228196,0.8743295116961084,0.7571848766667929,3
v9,SQL,ocr_only,4,180.0,240.0,join,0.03822877985581271,0.2635193429532412,0.3019133843910065,0.8772244450700015,0.6471000207984036,4
v9,SQL,ocr_only,4,180.0,240.0,where,0.04601804160787669,0.24173644829693333,0.36409349942138214,0.8086993181979809,0.6308569906873414,5
v9,SQL,ocr_only,4,180.0,240.0,inner join,0.031372134806019324,0.2634284312158853,0.24717816153042718,0.876938452852954,0.6250343363239432,6
v9,SQL,ocr_only,4,180.0,240.0,count,0.045394393580210995,0.12920132299804335,0.35911504224109236,0.45468375413555845,0.416456269377772,7
v9,SQL,ocr_only,4,180.0,240.0,order by,0.10924089091251261,-0.007959674883758922,0.8687888309486205,0.023199558392010235,0.36143526741465437,8
v9,SQL,ocr_only,4,180.0,240.0,aggregate function,0.04827945671489794,-0.015334393612406225,0.38214592286815496,0.0,0.152858369147262,9
v9,SQL,ocr_only,4,180.0,240.0,having,0.010348483004232325,-0.007567165592560331,0.0793505638704452,0.024434323073298427,0.046400819392157136,10
v9,SQL,ocr_only,4,180.0,240.0,subquery,0.00040829051892043864,0.0019121152679687338,0.0,0.054254461024301565,0.03255267661458094,11
v9,SQL,ocr_only,5,240.0,300.0,select,0.05836636463913322,0.2580545626800159,0.4611299463168353,1.0,0.7844519785267341,1
v9,SQL,ocr_only,5,240.0,300.0,group by,0.12615491189413622,0.14877270579420468,1.0,0.590963464455855,0.754578078673513,2
v9,SQL,ocr_only,5,240.0,300.0,left join,0.07360856770842165,0.21116379054459483,0.5822944662659034,0.8244901804395233,0.7276118947700754,3
v9,SQL,ocr_only,5,240.0,300.0,where,0.046183716807639816,0.17652655616964208,0.3642866836007216,0.6948447410838826,0.5626215180906182,4
v9,SQL,ocr_only,5,240.0,300.0,join,0.038417524842265606,0.1793989539285292,0.3025510593579982,0.7055959825203053,0.5443780132553825,5
v9,SQL,ocr_only,5,240.0,300.0,inner join,0.03148341455784782,0.18363393140577738,0.247429884284676,0.7214472918296917,0.5318403288116854,6
v9,SQL,ocr_only,5,240.0,300.0,count,0.04552857298534459,0.147577914297709,0.35907876277948925,0.5864914195222221,0.4955263568251289,7
v9,SQL,ocr_only,5,240.0,300.0,order by,0.10969923638939902,-0.009114375518701692,0.8691892494867409,0.0,0.34767569979469637,8
v9,SQL,ocr_only,5,240.0,300.0,aggregate function,0.0484636915267871,0.04340728308468936,0.382410838034677,0.19658594654564956,0.2709159031412606,9
v9,SQL,ocr_only,5,240.0,300.0,having,0.01033279534441994,-0.007764719216538869,0.07929771782744466,0.005051696171202963,0.03475010483369965,10
v9,SQL,ocr_only,5,240.0,300.0,subquery,0.0003573345530503684,-0.0008912787841326272,0.0,0.03077864062345753,0.01846718437407452,11
v9,SQL,ocr_only,6,300.0,360.0,select,0.05834870025848124,0.24880749179518294,0.4611820029711804,1.0,0.7844728011884722,1
v9,SQL,ocr_only,6,300.0,360.0,group by,0.12609497103416795,0.1389744296754939,1.0,0.5836927994124383,0.750215679647463,2
v9,SQL,ocr_only,6,300.0,360.0,left join,0.07356338835069241,0.2018738580838764,0.5821915828255094,0.8221044803206534,0.7261393213225958,3
v9,SQL,ocr_only,6,300.0,360.0,where,0.04616292947240379,0.16612541300815414,0.36426282894096973,0.6866048884162201,0.55766806462612,4
v9,SQL,ocr_only,6,300.0,360.0,join,0.03839385103869189,0.16294992348993406,0.30247168925930346,0.6745686296949187,0.5257298535206726,5
v9,SQL,ocr_only,6,300.0,360.0,inner join,0.031469451910305125,0.16858621514527727,0.24739868190013728,0.695932222364073,0.5165188061784988,6
v9,SQL,ocr_only,6,300.0,360.0,count,0.04551172177366908,0.14273390813828904,0.35908346742240316,0.5979425883585932,0.5023989399841171,7
v9,SQL,ocr_only,6,300.0,360.0,order by,0.10964170334118199,-0.015019465712817004,0.8691394132635367,0.0,0.3476557653054147,8
v9,SQL,ocr_only,6,300.0,360.0,aggregate function,0.04844055505426442,0.04337673697692467,0.38237785785618766,0.221342819707766,0.28575683496713467,9
v9,SQL,ocr_only,6,300.0,360.0,having,0.010334731361951925,-0.010164125652156453,0.07930429584406475,0.018403502456769694,0.04276381981168772,10
v9,SQL,ocr_only,6,300.0,360.0,subquery,0.0003637015716462837,-0.004001709499462018,0.0,0.04176129807743736,0.025056778846462412,11
v9,SQL,ocr_only,7,360.0,420.0,aggregate function,0.04804113240886282,0.2873545148496621,0.3824012039101771,1.0,0.7529604815640708,1
v9,SQL,ocr_only,7,360.0,420.0,group by,0.12502510042366352,0.09858708196793436,1.0,0.43666755997938106,0.6620005359876286,2
v9,SQL,ocr_only,7,360.0,420.0,order by,0.10870258208263783,0.06275473285871253,0.8690536752453002,0.3297342593182663,0.5454620256890799,3
v9,SQL,ocr_only,7,360.0,420.0,select,0.057872944858830315,0.05651539753983692,0.46127626957727097,0.31111441618308294,0.37117915754075814,4
v9,SQL,ocr_only,7,360.0,420.0,count,0.0451518832545264,0.07476797130831239,0.35922239349891527,0.36558497162096926,0.36303994037214765,5
v9,SQL,ocr_only,7,360.0,420.0,left join,0.07294804107792219,-0.013745276100878685,0.582215232791786,0.10143779921962809,0.29374877264849125,6
v9,SQL,ocr_only,7,360.0,420.0,where,0.04577393773500457,-0.0353389301563324,0.3642127844615081,0.03699656779364643,0.1678830544607911,7
v9,SQL,ocr_only,7,360.0,420.0,join,0.03807569837210756,-0.027594752351296988,0.30245416789315444,0.06010726285510586,0.1570460248703253,8
v9,SQL,ocr_only,7,360.0,420.0,inner join,0.03120758258807465,-0.01917512643303712,0.24735516287942574,0.08523367550047957,0.15008227045205805,9
v9,SQL,ocr_only,7,360.0,420.0,subquery,0.00037465016014934233,0.007889713286006959,0.0,0.16600238631538355,0.09960143178923013,10
v9,SQL,ocr_only,7,360.0,420.0,having,0.01026110818144861,-0.047736134065956046,0.07931345615197576,0.0,0.031725382460790305,11
v9,SQL,ocr_only,8,420.0,480.0,aggregate function,0.048181110069910604,0.2736710542508658,0.3824456940662887,1.0,0.7529782776265155,1
v9,SQL,ocr_only,8,420.0,480.0,group by,0.1253969620002071,0.07996135788550422,1.0,0.3909059869493019,0.6345435921695811,2
v9,SQL,ocr_only,8,420.0,480.0,order by,0.10903652861154743,0.04322291324506641,0.8691530840684252,0.27538690298419705,0.5128933754178884,3
v9,SQL,ocr_only,8,420.0,480.0,select,0.058024651140417986,0.05520335103477556,0.46117203097460474,0.3130577737168355,0.37230347661994323,4
v9,SQL,ocr_only,8,420.0,480.0,count,0.045271970065291066,0.07610711985450819,0.3591790733983127,0.3787868553126278,0.37094374254690177,5
v9,SQL,ocr_only,8,420.0,480.0,left join,0.07317827111086365,-0.006551824723478241,0.5823671357269232,0.1188769529576114,0.3042730260653361,6
v9,SQL,ocr_only,8,420.0,480.0,where,0.04590770204268314,-0.036769026296672204,0.36426350891568066,0.023863038245442596,0.16002322651353781,7
v9,SQL,ocr_only,8,420.0,480.0,join,0.03819521729930121,-0.04205001802066198,0.30258086158799125,0.007257672058788237,0.12538694787046945,8
v9,SQL,ocr_only,8,420.0,480.0,inner join,0.0312975844007358,-0.030649958407625476,0.24741520854171864,0.043103621895108565,0.1248282565537526,9
v9,SQL,ocr_only,8,420.0,480.0,subquery,0.00036204411788422214,0.0006147836287156602,0.0,0.14141138630351485,0.0848468317821089,10
v9,SQL,ocr_only,8,420.0,480.0,having,0.010277430505071102,-0.044358169834182136,0.07930093893066564,0.0,0.03172037557226626,11
v9,SQL,ocr_only,9,480.0,540.0,order by,0.11040965817652469,0.10623149958146745,0.7888981355145429,0.9474592320864319,0.8840347934576763,1
v9,SQL,ocr_only,9,480.0,540.0,group by,0.13736339164703074,0.07197628222518677,1.0,0.7026222090694831,0.8215733254416899,2
v9,SQL,ocr_only,9,480.0,540.0,select,0.07029745537871027,0.11358249332729724,0.474739029930777,1.0,0.7898956119723108,3
v9,SQL,ocr_only,9,480.0,540.0,count,0.04849719633184934,0.029887562921934088,0.30399921994882817,0.40179572095744726,0.3626771205539996,4
v9,SQL,ocr_only,9,480.0,540.0,having,0.021031775397765372,0.04142150162035931,0.08888981499728568,0.48423382623090994,0.3260962217374602,5
v9,SQL,ocr_only,9,480.0,540.0,left join,0.06457889944181863,0.007748960671245415,0.4299512523205557,0.24356144638142802,0.3181173687570791,6
v9,SQL,ocr_only,9,480.0,540.0,where,0.043487072885379494,0.013642315694143172,0.26475989148958484,0.28568383271402303,0.27731425622424777,7
v9,SQL,ocr_only,9,480.0,540.0,aggregate function,0.05272134614690674,-0.01152942652598256,0.3370827963966061,0.10577037996240454,0.19829534653608516,8
v9,SQL,ocr_only,9,480.0,540.0,join,0.03282093439765057,-0.024783885811964695,0.1812226062343338,0.011034961426687204,0.07911001934974585,9
v9,SQL,ocr_only,9,480.0,540.0,subquery,0.009682219639367582,-0.011044993034455768,0.0,0.10923283803649933,0.0655397028218996,10
v9,SQL,ocr_only,9,480.0,540.0,inner join,0.02977422768161621,-0.02632779039604868,0.15736077392086242,0.0,0.06294430956834497,11
v9,SQL,ocr_only,10,540.0,600.0,order by,0.11051890317643315,0.139533847839791,0.777808819170524,1.0,0.9111235276682096,1
v9,SQL,ocr_only,10,540.0,600.0,group by,0.13894978514834166,0.10178720429028193,1.0,0.7592876764378301,0.855572605862698,2
v9,SQL,ocr_only,10,540.0,600.0,select,0.07197889204394728,0.08022096298190354,0.4766134292009407,0.6217586257016162,0.563700547101346,3
v9,SQL,ocr_only,10,540.0,600.0,aggregate function,0.05332397509350602,0.029194946873985054,0.3308227347866827,0.2963630475928571,0.31014692247038733,4
v9,SQL,ocr_only,10,540.0,600.0,count,0.04891767215403984,0.026605489424941044,0.29638688245611716,0.2798499417717474,0.2864647180454953,5
v9,SQL,ocr_only,10,540.0,600.0,where,0.04311130702241547,0.009713163759610842,0.2510093550829799,0.1721266959701112,0.2036797596152587,6
v9,SQL,ocr_only,10,540.0,600.0,having,0.022536500249031297,0.02628614463108596,0.09021446251392429,0.2778134632900112,0.20277386297957645,7
v9,SQL,ocr_only,10,540.0,600.0,left join,0.06331590774192665,-0.017278412500340984,0.40891103736255036,0.0,0.16356441494502016,8
v9,SQL,ocr_only,10,540.0,600.0,join,0.03203745077652998,-0.004422551064950711,0.1644656735313381,0.08198250192622313,0.1149757705682691,9
v9,SQL,ocr_only,10,540.0,600.0,inner join,0.02953619286814749,-0.011851967929605363,0.14491800530311733,0.03460472133343049,0.07873003492130523,10
v9,SQL,ocr_only,10,540.0,600.0,subquery,0.010992942461015395,-0.007610747110988517,0.0,0.06165120870257796,0.036990725221546776,11
v9,SQL,ocr_only,11,600.0,660.0,order by,0.1095024899534057,0.1694652741091666,0.7625762682090724,1.0,0.905030507283629,1
v9,SQL,ocr_only,11,600.0,660.0,group by,0.13965004804378073,0.13024064590572554,1.0,0.8136249637095676,0.8881749782257405,2
v9,SQL,ocr_only,11,600.0,660.0,select,0.07352921902826332,0.09609182375121286,0.47927278465097417,0.6513675183282375,0.5825296248573322,3
v9,SQL,ocr_only,11,600.0,660.0,count,0.04900833554095632,0.01476537763496346,0.2861613012295142,0.2649465363963251,0.27343244232960073,4
v9,SQL,ocr_only,11,600.0,660.0,where,0.042153761386032905,0.013869575598805228,0.23217886687045616,0.26069015094042963,0.24928563731244024,5
v9,SQL,ocr_only,11,600.0,660.0,join,0.03065055140451734,0.024945459111789227,0.14158661945861623,0.3133169898992219,0.24462484172297963,6
v9,SQL,ocr_only,11,600.0,660.0,left join,0.06095435842162327,-0.009573754663543203,0.38024087224768127,0.1492996361405856,0.2416761305834239,7
v9,SQL,ocr_only,11,600.0,660.0,inner join,0.028910560043946792,0.011835809834105041,0.12788351153616975,0.251026753591287,0.2017694567692401,8
v9,SQL,ocr_only,11,600.0,660.0,having,0.024358291405959555,0.012562560248584785,0.09203262753071538,0.25447989364835116,0.18950098720129685,9
v9,SQL,ocr_only,11,600.0,660.0,aggregate function,0.05359884232764937,-0.04099546668616419,0.3223133255109172,0.0,0.1289253302043669,10
v9,SQL,ocr_only,11,600.0,660.0,subquery,0.012672185035028895,-0.0006742320380519245,0.0,0.1915855398766458,0.11495132392598748,11
v9,SQL,ocr_only,12,660.0,720.0,order by,0.11003125905014267,0.15610614971158873,0.779385484094896,1.0,0.9117541936379584,1
v9,SQL,ocr_only,12,660.0,720.0,group by,0.1381294029794356,0.1063139005479237,1.0,0.7098367604652003,0.8259020562791202,2
v9,SQL,ocr_only,12,660.0,720.0,select,0.07147984952551559,0.08255242245621391,0.4766964320657915,0.5713672682242882,0.5334989337608895,3
v9,SQL,ocr_only,12,660.0,720.0,count,0.04869260332536724,0.020309027816088537,0.2977807961466807,0.20864525160967703,0.2442994694244785,4
v9,SQL,ocr_only,12,660.0,720.0,left join,0.06321905070852414,-0.01003107173446147,0.41183620013780003,0.03183898715556681,0.1838378723484601,5
v9,SQL,ocr_only,12,660.0,720.0,where,0.043023372683550644,-0.0007070495244843067,0.2532684405709498,0.08617452201057142,0.15301208943472278,6
v9,SQL,ocr_only,12,660.0,720.0,aggregate function,0.05300937736109138,-0.015494667964329802,0.3316742453566893,0.0,0.13266969814267573,7
v9,SQL,ocr_only,12,660.0,720.0,join,0.03201248861967147,0.0033278702492080866,0.16681572456405822,0.1096879284636377,0.1325390469038059,8
v9,SQL,ocr_only,12,660.0,720.0,having,0.022232982343306427,0.011432319077649146,0.09003125622407089,0.15691642619578103,0.13016235820709698,9
v9,SQL,ocr_only,12,660.0,720.0,inner join,0.029474082764107543,0.0007106929356776984,0.1468852558325597,0.094436385091198,0.1154159333877427,10
v9,SQL,ocr_only,12,660.0,720.0,subquery,0.010766324380477116,-0.008513568121340036,0.0,0.04068220616625566,0.024409323699753394,11
