video_id,subject,method,chunk_id,start_sec,end_sec,concept,lsa_score
v1,SQL,ocr_only,1,0.0,60.0,select,0.011854453247876857
v1,SQL,ocr_only,1,0.0,60.0,where,-0.03407657669496204
v1,SQL,ocr_only,1,0.0,60.0,group by,-0.01576400075399614
v1,SQL,ocr_only,1,0.0,60.0,having,0.002531331793417222
v1,SQL,ocr_only,1,0.0,60.0,count,-0.03411888248551871
v1,SQL,ocr_only,1,0.0,60.0,aggregate function,-0.013743941354247868
v1,SQL,ocr_only,1,0.0,60.0,join,0.010928685135520545
v1,SQL,ocr_only,1,0.0,60.0,inner join,-0.02368619694657813
v1,SQL,ocr_only,1,0.0,60.0,left join,0.0006103162183460256
v1,SQL,ocr_only,1,0.0,60.0,subquery,-0.02499887192255707
v1,SQL,ocr_only,1,0.0,60.0,order by,-0.029736331276083543
v1,SQL,ocr_only,2,60.0,120.0,select,0.08460664150171703
v1,SQL,ocr_only,2,60.0,120.0,where,-0.02135066003753902
v1,SQL,ocr_only,2,60.0,120.0,group by,-0.0032444452227913577
v1,SQL,ocr_only,2,60.0,120.0,having,-0.03121599957297688
v1,SQL,ocr_only,2,60.0,120.0,count,-0.022500266926553526
v1,SQL,ocr_only,2,60.0,120.0,aggregate function,-0.017810066967118912
v1,SQL,ocr_only,2,60.0,120.0,join,0.05720755551978519
v1,SQL,ocr_only,2,60.0,120.0,inner join,0.035203695938673216
v1,SQL,ocr_only,2,60.0,120.0,left join,0.1425573062122501
v1,SQL,ocr_only,2,60.0,120.0,subquery,0.005642276620797291
v1,SQL,ocr_only,2,60.0,120.0,order by,-0.05334764386505157
v1,SQL,ocr_only,3,120.0,180.0,select,0.11227123881551289
v1,SQL,ocr_only,3,120.0,180.0,where,0.018767516241668426
v1,SQL,ocr_only,3,120.0,180.0,group by,0.006077323058075769
v1,SQL,ocr_only,3,120.0,180.0,having,-0.04080923597875847
v1,SQL,ocr_only,3,120.0,180.0,count,-0.022520584120020698
v1,SQL,ocr_only,3,120.0,180.0,aggregate function,-0.021054084214544803
v1,SQL,ocr_only,3,120.0,180.0,join,0.0664317711809616
v1,SQL,ocr_only,3,120.0,180.0,inner join,0.07287848846445893
v1,SQL,ocr_only,3,120.0,180.0,left join,0.1500937429031888
v1,SQL,ocr_only,3,120.0,180.0,subquery,0.02574192781432862
v1,SQL,ocr_only,3,120.0,180.0,order by,-0.039262323202974715
v1,SQL,ocr_only,4,180.0,240.0,select,0.09120306796532955
v1,SQL,ocr_only,4,180.0,240.0,where,0.021528622308325536
v1,SQL,ocr_only,4,180.0,240.0,group by,-0.015945596589422274
v1,SQL,ocr_only,4,180.0,240.0,having,0.003958804405020704
v1,SQL,ocr_only,4,180.0,240.0,count,-0.006200476724327194
v1,SQL,ocr_only,4,180.0,240.0,aggregate function,-0.0015626836847966168
v1,SQL,ocr_only,4,180.0,240.0,join,-0.012742393822150831
v1,SQL,ocr_only,4,180.0,240.0,inner join,0.03755264181448592
v1,SQL,ocr_only,4,180.0,240.0,left join,0.006701301900917814
v1,SQL,ocr_only,4,180.0,240.0,subquery,0.06180809489145973
v1,SQL,ocr_only,4,180.0,240.0,order by,0.01569456366971302
v1,SQL,ocr_only,5,240.0,300.0,select,0.09622206847799736
v1,SQL,ocr_only,5,240.0,300.0,where,0.024178516754399988
v1,SQL,ocr_only,5,240.0,300.0,group by,-0.01295856171723835
v1,SQL,ocr_only,5,240.0,300.0,having,-0.0015586326511212534
v1,SQL,ocr_only,5,240.0,300.0,count,-0.010754160967822767
v1,SQL,ocr_only,5,240.0,300.0,aggregate function,-0.004786762859511785
v1,SQL,ocr_only,5,240.0,300.0,join,0.009125624196957524
v1,SQL,ocr_only,5,240.0,300.0,inner join,0.06319060997301733
v1,SQL,ocr_only,5,240.0,300.0,left join,0.03415329798443361
v1,SQL,ocr_only,5,240.0,300.0,subquery,0.06440651979219421
v1,SQL,ocr_only,5,240.0,300.0,order by,0.0099519675486611
v1,SQL,ocr_only,6,300.0,360.0,select,0.10746095907344466
v1,SQL,ocr_only,6,300.0,360.0,where,0.03211339735605404
v1,SQL,ocr_only,6,300.0,360.0,group by,0.0033068718489706133
v1,SQL,ocr_only,6,300.0,360.0,having,-0.009177379138286429
v1,SQL,ocr_only,6,300.0,360.0,count,-0.006120611047810058
v1,SQL,ocr_only,6,300.0,360.0,aggregate function,-0.003530058193546496
v1,SQL,ocr_only,6,300.0,360.0,join,0.05842959501779062
v1,SQL,ocr_only,6,300.0,360.0,inner join,0.11333979666740415
v1,SQL,ocr_only,6,300.0,360.0,left join,0.08869699932413153
v1,SQL,ocr_only,6,300.0,360.0,subquery,0.06806433900979483
v1,SQL,ocr_only,6,300.0,360.0,order by,0.009673573077579083
v1,SQL,ocr_only,7,360.0,420.0,select,0.11971952632276568
v1,SQL,ocr_only,7,360.0,420.0,where,0.040718012847510344
v1,SQL,ocr_only,7,360.0,420.0,group by,0.06210358639313587
v1,SQL,ocr_only,7,360.0,420.0,having,-0.003987769095271329
v1,SQL,ocr_only,7,360.0,420.0,count,0.02949558613046476
v1,SQL,ocr_only,7,360.0,420.0,aggregate function,0.02041487891987285
v1,SQL,ocr_only,7,360.0,420.0,join,0.017766189493297117
v1,SQL,ocr_only,7,360.0,420.0,inner join,0.06427441227054644
v1,SQL,ocr_only,7,360.0,420.0,left join,0.029627593550569535
v1,SQL,ocr_only,7,360.0,420.0,subquery,0.09043778109535175
v1,SQL,ocr_only,7,360.0,420.0,order by,0.07566584894839509
v1,SQL,ocr_only,8,420.0,480.0,select,0.10805853504200315
v1,SQL,ocr_only,8,420.0,480.0,where,0.05491883929328259
v1,SQL,ocr_only,8,420.0,480.0,group by,0.06640361938807789
v1,SQL,ocr_only,8,420.0,480.0,having,0.007691853986059145
v1,SQL,ocr_only,8,420.0,480.0,count,0.06825276307176589
v1,SQL,ocr_only,8,420.0,480.0,aggregate function,0.04381734358423683
v1,SQL,ocr_only,8,420.0,480.0,join,-0.01219730750075813
v1,SQL,ocr_only,8,420.0,480.0,inner join,0.02908808710662653
v1,SQL,ocr_only,8,420.0,480.0,left join,-0.009304887941675328
v1,SQL,ocr_only,8,420.0,480.0,subquery,0.08629156295686856
v1,SQL,ocr_only,8,420.0,480.0,order by,0.09425917838303981
v1,SQL,ocr_only,9,480.0,540.0,select,0.10666181619189312
v1,SQL,ocr_only,9,480.0,540.0,where,0.05429498883319416
v1,SQL,ocr_only,9,480.0,540.0,group by,0.07970659323476048
v1,SQL,ocr_only,9,480.0,540.0,having,0.010402906363025446
v1,SQL,ocr_only,9,480.0,540.0,count,0.06496202694974829
v1,SQL,ocr_only,9,480.0,540.0,aggregate function,0.04297972187186907
v1,SQL,ocr_only,9,480.0,540.0,join,-0.011559154241859609
v1,SQL,ocr_only,9,480.0,540.0,inner join,0.029665207619512097
v1,SQL,ocr_only,9,480.0,540.0,left join,-0.012583069388293868
v1,SQL,ocr_only,9,480.0,540.0,subquery,0.07988785482132968
v1,SQL,ocr_only,9,480.0,540.0,order by,0.09345691631751431
v1,SQL,ocr_only,10,540.0,600.0,select,0.11152009450393353
v1,SQL,ocr_only,10,540.0,600.0,where,0.06419019649564679
v1,SQL,ocr_only,10,540.0,600.0,group by,0.023442708029206068
v1,SQL,ocr_only,10,540.0,600.0,having,0.02486195190573451
v1,SQL,ocr_only,10,540.0,600.0,count,0.03187560952138632
v1,SQL,ocr_only,10,540.0,600.0,aggregate function,0.019021728199076632
v1,SQL,ocr_only,10,540.0,600.0,join,-0.00905357157205527
v1,SQL,ocr_only,10,540.0,600.0,inner join,0.041238436451709826
v1,SQL,ocr_only,10,540.0,600.0,left join,-0.016241707981178508
v1,SQL,ocr_only,10,540.0,600.0,subquery,0.08929317992583949
v1,SQL,ocr_only,10,540.0,600.0,order by,0.07664456623232019
v1,SQL,ocr_only,11,600.0,660.0,select,0.11985561817185861
v1,SQL,ocr_only,11,600.0,660.0,where,0.07471613472914779
v1,SQL,ocr_only,11,600.0,660.0,group by,-0.001133412215743242
v1,SQL,ocr_only,11,600.0,660.0,having,0.032622931747131725
v1,SQL,ocr_only,11,600.0,660.0,count,-0.003919075005422372
v1,SQL,ocr_only,11,600.0,660.0,aggregate function,-0.009525161512577677
v1,SQL,ocr_only,11,600.0,660.0,join,0.0049797436255107855
v1,SQL,ocr_only,11,600.0,660.0,inner join,0.061945677973940606
v1,SQL,ocr_only,11,600.0,660.0,left join,-0.013093499415386733
v1,SQL,ocr_only,11,600.0,660.0,subquery,0.09790888004130154
v1,SQL,ocr_only,11,600.0,660.0,order by,0.07290006162116178
v1,SQL,ocr_only,12,660.0,720.0,select,0.14448398177743904
v1,SQL,ocr_only,12,660.0,720.0,where,0.14289379217922374
v1,SQL,ocr_only,12,660.0,720.0,group by,0.02296332780991308
v1,SQL,ocr_only,12,660.0,720.0,having,0.06897787062379784
v1,SQL,ocr_only,12,660.0,720.0,count,0.002718729158787647
v1,SQL,ocr_only,12,660.0,720.0,aggregate function,-0.015505133229315063
v1,SQL,ocr_only,12,660.0,720.0,join,0.07796333214120277
v1,SQL,ocr_only,12,660.0,720.0,inner join,0.14236217219709454
v1,SQL,ocr_only,12,660.0,720.0,left join,0.04484884617373133
v1,SQL,ocr_only,12,660.0,720.0,subquery,0.10933460432596347
v1,SQL,ocr_only,12,660.0,720.0,order by,0.08513970310313244
v1,SQL,ocr_only,13,720.0,780.0,select,0.13051023981212534
v1,SQL,ocr_only,13,720.0,780.0,where,0.12918083784837786
v1,SQL,ocr_only,13,720.0,780.0,group by,0.01748759105585206
v1,SQL,ocr_only,13,720.0,780.0,having,0.05989379497365864
v1,SQL,ocr_only,13,720.0,780.0,count,0.0020148286857561773
v1,SQL,ocr_only,13,720.0,780.0,aggregate function,-0.01385285750644834
v1,SQL,ocr_only,13,720.0,780.0,join,0.06309425444221732
v1,SQL,ocr_only,13,720.0,780.0,inner join,0.12613406987839398
v1,SQL,ocr_only,13,720.0,780.0,left join,0.031249425412022015
v1,SQL,ocr_only,13,720.0,780.0,subquery,0.10013972961386845
v1,SQL,ocr_only,13,720.0,780.0,order by,0.07818117591651495
v2,Python,ocr_only,1,0.0,60.0,for loop,0.2955472494813681
v2,Python,ocr_only,1,0.0,60.0,for,0.4238532919785478
v2,Python,ocr_only,1,0.0,60.0,iteration,-0.051347173322196654
v2,Python,ocr_only,1,0.0,60.0,range,0.33728231380893287
v2,Python,ocr_only,1,0.0,60.0,list,-0.0556136045940774
v2,Python,ocr_only,1,0.0,60.0,nested loop,0.10159326218139243
v2,Python,ocr_only,1,0.0,60.0,index,0.10345915307062004
v2,Python,ocr_only,1,0.0,60.0,break,0.20253592888019123
v2,Python,ocr_only,1,0.0,60.0,continue,0.05478218998841084
v2,Python,ocr_only,2,60.0,120.0,for loop,0.03376101050701999
v2,Python,ocr_only,2,60.0,120.0,for,0.10278261992419271
v2,Python,ocr_only,2,60.0,120.0,iteration,0.02203117727992451
v2,Python,ocr_only,2,60.0,120.0,range,0.09120234360438752
v2,Python,ocr_only,2,60.0,120.0,list,0.017249233415607315
v2,Python,ocr_only,2,60.0,120.0,nested loop,-0.024925012188056515
v2,Python,ocr_only,2,60.0,120.0,index,-0.01548018409351707
v2,Python,ocr_only,2,60.0,120.0,break,-0.02444883506680296
v2,Python,ocr_only,2,60.0,120.0,continue,-0.008054175894007783
v2,Python,ocr_only,3,120.0,180.0,for loop,0.04444846388540068
v2,Python,ocr_only,3,120.0,180.0,for,0.11149910380735364
v2,Python,ocr_only,3,120.0,180.0,iteration,0.009495388584208368
v2,Python,ocr_only,3,120.0,180.0,range,0.09757574746717296
v2,Python,ocr_only,3,120.0,180.0,list,0.008059690760131107
v2,Python,ocr_only,3,120.0,180.0,nested loop,-0.020047606339460348
v2,Python,ocr_only,3,120.0,180.0,index,-0.02797022547480836
v2,Python,ocr_only,3,120.0,180.0,break,-0.03140051288572573
v2,Python,ocr_only,3,120.0,180.0,continue,-0.011801835830173742
v2,Python,ocr_only,4,180.0,240.0,for loop,0.044531125935714164
v2,Python,ocr_only,4,180.0,240.0,for,0.10718709955270923
v2,Python,ocr_only,4,180.0,240.0,iteration,0.003937738559679097
v2,Python,ocr_only,4,180.0,240.0,range,0.09696653953022151
v2,Python,ocr_only,4,180.0,240.0,list,0.0009748678589674085
v2,Python,ocr_only,4,180.0,240.0,nested loop,-0.018233194698468187
v2,Python,ocr_only,4,180.0,240.0,index,-0.032652442503023064
v2,Python,ocr_only,4,180.0,240.0,break,-0.036377296087327274
v2,Python,ocr_only,4,180.0,240.0,continue,-0.015597858916367743
v2,Python,ocr_only,5,240.0,300.0,for loop,0.05545692141838269
v2,Python,ocr_only,5,240.0,300.0,for,0.1109900189898673
v2,Python,ocr_only,5,240.0,300.0,iteration,0.0018692796032768943
v2,Python,ocr_only,5,240.0,300.0,range,0.09868949793616727
v2,Python,ocr_only,5,240.0,300.0,list,0.004064342705523067
v2,Python,ocr_only,5,240.0,300.0,nested loop,-0.0031010056775628873
v2,Python,ocr_only,5,240.0,300.0,index,0.02697710978720216
v2,Python,ocr_only,5,240.0,300.0,break,0.1895361569223927
v2,Python,ocr_only,5,240.0,300.0,continue,-0.004443404775950942
v2,Python,ocr_only,6,300.0,360.0,for loop,0.05457911694337226
v2,Python,ocr_only,6,300.0,360.0,for,0.08946990068875935
v2,Python,ocr_only,6,300.0,360.0,iteration,-0.003085834536444627
v2,Python,ocr_only,6,300.0,360.0,range,0.07544867774678077
v2,Python,ocr_only,6,300.0,360.0,list,0.005517378581268712
v2,Python,ocr_only,6,300.0,360.0,nested loop,0.008914961486472837
v2,Python,ocr_only,6,300.0,360.0,index,0.043308645443761874
v2,Python,ocr_only,6,300.0,360.0,break,0.23614493341470366
v2,Python,ocr_only,6,300.0,360.0,continue,0.002742533662457642
v2,Python,ocr_only,7,360.0,420.0,for loop,0.06329838369536127
v2,Python,ocr_only,7,360.0,420.0,for,0.11063934342327424
v2,Python,ocr_only,7,360.0,420.0,iteration,0.009739517806789203
v2,Python,ocr_only,7,360.0,420.0,range,0.08330831447981296
v2,Python,ocr_only,7,360.0,420.0,list,0.023119083363265878
v2,Python,ocr_only,7,360.0,420.0,nested loop,0.006583913319462592
v2,Python,ocr_only,7,360.0,420.0,index,0.03975971023520586
v2,Python,ocr_only,7,360.0,420.0,break,0.23352258186097433
v2,Python,ocr_only,7,360.0,420.0,continue,0.01234802977772175
v2,Python,ocr_only,8,420.0,480.0,for loop,0.15230259874019483
v2,Python,ocr_only,8,420.0,480.0,for,0.30659308836590965
v2,Python,ocr_only,8,420.0,480.0,iteration,-0.010172765553840814
v2,Python,ocr_only,8,420.0,480.0,range,0.28358000860137517
v2,Python,ocr_only,8,420.0,480.0,list,-0.06293093702264237
v2,Python,ocr_only,8,420.0,480.0,nested loop,-0.006064791458384594
v2,Python,ocr_only,8,420.0,480.0,index,-0.039510008224684104
v2,Python,ocr_only,8,420.0,480.0,break,-0.017990644154506567
v2,Python,ocr_only,8,420.0,480.0,continue,0.017188443688528635
v2,Python,ocr_only,9,480.0,540.0,for loop,0.1520971619224669
v2,Python,ocr_only,9,480.0,540.0,for,0.30480834405382323
v2,Python,ocr_only,9,480.0,540.0,iteration,-0.007560555094480531
v2,Python,ocr_only,9,480.0,540.0,range,0.28113888624272176
v2,Python,ocr_only,9,480.0,540.0,list,-0.057364946938855965
v2,Python,ocr_only,9,480.0,540.0,nested loop,-0.0054176324718988676
v2,Python,ocr_only,9,480.0,540.0,index,-0.04306910348435423
v2,Python,ocr_only,9,480.0,540.0,break,-0.01967456651478634
v2,Python,ocr_only,9,480.0,540.0,continue,0.01441814436558148
v2,Python,ocr_only,10,540.0,600.0,for loop,0.11444888995345374
v2,Python,ocr_only,10,540.0,600.0,for,0.23029120147319512
v2,Python,ocr_only,10,540.0,600.0,iteration,-0.0190114160222496
v2,Python,ocr_only,10,540.0,600.0,range,0.21337635427493762
v2,Python,ocr_only,10,540.0,600.0,list,-0.00949242309593382
v2,Python,ocr_only,10,540.0,600.0,nested loop,-0.021456239918185262
v2,Python,ocr_only,10,540.0,600.0,index,-0.05792183220620333
v2,Python,ocr_only,10,540.0,600.0,break,-0.01618913592790846
v2,Python,ocr_only,10,540.0,600.0,continue,-0.014641747632275305
v2,Python,ocr_only,11,600.0,660.0,for loop,0.058368161799405904
v2,Python,ocr_only,11,600.0,660.0,for,0.12222756394186095
v2,Python,ocr_only,11,600.0,660.0,iteration,-0.026702384091763308
v2,Python,ocr_only,11,600.0,660.0,range,0.16629338547273528
v2,Python,ocr_only,11,600.0,660.0,list,-0.00040725744741073455
v2,Python,ocr_only,11,600.0,660.0,nested loop,-0.031756847641254936
v2,Python,ocr_only,11,600.0,660.0,index,-0.028109267339848337
v2,Python,ocr_only,11,600.0,660.0,break,0.01048665726551521
v2,Python,ocr_only,11,600.0,660.0,continue,-0.055718308516521736
v2,Python,ocr_only,12,660.0,720.0,for loop,0.19257516481110123
v2,Python,ocr_only,12,660.0,720.0,for,0.35246689286952204
v2,Python,ocr_only,12,660.0,720.0,iteration,-0.01898351957938829
v2,Python,ocr_only,12,660.0,720.0,range,0.1928947657980703
v2,Python,ocr_only,12,660.0,720.0,list,0.15540428517126617
v2,Python,ocr_only,12,660.0,720.0,nested loop,0.001218185510152051
v2,Python,ocr_only,12,660.0,720.0,index,0.06296838951632654
v2,Python,ocr_only,12,660.0,720.0,break,0.08734739722389492
v2,Python,ocr_only,12,660.0,720.0,continue,-0.006931260032375128
v2,Python,ocr_only,13,720.0,780.0,for loop,0.12157834765437874
v2,Python,ocr_only,13,720.0,780.0,for,0.21190993466767588
v2,Python,ocr_only,13,720.0,780.0,iteration,-0.018810212899868884
v2,Python,ocr_only,13,720.0,780.0,range,0.37304017807149104
v2,Python,ocr_only,13,720.0,780.0,list,-0.11695562283825438
v2,Python,ocr_only,13,720.0,780.0,nested loop,0.03164777290798632
v2,Python,ocr_only,13,720.0,780.0,index,0.11658534212724209
v2,Python,ocr_only,13,720.0,780.0,break,0.15527168448372772
v2,Python,ocr_only,13,720.0,780.0,continue,-0.010287698016573926
v2,Python,ocr_only,14,780.0,840.0,for loop,0.12014033654811401
v2,Python,ocr_only,14,780.0,840.0,for,0.18914277852466954
v2,Python,ocr_only,14,780.0,840.0,iteration,-0.038563898087794035
v2,Python,ocr_only,14,780.0,840.0,range,0.21493058100639978
v2,Python,ocr_only,14,780.0,840.0,list,-0.05242544979053785
v2,Python,ocr_only,14,780.0,840.0,nested loop,0.01247820165999909
v2,Python,ocr_only,14,780.0,840.0,index,-0.03320809411832863
v2,Python,ocr_only,14,780.0,840.0,break,-0.012102913785141087
v2,Python,ocr_only,14,780.0,840.0,continue,-0.02757464315306132
v2,Python,ocr_only,15,840.0,900.0,for loop,0.12590671755810146
v2,Python,ocr_only,15,840.0,900.0,for,0.19863282805121482
v2,Python,ocr_only,15,840.0,900.0,iteration,-0.03922113286058681
v2,Python,ocr_only,15,840.0,900.0,range,0.1949144863825153
v2,Python,ocr_only,15,840.0,900.0,list,-0.02565792244377868
v2,Python,ocr_only,15,840.0,900.0,nested loop,0.013769624255457698
v2,Python,ocr_only,15,840.0,900.0,index,-0.004728447865015821
v2,Python,ocr_only,15,840.0,900.0,break,0.008682240467940434
v2,Python,ocr_only,15,840.0,900.0,continue,-0.0007369420298745822
v3,Java,ocr_only,1,0.0,60.0,class,0.10170177765106934
v3,Java,ocr_only,1,0.0,60.0,object,0.09250087411686242
v3,Java,ocr_only,1,0.0,60.0,method,-0.07912483039430009
v3,Java,ocr_only,1,0.0,60.0,interface,-0.02718884733480979
v3,Java,ocr_only,1,0.0,60.0,implements,0.13204010225373952
v3,Java,ocr_only,1,0.0,60.0,extends,0.05044354064137769
v3,Java,ocr_only,1,0.0,60.0,inheritance,0.04469075090291231
v3,Java,ocr_only,1,0.0,60.0,abstract class,0.14864637254944574
v3,Java,ocr_only,1,0.0,60.0,abstract method,-0.06892691129530465
v3,Java,ocr_only,2,60.0,120.0,class,0.10699960689044255
v3,Java,ocr_only,2,60.0,120.0,object,0.08132669029296435
v3,Java,ocr_only,2,60.0,120.0,method,-0.053031625956157735
v3,Java,ocr_only,2,60.0,120.0,interface,-0.035405848444251174
v3,Java,ocr_only,2,60.0,120.0,implements,0.08804061358121197
v3,Java,ocr_only,2,60.0,120.0,extends,0.09163811253755307
v3,Java,ocr_only,2,60.0,120.0,inheritance,0.07534304742461109
v3,Java,ocr_only,2,60.0,120.0,abstract class,0.2616781213014365
v3,Java,ocr_only,2,60.0,120.0,abstract method,0.04758874797842574
v3,Java,ocr_only,3,120.0,180.0,class,0.06502867219874131
v3,Java,ocr_only,3,120.0,180.0,object,0.04311954135883708
v3,Java,ocr_only,3,120.0,180.0,method,0.0035868632070734097
v3,Java,ocr_only,3,120.0,180.0,interface,-0.02299217735806057
v3,Java,ocr_only,3,120.0,180.0,implements,0.022802497387133976
v3,Java,ocr_only,3,120.0,180.0,extends,0.06295242145444441
v3,Java,ocr_only,3,120.0,180.0,inheritance,0.0428890425685869
v3,Java,ocr_only,3,120.0,180.0,abstract class,0.3587802427598747
v3,Java,ocr_only,3,120.0,180.0,abstract method,0.23695392368184026
v3,Java,ocr_only,4,180.0,240.0,class,0.07251131111035063
v3,Java,ocr_only,4,180.0,240.0,object,0.04667391744582547
v3,Java,ocr_only,4,180.0,240.0,method,0.013429188763059551
v3,Java,ocr_only,4,180.0,240.0,interface,-0.0033469293148261263
v3,Java,ocr_only,4,180.0,240.0,implements,0.05347637355295803
v3,Java,ocr_only,4,180.0,240.0,extends,0.07031211650090488
v3,Java,ocr_only,4,180.0,240.0,inheritance,0.04579893407367501
v3,Java,ocr_only,4,180.0,240.0,abstract class,0.39950392480831654
v3,Java,ocr_only,4,180.0,240.0,abstract method,0.28027872226279243
v3,Java,ocr_only,5,240.0,300.0,class,0.044964726531088954
v3,Java,ocr_only,5,240.0,300.0,object,0.027848775893162765
v3,Java,ocr_only,5,240.0,300.0,method,0.01972523323365181
v3,Java,ocr_only,5,240.0,300.0,interface,0.0391825586369891
v3,Java,ocr_only,5,240.0,300.0,implements,0.08902796085076255
v3,Java,ocr_only,5,240.0,300.0,extends,0.03819543696567536
v3,Java,ocr_only,5,240.0,300.0,inheritance,0.01469197987106768
v3,Java,ocr_only,5,240.0,300.0,abstract class,0.37705023593110526
v3,Java,ocr_only,5,240.0,300.0,abstract method,0.2859794739403083
v3,Java,ocr_only,6,300.0,360.0,class,0.049424475430719234
v3,Java,ocr_only,6,300.0,360.0,object,0.06548473086802387
v3,Java,ocr_only,6,300.0,360.0,method,-0.07187000959913943
v3,Java,ocr_only,6,300.0,360.0,interface,0.16426943514791903
v3,Java,ocr_only,6,300.0,360.0,implements,0.3385890582275671
v3,Java,ocr_only,6,300.0,360.0,extends,0.015471786770766799
v3,Java,ocr_only,6,300.0,360.0,inheritance,-0.011234085895858234
v3,Java,ocr_only,6,300.0,360.0,abstract class,0.14933105833370197
v3,Java,ocr_only,6,300.0,360.0,abstract method,-0.030678001540444932
v3,Java,ocr_only,7,360.0,420.0,class,0.030913913261031357
v3,Java,ocr_only,7,360.0,420.0,object,0.024122109679976668
v3,Java,ocr_only,7,360.0,420.0,method,0.018201327063624047
v3,Java,ocr_only,7,360.0,420.0,interface,0.06006628867419547
v3,Java,ocr_only,7,360.0,420.0,implements,0.10946642763352196
v3,Java,ocr_only,7,360.0,420.0,extends,0.027888304407410237
v3,Java,ocr_only,7,360.0,420.0,inheritance,0.003427471051109552
v3,Java,ocr_only,7,360.0,420.0,abstract class,0.3538201336962013
v3,Java,ocr_only,7,360.0,420.0,abstract method,0.27335072098951674
v4,SQL,ocr_only,1,0.0,60.0,select,0.21365226114487634
v4,SQL,ocr_only,1,0.0,60.0,where,0.1727929211588856
v4,SQL,ocr_only,1,0.0,60.0,group by,0.6715656777500646
v4,SQL,ocr_only,1,0.0,60.0,having,0.495009737966027
v4,SQL,ocr_only,1,0.0,60.0,count,0.19620085218183264
v4,SQL,ocr_only,1,0.0,60.0,aggregate function,0.1804919642068644
v4,SQL,ocr_only,1,0.0,60.0,join,0.10742872782127308
v4,SQL,ocr_only,1,0.0,60.0,inner join,0.04876691055035765
v4,SQL,ocr_only,1,0.0,60.0,left join,-0.009681058070480997
v4,SQL,ocr_only,1,0.0,60.0,subquery,0.1862071438106576
v4,SQL,ocr_only,1,0.0,60.0,order by,0.5197463903942042
v4,SQL,ocr_only,2,60.0,120.0,select,0.1505759852439601
v4,SQL,ocr_only,2,60.0,120.0,where,0.03697178692866429
v4,SQL,ocr_only,2,60.0,120.0,group by,0.5675207248401727
v4,SQL,ocr_only,2,60.0,120.0,having,0.3900339170956142
v4,SQL,ocr_only,2,60.0,120.0,count,0.17690146958472458
v4,SQL,ocr_only,2,60.0,120.0,aggregate function,0.17992563822457108
v4,SQL,ocr_only,2,60.0,120.0,join,-0.041820181945481046
v4,SQL,ocr_only,2,60.0,120.0,inner join,-0.07816630379139877
v4,SQL,ocr_only,2,60.0,120.0,left join,-0.03263487841212246
v4,SQL,ocr_only,2,60.0,120.0,subquery,0.1581927317782516
v4,SQL,ocr_only,2,60.0,120.0,order by,0.43773007836848343
v4,SQL,ocr_only,3,120.0,180.0,select,0.12858375660908183
v4,SQL,ocr_only,3,120.0,180.0,where,0.04274029012862995
v4,SQL,ocr_only,3,120.0,180.0,group by,0.3366339199197149
v4,SQL,ocr_only,3,120.0,180.0,having,0.10925675502942593
v4,SQL,ocr_only,3,120.0,180.0,count,0.17026961818544806
v4,SQL,ocr_only,3,120.0,180.0,aggregate function,0.07512822333580224
v4,SQL,ocr_only,3,120.0,180.0,join,0.03406443508519296
v4,SQL,ocr_only,3,120.0,180.0,inner join,0.017748018935887035
v4,SQL,ocr_only,3,120.0,180.0,left join,0.04921679247632505
v4,SQL,ocr_only,3,120.0,180.0,subquery,0.013307016333312207
v4,SQL,ocr_only,3,120.0,180.0,order by,0.12561608139693892
v4,SQL,ocr_only,4,180.0,240.0,select,0.09149776228972482
v4,SQL,ocr_only,4,180.0,240.0,where,-0.021001353796032875
v4,SQL,ocr_only,4,180.0,240.0,group by,0.153761419739255
v4,SQL,ocr_only,4,180.0,240.0,having,-0.02038148663096126
v4,SQL,ocr_only,4,180.0,240.0,count,0.08969261370716392
v4,SQL,ocr_only,4,180.0,240.0,aggregate function,0.01560154505474274
v4,SQL,ocr_only,4,180.0,240.0,join,0.006433111308082769
v4,SQL,ocr_only,4,180.0,240.0,inner join,0.009917393714131318
v4,SQL,ocr_only,4,180.0,240.0,left join,0.01109300980868806
v4,SQL,ocr_only,4,180.0,240.0,subquery,-0.006422817829949936
v4,SQL,ocr_only,4,180.0,240.0,order by,0.019305091875065423
v4,SQL,ocr_only,5,240.0,300.0,select,0.09548487516525328
v4,SQL,ocr_only,5,240.0,300.0,where,-0.0018685095645223785
v4,SQL,ocr_only,5,240.0,300.0,group by,0.14001817578857195
v4,SQL,ocr_only,5,240.0,300.0,having,0.02574303610655624
v4,SQL,ocr_only,5,240.0,300.0,count,0.10034484439311085
v4,SQL,ocr_only,5,240.0,300.0,aggregate function,0.029130523943334905
v4,SQL,ocr_only,5,240.0,300.0,join,0.001734416550889393
v4,SQL,ocr_only,5,240.0,300.0,inner join,0.007168272545740036
v4,SQL,ocr_only,5,240.0,300.0,left join,0.01143220095547531
v4,SQL,ocr_only,5,240.0,300.0,subquery,0.01193701875919196
v4,SQL,ocr_only,5,240.0,300.0,order by,0.03552334506802095
v4,SQL,ocr_only,6,300.0,360.0,select,0.044451891993042086
v4,SQL,ocr_only,6,300.0,360.0,where,0.34840928082533734
v4,SQL,ocr_only,6,300.0,360.0,group by,0.48467055375595236
v4,SQL,ocr_only,6,300.0,360.0,having,0.6689641714230457
v4,SQL,ocr_only,6,300.0,360.0,count,0.2344190369166778
v4,SQL,ocr_only,6,300.0,360.0,aggregate function,0.15907305832219742
v4,SQL,ocr_only,6,300.0,360.0,join,0.017590372623629655
v4,SQL,ocr_only,6,300.0,360.0,inner join,-0.040236493282655945
v4,SQL,ocr_only,6,300.0,360.0,left join,0.04297981463835396
v4,SQL,ocr_only,6,300.0,360.0,subquery,0.08885793960563576
v4,SQL,ocr_only,6,300.0,360.0,order by,0.37557108037555437
v4,SQL,ocr_only,7,360.0,420.0,select,0.16703743850587796
v4,SQL,ocr_only,7,360.0,420.0,where,0.023824242160538796
v4,SQL,ocr_only,7,360.0,420.0,group by,0.116257521957261
v4,SQL,ocr_only,7,360.0,420.0,having,0.13614912872581927
v4,SQL,ocr_only,7,360.0,420.0,count,0.20204376032848587
v4,SQL,ocr_only,7,360.0,420.0,aggregate function,0.13065205622912177
v4,SQL,ocr_only,7,360.0,420.0,join,0.023398149692203524
v4,SQL,ocr_only,7,360.0,420.0,inner join,0.03316961165689864
v4,SQL,ocr_only,7,360.0,420.0,left join,0.0214719836293933
v4,SQL,ocr_only,7,360.0,420.0,subquery,0.08247188421604952
v4,SQL,ocr_only,7,360.0,420.0,order by,0.10258772557009527
v4,SQL,ocr_only,8,420.0,480.0,select,0.14392373713633286
v4,SQL,ocr_only,8,420.0,480.0,where,0.00044374526065667734
v4,SQL,ocr_only,8,420.0,480.0,group by,0.04538550372953291
v4,SQL,ocr_only,8,420.0,480.0,having,0.09259217907548531
v4,SQL,ocr_only,8,420.0,480.0,count,0.18442891804076322
v4,SQL,ocr_only,8,420.0,480.0,aggregate function,0.1175133284944678
v4,SQL,ocr_only,8,420.0,480.0,join,0.0028020628724995016
v4,SQL,ocr_only,8,420.0,480.0,inner join,0.01656188807567845
v4,SQL,ocr_only,8,420.0,480.0,left join,-0.0010135448976535627
v4,SQL,ocr_only,8,420.0,480.0,subquery,0.061228437924899994
v4,SQL,ocr_only,8,420.0,480.0,order by,0.06229086419563009
v5,Java,ocr_only,1,0.0,60.0,class,0.32938331200713156
v5,Java,ocr_only,1,0.0,60.0,object,0.15607558753117975
v5,Java,ocr_only,1,0.0,60.0,method,0.30174494000908103
v5,Java,ocr_only,1,0.0,60.0,interface,0.21505850657423686
v5,Java,ocr_only,1,0.0,60.0,implements,0.25788551167969437
v5,Java,ocr_only,1,0.0,60.0,extends,0.28130136890461765
v5,Java,ocr_only,1,0.0,60.0,inheritance,0.33996471329032324
v5,Java,ocr_only,1,0.0,60.0,abstract class,0.38263966653235254
v5,Java,ocr_only,1,0.0,60.0,abstract method,0.20670992506544617
v5,Java,ocr_only,2,60.0,120.0,class,0.2900018153963345
v5,Java,ocr_only,2,60.0,120.0,object,0.3066754369841564
v5,Java,ocr_only,2,60.0,120.0,method,0.06676835364486244
v5,Java,ocr_only,2,60.0,120.0,interface,0.5357866843521896
v5,Java,ocr_only,2,60.0,120.0,implements,0.7961122150760339
v5,Java,ocr_only,2,60.0,120.0,extends,0.2123057614728719
v5,Java,ocr_only,2,60.0,120.0,inheritance,0.18022505164758704
v5,Java,ocr_only,2,60.0,120.0,abstract class,0.2915159015265843
v5,Java,ocr_only,2,60.0,120.0,abstract method,-0.04886208312215592
v5,Java,ocr_only,3,120.0,180.0,class,0.1963554047717553
v5,Java,ocr_only,3,120.0,180.0,object,0.1061257388511769
v5,Java,ocr_only,3,120.0,180.0,method,0.04066627089383174
v5,Java,ocr_only,3,120.0,180.0,interface,0.2620497468775893
v5,Java,ocr_only,3,120.0,180.0,implements,0.457545278875282
v5,Java,ocr_only,3,120.0,180.0,extends,0.12465702335484158
v5,Java,ocr_only,3,120.0,180.0,inheritance,0.1350986350367995
v5,Java,ocr_only,3,120.0,180.0,abstract class,0.20233722809523777
v5,Java,ocr_only,3,120.0,180.0,abstract method,-0.013784133517157425
v5,Java,ocr_only,4,180.0,240.0,class,0.17814821513656992
v5,Java,ocr_only,4,180.0,240.0,object,0.04708135364267879
v5,Java,ocr_only,4,180.0,240.0,method,0.10951993829196942
v5,Java,ocr_only,4,180.0,240.0,interface,0.17719609933939345
v5,Java,ocr_only,4,180.0,240.0,implements,0.28993379341034003
v5,Java,ocr_only,4,180.0,240.0,extends,0.11929237122643528
v5,Java,ocr_only,4,180.0,240.0,inheritance,0.15824253037530045
v5,Java,ocr_only,4,180.0,240.0,abstract class,0.2071961461206462
v5,Java,ocr_only,4,180.0,240.0,abstract method,0.06709957945850402
v5,Java,ocr_only,5,240.0,300.0,class,0.15625765093848804
v5,Java,ocr_only,5,240.0,300.0,object,0.04927336677939411
v5,Java,ocr_only,5,240.0,300.0,method,0.0377234396984933
v5,Java,ocr_only,5,240.0,300.0,interface,0.10839455496882949
v5,Java,ocr_only,5,240.0,300.0,implements,0.25187929006746185
v5,Java,ocr_only,5,240.0,300.0,extends,0.08863144609456933
v5,Java,ocr_only,5,240.0,300.0,inheritance,0.12049733662222148
v5,Java,ocr_only,5,240.0,300.0,abstract class,0.1649687884358777
v5,Java,ocr_only,5,240.0,300.0,abstract method,0.009482344294002597
v5,Java,ocr_only,6,300.0,360.0,class,0.0937313890252597
v5,Java,ocr_only,6,300.0,360.0,object,-0.0022953826622070135
v5,Java,ocr_only,6,300.0,360.0,method,0.027053103246236578
v5,Java,ocr_only,6,300.0,360.0,interface,0.06256347061229509
v5,Java,ocr_only,6,300.0,360.0,implements,0.17141082934908733
v5,Java,ocr_only,6,300.0,360.0,extends,0.03265435942743588
v5,Java,ocr_only,6,300.0,360.0,inheritance,0.06768105617885328
v5,Java,ocr_only,6,300.0,360.0,abstract class,0.13104887314915115
v5,Java,ocr_only,6,300.0,360.0,abstract method,0.03720404498707656
v5,Java,ocr_only,7,360.0,420.0,class,0.12371925992167801
v5,Java,ocr_only,7,360.0,420.0,object,-0.017799861237731317
v5,Java,ocr_only,7,360.0,420.0,method,0.11792084025050874
v5,Java,ocr_only,7,360.0,420.0,interface,0.0624519026352477
v5,Java,ocr_only,7,360.0,420.0,implements,0.10627463654358885
v5,Java,ocr_only,7,360.0,420.0,extends,0.07397261041970886
v5,Java,ocr_only,7,360.0,420.0,inheritance,0.13210400924343826
v5,Java,ocr_only,7,360.0,420.0,abstract class,0.15436191765298554
v5,Java,ocr_only,7,360.0,420.0,abstract method,0.0961583337190624
v6,SQL,ocr_only,1,0.0,60.0,select,0.5998727272242552
v6,SQL,ocr_only,1,0.0,60.0,where,0.4438568363987157
v6,SQL,ocr_only,1,0.0,60.0,group by,0.7032671457001566
v6,SQL,ocr_only,1,0.0,60.0,having,0.3015817506928283
v6,SQL,ocr_only,1,0.0,60.0,count,0.18148332311145202
v6,SQL,ocr_only,1,0.0,60.0,aggregate function,0.11343191585157231
v6,SQL,ocr_only,1,0.0,60.0,join,0.675522717824551
v6,SQL,ocr_only,1,0.0,60.0,inner join,0.5933728442636995
v6,SQL,ocr_only,1,0.0,60.0,left join,0.13436854848469784
v6,SQL,ocr_only,1,0.0,60.0,subquery,0.29725857532634503
v6,SQL,ocr_only,1,0.0,60.0,order by,0.6112676920414454
v6,SQL,ocr_only,2,60.0,120.0,select,0.15984998730523292
v6,SQL,ocr_only,2,60.0,120.0,where,0.2800149356279578
v6,SQL,ocr_only,2,60.0,120.0,group by,0.12272155769398416
v6,SQL,ocr_only,2,60.0,120.0,having,0.013904144794400473
v6,SQL,ocr_only,2,60.0,120.0,count,0.04286626686968888
v6,SQL,ocr_only,2,60.0,120.0,aggregate function,-0.02821256801144037
v6,SQL,ocr_only,2,60.0,120.0,join,0.18446808797005532
v6,SQL,ocr_only,2,60.0,120.0,inner join,0.1810932875159729
v6,SQL,ocr_only,2,60.0,120.0,left join,0.30052366524695723
v6,SQL,ocr_only,2,60.0,120.0,subquery,-0.056857754689790437
v6,SQL,ocr_only,2,60.0,120.0,order by,0.14789673116642033
v6,SQL,ocr_only,3,120.0,180.0,select,0.10250013706524774
v6,SQL,ocr_only,3,120.0,180.0,where,0.1719655971986713
v6,SQL,ocr_only,3,120.0,180.0,group by,0.15896142954996728
v6,SQL,ocr_only,3,120.0,180.0,having,0.034486376731828194
v6,SQL,ocr_only,3,120.0,180.0,count,-0.02078697069680488
v6,SQL,ocr_only,3,120.0,180.0,aggregate function,-0.04962532421044076
v6,SQL,ocr_only,3,120.0,180.0,join,0.02206267112890769
v6,SQL,ocr_only,3,120.0,180.0,inner join,0.00363003523191717
v6,SQL,ocr_only,3,120.0,180.0,left join,0.18470722290063768
v6,SQL,ocr_only,3,120.0,180.0,subquery,-0.01236178613224794
v6,SQL,ocr_only,3,120.0,180.0,order by,0.2745694140686991
v6,SQL,ocr_only,4,180.0,240.0,select,0.09704997176929002
v6,SQL,ocr_only,4,180.0,240.0,where,0.08975252081931875
v6,SQL,ocr_only,4,180.0,240.0,group by,0.17748616608368423
v6,SQL,ocr_only,4,180.0,240.0,having,0.002915300635654382
v6,SQL,ocr_only,4,180.0,240.0,count,-0.01663186517405233
v6,SQL,ocr_only,4,180.0,240.0,aggregate function,-0.01975390404730209
v6,SQL,ocr_only,4,180.0,240.0,join,-0.011693137822293113
v6,SQL,ocr_only,4,180.0,240.0,inner join,-0.027613883162003604
v6,SQL,ocr_only,4,180.0,240.0,left join,0.14762939508008982
v6,SQL,ocr_only,4,180.0,240.0,subquery,-0.0041542315804755595
v6,SQL,ocr_only,4,180.0,240.0,order by,0.2930345812793315
v6,SQL,ocr_only,5,240.0,300.0,select,0.1224378774113548
v6,SQL,ocr_only,5,240.0,300.0,where,-0.1261825937371806
v6,SQL,ocr_only,5,240.0,300.0,group by,0.44471331153019616
v6,SQL,ocr_only,5,240.0,300.0,having,-0.23862617677626252
v6,SQL,ocr_only,5,240.0,300.0,count,0.05896519107263496
v6,SQL,ocr_only,5,240.0,300.0,aggregate function,0.06887716857499719
v6,SQL,ocr_only,5,240.0,300.0,join,0.033272776715768164
v6,SQL,ocr_only,5,240.0,300.0,inner join,0.007623393586107465
v6,SQL,ocr_only,5,240.0,300.0,left join,0.004692277417976951
v6,SQL,ocr_only,5,240.0,300.0,subquery,0.05791370990292635
v6,SQL,ocr_only,5,240.0,300.0,order by,0.18264703408944577
v6,SQL,ocr_only,6,300.0,360.0,select,0.07546543710070532
v6,SQL,ocr_only,6,300.0,360.0,where,0.07245542067478472
v6,SQL,ocr_only,6,300.0,360.0,group by,0.1586627201853387
v6,SQL,ocr_only,6,300.0,360.0,having,0.027102181134117755
v6,SQL,ocr_only,6,300.0,360.0,count,0.02980026638135894
v6,SQL,ocr_only,6,300.0,360.0,aggregate function,0.03609102934273425
v6,SQL,ocr_only,6,300.0,360.0,join,-0.045396321863784575
v6,SQL,ocr_only,6,300.0,360.0,inner join,-0.04596941185268557
v6,SQL,ocr_only,6,300.0,360.0,left join,0.12440270779771721
v6,SQL,ocr_only,6,300.0,360.0,subquery,-0.020632643415331095
v6,SQL,ocr_only,6,300.0,360.0,order by,0.24440621503391802
v6,SQL,ocr_only,7,360.0,420.0,select,0.30649525357432916
v6,SQL,ocr_only,7,360.0,420.0,where,0.11270644879767744
v6,SQL,ocr_only,7,360.0,420.0,group by,0.15897441123317885
v6,SQL,ocr_only,7,360.0,420.0,having,0.4283459986288302
v6,SQL,ocr_only,7,360.0,420.0,count,0.21305219187919616
v6,SQL,ocr_only,7,360.0,420.0,aggregate function,0.24203464042876785
v6,SQL,ocr_only,7,360.0,420.0,join,-0.0437928442816417
v6,SQL,ocr_only,7,360.0,420.0,inner join,-0.05695886688734917
v6,SQL,ocr_only,7,360.0,420.0,left join,0.056710020550789116
v6,SQL,ocr_only,7,360.0,420.0,subquery,0.2802633606244871
v6,SQL,ocr_only,7,360.0,420.0,order by,0.5646151796622517
v6,SQL,ocr_only,8,420.0,480.0,select,0.5332636606178927
v6,SQL,ocr_only,8,420.0,480.0,where,0.03658708307729305
v6,SQL,ocr_only,8,420.0,480.0,group by,0.02233624641550141
v6,SQL,ocr_only,8,420.0,480.0,having,0.7814474514326305
v6,SQL,ocr_only,8,420.0,480.0,count,0.469831445682094
v6,SQL,ocr_only,8,420.0,480.0,aggregate function,0.5290219849326361
v6,SQL,ocr_only,8,420.0,480.0,join,-0.024746257795630815
v6,SQL,ocr_only,8,420.0,480.0,inner join,-0.033422109472154356
v6,SQL,ocr_only,8,420.0,480.0,left join,-0.09141759281521925
v6,SQL,ocr_only,8,420.0,480.0,subquery,0.6509371925512454
v6,SQL,ocr_only,8,420.0,480.0,order by,0.6831493536801873
v7,SQL,ocr_only,1,0.0,60.0,select,-0.04523147881240204
v7,SQL,ocr_only,1,0.0,60.0,where,0.009861714693132406
v7,SQL,ocr_only,1,0.0,60.0,group by,0.010975231457160301
v7,SQL,ocr_only,1,0.0,60.0,having,0.019699602508221146
v7,SQL,ocr_only,1,0.0,60.0,count,0.04036686890422353
v7,SQL,ocr_only,1,0.0,60.0,aggregate function,0.05005652536822043
v7,SQL,ocr_only,1,0.0,60.0,join,-0.004353934189845339
v7,SQL,ocr_only,1,0.0,60.0,inner join,-0.03110976202195992
v7,SQL,ocr_only,1,0.0,60.0,left join,0.027165865581451818
v7,SQL,ocr_only,1,0.0,60.0,subquery,-0.019581559833054405
v7,SQL,ocr_only,1,0.0,60.0,order by,0.009390619519522265
v8,SQL,ocr_only,1,0.0,60.0,select,0.023965589239727407
v8,SQL,ocr_only,1,0.0,60.0,where,-0.030319526736949445
v8,SQL,ocr_only,1,0.0,60.0,group by,0.06598455765603341
v8,SQL,ocr_only,1,0.0,60.0,having,-0.12141373666166945
v8,SQL,ocr_only,1,0.0,60.0,count,0.12848319323390336
v8,SQL,ocr_only,1,0.0,60.0,aggregate function,0.22058046849632343
v8,SQL,ocr_only,1,0.0,60.0,join,0.04990184037086693
v8,SQL,ocr_only,1,0.0,60.0,inner join,-0.009190670095958236
v8,SQL,ocr_only,1,0.0,60.0,left join,-0.013193058381041785
v8,SQL,ocr_only,1,0.0,60.0,subquery,-0.09356850987439629
v8,SQL,ocr_only,1,0.0,60.0,order by,-0.055952211642371706
v8,SQL,ocr_only,2,60.0,120.0,select,-0.0029861008713938588
v8,SQL,ocr_only,2,60.0,120.0,where,-0.005993774409360125
v8,SQL,ocr_only,2,60.0,120.0,group by,0.04085978547973469
v8,SQL,ocr_only,2,60.0,120.0,having,-0.04816641112799453
v8,SQL,ocr_only,2,60.0,120.0,count,0.03535762645824284
v8,SQL,ocr_only,2,60.0,120.0,aggregate function,0.026859508605916182
v8,SQL,ocr_only,2,60.0,120.0,join,0.0021164918496219586
v8,SQL,ocr_only,2,60.0,120.0,inner join,-0.009658004509951102
v8,SQL,ocr_only,2,60.0,120.0,left join,-0.03424820438999619
v8,SQL,ocr_only,2,60.0,120.0,subquery,0.0015668635906528254
v8,SQL,ocr_only,2,60.0,120.0,order by,0.0043624820376368485
v8,SQL,ocr_only,3,120.0,180.0,select,0.25107514603352027
v8,SQL,ocr_only,3,120.0,180.0,where,0.18086447076961687
v8,SQL,ocr_only,3,120.0,180.0,group by,0.14983713501655507
v8,SQL,ocr_only,3,120.0,180.0,having,-0.025275060517443573
v8,SQL,ocr_only,3,120.0,180.0,count,-0.031965687341413404
v8,SQL,ocr_only,3,120.0,180.0,aggregate function,-0.021646601798998112
v8,SQL,ocr_only,3,120.0,180.0,join,0.31010587874968987
v8,SQL,ocr_only,3,120.0,180.0,inner join,0.2696487217508007
v8,SQL,ocr_only,3,120.0,180.0,left join,-0.11893401747097812
v8,SQL,ocr_only,3,120.0,180.0,subquery,-0.029839780655693253
v8,SQL,ocr_only,3,120.0,180.0,order by,0.048781853200469405
v8,SQL,ocr_only,4,180.0,240.0,select,-0.0003401765529506891
v8,SQL,ocr_only,4,180.0,240.0,where,0.0017273463504910316
v8,SQL,ocr_only,4,180.0,240.0,group by,0.00019008766025970563
v8,SQL,ocr_only,4,180.0,240.0,having,0.0003782703423097313
v8,SQL,ocr_only,4,180.0,240.0,count,0.00010057656931783283
v8,SQL,ocr_only,4,180.0,240.0,aggregate function,0.00045449818225804195
v8,SQL,ocr_only,4,180.0,240.0,join,-0.0004087777721509376
v8,SQL,ocr_only,4,180.0,240.0,inner join,-0.002199619121556585
v8,SQL,ocr_only,4,180.0,240.0,left join,0.0009193943335068517
v8,SQL,ocr_only,4,180.0,240.0,subquery,0.001095260069291129
v8,SQL,ocr_only,4,180.0,240.0,order by,0.000549300015849514
v8,SQL,ocr_only,5,240.0,300.0,select,1.0410107260345705e-05
v8,SQL,ocr_only,5,240.0,300.0,where,0.0026116500754673096
v8,SQL,ocr_only,5,240.0,300.0,group by,0.0004166864550683395
v8,SQL,ocr_only,5,240.0,300.0,having,0.0008336448719052094
v8,SQL,ocr_only,5,240.0,300.0,count,0.0010752795709193508
v8,SQL,ocr_only,5,240.0,300.0,aggregate function,-7.460967009900092e-05
v8,SQL,ocr_only,5,240.0,300.0,join,-0.00018479665365529627
v8,SQL,ocr_only,5,240.0,300.0,inner join,-0.0021600579772482324
v8,SQL,ocr_only,5,240.0,300.0,left join,0.00011348557495156455
v8,SQL,ocr_only,5,240.0,300.0,subquery,-0.0007813657779456133
v8,SQL,ocr_only,5,240.0,300.0,order by,-0.0010044387589524231
v8,SQL,ocr_only,6,300.0,360.0,select,-0.0007909779529030962
v8,SQL,ocr_only,6,300.0,360.0,where,0.002525729919902307
v8,SQL,ocr_only,6,300.0,360.0,group by,0.00047750919781919016
v8,SQL,ocr_only,6,300.0,360.0,having,0.0008568299311315945
v8,SQL,ocr_only,6,300.0,360.0,count,0.0005840332926733749
v8,SQL,ocr_only,6,300.0,360.0,aggregate function,0.00019133474056950785
v8,SQL,ocr_only,6,300.0,360.0,join,5.3410889869189144e-05
v8,SQL,ocr_only,6,300.0,360.0,inner join,-0.0020951043655881357
v8,SQL,ocr_only,6,300.0,360.0,left join,0.00010654116679572314
v8,SQL,ocr_only,6,300.0,360.0,subquery,-0.00044552306921965005
v8,SQL,ocr_only,6,300.0,360.0,order by,-0.0010350593159958025
v8,SQL,ocr_only,7,360.0,420.0,select,-0.0010709109795124614
v8,SQL,ocr_only,7,360.0,420.0,where,0.001115760076829272
v8,SQL,ocr_only,7,360.0,420.0,group by,-9.893833849592501e-05
v8,SQL,ocr_only,7,360.0,420.0,having,0.0013443763338576444
v8,SQL,ocr_only,7,360.0,420.0,count,-0.0004904623804782687
v8,SQL,ocr_only,7,360.0,420.0,aggregate function,-0.0007194486426792577
v8,SQL,ocr_only,7,360.0,420.0,join,-0.0006858889434331157
v8,SQL,ocr_only,7,360.0,420.0,inner join,-0.002174805906098755
v8,SQL,ocr_only,7,360.0,420.0,left join,0.0014601671430906253
v8,SQL,ocr_only,7,360.0,420.0,subquery,-0.0012487930648054496
v8,SQL,ocr_only,7,360.0,420.0,order by,-0.0007386136532174114
v8,SQL,ocr_only,8,420.0,480.0,select,0.0011308615128802968
v8,SQL,ocr_only,8,420.0,480.0,where,0.0005265184832944289
v8,SQL,ocr_only,8,420.0,480.0,group by,-8.653092421661749e-05
v8,SQL,ocr_only,8,420.0,480.0,having,-0.0002633939967425111
v8,SQL,ocr_only,8,420.0,480.0,count,0.00020463156159467968
v8,SQL,ocr_only,8,420.0,480.0,aggregate function,-0.0009843710226300352
v8,SQL,ocr_only,8,420.0,480.0,join,-0.0002114237382973506
v8,SQL,ocr_only,8,420.0,480.0,inner join,-0.0018619684805983763
v8,SQL,ocr_only,8,420.0,480.0,left join,-0.0006956357326036323
v8,SQL,ocr_only,8,420.0,480.0,subquery,-0.0006183686150990937
v8,SQL,ocr_only,8,420.0,480.0,order by,-0.0008220236316903636
v8,SQL,ocr_only,9,480.0,540.0,select,-0.0005392642413281439
v8,SQL,ocr_only,9,480.0,540.0,where,0.0014182918644299156
v8,SQL,ocr_only,9,480.0,540.0,group by,0.0029385053455221796
v8,SQL,ocr_only,9,480.0,540.0,having,0.0001515175275332482
v8,SQL,ocr_only,9,480.0,540.0,count,0.0004975984819357108
v8,SQL,ocr_only,9,480.0,540.0,aggregate function,-0.0001799255500253951
v8,SQL,ocr_only,9,480.0,540.0,join,-0.0005902015122149687
v8,SQL,ocr_only,9,480.0,540.0,inner join,-0.0024157166730415657
v8,SQL,ocr_only,9,480.0,540.0,left join,0.0005491800729522603
v8,SQL,ocr_only,9,480.0,540.0,subquery,-0.0023790643107412823
v8,SQL,ocr_only,9,480.0,540.0,order by,-0.0007148334828419481
v8,SQL,ocr_only,10,540.0,600.0,select,-0.0009277777092353287
v8,SQL,ocr_only,10,540.0,600.0,where,0.001452197427839676
v8,SQL,ocr_only,10,540.0,600.0,group by,0.0016638180899933358
v8,SQL,ocr_only,10,540.0,600.0,having,0.0005058640318343999
v8,SQL,ocr_only,10,540.0,600.0,count,0.0008665499961108406
v8,SQL,ocr_only,10,540.0,600.0,aggregate function,0.00020934695043987156
v8,SQL,ocr_only,10,540.0,600.0,join,-0.0007667877288541531
v8,SQL,ocr_only,10,540.0,600.0,inner join,-0.00209727981268661
v8,SQL,ocr_only,10,540.0,600.0,left join,0.0010100282540342815
v8,SQL,ocr_only,10,540.0,600.0,subquery,-0.0018228380059299959
v8,SQL,ocr_only,10,540.0,600.0,order by,-0.0006677379900386241
v8,SQL,ocr_only,11,600.0,660.0,select,0.00022387564655575523
v8,SQL,ocr_only,11,600.0,660.0,where,0.0013374648280278043
v8,SQL,ocr_only,11,600.0,660.0,group by,0.0006151898887538487
v8,SQL,ocr_only,11,600.0,660.0,having,0.00027987385747147916
v8,SQL,ocr_only,11,600.0,660.0,count,-3.577221913725684e-05
v8,SQL,ocr_only,11,600.0,660.0,aggregate function,-0.00021180318106087375
v8,SQL,ocr_only,11,600.0,660.0,join,-0.00040374615243662405
v8,SQL,ocr_only,11,600.0,660.0,inner join,-0.0018020708056252577
v8,SQL,ocr_only,11,600.0,660.0,left join,0.00040629719034408285
v8,SQL,ocr_only,11,600.0,660.0,subquery,-0.0011752165563314407
v8,SQL,ocr_only,11,600.0,660.0,order by,-0.0006400570823942991
v8,SQL,ocr_only,12,660.0,720.0,select,0.0034967885037867534
v8,SQL,ocr_only,12,660.0,720.0,where,0.005011034410994063
v8,SQL,ocr_only,12,660.0,720.0,group by,0.0017341573208816885
v8,SQL,ocr_only,12,660.0,720.0,having,-0.0007182177715207685
v8,SQL,ocr_only,12,660.0,720.0,count,0.003596506871111262
v8,SQL,ocr_only,12,660.0,720.0,aggregate function,-0.0004201277203911081
v8,SQL,ocr_only,12,660.0,720.0,join,0.010179286043381627
v8,SQL,ocr_only,12,660.0,720.0,inner join,0.00950546635040134
v8,SQL,ocr_only,12,660.0,720.0,left join,0.03011665804543892
v8,SQL,ocr_only,12,660.0,720.0,subquery,0.006410509943271513
v8,SQL,ocr_only,12,660.0,720.0,order by,0.0005940725842901166
v8,SQL,ocr_only,13,720.0,780.0,select,0.0009862151391482638
v8,SQL,ocr_only,13,720.0,780.0,where,-0.0006525552760638884
v8,SQL,ocr_only,13,720.0,780.0,group by,-0.001264504964587131
v8,SQL,ocr_only,13,720.0,780.0,having,-0.0015810523090676412
v8,SQL,ocr_only,13,720.0,780.0,count,-0.002037787163363725
v8,SQL,ocr_only,13,720.0,780.0,aggregate function,0.0018999683025377237
v8,SQL,ocr_only,13,720.0,780.0,join,-0.0009387298158640829
v8,SQL,ocr_only,13,720.0,780.0,inner join,0.003301475277953797
v8,SQL,ocr_only,13,720.0,780.0,left join,0.0036800562370947554
v8,SQL,ocr_only,13,720.0,780.0,subquery,0.007534605194813791
v8,SQL,ocr_only,13,720.0,780.0,order by,0.0040654172980145184
v8,SQL,ocr_only,14,780.0,840.0,select,-0.0017168077497716594
v8,SQL,ocr_only,14,780.0,840.0,where,7.087313270851578e-05
v8,SQL,ocr_only,14,780.0,840.0,group by,-0.0014658861708290644
v8,SQL,ocr_only,14,780.0,840.0,having,0.0008468405165904978
v8,SQL,ocr_only,14,780.0,840.0,count,-0.0004254068630582157
v8,SQL,ocr_only,14,780.0,840.0,aggregate function,0.0007011979537470598
v8,SQL,ocr_only,14,780.0,840.0,join,-0.00024095118877349916
v8,SQL,ocr_only,14,780.0,840.0,inner join,0.0013910287275623004
v8,SQL,ocr_only,14,780.0,840.0,left join,0.003849295936850776
v8,SQL,ocr_only,14,780.0,840.0,subquery,0.0007573786723543088
v8,SQL,ocr_only,14,780.0,840.0,order by,-0.0005016565935524345
v8,SQL,ocr_only,15,840.0,900.0,select,-0.0006366145349167138
v8,SQL,ocr_only,15,840.0,900.0,where,-0.004957856006296965
v8,SQL,ocr_only,15,840.0,900.0,group by,-0.0029532188638868116
v8,SQL,ocr_only,15,840.0,900.0,having,-0.001800590267672201
v8,SQL,ocr_only,15,840.0,900.0,count,-0.0014046394772015455
v8,SQL,ocr_only,15,840.0,900.0,aggregate function,0.0003529896277095374
v8,SQL,ocr_only,15,840.0,900.0,join,-0.00098233824953848
v8,SQL,ocr_only,15,840.0,900.0,inner join,0.004202575677799967
v8,SQL,ocr_only,15,840.0,900.0,left join,0.0052455368512172185
v8,SQL,ocr_only,15,840.0,900.0,subquery,0.0016640610630088717
v8,SQL,ocr_only,15,840.0,900.0,order by,0.0006050143044133725
v8,SQL,ocr_only,16,900.0,960.0,select,-0.006519919009090238
v8,SQL,ocr_only,16,900.0,960.0,where,-0.03276543442979463
v8,SQL,ocr_only,16,900.0,960.0,group by,-0.010432349761067298
v8,SQL,ocr_only,16,900.0,960.0,having,-0.016999392121535426
v8,SQL,ocr_only,16,900.0,960.0,count,-0.0058799234713087884
v8,SQL,ocr_only,16,900.0,960.0,aggregate function,0.005084625842739442
v8,SQL,ocr_only,16,900.0,960.0,join,-0.0029402611506027703
v8,SQL,ocr_only,16,900.0,960.0,inner join,0.02585516919043493
v8,SQL,ocr_only,16,900.0,960.0,left join,0.007382276069578957
v8,SQL,ocr_only,16,900.0,960.0,subquery,0.004514363717869524
v8,SQL,ocr_only,16,900.0,960.0,order by,0.001112536561255979
v8,SQL,ocr_only,17,960.0,1020.0,select,-0.0074968453942745724
v8,SQL,ocr_only,17,960.0,1020.0,where,-0.018037294454940858
v8,SQL,ocr_only,17,960.0,1020.0,group by,-0.006917436047902571
v8,SQL,ocr_only,17,960.0,1020.0,having,-0.00920320094112064
v8,SQL,ocr_only,17,960.0,1020.0,count,-0.0005474942358604912
v8,SQL,ocr_only,17,960.0,1020.0,aggregate function,-0.0007891908330972503
v8,SQL,ocr_only,17,960.0,1020.0,join,-0.006754002990813618
v8,SQL,ocr_only,17,960.0,1020.0,inner join,0.013583802859104245
v8,SQL,ocr_only,17,960.0,1020.0,left join,0.0012171518640556973
v8,SQL,ocr_only,17,960.0,1020.0,subquery,0.0013712519500964659
v8,SQL,ocr_only,17,960.0,1020.0,order by,0.00968689207145005
v8,SQL,ocr_only,18,1020.0,1080.0,select,0.00667796616592168
v8,SQL,ocr_only,18,1020.0,1080.0,where,-0.11086752910388344
v8,SQL,ocr_only,18,1020.0,1080.0,group by,-0.009502822257496338
v8,SQL,ocr_only,18,1020.0,1080.0,having,-0.04321555097610441
v8,SQL,ocr_only,18,1020.0,1080.0,count,0.040778547955421934
v8,SQL,ocr_only,18,1020.0,1080.0,aggregate function,-0.020964182337680652
v8,SQL,ocr_only,18,1020.0,1080.0,join,-0.012424673029955143
v8,SQL,ocr_only,18,1020.0,1080.0,inner join,-0.006220441079317655
v8,SQL,ocr_only,18,1020.0,1080.0,left join,0.1497641548157544
v8,SQL,ocr_only,18,1020.0,1080.0,subquery,0.039446364878021244
v8,SQL,ocr_only,18,1020.0,1080.0,order by,-0.023589081117132867
v9,SQL,ocr_only,1,0.0,60.0,select,0.01393942536672132
v9,SQL,ocr_only,1,0.0,60.0,where,-0.035260297650003256
v9,SQL,ocr_only,1,0.0,60.0,group by,-0.008389340966514822
v9,SQL,ocr_only,1,0.0,60.0,having,0.01909933167426167
v9,SQL,ocr_only,1,0.0,60.0,count,0.25145180862886773
v9,SQL,ocr_only,1,0.0,60.0,aggregate function,0.15310626884395298
v9,SQL,ocr_only,1,0.0,60.0,join,0.1791256182563006
v9,SQL,ocr_only,1,0.0,60.0,inner join,0.015082480901050587
v9,SQL,ocr_only,1,0.0,60.0,left join,-0.0027879658518745573
v9,SQL,ocr_only,1,0.0,60.0,subquery,0.038812572716409276
v9,SQL,ocr_only,1,0.0,60.0,order by,0.0240464472596491
v9,SQL,ocr_only,2,60.0,120.0,select,-0.021780819910104103
v9,SQL,ocr_only,2,60.0,120.0,where,-0.03358741986863288
v9,SQL,ocr_only,2,60.0,120.0,group by,-0.012576582511628279
v9,SQL,ocr_only,2,60.0,120.0,having,-0.010647739083125496
v9,SQL,ocr_only,2,60.0,120.0,count,0.23251025190722915
v9,SQL,ocr_only,2,60.0,120.0,aggregate function,0.12686882730007873
v9,SQL,ocr_only,2,60.0,120.0,join,0.1688456212934397
v9,SQL,ocr_only,2,60.0,120.0,inner join,0.0074830801880605615
v9,SQL,ocr_only,2,60.0,120.0,left join,0.0003968025563170856
v9,SQL,ocr_only,2,60.0,120.0,subquery,0.0001699516537138316
v9,SQL,ocr_only,2,60.0,120.0,order by,-0.012395498273434186
v9,SQL,ocr_only,3,120.0,180.0,select,-0.01776558130667993
v9,SQL,ocr_only,3,120.0,180.0,where,-0.011885553440012828
v9,SQL,ocr_only,3,120.0,180.0,group by,0.039502965934780046
v9,SQL,ocr_only,3,120.0,180.0,having,0.022895621422944927
v9,SQL,ocr_only,3,120.0,180.0,count,0.267378526375665
v9,SQL,ocr_only,3,120.0,180.0,aggregate function,0.156071694726267
v9,SQL,ocr_only,3,120.0,180.0,join,0.1737101445634025
v9,SQL,ocr_only,3,120.0,180.0,inner join,0.006525148290206022
v9,SQL,ocr_only,3,120.0,180.0,left join,-0.0018274712594957547
v9,SQL,ocr_only,3,120.0,180.0,subquery,-0.0022196461611526707
v9,SQL,ocr_only,3,120.0,180.0,order by,0.020847683478849223
v9,SQL,ocr_only,4,180.0,240.0,select,0.30254746448309544
v9,SQL,ocr_only,4,180.0,240.0,where,0.24173644829693333
v9,SQL,ocr_only,4,180.0,240.0,group by,0.1914963421395134
v9,SQL,ocr_only,4,180.0,240.0,having,-0.007567165592560331
v9,SQL,ocr_only,4,180.0,240.0,count,0.12920132299804335
v9,SQL,ocr_only,4,180.0,240.0,aggregate function,-0.015334393612406225
v9,SQL,ocr_only,4,180.0,240.0,join,0.2635193429532412
v9,SQL,ocr_only,4,180.0,240.0,inner join,0.2634284312158853
v9,SQL,ocr_only,4,180.0,240.0,left join,0.26259909615328536
v9,SQL,ocr_only,4,180.0,240.0,subquery,0.0019121152679687338
v9,SQL,ocr_only,4,180.0,240.0,order by,-0.007959674883758922
v9,SQL,ocr_only,5,240.0,300.0,select,0.2580545626800159
v9,SQL,ocr_only,5,240.0,300.0,where,0.17652655616964208
v9,SQL,ocr_only,5,240.0,300.0,group by,0.14877270579420468
v9,SQL,ocr_only,5,240.0,300.0,having,-0.007764719216538869
v9,SQL,ocr_only,5,240.0,300.0,count,0.147577914297709
v9,SQL,ocr_only,5,240.0,300.0,aggregate function,0.04340728308468936
v9,SQL,ocr_only,5,240.0,300.0,join,0.1793989539285292
v9,SQL,ocr_only,5,240.0,300.0,inner join,0.18363393140577738
v9,SQL,ocr_only,5,240.0,300.0,left join,0.21116379054459483
v9,SQL,ocr_only,5,240.0,300.0,subquery,-0.0008912787841326272
v9,SQL,ocr_only,5,240.0,300.0,order by,-0.009114375518701692
v9,SQL,ocr_only,6,300.0,360.0,select,0.24880749179518294
v9,SQL,ocr_only,6,300.0,360.0,where,0.16612541300815414
v9,SQL,ocr_only,6,300.0,360.0,group by,0.1389744296754939
v9,SQL,ocr_only,6,300.0,360.0,having,-0.010164125652156453
v9,SQL,ocr_only,6,300.0,360.0,count,0.14273390813828904
v9,SQL,ocr_only,6,300.0,360.0,aggregate function,0.04337673697692467
v9,SQL,ocr_only,6,300.0,360.0,join,0.16294992348993406
v9,SQL,ocr_only,6,300.0,360.0,inner join,0.16858621514527727
v9,SQL,ocr_only,6,300.0,360.0,left join,0.2018738580838764
v9,SQL,ocr_only,6,300.0,360.0,subquery,-0.004001709499462018
v9,SQL,ocr_only,6,300.0,360.0,order by,-0.015019465712817004
v9,SQL,ocr_only,7,360.0,420.0,select,0.05651539753983692
v9,SQL,ocr_only,7,360.0,420.0,where,-0.0353389301563324
v9,SQL,ocr_only,7,360.0,420.0,group by,0.09858708196793436
v9,SQL,ocr_only,7,360.0,420.0,having,-0.047736134065956046
v9,SQL,ocr_only,7,360.0,420.0,count,0.07476797130831239
v9,SQL,ocr_only,7,360.0,420.0,aggregate function,0.2873545148496621
v9,SQL,ocr_only,7,360.0,420.0,join,-0.027594752351296988
v9,SQL,ocr_only,7,360.0,420.0,inner join,-0.01917512643303712
v9,SQL,ocr_only,7,360.0,420.0,left join,-0.013745276100878685
v9,SQL,ocr_only,7,360.0,420.0,subquery,0.007889713286006959
v9,SQL,ocr_only,7,360.0,420.0,order by,0.06275473285871253
v9,SQL,ocr_only,8,420.0,480.0,select,0.05520335103477556
v9,SQL,ocr_only,8,420.0,480.0,where,-0.036769026296672204
v9,SQL,ocr_only,8,420.0,480.0,group by,0.07996135788550422
v9,SQL,ocr_only,8,420.0,480.0,having,-0.044358169834182136
v9,SQL,ocr_only,8,420.0,480.0,count,0.07610711985450819
v9,SQL,ocr_only,8,420.0,480.0,aggregate function,0.2736710542508658
v9,SQL,ocr_only,8,420.0,480.0,join,-0.04205001802066198
v9,SQL,ocr_only,8,420.0,480.0,inner join,-0.030649958407625476
v9,SQL,ocr_only,8,420.0,480.0,left join,-0.006551824723478241
v9,SQL,ocr_only,8,420.0,480.0,subquery,0.0006147836287156602
v9,SQL,ocr_only,8,420.0,480.0,order by,0.04322291324506641
v9,SQL,ocr_only,9,480.0,540.0,select,0.11358249332729724
v9,SQL,ocr_only,9,480.0,540.0,where,0.013642315694143172
v9,SQL,ocr_only,9,480.0,540.0,group by,0.07197628222518677
v9,SQL,ocr_only,9,480.0,540.0,having,0.04142150162035931
v9,SQL,ocr_only,9,480.0,540.0,count,0.029887562921934088
v9,SQL,ocr_only,9,480.0,540.0,aggregate function,-0.01152942652598256
v9,SQL,ocr_only,9,480.0,540.0,join,-0.024783885811964695
v9,SQL,ocr_only,9,480.0,540.0,inner join,-0.02632779039604868
v9,SQL,ocr_only,9,480.0,540.0,left join,0.007748960671245415
v9,SQL,ocr_only,9,480.0,540.0,subquery,-0.011044993034455768
v9,SQL,ocr_only,9,480.0,540.0,order by,0.10623149958146745
v9,SQL,ocr_only,10,540.0,600.0,select,0.08022096298190354
v9,SQL,ocr_only,10,540.0,600.0,where,0.009713163759610842
v9,SQL,ocr_only,10,540.0,600.0,group by,0.10178720429028193
v9,SQL,ocr_only,10,540.0,600.0,having,0.02628614463108596
v9,SQL,ocr_only,10,540.0,600.0,count,0.026605489424941044
v9,SQL,ocr_only,10,540.0,600.0,aggregate function,0.029194946873985054
v9,SQL,ocr_only,10,540.0,600.0,join,-0.004422551064950711
v9,SQL,ocr_only,10,540.0,600.0,inner join,-0.011851967929605363
v9,SQL,ocr_only,10,540.0,600.0,left join,-0.017278412500340984
v9,SQL,ocr_only,10,540.0,600.0,subquery,-0.007610747110988517
v9,SQL,ocr_only,10,540.0,600.0,order by,0.139533847839791
v9,SQL,ocr_only,11,600.0,660.0,select,0.09609182375121286
v9,SQL,ocr_only,11,600.0,660.0,where,0.013869575598805228
v9,SQL,ocr_only,11,600.0,660.0,group by,0.13024064590572554
v9,SQL,ocr_only,11,600.0,660.0,having,0.012562560248584785
v9,SQL,ocr_only,11,600.0,660.0,count,0.01476537763496346
v9,SQL,ocr_only,11,600.0,660.0,aggregate function,-0.04099546668616419
v9,SQL,ocr_only,11,600.0,660.0,join,0.024945459111789227
v9,SQL,ocr_only,11,600.0,660.0,inner join,0.011835809834105041
v9,SQL,ocr_only,11,600.0,660.0,left join,-0.009573754663543203
v9,SQL,ocr_only,11,600.0,660.0,subquery,-0.0006742320380519245
v9,SQL,ocr_only,11,600.0,660.0,order by,0.1694652741091666
v9,SQL,ocr_only,12,660.0,720.0,select,0.08255242245621391
v9,SQL,ocr_only,12,660.0,720.0,where,-0.0007070495244843067
v9,SQL,ocr_only,12,660.0,720.0,group by,0.1063139005479237
v9,SQL,ocr_only,12,660.0,720.0,having,0.011432319077649146
v9,SQL,ocr_only,12,660.0,720.0,count,0.020309027816088537
v9,SQL,ocr_only,12,660.0,720.0,aggregate function,-0.015494667964329802
v9,SQL,ocr_only,12,660.0,720.0,join,0.0033278702492080866
v9,SQL,ocr_only,12,660.0,720.0,inner join,0.0007106929356776984
v9,SQL,ocr_only,12,660.0,720.0,left join,-0.01003107173446147
v9,SQL,ocr_only,12,660.0,720.0,subquery,-0.008513568121340036
v9,SQL,ocr_only,12,660.0,720.0,order by,0.15610614971158873
v10,SQL,ocr_only,1,0.0,60.0,select,0.3109418727452002
v10,SQL,ocr_only,1,0.0,60.0,where,-0.015542990737187675
v10,SQL,ocr_only,1,0.0,60.0,group by,0.09977233846008457
v10,SQL,ocr_only,1,0.0,60.0,having,0.025625006466597707
v10,SQL,ocr_only,1,0.0,60.0,count,0.028002141394423346
v10,SQL,ocr_only,1,0.0,60.0,aggregate function,0.029003167616202627
v10,SQL,ocr_only,1,0.0,60.0,join,-0.04097292573380168
v10,SQL,ocr_only,1,0.0,60.0,inner join,-0.014102923865558762
v10,SQL,ocr_only,1,0.0,60.0,left join,-0.018204323452873924
v10,SQL,ocr_only,1,0.0,60.0,subquery,0.027781579934144478
v10,SQL,ocr_only,1,0.0,60.0,order by,-0.025001069917300823
v10,SQL,ocr_only,2,60.0,120.0,select,0.2948251848339934
v10,SQL,ocr_only,2,60.0,120.0,where,0.004398887241237251
v10,SQL,ocr_only,2,60.0,120.0,group by,0.25116781710152064
v10,SQL,ocr_only,2,60.0,120.0,having,0.014245014757073213
v10,SQL,ocr_only,2,60.0,120.0,count,0.006012600956237605
v10,SQL,ocr_only,2,60.0,120.0,aggregate function,0.007747737690720977
v10,SQL,ocr_only,2,60.0,120.0,join,-0.015796093846412763
v10,SQL,ocr_only,2,60.0,120.0,inner join,-0.005340144648252796
v10,SQL,ocr_only,2,60.0,120.0,left join,-0.0039363553716606995
v10,SQL,ocr_only,2,60.0,120.0,subquery,0.009780619523909876
v10,SQL,ocr_only,2,60.0,120.0,order by,0.03545647394993181
v10,SQL,ocr_only,3,120.0,180.0,select,0.24789107826629928
v10,SQL,ocr_only,3,120.0,180.0,where,0.004670453496901532
v10,SQL,ocr_only,3,120.0,180.0,group by,0.34099192060784844
v10,SQL,ocr_only,3,120.0,180.0,having,-0.011171915141277676
v10,SQL,ocr_only,3,120.0,180.0,count,-0.0039209989982951715
v10,SQL,ocr_only,3,120.0,180.0,aggregate function,-0.005956975037209583
v10,SQL,ocr_only,3,120.0,180.0,join,-0.01919058137227731
v10,SQL,ocr_only,3,120.0,180.0,inner join,-0.02433093466624825
v10,SQL,ocr_only,3,120.0,180.0,left join,0.014046234151109336
v10,SQL,ocr_only,3,120.0,180.0,subquery,-0.01725106774263363
v10,SQL,ocr_only,3,120.0,180.0,order by,0.061811832550222094
v10,SQL,ocr_only,4,180.0,240.0,select,0.2912326188896465
v10,SQL,ocr_only,4,180.0,240.0,where,0.0071123172910519394
v10,SQL,ocr_only,4,180.0,240.0,group by,0.36347146904285565
v10,SQL,ocr_only,4,180.0,240.0,having,0.02634685355340119
v10,SQL,ocr_only,4,180.0,240.0,count,0.001151730213513012
v10,SQL,ocr_only,4,180.0,240.0,aggregate function,-0.0077924724198216696
v10,SQL,ocr_only,4,180.0,240.0,join,-0.0049850724564739456
v10,SQL,ocr_only,4,180.0,240.0,inner join,-0.0077444458740728505
v10,SQL,ocr_only,4,180.0,240.0,left join,0.011406250759592191
v10,SQL,ocr_only,4,180.0,240.0,subquery,0.0018027441522635382
v10,SQL,ocr_only,4,180.0,240.0,order by,0.08072953425065668
v10,SQL,ocr_only,5,240.0,300.0,select,0.21501157938398105
v10,SQL,ocr_only,5,240.0,300.0,where,0.004120465527323584
v10,SQL,ocr_only,5,240.0,300.0,group by,0.5926694870561434
v10,SQL,ocr_only,5,240.0,300.0,having,-0.0071095611946899945
v10,SQL,ocr_only,5,240.0,300.0,count,0.04569218786486951
v10,SQL,ocr_only,5,240.0,300.0,aggregate function,0.04173891864503568
v10,SQL,ocr_only,5,240.0,300.0,join,0.023126723168340694
v10,SQL,ocr_only,5,240.0,300.0,inner join,-0.010752829395539535
v10,SQL,ocr_only,5,240.0,300.0,left join,0.0008371284724275099
v10,SQL,ocr_only,5,240.0,300.0,subquery,-0.03775736666302822
v10,SQL,ocr_only,5,240.0,300.0,order by,0.17328017917788574
v10,SQL,ocr_only,6,300.0,360.0,select,0.04147052715707601
v10,SQL,ocr_only,6,300.0,360.0,where,0.021035778772114985
v10,SQL,ocr_only,6,300.0,360.0,group by,0.02515933601465578
v10,SQL,ocr_only,6,300.0,360.0,having,0.08012557073652422
v10,SQL,ocr_only,6,300.0,360.0,count,-0.009566490312144436
v10,SQL,ocr_only,6,300.0,360.0,aggregate function,0.0931603794778403
v10,SQL,ocr_only,6,300.0,360.0,join,-0.008580278198737284
v10,SQL,ocr_only,6,300.0,360.0,inner join,-0.003877383428738222
v10,SQL,ocr_only,6,300.0,360.0,left join,0.026184033201580456
v10,SQL,ocr_only,6,300.0,360.0,subquery,0.0009848574244578291
v10,SQL,ocr_only,6,300.0,360.0,order by,0.01084275576197347
v10,SQL,ocr_only,7,360.0,420.0,select,0.0644192738869704
v10,SQL,ocr_only,7,360.0,420.0,where,0.012186972574344819
v10,SQL,ocr_only,7,360.0,420.0,group by,0.06510698068234656
v10,SQL,ocr_only,7,360.0,420.0,having,0.03671012479503079
v10,SQL,ocr_only,7,360.0,420.0,count,-0.0108840085500544
v10,SQL,ocr_only,7,360.0,420.0,aggregate function,0.08499920227423977
v10,SQL,ocr_only,7,360.0,420.0,join,0.00868234228193549
v10,SQL,ocr_only,7,360.0,420.0,inner join,0.008506826268946513
v10,SQL,ocr_only,7,360.0,420.0,left join,0.04651677593518698
v10,SQL,ocr_only,7,360.0,420.0,subquery,0.0013007017420714338
v10,SQL,ocr_only,7,360.0,420.0,order by,0.02193439685648389
v10,SQL,ocr_only,8,420.0,480.0,select,0.028003173035636205
v10,SQL,ocr_only,8,420.0,480.0,where,0.006452862492194906
v10,SQL,ocr_only,8,420.0,480.0,group by,0.0594080648999169
v10,SQL,ocr_only,8,420.0,480.0,having,0.02819732817733424
v10,SQL,ocr_only,8,420.0,480.0,count,0.028590583272389294
v10,SQL,ocr_only,8,420.0,480.0,aggregate function,0.0668806025778207
v10,SQL,ocr_only,8,420.0,480.0,join,-0.0036557604111650656
v10,SQL,ocr_only,8,420.0,480.0,inner join,0.005051366473652166
v10,SQL,ocr_only,8,420.0,480.0,left join,0.025637557688854132
v10,SQL,ocr_only,8,420.0,480.0,subquery,0.009003077502312013
v10,SQL,ocr_only,8,420.0,480.0,order by,0.01592291690237572
v10,SQL,ocr_only,9,480.0,540.0,select,0.02177921209347787
v10,SQL,ocr_only,9,480.0,540.0,where,0.0060357624753152326
v10,SQL,ocr_only,9,480.0,540.0,group by,0.16624713880455014
v10,SQL,ocr_only,9,480.0,540.0,having,0.01597530762302093
v10,SQL,ocr_only,9,480.0,540.0,count,0.060251911601686754
v10,SQL,ocr_only,9,480.0,540.0,aggregate function,0.0812866358280789
v10,SQL,ocr_only,9,480.0,540.0,join,0.005605536830692316
v10,SQL,ocr_only,9,480.0,540.0,inner join,0.005897012730856275
v10,SQL,ocr_only,9,480.0,540.0,left join,0.024171497681574988
v10,SQL,ocr_only,9,480.0,540.0,subquery,0.0012622883429522181
v10,SQL,ocr_only,9,480.0,540.0,order by,0.05641305598980339
v10,SQL,ocr_only,10,540.0,600.0,select,0.04574538746137002
v10,SQL,ocr_only,10,540.0,600.0,where,0.009588421941406187
v10,SQL,ocr_only,10,540.0,600.0,group by,0.12495950575336698
v10,SQL,ocr_only,10,540.0,600.0,having,0.028162857113186005
v10,SQL,ocr_only,10,540.0,600.0,count,0.013969279002007413
v10,SQL,ocr_only,10,540.0,600.0,aggregate function,0.07841268779473742
v10,SQL,ocr_only,10,540.0,600.0,join,0.005736825839723058
v10,SQL,ocr_only,10,540.0,600.0,inner join,0.005807804680231666
v10,SQL,ocr_only,10,540.0,600.0,left join,0.04289636561645655
v10,SQL,ocr_only,10,540.0,600.0,subquery,0.0008544052480806151
v10,SQL,ocr_only,10,540.0,600.0,order by,0.04357571406973877
v10,SQL,ocr_only,11,600.0,660.0,select,-0.009652748236849137
v10,SQL,ocr_only,11,600.0,660.0,where,0.0024516279100625254
v10,SQL,ocr_only,11,600.0,660.0,group by,0.08499801919540276
v10,SQL,ocr_only,11,600.0,660.0,having,0.016778303182234437
v10,SQL,ocr_only,11,600.0,660.0,count,0.009216336513087007
v10,SQL,ocr_only,11,600.0,660.0,aggregate function,-0.005885425715436483
v10,SQL,ocr_only,11,600.0,660.0,join,-0.007633680110203377
v10,SQL,ocr_only,11,600.0,660.0,inner join,-0.0036512671643983514
v10,SQL,ocr_only,11,600.0,660.0,left join,-0.010472670489846542
v10,SQL,ocr_only,11,600.0,660.0,subquery,0.00030772209939270497
v10,SQL,ocr_only,11,600.0,660.0,order by,0.01718685987710653
v10,SQL,ocr_only,12,660.0,720.0,select,0.023174699776885847
v10,SQL,ocr_only,12,660.0,720.0,where,-0.005760622279635198
v10,SQL,ocr_only,12,660.0,720.0,group by,0.27215664990009997
v10,SQL,ocr_only,12,660.0,720.0,having,-0.00621962217437237
v10,SQL,ocr_only,12,660.0,720.0,count,-0.021228955748626325
v10,SQL,ocr_only,12,660.0,720.0,aggregate function,0.0062173550434495625
v10,SQL,ocr_only,12,660.0,720.0,join,0.009519594138822423
v10,SQL,ocr_only,12,660.0,720.0,inner join,0.0018063614477731378
v10,SQL,ocr_only,12,660.0,720.0,left join,0.01755820689828876
v10,SQL,ocr_only,12,660.0,720.0,subquery,-0.013554273601351599
v10,SQL,ocr_only,12,660.0,720.0,order by,0.10271646546198482
v10,SQL,ocr_only,13,720.0,780.0,select,0.020589493312193882
v10,SQL,ocr_only,13,720.0,780.0,where,-0.007358958502068932
v10,SQL,ocr_only,13,720.0,780.0,group by,0.2997346301746745
v10,SQL,ocr_only,13,720.0,780.0,having,-0.006823572445291638
v10,SQL,ocr_only,13,720.0,780.0,count,-0.015273684811904624
v10,SQL,ocr_only,13,720.0,780.0,aggregate function,0.0014249303335556404
v10,SQL,ocr_only,13,720.0,780.0,join,0.009225296559424188
v10,SQL,ocr_only,13,720.0,780.0,inner join,-0.0010761109911376966
v10,SQL,ocr_only,13,720.0,780.0,left join,0.022643209151960116
v10,SQL,ocr_only,13,720.0,780.0,subquery,-0.015188601729475696
v10,SQL,ocr_only,13,720.0,780.0,order by,0.11618942242063639
v10,SQL,ocr_only,14,780.0,840.0,select,-0.004021015755464115
v10,SQL,ocr_only,14,780.0,840.0,where,-0.005872986689035263
v10,SQL,ocr_only,14,780.0,840.0,group by,0.18439995358538624
v10,SQL,ocr_only,14,780.0,840.0,having,0.008021974750100178
v10,SQL,ocr_only,14,780.0,840.0,count,0.013318381470061686
v10,SQL,ocr_only,14,780.0,840.0,aggregate function,-0.014657410046214044
v10,SQL,ocr_only,14,780.0,840.0,join,-0.002088018283984503
v10,SQL,ocr_only,14,780.0,840.0,inner join,-0.005523561089507577
v10,SQL,ocr_only,14,780.0,840.0,left join,-0.008573718264343198
v10,SQL,ocr_only,14,780.0,840.0,subquery,-0.0038719679016051747
v10,SQL,ocr_only,14,780.0,840.0,order by,0.06940073937154227
v10,SQL,ocr_only,15,840.0,900.0,select,0.04046537528782318
v10,SQL,ocr_only,15,840.0,900.0,where,0.03465323174202272
v10,SQL,ocr_only,15,840.0,900.0,group by,0.056373317902701545
v10,SQL,ocr_only,15,840.0,900.0,having,0.0788136999230611
v10,SQL,ocr_only,15,840.0,900.0,count,0.06072104655645504
v10,SQL,ocr_only,15,840.0,900.0,aggregate function,0.11588245756203001
v10,SQL,ocr_only,15,840.0,900.0,join,0.0004211493178155719
v10,SQL,ocr_only,15,840.0,900.0,inner join,0.00743454461047593
v10,SQL,ocr_only,15,840.0,900.0,left join,0.027389240498505895
v10,SQL,ocr_only,15,840.0,900.0,subquery,0.009895014790109674
v10,SQL,ocr_only,15,840.0,900.0,order by,0.020257247941912627
v10,SQL,ocr_only,16,900.0,960.0,select,-0.0051690301799250105
v10,SQL,ocr_only,16,900.0,960.0,where,0.02322658926514394
v10,SQL,ocr_only,16,900.0,960.0,group by,0.1293958304924217
v10,SQL,ocr_only,16,900.0,960.0,having,0.05367015125833128
v10,SQL,ocr_only,16,900.0,960.0,count,0.1589417158869609
v10,SQL,ocr_only,16,900.0,960.0,aggregate function,0.12936748818764687
v10,SQL,ocr_only,16,900.0,960.0,join,-0.0018351041756355588
v10,SQL,ocr_only,16,900.0,960.0,inner join,-0.0031691450326602408
v10,SQL,ocr_only,16,900.0,960.0,left join,0.009919095480500975
v10,SQL,ocr_only,16,900.0,960.0,subquery,0.0024470855382156265
v10,SQL,ocr_only,16,900.0,960.0,order by,0.044848317971670104
v10,SQL,ocr_only,17,960.0,1020.0,select,0.015745005050981444
v10,SQL,ocr_only,17,960.0,1020.0,where,0.01817308968505801
v10,SQL,ocr_only,17,960.0,1020.0,group by,0.07058863629415364
v10,SQL,ocr_only,17,960.0,1020.0,having,0.05974617053197759
v10,SQL,ocr_only,17,960.0,1020.0,count,0.02069916049637982
v10,SQL,ocr_only,17,960.0,1020.0,aggregate function,0.03491488100267033
v10,SQL,ocr_only,17,960.0,1020.0,join,-0.008439607956027726
v10,SQL,ocr_only,17,960.0,1020.0,inner join,-0.0012737599485493558
v10,SQL,ocr_only,17,960.0,1020.0,left join,0.006176453528903237
v10,SQL,ocr_only,17,960.0,1020.0,subquery,0.010324729692999305
v10,SQL,ocr_only,17,960.0,1020.0,order by,0.028751615276892635
v10,SQL,ocr_only,18,1020.0,1080.0,select,0.001768451801607553
v10,SQL,ocr_only,18,1020.0,1080.0,where,0.017984359130570945
v10,SQL,ocr_only,18,1020.0,1080.0,group by,0.15360607583709623
v10,SQL,ocr_only,18,1020.0,1080.0,having,0.05902910788686672
v10,SQL,ocr_only,18,1020.0,1080.0,count,0.02117342865250491
v10,SQL,ocr_only,18,1020.0,1080.0,aggregate function,-0.0177896160852519
v10,SQL,ocr_only,18,1020.0,1080.0,join,-0.007979917216752069
v10,SQL,ocr_only,18,1020.0,1080.0,inner join,-0.010368025797606477
v10,SQL,ocr_only,18,1020.0,1080.0,left join,-0.022436947391448827
v10,SQL,ocr_only,18,1020.0,1080.0,subquery,-0.0032831947290926583
v10,SQL,ocr_only,18,1020.0,1080.0,order by,0.06642893673398437
v10,SQL,ocr_only,19,1080.0,1140.0,select,0.04219373620241858
v10,SQL,ocr_only,19,1080.0,1140.0,where,0.04174831027380655
v10,SQL,ocr_only,19,1080.0,1140.0,group by,0.15033042938478727
v10,SQL,ocr_only,19,1080.0,1140.0,having,0.09976589572643171
v10,SQL,ocr_only,19,1080.0,1140.0,count,0.0016203034670107155
v10,SQL,ocr_only,19,1080.0,1140.0,aggregate function,0.046902607267290966
v10,SQL,ocr_only,19,1080.0,1140.0,join,-0.0011706734045329177
v10,SQL,ocr_only,19,1080.0,1140.0,inner join,-0.0006008573011283172
v10,SQL,ocr_only,19,1080.0,1140.0,left join,0.012227400605309583
v10,SQL,ocr_only,19,1080.0,1140.0,subquery,0.0015753806894209575
v10,SQL,ocr_only,19,1080.0,1140.0,order by,0.07273117221315903
v10,SQL,ocr_only,20,1140.0,1200.0,select,-0.00023904133351882256
v10,SQL,ocr_only,20,1140.0,1200.0,where,0.0037858132513357893
v10,SQL,ocr_only,20,1140.0,1200.0,group by,0.09597863920018047
v10,SQL,ocr_only,20,1140.0,1200.0,having,0.027227638054249246
v10,SQL,ocr_only,20,1140.0,1200.0,count,0.017590572163599116
v10,SQL,ocr_only,20,1140.0,1200.0,aggregate function,-0.0010032669789847397
v10,SQL,ocr_only,20,1140.0,1200.0,join,-0.008784558576546059
v10,SQL,ocr_only,20,1140.0,1200.0,inner join,-0.0018276552369628004
v10,SQL,ocr_only,20,1140.0,1200.0,left join,-0.007811916910550985
v10,SQL,ocr_only,20,1140.0,1200.0,subquery,0.011936336713430968
v10,SQL,ocr_only,20,1140.0,1200.0,order by,0.03814428878900712
v10,SQL,ocr_only,21,1200.0,1260.0,select,0.03337244618828897
v10,SQL,ocr_only,21,1200.0,1260.0,where,0.003339693454161716
v10,SQL,ocr_only,21,1200.0,1260.0,group by,0.1884968081666581
v10,SQL,ocr_only,21,1200.0,1260.0,having,0.01657807767507361
v10,SQL,ocr_only,21,1200.0,1260.0,count,-0.0074101956691909705
v10,SQL,ocr_only,21,1200.0,1260.0,aggregate function,0.03278483490959975
v10,SQL,ocr_only,21,1200.0,1260.0,join,0.0041635484758295385
v10,SQL,ocr_only,21,1200.0,1260.0,inner join,0.001631938397775088
v10,SQL,ocr_only,21,1200.0,1260.0,left join,0.01806398397543926
v10,SQL,ocr_only,21,1200.0,1260.0,subquery,-0.006376146272170054
v10,SQL,ocr_only,21,1200.0,1260.0,order by,0.07020750307497214
v11,SQL,ocr_only,1,0.0,60.0,select,-0.08517389285364778
v11,SQL,ocr_only,1,0.0,60.0,where,-0.06592199156132467
v11,SQL,ocr_only,1,0.0,60.0,group by,-0.04231450452672881
v11,SQL,ocr_only,1,0.0,60.0,having,0.005743767590006882
v11,SQL,ocr_only,1,0.0,60.0,count,0.09858398652098152
v11,SQL,ocr_only,1,0.0,60.0,aggregate function,0.06400123663948304
v11,SQL,ocr_only,1,0.0,60.0,join,-0.04816673777024784
v11,SQL,ocr_only,1,0.0,60.0,inner join,-0.014905128534673228
v11,SQL,ocr_only,1,0.0,60.0,left join,0.2153629923593285
v11,SQL,ocr_only,1,0.0,60.0,subquery,-0.03638550787095151
v11,SQL,ocr_only,1,0.0,60.0,order by,-0.10180450738707884
v12,SQL,ocr_only,1,0.0,60.0,select,-0.04580821529990496
v12,SQL,ocr_only,1,0.0,60.0,where,-0.0373420519911801
v12,SQL,ocr_only,1,0.0,60.0,group by,0.005652639965226452
v12,SQL,ocr_only,1,0.0,60.0,having,-0.04339218156582803
v12,SQL,ocr_only,1,0.0,60.0,count,0.02890531646091739
v12,SQL,ocr_only,1,0.0,60.0,aggregate function,0.1141492137669139
v12,SQL,ocr_only,1,0.0,60.0,join,0.04362321070791823
v12,SQL,ocr_only,1,0.0,60.0,inner join,0.09547002171002607
v12,SQL,ocr_only,1,0.0,60.0,left join,0.029993659924133848
v12,SQL,ocr_only,1,0.0,60.0,subquery,-0.0071390302481948165
v12,SQL,ocr_only,1,0.0,60.0,order by,-0.03527156465433686
v13,SQL,ocr_only,1,0.0,60.0,select,0.25793454688139533
v13,SQL,ocr_only,1,0.0,60.0,where,-0.04602909767584615
v13,SQL,ocr_only,1,0.0,60.0,group by,0.04887848294999627
v13,SQL,ocr_only,1,0.0,60.0,having,-0.048350755545326606
v13,SQL,ocr_only,1,0.0,60.0,count,0.06841189245464445
v13,SQL,ocr_only,1,0.0,60.0,aggregate function,-0.009519313391236229
v13,SQL,ocr_only,1,0.0,60.0,join,0.2874223809050121
v13,SQL,ocr_only,1,0.0,60.0,inner join,0.33708494213170215
v13,SQL,ocr_only,1,0.0,60.0,left join,0.7444631333181755
v13,SQL,ocr_only,1,0.0,60.0,subquery,0.44127318245275515
v13,SQL,ocr_only,1,0.0,60.0,order by,0.22888945845851696
v13,SQL,ocr_only,2,60.0,120.0,select,0.31290240712821027
v13,SQL,ocr_only,2,60.0,120.0,where,0.013489477879166486
v13,SQL,ocr_only,2,60.0,120.0,group by,-0.0011314791241150521
v13,SQL,ocr_only,2,60.0,120.0,having,-0.0063970354908619185
v13,SQL,ocr_only,2,60.0,120.0,count,-0.033285165353625294
v13,SQL,ocr_only,2,60.0,120.0,aggregate function,-0.06356185735458758
v13,SQL,ocr_only,2,60.0,120.0,join,-0.02621919572927393
v13,SQL,ocr_only,2,60.0,120.0,inner join,-0.02509430240809262
v13,SQL,ocr_only,2,60.0,120.0,left join,-0.006631208512420698
v13,SQL,ocr_only,2,60.0,120.0,subquery,0.0012832105585641289
v13,SQL,ocr_only,2,60.0,120.0,order by,-0.021269151222867013
v13,SQL,ocr_only,3,120.0,180.0,select,0.10520960475078724
v13,SQL,ocr_only,3,120.0,180.0,where,0.11637593596111014
v13,SQL,ocr_only,3,120.0,180.0,group by,0.3615324666555202
v13,SQL,ocr_only,3,120.0,180.0,having,0.08100636863802925
v13,SQL,ocr_only,3,120.0,180.0,count,0.013974446473271368
v13,SQL,ocr_only,3,120.0,180.0,aggregate function,0.04095373137146548
v13,SQL,ocr_only,3,120.0,180.0,join,0.021969905432458654
v13,SQL,ocr_only,3,120.0,180.0,inner join,-0.021062064428682643
v13,SQL,ocr_only,3,120.0,180.0,left join,0.021060333080179367
v13,SQL,ocr_only,3,120.0,180.0,subquery,0.038934496075866784
v13,SQL,ocr_only,3,120.0,180.0,order by,0.3058163157614373
v13,SQL,ocr_only,4,180.0,240.0,select,0.05916295528393645
v13,SQL,ocr_only,4,180.0,240.0,where,-0.04168345719501631
v13,SQL,ocr_only,4,180.0,240.0,group by,0.1561839156156524
v13,SQL,ocr_only,4,180.0,240.0,having,-0.017443609696280088
v13,SQL,ocr_only,4,180.0,240.0,count,-0.04365184879991142
v13,SQL,ocr_only,4,180.0,240.0,aggregate function,-0.004648937056824637
v13,SQL,ocr_only,4,180.0,240.0,join,-0.003950077226614947
v13,SQL,ocr_only,4,180.0,240.0,inner join,0.004106429493106688
v13,SQL,ocr_only,4,180.0,240.0,left join,0.06017798178364047
v13,SQL,ocr_only,4,180.0,240.0,subquery,0.007870949922822602
v13,SQL,ocr_only,4,180.0,240.0,order by,0.2001222381054319
v13,SQL,ocr_only,5,240.0,300.0,select,0.08027231397920541
v13,SQL,ocr_only,5,240.0,300.0,where,0.12762136868981327
v13,SQL,ocr_only,5,240.0,300.0,group by,0.03263892911418932
v13,SQL,ocr_only,5,240.0,300.0,having,0.029518770427330844
v13,SQL,ocr_only,5,240.0,300.0,count,0.020820624057821594
v13,SQL,ocr_only,5,240.0,300.0,aggregate function,0.0077755293376561875
v13,SQL,ocr_only,5,240.0,300.0,join,-0.006828766670162206
v13,SQL,ocr_only,5,240.0,300.0,inner join,-0.016194145394098865
v13,SQL,ocr_only,5,240.0,300.0,left join,0.03530572957522365
v13,SQL,ocr_only,5,240.0,300.0,subquery,0.001367199199929873
v13,SQL,ocr_only,5,240.0,300.0,order by,0.08936327850835263
v13,SQL,ocr_only,6,300.0,360.0,select,0.05659245583167285
v13,SQL,ocr_only,6,300.0,360.0,where,0.022545426461696126
v13,SQL,ocr_only,6,300.0,360.0,group by,0.10051041559862413
v13,SQL,ocr_only,6,300.0,360.0,having,-0.00402082724908427
v13,SQL,ocr_only,6,300.0,360.0,count,-0.01799419591207321
v13,SQL,ocr_only,6,300.0,360.0,aggregate function,0.018047717758538133
v13,SQL,ocr_only,6,300.0,360.0,join,-0.03187298569499339
v13,SQL,ocr_only,6,300.0,360.0,inner join,-0.041383525726063006
v13,SQL,ocr_only,6,300.0,360.0,left join,-0.005848123435825024
v13,SQL,ocr_only,6,300.0,360.0,subquery,0.009663530072462944
v13,SQL,ocr_only,6,300.0,360.0,order by,0.16149859538573724
v13,SQL,ocr_only,7,360.0,420.0,select,0.03745186344119707
v13,SQL,ocr_only,7,360.0,420.0,where,-0.0431853601609001
v13,SQL,ocr_only,7,360.0,420.0,group by,0.2228240584560711
v13,SQL,ocr_only,7,360.0,420.0,having,-0.03860824616096005
v13,SQL,ocr_only,7,360.0,420.0,count,-0.03368566350352792
v13,SQL,ocr_only,7,360.0,420.0,aggregate function,0.028446286255851407
v13,SQL,ocr_only,7,360.0,420.0,join,-0.025049040308401622
v13,SQL,ocr_only,7,360.0,420.0,inner join,-0.037762372332398556
v13,SQL,ocr_only,7,360.0,420.0,left join,-0.002289166347283558
v13,SQL,ocr_only,7,360.0,420.0,subquery,-0.003314635361559187
v13,SQL,ocr_only,7,360.0,420.0,order by,0.20633979922064954
v13,SQL,ocr_only,8,420.0,480.0,select,0.0003226655969346904
v13,SQL,ocr_only,8,420.0,480.0,where,-0.020512268538546728
v13,SQL,ocr_only,8,420.0,480.0,group by,0.18349747559256474
v13,SQL,ocr_only,8,420.0,480.0,having,-0.002848274560073403
v13,SQL,ocr_only,8,420.0,480.0,count,-0.011355980486330018
v13,SQL,ocr_only,8,420.0,480.0,aggregate function,0.060391897489769523
v13,SQL,ocr_only,8,420.0,480.0,join,-0.003134720063370032
v13,SQL,ocr_only,8,420.0,480.0,inner join,-0.011239677657836037
v13,SQL,ocr_only,8,420.0,480.0,left join,-0.024544188423101902
v13,SQL,ocr_only,8,420.0,480.0,subquery,-0.020084340817891497
v13,SQL,ocr_only,8,420.0,480.0,order by,0.11669168190510057
v13,SQL,ocr_only,9,480.0,540.0,select,-0.01757331342372468
v13,SQL,ocr_only,9,480.0,540.0,where,0.018051094724510053
v13,SQL,ocr_only,9,480.0,540.0,group by,-0.014032351317440841
v13,SQL,ocr_only,9,480.0,540.0,having,0.10164370182674282
v13,SQL,ocr_only,9,480.0,540.0,count,0.008731642883837215
v13,SQL,ocr_only,9,480.0,540.0,aggregate function,0.06772410867101798
v13,SQL,ocr_only,9,480.0,540.0,join,0.01237848815815731
v13,SQL,ocr_only,9,480.0,540.0,inner join,0.032108829674930124
v13,SQL,ocr_only,9,480.0,540.0,left join,0.015176063857142631
v13,SQL,ocr_only,9,480.0,540.0,subquery,-0.0011620225641311844
v13,SQL,ocr_only,9,480.0,540.0,order by,0.012269019951875258
v13,SQL,ocr_only,10,540.0,600.0,select,-0.00998554539773886
v13,SQL,ocr_only,10,540.0,600.0,where,0.0770471363356644
v13,SQL,ocr_only,10,540.0,600.0,group by,0.017725817669362938
v13,SQL,ocr_only,10,540.0,600.0,having,0.12239668876415322
v13,SQL,ocr_only,10,540.0,600.0,count,0.024043787808001236
v13,SQL,ocr_only,10,540.0,600.0,aggregate function,0.06867613967412714
v13,SQL,ocr_only,10,540.0,600.0,join,0.045453647065480336
v13,SQL,ocr_only,10,540.0,600.0,inner join,0.05860998058217481
v13,SQL,ocr_only,10,540.0,600.0,left join,0.03018024243430582
v13,SQL,ocr_only,10,540.0,600.0,subquery,-0.008560274890706472
v13,SQL,ocr_only,10,540.0,600.0,order by,0.02320462275413521
v13,SQL,ocr_only,11,600.0,660.0,select,0.16610425615938657
v13,SQL,ocr_only,11,600.0,660.0,where,0.5591697219781827
v13,SQL,ocr_only,11,600.0,660.0,group by,0.35988896955529104
v13,SQL,ocr_only,11,600.0,660.0,having,0.2092161189705503
v13,SQL,ocr_only,11,600.0,660.0,count,0.24642644920659834
v13,SQL,ocr_only,11,600.0,660.0,aggregate function,0.06760076973229534
v13,SQL,ocr_only,11,600.0,660.0,join,0.3092247760170529
v13,SQL,ocr_only,11,600.0,660.0,inner join,0.26223468210830525
v13,SQL,ocr_only,11,600.0,660.0,left join,0.42360389581384017
v13,SQL,ocr_only,11,600.0,660.0,subquery,-0.006482384847077228
v13,SQL,ocr_only,11,600.0,660.0,order by,0.18177552252206028
v13,SQL,ocr_only,12,660.0,720.0,select,0.06734424545003458
v13,SQL,ocr_only,12,660.0,720.0,where,0.16603896662656736
v13,SQL,ocr_only,12,660.0,720.0,group by,0.019787631474989766
v13,SQL,ocr_only,12,660.0,720.0,having,0.03735879789505866
v13,SQL,ocr_only,12,660.0,720.0,count,0.04447712683196735
v13,SQL,ocr_only,12,660.0,720.0,aggregate function,0.014743953002896232
v13,SQL,ocr_only,12,660.0,720.0,join,0.0033530893805734066
v13,SQL,ocr_only,12,660.0,720.0,inner join,-0.00578758303911164
v13,SQL,ocr_only,12,660.0,720.0,left join,0.06975884188156785
v13,SQL,ocr_only,12,660.0,720.0,subquery,-0.00887642522980718
v13,SQL,ocr_only,12,660.0,720.0,order by,0.059264656537432486
v13,SQL,ocr_only,13,720.0,780.0,select,0.04085395723753499
v13,SQL,ocr_only,13,720.0,780.0,where,0.06322646142026506
v13,SQL,ocr_only,13,720.0,780.0,group by,0.10602730828567708
v13,SQL,ocr_only,13,720.0,780.0,having,-0.00813501007634557
v13,SQL,ocr_only,13,720.0,780.0,count,0.011970191556187308
v13,SQL,ocr_only,13,720.0,780.0,aggregate function,0.03472760273395288
v13,SQL,ocr_only,13,720.0,780.0,join,-0.026325547845795952
v13,SQL,ocr_only,13,720.0,780.0,inner join,-0.04166967961669009
v13,SQL,ocr_only,13,720.0,780.0,left join,0.007393956944392324
v13,SQL,ocr_only,13,720.0,780.0,subquery,-0.010298127914453654
v13,SQL,ocr_only,13,720.0,780.0,order by,0.11442967738760254
v13,SQL,ocr_only,14,780.0,840.0,select,-0.07360623457465855
v13,SQL,ocr_only,14,780.0,840.0,where,0.042886627068611835
v13,SQL,ocr_only,14,780.0,840.0,group by,-0.006531055552464745
v13,SQL,ocr_only,14,780.0,840.0,having,0.035058972969948816
v13,SQL,ocr_only,14,780.0,840.0,count,0.16063249990419293
v13,SQL,ocr_only,14,780.0,840.0,aggregate function,0.10835707497336128
v13,SQL,ocr_only,14,780.0,840.0,join,0.09144508082112476
v13,SQL,ocr_only,14,780.0,840.0,inner join,0.1253568616501806
v13,SQL,ocr_only,14,780.0,840.0,left join,0.4002283904299619
v13,SQL,ocr_only,14,780.0,840.0,subquery,-0.0064104199449427045
v13,SQL,ocr_only,14,780.0,840.0,order by,-0.0019892816304630423
v13,SQL,ocr_only,15,840.0,900.0,select,-0.0172321617125041
v13,SQL,ocr_only,15,840.0,900.0,where,-0.10195972766039685
v13,SQL,ocr_only,15,840.0,900.0,group by,-0.023638074830708594
v13,SQL,ocr_only,15,840.0,900.0,having,-0.042086235869915854
v13,SQL,ocr_only,15,840.0,900.0,count,0.0048157260357841085
v13,SQL,ocr_only,15,840.0,900.0,aggregate function,0.008531119222248524
v13,SQL,ocr_only,15,840.0,900.0,join,0.060042320919809704
v13,SQL,ocr_only,15,840.0,900.0,inner join,0.1135929086871147
v13,SQL,ocr_only,15,840.0,900.0,left join,0.25550300131560927
v13,SQL,ocr_only,15,840.0,900.0,subquery,0.005627733702108565
v13,SQL,ocr_only,15,840.0,900.0,order by,0.038466928802052644
v13,SQL,ocr_only,16,900.0,960.0,select,-0.048122542187660405
v13,SQL,ocr_only,16,900.0,960.0,where,-0.05117118111304287
v13,SQL,ocr_only,16,900.0,960.0,group by,-0.03800324926184442
v13,SQL,ocr_only,16,900.0,960.0,having,0.019605801787732333
v13,SQL,ocr_only,16,900.0,960.0,count,-0.01577119087892485
v13,SQL,ocr_only,16,900.0,960.0,aggregate function,-0.03459890401836822
v13,SQL,ocr_only,16,900.0,960.0,join,0.05112304400556862
v13,SQL,ocr_only,16,900.0,960.0,inner join,0.10078875239203249
v13,SQL,ocr_only,16,900.0,960.0,left join,0.25783101847457335
v13,SQL,ocr_only,16,900.0,960.0,subquery,0.0009684023108351596
v13,SQL,ocr_only,16,900.0,960.0,order by,0.013834511838775307
v13,SQL,ocr_only,17,960.0,1020.0,select,-0.1158093904380772
v13,SQL,ocr_only,17,960.0,1020.0,where,0.2110658808130542
v13,SQL,ocr_only,17,960.0,1020.0,group by,0.019869888660613684
v13,SQL,ocr_only,17,960.0,1020.0,having,0.158808935603501
v13,SQL,ocr_only,17,960.0,1020.0,count,0.17498387718535352
v13,SQL,ocr_only,17,960.0,1020.0,aggregate function,0.05784062640347844
v13,SQL,ocr_only,17,960.0,1020.0,join,-0.02866188851334
v13,SQL,ocr_only,17,960.0,1020.0,inner join,-0.08206721638598015
v13,SQL,ocr_only,17,960.0,1020.0,left join,0.17659816473807857
v13,SQL,ocr_only,17,960.0,1020.0,subquery,-0.02171520419939809
v13,SQL,ocr_only,17,960.0,1020.0,order by,0.029468174311688033
v14,Python,ocr_only,1,0.0,60.0,for loop,-0.005414058863695619
v14,Python,ocr_only,1,0.0,60.0,for,0.008140857234229948
v14,Python,ocr_only,1,0.0,60.0,iteration,-0.010564517440713132
v14,Python,ocr_only,1,0.0,60.0,range,-0.010271640008720306
v14,Python,ocr_only,1,0.0,60.0,list,-0.0013304210209502728
v14,Python,ocr_only,1,0.0,60.0,nested loop,-0.011958050316939499
v14,Python,ocr_only,1,0.0,60.0,index,-0.009598250349607906
v14,Python,ocr_only,1,0.0,60.0,break,0.012395138884858152
v14,Python,ocr_only,1,0.0,60.0,continue,0.01223929665951095
v14,Python,ocr_only,2,60.0,120.0,for loop,-0.0074042659155071485
v14,Python,ocr_only,2,60.0,120.0,for,-0.001425567685085566
v14,Python,ocr_only,2,60.0,120.0,iteration,-0.004793797514252429
v14,Python,ocr_only,2,60.0,120.0,range,-0.014318131640708089
v14,Python,ocr_only,2,60.0,120.0,list,-0.0019112598835914648
v14,Python,ocr_only,2,60.0,120.0,nested loop,-0.008430347066680914
v14,Python,ocr_only,2,60.0,120.0,index,-0.0067295987689209545
v14,Python,ocr_only,2,60.0,120.0,break,0.07333087012421435
v14,Python,ocr_only,2,60.0,120.0,continue,0.024675862059753625
v14,Python,ocr_only,3,120.0,180.0,for loop,0.020329358199727567
v14,Python,ocr_only,3,120.0,180.0,for,0.007982962303673048
v14,Python,ocr_only,3,120.0,180.0,iteration,-0.007177643198926637
v14,Python,ocr_only,3,120.0,180.0,range,-0.00988787157014236
v14,Python,ocr_only,3,120.0,180.0,list,-0.010609122963033667
v14,Python,ocr_only,3,120.0,180.0,nested loop,0.016032999822517914
v14,Python,ocr_only,3,120.0,180.0,index,0.007902962955571559
v14,Python,ocr_only,3,120.0,180.0,break,0.1549026153726761
v14,Python,ocr_only,3,120.0,180.0,continue,0.03905821191958305
v14,Python,ocr_only,4,180.0,240.0,for loop,0.00611389717354234
v14,Python,ocr_only,4,180.0,240.0,for,0.014196085160659865
v14,Python,ocr_only,4,180.0,240.0,iteration,0.03448418719444859
v14,Python,ocr_only,4,180.0,240.0,range,0.008935072121682217
v14,Python,ocr_only,4,180.0,240.0,list,0.016789934397188677
v14,Python,ocr_only,4,180.0,240.0,nested loop,-0.001650576003648148
v14,Python,ocr_only,4,180.0,240.0,index,-0.0031221493944785326
v14,Python,ocr_only,4,180.0,240.0,break,0.03986009006298801
v14,Python,ocr_only,4,180.0,240.0,continue,0.1360145221262512
v14,Python,ocr_only,5,240.0,300.0,for loop,0.06168555327227486
v14,Python,ocr_only,5,240.0,300.0,for,0.10537957816308931
v14,Python,ocr_only,5,240.0,300.0,iteration,-0.02072934896932321
v14,Python,ocr_only,5,240.0,300.0,range,0.031319344945260716
v14,Python,ocr_only,5,240.0,300.0,list,0.0019023420127428354
v14,Python,ocr_only,5,240.0,300.0,nested loop,0.00794384138331273
v14,Python,ocr_only,5,240.0,300.0,index,0.020276307869829816
v14,Python,ocr_only,5,240.0,300.0,break,0.05467458095453356
v14,Python,ocr_only,5,240.0,300.0,continue,0.00936078176456639
v14,Python,ocr_only,6,300.0,360.0,for loop,0.06974387551757591
v14,Python,ocr_only,6,300.0,360.0,for,0.12513395614838976
v14,Python,ocr_only,6,300.0,360.0,iteration,-0.028921433132792933
v14,Python,ocr_only,6,300.0,360.0,range,0.11380338798860071
v14,Python,ocr_only,6,300.0,360.0,list,-0.03477788141360334
v14,Python,ocr_only,6,300.0,360.0,nested loop,0.0012309851700969246
v14,Python,ocr_only,6,300.0,360.0,index,0.0029565967595882076
v14,Python,ocr_only,6,300.0,360.0,break,0.0256439648855196
v14,Python,ocr_only,6,300.0,360.0,continue,-0.01000110256703575
v14,Python,ocr_only,7,360.0,420.0,for loop,-0.07238838832068985
v14,Python,ocr_only,7,360.0,420.0,for,-0.01598926916515374
v14,Python,ocr_only,7,360.0,420.0,iteration,-0.05119545045740517
v14,Python,ocr_only,7,360.0,420.0,range,0.08738427526584651
v14,Python,ocr_only,7,360.0,420.0,list,-0.02486460943069364
v14,Python,ocr_only,7,360.0,420.0,nested loop,-0.06718067064043913
v14,Python,ocr_only,7,360.0,420.0,index,-0.07546256365929867
v14,Python,ocr_only,7,360.0,420.0,break,-0.0133600766795459
v14,Python,ocr_only,7,360.0,420.0,continue,-0.04511451161928746
v14,Python,ocr_only,8,420.0,480.0,for loop,-0.06808725303724622
v14,Python,ocr_only,8,420.0,480.0,for,-0.042565621981086633
v14,Python,ocr_only,8,420.0,480.0,iteration,-0.026053934889228844
v14,Python,ocr_only,8,420.0,480.0,range,-0.00906390215526215
v14,Python,ocr_only,8,420.0,480.0,list,0.03647046984395324
v14,Python,ocr_only,8,420.0,480.0,nested loop,-0.05302862064146123
v14,Python,ocr_only,8,420.0,480.0,index,-0.07188138747957185
v14,Python,ocr_only,8,420.0,480.0,break,0.01341983671033015
v14,Python,ocr_only,8,420.0,480.0,continue,0.00010698475254083857
v14,Python,ocr_only,9,480.0,540.0,for loop,-0.03246078692159132
v14,Python,ocr_only,9,480.0,540.0,for,-0.06164666000056852
v14,Python,ocr_only,9,480.0,540.0,iteration,-0.028925379534803678
v14,Python,ocr_only,9,480.0,540.0,range,-0.033861075665722926
v14,Python,ocr_only,9,480.0,540.0,list,-0.024162380717259496
v14,Python,ocr_only,9,480.0,540.0,nested loop,0.0041571986052782355
v14,Python,ocr_only,9,480.0,540.0,index,-0.004995634501892995
v14,Python,ocr_only,9,480.0,540.0,break,0.25071930917249985
v14,Python,ocr_only,9,480.0,540.0,continue,0.0036729002451806724
v14,Python,ocr_only,10,540.0,600.0,for loop,0.016043079874639068
v14,Python,ocr_only,10,540.0,600.0,for,-0.0011348575171691545
v14,Python,ocr_only,10,540.0,600.0,iteration,0.032136575187815784
v14,Python,ocr_only,10,540.0,600.0,range,0.01051159709079485
v14,Python,ocr_only,10,540.0,600.0,list,-0.0056128596751346205
v14,Python,ocr_only,10,540.0,600.0,nested loop,0.016472099927116117
v14,Python,ocr_only,10,540.0,600.0,index,0.03814105363325649
v14,Python,ocr_only,10,540.0,600.0,break,0.3565612568794552
v14,Python,ocr_only,10,540.0,600.0,continue,-0.010179647408719478
v14,Python,ocr_only,11,600.0,660.0,for loop,0.034213337478682194
v14,Python,ocr_only,11,600.0,660.0,for,0.010951754364071614
v14,Python,ocr_only,11,600.0,660.0,iteration,0.04336557732366944
v14,Python,ocr_only,11,600.0,660.0,range,0.02274416817992817
v14,Python,ocr_only,11,600.0,660.0,list,-0.017445817252731012
v14,Python,ocr_only,11,600.0,660.0,nested loop,0.026969946863260458
v14,Python,ocr_only,11,600.0,660.0,index,0.05421893073123738
v14,Python,ocr_only,11,600.0,660.0,break,0.38169853561618505
v14,Python,ocr_only,11,600.0,660.0,continue,-0.007474044244853366
v15,Python,ocr_only,1,0.0,60.0,for loop,0.0
v15,Python,ocr_only,1,0.0,60.0,for,0.0
v15,Python,ocr_only,1,0.0,60.0,iteration,0.0
v15,Python,ocr_only,1,0.0,60.0,range,0.0
v15,Python,ocr_only,1,0.0,60.0,list,0.0
v15,Python,ocr_only,1,0.0,60.0,nested loop,0.0
v15,Python,ocr_only,1,0.0,60.0,index,0.0
v15,Python,ocr_only,1,0.0,60.0,break,0.0
v15,Python,ocr_only,1,0.0,60.0,continue,0.0
v15,Python,ocr_only,2,60.0,120.0,for loop,-0.008481481675737701
v15,Python,ocr_only,2,60.0,120.0,for,-0.011506755960855045
v15,Python,ocr_only,2,60.0,120.0,iteration,0.005613374888927397
v15,Python,ocr_only,2,60.0,120.0,range,-0.0013378062535819326
v15,Python,ocr_only,2,60.0,120.0,list,0.0013316254107104766
v15,Python,ocr_only,2,60.0,120.0,nested loop,0.0002948784071264306
v15,Python,ocr_only,2,60.0,120.0,index,0.003100388503849947
v15,Python,ocr_only,2,60.0,120.0,break,-0.013167564933907352
v15,Python,ocr_only,2,60.0,120.0,continue,0.006219332106835452
v15,Python,ocr_only,3,120.0,180.0,for loop,0.00018629344374939793
v15,Python,ocr_only,3,120.0,180.0,for,-0.0004895566208002128
v15,Python,ocr_only,3,120.0,180.0,iteration,-0.04999084929423948
v15,Python,ocr_only,3,120.0,180.0,range,-0.017342715910686052
v15,Python,ocr_only,3,120.0,180.0,list,-0.07143985341175811
v15,Python,ocr_only,3,120.0,180.0,nested loop,-0.00972270293195005
v15,Python,ocr_only,3,120.0,180.0,index,-0.011100499406870646
v15,Python,ocr_only,3,120.0,180.0,break,0.019226592838620687
v15,Python,ocr_only,3,120.0,180.0,continue,-1.4596795285905807e-05
v15,Python,ocr_only,4,180.0,240.0,for loop,0.03538877913991305
v15,Python,ocr_only,4,180.0,240.0,for,0.05929943360689999
v15,Python,ocr_only,4,180.0,240.0,iteration,-0.04408512892084277
v15,Python,ocr_only,4,180.0,240.0,range,0.005207139798961485
v15,Python,ocr_only,4,180.0,240.0,list,-0.05503091634625238
v15,Python,ocr_only,4,180.0,240.0,nested loop,-0.002352933757510284
v15,Python,ocr_only,4,180.0,240.0,index,0.0012648000249127088
v15,Python,ocr_only,4,180.0,240.0,break,0.021219145160681217
v15,Python,ocr_only,4,180.0,240.0,continue,0.026906340535251587
v15,Python,ocr_only,5,240.0,300.0,for loop,0.05954491585934303
v15,Python,ocr_only,5,240.0,300.0,for,0.11462081866029263
v15,Python,ocr_only,5,240.0,300.0,iteration,-0.006838489491262585
v15,Python,ocr_only,5,240.0,300.0,range,0.03233589823618673
v15,Python,ocr_only,5,240.0,300.0,list,-0.0074082813233425785
v15,Python,ocr_only,5,240.0,300.0,nested loop,-0.00413465637645094
v15,Python,ocr_only,5,240.0,300.0,index,-0.001448048876257864
v15,Python,ocr_only,5,240.0,300.0,break,-0.0054234337546859145
v15,Python,ocr_only,5,240.0,300.0,continue,0.1500388381489548
v15,Python,ocr_only,6,300.0,360.0,for loop,0.06302661796621245
v15,Python,ocr_only,6,300.0,360.0,for,0.11318629226754646
v15,Python,ocr_only,6,300.0,360.0,iteration,0.011100020842138602
v15,Python,ocr_only,6,300.0,360.0,range,0.037414501011697715
v15,Python,ocr_only,6,300.0,360.0,list,-0.0019951930328360704
v15,Python,ocr_only,6,300.0,360.0,nested loop,0.0016587895558471417
v15,Python,ocr_only,6,300.0,360.0,index,0.005165815281311114
v15,Python,ocr_only,6,300.0,360.0,break,-0.009039296722541957
v15,Python,ocr_only,6,300.0,360.0,continue,0.18862572248243728
v15,Python,ocr_only,7,360.0,420.0,for loop,0.10083405420897643
v15,Python,ocr_only,7,360.0,420.0,for,0.18236595670902356
v15,Python,ocr_only,7,360.0,420.0,iteration,0.021972508672863583
v15,Python,ocr_only,7,360.0,420.0,range,0.10089114245028982
v15,Python,ocr_only,7,360.0,420.0,list,0.0014618410506661548
v15,Python,ocr_only,7,360.0,420.0,nested loop,0.006459074597920488
v15,Python,ocr_only,7,360.0,420.0,index,0.006269121257855891
v15,Python,ocr_only,7,360.0,420.0,break,-0.01689156792197845
v15,Python,ocr_only,7,360.0,420.0,continue,0.22825747430077212
v15,Python,ocr_only,8,420.0,480.0,for loop,0.09651358278602264
v15,Python,ocr_only,8,420.0,480.0,for,0.1930879291326168
v15,Python,ocr_only,8,420.0,480.0,iteration,0.006537647901688268
v15,Python,ocr_only,8,420.0,480.0,range,0.11101922340585817
v15,Python,ocr_only,8,420.0,480.0,list,0.004679505505824372
v15,Python,ocr_only,8,420.0,480.0,nested loop,-0.00566247320485589
v15,Python,ocr_only,8,420.0,480.0,index,-0.0055166153592957744
v15,Python,ocr_only,8,420.0,480.0,break,-0.021377884574438774
v15,Python,ocr_only,8,420.0,480.0,continue,0.18119896744695488
v15,Python,ocr_only,9,480.0,540.0,for loop,0.09891672031102344
v15,Python,ocr_only,9,480.0,540.0,for,0.19224192749881683
v15,Python,ocr_only,9,480.0,540.0,iteration,0.007020225926292409
v15,Python,ocr_only,9,480.0,540.0,range,0.11230389242412729
v15,Python,ocr_only,9,480.0,540.0,list,-0.0026700476285098263
v15,Python,ocr_only,9,480.0,540.0,nested loop,-0.002943254223425195
v15,Python,ocr_only,9,480.0,540.0,index,-0.004937914778443975
v15,Python,ocr_only,9,480.0,540.0,break,-0.014904477675876727
v15,Python,ocr_only,9,480.0,540.0,continue,0.1818164108079916
v15,Python,ocr_only,10,540.0,600.0,for loop,0.09715111434788923
v15,Python,ocr_only,10,540.0,600.0,for,0.1727940767818847
v15,Python,ocr_only,10,540.0,600.0,iteration,0.011890286177112058
v15,Python,ocr_only,10,540.0,600.0,range,0.06255926939256201
v15,Python,ocr_only,10,540.0,600.0,list,0.02228113721091209
v15,Python,ocr_only,10,540.0,600.0,nested loop,0.006157568032860048
v15,Python,ocr_only,10,540.0,600.0,index,0.00814846879243934
v15,Python,ocr_only,10,540.0,600.0,break,0.0019025627907845418
v15,Python,ocr_only,10,540.0,600.0,continue,0.19462188456260449
v16,Python,ocr_only,1,0.0,60.0,for loop,0.002716014522240118
v16,Python,ocr_only,1,0.0,60.0,for,0.0038431724907627167
v16,Python,ocr_only,1,0.0,60.0,iteration,-0.008252678555497047
v16,Python,ocr_only,1,0.0,60.0,range,0.0012862054236198743
v16,Python,ocr_only,1,0.0,60.0,list,-0.010442839010727704
v16,Python,ocr_only,1,0.0,60.0,nested loop,0.0012045291059514342
v16,Python,ocr_only,1,0.0,60.0,index,0.001564053601295701
v16,Python,ocr_only,1,0.0,60.0,break,0.0054405462431399544
v16,Python,ocr_only,1,0.0,60.0,continue,2.662635305938261e-05
v16,Python,ocr_only,2,60.0,120.0,for loop,-0.0035817678781441833
v16,Python,ocr_only,2,60.0,120.0,for,-0.007462511035777945
v16,Python,ocr_only,2,60.0,120.0,iteration,0.013957303458942721
v16,Python,ocr_only,2,60.0,120.0,range,0.00168345870093561
v16,Python,ocr_only,2,60.0,120.0,list,-0.00044182810174496316
v16,Python,ocr_only,2,60.0,120.0,nested loop,0.0013917584409599876
v16,Python,ocr_only,2,60.0,120.0,index,0.0033098951889314544
v16,Python,ocr_only,2,60.0,120.0,break,-0.0018786012459171264
v16,Python,ocr_only,2,60.0,120.0,continue,0.00982485620920507
v16,Python,ocr_only,3,120.0,180.0,for loop,-0.00395794199990614
v16,Python,ocr_only,3,120.0,180.0,for,-0.008632975462857795
v16,Python,ocr_only,3,120.0,180.0,iteration,0.015405407749800242
v16,Python,ocr_only,3,120.0,180.0,range,0.002165266140080553
v16,Python,ocr_only,3,120.0,180.0,list,-0.0008705930086676392
v16,Python,ocr_only,3,120.0,180.0,nested loop,0.001938529488266858
v16,Python,ocr_only,3,120.0,180.0,index,0.0033898755086276327
v16,Python,ocr_only,3,120.0,180.0,break,-0.0006229582865568632
v16,Python,ocr_only,3,120.0,180.0,continue,0.011033799802570198
v16,Python,ocr_only,4,180.0,240.0,for loop,0.002891384088850526
v16,Python,ocr_only,4,180.0,240.0,for,0.0033776134122866673
v16,Python,ocr_only,4,180.0,240.0,iteration,-0.010277511860878342
v16,Python,ocr_only,4,180.0,240.0,range,0.0010160791561618213
v16,Python,ocr_only,4,180.0,240.0,list,0.001387212340048342
v16,Python,ocr_only,4,180.0,240.0,nested loop,-0.00030822295459912775
v16,Python,ocr_only,4,180.0,240.0,index,-0.0020192247258180103
v16,Python,ocr_only,4,180.0,240.0,break,0.002273913107536324
v16,Python,ocr_only,4,180.0,240.0,continue,-0.009712283597849798
v16,Python,ocr_only,5,240.0,300.0,for loop,-0.00314872912471617
v16,Python,ocr_only,5,240.0,300.0,for,0.002571335373225835
v16,Python,ocr_only,5,240.0,300.0,iteration,-0.008354526995933606
v16,Python,ocr_only,5,240.0,300.0,range,0.18924380455748568
v16,Python,ocr_only,5,240.0,300.0,list,-0.02555862438792092
v16,Python,ocr_only,5,240.0,300.0,nested loop,-0.0017473293441335562
v16,Python,ocr_only,5,240.0,300.0,index,0.026932980552995672
v16,Python,ocr_only,5,240.0,300.0,break,-0.011963040353134368
v16,Python,ocr_only,5,240.0,300.0,continue,-0.022784176520155703
v16,Python,ocr_only,6,300.0,360.0,for loop,-0.00011612151769134245
v16,Python,ocr_only,6,300.0,360.0,for,0.005709044252801813
v16,Python,ocr_only,6,300.0,360.0,iteration,0.00917136723873838
v16,Python,ocr_only,6,300.0,360.0,range,0.2386920272891108
v16,Python,ocr_only,6,300.0,360.0,list,-0.024504643618302565
v16,Python,ocr_only,6,300.0,360.0,nested loop,0.0003426635424418548
v16,Python,ocr_only,6,300.0,360.0,index,0.008715232112209426
v16,Python,ocr_only,6,300.0,360.0,break,-0.0055749025601239035
v16,Python,ocr_only,6,300.0,360.0,continue,-0.020868118534654544
v17,Python,ocr_only,1,0.0,60.0,for loop,0.3351081978626643
v17,Python,ocr_only,1,0.0,60.0,for,0.3047547593484004
v17,Python,ocr_only,1,0.0,60.0,iteration,0.357350635129531
v17,Python,ocr_only,1,0.0,60.0,range,0.29617228156802705
v17,Python,ocr_only,1,0.0,60.0,list,0.4637976088566982
v17,Python,ocr_only,1,0.0,60.0,nested loop,0.19876996484316933
v17,Python,ocr_only,1,0.0,60.0,index,-0.05990899703220338
v17,Python,ocr_only,1,0.0,60.0,break,0.07888923551009334
v17,Python,ocr_only,1,0.0,60.0,continue,0.3150952029755446
v17,Python,ocr_only,2,60.0,120.0,for loop,0.5446337343164463
v17,Python,ocr_only,2,60.0,120.0,for,0.3326719687572035
v17,Python,ocr_only,2,60.0,120.0,iteration,0.3931615137997361
v17,Python,ocr_only,2,60.0,120.0,range,0.3142810856159408
v17,Python,ocr_only,2,60.0,120.0,list,0.5110559698389228
v17,Python,ocr_only,2,60.0,120.0,nested loop,0.42272612056473857
v17,Python,ocr_only,2,60.0,120.0,index,-0.01131984211005557
v17,Python,ocr_only,2,60.0,120.0,break,0.2679809069313939
v17,Python,ocr_only,2,60.0,120.0,continue,0.4559569891399759
v17,Python,ocr_only,3,120.0,180.0,for loop,0.0361170099287112
v17,Python,ocr_only,3,120.0,180.0,for,0.1248560166465864
v17,Python,ocr_only,3,120.0,180.0,iteration,-0.055939569700823324
v17,Python,ocr_only,3,120.0,180.0,range,0.013473281638122713
v17,Python,ocr_only,3,120.0,180.0,list,0.01686127977261808
v17,Python,ocr_only,3,120.0,180.0,nested loop,-0.04550646857512979
v17,Python,ocr_only,3,120.0,180.0,index,0.012592284979698764
v17,Python,ocr_only,3,120.0,180.0,break,-0.03592204060309463
v17,Python,ocr_only,3,120.0,180.0,continue,-0.06679716993197822
v17,Python,ocr_only,4,180.0,240.0,for loop,0.06916382774559364
v17,Python,ocr_only,4,180.0,240.0,for,0.1540936186238242
v17,Python,ocr_only,4,180.0,240.0,iteration,-0.04171414733232093
v17,Python,ocr_only,4,180.0,240.0,range,0.07472999017830072
v17,Python,ocr_only,4,180.0,240.0,list,0.0043192049598709086
v17,Python,ocr_only,4,180.0,240.0,nested loop,-0.026151630917010123
v17,Python,ocr_only,4,180.0,240.0,index,0.003714059567678963
v17,Python,ocr_only,4,180.0,240.0,break,-0.029363498700400253
v17,Python,ocr_only,4,180.0,240.0,continue,-0.055349765509374906
v17,Python,ocr_only,5,240.0,300.0,for loop,0.020514120719796837
v17,Python,ocr_only,5,240.0,300.0,for,0.02539412684905919
v17,Python,ocr_only,5,240.0,300.0,iteration,0.016506991476173884
v17,Python,ocr_only,5,240.0,300.0,range,0.02689922128567174
v17,Python,ocr_only,5,240.0,300.0,list,0.020689293434824816
v17,Python,ocr_only,5,240.0,300.0,nested loop,0.0015833836001216844
v17,Python,ocr_only,5,240.0,300.0,index,-0.017087828279680715
v17,Python,ocr_only,5,240.0,300.0,break,-0.024615359042585765
v17,Python,ocr_only,5,240.0,300.0,continue,-0.00822370354252696
v17,Python,ocr_only,6,300.0,360.0,for loop,0.008672331882285889
v17,Python,ocr_only,6,300.0,360.0,for,0.015143115111805027
v17,Python,ocr_only,6,300.0,360.0,iteration,-0.02384991622169137
v17,Python,ocr_only,6,300.0,360.0,range,-0.012023104234332954
v17,Python,ocr_only,6,300.0,360.0,list,0.023773085273127745
v17,Python,ocr_only,6,300.0,360.0,nested loop,-0.0010078604901407931
v17,Python,ocr_only,6,300.0,360.0,index,-0.025128488271528276
v17,Python,ocr_only,6,300.0,360.0,break,0.0303647185454852
v17,Python,ocr_only,6,300.0,360.0,continue,0.005299535457197186
v18,Python,ocr_only,1,0.0,60.0,for loop,0.016520858921140608
v18,Python,ocr_only,1,0.0,60.0,for,-0.030089758278373145
v18,Python,ocr_only,1,0.0,60.0,iteration,0.057763185679606026
v18,Python,ocr_only,1,0.0,60.0,range,0.02860708866108508
v18,Python,ocr_only,1,0.0,60.0,list,-0.12402126967381717
v18,Python,ocr_only,1,0.0,60.0,nested loop,0.022316691012103033
v18,Python,ocr_only,1,0.0,60.0,index,0.06103467748515309
v18,Python,ocr_only,1,0.0,60.0,break,0.036080921070851944
v18,Python,ocr_only,1,0.0,60.0,continue,0.5431277347053192
v18,Python,ocr_only,2,60.0,120.0,for loop,0.0040335376789092554
v18,Python,ocr_only,2,60.0,120.0,for,0.003105957535655616
v18,Python,ocr_only,2,60.0,120.0,iteration,0.0012193210979363457
v18,Python,ocr_only,2,60.0,120.0,range,-0.0004271256647578331
v18,Python,ocr_only,2,60.0,120.0,list,0.008091515629161645
v18,Python,ocr_only,2,60.0,120.0,nested loop,0.003031014861280501
v18,Python,ocr_only,2,60.0,120.0,index,0.005733994876403404
v18,Python,ocr_only,2,60.0,120.0,break,0.005044742277373954
v18,Python,ocr_only,2,60.0,120.0,continue,0.014802524549482996
v19,Python,ocr_only,1,0.0,60.0,for loop,0.060186411735541887
v19,Python,ocr_only,1,0.0,60.0,for,0.10080566535349203
v19,Python,ocr_only,1,0.0,60.0,iteration,0.12216737116947514
v19,Python,ocr_only,1,0.0,60.0,range,0.0941568665100802
v19,Python,ocr_only,1,0.0,60.0,list,0.21152968176708334
v19,Python,ocr_only,1,0.0,60.0,nested loop,0.0017978620023109473
v19,Python,ocr_only,1,0.0,60.0,index,0.004358347232925617
v19,Python,ocr_only,1,0.0,60.0,break,-0.009335935579037577
v19,Python,ocr_only,1,0.0,60.0,continue,0.0664490523568469
v19,Python,ocr_only,2,60.0,120.0,for loop,0.04628547354820297
v19,Python,ocr_only,2,60.0,120.0,for,0.08759658742077123
v19,Python,ocr_only,2,60.0,120.0,iteration,0.10382624285419391
v19,Python,ocr_only,2,60.0,120.0,range,0.07724081332504465
v19,Python,ocr_only,2,60.0,120.0,list,0.1921966079002699
v19,Python,ocr_only,2,60.0,120.0,nested loop,-0.0074802556676129145
v19,Python,ocr_only,2,60.0,120.0,index,-0.004602007708553246
v19,Python,ocr_only,2,60.0,120.0,break,-0.014202693885767411
v19,Python,ocr_only,2,60.0,120.0,continue,0.031010769548770346
v19,Python,ocr_only,3,120.0,180.0,for loop,0.012568846257375858
v19,Python,ocr_only,3,120.0,180.0,for,0.0216187861933799
v19,Python,ocr_only,3,120.0,180.0,iteration,0.0016401158123480703
v19,Python,ocr_only,3,120.0,180.0,range,0.0068404643261104
v19,Python,ocr_only,3,120.0,180.0,list,0.03267197261698475
v19,Python,ocr_only,3,120.0,180.0,nested loop,-0.0033397875298366605
v19,Python,ocr_only,3,120.0,180.0,index,-0.0074952253364423
v19,Python,ocr_only,3,120.0,180.0,break,0.023490409478801752
v19,Python,ocr_only,3,120.0,180.0,continue,-0.013150260844511721
v19,Python,ocr_only,4,180.0,240.0,for loop,0.0019782465924720245
v19,Python,ocr_only,4,180.0,240.0,for,-0.004131635298236169
v19,Python,ocr_only,4,180.0,240.0,iteration,-0.015947039780220048
v19,Python,ocr_only,4,180.0,240.0,range,-0.005641680974852153
v19,Python,ocr_only,4,180.0,240.0,list,-0.0026475131638400914
v19,Python,ocr_only,4,180.0,240.0,nested loop,-0.0018127848978383985
v19,Python,ocr_only,4,180.0,240.0,index,-0.012278579576291962
v19,Python,ocr_only,4,180.0,240.0,break,0.03480234399490209
v19,Python,ocr_only,4,180.0,240.0,continue,-0.01725814633202421
v19,Python,ocr_only,5,240.0,300.0,for loop,0.0395503552707474
v19,Python,ocr_only,5,240.0,300.0,for,0.051264298189902885
v19,Python,ocr_only,5,240.0,300.0,iteration,0.021681839545268877
v19,Python,ocr_only,5,240.0,300.0,range,0.02887503199575889
v19,Python,ocr_only,5,240.0,300.0,list,0.07622725434015928
v19,Python,ocr_only,5,240.0,300.0,nested loop,0.00775838544231986
v19,Python,ocr_only,5,240.0,300.0,index,-0.0003389254970966871
v19,Python,ocr_only,5,240.0,300.0,break,0.056844320206635456
v19,Python,ocr_only,5,240.0,300.0,continue,0.010927186365456004
v19,Python,ocr_only,6,300.0,360.0,for loop,0.02541815487402881
v19,Python,ocr_only,6,300.0,360.0,for,0.04235727889420698
v19,Python,ocr_only,6,300.0,360.0,iteration,0.011595356574887321
v19,Python,ocr_only,6,300.0,360.0,range,0.018584380755247123
v19,Python,ocr_only,6,300.0,360.0,list,0.06171045948501327
v19,Python,ocr_only,6,300.0,360.0,nested loop,-0.001354608684958032
v19,Python,ocr_only,6,300.0,360.0,index,0.0010364037660572827
v19,Python,ocr_only,6,300.0,360.0,break,0.02155900717401932
v19,Python,ocr_only,6,300.0,360.0,continue,-0.011437740246700417
v19,Python,ocr_only,7,360.0,420.0,for loop,0.07081287838800258
v19,Python,ocr_only,7,360.0,420.0,for,0.11723645619620385
v19,Python,ocr_only,7,360.0,420.0,iteration,0.015759655958845098
v19,Python,ocr_only,7,360.0,420.0,range,0.10167758263858023
v19,Python,ocr_only,7,360.0,420.0,list,0.06922833421089784
v19,Python,ocr_only,7,360.0,420.0,nested loop,-0.0008274235358725495
v19,Python,ocr_only,7,360.0,420.0,index,0.004712038388850471
v19,Python,ocr_only,7,360.0,420.0,break,0.016371766604454458
v19,Python,ocr_only,7,360.0,420.0,continue,0.007544304232205458
v19,Python,ocr_only,8,420.0,480.0,for loop,0.08850201623313507
v19,Python,ocr_only,8,420.0,480.0,for,0.14023695043742412
v19,Python,ocr_only,8,420.0,480.0,iteration,0.033240851564280596
v19,Python,ocr_only,8,420.0,480.0,range,0.11147858349810635
v19,Python,ocr_only,8,420.0,480.0,list,0.09903001766127319
v19,Python,ocr_only,8,420.0,480.0,nested loop,0.007086322128762362
v19,Python,ocr_only,8,420.0,480.0,index,0.013643703609561847
v19,Python,ocr_only,8,420.0,480.0,break,0.009808042347004301
v19,Python,ocr_only,8,420.0,480.0,continue,0.05502267395579981
v19,Python,ocr_only,9,480.0,540.0,for loop,0.06148488280930951
v19,Python,ocr_only,9,480.0,540.0,for,0.083954523276761
v19,Python,ocr_only,9,480.0,540.0,iteration,-0.023660072891791874
v19,Python,ocr_only,9,480.0,540.0,range,0.10849294644071897
v19,Python,ocr_only,9,480.0,540.0,list,-0.006343901364489703
v19,Python,ocr_only,9,480.0,540.0,nested loop,0.0017446631213515688
v19,Python,ocr_only,9,480.0,540.0,index,0.004623963203646876
v19,Python,ocr_only,9,480.0,540.0,break,0.01588907660781281
v19,Python,ocr_only,9,480.0,540.0,continue,0.005790158474754179
v19,Python,ocr_only,10,540.0,600.0,for loop,0.06563593330818222
v19,Python,ocr_only,10,540.0,600.0,for,0.09281232506657705
v19,Python,ocr_only,10,540.0,600.0,iteration,-0.03868843487037287
v19,Python,ocr_only,10,540.0,600.0,range,0.0994374386615137
v19,Python,ocr_only,10,540.0,600.0,list,-0.0031741952526771725
v19,Python,ocr_only,10,540.0,600.0,nested loop,0.0013732623062640828
v19,Python,ocr_only,10,540.0,600.0,index,-0.004054244992034747
v19,Python,ocr_only,10,540.0,600.0,break,0.01887243334507052
v19,Python,ocr_only,10,540.0,600.0,continue,-0.0010495583623755874
v19,Python,ocr_only,11,600.0,660.0,for loop,0.061860460866635464
v19,Python,ocr_only,11,600.0,660.0,for,0.0950255647669458
v19,Python,ocr_only,11,600.0,660.0,iteration,0.012037960233105549
v19,Python,ocr_only,11,600.0,660.0,range,0.13990578902618206
v19,Python,ocr_only,11,600.0,660.0,list,0.044629916428198704
v19,Python,ocr_only,11,600.0,660.0,nested loop,-0.002555904348870361
v19,Python,ocr_only,11,600.0,660.0,index,0.0013540585796574522
v19,Python,ocr_only,11,600.0,660.0,break,0.012654871752191363
v19,Python,ocr_only,11,600.0,660.0,continue,0.01175474071452056
v20,Python,ocr_only,1,0.0,60.0,for loop,0.33192261047377375
v20,Python,ocr_only,1,0.0,60.0,for,0.7508905040968598
v20,Python,ocr_only,1,0.0,60.0,iteration,0.005628173928564339
v20,Python,ocr_only,1,0.0,60.0,range,0.22969429804509553
v20,Python,ocr_only,1,0.0,60.0,list,0.42358789789762097
v20,Python,ocr_only,1,0.0,60.0,nested loop,-0.00704958278218078
v20,Python,ocr_only,1,0.0,60.0,index,0.020585185108256472
v20,Python,ocr_only,1,0.0,60.0,break,-0.04104313815768383
v20,Python,ocr_only,1,0.0,60.0,continue,-0.03433633753663151
v20,Python,ocr_only,2,60.0,120.0,for loop,0.06510730155539372
v20,Python,ocr_only,2,60.0,120.0,for,0.1255516947564533
v20,Python,ocr_only,2,60.0,120.0,iteration,-0.005284105003855318
v20,Python,ocr_only,2,60.0,120.0,range,0.03353453169601185
v20,Python,ocr_only,2,60.0,120.0,list,0.01082826499462291
v20,Python,ocr_only,2,60.0,120.0,nested loop,0.001982222290052428
v20,Python,ocr_only,2,60.0,120.0,index,-0.002285671645229704
v20,Python,ocr_only,2,60.0,120.0,break,0.028352859729684245
v20,Python,ocr_only,2,60.0,120.0,continue,0.005315504834438495
v20,Python,ocr_only,3,120.0,180.0,for loop,0.24210498853690104
v20,Python,ocr_only,3,120.0,180.0,for,0.5175701917697786
v20,Python,ocr_only,3,120.0,180.0,iteration,0.010307219710215799
v20,Python,ocr_only,3,120.0,180.0,range,0.16264688103647462
v20,Python,ocr_only,3,120.0,180.0,list,0.24945000411258256
v20,Python,ocr_only,3,120.0,180.0,nested loop,-0.0025671284243003628
v20,Python,ocr_only,3,120.0,180.0,index,0.02621439201152399
v20,Python,ocr_only,3,120.0,180.0,break,0.010512847989741066
v20,Python,ocr_only,3,120.0,180.0,continue,-0.004300086486951415
v20,Python,ocr_only,4,180.0,240.0,for loop,0.0919356667364518
v20,Python,ocr_only,4,180.0,240.0,for,0.19192586836644782
v20,Python,ocr_only,4,180.0,240.0,iteration,0.02160309291806306
v20,Python,ocr_only,4,180.0,240.0,range,0.0769194994187706
v20,Python,ocr_only,4,180.0,240.0,list,0.07374878797344478
v20,Python,ocr_only,4,180.0,240.0,nested loop,-0.00038309791343400215
v20,Python,ocr_only,4,180.0,240.0,index,0.01176608432654782
v20,Python,ocr_only,4,180.0,240.0,break,0.013388330207764264
v20,Python,ocr_only,4,180.0,240.0,continue,0.011148069449891915
v20,Python,ocr_only,5,240.0,300.0,for loop,-0.04637127838483165
v20,Python,ocr_only,5,240.0,300.0,for,-0.06836590587658106
v20,Python,ocr_only,5,240.0,300.0,iteration,0.06034660774161017
v20,Python,ocr_only,5,240.0,300.0,range,0.03385254249810962
v20,Python,ocr_only,5,240.0,300.0,list,-0.013334982719366643
v20,Python,ocr_only,5,240.0,300.0,nested loop,-0.015183707535225027
v20,Python,ocr_only,5,240.0,300.0,index,0.013720286765261635
v20,Python,ocr_only,5,240.0,300.0,break,-0.01888406587284303
v20,Python,ocr_only,5,240.0,300.0,continue,0.016775477091189536
v20,Python,ocr_only,6,300.0,360.0,for loop,0.14959982445082046
v20,Python,ocr_only,6,300.0,360.0,for,0.31891522742654344
v20,Python,ocr_only,6,300.0,360.0,iteration,-0.008143911636632722
v20,Python,ocr_only,6,300.0,360.0,range,0.10342695031334966
v20,Python,ocr_only,6,300.0,360.0,list,0.09599312597332722
v20,Python,ocr_only,6,300.0,360.0,nested loop,-0.001916020416908179
v20,Python,ocr_only,6,300.0,360.0,index,-0.01232782447175673
v20,Python,ocr_only,6,300.0,360.0,break,0.013201527262920645
v20,Python,ocr_only,6,300.0,360.0,continue,0.0005630749991872512
v20,Python,ocr_only,7,360.0,420.0,for loop,0.14262176196314305
v20,Python,ocr_only,7,360.0,420.0,for,0.30619282332483416
v20,Python,ocr_only,7,360.0,420.0,iteration,0.0020553163853043567
v20,Python,ocr_only,7,360.0,420.0,range,0.1040354900245423
v20,Python,ocr_only,7,360.0,420.0,list,0.10324206089085299
v20,Python,ocr_only,7,360.0,420.0,nested loop,-0.0033043066006466404
v20,Python,ocr_only,7,360.0,420.0,index,-0.01321230986444762
v20,Python,ocr_only,7,360.0,420.0,break,0.008933351361980285
v20,Python,ocr_only,7,360.0,420.0,continue,0.0034803391136653634
v20,Python,ocr_only,8,420.0,480.0,for loop,0.15881496983075452
v20,Python,ocr_only,8,420.0,480.0,for,0.3424436256992725
v20,Python,ocr_only,8,420.0,480.0,iteration,-0.017151109680721553
v20,Python,ocr_only,8,420.0,480.0,range,0.13816332076897753
v20,Python,ocr_only,8,420.0,480.0,list,0.0709573374024482
v20,Python,ocr_only,8,420.0,480.0,nested loop,-0.0050299860261992565
v20,Python,ocr_only,8,420.0,480.0,index,-0.004161399192359151
v20,Python,ocr_only,8,420.0,480.0,break,0.018014281937576922
v20,Python,ocr_only,8,420.0,480.0,continue,0.0027444265908623967
v20,Python,ocr_only,9,480.0,540.0,for loop,0.3698801775060396
v20,Python,ocr_only,9,480.0,540.0,for,0.80913452090307
v20,Python,ocr_only,9,480.0,540.0,iteration,-0.011028230043466121
v20,Python,ocr_only,9,480.0,540.0,range,0.29451644658509457
v20,Python,ocr_only,9,480.0,540.0,list,0.37144611249698173
v20,Python,ocr_only,9,480.0,540.0,nested loop,-0.010813503963895557
v20,Python,ocr_only,9,480.0,540.0,index,0.037638750044157
v20,Python,ocr_only,9,480.0,540.0,break,-0.015778546089912148
v20,Python,ocr_only,9,480.0,540.0,continue,-0.015884384778675074
v20,Python,ocr_only,10,540.0,600.0,for loop,0.2460766584178936
v20,Python,ocr_only,10,540.0,600.0,for,0.4884350876536729
v20,Python,ocr_only,10,540.0,600.0,iteration,-0.026848449795475057
v20,Python,ocr_only,10,540.0,600.0,range,0.18830108531156056
v20,Python,ocr_only,10,540.0,600.0,list,0.13765351158088387
v20,Python,ocr_only,10,540.0,600.0,nested loop,0.014495455426361081
v20,Python,ocr_only,10,540.0,600.0,index,0.012399468932033888
v20,Python,ocr_only,10,540.0,600.0,break,0.026796149388749434
v20,Python,ocr_only,10,540.0,600.0,continue,-0.002221745174100238
v20,Python,ocr_only,11,600.0,660.0,for loop,0.10443993286821938
v20,Python,ocr_only,11,600.0,660.0,for,0.1749877125853569
v20,Python,ocr_only,11,600.0,660.0,iteration,-0.021641481648769754
v20,Python,ocr_only,11,600.0,660.0,range,0.09307428767896513
v20,Python,ocr_only,11,600.0,660.0,list,-0.026907170863171213
v20,Python,ocr_only,11,600.0,660.0,nested loop,0.011620232043806784
v20,Python,ocr_only,11,600.0,660.0,index,-0.011804240271222144
v20,Python,ocr_only,11,600.0,660.0,break,0.027170370501384114
v20,Python,ocr_only,11,600.0,660.0,continue,0.011171097325777188
v20,Python,ocr_only,12,660.0,720.0,for loop,0.173750414111235
v20,Python,ocr_only,12,660.0,720.0,for,0.36483349742123755
v20,Python,ocr_only,12,660.0,720.0,iteration,0.03029809773497755
v20,Python,ocr_only,12,660.0,720.0,range,0.152716195294989
v20,Python,ocr_only,12,660.0,720.0,list,0.1966534079597715
v20,Python,ocr_only,12,660.0,720.0,nested loop,-0.00385441924319183
v20,Python,ocr_only,12,660.0,720.0,index,-0.0003334917662057592
v20,Python,ocr_only,12,660.0,720.0,break,-0.031063112747720965
v20,Python,ocr_only,12,660.0,720.0,continue,-0.007696303399343
v20,Python,ocr_only,13,720.0,780.0,for loop,0.15933430918160243
v20,Python,ocr_only,13,720.0,780.0,for,0.33782503144013404
v20,Python,ocr_only,13,720.0,780.0,iteration,0.033815179520727746
v20,Python,ocr_only,13,720.0,780.0,range,0.14444922303238789
v20,Python,ocr_only,13,720.0,780.0,list,0.1913036140376198
v20,Python,ocr_only,13,720.0,780.0,nested loop,-0.005707805301594244
v20,Python,ocr_only,13,720.0,780.0,index,-0.0053865800522836385
v20,Python,ocr_only,13,720.0,780.0,break,-0.03758353445989985
v20,Python,ocr_only,13,720.0,780.0,continue,-0.007964893673550364
v20,Python,ocr_only,14,780.0,840.0,for loop,0.18336191705530647
v20,Python,ocr_only,14,780.0,840.0,for,0.39979532114900773
v20,Python,ocr_only,14,780.0,840.0,iteration,0.04520655619416477
v20,Python,ocr_only,14,780.0,840.0,range,0.16156331237675706
v20,Python,ocr_only,14,780.0,840.0,list,0.24121283116685316
v20,Python,ocr_only,14,780.0,840.0,nested loop,-0.010855869475590104
v20,Python,ocr_only,14,780.0,840.0,index,-0.0013650545066758015
v20,Python,ocr_only,14,780.0,840.0,break,-0.028933478668830906
v20,Python,ocr_only,14,780.0,840.0,continue,-0.01024123607067222
v20,Python,ocr_only,15,840.0,900.0,for loop,0.09195377762141052
v20,Python,ocr_only,15,840.0,900.0,for,0.18410202917426308
v20,Python,ocr_only,15,840.0,900.0,iteration,0.04924774167275635
v20,Python,ocr_only,15,840.0,900.0,range,0.10036690792267336
v20,Python,ocr_only,15,840.0,900.0,list,0.06938440281287366
v20,Python,ocr_only,15,840.0,900.0,nested loop,0.003222837355631964
v20,Python,ocr_only,15,840.0,900.0,index,-0.020122797153301238
v20,Python,ocr_only,15,840.0,900.0,break,0.1002308897373238
v20,Python,ocr_only,15,840.0,900.0,continue,0.02635819291799558
v20,Python,ocr_only,16,900.0,960.0,for loop,0.20294756378131718
v20,Python,ocr_only,16,900.0,960.0,for,0.41486983409385053
v20,Python,ocr_only,16,900.0,960.0,iteration,0.04237598375915633
v20,Python,ocr_only,16,900.0,960.0,range,0.1635493947354585
v20,Python,ocr_only,16,900.0,960.0,list,0.19173513109341891
v20,Python,ocr_only,16,900.0,960.0,nested loop,-0.0014722885308730664
v20,Python,ocr_only,16,900.0,960.0,index,-0.02563273652634778
v20,Python,ocr_only,16,900.0,960.0,break,0.08655482113458801
v20,Python,ocr_only,16,900.0,960.0,continue,0.020540259472774762
v20,Python,ocr_only,17,960.0,1020.0,for loop,0.13585496479893158
v20,Python,ocr_only,17,960.0,1020.0,for,0.29681162048049786
v20,Python,ocr_only,17,960.0,1020.0,iteration,-0.013945797098012145
v20,Python,ocr_only,17,960.0,1020.0,range,0.09955092167585267
v20,Python,ocr_only,17,960.0,1020.0,list,0.06478069582106057
v20,Python,ocr_only,17,960.0,1020.0,nested loop,-0.007190017517695707
v20,Python,ocr_only,17,960.0,1020.0,index,-0.06177877103296599
v20,Python,ocr_only,17,960.0,1020.0,break,0.07719758981918705
v20,Python,ocr_only,17,960.0,1020.0,continue,0.0022801014573583757
v20,Python,ocr_only,18,1020.0,1080.0,for loop,0.23336283317681106
v20,Python,ocr_only,18,1020.0,1080.0,for,0.5141978755881209
v20,Python,ocr_only,18,1020.0,1080.0,iteration,-0.005341831530631059
v20,Python,ocr_only,18,1020.0,1080.0,range,0.2055592195050439
v20,Python,ocr_only,18,1020.0,1080.0,list,0.17813998580917847
v20,Python,ocr_only,18,1020.0,1080.0,nested loop,-0.00598915273140393
v20,Python,ocr_only,18,1020.0,1080.0,index,-0.03223816450207756
v20,Python,ocr_only,18,1020.0,1080.0,break,0.05028981389723622
v20,Python,ocr_only,18,1020.0,1080.0,continue,-0.004786910293808957
v20,Python,ocr_only,19,1080.0,1140.0,for loop,0.38985404822375247
v20,Python,ocr_only,19,1080.0,1140.0,for,0.809199218899657
v20,Python,ocr_only,19,1080.0,1140.0,iteration,0.06179617986971794
v20,Python,ocr_only,19,1080.0,1140.0,range,0.351774298067865
v20,Python,ocr_only,19,1080.0,1140.0,list,0.39422957119027174
v20,Python,ocr_only,19,1080.0,1140.0,nested loop,0.0071381253945673896
v20,Python,ocr_only,19,1080.0,1140.0,index,0.01947062082297075
v20,Python,ocr_only,19,1080.0,1140.0,break,-0.021201299157220188
v20,Python,ocr_only,19,1080.0,1140.0,continue,0.05612343041933971
v20,Python,ocr_only,20,1140.0,1200.0,for loop,0.36169873335351566
v20,Python,ocr_only,20,1140.0,1200.0,for,0.7892430860922148
v20,Python,ocr_only,20,1140.0,1200.0,iteration,0.07143132553829273
v20,Python,ocr_only,20,1140.0,1200.0,range,0.2991088089474735
v20,Python,ocr_only,20,1140.0,1200.0,list,0.4718744156185714
v20,Python,ocr_only,20,1140.0,1200.0,nested loop,-0.0005872203020418742
v20,Python,ocr_only,20,1140.0,1200.0,index,0.03946627896525713
v20,Python,ocr_only,20,1140.0,1200.0,break,-0.02334405322110993
v20,Python,ocr_only,20,1140.0,1200.0,continue,0.019016984384644633
v20,Python,ocr_only,21,1200.0,1260.0,for loop,0.2437529839702561
v20,Python,ocr_only,21,1200.0,1260.0,for,0.5599356741914889
v20,Python,ocr_only,21,1200.0,1260.0,iteration,-0.05850355765961439
v20,Python,ocr_only,21,1200.0,1260.0,range,0.1499555809463447
v20,Python,ocr_only,21,1200.0,1260.0,list,0.2042783303251323
v20,Python,ocr_only,21,1200.0,1260.0,nested loop,-0.018041089179634425
v20,Python,ocr_only,21,1200.0,1260.0,index,-0.04259325644787805
v20,Python,ocr_only,21,1200.0,1260.0,break,-0.010146547001908012
v20,Python,ocr_only,21,1200.0,1260.0,continue,-0.031240285341931715
v21,Python,ocr_only,1,0.0,60.0,for loop,0.6028211241485975
v21,Python,ocr_only,1,0.0,60.0,for,-0.034330939132380105
v21,Python,ocr_only,1,0.0,60.0,iteration,-0.06767384607688372
v21,Python,ocr_only,1,0.0,60.0,range,-0.03424337989409991
v21,Python,ocr_only,1,0.0,60.0,list,-0.010295642452800562
v21,Python,ocr_only,1,0.0,60.0,nested loop,0.7350558174755425
v21,Python,ocr_only,1,0.0,60.0,index,-0.07520637489726101
v21,Python,ocr_only,1,0.0,60.0,break,0.43282482956987095
v21,Python,ocr_only,1,0.0,60.0,continue,0.31864770113376834
v21,Python,ocr_only,2,60.0,120.0,for loop,0.5408556728769296
v21,Python,ocr_only,2,60.0,120.0,for,-0.04889513862913667
v21,Python,ocr_only,2,60.0,120.0,iteration,-0.0812497618826258
v21,Python,ocr_only,2,60.0,120.0,range,-0.04490550124786333
v21,Python,ocr_only,2,60.0,120.0,list,-0.02114893363861966
v21,Python,ocr_only,2,60.0,120.0,nested loop,0.6701660236179027
v21,Python,ocr_only,2,60.0,120.0,index,-0.0816673846466467
v21,Python,ocr_only,2,60.0,120.0,break,0.36977802796115056
v21,Python,ocr_only,2,60.0,120.0,continue,0.26757816753194863
v21,Python,ocr_only,3,120.0,180.0,for loop,0.0005606121464200479
v21,Python,ocr_only,3,120.0,180.0,for,0.006666100897092753
v21,Python,ocr_only,3,120.0,180.0,iteration,0.012981887130226069
v21,Python,ocr_only,3,120.0,180.0,range,0.0021696074086963047
v21,Python,ocr_only,3,120.0,180.0,list,-0.00782482980477097
v21,Python,ocr_only,3,120.0,180.0,nested loop,-0.0042172174702345844
v21,Python,ocr_only,3,120.0,180.0,index,0.02439591638118731
v21,Python,ocr_only,3,120.0,180.0,break,-0.013261139958414407
v21,Python,ocr_only,3,120.0,180.0,continue,-0.007642601397445042
v21,Python,ocr_only,4,180.0,240.0,for loop,0.019283698942991385
v21,Python,ocr_only,4,180.0,240.0,for,0.0053150436191891515
v21,Python,ocr_only,4,180.0,240.0,iteration,0.006480605059350281
v21,Python,ocr_only,4,180.0,240.0,range,-0.010601608057188074
v21,Python,ocr_only,4,180.0,240.0,list,0.015251324324439283
v21,Python,ocr_only,4,180.0,240.0,nested loop,0.015688877315010365
v21,Python,ocr_only,4,180.0,240.0,index,0.016864281264944464
v21,Python,ocr_only,4,180.0,240.0,break,0.01823123381554605
v21,Python,ocr_only,4,180.0,240.0,continue,-0.0014903564112389092
v21,Python,ocr_only,5,240.0,300.0,for loop,0.013974592156996283
v21,Python,ocr_only,5,240.0,300.0,for,0.00227976408912171
v21,Python,ocr_only,5,240.0,300.0,iteration,0.01741626092052051
v21,Python,ocr_only,5,240.0,300.0,range,0.013720533779031372
v21,Python,ocr_only,5,240.0,300.0,list,-0.0212102599937008
v21,Python,ocr_only,5,240.0,300.0,nested loop,0.0126784869400623
v21,Python,ocr_only,5,240.0,300.0,index,0.033128161674018074
v21,Python,ocr_only,5,240.0,300.0,break,0.013052482041966587
v21,Python,ocr_only,5,240.0,300.0,continue,0.009902303177530505
v21,Python,ocr_only,6,300.0,360.0,for loop,0.007601058975430433
v21,Python,ocr_only,6,300.0,360.0,for,0.00022114796691009275
v21,Python,ocr_only,6,300.0,360.0,iteration,0.012320175082627676
v21,Python,ocr_only,6,300.0,360.0,range,0.009429592654700466
v21,Python,ocr_only,6,300.0,360.0,list,-0.014937858504254876
v21,Python,ocr_only,6,300.0,360.0,nested loop,0.005436736194409227
v21,Python,ocr_only,6,300.0,360.0,index,0.02405602316175362
v21,Python,ocr_only,6,300.0,360.0,break,0.012068137332633299
v21,Python,ocr_only,6,300.0,360.0,continue,0.009009495031721913
v21,Python,ocr_only,7,360.0,420.0,for loop,0.005041984718181847
v21,Python,ocr_only,7,360.0,420.0,for,-0.009820698794176264
v21,Python,ocr_only,7,360.0,420.0,iteration,0.0011196890454785123
v21,Python,ocr_only,7,360.0,420.0,range,-0.008866621861361635
v21,Python,ocr_only,7,360.0,420.0,list,-0.023418192574114434
v21,Python,ocr_only,7,360.0,420.0,nested loop,0.004613802325683114
v21,Python,ocr_only,7,360.0,420.0,index,0.016703607690054495
v21,Python,ocr_only,7,360.0,420.0,break,-0.020312950982916397
v21,Python,ocr_only,7,360.0,420.0,continue,-0.010157240664366412
v21,Python,ocr_only,8,420.0,480.0,for loop,-0.002246129273461844
v21,Python,ocr_only,8,420.0,480.0,for,0.0087927569332805
v21,Python,ocr_only,8,420.0,480.0,iteration,-0.025327242603372088
v21,Python,ocr_only,8,420.0,480.0,range,-0.008416978861942
v21,Python,ocr_only,8,420.0,480.0,list,-0.04678448713504669
v21,Python,ocr_only,8,420.0,480.0,nested loop,-0.01085727687241177
v21,Python,ocr_only,8,420.0,480.0,index,0.005896439953613738
v21,Python,ocr_only,8,420.0,480.0,break,-0.053770386716492716
v21,Python,ocr_only,8,420.0,480.0,continue,0.010711759092759326
v21,Python,ocr_only,9,480.0,540.0,for loop,-0.03473199787680182
v21,Python,ocr_only,9,480.0,540.0,for,-0.018769217200579523
v21,Python,ocr_only,9,480.0,540.0,iteration,0.038465311550627594
v21,Python,ocr_only,9,480.0,540.0,range,0.011567839596082178
v21,Python,ocr_only,9,480.0,540.0,list,0.031865946558833104
v21,Python,ocr_only,9,480.0,540.0,nested loop,-0.02227467762110062
v21,Python,ocr_only,9,480.0,540.0,index,-0.01714441342269264
v21,Python,ocr_only,9,480.0,540.0,break,-0.032188204579721054
v21,Python,ocr_only,9,480.0,540.0,continue,-0.03821779773490516
v21,Python,ocr_only,10,540.0,600.0,for loop,-0.027061533623333855
v21,Python,ocr_only,10,540.0,600.0,for,-0.045750010153173065
v21,Python,ocr_only,10,540.0,600.0,iteration,0.011229979666776621
v21,Python,ocr_only,10,540.0,600.0,range,0.00903329719004533
v21,Python,ocr_only,10,540.0,600.0,list,-0.0241805142325514
v21,Python,ocr_only,10,540.0,600.0,nested loop,0.0012713784251270344
v21,Python,ocr_only,10,540.0,600.0,index,-0.03695513439838696
v21,Python,ocr_only,10,540.0,600.0,break,-0.024568320682877457
v21,Python,ocr_only,10,540.0,600.0,continue,0.022461150045239128
v21,Python,ocr_only,11,600.0,660.0,for loop,0.009974350250809212
v21,Python,ocr_only,11,600.0,660.0,for,-0.022136602063095732
v21,Python,ocr_only,11,600.0,660.0,iteration,-0.07096528847877523
v21,Python,ocr_only,11,600.0,660.0,range,-0.04700313549852597
v21,Python,ocr_only,11,600.0,660.0,list,-0.04732381158735519
v21,Python,ocr_only,11,600.0,660.0,nested loop,0.021218433716602446
v21,Python,ocr_only,11,600.0,660.0,index,-0.04847677808265741
v21,Python,ocr_only,11,600.0,660.0,break,-0.01994048937713738
v21,Python,ocr_only,11,600.0,660.0,continue,0.07307172957714583
v21,Python,ocr_only,12,660.0,720.0,for loop,-0.0077082039891108725
v21,Python,ocr_only,12,660.0,720.0,for,0.049439176281223594
v21,Python,ocr_only,12,660.0,720.0,iteration,0.024309214130287853
v21,Python,ocr_only,12,660.0,720.0,range,0.01477916079904719
v21,Python,ocr_only,12,660.0,720.0,list,0.043636976954750176
v21,Python,ocr_only,12,660.0,720.0,nested loop,-0.046283040126714886
v21,Python,ocr_only,12,660.0,720.0,index,0.07120688883798965
v21,Python,ocr_only,12,660.0,720.0,break,0.049594385185899835
v21,Python,ocr_only,12,660.0,720.0,continue,-0.028460358904418573
v21,Python,ocr_only,13,720.0,780.0,for loop,0.00633850868020005
v21,Python,ocr_only,13,720.0,780.0,for,0.00495008652012993
v21,Python,ocr_only,13,720.0,780.0,iteration,-0.005371028628372871
v21,Python,ocr_only,13,720.0,780.0,range,-0.009607253753871003
v21,Python,ocr_only,13,720.0,780.0,list,0.038389836083322255
v21,Python,ocr_only,13,720.0,780.0,nested loop,0.006705791081333035
v21,Python,ocr_only,13,720.0,780.0,index,-0.029425520755979352
v21,Python,ocr_only,13,720.0,780.0,break,0.002318066294179034
v21,Python,ocr_only,13,720.0,780.0,continue,-0.038073371231200144
v21,Python,ocr_only,14,780.0,840.0,for loop,0.005335589577972595
v21,Python,ocr_only,14,780.0,840.0,for,0.00830695791006511
v21,Python,ocr_only,14,780.0,840.0,iteration,-0.007138982709291586
v21,Python,ocr_only,14,780.0,840.0,range,-0.003977639101196501
v21,Python,ocr_only,14,780.0,840.0,list,0.02332243017608822
v21,Python,ocr_only,14,780.0,840.0,nested loop,0.005993314081815386
v21,Python,ocr_only,14,780.0,840.0,index,-0.013876032097228999
v21,Python,ocr_only,14,780.0,840.0,break,0.006164727759682777
v21,Python,ocr_only,14,780.0,840.0,continue,-0.03957859898393151
v21,Python,ocr_only,15,840.0,900.0,for loop,0.0821135518970336
v21,Python,ocr_only,15,840.0,900.0,for,0.11501752483349623
v21,Python,ocr_only,15,840.0,900.0,iteration,-0.05308376597002863
v21,Python,ocr_only,15,840.0,900.0,range,0.020615418764128292
v21,Python,ocr_only,15,840.0,900.0,list,0.005703176649350295
v21,Python,ocr_only,15,840.0,900.0,nested loop,0.01943207052876676
v21,Python,ocr_only,15,840.0,900.0,index,0.036568668231765106
v21,Python,ocr_only,15,840.0,900.0,break,0.04353823818173481
v21,Python,ocr_only,15,840.0,900.0,continue,0.013025255136663484
v21,Python,ocr_only,16,900.0,960.0,for loop,-0.00213475413877696
v21,Python,ocr_only,16,900.0,960.0,for,0.01985426006804301
v21,Python,ocr_only,16,900.0,960.0,iteration,0.004340745989259587
v21,Python,ocr_only,16,900.0,960.0,range,0.0027094609463077907
v21,Python,ocr_only,16,900.0,960.0,list,-0.06095391453926775
v21,Python,ocr_only,16,900.0,960.0,nested loop,-0.01097730150148715
v21,Python,ocr_only,16,900.0,960.0,index,0.057947857665620515
v21,Python,ocr_only,16,900.0,960.0,break,-0.01059762498399426
v21,Python,ocr_only,16,900.0,960.0,continue,0.07439820533759167
v21,Python,ocr_only,17,960.0,1020.0,for loop,-0.01824030994292014
v21,Python,ocr_only,17,960.0,1020.0,for,0.015613122663429053
v21,Python,ocr_only,17,960.0,1020.0,iteration,0.015944850987724486
v21,Python,ocr_only,17,960.0,1020.0,range,0.006439107019620484
v21,Python,ocr_only,17,960.0,1020.0,list,0.01705374867001476
v21,Python,ocr_only,17,960.0,1020.0,nested loop,-0.026056579093194854
v21,Python,ocr_only,17,960.0,1020.0,index,0.02022995916797496
v21,Python,ocr_only,17,960.0,1020.0,break,-0.02370860620979234
v21,Python,ocr_only,17,960.0,1020.0,continue,-0.041950799981233945
v21,Python,ocr_only,18,1020.0,1080.0,for loop,-0.015131606290624692
v21,Python,ocr_only,18,1020.0,1080.0,for,-0.0061792601018242
v21,Python,ocr_only,18,1020.0,1080.0,iteration,0.005640763693264243
v21,Python,ocr_only,18,1020.0,1080.0,range,-0.009211475584508308
v21,Python,ocr_only,18,1020.0,1080.0,list,0.06443652948244402
v21,Python,ocr_only,18,1020.0,1080.0,nested loop,-0.01376032099973762
v21,Python,ocr_only,18,1020.0,1080.0,index,-0.024011252255088347
v21,Python,ocr_only,18,1020.0,1080.0,break,0.003689686192392614
v21,Python,ocr_only,18,1020.0,1080.0,continue,-0.061216927034929994
v21,Python,ocr_only,19,1080.0,1140.0,for loop,-0.01829639148281942
v21,Python,ocr_only,19,1080.0,1140.0,for,0.009848177790762087
v21,Python,ocr_only,19,1080.0,1140.0,iteration,0.0048023646134072555
v21,Python,ocr_only,19,1080.0,1140.0,range,0.012258802361740491
v21,Python,ocr_only,19,1080.0,1140.0,list,0.06535729280045356
v21,Python,ocr_only,19,1080.0,1140.0,nested loop,-0.019957986806150945
v21,Python,ocr_only,19,1080.0,1140.0,index,-0.04696438018531299
v21,Python,ocr_only,19,1080.0,1140.0,break,-0.0048793519661342235
v21,Python,ocr_only,19,1080.0,1140.0,continue,-0.052170457724772364
v21,Python,ocr_only,20,1140.0,1200.0,for loop,-0.024290697850329165
v21,Python,ocr_only,20,1140.0,1200.0,for,0.0021800771615456847
v21,Python,ocr_only,20,1140.0,1200.0,iteration,-0.01877904536154425
v21,Python,ocr_only,20,1140.0,1200.0,range,-0.005771414809574659
v21,Python,ocr_only,20,1140.0,1200.0,list,0.013982535459974476
v21,Python,ocr_only,20,1140.0,1200.0,nested loop,-0.029401370308277507
v21,Python,ocr_only,20,1140.0,1200.0,index,-0.023848711810764135
v21,Python,ocr_only,20,1140.0,1200.0,break,-0.005694614975213869
v21,Python,ocr_only,20,1140.0,1200.0,continue,0.04239030796355618
v21,Python,ocr_only,21,1200.0,1260.0,for loop,-0.0036321149233389033
v21,Python,ocr_only,21,1200.0,1260.0,for,0.02471677023670896
v21,Python,ocr_only,21,1200.0,1260.0,iteration,-0.05529769266643864
v21,Python,ocr_only,21,1200.0,1260.0,range,-0.011404884852077536
v21,Python,ocr_only,21,1200.0,1260.0,list,-0.027654768627214964
v21,Python,ocr_only,21,1200.0,1260.0,nested loop,-0.026804865356868497
v21,Python,ocr_only,21,1200.0,1260.0,index,0.012273945566635816
v21,Python,ocr_only,21,1200.0,1260.0,break,0.0286227906053651
v21,Python,ocr_only,21,1200.0,1260.0,continue,0.04022457498894982
v21,Python,ocr_only,22,1260.0,1320.0,for loop,-0.08045768344386718
v21,Python,ocr_only,22,1260.0,1320.0,for,-0.061108610610614775
v21,Python,ocr_only,22,1260.0,1320.0,iteration,0.06733997525707483
v21,Python,ocr_only,22,1260.0,1320.0,range,0.015270163275465395
v21,Python,ocr_only,22,1260.0,1320.0,list,0.06652539730507744
v21,Python,ocr_only,22,1260.0,1320.0,nested loop,-0.042791061444935094
v21,Python,ocr_only,22,1260.0,1320.0,index,-0.05320857239518798
v21,Python,ocr_only,22,1260.0,1320.0,break,-0.11434614697436148
v21,Python,ocr_only,22,1260.0,1320.0,continue,-0.010608460182507915
v21,Python,ocr_only,23,1320.0,1380.0,for loop,-0.01091181593825013
v21,Python,ocr_only,23,1320.0,1380.0,for,0.002474793161945759
v21,Python,ocr_only,23,1320.0,1380.0,iteration,0.011890505164924459
v21,Python,ocr_only,23,1320.0,1380.0,range,0.008147022546130072
v21,Python,ocr_only,23,1320.0,1380.0,list,0.017126577940816307
v21,Python,ocr_only,23,1320.0,1380.0,nested loop,-0.014590527076667921
v21,Python,ocr_only,23,1320.0,1380.0,index,-0.016209202379584703
v21,Python,ocr_only,23,1320.0,1380.0,break,-0.038261095787966465
v21,Python,ocr_only,23,1320.0,1380.0,continue,-0.00720884350899133
v21,Python,ocr_only,24,1380.0,1440.0,for loop,0.03527572351963628
v21,Python,ocr_only,24,1380.0,1440.0,for,0.04986798102978479
v21,Python,ocr_only,24,1380.0,1440.0,iteration,-0.027319509761321612
v21,Python,ocr_only,24,1380.0,1440.0,range,0.005251850358592211
v21,Python,ocr_only,24,1380.0,1440.0,list,-0.01146355542555466
v21,Python,ocr_only,24,1380.0,1440.0,nested loop,0.003155855308927905
v21,Python,ocr_only,24,1380.0,1440.0,index,0.008315662877979545
v21,Python,ocr_only,24,1380.0,1440.0,break,0.01854504237902968
v21,Python,ocr_only,24,1380.0,1440.0,continue,-0.003308150981820359
v21,Python,ocr_only,25,1440.0,1500.0,for loop,0.026005728502799134
v21,Python,ocr_only,25,1440.0,1500.0,for,0.041550187027177894
v21,Python,ocr_only,25,1440.0,1500.0,iteration,-0.006514135663476664
v21,Python,ocr_only,25,1440.0,1500.0,range,0.008973824706484014
v21,Python,ocr_only,25,1440.0,1500.0,list,-0.012377929019239061
v21,Python,ocr_only,25,1440.0,1500.0,nested loop,-0.000637180812765549
v21,Python,ocr_only,25,1440.0,1500.0,index,0.0037480167667901442
v21,Python,ocr_only,25,1440.0,1500.0,break,0.015517455905006942
v21,Python,ocr_only,25,1440.0,1500.0,continue,-0.005264436245899704
v21,Python,ocr_only,26,1500.0,1560.0,for loop,0.005512826523633157
v21,Python,ocr_only,26,1500.0,1560.0,for,0.025628525010133376
v21,Python,ocr_only,26,1500.0,1560.0,iteration,0.02738025510398182
v21,Python,ocr_only,26,1500.0,1560.0,range,0.015688028710474596
v21,Python,ocr_only,26,1500.0,1560.0,list,-0.008454734636921377
v21,Python,ocr_only,26,1500.0,1560.0,nested loop,-0.010199474090131009
v21,Python,ocr_only,26,1500.0,1560.0,index,-0.010296454331192272
v21,Python,ocr_only,26,1500.0,1560.0,break,0.0019494426824972887
v21,Python,ocr_only,26,1500.0,1560.0,continue,-0.0053960743415958825
v21,Python,ocr_only,27,1560.0,1620.0,for loop,-0.00715486838847722
v21,Python,ocr_only,27,1560.0,1620.0,for,0.04673742375308951
v21,Python,ocr_only,27,1560.0,1620.0,iteration,-0.03054074448697981
v21,Python,ocr_only,27,1560.0,1620.0,range,0.001028895468314794
v21,Python,ocr_only,27,1560.0,1620.0,list,-0.022657702847370488
v21,Python,ocr_only,27,1560.0,1620.0,nested loop,-0.04631420721387172
v21,Python,ocr_only,27,1560.0,1620.0,index,0.09440832537696339
v21,Python,ocr_only,27,1560.0,1620.0,break,0.06762626074476477
v21,Python,ocr_only,27,1560.0,1620.0,continue,-0.03776177656861688
v22,Python,ocr_only,1,0.0,60.0,for loop,-0.02228185385314186
v22,Python,ocr_only,1,0.0,60.0,for,-0.021319066942447396
v22,Python,ocr_only,1,0.0,60.0,iteration,0.41206392164517464
v22,Python,ocr_only,1,0.0,60.0,range,0.7652312916034987
v22,Python,ocr_only,1,0.0,60.0,list,-0.03678572631028135
v22,Python,ocr_only,1,0.0,60.0,nested loop,-0.019183499124102252
v22,Python,ocr_only,1,0.0,60.0,index,-0.019546431033142332
v22,Python,ocr_only,1,0.0,60.0,break,0.04137586946170858
v22,Python,ocr_only,1,0.0,60.0,continue,0.025286503018567073
v22,Python,ocr_only,2,60.0,120.0,for loop,-0.011944770565577943
v22,Python,ocr_only,2,60.0,120.0,for,-0.002362242433511612
v22,Python,ocr_only,2,60.0,120.0,iteration,0.3393966200128719
v22,Python,ocr_only,2,60.0,120.0,range,0.7371607607241393
v22,Python,ocr_only,2,60.0,120.0,list,-0.08772936733934056
v22,Python,ocr_only,2,60.0,120.0,nested loop,-0.019892059729182156
v22,Python,ocr_only,2,60.0,120.0,index,-0.02342075932426912
v22,Python,ocr_only,2,60.0,120.0,break,0.03305148232650535
v22,Python,ocr_only,2,60.0,120.0,continue,-0.002927795157542772
v23,Java,ocr_only,1,0.0,60.0,class,0.38038663495341746
v23,Java,ocr_only,1,0.0,60.0,object,0.02070065459573528
v23,Java,ocr_only,1,0.0,60.0,method,0.03410199377532096
v23,Java,ocr_only,1,0.0,60.0,interface,-0.030609351877474558
v23,Java,ocr_only,1,0.0,60.0,implements,0.03454454847347636
v23,Java,ocr_only,1,0.0,60.0,extends,-0.05289425513748965
v23,Java,ocr_only,1,0.0,60.0,inheritance,-0.04148589719244046
v23,Java,ocr_only,1,0.0,60.0,abstract class,0.054427404627825436
v23,Java,ocr_only,1,0.0,60.0,abstract method,-0.13843012667618476
v23,Java,ocr_only,2,60.0,120.0,class,-0.004647308349114457
v23,Java,ocr_only,2,60.0,120.0,object,0.059738122333836546
v23,Java,ocr_only,2,60.0,120.0,method,0.004173324994624772
v23,Java,ocr_only,2,60.0,120.0,interface,0.006262191946658542
v23,Java,ocr_only,2,60.0,120.0,implements,-0.006635325240714589
v23,Java,ocr_only,2,60.0,120.0,extends,-0.0009335121103533022
v23,Java,ocr_only,2,60.0,120.0,inheritance,-0.00208928300600382
v23,Java,ocr_only,2,60.0,120.0,abstract class,-0.00649901140749161
v23,Java,ocr_only,2,60.0,120.0,abstract method,0.011575564820935783
v23,Java,ocr_only,3,120.0,180.0,class,-0.02629125232849185
v23,Java,ocr_only,3,120.0,180.0,object,0.06766397522320765
v23,Java,ocr_only,3,120.0,180.0,method,0.013967341151359195
v23,Java,ocr_only,3,120.0,180.0,interface,0.007590445895285389
v23,Java,ocr_only,3,120.0,180.0,implements,-0.014250366018408648
v23,Java,ocr_only,3,120.0,180.0,extends,0.0033152418615154606
v23,Java,ocr_only,3,120.0,180.0,inheritance,0.004296974436888459
v23,Java,ocr_only,3,120.0,180.0,abstract class,-0.006192549854122936
v23,Java,ocr_only,3,120.0,180.0,abstract method,0.02746014027536432
v23,Java,ocr_only,4,180.0,240.0,class,-0.031123113087626178
v23,Java,ocr_only,4,180.0,240.0,object,0.08686000450922446
v23,Java,ocr_only,4,180.0,240.0,method,0.02121759698533797
v23,Java,ocr_only,4,180.0,240.0,interface,0.009625422461855286
v23,Java,ocr_only,4,180.0,240.0,implements,-0.017104369758227354
v23,Java,ocr_only,4,180.0,240.0,extends,0.004695355930033077
v23,Java,ocr_only,4,180.0,240.0,inheritance,0.00723594821226109
v23,Java,ocr_only,4,180.0,240.0,abstract class,-0.006792577308345888
v23,Java,ocr_only,4,180.0,240.0,abstract method,0.036088569025637555
v23,Java,ocr_only,5,240.0,300.0,class,0.030877405375370887
v23,Java,ocr_only,5,240.0,300.0,object,0.2150271470726928
v23,Java,ocr_only,5,240.0,300.0,method,0.0019220135584213612
v23,Java,ocr_only,5,240.0,300.0,interface,0.0049110959718572525
v23,Java,ocr_only,5,240.0,300.0,implements,0.016153326774630557
v23,Java,ocr_only,5,240.0,300.0,extends,0.03011795200349961
v23,Java,ocr_only,5,240.0,300.0,inheritance,0.023329287391114912
v23,Java,ocr_only,5,240.0,300.0,abstract class,0.001995121867277985
v23,Java,ocr_only,5,240.0,300.0,abstract method,-0.0049174519395546595
v23,Java,ocr_only,6,300.0,360.0,class,0.17882124736127514
v23,Java,ocr_only,6,300.0,360.0,object,0.29902586759047706
v23,Java,ocr_only,6,300.0,360.0,method,0.11371495223208843
v23,Java,ocr_only,6,300.0,360.0,interface,0.3312272271230955
v23,Java,ocr_only,6,300.0,360.0,implements,0.48286336428572435
v23,Java,ocr_only,6,300.0,360.0,extends,0.28117011592384517
v23,Java,ocr_only,6,300.0,360.0,inheritance,0.23158508599575678
v23,Java,ocr_only,6,300.0,360.0,abstract class,0.19482873490968036
v23,Java,ocr_only,6,300.0,360.0,abstract method,-0.005737741507915708
v23,Java,ocr_only,7,360.0,420.0,class,0.14824544969048958
v23,Java,ocr_only,7,360.0,420.0,object,0.07529841459955576
v23,Java,ocr_only,7,360.0,420.0,method,-0.004339385242628389
v23,Java,ocr_only,7,360.0,420.0,interface,0.008117486260807702
v23,Java,ocr_only,7,360.0,420.0,implements,0.11895927694439826
v23,Java,ocr_only,7,360.0,420.0,extends,0.05849528259812216
v23,Java,ocr_only,7,360.0,420.0,inheritance,0.0623893905973988
v23,Java,ocr_only,7,360.0,420.0,abstract class,0.13484551521806762
v23,Java,ocr_only,7,360.0,420.0,abstract method,-0.02740867173253628
v23,Java,ocr_only,8,420.0,480.0,class,0.054407179112460624
v23,Java,ocr_only,8,420.0,480.0,object,-0.0019847234389140486
v23,Java,ocr_only,8,420.0,480.0,method,-0.018481289015581777
v23,Java,ocr_only,8,420.0,480.0,interface,-0.004177941805097648
v23,Java,ocr_only,8,420.0,480.0,implements,0.06770462269489667
v23,Java,ocr_only,8,420.0,480.0,extends,-0.008331491913370999
v23,Java,ocr_only,8,420.0,480.0,inheritance,-0.0016729511234124092
v23,Java,ocr_only,8,420.0,480.0,abstract class,0.06216639583581762
v23,Java,ocr_only,8,420.0,480.0,abstract method,-0.015575889955791221
v23,Java,ocr_only,9,480.0,540.0,class,0.07100437249467655
v23,Java,ocr_only,9,480.0,540.0,object,0.06341760840587662
v23,Java,ocr_only,9,480.0,540.0,method,0.0028745155060788037
v23,Java,ocr_only,9,480.0,540.0,interface,-0.03404987462817667
v23,Java,ocr_only,9,480.0,540.0,implements,0.06395501589789106
v23,Java,ocr_only,9,480.0,540.0,extends,0.07502415644027906
v23,Java,ocr_only,9,480.0,540.0,inheritance,0.059275415743800866
v23,Java,ocr_only,9,480.0,540.0,abstract class,-0.017572392561046875
v23,Java,ocr_only,9,480.0,540.0,abstract method,-0.039544781692402727
v23,Java,ocr_only,10,540.0,600.0,class,0.10777817126090518
v23,Java,ocr_only,10,540.0,600.0,object,0.30924280839160045
v23,Java,ocr_only,10,540.0,600.0,method,0.1439010930892276
v23,Java,ocr_only,10,540.0,600.0,interface,0.02370209945949107
v23,Java,ocr_only,10,540.0,600.0,implements,0.034210377016111446
v23,Java,ocr_only,10,540.0,600.0,extends,0.04526660532991495
v23,Java,ocr_only,10,540.0,600.0,inheritance,0.04782458079423358
v23,Java,ocr_only,10,540.0,600.0,abstract class,0.11869518776565113
v23,Java,ocr_only,10,540.0,600.0,abstract method,0.1687003296612554
v23,Java,ocr_only,11,600.0,660.0,class,0.12124431404250018
v23,Java,ocr_only,11,600.0,660.0,object,0.34945487910566847
v23,Java,ocr_only,11,600.0,660.0,method,0.21159731030263046
v23,Java,ocr_only,11,600.0,660.0,interface,0.07170307266927939
v23,Java,ocr_only,11,600.0,660.0,implements,0.03966813590086327
v23,Java,ocr_only,11,600.0,660.0,extends,0.020114231866619068
v23,Java,ocr_only,11,600.0,660.0,inheritance,0.03505006336479202
v23,Java,ocr_only,11,600.0,660.0,abstract class,0.17427092347407303
v23,Java,ocr_only,11,600.0,660.0,abstract method,0.25497085269023556
v23,Java,ocr_only,12,660.0,720.0,class,0.2375789100157081
v23,Java,ocr_only,12,660.0,720.0,object,0.26894451618823983
v23,Java,ocr_only,12,660.0,720.0,method,0.0660185013544126
v23,Java,ocr_only,12,660.0,720.0,interface,0.03193935614805393
v23,Java,ocr_only,12,660.0,720.0,implements,0.15130591083436126
v23,Java,ocr_only,12,660.0,720.0,extends,0.06271074400693294
v23,Java,ocr_only,12,660.0,720.0,inheritance,0.04706220921146649
v23,Java,ocr_only,12,660.0,720.0,abstract class,0.14053880420797005
v23,Java,ocr_only,12,660.0,720.0,abstract method,0.025851925089589136
v23,Java,ocr_only,13,720.0,780.0,class,-0.005527572090078323
v23,Java,ocr_only,13,720.0,780.0,object,-0.01164511521169016
v23,Java,ocr_only,13,720.0,780.0,method,0.0038466771077627204
v23,Java,ocr_only,13,720.0,780.0,interface,0.006565481778229839
v23,Java,ocr_only,13,720.0,780.0,implements,0.002557740792852348
v23,Java,ocr_only,13,720.0,780.0,extends,0.0013627768625194502
v23,Java,ocr_only,13,720.0,780.0,inheritance,0.0033582721018702052
v23,Java,ocr_only,13,720.0,780.0,abstract class,-0.01250739680365242
v23,Java,ocr_only,13,720.0,780.0,abstract method,-0.0027904317153151616
v23,Java,ocr_only,14,780.0,840.0,class,-0.005286714492681074
v23,Java,ocr_only,14,780.0,840.0,object,-0.012565192856467546
v23,Java,ocr_only,14,780.0,840.0,method,0.004088803400398673
v23,Java,ocr_only,14,780.0,840.0,interface,0.006136355554686548
v23,Java,ocr_only,14,780.0,840.0,implements,0.0018571195235513917
v23,Java,ocr_only,14,780.0,840.0,extends,0.0008332552338477888
v23,Java,ocr_only,14,780.0,840.0,inheritance,0.0032997998798701164
v23,Java,ocr_only,14,780.0,840.0,abstract class,-0.013470940651111027
v23,Java,ocr_only,14,780.0,840.0,abstract method,-0.004459705325945649
v23,Java,ocr_only,15,840.0,900.0,class,-0.00541224911471112
v23,Java,ocr_only,15,840.0,900.0,object,-0.01239183645474925
v23,Java,ocr_only,15,840.0,900.0,method,0.004868785718969017
v23,Java,ocr_only,15,840.0,900.0,interface,0.006420417335244391
v23,Java,ocr_only,15,840.0,900.0,implements,0.002096085214648569
v23,Java,ocr_only,15,840.0,900.0,extends,0.0013138080744119313
v23,Java,ocr_only,15,840.0,900.0,inheritance,0.003681018564502463
v23,Java,ocr_only,15,840.0,900.0,abstract class,-0.016112335876206387
v23,Java,ocr_only,15,840.0,900.0,abstract method,-0.006953982778839252
v23,Java,ocr_only,16,900.0,960.0,class,0.05109988669488279
v23,Java,ocr_only,16,900.0,960.0,object,0.03479120226430481
v23,Java,ocr_only,16,900.0,960.0,method,-0.007151722503632027
v23,Java,ocr_only,16,900.0,960.0,interface,-0.009508990190753562
v23,Java,ocr_only,16,900.0,960.0,implements,0.04179892139698709
v23,Java,ocr_only,16,900.0,960.0,extends,0.018425458059302166
v23,Java,ocr_only,16,900.0,960.0,inheritance,0.020446141239267017
v23,Java,ocr_only,16,900.0,960.0,abstract class,0.04850279597608794
v23,Java,ocr_only,16,900.0,960.0,abstract method,-0.014149286473472819
v23,Java,ocr_only,17,960.0,1020.0,class,0.042181269361774694
v23,Java,ocr_only,17,960.0,1020.0,object,0.018631867100359932
v23,Java,ocr_only,17,960.0,1020.0,method,-0.0008198766260201182
v23,Java,ocr_only,17,960.0,1020.0,interface,-0.00479573201769368
v23,Java,ocr_only,17,960.0,1020.0,implements,0.02210427197496533
v23,Java,ocr_only,17,960.0,1020.0,extends,0.015465292055917521
v23,Java,ocr_only,17,960.0,1020.0,inheritance,0.016958759757843524
v23,Java,ocr_only,17,960.0,1020.0,abstract class,0.03752355841210811
v23,Java,ocr_only,17,960.0,1020.0,abstract method,-0.011305006944973457
v23,Java,ocr_only,18,1020.0,1080.0,class,0.03665555597803859
v23,Java,ocr_only,18,1020.0,1080.0,object,0.013468682228170442
v23,Java,ocr_only,18,1020.0,1080.0,method,0.0030490210519529657
v23,Java,ocr_only,18,1020.0,1080.0,interface,-0.0028850232718009776
v23,Java,ocr_only,18,1020.0,1080.0,implements,0.01438903193875901
v23,Java,ocr_only,18,1020.0,1080.0,extends,0.01381464893463337
v23,Java,ocr_only,18,1020.0,1080.0,inheritance,0.01607095016968524
v23,Java,ocr_only,18,1020.0,1080.0,abstract class,0.029269069972593202
v23,Java,ocr_only,18,1020.0,1080.0,abstract method,-0.011348006304613908
v23,Java,ocr_only,19,1080.0,1140.0,class,0.05693542236916507
v23,Java,ocr_only,19,1080.0,1140.0,object,0.10030719858769124
v23,Java,ocr_only,19,1080.0,1140.0,method,0.01241264037179416
v23,Java,ocr_only,19,1080.0,1140.0,interface,0.01652435244976448
v23,Java,ocr_only,19,1080.0,1140.0,implements,0.05301914095929475
v23,Java,ocr_only,19,1080.0,1140.0,extends,0.03424471171002735
v23,Java,ocr_only,19,1080.0,1140.0,inheritance,0.028546808066346296
v23,Java,ocr_only,19,1080.0,1140.0,abstract class,0.05433303974145081
v23,Java,ocr_only,19,1080.0,1140.0,abstract method,0.005183727285169431
v23,Java,ocr_only,20,1140.0,1200.0,class,0.1126262024121226
v23,Java,ocr_only,20,1140.0,1200.0,object,0.002444160004034787
v23,Java,ocr_only,20,1140.0,1200.0,method,-0.024058563931165934
v23,Java,ocr_only,20,1140.0,1200.0,interface,0.02236347102842617
v23,Java,ocr_only,20,1140.0,1200.0,implements,0.06355881230601276
v23,Java,ocr_only,20,1140.0,1200.0,extends,0.012259191124781306
v23,Java,ocr_only,20,1140.0,1200.0,inheritance,-0.006309579993714537
v23,Java,ocr_only,20,1140.0,1200.0,abstract class,0.010314054094534932
v23,Java,ocr_only,20,1140.0,1200.0,abstract method,-0.07824863171286484
v23,Java,ocr_only,21,1200.0,1260.0,class,-0.005924369566861516
v23,Java,ocr_only,21,1200.0,1260.0,object,-0.011871199751425107
v23,Java,ocr_only,21,1200.0,1260.0,method,0.005292567225341118
v23,Java,ocr_only,21,1200.0,1260.0,interface,-0.004956961671091284
v23,Java,ocr_only,21,1200.0,1260.0,implements,-0.0072967274285240125
v23,Java,ocr_only,21,1200.0,1260.0,extends,0.005040629674989373
v23,Java,ocr_only,21,1200.0,1260.0,inheritance,-0.0006326823541104914
v23,Java,ocr_only,21,1200.0,1260.0,abstract class,-0.0019669275251450466
v23,Java,ocr_only,21,1200.0,1260.0,abstract method,0.009570908917083553
v23,Java,ocr_only,22,1260.0,1320.0,class,-0.04610686092159155
v23,Java,ocr_only,22,1260.0,1320.0,object,-0.0034764831549763606
v23,Java,ocr_only,22,1260.0,1320.0,method,0.0330159579166405
v23,Java,ocr_only,22,1260.0,1320.0,interface,0.0022791861129963613
v23,Java,ocr_only,22,1260.0,1320.0,implements,-0.020799458234750524
v23,Java,ocr_only,22,1260.0,1320.0,extends,0.011156959455760567
v23,Java,ocr_only,22,1260.0,1320.0,inheritance,0.01355511178279661
v23,Java,ocr_only,22,1260.0,1320.0,abstract class,-0.0020209621466519127
v23,Java,ocr_only,22,1260.0,1320.0,abstract method,0.04879090251962908
v23,Java,ocr_only,23,1320.0,1380.0,class,-0.032639529429041726
v23,Java,ocr_only,23,1320.0,1380.0,object,-0.0010030370841804244
v23,Java,ocr_only,23,1320.0,1380.0,method,0.02815321649356216
v23,Java,ocr_only,23,1320.0,1380.0,interface,0.007713293790801308
v23,Java,ocr_only,23,1320.0,1380.0,implements,-0.01338891248296273
v23,Java,ocr_only,23,1320.0,1380.0,extends,0.011625591848534015
v23,Java,ocr_only,23,1320.0,1380.0,inheritance,0.012919123938625895
v23,Java,ocr_only,23,1320.0,1380.0,abstract class,-0.007620543175191194
v23,Java,ocr_only,23,1320.0,1380.0,abstract method,0.03492959617319785
v23,Java,ocr_only,24,1380.0,1440.0,class,0.08145876205695762
v23,Java,ocr_only,24,1380.0,1440.0,object,-0.018397446998079776
v23,Java,ocr_only,24,1380.0,1440.0,method,-0.06256512720533337
v23,Java,ocr_only,24,1380.0,1440.0,interface,-0.021201391316087333
v23,Java,ocr_only,24,1380.0,1440.0,implements,0.020402414609436086
v23,Java,ocr_only,24,1380.0,1440.0,extends,-0.013962756840094176
v23,Java,ocr_only,24,1380.0,1440.0,inheritance,-0.028592019127973385
v23,Java,ocr_only,24,1380.0,1440.0,abstract class,-0.005334981902962191
v23,Java,ocr_only,24,1380.0,1440.0,abstract method,-0.06627687375739649
v23,Java,ocr_only,25,1440.0,1500.0,class,-0.004306405667909783
v23,Java,ocr_only,25,1440.0,1500.0,object,0.010898201736406729
v23,Java,ocr_only,25,1440.0,1500.0,method,0.01273517165572955
v23,Java,ocr_only,25,1440.0,1500.0,interface,0.009166619961570819
v23,Java,ocr_only,25,1440.0,1500.0,implements,5.727067314026893e-05
v23,Java,ocr_only,25,1440.0,1500.0,extends,0.0005639583578608008
v23,Java,ocr_only,25,1440.0,1500.0,inheritance,0.0023535601154182242
v23,Java,ocr_only,25,1440.0,1500.0,abstract class,0.006467219456126738
v23,Java,ocr_only,25,1440.0,1500.0,abstract method,0.025876063176023492
v23,Java,ocr_only,26,1500.0,1560.0,class,-0.013288375634659302
v23,Java,ocr_only,26,1500.0,1560.0,object,0.003455432110400997
v23,Java,ocr_only,26,1500.0,1560.0,method,0.009051675351177235
v23,Java,ocr_only,26,1500.0,1560.0,interface,0.0021161086863641203
v23,Java,ocr_only,26,1500.0,1560.0,implements,-0.005674344536837557
v23,Java,ocr_only,26,1500.0,1560.0,extends,0.0028761151810077846
v23,Java,ocr_only,26,1500.0,1560.0,inheritance,0.005901885070716451
v23,Java,ocr_only,26,1500.0,1560.0,abstract class,0.0026313835758939234
v23,Java,ocr_only,26,1500.0,1560.0,abstract method,0.022824513425307547
v23,Java,ocr_only,27,1560.0,1620.0,class,-0.01468548004324885
v23,Java,ocr_only,27,1560.0,1620.0,object,0.003373534234324409
v23,Java,ocr_only,27,1560.0,1620.0,method,0.010969909307692803
v23,Java,ocr_only,27,1560.0,1620.0,interface,0.0022008510492912436
v23,Java,ocr_only,27,1560.0,1620.0,implements,-0.0062124688025293594
v23,Java,ocr_only,27,1560.0,1620.0,extends,0.0028821944800017855
v23,Java,ocr_only,27,1560.0,1620.0,inheritance,0.006643926887755568
v23,Java,ocr_only,27,1560.0,1620.0,abstract class,0.0010270505461822416
v23,Java,ocr_only,27,1560.0,1620.0,abstract method,0.021899496426931845
v23,Java,ocr_only,28,1620.0,1680.0,class,0.21453427245550336
v23,Java,ocr_only,28,1620.0,1680.0,object,0.1885092693034223
v23,Java,ocr_only,28,1620.0,1680.0,method,0.2740435219079671
v23,Java,ocr_only,28,1620.0,1680.0,interface,0.40838365420348666
v23,Java,ocr_only,28,1620.0,1680.0,implements,0.41797216071938686
v23,Java,ocr_only,28,1620.0,1680.0,extends,0.22500292966068008
v23,Java,ocr_only,28,1620.0,1680.0,inheritance,0.22604119256243219
v23,Java,ocr_only,28,1620.0,1680.0,abstract class,0.2329210999185795
v23,Java,ocr_only,28,1620.0,1680.0,abstract method,-0.019754483762006846
v23,Java,ocr_only,29,1680.0,1740.0,class,-0.01041538114055813
v23,Java,ocr_only,29,1680.0,1740.0,object,0.012926857323411253
v23,Java,ocr_only,29,1680.0,1740.0,method,-0.024713971293308656
v23,Java,ocr_only,29,1680.0,1740.0,interface,-0.021151174067680176
v23,Java,ocr_only,29,1680.0,1740.0,implements,0.010664842350394962
v23,Java,ocr_only,29,1680.0,1740.0,extends,-0.0014677691465167148
v23,Java,ocr_only,29,1680.0,1740.0,inheritance,-0.008104896596775575
v23,Java,ocr_only,29,1680.0,1740.0,abstract class,-0.01436156184617285
v23,Java,ocr_only,29,1680.0,1740.0,abstract method,-0.03825458405547225
v23,Java,ocr_only,30,1740.0,1800.0,class,0.10586038923091987
v23,Java,ocr_only,30,1740.0,1800.0,object,0.1738948726659831
v23,Java,ocr_only,30,1740.0,1800.0,method,0.03188266715270224
v23,Java,ocr_only,30,1740.0,1800.0,interface,0.028717750876043283
v23,Java,ocr_only,30,1740.0,1800.0,implements,0.10739066513625463
v23,Java,ocr_only,30,1740.0,1800.0,extends,0.13952315037600538
v23,Java,ocr_only,30,1740.0,1800.0,inheritance,0.12072574804418201
v23,Java,ocr_only,30,1740.0,1800.0,abstract class,0.11073563669779908
v23,Java,ocr_only,30,1740.0,1800.0,abstract method,-0.017766716159104627
v23,Java,ocr_only,31,1800.0,1860.0,class,-0.037792735280171436
v23,Java,ocr_only,31,1800.0,1860.0,object,0.03407763836253896
v23,Java,ocr_only,31,1800.0,1860.0,method,-0.025786590386522767
v23,Java,ocr_only,31,1800.0,1860.0,interface,0.01623293704838311
v23,Java,ocr_only,31,1800.0,1860.0,implements,0.042425888206074076
v23,Java,ocr_only,31,1800.0,1860.0,extends,0.044038117938984205
v23,Java,ocr_only,31,1800.0,1860.0,inheritance,-0.0004498689488856049
v23,Java,ocr_only,31,1800.0,1860.0,abstract class,0.03244975896062089
v23,Java,ocr_only,31,1800.0,1860.0,abstract method,0.055946205654512964
v23,Java,ocr_only,32,1860.0,1920.0,class,0.029528678373201937
v23,Java,ocr_only,32,1860.0,1920.0,object,0.1209900511931988
v23,Java,ocr_only,32,1860.0,1920.0,method,-0.014280724760337914
v23,Java,ocr_only,32,1860.0,1920.0,interface,-0.017568303630348735
v23,Java,ocr_only,32,1860.0,1920.0,implements,0.005413326044241251
v23,Java,ocr_only,32,1860.0,1920.0,extends,-0.01903170568269218
v23,Java,ocr_only,32,1860.0,1920.0,inheritance,-0.03160551307946903
v23,Java,ocr_only,32,1860.0,1920.0,abstract class,0.06121711503369121
v23,Java,ocr_only,32,1860.0,1920.0,abstract method,0.026536084094015384
v24,Java,ocr_only,1,0.0,60.0,class,0.040224466203040904
v24,Java,ocr_only,1,0.0,60.0,object,0.03340392263959986
v24,Java,ocr_only,1,0.0,60.0,method,0.11630715560026385
v24,Java,ocr_only,1,0.0,60.0,interface,0.054438398434826
v24,Java,ocr_only,1,0.0,60.0,implements,0.032820458140716886
v24,Java,ocr_only,1,0.0,60.0,extends,0.02376614519668172
v24,Java,ocr_only,1,0.0,60.0,inheritance,0.026819947626694356
v24,Java,ocr_only,1,0.0,60.0,abstract class,0.04116388058016813
v24,Java,ocr_only,1,0.0,60.0,abstract method,0.10852663602599653
v24,Java,ocr_only,2,60.0,120.0,class,0.04363494779796077
v24,Java,ocr_only,2,60.0,120.0,object,0.049814399732034303
v24,Java,ocr_only,2,60.0,120.0,method,0.10073537247991278
v24,Java,ocr_only,2,60.0,120.0,interface,0.05097146261964151
v24,Java,ocr_only,2,60.0,120.0,implements,0.04485264775384377
v24,Java,ocr_only,2,60.0,120.0,extends,0.015562093106438609
v24,Java,ocr_only,2,60.0,120.0,inheritance,0.02092190645047064
v24,Java,ocr_only,2,60.0,120.0,abstract class,0.04259063068462255
v24,Java,ocr_only,2,60.0,120.0,abstract method,0.0879484770703024
v24,Java,ocr_only,3,120.0,180.0,class,0.05277197894974495
v24,Java,ocr_only,3,120.0,180.0,object,0.06343451780095395
v24,Java,ocr_only,3,120.0,180.0,method,0.10949463437775132
v24,Java,ocr_only,3,120.0,180.0,interface,0.0660930959384261
v24,Java,ocr_only,3,120.0,180.0,implements,0.059319953273295666
v24,Java,ocr_only,3,120.0,180.0,extends,0.03229069871407284
v24,Java,ocr_only,3,120.0,180.0,inheritance,0.03378808128702181
v24,Java,ocr_only,3,120.0,180.0,abstract class,0.05205739273653419
v24,Java,ocr_only,3,120.0,180.0,abstract method,0.08721903040169295
v24,Java,ocr_only,4,180.0,240.0,class,0.045721136579712746
v24,Java,ocr_only,4,180.0,240.0,object,0.0660606883067706
v24,Java,ocr_only,4,180.0,240.0,method,0.09330155446631552
v24,Java,ocr_only,4,180.0,240.0,interface,0.05013310140893852
v24,Java,ocr_only,4,180.0,240.0,implements,0.053881764154543606
v24,Java,ocr_only,4,180.0,240.0,extends,0.029552025395616525
v24,Java,ocr_only,4,180.0,240.0,inheritance,0.028907772179119134
v24,Java,ocr_only,4,180.0,240.0,abstract class,0.04992136939116544
v24,Java,ocr_only,4,180.0,240.0,abstract method,0.07697275788144824
v24,Java,ocr_only,5,240.0,300.0,class,0.03995306519682396
v24,Java,ocr_only,5,240.0,300.0,object,0.05166423656138897
v24,Java,ocr_only,5,240.0,300.0,method,0.09176647314828403
v24,Java,ocr_only,5,240.0,300.0,interface,0.043800245967704335
v24,Java,ocr_only,5,240.0,300.0,implements,0.04009084121155769
v24,Java,ocr_only,5,240.0,300.0,extends,0.019076163792972764
v24,Java,ocr_only,5,240.0,300.0,inheritance,0.02171247621903552
v24,Java,ocr_only,5,240.0,300.0,abstract class,0.039318722651162874
v24,Java,ocr_only,5,240.0,300.0,abstract method,0.08026774379330778
v24,Java,ocr_only,6,300.0,360.0,class,0.04643510426694124
v24,Java,ocr_only,6,300.0,360.0,object,0.06076602154963888
v24,Java,ocr_only,6,300.0,360.0,method,0.09717561206538457
v24,Java,ocr_only,6,300.0,360.0,interface,0.05486154265809256
v24,Java,ocr_only,6,300.0,360.0,implements,0.056875565529398965
v24,Java,ocr_only,6,300.0,360.0,extends,0.03350946715062846
v24,Java,ocr_only,6,300.0,360.0,inheritance,0.03397490119872671
v24,Java,ocr_only,6,300.0,360.0,abstract class,0.05046850143093022
v24,Java,ocr_only,6,300.0,360.0,abstract method,0.07873311979115304
v24,Java,ocr_only,7,360.0,420.0,class,0.05427217980376907
v24,Java,ocr_only,7,360.0,420.0,object,0.05146348283365177
v24,Java,ocr_only,7,360.0,420.0,method,0.14984461829564183
v24,Java,ocr_only,7,360.0,420.0,interface,0.10945345279162898
v24,Java,ocr_only,7,360.0,420.0,implements,0.08801950583968152
v24,Java,ocr_only,7,360.0,420.0,extends,0.04356244698653288
v24,Java,ocr_only,7,360.0,420.0,inheritance,0.047166455138238354
v24,Java,ocr_only,7,360.0,420.0,abstract class,0.09063815036564894
v24,Java,ocr_only,7,360.0,420.0,abstract method,0.13616712736883346
v24,Java,ocr_only,8,420.0,480.0,class,0.04769104765367929
v24,Java,ocr_only,8,420.0,480.0,object,0.04167381623090588
v24,Java,ocr_only,8,420.0,480.0,method,0.11431157376426579
v24,Java,ocr_only,8,420.0,480.0,interface,0.06588708406373885
v24,Java,ocr_only,8,420.0,480.0,implements,0.054927719308639225
v24,Java,ocr_only,8,420.0,480.0,extends,0.03667555776091622
v24,Java,ocr_only,8,420.0,480.0,inheritance,0.03753212940874126
v24,Java,ocr_only,8,420.0,480.0,abstract class,0.04311819313563267
v24,Java,ocr_only,8,420.0,480.0,abstract method,0.09423293906734403
v24,Java,ocr_only,9,480.0,540.0,class,0.012539790528824516
v24,Java,ocr_only,9,480.0,540.0,object,-0.00722263564505371
v24,Java,ocr_only,9,480.0,540.0,method,0.10865724384075127
v24,Java,ocr_only,9,480.0,540.0,interface,0.049143918884452194
v24,Java,ocr_only,9,480.0,540.0,implements,0.012368015804034512
v24,Java,ocr_only,9,480.0,540.0,extends,0.016379967054287875
v24,Java,ocr_only,9,480.0,540.0,inheritance,0.00857997934451074
v24,Java,ocr_only,9,480.0,540.0,abstract class,0.004994214985447394
v24,Java,ocr_only,9,480.0,540.0,abstract method,0.09999933479480629
v24,Java,ocr_only,10,540.0,600.0,class,-0.0022802900989330834
v24,Java,ocr_only,10,540.0,600.0,object,-0.02448975411262887
v24,Java,ocr_only,10,540.0,600.0,method,0.10954650041218818
v24,Java,ocr_only,10,540.0,600.0,interface,0.0466638825986573
v24,Java,ocr_only,10,540.0,600.0,implements,-0.004227408770442974
v24,Java,ocr_only,10,540.0,600.0,extends,0.011666157229486633
v24,Java,ocr_only,10,540.0,600.0,inheritance,0.0025984000023803124
v24,Java,ocr_only,10,540.0,600.0,abstract class,-0.00980663248321198
v24,Java,ocr_only,10,540.0,600.0,abstract method,0.1007821760415092
v24,Java,ocr_only,11,600.0,660.0,class,0.006351387081638819
v24,Java,ocr_only,11,600.0,660.0,object,-0.009423978686258818
v24,Java,ocr_only,11,600.0,660.0,method,0.1121011995590001
v24,Java,ocr_only,11,600.0,660.0,interface,0.05426757794749761
v24,Java,ocr_only,11,600.0,660.0,implements,0.010945827866454812
v24,Java,ocr_only,11,600.0,660.0,extends,0.019642730743339852
v24,Java,ocr_only,11,600.0,660.0,inheritance,0.010326925385720597
v24,Java,ocr_only,11,600.0,660.0,abstract class,0.0017948963255652625
v24,Java,ocr_only,11,600.0,660.0,abstract method,0.10203253482288908
v24,Java,ocr_only,12,660.0,720.0,class,0.04738104807366089
v24,Java,ocr_only,12,660.0,720.0,object,0.02612810046091167
v24,Java,ocr_only,12,660.0,720.0,method,0.11891854984265085
v24,Java,ocr_only,12,660.0,720.0,interface,0.07881845650706917
v24,Java,ocr_only,12,660.0,720.0,implements,0.06061703097818326
v24,Java,ocr_only,12,660.0,720.0,extends,0.058736321567803146
v24,Java,ocr_only,12,660.0,720.0,inheritance,0.04529556576172737
v24,Java,ocr_only,12,660.0,720.0,abstract class,0.04120000788751989
v24,Java,ocr_only,12,660.0,720.0,abstract method,0.0954872968714924
v25,Java,ocr_only,1,0.0,60.0,class,0.11191734738432316
v25,Java,ocr_only,1,0.0,60.0,object,0.26949580249981964
v25,Java,ocr_only,1,0.0,60.0,method,0.07896221562445323
v25,Java,ocr_only,1,0.0,60.0,interface,0.097812156199048
v25,Java,ocr_only,1,0.0,60.0,implements,0.10355980906947128
v25,Java,ocr_only,1,0.0,60.0,extends,0.10333293782946025
v25,Java,ocr_only,1,0.0,60.0,inheritance,0.08306954750981767
v25,Java,ocr_only,1,0.0,60.0,abstract class,0.20561367657221008
v25,Java,ocr_only,1,0.0,60.0,abstract method,0.10413124163068563
v25,Java,ocr_only,2,60.0,120.0,class,0.07505578605246793
v25,Java,ocr_only,2,60.0,120.0,object,0.02571071417345302
v25,Java,ocr_only,2,60.0,120.0,method,0.13820218327847394
v25,Java,ocr_only,2,60.0,120.0,interface,0.19912406453406864
v25,Java,ocr_only,2,60.0,120.0,implements,0.20861364284019757
v25,Java,ocr_only,2,60.0,120.0,extends,0.03904474511108299
v25,Java,ocr_only,2,60.0,120.0,inheritance,0.036792396221801624
v25,Java,ocr_only,2,60.0,120.0,abstract class,0.10094672681533168
v25,Java,ocr_only,2,60.0,120.0,abstract method,0.126993802569089
v25,Java,ocr_only,3,120.0,180.0,class,0.06973578454687666
v25,Java,ocr_only,3,120.0,180.0,object,0.04519875104312911
v25,Java,ocr_only,3,120.0,180.0,method,0.1480275410544175
v25,Java,ocr_only,3,120.0,180.0,interface,0.20770356710183305
v25,Java,ocr_only,3,120.0,180.0,implements,0.23131380926226577
v25,Java,ocr_only,3,120.0,180.0,extends,0.051426980357131655
v25,Java,ocr_only,3,120.0,180.0,inheritance,0.049788873072096625
v25,Java,ocr_only,3,120.0,180.0,abstract class,0.09090680228786419
v25,Java,ocr_only,3,120.0,180.0,abstract method,0.12392610978969434
v25,Java,ocr_only,4,180.0,240.0,class,0.0556527362920088
v25,Java,ocr_only,4,180.0,240.0,object,0.061260395675256284
v25,Java,ocr_only,4,180.0,240.0,method,0.0838020657222732
v25,Java,ocr_only,4,180.0,240.0,interface,0.1385947026390655
v25,Java,ocr_only,4,180.0,240.0,implements,0.21546765486913366
v25,Java,ocr_only,4,180.0,240.0,extends,0.055838327695899394
v25,Java,ocr_only,4,180.0,240.0,inheritance,0.04982160799293916
v25,Java,ocr_only,4,180.0,240.0,abstract class,0.05461557991524432
v25,Java,ocr_only,4,180.0,240.0,abstract method,0.045208900908810336
v25,Java,ocr_only,5,240.0,300.0,class,0.02947339699670114
v25,Java,ocr_only,5,240.0,300.0,object,0.06111370710822012
v25,Java,ocr_only,5,240.0,300.0,method,0.033022859553095196
v25,Java,ocr_only,5,240.0,300.0,interface,0.08312448000030248
v25,Java,ocr_only,5,240.0,300.0,implements,0.185773363080235
v25,Java,ocr_only,5,240.0,300.0,extends,0.04195619218953703
v25,Java,ocr_only,5,240.0,300.0,inheritance,0.04085235765184109
v25,Java,ocr_only,5,240.0,300.0,abstract class,0.0014180859866838947
v25,Java,ocr_only,5,240.0,300.0,abstract method,-0.020478120648368524
v25,Java,ocr_only,6,300.0,360.0,class,0.05001079197820388
v25,Java,ocr_only,6,300.0,360.0,object,0.084821680463366
v25,Java,ocr_only,6,300.0,360.0,method,0.06536648130349587
v25,Java,ocr_only,6,300.0,360.0,interface,0.10480796213298096
v25,Java,ocr_only,6,300.0,360.0,implements,0.2040797203206507
v25,Java,ocr_only,6,300.0,360.0,extends,0.06805382108837368
v25,Java,ocr_only,6,300.0,360.0,inheritance,0.06660857704994895
v25,Java,ocr_only,6,300.0,360.0,abstract class,0.028648182089226124
v25,Java,ocr_only,6,300.0,360.0,abstract method,-0.007817756769642706
v25,Java,ocr_only,7,360.0,420.0,class,0.0
v25,Java,ocr_only,7,360.0,420.0,object,0.0
v25,Java,ocr_only,7,360.0,420.0,method,0.0
v25,Java,ocr_only,7,360.0,420.0,interface,0.0
v25,Java,ocr_only,7,360.0,420.0,implements,0.0
v25,Java,ocr_only,7,360.0,420.0,extends,0.0
v25,Java,ocr_only,7,360.0,420.0,inheritance,0.0
v25,Java,ocr_only,7,360.0,420.0,abstract class,0.0
v25,Java,ocr_only,7,360.0,420.0,abstract method,0.0
v26,Java,ocr_only,1,0.0,60.0,class,0.03251998051843582
v26,Java,ocr_only,1,0.0,60.0,object,0.03905873089954167
v26,Java,ocr_only,1,0.0,60.0,method,0.030467824155594535
v26,Java,ocr_only,1,0.0,60.0,interface,0.04225129688631278
v26,Java,ocr_only,1,0.0,60.0,implements,0.14496473772320825
v26,Java,ocr_only,1,0.0,60.0,extends,0.04417222282738364
v26,Java,ocr_only,1,0.0,60.0,inheritance,0.04187461536499637
v26,Java,ocr_only,1,0.0,60.0,abstract class,0.04288064397684442
v26,Java,ocr_only,1,0.0,60.0,abstract method,0.011844424923693923
v26,Java,ocr_only,2,60.0,120.0,class,-0.000655912601866685
v26,Java,ocr_only,2,60.0,120.0,object,-0.0004082423194905472
v26,Java,ocr_only,2,60.0,120.0,method,0.00030693468158130417
v26,Java,ocr_only,2,60.0,120.0,interface,-0.011905402734086674
v26,Java,ocr_only,2,60.0,120.0,implements,0.07908337229075937
v26,Java,ocr_only,2,60.0,120.0,extends,0.0009776461000609662
v26,Java,ocr_only,2,60.0,120.0,inheritance,0.0017588032580308631
v26,Java,ocr_only,2,60.0,120.0,abstract class,0.004585801135268505
v26,Java,ocr_only,2,60.0,120.0,abstract method,0.005026923466700664
v26,Java,ocr_only,3,120.0,180.0,class,0.001034955871944848
v26,Java,ocr_only,3,120.0,180.0,object,0.003880098508424032
v26,Java,ocr_only,3,120.0,180.0,method,-0.0007416068707404402
v26,Java,ocr_only,3,120.0,180.0,interface,0.001846885835283359
v26,Java,ocr_only,3,120.0,180.0,implements,0.09967652050716592
v26,Java,ocr_only,3,120.0,180.0,extends,0.0017238360020182305
v26,Java,ocr_only,3,120.0,180.0,inheritance,0.0005864854588291458
v26,Java,ocr_only,3,120.0,180.0,abstract class,0.004995674442685039
v26,Java,ocr_only,3,120.0,180.0,abstract method,6.529177443381023e-05
v26,Java,ocr_only,4,180.0,240.0,class,0.002761410568157978
v26,Java,ocr_only,4,180.0,240.0,object,0.005328575201351608
v26,Java,ocr_only,4,180.0,240.0,method,-0.00019838970756125632
v26,Java,ocr_only,4,180.0,240.0,interface,0.003575359649649428
v26,Java,ocr_only,4,180.0,240.0,implements,0.10369587201086353
v26,Java,ocr_only,4,180.0,240.0,extends,0.0026358265971748035
v26,Java,ocr_only,4,180.0,240.0,inheritance,0.0021298931354644494
v26,Java,ocr_only,4,180.0,240.0,abstract class,0.008413965374239156
v26,Java,ocr_only,4,180.0,240.0,abstract method,0.002432553726684633
v26,Java,ocr_only,5,240.0,300.0,class,0.005355575332066095
v26,Java,ocr_only,5,240.0,300.0,object,0.006428855179987563
v26,Java,ocr_only,5,240.0,300.0,method,0.0077971759472427165
v26,Java,ocr_only,5,240.0,300.0,interface,0.007465021430030257
v26,Java,ocr_only,5,240.0,300.0,implements,0.10426718977258705
v26,Java,ocr_only,5,240.0,300.0,extends,0.002640988827395079
v26,Java,ocr_only,5,240.0,300.0,inheritance,0.0015398528110158035
v26,Java,ocr_only,5,240.0,300.0,abstract class,0.031080984645114343
v26,Java,ocr_only,5,240.0,300.0,abstract method,0.027031346190707642
v26,Java,ocr_only,6,300.0,360.0,class,0.001523364283689048
v26,Java,ocr_only,6,300.0,360.0,object,0.004088123306721842
v26,Java,ocr_only,6,300.0,360.0,method,0.009323817190796033
v26,Java,ocr_only,6,300.0,360.0,interface,0.0043290665205464665
v26,Java,ocr_only,6,300.0,360.0,implements,0.09686205114093724
v26,Java,ocr_only,6,300.0,360.0,extends,0.0007323864934591284
v26,Java,ocr_only,6,300.0,360.0,inheritance,-0.0006895784137242721
v26,Java,ocr_only,6,300.0,360.0,abstract class,0.03168528856012286
v26,Java,ocr_only,6,300.0,360.0,abstract method,0.03488327855870834
v27,Java,ocr_only,1,0.0,60.0,class,0.1338665866759561
v27,Java,ocr_only,1,0.0,60.0,object,0.18571172757748805
v27,Java,ocr_only,1,0.0,60.0,method,0.029970283979608152
v27,Java,ocr_only,1,0.0,60.0,interface,-0.027558037529944162
v27,Java,ocr_only,1,0.0,60.0,implements,0.0917810308911413
v27,Java,ocr_only,1,0.0,60.0,extends,0.07778037336768336
v27,Java,ocr_only,1,0.0,60.0,inheritance,0.06266983153400486
v27,Java,ocr_only,1,0.0,60.0,abstract class,0.13915612852959786
v27,Java,ocr_only,1,0.0,60.0,abstract method,-0.009950316495537143
v27,Java,ocr_only,2,60.0,120.0,class,0.11794440439121877
v27,Java,ocr_only,2,60.0,120.0,object,0.17321358804017487
v27,Java,ocr_only,2,60.0,120.0,method,0.08720986307626648
v27,Java,ocr_only,2,60.0,120.0,interface,0.06484097645592704
v27,Java,ocr_only,2,60.0,120.0,implements,0.15983508318338474
v27,Java,ocr_only,2,60.0,120.0,extends,0.11359401966808783
v27,Java,ocr_only,2,60.0,120.0,inheritance,0.08464880952851606
v27,Java,ocr_only,2,60.0,120.0,abstract class,0.13679028749256386
v27,Java,ocr_only,2,60.0,120.0,abstract method,-0.009453088039524236
v27,Java,ocr_only,3,120.0,180.0,class,0.12450330501850831
v27,Java,ocr_only,3,120.0,180.0,object,0.18910280403295704
v27,Java,ocr_only,3,120.0,180.0,method,0.10919571223316574
v27,Java,ocr_only,3,120.0,180.0,interface,0.09798490155630386
v27,Java,ocr_only,3,120.0,180.0,implements,0.19704334554172356
v27,Java,ocr_only,3,120.0,180.0,extends,0.12599331501101416
v27,Java,ocr_only,3,120.0,180.0,inheritance,0.10499052382543812
v27,Java,ocr_only,3,120.0,180.0,abstract class,0.15411234768076285
v27,Java,ocr_only,3,120.0,180.0,abstract method,-0.013071377904042912
v27,Java,ocr_only,4,180.0,240.0,class,0.11837660893635196
v27,Java,ocr_only,4,180.0,240.0,object,0.1768565172195385
v27,Java,ocr_only,4,180.0,240.0,method,0.11652521575102825
v27,Java,ocr_only,4,180.0,240.0,interface,0.12678454501759756
v27,Java,ocr_only,4,180.0,240.0,implements,0.2150915812084668
v27,Java,ocr_only,4,180.0,240.0,extends,0.1443710348417011
v27,Java,ocr_only,4,180.0,240.0,inheritance,0.11025018581333658
v27,Java,ocr_only,4,180.0,240.0,abstract class,0.14564069601334687
v27,Java,ocr_only,4,180.0,240.0,abstract method,-0.012519779798651558
v27,Java,ocr_only,5,240.0,300.0,class,0.12105820646636126
v27,Java,ocr_only,5,240.0,300.0,object,0.1724167505661699
v27,Java,ocr_only,5,240.0,300.0,method,0.11882386332163303
v27,Java,ocr_only,5,240.0,300.0,interface,0.1385861152475448
v27,Java,ocr_only,5,240.0,300.0,implements,0.2243534715422934
v27,Java,ocr_only,5,240.0,300.0,extends,0.16405172604654678
v27,Java,ocr_only,5,240.0,300.0,inheritance,0.12254848220517756
v27,Java,ocr_only,5,240.0,300.0,abstract class,0.14813990018850953
v27,Java,ocr_only,5,240.0,300.0,abstract method,-0.015289655190816749
v27,Java,ocr_only,6,300.0,360.0,class,0.05414395817202176
v27,Java,ocr_only,6,300.0,360.0,object,0.05393216767321252
v27,Java,ocr_only,6,300.0,360.0,method,0.0322682206653821
v27,Java,ocr_only,6,300.0,360.0,interface,0.024297034024540157
v27,Java,ocr_only,6,300.0,360.0,implements,0.06284333711174975
v27,Java,ocr_only,6,300.0,360.0,extends,0.09961340608042728
v27,Java,ocr_only,6,300.0,360.0,inheritance,0.03881974799733357
v27,Java,ocr_only,6,300.0,360.0,abstract class,0.04901038008889925
v27,Java,ocr_only,6,300.0,360.0,abstract method,-0.0030385639708207014
v27,Java,ocr_only,7,360.0,420.0,class,0.0299761972847839
v27,Java,ocr_only,7,360.0,420.0,object,0.024235411764525542
v27,Java,ocr_only,7,360.0,420.0,method,0.014775514697272236
v27,Java,ocr_only,7,360.0,420.0,interface,0.018994728276848685
v27,Java,ocr_only,7,360.0,420.0,implements,0.041335928392769214
v27,Java,ocr_only,7,360.0,420.0,extends,0.09127406182165669
v27,Java,ocr_only,7,360.0,420.0,inheritance,0.024078746190470488
v27,Java,ocr_only,7,360.0,420.0,abstract class,0.021982502064836304
v27,Java,ocr_only,7,360.0,420.0,abstract method,-0.007297341111331785
v27,Java,ocr_only,8,420.0,480.0,class,0.028710746876607872
v27,Java,ocr_only,8,420.0,480.0,object,0.01792098025296432
v27,Java,ocr_only,8,420.0,480.0,method,0.010336353267278478
v27,Java,ocr_only,8,420.0,480.0,interface,0.020227428616427436
v27,Java,ocr_only,8,420.0,480.0,implements,0.03755687263567039
v27,Java,ocr_only,8,420.0,480.0,extends,0.09604869273089998
v27,Java,ocr_only,8,420.0,480.0,inheritance,0.025872660660119253
v27,Java,ocr_only,8,420.0,480.0,abstract class,0.018768163637217367
v27,Java,ocr_only,8,420.0,480.0,abstract method,-0.008525550532984101
v27,Java,ocr_only,9,480.0,540.0,class,0.031146439805029534
v27,Java,ocr_only,9,480.0,540.0,object,0.02125137836858239
v27,Java,ocr_only,9,480.0,540.0,method,0.018239623710096145
v27,Java,ocr_only,9,480.0,540.0,interface,0.03303291878955598
v27,Java,ocr_only,9,480.0,540.0,implements,0.05136709962398264
v27,Java,ocr_only,9,480.0,540.0,extends,0.1040620125879775
v27,Java,ocr_only,9,480.0,540.0,inheritance,0.0340017227626585
v27,Java,ocr_only,9,480.0,540.0,abstract class,0.025600810003841127
v27,Java,ocr_only,9,480.0,540.0,abstract method,-0.0028020036236283746
v28,Java,ocr_only,1,0.0,60.0,class,0.12931433544470344
v28,Java,ocr_only,1,0.0,60.0,object,0.12537246207862418
v28,Java,ocr_only,1,0.0,60.0,method,0.04604231551512825
v28,Java,ocr_only,1,0.0,60.0,interface,0.044970604707669164
v28,Java,ocr_only,1,0.0,60.0,implements,0.14341717292775394
v28,Java,ocr_only,1,0.0,60.0,extends,0.10429307293694737
v28,Java,ocr_only,1,0.0,60.0,inheritance,0.11302271095685151
v28,Java,ocr_only,1,0.0,60.0,abstract class,0.13966618655710586
v28,Java,ocr_only,1,0.0,60.0,abstract method,0.004302831822434502
v28,Java,ocr_only,2,60.0,120.0,class,0.004112905036193795
v28,Java,ocr_only,2,60.0,120.0,object,-0.004464191958242679
v28,Java,ocr_only,2,60.0,120.0,method,0.0014035568289903564
v28,Java,ocr_only,2,60.0,120.0,interface,0.0038270872541053768
v28,Java,ocr_only,2,60.0,120.0,implements,-0.000545748586083345
v28,Java,ocr_only,2,60.0,120.0,extends,0.0013350592181370405
v28,Java,ocr_only,2,60.0,120.0,inheritance,0.0035350669920085082
v28,Java,ocr_only,2,60.0,120.0,abstract class,-0.007658968349855244
v28,Java,ocr_only,2,60.0,120.0,abstract method,-0.016117998524395456
v28,Java,ocr_only,3,120.0,180.0,class,0.007872045148672622
v28,Java,ocr_only,3,120.0,180.0,object,-0.009666267001575931
v28,Java,ocr_only,3,120.0,180.0,method,0.005293364355642688
v28,Java,ocr_only,3,120.0,180.0,interface,0.006873567589734751
v28,Java,ocr_only,3,120.0,180.0,implements,-0.0011585154111866149
v28,Java,ocr_only,3,120.0,180.0,extends,-0.0025934505434845635
v28,Java,ocr_only,3,120.0,180.0,inheritance,0.0034250568813337743
v28,Java,ocr_only,3,120.0,180.0,abstract class,-0.011598541794633833
v28,Java,ocr_only,3,120.0,180.0,abstract method,-0.01757554971152662
v28,Java,ocr_only,4,180.0,240.0,class,0.20582445914389644
v28,Java,ocr_only,4,180.0,240.0,object,0.2652345896418272
v28,Java,ocr_only,4,180.0,240.0,method,0.17085278269094692
v28,Java,ocr_only,4,180.0,240.0,interface,0.1135198277490257
v28,Java,ocr_only,4,180.0,240.0,implements,0.16031391440522894
v28,Java,ocr_only,4,180.0,240.0,extends,0.1370503979041884
v28,Java,ocr_only,4,180.0,240.0,inheritance,0.12637610014213008
v28,Java,ocr_only,4,180.0,240.0,abstract class,0.3352473870013723
v28,Java,ocr_only,4,180.0,240.0,abstract method,0.21534110138256404
v28,Java,ocr_only,5,240.0,300.0,class,0.12163771993203955
v28,Java,ocr_only,5,240.0,300.0,object,0.13944937131858082
v28,Java,ocr_only,5,240.0,300.0,method,0.06580796712100248
v28,Java,ocr_only,5,240.0,300.0,interface,0.030561827847302613
v28,Java,ocr_only,5,240.0,300.0,implements,0.0839502040064492
v28,Java,ocr_only,5,240.0,300.0,extends,0.10630839900372259
v28,Java,ocr_only,5,240.0,300.0,inheritance,0.07645028111559003
v28,Java,ocr_only,5,240.0,300.0,abstract class,0.1785061634771412
v28,Java,ocr_only,5,240.0,300.0,abstract method,0.09344284116185786
v28,Java,ocr_only,6,300.0,360.0,class,0.03382963621833654
v28,Java,ocr_only,6,300.0,360.0,object,0.022355748320616407
v28,Java,ocr_only,6,300.0,360.0,method,-0.005796230838046007
v28,Java,ocr_only,6,300.0,360.0,interface,-0.006488896120312798
v28,Java,ocr_only,6,300.0,360.0,implements,0.048369432669246155
v28,Java,ocr_only,6,300.0,360.0,extends,0.05206692052158712
v28,Java,ocr_only,6,300.0,360.0,inheritance,0.011317617452280044
v28,Java,ocr_only,6,300.0,360.0,abstract class,0.05281909387518162
v28,Java,ocr_only,6,300.0,360.0,abstract method,0.01641352141060052
v28,Java,ocr_only,7,360.0,420.0,class,0.0565052139173745
v28,Java,ocr_only,7,360.0,420.0,object,0.06727788263269913
v28,Java,ocr_only,7,360.0,420.0,method,-0.00021426028992300517
v28,Java,ocr_only,7,360.0,420.0,interface,-0.01832233074560898
v28,Java,ocr_only,7,360.0,420.0,implements,0.043942761402085466
v28,Java,ocr_only,7,360.0,420.0,extends,0.07202200063280709
v28,Java,ocr_only,7,360.0,420.0,inheritance,0.026417499391534156
v28,Java,ocr_only,7,360.0,420.0,abstract class,0.08188404551633673
v28,Java,ocr_only,7,360.0,420.0,abstract method,0.026569372137273558
v28,Java,ocr_only,8,420.0,480.0,class,0.06271405655901377
v28,Java,ocr_only,8,420.0,480.0,object,0.05969263815447616
v28,Java,ocr_only,8,420.0,480.0,method,-0.0020840530559616964
v28,Java,ocr_only,8,420.0,480.0,interface,-0.021521174300585692
v28,Java,ocr_only,8,420.0,480.0,implements,0.040240710397248525
v28,Java,ocr_only,8,420.0,480.0,extends,0.08735917527745861
v28,Java,ocr_only,8,420.0,480.0,inheritance,0.04127218442503343
v28,Java,ocr_only,8,420.0,480.0,abstract class,0.08829241588514831
v28,Java,ocr_only,8,420.0,480.0,abstract method,0.02061742560919273
v28,Java,ocr_only,9,480.0,540.0,class,0.04958416985848967
v28,Java,ocr_only,9,480.0,540.0,object,0.03631787507394437
v28,Java,ocr_only,9,480.0,540.0,method,-0.007049422450222989
v28,Java,ocr_only,9,480.0,540.0,interface,-0.007384525107439123
v28,Java,ocr_only,9,480.0,540.0,implements,0.05795221483168914
v28,Java,ocr_only,9,480.0,540.0,extends,0.08644517016169408
v28,Java,ocr_only,9,480.0,540.0,inheritance,0.02993642858020715
v28,Java,ocr_only,9,480.0,540.0,abstract class,0.06854434910020497
v28,Java,ocr_only,9,480.0,540.0,abstract method,0.007737103387101443
v28,Java,ocr_only,10,540.0,600.0,class,0.04877673127648927
v28,Java,ocr_only,10,540.0,600.0,object,0.03664265500843819
v28,Java,ocr_only,10,540.0,600.0,method,-0.007595060101609604
v28,Java,ocr_only,10,540.0,600.0,interface,0.00795854767122248
v28,Java,ocr_only,10,540.0,600.0,implements,0.07176591983172965
v28,Java,ocr_only,10,540.0,600.0,extends,0.10528447799889955
v28,Java,ocr_only,10,540.0,600.0,inheritance,0.04254529198335361
v28,Java,ocr_only,10,540.0,600.0,abstract class,0.06379632451443891
v28,Java,ocr_only,10,540.0,600.0,abstract method,-0.011351343612831393
v28,Java,ocr_only,11,600.0,660.0,class,0.09019939232135604
v28,Java,ocr_only,11,600.0,660.0,object,0.07405501022959379
v28,Java,ocr_only,11,600.0,660.0,method,0.02607989140369044
v28,Java,ocr_only,11,600.0,660.0,interface,0.02776337901061482
v28,Java,ocr_only,11,600.0,660.0,implements,0.11112931760646849
v28,Java,ocr_only,11,600.0,660.0,extends,0.07168635851069047
v28,Java,ocr_only,11,600.0,660.0,inheritance,0.06791092792606504
v28,Java,ocr_only,11,600.0,660.0,abstract class,0.09912377295359157
v28,Java,ocr_only,11,600.0,660.0,abstract method,-0.001867781729531491
v28,Java,ocr_only,12,660.0,720.0,class,0.0700254381849632
v28,Java,ocr_only,12,660.0,720.0,object,0.05303079298608764
v28,Java,ocr_only,12,660.0,720.0,method,0.018662814092744735
v28,Java,ocr_only,12,660.0,720.0,interface,0.022730949661858884
v28,Java,ocr_only,12,660.0,720.0,implements,0.0915666600566931
v28,Java,ocr_only,12,660.0,720.0,extends,0.04657535591004916
v28,Java,ocr_only,12,660.0,720.0,inheritance,0.04426827149503234
v28,Java,ocr_only,12,660.0,720.0,abstract class,0.07468564545958793
v28,Java,ocr_only,12,660.0,720.0,abstract method,-0.0077597427985144785
v28,Java,ocr_only,13,720.0,780.0,class,0.0548976581944296
v28,Java,ocr_only,13,720.0,780.0,object,0.030285045282214887
v28,Java,ocr_only,13,720.0,780.0,method,0.025127688309648597
v28,Java,ocr_only,13,720.0,780.0,interface,0.02842913778765795
v28,Java,ocr_only,13,720.0,780.0,implements,0.07370244298239988
v28,Java,ocr_only,13,720.0,780.0,extends,0.03834382831694154
v28,Java,ocr_only,13,720.0,780.0,inheritance,0.030922287224914736
v28,Java,ocr_only,13,720.0,780.0,abstract class,0.03731881473283008
v28,Java,ocr_only,13,720.0,780.0,abstract method,-0.028426341844565814
v28,Java,ocr_only,14,780.0,840.0,class,0.0536693882894112
v28,Java,ocr_only,14,780.0,840.0,object,0.024366137916296576
v28,Java,ocr_only,14,780.0,840.0,method,0.01776620435565978
v28,Java,ocr_only,14,780.0,840.0,interface,0.029941549067507574
v28,Java,ocr_only,14,780.0,840.0,implements,0.06703237369251018
v28,Java,ocr_only,14,780.0,840.0,extends,0.08581337845864881
v28,Java,ocr_only,14,780.0,840.0,inheritance,0.036122713782449405
v28,Java,ocr_only,14,780.0,840.0,abstract class,0.02410808716151585
v28,Java,ocr_only,14,780.0,840.0,abstract method,-0.04408653438445295
v28,Java,ocr_only,15,840.0,900.0,class,0.049539300888139966
v28,Java,ocr_only,15,840.0,900.0,object,0.026949538584421735
v28,Java,ocr_only,15,840.0,900.0,method,0.015245666735824875
v28,Java,ocr_only,15,840.0,900.0,interface,0.027994754490576
v28,Java,ocr_only,15,840.0,900.0,implements,0.05775358853857937
v28,Java,ocr_only,15,840.0,900.0,extends,0.09648225493632223
v28,Java,ocr_only,15,840.0,900.0,inheritance,0.0400802343876414
v28,Java,ocr_only,15,840.0,900.0,abstract class,0.015337638692958967
v28,Java,ocr_only,15,840.0,900.0,abstract method,-0.0506858780624386
v29,Java,ocr_only,1,0.0,60.0,class,0.049511036370741376
v29,Java,ocr_only,1,0.0,60.0,object,0.027522348967909296
v29,Java,ocr_only,1,0.0,60.0,method,0.06526608207188447
v29,Java,ocr_only,1,0.0,60.0,interface,0.11540234879019261
v29,Java,ocr_only,1,0.0,60.0,implements,0.11268035022695101
v29,Java,ocr_only,1,0.0,60.0,extends,0.05398737220465122
v29,Java,ocr_only,1,0.0,60.0,inheritance,0.03252260367721043
v29,Java,ocr_only,1,0.0,60.0,abstract class,0.08654987781443084
v29,Java,ocr_only,1,0.0,60.0,abstract method,0.07135750891110533
v29,Java,ocr_only,2,60.0,120.0,class,0.10033920823795213
v29,Java,ocr_only,2,60.0,120.0,object,0.06737719422010692
v29,Java,ocr_only,2,60.0,120.0,method,0.09206857675051021
v29,Java,ocr_only,2,60.0,120.0,interface,0.07114486842103646
v29,Java,ocr_only,2,60.0,120.0,implements,0.11469397397922793
v29,Java,ocr_only,2,60.0,120.0,extends,0.08748191654152931
v29,Java,ocr_only,2,60.0,120.0,inheritance,0.06577647107789457
v29,Java,ocr_only,2,60.0,120.0,abstract class,0.22402858730884354
v29,Java,ocr_only,2,60.0,120.0,abstract method,0.15305916120177068
v29,Java,ocr_only,3,120.0,180.0,class,0.12173978205850983
v29,Java,ocr_only,3,120.0,180.0,object,0.14226638000824035
v29,Java,ocr_only,3,120.0,180.0,method,0.06380405367004265
v29,Java,ocr_only,3,120.0,180.0,interface,0.05692907222169258
v29,Java,ocr_only,3,120.0,180.0,implements,0.16113856648180963
v29,Java,ocr_only,3,120.0,180.0,extends,0.13917057333692281
v29,Java,ocr_only,3,120.0,180.0,inheritance,0.10950722840105824
v29,Java,ocr_only,3,120.0,180.0,abstract class,0.2289467919477066
v29,Java,ocr_only,3,120.0,180.0,abstract method,0.05673814874772705
v29,Java,ocr_only,4,180.0,240.0,class,0.14685178729010664
v29,Java,ocr_only,4,180.0,240.0,object,0.15604525576629508
v29,Java,ocr_only,4,180.0,240.0,method,0.061922110893674234
v29,Java,ocr_only,4,180.0,240.0,interface,0.05358050782356838
v29,Java,ocr_only,4,180.0,240.0,implements,0.17230095964886158
v29,Java,ocr_only,4,180.0,240.0,extends,0.15780406872847377
v29,Java,ocr_only,4,180.0,240.0,inheritance,0.1240248322085744
v29,Java,ocr_only,4,180.0,240.0,abstract class,0.25570957678524686
v29,Java,ocr_only,4,180.0,240.0,abstract method,0.056868895331393575
v29,Java,ocr_only,5,240.0,300.0,class,0.11997629301139376
v29,Java,ocr_only,5,240.0,300.0,object,0.13532165208720268
v29,Java,ocr_only,5,240.0,300.0,method,0.058977608054192096
v29,Java,ocr_only,5,240.0,300.0,interface,0.057046820333959705
v29,Java,ocr_only,5,240.0,300.0,implements,0.15620204580573283
v29,Java,ocr_only,5,240.0,300.0,extends,0.1356656378607856
v29,Java,ocr_only,5,240.0,300.0,inheritance,0.09826220700780357
v29,Java,ocr_only,5,240.0,300.0,abstract class,0.27609392577343544
v29,Java,ocr_only,5,240.0,300.0,abstract method,0.10686401637214181
v29,Java,ocr_only,6,300.0,360.0,class,0.09858776265300913
v29,Java,ocr_only,6,300.0,360.0,object,0.1166499230245901
v29,Java,ocr_only,6,300.0,360.0,method,0.06077911325993113
v29,Java,ocr_only,6,300.0,360.0,interface,0.06203840073665408
v29,Java,ocr_only,6,300.0,360.0,implements,0.1394920789684255
v29,Java,ocr_only,6,300.0,360.0,extends,0.1190236631107769
v29,Java,ocr_only,6,300.0,360.0,inheritance,0.0834180919154043
v29,Java,ocr_only,6,300.0,360.0,abstract class,0.24641377807920833
v29,Java,ocr_only,6,300.0,360.0,abstract method,0.10038386393739117
v29,Java,ocr_only,7,360.0,420.0,class,0.0900640061100413
v29,Java,ocr_only,7,360.0,420.0,object,0.10477293880330227
v29,Java,ocr_only,7,360.0,420.0,method,0.07754132592984606
v29,Java,ocr_only,7,360.0,420.0,interface,0.10159303312864257
v29,Java,ocr_only,7,360.0,420.0,implements,0.16884389732508107
v29,Java,ocr_only,7,360.0,420.0,extends,0.10180394463187632
v29,Java,ocr_only,7,360.0,420.0,inheritance,0.06617568315017286
v29,Java,ocr_only,7,360.0,420.0,abstract class,0.2656933665874147
v29,Java,ocr_only,7,360.0,420.0,abstract method,0.13650586144810062
v29,Java,ocr_only,8,420.0,480.0,class,0.08647919488751768
v29,Java,ocr_only,8,420.0,480.0,object,0.09802853179198506
v29,Java,ocr_only,8,420.0,480.0,method,0.07770671218983312
v29,Java,ocr_only,8,420.0,480.0,interface,0.09770824074915754
v29,Java,ocr_only,8,420.0,480.0,implements,0.1610185807129998
v29,Java,ocr_only,8,420.0,480.0,extends,0.09333593493659725
v29,Java,ocr_only,8,420.0,480.0,inheritance,0.05956226360957101
v29,Java,ocr_only,8,420.0,480.0,abstract class,0.24158994736281308
v29,Java,ocr_only,8,420.0,480.0,abstract method,0.11897031718025354
v29,Java,ocr_only,9,480.0,540.0,class,0.10985075667936241
v29,Java,ocr_only,9,480.0,540.0,object,0.12131424155438704
v29,Java,ocr_only,9,480.0,540.0,method,0.05669392098596607
v29,Java,ocr_only,9,480.0,540.0,interface,0.06772406048618487
v29,Java,ocr_only,9,480.0,540.0,implements,0.16209373958228973
v29,Java,ocr_only,9,480.0,540.0,extends,0.1253425104964819
v29,Java,ocr_only,9,480.0,540.0,inheritance,0.09315048556332109
v29,Java,ocr_only,9,480.0,540.0,abstract class,0.2287926191920386
v29,Java,ocr_only,9,480.0,540.0,abstract method,0.06198002292766805
v30,Java,ocr_only,1,0.0,60.0,class,0.14430160366346734
v30,Java,ocr_only,1,0.0,60.0,object,0.16300387526540122
v30,Java,ocr_only,1,0.0,60.0,method,0.024088887536348545
v30,Java,ocr_only,1,0.0,60.0,interface,0.013207373221709532
v30,Java,ocr_only,1,0.0,60.0,implements,0.05599218938246387
v30,Java,ocr_only,1,0.0,60.0,extends,0.1113985310263289
v30,Java,ocr_only,1,0.0,60.0,inheritance,0.03248652936681743
v30,Java,ocr_only,1,0.0,60.0,abstract class,0.5582685507450869
v30,Java,ocr_only,1,0.0,60.0,abstract method,0.43633598258492884
v30,Java,ocr_only,2,60.0,120.0,class,0.12566267543884493
v30,Java,ocr_only,2,60.0,120.0,object,0.1448240650413644
v30,Java,ocr_only,2,60.0,120.0,method,-0.01666206509737249
v30,Java,ocr_only,2,60.0,120.0,interface,-0.006354447242135752
v30,Java,ocr_only,2,60.0,120.0,implements,0.08712544473408634
v30,Java,ocr_only,2,60.0,120.0,extends,0.14019973271023983
v30,Java,ocr_only,2,60.0,120.0,inheritance,0.05115996159573702
v30,Java,ocr_only,2,60.0,120.0,abstract class,0.5138196132418922
v30,Java,ocr_only,2,60.0,120.0,abstract method,0.36542732972170955
v30,Java,ocr_only,3,120.0,180.0,class,0.04959142086846997
v30,Java,ocr_only,3,120.0,180.0,object,0.11088003597244055
v30,Java,ocr_only,3,120.0,180.0,method,0.07521603434289345
v30,Java,ocr_only,3,120.0,180.0,interface,0.10053620521234595
v30,Java,ocr_only,3,120.0,180.0,implements,0.18612778455451723
v30,Java,ocr_only,3,120.0,180.0,extends,0.1355567788970304
v30,Java,ocr_only,3,120.0,180.0,inheritance,0.0839094933942302
v30,Java,ocr_only,3,120.0,180.0,abstract class,0.3844767267320376
v30,Java,ocr_only,3,120.0,180.0,abstract method,0.3068512635195531
v31,C++,ocr_only,1,0.0,60.0,variable,0.010323180784228803
v31,C++,ocr_only,1,0.0,60.0,data type,0.0042441584526150735
v31,C++,ocr_only,1,0.0,60.0,pointer,-0.009139186345520212
v31,C++,ocr_only,1,0.0,60.0,reference,0.015759150271066433
v31,C++,ocr_only,1,0.0,60.0,class,0.0008549803276580491
v31,C++,ocr_only,1,0.0,60.0,object,-0.0014096560601293514
v31,C++,ocr_only,1,0.0,60.0,constructor,0.0177428621276443
v31,C++,ocr_only,1,0.0,60.0,inheritance,-0.009549353988981374
v31,C++,ocr_only,1,0.0,60.0,polymorphism,-0.0002239587492380425
v31,C++,ocr_only,1,0.0,60.0,template,0.018164709054233702
v31,C++,ocr_only,2,60.0,120.0,variable,0.010683295706020958
v31,C++,ocr_only,2,60.0,120.0,data type,0.005240277450659857
v31,C++,ocr_only,2,60.0,120.0,pointer,-0.009959274451277195
v31,C++,ocr_only,2,60.0,120.0,reference,0.016681765658530818
v31,C++,ocr_only,2,60.0,120.0,class,0.001443287467639094
v31,C++,ocr_only,2,60.0,120.0,object,-0.0012394638288326155
v31,C++,ocr_only,2,60.0,120.0,constructor,0.018568272822428403
v31,C++,ocr_only,2,60.0,120.0,inheritance,-0.009716570687521473
v31,C++,ocr_only,2,60.0,120.0,polymorphism,0.0001807551474512832
v31,C++,ocr_only,2,60.0,120.0,template,0.01931562138901243
v31,C++,ocr_only,3,120.0,180.0,variable,0.006118559349547879
v31,C++,ocr_only,3,120.0,180.0,data type,0.0015240965151918512
v31,C++,ocr_only,3,120.0,180.0,pointer,-0.012405565893538278
v31,C++,ocr_only,3,120.0,180.0,reference,0.018274885271986677
v31,C++,ocr_only,3,120.0,180.0,class,-0.002158408068898468
v31,C++,ocr_only,3,120.0,180.0,object,0.0007992197836181568
v31,C++,ocr_only,3,120.0,180.0,constructor,0.020351074130406453
v31,C++,ocr_only,3,120.0,180.0,inheritance,-0.014156536445397916
v31,C++,ocr_only,3,120.0,180.0,polymorphism,-0.0035856646391655635
v31,C++,ocr_only,3,120.0,180.0,template,0.017777662953718524
v31,C++,ocr_only,4,180.0,240.0,variable,0.010347966153606405
v31,C++,ocr_only,4,180.0,240.0,data type,0.003670820863498356
v31,C++,ocr_only,4,180.0,240.0,pointer,-0.008638482968697578
v31,C++,ocr_only,4,180.0,240.0,reference,0.017590707283055982
v31,C++,ocr_only,4,180.0,240.0,class,0.0014128906620581021
v31,C++,ocr_only,4,180.0,240.0,object,-0.0006395869505998547
v31,C++,ocr_only,4,180.0,240.0,constructor,0.018788476488118943
v31,C++,ocr_only,4,180.0,240.0,inheritance,-0.00861674235298279
v31,C++,ocr_only,4,180.0,240.0,polymorphism,-0.0008123903256317715
v31,C++,ocr_only,4,180.0,240.0,template,0.019021197547087212
v31,C++,ocr_only,5,240.0,300.0,variable,0.011453102431960717
v31,C++,ocr_only,5,240.0,300.0,data type,0.0064107793729077135
v31,C++,ocr_only,5,240.0,300.0,pointer,-0.007009531386580708
v31,C++,ocr_only,5,240.0,300.0,reference,0.015437293064984621
v31,C++,ocr_only,5,240.0,300.0,class,0.004971060784673168
v31,C++,ocr_only,5,240.0,300.0,object,-0.0015399647959265454
v31,C++,ocr_only,5,240.0,300.0,constructor,0.018889915695129388
v31,C++,ocr_only,5,240.0,300.0,inheritance,-0.007245641863172573
v31,C++,ocr_only,5,240.0,300.0,polymorphism,-6.091942641094622e-05
v31,C++,ocr_only,5,240.0,300.0,template,0.019378902676435196
v31,C++,ocr_only,6,300.0,360.0,variable,0.01069677662860523
v31,C++,ocr_only,6,300.0,360.0,data type,0.002772568937101486
v31,C++,ocr_only,6,300.0,360.0,pointer,-0.008183037818897527
v31,C++,ocr_only,6,300.0,360.0,reference,0.01828733606415916
v31,C++,ocr_only,6,300.0,360.0,class,0.0016936482451136695
v31,C++,ocr_only,6,300.0,360.0,object,-0.0032543593077236617
v31,C++,ocr_only,6,300.0,360.0,constructor,0.019000861413494368
v31,C++,ocr_only,6,300.0,360.0,inheritance,-0.006988083782104203
v31,C++,ocr_only,6,300.0,360.0,polymorphism,-0.0015779352924621187
v31,C++,ocr_only,6,300.0,360.0,template,0.01932819808497235
v31,C++,ocr_only,7,360.0,420.0,variable,0.024236831893316955
v31,C++,ocr_only,7,360.0,420.0,data type,0.012802973558056137
v31,C++,ocr_only,7,360.0,420.0,pointer,0.0006246663323450114
v31,C++,ocr_only,7,360.0,420.0,reference,0.02201117744708362
v31,C++,ocr_only,7,360.0,420.0,class,0.016414436021716588
v31,C++,ocr_only,7,360.0,420.0,object,-0.008450130487416304
v31,C++,ocr_only,7,360.0,420.0,constructor,0.030011294201151777
v31,C++,ocr_only,7,360.0,420.0,inheritance,0.0011642512961379983
v31,C++,ocr_only,7,360.0,420.0,polymorphism,-0.0031357189917076344
v31,C++,ocr_only,7,360.0,420.0,template,0.024406798628757297
v31,C++,ocr_only,8,420.0,480.0,variable,0.019816819733558002
v31,C++,ocr_only,8,420.0,480.0,data type,0.00759931315076838
v31,C++,ocr_only,8,420.0,480.0,pointer,0.004210588096721179
v31,C++,ocr_only,8,420.0,480.0,reference,0.015262513157487025
v31,C++,ocr_only,8,420.0,480.0,class,0.010161026611351775
v31,C++,ocr_only,8,420.0,480.0,object,-0.009204319934269272
v31,C++,ocr_only,8,420.0,480.0,constructor,0.025341747153519938
v31,C++,ocr_only,8,420.0,480.0,inheritance,0.0015555078716854404
v31,C++,ocr_only,8,420.0,480.0,polymorphism,-0.002611640573454957
v31,C++,ocr_only,8,420.0,480.0,template,0.02028031268052738
v31,C++,ocr_only,9,480.0,540.0,variable,0.10492802075688888
v31,C++,ocr_only,9,480.0,540.0,data type,0.02300385595130102
v31,C++,ocr_only,9,480.0,540.0,pointer,0.060818839586146055
v31,C++,ocr_only,9,480.0,540.0,reference,0.09199568917866567
v31,C++,ocr_only,9,480.0,540.0,class,0.045605557352395645
v31,C++,ocr_only,9,480.0,540.0,object,0.0020034648434136024
v31,C++,ocr_only,9,480.0,540.0,constructor,0.07530256153183029
v31,C++,ocr_only,9,480.0,540.0,inheritance,0.005276287861226691
v31,C++,ocr_only,9,480.0,540.0,polymorphism,0.012262816529334102
v31,C++,ocr_only,9,480.0,540.0,template,0.07454890259986288
v31,C++,ocr_only,10,540.0,600.0,variable,0.12710217350879868
v31,C++,ocr_only,10,540.0,600.0,data type,0.03441670165606664
v31,C++,ocr_only,10,540.0,600.0,pointer,0.062170973477734134
v31,C++,ocr_only,10,540.0,600.0,reference,0.1077781805827867
v31,C++,ocr_only,10,540.0,600.0,class,0.05957713871864448
v31,C++,ocr_only,10,540.0,600.0,object,-0.00952753743056914
v31,C++,ocr_only,10,540.0,600.0,constructor,0.09100617436742295
v31,C++,ocr_only,10,540.0,600.0,inheritance,0.00922870481354781
v31,C++,ocr_only,10,540.0,600.0,polymorphism,0.0063928705793700824
v31,C++,ocr_only,10,540.0,600.0,template,0.0859250436023869
v31,C++,ocr_only,11,600.0,660.0,variable,0.061820750275255174
v31,C++,ocr_only,11,600.0,660.0,data type,0.019327043341825865
v31,C++,ocr_only,11,600.0,660.0,pointer,0.02206325143739537
v31,C++,ocr_only,11,600.0,660.0,reference,0.0607425826470318
v31,C++,ocr_only,11,600.0,660.0,class,0.03982513177211835
v31,C++,ocr_only,11,600.0,660.0,object,-0.01838755944832672
v31,C++,ocr_only,11,600.0,660.0,constructor,0.0653291693952059
v31,C++,ocr_only,11,600.0,660.0,inheritance,0.010535623247092065
v31,C++,ocr_only,11,600.0,660.0,polymorphism,-0.0076288462573913425
v31,C++,ocr_only,11,600.0,660.0,template,0.04206904140816815
v31,C++,ocr_only,12,660.0,720.0,variable,0.022840611574926034
v31,C++,ocr_only,12,660.0,720.0,data type,0.015673952534080084
v31,C++,ocr_only,12,660.0,720.0,pointer,0.007876057019156796
v31,C++,ocr_only,12,660.0,720.0,reference,0.018938316310993387
v31,C++,ocr_only,12,660.0,720.0,class,0.023293423379841083
v31,C++,ocr_only,12,660.0,720.0,object,-0.006086235955549207
v31,C++,ocr_only,12,660.0,720.0,constructor,0.03519110803688545
v31,C++,ocr_only,12,660.0,720.0,inheritance,0.002842216286090734
v31,C++,ocr_only,12,660.0,720.0,polymorphism,-0.00541482387274955
v31,C++,ocr_only,12,660.0,720.0,template,0.018340359539586192
v31,C++,ocr_only,13,720.0,780.0,variable,0.012980601618113744
v31,C++,ocr_only,13,720.0,780.0,data type,0.012110232418846501
v31,C++,ocr_only,13,720.0,780.0,pointer,0.002515146131717087
v31,C++,ocr_only,13,720.0,780.0,reference,0.008652725213568238
v31,C++,ocr_only,13,720.0,780.0,class,0.012479767143161692
v31,C++,ocr_only,13,720.0,780.0,object,-0.002671752085128376
v31,C++,ocr_only,13,720.0,780.0,constructor,0.02097425228368554
v31,C++,ocr_only,13,720.0,780.0,inheritance,0.0002600763469304782
v31,C++,ocr_only,13,720.0,780.0,polymorphism,-0.003296419547052183
v31,C++,ocr_only,13,720.0,780.0,template,0.014787558600330335
v31,C++,ocr_only,14,780.0,840.0,variable,0.020555883722898995
v31,C++,ocr_only,14,780.0,840.0,data type,0.014913969978803942
v31,C++,ocr_only,14,780.0,840.0,pointer,0.005822464990449007
v31,C++,ocr_only,14,780.0,840.0,reference,0.020268960891363
v31,C++,ocr_only,14,780.0,840.0,class,0.018535647665529724
v31,C++,ocr_only,14,780.0,840.0,object,-0.0035835516577782498
v31,C++,ocr_only,14,780.0,840.0,constructor,0.027398576632121557
v31,C++,ocr_only,14,780.0,840.0,inheritance,0.0016720179908969236
v31,C++,ocr_only,14,780.0,840.0,polymorphism,-0.004459008638467526
v31,C++,ocr_only,14,780.0,840.0,template,0.01789233549233767
v31,C++,ocr_only,15,840.0,900.0,variable,0.017731647411703348
v31,C++,ocr_only,15,840.0,900.0,data type,0.017112031406138768
v31,C++,ocr_only,15,840.0,900.0,pointer,0.007632873296896132
v31,C++,ocr_only,15,840.0,900.0,reference,0.014403168208497697
v31,C++,ocr_only,15,840.0,900.0,class,0.019079720392808305
v31,C++,ocr_only,15,840.0,900.0,object,-0.0042230076398414515
v31,C++,ocr_only,15,840.0,900.0,constructor,0.025733945568009557
v31,C++,ocr_only,15,840.0,900.0,inheritance,0.0019480042708614374
v31,C++,ocr_only,15,840.0,900.0,polymorphism,-0.0037890703700883227
v31,C++,ocr_only,15,840.0,900.0,template,0.013690222703307248
v31,C++,ocr_only,16,900.0,960.0,variable,-0.0036338970875992153
v31,C++,ocr_only,16,900.0,960.0,data type,0.001955818673073554
v31,C++,ocr_only,16,900.0,960.0,pointer,-0.0012991086388212127
v31,C++,ocr_only,16,900.0,960.0,reference,-0.007748259061096502
v31,C++,ocr_only,16,900.0,960.0,class,-0.0033868466997839597
v31,C++,ocr_only,16,900.0,960.0,object,0.0007696077854983816
v31,C++,ocr_only,16,900.0,960.0,constructor,-0.0027465918314765244
v31,C++,ocr_only,16,900.0,960.0,inheritance,-0.001766389742323337
v31,C++,ocr_only,16,900.0,960.0,polymorphism,0.0015264501509190149
v31,C++,ocr_only,16,900.0,960.0,template,-0.0050850126242659496
v31,C++,ocr_only,17,960.0,1020.0,variable,-0.004789699225623549
v31,C++,ocr_only,17,960.0,1020.0,data type,-0.003021025601678719
v31,C++,ocr_only,17,960.0,1020.0,pointer,0.007393020636398481
v31,C++,ocr_only,17,960.0,1020.0,reference,-0.0035673931939588835
v31,C++,ocr_only,17,960.0,1020.0,class,0.00645370355433698
v31,C++,ocr_only,17,960.0,1020.0,object,0.010991092826007168
v31,C++,ocr_only,17,960.0,1020.0,constructor,-0.004117330991480454
v31,C++,ocr_only,17,960.0,1020.0,inheritance,0.0004524755767971672
v31,C++,ocr_only,17,960.0,1020.0,polymorphism,0.005095990594159492
v31,C++,ocr_only,17,960.0,1020.0,template,0.002169543997140372
v31,C++,ocr_only,18,1020.0,1080.0,variable,-0.007608406620264313
v31,C++,ocr_only,18,1020.0,1080.0,data type,0.00463813266897636
v31,C++,ocr_only,18,1020.0,1080.0,pointer,0.007127194884706608
v31,C++,ocr_only,18,1020.0,1080.0,reference,-0.008354476777206889
v31,C++,ocr_only,18,1020.0,1080.0,class,0.008094928533784638
v31,C++,ocr_only,18,1020.0,1080.0,object,0.01257676432617892
v31,C++,ocr_only,18,1020.0,1080.0,constructor,-0.007265642141698108
v31,C++,ocr_only,18,1020.0,1080.0,inheritance,0.001554047843736809
v31,C++,ocr_only,18,1020.0,1080.0,polymorphism,0.0047184639176153275
v31,C++,ocr_only,18,1020.0,1080.0,template,-0.0013264922188633579
v31,C++,ocr_only,19,1080.0,1140.0,variable,-0.004497072092254867
v31,C++,ocr_only,19,1080.0,1140.0,data type,0.003384978164327169
v31,C++,ocr_only,19,1080.0,1140.0,pointer,0.009362772385797856
v31,C++,ocr_only,19,1080.0,1140.0,reference,-0.008799987491235584
v31,C++,ocr_only,19,1080.0,1140.0,class,0.008600212521089771
v31,C++,ocr_only,19,1080.0,1140.0,object,0.010801445661803223
v31,C++,ocr_only,19,1080.0,1140.0,constructor,-0.003137810839639662
v31,C++,ocr_only,19,1080.0,1140.0,inheritance,0.001574805162878419
v31,C++,ocr_only,19,1080.0,1140.0,polymorphism,0.003354192499053873
v31,C++,ocr_only,19,1080.0,1140.0,template,-0.0020133508492310424
v31,C++,ocr_only,20,1140.0,1200.0,variable,-0.0030804258402777275
v31,C++,ocr_only,20,1140.0,1200.0,data type,-0.0007983909751775678
v31,C++,ocr_only,20,1140.0,1200.0,pointer,0.009299287618448653
v31,C++,ocr_only,20,1140.0,1200.0,reference,-0.004058699434304089
v31,C++,ocr_only,20,1140.0,1200.0,class,0.0035091943699527804
v31,C++,ocr_only,20,1140.0,1200.0,object,0.007091809105140375
v31,C++,ocr_only,20,1140.0,1200.0,constructor,-0.002360640750498575
v31,C++,ocr_only,20,1140.0,1200.0,inheritance,0.0013251484538258232
v31,C++,ocr_only,20,1140.0,1200.0,polymorphism,0.005148005278130763
v31,C++,ocr_only,20,1140.0,1200.0,template,0.0013823226699155736
v31,C++,ocr_only,21,1200.0,1260.0,variable,-0.0025882687053826042
v31,C++,ocr_only,21,1200.0,1260.0,data type,0.0007239087402733175
v31,C++,ocr_only,21,1200.0,1260.0,pointer,0.007507435254674011
v31,C++,ocr_only,21,1200.0,1260.0,reference,-0.004933422690157084
v31,C++,ocr_only,21,1200.0,1260.0,class,0.0051305811783234
v31,C++,ocr_only,21,1200.0,1260.0,object,0.006554036967930344
v31,C++,ocr_only,21,1200.0,1260.0,constructor,-0.002992542369462202
v31,C++,ocr_only,21,1200.0,1260.0,inheritance,0.0018347920780869454
v31,C++,ocr_only,21,1200.0,1260.0,polymorphism,0.0038740955962520405
v31,C++,ocr_only,21,1200.0,1260.0,template,-0.00015071640815930487
v31,C++,ocr_only,22,1260.0,1320.0,variable,-0.0015176207288181444
v31,C++,ocr_only,22,1260.0,1320.0,data type,0.0003341024331897017
v31,C++,ocr_only,22,1260.0,1320.0,pointer,-0.001561550816497722
v31,C++,ocr_only,22,1260.0,1320.0,reference,-0.0019709363629048225
v31,C++,ocr_only,22,1260.0,1320.0,class,-0.005981613645936319
v31,C++,ocr_only,22,1260.0,1320.0,object,0.0005063937247567242
v31,C++,ocr_only,22,1260.0,1320.0,constructor,-0.0025932129322990775
v31,C++,ocr_only,22,1260.0,1320.0,inheritance,-0.00419127056415216
v31,C++,ocr_only,22,1260.0,1320.0,polymorphism,0.002298159715919059
v31,C++,ocr_only,22,1260.0,1320.0,template,-0.0025217366578480904
v31,C++,ocr_only,23,1320.0,1380.0,variable,-0.0029082107156422838
v31,C++,ocr_only,23,1320.0,1380.0,data type,0.0022964979293777174
v31,C++,ocr_only,23,1320.0,1380.0,pointer,-0.0033249837583511892
v31,C++,ocr_only,23,1320.0,1380.0,reference,-0.00465516496154751
v31,C++,ocr_only,23,1320.0,1380.0,class,-0.00505375212369417
v31,C++,ocr_only,23,1320.0,1380.0,object,0.0022298634335985662
v31,C++,ocr_only,23,1320.0,1380.0,constructor,-0.004615754176810777
v31,C++,ocr_only,23,1320.0,1380.0,inheritance,-0.00430760936513272
v31,C++,ocr_only,23,1320.0,1380.0,polymorphism,0.0022905302222485952
v31,C++,ocr_only,23,1320.0,1380.0,template,-0.004264483019032637
v31,C++,ocr_only,24,1380.0,1440.0,variable,0.010503683391134543
v31,C++,ocr_only,24,1380.0,1440.0,data type,0.015609103337777902
v31,C++,ocr_only,24,1380.0,1440.0,pointer,0.0021964396484483034
v31,C++,ocr_only,24,1380.0,1440.0,reference,0.01164982156137044
v31,C++,ocr_only,24,1380.0,1440.0,class,0.03079321108377744
v31,C++,ocr_only,24,1380.0,1440.0,object,0.012598992265538025
v31,C++,ocr_only,24,1380.0,1440.0,constructor,0.01458927015529095
v31,C++,ocr_only,24,1380.0,1440.0,inheritance,0.006701245204150096
v31,C++,ocr_only,24,1380.0,1440.0,polymorphism,0.005327783632440711
v31,C++,ocr_only,24,1380.0,1440.0,template,0.029233847539690324
v31,C++,ocr_only,25,1440.0,1500.0,variable,0.01359363826698302
v31,C++,ocr_only,25,1440.0,1500.0,data type,0.022370735616561783
v31,C++,ocr_only,25,1440.0,1500.0,pointer,0.00014348700036263183
v31,C++,ocr_only,25,1440.0,1500.0,reference,0.01681622682629887
v31,C++,ocr_only,25,1440.0,1500.0,class,0.041690113546416274
v31,C++,ocr_only,25,1440.0,1500.0,object,0.01764938252595896
v31,C++,ocr_only,25,1440.0,1500.0,constructor,0.014838433908705343
v31,C++,ocr_only,25,1440.0,1500.0,inheritance,0.011323138190937686
v31,C++,ocr_only,25,1440.0,1500.0,polymorphism,0.006412503296119576
v31,C++,ocr_only,25,1440.0,1500.0,template,0.03443852156278088
v31,C++,ocr_only,26,1500.0,1560.0,variable,0.016141589484529276
v31,C++,ocr_only,26,1500.0,1560.0,data type,0.026997471792226946
v31,C++,ocr_only,26,1500.0,1560.0,pointer,0.0030832896766740717
v31,C++,ocr_only,26,1500.0,1560.0,reference,0.015887726148416555
v31,C++,ocr_only,26,1500.0,1560.0,class,0.04519831958816542
v31,C++,ocr_only,26,1500.0,1560.0,object,0.017667025666842123
v31,C++,ocr_only,26,1500.0,1560.0,constructor,0.011193315504265524
v31,C++,ocr_only,26,1500.0,1560.0,inheritance,0.015612821419501467
v31,C++,ocr_only,26,1500.0,1560.0,polymorphism,0.005415863654074836
v31,C++,ocr_only,26,1500.0,1560.0,template,0.03440248590792738
v31,C++,ocr_only,27,1560.0,1620.0,variable,0.01663219498565337
v31,C++,ocr_only,27,1560.0,1620.0,data type,0.03103205210919803
v31,C++,ocr_only,27,1560.0,1620.0,pointer,-0.0025248007458195604
v31,C++,ocr_only,27,1560.0,1620.0,reference,0.01990669676037918
v31,C++,ocr_only,27,1560.0,1620.0,class,0.04439310330011796
v31,C++,ocr_only,27,1560.0,1620.0,object,0.018777945447537962
v31,C++,ocr_only,27,1560.0,1620.0,constructor,0.008106513549295941
v31,C++,ocr_only,27,1560.0,1620.0,inheritance,0.013583791351991035
v31,C++,ocr_only,27,1560.0,1620.0,polymorphism,0.005366376101247053
v31,C++,ocr_only,27,1560.0,1620.0,template,0.03255056068413101
v31,C++,ocr_only,28,1620.0,1680.0,variable,0.005106254062988894
v31,C++,ocr_only,28,1620.0,1680.0,data type,0.00977748512256214
v31,C++,ocr_only,28,1620.0,1680.0,pointer,-0.005227893593697235
v31,C++,ocr_only,28,1620.0,1680.0,reference,0.006459833715615924
v31,C++,ocr_only,28,1620.0,1680.0,class,0.01955736577281391
v31,C++,ocr_only,28,1620.0,1680.0,object,0.006595451832060927
v31,C++,ocr_only,28,1620.0,1680.0,constructor,-0.004594505875493621
v31,C++,ocr_only,28,1620.0,1680.0,inheritance,0.009841511900530203
v31,C++,ocr_only,28,1620.0,1680.0,polymorphism,0.003908266873971808
v31,C++,ocr_only,28,1620.0,1680.0,template,0.01107093257089745
v31,C++,ocr_only,29,1680.0,1740.0,variable,-0.001580473548808748
v31,C++,ocr_only,29,1680.0,1740.0,data type,-0.004100731681003106
v31,C++,ocr_only,29,1680.0,1740.0,pointer,-0.009613846975277758
v31,C++,ocr_only,29,1680.0,1740.0,reference,0.0032985156465974
v31,C++,ocr_only,29,1680.0,1740.0,class,-0.002513425131303592
v31,C++,ocr_only,29,1680.0,1740.0,object,-0.006797150871740627
v31,C++,ocr_only,29,1680.0,1740.0,constructor,0.0014268658553722082
v31,C++,ocr_only,29,1680.0,1740.0,inheritance,0.005152615796579545
v31,C++,ocr_only,29,1680.0,1740.0,polymorphism,0.00019555462291906772
v31,C++,ocr_only,29,1680.0,1740.0,template,-0.0016342984772143823
v31,C++,ocr_only,30,1740.0,1800.0,variable,0.002480409496192692
v31,C++,ocr_only,30,1740.0,1800.0,data type,-0.00711368824610159
v31,C++,ocr_only,30,1740.0,1800.0,pointer,-0.0003514646259249614
v31,C++,ocr_only,30,1740.0,1800.0,reference,0.000156881173121019
v31,C++,ocr_only,30,1740.0,1800.0,class,-0.011981095293548759
v31,C++,ocr_only,30,1740.0,1800.0,object,-0.009489717877622917
v31,C++,ocr_only,30,1740.0,1800.0,constructor,0.008723183953532228
v31,C++,ocr_only,30,1740.0,1800.0,inheritance,-0.003327027299020635
v31,C++,ocr_only,30,1740.0,1800.0,polymorphism,-0.00021105203303433678
v31,C++,ocr_only,30,1740.0,1800.0,template,-0.007135418218595644
v31,C++,ocr_only,31,1800.0,1860.0,variable,-0.00015348619619400867
v31,C++,ocr_only,31,1800.0,1860.0,data type,-0.008113156517523168
v31,C++,ocr_only,31,1800.0,1860.0,pointer,-0.0018857296603271851
v31,C++,ocr_only,31,1800.0,1860.0,reference,-0.002799031471610312
v31,C++,ocr_only,31,1800.0,1860.0,class,-0.012160388357970855
v31,C++,ocr_only,31,1800.0,1860.0,object,-0.007741083563900916
v31,C++,ocr_only,31,1800.0,1860.0,constructor,0.011189464982408933
v31,C++,ocr_only,31,1800.0,1860.0,inheritance,-0.006393842520054436
v31,C++,ocr_only,31,1800.0,1860.0,polymorphism,0.0011048435310317068
v31,C++,ocr_only,31,1800.0,1860.0,template,-0.0057960801747175585
v31,C++,ocr_only,32,1860.0,1920.0,variable,-0.006482350945722658
v31,C++,ocr_only,32,1860.0,1920.0,data type,-0.01436052989833764
v31,C++,ocr_only,32,1860.0,1920.0,pointer,-0.002099377853922186
v31,C++,ocr_only,32,1860.0,1920.0,reference,-0.008578891154892278
v31,C++,ocr_only,32,1860.0,1920.0,class,-0.01936991415439856
v31,C++,ocr_only,32,1860.0,1920.0,object,-0.009012972768211672
v31,C++,ocr_only,32,1860.0,1920.0,constructor,0.018021464398358347
v31,C++,ocr_only,32,1860.0,1920.0,inheritance,-0.01011930944370716
v31,C++,ocr_only,32,1860.0,1920.0,polymorphism,0.002269651819948197
v31,C++,ocr_only,32,1860.0,1920.0,template,-0.00730752405425486
v31,C++,ocr_only,33,1920.0,1980.0,variable,-0.004699405065423959
v31,C++,ocr_only,33,1920.0,1980.0,data type,-0.025760174125956922
v31,C++,ocr_only,33,1920.0,1980.0,pointer,-0.00866656787674403
v31,C++,ocr_only,33,1920.0,1980.0,reference,-0.017657021996645535
v31,C++,ocr_only,33,1920.0,1980.0,class,-0.06603084051049687
v31,C++,ocr_only,33,1920.0,1980.0,object,-0.04696265448254105
v31,C++,ocr_only,33,1920.0,1980.0,constructor,0.04501488479264652
v31,C++,ocr_only,33,1920.0,1980.0,inheritance,-0.032911955939571615
v31,C++,ocr_only,33,1920.0,1980.0,polymorphism,-0.007041944730640489
v31,C++,ocr_only,33,1920.0,1980.0,template,-0.03946814345383068
v31,C++,ocr_only,34,1980.0,2040.0,variable,0.030239444062511115
v31,C++,ocr_only,34,1980.0,2040.0,data type,0.015771708216440666
v31,C++,ocr_only,34,1980.0,2040.0,pointer,0.005330887593618821
v31,C++,ocr_only,34,1980.0,2040.0,reference,0.0371328871767343
v31,C++,ocr_only,34,1980.0,2040.0,class,0.031505603885326625
v31,C++,ocr_only,34,1980.0,2040.0,object,-0.005474664611807182
v31,C++,ocr_only,34,1980.0,2040.0,constructor,0.0498637909863769
v31,C++,ocr_only,34,1980.0,2040.0,inheritance,-0.001528139880006037
v31,C++,ocr_only,34,1980.0,2040.0,polymorphism,-0.009942163258197986
v31,C++,ocr_only,34,1980.0,2040.0,template,0.055248328245869525
v31,C++,ocr_only,35,2040.0,2100.0,variable,0.01330763322319643
v31,C++,ocr_only,35,2040.0,2100.0,data type,0.0029109969096913547
v31,C++,ocr_only,35,2040.0,2100.0,pointer,0.0030385289932762117
v31,C++,ocr_only,35,2040.0,2100.0,reference,0.0212084105694672
v31,C++,ocr_only,35,2040.0,2100.0,class,0.014860348191951877
v31,C++,ocr_only,35,2040.0,2100.0,object,-0.0003701989011068197
v31,C++,ocr_only,35,2040.0,2100.0,constructor,0.03317224667273491
v31,C++,ocr_only,35,2040.0,2100.0,inheritance,-0.005810713561867525
v31,C++,ocr_only,35,2040.0,2100.0,polymorphism,-0.0004581383213268169
v31,C++,ocr_only,35,2040.0,2100.0,template,0.04169350876806518
v31,C++,ocr_only,36,2100.0,2160.0,variable,0.01075794713967762
v31,C++,ocr_only,36,2100.0,2160.0,data type,0.0017750262145579709
v31,C++,ocr_only,36,2100.0,2160.0,pointer,0.005865419048128145
v31,C++,ocr_only,36,2100.0,2160.0,reference,0.017725774002832994
v31,C++,ocr_only,36,2100.0,2160.0,class,0.012798543250953363
v31,C++,ocr_only,36,2100.0,2160.0,object,0.0010875616559009062
v31,C++,ocr_only,36,2100.0,2160.0,constructor,0.0340006824563302
v31,C++,ocr_only,36,2100.0,2160.0,inheritance,-0.006876521984091479
v31,C++,ocr_only,36,2100.0,2160.0,polymorphism,0.00015144175100070167
v31,C++,ocr_only,36,2100.0,2160.0,template,0.043550502796799125
v32,C++,ocr_only,1,0.0,60.0,variable,0.48724838473716575
v32,C++,ocr_only,1,0.0,60.0,data type,0.2532760824606203
v32,C++,ocr_only,1,0.0,60.0,pointer,0.24873762443721514
v32,C++,ocr_only,1,0.0,60.0,reference,0.07597182159255117
v32,C++,ocr_only,1,0.0,60.0,class,0.0782265040040884
v32,C++,ocr_only,1,0.0,60.0,object,-0.006732306827018992
v32,C++,ocr_only,1,0.0,60.0,constructor,-0.018756011486164282
v32,C++,ocr_only,1,0.0,60.0,inheritance,-0.019655981636179938
v32,C++,ocr_only,1,0.0,60.0,polymorphism,-0.03438735057484007
v32,C++,ocr_only,1,0.0,60.0,template,0.026038200664171385
v32,C++,ocr_only,2,60.0,120.0,variable,0.4511507033584828
v32,C++,ocr_only,2,60.0,120.0,data type,0.0840161618807099
v32,C++,ocr_only,2,60.0,120.0,pointer,0.2965994176140789
v32,C++,ocr_only,2,60.0,120.0,reference,0.13676422285406967
v32,C++,ocr_only,2,60.0,120.0,class,-0.0038427118331442766
v32,C++,ocr_only,2,60.0,120.0,object,0.009144825315798223
v32,C++,ocr_only,2,60.0,120.0,constructor,-0.0008853332625644832
v32,C++,ocr_only,2,60.0,120.0,inheritance,-0.022300379156613506
v32,C++,ocr_only,2,60.0,120.0,polymorphism,-0.02938037518759023
v32,C++,ocr_only,2,60.0,120.0,template,-0.02234039500377613
v32,C++,ocr_only,3,120.0,180.0,variable,0.45217325302043987
v32,C++,ocr_only,3,120.0,180.0,data type,0.08412087127488967
v32,C++,ocr_only,3,120.0,180.0,pointer,0.29752648546427857
v32,C++,ocr_only,3,120.0,180.0,reference,0.13677679663000597
v32,C++,ocr_only,3,120.0,180.0,class,-0.0035472187173860156
v32,C++,ocr_only,3,120.0,180.0,object,0.00870758040076889
v32,C++,ocr_only,3,120.0,180.0,constructor,-0.0006407062226280711
v32,C++,ocr_only,3,120.0,180.0,inheritance,-0.022109675577708373
v32,C++,ocr_only,3,120.0,180.0,polymorphism,-0.029031198336012295
v32,C++,ocr_only,3,120.0,180.0,template,-0.022480515846777693
v32,C++,ocr_only,4,180.0,240.0,variable,0.009555487890570973
v32,C++,ocr_only,4,180.0,240.0,data type,-0.027424399833901245
v32,C++,ocr_only,4,180.0,240.0,pointer,0.006586152062169781
v32,C++,ocr_only,4,180.0,240.0,reference,-0.0848655125395988
v32,C++,ocr_only,4,180.0,240.0,class,0.006650364853541854
v32,C++,ocr_only,4,180.0,240.0,object,-0.028910786987167994
v32,C++,ocr_only,4,180.0,240.0,constructor,-0.005183313824613083
v32,C++,ocr_only,4,180.0,240.0,inheritance,0.01977279505700032
v32,C++,ocr_only,4,180.0,240.0,polymorphism,-0.02128437331951631
v32,C++,ocr_only,4,180.0,240.0,template,0.0056245008176305285
v32,C++,ocr_only,5,240.0,300.0,variable,0.08442553381445964
v32,C++,ocr_only,5,240.0,300.0,data type,0.10911231097575726
v32,C++,ocr_only,5,240.0,300.0,pointer,-0.006681043887615178
v32,C++,ocr_only,5,240.0,300.0,reference,-0.007550445056699793
v32,C++,ocr_only,5,240.0,300.0,class,0.10029762657459071
v32,C++,ocr_only,5,240.0,300.0,object,0.0018515801958269775
v32,C++,ocr_only,5,240.0,300.0,constructor,0.010779260606804043
v32,C++,ocr_only,5,240.0,300.0,inheritance,-0.014808818408312012
v32,C++,ocr_only,5,240.0,300.0,polymorphism,-0.005772985226723912
v32,C++,ocr_only,5,240.0,300.0,template,-0.010114844304841962
v32,C++,ocr_only,6,300.0,360.0,variable,0.07075825684493525
v32,C++,ocr_only,6,300.0,360.0,data type,0.0921182444433656
v32,C++,ocr_only,6,300.0,360.0,pointer,-0.009662743175375155
v32,C++,ocr_only,6,300.0,360.0,reference,0.010448948312557566
v32,C++,ocr_only,6,300.0,360.0,class,0.08687896233425821
v32,C++,ocr_only,6,300.0,360.0,object,0.00942411506602299
v32,C++,ocr_only,6,300.0,360.0,constructor,0.011256517156219082
v32,C++,ocr_only,6,300.0,360.0,inheritance,-0.022279814198387024
v32,C++,ocr_only,6,300.0,360.0,polymorphism,-0.002068460635532394
v32,C++,ocr_only,6,300.0,360.0,template,-0.02360705391063393
v32,C++,ocr_only,7,360.0,420.0,variable,0.12373961324492047
v32,C++,ocr_only,7,360.0,420.0,data type,0.30867405323426783
v32,C++,ocr_only,7,360.0,420.0,pointer,0.023401046929288134
v32,C++,ocr_only,7,360.0,420.0,reference,-0.0037505795188197896
v32,C++,ocr_only,7,360.0,420.0,class,0.10657147424129383
v32,C++,ocr_only,7,360.0,420.0,object,-0.0007319678363896122
v32,C++,ocr_only,7,360.0,420.0,constructor,0.04345273017570585
v32,C++,ocr_only,7,360.0,420.0,inheritance,0.016550887779572247
v32,C++,ocr_only,7,360.0,420.0,polymorphism,0.017912300289340048
v32,C++,ocr_only,7,360.0,420.0,template,-0.01750452617997868
v32,C++,ocr_only,8,420.0,480.0,variable,0.10526001620236178
v32,C++,ocr_only,8,420.0,480.0,data type,0.29249141895077563
v32,C++,ocr_only,8,420.0,480.0,pointer,0.025368377298044843
v32,C++,ocr_only,8,420.0,480.0,reference,-0.005624005835573762
v32,C++,ocr_only,8,420.0,480.0,class,0.08182805343570436
v32,C++,ocr_only,8,420.0,480.0,object,-0.0027540747145335057
v32,C++,ocr_only,8,420.0,480.0,constructor,0.04144532683567714
v32,C++,ocr_only,8,420.0,480.0,inheritance,0.022206839172875612
v32,C++,ocr_only,8,420.0,480.0,polymorphism,0.01881009590023009
v32,C++,ocr_only,8,420.0,480.0,template,-0.017975471364459195
v32,C++,ocr_only,9,480.0,540.0,variable,0.10526001620236178
v32,C++,ocr_only,9,480.0,540.0,data type,0.29249141895077563
v32,C++,ocr_only,9,480.0,540.0,pointer,0.025368377298044843
v32,C++,ocr_only,9,480.0,540.0,reference,-0.005624005835573762
v32,C++,ocr_only,9,480.0,540.0,class,0.08182805343570436
v32,C++,ocr_only,9,480.0,540.0,object,-0.0027540747145335057
v32,C++,ocr_only,9,480.0,540.0,constructor,0.04144532683567714
v32,C++,ocr_only,9,480.0,540.0,inheritance,0.022206839172875612
v32,C++,ocr_only,9,480.0,540.0,polymorphism,0.01881009590023009
v32,C++,ocr_only,9,480.0,540.0,template,-0.017975471364459195
v32,C++,ocr_only,10,540.0,600.0,variable,0.2501537656306812
v32,C++,ocr_only,10,540.0,600.0,data type,0.605609366186865
v32,C++,ocr_only,10,540.0,600.0,pointer,-0.06474508868196055
v32,C++,ocr_only,10,540.0,600.0,reference,0.05893503108041948
v32,C++,ocr_only,10,540.0,600.0,class,0.20684788109361188
v32,C++,ocr_only,10,540.0,600.0,object,0.02915378339046608
v32,C++,ocr_only,10,540.0,600.0,constructor,-0.047213190398893615
v32,C++,ocr_only,10,540.0,600.0,inheritance,-0.03964580239602426
v32,C++,ocr_only,10,540.0,600.0,polymorphism,-0.030039293887274363
v32,C++,ocr_only,10,540.0,600.0,template,0.01877609473463706
v32,C++,ocr_only,11,600.0,660.0,variable,0.2677348605012463
v32,C++,ocr_only,11,600.0,660.0,data type,0.644570126678443
v32,C++,ocr_only,11,600.0,660.0,pointer,-0.055572454158316874
v32,C++,ocr_only,11,600.0,660.0,reference,0.04233074222411954
v32,C++,ocr_only,11,600.0,660.0,class,0.2346526707284529
v32,C++,ocr_only,11,600.0,660.0,object,0.0248160014021754
v32,C++,ocr_only,11,600.0,660.0,constructor,-0.032455482129294506
v32,C++,ocr_only,11,600.0,660.0,inheritance,-0.031205013110025045
v32,C++,ocr_only,11,600.0,660.0,polymorphism,-0.023699494377074803
v32,C++,ocr_only,11,600.0,660.0,template,0.04325753556762852
v32,C++,ocr_only,12,660.0,720.0,variable,0.3071793934972899
v32,C++,ocr_only,12,660.0,720.0,data type,0.706560942902442
v32,C++,ocr_only,12,660.0,720.0,pointer,-0.03056616373829612
v32,C++,ocr_only,12,660.0,720.0,reference,0.0154961795307136
v32,C++,ocr_only,12,660.0,720.0,class,0.3093125692724091
v32,C++,ocr_only,12,660.0,720.0,object,0.013577858790846624
v32,C++,ocr_only,12,660.0,720.0,constructor,0.02397589900444322
v32,C++,ocr_only,12,660.0,720.0,inheritance,-0.007430070993125526
v32,C++,ocr_only,12,660.0,720.0,polymorphism,-0.017398492084380993
v32,C++,ocr_only,12,660.0,720.0,template,0.11831597423097552
v33,C++,ocr_only,1,0.0,60.0,variable,0.017293040520285838
v33,C++,ocr_only,1,0.0,60.0,data type,-0.003989954659788277
v33,C++,ocr_only,1,0.0,60.0,pointer,0.0429245310536615
v33,C++,ocr_only,1,0.0,60.0,reference,-0.008349743406488372
v33,C++,ocr_only,1,0.0,60.0,class,0.02946751547526296
v33,C++,ocr_only,1,0.0,60.0,object,-0.0037204685163712975
v33,C++,ocr_only,1,0.0,60.0,constructor,0.02954627296417353
v33,C++,ocr_only,1,0.0,60.0,inheritance,0.014778380011888505
v33,C++,ocr_only,1,0.0,60.0,polymorphism,-0.007958131608576224
v33,C++,ocr_only,1,0.0,60.0,template,0.02668158096431772
v33,C++,ocr_only,2,60.0,120.0,variable,0.01851373117156541
v33,C++,ocr_only,2,60.0,120.0,data type,-0.0009346328807410325
v33,C++,ocr_only,2,60.0,120.0,pointer,0.04418733446088648
v33,C++,ocr_only,2,60.0,120.0,reference,-0.005088131398590635
v33,C++,ocr_only,2,60.0,120.0,class,0.032115207616192416
v33,C++,ocr_only,2,60.0,120.0,object,-0.004072443910599999
v33,C++,ocr_only,2,60.0,120.0,constructor,0.033742416317577226
v33,C++,ocr_only,2,60.0,120.0,inheritance,0.015205773056915128
v33,C++,ocr_only,2,60.0,120.0,polymorphism,-0.010197567943086122
v33,C++,ocr_only,2,60.0,120.0,template,0.029078809258274916
v33,C++,ocr_only,3,120.0,180.0,variable,0.0956803386929049
v33,C++,ocr_only,3,120.0,180.0,data type,0.04819516446832429
v33,C++,ocr_only,3,120.0,180.0,pointer,0.11252691842390147
v33,C++,ocr_only,3,120.0,180.0,reference,0.06243358753710316
v33,C++,ocr_only,3,120.0,180.0,class,0.05353233530715132
v33,C++,ocr_only,3,120.0,180.0,object,-8.976298869023148e-05
v33,C++,ocr_only,3,120.0,180.0,constructor,0.06786193880786723
v33,C++,ocr_only,3,120.0,180.0,inheritance,0.02581370676687963
v33,C++,ocr_only,3,120.0,180.0,polymorphism,0.010586036309648836
v33,C++,ocr_only,3,120.0,180.0,template,0.047901279974365565
v33,C++,ocr_only,4,180.0,240.0,variable,0.034059380628435804
v33,C++,ocr_only,4,180.0,240.0,data type,0.01806982947556847
v33,C++,ocr_only,4,180.0,240.0,pointer,0.049120506393588836
v33,C++,ocr_only,4,180.0,240.0,reference,0.008747728317890419
v33,C++,ocr_only,4,180.0,240.0,class,0.032870368650884656
v33,C++,ocr_only,4,180.0,240.0,object,-0.004381789069867692
v33,C++,ocr_only,4,180.0,240.0,constructor,0.04145013196486917
v33,C++,ocr_only,4,180.0,240.0,inheritance,0.01205109274296032
v33,C++,ocr_only,4,180.0,240.0,polymorphism,-0.0018307383857774147
v33,C++,ocr_only,4,180.0,240.0,template,0.030681451718555647
v33,C++,ocr_only,5,240.0,300.0,variable,0.020271209475721596
v33,C++,ocr_only,5,240.0,300.0,data type,0.0113199840275157
v33,C++,ocr_only,5,240.0,300.0,pointer,0.02367222876744972
v33,C++,ocr_only,5,240.0,300.0,reference,0.009502827974912966
v33,C++,ocr_only,5,240.0,300.0,class,0.022924353929716687
v33,C++,ocr_only,5,240.0,300.0,object,-0.003033186348928222
v33,C++,ocr_only,5,240.0,300.0,constructor,0.03590931337598296
v33,C++,ocr_only,5,240.0,300.0,inheritance,0.002115100823971228
v33,C++,ocr_only,5,240.0,300.0,polymorphism,-0.004384374018651777
v33,C++,ocr_only,5,240.0,300.0,template,0.02778229047180788
v33,C++,ocr_only,6,300.0,360.0,variable,0.019884276017310666
v33,C++,ocr_only,6,300.0,360.0,data type,0.013579775932676176
v33,C++,ocr_only,6,300.0,360.0,pointer,0.0213261660726344
v33,C++,ocr_only,6,300.0,360.0,reference,0.017776836027580678
v33,C++,ocr_only,6,300.0,360.0,class,0.02248824646799122
v33,C++,ocr_only,6,300.0,360.0,object,0.002111783982735253
v33,C++,ocr_only,6,300.0,360.0,constructor,0.035834692055901965
v33,C++,ocr_only,6,300.0,360.0,inheritance,-0.00016230856700260316
v33,C++,ocr_only,6,300.0,360.0,polymorphism,0.001164990103070791
v33,C++,ocr_only,6,300.0,360.0,template,0.027553401908364552
v33,C++,ocr_only,7,360.0,420.0,variable,0.014701313415347108
v33,C++,ocr_only,7,360.0,420.0,data type,0.02063091459324815
v33,C++,ocr_only,7,360.0,420.0,pointer,0.004617699303678674
v33,C++,ocr_only,7,360.0,420.0,reference,0.022840314615822335
v33,C++,ocr_only,7,360.0,420.0,class,0.014672796533987918
v33,C++,ocr_only,7,360.0,420.0,object,0.0036119897519789005
v33,C++,ocr_only,7,360.0,420.0,constructor,0.02967213877849722
v33,C++,ocr_only,7,360.0,420.0,inheritance,-0.007037890281799746
v33,C++,ocr_only,7,360.0,420.0,polymorphism,-6.537080648678802e-05
v33,C++,ocr_only,7,360.0,420.0,template,0.022547305622582576
v33,C++,ocr_only,8,420.0,480.0,variable,0.010361801766100494
v33,C++,ocr_only,8,420.0,480.0,data type,0.01927362681027839
v33,C++,ocr_only,8,420.0,480.0,pointer,-0.010766108304168657
v33,C++,ocr_only,8,420.0,480.0,reference,0.02246019492222451
v33,C++,ocr_only,8,420.0,480.0,class,0.013512379306805327
v33,C++,ocr_only,8,420.0,480.0,object,0.0003381921944492028
v33,C++,ocr_only,8,420.0,480.0,constructor,0.024700434001763777
v33,C++,ocr_only,8,420.0,480.0,inheritance,-0.011854937995341758
v33,C++,ocr_only,8,420.0,480.0,polymorphism,-0.0028257004720799415
v33,C++,ocr_only,8,420.0,480.0,template,0.02870407187766261
v33,C++,ocr_only,9,480.0,540.0,variable,0.006537856760512323
v33,C++,ocr_only,9,480.0,540.0,data type,-0.015747820358368785
v33,C++,ocr_only,9,480.0,540.0,pointer,-0.011618309678203285
v33,C++,ocr_only,9,480.0,540.0,reference,0.03470047931113806
v33,C++,ocr_only,9,480.0,540.0,class,-0.012203361741448471
v33,C++,ocr_only,9,480.0,540.0,object,-0.003109889120658663
v33,C++,ocr_only,9,480.0,540.0,constructor,0.0035193420859298994
v33,C++,ocr_only,9,480.0,540.0,inheritance,-0.013952551299867092
v33,C++,ocr_only,9,480.0,540.0,polymorphism,0.0022194631967743903
v33,C++,ocr_only,9,480.0,540.0,template,0.011619280763817094
v33,C++,ocr_only,10,540.0,600.0,variable,-0.005777429967867754
v33,C++,ocr_only,10,540.0,600.0,data type,-0.0012858971992596507
v33,C++,ocr_only,10,540.0,600.0,pointer,-0.004314029436317507
v33,C++,ocr_only,10,540.0,600.0,reference,0.009192720741933206
v33,C++,ocr_only,10,540.0,600.0,class,-0.010128464387908764
v33,C++,ocr_only,10,540.0,600.0,object,0.0011393608432784628
v33,C++,ocr_only,10,540.0,600.0,constructor,0.0020593125618746464
v33,C++,ocr_only,10,540.0,600.0,inheritance,-0.009024523975760005
v33,C++,ocr_only,10,540.0,600.0,polymorphism,0.003415346763799705
v33,C++,ocr_only,10,540.0,600.0,template,0.0019938680365597134
v33,C++,ocr_only,11,600.0,660.0,variable,-0.007845862211210568
v33,C++,ocr_only,11,600.0,660.0,data type,-0.00023621243473679606
v33,C++,ocr_only,11,600.0,660.0,pointer,0.0006190964974915231
v33,C++,ocr_only,11,600.0,660.0,reference,-0.004805697124403712
v33,C++,ocr_only,11,600.0,660.0,class,-0.005320119522883313
v33,C++,ocr_only,11,600.0,660.0,object,3.4304385784829445e-05
v33,C++,ocr_only,11,600.0,660.0,constructor,-0.00027879954153902753
v33,C++,ocr_only,11,600.0,660.0,inheritance,-0.0043657863256621465
v33,C++,ocr_only,11,600.0,660.0,polymorphism,0.0004678833776954804
v33,C++,ocr_only,11,600.0,660.0,template,-0.0014104406276754257
v33,C++,ocr_only,12,660.0,720.0,variable,-0.007336834803893038
v33,C++,ocr_only,12,660.0,720.0,data type,-0.0022521097253834707
v33,C++,ocr_only,12,660.0,720.0,pointer,-0.0008614615962981542
v33,C++,ocr_only,12,660.0,720.0,reference,-0.004342889516782092
v33,C++,ocr_only,12,660.0,720.0,class,-0.00485389235511715
v33,C++,ocr_only,12,660.0,720.0,object,0.0007605361033683218
v33,C++,ocr_only,12,660.0,720.0,constructor,-9.552401808853017e-05
v33,C++,ocr_only,12,660.0,720.0,inheritance,-0.005252986930765817
v33,C++,ocr_only,12,660.0,720.0,polymorphism,0.0014313192870342218
v33,C++,ocr_only,12,660.0,720.0,template,-0.0008167796593949199
v34,C++,ocr_only,1,0.0,60.0,variable,-0.009535840502929684
v34,C++,ocr_only,1,0.0,60.0,data type,-0.03716503388884795
v34,C++,ocr_only,1,0.0,60.0,pointer,0.006841898625192994
v34,C++,ocr_only,1,0.0,60.0,reference,0.039212499832946994
v34,C++,ocr_only,1,0.0,60.0,class,-0.09016831834741613
v34,C++,ocr_only,1,0.0,60.0,object,0.010627828994482228
v34,C++,ocr_only,1,0.0,60.0,constructor,-0.04942822540413394
v34,C++,ocr_only,1,0.0,60.0,inheritance,0.004754473118047884
v34,C++,ocr_only,1,0.0,60.0,polymorphism,-0.019023569350006427
v34,C++,ocr_only,1,0.0,60.0,template,-0.001402249868957347
v34,C++,ocr_only,2,60.0,120.0,variable,0.005613497679717496
v34,C++,ocr_only,2,60.0,120.0,data type,0.0018105723171464722
v34,C++,ocr_only,2,60.0,120.0,pointer,0.020623053798503026
v34,C++,ocr_only,2,60.0,120.0,reference,0.024440928312361436
v34,C++,ocr_only,2,60.0,120.0,class,0.028579337520852472
v34,C++,ocr_only,2,60.0,120.0,object,0.03779800526396638
v34,C++,ocr_only,2,60.0,120.0,constructor,-0.04627336666890778
v34,C++,ocr_only,2,60.0,120.0,inheritance,0.026500198179536402
v34,C++,ocr_only,2,60.0,120.0,polymorphism,0.014572992476846233
v34,C++,ocr_only,2,60.0,120.0,template,0.025072461544987094
v34,C++,ocr_only,3,120.0,180.0,variable,0.03999252661394407
v34,C++,ocr_only,3,120.0,180.0,data type,0.0511461056652052
v34,C++,ocr_only,3,120.0,180.0,pointer,0.004204862875873235
v34,C++,ocr_only,3,120.0,180.0,reference,0.02814502488264168
v34,C++,ocr_only,3,120.0,180.0,class,0.05525977490782019
v34,C++,ocr_only,3,120.0,180.0,object,-0.03255643019683282
v34,C++,ocr_only,3,120.0,180.0,constructor,0.004660471303678416
v34,C++,ocr_only,3,120.0,180.0,inheritance,0.015357109779017103
v34,C++,ocr_only,3,120.0,180.0,polymorphism,-0.005140432176785769
v34,C++,ocr_only,3,120.0,180.0,template,0.0580127132829293
v34,C++,ocr_only,4,180.0,240.0,variable,0.013001176707435216
v34,C++,ocr_only,4,180.0,240.0,data type,0.04173806821700986
v34,C++,ocr_only,4,180.0,240.0,pointer,-0.007603505911744387
v34,C++,ocr_only,4,180.0,240.0,reference,0.005084882742240627
v34,C++,ocr_only,4,180.0,240.0,class,0.05093001924876791
v34,C++,ocr_only,4,180.0,240.0,object,-0.010793716062757665
v34,C++,ocr_only,4,180.0,240.0,constructor,0.001703592531487331
v34,C++,ocr_only,4,180.0,240.0,inheritance,0.006271002796953385
v34,C++,ocr_only,4,180.0,240.0,polymorphism,-0.002132544968262456
v34,C++,ocr_only,4,180.0,240.0,template,0.042928427764025376
v34,C++,ocr_only,5,240.0,300.0,variable,0.003884870088632713
v34,C++,ocr_only,5,240.0,300.0,data type,0.013488427648102012
v34,C++,ocr_only,5,240.0,300.0,pointer,-0.0030943776306669806
v34,C++,ocr_only,5,240.0,300.0,reference,-0.0006732093260074465
v34,C++,ocr_only,5,240.0,300.0,class,0.010261215100050167
v34,C++,ocr_only,5,240.0,300.0,object,0.0017484999159817806
v34,C++,ocr_only,5,240.0,300.0,constructor,0.0007721642030856167
v34,C++,ocr_only,5,240.0,300.0,inheritance,-0.003707623111858212
v34,C++,ocr_only,5,240.0,300.0,polymorphism,-0.0007192058569273625
v34,C++,ocr_only,5,240.0,300.0,template,0.007831660238816717
v34,C++,ocr_only,6,300.0,360.0,variable,0.0065432526587434715
v34,C++,ocr_only,6,300.0,360.0,data type,0.0072122377304188945
v34,C++,ocr_only,6,300.0,360.0,pointer,0.0018939636256649543
v34,C++,ocr_only,6,300.0,360.0,reference,0.0032430162760986874
v34,C++,ocr_only,6,300.0,360.0,class,0.005008195797854496
v34,C++,ocr_only,6,300.0,360.0,object,0.011545507160759676
v34,C++,ocr_only,6,300.0,360.0,constructor,-0.0024969355934764967
v34,C++,ocr_only,6,300.0,360.0,inheritance,-0.0074286387182139575
v34,C++,ocr_only,6,300.0,360.0,polymorphism,-0.0018629574389402096
v34,C++,ocr_only,6,300.0,360.0,template,0.0030549749218597277
v34,C++,ocr_only,7,360.0,420.0,variable,0.007380335044712381
v34,C++,ocr_only,7,360.0,420.0,data type,0.0026422189259872296
v34,C++,ocr_only,7,360.0,420.0,pointer,0.005985109145546865
v34,C++,ocr_only,7,360.0,420.0,reference,0.006356787592608347
v34,C++,ocr_only,7,360.0,420.0,class,0.004681549956164239
v34,C++,ocr_only,7,360.0,420.0,object,0.012248825354678118
v34,C++,ocr_only,7,360.0,420.0,constructor,-0.002389686039266526
v34,C++,ocr_only,7,360.0,420.0,inheritance,-0.004479086846226899
v34,C++,ocr_only,7,360.0,420.0,polymorphism,-0.0015737309655891997
v34,C++,ocr_only,7,360.0,420.0,template,0.0064402299736967825
v34,C++,ocr_only,8,420.0,480.0,variable,0.0017507997432138472
v34,C++,ocr_only,8,420.0,480.0,data type,0.00540032205115136
v34,C++,ocr_only,8,420.0,480.0,pointer,-0.0026951504695778843
v34,C++,ocr_only,8,420.0,480.0,reference,-0.002412541387810059
v34,C++,ocr_only,8,420.0,480.0,class,0.008337112083747572
v34,C++,ocr_only,8,420.0,480.0,object,0.004453232297328971
v34,C++,ocr_only,8,420.0,480.0,constructor,-0.003104087918388948
v34,C++,ocr_only,8,420.0,480.0,inheritance,-0.003126252980933193
v34,C++,ocr_only,8,420.0,480.0,polymorphism,0.0008848967934366634
v34,C++,ocr_only,8,420.0,480.0,template,0.005283714113782395
v34,C++,ocr_only,9,480.0,540.0,variable,0.011146852226560727
v34,C++,ocr_only,9,480.0,540.0,data type,-0.0010135782979375277
v34,C++,ocr_only,9,480.0,540.0,pointer,-0.0055801777283802706
v34,C++,ocr_only,9,480.0,540.0,reference,0.026976099596375588
v34,C++,ocr_only,9,480.0,540.0,class,0.007475371195405116
v34,C++,ocr_only,9,480.0,540.0,object,0.006448406078914128
v34,C++,ocr_only,9,480.0,540.0,constructor,-0.003740345422975692
v34,C++,ocr_only,9,480.0,540.0,inheritance,-0.002672965324817774
v34,C++,ocr_only,9,480.0,540.0,polymorphism,-0.0005671054110938406
v34,C++,ocr_only,9,480.0,540.0,template,-0.0009605802046694018
v34,C++,ocr_only,10,540.0,600.0,variable,-0.0002703223977276808
v34,C++,ocr_only,10,540.0,600.0,data type,-0.009548585441129461
v34,C++,ocr_only,10,540.0,600.0,pointer,-0.0015049676885042036
v34,C++,ocr_only,10,540.0,600.0,reference,0.004243263937617788
v34,C++,ocr_only,10,540.0,600.0,class,0.0037948715884356847
v34,C++,ocr_only,10,540.0,600.0,object,0.00012205485888001075
v34,C++,ocr_only,10,540.0,600.0,constructor,-0.0018643156439489376
v34,C++,ocr_only,10,540.0,600.0,inheritance,-0.0019152426151689199
v34,C++,ocr_only,10,540.0,600.0,polymorphism,5.1306229021708275e-05
v34,C++,ocr_only,10,540.0,600.0,template,-0.002360860805548155
v34,C++,ocr_only,11,600.0,660.0,variable,0.0
v34,C++,ocr_only,11,600.0,660.0,data type,0.0
v34,C++,ocr_only,11,600.0,660.0,pointer,0.0
v34,C++,ocr_only,11,600.0,660.0,reference,0.0
v34,C++,ocr_only,11,600.0,660.0,class,0.0
v34,C++,ocr_only,11,600.0,660.0,object,0.0
v34,C++,ocr_only,11,600.0,660.0,constructor,0.0
v34,C++,ocr_only,11,600.0,660.0,inheritance,0.0
v34,C++,ocr_only,11,600.0,660.0,polymorphism,0.0
v34,C++,ocr_only,11,600.0,660.0,template,0.0
v35,C++,ocr_only,1,0.0,60.0,variable,0.25664379120547176
v35,C++,ocr_only,1,0.0,60.0,data type,-0.004569558739285273
v35,C++,ocr_only,1,0.0,60.0,pointer,-0.04988509453212256
v35,C++,ocr_only,1,0.0,60.0,reference,0.8140942175756886
v35,C++,ocr_only,1,0.0,60.0,class,-0.011207775874059746
v35,C++,ocr_only,1,0.0,60.0,object,0.07159100503781803
v35,C++,ocr_only,1,0.0,60.0,constructor,0.057883498952359926
v35,C++,ocr_only,1,0.0,60.0,inheritance,-0.028557849527700543
v35,C++,ocr_only,1,0.0,60.0,polymorphism,-0.01468346839695473
v35,C++,ocr_only,1,0.0,60.0,template,0.09938862942507722
v35,C++,ocr_only,2,60.0,120.0,variable,0.072997951825359
v35,C++,ocr_only,2,60.0,120.0,data type,-0.015163888209185098
v35,C++,ocr_only,2,60.0,120.0,pointer,-0.10567866925610463
v35,C++,ocr_only,2,60.0,120.0,reference,0.5940058936684472
v35,C++,ocr_only,2,60.0,120.0,class,0.003696081481121591
v35,C++,ocr_only,2,60.0,120.0,object,0.09523178786349207
v35,C++,ocr_only,2,60.0,120.0,constructor,0.0434563855180599
v35,C++,ocr_only,2,60.0,120.0,inheritance,-0.02590804852582018
v35,C++,ocr_only,2,60.0,120.0,polymorphism,-0.017641230011537095
v35,C++,ocr_only,2,60.0,120.0,template,0.13069551903474977
v35,C++,ocr_only,3,120.0,180.0,variable,0.05147475613366357
v35,C++,ocr_only,3,120.0,180.0,data type,-0.011177589362808042
v35,C++,ocr_only,3,120.0,180.0,pointer,-0.05721729366549165
v35,C++,ocr_only,3,120.0,180.0,reference,0.41808852189782303
v35,C++,ocr_only,3,120.0,180.0,class,0.0011731918014663424
v35,C++,ocr_only,3,120.0,180.0,object,0.07368177808249532
v35,C++,ocr_only,3,120.0,180.0,constructor,0.029185579271671543
v35,C++,ocr_only,3,120.0,180.0,inheritance,-0.012550963145422077
v35,C++,ocr_only,3,120.0,180.0,polymorphism,-0.009425915264156622
v35,C++,ocr_only,3,120.0,180.0,template,0.09897412563636519
v35,C++,ocr_only,4,180.0,240.0,variable,0.0753871862002626
v35,C++,ocr_only,4,180.0,240.0,data type,0.019457688746752605
v35,C++,ocr_only,4,180.0,240.0,pointer,-0.0022265890953991068
v35,C++,ocr_only,4,180.0,240.0,reference,0.3231668126055309
v35,C++,ocr_only,4,180.0,240.0,class,0.025839248298597777
v35,C++,ocr_only,4,180.0,240.0,object,0.05989643461275527
v35,C++,ocr_only,4,180.0,240.0,constructor,0.016299808146045758
v35,C++,ocr_only,4,180.0,240.0,inheritance,0.0019382193362812545
v35,C++,ocr_only,4,180.0,240.0,polymorphism,0.006241184390797555
v35,C++,ocr_only,4,180.0,240.0,template,0.11785782829179993
v35,C++,ocr_only,5,240.0,300.0,variable,0.04991210104044796
v35,C++,ocr_only,5,240.0,300.0,data type,0.049451279364468
v35,C++,ocr_only,5,240.0,300.0,pointer,-0.015206657337522281
v35,C++,ocr_only,5,240.0,300.0,reference,0.2734144395385724
v35,C++,ocr_only,5,240.0,300.0,class,0.04549678475582271
v35,C++,ocr_only,5,240.0,300.0,object,0.056152069043493014
v35,C++,ocr_only,5,240.0,300.0,constructor,0.03263897763869238
v35,C++,ocr_only,5,240.0,300.0,inheritance,0.011242520937492522
v35,C++,ocr_only,5,240.0,300.0,polymorphism,0.009684516401887392
v35,C++,ocr_only,5,240.0,300.0,template,0.18143058396598907
v35,C++,ocr_only,6,300.0,360.0,variable,0.014339062646885833
v35,C++,ocr_only,6,300.0,360.0,data type,0.022510390359110385
v35,C++,ocr_only,6,300.0,360.0,pointer,0.0032683294388460953
v35,C++,ocr_only,6,300.0,360.0,reference,0.1699227416865726
v35,C++,ocr_only,6,300.0,360.0,class,0.024974854682637472
v35,C++,ocr_only,6,300.0,360.0,object,0.06636325323057889
v35,C++,ocr_only,6,300.0,360.0,constructor,0.01913635092015996
v35,C++,ocr_only,6,300.0,360.0,inheritance,0.011848193968893394
v35,C++,ocr_only,6,300.0,360.0,polymorphism,0.01875209190228218
v35,C++,ocr_only,6,300.0,360.0,template,0.12437295563231521
v35,C++,ocr_only,7,360.0,420.0,variable,0.033677726220904376
v35,C++,ocr_only,7,360.0,420.0,data type,0.025788313395607377
v35,C++,ocr_only,7,360.0,420.0,pointer,0.019459124185403714
v35,C++,ocr_only,7,360.0,420.0,reference,0.1730016477081359
v35,C++,ocr_only,7,360.0,420.0,class,0.015568821503952356
v35,C++,ocr_only,7,360.0,420.0,object,0.05635247124682872
v35,C++,ocr_only,7,360.0,420.0,constructor,0.015364587218666157
v35,C++,ocr_only,7,360.0,420.0,inheritance,0.01316669492536997
v35,C++,ocr_only,7,360.0,420.0,polymorphism,0.013830113738894515
v35,C++,ocr_only,7,360.0,420.0,template,0.11392329456634155
v35,C++,ocr_only,8,420.0,480.0,variable,0.7034828021146715
v35,C++,ocr_only,8,420.0,480.0,data type,0.14297115149204465
v35,C++,ocr_only,8,420.0,480.0,pointer,0.5124436906765881
v35,C++,ocr_only,8,420.0,480.0,reference,0.6163636643360346
v35,C++,ocr_only,8,420.0,480.0,class,0.012989030810812834
v35,C++,ocr_only,8,420.0,480.0,object,-0.011726085439899819
v35,C++,ocr_only,8,420.0,480.0,constructor,-0.01249813809141295
v35,C++,ocr_only,8,420.0,480.0,inheritance,0.05271596954020974
v35,C++,ocr_only,8,420.0,480.0,polymorphism,0.17885271009648937
v35,C++,ocr_only,8,420.0,480.0,template,-0.020475968056222375
v35,C++,ocr_only,9,480.0,540.0,variable,0.7137678179900364
v35,C++,ocr_only,9,480.0,540.0,data type,0.14154210316547353
v35,C++,ocr_only,9,480.0,540.0,pointer,0.5268604676947977
v35,C++,ocr_only,9,480.0,540.0,reference,0.6346554978992707
v35,C++,ocr_only,9,480.0,540.0,class,0.013253583558338878
v35,C++,ocr_only,9,480.0,540.0,object,-0.0040609254512320005
v35,C++,ocr_only,9,480.0,540.0,constructor,-0.017863235039785267
v35,C++,ocr_only,9,480.0,540.0,inheritance,0.05437382294313352
v35,C++,ocr_only,9,480.0,540.0,polymorphism,0.19909486326001333
v35,C++,ocr_only,9,480.0,540.0,template,-0.03937880721439795
v36,C++,ocr_only,1,0.0,60.0,variable,-0.04552752602025091
v36,C++,ocr_only,1,0.0,60.0,data type,-0.005670877636342344
v36,C++,ocr_only,1,0.0,60.0,pointer,0.10109083003457071
v36,C++,ocr_only,1,0.0,60.0,reference,-0.09407214184089056
v36,C++,ocr_only,1,0.0,60.0,class,-0.015314511381228513
v36,C++,ocr_only,1,0.0,60.0,object,-0.035009186910823796
v36,C++,ocr_only,1,0.0,60.0,constructor,-0.009495539998414683
v36,C++,ocr_only,1,0.0,60.0,inheritance,0.008384149660055393
v36,C++,ocr_only,1,0.0,60.0,polymorphism,-0.02166190974388184
v36,C++,ocr_only,1,0.0,60.0,template,0.09479618195994191
v37,C++,ocr_only,1,0.0,60.0,variable,-0.02273553049796154
v37,C++,ocr_only,1,0.0,60.0,data type,-0.04827599868458301
v37,C++,ocr_only,1,0.0,60.0,pointer,-0.00586981762260425
v37,C++,ocr_only,1,0.0,60.0,reference,0.013887106697102058
v37,C++,ocr_only,1,0.0,60.0,class,-0.03652926316961561
v37,C++,ocr_only,1,0.0,60.0,object,0.0027789178528045597
v37,C++,ocr_only,1,0.0,60.0,constructor,0.016828348599102046
v37,C++,ocr_only,1,0.0,60.0,inheritance,-0.020142359671549325
v37,C++,ocr_only,1,0.0,60.0,polymorphism,-0.01498680407590951
v37,C++,ocr_only,1,0.0,60.0,template,-0.017097041529961332
v37,C++,ocr_only,2,60.0,120.0,variable,0.007326518902435758
v37,C++,ocr_only,2,60.0,120.0,data type,0.006869807781755301
v37,C++,ocr_only,2,60.0,120.0,pointer,-0.010777046503673402
v37,C++,ocr_only,2,60.0,120.0,reference,0.006101688101500943
v37,C++,ocr_only,2,60.0,120.0,class,0.005233094160420592
v37,C++,ocr_only,2,60.0,120.0,object,-0.003373418006134018
v37,C++,ocr_only,2,60.0,120.0,constructor,-0.004402143148788977
v37,C++,ocr_only,2,60.0,120.0,inheritance,-0.0028636080877193566
v37,C++,ocr_only,2,60.0,120.0,polymorphism,-0.005234794809683315
v37,C++,ocr_only,2,60.0,120.0,template,0.004235165667215716
v38,C++,ocr_only,1,0.0,60.0,variable,-0.004934923654289294
v38,C++,ocr_only,1,0.0,60.0,data type,-0.031889624414801775
v38,C++,ocr_only,1,0.0,60.0,pointer,0.0426307900264754
v38,C++,ocr_only,1,0.0,60.0,reference,0.02697601911772511
v38,C++,ocr_only,1,0.0,60.0,class,0.009021773448275509
v38,C++,ocr_only,1,0.0,60.0,object,-0.018045295119100743
v38,C++,ocr_only,1,0.0,60.0,constructor,-0.041410122417250846
v38,C++,ocr_only,1,0.0,60.0,inheritance,0.015611486519984705
v38,C++,ocr_only,1,0.0,60.0,polymorphism,0.024354884570351676
v38,C++,ocr_only,1,0.0,60.0,template,0.021867345461456036
v38,C++,ocr_only,2,60.0,120.0,variable,-0.017580897828269347
v38,C++,ocr_only,2,60.0,120.0,data type,0.003172768736953419
v38,C++,ocr_only,2,60.0,120.0,pointer,0.007182564016227345
v38,C++,ocr_only,2,60.0,120.0,reference,-0.0011115870296297952
v38,C++,ocr_only,2,60.0,120.0,class,0.08202230766786454
v38,C++,ocr_only,2,60.0,120.0,object,0.052902485694672007
v38,C++,ocr_only,2,60.0,120.0,constructor,0.0770030090974209
v38,C++,ocr_only,2,60.0,120.0,inheritance,0.05816336219120987
v38,C++,ocr_only,2,60.0,120.0,polymorphism,-0.006287159122554583
v38,C++,ocr_only,2,60.0,120.0,template,-0.00028608225200683874
v38,C++,ocr_only,3,120.0,180.0,variable,-0.004095893056970911
v38,C++,ocr_only,3,120.0,180.0,data type,-0.018009876529885713
v38,C++,ocr_only,3,120.0,180.0,pointer,0.009544834052115383
v38,C++,ocr_only,3,120.0,180.0,reference,-0.015382039327637705
v38,C++,ocr_only,3,120.0,180.0,class,0.024727151720510435
v38,C++,ocr_only,3,120.0,180.0,object,0.007696802344612873
v38,C++,ocr_only,3,120.0,180.0,constructor,0.016378847027194082
v38,C++,ocr_only,3,120.0,180.0,inheritance,0.012683790701220174
v38,C++,ocr_only,3,120.0,180.0,polymorphism,-0.0032750977448465454
v38,C++,ocr_only,3,120.0,180.0,template,0.0005624437651117812
v38,C++,ocr_only,4,180.0,240.0,variable,-0.003243688870654027
v38,C++,ocr_only,4,180.0,240.0,data type,-0.01102701476260913
v38,C++,ocr_only,4,180.0,240.0,pointer,0.015289957506710002
v38,C++,ocr_only,4,180.0,240.0,reference,-0.017419209410733077
v38,C++,ocr_only,4,180.0,240.0,class,0.024423536721491258
v38,C++,ocr_only,4,180.0,240.0,object,0.010018237875703035
v38,C++,ocr_only,4,180.0,240.0,constructor,0.014271085061493206
v38,C++,ocr_only,4,180.0,240.0,inheritance,0.010452862948049103
v38,C++,ocr_only,4,180.0,240.0,polymorphism,-0.0004897286143228449
v38,C++,ocr_only,4,180.0,240.0,template,-0.0004784142815256146
v38,C++,ocr_only,5,240.0,300.0,variable,-0.004340760812043486
v38,C++,ocr_only,5,240.0,300.0,data type,0.0002615479789194835
v38,C++,ocr_only,5,240.0,300.0,pointer,0.01136319282582071
v38,C++,ocr_only,5,240.0,300.0,reference,-0.013745906184975646
v38,C++,ocr_only,5,240.0,300.0,class,0.04210790098457745
v38,C++,ocr_only,5,240.0,300.0,object,0.021230195828351624
v38,C++,ocr_only,5,240.0,300.0,constructor,0.029791341213844656
v38,C++,ocr_only,5,240.0,300.0,inheritance,0.02094043279019966
v38,C++,ocr_only,5,240.0,300.0,polymorphism,0.0011816349622828103
v38,C++,ocr_only,5,240.0,300.0,template,0.0003774304852287292
v38,C++,ocr_only,6,300.0,360.0,variable,-0.005861511839441978
v38,C++,ocr_only,6,300.0,360.0,data type,-0.031253572767955526
v38,C++,ocr_only,6,300.0,360.0,pointer,-0.06858959839573785
v38,C++,ocr_only,6,300.0,360.0,reference,0.024090997318526503
v38,C++,ocr_only,6,300.0,360.0,class,-0.06867531749656874
v38,C++,ocr_only,6,300.0,360.0,object,-0.028640440199848856
v38,C++,ocr_only,6,300.0,360.0,constructor,0.0235205451360146
v38,C++,ocr_only,6,300.0,360.0,inheritance,-0.07251653863229904
v38,C++,ocr_only,6,300.0,360.0,polymorphism,-0.020259260849918075
v38,C++,ocr_only,6,300.0,360.0,template,0.009485625350318891
v38,C++,ocr_only,7,360.0,420.0,variable,-0.004167759826158566
v38,C++,ocr_only,7,360.0,420.0,data type,0.003519327881780492
v38,C++,ocr_only,7,360.0,420.0,pointer,0.007001249637588575
v38,C++,ocr_only,7,360.0,420.0,reference,-0.012744960582136419
v38,C++,ocr_only,7,360.0,420.0,class,0.03893087289804695
v38,C++,ocr_only,7,360.0,420.0,object,0.021282595918049346
v38,C++,ocr_only,7,360.0,420.0,constructor,0.026720144987297422
v38,C++,ocr_only,7,360.0,420.0,inheritance,0.01780271811585942
v38,C++,ocr_only,7,360.0,420.0,polymorphism,-0.0005338389420114459
v38,C++,ocr_only,7,360.0,420.0,template,-5.641983296754298e-05
v38,C++,ocr_only,8,420.0,480.0,variable,-0.10547489120286734
v38,C++,ocr_only,8,420.0,480.0,data type,-0.06070985865901596
v38,C++,ocr_only,8,420.0,480.0,pointer,0.01020965915335444
v38,C++,ocr_only,8,420.0,480.0,reference,0.029986662715508334
v38,C++,ocr_only,8,420.0,480.0,class,-0.053784388432549256
v38,C++,ocr_only,8,420.0,480.0,object,-0.014763726942048165
v38,C++,ocr_only,8,420.0,480.0,constructor,0.018836248541955213
v38,C++,ocr_only,8,420.0,480.0,inheritance,-0.0020472718013304575
v38,C++,ocr_only,8,420.0,480.0,polymorphism,0.04672357152372204
v38,C++,ocr_only,8,420.0,480.0,template,0.030929122417039944
v39,C++,ocr_only,1,0.0,60.0,variable,0.05496906233372812
v39,C++,ocr_only,1,0.0,60.0,data type,0.09710677294374387
v39,C++,ocr_only,1,0.0,60.0,pointer,-0.016004427091044538
v39,C++,ocr_only,1,0.0,60.0,reference,0.06394915636548419
v39,C++,ocr_only,1,0.0,60.0,class,0.07835472819192538
v39,C++,ocr_only,1,0.0,60.0,object,-0.0024789870984771745
v39,C++,ocr_only,1,0.0,60.0,constructor,0.12763026968200963
v39,C++,ocr_only,1,0.0,60.0,inheritance,-0.021500089415665346
v39,C++,ocr_only,1,0.0,60.0,polymorphism,-0.02626803543727982
v39,C++,ocr_only,1,0.0,60.0,template,0.0866775056911462
v39,C++,ocr_only,2,60.0,120.0,variable,0.03421119777508885
v39,C++,ocr_only,2,60.0,120.0,data type,0.01859708298885032
v39,C++,ocr_only,2,60.0,120.0,pointer,0.014295239065337027
v39,C++,ocr_only,2,60.0,120.0,reference,0.015049655407909887
v39,C++,ocr_only,2,60.0,120.0,class,0.10465772878504982
v39,C++,ocr_only,2,60.0,120.0,object,0.03645333920074236
v39,C++,ocr_only,2,60.0,120.0,constructor,0.12409877115480218
v39,C++,ocr_only,2,60.0,120.0,inheritance,0.02938099218131438
v39,C++,ocr_only,2,60.0,120.0,polymorphism,0.019910193356022027
v39,C++,ocr_only,2,60.0,120.0,template,0.05159048511263651
v39,C++,ocr_only,3,120.0,180.0,variable,0.030034983238173166
v39,C++,ocr_only,3,120.0,180.0,data type,0.004866060832029527
v39,C++,ocr_only,3,120.0,180.0,pointer,0.01705448244598363
v39,C++,ocr_only,3,120.0,180.0,reference,0.004287595147421744
v39,C++,ocr_only,3,120.0,180.0,class,0.09221077508211696
v39,C++,ocr_only,3,120.0,180.0,object,0.033333156393335645
v39,C++,ocr_only,3,120.0,180.0,constructor,0.10465394153736425
v39,C++,ocr_only,3,120.0,180.0,inheritance,0.021003936875388804
v39,C++,ocr_only,3,120.0,180.0,polymorphism,0.02365719131595891
v39,C++,ocr_only,3,120.0,180.0,template,0.038190627341589366
v39,C++,ocr_only,4,180.0,240.0,variable,0.03064010150961679
v39,C++,ocr_only,4,180.0,240.0,data type,0.007228079761115887
v39,C++,ocr_only,4,180.0,240.0,pointer,0.02079277485038272
v39,C++,ocr_only,4,180.0,240.0,reference,0.0019799352131477464
v39,C++,ocr_only,4,180.0,240.0,class,0.09786898058116875
v39,C++,ocr_only,4,180.0,240.0,object,0.036768182617924625
v39,C++,ocr_only,4,180.0,240.0,constructor,0.10889915070257074
v39,C++,ocr_only,4,180.0,240.0,inheritance,0.0314482062909404
v39,C++,ocr_only,4,180.0,240.0,polymorphism,0.024804313538480473
v39,C++,ocr_only,4,180.0,240.0,template,0.03935036701780774
v39,C++,ocr_only,5,240.0,300.0,variable,0.026896621114738527
v39,C++,ocr_only,5,240.0,300.0,data type,0.0017011484695650043
v39,C++,ocr_only,5,240.0,300.0,pointer,0.020033817659703648
v39,C++,ocr_only,5,240.0,300.0,reference,-8.815070489820788e-05
v39,C++,ocr_only,5,240.0,300.0,class,0.09731265878312517
v39,C++,ocr_only,5,240.0,300.0,object,0.031481732869887126
v39,C++,ocr_only,5,240.0,300.0,constructor,0.09023897804608434
v39,C++,ocr_only,5,240.0,300.0,inheritance,0.05455570474005943
v39,C++,ocr_only,5,240.0,300.0,polymorphism,0.018641627233626754
v39,C++,ocr_only,5,240.0,300.0,template,0.024647901236203567
v39,C++,ocr_only,6,300.0,360.0,variable,0.02826084234667961
v39,C++,ocr_only,6,300.0,360.0,data type,0.010403033752074908
v39,C++,ocr_only,6,300.0,360.0,pointer,0.009437396914568557
v39,C++,ocr_only,6,300.0,360.0,reference,0.018116065877875273
v39,C++,ocr_only,6,300.0,360.0,class,0.09299570109056382
v39,C++,ocr_only,6,300.0,360.0,object,0.03156585421502527
v39,C++,ocr_only,6,300.0,360.0,constructor,0.08204749234185121
v39,C++,ocr_only,6,300.0,360.0,inheritance,0.034626150437015196
v39,C++,ocr_only,6,300.0,360.0,polymorphism,0.006336437247480787
v39,C++,ocr_only,6,300.0,360.0,template,0.02424701253307609
v39,C++,ocr_only,7,360.0,420.0,variable,0.023628703085548115
v39,C++,ocr_only,7,360.0,420.0,data type,0.017219954965473443
v39,C++,ocr_only,7,360.0,420.0,pointer,-0.0026464783028147853
v39,C++,ocr_only,7,360.0,420.0,reference,0.021678753839083516
v39,C++,ocr_only,7,360.0,420.0,class,0.08037037130951875
v39,C++,ocr_only,7,360.0,420.0,object,0.029547350696311654
v39,C++,ocr_only,7,360.0,420.0,constructor,0.062047068467037524
v39,C++,ocr_only,7,360.0,420.0,inheritance,0.02757172530701923
v39,C++,ocr_only,7,360.0,420.0,polymorphism,-0.008271907702970158
v39,C++,ocr_only,7,360.0,420.0,template,0.028380918358473946
v39,C++,ocr_only,8,420.0,480.0,variable,0.009184952647490752
v39,C++,ocr_only,8,420.0,480.0,data type,0.015797580034173517
v39,C++,ocr_only,8,420.0,480.0,pointer,-0.015827554083318218
v39,C++,ocr_only,8,420.0,480.0,reference,0.03455618101409022
v39,C++,ocr_only,8,420.0,480.0,class,0.051141927275540185
v39,C++,ocr_only,8,420.0,480.0,object,0.019737603275330237
v39,C++,ocr_only,8,420.0,480.0,constructor,0.02212346459177319
v39,C++,ocr_only,8,420.0,480.0,inheritance,0.020211651443864935
v39,C++,ocr_only,8,420.0,480.0,polymorphism,-0.02642565454277871
v39,C++,ocr_only,8,420.0,480.0,template,0.011775226414253203
v39,C++,ocr_only,9,480.0,540.0,variable,0.012029692493981088
v39,C++,ocr_only,9,480.0,540.0,data type,0.013116870052783225
v39,C++,ocr_only,9,480.0,540.0,pointer,-0.012500239264928853
v39,C++,ocr_only,9,480.0,540.0,reference,0.027533470695955825
v39,C++,ocr_only,9,480.0,540.0,class,0.05087804631639113
v39,C++,ocr_only,9,480.0,540.0,object,0.019123224260462493
v39,C++,ocr_only,9,480.0,540.0,constructor,0.028441026792646238
v39,C++,ocr_only,9,480.0,540.0,inheritance,0.016558591610816086
v39,C++,ocr_only,9,480.0,540.0,polymorphism,-0.02151255687242222
v39,C++,ocr_only,9,480.0,540.0,template,0.018051207196231565
v39,C++,ocr_only,10,540.0,600.0,variable,0.018964791649170906
v39,C++,ocr_only,10,540.0,600.0,data type,0.026232086196109068
v39,C++,ocr_only,10,540.0,600.0,pointer,-0.013856514208090696
v39,C++,ocr_only,10,540.0,600.0,reference,0.03697836452184546
v39,C++,ocr_only,10,540.0,600.0,class,0.07379322150694441
v39,C++,ocr_only,10,540.0,600.0,object,0.02741879182149378
v39,C++,ocr_only,10,540.0,600.0,constructor,0.04978403737518098
v39,C++,ocr_only,10,540.0,600.0,inheritance,0.024731831274620215
v39,C++,ocr_only,10,540.0,600.0,polymorphism,-0.020113697961824734
v39,C++,ocr_only,10,540.0,600.0,template,0.018283096250886918
v40,C++,ocr_only,1,0.0,60.0,variable,-0.00596861515946641
v40,C++,ocr_only,1,0.0,60.0,data type,-0.03838635434054798
v40,C++,ocr_only,1,0.0,60.0,pointer,-0.04250624595826596
v40,C++,ocr_only,1,0.0,60.0,reference,0.018328805491525796
v40,C++,ocr_only,1,0.0,60.0,class,-0.04790089915410951
v40,C++,ocr_only,1,0.0,60.0,object,-0.013695930807971948
v40,C++,ocr_only,1,0.0,60.0,constructor,0.03275517268572
v40,C++,ocr_only,1,0.0,60.0,inheritance,-0.06340735345650157
v40,C++,ocr_only,1,0.0,60.0,polymorphism,-0.019221982407978153
v40,C++,ocr_only,1,0.0,60.0,template,0.04307767909783431
